id,primary_level,levels,surface,reading_kana,alt_readings,meaning_ko,meaning_ko_variants,part_of_speech,entry_type,include_in_app,source_ids,source_entry_ids,source_entry_count,sections,existing_word_id,existing_level,qa_status,qa_note
w_20734b71d5df79ef,N5,N5,あし,あし,,"발, 다리","발, 다리",noun,word,1,pass_n5,pass_n5_p008_o0125,1,문맥 규정,w_20734b71d5df79ef,N5,verified,
w_7bd42a74b3f21cd5,N5,N5,あした,あした,,내일,내일,adverb,word,1,pass_n5,pass_n5_p008_o0126,1,문맥 규정,w_7bd42a74b3f21cd5,N5,verified,
w_54750cb36373fd36,N5,N5,あそぶ,あそぶ,,놀다,놀다,verb,word,1,pass_n5,pass_n5_p008_o0127,1,문맥 규정,w_54750cb36373fd36,N5,verified,
w_0d26f4ecd5bf00c4,N5,N5,あたたかい,あたたかい,,따뜻하다,따뜻하다,adjective,word,1,pass_n5,pass_n5_p008_o0128,1,문맥 규정,w_0d26f4ecd5bf00c4,N5,verified,
w_31babae8ff2696b9,N5,N5,あたらしい,あたらしい,,새롭다,새롭다,adjective,word,1,pass_n5,pass_n5_p008_o0129,1,문맥 규정,w_31babae8ff2696b9,N5,verified,
w_4c0800ab464a16af,N5,N5,あに,あに,,"오빠, 형","오빠, 형",noun,word,1,pass_n5,pass_n5_p008_o0130,1,문맥 규정,w_4c0800ab464a16af,N5,verified,
w_969c1949db151a59,N5,N5,あぶない,あぶない,,위험하다,위험하다,adjective,word,1,pass_n5,pass_n5_p008_o0132,1,문맥 규정,w_969c1949db151a59,N5,verified,
w_581fe312603d2f10,N5,N5,あまい,あまい,,달다,달다,adjective,word,1,pass_n5,pass_n5_p008_o0133,1,문맥 규정,w_581fe312603d2f10,N5,verified,
w_76d36dbae91cd174,N5,N5,あらう,あらう,,씻다,씻다,verb,word,1,pass_n5,pass_n5_p008_o0134,1,문맥 규정,w_76d36dbae91cd174,N5,verified,
w_deddb7435f3d9350,N5,N5,あるく,あるく,,걷다,걷다,verb,word,1,pass_n5,pass_n5_p008_o0135,1,문맥 규정,w_deddb7435f3d9350,N5,verified,
w_bc6fa5bc224dbef9,N5,N5;N4,いくら,いくら,,얼마(값),아무리;얼마(값),noun,word,1,pass_n4;pass_n5,pass_n4_p010_o0190;pass_n4_p024_o0377;pass_n5_p008_o0136,3,문맥 규정;용법,w_bc6fa5bc224dbef9,N5,verified,"pass_n4 용법 구역: 원본 보존, 앱 단어 목록 제외"
w_3884f3361dd5cc56,N5,N5,いそがしい,いそがしい,,바쁘다,바쁘다,adjective,word,1,pass_n5,pass_n5_p008_o0137,1,문맥 규정,w_3884f3361dd5cc56,N5,verified,
w_a48055accfd30bcb,N5,N5,いたい,いたい,,아프다,아프다,noun,word,1,pass_n5,pass_n5_p008_o0138,1,문맥 규정,w_a48055accfd30bcb,N5,verified,
w_6313f9284b018464,N5,N5,いちだい,いちだい,,한 대(자전거),한 대(자전거),noun,word,1,pass_n5,pass_n5_p008_o0139;pass_n5_p008_o0140,2,문맥 규정,w_6313f9284b018464,N5,verified,
w_7391edd8a2c4c832,N5,N5,いちど,いちど,,한 번,한 번,adverb,word,1,pass_n5,pass_n5_p008_o0141,1,문맥 규정,w_7391edd8a2c4c832,N5,verified,
w_dd5441408bb2d6e5,N5,N5,いつつ,いつつ,,"다섯, 다섯 개","다섯, 다섯 개",numeral,word,1,pass_n5,pass_n5_p008_o0142,1,문맥 규정,w_dd5441408bb2d6e5,N5,verified,
w_72ca2a9c4ae1017a,N5,N5,いぬ,いぬ,,개,개,noun,word,1,pass_n5,pass_n5_p008_o0143,1,문맥 규정,w_72ca2a9c4ae1017a,N5,verified,
w_8d91f549cf7aaf0c,N5,N5,いれる,いれる,,넣다,넣다,verb,word,1,pass_n5,pass_n5_p008_o0144,1,문맥 규정,w_8d91f549cf7aaf0c,N5,verified,
w_8d8468b11a0a1fa9,N5,N5,いろいろ,いろいろ,,여러 가지임,여러 가지임,adjective,word,1,pass_n5,pass_n5_p008_o0145,1,문맥 규정,w_8d8468b11a0a1fa9,N5,verified,
w_f70f47a2eb8d0348,N5,N5,うすい,うすい,,얇다,얇다,adjective,word,1,pass_n5,pass_n5_p008_o0146,1,문맥 규정,w_f70f47a2eb8d0348,N5,verified,
w_17b789a30464c292,N5,N5,うまれる,うまれる,,태어나다,태어나다,verb,word,1,pass_n5,pass_n5_p008_o0147,1,문맥 규정,w_17b789a30464c292,N5,verified,
w_1a3198f41e5aabef,N5,N5,えらぶ,えらぶ,,"고르다, 선택하다","고르다, 선택하다",verb,word,1,pass_n5,pass_n5_p008_o0148,1,문맥 규정,w_1a3198f41e5aabef,N5,verified,
w_8d966401d98ece25,N5,N5,おいしい,おいしい,,맛있다,맛있다,adjective,word,1,pass_n5,pass_n5_p008_o0150,1,문맥 규정,w_8d966401d98ece25,N5,verified,
w_b44959bb47bfe991,N5,N5,おおぜい,おおぜい,,많이,많이,noun,word,1,pass_n5,pass_n5_p008_o0151,1,문맥 규정,w_b44959bb47bfe991,N5,verified,
w_1b21326fcb2d8421,N5,N5,おきる,おきる,,일어나다,일어나다,verb,word,1,pass_n5,pass_n5_p008_o0152,1,문맥 규정,w_1b21326fcb2d8421,N5,verified,
w_794b4334a01909b6,N5,N5,おく,おく,,"놓다, 두다","놓다, 두다",noun,word,1,pass_n5,pass_n5_p008_o0153,1,문맥 규정,w_794b4334a01909b6,N5,verified,
w_9f4bac962871acc8,N5,N5,おじさん,おじさん,,"아저씨, 삼촌","아저씨, 삼촌",noun,word,1,pass_n5,pass_n5_p008_o0154,1,문맥 규정,w_9f4bac962871acc8,N5,verified,
w_be0c2a8c15c51508,N5,N5,おす,おす,,"누르다, 밀다","누르다, 밀다",expression,word,1,pass_n5,pass_n5_p008_o0155,1,문맥 규정,w_be0c2a8c15c51508,N5,verified,
w_7c2fb518a9047447,N5,N5,おととし,おととし,,재작년,재작년,noun,word,1,pass_n5,pass_n5_p009_o0156,1,문맥 규정,w_7c2fb518a9047447,N5,verified,
w_e2505ce2fcaf3d73,N5,N5,おとな,おとな,,어른,어른,adjective,word,1,pass_n5,pass_n5_p009_o0157,1,문맥 규정,w_e2505ce2fcaf3d73,N5,verified,
w_b98ec43cc7ba192f,N5,N5,おふろにはいる,おふろにはいる,,목욕하다,목욕하다,verb,word,1,pass_n5,pass_n5_p009_o0158,1,문맥 규정,w_b98ec43cc7ba192f,N5,verified,
w_f7ee39d72844c141,N5,N5,おぼえる,おぼえる,,"기억하다, 암기하다","기억하다, 암기하다",verb,word,1,pass_n5,pass_n5_p009_o0159,1,문맥 규정,w_f7ee39d72844c141,N5,verified,
w_99c47cc1df2be37c,N5,N5,おもい,おもい,,무겁다,무겁다,adjective,word,1,pass_n5,pass_n5_p009_o0160,1,문맥 규정,w_99c47cc1df2be37c,N5,verified,
w_5c2d9927c4fbe888,N5,N5,おもしろい,おもしろい,,재미있다,재미있다,adjective,word,1,pass_n5,pass_n5_p009_o0161,1,문맥 규정,w_5c2d9927c4fbe888,N5,verified,
w_17c2769bec0dd3c4,N5,N5,およぐ,およぐ,,헤엄치다,헤엄치다,verb,word,1,pass_n5,pass_n5_p009_o0162,1,문맥 규정,w_17c2769bec0dd3c4,N5,verified,
w_3c8a052098392b1a,N5,N5,おりる,おりる,,내리다,내리다,verb,word,1,pass_n5,pass_n5_p009_o0163,1,문맥 규정,w_3c8a052098392b1a,N5,verified,
w_3b0299bf8a99dffb,N5,N5,お金,おかね,,돈,돈,noun,word,1,pass_n5,pass_n5_p004_o0012,1,한자 읽기,w_3b0299bf8a99dffb,N5,verified,
w_4a7bd63718f4b15d,N5,N5,かう,かう,,"사다, 구입하다","사다, 구입하다",verb,word,1,pass_n5,pass_n5_p009_o0164,1,문맥 규정,w_4a7bd63718f4b15d,N5,verified,
w_0500788ad7f74945,N5,N5,かえす,かえす,,되돌려주다,되돌려주다,verb,word,1,pass_n5,pass_n5_p009_o0165,1,문맥 규정,w_0500788ad7f74945,N5,verified,
w_3c9e0c4d130ffe55,N5,N5;N3,かかる,かかる,,"(시간·비용이) 들다, 걸리다","걸리다;(시간·비용이) 들다, 걸리다",verb,word,1,pass_n3;pass_n5,pass_n3_p010_o0254;pass_n5_p009_o0166,2,문맥 규정,w_3c9e0c4d130ffe55,N5,verified,
w_44191f7e02bdbca4,N5,N5,かける,かける,,(안경을) 쓰다,(안경을) 쓰다,verb,word,1,pass_n5,pass_n5_p009_o0167,1,문맥 규정,w_44191f7e02bdbca4,N5,verified,
w_e08e5b558857d76c,N5,N5,かぜ,かぜ,,감기,감기,noun,word,1,pass_n5,pass_n5_p009_o0168,1,문맥 규정,w_e08e5b558857d76c,N5,verified,
w_03bf1e956aafced1,N5,N5,かぜをひく,かぜをひく,,감기에 들다,감기에 들다,verb,word,1,pass_n5,pass_n5_p009_o0169,1,문맥 규정,w_03bf1e956aafced1,N5,verified,
w_208233a335ee5617,N5,N5,かぞく,かぞく,,가족,가족,noun,word,1,pass_n5,pass_n5_p009_o0170,1,문맥 규정,w_208233a335ee5617,N5,verified,
w_58075cd1141bf75e,N5,N5,かど,かど,,모퉁이,모퉁이,adjective,word,1,pass_n5,pass_n5_p009_o0171,1,문맥 규정,w_58075cd1141bf75e,N5,verified,
w_912a89defaf6cfee,N5,N5,かぶる,かぶる,,(모자를) 쓰다,(모자를) 쓰다,verb,word,1,pass_n5,pass_n5_p009_o0172,1,문맥 규정,w_912a89defaf6cfee,N5,verified,
w_1890c7a3bfe4781f,N5,N5,からい,からい,,맵다,맵다,adjective,word,1,pass_n5,pass_n5_p009_o0173,1,문맥 규정,w_1890c7a3bfe4781f,N5,verified,
w_35d37fc58d80467b,N5,N5,きたない,きたない,,"더럽다, 지저분하다","더럽다, 지저분하다",adjective,word,1,pass_n5,pass_n5_p009_o0175;pass_n5_p009_o0180,2,문맥 규정,w_35d37fc58d80467b,N5,verified,
w_e1b4921bc5902b92,N5,N5,きって,きって,,우표,우표,noun,word,1,pass_n5,pass_n5_p009_o0176;pass_n5_p009_o0181,2,문맥 규정,w_e1b4921bc5902b92,N5,verified,
w_7233f2e9e3f48a80,N5,N5,きっぷ,きっぷ,,"표, 티켓","표, 티켓",noun,word,1,pass_n5,pass_n5_p009_o0177;pass_n5_p009_o0182,2,문맥 규정,w_7233f2e9e3f48a80,N5,verified,
w_fa01e280023d6933,N5,N5,きる,きる,,자르다,자르다,verb,word,1,pass_n5,pass_n5_p009_o0178;pass_n5_p009_o0183,2,문맥 규정,w_fa01e280023d6933,N5,verified,
w_8cc945ebe05fb345,N5,N5,くらい,くらい,,어둡다,어둡다,adjective,word,1,pass_n5,pass_n5_p009_o0179;pass_n5_p009_o0184,2,문맥 규정,w_8cc945ebe05fb345,N5,verified,
w_4a71718d7be3875a,N5,N5,けす,けす,,(불을) 끄다,(불을) 끄다,verb,word,1,pass_n5,pass_n5_p010_o0185,1,문맥 규정,w_4a71718d7be3875a,N5,verified,
w_31df4b7ee4f99920,N5,N5,けっこう,けっこう,,"충분함, 이제 됐음","충분함, 이제 됐음",verb,word,1,pass_n5,pass_n5_p010_o0186,1,문맥 규정,w_31df4b7ee4f99920,N5,verified,
w_44bc31f10823f315,N5,N5,けっこんする,けっこんする,,결혼하다,결혼하다,verb,word,1,pass_n5,pass_n5_p010_o0187,1,문맥 규정,w_44bc31f10823f315,N5,verified,
w_e3e2e1235da0170b,N5,N5,げんき,げんき,,건강함,건강함,adjective,word,1,pass_n5,pass_n5_p010_o0188,1,문맥 규정,w_e3e2e1235da0170b,N5,verified,
w_cea1a4546e3779a7,N5,N5,こうえん,こうえん,,공원,공원,noun,word,1,pass_n5,pass_n5_p010_o0189,1,문맥 규정,w_cea1a4546e3779a7,N5,verified,
w_b36e1365aa1b125e,N5,N5,こうちゃ,こうちゃ,,홍차,홍차,noun,word,1,pass_n5,pass_n5_p010_o0190,1,문맥 규정,w_b36e1365aa1b125e,N5,verified,
w_2b11811c35f6554d,N5,N5,こちら,こちら,,"이쪽, 이 분, 이 사람","이쪽, 이 분, 이 사람",pronoun,word,1,pass_n5,pass_n5_p010_o0192,1,문맥 규정,w_2b11811c35f6554d,N5,verified,
w_b685581646830d57,N5,N5,こちらこそ,こちらこそ,,저야말로,저야말로,expression,word,1,pass_n5,pass_n5_p010_o0193,1,문맥 규정,w_b685581646830d57,N5,verified,
w_946af014ad2b6ee1,N5,N5,ごちそうさま,ごちそうさま,,잘 먹었습니다,잘 먹었습니다,interjection,word,1,pass_n5,pass_n5_p010_o0191,1,문맥 규정,w_946af014ad2b6ee1,N5,verified,
w_232fd4c69bca3059,N5,N5,さす,さす,,"(우산을) 쓰다, 받다","(우산을) 쓰다, 받다",verb,word,1,pass_n5,pass_n5_p010_o0194,1,문맥 규정,w_232fd4c69bca3059,N5,verified,
w_7ce478d1c4361987,N5,N5,さんかい,さんかい,,"3회, 세 번","3회, 세 번",noun,word,1,pass_n5,pass_n5_p010_o0195,1,문맥 규정,w_7ce478d1c4361987,N5,verified,
w_b24621b76259caa8,N5,N5,さんさつ,さんさつ,,세 권(책),세 권(책),counter,word,1,pass_n5,pass_n5_p010_o0196,1,문맥 규정,w_b24621b76259caa8,N5,verified,
w_b378eb40b444bf6e,N5,N5,しずかに,しずかに,,조용히,조용히,adverb,word,1,pass_n5,pass_n5_p010_o0198,1,문맥 규정,w_b378eb40b444bf6e,N5,verified,
w_59c56506badd0309,N5,N5,しつもんする,しつもんする,,질문하다,질문하다,verb,word,1,pass_n5,pass_n5_p010_o0199,1,문맥 규정,w_59c56506badd0309,N5,verified,
w_8599f01b62ec3b89,N5,N5,しめる,しめる,,(문을) 닫다,(문을) 닫다,verb,word,1,pass_n5,pass_n5_p010_o0200,1,문맥 규정,w_8599f01b62ec3b89,N5,verified,
w_05806d8778786e6e,N5,N5,しゃしん,しゃしん,,사진,사진,noun,word,1,pass_n5,pass_n5_p010_o0201,1,문맥 규정,w_05806d8778786e6e,N5,verified,
w_1dc2a01d84d091eb,N5,N5,しんぶんをよむ,しんぶんをよむ,,신문을 읽다,신문을 읽다,,word,1,pass_n5,pass_n5_p010_o0205,1,문맥 규정,,,verified,
w_b621bc708ba80edb,N5,N5,じしょ,じしょ,,사전,사전,noun,word,1,pass_n5,pass_n5_p010_o0197,1,문맥 규정,w_b621bc708ba80edb,N5,verified,
w_ae4c2c199424ca13,N5,N5,じょうず,じょうず,,"능숙함, 잘함","능숙함, 잘함",adjective,word,1,pass_n5,pass_n5_p010_o0203,1,문맥 규정,w_ae4c2c199424ca13,N5,verified,
w_85f9dd6060389151,N5,N5,じょうぶ,じょうぶ,,튼튼함,튼튼함,noun,word,1,pass_n5,pass_n5_p010_o0204,1,문맥 규정,w_85f9dd6060389151,N5,verified,
w_e7f652ae64d8d30e,N5,N5,すう,すう,,(담배를) 피우다,(담배를) 피우다,verb,word,1,pass_n5,pass_n5_p010_o0206,1,문맥 규정,w_e7f652ae64d8d30e,N5,verified,
w_8d6e887ea2a8b1d8,N5,N5,すき,すき,,좋아함,좋아함,noun,word,1,pass_n5,pass_n5_p010_o0208,1,문맥 규정,w_8d6e887ea2a8b1d8,N5,verified,
w_825bad35884b199b,N5,N5,すぐに,すぐに,,"곧, 바로","곧, 바로",adverb,word,1,pass_n5,pass_n5_p010_o0210,1,문맥 규정,w_825bad35884b199b,N5,verified,
w_1f3b58708b016b7f,N5,N5,そば,そば,,"옆, 곁","옆, 곁",noun,word,1,pass_n5,pass_n5_p010_o0213,1,문맥 규정,w_1f3b58708b016b7f,N5,verified,
w_035875c57095c84d,N5,N5,それでは,それでは,,그럼,그럼,conjunction,word,1,pass_n5,pass_n5_p010_o0214,1,문맥 규정,w_035875c57095c84d,N5,verified,
w_655c49430ab10602,N5,N5,たいせつ,たいせつ,,"중요함, 소중함","중요함, 소중함",adjective,word,1,pass_n5,pass_n5_p011_o0216,1,문맥 규정,w_655c49430ab10602,N5,verified,
w_380dce933ba2841c,N5,N5,たいてい,たいてい,,대체로,대체로,adverb,word,1,pass_n5,pass_n5_p011_o0217,1,문맥 규정,w_380dce933ba2841c,N5,verified,
w_d631fd55fbc45d65,N5,N5,たいへん,たいへん,,"힘듦, 큰일임","힘듦, 큰일임",adverb,word,1,pass_n5,pass_n5_p011_o0218,1,문맥 규정,w_d631fd55fbc45d65,N5,verified,
w_35b6d26ef3b6e9a4,N5,N5,たくさん,たくさん,,많이,많이,adverb,word,1,pass_n5,pass_n5_p011_o0220,1,문맥 규정,w_35b6d26ef3b6e9a4,N5,verified,
w_e25c204a215c6bc5,N5,N5,たのしい,たのしい,,즐겁다,즐겁다,adjective,word,1,pass_n5,pass_n5_p011_o0221,1,문맥 규정,w_e25c204a215c6bc5,N5,verified,
w_579247e75349eed1,N5,N5,たぶん,たぶん,,아마,아마,noun,word,1,pass_n5,pass_n5_p011_o0222,1,문맥 규정,w_579247e75349eed1,N5,verified,
w_262ab17a9d5f3f78,N5,N5,だいじょうぶ,だいじょうぶ,,괜찮음,괜찮음,adjective,word,1,pass_n5,pass_n5_p011_o0215,1,문맥 규정,w_262ab17a9d5f3f78,N5,verified,
w_e1f8cbd438805e5e,N5,N5,だんだん,だんだん,,"점점, 점차","점점, 점차",interjection,word,1,pass_n5,pass_n5_p011_o0223,1,문맥 규정,w_e1f8cbd438805e5e,N5,verified,
w_38c3571b4d7aa01a,N5,N5,ちいさい,ちいさい,,작다,작다,adjective,word,1,pass_n5,pass_n5_p011_o0224,1,문맥 규정,w_38c3571b4d7aa01a,N5,verified,
w_995636b83892830d,N5,N5,ちかい,ちかい,,가깝다,가깝다,adjective,word,1,pass_n5,pass_n5_p011_o0225,1,문맥 규정,w_995636b83892830d,N5,verified,
w_d8b942a0bbdb88b3,N5,N5,ちがいます,ちがいます,,"아닙니다, 틀립니다","아닙니다, 틀립니다",expression,word,1,pass_n5,pass_n5_p011_o0226,1,문맥 규정,w_d8b942a0bbdb88b3,N5,verified,
w_4e598e988857cbcc,N5,N5,ちず,ちず,,지도,지도,noun,word,1,pass_n5,pass_n5_p011_o0227,1,문맥 규정,w_4e598e988857cbcc,N5,verified,
w_417e0e04947ef7f1,N5,N5,ちょうど,ちょうど,,"정각, 정확히","정각, 정확히",adverb,word,1,pass_n5,pass_n5_p011_o0228,1,문맥 규정,w_417e0e04947ef7f1,N5,verified,
w_f55e5f14ba3846ae,N5,N5;N3,つかれる,つかれる,,"피곤하다, 지치다","피로하다;피곤하다, 지치다",verb,word,1,pass_n3;pass_n5,pass_n3_p014_o0390;pass_n5_p011_o0229,2,유의어;문맥 규정,w_f55e5f14ba3846ae,N5,verified,"pass_n3 유의어 구역: 원본 보존, 앱 단어 목록 제외"
w_d09fc1ab6a37791a,N5,N5,つく,つく,,(전기가) 켜지다,(전기가) 켜지다,verb,word,1,pass_n5,pass_n5_p011_o0230,1,문맥 규정,w_d09fc1ab6a37791a,N5,verified,
w_923e439a3ee8ba0c,N5,N5,つめたい,つめたい,,차갑다,차갑다,adjective,word,1,pass_n5,pass_n5_p011_o0231,1,문맥 규정,w_923e439a3ee8ba0c,N5,verified,
w_d1ca2d4600b815b5,N5,N5,つよい,つよい,,"강하다, 세다","강하다, 세다",adjective,word,1,pass_n5,pass_n5_p011_o0232,1,문맥 규정,w_d1ca2d4600b815b5,N5,verified,
w_0ea9569520107931,N5,N5,てがみ,てがみ,,편지,편지,noun,word,1,pass_n5,pass_n5_p011_o0233,1,문맥 규정,w_0ea9569520107931,N5,verified,
w_cc4944533f0911af,N5,N5,てんき,てんき,,날씨,날씨,noun,word,1,pass_n5,pass_n5_p011_o0237,1,문맥 규정,w_cc4944533f0911af,N5,verified,
w_1da8dde639dcee40,N5,N5,でも,でも,,"하지만, 그렇지만","하지만, 그렇지만",conjunction,word,1,pass_n5,pass_n5_p011_o0235,1,문맥 규정,w_1da8dde639dcee40,N5,verified,
w_409c10a69baafd5f,N5,N5,でる,でる,,나가(오)다,나가(오)다,verb,word,1,pass_n5,pass_n5_p011_o0236,1,문맥 규정,w_409c10a69baafd5f,N5,verified,
w_9898d6dcfbf040cb,N5,N5,でんわ,でんわ,,전화,전화,verb,word,1,pass_n5,pass_n5_p011_o0238,1,문맥 규정,w_9898d6dcfbf040cb,N5,verified,
w_90e10f6847d27828,N5,N5,とおい,とおい,,멀다,멀다,adjective,word,1,pass_n5,pass_n5_p011_o0241,1,문맥 규정,w_90e10f6847d27828,N5,verified,
w_87351a3c5f2160a9,N5,N5,ときどき,ときどき,,때때로,때때로,adverb,word,1,pass_n5,pass_n5_p011_o0242,1,문맥 규정,w_87351a3c5f2160a9,N5,verified,
w_c01b591995b9335a,N5,N5,とぶ,とぶ,,날다,날다,verb,word,1,pass_n5,pass_n5_p011_o0244,1,문맥 규정,w_c01b591995b9335a,N5,verified,
w_76ee0a63fa5a65c7,N5,N5,とまる,とまる,,멈추다,멈추다,verb,word,1,pass_n5,pass_n5_p011_o0245,1,문맥 규정,w_76ee0a63fa5a65c7,N5,verified,
w_6ec2f5694292b36a,N5,N5,とる,とる,,"집다, 잡다","집다, 잡다;(사진·영화를) 찍다",verb,word,1,pass_n5,pass_n5_p012_o0246;pass_n5_p012_o0247,2,문맥 규정,w_6ec2f5694292b36a,N5,verified,
w_d8dcbb01e7e6526f,N5,N5,どういたしまして,どういたしまして,,천만에요,천만에요,interjection,word,1,pass_n5,pass_n5_p011_o0239,1,문맥 규정,w_d8dcbb01e7e6526f,N5,verified,
w_df4f6ee7671f5be7,N5,N5,どちら,どちら,,"어느 쪽, 어느 분","어느 쪽, 어느 분",pronoun,word,1,pass_n5,pass_n5_p011_o0243,1,문맥 규정,w_df4f6ee7671f5be7,N5,verified,
w_aba657db70bdb298,N5,N5,ならう,ならう,,"배우다, 익히다","배우다, 익히다",verb,word,1,pass_n5,pass_n5_p012_o0249,1,문맥 규정,w_aba657db70bdb298,N5,verified,
w_d75a2128ac2e3e18,N5,N5,ならべる,ならべる,,진열하다,진열하다,verb,word,1,pass_n5,pass_n5_p012_o0250,1,문맥 규정,w_d75a2128ac2e3e18,N5,verified,
w_f12a1758289392e6,N5,N5,なんこ,なんこ,,몇 개,몇 개,noun,word,1,pass_n5,pass_n5_p012_o0251,1,문맥 규정,w_f12a1758289392e6,N5,verified,
w_d2cb5673c3552ae0,N5,N5,にかい,にかい,,2층,2층,noun,word,1,pass_n5,pass_n5_p012_o0252,1,문맥 규정,w_d2cb5673c3552ae0,N5,verified,
w_5284226e672d96c5,N5,N5,にさつ,にさつ,,두 권(잡지),두 권(잡지),counter,word,1,pass_n5,pass_n5_p012_o0254,1,문맥 규정,w_5284226e672d96c5,N5,verified,
w_df6f8bed5b534092,N5,N5,にだい,にだい,,두 대(자전거),두 대(자전거),noun,word,1,pass_n5,pass_n5_p012_o0255,1,문맥 규정,w_df6f8bed5b534092,N5,verified,
w_412d7a3479a4f8a3,N5,N5,にひき,にひき,,두 마리(고양이),두 마리(고양이),counter,word,1,pass_n5,pass_n5_p012_o0256,1,문맥 규정,w_412d7a3479a4f8a3,N5,verified,
w_e3d3cc0b38f77224,N5,N5,にキロ,にキロ,,2킬로미터,2킬로미터,counter,word,1,pass_n5,pass_n5_p012_o0253,1,문맥 규정,w_e3d3cc0b38f77224,N5,verified,
w_4e9ce7da04c4774f,N5,N5,のぼる,のぼる,,(산을) 오르다,(산을) 오르다,verb,word,1,pass_n5,pass_n5_p012_o0257,1,문맥 규정,w_4e9ce7da04c4774f,N5,verified,
w_4dd00aad4051c89d,N5,N5,のみもの,のみもの,,마실 것,마실 것,noun,word,1,pass_n5,pass_n5_p012_o0258,1,문맥 규정,w_4dd00aad4051c89d,N5,verified,
w_fc031afb71d1faf9,N5,N5,のむ,のむ,,"마시다, 삼키다","마시다, 삼키다",verb,word,1,pass_n5,pass_n5_p012_o0259,1,문맥 규정,w_fc031afb71d1faf9,N5,verified,
w_05f6406e9ab15b32,N5,N5,のる,のる,,"(차, 비행기를) 타다","(차, 비행기를) 타다",verb,word,1,pass_n5,pass_n5_p012_o0260,1,문맥 규정,w_05f6406e9ab15b32,N5,verified,
w_728f59d1c6f9c5f4,N5,N5,はく,はく,,"(바지를) 입다, (신발·양말을) 신다","(바지를) 입다, (신발·양말을) 신다",verb,word,1,pass_n5,pass_n5_p012_o0262,1,문맥 규정,w_728f59d1c6f9c5f4,N5,verified,문자 좌표 검증 완료; 선형 텍스트 레이어 순서 불일치
w_92515fbd8be28da0,N5,N5,はし,はし,,"다리, 교량","다리, 교량",noun,word,1,pass_n5,pass_n5_p012_o0263,1,문맥 규정,w_92515fbd8be28da0,N5,verified,
w_e8bf101d5d035c24,N5,N5,はじめて,はじめて,,처음으로,처음으로,adverb,word,1,pass_n5,pass_n5_p012_o0264,1,문맥 규정,w_e8bf101d5d035c24,N5,verified,
w_5b4445d187ac74c5,N5,N5,はたち,はたち,,"20세, 스무 살","20세, 스무 살",noun,word,1,pass_n5,pass_n5_p012_o0265,1,문맥 규정,w_5b4445d187ac74c5,N5,verified,
w_a1a38e164f0a3264,N5,N5,はちじゅうえん,はちじゅうえん,,80엔,80엔,counter,word,1,pass_n5,pass_n5_p012_o0266,1,문맥 규정,w_a1a38e164f0a3264,N5,verified,
w_f12b7cd5ea51cf7a,N5,N5,はる,はる,,붙이다,붙이다,verb,word,1,pass_n5,pass_n5_p012_o0267,1,문맥 규정,w_f12b7cd5ea51cf7a,N5,verified,
w_aef420c79bbeb170,N5,N5,ひま,ひま,,"틈, 짬, 여가","틈, 짬, 여가",noun,word,1,pass_n5,pass_n5_p012_o0269,1,문맥 규정,w_aef420c79bbeb170,N5,verified,
w_f7dcb52b9848b040,N5,N5,ふく,ふく,,(바람이) 불다,(바람이) 불다,noun,word,1,pass_n5,pass_n5_p012_o0271,1,문맥 규정,w_f7dcb52b9848b040,N5,verified,
w_50ffd2ba2cc08cff,N5,N5,ふつか,ふつか,,"2일, 초이틀","2일, 초이틀",noun,word,1,pass_n5,pass_n5_p012_o0272,1,문맥 규정,w_50ffd2ba2cc08cff,N5,verified,
w_72e1cb4ba34fc820,N5,N5,べんきょうがしたい,べんきょうがしたい,,공부를 하고 싶다,공부를 하고 싶다,,word,1,pass_n5,pass_n5_p012_o0274,1,문맥 규정,,,verified,
w_6331df76a706ca58,N5,N5,べんり,べんり,,편리함,편리함,adjective,word,1,pass_n5,pass_n5_p013_o0275,1,문맥 규정,w_6331df76a706ca58,N5,verified,
w_38856be7d8a54293,N5,N5,ほしい,ほしい,,가지고 싶다,가지고 싶다,adjective,word,1,pass_n5,pass_n5_p013_o0277,1,문맥 규정,w_38856be7d8a54293,N5,verified,
w_1643e2acabb6bed2,N5,N5,ほそい,ほそい,,가늘다,가늘다,adjective,word,1,pass_n5,pass_n5_p013_o0278,1,문맥 규정,w_1643e2acabb6bed2,N5,verified,
w_ab8f966f8b3fb171,N5,N5,ほんや,ほんや,,"책방, 서점","책방, 서점",noun,word,1,pass_n5,pass_n5_p013_o0279,1,문맥 규정,w_ab8f966f8b3fb171,N5,verified,
w_ac9371491b36f6a2,N5,N5,ぼうし,ぼうし,,모자,모자,noun,word,1,pass_n5,pass_n5_p013_o0276,1,문맥 규정,w_ac9371491b36f6a2,N5,verified,
w_9b26b06b04353c7e,N5,N5,まいしゅう,まいしゅう,,매주,매주,adverb,word,1,pass_n5,pass_n5_p013_o0280,1,문맥 규정,w_9b26b06b04353c7e,N5,verified,
w_991b3f178bb17c4b,N5,N5,まがる,まがる,,"돌다, (방향을) 틀다","돌다, (방향을) 틀다",verb,word,1,pass_n5,pass_n5_p013_o0281,1,문맥 규정,w_991b3f178bb17c4b,N5,verified,
w_901e9473e86b14cd,N5,N5,また,また,,또,또,noun,word,1,pass_n5,pass_n5_p013_o0282,1,문맥 규정,w_901e9473e86b14cd,N5,verified,
w_c88186a84ee8ef98,N5,N5,まっすぐ,まっすぐ,,"똑바로, 곧장","똑바로, 곧장",adverb,word,1,pass_n5,pass_n5_p013_o0283,1,문맥 규정,w_c88186a84ee8ef98,N5,verified,
w_f6ee1c3e08f743b5,N5,N5,まど,まど,,창문,창문,noun,word,1,pass_n5,pass_n5_p013_o0284,1,문맥 규정,w_f6ee1c3e08f743b5,N5,verified,
w_c9f37118e390cfee,N5,N5,みがく,みがく,,(이를) 닦다,(이를) 닦다,verb,word,1,pass_n5,pass_n5_p013_o0285,1,문맥 규정,w_c9f37118e390cfee,N5,verified,
w_3ddce52a2caa733a,N5,N5,みち,みち,,길,길,noun,word,1,pass_n5,pass_n5_p013_o0286,1,문맥 규정,w_3ddce52a2caa733a,N5,verified,
w_01658ab2cabde4e9,N5,N5,もっと,もっと,,"좀 더, 더","좀 더, 더",adverb,word,1,pass_n5,pass_n5_p013_o0287,1,문맥 규정,w_01658ab2cabde4e9,N5,verified,
w_60b16783522d51c6,N5,N5,やさい,やさい,,야채,야채,noun,word,1,pass_n5,pass_n5_p013_o0288,1,문맥 규정,w_60b16783522d51c6,N5,verified,
w_9c2d3700794d4e08,N5,N5,ゆうべ,ゆうべ,,어젯밤,어젯밤,adverb,word,1,pass_n5,pass_n5_p013_o0289;pass_n5_p023_o0413,2,문맥 규정;유의어,w_9c2d3700794d4e08,N5,verified,"pass_n5 유의어 구역: 원본 보존, 앱 단어 목록 제외"
w_8ff89e4ad25acab4,N5,N5,ゆっくり,ゆっくり,,천천히,천천히,adverb,word,1,pass_n5,pass_n5_p013_o0290,1,문맥 규정,w_8ff89e4ad25acab4,N5,verified,
w_4c739feaedcd1de0,N5,N5,ようか,ようか,,"8일, 여드레","8일, 여드레",noun,word,1,pass_n5,pass_n5_p013_o0291,1,문맥 규정,w_4c739feaedcd1de0,N5,verified,
w_d97131dc7962498d,N5,N5,りっぱ,りっぱ,,훌륭함,훌륭함,adjective,word,1,pass_n5,pass_n5_p013_o0293,1,문맥 규정,w_d97131dc7962498d,N5,verified,
w_0ec81e693208cfb1,N5,N5,りょうり,りょうり,,요리,요리,verb,word,1,pass_n5,pass_n5_p013_o0294,1,문맥 규정,w_0ec81e693208cfb1,N5,verified,
w_43e0b900a9d10cc3,N5,N5,わかい,わかい,,젊다,젊다,adjective,word,1,pass_n5,pass_n5_p013_o0295,1,문맥 규정,w_43e0b900a9d10cc3,N5,verified,
w_961e8495d97af933,N5,N5,わすれる,わすれる,,잊다,잊다,verb,word,1,pass_n5,pass_n5_p013_o0296,1,문맥 규정,w_961e8495d97af933,N5,verified,
w_926c2576f47ea612,N5,N5,わたす,わたす,,건네다,건네다,verb,word,1,pass_n5,pass_n5_p013_o0297,1,문맥 규정,w_926c2576f47ea612,N5,verified,
w_4e9b8a9d056fb2bc,N5,N5,わたる,わたる,,건너다,건너다,verb,word,1,pass_n5,pass_n5_p013_o0298,1,문맥 규정,w_4e9b8a9d056fb2bc,N5,verified,
w_f2a724a359b23f1d,N5,N5,アパート,アパート,,아파트,아파트,noun,word,1,pass_n5,pass_n5_p008_o0131,1,문맥 규정,w_f2a724a359b23f1d,N5,verified,
w_2c647eb6552532c8,N5,N5,エレベーター,エレベーター,,엘리베이터,엘리베이터,noun,word,1,pass_n5,pass_n5_p008_o0149,1,문맥 규정,w_2c647eb6552532c8,N5,verified,
w_d812138a73807a63,N5,N5,ギター,ギター,,기타(악기),기타(악기),noun,word,1,pass_n5,pass_n5_p009_o0174,1,문맥 규정,w_d812138a73807a63,N5,verified,
w_1183a3688186cdef,N5,N5,シャワーをあびる,シャワーをあびる,,샤워하다,샤워하다,verb,word,1,pass_n5,pass_n5_p010_o0202,1,문맥 규정,w_1183a3688186cdef,N5,verified,
w_b29a4071c1fdde80,N5,N5,スカート,スカート,,"스커트, 치마","스커트, 치마",noun,word,1,pass_n5,pass_n5_p010_o0207,1,문맥 규정,w_b29a4071c1fdde80,N5,verified,
w_09b924ace3343845,N5,N5,スキー,スキー,,스키,스키,noun,word,1,pass_n5,pass_n5_p010_o0209,1,문맥 규정,w_09b924ace3343845,N5,verified,
w_2e349e2b0bfb1818,N5,N5,ストーブ,ストーブ,,"스토브, 난로","스토브, 난로;스토브",noun,word,1,pass_n5,pass_n5_p010_o0211;pass_n5_p018_o0355,2,문맥 규정;유의어,w_2e349e2b0bfb1818,N5,verified,"pass_n5 유의어 구역: 원본 보존, 앱 단어 목록 제외"
w_54eb6541260bdfb0,N5,N5,セーター,セーター,,스웨터,스웨터,noun,word,1,pass_n5,pass_n5_p010_o0212,1,문맥 규정,w_54eb6541260bdfb0,N5,verified,
w_6b2eba28cfff51ce,N5,N5,デパート,デパート,,백화점,백화점,noun,word,1,pass_n5,pass_n5_p011_o0234,1,문맥 규정,w_6b2eba28cfff51ce,N5,verified,
w_0b4b42871f3bf612,N5,N5,ナイフ,ナイフ,,"나이프, 칼","나이프, 칼",noun,word,1,pass_n5,pass_n5_p012_o0248,1,문맥 규정,w_0b4b42871f3bf612,N5,verified,
w_99b6b975daf6a3ba,N5,N5,パーティー,パーティー,,파티,파티,noun,word,1,pass_n5,pass_n5_p012_o0261,1,문맥 규정,w_99b6b975daf6a3ba,N5,verified,
w_426a6ad568579abe,N5,N5,ピアノ,ピアノ,,피아노,피아노,noun,word,1,pass_n5,pass_n5_p012_o0268,1,문맥 규정,w_426a6ad568579abe,N5,verified,
w_25cb652a0907a58a,N5,N5,プール,プール,,"풀, 수영장","풀, 수영장",noun,word,1,pass_n5,pass_n5_p012_o0270,1,문맥 규정,w_25cb652a0907a58a,N5,verified,
w_4fdd9f73dd3e62a1,N5,N5,ページ,ページ,,"페이지, 쪽","페이지, 쪽",noun,word,1,pass_n5,pass_n5_p012_o0273,1,문맥 규정,w_4fdd9f73dd3e62a1,N5,verified,
w_da1aa3397e73de5f,N5,N5,ラジオ,ラジオ,,라디오,라디오,noun,word,1,pass_n5,pass_n5_p013_o0292,1,문맥 규정,w_da1aa3397e73de5f,N5,verified,
w_5c2a9218aaab8bf9,N5,N5,七時,しちじ,,7시,7시,noun,word,1,pass_n5,pass_n5_p005_o0033,1,한자 읽기,w_5c2a9218aaab8bf9,N5,verified,
w_45d4918dd7c4f3ee,N5,N5,七月,しちがつ,,7월,7월,noun,word,1,pass_n5,pass_n5_p005_o0032,1,한자 읽기,w_45d4918dd7c4f3ee,N5,verified,
w_f9afbe72e023b2b4,N5,N5,上,うえ,,위,위,noun,word,1,pass_n5,pass_n5_p004_o0008;pass_n5_p006_o0087,2,한자 읽기;한자 표기,w_f9afbe72e023b2b4,N5,verified,
w_d022b0a932b792f3,N5,N5,下,した,,"아래, 밑","아래, 밑",noun,word,1,pass_n5,pass_n5_p005_o0031,1,한자 읽기,w_d022b0a932b792f3,N5,verified,
w_c8cb9889616e2de7,N5,N5,中,なか,,"안, 속","안, 속",noun,word,1,pass_n5,pass_n5_p005_o0054;pass_n5_p007_o0111,2,한자 읽기;한자 표기,w_c8cb9889616e2de7,N5,verified,
w_3e09ba747176f551,N5,N5,人,ひと,,사람,사람,noun,word,1,pass_n5,pass_n5_p006_o0064,1,한자 읽기,w_3e09ba747176f551,N5,verified,
w_a2b086e8e8b12875,N5,N5,今月,こんげつ,,이번 달,이번 달,noun,word,1,pass_n5,pass_n5_p004_o0028,1,한자 읽기,w_a2b086e8e8b12875,N5,verified,문자 좌표 검증 완료; 선형 텍스트 레이어 순서 불일치
w_84ccaba446b4803c,N5,N5,今週,こんしゅう,,이번 주,이번 주,noun,word,1,pass_n5,pass_n5_p007_o0101,1,한자 표기,w_84ccaba446b4803c,N5,verified,
w_6eeaf70afe9ab8a4,N5,N5,休む,やすむ,,쉬다,쉬다,verb,word,1,pass_n5,pass_n5_p006_o0078;pass_n5_p007_o0122,2,한자 읽기;한자 표기,w_6eeaf70afe9ab8a4,N5,verified,
w_fb0af263d0cf8d1e,N5,N5;N4,会う,あう,,만나다,만나다,verb,word,1,pass_n4;pass_n5,pass_n4_p007_o0117;pass_n5_p004_o0001,2,한자 표기;한자 읽기,w_fb0af263d0cf8d1e,N5,verified,
w_e4c1f652ab3bcc9c,N5,N5,会社,かいしゃ,,회사,회사,noun,word,1,pass_n5,pass_n5_p006_o0090,1,한자 표기,w_e4c1f652ab3bcc9c,N5,verified,문자 좌표 검증 완료; 선형 텍스트 레이어 순서 불일치
w_db9e3cee735c2e2a,N5,N5,何人,なんにん,,몇 명,몇 명,noun,word,1,pass_n5,pass_n5_p005_o0056,1,한자 읽기,w_db9e3cee735c2e2a,N5,verified,
w_9e78a27c5f2d6452,N5,N5,先生,せんせい,,선생님,선생님,noun,word,1,pass_n5,pass_n5_p005_o0036,1,한자 읽기,w_9e78a27c5f2d6452,N5,verified,
w_2528221ac1c4f279,N5,N5,入り口,いりぐち,,입구,입구,noun,word,1,pass_n5,pass_n5_p004_o0007,1,한자 읽기,w_2528221ac1c4f279,N5,verified,
w_8b48398f0e097160,N5,N5,入る,はいる,,들어가(오)다,들어가(오)다,verb,word,1,pass_n5,pass_n5_p005_o0059,1,한자 읽기,w_8b48398f0e097160,N5,verified,
w_7212d4da7801577e,N5,N5,六日,むいか,,6일,6일,noun,word,1,pass_n5,pass_n5_p007_o0121,1,한자 표기,w_7212d4da7801577e,N5,verified,
w_0d51e75f1e5742ed,N5,N5;N4,出す,だす,,"내다, 제출하다","내다, 제출하다",verb,word,1,pass_n4;pass_n5,pass_n4_p011_o0240;pass_n5_p005_o0041,2,문맥 규정;한자 읽기,w_0d51e75f1e5742ed,N5,verified,
w_52ca205b3d7f3971,N5,N5,出る,でる,,나가(오)다,나가(오)다,verb,word,1,pass_n5,pass_n5_p005_o0047,1,한자 읽기,w_52ca205b3d7f3971,N5,verified,
w_9f96114d9d8442ca,N5,N5,前,まえ,,앞,"앞;앞, 전",noun,word,1,pass_n5,pass_n5_p006_o0068;pass_n5_p007_o0117,2,한자 읽기;한자 표기,w_9f96114d9d8442ca,N5,verified,
w_17d4fa494e1bff96,N5,N5,北,きた,,북(쪽),북(쪽),noun,word,1,pass_n5,pass_n5_p004_o0022,1,한자 읽기,w_17d4fa494e1bff96,N5,verified,
w_30e6d05dd941be0b,N5,N5,十日,とおか,,10일,10일,noun,word,1,pass_n5,pass_n5_p005_o0051,1,한자 읽기,w_30e6d05dd941be0b,N5,verified,
w_5877b188cb058939,N5,N5,千円,せんえん,,1000엔,1000엔,noun,word,1,pass_n5,pass_n5_p005_o0035,1,한자 읽기,w_5877b188cb058939,N5,verified,
w_f86289ed7ace7a3c,N5,N5,午後,ごご,,오후,오후,noun,word,1,pass_n5,pass_n5_p004_o0027;pass_n5_p007_o0099,2,한자 읽기;한자 표기,w_f86289ed7ace7a3c,N5,verified,문자 좌표 검증 완료; 선형 텍스트 레이어 순서 불일치
w_6c3f9917b7508c8c,N5,N5,半分,はんぶん,,"반, 절반","반, 절반",adverb,word,1,pass_n5,pass_n5_p005_o0062,1,한자 읽기,w_6c3f9917b7508c8c,N5,verified,
w_097715018c07e82b,N5,N5,南,みなみ,,남(쪽),남(쪽),noun,word,1,pass_n5,pass_n5_p007_o0119,1,한자 표기,w_097715018c07e82b,N5,verified,
w_053f7db9e9a81e55,N5,N5,友だち,ともだち,,친구,친구,noun,word,1,pass_n5,pass_n5_p005_o0052;pass_n5_p007_o0109,2,한자 읽기;한자 표기,w_053f7db9e9a81e55,N5,verified,
w_29fb9b445ee25371,N5,N5;N4,古い,ふるい,,"오래되다, 낡다","오래되다, 낡다",adjective,word,1,pass_n4;pass_n5,pass_n4_p007_o0099;pass_n4_p009_o0173;pass_n5_p006_o0065,3,한자 읽기;한자 표기,w_29fb9b445ee25371,N5,verified,
w_6bf0a74924148691,N5,N5,右,みぎ,,오른쪽,오른쪽,noun,word,1,pass_n5,pass_n5_p006_o0069;pass_n5_p007_o0118,2,한자 읽기;한자 표기,w_6bf0a74924148691,N5,verified,
w_bcedcfcd5e8e22df,N5,N5,名前,なまえ,,이름,이름,noun,word,1,pass_n5,pass_n5_p007_o0113,1,한자 표기,w_bcedcfcd5e8e22df,N5,verified,
w_ec22964b582524d4,N5,N5,四月,しがつ,,4월,4월,noun,word,1,pass_n5,pass_n5_p004_o0030,1,한자 읽기,w_ec22964b582524d4,N5,verified,문자 좌표 검증 완료; 선형 텍스트 레이어 순서 불일치
w_9532b412fe913961,N5,N5,国,くに,,나라,나라,noun,word,1,pass_n5,pass_n5_p004_o0025,1,한자 읽기,w_9532b412fe913961,N5,verified,
w_078c37ed2c920c51,N5,N5,土よう日,どようび,,토요일,토요일,adverb,word,1,pass_n5,pass_n5_p005_o0053;pass_n5_p007_o0110,2,한자 읽기;한자 표기,w_078c37ed2c920c51,N5,verified,
w_7a18f1c9b04f4038,N5,N5,外,そと,,밖,밖,noun,word,1,pass_n5,pass_n5_p005_o0037,1,한자 읽기,w_7a18f1c9b04f4038,N5,verified,
w_30e056cdd59a9a19,N5,N5,外国,がいこく,,외국,외국,noun,word,1,pass_n5,pass_n5_p004_o0015,1,한자 읽기,w_30e056cdd59a9a19,N5,verified,
w_f96a8af68031ebbf,N5,N5;N4,多い,おおい,,많다,많다,adjective,word,1,pass_n4;pass_n5,pass_n4_p004_o0017;pass_n4_p008_o0134;pass_n4_p024_o0382;pass_n5_p006_o0088,4,한자 읽기;한자 표기;용법,w_f96a8af68031ebbf,N5,verified,"pass_n4 용법 구역: 원본 보존, 앱 단어 목록 제외;문자 좌표 검증 완료; 선형 텍스트 레이어 순서 불일치"
w_75de41fe96c1c937,N5,N5,大きい,おおきい,,크다,크다,adjective,word,1,pass_n5,pass_n5_p004_o0011,1,한자 읽기,w_75de41fe96c1c937,N5,verified,
w_4fcfaee1f33cf379,N5,N5,大学,だいがく,,대학,대학,noun,word,1,pass_n5,pass_n5_p005_o0039,1,한자 읽기,w_4fcfaee1f33cf379,N5,verified,
w_76d3472883c72fe8,N5,N5,天気,てんき,,날씨,날씨,noun,word,1,pass_n5,pass_n5_p005_o0048;pass_n5_p007_o0107,2,한자 읽기;한자 표기,w_76d3472883c72fe8,N5,verified,
w_5c9c502d15788681,N5,N5,女の子,おんなのこ,,여자아이,여자아이,noun,word,1,pass_n5,pass_n5_p004_o0014,1,한자 읽기,w_5c9c502d15788681,N5,verified,
w_26913edea9440b3b,N5,N5,子ども,こども,,"아이, 어린이","아이, 어린이",noun,word,1,pass_n5,pass_n5_p007_o0100,1,한자 표기,w_26913edea9440b3b,N5,verified,
w_9d121ba8f42b39e0,N5,N5,学校,がっこう,,학교,학교,noun,word,1,pass_n5,pass_n5_p004_o0017;pass_n5_p007_o0093,2,한자 읽기;한자 표기,w_9d121ba8f42b39e0,N5,verified,문자 좌표 검증 완료; 선형 텍스트 레이어 순서 불일치
w_2022b74de4e42770,N5,N5;N4,安い,やすい,,(값이) 싸다,싸다;(값이) 싸다,adjective,word,1,pass_n4;pass_n5,pass_n4_p007_o0106;pass_n5_p006_o0077,2,한자 읽기,w_2022b74de4e42770,N5,verified,문자 좌표 검증 완료; 선형 텍스트 레이어 순서 불일치
w_be0a4fc6dd818d25,N5,N5,小さい,ちいさい,,(크기가) 작다,(크기가) 작다,adjective,word,1,pass_n5,pass_n5_p005_o0043;pass_n5_p007_o0105,2,한자 읽기;한자 표기,w_be0a4fc6dd818d25,N5,verified,
w_9200ebb3b9a05823,N5,N5,山,やま,,산,산,noun,word,1,pass_n5,pass_n5_p006_o0079;pass_n5_p007_o0123,2,한자 읽기;한자 표기,w_9200ebb3b9a05823,N5,verified,
w_831749e2e88001b5,N5,N5,川,かわ,,강,"강;강, 냇물",noun,word,1,pass_n5,pass_n5_p004_o0019;pass_n5_p007_o0095,2,한자 읽기;한자 표기,w_831749e2e88001b5,N5,verified,
w_b47d6fe4e0d8b6b3,N5,N5,左,ひだり,,왼쪽,왼쪽,noun,word,1,pass_n5,pass_n5_p006_o0063;pass_n5_p007_o0116,2,한자 읽기;한자 표기,w_b47d6fe4e0d8b6b3,N5,verified,
w_77b718c58af82826,N5,N5;N4,店,みせ,,가게,가게,noun,word,1,pass_n4;pass_n5,pass_n4_p007_o0104;pass_n5_p006_o0071,2,한자 읽기,w_77b718c58af82826,N5,verified,
w_d5f25dace331d783,N5,N5,後,あと,,"뒤, 나중","뒤, 나중",noun,word,1,pass_n5,pass_n5_p004_o0004,1,한자 읽기,w_d5f25dace331d783,N5,verified,
w_e96a3954d2c03ee7,N5,N5,手,て,,손,손,noun,word,1,pass_n5,pass_n5_p005_o0045,1,한자 읽기,w_e96a3954d2c03ee7,N5,verified,
w_5ef17e779ccf6818,N5,N5;N4,手紙,てがみ,,편지,편지,noun,word,1,pass_n4;pass_n5,pass_n4_p006_o0081;pass_n5_p005_o0046,2,한자 읽기,w_5ef17e779ccf6818,N5,verified,
w_4d8d34ddefce90aa,N5,N5;N4,新しい,あたらしい,,새롭다,새롭다,adjective,word,1,pass_n4;pass_n5,pass_n4_p007_o0122;pass_n5_p006_o0084,2,한자 표기,w_4d8d34ddefce90aa,N5,verified,문자 좌표 검증 완료; 선형 텍스트 레이어 순서 불일치
w_78a37817bd6740bc,N5,N5,時間,じかん,,시간,시간,noun,word,1,pass_n5,pass_n5_p007_o0102,1,한자 표기,w_78a37817bd6740bc,N5,verified,
w_6181db3864e0eda8,N5,N5,書く,かく,,"쓰다, 적다","쓰다, 적다",verb,word,1,pass_n5,pass_n5_p006_o0092,1,한자 표기,w_6181db3864e0eda8,N5,verified,
w_6a5b1a27a6d99bbe,N5,N5;N4,有名,ゆうめい,,유명함,유명함,adjective,word,1,pass_n4;pass_n5,pass_n4_p007_o0108;pass_n4_p009_o0179;pass_n5_p006_o0080,3,한자 읽기;한자 표기,w_6a5b1a27a6d99bbe,N5,verified,
w_3a519ce249e48d40,N5,N5,朝,あさ,,아침,아침,noun,word,1,pass_n5,pass_n5_p004_o0003,1,한자 읽기,w_3a519ce249e48d40,N5,verified,
w_daafdc534a7fe6b3,N5,N5,木,き,,나무,나무,noun,word,1,pass_n5,pass_n5_p004_o0020,1,한자 읽기,w_daafdc534a7fe6b3,N5,verified,
w_716e7b794dbcaf51,N5,N5,木よう日,もくようび,,목요일,목요일,adverb,word,1,pass_n5,pass_n5_p006_o0076,1,한자 읽기,w_716e7b794dbcaf51,N5,verified,문자 좌표 검증 완료; 선형 텍스트 레이어 순서 불일치
w_af5024e6326a3ea3,N5,N5,本,ほん,,책,책,noun,word,1,pass_n5,pass_n5_p006_o0066,1,한자 읽기,w_af5024e6326a3ea3,N5,verified,
w_8ca0f1252831d3ea,N5,N5,来る,くる,,오다,오다,verb,word,1,pass_n5,pass_n5_p007_o0097,1,한자 표기,w_8ca0f1252831d3ea,N5,verified,
w_cc0f0e309f1d1703,N5,N5,来週,らいしゅう,,다음 주,다음 주,adverb,word,1,pass_n5,pass_n5_p006_o0082,1,한자 읽기,w_cc0f0e309f1d1703,N5,verified,
w_efbc61876761c165,N5,N5,東,ひがし,,동쪽,동쪽,noun,word,1,pass_n5,pass_n5_p007_o0115,1,한자 표기,w_efbc61876761c165,N5,verified,
w_13a157c458bf7731,N5,N5,母,はは,,엄마,엄마,noun,word,1,pass_n5,pass_n5_p005_o0061;pass_n5_p007_o0114,2,한자 읽기;한자 표기,w_13a157c458bf7731,N5,verified,
w_da5a628fb9113ea9,N5,N5,毎日,まいにち,,매일,매일,adverb,word,1,pass_n5,pass_n5_p006_o0067,1,한자 읽기,w_da5a628fb9113ea9,N5,verified,
w_c799737be7ede11f,N5,N5,水,みず,,물,물,noun,word,1,pass_n5,pass_n5_p006_o0070,1,한자 읽기,w_c799737be7ede11f,N5,verified,
w_245d63ae14dc7240,N5,N5,火よう日,かようび,,화요일,화요일,adverb,word,1,pass_n5,pass_n5_p004_o0018;pass_n5_p007_o0094,2,한자 읽기;한자 표기,w_245d63ae14dc7240,N5,verified,문자 좌표 검증 완료; 선형 텍스트 레이어 순서 불일치
w_7e57ca01996ff75a,N5,N5,父,ちち,,"아빠, 아버지","아빠, 아버지;아버지",noun,word,1,pass_n5,pass_n5_p005_o0044;pass_n5_p007_o0106,2,한자 읽기;한자 표기,w_7e57ca01996ff75a,N5,verified,
w_9f48fc575582aa14,N5,N5,生まれる,うまれる,,태어나다,태어나다,verb,word,1,pass_n5,pass_n5_p004_o0009,1,한자 읽기,w_9f48fc575582aa14,N5,verified,
w_8cf5b23c8239dd60,N5,N5,男,おとこ,,남자,남자,noun,word,1,pass_n5,pass_n5_p006_o0089,1,한자 표기,w_8cf5b23c8239dd60,N5,verified,
w_e00ba9d4a48f9387,N5,N5,男の子,おとこのこ,,남자아이,남자아이,noun,word,1,pass_n5,pass_n5_p004_o0013,1,한자 읽기,w_e00ba9d4a48f9387,N5,verified,
w_ba0db148a8c0979d,N5,N5,白い,しろい,,"희다, 하얗다","희다, 하얗다",adjective,word,1,pass_n5,pass_n5_p005_o0034,1,한자 읽기,w_ba0db148a8c0979d,N5,verified,
w_f238004dca80f8bb,N5,N5;N4,空,そら,,하늘,하늘,noun,word,1,pass_n4;pass_n5,pass_n4_p006_o0069;pass_n5_p005_o0038,2,한자 읽기,w_f238004dca80f8bb,N5,verified,
w_763d8eda5cea9a67,N5,N5,耳,みみ,,귀,귀,noun,word,1,pass_n5,pass_n5_p006_o0074,1,한자 읽기,w_763d8eda5cea9a67,N5,verified,
w_b442f4a9a3cb4a2a,N5,N5,聞く,きく,,듣다,듣다,verb,word,1,pass_n5,pass_n5_p004_o0021;pass_n5_p007_o0096,2,한자 읽기;한자 표기,w_b442f4a9a3cb4a2a,N5,verified,문자 좌표 검증 완료; 선형 텍스트 레이어 순서 불일치
w_3c328157edaee908,N5,N5,花,はな,,꽃,꽃,noun,word,1,pass_n5,pass_n5_p005_o0060,1,한자 읽기,w_3c328157edaee908,N5,verified,
w_ea565137f57672cd,N5,N5,行く,いく,,가다,가다,verb,word,1,pass_n5,pass_n5_p006_o0086,1,한자 표기,w_ea565137f57672cd,N5,verified,문자 좌표 검증 완료; 선형 텍스트 레이어 순서 불일치
w_b644679652955b52,N5,N5,西,にし,,서(쪽),서(쪽),noun,word,1,pass_n5,pass_n5_p005_o0057,1,한자 읽기,w_b644679652955b52,N5,verified,
w_dadb21f56008340d,N5,N5,見せる,みせる,,"보이다, 보여 주다","보이다, 보여 주다",verb,word,1,pass_n5,pass_n5_p006_o0072,1,한자 읽기,w_dadb21f56008340d,N5,verified,문자 좌표 검증 완료; 선형 텍스트 레이어 순서 불일치
w_776f8a3599870bb9,N5,N5,見る,みる,,보다,보다,verb,word,1,pass_n5,pass_n5_p006_o0075;pass_n5_p007_o0120,2,한자 읽기;한자 표기,w_776f8a3599870bb9,N5,verified,문자 좌표 검증 완료; 선형 텍스트 레이어 순서 불일치
w_024f604ff23bfcfe,N5,N5;N4,言う,いう,,말하다,말하다,verb,word,1,pass_n4;pass_n5,pass_n4_p008_o0127;pass_n5_p004_o0006,2,한자 표기;한자 읽기,w_024f604ff23bfcfe,N5,verified,
w_ff5831affda4cdb1,N5,N5,読む,よむ,,읽다,읽다,verb,word,1,pass_n5,pass_n5_p006_o0081;pass_n5_p007_o0124,2,한자 읽기;한자 표기,w_ff5831affda4cdb1,N5,verified,
w_7b4426d6f2756a8c,N5,N5;N4,買う,かう,,사다,"사다, 구입하다;사다",verb,word,1,pass_n4;pass_n5,pass_n4_p008_o0143;pass_n5_p004_o0016;pass_n5_p006_o0091,3,한자 표기;한자 읽기,w_7b4426d6f2756a8c,N5,verified,문자 좌표 검증 완료; 선형 텍스트 레이어 순서 불일치
w_deb26b8df714b0cb,N5,N5;N4,赤い,あかい,,"빨갛다, 붉다","빨갛다, 붉다",adjective,word,1,pass_n4;pass_n5,pass_n4_p007_o0119;pass_n5_p004_o0002,2,한자 표기;한자 읽기,w_deb26b8df714b0cb,N5,verified,
w_ea3d8a4e6ed4bc82,N5,N5,足,あし,,"발, 다리","발, 다리",noun,word,1,pass_n5,pass_n5_p006_o0083,1,한자 표기,w_ea3d8a4e6ed4bc82,N5,verified,
w_a9a5a7b5fbe0a750,N5,N5,車,くるま,,자동차,자동차,noun,word,1,pass_n5,pass_n5_p004_o0026;pass_n5_p007_o0098,2,한자 읽기;한자 표기,w_a9a5a7b5fbe0a750,N5,verified,
w_84eb455426c5a140,N5,N5,道,みち,,길,길,noun,word,1,pass_n5,pass_n5_p006_o0073,1,한자 읽기,w_84eb455426c5a140,N5,verified,
w_2cd841d468cc927a,N5,N5,金よう日,きんようび,,금요일,금요일,adverb,word,1,pass_n5,pass_n5_p004_o0024,1,한자 읽기,w_2cd841d468cc927a,N5,verified,문자 좌표 검증 완료; 선형 텍스트 레이어 순서 불일치
w_391386c4147ce4af,N5,N5;N4,銀行,ぎんこう,,은행,은행,noun,word,1,pass_n4;pass_n5,pass_n4_p005_o0037;pass_n5_p004_o0023,2,한자 읽기,w_391386c4147ce4af,N5,verified,문자 좌표 검증 완료; 선형 텍스트 레이어 순서 불일치
w_91f2a9ba28fab496,N5,N5,長い,ながい,,길다,길다,adjective,word,1,pass_n5,pass_n5_p005_o0055;pass_n5_p007_o0112,2,한자 읽기;한자 표기,w_91f2a9ba28fab496,N5,verified,
w_48fbd408a115f905,N5,N5,雨,あめ,,비,비,noun,word,1,pass_n5,pass_n5_p004_o0005;pass_n5_p006_o0085,2,한자 읽기;한자 표기,w_48fbd408a115f905,N5,verified,
w_50fdd9c19d44f115,N5,N5,電気,でんき,,전기,전기,noun,word,1,pass_n5,pass_n5_p005_o0049,1,한자 읽기,w_50fdd9c19d44f115,N5,verified,
w_1b9d8a75f2b91a55,N5,N5,電話,でんわ,,전화,전화,noun,word,1,pass_n5,pass_n5_p005_o0050,1,한자 읽기,w_1b9d8a75f2b91a55,N5,verified,
w_8d9de57898fcd69d,N5,N5,電車,でんしゃ,,전철,전철,noun,word,1,pass_n5,pass_n5_p007_o0108,1,한자 표기,w_8d9de57898fcd69d,N5,verified,
w_76b303b969721768,N5,N5,食べる,たべる,,먹다,먹다,verb,word,1,pass_n5,pass_n5_p005_o0042;pass_n5_p007_o0104,2,한자 읽기;한자 표기,w_76b303b969721768,N5,verified,
w_633b31657d51ba57,N5,N5;N4,飲む,のむ,,"마시다, 삼키다","마시다, 삼키다",verb,word,1,pass_n4;pass_n5,pass_n4_p009_o0167;pass_n5_p005_o0058,2,한자 표기;한자 읽기,w_633b31657d51ba57,N5,verified,
w_1a590a2722d8602f,N5,N5;N4,駅,えき,,역,역,noun,word,1,pass_n4;pass_n5,pass_n4_p008_o0133;pass_n5_p004_o0010,2,한자 표기;한자 읽기,w_1a590a2722d8602f,N5,verified,
w_200668ec7c5383e0,N5,N5,高い,たかい,,"비싸다, 높다, (키가) 크다","비싸다, 높다, (키가) 크다",adjective,word,1,pass_n5,pass_n5_p005_o0040;pass_n5_p007_o0103;pass_n5_p011_o0219,3,한자 읽기;한자 표기;문맥 규정,w_200668ec7c5383e0,N5,verified,
w_0e66d1e196b285b8,N5,N5;N4,魚,さかな,,"생선, 물고기","생선, 물고기",noun,word,1,pass_n4;pass_n5,pass_n4_p005_o0046;pass_n5_p004_o0029,2,한자 읽기,w_0e66d1e196b285b8,N5,verified,
w_ec8e542da036aeea,N4,N4,1軒,いっけん,,"한 채, 한 동(집을 세는 단위)","한 채, 한 동(집을 세는 단위)",noun,word,1,pass_n4,pass_n4_p010_o0191,1,문맥 규정,w_ec8e542da036aeea,N4,verified,문자 좌표 검증 완료; 선형 텍스트 레이어 순서 불일치
w_98601c5f9fe56540,N4,N4;N3,うまい,うまい,,"(1) 맛있다, (2) 능숙하다","능숙하다;(1) 맛있다, (2) 능숙하다",adjective,word,1,pass_n3;pass_n4,pass_n3_p013_o0352;pass_n4_p024_o0381,2,문맥 규정;용법,w_98601c5f9fe56540,N4,verified,"pass_n4 용법 구역: 원본 보존, 앱 단어 목록 제외"
w_93dcc4efaa4ffbd4,N4,N4,おもちゃ,おもちゃ,,장난감,장난감,noun,word,1,pass_n4,pass_n4_p010_o0201,1,문맥 규정,w_93dcc4efaa4ffbd4,N4,verified,
w_66c87676a778f34f,N4,N4,おや,おや,,어라!,어라!,interjection,word,1,pass_n4,pass_n4_p010_o0202,1,문맥 규정,w_66c87676a778f34f,N4,verified,
w_06c3d7fabba14770,N4,N4,お土産,おみやげ,,가족이나 친지에게 선물할 목적으로 여행지에서 사 오는 그 지방의 특산 물이나 지인의 집을 방문할 때 고마 움을 표하려고 가지고 가는 물건,가족이나 친지에게 선물할 목적으로 여행지에서 사 오는 그 지방의 특산 물이나 지인의 집을 방문할 때 고마 움을 표하려고 가지고 가는 물건,noun,word,1,pass_n4,pass_n4_p010_o0200,1,문맥 규정,w_06c3d7fabba14770,N4,verified,문자 좌표 검증 완료; 선형 텍스트 레이어 순서 불일치
w_03fde61be0f26975,N4,N4;N3,お祝い,おいわい,,축하,축하;축하 선물,noun,word,1,mkt_n3;pass_n3;pass_n4,mkt_n3_p010_o0205;pass_n3_p012_o0310;pass_n4_p010_o0196,3,명사;문맥 규정,w_03fde61be0f26975,N4,verified,
w_867190723b874b1e,N4,N4,お釣り,おつり,,거스름돈,거스름돈,noun,word,1,pass_n4,pass_n4_p010_o0199,1,문맥 규정,w_867190723b874b1e,N4,verified,
w_4a75a3682bcdd4b1,N4,N4,かまいません,かまいません,,괜찮습니다,괜찮습니다,expression,word,1,pass_n4,pass_n4_p010_o0209;pass_n4_p024_o0389,2,문맥 규정;용법,w_4a75a3682bcdd4b1,N4,verified,"pass_n4 용법 구역: 원본 보존, 앱 단어 목록 제외"
w_2afc4f4102d1bf3f,N4,N4,けんか,けんか,,싸움,싸움,verb,word,1,pass_n4,pass_n4_p011_o0218,1,문맥 규정,w_2afc4f4102d1bf3f,N4,verified,
w_f47ff1eed7e97a5c,N4,N4;N3,さっき,さっき,,아까,"조금 전에;아까, 조금 전;아까",noun,word,1,pass_n3;pass_n4,pass_n3_p015_o0425;pass_n3_p016_o0467;pass_n4_p011_o0223,3,유의어;문맥 규정,w_f47ff1eed7e97a5c,N4,verified,"pass_n3 유의어 구역: 원본 보존, 앱 단어 목록 제외"
w_7a32f316cd4a9222,N4,N4,それで,それで,,그래서,그래서,conjunction,word,1,pass_n4,pass_n4_p011_o0235,1,문맥 규정,w_7a32f316cd4a9222,N4,verified,
w_306ddbd039779417,N4,N4,それに,それに,,게다가,게다가,conjunction,word,1,pass_n4,pass_n4_p011_o0236,1,문맥 규정,w_306ddbd039779417,N4,verified,
w_cb00cd37f1c38658,N4,N4,だから,だから,,"그러니까, 그래서","그러니까, 그래서",conjunction,word,1,pass_n4,pass_n4_p011_o0237,1,문맥 규정,w_cb00cd37f1c38658,N4,verified,
w_2e1101ee126c77c4,N4,N4,とうとう,とうとう,,드디어,"드디어;드디어, 마침내",adverb,word,1,pass_n4,pass_n4_p012_o0245;pass_n4_p025_o0412,2,문맥 규정;용법,w_2e1101ee126c77c4,N4,verified,"pass_n4 용법 구역: 원본 보존, 앱 단어 목록 제외"
w_ec666a473c6c95cc,N4,N4;N3,なるべく,なるべく,,"되도록, 가능한 한","가급적;되도록, 가능한 한",adverb,word,1,pass_n3;pass_n4,pass_n3_p012_o0295;pass_n4_p012_o0248,2,문맥 규정,w_ec666a473c6c95cc,N4,verified,
w_328b3a4907a4cb55,N4,N4,または,または,,또는,또는,conjunction,word,1,pass_n4,pass_n4_p012_o0264,1,문맥 규정,w_328b3a4907a4cb55,N4,verified,
w_1a03ede5b3ef08ab,N4,N4,やっと,やっと,,"겨우, 간신히","겨우, 간신히",adverb,word,1,pass_n4,pass_n4_p012_o0268,1,문맥 규정,w_1a03ede5b3ef08ab,N4,verified,
w_3ec592997b865dca,N4,N4,やっぱり,やっぱり,,역시,역시,adverb,word,1,pass_n4,pass_n4_p012_o0269,1,문맥 규정,w_3ec592997b865dca,N4,verified,
w_6f3c0426d5e18caa,N4,N4,やわらかい,やわらかい,,부드럽다,부드럽다,adjective,word,1,pass_n4,pass_n4_p012_o0270,1,문맥 규정,w_6f3c0426d5e18caa,N4,verified,
w_97e7d7c923d83b1c,N4,N4,アイディア,アイディア,,아이디어,아이디어,noun,word,1,pass_n4,pass_n4_p010_o0184,1,문맥 규정,w_97e7d7c923d83b1c,N4,verified,
w_16f928e8de2043ff,N4,N4,アルバイト,アルバイト,,아르바이트,아르바이트,noun,word,1,pass_n4,pass_n4_p010_o0186,1,문맥 규정,w_16f928e8de2043ff,N4,verified,
w_27f194a34e98e0b0,N4,N4,ゲーム,ゲーム,,게임,게임,noun,word,1,pass_n4,pass_n4_p011_o0217,1,문맥 규정,w_27f194a34e98e0b0,N4,verified,
w_2bc4b215ecdc92f2,N4,N4,チェック,チェック,,"체크, 점검","체크, 점검",noun,word,1,pass_n4,pass_n4_p012_o0242,1,문맥 규정,w_2bc4b215ecdc92f2,N4,verified,
w_2539ca8094dbd583,N4,N4,チケット,チケット,,"티켓, 표","티켓, 표",noun,word,1,pass_n4,pass_n4_p012_o0243,1,문맥 규정,w_2539ca8094dbd583,N4,verified,
w_4407cb271d83b95a,N4,N4,パソコン,パソコン,,컴퓨터,컴퓨터,noun,word,1,pass_n4,pass_n4_p012_o0256,1,문맥 규정,w_4407cb271d83b95a,N4,verified,
w_96b7c0f92f57641f,N4,N4,パートタイム,パートタイム,,파트타임,파트타임,noun,word,1,pass_n4,pass_n4_p012_o0254,1,문맥 규정,w_96b7c0f92f57641f,N4,verified,
w_32b6716e6d619778,N4,N4,レジ,レジ,,"계산대, 레지스터","계산대, 레지스터",noun,word,1,pass_n4,pass_n4_p013_o0274,1,문맥 규정,w_32b6716e6d619778,N4,verified,
w_6adb23638ce7da0e,N4,N4,レポート,レポート,,리포트,리포트,noun,word,1,pass_n4,pass_n4_p013_o0275,1,문맥 규정,w_6adb23638ce7da0e,N4,verified,
w_19619b62883c1605,N4,N4,不便,ふべん,,불편함,불편함,noun,word,1,pass_n4,pass_n4_p007_o0098,1,한자 읽기,w_19619b62883c1605,N4,verified,
w_04fa2481da65dedd,N4,N4,世界,せかい,,세계,세계,noun,word,1,pass_n4,pass_n4_p006_o0065,1,한자 읽기,w_04fa2481da65dedd,N4,verified,
w_0aa70bb4aed02afc,N4,N4,世話,せわ,,"돌봄, 폐, 신세","돌봄, 폐, 신세",verb,word,1,pass_n4,pass_n4_p006_o0067,1,한자 읽기,w_0aa70bb4aed02afc,N4,verified,
w_adf05961a7b52f7e,N4,N4,中止,ちゅうし,,중지,중지,noun,word,1,pass_n4,pass_n4_p012_o0244;pass_n4_p025_o0409,2,문맥 규정;용법,w_adf05961a7b52f7e,N4,verified,"pass_n4 용법 구역: 원본 보존, 앱 단어 목록 제외"
w_b8e95fc32384cfa5,N4,N4,予約,よやく,,예약,예약,noun,word,1,pass_n4,pass_n4_p012_o0271;pass_n4_p025_o0424,2,문맥 규정;용법,w_b8e95fc32384cfa5,N4,verified,"pass_n4 용법 구역: 원본 보존, 앱 단어 목록 제외"
w_76a13745e6ffe802,N4,N4,人口,じんこう,,인구,인구,noun,word,1,pass_n4,pass_n4_p005_o0060,1,한자 읽기,w_76a13745e6ffe802,N4,verified,
w_65a286f85239935e,N4,N4,今度,こんど,,"지난번, 이번, 다음번","지난번, 이번, 다음번",noun,word,1,pass_n4,pass_n4_p005_o0045,1,한자 읽기,w_65a286f85239935e,N4,verified,
w_a2d0ec99952a034a,N4,N4,仕事,しごと,,"일, 업무","일, 업무",noun,word,1,pass_n4,pass_n4_p005_o0048,1,한자 읽기,w_a2d0ec99952a034a,N4,verified,
w_9b732b20a980aa33,N4,N4;N3,以下,いか,,이하,이하,noun,word,1,mkt_n3;pass_n4,mkt_n3_p009_o0187;pass_n4_p010_o0189,2,명사;문맥 규정,w_9b732b20a980aa33,N4,verified,문자 좌표 검증 완료; 선형 텍스트 레이어 순서 불일치
w_060f1114c79315a0,N4,N4,以外,いがい,,이외,이외,suffix,word,1,pass_n4,pass_n4_p004_o0007,1,한자 읽기,w_060f1114c79315a0,N4,verified,
w_1ab8dbcb347cb969,N4,N4,会場,かいじょう,,회장(장소),회장(장소),noun,word,1,pass_n4,pass_n4_p010_o0204,1,문맥 규정,w_1ab8dbcb347cb969,N4,verified,
w_cdd7a87cb431f2fe,N4,N4;N3,伝える,つたえる,,"전하다, 전달하다","전달하다;전하다, 전달하다",verb,word,1,pass_n3;pass_n4,pass_n3_p006_o0092;pass_n4_p025_o0410,2,한자 읽기;용법,w_cdd7a87cb431f2fe,N4,verified,"pass_n4 용법 구역: 원본 보존, 앱 단어 목록 제외"
w_2bb6d647e65c37de,N4,N4;N3,似合う,にあう,,어울리다,어울리다,verb,word,1,mkt_n3;pass_n3;pass_n4,mkt_n3_p005_o0087;pass_n3_p020_o0595;pass_n4_p025_o0415,3,동사;용법,w_2bb6d647e65c37de,N4,verified,"pass_n3 용법 구역: 원본 보존, 앱 단어 목록 제외;pass_n4 용법 구역: 원본 보존, 앱 단어 목록 제외"
w_32e9e6b68a78d461,N4,N4,住む,すむ,,"살다, 주거하다","살다, 주거하다;살다, 거주하다",verb,word,1,pass_n4,pass_n4_p006_o0063;pass_n4_p009_o0157,2,한자 읽기;한자 표기,w_32e9e6b68a78d461,N4,verified,
w_33eb2a09cc895fea,N4,N4,住所,じゅうしょ,,주소,주소,noun,word,1,pass_n4,pass_n4_p005_o0055,1,한자 읽기,w_33eb2a09cc895fea,N4,verified,
w_aa000a65e6fbc744,N4,N4,体,からだ,,몸,몸,noun,word,1,pass_n4,pass_n4_p004_o0028,1,한자 읽기,w_aa000a65e6fbc744,N4,verified,
w_d4c2e0e758843e78,N4,N4,作る,つくる,,만들다,만들다,verb,word,1,pass_n4,pass_n4_p009_o0164,1,한자 표기,w_d4c2e0e758843e78,N4,verified,
w_922465604dc39d60,N4,N4,使う,つかう,,사용하다,사용하다,verb,word,1,pass_n4,pass_n4_p006_o0078;pass_n4_p009_o0162,2,한자 읽기;한자 표기,w_922465604dc39d60,N4,verified,
w_9439a2cee60f4d2e,N4,N4;N3,借りる,かりる,,빌리다,"빌리다;빌리다, 꾸다",verb,word,1,mkt_n3;pass_n3;pass_n4,mkt_n3_p003_o0034;pass_n3_p009_o0193;pass_n4_p004_o0029;pass_n4_p008_o0147,4,동사;한자 표기;한자 읽기,w_9439a2cee60f4d2e,N4,verified,
w_97e848d99b0eff6d,N4,N4,傘をさす,かさをさす,,우산을 쓰다,우산을 쓰다,expression,word,1,pass_n4,pass_n4_p010_o0206,1,문맥 규정,w_97e848d99b0eff6d,N4,verified,문자 좌표 검증 완료; 선형 텍스트 레이어 순서 불일치
w_1a8145055259b59e,N4,N4,働く,はたらく,,일하다,일하다,verb,word,1,pass_n4,pass_n4_p006_o0091,1,한자 읽기,w_1a8145055259b59e,N4,verified,
w_b0cfed643a549bff,N4,N4,先輩,せんぱい,,선배,선배,noun,word,1,pass_n4,pass_n4_p011_o0233,1,문맥 규정,w_b0cfed643a549bff,N4,verified,
w_0868c5b03add8f4b,N4,N4,公園,こうえん,,공원,공원,noun,word,1,pass_n4,pass_n4_p005_o0042,1,한자 읽기,w_0868c5b03add8f4b,N4,verified,
w_e788698d1bb0ba86,N4,N4,写真家,しゃしんか,,사진가,사진가,noun,word,1,pass_n4,pass_n4_p005_o0054,1,한자 읽기,w_e788698d1bb0ba86,N4,verified,
w_ae61b1ee281c0b65,N4,N4,出発,しゅっぱつ,,출발,출발,verb,word,1,pass_n4,pass_n4_p005_o0056,1,한자 읽기,w_ae61b1ee281c0b65,N4,verified,
w_91aab3948246fcb4,N4,N4;N3,別れる,わかれる,,헤어지다,"헤어지다, 작별하다;헤어지다",verb,word,1,pass_n3;pass_n4,pass_n3_p011_o0270;pass_n4_p009_o0183,2,문맥 규정;한자 표기,w_91aab3948246fcb4,N4,verified,
w_64be2910e46903c8,N4,N4,利用,りよう,,이용,이용,noun,word,1,pass_n4,pass_n4_p013_o0273,1,문맥 규정,w_64be2910e46903c8,N4,verified,
w_00016e229a19b84b,N4,N4,力,ちから,,힘,힘,noun,word,1,pass_n4,pass_n4_p006_o0074,1,한자 읽기,w_00016e229a19b84b,N4,verified,
w_80121247ba5c6668,N4,N4,勉強,べんきょう,,공부,공부,verb,word,1,pass_n4,pass_n4_p007_o0100;pass_n4_p009_o0174,2,한자 읽기;한자 표기,w_80121247ba5c6668,N4,verified,
w_f88777c9431a4158,N4,N4,医者,いしゃ,,의사,의사,noun,word,1,pass_n4,pass_n4_p004_o0009;pass_n4_p008_o0128,2,한자 읽기;한자 표기,w_f88777c9431a4158,N4,verified,
w_2c493e7b6b9a7630,N4,N4;N2,十分,じゅうぶん,,충분,충분;충분히,adverb,word,1,mkt_n2;pass_n4,mkt_n2_p018_o0480;pass_n4_p008_o0154,2,부사;한자 표기,w_2c493e7b6b9a7630,N4,verified,
w_ee4275bf54d8cb36,N4,N4;N3,原因,げんいん,,원인,원인,noun,word,1,mkt_n3;pass_n3;pass_n4,mkt_n3_p012_o0286;pass_n3_p009_o0189;pass_n4_p024_o0392,3,명사;한자 표기;용법,w_ee4275bf54d8cb36,N4,verified,"pass_n4 용법 구역: 원본 보존, 앱 단어 목록 제외"
w_f13ff200945fa25c,N4,N4,去年,きょねん,,작년,작년,noun,word,1,pass_n4,pass_n4_p005_o0035,1,한자 읽기,w_f13ff200945fa25c,N4,verified,
w_29fd13f6f877956f,N4,N4;N3,台所,だいどころ,,부엌,부엌,noun,word,1,mkt_n3;pass_n3;pass_n4,mkt_n3_p016_o0392;pass_n3_p016_o0458;pass_n4_p006_o0070,3,명사;유의어;한자 읽기,w_29fd13f6f877956f,N4,verified,"pass_n3 유의어 구역: 원본 보존, 앱 단어 목록 제외"
w_39d6e2a4488bd9a4,N4,N4;N3,台風,たいふう,,태풍,태풍,noun,word,1,mkt_n3;pass_n4,mkt_n3_p016_o0393;pass_n4_p009_o0158,2,명사;한자 표기,w_39d6e2a4488bd9a4,N4,verified,
w_fc1b38b22097ee9b,N4,N4,同じ,おなじ,,"같음, 동일함","같음, 동일함",adjective,word,1,pass_n4,pass_n4_p008_o0139,1,한자 표기,w_fc1b38b22097ee9b,N4,verified,
w_be4b2b8277c1d5eb,N4,N4,味,あじ,,맛,맛,noun,word,1,pass_n4,pass_n4_p004_o0002,1,한자 읽기,w_be4b2b8277c1d5eb,N4,verified,
w_c2fec2e6661fa73e,N4,N4,品物,しなもの,,물건,물건,noun,word,1,pass_n4,pass_n4_p005_o0051,1,한자 읽기,w_c2fec2e6661fa73e,N4,verified,
w_81fc20339d20785d,N4,N4,喉,のど,,목(구멍),목(구멍),noun,word,1,pass_n4,pass_n4_p012_o0253,1,문맥 규정,w_81fc20339d20785d,N4,verified,
w_a81ed89f2576bc17,N4,N4,噛む,かむ,,씹다,씹다,verb,word,1,pass_n4,pass_n4_p011_o0210,1,문맥 규정,w_a81ed89f2576bc17,N4,verified,
w_15616b41437aee25,N4,N4,図書館,としょかん,,도서관,도서관,noun,word,1,pass_n4,pass_n4_p006_o0085,1,한자 읽기,w_15616b41437aee25,N4,verified,
w_7400af29ea55cfe6,N4,N4;N3,固い,かたい,,딱딱하다,딱딱하다,adjective,word,1,pass_n3;pass_n4,pass_n3_p005_o0040;pass_n4_p010_o0207,2,한자 읽기;문맥 규정,w_7400af29ea55cfe6,N4,verified,문자 좌표 검증 완료; 선형 텍스트 레이어 순서 불일치
w_48838b2b24ace976,N4,N4,地図,ちず,,지도,지도,noun,word,1,pass_n4,pass_n4_p009_o0161,1,한자 표기,w_48838b2b24ace976,N4,verified,
w_6daba7f91aed2e31,N4,N4,地理,ちり,,지리,지리,noun,word,1,pass_n4,pass_n4_p006_o0077,1,한자 읽기,w_6daba7f91aed2e31,N4,verified,
w_f7f9155e0d8b6c02,N4,N4,坂,さか,,언덕,언덕,noun,word,1,pass_n4,pass_n4_p011_o0222,1,문맥 규정,w_f7f9155e0d8b6c02,N4,verified,
w_e5149e3df7b27eb5,N4,N4,壁,かべ,,벽,벽,noun,word,1,pass_n4,pass_n4_p010_o0208,1,문맥 규정,w_e5149e3df7b27eb5,N4,verified,
w_df378927cc7ca748,N4,N4,声,こえ,,목소리,목소리,noun,word,1,pass_n4,pass_n4_p005_o0044,1,한자 읽기,w_df378927cc7ca748,N4,verified,
w_5172b1665f9af516,N4,N4,売る,うる,,팔다,팔다,verb,word,1,pass_n4,pass_n4_p008_o0132,1,한자 표기,w_5172b1665f9af516,N4,verified,
w_4f72173f593c933a,N4,N4,変な味がする,へんなあじがする,,이상한 맛이 나다,이상한 맛이 나다,verb,word,1,pass_n4,pass_n4_p012_o0260,1,문맥 규정,w_4f72173f593c933a,N4,verified,
w_246ecd1df45ca078,N4,N4,夏,なつ,,여름,여름,adverb,word,1,pass_n4,pass_n4_p006_o0088,1,한자 읽기,w_246ecd1df45ca078,N4,verified,
w_9d6fc0a786122b00,N4,N4,夕方,ゆうがた,,저녁,저녁,adverb,word,1,pass_n4,pass_n4_p007_o0107,1,한자 읽기,w_9d6fc0a786122b00,N4,verified,
w_33531b76799297b3,N4,N4,夕飯,ゆうはん,,저녁 식사,저녁 식사,noun,word,1,pass_n4,pass_n4_p009_o0178,1,한자 표기,w_33531b76799297b3,N4,verified,
w_4d2ace818d1c6875,N4,N4,夜,よる,,밤,밤,adverb,word,1,pass_n4,pass_n4_p007_o0111;pass_n4_p009_o0181,2,한자 읽기;한자 표기,w_4d2ace818d1c6875,N4,verified,
w_ff87bb6908adb37e,N4,N4;N2,大抵,たいてい,,대체로,대체로,adverb,word,1,mkt_n2;pass_n4,mkt_n2_p018_o0486;pass_n4_p025_o0407,2,부사;용법,w_ff87bb6908adb37e,N4,verified,"pass_n4 용법 구역: 원본 보존, 앱 단어 목록 제외"
w_c74a66c4365c71f2,N4,N4,太る,ふとる,,뚱뚱해지다,뚱뚱해지다,verb,word,1,pass_n4,pass_n4_p012_o0259,1,문맥 규정,w_c74a66c4365c71f2,N4,verified,
w_50f24aa0feb95de6,N4,N4,失敗,しっぱい,,"실패, 실수","실패, 실수",noun,word,1,pass_n4,pass_n4_p011_o0226,1,문맥 규정,w_50f24aa0feb95de6,N4,verified,
w_1744f91eeb9a3305,N4,N4,失礼,しつれい,,실례임,실례임,noun,word,1,pass_n4,pass_n4_p011_o0227,1,문맥 규정,w_1744f91eeb9a3305,N4,verified,
w_0611fb1bc235a05e,N4,N4,妹,いもうと,,여동생,여동생,noun,word,1,pass_n4,pass_n4_p004_o0011,1,한자 읽기,w_0611fb1bc235a05e,N4,verified,
w_cf3e5eef92626820,N4,N4,姉,あね,,"언니, 누나","언니, 누나",noun,word,1,pass_n4,pass_n4_p008_o0124,1,한자 표기,w_cf3e5eef92626820,N4,verified,
w_9965df3c9edf91a3,N4,N4,始まる,はじまる,,시작되다,시작되다,verb,word,1,pass_n4,pass_n4_p009_o0169,1,한자 표기,w_9965df3c9edf91a3,N4,verified,
w_64fa0e7b2bfbed44,N4,N4,安全,あんぜん,,안전함,안전함,noun,word,1,pass_n4,pass_n4_p010_o0187;pass_n4_p024_o0376,2,문맥 규정;용법,w_64fa0e7b2bfbed44,N4,verified,"pass_n4 용법 구역: 원본 보존, 앱 단어 목록 제외"
w_e0d2ff329006b946,N4,N4,安心,あんしん,,안심,안심,noun,word,1,pass_n4,pass_n4_p004_o0006,1,한자 읽기,w_e0d2ff329006b946,N4,verified,
w_67a0aa7719932f47,N4,N4,家族,かぞく,,가족,가족,noun,word,1,pass_n4,pass_n4_p004_o0026;pass_n4_p008_o0146,2,한자 읽기;한자 표기,w_67a0aa7719932f47,N4,verified,
w_ac21ad66d2a3ae57,N4,N4;N2,寄る,よる,,들르다,들르다,verb,word,1,mkt_n2;pass_n4,mkt_n2_p009_o0234;pass_n4_p012_o0272,2,동사;문맥 규정,w_ac21ad66d2a3ae57,N4,verified,
w_e6f31fc4583cd356,N4,N4,小鳥,ことり,,작은 새,작은 새,noun,word,1,pass_n4,pass_n4_p008_o0152,1,한자 표기,w_e6f31fc4583cd356,N4,verified,
w_f139c41c0e6437b1,N4,N4,屋上,おくじょう,,옥상,옥상,noun,word,1,pass_n4,pass_n4_p010_o0197,1,문맥 규정,w_f139c41c0e6437b1,N4,verified,
w_c6659c1fa6c5b3cc,N4,N4,工場,こうじょう,,공장,공장,noun,word,1,pass_n4,pass_n4_p005_o0043,1,한자 읽기,w_c6659c1fa6c5b3cc,N4,verified,
w_120144f6fe5e6500,N4,N4,帰る,かえる,,돌아가(오)다,돌아가(오)다,verb,word,1,pass_n4,pass_n4_p004_o0023;pass_n4_p008_o0144,2,한자 읽기;한자 표기,w_120144f6fe5e6500,N4,verified,
w_ebc09b03cd09c23d,N4,N4,広い,ひろい,,넓다,넓다,adjective,word,1,pass_n4,pass_n4_p007_o0096;pass_n4_p009_o0171,2,한자 읽기;한자 표기,w_ebc09b03cd09c23d,N4,verified,
w_49e199d4cfd26179,N4,N4,建てる,たてる,,"(건물을) 세우다, 짓다","(건물을) 세우다, 짓다",verb,word,1,pass_n4,pass_n4_p009_o0160,1,한자 표기,w_49e199d4cfd26179,N4,verified,
w_d86b7b1d350ddc0e,N4,N4,建物,たてもの,,건물,건물,noun,word,1,pass_n4,pass_n4_p006_o0071,1,한자 읽기,w_d86b7b1d350ddc0e,N4,verified,
w_a73aed42cd32a397,N4,N4,引き出し,ひきだし,,서랍,서랍,noun,word,1,pass_n4,pass_n4_p012_o0258,1,문맥 규정,w_a73aed42cd32a397,N4,verified,
w_c1704a9998ae7783,N4,N4,弟,おとうと,,남동생,남동생,noun,word,1,pass_n4,pass_n4_p008_o0138,1,한자 표기,w_c1704a9998ae7783,N4,verified,
w_242bf20f46ca8a31,N4,N4,弱い,よわい,,약하다,약하다,adjective,word,1,pass_n4,pass_n4_p007_o0112,1,한자 읽기,w_242bf20f46ca8a31,N4,verified,
w_f0b5618bdca7c0ae,N4,N4,強い,つよい,,"강하다, 세다","강하다, 세다",adjective,word,1,pass_n4,pass_n4_p006_o0080,1,한자 읽기,w_f0b5618bdca7c0ae,N4,verified,
w_f512b11ec146e858,N4,N4,役に立つ,やくにたつ,,도움이 되다,도움이 되다,verb,word,1,pass_n4,pass_n4_p012_o0267,1,문맥 규정,w_f512b11ec146e858,N4,verified,
w_610cccf8116412db,N4,N4,待つ,まつ,,기다리다,기다리다,verb,word,1,pass_n4,pass_n4_p007_o0103,1,한자 읽기,w_610cccf8116412db,N4,verified,
w_f7e7cb647a4e4a2d,N4,N4,怖い,こわい,,무섭다,무섭다,adjective,word,1,pass_n4,pass_n4_p011_o0221,1,문맥 규정,w_f7e7cb647a4e4a2d,N4,verified,
w_ad45cbb678a84e73,N4,N4,思い出す,おもいだす,,생각해내다,생각해내다,verb,word,1,pass_n4,pass_n4_p008_o0141,1,한자 표기,w_ad45cbb678a84e73,N4,verified,
w_35b6a541cf7ae323,N4,N4;N3,急ぐ,いそぐ,,서두르다,서두르다,verb,word,1,mkt_n3;pass_n4,mkt_n3_p002_o0008;pass_n4_p004_o0010;pass_n4_p008_o0129,3,동사;한자 읽기;한자 표기,w_35b6a541cf7ae323,N4,verified,
w_d57280b80350a7dc,N4,N4;N3,急に,きゅうに,,갑자기,갑자기,adverb,word,1,mkt_n3;pass_n3;pass_n4,mkt_n3_p019_o0494;pass_n3_p020_o0597;pass_n4_p005_o0033,3,부사;용법;한자 읽기,w_d57280b80350a7dc,N4,verified,"pass_n3 용법 구역: 원본 보존, 앱 단어 목록 제외"
w_73ffa785cc5313e0,N4,N4,恥ずかしい,はずかしい,,부끄럽다,부끄럽다,adjective,word,1,pass_n4,pass_n4_p012_o0255;pass_n4_p025_o0418,2,문맥 규정;용법,w_73ffa785cc5313e0,N4,verified,"pass_n4 용법 구역: 원본 보존, 앱 단어 목록 제외"
w_e35c50f0e29bf03b,N4,N4,悪い,わるい,,"나쁘다, 안 좋다","나쁘다, 안 좋다",adjective,word,1,pass_n4,pass_n4_p007_o0116,1,한자 읽기,w_e35c50f0e29bf03b,N4,verified,
w_65ff00fa44851c46,N4,N4;N3,成功,せいこう,,성공,성공,noun,word,1,mkt_n3;pass_n4,mkt_n3_p015_o0373;pass_n4_p011_o0231,2,명사;문맥 규정,w_65ff00fa44851c46,N4,verified,
w_ea0e0b2919d233c4,N4,N4;N3,打つ,うつ,,치다,치다;부딪치다,verb,word,1,mkt_n3;pass_n4,mkt_n3_p002_o0013;pass_n4_p010_o0194,2,동사;문맥 규정,w_ea0e0b2919d233c4,N4,verified,문자 좌표 검증 완료; 선형 텍스트 레이어 순서 불일치
w_6030ad7342be5a00,N4,N4;N3;N2,技術,ぎじゅつ,,기술,기술,noun,word,1,mkt_n2;mkt_n3;pass_n4,mkt_n2_p014_o0358;mkt_n3_p011_o0249;pass_n4_p011_o0213,3,명사;문맥 규정,w_6030ad7342be5a00,N4,verified,
w_d88b02752fa01c86,N4,N4;N3,折れる,おれる,,"꺾이다,접히다","꺾이다,접히다;부러지다, 꺾이다;꺾이다, 접히다",verb,word,1,mkt_n3;pass_n3;pass_n4,mkt_n3_p002_o0025;pass_n3_p006_o0102;pass_n4_p010_o0203,3,동사;한자 읽기;문맥 규정,w_d88b02752fa01c86,N4,verified,
w_fb19c4f695feaed4,N4,N4;N3,招待,しょうたい,,초대,초대,noun,word,1,mkt_n3;pass_n4,mkt_n3_p014_o0353;pass_n4_p011_o0230,2,명사;문맥 규정,w_fb19c4f695feaed4,N4,verified,
w_21fd16f73e1ad0b7,N4,N4,持つ,もつ,,"가지다, 들다","가지다, 들다",verb,word,1,pass_n4,pass_n4_p009_o0176,1,한자 표기,w_21fd16f73e1ad0b7,N4,verified,
w_b6b49f13cc187ba2,N4,N4;N3;N2,捨てる,すてる,,버리다,버리다,verb,word,1,mkt_n2;mkt_n3;pass_n4,mkt_n2_p005_o0107;mkt_n3_p004_o0061;pass_n4_p025_o0403,3,동사;용법,w_b6b49f13cc187ba2,N4,verified,"pass_n4 용법 구역: 원본 보존, 앱 단어 목록 제외"
w_b3e3767bc3126c01,N4,N4;N3,支度,したく,,"준비,채비","준비,채비;준비, 채비",noun,word,1,mkt_n3;pass_n4,mkt_n3_p014_o0329;pass_n4_p024_o0399,2,명사;용법,w_b3e3767bc3126c01,N4,verified,"pass_n4 용법 구역: 원본 보존, 앱 단어 목록 제외"
w_8062e88fe08c96aa,N4,N4,放送,ほうそう,,방송,방송,verb,word,1,pass_n4,pass_n4_p012_o0262,1,문맥 규정,w_8062e88fe08c96aa,N4,verified,
w_370f1a5eb54ef6fb,N4,N4;N3,故障,こしょう,,고장,고장,noun,word,1,mkt_n3;pass_n4,mkt_n3_p013_o0307;pass_n4_p024_o0394,2,명사;용법,w_370f1a5eb54ef6fb,N4,verified,"pass_n4 용법 구역: 원본 보존, 앱 단어 목록 제외"
w_d5962a44ebfdac96,N4,N4;N3,教える,おしえる,,가르치다,가르치다,verb,word,1,pass_n3;pass_n4,pass_n3_p017_o0486;pass_n4_p008_o0137,2,유의어;한자 표기,w_d5962a44ebfdac96,N4,verified,"pass_n3 유의어 구역: 원본 보존, 앱 단어 목록 제외"
w_b5ddcfc1093c0a25,N4,N4,教室,きょうしつ,,교실,교실,noun,word,1,pass_n4,pass_n4_p005_o0034,1,한자 읽기,w_b5ddcfc1093c0a25,N4,verified,
w_afca84ce3be3c5e2,N4,N4,料理,りょうり,,요리,요리,verb,word,1,pass_n4,pass_n4_p007_o0113,1,한자 읽기,w_afca84ce3be3c5e2,N4,verified,
w_1a3b302f94e074b6,N4,N4,旅行,りょこう,,여행,여행,verb,word,1,pass_n4,pass_n4_p007_o0115;pass_n4_p009_o0182,2,한자 읽기;한자 표기,w_1a3b302f94e074b6,N4,verified,
w_d2d17c235816d966,N4,N4,旅館,りょかん,,여관,여관,noun,word,1,pass_n4,pass_n4_p007_o0114,1,한자 읽기,w_d2d17c235816d966,N4,verified,
w_5b55a10a5d6814d6,N4,N4,日本製,にほんせい,,일본제(품),일본제(품),noun,word,1,pass_n4,pass_n4_p012_o0250,1,문맥 규정,w_5b55a10a5d6814d6,N4,verified,
w_b1f3838130aea336,N4,N4,早い,はやい,,"이르다, 빠르다","이르다, 빠르다;(시간적으로) 이르다, 빠르다",adjective,word,1,pass_n4,pass_n4_p006_o0092;pass_n4_p009_o0170,2,한자 읽기;한자 표기,w_b1f3838130aea336,N4,verified,
w_26b1c6419970fa60,N4,N4,早く,はやく,,"일찍, 빨리","일찍, 빨리",adverb,word,1,pass_n4,pass_n4_p006_o0093,1,한자 읽기,w_26b1c6419970fa60,N4,verified,
w_64d7f2701ad55caf,N4,N4,明るい,あかるい,,밝다,밝다,adjective,word,1,pass_n4,pass_n4_p007_o0120,1,한자 표기,w_64d7f2701ad55caf,N4,verified,
w_d50cec7f098a628f,N4,N4,春,はる,,봄,봄,adverb,word,1,pass_n4,pass_n4_p006_o0094,1,한자 읽기,w_d50cec7f098a628f,N4,verified,
w_22cceba4a8a12ced,N4,N4,時計,とけい,,시계,시계,noun,word,1,pass_n4,pass_n4_p009_o0165,1,한자 표기,w_22cceba4a8a12ced,N4,verified,
w_df800d38380b4325,N4,N4,暑い,あつい,,덥다,덥다,adjective,word,1,pass_n4,pass_n4_p004_o0004,1,한자 읽기,w_df800d38380b4325,N4,verified,
w_7a4013968ca9088b,N4,N4,暖房,だんぼう,,난방,난방,noun,word,1,pass_n4,pass_n4_p011_o0241,1,문맥 규정,w_7a4013968ca9088b,N4,verified,
w_871d839872345899,N4,N4;N3,暗い,くらい,,어둡다,어둡다,i_adjective,word,1,mkt_n3;pass_n4,mkt_n3_p007_o0140;pass_n4_p008_o0150,2,い형용사;한자 표기,w_871d839872345899,N4,verified,
w_020d0976fb3b52e1,N4,N4,服,ふく,,옷,옷,noun,word,1,pass_n4,pass_n4_p007_o0097;pass_n4_p009_o0172,2,한자 읽기;한자 표기,w_020d0976fb3b52e1,N4,verified,
w_056a42c64d14eeb3,N4,N4;N3,案内,あんない,,안내,안내,verb,word,1,pass_n3;pass_n4,pass_n3_p007_o0138;pass_n4_p010_o0188,2,한자 표기;문맥 규정,w_056a42c64d14eeb3,N4,verified,
w_5cb12a6a437a0e71,N4,N4;N3;N2,植える,うえる,,심다,심다;(나무를) 심다,verb,word,1,mkt_n2;mkt_n3;pass_n3;pass_n4,mkt_n2_p002_o0022;mkt_n3_p002_o0010;pass_n3_p019_o0548;pass_n4_p010_o0193,4,동사;용법;문맥 규정,w_5cb12a6a437a0e71,N4,verified,"pass_n3 용법 구역: 원본 보존, 앱 단어 목록 제외;문자 좌표 검증 완료; 선형 텍스트 레이어 순서 불일치"
w_8d526aa1c09b62a2,N4,N4,楽しい,たのしい,,즐겁다,즐겁다,adjective,word,1,pass_n4,pass_n4_p006_o0072,1,한자 읽기,w_8d526aa1c09b62a2,N4,verified,
w_c1320ed4f7e412d5,N4,N4;N3,機会,きかい,,기회,기회,noun,word,1,mkt_n3;pass_n3;pass_n4,mkt_n3_p011_o0247;pass_n3_p017_o0503;pass_n4_p011_o0212;pass_n4_p024_o0390,4,명사;유의어;문맥 규정;용법,w_c1320ed4f7e412d5,N4,verified,"pass_n3 유의어 구역: 원본 보존, 앱 단어 목록 제외;pass_n4 용법 구역: 원본 보존, 앱 단어 목록 제외"
w_01fbc4d975317826,N4,N4,歌,うた,,노래,노래,noun,word,1,pass_n4,pass_n4_p004_o0013;pass_n4_p008_o0131,2,한자 읽기;한자 표기,w_01fbc4d975317826,N4,verified,
w_ac4a28f37332b6a0,N4,N4,止まる,とまる,,멈추다,멈추다,verb,word,1,pass_n4,pass_n4_p006_o0086,1,한자 읽기,w_ac4a28f37332b6a0,N4,verified,
w_135d5d9ad0c14376,N4,N4,正しい,ただしい,,"바르다, 옳다","바르다, 옳다",adjective,word,1,pass_n4,pass_n4_p009_o0159,1,한자 표기,w_135d5d9ad0c14376,N4,verified,
w_a8ec89206d4fff44,N4,N4,歩く,あるく,,걷다,걷다,verb,word,1,pass_n4,pass_n4_p004_o0005;pass_n4_p008_o0126,2,한자 읽기;한자 표기,w_a8ec89206d4fff44,N4,verified,
w_add93d927612cd8c,N4,N4,死ぬ,しぬ,,죽다,죽다,verb,word,1,pass_n4,pass_n4_p005_o0052;pass_n4_p008_o0153,2,한자 읽기;한자 표기,w_add93d927612cd8c,N4,verified,
w_6c5961195e358c1a,N4,N4,残念,ざんねん,,"유감스러움, 섭섭함","유감스러움, 섭섭함",adjective,word,1,pass_n4,pass_n4_p011_o0225,1,문맥 규정,w_6c5961195e358c1a,N4,verified,
w_4e58298752ee2215,N4,N4,毎朝,まいあさ,,매일 아침,매일 아침,adverb,word,1,pass_n4,pass_n4_p007_o0101,1,한자 읽기,w_4e58298752ee2215,N4,verified,
w_457792e517b639ae,N4,N4,比べる,くらべる,,비교하다,비교하다,verb,word,1,pass_n4,pass_n4_p011_o0216,1,문맥 규정,w_457792e517b639ae,N4,verified,
w_c6da63b3adc73b9c,N4,N4,気分,きぶん,,기분,기분,noun,word,1,pass_n4,pass_n4_p005_o0031,1,한자 읽기,w_c6da63b3adc73b9c,N4,verified,
w_a93adb84663bb23a,N4,N4,池,いけ,,연못,연못,noun,word,1,pass_n4,pass_n4_p004_o0008,1,한자 읽기,w_a93adb84663bb23a,N4,verified,
w_07c535ca309cce2e,N4,N4,治る,なおる,,(병이) 낫다,(병이) 낫다,verb,word,1,pass_n4,pass_n4_p012_o0247,1,문맥 규정,w_07c535ca309cce2e,N4,verified,
w_8619e53d00fa496b,N4,N4,注意,ちゅうい,,주의,주의,noun,word,1,pass_n4,pass_n4_p006_o0076,1,한자 읽기,w_8619e53d00fa496b,N4,verified,
w_8eb8b9611ad0e755,N4,N4,洋服,ようふく,,"양복, 서양식 옷","양복, 서양식 옷",noun,word,1,pass_n4,pass_n4_p007_o0110,1,한자 읽기,w_8eb8b9611ad0e755,N4,verified,
w_336db92caf7feb12,N4,N4,洗う,あらう,,씻다,씻다,verb,word,1,pass_n4,pass_n4_p008_o0125,1,한자 표기,w_336db92caf7feb12,N4,verified,
w_58fbfd02bb2ac2a8,N4,N4;N3,洗濯,せんたく,,"세탁,빨래","세탁,빨래;세탁",noun,word,1,mkt_n3;pass_n4,mkt_n3_p015_o0379;pass_n4_p025_o0404,2,명사;용법,w_58fbfd02bb2ac2a8,N4,verified,"pass_n4 용법 구역: 원본 보존, 앱 단어 목록 제외"
w_5a94cb733d2667ae,N4,N4,海,うみ,,바다,바다,noun,word,1,pass_n4,pass_n4_p004_o0014,1,한자 읽기,w_5a94cb733d2667ae,N4,verified,
w_aa95df5f5126e1d4,N4,N4,準備,じゅんび,,준비,준비,verb,word,1,pass_n4,pass_n4_p011_o0229;pass_n4_p025_o0402,2,문맥 규정;용법,w_aa95df5f5126e1d4,N4,verified,"pass_n4 용법 구역: 원본 보존, 앱 단어 목록 제외"
w_7ae36e87130d5564,N4,N4,熱心,ねっしん,,열심임,열심임,adjective,word,1,pass_n4,pass_n4_p012_o0251;pass_n4_p025_o0417,2,문맥 규정;용법,w_7ae36e87130d5564,N4,verified,"pass_n4 용법 구역: 원본 보존, 앱 단어 목록 제외"
w_18784069462d1c2d,N4,N4,牛肉,ぎゅうにく,,쇠고기,쇠고기,noun,word,1,pass_n4,pass_n4_p008_o0149,1,한자 표기,w_18784069462d1c2d,N4,verified,
w_659e7119f6bc1968,N4,N4,特に,とくに,,특히,특히,adverb,word,1,pass_n4,pass_n4_p006_o0083,1,한자 읽기,w_659e7119f6bc1968,N4,verified,
w_5fde11c622132f70,N4,N4;N2,特別,とくべつ,,특별,특별,noun,word,1,mkt_n2;pass_n4,mkt_n2_p015_o0393;pass_n4_p006_o0084,2,명사;한자 읽기,w_5fde11c622132f70,N4,verified,
w_0eb0f469760ebd47,N4,N4,犬,いぬ,,개,개,noun,word,1,pass_n4,pass_n4_p008_o0130,1,한자 표기,w_0eb0f469760ebd47,N4,verified,
w_b459360382d1d575,N4,N4;N2;N1,珍しい,めずらしい,,흔치않다,"흔치않다;드문, 흔히 없는;진귀하다, 드물다",i_adjective,word,1,mkt_n2;pass_n1;pass_n4,mkt_n2_p011_o0276;pass_n1_p021_o0606;pass_n4_p012_o0266,3,い형용사;유의어;문맥 규정,w_b459360382d1d575,N4,verified,"pass_n1 유의어 구역: 원본 보존, 앱 단어 목록 제외"
w_1cef1addc8a55e61,N4,N4,生産,せいさん,,생산,생산,verb,word,1,pass_n4,pass_n4_p011_o0232,1,문맥 규정,w_1cef1addc8a55e61,N4,verified,
w_172254f545edb835,N4,N4,産業,さんぎょう,,산업,산업,noun,word,1,pass_n4,pass_n4_p005_o0047,1,한자 읽기,w_172254f545edb835,N4,verified,
w_e5782e3d2ce38351,N4,N4,用事,ようじ,,"볼일, 용무","볼일, 용무",noun,word,1,pass_n4,pass_n4_p009_o0180,1,한자 표기,w_e5782e3d2ce38351,N4,verified,
w_ce82994eef75b52b,N4,N4,用意,ようい,,"준비, 대비, 주의","준비, 대비, 주의",noun,word,1,pass_n4,pass_n4_p007_o0109,1,한자 읽기,w_ce82994eef75b52b,N4,verified,
w_9f1844144a87d5f8,N4,N4,町,まち,,"도회, 거리, 번화가","도회, 거리, 번화가",noun,word,1,pass_n4,pass_n4_p007_o0102,1,한자 읽기,w_9f1844144a87d5f8,N4,verified,
w_b45ab3aa718c9ee4,N4,N4,番組,ばんぐみ,,(방송) 프로그램,(방송) 프로그램,noun,word,1,pass_n4,pass_n4_p012_o0257,1,문맥 규정,w_b45ab3aa718c9ee4,N4,verified,
w_094490be80a547d0,N4,N4,病院,びょういん,,병원,병원,noun,word,1,pass_n4,pass_n4_p007_o0095,1,한자 읽기,w_094490be80a547d0,N4,verified,
w_a70c8ce575c5f9b5,N4,N4,直す,なおす,,고치다,고치다,verb,word,1,pass_n4,pass_n4_p012_o0246,1,문맥 규정,w_a70c8ce575c5f9b5,N4,verified,
w_374063268b20055a,N4,N4;N3,相談,そうだん,,상담,상담,noun,word,1,mkt_n3;pass_n3;pass_n4,mkt_n3_p015_o0384;pass_n3_p008_o0152;pass_n4_p011_o0234;pass_n4_p025_o0405,4,명사;한자 표기;문맥 규정;용법,w_374063268b20055a,N4,verified,"pass_n4 용법 구역: 원본 보존, 앱 단어 목록 제외"
w_40e8198866f8bacf,N4,N4,眠い,ねむい,,졸리다,졸리다,adjective,word,1,pass_n4,pass_n4_p012_o0252,1,문맥 규정,w_40e8198866f8bacf,N4,verified,
w_7bc71c6bc645f274,N4,N4,着く,つく,,도착하다,도착하다,verb,word,1,pass_n4,pass_n4_p006_o0079;pass_n4_p009_o0163,2,한자 읽기;한자 표기,w_7bc71c6bc645f274,N4,verified,
w_055109f1cf9d8a19,N4,N4,着る,きる,,(옷을) 입다,(옷을) 입다,verb,word,1,pass_n4,pass_n4_p005_o0036,1,한자 읽기,w_055109f1cf9d8a19,N4,verified,
w_d1d8955a6c320edc,N4,N4,着物,きもの,,"옷, 일본의 전통 의상","옷, 일본의 전통 의상",noun,word,1,pass_n4,pass_n4_p005_o0032,1,한자 읽기,w_d1d8955a6c320edc,N4,verified,
w_61071e3b17554ef2,N4,N4,知る,しる,,알다,알다,verb,word,1,pass_n4,pass_n4_p005_o0059;pass_n4_p008_o0155,2,한자 읽기;한자 표기,w_61071e3b17554ef2,N4,verified,
w_884fb9d7d1dd7e29,N4,N4;N3,研究,けんきゅう,,연구,연구,noun,word,1,mkt_n3;pass_n4,mkt_n3_p012_o0287;pass_n4_p005_o0041,2,명사;한자 읽기,w_884fb9d7d1dd7e29,N4,verified,
w_ba8a5ec7e21618b0,N4,N4,確かに,たしかに,,"분명히, 확실하게","분명히, 확실하게",adverb,word,1,pass_n4,pass_n4_p011_o0238,1,문맥 규정,w_ba8a5ec7e21618b0,N4,verified,
w_a3a919c22a9bfee2,N4,N4,祖母,そぼ,,"조모, 할머니","조모, 할머니",noun,word,1,pass_n4,pass_n4_p006_o0068,1,한자 읽기,w_a3a919c22a9bfee2,N4,verified,
w_92cdd1203bd7bf3f,N4,N4,秋,あき,,가을,가을,noun,word,1,pass_n4,pass_n4_p007_o0121,1,한자 표기,w_92cdd1203bd7bf3f,N4,verified,
w_8a2c9ff3016d5fdb,N4,N4;N3,競争,きょうそう,,경쟁,경쟁,noun,word,1,mkt_n3;pass_n4,mkt_n3_p011_o0261;pass_n4_p011_o0214,2,명사;문맥 규정,w_8a2c9ff3016d5fdb,N4,verified,
w_3dd3079113fb323d,N4,N4,答える,こたえる,,대답하다,대답하다,verb,word,1,pass_n4,pass_n4_p008_o0151,1,한자 표기,w_3dd3079113fb323d,N4,verified,
w_3aea6276aa973919,N4,N4;N3;N2,細かい,こまかい,,"잘다,작다,세세하다","세세하다;잘다,작다,세세하다;자세하다, 작다;잘다, 세세하다",i_adjective,word,1,mkt_n2;mkt_n3;pass_n3;pass_n4,mkt_n2_p010_o0256;mkt_n3_p007_o0144;pass_n3_p008_o0176;pass_n4_p011_o0220,4,い형용사;한자 표기;문맥 규정,w_3aea6276aa973919,N4,verified,
w_2e1c725abcc5c203,N4,N4,終わる,おわる,,끝나다,끝나다,verb,word,1,pass_n4,pass_n4_p004_o0020;pass_n4_p008_o0142,2,한자 읽기;한자 표기,w_2e1c725abcc5c203,N4,verified,
w_a0c558d30a7b5279,N4,N4,習う,ならう,,"익히다, 배우다","익히다, 배우다",verb,word,1,pass_n4,pass_n4_p009_o0166,1,한자 표기,w_a0c558d30a7b5279,N4,verified,
w_340c87e39330e2f2,N4,N4;N3,翻訳,ほんやく,,번역,번역,noun,word,1,pass_n3;pass_n4,pass_n3_p019_o0559;pass_n4_p012_o0263,2,용법;문맥 규정,w_340c87e39330e2f2,N4,verified,"pass_n3 용법 구역: 원본 보존, 앱 단어 목록 제외"
w_7d7f86172ab0383f,N4,N4,考える,かんがえる,,생각하다,생각하다,verb,word,1,pass_n4,pass_n4_p004_o0030;pass_n4_p008_o0148,2,한자 읽기;한자 표기,w_7d7f86172ab0383f,N4,verified,
w_ffe81a0eaf637bf5,N4,N4;N3,育てる,そだてる,,키우다,"키우다;키우다, 기르다;기르다, 키우다",verb,word,1,mkt_n3;pass_n3;pass_n4,mkt_n3_p004_o0062;pass_n3_p008_o0157;pass_n4_p025_o0406,3,동사;한자 표기;용법,w_ffe81a0eaf637bf5,N4,verified,"pass_n4 용법 구역: 원본 보존, 앱 단어 목록 제외"
w_a62467b4d9ae12aa,N4,N4,腕,うで,,팔,팔,noun,word,1,pass_n4,pass_n4_p010_o0195,1,문맥 규정,w_a62467b4d9ae12aa,N4,verified,
w_0f95b36b3f674661,N4,N4,自分,じぶん,,"자기, 자신","자기, 자신",pronoun,word,1,pass_n4,pass_n4_p005_o0053,1,한자 읽기,w_0f95b36b3f674661,N4,verified,
w_f643e180ad6ead7f,N4,N4,自転車,じてんしゃ,,자전거,자전거,noun,word,1,pass_n4,pass_n4_p005_o0050,1,한자 읽기,w_f643e180ad6ead7f,N4,verified,
w_224b3e9a42c8cc84,N4,N4;N3,興味,きょうみ,,흥미,"흥미;흥미, 관심",noun,word,1,mkt_n3;pass_n3;pass_n4,mkt_n3_p011_o0263;pass_n3_p013_o0345;pass_n4_p011_o0215,3,명사;문맥 규정,w_224b3e9a42c8cc84,N4,verified,
w_fda788e47b26a124,N4,N4,色,いろ,,색,색,noun,word,1,pass_n4,pass_n4_p004_o0012,1,한자 읽기,w_fda788e47b26a124,N4,verified,
w_e4cdc5489c0b1935,N4,N4,苦い,にがい,,(맛이) 쓰다,(맛이) 쓰다,adjective,word,1,pass_n4,pass_n4_p012_o0249,1,문맥 규정,w_e4cdc5489c0b1935,N4,verified,
w_1fc5c18bb5cc7a10,N4,N4,英語,えいご,,영어,영어,noun,word,1,pass_n4,pass_n4_p004_o0016,1,한자 읽기,w_1fc5c18bb5cc7a10,N4,verified,
w_fc8e103fb3f20c90,N4,N4,茶色,ちゃいろ,,갈색,갈색,noun,word,1,pass_n4,pass_n4_p006_o0075,1,한자 읽기,w_fc8e103fb3f20c90,N4,verified,
w_f4a67e44c4bba12a,N4,N4,西洋,せいよう,,서양,서양,noun,word,1,pass_n4,pass_n4_p006_o0064,1,한자 읽기,w_f4a67e44c4bba12a,N4,verified,
w_c510d4ba666ff0d0,N4,N4,見つかる,みつかる,,발견되다,발견되다,verb,word,1,pass_n4,pass_n4_p012_o0265,1,문맥 규정,w_c510d4ba666ff0d0,N4,verified,
w_1f00487cc5220d0a,N4,N4,親切,しんせつ,,친절함,친절함,adjective,word,1,pass_n4,pass_n4_p005_o0061;pass_n4_p009_o0156,2,한자 읽기;한자 표기,w_1f00487cc5220d0a,N4,verified,
w_ae678ec4c5e2d5a2,N4,N4;N3,触る,さわる,,만지다,만지다,verb,word,1,mkt_n3;pass_n4,mkt_n3_p003_o0052;pass_n4_p011_o0224,2,동사;문맥 규정,w_ae678ec4c5e2d5a2,N4,verified,
w_73250ecefaf912d8,N4,N4;N3,計画,けいかく,,계획,계획,noun,word,1,mkt_n3;pass_n4,mkt_n3_p012_o0275;pass_n4_p005_o0040,2,명사;한자 읽기,w_73250ecefaf912d8,N4,verified,
w_4d073713dd15eb5e,N4,N4,説明,せつめい,,설명,설명,noun,word,1,pass_n4,pass_n4_p006_o0066,1,한자 읽기,w_4d073713dd15eb5e,N4,verified,
w_40d9c28d25a9a53e,N4,N4;N2;N1,謝る,あやまる,,"사과하다,사죄하다","사과하다,사죄하다;사과하다",verb,word,1,mkt_n2;pass_n1;pass_n4,mkt_n2_p002_o0013;pass_n1_p019_o0544;pass_n4_p010_o0185;pass_n4_p024_o0375,4,동사;유의어;문맥 규정;용법,w_40d9c28d25a9a53e,N4,verified,"pass_n1 유의어 구역: 원본 보존, 앱 단어 목록 제외;pass_n4 용법 구역: 원본 보존, 앱 단어 목록 제외"
w_86fe8e891a4c6756,N4,N4;N3,貸す,かす,,빌려주다,빌려주다,verb,word,1,mkt_n3;pass_n3;pass_n4,mkt_n3_p003_o0033;pass_n3_p008_o0172;pass_n4_p004_o0024;pass_n4_p008_o0145,4,동사;한자 표기;한자 읽기,w_86fe8e891a4c6756,N4,verified,
w_0ac8132f3e6d49b7,N4,N4;N3,貿易,ぼうえき,,무역,무역,noun,word,1,mkt_n3;pass_n4,mkt_n3_p018_o0457;pass_n4_p012_o0261,2,명사;문맥 규정,w_0ac8132f3e6d49b7,N4,verified,
w_82875e45276d1dab,N4,N4,質問,しつもん,,질문,질문,noun,word,1,pass_n4,pass_n4_p005_o0049,1,한자 읽기,w_82875e45276d1dab,N4,verified,
w_437695515bff3fff,N4,N4,走る,はしる,,달리다,달리다,verb,word,1,pass_n4,pass_n4_p006_o0090,1,한자 읽기,w_437695515bff3fff,N4,verified,
w_39a427c6dee763c4,N4,N4;N3,起きる,おきる,,일어나다,일어나다,verb,word,1,pass_n3;pass_n4,pass_n3_p011_o0271;pass_n4_p008_o0135,2,문맥 규정;한자 표기,w_39a427c6dee763c4,N4,verified,
w_78056a089f127eb8,N4,N4,足す,たす,,더하다,더하다,verb,word,1,pass_n4,pass_n4_p011_o0239,1,문맥 규정,w_78056a089f127eb8,N4,verified,
w_fdd9b9f78460e5ed,N4,N4,足りる,たりる,,"족하다, 충분하다","족하다, 충분하다",verb,word,1,pass_n4,pass_n4_p006_o0073,1,한자 읽기,w_fdd9b9f78460e5ed,N4,verified,
w_cddfb8463bd2f84b,N4,N4,近所,きんじょ,,"근처, 부근","근처, 부근",noun,word,1,pass_n4,pass_n4_p005_o0038,1,한자 읽기,w_cddfb8463bd2f84b,N4,verified,
w_113c116f7b2b3d71,N4,N4;N3,返す,かえす,,돌려주다,돌려주다,verb,word,1,pass_n3;pass_n4,pass_n3_p004_o0031;pass_n4_p004_o0022,2,한자 읽기,w_113c116f7b2b3d71,N4,verified,
w_759d6921710ae647,N4,N4,送る,おくる,,보내다,보내다,verb,word,1,pass_n4,pass_n4_p004_o0018;pass_n4_p008_o0136;pass_n4_p010_o0198,3,한자 읽기;한자 표기;문맥 규정,w_759d6921710ae647,N4,verified,
w_c98f9a3b466c128c,N4,N4;N3,途中,とちゅう,,도중,도중,noun,word,1,mkt_n3;pass_n4,mkt_n3_p017_o0420;pass_n4_p025_o0413,2,명사;용법,w_c98f9a3b466c128c,N4,verified,"pass_n4 용법 구역: 원본 보존, 앱 단어 목록 제외"
w_0d41224922d1b37c,N4,N4,通う,かよう,,"다니다, 통학하다","다니다, 통학하다",verb,word,1,pass_n4,pass_n4_p004_o0027,1,한자 읽기,w_0d41224922d1b37c,N4,verified,
w_392f5e6a2191934f,N4,N4;N3,通る,とおる,,"통과하다,지나가다","통과하다,지나가다;통과하다, 지나다",verb,word,1,mkt_n3;pass_n4,mkt_n3_p004_o0075;pass_n4_p006_o0082,2,동사;한자 읽기,w_392f5e6a2191934f,N4,verified,
w_f886097e29b373ec,N4,N4,連絡,れんらく,,연락,연락,noun,word,1,pass_n4,pass_n4_p013_o0276,1,문맥 규정,w_f886097e29b373ec,N4,verified,
w_a2d870d2d488a679,N4,N4,進む,すすむ,,"나아가다, 진보하다","나아가다, 진보하다",verb,word,1,pass_n4,pass_n4_p005_o0062,1,한자 읽기,w_a2d870d2d488a679,N4,verified,
w_16a8437b706000b6,N4,N4;N3,運ぶ,はこぶ,,운반하다,"운반하다;옮기다;나르다, 옮기다, 운송하다",verb,word,1,mkt_n3;pass_n4,mkt_n3_p005_o0098;pass_n4_p006_o0089;pass_n4_p009_o0168,3,동사;한자 읽기;한자 표기,w_16a8437b706000b6,N4,verified,
w_529c42c85aa82b35,N4,N4,運動,うんどう,,운동,운동,verb,word,1,pass_n4,pass_n4_p004_o0015,1,한자 읽기,w_529c42c85aa82b35,N4,verified,
w_ea89d536a2fc0879,N4,N4,邪魔,じゃま,,거추장스러움,거추장스러움,noun,word,1,pass_n4,pass_n4_p011_o0228,1,문맥 규정,w_ea89d536a2fc0879,N4,verified,
w_8cd46d00b7c015a8,N4,N4,郊外,こうがい,,교외,교외,noun,word,1,pass_n4,pass_n4_p011_o0219,1,문맥 규정,w_8cd46d00b7c015a8,N4,verified,
w_6544e85ecab8bd79,N4,N4,重い,おもい,,무겁다,무겁다,adjective,word,1,pass_n4,pass_n4_p004_o0019;pass_n4_p008_o0140,2,한자 읽기;한자 표기,w_6544e85ecab8bd79,N4,verified,
w_e506759b6040f2fd,N4,N4,野菜,やさい,,야채,야채,noun,word,1,pass_n4,pass_n4_p007_o0105;pass_n4_p009_o0177,2,한자 읽기;한자 표기,w_e506759b6040f2fd,N4,verified,
w_06d0ee4b07e0e376,N4,N4,鏡,かがみ,,거울,거울,noun,word,1,pass_n4,pass_n4_p010_o0205,1,문맥 규정,w_06d0ee4b07e0e376,N4,verified,
w_5785856236145c11,N4,N4,開ける,あける,,(문을) 열다,(문을) 열다,verb,word,1,pass_n4,pass_n4_p004_o0001,1,한자 읽기,w_5785856236145c11,N4,verified,
w_1a836696f48bfa62,N4,N4;N3,間に合う,まにあう,,"시간에대다,시간에맞추다","시간에대다,시간에맞추다;제시간에 맞추다",verb,word,1,mkt_n3;pass_n4,mkt_n3_p005_o0112;pass_n4_p009_o0175,2,동사;한자 표기,w_1a836696f48bfa62,N4,verified,
w_df99d5eb39204507,N4,N4;N3,関係,かんけい,,관계,관계,noun,word,1,mkt_n3;pass_n3;pass_n4,mkt_n3_p011_o0240;pass_n3_p009_o0219;pass_n4_p011_o0211,3,명사;한자 표기;문맥 규정,w_df99d5eb39204507,N4,verified,
w_3fc1d5cbba1e921b,N4,N4,集まる,あつまる,,모이다,모이다,verb,word,1,pass_n4,pass_n4_p007_o0123,1,한자 표기,w_3fc1d5cbba1e921b,N4,verified,
w_323bbf9fb6ca0752,N4,N4,青い,あおい,,파랗다,파랗다,adjective,word,1,pass_n4,pass_n4_p007_o0118,1,한자 표기,w_323bbf9fb6ca0752,N4,verified,
w_f32855470372dcd0,N4,N4,音楽,おんがく,,음악,음악,noun,word,1,pass_n4,pass_n4_p004_o0021,1,한자 읽기,w_f32855470372dcd0,N4,verified,
w_8c7c6614e2b0593f,N4,N4,頭,あたま,,머리,머리,noun,word,1,pass_n4,pass_n4_p004_o0003,1,한자 읽기,w_8c7c6614e2b0593f,N4,verified,
w_fbe07544be5be2f0,N4,N4,風,かぜ,,바람,바람,noun,word,1,pass_n4,pass_n4_p004_o0025,1,한자 읽기,w_fbe07544be5be2f0,N4,verified,
w_37d0dcee2c2f3bf8,N4,N4,食堂,しょくどう,,식당,식당,noun,word,1,pass_n4,pass_n4_p005_o0057,1,한자 읽기,w_37d0dcee2c2f3bf8,N4,verified,
w_0b04054127f634ca,N4,N4,食料品,しょくりょうひん,,식료품,식료품,noun,word,1,pass_n4,pass_n4_p005_o0058,1,한자 읽기,w_0b04054127f634ca,N4,verified,
w_37ec28fcb6fd4c6a,N4,N4;N3;N2,驚く,おどろく,,놀라다,놀라다,verb,word,1,mkt_n2;mkt_n3;pass_n4,mkt_n2_p003_o0051;mkt_n3_p002_o0022;pass_n4_p024_o0385,3,동사;용법,w_37ec28fcb6fd4c6a,N4,verified,"pass_n4 용법 구역: 원본 보존, 앱 단어 목록 제외"
w_ce7c50d428db9045,N4,N4,鳥,とり,,새,새,noun,word,1,pass_n4,pass_n4_p006_o0087,1,한자 읽기,w_ce7c50d428db9045,N4,verified,
w_b417cbebc32725ac,N4,N4,黒い,くろい,,검다,검다,adjective,word,1,pass_n4,pass_n4_p005_o0039,1,한자 읽기,w_b417cbebc32725ac,N4,verified,
w_2483b98c4224bf99,N3,N3,あきる,あきる,,"질리다, 식상하다","질리다, 식상하다",verb,word,1,pass_n3,pass_n3_p012_o0318,1,문맥 규정,w_2483b98c4224bf99,N3,verified,
w_6a0aa8779064ce8b,N3,N3,あわ,あわ,,거품,거품,noun,word,1,pass_n3,pass_n3_p010_o0233,1,문맥 규정,w_6a0aa8779064ce8b,N3,verified,
w_c2cb813bbf10739d,N3,N3,あわせる,あわせる,,합치다,합치다,verb,word,1,pass_n3,pass_n3_p010_o0256,1,문맥 규정,w_c2cb813bbf10739d,N3,verified,
w_ef5feff1d3ccd761,N3,N3,うっかり,うっかり,,"깜빡, 무심코(실수하는 모습)","깜빡, 무심코(실수하는 모습)",adverb,word,1,pass_n3,pass_n3_p010_o0230,1,문맥 규정,w_ef5feff1d3ccd761,N3,verified,
w_a36d8551b00e3fd4,N3,N3,うわさ,うわさ,,소문,소문,verb,word,1,pass_n3,pass_n3_p011_o0292;pass_n3_p013_o0365,2,문맥 규정,w_a36d8551b00e3fd4,N3,verified,
w_672b201b0d3b2ec1,N3,N3,おかしい,おかしい,,이상하다,이상하다,adjective,word,1,pass_n3,pass_n3_p011_o0289,1,문맥 규정,w_672b201b0d3b2ec1,N3,verified,
w_4859ff46423d869b,N3,N3,おぼれる,おぼれる,,물에 빠지다,물에 빠지다,verb,word,1,pass_n3,pass_n3_p012_o0304,1,문맥 규정,w_4859ff46423d869b,N3,verified,
w_a8eeca9225026b13,N3,N3,お代わり,おかわり,,"한그릇더먹음,리필","한그릇더먹음,리필",noun,word,1,mkt_n3,mkt_n3_p010_o0211,1,명사,w_a8eeca9225026b13,N3,verified,
w_31fee479fd2a573b,N3,N3,お見舞い,おみまい,,병문안,병문안,noun,word,1,mkt_n3,mkt_n3_p010_o0212,1,명사,w_31fee479fd2a573b,N3,verified,
w_a5a0b52f993172ca,N3,N3,からから,からから,,바싹바싹(몹시 건조한 모습),바싹바싹(몹시 건조한 모습),adjective,word,1,pass_n3,pass_n3_p010_o0252,1,문맥 규정,w_a5a0b52f993172ca,N3,verified,
w_6dabf4237be1a307,N3,N3,かれる,かれる,,시들다,시들다,verb,word,1,pass_n3,pass_n3_p011_o0278;pass_n3_p020_o0606,2,문맥 규정;용법,w_6dabf4237be1a307,N3,verified,"pass_n3 용법 구역: 원본 보존, 앱 단어 목록 제외"
w_cd92ddcb3ad43e81,N3,N3,かわく,かわく,,마르다,마르다,verb,word,1,pass_n3,pass_n3_p011_o0287,1,문맥 규정,w_cd92ddcb3ad43e81,N3,verified,
w_7324984adc736a5d,N3,N3;N1,がっかりする,がっかりする,,낙심하다,"낙담하다, 실망하다;낙심하다",verb,word,1,pass_n1;pass_n3,pass_n1_p016_o0422;pass_n3_p011_o0280;pass_n3_p018_o0519,3,유의어;문맥 규정,w_7324984adc736a5d,N3,verified,"pass_n1 유의어 구역: 원본 보존, 앱 단어 목록 제외;pass_n3 유의어 구역: 원본 보존, 앱 단어 목록 제외"
w_f041779928fc3a0a,N3,N3,がらがら,がらがら,,텅텅(텅 빈 모습),텅텅(텅 빈 모습),adverb,word,1,pass_n3,pass_n3_p013_o0364,1,문맥 규정,w_f041779928fc3a0a,N3,verified,
w_2cb60f5afdc9fb67,N3,N3,くせ,くせ,,버릇,버릇,noun,word,1,pass_n3,pass_n3_p012_o0328,1,문맥 규정,w_2cb60f5afdc9fb67,N3,verified,
w_5379aa117b5e16b1,N3,N3,さっそく,さっそく,,즉시,즉시,adverb,word,1,pass_n3,pass_n3_p011_o0259,1,문맥 규정,w_5379aa117b5e16b1,N3,verified,
w_71734773320f58ba,N3,N3,しっかり,しっかり,,"단단히, 꽉, 제대로","단단히, 꽉, 제대로",adverb,word,1,pass_n3,pass_n3_p011_o0264,1,문맥 규정,w_71734773320f58ba,N3,verified,
w_67c55246091e5e55,N3,N3,しつこい,しつこい,,끈질기다,끈질기다,adjective,word,1,pass_n3,pass_n3_p011_o0284,1,문맥 규정,w_67c55246091e5e55,N3,verified,
w_9a63e40ea88a885c,N3,N3;N1,しばらく,しばらく,,잠시,잠시,adverb,word,1,pass_n1;pass_n3,pass_n1_p016_o0446;pass_n3_p010_o0240,2,유의어;문맥 규정,w_9a63e40ea88a885c,N3,verified,"pass_n1 유의어 구역: 원본 보존, 앱 단어 목록 제외"
w_e8881da1f1c3d900,N3,N3,しばる,しばる,,묶다,묶다,verb,word,1,pass_n3,pass_n3_p010_o0226,1,문맥 규정,w_e8881da1f1c3d900,N3,verified,
w_8aa654b726b3973b,N3,N3,しまう,しまう,,"치우다, 안에 넣다","치우다, 안에 넣다",verb,word,1,pass_n3,pass_n3_p010_o0224,1,문맥 규정,w_8aa654b726b3973b,N3,verified,
w_6b2bd94a040d7f61,N3,N3,ずいぶん,ずいぶん,,상당히,상당히,adverb,word,1,pass_n3,pass_n3_p014_o0383,1,문맥 규정,w_6b2bd94a040d7f61,N3,verified,
w_6137a9f052a73aa2,N3,N3,そっくり,そっくり,,똑같이 생김,똑같이 생김;꼭 닮은 모습,adverb,word,1,pass_n3,pass_n3_p013_o0339;pass_n3_p018_o0538,2,문맥 규정;용법,w_6137a9f052a73aa2,N3,verified,"pass_n3 용법 구역: 원본 보존, 앱 단어 목록 제외"
w_9c48300c28335a56,N3,N3,たたむ,たたむ,,"접다, 개다","접다, 개다",verb,word,1,pass_n3,pass_n3_p012_o0297,1,문맥 규정,w_9c48300c28335a56,N3,verified,
w_6eb60bb5310e4b19,N3,N3,ためる,ためる,,"모으다, 담다","모으다, 담다",verb,word,1,pass_n3,pass_n3_p010_o0253,1,문맥 규정,w_6eb60bb5310e4b19,N3,verified,
w_26e6054b35783079,N3,N3,とじる,とじる,,"닫다, (눈을)감다","닫다, (눈을)감다",verb,word,1,pass_n3,pass_n3_p012_o0296,1,문맥 규정,w_26e6054b35783079,N3,verified,
w_8cb2f2c1faee7d8f,N3,N3,どきどき,どきどき,,두근두근,두근두근,adverb,word,1,pass_n3,pass_n3_p010_o0242;pass_n3_p020_o0605,2,문맥 규정;용법,w_8cb2f2c1faee7d8f,N3,verified,"pass_n3 용법 구역: 원본 보존, 앱 단어 목록 제외"
w_0f5482e1ea9e0a5e,N3,N3,ながれ,ながれ,,흐름,흐름,noun,word,1,pass_n3,pass_n3_p011_o0265,1,문맥 규정,w_0f5482e1ea9e0a5e,N3,verified,
w_4b12fd88bdcd3bf7,N3,N3,なつかしい,なつかしい,,그립다,그립다,adjective,word,1,pass_n3,pass_n3_p011_o0282,1,문맥 규정,w_4b12fd88bdcd3bf7,N3,verified,
w_05060983e5f24a85,N3,N3,のばす,のばす,,"연장하다, 연기하다","연장하다, 연기하다",verb,word,1,pass_n3,pass_n3_p011_o0273,1,문맥 규정,w_05060983e5f24a85,N3,verified,
w_04e254adf543c228,N3,N3,はかる,はかる,,"재다, 측정하다","재다, 측정하다",verb,word,1,pass_n3,pass_n3_p006_o0100;pass_n3_p018_o0537,2,한자 읽기;용법,w_04e254adf543c228,N3,verified,"pass_n3 용법 구역: 원본 보존, 앱 단어 목록 제외"
w_a1d24bae2917d6bb,N3,N3,ぴったり,ぴったり,,"딱(밀착함, 어울림)","딱(밀착함, 어울림)",adverb,word,1,pass_n3,pass_n3_p013_o0349,1,문맥 규정,w_a1d24bae2917d6bb,N3,verified,
w_ddc4c211ea049dc1,N3,N3,ふらふら,ふらふら,,"비틀비틀, 휘청휘청","비틀비틀, 휘청휘청",adverb,word,1,pass_n3,pass_n3_p012_o0329,1,문맥 규정,w_ddc4c211ea049dc1,N3,verified,
w_3f2637fd3045f747,N3,N3,ふる,ふる,,흔들다,흔들다,noun,word,1,pass_n3,pass_n3_p011_o0274,1,문맥 규정,w_3f2637fd3045f747,N3,verified,
w_fe90c06cc5136491,N3,N3,ぶつける,ぶつける,,"부딪다, 들이받다","부딪다, 들이받다",verb,word,1,pass_n3,pass_n3_p012_o0326,1,문맥 규정,w_fe90c06cc5136491,N3,verified,
w_b2b8ad5066c610c6,N3,N3,ぶらぶら,ぶらぶら,,"어슬렁어슬렁, 천천히","어슬렁어슬렁, 천천히",adverb,word,1,pass_n3,pass_n3_p010_o0244,1,문맥 규정,w_b2b8ad5066c610c6,N3,verified,
w_a61620b169657c43,N3,N3,むく,むく,,(껍질을) 벗기다,(껍질을) 벗기다,verb,word,1,pass_n3,pass_n3_p011_o0277,1,문맥 규정,w_a61620b169657c43,N3,verified,
w_91e8c336d4454520,N3,N3,りっぱな,りっぱな,,훌륭한,훌륭한,expression,word,1,pass_n3,pass_n3_p010_o0231,1,문맥 규정,w_91e8c336d4454520,N3,verified,
w_3d3ebf43e5e3e709,N3,N3;N1,アドバイス,アドバイス,,"어드바이스, 충고","조언, 충고;어드바이스, 충고",verb,word,1,pass_n1;pass_n3,pass_n1_p018_o0516;pass_n3_p013_o0351,2,유의어;문맥 규정,w_3d3ebf43e5e3e709,N3,verified,"pass_n1 유의어 구역: 원본 보존, 앱 단어 목록 제외"
w_668cba7ff473553a,N3,N3,イメージ,イメージ,,이미지,이미지,noun,word,1,pass_n3,pass_n3_p013_o0362,1,문맥 규정,w_668cba7ff473553a,N3,verified,
w_617986ba153ebe08,N3,N3,インタビュー,インタビュー,,인터뷰,인터뷰,noun,word,1,pass_n3,pass_n3_p010_o0249,1,문맥 규정,w_617986ba153ebe08,N3,verified,
w_85fb7ce1728eaa62,N3,N3,カタログ,カタログ,,카탈로그,카탈로그,noun,word,1,pass_n3,pass_n3_p010_o0221,1,문맥 규정,w_85fb7ce1728eaa62,N3,verified,
w_0411ab62ab973eb3,N3,N3,カバー,カバー,,"커버, 덮개","커버, 덮개",noun,word,1,pass_n3,pass_n3_p011_o0275,1,문맥 규정,w_0411ab62ab973eb3,N3,verified,
w_5ebc893f4c292db6,N3,N3,カーブ,カーブ,,"곡선, 커브","곡선, 커브",noun,word,1,pass_n3,pass_n3_p011_o0260,1,문맥 규정,w_5ebc893f4c292db6,N3,verified,
w_c3efb06de3094405,N3,N3,キャンセル,キャンセル,,취소,취소,verb,word,1,pass_n3,pass_n3_p010_o0227,1,문맥 규정,w_c3efb06de3094405,N3,verified,
w_74ceac84fb765eab,N3,N3,セット,セット,,세트,세트,noun,word,1,pass_n3,pass_n3_p011_o0268,1,문맥 규정,w_74ceac84fb765eab,N3,verified,
w_92f2cceffefa8a7e,N3,N3,チャレンジ,チャレンジ,,"챌린지, 도전","챌린지, 도전",verb,word,1,pass_n3,pass_n3_p013_o0355,1,문맥 규정,w_92f2cceffefa8a7e,N3,verified,
w_25dd9dc478c947cd,N3,N3,テーマ,テーマ,,"주제, 테마","주제, 테마",noun,word,1,pass_n3,pass_n3_p012_o0322,1,문맥 규정,w_25dd9dc478c947cd,N3,verified,
w_52e806fe56473fd8,N3,N3,ノック,ノック,,노크,노크,verb,word,1,pass_n3,pass_n3_p010_o0234,1,문맥 규정,w_52e806fe56473fd8,N3,verified,
w_7ca8064312bdb7b2,N3,N3,パンフレット,パンフレット,,"팸플릿, 소책자","팸플릿, 소책자",noun,word,1,pass_n3,pass_n3_p012_o0319,1,문맥 규정,w_7ca8064312bdb7b2,N3,verified,
w_31da48090d6c10eb,N3,N3;N1,ヒント,ヒント,,힌트,힌트,noun,word,1,pass_n1;pass_n3,pass_n1_p016_o0416;pass_n1_p018_o0500;pass_n3_p011_o0281,3,유의어;문맥 규정,w_31da48090d6c10eb,N3,verified,"pass_n1 유의어 구역: 원본 보존, 앱 단어 목록 제외"
w_c4183df97780a7e1,N3,N3,マナー,マナー,,매너,매너,noun,word,1,pass_n3,pass_n3_p014_o0375,1,문맥 규정,w_c4183df97780a7e1,N3,verified,
w_1a09b8cfa343e777,N3,N3,リサイクル,リサイクル,,"리사이클, 재활용","리사이클, 재활용",verb,word,1,pass_n3,pass_n3_p011_o0291,1,문맥 규정,w_1a09b8cfa343e777,N3,verified,
w_066f479d049724ea,N3,N3,一秒,いちびょう,,1초,1초,noun,word,1,mkt_n3,mkt_n3_p009_o0194,1,명사,w_066f479d049724ea,N3,verified,
w_09de41ea9efbccdb,N3,N3,一般的だ,いっぱんてきだ,,일반적이다,일반적이다,na_adjective,word,1,mkt_n3,mkt_n3_p008_o0156,1,な형용사,w_09de41ea9efbccdb,N3,verified,
w_b0e70ed0be91dd53,N3,N3,一般的な,いっぱんてきな,,일반적인,일반적인,expression,word,1,pass_n3,pass_n3_p006_o0077,1,한자 읽기,w_b0e70ed0be91dd53,N3,verified,
w_831c5e9a87f0c027,N3,N3,下線,かせん,,밑줄,밑줄,noun,word,1,mkt_n3;pass_n3,mkt_n3_p010_o0223;pass_n3_p007_o0115,2,명사;한자 읽기,w_831c5e9a87f0c027,N3,verified,
w_1e7ffdddebe4c582,N3,N3,不安,ふあん,,불안,불안,noun,word,1,pass_n3,pass_n3_p011_o0294,1,문맥 규정,w_1e7ffdddebe4c582,N3,verified,
w_bcdf6ba0c3132683,N3,N3,不安だ,ふあんだ,,불안하다,불안하다,na_adjective,word,1,mkt_n3;pass_n3,mkt_n3_p009_o0178;pass_n3_p017_o0509,2,な형용사;유의어,w_bcdf6ba0c3132683,N3,verified,"pass_n3 유의어 구역: 원본 보존, 앱 단어 목록 제외"
w_574e8566fd9ea19c,N3,N3,不満,ふまん,,불만,불만,noun,word,1,pass_n3,pass_n3_p010_o0243,1,문맥 규정,w_574e8566fd9ea19c,N3,verified,
w_dad885280b1e6c4a,N3,N3,両替,りょうがえ,,환전,환전,noun,word,1,pass_n3,pass_n3_p011_o0261,1,문맥 규정,w_dad885280b1e6c4a,N3,verified,
w_5b8571e8cf553428,N3,N3,並ぶ,ならぶ,,"한줄로서다,늘어서다","한줄로서다,늘어서다",verb,word,1,mkt_n3,mkt_n3_p004_o0086,1,동사,w_5b8571e8cf553428,N3,verified,
w_4c8fd37da794a73e,N3,N3,中古,ちゅうこ,,중고,중고,noun,word,1,mkt_n3;pass_n3,mkt_n3_p016_o0399;pass_n3_p020_o0609,2,명사;용법,w_4c8fd37da794a73e,N3,verified,"pass_n3 용법 구역: 원본 보존, 앱 단어 목록 제외"
w_ea9b785ebaa89afa,N3,N3,中身,なかみ,,"속,알맹이,내용물","속,알맹이,내용물",noun,word,1,mkt_n3,mkt_n3_p017_o0424,1,명사,w_ea9b785ebaa89afa,N3,verified,
w_c664ee879081d5a8,N3,N3;N2,丸い,まるい,,둥글다,둥글다,i_adjective,word,1,mkt_n2;mkt_n3;pass_n3,mkt_n2_p011_o0275;mkt_n3_p007_o0150;pass_n3_p006_o0096,3,い형용사;한자 읽기,w_c664ee879081d5a8,N3,verified,
w_0182f61cfb3d14c2,N3,N3,主だ,おもだ,,주되다,주되다,na_adjective,word,1,mkt_n3,mkt_n3_p008_o0157,1,な형용사,w_0182f61cfb3d14c2,N3,verified,
w_8dca1d133a082183,N3,N3,主に,おもに,,주로,주로,adverb,word,1,pass_n3,pass_n3_p011_o0293,1,문맥 규정,w_8dca1d133a082183,N3,verified,
w_b21127da917a0097,N3,N3,主張,しゅちょう,,주장,주장,noun,word,1,mkt_n3;pass_n3,mkt_n3_p014_o0344;pass_n3_p010_o0250,2,명사;문맥 규정,w_b21127da917a0097,N3,verified,
w_5776e5bf61a8c089,N3,N3,主要,しゅよう,,주요,주요,adjective,word,1,pass_n3,pass_n3_p007_o0117,1,한자 읽기,w_5776e5bf61a8c089,N3,verified,
w_2cb5b752ea9143b1,N3,N3,主要だ,しゅようだ,,주요하다,주요하다,na_adjective,word,1,mkt_n3,mkt_n3_p008_o0165,1,な형용사,w_2cb5b752ea9143b1,N3,verified,
w_a54b6c5c895f8d80,N3,N3,乗車,じょうしゃ,,승차,승차,noun,word,1,mkt_n3;pass_n3,mkt_n3_p014_o0352;pass_n3_p009_o0201,2,명사;한자 표기,w_a54b6c5c895f8d80,N3,verified,
w_b480848a70c6cde2,N3,N3;N2,乾く,かわく,,"마르다,건조되다","마르다(건조);마르다,건조되다",verb,word,1,mkt_n2;mkt_n3,mkt_n2_p004_o0067;mkt_n3_p003_o0036,2,동사,w_b480848a70c6cde2,N3,verified,
w_7e2ac95308acb1ab,N3,N3,予測,よそく,,예측,예측,noun,word,1,mkt_n3,mkt_n3_p019_o0484,1,명사,w_7e2ac95308acb1ab,N3,verified,
w_34776122eea4ad1a,N3,N3,予防,よぼう,,예방,예방,noun,word,1,mkt_n3,mkt_n3_p019_o0486,1,명사,w_34776122eea4ad1a,N3,verified,
w_196e540d273aad89,N3,N3,事情,じじょう,,사정,사정,noun,word,1,mkt_n3;pass_n3,mkt_n3_p013_o0325;pass_n3_p005_o0053,2,명사;한자 읽기,w_196e540d273aad89,N3,verified,
w_70ecb3468f47ed85,N3,N3,交代,こうたい,,교대,교대,noun,word,1,mkt_n3,mkt_n3_p013_o0300,1,명사,w_70ecb3468f47ed85,N3,verified,
w_0394d6d5dc4a4946,N3,N3,交換,こうかん,,교환,교환,noun,word,1,pass_n3,pass_n3_p011_o0290,1,문맥 규정,w_0394d6d5dc4a4946,N3,verified,
w_afe9492907d6e9b6,N3,N3,交替,こうたい,,교체,교체,noun,word,1,mkt_n3,mkt_n3_p013_o0301,1,명사,w_afe9492907d6e9b6,N3,verified,
w_d5d3413f629d22e3,N3,N3,交流,こうりゅう,,교류,교류,noun,word,1,mkt_n3,mkt_n3_p013_o0303,1,명사,w_d5d3413f629d22e3,N3,verified,
w_78c92e123329f295,N3,N3,人間,にんげん,,인간,인간,noun,word,1,mkt_n3,mkt_n3_p017_o0428,1,명사,w_78c92e123329f295,N3,verified,
w_c4f487d93a8a5f0e,N3,N3,他人,たにん,,타인,타인,noun,word,1,mkt_n3;pass_n3,mkt_n3_p016_o0395;pass_n3_p005_o0042,2,명사;한자 읽기,w_c4f487d93a8a5f0e,N3,verified,
w_7f8b1efcd206d4ac,N3,N3,代表的だ,だいひょうてきだ,,대표적이다,대표적이다,na_adjective,word,1,mkt_n3,mkt_n3_p008_o0172,1,な형용사,w_7f8b1efcd206d4ac,N3,verified,
w_d864b851061da4e7,N3,N3,代表的な,だいひょうてきな,,대표적인,대표적인,expression,word,1,pass_n3,pass_n3_p013_o0335,1,문맥 규정,w_d864b851061da4e7,N3,verified,
w_431d67f8be9c0112,N3,N3,代金,だいきん,,대금,대금;대금(비용),noun,word,1,mkt_n3;pass_n3,mkt_n3_p016_o0390;pass_n3_p011_o0283,2,명사;문맥 규정,w_431d67f8be9c0112,N3,verified,
w_cb97556a8bdb399c,N3,N3,以降,いこう,,이후,이후,noun,word,1,mkt_n3;pass_n3,mkt_n3_p009_o0190;pass_n3_p005_o0046,2,명사;한자 읽기,w_cb97556a8bdb399c,N3,verified,
w_b9dfaa030a7cffff,N3,N3,仮定,かてい,,가정,가정,noun,word,1,mkt_n3,mkt_n3_p010_o0232,1,명사,w_b9dfaa030a7cffff,N3,verified,
w_f8708ad17ed70251,N3,N3,仮定する,かていする,,가정하다,가정하다,verb,word,1,pass_n3,pass_n3_p008_o0185,1,한자 표기,w_f8708ad17ed70251,N3,verified,
w_4ad6642cf3a364ec,N3,N3,休日,きゅうじつ,,휴일,휴일,noun,word,1,mkt_n3,mkt_n3_p011_o0259,1,명사,w_4ad6642cf3a364ec,N3,verified,
w_ee805f9ed373cd7f,N3,N3,会計,かいけい,,"회계,계산","회계,계산",noun,word,1,mkt_n3,mkt_n3_p010_o0214,1,명사,w_ee805f9ed373cd7f,N3,verified,
w_3b6a755085e31740,N3,N3,伝わる,つたわる,,전해지다,전해지다;전달되다,verb,word,1,mkt_n3;pass_n3,mkt_n3_p004_o0072;pass_n3_p019_o0577,2,동사;용법,w_3b6a755085e31740,N3,verified,"pass_n3 용법 구역: 원본 보존, 앱 단어 목록 제외"
w_a8a14b0994f125cf,N3,N3,伝言,でんごん,,"전언,전하는말,메시지","전언,전하는말,메시지",noun,word,1,mkt_n3,mkt_n3_p016_o0409,1,명사,w_a8a14b0994f125cf,N3,verified,
w_1fcf9f9b492a04f0,N3,N3,位置,いち,,위치,위치,noun,word,1,mkt_n3;pass_n3,mkt_n3_p009_o0193;pass_n3_p007_o0120;pass_n3_p016_o0459,3,명사;한자 읽기;유의어,w_1fcf9f9b492a04f0,N3,verified,"pass_n3 유의어 구역: 원본 보존, 앱 단어 목록 제외"
w_ae3d5dac3b60593a,N3,N3,体力,たいりょく,,체력,체력,noun,word,1,mkt_n3;pass_n3,mkt_n3_p016_o0394;pass_n3_p010_o0241,2,명사;문맥 규정,w_ae3d5dac3b60593a,N3,verified,
w_fa49af9b638a1de5,N3,N3,余る,あまる,,남다,남다,verb,word,1,mkt_n3;pass_n3,mkt_n3_p002_o0004;pass_n3_p019_o0572,2,동사;용법,w_fa49af9b638a1de5,N3,verified,"pass_n3 용법 구역: 원본 보존, 앱 단어 목록 제외"
w_4f0dee16bdbab19f,N3,N3,作業,さぎょう,,작업,작업,noun,word,1,mkt_n3,mkt_n3_p013_o0315,1,명사,w_4f0dee16bdbab19f,N3,verified,
w_d1d646c78ad7e44b,N3,N3,作物,さくもつ,,"작물,농작물","작물,농작물",noun,word,1,mkt_n3,mkt_n3_p013_o0316,1,명사,w_d1d646c78ad7e44b,N3,verified,
w_9f68c434c455cdcb,N3,N3;N2,価値,かち,,가치,가치,noun,word,1,mkt_n2;mkt_n3,mkt_n2_p014_o0351;mkt_n3_p010_o0228,2,명사,w_9f68c434c455cdcb,N3,verified,
w_5a88c9228acf3e6c,N3,N3,信じる,しんじる,,믿다,믿다,verb,word,1,mkt_n3;pass_n3,mkt_n3_p004_o0059;pass_n3_p008_o0162,2,동사;한자 표기,w_5a88c9228acf3e6c,N3,verified,
w_d84bd72eeccfe3d0,N3,N3,修理,しゅうり,,수리,수리,noun,word,1,mkt_n3;pass_n3,mkt_n3_p014_o0340;pass_n3_p018_o0541,2,명사;용법,w_d84bd72eeccfe3d0,N3,verified,"pass_n3 용법 구역: 원본 보존, 앱 단어 목록 제외"
w_985ab4f324b42fe2,N3,N3,個人,こじん,,개인,개인,noun,word,1,mkt_n3;pass_n3,mkt_n3_p013_o0308;pass_n3_p006_o0097,2,명사;한자 읽기,w_985ab4f324b42fe2,N3,verified,
w_d3d82a7140e0780e,N3,N3;N2,倒れる,たおれる,,"쓰러지다,넘어지다","쓰러지다;쓰러지다,넘어지다",verb,word,1,mkt_n2;mkt_n3,mkt_n2_p005_o0120;mkt_n3_p004_o0063,2,동사,w_d3d82a7140e0780e,N3,verified,
w_d98d809b8fca7f44,N3,N3;N2,値段,ねだん,,가격,가격,noun,word,1,mkt_n2;mkt_n3;pass_n3,mkt_n2_p015_o0398;mkt_n3_p017_o0429;pass_n3_p004_o0029,3,명사;한자 읽기,w_d98d809b8fca7f44,N3,verified,
w_c0b93f1ba47eb477,N3,N3;N2,偉い,えらい,,"훌륭하다,위대하다","훌륭하다,위대하다",i_adjective,word,1,mkt_n2;mkt_n3,mkt_n2_p009_o0248;mkt_n3_p006_o0134,2,い형용사,w_c0b93f1ba47eb477,N3,verified,
w_28b0044d9321d736,N3,N3,停電,ていでん,,정전,정전,noun,word,1,mkt_n3;pass_n3,mkt_n3_p016_o0408;pass_n3_p008_o0169,2,명사;한자 표기,w_28b0044d9321d736,N3,verified,
w_52ae91c84f071e97,N3,N3,健康,けんこう,,건강,건강,noun,word,1,mkt_n3;pass_n3,mkt_n3_p012_o0289;pass_n3_p007_o0141,2,명사;한자 표기,w_52ae91c84f071e97,N3,verified,
w_bf8abfe1ac3f5fb8,N3,N3,傷,きず,,상처,상처,noun,word,1,mkt_n3;pass_n3,mkt_n3_p011_o0250;pass_n3_p013_o0359,2,명사;문맥 규정,w_bf8abfe1ac3f5fb8,N3,verified,
w_36da68b6d78091b4,N3,N3,優しい,やさしい,,상냥하다,상냥하다,i_adjective,word,1,mkt_n3,mkt_n3_p007_o0153,1,い형용사,w_36da68b6d78091b4,N3,verified,
w_0c525cb56f2292d1,N3,N3,光,ひかり,,빛,빛,noun,word,1,mkt_n3,mkt_n3_p017_o0442,1,명사,w_0c525cb56f2292d1,N3,verified,
w_8370b0f20a42b8f5,N3,N3,光る,ひかる,,빛나다,빛나다,verb,word,1,mkt_n3;pass_n3,mkt_n3_p005_o0101;pass_n3_p018_o0518,2,동사;유의어,w_8370b0f20a42b8f5,N3,verified,"pass_n3 유의어 구역: 원본 보존, 앱 단어 목록 제외"
w_4bb8d3158faaef6b,N3,N3,免許,めんきょ,,면허,면허,noun,word,1,mkt_n3,mkt_n3_p018_o0470,1,명사,w_4bb8d3158faaef6b,N3,verified,
w_cefba8d96d3392c2,N3,N3,全て,すべて,,모두,모두,adverb,word,1,mkt_n3,mkt_n3_p019_o0496,1,부사,w_cefba8d96d3392c2,N3,verified,
w_c26dc269c59ef32d,N3,N3,共通,きょうつう,,공통,공통,noun,word,1,mkt_n3;pass_n3,mkt_n3_p011_o0262;pass_n3_p006_o0109,2,명사;한자 읽기,w_c26dc269c59ef32d,N3,verified,
w_dea383b5805990d4,N3,N3,具体的だ,ぐたいてきだ,,구체적이다,구체적이다,na_adjective,word,1,mkt_n3,mkt_n3_p008_o0161,1,な형용사,w_dea383b5805990d4,N3,verified,
w_1af3413f09c7aca3,N3,N3,内側,うちがわ,,안쪽,안쪽,noun,word,1,pass_n3,pass_n3_p007_o0136,1,한자 표기,w_1af3413f09c7aca3,N3,verified,
w_8661219da49b6cd7,N3,N3,内容,ないよう,,내용,내용,noun,word,1,mkt_n3;pass_n3,mkt_n3_p017_o0423;pass_n3_p019_o0575,2,명사;용법,w_8661219da49b6cd7,N3,verified,"pass_n3 용법 구역: 원본 보존, 앱 단어 목록 제외"
w_82a8a19743899089,N3,N3,内緒,ないしょ,,비밀,비밀,noun,word,1,mkt_n3;pass_n3,mkt_n3_p017_o0422;pass_n3_p014_o0371,2,명사;문맥 규정,w_82a8a19743899089,N3,verified,
w_65ab13464b5f46d9,N3,N3;N1,冗談,じょうだん,,농담,농담,noun,word,1,mkt_n1;pass_n3,mkt_n1_p014_o0352;pass_n3_p011_o0258,2,명사;문맥 규정,w_65ab13464b5f46d9,N3,verified,
w_e31aefb75328a9e0,N3,N3;N2,冷える,ひえる,,차가워지다,"차가워지다,추워지다;차가워지다;차가워지다, 식다",verb,word,1,mkt_n2;mkt_n3;pass_n3,mkt_n2_p007_o0180;mkt_n3_p005_o0100;pass_n3_p007_o0113,3,동사;한자 읽기,w_e31aefb75328a9e0,N3,verified,
w_5f26706bc397cbd9,N3,N3;N2,凍る,こおる,,얼다,얼다,verb,word,1,mkt_n2;mkt_n3,mkt_n2_p004_o0081;mkt_n3_p003_o0045,2,동사,w_5f26706bc397cbd9,N3,verified,
w_a9fb3d2dd91d9a82,N3,N3,出張,しゅっちょう,,출장,출장,noun,word,1,mkt_n3;pass_n3,mkt_n3_p014_o0345;pass_n3_p005_o0050;pass_n3_p011_o0257;pass_n3_p020_o0600,4,명사;한자 읽기;문맥 규정;용법,w_a9fb3d2dd91d9a82,N3,verified,"pass_n3 용법 구역: 원본 보존, 앱 단어 목록 제외"
w_61c26aa93d075780,N3,N3,分ける,わける,,"나누다, 구분하다","나누다, 구분하다",verb,word,1,pass_n3,pass_n3_p012_o0309,1,문맥 규정,w_61c26aa93d075780,N3,verified,
w_d5299d70d4ce0679,N3,N3,分類,ぶんるい,,분류,분류,noun,word,1,mkt_n3;pass_n3,mkt_n3_p018_o0454;pass_n3_p006_o0087;pass_n3_p020_o0602,3,명사;한자 읽기;용법,w_d5299d70d4ce0679,N3,verified,"pass_n3 용법 구역: 원본 보존, 앱 단어 목록 제외"
w_50bb9153fcefb747,N3,N3,切手,きって,,우표,우표,noun,word,1,mkt_n3,mkt_n3_p011_o0255,1,명사,w_50bb9153fcefb747,N3,verified,
w_75f690ec603e0f73,N3,N3,列,れつ,,"열,줄","열,줄;줄",noun,word,1,mkt_n3;pass_n3,mkt_n3_p019_o0488;pass_n3_p014_o0380,2,명사;문맥 규정,w_75f690ec603e0f73,N3,verified,
w_df2d3b2184646be9,N3,N3,別々に,べつべつに,,따로따로,따로따로,adverb,word,1,pass_n3,pass_n3_p012_o0306,1,문맥 규정,w_df2d3b2184646be9,N3,verified,
w_92dc5af18aa120b2,N3,N3,到着,とうちゃく,,도착,도착,noun,word,1,mkt_n3;pass_n3,mkt_n3_p016_o0414;pass_n3_p004_o0026;pass_n3_p006_o0105,3,명사;한자 읽기,w_92dc5af18aa120b2,N3,verified,
w_e6c29659a6ffd71a,N3,N3,制服,せいふく,,"제복, 교복","제복, 교복",noun,word,1,pass_n3,pass_n3_p007_o0135,1,한자 표기,w_e6c29659a6ffd71a,N3,verified,
w_3c507e90c1eba787,N3,N3,制限,せいげん,,제한,제한,noun,word,1,mkt_n3;pass_n3,mkt_n3_p015_o0372;pass_n3_p019_o0582,2,명사;용법,w_3c507e90c1eba787,N3,verified,"pass_n3 용법 구역: 원본 보존, 앱 단어 목록 제외"
w_4310d03f373931d1,N3,N3,前後,ぜんご,,"전후, 앞뒤","전후, 앞뒤",noun,word,1,pass_n3,pass_n3_p011_o0262,1,문맥 규정,w_4310d03f373931d1,N3,verified,
w_9e8f4ed3e49192bf,N3,N3,割れる,われる,,"나뉘다,깨지다","나뉘다,깨지다;깨지다, 나누어지다",verb,word,1,mkt_n3;pass_n3,mkt_n3_p006_o0127;pass_n3_p005_o0070,2,동사;한자 읽기,w_9e8f4ed3e49192bf,N3,verified,
w_d75007a63197de40,N3,N3,割合,わりあい,,비율,비율,noun,word,1,mkt_n3;pass_n3,mkt_n3_p019_o0491;pass_n3_p013_o0338,2,명사;문맥 규정,w_d75007a63197de40,N3,verified,
w_d19dd4254588db34,N3,N3,創造,そうぞう,,창조,창조,verb,word,1,pass_n3,pass_n3_p006_o0082,1,한자 읽기,w_d19dd4254588db34,N3,verified,
w_cd78f0b9b5df65b5,N3,N3,加える,くわえる,,"더하다,추가하다","더하다,추가하다;추가하다",verb,word,1,mkt_n3;pass_n3,mkt_n3_p003_o0043;pass_n3_p006_o0106,2,동사;한자 읽기,w_cd78f0b9b5df65b5,N3,verified,
w_310d97d37b604435,N3,N3,努力,どりょく,,노력,노력,noun,word,1,mkt_n3;pass_n3,mkt_n3_p017_o0421;pass_n3_p004_o0004,2,명사;한자 읽기,w_310d97d37b604435,N3,verified,
w_6473369f57172542,N3,N3,効果,こうか,,효과,효과,noun,word,1,mkt_n3;pass_n3,mkt_n3_p013_o0297;pass_n3_p019_o0573,2,명사;용법,w_6473369f57172542,N3,verified,"pass_n3 용법 구역: 원본 보존, 앱 단어 목록 제외"
w_310fe54a491159a2,N3,N3,動作,どうさ,,동작,동작,noun,word,1,mkt_n3,mkt_n3_p016_o0411,1,명사,w_310fe54a491159a2,N3,verified,
w_666852a273a07512,N3,N3;N2,募集,ぼしゅう,,모집,모집,noun,word,1,mkt_n2;mkt_n3;pass_n3,mkt_n2_p016_o0436;mkt_n3_p018_o0462;pass_n3_p019_o0560,3,명사;용법,w_666852a273a07512,N3,verified,"pass_n3 용법 구역: 원본 보존, 앱 단어 목록 제외"
w_87abe3f691f2a5ec,N3,N3,勤める,つとめる,,근무하다,근무하다,verb,word,1,mkt_n3;pass_n3,mkt_n3_p004_o0074;pass_n3_p009_o0190,2,동사;한자 표기,w_87abe3f691f2a5ec,N3,verified,
w_8c799d8b46187b9c,N3,N3,包む,つつむ,,"싸다,포장하다","싸다,포장하다;포장하다",verb,word,1,mkt_n3;pass_n3,mkt_n3_p004_o0073;pass_n3_p004_o0008;pass_n3_p008_o0170,3,동사;한자 읽기;한자 표기,w_8c799d8b46187b9c,N3,verified,
w_db416cb2d98235ff,N3,N3,区分,くぶん,,구분,구분,noun,word,1,mkt_n3,mkt_n3_p012_o0271,1,명사,w_db416cb2d98235ff,N3,verified,
w_39db5415eb154620,N3,N3;N2,区切る,くぎる,,"구분하다,구획짓다","구분하다,구획짓다;구분하다",verb,word,1,mkt_n2;pass_n3,mkt_n2_p004_o0074;pass_n3_p018_o0544,2,동사;용법,w_39db5415eb154620,N3,verified,"문자 좌표 검증 완료; 선형 텍스트 레이어 순서 불일치; pass_n3 용법 구역: 원본 보존, 앱 단어 목록 제외"
w_dea60fff480fbc0b,N3,N3,区別,くべつ,,구별,구별,noun,word,1,mkt_n3,mkt_n3_p012_o0272,1,명사,w_dea60fff480fbc0b,N3,verified,
w_b8f2e1cf1ad91ae5,N3,N3,半日,はんにち,,반나절,반나절,adverb,word,1,pass_n3,pass_n3_p010_o0235,1,문맥 규정,w_b8f2e1cf1ad91ae5,N3,verified,문자 좌표 검증 완료; 선형 텍스트 레이어 순서 불일치
w_6faad024e90604f7,N3,N3,卒業,そつぎょう,,졸업,졸업,noun,word,1,mkt_n3;pass_n3,mkt_n3_p015_o0387;pass_n3_p005_o0039,2,명사;한자 읽기,w_6faad024e90604f7,N3,verified,
w_d67fe8342b4669a1,N3,N3,協力,きょうりょく,,협력,협력,noun,word,1,mkt_n3;pass_n3,mkt_n3_p011_o0264;pass_n3_p004_o0023,2,명사;한자 읽기,w_d67fe8342b4669a1,N3,verified,
w_5d840d71a8117da4,N3,N3,単純だ,たんじゅんだ,,단순하다,단순하다,na_adjective,word,1,mkt_n3;pass_n3,mkt_n3_p008_o0174;pass_n3_p014_o0396,2,な형용사;유의어,w_5d840d71a8117da4,N3,verified,"pass_n3 유의어 구역: 원본 보존, 앱 단어 목록 제외"
w_615accc201a27c29,N3,N3,単語,たんご,,단어,단어,noun,word,1,pass_n3,pass_n3_p004_o0019,1,한자 읽기,w_615accc201a27c29,N3,verified,
w_45e1c8d648720e49,N3,N3;N2,印象,いんしょう,,인상,인상,noun,word,1,mkt_n2;mkt_n3;pass_n3,mkt_n2_p013_o0342;mkt_n3_p009_o0197;pass_n3_p012_o0314,3,명사;문맥 규정,w_45e1c8d648720e49,N3,verified,
w_ef8fe7df0ce0ca60,N3,N3;N2,厚い,あつい,,두껍다,두껍다,i_adjective,word,1,mkt_n2;mkt_n3;pass_n3,mkt_n2_p009_o0239;mkt_n3_p006_o0129;pass_n3_p006_o0079,3,い형용사;한자 읽기,w_ef8fe7df0ce0ca60,N3,verified,
w_f5cd0e6666771bd8,N3,N3,原料,げんりょう,,원료,원료,noun,word,1,mkt_n3;pass_n3,mkt_n3_p012_o0295;pass_n3_p008_o0155,2,명사;한자 표기,w_f5cd0e6666771bd8,N3,verified,
w_1b23bca76df0323b,N3,N3;N2;N1,厳しい,きびしい,,엄격하다,"엄하다,엄격하다;엄격하다",i_adjective,word,1,mkt_n2;mkt_n3;pass_n1,mkt_n2_p010_o0252;mkt_n3_p007_o0139;pass_n1_p015_o0412,3,い형용사;유의어,w_1b23bca76df0323b,N3,verified,"pass_n1 유의어 구역: 원본 보존, 앱 단어 목록 제외"
w_b525e8c9df54ce59,N3,N3,参加,さんか,,참가,참가,noun,word,1,mkt_n3,mkt_n3_p013_o0319,1,명사,w_b525e8c9df54ce59,N3,verified,
w_36c3aa056ffdeb12,N3,N3,反対,はんたい,,반대,반대,noun,word,1,mkt_n3,mkt_n3_p017_o0439,1,명사,w_36c3aa056ffdeb12,N3,verified,
w_4174e39a940acafd,N3,N3,収集,しゅうしゅう,,수집,수집,noun,word,1,mkt_n3,mkt_n3_p014_o0337,1,명사,w_4174e39a940acafd,N3,verified,
w_27b4eb4ed5d3fe45,N3,N3;N1,取り消す,とりけす,,취소하다,취소하다,verb,word,1,mkt_n3;pass_n1,mkt_n3_p004_o0081;pass_n1_p020_o0564,2,동사;유의어,w_27b4eb4ed5d3fe45,N3,verified,"pass_n1 유의어 구역: 원본 보존, 앱 단어 목록 제외"
w_6c6a8a5d86d0f377,N3,N3,受け取る,うけとる,,"수취하다,받다","수취하다,받다;받다, 수취하다",verb,word,1,mkt_n3;pass_n3,mkt_n3_p002_o0011;pass_n3_p020_o0611,2,동사;용법,w_6c6a8a5d86d0f377,N3,verified,"pass_n3 용법 구역: 원본 보존, 앱 단어 목록 제외"
w_e7b13ef5971a366d,N3,N3,右折,うせつ,,우회전,우회전,noun,word,1,mkt_n3,mkt_n3_p009_o0198,1,명사,w_e7b13ef5971a366d,N3,verified,
w_7c49a23489084fea,N3,N3,各地,かくち,,각지,각지,noun,word,1,mkt_n3;pass_n3,mkt_n3_p010_o0219;pass_n3_p005_o0058,2,명사;한자 읽기,w_7c49a23489084fea,N3,verified,
w_7d3a71a0d0a23d3c,N3,N3,各自,かくじ,,각자,각자,noun,word,1,mkt_n3,mkt_n3_p010_o0218,1,명사,w_7d3a71a0d0a23d3c,N3,verified,
w_ba27b1e74ae069dd,N3,N3,合図,あいず,,"(눈짓,몸짓,손짓,소리등의)신호","(눈짓,몸짓,손짓,소리등의)신호;신호",noun,word,1,mkt_n3;pass_n3,mkt_n3_p009_o0182;pass_n3_p005_o0048,2,명사;한자 읽기,w_ba27b1e74ae069dd,N3,verified,
w_c3feece6a3a9549c,N3,N3,合計,ごうけい,,합계,합계,noun,word,1,mkt_n3;pass_n3,mkt_n3_p013_o0298;pass_n3_p012_o0324,2,명사;문맥 규정,w_c3feece6a3a9549c,N3,verified,
w_93dce6f4e2f378fe,N3,N3,否定,ひてい,,부정,부정,noun,word,1,mkt_n3,mkt_n3_p017_o0443,1,명사,w_93dce6f4e2f378fe,N3,verified,
w_2a78a365c1e9575b,N3,N3,呼びかける,よびかける,,"호소하다,당부하다","호소하다,당부하다;부르다",verb,word,1,mkt_n3;pass_n3,mkt_n3_p006_o0125;pass_n3_p014_o0376,2,동사;문맥 규정,w_2a78a365c1e9575b,N3,verified,
w_8d6bf3b328f7ed9d,N3,N3,呼吸,こきゅう,,호흡,호흡,noun,word,1,mkt_n3;pass_n3,mkt_n3_p013_o0305;pass_n3_p006_o0080,2,명사;한자 읽기,w_8d6bf3b328f7ed9d,N3,verified,
w_e39036bb3cd57b8d,N3,N3,命令,めいれい,,명령,명령,noun,word,1,mkt_n3,mkt_n3_p018_o0469,1,명사,w_e39036bb3cd57b8d,N3,verified,
w_109578d0322cf00e,N3,N3,商品,しょうひん,,상품,상품,noun,word,1,mkt_n3;pass_n3,mkt_n3_p014_o0356;pass_n3_p006_o0112,2,명사;한자 읽기,w_109578d0322cf00e,N3,verified,
w_bb4cba11dc68b5d0,N3,N3,商売,しょうばい,,장사,장사,noun,word,1,mkt_n3,mkt_n3_p014_o0354,1,명사,w_bb4cba11dc68b5d0,N3,verified,
w_b3738cf1f976c6c4,N3,N3,商業,しょうぎょう,,상업,상업,noun,word,1,mkt_n3;pass_n3,mkt_n3_p014_o0350;pass_n3_p005_o0065,2,명사;한자 읽기,w_b3738cf1f976c6c4,N3,verified,
w_28a0a4b3ffaf3efe,N3,N3,回す,まわす,,돌리다,돌리다,verb,word,1,mkt_n3;pass_n3,mkt_n3_p005_o0114;pass_n3_p007_o0122;pass_n3_p009_o0199,3,동사;한자 읽기;한자 표기,w_28a0a4b3ffaf3efe,N3,verified,
w_35a9c7652aa0bf58,N3,N3,回収,かいしゅう,,회수,회수,noun,word,1,mkt_n3;pass_n3,mkt_n3_p010_o0216;pass_n3_p018_o0540,2,명사;용법,w_35a9c7652aa0bf58,N3,verified,"pass_n3 용법 구역: 원본 보존, 앱 단어 목록 제외"
w_351ecada89bdbe77,N3,N3,団体,だんたい,,단체,단체,noun,word,1,mkt_n3,mkt_n3_p016_o0397,1,명사,w_351ecada89bdbe77,N3,verified,
w_00fd5c7d88fb19d3,N3,N3;N1,困る,こまる,,곤란하다,곤란하다,verb,word,1,pass_n1;pass_n3,pass_n1_p019_o0538;pass_n1_p022_o0656;pass_n3_p005_o0037;pass_n3_p009_o0208,4,유의어;한자 읽기;한자 표기,w_00fd5c7d88fb19d3,N3,verified,"문자 좌표 검증 완료; 선형 텍스트 레이어 순서 불일치; pass_n1 유의어 구역: 원본 보존, 앱 단어 목록 제외;pass_n1 유의어 구역: 원본 보존, 앱 단어 목록 제외"
w_0fe02994b97b5a0f,N3,N3,囲む,かこむ,,둘러싸다,둘러싸다;포위하다,verb,word,1,mkt_n3;pass_n3,mkt_n3_p003_o0030;pass_n3_p013_o0363,2,동사;문맥 규정,w_0fe02994b97b5a0f,N3,verified,
w_047f09e5f690de59,N3,N3;N2,地元,じもと,,"출신지역,고장,현지","그고장,그지방;출신지역,고장,현지",noun,word,1,mkt_n2;mkt_n3,mkt_n2_p014_o0370;mkt_n3_p014_o0335,2,명사,w_047f09e5f690de59,N3,verified,
w_dd98e683daac860a,N3,N3,地球,ちきゅう,,지구,지구,noun,word,1,pass_n3,pass_n3_p004_o0020,1,한자 읽기,w_dd98e683daac860a,N3,verified,
w_a85a9e57a64b7ae6,N3,N3,地面,じめん,,지면,지면,noun,word,1,mkt_n3,mkt_n3_p014_o0334,1,명사,w_a85a9e57a64b7ae6,N3,verified,
w_09666ce27c774b76,N3,N3,坂道,さかみち,,비탈길,"비탈길;언덕길, 비탈길",noun,word,1,mkt_n3;pass_n3,mkt_n3_p013_o0314;pass_n3_p009_o0217,2,명사;한자 표기,w_09666ce27c774b76,N3,verified,
w_391a18817462cda1,N3,N3;N2,埋める,うめる,,"묻다,메우다,채우다","묻다,메우다;묻다,메우다,채우다",verb,word,1,mkt_n2;mkt_n3,mkt_n2_p002_o0031;mkt_n3_p002_o0016,2,동사,w_391a18817462cda1,N3,verified,
w_f4b701a6d6be089d,N3,N3,基本,きほん,,기본,기본,noun,word,1,mkt_n3,mkt_n3_p011_o0257,1,명사,w_f4b701a6d6be089d,N3,verified,
w_db86cf0ffe2130a9,N3,N3,基礎,きそ,,기초,기초,noun,word,1,mkt_n3,mkt_n3_p011_o0251,1,명사,w_db86cf0ffe2130a9,N3,verified,
w_acd3c9b31394526d,N3,N3,塩,しお,,소금,소금,noun,word,1,mkt_n3,mkt_n3_p013_o0321,1,명사,w_acd3c9b31394526d,N3,verified,
w_3f46b28da139c16c,N3,N3;N2,売り切れる,うりきれる,,"다팔리다,매진되다","품절되다;다팔리다,매진되다;매진되다",verb,word,1,mkt_n2;mkt_n3;pass_n3,mkt_n2_p003_o0034;mkt_n3_p002_o0017;pass_n3_p016_o0461,3,동사;유의어,w_3f46b28da139c16c,N3,verified,"pass_n3 유의어 구역: 원본 보존, 앱 단어 목록 제외"
w_721897ea7436088b,N3,N3,変化,へんか,,변화,변화,noun,word,1,mkt_n3;pass_n3,mkt_n3_p018_o0456;pass_n3_p006_o0091,2,명사;한자 읽기,w_721897ea7436088b,N3,verified,
w_51b2118b5ba1fdd3,N3,N3,外科,げか,,외과,외과,noun,word,1,mkt_n3;pass_n3,mkt_n3_p012_o0280;pass_n3_p005_o0044,2,명사;한자 읽기,w_51b2118b5ba1fdd3,N3,verified,
w_d19dc140ba48f4e9,N3,N3,外食,がいしょく,,외식,외식,verb,word,1,pass_n3,pass_n3_p011_o0266,1,문맥 규정,w_d19dc140ba48f4e9,N3,verified,
w_e3819b3a806f61d1,N3,N3;N2,多少,たしょう,,다소,다소,adverb,word,1,mkt_n2;mkt_n3,mkt_n2_p018_o0488;mkt_n3_p020_o0498,2,부사,w_e3819b3a806f61d1,N3,verified,
w_2e3b4645917988e7,N3,N3,夜中,よなか,,밤중,밤중,noun,word,1,mkt_n3,mkt_n3_p019_o0485,1,명사,w_2e3b4645917988e7,N3,verified,
w_af0c5ae8a48bc5c9,N3,N3,大会,たいかい,,대회,대회,noun,word,1,mkt_n3;pass_n3,mkt_n3_p016_o0389;pass_n3_p005_o0069,2,명사;한자 읽기,w_af0c5ae8a48bc5c9,N3,verified,
w_41251cda052c6ddc,N3,N3,大量,たいりょう,,대량,대량,adjective,word,1,pass_n3,pass_n3_p007_o0142,1,한자 표기,w_41251cda052c6ddc,N3,verified,
w_dd7b8c99345902a0,N3,N3,天井,てんじょう,,천정,천정,noun,word,1,mkt_n3,mkt_n3_p016_o0410,1,명사,w_dd7b8c99345902a0,N3,verified,
w_7ceb38af28076e64,N3,N3,夫婦,ふうふ,,부부,부부,noun,word,1,pass_n3,pass_n3_p004_o0012,1,한자 읽기,w_7ceb38af28076e64,N3,verified,
w_8860727e4e6ef77a,N3,N3,失業,しつぎょう,,실업,실업,noun,word,1,mkt_n3;pass_n3,mkt_n3_p014_o0330;pass_n3_p004_o0011,2,명사;한자 읽기,w_8860727e4e6ef77a,N3,verified,
w_833594898192c2a8,N3,N3;N2,奪う,うばう,,빼앗다,뺏다;빼앗다,verb,word,1,mkt_n2;mkt_n3,mkt_n2_p002_o0030;mkt_n3_p002_o0015,2,동사,w_833594898192c2a8,N3,verified,
w_7f34a8de8756e33b,N3,N3;N2;N1,姿勢,しせい,,자세,자세,noun,word,1,mkt_n1;mkt_n2;mkt_n3;pass_n3,mkt_n1_p014_o0323;mkt_n2_p014_o0368;mkt_n3_p014_o0327;pass_n3_p013_o0367,4,명사;문맥 규정,w_7f34a8de8756e33b,N3,verified,
w_209a4f5d036442e7,N3,N3,嫌う,きらう,,싫어하다,싫어하다,verb,word,1,mkt_n3,mkt_n3_p003_o0038,1,동사,w_209a4f5d036442e7,N3,verified,
w_4761cf0171ef6fcb,N3,N3,存在,そんざい,,존재,존재,noun,word,1,mkt_n3,mkt_n3_p015_o0388,1,명사,w_4761cf0171ef6fcb,N3,verified,
w_58a7af75717b065c,N3,N3,学ぶ,まなぶ,,배우다,배우다,verb,word,1,mkt_n3;pass_n3,mkt_n3_p005_o0111;pass_n3_p017_o0511,2,동사;유의어,w_58a7af75717b065c,N3,verified,"pass_n3 유의어 구역: 원본 보존, 앱 단어 목록 제외"
w_67b726b2a8728054,N3,N3,孫,まご,,손자,손자,noun,word,1,mkt_n3,mkt_n3_p018_o0463,1,명사,w_67b726b2a8728054,N3,verified,
w_f9a133c30df4181e,N3,N3,守る,まもる,,지키다,지키다,verb,word,1,mkt_n3;pass_n3,mkt_n3_p005_o0113;pass_n3_p008_o0150;pass_n3_p012_o0332,3,동사;한자 표기;문맥 규정,w_f9a133c30df4181e,N3,verified,
w_71bcd3743c50309a,N3,N3,完成,かんせい,,완성,완성,noun,word,1,mkt_n3;pass_n3,mkt_n3_p011_o0245;pass_n3_p004_o0035;pass_n3_p014_o0379,3,명사;한자 읽기;문맥 규정,w_71bcd3743c50309a,N3,verified,
w_01187a1dd0d68172,N3,N3,実力,じつりょく,,실력,실력,noun,word,1,mkt_n3;pass_n3,mkt_n3_p014_o0331;pass_n3_p005_o0056,2,명사;한자 읽기,w_01187a1dd0d68172,N3,verified,
w_727d286948e9b3eb,N3,N3,実用的だ,じつようてきだ,,실용적이다,실용적이다,na_adjective,word,1,mkt_n3,mkt_n3_p008_o0163,1,な형용사,w_727d286948e9b3eb,N3,verified,
w_a11e4c4f3567d6b9,N3,N3;N2,宣伝,せんでん,,선전,선전,noun,word,1,mkt_n2;mkt_n3,mkt_n2_p015_o0384;mkt_n3_p015_o0380,2,명사,w_a11e4c4f3567d6b9,N3,verified,
w_59e0fe072ab7844a,N3,N3,家賃,やちん,,집세,집세,noun,word,1,pass_n3,pass_n3_p010_o0223,1,문맥 규정,w_59e0fe072ab7844a,N3,verified,
w_2724f8eec43b7d75,N3,N3,容器,ようき,,용기,용기;용기(그릇),noun,word,1,mkt_n3;pass_n3,mkt_n3_p019_o0481;pass_n3_p008_o0164,2,명사;한자 표기,w_2724f8eec43b7d75,N3,verified,
w_ed65117a61843a54,N3,N3,専門,せんもん,,전문,전문,noun,word,1,mkt_n3,mkt_n3_p015_o0381,1,명사,w_ed65117a61843a54,N3,verified,
w_04d59a9c1ff2fd51,N3,N3;N1,専門家,せんもんか,,전문가,전문가,noun,word,1,pass_n1;pass_n3,pass_n1_p021_o0618;pass_n3_p007_o0134,2,유의어;한자 표기,w_04d59a9c1ff2fd51,N3,verified,"pass_n1 유의어 구역: 원본 보존, 앱 단어 목록 제외"
w_2ba511e80b7518cd,N3,N3;N2,届ける,とどける,,"보내다, 배달하다, (관청 등에) 신고하다","보내다, 배달하다, (관청 등에) 신고하다;(1) 전달하다, (2) 신고하다",verb,word,1,mkt_n2;pass_n3,mkt_n2_p006_o0150;pass_n3_p017_o0492,2,동사;유의어,w_2ba511e80b7518cd,N3,verified,"PDF 표 행 경계를 원문과 대조하여 교정;pass_n3 유의어 구역: 원본 보존, 앱 단어 목록 제외"
w_61a02683f8ec2596,N3,N3,屋根,やね,,지붕,지붕,noun,word,1,mkt_n3,mkt_n3_p019_o0477,1,명사,w_61a02683f8ec2596,N3,verified,
w_876ce9a1dd2dbf62,N3,N3,岩,いわ,,바위,바위,noun,word,1,pass_n3,pass_n3_p004_o0001,1,한자 읽기,w_876ce9a1dd2dbf62,N3,verified,
w_c64315d4b97b6060,N3,N3,島,しま,,섬,섬,noun,word,1,pass_n3,pass_n3_p004_o0036,1,한자 읽기,w_c64315d4b97b6060,N3,verified,
w_be992c675e654065,N3,N3,工夫,くふう,,"고안,궁리","고안,궁리",noun,word,1,mkt_n3,mkt_n3_p012_o0270,1,명사,w_be992c675e654065,N3,verified,
w_98a55855d6591a6a,N3,N3,左右,さゆう,,좌우,좌우,noun,word,1,mkt_n3,mkt_n3_p013_o0318,1,명사,w_98a55855d6591a6a,N3,verified,
w_5a886b7121ed4a02,N3,N3,差,さ,,"차이, 차","차이, 차",noun,word,1,pass_n3,pass_n3_p011_o0267,1,문맥 규정,w_5a886b7121ed4a02,N3,verified,
w_8475c9dc0e09c60f,N3,N3,布団,ふとん,,이불,이불,noun,word,1,mkt_n3,mkt_n3_p018_o0451,1,명사,w_8475c9dc0e09c60f,N3,verified,
w_cf049fe43ba71d8c,N3,N3,希望,きぼう,,희망,희망,noun,word,1,pass_n3,pass_n3_p010_o0238,1,문맥 규정,w_cf049fe43ba71d8c,N3,verified,
w_36f21c0494aa321c,N3,N3,席,せき,,좌석,좌석,noun,word,1,pass_n3,pass_n3_p005_o0051,1,한자 읽기,w_36f21c0494aa321c,N3,verified,
w_50bb4acf1b1ebafc,N3,N3,帰宅,きたく,,귀가,귀가,noun,word,1,mkt_n3;pass_n3,mkt_n3_p011_o0254;pass_n3_p008_o0156,2,명사;한자 표기,w_50bb4acf1b1ebafc,N3,verified,
w_32c337eda3945893,N3,N3,干す,ほす,,"말리다,건조시키다,널다","말리다,건조시키다,널다;(널어) 말리다, (잔) 비우다",verb,word,1,mkt_n3;pass_n3,mkt_n3_p005_o0107;pass_n3_p006_o0088,2,동사;한자 읽기,w_32c337eda3945893,N3,verified,
w_4715b3f2e7ed7c84,N3,N3,平均,へいきん,,평균,평균,noun,word,1,mkt_n3;pass_n3,mkt_n3_p018_o0455;pass_n3_p006_o0094;pass_n3_p014_o0374,3,명사;한자 읽기;문맥 규정,w_4715b3f2e7ed7c84,N3,verified,
w_4a5f0928867e842c,N3,N3,平日,へいじつ,,평일,평일,adverb,word,1,pass_n3,pass_n3_p005_o0038,1,한자 읽기,w_4a5f0928867e842c,N3,verified,
w_1b7c57fca1a8a85c,N3,N3,年中,ねんじゅう,,연중,연중;일 년 내내,noun,word,1,mkt_n3;pass_n3,mkt_n3_p017_o0431;pass_n3_p015_o0439,2,명사;유의어,w_1b7c57fca1a8a85c,N3,verified,"pass_n3 유의어 구역: 원본 보존, 앱 단어 목록 제외"
w_7b4b7d9964deb0b8,N3,N3,広告,こうこく,,광고,광고,noun,word,1,mkt_n3;pass_n3,mkt_n3_p013_o0299;pass_n3_p005_o0067,2,명사;한자 읽기,w_7b4b7d9964deb0b8,N3,verified,
w_1846ab557a170f3b,N3,N3,床,ゆか,,마루,"마루;바닥, 마루",noun,word,1,mkt_n3;pass_n3,mkt_n3_p019_o0478;pass_n3_p014_o0378,2,명사;문맥 규정,w_1846ab557a170f3b,N3,verified,
w_cd9ef42ceb9ad142,N3,N3,底,そこ,,바닥,바닥,noun,word,1,mkt_n3;pass_n3,mkt_n3_p015_o0386;pass_n3_p014_o0372,2,명사;문맥 규정,w_cd9ef42ceb9ad142,N3,verified,
w_4fa2413486371202,N3,N3,延ばす,のばす,,"(시일을)연장시키다,미루다","(시일을)연장시키다,미루다",verb,word,1,mkt_n3,mkt_n3_p005_o0094,1,동사,w_4fa2413486371202,N3,verified,
w_27891636e083856d,N3,N3,建設,けんせつ,,건설,건설,noun,word,1,mkt_n3;pass_n3,mkt_n3_p012_o0293;pass_n3_p019_o0565,2,명사;용법,w_27891636e083856d,N3,verified,"pass_n3 용법 구역: 원본 보존, 앱 단어 목록 제외"
w_1c9b1884724ebe13,N3,N3;N2;N1,引き受ける,ひきうける,,받아들이다,"떠맡다;받아들이다;맡다, 인수하다;떠맡다, 인수하다",verb,word,1,mkt_n2;mkt_n3;pass_n1;pass_n3,mkt_n2_p007_o0181;mkt_n3_p005_o0102;pass_n1_p024_o0722;pass_n3_p012_o0307;pass_n3_p020_o0603,5,동사;유의어;문맥 규정;용법,w_1c9b1884724ebe13,N3,verified,"pass_n1 유의어 구역: 원본 보존, 앱 단어 목록 제외;pass_n3 용법 구역: 원본 보존, 앱 단어 목록 제외"
w_8260701b3bb8776f,N3,N3;N2,当たる,あたる,,"맞다,적중하다","맞다,해당하다;맞다,적중하다",verb,word,1,mkt_n2;mkt_n3,mkt_n2_p002_o0007;mkt_n3_p002_o0003,2,동사,w_8260701b3bb8776f,N3,verified,
w_aa10c9c854fbbf6a,N3,N3,当日,とうじつ,,당일,당일,noun,word,1,mkt_n3;pass_n3,mkt_n3_p016_o0412;pass_n3_p012_o0330,2,명사;문맥 규정,w_aa10c9c854fbbf6a,N3,verified,
w_d2920b329afac048,N3,N3,当然,とうぜん,,당연히,당연히,adverb,word,1,mkt_n3;pass_n3,mkt_n3_p020_o0499;pass_n3_p018_o0521,2,부사;유의어,w_d2920b329afac048,N3,verified,"pass_n3 유의어 구역: 원본 보존, 앱 단어 목록 제외"
w_f385d0851d61d69b,N3,N3,形,かたち,,"형태,모양","형태,모양",noun,word,1,mkt_n3,mkt_n3_p010_o0225,1,명사,w_f385d0851d61d69b,N3,verified,
w_d9e809ebe3cd1324,N3,N3;N1,影響,えいきょう,,영향,영향,noun,word,1,mkt_n1;mkt_n3;pass_n3,mkt_n1_p010_o0222;mkt_n3_p009_o0200;pass_n3_p011_o0263,3,명사;문맥 규정,w_d9e809ebe3cd1324,N3,verified,
w_0429275c7be1a80b,N3,N3,往復,おうふく,,왕복,왕복,noun,word,1,mkt_n3,mkt_n3_p010_o0208,1,명사,w_0429275c7be1a80b,N3,verified,
w_d6eed39e186a071d,N3,N3,待ち合わせる,まちあわせる,,"(장소,시간을정하고)만나기로하다","(장소,시간을정하고)만나기로하다",verb,word,1,mkt_n3,mkt_n3_p005_o0110,1,동사,w_d6eed39e186a071d,N3,verified,
w_58962bd58b2b4e7e,N3,N3,従う,したがう,,따르다,따르다,verb,word,1,mkt_n3,mkt_n3_p003_o0054,1,동사,w_58962bd58b2b4e7e,N3,verified,
w_69678bee044d584a,N3,N3;N2,得意だ,とくいだ,,"잘한다,숙련되다","잘하다,자신있다;잘한다,숙련되다",na_adjective,word,1,mkt_n2;mkt_n3,mkt_n2_p012_o0320;mkt_n3_p008_o0175,2,な형용사,w_69678bee044d584a,N3,verified,
w_7ca85bc496068dbe,N3,N3,得意な,とくいな,,"자신 있는, 잘하는","자신 있는, 잘하는;잘하는, 자신 있는",expression,word,1,pass_n3,pass_n3_p004_o0006;pass_n3_p017_o0497,2,한자 읽기;유의어,w_7ca85bc496068dbe,N3,verified,"pass_n3 유의어 구역: 원본 보존, 앱 단어 목록 제외"
w_576aea8913e12a4c,N3,N3,復習,ふくしゅう,,복습,복습,noun,word,1,pass_n3,pass_n3_p008_o0161,1,한자 표기,w_576aea8913e12a4c,N3,verified,
w_37328bc83de7e43a,N3,N3;N2,必ず,かならず,,반드시,"반드시,꼭;반드시",adverb,word,1,mkt_n2;mkt_n3,mkt_n2_p018_o0469;mkt_n3_p019_o0493,2,부사,w_37328bc83de7e43a,N3,verified,
w_410160033c0799ae,N3,N3,応募,おうぼ,,응모,응모,noun,word,1,mkt_n3;pass_n3,mkt_n3_p010_o0209;pass_n3_p004_o0017;pass_n3_p009_o0209,3,명사;한자 읽기;한자 표기,w_410160033c0799ae,N3,verified,
w_cb35e8f608f2c6be,N3,N3,応援,おうえん,,응원,응원,noun,word,1,mkt_n3;pass_n3,mkt_n3_p010_o0206;pass_n3_p011_o0272,2,명사;문맥 규정,w_cb35e8f608f2c6be,N3,verified,
w_e817f861b7eb79b7,N3,N3,応用,おうよう,,응용,응용,noun,word,1,mkt_n3;pass_n3,mkt_n3_p010_o0210;pass_n3_p006_o0076,2,명사;한자 읽기,w_e817f861b7eb79b7,N3,verified,
w_72943e17cc2418be,N3,N3,怒鳴る,どなる,,"고함치다,호통치다","고함치다,호통치다",verb,word,1,mkt_n3,mkt_n3_p004_o0079,1,동사,w_72943e17cc2418be,N3,verified,
w_e0c797218bacf3a1,N3,N3;N1,怖がる,こわがる,,무서워하다,무서워하다,verb,word,1,mkt_n3;pass_n1,mkt_n3_p003_o0049;pass_n1_p019_o0526,2,동사;유의어,w_e0c797218bacf3a1,N3,verified,"pass_n1 유의어 구역: 원본 보존, 앱 단어 목록 제외"
w_a3a39185338447dd,N3,N3,性格,せいかく,,성격,성격,noun,word,1,mkt_n3;pass_n3,mkt_n3_p015_o0370;pass_n3_p019_o0552;pass_n3_p020_o0594,3,명사;용법,w_a3a39185338447dd,N3,verified,"pass_n3 용법 구역: 원본 보존, 앱 단어 목록 제외"
w_1582e294ca67e1c8,N3,N3;N2;N1,怪しい,あやしい,,수상하다,"수상하다,이상하다;수상하다;수상한, 의심스러운",i_adjective,word,1,mkt_n2;mkt_n3;pass_n1,mkt_n2_p009_o0240;mkt_n3_p006_o0131;pass_n1_p021_o0600,3,い형용사;유의어,w_1582e294ca67e1c8,N3,verified,"pass_n1 유의어 구역: 원본 보존, 앱 단어 목록 제외"
w_cfd534caa1040223,N3,N3,恋しい,こいしい,,그립다,그립다,i_adjective,word,1,mkt_n3;pass_n3,mkt_n3_p007_o0143;pass_n3_p008_o0184,2,い형용사;한자 표기,w_cfd534caa1040223,N3,verified,
w_f9b24979cc8d4767,N3,N3,息,いき,,"숨,호흡","숨,호흡;숨",noun,word,1,mkt_n3;pass_n3,mkt_n3_p009_o0188;pass_n3_p004_o0009,2,명사;한자 읽기,w_f9b24979cc8d4767,N3,verified,
w_f33b6d9d38791a27,N3,N3;N2,悔しい,くやしい,,"분하다,억울하다","분하다,억울하다;분하다, 억울하다",i_adjective,word,1,mkt_n2;pass_n3,mkt_n2_p010_o0253;pass_n3_p012_o0325,2,い형용사;문맥 규정,w_f33b6d9d38791a27,N3,verified,
w_3f73adb9174b2afa,N3,N3,悲しい,かなしい,,슬프다,슬프다,i_adjective,word,1,mkt_n3,mkt_n3_p006_o0136,1,い형용사,w_3f73adb9174b2afa,N3,verified,
w_c297098c4220a11c,N3,N3,情報,じょうほう,,정보,정보,noun,word,1,mkt_n3;pass_n3,mkt_n3_p014_o0357;pass_n3_p004_o0028,2,명사;한자 읽기,w_c297098c4220a11c,N3,verified,
w_019b02f5b9b7dc2f,N3,N3,惜しい,おしい,,"아깝다,애석하다","아깝다,애석하다;아깝다, 아쉽다",i_adjective,word,1,mkt_n3;pass_n3,mkt_n3_p006_o0135;pass_n3_p013_o0358,2,い형용사;문맥 규정,w_019b02f5b9b7dc2f,N3,verified,
w_1d65f25823e21c05,N3,N3;N1,想像,そうぞう,,상상,상상,noun,word,1,mkt_n3;pass_n1;pass_n3,mkt_n3_p015_o0382;pass_n1_p021_o0622;pass_n3_p011_o0276,3,명사;유의어;문맥 규정,w_1d65f25823e21c05,N3,verified,"pass_n1 유의어 구역: 원본 보존, 앱 단어 목록 제외"
w_52a651979b9ad308,N3,N3,意志,いし,,의지,의지,noun,word,1,pass_n3,pass_n3_p011_o0269,1,문맥 규정,w_52a651979b9ad308,N3,verified,
w_1dc129f7a1d2cf75,N3,N3,意識,いしき,,의식,의식,noun,word,1,mkt_n3,mkt_n3_p009_o0191,1,명사,w_1dc129f7a1d2cf75,N3,verified,
w_b5fa5c2c5bc57064,N3,N3,感じる,かんじる,,느끼다,느끼다,verb,word,1,pass_n3,pass_n3_p010_o0222,1,문맥 규정,w_b5fa5c2c5bc57064,N3,verified,
w_86f351f830adbc35,N3,N3,感動,かんどう,,감동,감동,noun,word,1,pass_n3,pass_n3_p010_o0229,1,문맥 규정,w_86f351f830adbc35,N3,verified,
w_6e533b465b02e2aa,N3,N3,感情的だ,かんじょうてきだ,,감정적이다,감정적이다,na_adjective,word,1,mkt_n3,mkt_n3_p008_o0159,1,な형용사,w_6e533b465b02e2aa,N3,verified,
w_f7a7ffb3215c602c,N3,N3,感激,かんげき,,감격,감격,noun,word,1,mkt_n3,mkt_n3_p011_o0241,1,명사,w_f7a7ffb3215c602c,N3,verified,
w_c667bc5094ca3cc6,N3,N3,感覚,かんかく,,감각,감각,noun,word,1,mkt_n3;pass_n3,mkt_n3_p011_o0237;pass_n3_p012_o0327,2,명사;문맥 규정,w_c667bc5094ca3cc6,N3,verified,
w_70953a9f6c527285,N3,N3;N2;N1,慌てる,あわてる,,허둥대다,"당황하다,허둥거리다;허둥대다;당황하다, 허둥지둥하다",verb,word,1,mkt_n2;mkt_n3;pass_n1,mkt_n2_p002_o0015;mkt_n3_p002_o0007;pass_n1_p018_o0502,3,동사;유의어,w_70953a9f6c527285,N3,verified,"pass_n1 유의어 구역: 원본 보존, 앱 단어 목록 제외"
w_09a2b046aa57cee5,N3,N3;N1,慰める,なぐさめる,,위로하다,"위로하다;위로하다, 달래다",verb,word,1,mkt_n3;pass_n1;pass_n3,mkt_n3_p004_o0084;pass_n1_p007_o0136;pass_n3_p020_o0601,3,동사;한자 읽기;용법,w_09a2b046aa57cee5,N3,verified,"pass_n3 용법 구역: 원본 보존, 앱 단어 목록 제외"
w_568660177b238b65,N3,N3,懐かしい,なつかしい,,그립다,그립다,i_adjective,word,1,mkt_n3,mkt_n3_p007_o0146,1,い형용사,w_568660177b238b65,N3,verified,
w_15206e0f1ca6c5b7,N3,N3,成績,せいせき,,성적,성적,noun,word,1,mkt_n3;pass_n3,mkt_n3_p015_o0375;pass_n3_p007_o0132,2,명사;한자 표기,w_15206e0f1ca6c5b7,N3,verified,
w_0fd519f30d7ed2e9,N3,N3,我慢,がまん,,참음,참음,noun,word,1,mkt_n3,mkt_n3_p011_o0233,1,명사,w_0fd519f30d7ed2e9,N3,verified,
w_a11eede38f3c2f74,N3,N3;N2;N1,我慢する,がまんする,,참다,참다,verb,word,1,mkt_n2;pass_n1;pass_n3,mkt_n2_p004_o0066;pass_n1_p024_o0698;pass_n3_p012_o0315,3,동사;유의어;문맥 규정,w_a11eede38f3c2f74,N3,verified,"pass_n1 유의어 구역: 원본 보존, 앱 단어 목록 제외"
w_ccae99849468c640,N3,N3,戦う,たたかう,,싸우다,싸우다,verb,word,1,mkt_n3;pass_n3,mkt_n3_p004_o0065;pass_n3_p013_o0344,2,동사;문맥 규정,w_ccae99849468c640,N3,verified,
w_0ba0815264db0466,N3,N3,手段,しゅだん,,수단,수단,noun,word,1,mkt_n3;pass_n3,mkt_n3_p014_o0343;pass_n3_p017_o0489,2,명사;유의어,w_0ba0815264db0466,N3,verified,"pass_n3 유의어 구역: 원본 보존, 앱 단어 목록 제외"
w_30f63a0febb90d39,N3,N3,手術,しゅじゅつ,,수술,수술,noun,word,1,mkt_n3;pass_n3,mkt_n3_p014_o0342;pass_n3_p007_o0125,2,명사;한자 읽기,w_30f63a0febb90d39,N3,verified,
w_8458200d88dada3a,N3,N3,払う,はらう,,지불하다,지불하다,verb,word,1,pass_n3,pass_n3_p006_o0104,1,한자 읽기,w_8458200d88dada3a,N3,verified,
w_7f427f8a99725529,N3,N3;N2,扱う,あつかう,,취급하다,"취급하다;다루다, 취급하다",verb,word,1,mkt_n2;pass_n3,mkt_n2_p002_o0008;pass_n3_p010_o0236,2,동사;문맥 규정,w_7f427f8a99725529,N3,verified,문자 좌표 검증 완료; 선형 텍스트 레이어 순서 불일치
w_1473b754f2591b60,N3,N3;N2,抑える,おさえる,,"(소비,지출을)줄이다","억누르다;(소비,지출을)줄이다",verb,word,1,mkt_n2;mkt_n3,mkt_n2_p003_o0042;mkt_n3_p002_o0019,2,동사,w_1473b754f2591b60,N3,verified,
w_2b162e6f88d7024b,N3,N3,投げる,なげる,,던지다,던지다,verb,word,1,mkt_n3;pass_n3,mkt_n3_p004_o0085;pass_n3_p009_o0188,2,동사;한자 표기,w_2b162e6f88d7024b,N3,verified,
w_5395c758c9404f88,N3,N3,折る,おる,,"꺾다,접다","꺾다,접다;접다, 굽히다",verb,word,1,mkt_n3;pass_n3,mkt_n3_p002_o0024;pass_n3_p004_o0027,2,동사;한자 읽기,w_5395c758c9404f88,N3,verified,
w_b38cfcd67ff64a8e,N3,N3,押す,おす,,"누르다,밀다","누르다,밀다",verb,word,1,mkt_n3,mkt_n3_p002_o0020,1,동사,w_b38cfcd67ff64a8e,N3,verified,
w_f5d7da8d2993aa92,N3,N3,拭く,ふく,,닦다,닦다,verb,word,1,mkt_n3,mkt_n3_p005_o0104,1,동사,w_f5d7da8d2993aa92,N3,verified,
w_041ac7863a71dd1a,N3,N3,拾う,ひろう,,줍다,줍다,verb,word,1,mkt_n3,mkt_n3_p005_o0103,1,동사,w_041ac7863a71dd1a,N3,verified,
w_b43d61ff6220c0e6,N3,N3;N2,指導,しどう,,지도,지도,noun,word,1,mkt_n2;mkt_n3,mkt_n2_p014_o0369;mkt_n3_p014_o0332,2,명사,w_b43d61ff6220c0e6,N3,verified,
w_e13e432306ac2b38,N3,N3;N1,挑む,いどむ,,도전하다,도전하다,verb,word,1,mkt_n1;mkt_n3,mkt_n1_p002_o0007;mkt_n3_p002_o0009,2,동사,w_e13e432306ac2b38,N3,verified,
w_5087ca0f2f02704e,N3,N3,握る,にぎる,,(손에꽉)쥐다,(손에꽉)쥐다,verb,word,1,mkt_n3,mkt_n3_p005_o0088,1,동사,w_5087ca0f2f02704e,N3,verified,
w_f240542bd46ea7e7,N3,N3,揺れる,ゆれる,,흔들리다,흔들리다,verb,word,1,mkt_n3,mkt_n3_p006_o0123,1,동사,w_f240542bd46ea7e7,N3,verified,
w_4e6c3f8f212f86bd,N3,N3,支出,ししゅつ,,지출,지출,noun,word,1,mkt_n3,mkt_n3_p013_o0324,1,명사,w_4e6c3f8f212f86bd,N3,verified,
w_04b3664c7a654719,N3,N3,支給,しきゅう,,지급,지급,noun,word,1,mkt_n3,mkt_n3_p013_o0322,1,명사,w_04b3664c7a654719,N3,verified,
w_1db1591aae191a26,N3,N3,支給する,しきゅうする,,지급하다,지급하다,verb,word,1,pass_n3,pass_n3_p006_o0095,1,한자 읽기,w_1db1591aae191a26,N3,verified,
w_3b31d9445f56f49b,N3,N3,改札,かいさつ,,개찰,개찰,noun,word,1,pass_n3,pass_n3_p005_o0063,1,한자 읽기,w_3b31d9445f56f49b,N3,verified,
w_30e834c7bca32308,N3,N3,教師,きょうし,,교사,교사,noun,word,1,mkt_n3;pass_n3,mkt_n3_p011_o0260;pass_n3_p009_o0220,2,명사;한자 표기,w_30e834c7bca32308,N3,verified,
w_4aedefd2578db74a,N3,N3,数,かず,,"수,숫자","수,숫자",noun,word,1,mkt_n3,mkt_n3_p010_o0222,1,명사,w_4aedefd2578db74a,N3,verified,
w_0f1059ba8aef86ac,N3,N3,数字,すうじ,,숫자,숫자,noun,word,1,mkt_n3,mkt_n3_p015_o0366,1,명사,w_0f1059ba8aef86ac,N3,verified,
w_7fa9daed68518bff,N3,N3,整理,せいり,,정리,정리,noun,word,1,mkt_n3;pass_n3,mkt_n3_p015_o0376;pass_n3_p010_o0251,2,명사;문맥 규정,w_7fa9daed68518bff,N3,verified,
w_fc7adcb9e20962f9,N3,N3,文句,もんく,,"불평,불만","불평,불만;불평, 잔소리",noun,word,1,mkt_n3;pass_n3,mkt_n3_p018_o0476;pass_n3_p013_o0334,2,명사;문맥 규정,w_fc7adcb9e20962f9,N3,verified,
w_596ec51bc3a84d27,N3,N3,文字,もじ,,문자,문자,noun,word,1,mkt_n3,mkt_n3_p018_o0474,1,명사,w_596ec51bc3a84d27,N3,verified,
w_da408bc7f43d55bc,N3,N3,文章,ぶんしょう,,문장,문장,noun,word,1,mkt_n3;pass_n3,mkt_n3_p018_o0453;pass_n3_p005_o0062,2,명사;한자 읽기,w_da408bc7f43d55bc,N3,verified,
w_700d7ff4b9121075,N3,N3,料金,りょうきん,,요금,요금,noun,word,1,pass_n3,pass_n3_p013_o0342,1,문맥 규정,w_700d7ff4b9121075,N3,verified,
w_6ee69fae4031725c,N3,N3;N2,断る,ことわる,,거절하다,거절하다,verb,word,1,mkt_n2;mkt_n3;pass_n3,mkt_n2_p004_o0086;mkt_n3_p003_o0047;pass_n3_p013_o0357;pass_n3_p019_o0550;pass_n3_p020_o0610,5,동사;문맥 규정;용법,w_6ee69fae4031725c,N3,verified,"pass_n3 용법 구역: 원본 보존, 앱 단어 목록 제외"
w_5ffb2566a90f4567,N3,N3,新鮮だ,しんせんだ,,신선하다,신선하다,na_adjective,word,1,mkt_n3,mkt_n3_p008_o0167,1,な형용사,w_5ffb2566a90f4567,N3,verified,
w_97fd38bc63ce46e6,N3,N3,方向,ほうこう,,방향,방향,noun,word,1,mkt_n3;pass_n3,mkt_n3_p018_o0458;pass_n3_p006_o0098,2,명사;한자 읽기,w_97fd38bc63ce46e6,N3,verified,
w_57420260388d1a97,N3,N3;N1,方法,ほうほう,,방법,방법,noun,word,1,mkt_n3;pass_n1;pass_n3,mkt_n3_p018_o0459;pass_n1_p017_o0464;pass_n1_p020_o0588;pass_n3_p012_o0311,4,명사;유의어;문맥 규정,w_57420260388d1a97,N3,verified,"pass_n1 유의어 구역: 원본 보존, 앱 단어 목록 제외"
w_e10ae2eb65ba49a7,N3,N3,早めに,はやめに,,일찌감치,일찌감치,adverb,word,1,pass_n3,pass_n3_p010_o0232,1,문맥 규정,w_e10ae2eb65ba49a7,N3,verified,
w_582342dd56d6df96,N3,N3,早退,そうたい,,조퇴,조퇴,noun,word,1,mkt_n3;pass_n3,mkt_n3_p015_o0383;pass_n3_p007_o0114;pass_n3_p019_o0570,3,명사;한자 읽기;용법,w_582342dd56d6df96,N3,verified,"pass_n3 용법 구역: 원본 보존, 앱 단어 목록 제외"
w_38eb7fd1b5e6182f,N3,N3,易しい,やさしい,,쉽다,쉽다,i_adjective,word,1,mkt_n3,mkt_n3_p007_o0152,1,い형용사,w_38eb7fd1b5e6182f,N3,verified,
w_44803443852637ba,N3,N3,景色,けしき,,경치,경치,noun,word,1,mkt_n3,mkt_n3_p012_o0281,1,명사,w_44803443852637ba,N3,verified,
w_47d4e0fc7e943945,N3,N3,曲げる,まげる,,구부리다,구부리다,verb,word,1,mkt_n3,mkt_n3_p005_o0108,1,동사,w_47d4e0fc7e943945,N3,verified,
w_bb59d051bed3ec91,N3,N3,替える,かえる,,"바꾸다,교환하다","바꾸다,교환하다;교체하다",verb,word,1,mkt_n3;pass_n3,mkt_n3_p002_o0026;pass_n3_p006_o0075,2,동사;한자 읽기,w_bb59d051bed3ec91,N3,verified,
w_decc1190e2155c6d,N3,N3,最上,さいじょう,,최상,최상,noun,word,1,mkt_n3,mkt_n3_p013_o0312,1,명사,w_decc1190e2155c6d,N3,verified,
w_f6e8f1e53e2d0bb1,N3,N3,最新,さいしん,,최신,최신,noun,word,1,pass_n3,pass_n3_p010_o0225,1,문맥 규정,w_f6e8f1e53e2d0bb1,N3,verified,
w_df11c8d6fbeda9c4,N3,N3,最終,さいしゅう,,최종,최종,noun,word,1,mkt_n3,mkt_n3_p013_o0311,1,명사,w_df11c8d6fbeda9c4,N3,verified,
w_d272a4d8a2801bf1,N3,N3,朝食,ちょうしょく,,조식,"조식;조식, 아침 식사",noun,word,1,mkt_n3;pass_n3,mkt_n3_p016_o0402;pass_n3_p006_o0084,2,명사;한자 읽기,w_d272a4d8a2801bf1,N3,verified,
w_a2570eaed8a5baf5,N3,N3,期待,きたい,,기대,기대,noun,word,1,mkt_n3;pass_n3,mkt_n3_p011_o0253;pass_n3_p009_o0212;pass_n3_p011_o0279,3,명사;한자 표기;문맥 규정,w_a2570eaed8a5baf5,N3,verified,
w_18029b7b40685dd0,N3,N3,期限,きげん,,기한,기한,noun,word,1,mkt_n3;pass_n3,mkt_n3_p011_o0248;pass_n3_p019_o0579,2,명사;용법,w_18029b7b40685dd0,N3,verified,"pass_n3 용법 구역: 원본 보존, 앱 단어 목록 제외"
w_4a00d1c7a324a57c,N3,N3,未来,みらい,,미래,미래,noun,word,1,mkt_n3;pass_n3,mkt_n3_p018_o0468;pass_n3_p018_o0535,2,명사;용법,w_4a00d1c7a324a57c,N3,verified,"pass_n3 용법 구역: 원본 보존, 앱 단어 목록 제외"
w_cad763736b470d5a,N3,N3,材料,ざいりょう,,재료,재료,noun,word,1,mkt_n3;pass_n3,mkt_n3_p013_o0313;pass_n3_p012_o0305,2,명사;문맥 규정,w_cad763736b470d5a,N3,verified,
w_131a1b0c40f0bc6b,N3,N3;N2,条件,じょうけん,,조건,조건,noun,word,1,mkt_n2;mkt_n3,mkt_n2_p014_o0373;mkt_n3_p014_o0351,2,명사,w_131a1b0c40f0bc6b,N3,verified,
w_829969adb71e833a,N3,N3,板,いた,,"판자,널빤지","판자,널빤지",noun,word,1,mkt_n3,mkt_n3_p009_o0192,1,명사,w_829969adb71e833a,N3,verified,
w_d12691802ad18297,N3,N3,枝,えだ,,가지,가지,noun,word,1,mkt_n3,mkt_n3_p010_o0203,1,명사,w_d12691802ad18297,N3,verified,
w_8efd4d5e30a414c9,N3,N3,枯れる,かれる,,시들다,시들다,verb,word,1,mkt_n3,mkt_n3_p003_o0035,1,동사,w_8efd4d5e30a414c9,N3,verified,
w_ab8422702cbd9111,N3,N3,染み,しみ,,얼룩,얼룩,noun,word,1,pass_n3,pass_n3_p014_o0386,1,문맥 규정,w_ab8422702cbd9111,N3,verified,
w_6fbbf0029eee6674,N3,N3,栄養,えいよう,,영양,영양,noun,word,1,mkt_n3;pass_n3,mkt_n3_p009_o0201;pass_n3_p013_o0336,2,명사;문맥 규정,w_6fbbf0029eee6674,N3,verified,
w_de531428e995cd74,N3,N3,根,ね,,뿌리,뿌리,noun,word,1,mkt_n3;pass_n3,mkt_n3_p017_o0430;pass_n3_p005_o0052,2,명사;한자 읽기,w_de531428e995cd74,N3,verified,
w_006a682a41241ada,N3,N3,森,もり,,숲,숲,noun,word,1,mkt_n3,mkt_n3_p018_o0475,1,명사,w_006a682a41241ada,N3,verified,
w_ad78ab269c3e6eeb,N3,N3,植物,しょくぶつ,,식물,식물,noun,word,1,mkt_n3,mkt_n3_p015_o0360,1,명사,w_ad78ab269c3e6eeb,N3,verified,
w_43f2bc988923ec79,N3,N3,検査,けんさ,,검사,검사,noun,word,1,mkt_n3;pass_n3,mkt_n3_p012_o0290;pass_n3_p006_o0078;pass_n3_p013_o0354,3,명사;한자 읽기;문맥 규정,w_43f2bc988923ec79,N3,verified,
w_806346be08199b20,N3,N3,楽器,がっき,,악기,악기,noun,word,1,mkt_n3;pass_n3,mkt_n3_p010_o0230;pass_n3_p007_o0133;pass_n3_p009_o0192,3,명사;한자 표기,w_806346be08199b20,N3,verified,
w_ace6c153896744f4,N3,N3,横,よこ,,옆,"옆;옆, 가로",noun,word,1,mkt_n3;pass_n3,mkt_n3_p019_o0482;pass_n3_p005_o0073,2,명사;한자 읽기,w_ace6c153896744f4,N3,verified,
w_60f503d7e8dd196a,N3,N3,横断,おうだん,,횡단,횡단,noun,word,1,mkt_n3;pass_n3,mkt_n3_p010_o0207;pass_n3_p005_o0047,2,명사;한자 읽기,w_60f503d7e8dd196a,N3,verified,
w_a392e3edd73c3036,N3,N3,機械,きかい,,기계,기계,noun,word,1,mkt_n3,mkt_n3_p011_o0246,1,명사,w_a392e3edd73c3036,N3,verified,
w_48a34178dbe1b9f3,N3,N3,欠席,けっせき,,결석,결석,noun,word,1,mkt_n3;pass_n3,mkt_n3_p012_o0283;pass_n3_p008_o0175,2,명사;한자 표기,w_48a34178dbe1b9f3,N3,verified,
w_4cc98de159aa2795,N3,N3,欠点,けってん,,결점,결점,noun,word,1,mkt_n3;pass_n3,mkt_n3_p012_o0284;pass_n3_p009_o0194;pass_n3_p015_o0417,3,명사;한자 표기;유의어,w_4cc98de159aa2795,N3,verified,"pass_n3 유의어 구역: 원본 보존, 앱 단어 목록 제외"
w_5fef87c18620fa3e,N3,N3;N2,次第に,しだいに,,"점점,서서히","점점,순차적으로;점점,서서히;점차",adverb,word,1,mkt_n2;mkt_n3;pass_n3,mkt_n2_p018_o0478;mkt_n3_p019_o0495;pass_n3_p017_o0495,3,부사;유의어,w_5fef87c18620fa3e,N3,verified,"pass_n3 유의어 구역: 원본 보존, 앱 단어 목록 제외"
w_4c7425a3f9f0171a,N3,N3,正常,せいじょう,,정상,정상,noun,word,1,mkt_n3;pass_n3,mkt_n3_p015_o0374;pass_n3_p007_o0126,2,명사;한자 표기,w_4c7425a3f9f0171a,N3,verified,
w_84353701d56138e4,N3,N3;N2,正直だ,しょうじきだ,,정직하다,정직하다,na_adjective,word,1,mkt_n2;mkt_n3,mkt_n2_p012_o0304;mkt_n3_p008_o0166,2,な형용사,w_84353701d56138e4,N3,verified,
w_b5725ff47ab0fb15,N3,N3,正確だ,せいかくだ,,정확하다,정확하다,na_adjective,word,1,mkt_n3,mkt_n3_p008_o0168,1,な형용사,w_b5725ff47ab0fb15,N3,verified,
w_1b303ccfb38c6b9e,N3,N3,正解,せいかい,,정답,정답,noun,word,1,mkt_n3;pass_n3,mkt_n3_p015_o0369;pass_n3_p009_o0186,2,명사;한자 표기,w_1b303ccfb38c6b9e,N3,verified,
w_faa1e1ee414a6871,N3,N3,正面,しょうめん,,정면,정면,noun,word,1,mkt_n3,mkt_n3_p015_o0359,1,명사,w_faa1e1ee414a6871,N3,verified,
w_b2fa264e37d747b7,N3,N3,歯,は,,"이,치아","이,치아;이, 치아",noun,word,1,mkt_n3;pass_n3,mkt_n3_p017_o0433;pass_n3_p008_o0159,2,명사;한자 표기,w_b2fa264e37d747b7,N3,verified,
w_ba48bff47965823b,N3,N3,残る,のこる,,남다,남다,verb,word,1,mkt_n3,mkt_n3_p005_o0093,1,동사,w_ba48bff47965823b,N3,verified,
w_6a5246d86b2c0f33,N3,N3,残業,ざんぎょう,,잔업,잔업,verb,word,1,pass_n3,pass_n3_p008_o0167,1,한자 표기,w_6a5246d86b2c0f33,N3,verified,
w_5b75b72b00bbd908,N3,N3,比較,ひかく,,비교,비교,noun,word,1,mkt_n3;pass_n3,mkt_n3_p017_o0441;pass_n3_p014_o0373,2,명사;문맥 규정,w_5b75b72b00bbd908,N3,verified,
w_a305e8aab93ec414,N3,N3,気温,きおん,,기온,기온,noun,word,1,pass_n3,pass_n3_p007_o0140,1,한자 표기,w_a305e8aab93ec414,N3,verified,
w_1d28786c934401fb,N3,N3,氷,こおり,,얼음,얼음,noun,word,1,mkt_n3,mkt_n3_p013_o0304,1,명사,w_1d28786c934401fb,N3,verified,
w_5ac97f7fa08e9044,N3,N3,汗,あせ,,땀,땀,noun,word,1,pass_n3,pass_n3_p004_o0033,1,한자 읽기,w_5ac97f7fa08e9044,N3,verified,
w_0577bd8fb5ad5060,N3,N3,汚い,きたない,,"더럽다,지저분하다","더럽다,지저분하다;더럽다",i_adjective,word,1,mkt_n3;pass_n3,mkt_n3_p007_o0138;pass_n3_p006_o0111,2,い형용사;한자 읽기,w_0577bd8fb5ad5060,N3,verified,
w_2e8d4f6d5083dc96,N3,N3,汚れ,よごれ,,"더러움,오염","더러움,오염",noun,word,1,mkt_n3,mkt_n3_p019_o0483,1,명사,w_2e8d4f6d5083dc96,N3,verified,
w_f42a4366c467382a,N3,N3;N2,汚れる,よごれる,,더러워지다,더러워지다,verb,word,1,mkt_n2;mkt_n3;pass_n3,mkt_n2_p009_o0231;mkt_n3_p006_o0124;pass_n3_p006_o0083,3,동사;한자 읽기,w_f42a4366c467382a,N3,verified,
w_332961e3eca8d0d8,N3,N3;N2,沈む,しずむ,,가라앉다,가라앉다,verb,word,1,mkt_n2;mkt_n3;pass_n3,mkt_n2_p005_o0101;mkt_n3_p003_o0053;pass_n3_p013_o0370,3,동사;문맥 규정,w_332961e3eca8d0d8,N3,verified,
w_798fdbcd46387384,N3,N3,沸騰,ふっとう,,"비등,물이끓음","비등,물이끓음;비등",noun,word,1,mkt_n3;pass_n3,mkt_n3_p018_o0450;pass_n3_p020_o0598,2,명사;용법,w_798fdbcd46387384,N3,verified,"pass_n3 용법 구역: 원본 보존, 앱 단어 목록 제외"
w_31ce4bc8f4963060,N3,N3,油,あぶら,,기름,기름,noun,word,1,mkt_n3,mkt_n3_p009_o0185,1,명사,w_31ce4bc8f4963060,N3,verified,
w_5612ea7757a9a0fa,N3,N3;N2,法律,ほうりつ,,법률,법률,noun,word,1,mkt_n2;mkt_n3;pass_n3,mkt_n2_p016_o0434;mkt_n3_p018_o0461;pass_n3_p007_o0146,3,명사;한자 표기,w_5612ea7757a9a0fa,N3,verified,
w_b0bd981d3bda964c,N3,N3,泡,あわ,,거품,거품,noun,word,1,mkt_n3,mkt_n3_p009_o0186,1,명사,w_b0bd981d3bda964c,N3,verified,
w_657011c1fcdc2d05,N3,N3;N2,波,なみ,,파도,파도,noun,word,1,mkt_n2;mkt_n3;pass_n3,mkt_n2_p015_o0395;mkt_n3_p017_o0425;pass_n3_p009_o0202,3,명사;한자 표기,w_657011c1fcdc2d05,N3,verified,
w_6f55665c44761da7,N3,N3,泣く,なく,,울다,울다,verb,word,1,mkt_n3,mkt_n3_p004_o0083,1,동사,w_6f55665c44761da7,N3,verified,
w_b43bd14340d28b3a,N3,N3,活動,かつどう,,활동,활동,noun,word,1,mkt_n3;pass_n3,mkt_n3_p010_o0231;pass_n3_p019_o0562,2,명사;용법,w_b43bd14340d28b3a,N3,verified,"pass_n3 용법 구역: 원본 보존, 앱 단어 목록 제외"
w_10a452f8abf1c612,N3,N3,活気,かっき,,활기,활기,noun,word,1,mkt_n3,mkt_n3_p010_o0229,1,명사,w_10a452f8abf1c612,N3,verified,
w_b98718b6acb95599,N3,N3;N2,派手だ,はでだ,,화려하다,화려하다,na_adjective,word,1,mkt_n2;mkt_n3,mkt_n2_p013_o0323;mkt_n3_p009_o0177,2,な형용사,w_b98718b6acb95599,N3,verified,
w_b5029dc94f034021,N3,N3,流れる,ながれる,,흐르다,흐르다,verb,word,1,mkt_n3;pass_n3,mkt_n3_p004_o0082;pass_n3_p010_o0247,2,동사;문맥 규정,w_b5029dc94f034021,N3,verified,
w_6fd2257d6e3b42ef,N3,N3,流行,りゅうこう,,유행,유행,noun,word,1,pass_n3,pass_n3_p013_o0356,1,문맥 규정,w_6fd2257d6e3b42ef,N3,verified,
w_fb4ac5d5dc77f69f,N3,N3;N2,浅い,あさい,,얕다,얕다,i_adjective,word,1,mkt_n2;mkt_n3;pass_n3,mkt_n2_p009_o0246;mkt_n3_p006_o0128;pass_n3_p005_o0061,3,い형용사;한자 읽기,w_fb4ac5d5dc77f69f,N3,verified,
w_31d63c4d5ffb7abe,N3,N3,消える,きえる,,"꺼지다,사라지다","꺼지다,사라지다",verb,word,1,mkt_n3,mkt_n3_p003_o0037,1,동사,w_31d63c4d5ffb7abe,N3,verified,
w_46f4a926941aa00f,N3,N3,消す,けす,,"끄다,지우다","끄다,지우다;끄다, 지우다",verb,word,1,mkt_n3;pass_n3,mkt_n3_p003_o0044;pass_n3_p008_o0174,2,동사;한자 표기,w_46f4a926941aa00f,N3,verified,
w_bd045e85d104f61f,N3,N3,消費,しょうひ,,소비,소비,noun,word,1,mkt_n3;pass_n3,mkt_n3_p014_o0355;pass_n3_p020_o0596,2,명사;용법,w_bd045e85d104f61f,N3,verified,"pass_n3 용법 구역: 원본 보존, 앱 단어 목록 제외"
w_1c3f02045a63bf6a,N3,N3;N2,涙,なみだ,,눈물,눈물,noun,word,1,mkt_n2;mkt_n3;pass_n3,mkt_n2_p015_o0396;mkt_n3_p017_o0426;pass_n3_p008_o0149,3,명사;한자 표기,w_1c3f02045a63bf6a,N3,verified,
w_3e7498521a3fc873,N3,N3,深い,ふかい,,깊다,깊다,i_adjective,word,1,mkt_n3;pass_n3,mkt_n3_p007_o0147;pass_n3_p004_o0030,2,い형용사;한자 읽기,w_3e7498521a3fc873,N3,verified,
w_08116245559f84d3,N3,N3;N2,混ぜる,まぜる,,섞다,"섞다,혼합하다;섞다",verb,word,1,mkt_n2;mkt_n3;pass_n3,mkt_n2_p008_o0201;mkt_n3_p005_o0109;pass_n3_p020_o0589,3,동사;용법,w_08116245559f84d3,N3,verified,"pass_n3 용법 구역: 원본 보존, 앱 단어 목록 제외"
w_8b72c9b24335ad9b,N3,N3;N2,清潔だ,せいけつだ,,청결하다,청결하다,na_adjective,word,1,mkt_n2;mkt_n3,mkt_n2_p012_o0308;mkt_n3_p008_o0169,2,な형용사,w_8b72c9b24335ad9b,N3,verified,
w_aa7684a0c44271a6,N3,N3,清潔な,せいけつな,,청결한,청결한;깨끗한,expression,word,1,pass_n3,pass_n3_p010_o0255;pass_n3_p020_o0588,2,문맥 규정;용법,w_aa7684a0c44271a6,N3,verified,"문자 좌표 검증 완료; 선형 텍스트 레이어 순서 불일치;pass_n3 용법 구역: 원본 보존, 앱 단어 목록 제외"
w_d2f22c5acd908d61,N3,N3;N1,渋滞,じゅうたい,,정체,정체(흐름이밀림);정체;정체(밀리는 상태),noun,word,1,mkt_n1;mkt_n3;pass_n3,mkt_n1_p014_o0338;mkt_n3_p014_o0338;pass_n3_p011_o0288;pass_n3_p020_o0593,4,명사;문맥 규정;용법,w_d2f22c5acd908d61,N3,verified,"pass_n3 용법 구역: 원본 보존, 앱 단어 목록 제외"
w_2021c49c3ab21fc1,N3,N3;N2,減る,へる,,"줄다,감소하다","줄다,감소하다;줄어들다",verb,word,1,mkt_n2;pass_n3,mkt_n2_p008_o0196;pass_n3_p015_o0413,2,동사;유의어,w_2021c49c3ab21fc1,N3,verified,"pass_n3 유의어 구역: 원본 보존, 앱 단어 목록 제외"
w_961062a857304d8b,N3,N3,減少,げんしょう,,감소,감소,noun,word,1,mkt_n3;pass_n3,mkt_n3_p012_o0292;pass_n3_p008_o0179;pass_n3_p020_o0607,3,명사;한자 표기;용법,w_961062a857304d8b,N3,verified,"pass_n3 용법 구역: 원본 보존, 앱 단어 목록 제외"
w_b6ec99032db8c18a,N3,N3,渡す,わたす,,건네다,건네다,verb,word,1,mkt_n3,mkt_n3_p006_o0126,1,동사,w_b6ec99032db8c18a,N3,verified,
w_35d4a46f36f62a2d,N3,N3;N2,温める,あたためる,,데우다,데우다;따뜻하게 하다,verb,word,1,mkt_n2;pass_n3,mkt_n2_p002_o0006;pass_n3_p008_o0154,2,동사;한자 표기,w_35d4a46f36f62a2d,N3,verified,
w_640e32e242a686e1,N3,N3,温泉,おんせん,,온천,온천,noun,word,1,mkt_n3;pass_n3,mkt_n3_p010_o0213;pass_n3_p008_o0182,2,명사;한자 표기,w_640e32e242a686e1,N3,verified,
w_e7f479187f36afac,N3,N3;N2,測る,はかる,,"(길이,높이,속도등을)측정하다","측량하다,재다;(길이,높이,속도등을)측정하다",verb,word,1,mkt_n2;mkt_n3,mkt_n2_p007_o0172;mkt_n3_p005_o0096,2,동사,w_e7f479187f36afac,N3,verified,
w_9fb55255f61040e6,N3,N3,湖,みずうみ,,호수,호수,noun,word,1,mkt_n3;pass_n3,mkt_n3_p018_o0466;pass_n3_p006_o0090,2,명사;한자 읽기,w_9fb55255f61040e6,N3,verified,
w_9c99bdc52abcd0fe,N3,N3,満足,まんぞく,,만족,만족,noun,word,1,mkt_n3;pass_n3,mkt_n3_p018_o0465;pass_n3_p009_o0204,2,명사;한자 표기,w_9c99bdc52abcd0fe,N3,verified,
w_6f1a72396ce02e7e,N3,N3,溶ける,とける,,녹다,녹다,verb,word,1,mkt_n3,mkt_n3_p004_o0077,1,동사,w_6f1a72396ce02e7e,N3,verified,
w_22d673fdc51556a2,N3,N3,滞在,たいざい,,체재,체재,noun,word,1,mkt_n3;pass_n3,mkt_n3_p016_o0391;pass_n3_p020_o0604,2,명사;용법,w_22d673fdc51556a2,N3,verified,"pass_n3 용법 구역: 원본 보존, 앱 단어 목록 제외"
w_ff024f4aec5ba45c,N3,N3,演奏,えんそう,,연주,연주,noun,word,1,mkt_n3;pass_n3,mkt_n3_p010_o0204;pass_n3_p013_o0347,2,명사;문맥 규정,w_ff024f4aec5ba45c,N3,verified,
w_6112ce630d7428df,N3,N3,濡れる,ぬれる,,젖다,젖다,verb,word,1,mkt_n3,mkt_n3_p005_o0090,1,동사,w_6112ce630d7428df,N3,verified,
w_316bbdf74fcc8447,N3,N3,無事だ,ぶじだ,,무사하다,무사하다,na_adjective,word,1,mkt_n3,mkt_n3_p009_o0180,1,な형용사,w_316bbdf74fcc8447,N3,verified,
w_2ecf1448db674675,N3,N3;N2,焦げる,こげる,,"(음식이)타다,눌러붙다","타다;(음식이)타다,눌러붙다",verb,word,1,mkt_n2;mkt_n3,mkt_n2_p004_o0083;mkt_n3_p003_o0046,2,동사,w_2ecf1448db674675,N3,verified,
w_a5ce58d20c21e06c,N3,N3,焼く,やく,,굽다,"굽다;굽다, 태우다",verb,word,1,mkt_n3;pass_n3,mkt_n3_p006_o0119;pass_n3_p009_o0198,2,동사;한자 표기,w_a5ce58d20c21e06c,N3,verified,
w_512c961eb62a41e9,N3,N3,煙,けむり,,연기,연기,noun,word,1,mkt_n3,mkt_n3_p012_o0285,1,명사,w_512c961eb62a41e9,N3,verified,
w_89e1cfbd692de1ad,N3,N3;N2,燃える,もえる,,타다,타다;타다. 불타다,verb,word,1,mkt_n2;mkt_n3;pass_n3,mkt_n2_p008_o0217;mkt_n3_p006_o0118;pass_n3_p007_o0119,3,동사;한자 읽기,w_89e1cfbd692de1ad,N3,verified,
w_e56f90b2c8ac2c7f,N3,N3,片方,かたほう,,한쪽,한쪽,noun,word,1,mkt_n3;pass_n3,mkt_n3_p010_o0226;pass_n3_p011_o0286,2,명사;문맥 규정,w_e56f90b2c8ac2c7f,N3,verified,
w_a79a9016a07c6549,N3,N3,片道,かたみち,,편도,편도,noun,word,1,mkt_n3,mkt_n3_p010_o0227,1,명사,w_a79a9016a07c6549,N3,verified,
w_93507c9aecd20af4,N3,N3,物価,ぶっか,,물가,물가,noun,word,1,mkt_n3;pass_n3,mkt_n3_p018_o0449;pass_n3_p012_o0302,2,명사;문맥 규정,w_93507c9aecd20af4,N3,verified,
w_8e43eb0b41b8b3b2,N3,N3,物語,ものがたり,,이야기,이야기,noun,word,1,pass_n3,pass_n3_p007_o0131,1,한자 표기,w_8e43eb0b41b8b3b2,N3,verified,
w_f071d7224bb06a7d,N3,N3;N2,特徴,とくちょう,,특징,특징,noun,word,1,mkt_n2;mkt_n3,mkt_n2_p015_o0391;mkt_n3_p016_o0417,2,명사,w_f071d7224bb06a7d,N3,verified,
w_c0fa2c9662d17f0b,N3,N3,特長,とくちょう,,특징,특징,noun,word,1,pass_n3,pass_n3_p013_o0361,1,문맥 규정,w_c0fa2c9662d17f0b,N3,verified,
w_c4d377b4186ed7b8,N3,N3,独立,どくりつ,,독립,독립,noun,word,1,mkt_n3;pass_n3,mkt_n3_p016_o0418;pass_n3_p006_o0101,2,명사;한자 읽기,w_c4d377b4186ed7b8,N3,verified,
w_8750a6782ee2f3ab,N3,N3,独身,どくしん,,독신,독신,noun,word,1,mkt_n3;pass_n3,mkt_n3_p016_o0416;pass_n3_p008_o0171,2,명사;한자 표기,w_8750a6782ee2f3ab,N3,verified,
w_2d1452a31674964a,N3,N3,現在,げんざい,,현재,현재,noun,word,1,mkt_n3;pass_n3,mkt_n3_p012_o0291;pass_n3_p007_o0144,2,명사;한자 표기,w_2d1452a31674964a,N3,verified,
w_09d6b72c92cc2716,N3,N3,現金,げんきん,,현금,현금,noun,word,1,mkt_n3,mkt_n3_p012_o0288,1,명사,w_09d6b72c92cc2716,N3,verified,
w_f81eaded98deb034,N3,N3,環境,かんきょう,,환경,환경,noun,word,1,mkt_n3,mkt_n3_p011_o0239,1,명사,w_f81eaded98deb034,N3,verified,
w_c0cc225df4622838,N3,N3,甘い,あまい,,"달다,엄하지않다","달다,엄하지않다",i_adjective,word,1,mkt_n3,mkt_n3_p006_o0130,1,い형용사,w_c0cc225df4622838,N3,verified,
w_cda2e93a8ab6dfda,N3,N3,生える,はえる,,"(수염,풀등이)나다,자라다","(수염,풀등이)나다,자라다;나다, 돋아나다",verb,word,1,mkt_n3;pass_n3,mkt_n3_p005_o0095;pass_n3_p005_o0057,2,동사;한자 읽기,w_cda2e93a8ab6dfda,N3,verified,
w_fa227e48ff825a7e,N3,N3,申し込み,もうしこみ,,신청,신청,noun,word,1,pass_n3,pass_n3_p006_o0099,1,한자 읽기,w_fa227e48ff825a7e,N3,verified,
w_ccca30f58d1cf953,N3,N3,申し込む,もうしこむ,,신청하다,신청하다,verb,word,1,mkt_n3,mkt_n3_p006_o0117,1,동사,w_ccca30f58d1cf953,N3,verified,
w_cc35bda7a461b790,N3,N3,申請,しんせい,,신청,신청,noun,word,1,mkt_n3;pass_n3,mkt_n3_p015_o0364;pass_n3_p014_o0385,2,명사;문맥 규정,w_cc35bda7a461b790,N3,verified,
w_a78d96d6d5f872cb,N3,N3,申込書,もうしこみしょ,,신청서,신청서,noun,word,1,pass_n3,pass_n3_p010_o0245,1,문맥 규정,w_a78d96d6d5f872cb,N3,verified,
w_7b745cc8400b935f,N3,N3,留守,るす,,부재(중),부재(중);부재,noun,word,1,mkt_n3;pass_n3,mkt_n3_p019_o0487;pass_n3_p005_o0060,2,명사;한자 읽기,w_7b745cc8400b935f,N3,verified,
w_6d74d0384fabf212,N3,N3,畳む,たたむ,,(빨래를)개다,(빨래를)개다,verb,word,1,mkt_n3,mkt_n3_p004_o0066,1,동사,w_6d74d0384fabf212,N3,verified,
w_5701ed73ffb1244a,N3,N3;N2,疑う,うたがう,,의심하다,의심하다,verb,word,1,mkt_n2;mkt_n3;pass_n3,mkt_n2_p002_o0026;mkt_n3_p002_o0012;pass_n3_p017_o0501,3,동사;유의어,w_5701ed73ffb1244a,N3,verified,"pass_n3 유의어 구역: 원본 보존, 앱 단어 목록 제외"
w_3c00a12500af9b49,N3,N3,疑問,ぎもん,,"의문, 질문","의문, 질문",noun,word,1,pass_n3,pass_n3_p004_o0024,1,한자 읽기,w_3c00a12500af9b49,N3,verified,
w_880411bf45f00ee7,N3,N3;N1,疲れる,つかれる,,피곤하다,"피곤하다;피곤하다, 지치다;피로하다",verb,word,1,mkt_n3;pass_n1;pass_n3,mkt_n3_p004_o0071;pass_n1_p021_o0602;pass_n3_p008_o0165;pass_n3_p017_o0482,4,동사;유의어;한자 표기,w_880411bf45f00ee7,N3,verified,"pass_n1 유의어 구역: 원본 보존, 앱 단어 목록 제외;pass_n3 유의어 구역: 원본 보존, 앱 단어 목록 제외"
w_03f1fbfb1a4e6d33,N3,N3,痛い,いたい,,아프다,아프다,adjective,word,1,pass_n3,pass_n3_p007_o0143,1,한자 표기,w_03f1fbfb1a4e6d33,N3,verified,
w_fc8e8db9da6b751a,N3,N3,発展,はってん,,발전,발전,noun,word,1,mkt_n3;pass_n3,mkt_n3_p017_o0437;pass_n3_p019_o0576,2,명사;용법,w_fc8e8db9da6b751a,N3,verified,"pass_n3 용법 구역: 원본 보존, 앱 단어 목록 제외"
w_5e7ef9138e00c433,N3,N3,発生,はっせい,,발생,발생,noun,word,1,mkt_n3;pass_n3,mkt_n3_p017_o0436;pass_n3_p019_o0567,2,명사;용법,w_5e7ef9138e00c433,N3,verified,"pass_n3 용법 구역: 원본 보존, 앱 단어 목록 제외"
w_d7ff937ac0f6c160,N3,N3,発表,はっぴょう,,발표,발표,noun,word,1,mkt_n3;pass_n3,mkt_n3_p017_o0438;pass_n3_p004_o0021;pass_n3_p012_o0331,3,명사;한자 읽기;문맥 규정,w_d7ff937ac0f6c160,N3,verified,
w_eb0239780921c04f,N3,N3,発見,はっけん,,발견,발견,noun,word,1,pass_n3,pass_n3_p004_o0005,1,한자 읽기,w_eb0239780921c04f,N3,verified,
w_1ac7da2da874cb8f,N3,N3,登場,とうじょう,,등장,등장,noun,word,1,mkt_n3;pass_n3,mkt_n3_p016_o0413;pass_n3_p014_o0382,2,명사;문맥 규정,w_1ac7da2da874cb8f,N3,verified,
w_7e060b7ce1290917,N3,N3,登山,とざん,,등산,등산,noun,word,1,mkt_n3,mkt_n3_p016_o0419,1,명사,w_7e060b7ce1290917,N3,verified,
w_da208e23dc2ee46e,N3,N3,登録,とうろく,,등록,등록,noun,word,1,mkt_n3,mkt_n3_p016_o0415,1,명사,w_da208e23dc2ee46e,N3,verified,
w_8521e96fcc7c94e3,N3,N3,皮,かわ,,"껍질,가죽","껍질,가죽",noun,word,1,mkt_n3,mkt_n3_p011_o0235,1,명사,w_8521e96fcc7c94e3,N3,verified,
w_369fbf1ebe03897b,N3,N3;N2,盛んだ,さかんだ,,"활발하다,성행하다","번성하다,왕성하다;활발하다,성행하다",na_adjective,word,1,mkt_n2;mkt_n3,mkt_n2_p012_o0300;mkt_n3_p008_o0162,2,な형용사,w_369fbf1ebe03897b,N3,verified,
w_af636a8ea92685e6,N3,N3,盛んな,さかんな,,"왕성한, 활발한","왕성한, 활발한",expression,word,1,pass_n3,pass_n3_p013_o0350,1,문맥 규정,w_af636a8ea92685e6,N3,verified,
w_40d2853453a9264d,N3,N3,目標,もくひょう,,목표,목표,noun,word,1,mkt_n3;pass_n3,mkt_n3_p018_o0473;pass_n3_p012_o0320,2,명사;문맥 규정,w_40d2853453a9264d,N3,verified,
w_2567fd055b29b59b,N3,N3,目的,もくてき,,목적,목적,noun,word,1,mkt_n3;pass_n3,mkt_n3_p018_o0472;pass_n3_p014_o0377,2,명사;문맥 규정,w_2567fd055b29b59b,N3,verified,
w_ee4f19cf7c3c8286,N3,N3,直接,ちょくせつ,,직접,직접,noun,word,1,mkt_n3;pass_n3,mkt_n3_p016_o0404;pass_n3_p007_o0118,2,명사;한자 읽기,w_ee4f19cf7c3c8286,N3,verified,
w_03eba004293715ee,N3,N3;N2,相変わらず,あいかわらず,,변함없이,변함없이;여전히,adverb,word,1,mkt_n2;mkt_n3;pass_n3,mkt_n2_p017_o0457;mkt_n3_p019_o0492;pass_n3_p017_o0505,3,부사;유의어,w_03eba004293715ee,N3,verified,"pass_n3 유의어 구역: 원본 보존, 앱 단어 목록 제외"
w_4e47e651e4a63ce2,N3,N3;N1,相手,あいて,,상대방,상대방;상대,noun,word,1,mkt_n3;pass_n1;pass_n3,mkt_n3_p009_o0183;pass_n1_p016_o0442;pass_n3_p005_o0068,3,명사;유의어;한자 읽기,w_4e47e651e4a63ce2,N3,verified,"pass_n1 유의어 구역: 원본 보존, 앱 단어 목록 제외"
w_0cc9640d33061e53,N3,N3,眠る,ねむる,,"잠들다,자다","잠들다,자다;자다, 잠들다",verb,word,1,mkt_n3;pass_n3,mkt_n3_p005_o0092;pass_n3_p009_o0207,2,동사;한자 표기,w_0cc9640d33061e53,N3,verified,
w_5d43a43a022e32bd,N3,N3;N1,短い,みじかい,,짧다,짧다;짧은,i_adjective,word,1,mkt_n3;pass_n1;pass_n3,mkt_n3_p007_o0151;pass_n1_p020_o0578;pass_n3_p005_o0041,3,い형용사;유의어;한자 읽기,w_5d43a43a022e32bd,N3,verified,"pass_n1 유의어 구역: 원본 보존, 앱 단어 목록 제외"
w_cf691fc505c3c55d,N3,N3,短気だ,たんきだ,,성미가급하다,성미가급하다;성미가 급하다,na_adjective,word,1,mkt_n3;pass_n3,mkt_n3_p008_o0173;pass_n3_p014_o0401,2,な형용사;유의어,w_cf691fc505c3c55d,N3,verified,"pass_n3 유의어 구역: 원본 보존, 앱 단어 목록 제외"
w_e048452d050d9201,N3,N3,石油,せきゆ,,석유,석유,noun,word,1,mkt_n3,mkt_n3_p015_o0377,1,명사,w_e048452d050d9201,N3,verified,
w_e9402e6f1b7d30b9,N3,N3,砂,すな,,모래,모래,noun,word,1,mkt_n3,mkt_n3_p015_o0368,1,명사,w_e9402e6f1b7d30b9,N3,verified,
w_fc3c337216a2bfbc,N3,N3,破る,やぶる,,"깨다,찢다,어기다","깨다,찢다,어기다",verb,word,1,mkt_n3,mkt_n3_p006_o0120,1,동사,w_fc3c337216a2bfbc,N3,verified,
w_c4fb7b4c678f1889,N3,N3;N2,破れる,やぶれる,,"깨지다,찢어지다","찢어지다;깨지다,찢어지다;찢어지다, 파손되다",verb,word,1,mkt_n2;mkt_n3;pass_n3,mkt_n2_p009_o0226;mkt_n3_p006_o0121;pass_n3_p013_o0341,3,동사;문맥 규정,w_c4fb7b4c678f1889,N3,verified,
w_79aa315fe2fb6fed,N3,N3;N2,確かめる,たしかめる,,확인하다,확인하다,verb,word,1,mkt_n2;mkt_n3;pass_n3,mkt_n2_p005_o0121;mkt_n3_p004_o0064;pass_n3_p013_o0368,3,동사;문맥 규정,w_79aa315fe2fb6fed,N3,verified,
w_4dd46de7774b3d5b,N3,N3,確実だ,かくじつだ,,확실하다,확실하다,na_adjective,word,1,mkt_n3,mkt_n3_p008_o0158,1,な형용사,w_4dd46de7774b3d5b,N3,verified,
w_6dea87732380d72a,N3,N3;N2,確認,かくにん,,확인,확인,noun,word,1,mkt_n2;mkt_n3,mkt_n2_p014_o0350;mkt_n3_p010_o0220,2,명사,w_6dea87732380d72a,N3,verified,
w_12b2c5a3d815ee5c,N3,N3,示す,しめす,,"나타내다,제시하다","나타내다,제시하다;나타내다",verb,word,1,mkt_n3;pass_n3,mkt_n3_p003_o0057;pass_n3_p005_o0043,2,동사;한자 읽기,w_12b2c5a3d815ee5c,N3,verified,
w_36e5109299eff7ae,N3,N3,禁止,きんし,,금지,금지,noun,word,1,mkt_n3,mkt_n3_p012_o0268,1,명사,w_36e5109299eff7ae,N3,verified,
w_a21853fd5b683a2e,N3,N3,禁煙,きんえん,,금연,금연,noun,word,1,mkt_n3;pass_n3,mkt_n3_p012_o0267;pass_n3_p007_o0123,2,명사;한자 읽기,w_a21853fd5b683a2e,N3,verified,
w_be8a356fbf83bc2f,N3,N3,秒,びょう,,초(시간),초(시간),noun,word,1,pass_n3,pass_n3_p009_o0215,1,한자 표기,w_be8a356fbf83bc2f,N3,verified,
w_fb160661fb2916da,N3,N3,移す,うつす,,옮기다,옮기다,verb,word,1,pass_n3,pass_n3_p004_o0013,1,한자 읽기,w_fb160661fb2916da,N3,verified,
w_ccb51d6321b82404,N3,N3,移る,うつる,,"옮다,이동하다","옮다,이동하다;옮기다",verb,word,1,mkt_n3;pass_n3,mkt_n3_p002_o0014;pass_n3_p008_o0181,2,동사;한자 표기,w_ccb51d6321b82404,N3,verified,
w_39d289e48105128b,N3,N3,移動,いどう,,이동,이동,noun,word,1,mkt_n3;pass_n3,mkt_n3_p009_o0196;pass_n3_p020_o0585,2,명사;용법,w_39d289e48105128b,N3,verified,"pass_n3 용법 구역: 원본 보존, 앱 단어 목록 제외"
w_9cb2612322433f7c,N3,N3,移転,いてん,,이전,이전,noun,word,1,mkt_n3,mkt_n3_p009_o0195,1,명사,w_9cb2612322433f7c,N3,verified,
w_e9d3eafc80571e91,N3,N3,税金,ぜいきん,,세금,세금,noun,word,1,mkt_n3;pass_n3,mkt_n3_p015_o0371;pass_n3_p006_o0110,2,명사;한자 읽기,w_e9d3eafc80571e91,N3,verified,
w_98957c0209937275,N3,N3,積極的だ,せっきょくてきだ,,적극적이다,적극적이다,na_adjective,word,1,mkt_n3,mkt_n3_p008_o0170,1,な형용사,w_98957c0209937275,N3,verified,
w_320b20758465eaab,N3,N3,積極的な,せっきょくてきな,,적극적인,적극적인,expression,word,1,pass_n3,pass_n3_p012_o0312,1,문맥 규정,w_320b20758465eaab,N3,verified,
w_ed780300268e3ffa,N3,N3,穴,あな,,구멍,"구멍;구멍, 구덩이",noun,word,1,mkt_n3;pass_n3,mkt_n3_p009_o0184;pass_n3_p012_o0323,2,명사;문맥 규정,w_ed780300268e3ffa,N3,verified,
w_30fede19350e0b02,N3,N3,空,から,,"(내용물이 없이 속이) 빔, 아무것도 없음","(내용물이 없이 속이) 빔, 아무것도 없음;빈 상태",noun,word,1,mkt_n3;pass_n3,mkt_n3_p011_o0234;pass_n3_p019_o0561,2,명사;용법,w_30fede19350e0b02,N3,verified,"PDF 표 행 경계를 원문과 대조하여 교정;pass_n3 용법 구역: 원본 보존, 앱 단어 목록 제외"
w_91bb676907eba5da,N3,N3,空席,くうせき,,"공석, 빈자리","공석, 빈자리",noun,word,1,pass_n3,pass_n3_p004_o0010,1,한자 읽기,w_91bb676907eba5da,N3,verified,
w_778db150e15994d8,N3,N3;N2;N1,突然,とつぜん,,"돌연,갑자기","돌연,갑자기;돌연;돌연, 갑자기",adverb,word,1,mkt_n2;mkt_n3;pass_n1;pass_n3,mkt_n2_p019_o0493;mkt_n3_p020_o0500;pass_n1_p018_o0518;pass_n3_p012_o0301,4,부사;유의어;문맥 규정,w_778db150e15994d8,N3,verified,"pass_n1 유의어 구역: 원본 보존, 앱 단어 목록 제외"
w_802a758e118ccb95,N3,N3;N2,立派だ,りっぱだ,,훌륭하다,훌륭하다,na_adjective,word,1,mkt_n2;mkt_n3,mkt_n2_p013_o0339;mkt_n3_p009_o0181,2,な형용사,w_802a758e118ccb95,N3,verified,
w_ef2563c7e603a58c,N3,N3,笑う,わらう,,웃다,웃다,verb,word,1,pass_n3,pass_n3_p005_o0064,1,한자 읽기,w_ef2563c7e603a58c,N3,verified,
w_19f65b2cc13ea9d2,N3,N3,笑顔,えがお,,웃는얼굴,"웃는얼굴;웃는 얼굴, 미소",noun,word,1,mkt_n3;pass_n3,mkt_n3_p009_o0202;pass_n3_p005_o0045,2,명사;한자 읽기,w_19f65b2cc13ea9d2,N3,verified,
w_bfe33b63e03b0fd8,N3,N3,簡単だ,かんたんだ,,간단하다,간단하다,na_adjective,word,1,mkt_n3,mkt_n3_p008_o0160,1,な형용사,w_bfe33b63e03b0fd8,N3,verified,
w_f0b6de04875cd249,N3,N3,米,こめ,,쌀,쌀,noun,word,1,mkt_n3,mkt_n3_p013_o0310,1,명사,w_f0b6de04875cd249,N3,verified,
w_c917cac20c144255,N3,N3,粉,こな,,가루,가루,noun,word,1,mkt_n3,mkt_n3_p013_o0309,1,명사,w_c917cac20c144255,N3,verified,
w_e928239923f76996,N3,N3,細い,ほそい,,가늘다,가늘다,i_adjective,word,1,mkt_n3,mkt_n3_p007_o0148,1,い형용사,w_e928239923f76996,N3,verified,
w_7f53fd4686c9cbf8,N3,N3,紹介,しょうかい,,소개,소개,noun,word,1,mkt_n3,mkt_n3_p014_o0349,1,명사,w_7f53fd4686c9cbf8,N3,verified,
w_2ccccc5ce470df89,N3,N3,組み立てる,くみたてる,,조립하다,조립하다,verb,word,1,mkt_n3,mkt_n3_p003_o0040,1,동사,w_2ccccc5ce470df89,N3,verified,
w_d15e0f07b88902ba,N3,N3,組む,くむ,,"짜다,(팔짱을)끼다","짜다,(팔짱을)끼다;짜다, 맞추다",verb,word,1,mkt_n3;pass_n3,mkt_n3_p003_o0041;pass_n3_p004_o0014;pass_n3_p009_o0205,3,동사;한자 읽기;한자 표기,w_d15e0f07b88902ba,N3,verified,
w_f9cbb66f95c14ac7,N3,N3;N2,経つ,たつ,,"(시간이)흐르다,경과하다","경과하다,지나다;(시간이)흐르다,경과하다;지나다, 경과하다;지나다",verb,word,1,mkt_n2;mkt_n3;pass_n3,mkt_n2_p005_o0122;mkt_n3_p004_o0067;pass_n3_p012_o0300;pass_n3_p016_o0471,4,동사;문맥 규정;유의어,w_f9cbb66f95c14ac7,N3,verified,"pass_n3 유의어 구역: 원본 보존, 앱 단어 목록 제외"
w_9426c8c4ac3c1d18,N3,N3,経営,けいえい,,경영,경영,noun,word,1,mkt_n3,mkt_n3_p012_o0274,1,명사,w_9426c8c4ac3c1d18,N3,verified,
w_63b763a2dcc93ada,N3,N3,経営学,けいえいがく,,경영학,경영학,noun,word,1,pass_n3,pass_n3_p006_o0086,1,한자 읽기,w_63b763a2dcc93ada,N3,verified,
w_c934ee01e7f1e3d3,N3,N3,経済,けいざい,,경제,경제,noun,word,1,mkt_n3,mkt_n3_p012_o0277,1,명사,w_c934ee01e7f1e3d3,N3,verified,
w_7f712c88f379ba3e,N3,N3,経由,けいゆ,,경유,경유;경우,noun,word,1,mkt_n3;pass_n3,mkt_n3_p012_o0279;pass_n3_p009_o0214;pass_n3_p019_o0564,3,명사;한자 표기;용법,w_7f712c88f379ba3e,N3,verified,"pass_n3 용법 구역: 원본 보존, 앱 단어 목록 제외"
w_e5a71b733bb0d80c,N3,N3,経験,けいけん,,경험,경험,noun,word,1,mkt_n3,mkt_n3_p012_o0276,1,명사,w_e5a71b733bb0d80c,N3,verified,
w_143c436b93a80521,N3,N3;N2,結ぶ,むすぶ,,"잇다,묶다,맺다","맺다,묶다;잇다,묶다,맺다;잇다, 묶다;연결하다, 묶다",verb,word,1,mkt_n2;mkt_n3;pass_n3,mkt_n2_p008_o0213;mkt_n3_p006_o0116;pass_n3_p007_o0124;pass_n3_p008_o0160,4,동사;한자 읽기;한자 표기,w_143c436b93a80521,N3,verified,
w_5eb91e972061c9b7,N3,N3,絞る,しぼる,,"(물기를)짜다,(범위를)줄이다","(물기를)짜다,(범위를)줄이다",verb,word,1,mkt_n3,mkt_n3_p003_o0056,1,동사,w_5eb91e972061c9b7,N3,verified,
w_7087b27273d496b5,N3,N3,絶対,ぜったい,,"절대로,꼭","절대로,꼭",adverb,word,1,mkt_n3,mkt_n3_p019_o0497,1,부사,w_7087b27273d496b5,N3,verified,
w_e7be2fda7a0f6f5c,N3,N3;N2,緊張,きんちょう,,긴장,긴장,noun,word,1,mkt_n2;pass_n3,mkt_n2_p014_o0360;pass_n3_p019_o0555,2,명사;용법,w_e7be2fda7a0f6f5c,N3,verified,"pass_n3 용법 구역: 원본 보존, 앱 단어 목록 제외"
w_c3ca12414597b866,N3,N3,緑,みどり,,"녹색,초록","녹색,초록;초록, 녹색",noun,word,1,mkt_n3;pass_n3,mkt_n3_p018_o0467;pass_n3_p009_o0195,2,명사;한자 표기,w_c3ca12414597b866,N3,verified,
w_880c807fbde1f75f,N3,N3,締める,しめる,,바싹졸라메다,바싹졸라메다,verb,word,1,mkt_n3,mkt_n3_p003_o0058,1,동사,w_880c807fbde1f75f,N3,verified,
w_14516c3905712f5d,N3,N3,締め切り,しめきり,,마감,마감,noun,word,1,mkt_n3;pass_n3,mkt_n3_p014_o0333;pass_n3_p020_o0591,2,명사;용법,w_14516c3905712f5d,N3,verified,"pass_n3 용법 구역: 원본 보존, 앱 단어 목록 제외"
w_257d75d3ceb98dfd,N3,N3;N2,編む,あむ,,(스웨터를)짜다,"짜다,뜨게질하다;(스웨터를)짜다;짜다, 뜨개질하다",verb,word,1,mkt_n2;mkt_n3;pass_n3,mkt_n2_p002_o0012;mkt_n3_p002_o0005;pass_n3_p013_o0343,3,동사;문맥 규정,w_257d75d3ceb98dfd,N3,verified,
w_5383cc0f3350da7d,N3,N3;N2,緩い,ゆるい,,"느슨하다,엄하지않다","완만하다;느슨하다,엄하지않다;느슨하다, 완만하다",i_adjective,word,1,mkt_n2;mkt_n3;pass_n3,mkt_n2_p011_o0280;mkt_n3_p007_o0154;pass_n3_p012_o0299,3,い형용사;문맥 규정,w_5383cc0f3350da7d,N3,verified,
w_9f231925f59ed7f1,N3,N3,縛る,しばる,,(끈으로)묶다,(끈으로)묶다,verb,word,1,mkt_n3,mkt_n3_p003_o0055,1,동사,w_9f231925f59ed7f1,N3,verified,
w_65ac73e021bc97c0,N3,N3,縮小,しゅくしょう,,축소,축소,noun,word,1,mkt_n3;pass_n3,mkt_n3_p014_o0341;pass_n3_p019_o0581,2,명사;용법,w_65ac73e021bc97c0,N3,verified,"pass_n3 용법 구역: 원본 보존, 앱 단어 목록 제외"
w_38adf495daec31a4,N3,N3;N2,繰り返す,くりかえす,,반복하다,반복하다,verb,word,1,mkt_n2;mkt_n3,mkt_n2_p004_o0077;mkt_n3_p003_o0042,2,동사,w_38adf495daec31a4,N3,verified,
w_98908e2e6cc64cae,N3,N3,美しい,うつくしい,,아름답다,아름답다,i_adjective,word,1,mkt_n3;pass_n3,mkt_n3_p006_o0133;pass_n3_p006_o0081,2,い형용사;한자 읽기,w_98908e2e6cc64cae,N3,verified,
w_bb5d07df5b47b4db,N3,N3,肩,かた,,어깨,어깨,noun,word,1,mkt_n3,mkt_n3_p010_o0224,1,명사,w_bb5d07df5b47b4db,N3,verified,
w_b60fa5c278323a03,N3,N3,腰,こし,,허리,허리,noun,word,1,mkt_n3,mkt_n3_p013_o0306,1,명사,w_b60fa5c278323a03,N3,verified,
w_cb86ecd1760e3414,N3,N3,自信,じしん,,자신,자신;자신(자신감),noun,word,1,mkt_n3;pass_n3,mkt_n3_p014_o0326;pass_n3_p008_o0153;pass_n3_p013_o0353,3,명사;한자 표기;문맥 규정,w_cb86ecd1760e3414,N3,verified,
w_292833139acbd808,N3,N3,自動的な,じどうてきな,,자동적인,자동적인,expression,word,1,pass_n3,pass_n3_p011_o0285,1,문맥 규정,w_292833139acbd808,N3,verified,
w_bb711d71f6478d68,N3,N3,自慢する,じまんする,,자랑하다,자랑하다,verb,word,1,pass_n3,pass_n3_p012_o0308,1,문맥 규정,w_bb711d71f6478d68,N3,verified,
w_9571e33cee77bdba,N3,N3,自然,しぜん,,자연,자연,noun,word,1,mkt_n3;pass_n3,mkt_n3_p014_o0328;pass_n3_p005_o0074,2,명사;한자 읽기,w_9571e33cee77bdba,N3,verified,
w_e0d3a7078e5be6d4,N3,N3,自由,じゆう,,자유,자유,noun,word,1,pass_n3,pass_n3_p007_o0145,1,한자 표기,w_e0d3a7078e5be6d4,N3,verified,
w_4358ae52c7f1b4d8,N3,N3,若い,わかい,,젋다,젋다;젊다,i_adjective,word,1,mkt_n3;pass_n3,mkt_n3_p007_o0155;pass_n3_p008_o0177,2,い형용사;한자 표기,w_4358ae52c7f1b4d8,N3,verified,
w_c56e9a474a473deb,N3,N3,苦しい,くるしい,,힘들다,힘들다;괴롭다,i_adjective,word,1,mkt_n3;pass_n3,mkt_n3_p007_o0141;pass_n3_p005_o0049;pass_n3_p014_o0381,3,い형용사;한자 읽기;문맥 규정,w_c56e9a474a473deb,N3,verified,
w_a3f3586c67d16706,N3,N3,苦労,くろう,,고생,고생,noun,word,1,pass_n3,pass_n3_p004_o0016,1,한자 읽기,w_a3f3586c67d16706,N3,verified,
w_0e0c5375da546bc6,N3,N3;N2,苦手だ,にがてだ,,"서투르다,질색이다","못하다,싫어하다;서투르다,질색이다",na_adjective,word,1,mkt_n2;mkt_n3,mkt_n2_p012_o0321;mkt_n3_p008_o0176,2,な형용사,w_0e0c5375da546bc6,N3,verified,
w_903dae423c5d9b47,N3,N3,荷物,にもつ,,짐,짐,noun,word,1,mkt_n3;pass_n3,mkt_n3_p017_o0427;pass_n3_p006_o0093,2,명사;한자 읽기,w_903dae423c5d9b47,N3,verified,
w_85fc5f056fd49807,N3,N3;N2,落ち着く,おちつく,,"침착하다,차분해지다","침착하다,안정되다;침착하다,차분해지다;자리잡다, 안정되다;안정되다, 차분하다",verb,word,1,mkt_n2;mkt_n3;pass_n3,mkt_n2_p003_o0046;mkt_n2_p003_o0048;mkt_n3_p002_o0021;pass_n3_p014_o0384;pass_n3_p018_o0536,5,동사;문맥 규정;용법,w_85fc5f056fd49807,N3,verified,"pass_n3 용법 구역: 원본 보존, 앱 단어 목록 제외"
w_6dfda8594b43ecbe,N3,N3,葉,は,,잎,"잎;잎, 이파리",noun,word,1,mkt_n3;pass_n3,mkt_n3_p017_o0434;pass_n3_p009_o0211,2,명사;한자 표기,w_6dfda8594b43ecbe,N3,verified,
w_d18208a487d10453,N3,N3,薄い,うすい,,"얇다,엷다","얇다,엷다",i_adjective,word,1,mkt_n3,mkt_n3_p006_o0132,1,い형용사,w_d18208a487d10453,N3,verified,
w_2ba831bce3d7c204,N3,N3,血液,けつえき,,혈액,혈액,noun,word,1,mkt_n3;pass_n3,mkt_n3_p012_o0282;pass_n3_p007_o0127,2,명사;한자 표기,w_2ba831bce3d7c204,N3,verified,
w_d9fe865603020b40,N3,N3,血液型,けつえきがた,,혈액형,혈액형,noun,word,1,pass_n3,pass_n3_p006_o0089,1,한자 읽기,w_d9fe865603020b40,N3,verified,
w_fe9815fef183b04b,N3,N3,行き先,いきさき,ゆきさき,"목적지,행선지","목적지,행선지",noun,word,1,mkt_n3,mkt_n3_p009_o0189,1,명사,w_fe9815fef183b04b,N3,verified,
w_bda3b2be9b73fd9f,N3,N3,行動,こうどう,,행동,행동,noun,word,1,mkt_n3,mkt_n3_p013_o0302,1,명사,w_bda3b2be9b73fd9f,N3,verified,
w_df7a287483888d5b,N3,N3,表す,あらわす,,"나타내다,표현하다","나타내다,표현하다;나타내다",verb,word,1,mkt_n3;pass_n3,mkt_n3_p002_o0006;pass_n3_p004_o0007,2,동사;한자 읽기,w_df7a287483888d5b,N3,verified,
w_5a44a3609e05efcb,N3,N3,表示,ひょうじ,,표시,표시,noun,word,1,mkt_n3,mkt_n3_p017_o0444,1,명사,w_5a44a3609e05efcb,N3,verified,
w_d8342c21ad6981a7,N3,N3,表面,ひょうめん,,표면,표면,noun,word,1,mkt_n3;pass_n3,mkt_n3_p017_o0445;pass_n3_p004_o0032,2,명사;한자 읽기,w_d8342c21ad6981a7,N3,verified,
w_1e117be4893ad01e,N3,N3,袋,ふくろ,,"주머니,봉지","주머니,봉지",noun,word,1,mkt_n3,mkt_n3_p018_o0448,1,명사,w_1e117be4893ad01e,N3,verified,
w_16e5391cf5819f4f,N3,N3,裏側,うらがわ,,"뒤쪽,안쪽","뒤쪽,안쪽",noun,word,1,mkt_n3,mkt_n3_p009_o0199,1,명사,w_16e5391cf5819f4f,N3,verified,
w_1887309301625b95,N3,N3,複数,ふくすう,,복수,복수;복수(여러 개),noun,word,1,mkt_n3;pass_n3,mkt_n3_p017_o0447;pass_n3_p008_o0178,2,명사;한자 표기,w_1887309301625b95,N3,verified,
w_ce41f501d88787f7,N3,N3;N2,複雑だ,ふくざつだ,,복잡하다,복잡하다,na_adjective,word,1,mkt_n2;mkt_n3,mkt_n2_p013_o0324;mkt_n3_p009_o0179,2,な형용사,w_ce41f501d88787f7,N3,verified,
w_db12548e061b2984,N3,N3,複雑な,ふくざつな,,복잡한,복잡한,expression,word,1,pass_n3,pass_n3_p010_o0246,1,문맥 규정,w_db12548e061b2984,N3,verified,
w_ead502a5864a1373,N3,N3,見つける,みつける,,"발견하다,찾다","발견하다,찾다",verb,word,1,mkt_n3,mkt_n3_p006_o0115,1,동사,w_ead502a5864a1373,N3,verified,
w_4958994aa64ad7df,N3,N3,見物,けんぶつ,,구경,구경,noun,word,1,mkt_n3,mkt_n3_p012_o0294,1,명사,w_4958994aa64ad7df,N3,verified,
w_da1fc48e9a617b67,N3,N3,規則,きそく,,규칙,규칙,noun,word,1,mkt_n3;pass_n3,mkt_n3_p011_o0252;pass_n3_p009_o0191;pass_n3_p015_o0406;pass_n3_p017_o0508,4,명사;한자 표기;유의어,w_da1fc48e9a617b67,N3,verified,"pass_n3 유의어 구역: 원본 보존, 앱 단어 목록 제외"
w_c19e856353cf049c,N3,N3,覚える,おぼえる,,"외우다,기억하다","외우다,기억하다;외우다, 기억하다",verb,word,1,mkt_n3;pass_n3,mkt_n3_p002_o0023;pass_n3_p005_o0066;pass_n3_p015_o0404,3,동사;한자 읽기;유의어,w_c19e856353cf049c,N3,verified,"pass_n3 유의어 구역: 원본 보존, 앱 단어 목록 제외"
w_2d93a54816bc689a,N3,N3,覚める,さめる,,(눈이)떠지다,"(눈이)떠지다;(잠) 깨다, 정신 들다",verb,word,1,mkt_n3;pass_n3,mkt_n3_p003_o0050;pass_n3_p012_o0321,2,동사;문맥 규정,w_2d93a54816bc689a,N3,verified,
w_93c900fb1e912749,N3,N3,親しい,したしい,,친하다,친하다,i_adjective,word,1,mkt_n3;pass_n3,mkt_n3_p007_o0145;pass_n3_p020_o0590,2,い형용사;용법,w_93c900fb1e912749,N3,verified,"pass_n3 용법 구역: 원본 보존, 앱 단어 목록 제외"
w_d9e1649a37516793,N3,N3,観光,かんこう,,관광,관광,noun,word,1,mkt_n3;pass_n3,mkt_n3_p011_o0242;pass_n3_p007_o0147,2,명사;한자 표기,w_d9e1649a37516793,N3,verified,
w_5493970b4c093627,N3,N3,観客,かんきゃく,,관객,관객,noun,word,1,mkt_n3;pass_n3,mkt_n3_p011_o0238;pass_n3_p006_o0103,2,명사;한자 읽기,w_5493970b4c093627,N3,verified,
w_d4b3dd90a3c30d44,N3,N3,観察,かんさつ,,관찰,관찰,noun,word,1,mkt_n3;pass_n3,mkt_n3_p011_o0243;pass_n3_p013_o0340,2,명사;문맥 규정,w_d4b3dd90a3c30d44,N3,verified,
w_615da3adb56a4017,N3,N3,解ける,とける,,"(문제가)풀리다,해결되다","(문제가)풀리다,해결되다",verb,word,1,mkt_n3,mkt_n3_p004_o0076,1,동사,w_615da3adb56a4017,N3,verified,
w_895749923fca1c32,N3,N3;N2,解決,かいけつ,,해결,해결,noun,word,1,mkt_n2;pass_n3,mkt_n2_p014_o0347;pass_n3_p007_o0139,2,명사;한자 표기,w_895749923fca1c32,N3,verified,
w_4f760a65cfd9f001,N3,N3;N2,触れる,ふれる,,<타동사>만지다,<자동사> 닿다 <타동사> 만지다;<타동사>만지다,verb,word,1,mkt_n2;mkt_n3,mkt_n2_p008_o0194;mkt_n3_p005_o0106,2,동사,w_4f760a65cfd9f001,N3,verified,PDF 표 행 경계를 원문과 대조하여 교정
w_c46d52595485b3cf,N3,N3,計算,けいさん,,계산,계산,noun,word,1,mkt_n3;pass_n3,mkt_n3_p012_o0278;pass_n3_p007_o0121,2,명사;한자 읽기,w_c46d52595485b3cf,N3,verified,
w_5167ba006eeee157,N3,N3,訓練,くんれん,,훈련,훈련,noun,word,1,mkt_n3;pass_n3,mkt_n3_p012_o0273;pass_n3_p006_o0107,2,명사;한자 읽기,w_5167ba006eeee157,N3,verified,
w_47b958be6c1dd3b1,N3,N3,記念,きねん,,기념,기념,noun,word,1,mkt_n3;pass_n3,mkt_n3_p011_o0256;pass_n3_p012_o0316,2,명사;문맥 규정,w_47b958be6c1dd3b1,N3,verified,
w_66ce2529435367aa,N3,N3,記録,きろく,,기록,기록,noun,word,1,mkt_n3;pass_n3,mkt_n3_p012_o0266;pass_n3_p008_o0158;pass_n3_p009_o0200,3,명사;한자 표기,w_66ce2529435367aa,N3,verified,
w_f1d281e9c1ee87d0,N3,N3,訪問,ほうもん,,방문,방문,noun,word,1,mkt_n3;pass_n3,mkt_n3_p018_o0460;pass_n3_p019_o0558,2,명사;용법,w_f1d281e9c1ee87d0,N3,verified,"pass_n3 용법 구역: 원본 보존, 앱 단어 목록 제외"
w_6472552f0c0e1a6b,N3,N3;N2,許す,ゆるす,,"허락하다,용서하다","용서하다,허락하다;허락하다,용서하다;용서하다, 허락하다",verb,word,1,mkt_n2;mkt_n3;pass_n3,mkt_n2_p009_o0229;mkt_n3_p006_o0122;pass_n3_p013_o0366,3,동사;문맥 규정,w_6472552f0c0e1a6b,N3,verified,
w_83ae7074dc030eb4,N3,N3,訳,わけ,,이유,이유,noun,word,1,mkt_n3,mkt_n3_p019_o0490,1,명사,w_83ae7074dc030eb4,N3,verified,
w_1c053c1f4efcdd62,N3,N3,証明,しょうめい,,증명,증명,noun,word,1,mkt_n3,mkt_n3_p015_o0358,1,명사,w_1c053c1f4efcdd62,N3,verified,
w_6ed7741bbeb5aae0,N3,N3;N2,詳しい,くわしい,,"자세하다,상세하다,잘알고있다","상세하다,자세하다;자세하다,상세하다,잘알고있다",i_adjective,word,1,mkt_n2;mkt_n3,mkt_n2_p010_o0254;mkt_n3_p007_o0142,2,い형용사,w_6ed7741bbeb5aae0,N3,verified,
w_244fcdce33fb02ec,N3,N3,誕生,たんじょう,,탄생,탄생,noun,word,1,mkt_n3,mkt_n3_p016_o0396,1,명사,w_244fcdce33fb02ec,N3,verified,
w_c9ef7babc405b15f,N3,N3,調子,ちょうし,,"(몸,기계)상태","(몸,기계)상태;상태",noun,word,1,mkt_n3;pass_n3,mkt_n3_p016_o0401;pass_n3_p012_o0298,2,명사;문맥 규정,w_c9ef7babc405b15f,N3,verified,
w_f729135a5520c2fe,N3,N3,講演,こうえん,,강연,강연,noun,word,1,mkt_n3,mkt_n3_p012_o0296,1,명사,w_f729135a5520c2fe,N3,verified,
w_e8344c38717c3ff8,N3,N3,豆,まめ,,콩,콩,noun,word,1,mkt_n3;pass_n3,mkt_n3_p018_o0464;pass_n3_p006_o0108,2,명사;한자 읽기,w_e8344c38717c3ff8,N3,verified,
w_af76d4b3d5ba5ac0,N3,N3;N2,貧しい,まずしい,,가난하다,가난하다,i_adjective,word,1,mkt_n2;mkt_n3,mkt_n2_p011_o0273;mkt_n3_p007_o0149,2,い형용사,w_af76d4b3d5ba5ac0,N3,verified,
w_1833552e6b79b74b,N3,N3;N2,販売,はんばい,,판매,판매,noun,word,1,mkt_n2;mkt_n3,mkt_n2_p016_o0418;mkt_n3_p017_o0440,2,명사,w_1833552e6b79b74b,N3,verified,
w_4dbf767863f690bc,N3,N3,貯金,ちょきん,,저금,저금,noun,word,1,mkt_n3;pass_n3,mkt_n3_p016_o0403;pass_n3_p005_o0059,2,명사;한자 읽기,w_4dbf767863f690bc,N3,verified,
w_ea70ee7815fccd5b,N3,N3,資料,しりょう,,자료,자료,noun,word,1,mkt_n3,mkt_n3_p015_o0362,1,명사,w_ea70ee7815fccd5b,N3,verified,
w_fc525b21ed5fd442,N3,N3;N2,資源,しげん,,자원,자원,noun,word,1,mkt_n2;mkt_n3;pass_n3,mkt_n2_p014_o0367;mkt_n3_p013_o0323;pass_n3_p012_o0313,3,명사;문맥 규정,w_fc525b21ed5fd442,N3,verified,
w_c85f41f33070ec9e,N3,N3,賛成,さんせい,,찬성,찬성,noun,word,1,mkt_n3,mkt_n3_p013_o0320,1,명사,w_c85f41f33070ec9e,N3,verified,
w_c1e70e96c07b6797,N3,N3,趣味,しゅみ,,취미,취미,noun,word,1,mkt_n3,mkt_n3_p014_o0347,1,명사,w_c1e70e96c07b6797,N3,verified,
w_3327b2fae2ef8043,N3,N3,距離,きょり,,거리,거리,noun,word,1,mkt_n3,mkt_n3_p012_o0265,1,명사,w_3327b2fae2ef8043,N3,verified,
w_aa56915b3d48aea5,N3,N3,身長,しんちょう,,"신장, 키","신장, 키",noun,word,1,pass_n3,pass_n3_p007_o0130,1,한자 표기,w_aa56915b3d48aea5,N3,verified,
w_523564dca147c289,N3,N3;N2,転ぶ,ころぶ,,"구르다,넘어지다","구르다,넘어지다;구르다",verb,word,1,mkt_n2;mkt_n3;pass_n3,mkt_n2_p004_o0087;mkt_n3_p003_o0048;pass_n3_p007_o0116,3,동사;한자 읽기,w_523564dca147c289,N3,verified,
w_2bcc58862e764fb6,N3,N3;N2,輝く,かがやく,,빛나다,빛나다,verb,word,1,mkt_n2;mkt_n3,mkt_n2_p003_o0053;mkt_n3_p002_o0027,2,동사,w_2bcc58862e764fb6,N3,verified,
w_a6fb1f5c372c20c0,N3,N3,輸入,ゆにゅう,,수입,수입,noun,word,1,mkt_n3,mkt_n3_p019_o0480,1,명사,w_a6fb1f5c372c20c0,N3,verified,
w_35c74d487d407e1d,N3,N3,輸出,ゆしゅつ,,수출,수출,noun,word,1,mkt_n3;pass_n3,mkt_n3_p019_o0479;pass_n3_p009_o0206,2,명사;한자 표기,w_35c74d487d407e1d,N3,verified,
w_73af8c94eaaf7836,N3,N3,辛い,からい,,맵다,맵다,i_adjective,word,1,mkt_n3,mkt_n3_p006_o0137,1,い형용사,w_73af8c94eaaf7836,N3,verified,
w_1e6961ce3411cb4b,N3,N3,農業,のうぎょう,,농업,농업,noun,word,1,mkt_n3;pass_n3,mkt_n3_p017_o0432;pass_n3_p013_o0369,2,명사;문맥 규정,w_1e6961ce3411cb4b,N3,verified,
w_2a06729151a7f727,N3,N3;N2,迷う,まよう,,"망설이다,헤매다","망설이다,헤매다;헤매다, 망설이다",verb,word,1,mkt_n2;pass_n3,mkt_n2_p008_o0205;pass_n3_p010_o0239,2,동사;문맥 규정,w_2a06729151a7f727,N3,verified,
w_717479e0869c099f,N3,N3;N2,追いつく,おいつく,,"따라잡다 (감정,요구를)억제하다,","따라붙다,따라잡다;따라잡다 (감정,요구를)억제하다,;따라잡다",verb,word,1,mkt_n2;mkt_n3;pass_n3,mkt_n2_p003_o0036;mkt_n3_p002_o0018;pass_n3_p012_o0303,3,동사;문맥 규정,w_717479e0869c099f,N3,verified,
w_5fe66e44b939a9e1,N3,N3;N2,追う,おう,,좇다,좇다;뒤쫓다,verb,word,1,mkt_n2;pass_n3,mkt_n2_p003_o0037;pass_n3_p007_o0128,2,동사;한자 표기,w_5fe66e44b939a9e1,N3,verified,
w_3ebfa99829fc4257,N3,N3;N2,退屈だ,たいくつだ,,따분하다,지루하다;따분하다,na_adjective,word,1,mkt_n2;mkt_n3,mkt_n2_p012_o0311;mkt_n3_p008_o0171,2,な형용사,w_3ebfa99829fc4257,N3,verified,
w_cfaabede8d015780,N3,N3,逃げる,にげる,,도망치다,"도망치다;달아나다, 도망치다",verb,word,1,mkt_n3;pass_n3,mkt_n3_p005_o0089;pass_n3_p008_o0173;pass_n3_p009_o0197,3,동사;한자 표기,w_cfaabede8d015780,N3,verified,
w_7d99a0232a94e4d6,N3,N3,逆,ぎゃく,,"반대,거꾸로임","반대,거꾸로임",noun,word,1,mkt_n3,mkt_n3_p011_o0258,1,명사,w_7d99a0232a94e4d6,N3,verified,
w_d433461e71e6b73c,N3,N3,通勤,つうきん,,통근,통근,noun,word,1,mkt_n3;pass_n3,mkt_n3_p016_o0405;pass_n3_p004_o0003,2,명사;한자 읽기,w_d433461e71e6b73c,N3,verified,
w_9bbf7800b045571e,N3,N3,通知,つうち,,통지,통지,noun,word,1,pass_n3,pass_n3_p005_o0054,1,한자 읽기,w_9bbf7800b045571e,N3,verified,
w_e728bdb1805a9299,N3,N3,通訳,つうやく,,통역,통역,noun,word,1,mkt_n3,mkt_n3_p016_o0406,1,명사,w_e728bdb1805a9299,N3,verified,
w_6c762964f34abbe1,N3,N3,速い,はやい,,빠르다,빠르다,adjective,word,1,pass_n3,pass_n3_p009_o0203,1,한자 표기,w_6c762964f34abbe1,N3,verified,
w_b892e9fa3a475bbf,N3,N3,速度,そくど,,속도,속도,noun,word,1,mkt_n3,mkt_n3_p015_o0385,1,명사,w_b892e9fa3a475bbf,N3,verified,
w_0ed3d7608c07f76f,N3,N3,連休,れんきゅう,,연휴,연휴,noun,word,1,mkt_n3,mkt_n3_p019_o0489,1,명사,w_0ed3d7608c07f76f,N3,verified,
w_1f5af2236d8c0f07,N3,N3,週刊誌,しゅうかんし,,주간지,주간지,noun,word,1,pass_n3,pass_n3_p008_o0151,1,한자 표기,w_1f5af2236d8c0f07,N3,verified,
w_6fb4cae6c2c3b8b6,N3,N3;N2,進歩,しんぽ,,진보,진보,noun,word,1,mkt_n2;mkt_n3;pass_n3,mkt_n2_p015_o0378;mkt_n3_p015_o0365;pass_n3_p019_o0571,3,명사;용법,w_6fb4cae6c2c3b8b6,N3,verified,"pass_n3 용법 구역: 원본 보존, 앱 단어 목록 제외"
w_88b0d32b9dabc7ec,N3,N3,進行,しんこう,,진행,진행,noun,word,1,mkt_n3,mkt_n3_p015_o0363,1,명사,w_88b0d32b9dabc7ec,N3,verified,
w_12acadbc6530ce41,N3,N3,遅い,おそい,,"느리다, 늦다","느리다, 늦다",adjective,word,1,pass_n3,pass_n3_p008_o0163,1,한자 표기,w_12acadbc6530ce41,N3,verified,
w_75463e15ecd9d0bd,N3,N3,遅れる,おくれる,,늦다,늦다,verb,word,1,pass_n3,pass_n3_p004_o0022,1,한자 읽기,w_75463e15ecd9d0bd,N3,verified,
w_c3e02c34559a6ffd,N3,N3,遅刻,ちこく,,지각,지각,noun,word,1,mkt_n3,mkt_n3_p016_o0398,1,명사,w_c3e02c34559a6ffd,N3,verified,
w_6a6073dfdd680835,N3,N3,過ぎる,すぎる,,지나다,지나다,verb,word,1,mkt_n3;pass_n3,mkt_n3_p004_o0060;pass_n3_p016_o0472,2,동사;유의어,w_6a6073dfdd680835,N3,verified,"pass_n3 유의어 구역: 원본 보존, 앱 단어 목록 제외"
w_58977f544ab1d50a,N3,N3,過ごす,すごす,,"지내다, 보내다","지내다, 보내다",verb,word,1,pass_n3,pass_n3_p007_o0137,1,한자 표기,w_58977f544ab1d50a,N3,verified,
w_2ded2da7677ec792,N3,N3,過去,かこ,,과거,과거,noun,word,1,mkt_n3;pass_n3,mkt_n3_p010_o0221;pass_n3_p004_o0025,2,명사;한자 읽기,w_2ded2da7677ec792,N3,verified,
w_c8d120064fb5fe5a,N3,N3,違う,ちがう,,다르다,"다르다;다르다, 틀리다",verb,word,1,mkt_n3;pass_n3,mkt_n3_p004_o0070;pass_n3_p009_o0218,2,동사;한자 표기,w_c8d120064fb5fe5a,N3,verified,
w_443402a561d02022,N3,N3,選手,せんしゅ,,선수,선수,noun,word,1,mkt_n3;pass_n3,mkt_n3_p015_o0378;pass_n3_p005_o0055,2,명사;한자 읽기,w_443402a561d02022,N3,verified,
w_a82ebf1a1e23734b,N3,N3,部分,ぶぶん,,부분,부분,noun,word,1,mkt_n3,mkt_n3_p018_o0452,1,명사,w_a82ebf1a1e23734b,N3,verified,
w_1acdb3d6e3e0e8ad,N3,N3,都合,つごう,,"사정,형편","사정,형편",noun,word,1,mkt_n3,mkt_n3_p016_o0407,1,명사,w_1acdb3d6e3e0e8ad,N3,verified,
w_1954b22e948706ba,N3,N3,配る,くばる,,나눠주다,나눠주다;나누어 주다,verb,word,1,mkt_n3;pass_n3,mkt_n3_p003_o0039;pass_n3_p004_o0034,2,동사;한자 읽기,w_1954b22e948706ba,N3,verified,
w_54106fda6aa724e5,N3,N3;N2,重ねる,かさねる,,"겹치다,포개다,거듭하다","겹치다,중복되다;겹치다,포개다,거듭하다;거듭하다",verb,word,1,mkt_n2;mkt_n3;pass_n3,mkt_n2_p003_o0058;mkt_n3_p003_o0031;pass_n3_p008_o0166,3,동사;한자 표기,w_54106fda6aa724e5,N3,verified,
w_9823331a4460e715,N3,N3;N2,重要だ,じゅうようだ,,중요하다,중요하다,na_adjective,word,1,mkt_n2;mkt_n3,mkt_n2_p012_o0303;mkt_n3_p008_o0164,2,な형용사,w_9823331a4460e715,N3,verified,
w_950944eda8002bbc,N3,N3,量る,はかる,,"(무게,중량등을)측정하다","(무게,중량등을)측정하다",verb,word,1,mkt_n3,mkt_n3_p005_o0097,1,동사,w_950944eda8002bbc,N3,verified,
w_903895183827ef59,N3,N3,閉じる,とじる,,"(눈을)감다,(책을)덮다","(눈을)감다,(책을)덮다",verb,word,1,mkt_n3,mkt_n3_p004_o0078,1,동사,w_903895183827ef59,N3,verified,
w_dd71d876b5defe3a,N3,N3,間隔,かんかく,,간격,간격,noun,word,1,mkt_n3,mkt_n3_p011_o0236,1,명사,w_dd71d876b5defe3a,N3,verified,
w_c469ca5f6997c7d7,N3,N3,関心,かんしん,,관심,관심,noun,word,1,mkt_n3;pass_n3,mkt_n3_p011_o0244;pass_n3_p009_o0187,2,명사;한자 표기,w_c469ca5f6997c7d7,N3,verified,
w_98ab7b2cbcdd104e,N3,N3;N2,防ぐ,ふせぐ,,"막다,방지하다 <자동사>닿다","막다,방지하다;막다,방지하다 <자동사>닿다;막다, 방지하다",verb,word,1,mkt_n2;mkt_n3;pass_n3,mkt_n2_p007_o0188;mkt_n3_p005_o0105;pass_n3_p013_o0348,3,동사;문맥 규정,w_98ab7b2cbcdd104e,N3,verified,
w_631cf27db2365483,N3,N3,降りる,おりる,,내리다,내리다,verb,word,1,pass_n3,pass_n3_p007_o0129,1,한자 표기,w_631cf27db2365483,N3,verified,
w_0db5f93d3e4fca8d,N3,N3;N2,隠す,かくす,,숨기다,숨기다,verb,word,1,mkt_n2;mkt_n3;pass_n3,mkt_n2_p003_o0057;mkt_n3_p002_o0028;pass_n3_p013_o0337,3,동사;문맥 규정,w_0db5f93d3e4fca8d,N3,verified,
w_bb593fe8f64edd85,N3,N3,集中,しゅうちゅう,,집중,집중,noun,word,1,mkt_n3;pass_n3,mkt_n3_p014_o0339;pass_n3_p005_o0071,2,명사;한자 읽기,w_bb593fe8f64edd85,N3,verified,
w_ba6cea0e762a9b40,N3,N3,集合,しゅうごう,,집합,집합,noun,word,1,mkt_n3,mkt_n3_p014_o0336,1,명사,w_ba6cea0e762a9b40,N3,verified,
w_8c283dd526f4e58f,N3,N3,雑誌,ざっし,,잡지,잡지,noun,word,1,mkt_n3;pass_n3,mkt_n3_p013_o0317;pass_n3_p008_o0183,2,명사;한자 표기,w_8c283dd526f4e58f,N3,verified,
w_922cf062f49b5d26,N3,N3,離す,はなす,,"떼다,놓치다","떼다,놓치다;떼어내다, 분리하다",verb,word,1,mkt_n3;pass_n3,mkt_n3_p005_o0099;pass_n3_p020_o0584,2,동사;용법,w_922cf062f49b5d26,N3,verified,"pass_n3 용법 구역: 원본 보존, 앱 단어 목록 제외"
w_c2dc4578b270ec4d,N3,N3,面接,めんせつ,,면접,면접,noun,word,1,mkt_n3,mkt_n3_p018_o0471,1,명사,w_c2dc4578b270ec4d,N3,verified,
w_ba7dc722f3b85b73,N3,N3,順番,じゅんばん,,순번,"순번;순서, 순번;순번, 차례",noun,word,1,mkt_n3;pass_n3,mkt_n3_p014_o0348;pass_n3_p004_o0015;pass_n3_p013_o0333,3,명사;한자 읽기;문맥 규정,w_ba7dc722f3b85b73,N3,verified,
w_8e9f9d67a0b3a015,N3,N3,預ける,あずける,,맡기다,"맡기다;맡기다, 위임하다",verb,word,1,mkt_n3;pass_n3,mkt_n3_p002_o0002;pass_n3_p009_o0213;pass_n3_p020_o0586,3,동사;한자 표기;용법,w_8e9f9d67a0b3a015,N3,verified,"pass_n3 용법 구역: 원본 보존, 앱 단어 목록 제외"
w_b1a157bd60c9f520,N3,N3,頭痛,ずつう,,두통,두통,noun,word,1,mkt_n3;pass_n3,mkt_n3_p015_o0367;pass_n3_p009_o0210,2,명사;한자 표기,w_b1a157bd60c9f520,N3,verified,
w_a68d1d31629a25ca,N3,N3;N2,頼む,たのむ,,부탁하다,"부탁하다;부탁하다, 주문하다",verb,word,1,mkt_n2;pass_n3,mkt_n2_p005_o0124;pass_n3_p016_o0450,2,동사;유의어,w_a68d1d31629a25ca,N3,verified,"pass_n3 유의어 구역: 원본 보존, 앱 단어 목록 제외"
w_beba51ed42057271,N3,N3,頼る,たよる,,"의지하다,기대다","의지하다,기대다;의지하다",verb,word,1,mkt_n3;pass_n3,mkt_n3_p004_o0069;pass_n3_p013_o0360,2,동사;문맥 규정,w_beba51ed42057271,N3,verified,
w_6388a0edfae62aee,N3,N3;N2,願う,ねがう,,"바라다,원하다","원하다,바라다;바라다,원하다;바라다, 부탁하다",verb,word,1,mkt_n2;mkt_n3;pass_n3,mkt_n2_p007_o0166;mkt_n3_p005_o0091;pass_n3_p009_o0196,3,동사;한자 표기,w_6388a0edfae62aee,N3,verified,
w_fa1298705c3c4447,N3,N3;N2,風景,ふうけい,,풍경,풍경,noun,word,1,mkt_n2;mkt_n3,mkt_n2_p016_o0423;mkt_n3_p017_o0446,2,명사,w_fa1298705c3c4447,N3,verified,
w_0f26111535f0210a,N3,N3,飛ぶ,とぶ,,날다,날다,verb,word,1,mkt_n3;pass_n3,mkt_n3_p004_o0080;pass_n3_p009_o0216,2,동사;한자 표기,w_0f26111535f0210a,N3,verified,
w_e795e940037dda8d,N3,N3,食器,しょっき,,식기,식기,noun,word,1,mkt_n3;pass_n3,mkt_n3_p015_o0361;pass_n3_p005_o0072,2,명사;한자 읽기,w_e795e940037dda8d,N3,verified,
w_5ed6c4ba3aaf50f2,N3,N3,飽きる,あきる,,"질리다,싫증나다","질리다,싫증나다",verb,word,1,mkt_n3,mkt_n3_p002_o0001,1,동사,w_5ed6c4ba3aaf50f2,N3,verified,
w_4a1b1e17774facb5,N3,N3,飾る,かざる,,장식하다,장식하다,verb,word,1,mkt_n3,mkt_n3_p003_o0032,1,동사,w_4a1b1e17774facb5,N3,verified,
w_f4d6136e926e4de7,N3,N3,首,くび,,목,목,noun,word,1,mkt_n3;pass_n3,mkt_n3_p012_o0269;pass_n3_p006_o0085,2,명사;한자 읽기,w_f4d6136e926e4de7,N3,verified,
w_f9d39adf4e9e1c33,N3,N3,首都,しゅと,,수도,수도,noun,word,1,mkt_n3;pass_n3,mkt_n3_p014_o0346;pass_n3_p004_o0018,2,명사;한자 읽기,w_f9d39adf4e9e1c33,N3,verified,
w_436286d59eff0278,N3,N3,香り,かおり,,향기,향기,noun,word,1,mkt_n3;pass_n3,mkt_n3_p010_o0217;pass_n3_p013_o0346,2,명사;문맥 규정,w_436286d59eff0278,N3,verified,
w_576ccbc5751f2876,N3,N3,駆ける,かける,,"전속력으로달리다,뛰다","전속력으로달리다,뛰다",verb,word,1,mkt_n3,mkt_n3_p003_o0029,1,동사,w_576ccbc5751f2876,N3,verified,
w_0947cb28c1efc935,N3,N3,駐車,ちゅうしゃ,,주차,주차,noun,word,1,mkt_n3;pass_n3,mkt_n3_p016_o0400;pass_n3_p008_o0180,2,명사;한자 표기,w_0947cb28c1efc935,N3,verified,
w_297d3596bc4a7b3e,N3,N3;N2,騒ぐ,さわぐ,,"떠들다,소란피우다","떠들다;떠들다,소란피우다",verb,word,1,mkt_n2;mkt_n3,mkt_n2_p005_o0098;mkt_n3_p003_o0051,2,동사,w_297d3596bc4a7b3e,N3,verified,
w_ca75d89cd5674c1a,N3,N3;N2,黙る,だまる,,입다물다,"잠자코있다,침묵하다;입다물다",verb,word,1,mkt_n2;mkt_n3,mkt_n2_p005_o0125;mkt_n3_p004_o0068,2,동사,w_ca75d89cd5674c1a,N3,verified,
w_b0c1d9f3b7112ba0,N2,N2,一体,いったい,,대체,대체,adverb,word,1,mkt_n2,mkt_n2_p018_o0464,1,부사,w_b0c1d9f3b7112ba0,N2,verified,
w_a154922af913a212,N2,N2,一応,いちおう,,일단,일단,adverb,word,1,mkt_n2,mkt_n2_p017_o0462,1,부사,w_a154922af913a212,N2,verified,
w_163c875e106e915a,N2,N2,一斉に,いっせいに,,일제히,일제히,adverb,word,1,mkt_n2,mkt_n2_p018_o0463,1,부사,w_163c875e106e915a,N2,verified,
w_657c15849a6ea25b,N2,N2,一致する,いっちする,,일치하다,일치하다,verb,word,1,mkt_n2,mkt_n2_p002_o0019,1,동사,w_657c15849a6ea25b,N2,verified,
w_98d155aeefba6339,N2,N2,丁寧だ,ていねいだ,,정중하다,정중하다,na_adjective,word,1,mkt_n2,mkt_n2_p012_o0317,1,な형용사,w_98d155aeefba6339,N2,verified,
w_6155d510207ab87b,N2,N2,下げる,さげる,,"(위치,값등을)내리다","(위치,값등을)내리다",verb,word,1,mkt_n2,mkt_n2_p004_o0092,1,동사,w_6155d510207ab87b,N2,verified,
w_cfa6bcd8424c9c0b,N2,N2,不可欠,ふかけつ,,불가결,불가결,noun,word,1,mkt_n2,mkt_n2_p016_o0424,1,명사,w_cfa6bcd8424c9c0b,N2,verified,
w_bafcd079b8e69d45,N2,N2,不思議だ,ふしぎだ,,"이상하다,불가사의하다","이상하다,불가사의하다",na_adjective,word,1,mkt_n2,mkt_n2_p013_o0325,1,な형용사,w_bafcd079b8e69d45,N2,verified,
w_bbb971bd1ab8792b,N2,N2,不良品,ふりょうひん,,불량품,불량품,noun,word,1,mkt_n2,mkt_n2_p016_o0428,1,명사,w_bbb971bd1ab8792b,N2,verified,
w_059cf1ada7c04d02,N2,N2,不調だ,ふちょうだ,,"상태가나쁘다,부진하다","상태가나쁘다,부진하다",na_adjective,word,1,mkt_n2,mkt_n2_p013_o0326,1,な형용사,w_059cf1ada7c04d02,N2,verified,
w_4dd7c1dc3159b07a,N2,N2,不足,ふそく,,부족,부족,noun,word,1,mkt_n2,mkt_n2_p016_o0425,1,명사,w_4dd7c1dc3159b07a,N2,verified,
w_e1a24560fa333bd1,N2,N2,与える,あたえる,,"주다,수여하다","주다,수여하다",verb,word,1,mkt_n2,mkt_n2_p002_o0005,1,동사,w_e1a24560fa333bd1,N2,verified,
w_c1be6b8ea5e5af34,N2,N2,世の中,よのなか,,세상,세상,noun,word,1,mkt_n2,mkt_n2_p017_o0450,1,명사,w_c1be6b8ea5e5af34,N2,verified,
w_bd9dfc9a6227a650,N2,N2,乏しい,とぼしい,,빈곤하다,빈곤하다,i_adjective,word,1,mkt_n2,mkt_n2_p010_o0262,1,い형용사,w_bd9dfc9a6227a650,N2,verified,
w_3a4e24b35de8eb78,N2,N2,乱れる,みだれる,,"흐트러지다,혼란해지다","흐트러지다,혼란해지다",verb,word,1,mkt_n2,mkt_n2_p008_o0209,1,동사,w_3a4e24b35de8eb78,N2,verified,
w_968e30c4387b6852,N2,N2,乾燥する,かんそうする,,건조하다,건조하다,verb,word,1,mkt_n2,mkt_n2_p004_o0069,1,동사,w_968e30c4387b6852,N2,verified,
w_5e0e7dbaa8b12775,N2,N2,今にも,いまにも,,금방이라도,금방이라도,adverb,word,1,mkt_n2,mkt_n2_p018_o0465,1,부사,w_5e0e7dbaa8b12775,N2,verified,
w_de35d7df4713498c,N2,N2,仕上げる,しあげる,,일을끝내다,일을끝내다,verb,word,1,mkt_n2,mkt_n2_p005_o0099,1,동사,w_de35d7df4713498c,N2,verified,
w_252adea76dd25f29,N2,N2;N1,任せる,まかせる,,맡기다,"맡기다;맡기다, 위임하다",verb,word,1,mkt_n2;pass_n1,mkt_n2_p008_o0199;pass_n1_p024_o0702,2,동사;유의어,w_252adea76dd25f29,N2,verified,"pass_n1 유의어 구역: 원본 보존, 앱 단어 목록 제외"
w_00c48216c8344f97,N2,N2,企業,きぎょう,,기업,기업,noun,word,1,mkt_n2,mkt_n2_p014_o0357,1,명사,w_00c48216c8344f97,N2,verified,
w_60c6493c03cb7ac9,N2,N2,伝染する,でんせんする,,전염되다,전염되다,verb,word,1,mkt_n2,mkt_n2_p006_o0147,1,동사,w_60c6493c03cb7ac9,N2,verified,
w_e4fd38db232623ef,N2,N2,伴う,ともなう,,동반하다,동반하다,verb,word,1,mkt_n2,mkt_n2_p006_o0152,1,동사,w_e4fd38db232623ef,N2,verified,
w_d172542569aa68c6,N2,N2,伸ばす,のばす,,"늘리다,신장시키다","늘리다,신장시키다",verb,word,1,mkt_n2,mkt_n2_p007_o0168,1,동사,w_d172542569aa68c6,N2,verified,
w_f6f908f8e36bed45,N2,N2,伸びる,のびる,,"늘다,신장하다","늘다,신장하다",verb,word,1,mkt_n2,mkt_n2_p007_o0169,1,동사,w_f6f908f8e36bed45,N2,verified,
w_7eee80d45b634bc2,N2,N2,何しろ,なにしろ,,"아무튼,어쨌든","아무튼,어쨌든",adverb,word,1,mkt_n2,mkt_n2_p019_o0494,1,부사,w_7eee80d45b634bc2,N2,verified,
w_e52fe2cf56e0b566,N2,N2;N1,何とか,なんとか,,"뭐라고,어떻게든","뭐라고,어떻게든;그럭저럭",adverb,word,1,mkt_n2;pass_n1,mkt_n2_p019_o0495;pass_n1_p019_o0530,2,부사;유의어,w_e52fe2cf56e0b566,N2,verified,"pass_n1 유의어 구역: 원본 보존, 앱 단어 목록 제외"
w_a1775fab8d16545f,N2,N2;N1,余裕,よゆう,,여유,여유,noun,word,1,mkt_n2;pass_n1,mkt_n2_p017_o0451;pass_n1_p019_o0560,2,명사;유의어,w_a1775fab8d16545f,N2,verified,"pass_n1 유의어 구역: 원본 보존, 앱 단어 목록 제외"
w_77fb8557b6af733f,N2,N2,余計,よけい,,"한층더,더욱","한층더,더욱",adverb,word,1,mkt_n2,mkt_n2_p019_o0502,1,부사,w_77fb8557b6af733f,N2,verified,
w_a1a771e92d694b1e,N2,N2,余計だ,よけいだ,,쓸데없다,쓸데없다,na_adjective,word,1,mkt_n2,mkt_n2_p013_o0337,1,な형용사,w_a1a771e92d694b1e,N2,verified,
w_157443e88683e1c9,N2,N2,係る,かかわる,,"관련되다,관여하다","관련되다,관여하다",verb,word,1,mkt_n2,mkt_n2_p003_o0054,1,동사,w_157443e88683e1c9,N2,verified,
w_c2668e4001e32c8e,N2,N2,保つ,たもつ,,"유지하다,보존하다","유지하다,보존하다",verb,word,1,mkt_n2,mkt_n2_p005_o0126,1,동사,w_c2668e4001e32c8e,N2,verified,
w_6fd430be227e0cac,N2,N2,保存する,ほぞんする,,보존하다,보존하다,verb,word,1,mkt_n2,mkt_n2_p008_o0197,1,동사,w_6fd430be227e0cac,N2,verified,
w_4d3a36e26a851fda,N2,N2,保護者,ほごしゃ,,보호자,보호자,noun,word,1,mkt_n2,mkt_n2_p016_o0435,1,명사,w_4d3a36e26a851fda,N2,verified,
w_21b78bc06867a909,N2,N2,信頼,しんらい,,신뢰,신뢰,noun,word,1,mkt_n2,mkt_n2_p015_o0379,1,명사,w_21b78bc06867a909,N2,verified,
w_f3cbf69b00d76920,N2,N2,俳優,はいゆう,,배우,배우,noun,word,1,mkt_n2,mkt_n2_p015_o0403,1,명사,w_f3cbf69b00d76920,N2,verified,
w_bc6f719a9a2f3619,N2,N2,倒す,たおす,,쓰러뜨리다,쓰러뜨리다,verb,word,1,mkt_n2,mkt_n2_p005_o0119,1,동사,w_bc6f719a9a2f3619,N2,verified,
w_809b51fa0666d489,N2,N2;N1,偏る,かたよる,,"기울다,치우치다(편중)","치우치다,편중되다;기울다,치우치다(편중);치우치다, 편향되다",verb,word,1,mkt_n1;mkt_n2;pass_n1,mkt_n1_p003_o0033;mkt_n2_p003_o0062;pass_n1_p005_o0074,3,동사;한자 읽기,w_809b51fa0666d489,N2,verified,
w_532aa900ae487940,N2,N2,偶然,ぐうぜん,,우연히,우연히,adverb,word,1,mkt_n2,mkt_n2_p018_o0471,1,부사,w_532aa900ae487940,N2,verified,
w_b01161cb912e4006,N2,N2,備える,そなえる,,"준비하다,구비하다","준비하다,구비하다",verb,word,1,mkt_n2,mkt_n2_p005_o0115,1,동사,w_b01161cb912e4006,N2,verified,
w_f5f19f69e53af0ce,N2,N2;N1,催す,もよおす,,개최하다,개최하다,verb,word,1,mkt_n1;mkt_n2;pass_n1,mkt_n1_p006_o0116;mkt_n2_p008_o0222;pass_n1_p009_o0214,3,동사;문맥 규정,w_f5f19f69e53af0ce,N2,verified,
w_e8b398a487f8f29c,N2,N2,傾く,かたむく,,"(위치,마음,사상이)기울다","(위치,마음,사상이)기울다",verb,word,1,mkt_n2,mkt_n2_p003_o0061,1,동사,w_e8b398a487f8f29c,N2,verified,
w_6c93129a6473a8b3,N2,N2,傾向,けいこう,,경향,경향,noun,word,1,mkt_n2,mkt_n2_p014_o0361,1,명사,w_6c93129a6473a8b3,N2,verified,
w_d0d3f900576edd1c,N2,N2,優れる,すぐれる,,우수하다,우수하다,verb,word,1,mkt_n2,mkt_n2_p005_o0105,1,동사,w_d0d3f900576edd1c,N2,verified,
w_7af986d757104a61,N2,N2,優勝,ゆうしょう,,우승,우승,noun,word,1,mkt_n2,mkt_n2_p017_o0446,1,명사,w_7af986d757104a61,N2,verified,
w_e504525a3bc6bc12,N2,N2,元々,もともと,,원래,원래,adverb,word,1,mkt_n2,mkt_n2_p019_o0501,1,부사,w_e504525a3bc6bc12,N2,verified,
w_dc9e68a1700899e0,N2,N2,先ほど,さきほど,,"아까,먼저","아까,먼저",adverb,word,1,mkt_n2,mkt_n2_p018_o0473,1,부사,w_dc9e68a1700899e0,N2,verified,
w_615d55cb467f5f8a,N2,N2;N1,克服する,こくふくする,,극복하다,극복하다,verb,word,1,mkt_n2;pass_n1,mkt_n2_p004_o0082;pass_n1_p006_o0110,2,동사;한자 읽기,w_615d55cb467f5f8a,N2,verified,
w_2c314e0899617574,N2,N2,全く,まったく,,전혀,전혀,adverb,word,1,mkt_n2,mkt_n2_p019_o0499,1,부사,w_2c314e0899617574,N2,verified,
w_a662c0ad125b3f4b,N2,N2,再び,ふたたび,,"다시,재차","다시,재차",adverb,word,1,mkt_n2,mkt_n2_p019_o0497,1,부사,w_a662c0ad125b3f4b,N2,verified,
w_b046193862632af9,N2,N2,冷静だ,れいせいだ,,"냉철하다,이성적이다","냉철하다,이성적이다",na_adjective,word,1,mkt_n2,mkt_n2_p013_o0340,1,な형용사,w_b046193862632af9,N2,verified,
w_45f7f8d1891332c0,N2,N2,出来上がる,できあがる,,완성되다,완성되다,verb,word,1,mkt_n2,mkt_n2_p006_o0143,1,동사,w_45f7f8d1891332c0,N2,verified,
w_c3033deed4196ca1,N2,N2,分析,ぶんせき,,분석,분석,noun,word,1,mkt_n2,mkt_n2_p016_o0429,1,명사,w_c3033deed4196ca1,N2,verified,
w_ab38b2dc5fec1167,N2,N2,判断,はんだん,,판단,판단,noun,word,1,mkt_n2,mkt_n2_p016_o0416,1,명사,w_ab38b2dc5fec1167,N2,verified,
w_cbaa90d9cde4ed8e,N2,N2,別々,べつべつ,,따로따로,따로따로,adverb,word,1,mkt_n2,mkt_n2_p019_o0498,1,부사,w_cbaa90d9cde4ed8e,N2,verified,
w_6d6bafe5d5efdeba,N2,N2,利口だ,りこうだ,,영리하다,영리하다,na_adjective,word,1,mkt_n2,mkt_n2_p013_o0338,1,な형용사,w_6d6bafe5d5efdeba,N2,verified,
w_6f0e79e8119b8a9b,N2,N2,利点,りてん,,이점,이점,noun,word,1,mkt_n2,mkt_n2_p017_o0454,1,명사,w_6f0e79e8119b8a9b,N2,verified,
w_33388c47d805f383,N2,N2;N1,利益,りえき,,이익,이익,noun,word,1,mkt_n2;pass_n1,mkt_n2_p017_o0453;pass_n1_p004_o0024,2,명사;한자 읽기,w_33388c47d805f383,N2,verified,
w_48c87304a313d294,N2,N2,制約,せいやく,,제약,제약,noun,word,1,mkt_n2,mkt_n2_p015_o0381,1,명사,w_48c87304a313d294,N2,verified,
w_d70896978910d500,N2,N2,刻む,きざむ,,"새기다,조각하다","새기다,조각하다",verb,word,1,mkt_n2,mkt_n2_p004_o0070,1,동사,w_d70896978910d500,N2,verified,
w_7e20d0d1e39fb1cd,N2,N2,削る,けずる,,"깎다,줄이다,삭감하다","깎다,줄이다,삭감하다",verb,word,1,mkt_n2,mkt_n2_p004_o0078,1,동사,w_7e20d0d1e39fb1cd,N2,verified,
w_19ab8c60598cee59,N2,N2;N1,割り込む,わりこむ,,끼어들다,"끼어들다,새치기하다;끼어들다",verb,word,1,mkt_n1;mkt_n2,mkt_n1_p006_o0125;mkt_n2_p009_o0238,2,동사,w_19ab8c60598cee59,N2,verified,
w_6483dda05171a166,N2,N2,割引,わりびき,,할인,할인,noun,word,1,mkt_n2,mkt_n2_p017_o0456,1,명사,w_6483dda05171a166,N2,verified,
w_88d8358c21d840b0,N2,N2,力強い,ちからづよい,,"마음든든하다,힘차다","마음든든하다,힘차다",i_adjective,word,1,mkt_n2,mkt_n2_p010_o0264,1,い형용사,w_88d8358c21d840b0,N2,verified,
w_a1021aa0cfda591b,N2,N2;N1,劣る,おとる,,"열등하다,뒤떨어지다","뒤떨어지다,뒤지다;열등하다,뒤떨어지다",verb,word,1,mkt_n1;mkt_n2,mkt_n1_p002_o0023;mkt_n2_p003_o0050,2,동사,w_a1021aa0cfda591b,N2,verified,
w_58320aa77025e364,N2,N2;N1,励む,はげむ,,힘쓰다,힘쓰다,verb,word,1,mkt_n1;mkt_n2;pass_n1,mkt_n1_p005_o0093;mkt_n2_p007_o0174;pass_n1_p005_o0070,3,동사;한자 읽기,w_58320aa77025e364,N2,verified,
w_84b9dbc13150df11,N2,N2,務める,つとめる,,"(임무를)맡다,역할을다하다","(임무를)맡다,역할을다하다",verb,word,1,mkt_n2,mkt_n2_p006_o0135,1,동사,w_84b9dbc13150df11,N2,verified,
w_9ef6ae47fbeea384,N2,N2,勝手だ,かってだ,,제멋대로다,제멋대로다,na_adjective,word,1,mkt_n2,mkt_n2_p011_o0290,1,な형용사,w_9ef6ae47fbeea384,N2,verified,
w_ec7304df5158c7dc,N2,N2,勧める,すすめる,,"권하다,추천하다","권하다,추천하다",verb,word,1,mkt_n2,mkt_n2_p005_o0106,1,동사,w_ec7304df5158c7dc,N2,verified,
w_b27a951943ddbdef,N2,N2,勧誘,かんゆう,,권유,권유,noun,word,1,mkt_n2,mkt_n2_p014_o0354,1,명사,w_b27a951943ddbdef,N2,verified,
w_306216717f196919,N2,N2,半減,はんげん,,반감,반감,noun,word,1,mkt_n2,mkt_n2_p016_o0415,1,명사,w_306216717f196919,N2,verified,
w_2b32e38f42248fa6,N2,N2,半額,はんがく,,반액,반액,noun,word,1,mkt_n2,mkt_n2_p016_o0414,1,명사,w_2b32e38f42248fa6,N2,verified,
w_c804e191ffa9046c,N2,N2,単なる,たんなる,,단순한,단순한,adverb,word,1,mkt_n2,mkt_n2_p018_o0490,1,부사,w_c804e191ffa9046c,N2,verified,
w_ba1d7de688d70f05,N2,N2,占う,うらなう,,점치다,점치다,verb,word,1,mkt_n2,mkt_n2_p003_o0033,1,동사,w_ba1d7de688d70f05,N2,verified,
w_27a36289d831db1d,N2,N2,危うい,あやうい,,위태롭다,위태롭다,i_adjective,word,1,mkt_n2,mkt_n2_p010_o0251,1,い형용사,w_27a36289d831db1d,N2,verified,
w_e421aae9647d50d9,N2,N2,危険だ,きけんだ,,위험하다,위험하다,na_adjective,word,1,mkt_n2,mkt_n2_p011_o0294,1,な형용사,w_e421aae9647d50d9,N2,verified,
w_a00c5f2c53808bc1,N2,N2,参る,まいる,,"'오다,가다'의겸양","'오다,가다'의겸양",verb,word,1,mkt_n2,mkt_n2_p008_o0198,1,동사,w_a00c5f2c53808bc1,N2,verified,
w_bb198972a4426bcf,N2,N2,反応,はんのう,,반응,반응,noun,word,1,mkt_n2,mkt_n2_p016_o0417,1,명사,w_bb198972a4426bcf,N2,verified,
w_83b5460f8df7ce6b,N2,N2,反映,はんえい,,반영,반영,noun,word,1,mkt_n2,mkt_n2_p016_o0413,1,명사,w_83b5460f8df7ce6b,N2,verified,
w_2fd84a94cccd6a41,N2,N2,収める,おさめる,,"거두다,넣다,담다","거두다,넣다,담다",verb,word,1,mkt_n2,mkt_n2_p003_o0043,1,동사,w_2fd84a94cccd6a41,N2,verified,
w_06502f590cb6c6fe,N2,N2,取り上げる,とりあげる,,"집어들다,채택하다","집어들다,채택하다",verb,word,1,mkt_n2,mkt_n2_p006_o0153,1,동사,w_06502f590cb6c6fe,N2,verified,
w_728f3fff42bfc4e5,N2,N2,取り入れる,とりいれる,,받아들이다,받아들이다,verb,word,1,mkt_n2,mkt_n2_p006_o0155,1,동사,w_728f3fff42bfc4e5,N2,verified,
w_18904ffc4733404c,N2,N2,取り扱う,とりあつかう,,취급하다,취급하다,verb,word,1,mkt_n2,mkt_n2_p006_o0154,1,동사,w_18904ffc4733404c,N2,verified,
w_51492880f4ff54fb,N2,N2;N1,取り組む,とりくむ,,"맞붙다,몰두하다","몰두하다;맞붙다,몰두하다",verb,word,1,mkt_n1;mkt_n2,mkt_n1_p004_o0082;mkt_n2_p006_o0156,2,동사,w_51492880f4ff54fb,N2,verified,
w_bedd038e5370599e,N2,N2,取り除く,とりのぞく,,"제거하다,없애다","제거하다,없애다",verb,word,1,mkt_n2,mkt_n2_p006_o0157,1,동사,w_bedd038e5370599e,N2,verified,
w_6b816f2f73e9b286,N2,N2,叫ぶ,さけぶ,,외치다,외치다,verb,word,1,mkt_n2,mkt_n2_p004_o0090,1,동사,w_6b816f2f73e9b286,N2,verified,
w_90e919de2274052b,N2,N2,叶う,かなう,,이루어지다,이루어지다,verb,word,1,mkt_n2,mkt_n2_p003_o0064,1,동사,w_90e919de2274052b,N2,verified,
w_01c8260054b32da5,N2,N2,各々,おのおの,,각각,각각,adverb,word,1,mkt_n2,mkt_n2_p018_o0467,1,부사,w_01c8260054b32da5,N2,verified,
w_947ee10c7c753bf7,N2,N2,同様だ,どうようだ,,"다름없다,마찬가지다","다름없다,마찬가지다",na_adjective,word,1,mkt_n2,mkt_n2_p012_o0319,1,な형용사,w_947ee10c7c753bf7,N2,verified,
w_e4fd748a2606a3dd,N2,N2,名刺,めいし,,명함,명함,noun,word,1,mkt_n2,mkt_n2_p017_o0441,1,명사,w_e4fd748a2606a3dd,N2,verified,
w_a54a0943a6ec5d8f,N2,N2,名高い,なだかい,,유명하다,유명하다,i_adjective,word,1,mkt_n2,mkt_n2_p010_o0266,1,い형용사,w_a54a0943a6ec5d8f,N2,verified,
w_afe0b47bfa0921be,N2,N2,吐き出す,はきだす,,"토해내다,내뱉다","토해내다,내뱉다",verb,word,1,mkt_n2,mkt_n2_p007_o0173,1,동사,w_afe0b47bfa0921be,N2,verified,
w_d13ada57a54b9680,N2,N2,含む,ふくむ,,포함하다,포함하다,verb,word,1,mkt_n2,mkt_n2_p007_o0186,1,동사,w_d13ada57a54b9680,N2,verified,
w_d9c4c20b2cc7ba94,N2,N2,味わう,あじわう,,맛보다,맛보다,verb,word,1,mkt_n2,mkt_n2_p002_o0002,1,동사,w_d9c4c20b2cc7ba94,N2,verified,
w_9375044e7571e8e4,N2,N2,呼び止める,よびとめる,,불러세우다,불러세우다,verb,word,1,mkt_n2,mkt_n2_p009_o0233,1,동사,w_9375044e7571e8e4,N2,verified,
w_be45bc6bb7ee0f57,N2,N2,問い合わせる,といあわせる,,문의하다,문의하다,verb,word,1,mkt_n2,mkt_n2_p006_o0148,1,동사,w_be45bc6bb7ee0f57,N2,verified,
w_d5a86ece23e0f3b9,N2,N2,嘆く,なげく,,한탄하다,한탄하다,verb,word,1,mkt_n2,mkt_n2_p006_o0159,1,동사,w_d5a86ece23e0f3b9,N2,verified,
w_a3a1ab15d2a2b883,N2,N2,土地,とち,,토지,토지,noun,word,1,mkt_n2,mkt_n2_p015_o0394,1,명사,w_a3a1ab15d2a2b883,N2,verified,
w_b5b7c2170e22ae1a,N2,N2,地味だ,じみだ,,수수하다,수수하다,na_adjective,word,1,mkt_n2,mkt_n2_p012_o0302,1,な형용사,w_b5b7c2170e22ae1a,N2,verified,
w_457687f9198bb11e,N2,N2,基づく,もとづく,,근거하다,근거하다,verb,word,1,mkt_n2,mkt_n2_p008_o0220,1,동사,w_457687f9198bb11e,N2,verified,
w_ffefb3b5ec05aab1,N2,N2,増える,ふえる,,"늘다,증가하다","늘다,증가하다",verb,word,1,mkt_n2,mkt_n2_p007_o0184,1,동사,w_ffefb3b5ec05aab1,N2,verified,
w_0e981b675d9187b1,N2,N2,増加,ぞうか,,증가,증가,noun,word,1,mkt_n2,mkt_n2_p015_o0386,1,명사,w_0e981b675d9187b1,N2,verified,
w_dcf81ee7c767ed7f,N2,N2,売上,うりあげ,,매상,매상,noun,word,1,mkt_n2,mkt_n2_p013_o0344,1,명사,w_dcf81ee7c767ed7f,N2,verified,
w_a28378d63f77e2a2,N2,N2,変換,へんかん,,변환,변환,noun,word,1,mkt_n2,mkt_n2_p016_o0432,1,명사,w_a28378d63f77e2a2,N2,verified,
w_e7157988aaabd07f,N2,N2,変更,へんこう,,변경,변경,noun,word,1,mkt_n2,mkt_n2_p016_o0433,1,명사,w_e7157988aaabd07f,N2,verified,
w_9ade5fb2ed726bf3,N2,N2,外す,はずす,,"떼다,풀다","떼다,풀다",verb,word,1,mkt_n2,mkt_n2_p007_o0175,1,동사,w_9ade5fb2ed726bf3,N2,verified,
w_553accd30cbca2d8,N2,N2,外れる,はずれる,,"벗겨지다,제외되다","벗겨지다,제외되다",verb,word,1,mkt_n2,mkt_n2_p007_o0176,1,동사,w_553accd30cbca2d8,N2,verified,
w_44a892d1b564fc20,N2,N2,多大だ,ただいだ,,많고크다,많고크다,na_adjective,word,1,mkt_n2,mkt_n2_p012_o0315,1,な형용사,w_44a892d1b564fc20,N2,verified,
w_61aa0aa46f4f634a,N2,N2,多様だ,たようだ,,다양하다,다양하다,na_adjective,word,1,mkt_n2,mkt_n2_p012_o0316,1,な형용사,w_61aa0aa46f4f634a,N2,verified,
w_cf838bf5a46da7f8,N2,N2,夢,ゆめ,,꿈,꿈,noun,word,1,mkt_n2,mkt_n2_p017_o0447,1,명사,w_cf838bf5a46da7f8,N2,verified,
w_fc3f8a953526e8ae,N2,N2,大いに,おおいに,,"크게,매우","크게,매우",adverb,word,1,mkt_n2,mkt_n2_p018_o0466,1,부사,w_fc3f8a953526e8ae,N2,verified,
w_c8ffec9cad93ecf4,N2,N2,大げさだ,おおげさだ,,과장되다,과장되다,na_adjective,word,1,mkt_n2,mkt_n2_p011_o0286,1,な형용사,w_c8ffec9cad93ecf4,N2,verified,
w_e15c90e6e968062b,N2,N2,大ざっぱだ,おおざっぱだ,,대충이다,대충이다,na_adjective,word,1,mkt_n2,mkt_n2_p011_o0287,1,な형용사,w_e15c90e6e968062b,N2,verified,
w_94c0adef044f3154,N2,N2,失う,うしなう,,"잃어버리다,놓치다","잃어버리다,놓치다",verb,word,1,mkt_n2,mkt_n2_p002_o0024,1,동사,w_94c0adef044f3154,N2,verified,
w_7bd0d93b4d0662e0,N2,N2,好評,こうひょう,,호평,호평,noun,word,1,mkt_n2,mkt_n2_p014_o0365,1,명사,w_7bd0d93b4d0662e0,N2,verified,
w_395b901e45fc4d16,N2,N2,好調だ,こうちょうだ,,"호조를보이다,순조롭다","호조를보이다,순조롭다",na_adjective,word,1,mkt_n2,mkt_n2_p012_o0298,1,な형용사,w_395b901e45fc4d16,N2,verified,
w_de9c93232af3bdba,N2,N2,妙だ,みょうだ,,묘하다,묘하다,na_adjective,word,1,mkt_n2,mkt_n2_p013_o0332,1,な형용사,w_de9c93232af3bdba,N2,verified,
w_41c304f56ca05b9a,N2,N2;N1,妨げる,さまたげる,,방해하다,방해하다,verb,word,1,mkt_n1;mkt_n2,mkt_n1_p003_o0049;mkt_n2_p005_o0097,2,동사,w_41c304f56ca05b9a,N2,verified,
w_e5a9e98ae4eb0fd9,N2,N2,安易だ,あんいだ,,안이하다,안이하다,na_adjective,word,1,mkt_n2,mkt_n2_p011_o0285,1,な형용사,w_e5a9e98ae4eb0fd9,N2,verified,
w_2de3e45eed19bba2,N2,N2;N1,実に,じつに,,실제로,실제로;실로,adverb,word,1,mkt_n2;pass_n1,mkt_n2_p018_o0479;pass_n1_p028_o0850,2,부사;용법,w_2de3e45eed19bba2,N2,verified,"pass_n1 용법 구역: 원본 보존, 앱 단어 목록 제외"
w_28791ccc16b6f97b,N2,N2,寂しい,さびしい,,"쓸쓸하다,외롭다","쓸쓸하다,외롭다",i_adjective,word,1,mkt_n2,mkt_n2_p010_o0257,1,い형용사,w_28791ccc16b6f97b,N2,verified,
w_af850364c745e368,N2,N2,寄せる,よせる,,"밀려오다,다가오다","밀려오다,다가오다",verb,word,1,mkt_n2,mkt_n2_p009_o0232,1,동사,w_af850364c745e368,N2,verified,
w_c5334ff5f3430794,N2,N2,対等だ,たいとうだ,,대등하다,대등하다,na_adjective,word,1,mkt_n2,mkt_n2_p012_o0312,1,な형용사,w_c5334ff5f3430794,N2,verified,
w_25a37975ebba9151,N2,N2,専念,せんねん,,전념,전념,noun,word,1,mkt_n2,mkt_n2_p015_o0385,1,명사,w_25a37975ebba9151,N2,verified,
w_95dcb750dac183f7,N2,N2,少なくとも,すくなくとも,,적어도,적어도,adverb,word,1,mkt_n2,mkt_n2_p018_o0482,1,부사,w_95dcb750dac183f7,N2,verified,
w_1512b858849af4c6,N2,N2,就く,つく,,"(지위에)오르다,취임하다","(지위에)오르다,취임하다",verb,word,1,mkt_n2,mkt_n2_p006_o0133,1,동사,w_1512b858849af4c6,N2,verified,
w_385c4af3d83f8abf,N2,N2,属する,ぞくする,,속하다,속하다,verb,word,1,mkt_n2,mkt_n2_p005_o0113,1,동사,w_385c4af3d83f8abf,N2,verified,
w_0e9835a6eb6b36ba,N2,N2;N1,崩れる,くずれる,,"무너지다,쓰러지다","무너지다,쓰러지다;무너지다, 흐트러지다",verb,word,1,mkt_n2;pass_n1,mkt_n2_p004_o0075;pass_n1_p006_o0111,2,동사;한자 읽기,w_0e9835a6eb6b36ba,N2,verified,
w_97a3b823f67674e9,N2,N2;N1,差し上げる,さしあげる,,"드리다,바치다","드리다,바치다;드리다",verb,word,1,mkt_n2;pass_n1,mkt_n2_p004_o0094;pass_n1_p024_o0724,2,동사;유의어,w_97a3b823f67674e9,N2,verified,"pass_n1 유의어 구역: 원본 보존, 앱 단어 목록 제외"
w_2fc9098d18ea8dc0,N2,N2,常に,つねに,,"항상,언제나","항상,언제나",adverb,word,1,mkt_n2,mkt_n2_p018_o0492,1,부사,w_2fc9098d18ea8dc0,N2,verified,
w_7959d3097fa73625,N2,N2,幅,はば,,폭,폭,noun,word,1,mkt_n2,mkt_n2_p016_o0411,1,명사,w_7959d3097fa73625,N2,verified,
w_76a0eb1e41436ab7,N2,N2,平だ,たいらだ,,평평하다,평평하다,na_adjective,word,1,mkt_n2,mkt_n2_p012_o0313,1,な형용사,w_76a0eb1e41436ab7,N2,verified,
w_0084c15661be04e0,N2,N2;N1,平凡だ,へいぼんだ,,평범하다,평범하다,na_adjective,word,1,mkt_n2;pass_n1,mkt_n2_p013_o0329;pass_n1_p018_o0498,2,な형용사;유의어,w_0084c15661be04e0,N2,verified,"pass_n1 유의어 구역: 원본 보존, 앱 단어 목록 제외"
w_75b65e30a289a9db,N2,N2,平和,へいわ,,평화,평화,noun,word,1,mkt_n2,mkt_n2_p016_o0431,1,명사,w_75b65e30a289a9db,N2,verified,
w_2171d900f3fc843c,N2,N2,平気だ,へいきだ,,"태연하다,아무렇지않다","태연하다,아무렇지않다",na_adjective,word,1,mkt_n2,mkt_n2_p013_o0328,1,な형용사,w_2171d900f3fc843c,N2,verified,
w_f170b63846a5ec48,N2,N2,幸いだ,さいわいだ,,다행이다,다행이다,na_adjective,word,1,mkt_n2,mkt_n2_p012_o0299,1,な형용사,w_f170b63846a5ec48,N2,verified,
w_1eae6eda7c09f13c,N2,N2,幸いに,さいわいに,,다행히,다행히,adverb,word,1,mkt_n2,mkt_n2_p018_o0472,1,부사,w_1eae6eda7c09f13c,N2,verified,
w_a28bc11e96dedc2f,N2,N2,幼い,おさない,,어리다,어리다,i_adjective,word,1,mkt_n2,mkt_n2_p010_o0249,1,い형용사,w_a28bc11e96dedc2f,N2,verified,
w_ad5a190c8bd92d95,N2,N2,広げる,ひろげる,,넓히다,넓히다,verb,word,1,mkt_n2,mkt_n2_p007_o0183,1,동사,w_ad5a190c8bd92d95,N2,verified,
w_b6b1ec7b196b2373,N2,N2,庇う,かばう,,"감싸다,비호하다","감싸다,비호하다",verb,word,1,mkt_n2,mkt_n2_p004_o0065,1,동사,w_b6b1ec7b196b2373,N2,verified,
w_0ff95f9278e7d4c0,N2,N2,弊社,へいしゃ,,자기회사의겸칭,자기회사의겸칭,noun,word,1,mkt_n2,mkt_n2_p016_o0430,1,명사,w_0ff95f9278e7d4c0,N2,verified,
w_f9a9fd5b8dca1f64,N2,N2,引き渡す,ひきわたす,,"넘겨주다,인도하다","넘겨주다,인도하다",verb,word,1,mkt_n2,mkt_n2_p007_o0182,1,동사,w_f9a9fd5b8dca1f64,N2,verified,
w_6d65f573426d6306,N2,N2,引用,いんよう,,인용,인용,noun,word,1,mkt_n2,mkt_n2_p013_o0343,1,명사,w_6d65f573426d6306,N2,verified,
w_cd89b540108a739e,N2,N2;N1,強いて,しいて,,"굳이,구태여","억지로,무리해서;굳이,구태여",adverb,word,1,mkt_n1;mkt_n2,mkt_n1_p019_o0489;mkt_n2_p018_o0476,2,부사,w_cd89b540108a739e,N2,verified,
w_e5e74884551c96f2,N2,N2,強烈だ,きょうれつだ,,강렬하다,강렬하다,na_adjective,word,1,mkt_n2,mkt_n2_p011_o0296,1,な형용사,w_e5e74884551c96f2,N2,verified,
w_14d43505e1a91b15,N2,N2,徐々に,じょじょに,,서서히,서서히,adverb,word,1,mkt_n2,mkt_n2_p018_o0481,1,부사,w_14d43505e1a91b15,N2,verified,
w_b7f37f0b0a8a7c3a,N2,N2,循環,じゅんかん,,순환,순환,noun,word,1,mkt_n2,mkt_n2_p014_o0371,1,명사,w_b7f37f0b0a8a7c3a,N2,verified,
w_18a5d02537f4ccc4,N2,N2,徹底する,てっていする,,철저하다,철저하다,verb,word,1,mkt_n2,mkt_n2_p006_o0145,1,동사,w_18a5d02537f4ccc4,N2,verified,
w_1b29dad1ad887a74,N2,N2,必ずしも,かならずしも,,반드시~인것은아니다,반드시~인것은아니다,adverb,word,1,mkt_n2,mkt_n2_p018_o0470,1,부사,w_1b29dad1ad887a74,N2,verified,
w_80f8172b3e531738,N2,N2,快晴だ,かいせいだ,,쾌청하다,쾌청하다,na_adjective,word,1,mkt_n2,mkt_n2_p011_o0289,1,な형용사,w_80f8172b3e531738,N2,verified,
w_daaffe48fc9f4d1d,N2,N2;N1,思いがけない,おもいがけない,,"의외이다,뜻밖이다","의외이다,뜻밖이다;뜻밖이다, 생각지 못하다, 예상 밖이다",i_adjective,word,1,mkt_n2;pass_n1,mkt_n2_p009_o0244;pass_n1_p023_o0684,2,い형용사;유의어,w_daaffe48fc9f4d1d,N2,verified,"pass_n1 유의어 구역: 원본 보존, 앱 단어 목록 제외"
w_4319c8721cd1feed,N2,N2,思わず,おもわず,,무심코,무심코,adverb,word,1,mkt_n2,mkt_n2_p018_o0468,1,부사,w_4319c8721cd1feed,N2,verified,
w_938006f867662636,N2,N2,急増する,きゅうぞうする,,급증하다,급증하다,verb,word,1,mkt_n2,mkt_n2_p004_o0073,1,동사,w_938006f867662636,N2,verified,
w_a894fdce8a846e3c,N2,N2,恐れる,おそれる,,"무서워하다,두려워하다","무서워하다,두려워하다",verb,word,1,mkt_n2,mkt_n2_p003_o0045;mkt_n2_p003_o0047,2,동사,w_a894fdce8a846e3c,N2,verified,
w_a4435942eb37a45e,N2,N2,恐ろしい,おそろしい,,"두렵다,무섭다","두렵다,무섭다",i_adjective,word,1,mkt_n2,mkt_n2_p010_o0250,1,い형용사,w_a4435942eb37a45e,N2,verified,
w_865bf62197097b3c,N2,N2,恵まれる,めぐまれる,,"혜택받다,은혜받다","혜택받다,은혜받다",verb,word,1,mkt_n2,mkt_n2_p008_o0214,1,동사,w_865bf62197097b3c,N2,verified,
w_08d04d7ffcce53c1,N2,N2,悔やむ,くやむ,,"분하게여기다,후회하다","분하게여기다,후회하다",verb,word,1,mkt_n2,mkt_n2_p004_o0076,1,동사,w_08d04d7ffcce53c1,N2,verified,
w_3deb1341b958f12c,N2,N2,悩む,なやむ,,고민하다,고민하다,verb,word,1,mkt_n2,mkt_n2_p007_o0161,1,동사,w_3deb1341b958f12c,N2,verified,
w_7f02be914094514a,N2,N2,情けない,なさけない,,한심하다,한심하다,i_adjective,word,1,mkt_n2,mkt_n2_p010_o0265,1,い형용사,w_7f02be914094514a,N2,verified,
w_fcba82e2406eee81,N2,N2,惑わす,まどわす,,"현혹시키다,유혹하다","현혹시키다,유혹하다",verb,word,1,mkt_n2,mkt_n2_p008_o0203,1,동사,w_fcba82e2406eee81,N2,verified,
w_3a8617b339bdbba6,N2,N2,愛用,あいよう,,애용,애용,noun,word,1,mkt_n2,mkt_n2_p013_o0341,1,명사,w_3a8617b339bdbba6,N2,verified,
w_9d1d8b45269581af,N2,N2,態度,たいど,,태도,태도,noun,word,1,mkt_n2,mkt_n2_p015_o0387,1,명사,w_9d1d8b45269581af,N2,verified,
w_29337b7262133b43,N2,N2,慌ただしい,あわただしい,,분주하다,분주하다,i_adjective,word,1,mkt_n2,mkt_n2_p009_o0247,1,い형용사,w_29337b7262133b43,N2,verified,
w_1dca83e335d8d37c,N2,N2,慎重だ,しんちょうだ,,신중하다,신중하다,na_adjective,word,1,mkt_n2,mkt_n2_p012_o0306,1,な형용사,w_1dca83e335d8d37c,N2,verified,
w_3b7bb6f69b70efcf,N2,N2;N1,慣れる,なれる,,"적응되다,익숙하다","적응되다,익숙하다;익숙해지다",verb,word,1,mkt_n2;pass_n1,mkt_n2_p007_o0163;pass_n1_p015_o0384,2,동사;유의어,w_3b7bb6f69b70efcf,N2,verified,"pass_n1 유의어 구역: 원본 보존, 앱 단어 목록 제외"
w_c149de6d6e46c7b2,N2,N2,憎い,にくい,,밉다,밉다,i_adjective,word,1,mkt_n2,mkt_n2_p010_o0268,1,い형용사,w_c149de6d6e46c7b2,N2,verified,
w_b8d8c4fdb2d0ed45,N2,N2,憧れる,あこがれる,,동경하다,동경하다,verb,word,1,mkt_n2,mkt_n2_p002_o0001,1,동사,w_b8d8c4fdb2d0ed45,N2,verified,
w_be4b3560c276b748,N2,N2,懐かし,なつかしい,,그립다,그립다,i_adjective,word,1,mkt_n2,mkt_n2_p010_o0267,1,い형용사,w_be4b3560c276b748,N2,verified,
w_f948982919ee8a7a,N2,N2,打ち明ける,うちあける,,고백하다,고백하다,verb,word,1,mkt_n2,mkt_n2_p002_o0027,1,동사,w_f948982919ee8a7a,N2,verified,
w_e5a63fa4d7fc9648,N2,N2,承る,うけたまわる,,"삼가듣다,받잡다","삼가듣다,받잡다",verb,word,1,mkt_n2,mkt_n2_p002_o0023,1,동사,w_e5a63fa4d7fc9648,N2,verified,
w_7d2dc2d277bc090f,N2,N2;N1,把握,はあく,,파악,파악,noun,word,1,mkt_n1;mkt_n2;pass_n1,mkt_n1_p016_o0408;mkt_n2_p015_o0401;pass_n1_p005_o0047,3,명사;한자 읽기,w_7d2dc2d277bc090f,N2,verified,
w_3ad3ada30c990fec,N2,N2,抜く,ぬく,,"뽑다,빼다","뽑다,빼다",verb,word,1,mkt_n2,mkt_n2_p007_o0165,1,동사,w_3ad3ada30c990fec,N2,verified,
w_622c2d1c4d3b1a46,N2,N2,抱える,かかえる,,"안다,떠맡다","안다,떠맡다",verb,word,1,mkt_n2,mkt_n2_p003_o0052,1,동사,w_622c2d1c4d3b1a46,N2,verified,
w_400d9fcf33c3211e,N2,N2;N1,担う,になう,,"짊어지다,메다","짊어지다,떠맡다;짊어지다,메다;짊어지다, 떠맡다;짊어지다, 맡다",verb,word,1,mkt_n1;mkt_n2;pass_n1,mkt_n1_p005_o0086;mkt_n2_p007_o0164;pass_n1_p010_o0227;pass_n1_p013_o0327,4,동사;문맥 규정,w_400d9fcf33c3211e,N2,verified,
w_e9f533b957ab3a97,N2,N2,担当,たんとう,,담당,담당,noun,word,1,mkt_n2,mkt_n2_p015_o0388,1,명사,w_e9f533b957ab3a97,N2,verified,
w_af08fee0d4fa48b2,N2,N2,招く,まねく,,"초대하다,부르다","초대하다,부르다",verb,word,1,mkt_n2,mkt_n2_p008_o0204,1,동사,w_af08fee0d4fa48b2,N2,verified,
w_a9f7302f18a082a7,N2,N2,招待する,しょうたいする,,초대하다,초대하다,verb,word,1,mkt_n2,mkt_n2_p005_o0103,1,동사,w_a9f7302f18a082a7,N2,verified,
w_9032a2333ecae65f,N2,N2,拝見する,はいけんする,,"'보다,읽다'의겸양","'보다,읽다'의겸양",verb,word,1,mkt_n2,mkt_n2_p007_o0171,1,동사,w_9032a2333ecae65f,N2,verified,
w_f45498647d16f2a3,N2,N2,拡充,かくじゅう,,확충,확충,noun,word,1,mkt_n2,mkt_n2_p014_o0349,1,명사,w_f45498647d16f2a3,N2,verified,
w_c811f5af75378dc5,N2,N2,持参する,じさんする,,지참하다,지참하다,verb,word,1,mkt_n2,mkt_n2_p005_o0100,1,동사,w_c811f5af75378dc5,N2,verified,
w_43650cc6750b82c0,N2,N2,指す,さす,,가리키다,가리키다,verb,word,1,mkt_n2,mkt_n2_p004_o0095,1,동사,w_43650cc6750b82c0,N2,verified,
w_d18953f3f8dc760f,N2,N2,振り向く,ふりむく,,뒤돌아보다,뒤돌아보다,verb,word,1,mkt_n2,mkt_n2_p008_o0193,1,동사,w_d18953f3f8dc760f,N2,verified,
w_cdddc6fbf00c4cf5,N2,N2,振り込む,ふりこむ,,"납입하다,불입하다","납입하다,불입하다",verb,word,1,mkt_n2,mkt_n2_p008_o0192,1,동사,w_cdddc6fbf00c4cf5,N2,verified,
w_fe5aa65deefa4fd4,N2,N2,振り返る,ふりかえる,,"뒤돌아보다,돌이켜보다","뒤돌아보다,돌이켜보다",verb,word,1,mkt_n2,mkt_n2_p007_o0191,1,동사,w_fe5aa65deefa4fd4,N2,verified,
w_ed59200465195b5f,N2,N2,捕まる,つかまる,,붙잡히다,붙잡히다,verb,word,1,mkt_n2,mkt_n2_p006_o0132,1,동사,w_ed59200465195b5f,N2,verified,
w_262bab2f3dc47299,N2,N2,採用,さいよう,,채용,채용,noun,word,1,mkt_n2,mkt_n2_p014_o0366,1,명사,w_262bab2f3dc47299,N2,verified,
w_6257d89430551d56,N2,N2,探す,さがす,,찾다,찾다,verb,word,1,mkt_n2,mkt_n2_p004_o0088,1,동사,w_6257d89430551d56,N2,verified,
w_babcfcaa13475a3f,N2,N2,揃う,そろう,,갖추어지다,갖추어지다,verb,word,1,mkt_n2,mkt_n2_p005_o0117,1,동사,w_babcfcaa13475a3f,N2,verified,
w_49dee8a74ca668a6,N2,N2,支える,ささえる,,"지탱하다,떠받치다","지탱하다,떠받치다",verb,word,1,mkt_n2,mkt_n2_p004_o0093,1,동사,w_49dee8a74ca668a6,N2,verified,
w_be17d1246f7736e9,N2,N2;N1,改めて,あらためて,,"다시,재차","다시,새삼스럽게;다시,재차",adverb,word,1,mkt_n1;mkt_n2,mkt_n1_p019_o0479;mkt_n2_p017_o0459,2,부사,w_be17d1246f7736e9,N2,verified,
w_30ea9773a98bcf49,N2,N2,救う,すくう,,"구하다,구조하다","구하다,구조하다",verb,word,1,mkt_n2,mkt_n2_p005_o0104,1,동사,w_30ea9773a98bcf49,N2,verified,
w_de7085245f655d20,N2,N2,散らす,ちらす,,"어지르다,흩뜨리다","어지르다,흩뜨리다",verb,word,1,mkt_n2,mkt_n2_p006_o0129,1,동사,w_de7085245f655d20,N2,verified,
w_d773d232abeabf52,N2,N2,整える,ととのえる,,정돈하다,정돈하다,verb,word,1,mkt_n2,mkt_n2_p006_o0151,1,동사,w_d773d232abeabf52,N2,verified,
w_a844546befebc416,N2,N2,新ただ,あらただ,,새롭다,새롭다,na_adjective,word,1,mkt_n2,mkt_n2_p011_o0284,1,な형용사,w_a844546befebc416,N2,verified,
w_b72207d33f55c934,N2,N2,早速,さっそく,,"즉시,조속히","즉시,조속히",adverb,word,1,mkt_n2,mkt_n2_p018_o0474,1,부사,w_b72207d33f55c934,N2,verified,
w_7d3d19122f39f85d,N2,N2,明らかだ,あきらかだ,,"명백하다,뚜렷하다","명백하다,뚜렷하다",na_adjective,word,1,mkt_n2,mkt_n2_p011_o0283,1,な형용사,w_7d3d19122f39f85d,N2,verified,
w_15a6650a2cae6bde,N2,N2,映す,うつす,,비추다,비추다,verb,word,1,mkt_n2,mkt_n2_p002_o0028,1,동사,w_15a6650a2cae6bde,N2,verified,
w_1fd4c250a90b93a7,N2,N2,普遍的,ふへんてき,,보편적,보편적,noun,word,1,mkt_n2,mkt_n2_p016_o0427,1,명사,w_1fd4c250a90b93a7,N2,verified,
w_27f19920da2c6c70,N2,N2,暴れる,あばれる,,"난폭하게굴다,날뛰다","난폭하게굴다,날뛰다",verb,word,1,mkt_n2,mkt_n2_p002_o0009,1,동사,w_27f19920da2c6c70,N2,verified,
w_b8fbaded141b29eb,N2,N2,曖昧だ,あいまいだ,,애매하다,애매하다,na_adjective,word,1,mkt_n2,mkt_n2_p011_o0282,1,な형용사,w_b8fbaded141b29eb,N2,verified,
w_83de4c2c646b19a2,N2,N2,最も,もっとも,,가장,가장,adverb,word,1,mkt_n2,mkt_n2_p019_o0500,1,부사,w_83de4c2c646b19a2,N2,verified,
w_dba478dc4a817522,N2,N2,有効,ゆうこう,,유효,유효,noun,word,1,mkt_n2,mkt_n2_p017_o0445,1,명사,w_dba478dc4a817522,N2,verified,
w_b30f2ba2d537c3c3,N2,N2;N1,望ましい,のぞましい,,바람직하다,바람직하다,i_adjective,word,1,mkt_n1;mkt_n2;pass_n1,mkt_n1_p007_o0139;mkt_n2_p010_o0271;pass_n1_p028_o0860,3,い형용사;용법,w_b30f2ba2d537c3c3,N2,verified,"pass_n1 용법 구역: 원본 보존, 앱 단어 목록 제외"
w_98ddf2f7faafdcf9,N2,N2,本物,ほんもの,,"진짜,실물,전문가","진짜,실물,전문가",noun,word,1,mkt_n2,mkt_n2_p016_o0438,1,명사,w_98ddf2f7faafdcf9,N2,verified,
w_89fc48e334ad51b6,N2,N2,本質,ほんしつ,,본질,본질,noun,word,1,mkt_n2,mkt_n2_p016_o0437,1,명사,w_89fc48e334ad51b6,N2,verified,
w_bdef0744a164ce01,N2,N2,果たして,はたして,,과연,과연,adverb,word,1,mkt_n2,mkt_n2_p019_o0496,1,부사,w_bdef0744a164ce01,N2,verified,
w_730e1fe919e7f52c,N2,N2,果たす,はたす,,"완수하다,다하다","완수하다,다하다",verb,word,1,mkt_n2,mkt_n2_p007_o0177,1,동사,w_730e1fe919e7f52c,N2,verified,
w_0e77500820c5c9b9,N2,N2,染める,そめる,,물들이다,물들이다,verb,word,1,mkt_n2,mkt_n2_p005_o0116,1,동사,w_0e77500820c5c9b9,N2,verified,
w_9a69e415985ac07b,N2,N2,柔らかい,やわらかい,,부드럽다,부드럽다,i_adjective,word,1,mkt_n2,mkt_n2_p011_o0279,1,い형용사,w_9a69e415985ac07b,N2,verified,
w_39a7c4844064243e,N2,N2,案外,あんがい,,의외로,의외로,adverb,word,1,mkt_n2,mkt_n2_p017_o0460,1,부사,w_39a7c4844064243e,N2,verified,
w_ef34615da3e743ca,N2,N2,楽天的,らくてんてき,,낙천적,낙천적,noun,word,1,mkt_n2,mkt_n2_p017_o0452,1,명사,w_ef34615da3e743ca,N2,verified,
w_39dd02a5b61887c0,N2,N2,様々,さまざま,,여러가지,여러가지,adverb,word,1,mkt_n2,mkt_n2_p018_o0475,1,부사,w_39dd02a5b61887c0,N2,verified,
w_3bf53e46fb1dfaeb,N2,N2,様子,ようす,,"모습,모양","모습,모양",noun,word,1,mkt_n2,mkt_n2_p017_o0449,1,명사,w_3bf53e46fb1dfaeb,N2,verified,
w_37a5f1d1a6f9e9e5,N2,N2,模型,もけい,,모형,모형,noun,word,1,mkt_n2,mkt_n2_p017_o0442,1,명사,w_37a5f1d1a6f9e9e5,N2,verified,
w_b2723461f6cf6b0c,N2,N2,模範,もはん,,모범,모범,noun,word,1,mkt_n2,mkt_n2_p017_o0443,1,명사,w_b2723461f6cf6b0c,N2,verified,
w_d541f62a162d668a,N2,N2,欠く,かく,,"부족하다,없다","부족하다,없다",verb,word,1,mkt_n2,mkt_n2_p003_o0056,1,동사,w_d541f62a162d668a,N2,verified,
w_d121a45dc3f1d4ef,N2,N2,歴史,れきし,,역사,역사,noun,word,1,mkt_n2,mkt_n2_p017_o0455,1,명사,w_d121a45dc3f1d4ef,N2,verified,
w_909e868e3f108baa,N2,N2,残念だ,ざんねんだ,,유감이다,유감이다,na_adjective,word,1,mkt_n2,mkt_n2_p012_o0301,1,な형용사,w_909e868e3f108baa,N2,verified,
w_b0aa7ab8e4300e43,N2,N2,気楽だ,きらくだ,,마음편하다,마음편하다,na_adjective,word,1,mkt_n2,mkt_n2_p012_o0297,1,な형용사,w_b0aa7ab8e4300e43,N2,verified,
w_8e089538a74f503e,N2,N2,求める,もとめる,,구하다(요구),구하다(요구),verb,word,1,mkt_n2,mkt_n2_p008_o0221,1,동사,w_8e089538a74f503e,N2,verified,
w_57e7566f95a2f1e7,N2,N2,注ぐ,そそぐ,,"붓다,따르다","붓다,따르다",verb,word,1,mkt_n2,mkt_n2_p005_o0114,1,동사,w_57e7566f95a2f1e7,N2,verified,
w_80d1fde9c12ec7bb,N2,N2,活発,かっぱつ,,활발,활발,noun,word,1,mkt_n2,mkt_n2_p014_o0352,1,명사,w_80d1fde9c12ec7bb,N2,verified,
w_17597d91e17b7a0f,N2,N2;N1,活躍,かつやく,,활약,활약,noun,word,1,mkt_n1;mkt_n2,mkt_n1_p011_o0238;mkt_n2_p014_o0353,2,명사,w_17597d91e17b7a0f,N2,verified,
w_44f082f8c19f40e4,N2,N2,深める,ふかめる,,깊게하다,깊게하다,verb,word,1,mkt_n2,mkt_n2_p007_o0185,1,동사,w_44f082f8c19f40e4,N2,verified,
w_19b5d2b2dd1e8ed7,N2,N2,深刻だ,しんこくだ,,심각하다,심각하다,na_adjective,word,1,mkt_n2,mkt_n2_p012_o0305,1,な형용사,w_19b5d2b2dd1e8ed7,N2,verified,
w_b928cdb03bdf7afb,N2,N2,添える,そえる,,"첨부하다,덧붙이다","첨부하다,덧붙이다",verb,word,1,mkt_n2,mkt_n2_p005_o0112,1,동사,w_b928cdb03bdf7afb,N2,verified,
w_bbdc96d19c84ef9b,N2,N2,済む,すむ,,끝나다(해결),끝나다(해결),verb,word,1,mkt_n2,mkt_n2_p005_o0108,1,동사,w_bbdc96d19c84ef9b,N2,verified,
w_5e33ed6531ff94b6,N2,N2,渡る,わたる,,건너다,건너다,verb,word,1,mkt_n2,mkt_n2_p009_o0237,1,동사,w_5e33ed6531ff94b6,N2,verified,
w_120cb6c6fb33fab4,N2,N2,温い,ぬるい,,미지근하다,미지근하다,i_adjective,word,1,mkt_n2,mkt_n2_p010_o0270,1,い형용사,w_120cb6c6fb33fab4,N2,verified,
w_93a96281b83e6194,N2,N2,温もり,ぬくもり,,"온기,따스함,체온","온기,따스함,체온",noun,word,1,mkt_n2,mkt_n2_p015_o0397,1,명사,w_93a96281b83e6194,N2,verified,
w_70e626b72c49a528,N2,N2,温暖,おんだん,,온난,온난,noun,word,1,mkt_n2,mkt_n2_p013_o0346,1,명사,w_70e626b72c49a528,N2,verified,
w_f87709f6a85bf0b8,N2,N2,湧く,わく,,끓다,끓다,verb,word,1,mkt_n2,mkt_n2_p009_o0236,1,동사,w_f87709f6a85bf0b8,N2,verified,
w_612c56c89cfd6492,N2,N2,湿る,しめる,,"축축해지다,습기차다","축축해지다,습기차다",verb,word,1,mkt_n2,mkt_n2_p005_o0102,1,동사,w_612c56c89cfd6492,N2,verified,
w_5cd6e180767c9102,N2,N2,満たす,みたす,,"채우다,충족시키다","채우다,충족시키다",verb,word,1,mkt_n2,mkt_n2_p008_o0208,1,동사,w_5cd6e180767c9102,N2,verified,
w_e96cd2c8c01e51c7,N2,N2,溢れる,あふれる,,"넘쳐나다,흔하다","넘쳐나다,흔하다",verb,word,1,mkt_n2,mkt_n2_p002_o0010,1,동사,w_e96cd2c8c01e51c7,N2,verified,
w_fa2ff8beaa0a7102,N2,N2,溶かす,とかす,,녹이다,녹이다,verb,word,1,mkt_n2,mkt_n2_p006_o0149,1,동사,w_fa2ff8beaa0a7102,N2,verified,
w_92ab6aa6e6c13b18,N2,N2,漏れる,もれる,,새다(누수),새다(누수),verb,word,1,mkt_n2,mkt_n2_p009_o0224,1,동사,w_92ab6aa6e6c13b18,N2,verified,
w_a9cf95cd2784ee08,N2,N2,潜る,もぐる,,잠수하다,잠수하다,verb,word,1,mkt_n2,mkt_n2_p008_o0218,1,동사,w_a9cf95cd2784ee08,N2,verified,
w_3a5c6613dc9a1ad9,N2,N2,潰れる,つぶれる,,"찌부러지다,망하다","찌부러지다,망하다",verb,word,1,mkt_n2,mkt_n2_p006_o0137,1,동사,w_3a5c6613dc9a1ad9,N2,verified,
w_6938639d4b376bd1,N2,N2,激しい,はげしい,,"격하다,심하다","격하다,심하다",i_adjective,word,1,mkt_n2,mkt_n2_p010_o0272,1,い형용사,w_6938639d4b376bd1,N2,verified,
w_bd727591cdd86a06,N2,N2,無駄だ,むだだ,,"쓸데없다,허비하다","쓸데없다,허비하다",na_adjective,word,1,mkt_n2,mkt_n2_p013_o0333,1,な형용사,w_bd727591cdd86a06,N2,verified,
w_e4f3c3a8106b0228,N2,N2,焦る,あせる,,초조해하다,초조해하다,verb,word,1,mkt_n2,mkt_n2_p002_o0004,1,동사,w_e4f3c3a8106b0228,N2,verified,
w_cf908647a551a051,N2,N2,物足りない,ものたりない,,부족하다,부족하다,i_adjective,word,1,mkt_n2,mkt_n2_p011_o0278,1,い형용사,w_cf908647a551a051,N2,verified,
w_1c687c8fbeb668eb,N2,N2,物騒だ,ぶっそうだ,,"어수선하다,뒤숭숭하다","어수선하다,뒤숭숭하다",na_adjective,word,1,mkt_n2,mkt_n2_p013_o0327,1,な형용사,w_1c687c8fbeb668eb,N2,verified,
w_a66214496db3bf6b,N2,N2,特定,とくてい,,특정,특정,noun,word,1,mkt_n2,mkt_n2_p015_o0392,1,명사,w_a66214496db3bf6b,N2,verified,
w_e54504d1c270728e,N2,N2,犯す,おかす,,"(죄를)범하다,(법을)어기다","(죄를)범하다,(법을)어기다",verb,word,1,mkt_n2,mkt_n2_p003_o0039,1,동사,w_e54504d1c270728e,N2,verified,
w_a175072b907bcd51,N2,N2,状況,じょうきょう,,상황,상황,noun,word,1,mkt_n2,mkt_n2_p014_o0372,1,명사,w_a175072b907bcd51,N2,verified,
w_1e3238f741e99a6a,N2,N2,狭める,せばめる,,좁히다,좁히다,verb,word,1,mkt_n2,mkt_n2_p005_o0109,1,동사,w_1e3238f741e99a6a,N2,verified,
w_6ee8504b8ab97680,N2,N2,率直だ,そっちょくだ,,솔직하다,솔직하다,na_adjective,word,1,mkt_n2,mkt_n2_p012_o0309,1,な형용사,w_6ee8504b8ab97680,N2,verified,
w_00ff5e63c43c2b0a,N2,N2,現状,げんじょう,,현상,현상,noun,word,1,mkt_n2,mkt_n2_p014_o0362,1,명사,w_00ff5e63c43c2b0a,N2,verified,
w_02e655f20b696e34,N2,N2,甘やかす,あまやかす,,응석부리게하다,응석부리게하다,verb,word,1,mkt_n2,mkt_n2_p002_o0011,1,동사,w_02e655f20b696e34,N2,verified,
w_e0b6dbb66ee1c2f4,N2,N2,生かす,いかす,,"살리다,발휘하다,활용하다","살리다,발휘하다,활용하다",verb,word,1,mkt_n2,mkt_n2_p002_o0016,1,동사,w_e0b6dbb66ee1c2f4,N2,verified,
w_ac2d5b64509678ba,N2,N2;N1,生き生き,いきいき,,"생생한모양,활기찬모양","생기가넘치는모양;생생한모양,활기찬모양",adverb,word,1,mkt_n1;mkt_n2,mkt_n1_p019_o0481;mkt_n2_p017_o0461,2,부사,w_ac2d5b64509678ba,N2,verified,
w_345f5e4ff527fb67,N2,N2,用いる,もちいる,,"쓰다,이용하다","쓰다,이용하다",verb,word,1,mkt_n2,mkt_n2_p008_o0219,1,동사,w_345f5e4ff527fb67,N2,verified,
w_c206a8fc4ff2a0e5,N2,N2,申し上げる,もうしあげる,,말씀드리다('言う'의 겸양),말씀드리다('言う'의 겸양),verb,word,1,mkt_n2,mkt_n2_p008_o0216,1,동사,w_c206a8fc4ff2a0e5,N2,verified,
w_272e0931b59a9581,N2,N2,申し訳ない,もうしわけない,,죄송하다,죄송하다,i_adjective,word,1,mkt_n2,mkt_n2_p011_o0277,1,い형용사,w_272e0931b59a9581,N2,verified,
w_00318a2bf1c95fa1,N2,N2,略す,りゃくす,,"생략하다,줄이다","생략하다,줄이다",verb,word,1,mkt_n2,mkt_n2_p009_o0235,1,동사,w_00318a2bf1c95fa1,N2,verified,
w_529ba4dec73ad5b3,N2,N2,異なる,ことなる,,"상이하다,다르다","상이하다,다르다",verb,word,1,mkt_n2,mkt_n2_p004_o0085,1,동사,w_529ba4dec73ad5b3,N2,verified,
w_261d08aef7008630,N2,N2,痛ましい,いたましい,,"가엽다,애처롭다","가엽다,애처롭다",i_adjective,word,1,mkt_n2,mkt_n2_p009_o0242,1,い형용사,w_261d08aef7008630,N2,verified,
w_797104945839447b,N2,N2,発売,はつばい,,발매,발매,noun,word,1,mkt_n2,mkt_n2_p016_o0410,1,명사,w_797104945839447b,N2,verified,
w_612e5e02dfcd055e,N2,N2,発揮,はっき,,발휘,발휘,noun,word,1,mkt_n2,mkt_n2_p016_o0407,1,명사,w_612e5e02dfcd055e,N2,verified,
w_84b185d190b086ff,N2,N2,発行,はっこう,,발행,발행,noun,word,1,mkt_n2,mkt_n2_p016_o0408,1,명사,w_84b185d190b086ff,N2,verified,
w_a6ac744584fd12de,N2,N2,発送,はっそう,,발송,발송,noun,word,1,mkt_n2,mkt_n2_p016_o0409,1,명사,w_a6ac744584fd12de,N2,verified,
w_a4466cfa3021997b,N2,N2,盛り上がる,もりあがる,,"(분위기가)고조되다,솟아오르다","(분위기가)고조되다,솟아오르다",verb,word,1,mkt_n2,mkt_n2_p008_o0223,1,동사,w_a4466cfa3021997b,N2,verified,
w_b5163718fa24fb88,N2,N2,目指す,めざす,,"지향하다,목표하다","지향하다,목표하다",verb,word,1,mkt_n2,mkt_n2_p008_o0215,1,동사,w_b5163718fa24fb88,N2,verified,
w_90b4dd79bc0d9463,N2,N2,直ちに,ただちに,,금새,금새,adverb,word,1,mkt_n2,mkt_n2_p018_o0489,1,부사,w_90b4dd79bc0d9463,N2,verified,
w_67f55f83e57c90e7,N2,N2,直に,じかに,,직접,직접,adverb,word,1,mkt_n2,mkt_n2_p018_o0477,1,부사,w_67f55f83e57c90e7,N2,verified,
w_dc4283928eb4dbae,N2,N2,相当,そうとう,,상당히,상당히,adverb,word,1,mkt_n2,mkt_n2_p018_o0484,1,부사,w_dc4283928eb4dbae,N2,verified,
w_d912c948c6516c29,N2,N2,相次いで,あいついで,,잇따라,잇따라,adverb,word,1,mkt_n2,mkt_n2_p017_o0458,1,부사,w_d912c948c6516c29,N2,verified,
w_bced5624ed349002,N2,N2,省く,はぶく,,생략하다,생략하다,verb,word,1,mkt_n2,mkt_n2_p007_o0179,1,동사,w_bced5624ed349002,N2,verified,
w_c13f2d70a64be03d,N2,N2,眩しい,まぶしい,,눈부시다,눈부시다,i_adjective,word,1,mkt_n2,mkt_n2_p011_o0274,1,い형용사,w_c13f2d70a64be03d,N2,verified,
w_20b347bf766c1720,N2,N2,眺める,ながめる,,"바라보다,조망하다","바라보다,조망하다",verb,word,1,mkt_n2,mkt_n2_p006_o0158,1,동사,w_20b347bf766c1720,N2,verified,
w_957e9ad1cc2a5cc6,N2,N2,着々,ちゃくちゃく,,착착,착착,adverb,word,1,mkt_n2,mkt_n2_p018_o0491,1,부사,w_957e9ad1cc2a5cc6,N2,verified,
w_29dc4b778c6e2c6e,N2,N2,破壊,はかい,,파괴,파괴,noun,word,1,mkt_n2,mkt_n2_p015_o0405,1,명사,w_29dc4b778c6e2c6e,N2,verified,
w_938608c46fd00ac2,N2,N2,確かだ,たしかだ,,확실하다,확실하다,na_adjective,word,1,mkt_n2,mkt_n2_p012_o0314,1,な형용사,w_938608c46fd00ac2,N2,verified,
w_42ee94816d70a67e,N2,N2,磨く,みがく,,"닦다,연마하다","닦다,연마하다",verb,word,1,mkt_n2,mkt_n2_p008_o0207,1,동사,w_42ee94816d70a67e,N2,verified,
w_9a7bd84de13f4737,N2,N2,祈る,いのる,,"빌다,기원하다","빌다,기원하다",verb,word,1,mkt_n2,mkt_n2_p002_o0020,1,동사,w_9a7bd84de13f4737,N2,verified,
w_05fd1eca6f1886bd,N2,N2,祝う,いわう,,축하하다,축하하다,verb,word,1,mkt_n2,mkt_n2_p002_o0021,1,동사,w_05fd1eca6f1886bd,N2,verified,
w_f56c86b44e881521,N2,N2;N1,稼ぐ,かせぐ,,"(돈,시간,점수를)벌다","돈벌이하다,(시간을)벌다;(돈,시간,점수를)벌다",verb,word,1,mkt_n1;mkt_n2,mkt_n1_p003_o0032;mkt_n2_p003_o0060,2,동사,w_f56c86b44e881521,N2,verified,
w_dc6a45628d836fe4,N2,N2,積み重ねる,つみかさねる,,"겹겹이쌓다,쌓아올리다","겹겹이쌓다,쌓아올리다",verb,word,1,mkt_n2,mkt_n2_p006_o0139,1,동사,w_dc6a45628d836fe4,N2,verified,
w_3e446bd71ab34947,N2,N2,積む,つむ,,쌓다,쌓다,verb,word,1,mkt_n2,mkt_n2_p006_o0140,1,동사,w_3e446bd71ab34947,N2,verified,
w_9069da5ba5d0cf3e,N2,N2,穏やかだ,おだやかだ,,온화하다,온화하다,na_adjective,word,1,mkt_n2,mkt_n2_p011_o0288,1,な형용사,w_9069da5ba5d0cf3e,N2,verified,
w_1540edca1bf83ecb,N2,N2,競う,きそう,,경쟁하다,경쟁하다,verb,word,1,mkt_n2,mkt_n2_p004_o0071,1,동사,w_1540edca1bf83ecb,N2,verified,
w_d0d08fecb6df3242,N2,N2,筆者,ひっしゃ,,필자,필자,noun,word,1,mkt_n2,mkt_n2_p016_o0419,1,명사,w_d0d08fecb6df3242,N2,verified,
w_ec8f295b1a37cc7c,N2,N2,範囲,はんい,,범위,범위,noun,word,1,mkt_n2,mkt_n2_p016_o0412,1,명사,w_ec8f295b1a37cc7c,N2,verified,
w_df44e7a299cf0dc4,N2,N2,簡潔だ,かんけつだ,,간결하다,간결하다,na_adjective,word,1,mkt_n2,mkt_n2_p011_o0291,1,な형용사,w_df44e7a299cf0dc4,N2,verified,
w_01e82a3b4d12f965,N2,N2,簡略,かんりゃく,,간략,간략,noun,word,1,mkt_n2,mkt_n2_p014_o0355,1,명사,w_01e82a3b4d12f965,N2,verified,
w_4ab83868ea322f8a,N2,N2,簡略だ,かんりゃくだ,,간략하다,간략하다,na_adjective,word,1,mkt_n2,mkt_n2_p011_o0293,1,な형용사,w_4ab83868ea322f8a,N2,verified,
w_d726939774ab6189,N2,N2,粗末だ,そまつだ,,허술하다,허술하다,na_adjective,word,1,mkt_n2,mkt_n2_p012_o0310,1,な형용사,w_d726939774ab6189,N2,verified,
w_7aaa0608e48b7324,N2,N2,納める,おさめる,,납입하다,납입하다,verb,word,1,mkt_n2,mkt_n2_p003_o0044,1,동사,w_7aaa0608e48b7324,N2,verified,
w_9c08a614ebb31c33,N2,N2,納得する,なっとくする,,납득하다,납득하다,verb,word,1,mkt_n2,mkt_n2_p007_o0160,1,동사,w_9c08a614ebb31c33,N2,verified,
w_f34b615f0ac07e07,N2,N2,素直だ,すなおだ,,"고분고분하다,순하다,솔직하다","고분고분하다,순하다,솔직하다",na_adjective,word,1,mkt_n2,mkt_n2_p012_o0307,1,な형용사,w_f34b615f0ac07e07,N2,verified,
w_639c06072aff12f4,N2,N2,絶えず,たえず,,끊임없이,끊임없이,adverb,word,1,mkt_n2,mkt_n2_p018_o0487,1,부사,w_639c06072aff12f4,N2,verified,
w_3ab16e565cd75205,N2,N2,絶対に,ぜったいに,,절대로,절대로,adverb,word,1,mkt_n2,mkt_n2_p018_o0483,1,부사,w_3ab16e565cd75205,N2,verified,
w_fe5026000bdbdfdf,N2,N2,続々,ぞくぞく,,"속속,계속해서","속속,계속해서",adverb,word,1,mkt_n2,mkt_n2_p018_o0485,1,부사,w_fe5026000bdbdfdf,N2,verified,
w_e4d92983c0567b12,N2,N2,続く,つづく,,계속되다,계속되다,verb,word,1,mkt_n2,mkt_n2_p006_o0134,1,동사,w_e4d92983c0567b12,N2,verified,
w_07d6a6a90e27f147,N2,N2,維持する,いじする,,유지하다,유지하다,verb,word,1,mkt_n2,mkt_n2_p002_o0017,1,동사,w_07d6a6a90e27f147,N2,verified,
w_c088e0d26a51102e,N2,N2,緩む,ゆるむ,,느슨해지다,느슨해지다,verb,word,1,mkt_n2,mkt_n2_p009_o0230,1,동사,w_c088e0d26a51102e,N2,verified,
w_8be340d88d6ef67c,N2,N2,縮む,ちぢむ,,"줄어들다,쪼글쪼글해지다","줄어들다,쪼글쪼글해지다",verb,word,1,mkt_n2,mkt_n2_p005_o0128,1,동사,w_8be340d88d6ef67c,N2,verified,
w_26ac0b49fb4caf53,N2,N2,繋がる,つながる,,"연결되다,이어지다","연결되다,이어지다",verb,word,1,mkt_n2,mkt_n2_p006_o0136,1,동사,w_26ac0b49fb4caf53,N2,verified,
w_b5be233796f7dd76,N2,N2,纏める,まとめる,,정리하다,정리하다,verb,word,1,mkt_n2,mkt_n2_p008_o0202,1,동사,w_b5be233796f7dd76,N2,verified,
w_65973e3dcc47994c,N2,N2,耐える,たえる,,"참다,인내하다","참다,인내하다",verb,word,1,mkt_n2,mkt_n2_p005_o0118,1,동사,w_65973e3dcc47994c,N2,verified,
w_e8b92dff533c31b0,N2,N2,肌,はだ,,피부,피부,noun,word,1,mkt_n2,mkt_n2_p016_o0406,1,명사,w_e8b92dff533c31b0,N2,verified,
w_e06b11a0ce81c89c,N2,N2,能率,のうりつ,,능률,능률,noun,word,1,mkt_n2,mkt_n2_p015_o0400,1,명사,w_e06b11a0ce81c89c,N2,verified,
w_147eb0a93b379aea,N2,N2,膨らむ,ふくらむ,,"(꿈,계획등이)부풀다","(꿈,계획등이)부풀다",verb,word,1,mkt_n2,mkt_n2_p007_o0187,1,동사,w_147eb0a93b379aea,N2,verified,
w_31c31163c42d4ddf,N2,N2,至る,いたる,,이르다,이르다,verb,word,1,mkt_n2,mkt_n2_p002_o0018,1,동사,w_31c31163c42d4ddf,N2,verified,
w_b846d60ec7ea8a3a,N2,N2,若々しい,わかわかしい,,"아주젊다,생기발랄하다","아주젊다,생기발랄하다",i_adjective,word,1,mkt_n2,mkt_n2_p011_o0281,1,い형용사,w_b846d60ec7ea8a3a,N2,verified,
w_ffbffe59a26904d3,N2,N2,荒い,あらい,,거칠다,거칠다,i_adjective,word,1,mkt_n2,mkt_n2_p009_o0241,1,い형용사,w_ffbffe59a26904d3,N2,verified,
w_d30bc4c7e83a58dc,N2,N2,荒れる,あれる,,거칠어지다,거칠어지다,verb,word,1,mkt_n2,mkt_n2_p002_o0014,1,동사,w_d30bc4c7e83a58dc,N2,verified,
w_2e9a5e2228dedf84,N2,N2,薄れる,うすれる,,"엷어지다,약해지다","엷어지다,약해지다",verb,word,1,mkt_n2,mkt_n2_p002_o0025,1,동사,w_2e9a5e2228dedf84,N2,verified,
w_3758fb41bc01f78c,N2,N2;N1,薄暗い,うすぐらい,,어슴푸레하다,"어둑어둑하다,침침하다;어슴푸레하다",i_adjective,word,1,mkt_n1;mkt_n2,mkt_n1_p006_o0128;mkt_n2_p009_o0243,2,い형용사,w_3758fb41bc01f78c,N2,verified,
w_09240cecff085cb3,N2,N2,裏切る,うらぎる,,배반하다,배반하다,verb,word,1,mkt_n2,mkt_n2_p002_o0032,1,동사,w_09240cecff085cb3,N2,verified,
w_beef4b14776911bd,N2,N2,補う,おぎなう,,"보충하다,메우다","보충하다,메우다",verb,word,1,mkt_n2,mkt_n2_p003_o0040,1,동사,w_beef4b14776911bd,N2,verified,
w_0837331ccfed6bde,N2,N2,製造,せいぞう,,제조,제조,noun,word,1,mkt_n2,mkt_n2_p015_o0380,1,명사,w_0837331ccfed6bde,N2,verified,
w_25da2a508436d3c3,N2,N2,要求,ようきゅう,,요구,요구,noun,word,1,mkt_n2,mkt_n2_p017_o0448,1,명사,w_25da2a508436d3c3,N2,verified,
w_96ac1c3a58268d7a,N2,N2,覆う,おおう,,"덮다,씌우다,가리다","덮다,씌우다,가리다",verb,word,1,mkt_n2,mkt_n2_p003_o0038,1,동사,w_96ac1c3a58268d7a,N2,verified,
w_2c3933bd8ef5180a,N2,N2,見い出す,みいだす,,"찾아내다,발견하다","찾아내다,발견하다",verb,word,1,mkt_n2,mkt_n2_p008_o0206,1,동사,w_2c3933bd8ef5180a,N2,verified,
w_fbd95950b1b3f213,N2,N2,見た目,みため,,겉모습,겉모습,noun,word,1,mkt_n2,mkt_n2_p017_o0439,1,명사,w_fbd95950b1b3f213,N2,verified,
w_621f8b3878cefe4d,N2,N2,見事だ,みごとだ,,훌륭하다,훌륭하다,na_adjective,word,1,mkt_n2,mkt_n2_p013_o0331,1,な형용사,w_621f8b3878cefe4d,N2,verified,
w_4f0f06803a5dbcc5,N2,N2,見分ける,みわける,,"분간하다,분별하다","분간하다,분별하다",verb,word,1,mkt_n2,mkt_n2_p008_o0212,1,동사,w_4f0f06803a5dbcc5,N2,verified,
w_8452ac29c02b0af6,N2,N2,見慣れる,みなれる,,눈에익숙하다,눈에익숙하다,verb,word,1,mkt_n2,mkt_n2_p008_o0211,1,동사,w_8452ac29c02b0af6,N2,verified,
w_4112a580f69fdbb0,N2,N2,見直す,みなおす,,"다시보다,재검토하다","다시보다,재검토하다",verb,word,1,mkt_n2,mkt_n2_p008_o0210,1,동사,w_4112a580f69fdbb0,N2,verified,
w_ecd5f878a2b12ffd,N2,N2,規格,きかく,,규격,규격,noun,word,1,mkt_n2,mkt_n2_p014_o0356,1,명사,w_ecd5f878a2b12ffd,N2,verified,
w_70ff370b9207cebb,N2,N2,観察する,かんさつする,,관찰하다,관찰하다,verb,word,1,mkt_n2,mkt_n2_p004_o0068,1,동사,w_70ff370b9207cebb,N2,verified,
w_8abfd2bb2953f1cf,N2,N2,解消,かいしょう,,해소,해소,noun,word,1,mkt_n2,mkt_n2_p014_o0348,1,명사,w_8abfd2bb2953f1cf,N2,verified,
w_c93e865c92b464d4,N2,N2,訪れる,おとずれる,,방문하다,방문하다,verb,word,1,mkt_n2,mkt_n2_p003_o0049,1,동사,w_c93e865c92b464d4,N2,verified,
w_8f19ba38df4b053a,N2,N2,設置,せっち,,설치,설치,noun,word,1,mkt_n2,mkt_n2_p015_o0383,1,명사,w_8f19ba38df4b053a,N2,verified,
w_2acad57554d10e3f,N2,N2;N1,訴える,うったえる,,"고소하다,호고하다","호소하다;고소하다,호고하다",verb,word,1,mkt_n1;mkt_n2,mkt_n1_p002_o0014;mkt_n2_p002_o0029,2,동사,w_2acad57554d10e3f,N2,verified,
w_b4bc5e079a161822,N2,N2,診断,しんだん,,진단,진단,noun,word,1,mkt_n2,mkt_n2_p014_o0377,1,명사,w_b4bc5e079a161822,N2,verified,
w_601703d4df132335,N2,N2;N1,証拠,しょうこ,,증거,증거,noun,word,1,mkt_n1;mkt_n2;pass_n1,mkt_n1_p014_o0350;mkt_n2_p014_o0374;pass_n1_p017_o0452,3,명사;유의어,w_601703d4df132335,N2,verified,"pass_n1 유의어 구역: 원본 보존, 앱 단어 목록 제외"
w_f5f49994624389f6,N2,N2,評価,ひょうか,,평가,평가,noun,word,1,mkt_n2,mkt_n2_p016_o0422,1,명사,w_f5f49994624389f6,N2,verified,
w_e289ba18dc7964f5,N2,N2,試みる,こころみる,,시도해보다,시도해보다,verb,word,1,mkt_n2,mkt_n2_p004_o0084,1,동사,w_e289ba18dc7964f5,N2,verified,
w_25c295e6bfa0e5ae,N2,N2,詰まる,つまる,,"막히다,꽉차다","막히다,꽉차다",verb,word,1,mkt_n2,mkt_n2_p006_o0138,1,동사,w_25c295e6bfa0e5ae,N2,verified,
w_ba2d55654486780d,N2,N2,詰め込む,つめこむ,,채워넣다,채워넣다,verb,word,1,mkt_n2,mkt_n2_p006_o0141,1,동사,w_ba2d55654486780d,N2,verified,
w_fcad766eecf8a252,N2,N2,詳細,しょうさい,,상세,상세,noun,word,1,mkt_n2,mkt_n2_p014_o0375,1,명사,w_fcad766eecf8a252,N2,verified,
w_bdbfd5b05c365db7,N2,N2,誘う,さそう,,권유하다,권유하다,verb,word,1,mkt_n2,mkt_n2_p004_o0096,1,동사,w_bdbfd5b05c365db7,N2,verified,
w_983fa2cd09c41255,N2,N2,語る,かたる,,말하다,말하다,verb,word,1,mkt_n2,mkt_n2_p003_o0063,1,동사,w_983fa2cd09c41255,N2,verified,
w_23469cdf86f547d3,N2,N2,調節,ちょうせつ,,조절,조절,noun,word,1,mkt_n2,mkt_n2_p015_o0390,1,명사,w_23469cdf86f547d3,N2,verified,
w_1b3debc00a00242f,N2,N2,講義,こうぎ,,강의,강의,noun,word,1,mkt_n2,mkt_n2_p014_o0363,1,명사,w_1b3debc00a00242f,N2,verified,
w_8611333337cadd0b,N2,N2,議論,ぎろん,,논의,논의,noun,word,1,mkt_n2,mkt_n2_p014_o0359,1,명사,w_8611333337cadd0b,N2,verified,
w_5fc6f3395ad821a2,N2,N2;N1,譲る,ゆずる,,"양보하다,양도하다","양보하다,양도하다;(1)양보하다 (2)물려주다 (3)팔아 넘기다",verb,word,1,mkt_n2;pass_n1,mkt_n2_p009_o0227;pass_n1_p029_o0870,2,동사;용법,w_5fc6f3395ad821a2,N2,verified,"pass_n1 용법 구역: 원본 보존, 앱 단어 목록 제외"
w_102014e53e4e6fb1,N2,N2,豊かだ,ゆたかだ,,"풍족하다,풍부하다","풍족하다,풍부하다",na_adjective,word,1,mkt_n2,mkt_n2_p013_o0336,1,な형용사,w_102014e53e4e6fb1,N2,verified,
w_569abb1450e0ce46,N2,N2,豊富だ,ほうふだ,,풍부하다,풍부하다,na_adjective,word,1,mkt_n2,mkt_n2_p013_o0330,1,な형용사,w_569abb1450e0ce46,N2,verified,
w_148d401733ea465e,N2,N2,象徴,しょうちょう,,상징,상징,noun,word,1,mkt_n2,mkt_n2_p014_o0376,1,명사,w_148d401733ea465e,N2,verified,
w_9c04a3579a2ed108,N2,N2,負ける,まける,,지다,지다,verb,word,1,mkt_n2,mkt_n2_p008_o0200,1,동사,w_9c04a3579a2ed108,N2,verified,
w_838e72d7d75aa88f,N2,N2,負担,ふたん,,부담,부담,noun,word,1,mkt_n2,mkt_n2_p016_o0426,1,명사,w_838e72d7d75aa88f,N2,verified,
w_ebab9cbea8ee8c2a,N2,N2;N1,貢献する,こうけんする,,공헌하다,공헌하다,verb,word,1,mkt_n2;pass_n1,mkt_n2_p004_o0079;pass_n1_p007_o0119,2,동사;한자 읽기,w_ebab9cbea8ee8c2a,N2,verified,
w_556dc21e43748171,N2,N2,責任,せきにん,,책임,책임,noun,word,1,mkt_n2,mkt_n2_p015_o0382,1,명사,w_556dc21e43748171,N2,verified,
w_fff5cbed5362cf4a,N2,N2,貴重だ,きちょうだ,,귀중하다,귀중하다,na_adjective,word,1,mkt_n2,mkt_n2_p011_o0295,1,な형용사,w_fff5cbed5362cf4a,N2,verified,
w_43a17bcc35ccbf97,N2,N2,貸し出す,かしだす,,대출하다,대출하다,verb,word,1,mkt_n2,mkt_n2_p003_o0059,1,동사,w_43a17bcc35ccbf97,N2,verified,
w_5c2a64f1bb1fb091,N2,N2;N1,費やす,ついやす,,다소비하다,"사용하다,다소비하다;다소비하다;사용하다, 소비하다",verb,word,1,mkt_n1;mkt_n2;pass_n1,mkt_n1_p004_o0065;mkt_n2_p006_o0130;pass_n1_p004_o0030,3,동사;한자 읽기,w_5c2a64f1bb1fb091,N2,verified,
w_04d12eb5e702f09e,N2,N2,費用,ひよう,,비용,비용,noun,word,1,mkt_n2,mkt_n2_p016_o0421,1,명사,w_04d12eb5e702f09e,N2,verified,
w_119e27f14484f811,N2,N2,賑やかだ,にぎやかだ,,번화하다,번화하다,na_adjective,word,1,mkt_n2,mkt_n2_p012_o0322,1,な형용사,w_119e27f14484f811,N2,verified,
w_e6aa877ce355f72b,N2,N2,購入,こうにゅう,,구입,구입,noun,word,1,mkt_n2,mkt_n2_p014_o0364,1,명사,w_e6aa877ce355f72b,N2,verified,
w_0b14b532ad37813f,N2,N2,贈る,おくる,,선물하다,선물하다,verb,word,1,mkt_n2,mkt_n2_p003_o0041,1,동사,w_0b14b532ad37813f,N2,verified,
w_bd2507b9f1f1be15,N2,N2,超える,こえる,,넘다,넘다,verb,word,1,mkt_n2,mkt_n2_p004_o0080,1,동사,w_bd2507b9f1f1be15,N2,verified,
w_185d35831c7080a5,N2,N2,踏み出す,ふみだす,,"내딛다,착수하다","내딛다,착수하다",verb,word,1,mkt_n2,mkt_n2_p007_o0189,1,동사,w_185d35831c7080a5,N2,verified,
w_4e59acd18f33cb3c,N2,N2,踏む,ふむ,,밟다,밟다,verb,word,1,mkt_n2,mkt_n2_p007_o0190,1,동사,w_4e59acd18f33cb3c,N2,verified,
w_749c0a779d203409,N2,N2,転じる,てんじる,,<타동사>바꾸다,<타동사>바꾸다,verb,word,1,mkt_n2,mkt_n2_p006_o0146,1,동사,w_749c0a779d203409,N2,verified,
w_905560521db40adf,N2,N2,輸入する,ゆにゅうする,,수입하다,수입하다,verb,word,1,mkt_n2,mkt_n2_p009_o0228,1,동사,w_905560521db40adf,N2,verified,
w_93470228cf879755,N2,N2,辛い,つらい,,괴롭다,괴롭다,i_adjective,word,1,mkt_n2,mkt_n2_p010_o0263,1,い형용사,w_93470228cf879755,N2,verified,
w_947ef2a5102bf6a8,N2,N2,農産物,のうさんぶつ,,농산물,농산물,noun,word,1,mkt_n2,mkt_n2_p015_o0399,1,명사,w_947ef2a5102bf6a8,N2,verified,
w_f563105b26cfef26,N2,N2,近づく,ちかづく,,다가가다,다가가다,verb,word,1,mkt_n2,mkt_n2_p005_o0127,1,동사,w_f563105b26cfef26,N2,verified,
w_ce074da93c71d0ea,N2,N2;N1,迫る,せまる,,"육박하다,다가오다","<타동사>강요하다;육박하다,다가오다",verb,word,1,mkt_n1;mkt_n2,mkt_n1_p003_o0057;mkt_n2_p005_o0110,2,동사,w_ce074da93c71d0ea,N2,verified,
w_a9bca4889b2b33c1,N2,N2,述べる,のべる,,진술하다,진술하다,verb,word,1,mkt_n2,mkt_n2_p007_o0170,1,동사,w_a9bca4889b2b33c1,N2,verified,
w_35b37c5e42fc006d,N2,N2,迷惑だ,めいわくだ,,민폐이다,민폐이다,na_adjective,word,1,mkt_n2,mkt_n2_p013_o0334,1,な형용사,w_35b37c5e42fc006d,N2,verified,
w_68ee24050b7e44cf,N2,N2,追い込む,おいこむ,,몰아넣다,몰아넣다,verb,word,1,mkt_n2,mkt_n2_p003_o0035,1,동사,w_68ee24050b7e44cf,N2,verified,
w_28421d0ff2040985,N2,N2,逃す,のがす,,놓치다,놓치다,verb,word,1,mkt_n2,mkt_n2_p007_o0167,1,동사,w_28421d0ff2040985,N2,verified,
w_6a9fb9a643e41d9f,N2,N2;N1,逆らう,さからう,,거스르다,"거스르다,거역하다;거스르다",verb,word,1,mkt_n1;mkt_n2,mkt_n1_p003_o0044;mkt_n2_p004_o0089,2,동사,w_6a9fb9a643e41d9f,N2,verified,
w_6a8cbbaf0dac6a7b,N2,N2,通じる,つうじる,,"(언어,마음등이)통하다","(언어,마음등이)통하다",verb,word,1,mkt_n2,mkt_n2_p006_o0131,1,동사,w_6a8cbbaf0dac6a7b,N2,verified,
w_ca0283f59a673c34,N2,N2,連れる,つれる,,동반하다,동반하다,verb,word,1,mkt_n2,mkt_n2_p006_o0142,1,동사,w_ca0283f59a673c34,N2,verified,
w_5b3feb9f555300a6,N2,N2,遊園地,ゆうえんち,,유원지,유원지,noun,word,1,mkt_n2,mkt_n2_p017_o0444,1,명사,w_5b3feb9f555300a6,N2,verified,
w_5851f1d0598bc818,N2,N2,達する,たっする,,달하다,달하다,verb,word,1,mkt_n2,mkt_n2_p005_o0123,1,동사,w_5851f1d0598bc818,N2,verified,
w_245af5d7cb82359c,N2,N2,遠慮,えんりょ,,"사양,삼가","사양,삼가",noun,word,1,mkt_n2,mkt_n2_p013_o0345,1,명사,w_245af5d7cb82359c,N2,verified,
w_fe073d5a5810c4e1,N2,N2,適切だ,てきせつだ,,적절하다,적절하다,na_adjective,word,1,mkt_n2,mkt_n2_p012_o0318,1,な형용사,w_fe073d5a5810c4e1,N2,verified,
w_862fd53a302dc121,N2,N2,適応する,てきおうする,,적응하다,적응하다,verb,word,1,mkt_n2,mkt_n2_p006_o0144,1,동사,w_862fd53a302dc121,N2,verified,
w_f28b61c97c036a7c,N2,N2,遭遇する,そうぐうする,,"조우하다,우연히만나다","조우하다,우연히만나다",verb,word,1,mkt_n2,mkt_n2_p005_o0111,1,동사,w_f28b61c97c036a7c,N2,verified,
w_4aa05cc6aa3c399e,N2,N2,避ける,さける,,"피하다,꺼리다","피하다,꺼리다",verb,word,1,mkt_n2,mkt_n2_p004_o0091,1,동사,w_4aa05cc6aa3c399e,N2,verified,
w_ad96d75cf4c84a8d,N2,N2,配慮,はいりょ,,배려,배려,noun,word,1,mkt_n2,mkt_n2_p015_o0404,1,명사,w_ad96d75cf4c84a8d,N2,verified,
w_4c8e7351358bd483,N2,N2,配達,はいたつ,,배달,배달,noun,word,1,mkt_n2,mkt_n2_p015_o0402,1,명사,w_4c8e7351358bd483,N2,verified,
w_ae56013338fc1207,N2,N2,重苦しい,おもくるしい,,"답답하다,숨막히다","답답하다,숨막히다",i_adjective,word,1,mkt_n2,mkt_n2_p009_o0245,1,い형용사,w_ae56013338fc1207,N2,verified,
w_f59ad495de78acc3,N2,N2,鈍い,にぶい,,"둔하다,둔탁하다","둔하다,둔탁하다",i_adjective,word,1,mkt_n2,mkt_n2_p010_o0269,1,い형용사,w_f59ad495de78acc3,N2,verified,
w_df31d418cc0b41ae,N2,N2,鋭い,するどい,,예리하다,예리하다,i_adjective,word,1,mkt_n2,mkt_n2_p010_o0259,1,い형용사,w_df31d418cc0b41ae,N2,verified,
w_9ee9fedb296f1359,N2,N2,鍛える,きたえる,,단련하다,단련하다,verb,word,1,mkt_n2,mkt_n2_p004_o0072,1,동사,w_9ee9fedb296f1359,N2,verified,
w_7638f2a2a01eead4,N2,N2,長所,ちょうしょ,,장점,장점,noun,word,1,mkt_n2,mkt_n2_p015_o0389,1,명사,w_7638f2a2a01eead4,N2,verified,
w_791163fa079b4991,N2,N2,限る,かぎる,,한정하다,한정하다,verb,word,1,mkt_n2,mkt_n2_p003_o0055,1,동사,w_791163fa079b4991,N2,verified,
w_8b5eb77a7d8845c3,N2,N2,険しい,けわしい,,험하다,험하다,i_adjective,word,1,mkt_n2,mkt_n2_p010_o0255,1,い형용사,w_8b5eb77a7d8845c3,N2,verified,
w_c3999c5c14ebdf53,N2,N2;N1,隔てる,へだてる,,"사이를두다,칸을두다","멀리하다,사이에두다;사이를두다,칸을두다",verb,word,1,mkt_n1;mkt_n2,mkt_n1_p005_o0105;mkt_n2_p008_o0195,2,동사,w_c3999c5c14ebdf53,N2,verified,
w_8af2dcec89816cdb,N2,N2,離れる,はなれる,,"멀어지다,떨어지다","멀어지다,떨어지다",verb,word,1,mkt_n2,mkt_n2_p007_o0178,1,동사,w_8af2dcec89816cdb,N2,verified,
w_0ef1fde5b83dce55,N2,N2;N1,面倒だ,めんどうだ,,귀찮다,"귀찮다;귀찮다, 성가시다",na_adjective,word,1,mkt_n2;pass_n1,mkt_n2_p013_o0335;pass_n1_p015_o0400;pass_n1_p016_o0426,3,な형용사;유의어,w_0ef1fde5b83dce55,N2,verified,"pass_n1 유의어 구역: 원본 보존, 앱 단어 목록 제외"
w_881a9059caa55f11,N2,N2,預かる,あずかる,,맡다,맡다,verb,word,1,mkt_n2,mkt_n2_p002_o0003,1,동사,w_881a9059caa55f11,N2,verified,
w_3cec12d0a3adcf69,N2,N2,頑丈だ,がんじょうだ,,튼튼하다,튼튼하다,na_adjective,word,1,mkt_n2,mkt_n2_p011_o0292,1,な형용사,w_3cec12d0a3adcf69,N2,verified,
w_ee206212d9b2a50d,N2,N2,頼もしい,たのもしい,,든든하다,든든하다,i_adjective,word,1,mkt_n2,mkt_n2_p010_o0261,1,い형용사,w_ee206212d9b2a50d,N2,verified,
w_6e87ca2dff877ff4,N2,N2,飛躍的,ひやくてき,,비약적,비약적,noun,word,1,mkt_n2,mkt_n2_p016_o0420,1,명사,w_6e87ca2dff877ff4,N2,verified,
w_d987b1d8bd0c3c4e,N2,N2;N1,養う,やしなう,,"기르다,양육하다","기르다,부양하다;기르다,양육하다;기르다, 양육하다",verb,word,1,mkt_n1;mkt_n2;pass_n1,mkt_n1_p006_o0117;mkt_n2_p009_o0225;pass_n1_p029_o0894,3,동사;용법,w_d987b1d8bd0c3c4e,N2,verified,"pass_n1 용법 구역: 원본 보존, 앱 단어 목록 제외"
w_75780c2794106632,N2,N2;N1,騒々しい,そうぞうしい,,"시끄럽다,떠들썩하다","시끄럽다,소란스럽다;시끄럽다,떠들썩하다",i_adjective,word,1,mkt_n1;mkt_n2,mkt_n1_p007_o0135;mkt_n2_p010_o0260,2,い형용사,w_75780c2794106632,N2,verified,
w_1b007508cbdcf3b8,N2,N2,騒がしい,さわがしい,,"시끄럽다,떠들썩하다","시끄럽다,떠들썩하다",i_adjective,word,1,mkt_n2,mkt_n2_p010_o0258,1,い형용사,w_1b007508cbdcf3b8,N2,verified,
w_2079d9016d97d3a7,N2,N2,魅力,みりょく,,매력,매력,noun,word,1,mkt_n2,mkt_n2_p017_o0440,1,명사,w_2079d9016d97d3a7,N2,verified,
w_1ee9b85dab53107b,N2,N2,鳴る,なる,,울리다,울리다,verb,word,1,mkt_n2,mkt_n2_p007_o0162,1,동사,w_1ee9b85dab53107b,N2,verified,
w_43ee33fb295d1f1e,N1,N1,いとも,いとも,,"매우,아주","매우,아주",adverb,word,1,pass_n1,pass_n1_p011_o0284,1,문맥 규정,w_43ee33fb295d1f1e,N1,verified,
w_c530d263e6c6b918,N1,N1,うずうず,うずうず,,근질근질(좀이 쑤시는 모양),근질근질(좀이 쑤시는 모양),adverb,word,1,pass_n1,pass_n1_p012_o0320,1,문맥 규정,w_c530d263e6c6b918,N1,verified,
w_cc78ebd8b2b6037f,N1,N1,おおらかな,おおらかな,,대범한,대범한,expression,word,1,pass_n1,pass_n1_p010_o0245,1,문맥 규정,w_cc78ebd8b2b6037f,N1,verified,
w_cad5672ec93eca6c,N1,N1,おびただしい,おびただしい,,"엄청나다, 수량이 매우 많다","엄청나다, 수량이 매우 많다",adjective,word,1,pass_n1,pass_n1_p010_o0233,1,문맥 규정,w_cad5672ec93eca6c,N1,verified,
w_9a9c3881eecb9849,N1,N1,おろかな,おろかな,,어리석은,어리석은,expression,word,1,pass_n1,pass_n1_p005_o0040,1,한자 읽기,w_9a9c3881eecb9849,N1,verified,
w_5d1e65f806f17484,N1,N1,かみ合う,かみあう,,"(내용, 의견, 생각 등이)맞다","(내용, 의견, 생각 등이)맞다",verb,word,1,pass_n1,pass_n1_p013_o0341,1,문맥 규정,w_5d1e65f806f17484,N1,verified,
w_9e9920009cc9ad91,N1,N1,がやがや,がやがや,,"여럿이 시끄럽게 떠드는 모양, 왁자지껄","여럿이 시끄럽게 떠드는 모양, 왁자지껄",adverb,word,1,pass_n1,pass_n1_p014_o0368,1,문맥 규정,w_9e9920009cc9ad91,N1,verified,
w_0e945f50fef8ccd1,N1,N1,ぎくしゃくする,ぎくしゃくする,,"원활하지 못하다, 껄끄럽다","원활하지 못하다, 껄끄럽다",verb,word,1,pass_n1,pass_n1_p013_o0326,1,문맥 규정,w_0e945f50fef8ccd1,N1,verified,
w_94819b8faa3d17a8,N1,N1,くよくよ,くよくよ,,끙끙(사소한 일을 걱정하는 모습),끙끙(사소한 일을 걱정하는 모습),verb,word,1,pass_n1,pass_n1_p010_o0250,1,문맥 규정,w_94819b8faa3d17a8,N1,verified,
w_4d71c8e8bb9e8afa,N1,N1,ここちよく,ここちよく,,"기분좋게, 쾌적하게","기분좋게, 쾌적하게",expression,word,1,pass_n1,pass_n1_p012_o0302,1,문맥 규정,w_4d71c8e8bb9e8afa,N1,verified,
w_289eeb92d45d9b35,N1,N1,しいて,しいて,,"억지로, 굳이","억지로, 굳이",adverb,word,1,pass_n1,pass_n1_p011_o0252,1,문맥 규정,w_289eeb92d45d9b35,N1,verified,
w_8c2b4a92073949da,N1,N1,しわざ,しわざ,,"짓, 소행","짓, 소행",noun,word,1,pass_n1,pass_n1_p013_o0338,1,문맥 규정,w_8c2b4a92073949da,N1,verified,
w_f7150303f9f13754,N1,N1,じめじめする,じめじめする,,축축하다,축축하다,verb,word,1,pass_n1,pass_n1_p010_o0221,1,문맥 규정,w_f7150303f9f13754,N1,verified,
w_c36280d2912eaabe,N1,N1,すくう,すくう,,(액체 등을)뜨다,(액체 등을)뜨다,verb,word,1,pass_n1,pass_n1_p013_o0344,1,문맥 규정,w_c36280d2912eaabe,N1,verified,
w_a2e6614246e92396,N1,N1,すさまじい,すさまじい,,"대단하다, 무시무시하다","대단하다, 무시무시하다",adjective,word,1,pass_n1,pass_n1_p011_o0253,1,문맥 규정,w_a2e6614246e92396,N1,verified,
w_bc10256c90a28adf,N1,N1,すべすべ,すべすべ,,"(사물, 피부 등)매끈매끈한 모양","(사물, 피부 등)매끈매끈한 모양",adverb,word,1,pass_n1,pass_n1_p013_o0340,1,문맥 규정,w_bc10256c90a28adf,N1,verified,
w_0fba30f39984036e,N1,N1,すんなり,すんなり,,"수월하게, 순조롭게","수월하게, 순조롭게",adverb,word,1,pass_n1,pass_n1_p011_o0265,1,문맥 규정,w_0fba30f39984036e,N1,verified,
w_09df22599f2680a8,N1,N1,ずっしりと,ずっしりと,,"묵직한 모습, 무거운 느낌","묵직한 모습, 무거운 느낌",expression,word,1,pass_n1,pass_n1_p012_o0312,1,문맥 규정,w_09df22599f2680a8,N1,verified,
w_8f12e829bd3a3c60,N1,N1,せかせかと,せかせかと,,"조급히, 분주히","조급히, 분주히",expression,word,1,pass_n1,pass_n1_p012_o0299,1,문맥 규정,w_8f12e829bd3a3c60,N1,verified,
w_00fdfc96ba99bd53,N1,N1,そわそわ,そわそわ,,"불안한 모습, 안절부절못하는 모습","불안한 모습, 안절부절못하는 모습",adverb,word,1,pass_n1,pass_n1_p010_o0222,1,문맥 규정,w_00fdfc96ba99bd53,N1,verified,
w_b44f9643ac2cf7aa,N1,N1,たたえる,たたえる,,"칭찬하다, 찬양하다","칭찬하다, 찬양하다",verb,word,1,pass_n1,pass_n1_p011_o0275,1,문맥 규정,w_b44f9643ac2cf7aa,N1,verified,
w_9e33dceb0d820298,N1,N1,ためらう,ためらう,,"주저하다, 망설이다","주저하다, 망설이다",verb,word,1,pass_n1,pass_n1_p010_o0224,1,문맥 규정,w_9e33dceb0d820298,N1,verified,
w_7096f81dd3d5b54f,N1,N1,つくづく,つくづく,,"절실히, 뼈저리게","절실히, 뼈저리게",adverb,word,1,pass_n1,pass_n1_p014_o0361,1,문맥 규정,w_7096f81dd3d5b54f,N1,verified,
w_47edcddb0f1d2f8d,N1,N1,てきぱき,てきぱき,,척척,척척,adverb,word,1,pass_n1,pass_n1_p010_o0241,1,문맥 규정,w_47edcddb0f1d2f8d,N1,verified,
w_eb1001bcd17c8807,N1,N1,てっきり,てっきり,,틀림없이 (~인 줄 알다) 〈잘못된 판단〉,틀림없이 (~인 줄 알다) 〈잘못된 판단〉,adverb,word,1,pass_n1,pass_n1_p013_o0348,1,문맥 규정,w_eb1001bcd17c8807,N1,verified,
w_08149ad39d83534d,N1,N1,とっさに,とっさに,,순간적으로,순간적으로,adverb,word,1,pass_n1,pass_n1_p014_o0376,1,문맥 규정,w_08149ad39d83534d,N1,verified,
w_8c8f60588e1e408a,N1,N1,とりわけ,とりわけ,,특히,특히,adverb,word,1,pass_n1,pass_n1_p010_o0225,1,문맥 규정,w_8c8f60588e1e408a,N1,verified,
w_a5aecb63abc015f0,N1,N1,なだめる,なだめる,,달래다,달래다,verb,word,1,pass_n1,pass_n1_p012_o0291,1,문맥 규정,w_a5aecb63abc015f0,N1,verified,
w_3090bb4659a97310,N1,N1,にじむ,にじむ,,"번지다, 스며들다","번지다, 스며들다",verb,word,1,pass_n1,pass_n1_p012_o0304,1,문맥 규정,w_3090bb4659a97310,N1,verified,
w_87719fa65c93c9d4,N1,N1,ひしひしと,ひしひしと,,"절실히, 절절히(강하게 느끼는 모양)","절실히, 절절히(강하게 느끼는 모양)",expression,word,1,pass_n1,pass_n1_p012_o0306,1,문맥 규정,w_87719fa65c93c9d4,N1,verified,
w_f2ad7e17b7d9da41,N1,N1,へとへと,へとへと,,기진맥진,기진맥진;기진맥진한 모습,adjective,word,1,pass_n1,pass_n1_p011_o0270;pass_n1_p014_o0374,2,문맥 규정,w_f2ad7e17b7d9da41,N1,verified,
w_d61e38acb4bac891,N1,N1,まちまち,まちまち,,가지각색,"가지각색;제각각, 가지각색",,word,1,pass_n1,pass_n1_p011_o0285;pass_n1_p025_o0744,2,문맥 규정;용법,,,verified,"pass_n1 용법 구역: 원본 보존, 앱 단어 목록 제외"
w_8bfb0e290d3d8ef0,N1,N1,まみれ,まみれ,,"~투성이, ~범벅","~투성이, ~범벅",noun,word,1,pass_n1,pass_n1_p009_o0200,1,문맥 규정,w_8bfb0e290d3d8ef0,N1,verified,
w_fc60d1c406caed4b,N1,N1,みっちり,みっちり,,"착실히, 충분히","착실히, 충분히",adverb,word,1,pass_n1,pass_n1_p012_o0317,1,문맥 규정,w_fc60d1c406caed4b,N1,verified,
w_eb7cb3b40736d2e8,N1,N1,めきめき,めきめき,,"두드러지게, 눈에 띄게, 부쩍","두드러지게, 눈에 띄게, 부쩍",adverb,word,1,pass_n1,pass_n1_p013_o0334,1,문맥 규정,w_eb7cb3b40736d2e8,N1,verified,
w_497c065e6cf6e038,N1,N1,もっぱら,もっぱら,,"오로지, 한결같이","오로지, 한결같이",adverb,word,1,pass_n1,pass_n1_p011_o0278,1,문맥 규정,w_497c065e6cf6e038,N1,verified,
w_790cf4bdda0645fb,N1,N1,もどかしい,もどかしい,,"답답하다, 안타깝다","답답하다, 안타깝다",adjective,word,1,pass_n1,pass_n1_p013_o0331,1,문맥 규정,w_790cf4bdda0645fb,N1,verified,
w_df2c2e00cd40ceee,N1,N1,やんわり,やんわり,,"부드럽게, 살며시","부드럽게, 살며시",adverb,word,1,pass_n1,pass_n1_p009_o0188,1,문맥 규정,w_df2c2e00cd40ceee,N1,verified,
w_38c9c0e9cf84d685,N1,N1,よみがえる,よみがえる,,"되살아나다, 소생하다","되살아나다, 소생하다",verb,word,1,pass_n1,pass_n1_p011_o0279,1,문맥 규정,w_38c9c0e9cf84d685,N1,verified,
w_76cd61803b197a73,N1,N1,ウエイト,ウエイト,,"웨이트, 중량","웨이트, 중량",noun,word,1,pass_n1,pass_n1_p010_o0232,1,문맥 규정,w_76cd61803b197a73,N1,verified,
w_b70cb17c6e366d2a,N1,N1,キャリア,キャリア,,"커리어, 경력","커리어, 경력",noun,word,1,pass_n1,pass_n1_p008_o0178,1,문맥 규정,w_b70cb17c6e366d2a,N1,verified,
w_5f17979c49bed7c4,N1,N1,クレーム,クレーム,,"클레임, 불만","클레임, 불만;클레임",,word,1,pass_n1,pass_n1_p012_o0314;pass_n1_p018_o0503,2,문맥 규정;유의어,,,verified,"pass_n1 유의어 구역: 원본 보존, 앱 단어 목록 제외"
w_706ae61e7198af9c,N1,N1,コンスタントに,コンスタントに,,"일정하게, 꾸준하게","일정하게, 꾸준하게",expression,word,1,pass_n1,pass_n1_p011_o0274,1,문맥 규정,w_706ae61e7198af9c,N1,verified,
w_a0e253ea8f6eecee,N1,N1,サイクル,サイクル,,사이클,사이클,noun,word,1,pass_n1,pass_n1_p013_o0336,1,문맥 규정,w_a0e253ea8f6eecee,N1,verified,
w_0a23dbb2c8a38a8e,N1,N1,ストック,ストック,,"스톡, 재고","스톡, 재고",noun,word,1,pass_n1,pass_n1_p009_o0193,1,문맥 규정,w_0a23dbb2c8a38a8e,N1,verified,
w_61a461e00a21af9a,N1,N1,センサー,センサー,,센서,센서,noun,word,1,pass_n1,pass_n1_p012_o0300,1,문맥 규정,w_61a461e00a21af9a,N1,verified,
w_aeba66e9dfd61083,N1,N1,センス,センス,,센스,센스,noun,word,1,pass_n1,pass_n1_p011_o0266,1,문맥 규정,w_aeba66e9dfd61083,N1,verified,
w_d657c24071e2a7cd,N1,N1,ニュアンス,ニュアンス,,뉘앙스,뉘앙스,noun,word,1,pass_n1,pass_n1_p009_o0195,1,문맥 규정,w_d657c24071e2a7cd,N1,verified,
w_ac480dfae7f71b45,N1,N1,ネック,ネック,,"장애물, 걸림돌, 방해물","장애물, 걸림돌, 방해물",noun,word,1,pass_n1,pass_n1_p014_o0352,1,문맥 규정,w_ac480dfae7f71b45,N1,verified,
w_92b609a19a2d5bb5,N1,N1,ノウハウ,ノウハウ,,노하우,노하우,noun,word,1,pass_n1,pass_n1_p011_o0268,1,문맥 규정,w_92b609a19a2d5bb5,N1,verified,
w_2ecea75442206e84,N1,N1,ノルマ,ノルマ,,"노르마, 업무 할당량","노르마, 업무 할당량",noun,word,1,pass_n1,pass_n1_p010_o0242,1,문맥 규정,w_2ecea75442206e84,N1,verified,
w_ae70c9f3987fc920,N1,N1,ハードル,ハードル,,"허들, 장애물","허들, 장애물",noun,word,1,pass_n1,pass_n1_p009_o0211,1,문맥 규정,w_ae70c9f3987fc920,N1,verified,
w_a3e4b1cc3e60aae9,N1,N1,ピント,ピント,,"핀트, 초점","핀트, 초점",noun,word,1,pass_n1,pass_n1_p013_o0346,1,문맥 규정,w_a3e4b1cc3e60aae9,N1,verified,
w_be8f9e3b572d5ccc,N1,N1,フォローする,フォローする,,"보조하다, 지원하다","보조하다, 지원하다",verb,word,1,pass_n1,pass_n1_p009_o0184,1,문맥 규정,w_be8f9e3b572d5ccc,N1,verified,
w_bad0e19337295845,N1,N1,メディア,メディア,,미디어,미디어,noun,word,1,pass_n1,pass_n1_p011_o0258,1,문맥 규정,w_bad0e19337295845,N1,verified,
w_11f44b191e516e20,N1,N1,リスク,リスク,,"리스크, 위험","리스크, 위험",,word,1,pass_n1,pass_n1_p011_o0287;pass_n1_p022_o0641,2,문맥 규정;유의어,,,verified,"pass_n1 유의어 구역: 원본 보존, 앱 단어 목록 제외"
w_67b9ee16274ff79d,N1,N1,リストアップ,リストアップ,,"리스트 업, 목록 작성","리스트 업, 목록 작성",verb,word,1,pass_n1,pass_n1_p009_o0216,1,문맥 규정,w_67b9ee16274ff79d,N1,verified,
w_c73145fc9684b446,N1,N1,レイアウト,レイアウト,,레이아웃,레이아웃,verb,word,1,pass_n1,pass_n1_p012_o0294,1,문맥 규정,w_c73145fc9684b446,N1,verified,
w_c8414f11df443a17,N1,N1,一任,いちにん,,일임(모두 맡김),일임(모두 맡김),verb,word,1,pass_n1,pass_n1_p010_o0217,1,문맥 규정,w_c8414f11df443a17,N1,verified,
w_c017d3fc119dd1f4,N1,N1,一律に,いちりつに,,일률적으로,일률적으로,adverb,word,1,mkt_n1;pass_n1,mkt_n1_p019_o0482;pass_n1_p026_o0773,2,부사;용법,w_c017d3fc119dd1f4,N1,verified,"pass_n1 용법 구역: 원본 보존, 앱 단어 목록 제외"
w_dfadcb81869cc16a,N1,N1,一掃,いっそう,,"일소,소탕","일소,소탕;일소(모두 제거함)",noun,word,1,mkt_n1;pass_n1,mkt_n1_p010_o0212;pass_n1_p011_o0260,2,명사;문맥 규정,w_dfadcb81869cc16a,N1,verified,
w_ac73764019110133,N1,N1,一環,いっかん,,일환,일환,noun,word,1,mkt_n1;pass_n1,mkt_n1_p010_o0210;pass_n1_p011_o0273,2,명사;문맥 규정,w_ac73764019110133,N1,verified,
w_f20da6f229fe3a4f,N1,N1,不備,ふび,,"미비,불충분함","미비,불충분함;불비, 미비, 불충분함",noun,word,1,mkt_n1;pass_n1,mkt_n1_p017_o0433;pass_n1_p009_o0198,2,명사;문맥 규정,w_f20da6f229fe3a4f,N1,verified,
w_ab222fb1839b50be,N1,N1,不意に,ふいに,,갑자기,갑자기,adverb,word,1,mkt_n1;pass_n1,mkt_n1_p020_o0497;pass_n1_p018_o0517,2,부사;유의어,w_ab222fb1839b50be,N1,verified,"pass_n1 유의어 구역: 원본 보존, 앱 단어 목록 제외"
w_b11838bd2e68de40,N1,N1,不況,ふきょう,,불황,불황,noun,word,1,mkt_n1,mkt_n1_p017_o0426,1,명사,w_b11838bd2e68de40,N1,verified,
w_06e3cd11e3eb6359,N1,N1,不用意な,ふよういな,,부주의한,부주의한,na_adjective,word,1,mkt_n1;pass_n1,mkt_n1_p009_o0189;pass_n1_p018_o0491,2,な형용사;유의어,w_06e3cd11e3eb6359,N1,verified,"pass_n1 유의어 구역: 원본 보존, 앱 단어 목록 제외"
w_8d80f6bb70b2d48c,N1,N1,不順,ふじゅん,,"불순,순탄치못함","불순,순탄치못함",noun,word,1,mkt_n1,mkt_n1_p017_o0428,1,명사,w_8d80f6bb70b2d48c,N1,verified,
w_9b381d3ac91fbe47,N1,N1,丘陵,きゅうりょう,,"구릉,언덕","구릉,언덕;구릉",noun,word,1,mkt_n1;pass_n1,mkt_n1_p012_o0261;pass_n1_p006_o0102,2,명사;한자 읽기,w_9b381d3ac91fbe47,N1,verified,
w_e5103ac8a6c98798,N1,N1,中枢,ちゅうすう,,"중추,핵심","중추,핵심;중추",noun,word,1,mkt_n1;pass_n1,mkt_n1_p016_o0386;pass_n1_p005_o0057,2,명사;한자 읽기,w_e5103ac8a6c98798,N1,verified,
w_ff6f3ce8eeae9213,N1,N1,丹念な,たんねんな,,"정성스런,꼼꼼한","정성스런,꼼꼼한",na_adjective,word,1,mkt_n1,mkt_n1_p009_o0182,1,な형용사,w_ff6f3ce8eeae9213,N1,verified,
w_e7c13fa84d6f88e7,N1,N1,主催,しゅさい,,주최,주최,noun,word,1,mkt_n1,mkt_n1_p014_o0341,1,명사,w_e7c13fa84d6f88e7,N1,verified,
w_a70263ff88911e3e,N1,N1,乗り出す,のりだす,,시작하다,"시작하다;적극적으로 나서다, 착수하다",verb,word,1,mkt_n1;pass_n1,mkt_n1_p005_o0090;pass_n1_p027_o0823,2,동사;용법,w_a70263ff88911e3e,N1,verified,"pass_n1 용법 구역: 원본 보존, 앱 단어 목록 제외"
w_9a914315c1e62b1d,N1,N1,了承,りょうしょう,,"승낙,양해","승낙,양해",verb,word,1,pass_n1,pass_n1_p006_o0094,1,한자 읽기,w_9a914315c1e62b1d,N1,verified,
w_e88804a27645a87c,N1,N1,予め,あらかじめ,,미리,미리,adverb,word,1,mkt_n1,mkt_n1_p019_o0478,1,부사,w_e88804a27645a87c,N1,verified,
w_fe5fee1184b27dda,N1,N1,予断,よだん,,"예단,예측","예단,예측",noun,word,1,mkt_n1,mkt_n1_p018_o0469,1,명사,w_fe5fee1184b27dda,N1,verified,
w_be6c610da5c1ab8d,N1,N1,互角,ごかく,,"호각,백중세","호각,백중세;호각, 비등함",noun,word,1,mkt_n1;pass_n1,mkt_n1_p013_o0293;pass_n1_p028_o0844,2,명사;용법,w_be6c610da5c1ab8d,N1,verified,"pass_n1 용법 구역: 원본 보존, 앱 단어 목록 제외"
w_4f9b62e5e17e6111,N1,N1,交渉,こうしょう,,협상,협상,noun,word,1,mkt_n1,mkt_n1_p012_o0289,1,명사,w_4f9b62e5e17e6111,N1,verified,
w_3301d891bd6f4186,N1,N1,交錯する,こうさくする,,"뒤섞여 엇갈리다, 교차하다","뒤섞여 엇갈리다, 교차하다",verb,word,1,pass_n1,pass_n1_p014_o0366,1,문맥 규정,w_3301d891bd6f4186,N1,verified,
w_d06f4fb273f350f4,N1,N1,享受,きょうじゅ,,향유(누리는것),향유(누리는것),noun,word,1,mkt_n1,mkt_n1_p012_o0264,1,명사,w_d06f4fb273f350f4,N1,verified,
w_913e70a1a243c809,N1,N1,人一倍,ひといちばい,,"남달리,남보다갑절","남달리,남보다갑절;남달리, 남보다 갑절",adverb,word,1,mkt_n1;pass_n1,mkt_n1_p020_o0496;pass_n1_p026_o0783,2,부사;용법,w_913e70a1a243c809,N1,verified,"pass_n1 용법 구역: 원본 보존, 앱 단어 목록 제외"
w_88c43259bfb6ff51,N1,N1,人出,ひとで,,"인파,밖으로나온사람들","인파,밖으로나온사람들;인파, 밖으로 나온 사람들",noun,word,1,mkt_n1;pass_n1,mkt_n1_p017_o0421;pass_n1_p009_o0212,2,명사;문맥 규정,w_88c43259bfb6ff51,N1,verified,
w_376c24e325210ddf,N1,N1,人手,ひとで,,"일손,노동력","일손,노동력;일손, 노동력",noun,word,1,mkt_n1;pass_n1,mkt_n1_p017_o0420;pass_n1_p026_o0794,2,명사;용법,w_376c24e325210ddf,N1,verified,"pass_n1 용법 구역: 원본 보존, 앱 단어 목록 제외"
w_73d48198071da2ca,N1,N1,人波,ひとなみ,,인파,인파,noun,word,1,mkt_n1,mkt_n1_p017_o0422,1,명사,w_73d48198071da2ca,N1,verified,
w_eca9d06a477ba945,N1,N1,人脈,じんみゃく,,인맥,인맥,noun,word,1,mkt_n1;pass_n1,mkt_n1_p015_o0362;pass_n1_p006_o0078,2,명사;한자 읽기,w_eca9d06a477ba945,N1,verified,
w_554c880ad21747e0,N1,N1,人質,ひとじち,,인질,인질,noun,word,1,mkt_n1,mkt_n1_p017_o0419,1,명사,w_554c880ad21747e0,N1,verified,
w_926f4771fcecf598,N1,N1,人込み,ひとごみ,,"혼잡,북새통","혼잡,북새통;혼잡, 북새통",noun,word,1,mkt_n1;pass_n1,mkt_n1_p017_o0418;pass_n1_p017_o0460,2,명사;유의어,w_926f4771fcecf598,N1,verified,"pass_n1 유의어 구역: 원본 보존, 앱 단어 목록 제외"
w_0a8accc59621e4b6,N1,N1,今更,いまさら,,"이제와서,새삼스럽게","이제와서,새삼스럽게;이제 와서, 새삼스럽게",adverb,word,1,mkt_n1;pass_n1,mkt_n1_p019_o0483;pass_n1_p026_o0786,2,부사;용법,w_0a8accc59621e4b6,N1,verified,"pass_n1 용법 구역: 원본 보존, 앱 단어 목록 제외"
w_6e2910d8d4a26c4c,N1,N1,仕上がる,しあがる,,"마무리되다,완성되다","마무리되다,완성되다;마무리되다, 완성되다",verb,word,1,mkt_n1;pass_n1,mkt_n1_p003_o0051;pass_n1_p018_o0513,2,동사;유의어,w_6e2910d8d4a26c4c,N1,verified,"pass_n1 유의어 구역: 원본 보존, 앱 단어 목록 제외"
w_b025d61bd92053cb,N1,N1,仕組み,しくみ,,"구조,원리","구조,원리;구조",noun,word,1,mkt_n1;pass_n1,mkt_n1_p013_o0319;pass_n1_p017_o0472,2,명사;유의어,w_b025d61bd92053cb,N1,verified,"pass_n1 유의어 구역: 원본 보존, 앱 단어 목록 제외"
w_8a0b553b954aa944,N1,N1,仰天,ぎょうてん,,"경악,몹시놀람","경악,몹시놀람",noun,word,1,mkt_n1,mkt_n1_p012_o0266,1,명사,w_8a0b553b954aa944,N1,verified,
w_12a8e8485deb3e3b,N1,N1,仲裁,ちゅうさい,,중재,중재,verb,word,1,pass_n1,pass_n1_p013_o0337,1,문맥 규정,w_12a8e8485deb3e3b,N1,verified,
w_6e5945c0cdea6719,N1,N1,会心,かいしん,,"회심,만족스러움","회심,만족스러움",noun,word,1,mkt_n1,mkt_n1_p011_o0229,1,명사,w_6e5945c0cdea6719,N1,verified,
w_76e1e2b8c3c1ac4a,N1,N1,伴奏,ばんそう,,반주,반주,verb,word,1,pass_n1,pass_n1_p004_o0011,1,한자 읽기,w_76e1e2b8c3c1ac4a,N1,verified,
w_e7491fca55f36dfd,N1,N1,余波,よは,,여파,여파,noun,word,1,pass_n1,pass_n1_p013_o0324,1,문맥 규정,w_e7491fca55f36dfd,N1,verified,
w_d349c1895296e908,N1,N1,供与,きょうよ,,"공여,제공","공여,제공",noun,word,1,mkt_n1,mkt_n1_p012_o0267,1,명사,w_d349c1895296e908,N1,verified,
w_55a5aa4c590506e3,N1,N1,依頼,いらい,,의뢰,의뢰,noun,word,1,mkt_n1,mkt_n1_p010_o0216,1,명사,w_55a5aa4c590506e3,N1,verified,
w_f8e92c4c88241b90,N1,N1,侮る,あなどる,,무시하다,무시하다,verb,word,1,pass_n1,pass_n1_p008_o0172,1,한자 읽기,w_f8e92c4c88241b90,N1,verified,
w_50c2f0217b65dbd8,N1,N1,侮辱,ぶじょく,,모욕,모욕,noun,word,1,mkt_n1,mkt_n1_p017_o0429,1,명사,w_50c2f0217b65dbd8,N1,verified,
w_10d818adb8e96aeb,N1,N1,便宜,べんぎ,,편의,편의,noun,word,1,mkt_n1,mkt_n1_p017_o0437,1,명사,w_10d818adb8e96aeb,N1,verified,
w_d8d12bce72fcf68c,N1,N1,促す,うながす,,"촉구하다,재촉하다","촉구하다,재촉하다;재촉하다, 독촉하다, 촉구하다",verb,word,1,mkt_n1;pass_n1,mkt_n1_p002_o0015;pass_n1_p007_o0124,2,동사;한자 읽기,w_d8d12bce72fcf68c,N1,verified,
w_d6176e972e31403c,N1,N1,保護,ほご,,보호,보호,verb,word,1,pass_n1,pass_n1_p013_o0342,1,문맥 규정,w_d6176e972e31403c,N1,verified,
w_74a369032432ce8e,N1,N1,修復,しゅうふく,,"수복,복원","수복,복원;수복, 복원",noun,word,1,mkt_n1;pass_n1,mkt_n1_p014_o0339;pass_n1_p009_o0192,2,명사;문맥 규정,w_74a369032432ce8e,N1,verified,
w_16b10b8286a4138a,N1,N1,修飾,しゅうしょく,,수식,수식,noun,word,1,mkt_n1,mkt_n1_p014_o0335,1,명사,w_16b10b8286a4138a,N1,verified,
w_5784bedb7c9d4f1e,N1,N1,値する,あたいする,,가치가있다,가치가있다;~할 가치가 있다,verb,word,1,mkt_n1;pass_n1,mkt_n1_p002_o0003;pass_n1_p005_o0061,2,동사;한자 읽기,w_5784bedb7c9d4f1e,N1,verified,
w_cdbd72d7aa724c5d,N1,N1,偏り,かたより,,"치우침, 편향","치우침, 편향",noun,word,1,pass_n1,pass_n1_p008_o0158,1,한자 읽기,w_cdbd72d7aa724c5d,N1,verified,
w_9a44afd8087c75f0,N1,N1,停滞,ていたい,,"정체,진행이더딤","정체,진행이더딤",noun,word,1,mkt_n1,mkt_n1_p016_o0392,1,명사,w_9a44afd8087c75f0,N1,verified,
w_6f6e6c5f4b2569d6,N1,N1,健やかな,すこやかな,,건강한,건강한,na_adjective,word,1,mkt_n1;pass_n1,mkt_n1_p008_o0175;pass_n1_p005_o0055,2,な형용사;한자 읽기,w_6f6e6c5f4b2569d6,N1,verified,
w_1447cd157d5f61da,N1,N1,偽り,いつわり,,허위,"허위;거짓, 허구",noun,word,1,mkt_n1;pass_n1,mkt_n1_p010_o0213;pass_n1_p006_o0098,2,명사;한자 읽기,w_1447cd157d5f61da,N1,verified,
w_41cce0c47aecd27f,N1,N1,偽造,ぎぞう,,위조,위조,noun,word,1,mkt_n1,mkt_n1_p011_o0252,1,명사,w_41cce0c47aecd27f,N1,verified,
w_9ae67da3aa5ed86c,N1,N1,催促,さいそく,,재촉,재촉,noun,word,1,mkt_n1,mkt_n1_p013_o0305,1,명사,w_9ae67da3aa5ed86c,N1,verified,
w_0d06dadc29388677,N1,N1,債務,さいむ,,채무,채무,noun,word,1,pass_n1,pass_n1_p007_o0118,1,한자 읽기,w_0d06dadc29388677,N1,verified,
w_91023e2a255195d0,N1,N1,傾斜,けいしゃ,,"경사,기울기","경사,기울기;경사, 기울기",noun,word,1,mkt_n1;pass_n1,mkt_n1_p012_o0277;pass_n1_p006_o0086,2,명사;한자 읽기,w_91023e2a255195d0,N1,verified,
w_a28f5088afcbce42,N1,N1,儀式,ぎしき,,의식,의식,noun,word,1,mkt_n1,mkt_n1_p011_o0251,1,명사,w_a28f5088afcbce42,N1,verified,
w_9aa6a07aa9f7d0ed,N1,N1,償う,つぐなう,,보상하다,보상하다,verb,word,1,mkt_n1,mkt_n1_p004_o0068,1,동사,w_9aa6a07aa9f7d0ed,N1,verified,
w_2dfce158f82e8d09,N1,N1,優位,ゆうい,,우위,우위,noun,word,1,mkt_n1,mkt_n1_p018_o0463,1,명사,w_2dfce158f82e8d09,N1,verified,
w_58851dc5e0c5cb5a,N1,N1,兆し,きざし,,"조짐,징조","조짐,징조;징조, 조짐;징조, 조짐, 낌새",noun,word,1,mkt_n1;pass_n1,mkt_n1_p011_o0250;pass_n1_p004_o0016;pass_n1_p029_o0875,3,명사;한자 읽기;용법,w_58851dc5e0c5cb5a,N1,verified,"pass_n1 용법 구역: 원본 보존, 앱 단어 목록 제외"
w_167ba96cbac68f22,N1,N1,先方,せんぽう,,"상대,상대방","상대,상대방;상대",noun,word,1,mkt_n1;pass_n1,mkt_n1_p015_o0369;pass_n1_p016_o0441,2,명사;유의어,w_167ba96cbac68f22,N1,verified,"pass_n1 유의어 구역: 원본 보존, 앱 단어 목록 제외"
w_922352fdc37d1ea2,N1,N1,克明な,こくめいな,,"극명한,매우세밀한","극명한,매우세밀한",na_adjective,word,1,mkt_n1,mkt_n1_p008_o0171,1,な형용사,w_922352fdc37d1ea2,N1,verified,
w_4a9ade7c35cb2e1c,N1,N1,克明に,こくめいに,,극명하게,"극명하게;극명하게, 정확하고 자세하게",,word,1,pass_n1,pass_n1_p004_o0027;pass_n1_p007_o0137;pass_n1_p020_o0585,3,한자 읽기;유의어,,,verified,"pass_n1 유의어 구역: 원본 보존, 앱 단어 목록 제외"
w_b90ef8a20b902fd6,N1,N1,免れる,まぬかれる,まぬがれる,"면하다, 모면하다","면하다, 모면하다",verb,word,1,mkt_n1,mkt_n1_p005_o0111,1,동사,w_b90ef8a20b902fd6,N1,verified,
w_019dd5c0a6f296a6,N1,N1,免除,めんじょ,,면제,면제,noun,word,1,mkt_n1;pass_n1,mkt_n1_p018_o0458;pass_n1_p025_o0759,2,명사;용법,w_019dd5c0a6f296a6,N1,verified,"문자 좌표 검증 완료; 선형 텍스트 레이어 순서 불일치; pass_n1 용법 구역: 원본 보존, 앱 단어 목록 제외"
w_e0ea6104408e520b,N1,N1,入念な,にゅうねんな,,"꼼꼼한,정성스런","꼼꼼한,정성스런",na_adjective,word,1,mkt_n1,mkt_n1_p009_o0185,1,な형용사,w_e0ea6104408e520b,N1,verified,
w_f3bbda306fceda3b,N1,N1,全滅,ぜんめつ,,전멸,전멸,noun,word,1,mkt_n1,mkt_n1_p015_o0370,1,명사,w_f3bbda306fceda3b,N1,verified,
w_5121b1ef0d5c7900,N1,N1,内訳,うちわけ,,내역,내역,noun,word,1,mkt_n1;pass_n1,mkt_n1_p010_o0218;pass_n1_p026_o0797,2,명사;용법,w_5121b1ef0d5c7900,N1,verified,"pass_n1 용법 구역: 원본 보존, 앱 단어 목록 제외"
w_bb53443248b60ab7,N1,N1,円滑な,えんかつな,,원활한,원활한,na_adjective,word,1,mkt_n1;pass_n1,mkt_n1_p007_o0148;pass_n1_p008_o0175,2,な형용사;문맥 규정,w_bb53443248b60ab7,N1,verified,
w_15461a7a13870082,N1,N1,冷淡な,れいたんな,,냉담한,냉담한,na_adjective,word,1,mkt_n1,mkt_n1_p009_o0198,1,な형용사,w_15461a7a13870082,N1,verified,
w_fd90b6084996b24c,N1,N1,凝縮,ぎょうしゅく,,응축,응축,noun,word,1,mkt_n1;pass_n1,mkt_n1_p012_o0265;pass_n1_p005_o0051,2,명사;한자 읽기,w_fd90b6084996b24c,N1,verified,
w_5cc6e6d8ca6204c4,N1,N1,処置,しょち,,"처치,조치","처치,조치;처치, 조치",noun,word,1,mkt_n1;pass_n1,mkt_n1_p015_o0357;pass_n1_p026_o0768,2,명사;용법,w_5cc6e6d8ca6204c4,N1,verified,"pass_n1 용법 구역: 원본 보존, 앱 단어 목록 제외"
w_0c07b0a96399d66d,N1,N1,出没,しゅつぼつ,,출몰,출몰,noun,word,1,mkt_n1,mkt_n1_p014_o0344,1,명사,w_0c07b0a96399d66d,N1,verified,
w_8bdc1679feec4bca,N1,N1,分厚い,ぶあつい,,"두툼하다,두껍다","두툼하다,두껍다",i_adjective,word,1,mkt_n1,mkt_n1_p007_o0143,1,い형용사,w_8bdc1679feec4bca,N1,verified,
w_fd935a1c37167f4b,N1,N1,分担,ぶんたん,,분담,분담,noun,word,1,mkt_n1;pass_n1,mkt_n1_p017_o0435;pass_n1_p022_o0662,2,명사;유의어,w_fd935a1c37167f4b,N1,verified,"pass_n1 유의어 구역: 원본 보존, 앱 단어 목록 제외"
w_4be7d80710b29123,N1,N1,切り出す,きりだす,,말을꺼내다,말을꺼내다;말을 꺼내다,verb,word,1,mkt_n1;pass_n1,mkt_n1_p003_o0036;pass_n1_p011_o0263,2,동사;문맥 규정,w_4be7d80710b29123,N1,verified,
w_495258755882bfe4,N1,N1,切実な,せつじつな,,절실한,절실한,na_adjective,word,1,mkt_n1,mkt_n1_p009_o0179,1,な형용사,w_495258755882bfe4,N1,verified,
w_7531c73d5a8f25ed,N1,N1,刑罰,けいばつ,,형벌,형벌,noun,word,1,mkt_n1,mkt_n1_p012_o0278,1,명사,w_7531c73d5a8f25ed,N1,verified,
w_0a1f3e39861eacb0,N1,N1,判別,はんべつ,,판별,판별,noun,word,1,mkt_n1,mkt_n1_p017_o0417,1,명사,w_0a1f3e39861eacb0,N1,verified,
w_83d087ca34b36ef1,N1,N1,到底,とうてい,,도저히,도저히,adverb,word,1,mkt_n1,mkt_n1_p020_o0493,1,부사,w_83d087ca34b36ef1,N1,verified,
w_ca953bed102a78e0,N1,N1,刺激,しげき,,자극,자극,noun,word,1,mkt_n1,mkt_n1_p013_o0320,1,명사,w_ca953bed102a78e0,N1,verified,
w_0ea31b98d247240b,N1,N1,剥がす,はがす,,"벗기다,떼다","벗기다,떼다;벗기다, 떼다",verb,word,1,mkt_n1;pass_n1,mkt_n1_p005_o0091;pass_n1_p026_o0782,2,동사;용법,w_0ea31b98d247240b,N1,verified,"pass_n1 용법 구역: 원본 보존, 앱 단어 목록 제외"
w_cadb4275463fc36e,N1,N1,加工する,かこうする,,가공하다,가공하다,verb,word,1,pass_n1,pass_n1_p009_o0206,1,문맥 규정,w_cadb4275463fc36e,N1,verified,
w_c75bde47bdbbaeb1,N1,N1,助長,じょちょう,,조장,조장,verb,word,1,pass_n1,pass_n1_p014_o0357,1,문맥 규정,w_c75bde47bdbbaeb1,N1,verified,
w_92d98af9df89cf41,N1,N1,労る,いたわる,,"위로하다,노고를치하하다","위로하다,노고를치하하다",verb,word,1,mkt_n1,mkt_n1_p002_o0006,1,동사,w_92d98af9df89cf41,N1,verified,
w_3fb79a05ecdeb8e2,N1,N1,勇敢に,ゆうかんに,,용감하게,용감하게,expression,word,1,pass_n1,pass_n1_p007_o0139,1,한자 읽기,w_3fb79a05ecdeb8e2,N1,verified,
w_a194a199ac33ba67,N1,N1,勘違い,かんちがい,,착각,착각,noun,word,1,mkt_n1,mkt_n1_p011_o0245,1,명사,w_a194a199ac33ba67,N1,verified,
w_b41bedd27241c8f7,N1,N1,募る,つのる,,<자동사> 점점 강해지다 <타동사> 모집하다,<자동사> 점점 강해지다 <타동사> 모집하다;(1) 모집하다 (2) (정도가)심해지다,verb,word,1,mkt_n1;pass_n1,mkt_n1_p004_o0073;pass_n1_p006_o0105,2,동사;한자 읽기,w_b41bedd27241c8f7,N1,verified,PDF 표 행 경계를 원문과 대조하여 교정
w_71b91b4b7ded7920,N1,N1,印鑑,いんかん,,인감,인감,noun,word,1,mkt_n1,mkt_n1_p010_o0217,1,명사,w_71b91b4b7ded7920,N1,verified,
w_709b7a3d0384863d,N1,N1,危ぶむ,あやぶむ,,"불안해하다, 위험하게 생각하다","불안해하다, 위험하게 생각하다",verb,word,1,pass_n1,pass_n1_p012_o0311;pass_n1_p012_o0319,2,문맥 규정,w_709b7a3d0384863d,N1,verified,
w_a3e3254fcf9f8bf7,N1,N1,即刻,そっこく,,"즉각,즉시","즉각,즉시",adverb,word,1,mkt_n1,mkt_n1_p019_o0492,1,부사,w_a3e3254fcf9f8bf7,N1,verified,
w_eea6908afcbc875c,N1,N1,却下する,きゃっかする,,각하하다,각하하다,verb,word,1,pass_n1,pass_n1_p013_o0321,1,문맥 규정,w_eea6908afcbc875c,N1,verified,
w_4560f2d32a7f56d8,N1,N1,厳かな,おごそかな,,엄숙한,엄숙한,na_adjective,word,1,mkt_n1,mkt_n1_p007_o0149,1,な형용사,w_4560f2d32a7f56d8,N1,verified,
w_213731a026f67078,N1,N1,厳正な,げんせいな,,엄정한,엄정한,na_adjective,word,1,mkt_n1;pass_n1,mkt_n1_p008_o0167;pass_n1_p005_o0052,2,な형용사;한자 읽기,w_213731a026f67078,N1,verified,
w_bcc0efdd6b74a1bd,N1,N1,及ぼす,およぼす,,영향을미치다,"영향을미치다;(영향을 ) 미치다, 끼치다",verb,word,1,mkt_n1;pass_n1,mkt_n1_p002_o0028;pass_n1_p008_o0176,2,동사;문맥 규정,w_bcc0efdd6b74a1bd,N1,verified,
w_6cbc49324d4cfd5f,N1,N1,収束,しゅうそく,,"수습,해결","수습,해결",noun,word,1,mkt_n1,mkt_n1_p014_o0336,1,명사,w_6cbc49324d4cfd5f,N1,verified,
w_0a26d2d517964369,N1,N1,収穫,しゅうかく,,수확,수확,noun,word,1,mkt_n1,mkt_n1_p014_o0334,1,명사,w_0a26d2d517964369,N1,verified,
w_0e25c0ea9143aa5a,N1,N1,取り分け,とりわけ,,특히,특히,adverb,word,1,mkt_n1,mkt_n1_p020_o0494,1,부사,w_0e25c0ea9143aa5a,N1,verified,
w_e56380e43a380c7d,N1,N1,取り戻す,とりもどす,,"되찾다,회복하다","되찾다,회복하다;되찾다, 회복하다",verb,word,1,mkt_n1;pass_n1,mkt_n1_p004_o0084;pass_n1_p011_o0255,2,동사;문맥 규정,w_e56380e43a380c7d,N1,verified,
w_a938db468d00df23,N1,N1,取り次ぐ,とりつぐ,,(전화를)연결하다,(전화를)연결하다,verb,word,1,pass_n1,pass_n1_p014_o0365,1,문맥 규정,w_a938db468d00df23,N1,verified,
w_639832d611535cb3,N1,N1,取り締まる,とりしまる,,단속하다,단속하다,verb,word,1,mkt_n1,mkt_n1_p004_o0083,1,동사,w_639832d611535cb3,N1,verified,
w_ab86e857aea44aa8,N1,N1,受賞,じゅしょう,,수상,수상,noun,word,1,mkt_n1,mkt_n1_p014_o0343,1,명사,w_ab86e857aea44aa8,N1,verified,
w_3547830dc8c6d8f4,N1,N1,可決,かけつ,,가결,가결,noun,word,1,pass_n1,pass_n1_p010_o0234,1,문맥 규정,w_3547830dc8c6d8f4,N1,verified,
w_199011952f3578f4,N1,N1,合併,がっぺい,,합병,합병,noun,word,1,mkt_n1;pass_n1,mkt_n1_p011_o0237;pass_n1_p004_o0014,2,명사;한자 읽기,w_199011952f3578f4,N1,verified,
w_7631fcb7cc1b6dff,N1,N1,合意,ごうい,,합의,합의,noun,word,1,pass_n1,pass_n1_p011_o0251,1,문맥 규정,w_7631fcb7cc1b6dff,N1,verified,
w_346bfcd22325ae98,N1,N1,合致,がっち,,"합치,일치","합치,일치;합치, 일치",noun,word,1,mkt_n1;pass_n1,mkt_n1_p011_o0236;pass_n1_p026_o0763,2,명사;용법,w_346bfcd22325ae98,N1,verified,"pass_n1 용법 구역: 원본 보존, 앱 단어 목록 제외"
w_27014025f17eabd5,N1,N1,同伴,どうはん,,동반,동반,noun,word,1,mkt_n1,mkt_n1_p016_o0401,1,명사,w_27014025f17eabd5,N1,verified,
w_18cc307de3cc1e14,N1,N1,同調,どうちょう,,동조,동조,noun,word,1,mkt_n1,mkt_n1_p016_o0400,1,명사,w_18cc307de3cc1e14,N1,verified,
w_c5ad4beebefaece1,N1,N1,名誉,めいよ,,명예,명예,noun,word,1,mkt_n1;pass_n1,mkt_n1_p018_o0455;pass_n1_p004_o0033,2,명사;한자 읽기,w_c5ad4beebefaece1,N1,verified,
w_161922e34fc9dd4e,N1,N1,否む,いなむ,,"부정하다,거부하다","부정하다,거부하다",verb,word,1,mkt_n1,mkt_n1_p002_o0008,1,동사,w_161922e34fc9dd4e,N1,verified,
w_bfe63e6d42715b15,N1,N1,否めない,いなめない,,부정할 수 없다,부정할 수 없다,adjective,word,1,pass_n1,pass_n1_p005_o0049,1,한자 읽기,w_bfe63e6d42715b15,N1,verified,
w_3ec0f9a7d57061c8,N1,N1,告げる,つげる,,"고하다,알리다","고하다,알리다",verb,word,1,mkt_n1,mkt_n1_p004_o0069,1,동사,w_3ec0f9a7d57061c8,N1,verified,
w_75a1c52f3188946d,N1,N1,和らぐ,やわらぐ,,누그러지다,누그러지다,verb,word,1,mkt_n1;pass_n1,mkt_n1_p006_o0119;pass_n1_p009_o0215,2,동사;문맥 규정,w_75a1c52f3188946d,N1,verified,
w_ea9f48642acb9689,N1,N1,和解,わかい,,화해,화해,noun,word,1,mkt_n1,mkt_n1_p019_o0476,1,명사,w_ea9f48642acb9689,N1,verified,
w_d7b4a4cf68e9687b,N1,N1,唱える,となえる,,"외치다,주장하다","외치다,주장하다;외치다, 주장하다",verb,word,1,mkt_n1;pass_n1,mkt_n1_p004_o0080;pass_n1_p005_o0069,2,동사;한자 읽기,w_d7b4a4cf68e9687b,N1,verified,
w_8fa803c957f558d8,N1,N1,商う,あきなう,,장사하다,장사하다,verb,word,1,mkt_n1,mkt_n1_p002_o0002,1,동사,w_8fa803c957f558d8,N1,verified,
w_8e3cd551ef6f1b87,N1,N1,器,うつわ,,그릇,그릇,noun,word,1,mkt_n1,mkt_n1_p010_o0219,1,명사,w_8e3cd551ef6f1b87,N1,verified,
w_aa07ddb4c44be3e9,N1,N1,回顧,かいこ,,회고,회고,noun,word,1,mkt_n1;pass_n1,mkt_n1_p011_o0228;pass_n1_p006_o0097,2,명사;한자 읽기,w_aa07ddb4c44be3e9,N1,verified,
w_1eba9fecf5c12682,N1,N1,圧迫,あっぱく,,압박,압박,noun,word,1,mkt_n1,mkt_n1_p010_o0200,1,명사,w_1eba9fecf5c12682,N1,verified,
w_fd33c4baabec3e0f,N1,N1,在庫,ざいこ,,재고,재고,noun,word,1,mkt_n1;pass_n1,mkt_n1_p013_o0301;pass_n1_p011_o0286,2,명사;문맥 규정,w_fd33c4baabec3e0f,N1,verified,
w_b1c88bc724915375,N1,N1,執着する,しゅうちゃくする,,집착하다,집착하다,verb,word,1,pass_n1,pass_n1_p007_o0117,1,한자 읽기,w_b1c88bc724915375,N1,verified,
w_640bd7cd344f9876,N1,N1,執筆,しっぴつ,,집필,집필,noun,word,1,mkt_n1,mkt_n1_p014_o0329,1,명사,w_640bd7cd344f9876,N1,verified,
w_bfb7067491b01b15,N1,N1,培う,つちかう,,"기르다,배양하다","기르다,배양하다",verb,word,1,mkt_n1,mkt_n1_p004_o0070,1,동사,w_bfb7067491b01b15,N1,verified,
w_26d6403bd2a72a0a,N1,N1,基盤,きばん,,기반,기반,noun,word,1,mkt_n1;pass_n1,mkt_n1_p011_o0255;pass_n1_p011_o0261,2,명사;문맥 규정,w_26d6403bd2a72a0a,N1,verified,
w_ae61ec6bead769c0,N1,N1,堅実な,けんじつな,,"견실한,탄탄한","견실한,탄탄한;견실한",na_adjective,word,1,mkt_n1;pass_n1,mkt_n1_p008_o0166;pass_n1_p012_o0288,2,な형용사;문맥 규정,w_ae61ec6bead769c0,N1,verified,
w_c5d684ffdbd001f8,N1,N1,報じる,ほうじる,,"알리다, 보도하다","알리다, 보도하다",verb,word,1,pass_n1,pass_n1_p009_o0185,1,문맥 규정,w_c5d684ffdbd001f8,N1,verified,
w_4b5ad2de398d92e4,N1,N1,壊す,こわす,,"부수다, 망가뜨리다","부수다, 망가뜨리다",verb,word,1,pass_n1,pass_n1_p004_o0005,1,한자 읽기,w_4b5ad2de398d92e4,N1,verified,
w_a66dc33c3a266722,N1,N1,壮大な,そうだいな,,장대한,장대한,expression,word,1,pass_n1,pass_n1_p012_o0301;pass_n1_p012_o0316,2,문맥 규정,w_a66dc33c3a266722,N1,verified,
w_328dd8046f24fbcc,N1,N1,変遷,へんせん,,변천,변천,noun,word,1,mkt_n1;pass_n1,mkt_n1_p017_o0438;pass_n1_p005_o0072,2,명사;한자 읽기,w_328dd8046f24fbcc,N1,verified,
w_df535218b21a0742,N1,N1,多岐,たき,,"다기,다방면","다기,다방면;다기, 다방면",noun,word,1,mkt_n1;pass_n1,mkt_n1_p015_o0380;pass_n1_p006_o0081,2,명사;한자 읽기,w_df535218b21a0742,N1,verified,
w_fab538791501b708,N1,N1,多角的な,たかくてきな,,다각적인,다각적인,expression,word,1,pass_n1,pass_n1_p012_o0297,1,문맥 규정,w_fab538791501b708,N1,verified,
w_79d11ae0be796aab,N1,N1,大家,たいか,,"대가,권위자","대가,권위자",noun,word,1,mkt_n1,mkt_n1_p015_o0376,1,명사,w_79d11ae0be796aab,N1,verified,
w_51cb6d1819bd61e2,N1,N1,大筋,おおすじ,,"요점,대강","요점,대강;요점, 대강",noun,word,1,mkt_n1;pass_n1,mkt_n1_p010_o0226;pass_n1_p009_o0204,2,명사;문맥 규정,w_51cb6d1819bd61e2,N1,verified,
w_105e971d9bc80c2e,N1,N1,契約,けいやく,,계약,계약,noun,word,1,pass_n1,pass_n1_p004_o0003,1,한자 읽기,w_105e971d9bc80c2e,N1,verified,
w_0a7f5d85e62adec6,N1,N1,奔放な,ほんぽうな,,분방한,분방한,expression,word,1,pass_n1,pass_n1_p008_o0174,1,한자 읽기,w_0a7f5d85e62adec6,N1,verified,
w_08ad766df7e897f7,N1,N1,奨励,しょうれい,,장려,장려,noun,word,1,mkt_n1,mkt_n1_p015_o0355,1,명사,w_08ad766df7e897f7,N1,verified,
w_ea661acf1c6cecb0,N1,N1,如実に,にょじつに,,여실히,여실히,expression,word,1,pass_n1,pass_n1_p008_o0150,1,한자 읽기,w_ea661acf1c6cecb0,N1,verified,
w_118b3f4494df255e,N1,N1,妥協,だきょう,,타협,타협,noun,word,1,mkt_n1;pass_n1,mkt_n1_p015_o0381;pass_n1_p009_o0210,2,명사;문맥 규정,w_118b3f4494df255e,N1,verified,
w_58e313ba3ff45315,N1,N1,妨害,ぼうがい,,방해,방해,noun,word,1,mkt_n1,mkt_n1_p017_o0439,1,명사,w_58e313ba3ff45315,N1,verified,
w_f2fe0f0512a0fb53,N1,N1,委託,いたく,,위탁,위탁,noun,word,1,mkt_n1,mkt_n1_p010_o0209,1,명사,w_f2fe0f0512a0fb53,N1,verified,
w_21443492148bf3cf,N1,N1,威張る,いばる,,"뽐내다,으스대다","뽐내다,으스대다",verb,word,1,mkt_n1,mkt_n1_p002_o0009,1,동사,w_21443492148bf3cf,N1,verified,
w_0ac774f928c1e0ad,N1,N1,嫌み,いやみ,,불쾌한언행,불쾌한언행,noun,word,1,mkt_n1,mkt_n1_p010_o0215,1,명사,w_0ac774f928c1e0ad,N1,verified,
w_8e2653e7ffbebf1e,N1,N1,嫌悪感,けんおかん,,혐오감,혐오감,noun,word,1,mkt_n1;pass_n1,mkt_n1_p012_o0284;pass_n1_p006_o0099,2,명사;한자 읽기,w_8e2653e7ffbebf1e,N1,verified,
w_6e0adb6e51f898e4,N1,N1,存続,そんぞく,,존속,존속,noun,word,1,pass_n1,pass_n1_p013_o0328,1,문맥 규정,w_6e0adb6e51f898e4,N1,verified,
w_9ed4fda34106f987,N1,N1,孤立,こりつ,,고립,고립,noun,word,1,mkt_n1,mkt_n1_p013_o0297,1,명사,w_9ed4fda34106f987,N1,verified,
w_c6154fb9cdd3820f,N1,N1,安らぐ,やすらぐ,,평온해지다,평온해지다,verb,word,1,mkt_n1,mkt_n1_p006_o0118,1,동사,w_c6154fb9cdd3820f,N1,verified,
w_5cf734b47abe9f6a,N1,N1,安堵,あんど,,"안도,안심","안도,안심",noun,word,1,mkt_n1,mkt_n1_p010_o0203,1,명사,w_5cf734b47abe9f6a,N1,verified,
w_c5f4082e9000b66c,N1,N1,安静,あんせい,,안정(평온),안정(평온);안정(환자의 요양),noun,word,1,mkt_n1;pass_n1,mkt_n1_p010_o0202;pass_n1_p026_o0785,2,명사;용법,w_c5f4082e9000b66c,N1,verified,"pass_n1 용법 구역: 원본 보존, 앱 단어 목록 제외"
w_26fac85886352f47,N1,N1,完璧な,かんぺきな,,완벽한,완벽한,na_adjective,word,1,mkt_n1,mkt_n1_p008_o0159,1,な형용사,w_26fac85886352f47,N1,verified,
w_8893d5ca195350d3,N1,N1,完結,かんけつ,,완결,완결,noun,word,1,mkt_n1;pass_n1,mkt_n1_p011_o0242;pass_n1_p008_o0177;pass_n1_p029_o0879,3,명사;문맥 규정;용법,w_8893d5ca195350d3,N1,verified,"pass_n1 용법 구역: 원본 보존, 앱 단어 목록 제외"
w_697c85215fb8c411,N1,N1,実情,じつじょう,,"실정,실제사정","실정,실제사정;실정, 실제 사정",noun,word,1,mkt_n1;pass_n1,mkt_n1_p014_o0326;pass_n1_p009_o0191,2,명사;문맥 규정,w_697c85215fb8c411,N1,verified,
w_4605d40f0a8908b3,N1,N1,実態,じったい,,실태,실태,noun,word,1,mkt_n1,mkt_n1_p014_o0327,1,명사,w_4605d40f0a8908b3,N1,verified,
w_b63b20e8363c2e3b,N1,N1,実権,じっけん,,실권,실권,noun,word,1,mkt_n1,mkt_n1_p014_o0325,1,명사,w_b63b20e8363c2e3b,N1,verified,
w_64fe9e4fa932a88e,N1,N1,実費,じっぴ,,실비(실제비용),실비(실제비용),noun,word,1,mkt_n1,mkt_n1_p014_o0328,1,명사,w_64fe9e4fa932a88e,N1,verified,
w_c09a59c654de1d4b,N1,N1,容易い,たやすい,,"쉽다,용이하다","쉽다,용이하다",i_adjective,word,1,mkt_n1,mkt_n1_p007_o0136,1,い형용사,w_c09a59c654de1d4b,N1,verified,
w_01c7eec9ac27394d,N1,N1,寄与,きよ,,기여,기여,noun,word,1,mkt_n1;pass_n1,mkt_n1_p012_o0262;pass_n1_p009_o0209;pass_n1_p022_o0639,3,명사;문맥 규정;유의어,w_01c7eec9ac27394d,N1,verified,"pass_n1 유의어 구역: 원본 보존, 앱 단어 목록 제외"
w_39666a9625efe874,N1,N1,密かな,ひそかな,,은밀한,은밀한,na_adjective,word,1,mkt_n1,mkt_n1_p009_o0187,1,な형용사,w_39666a9625efe874,N1,verified,
w_4590fbf50ef6f9fe,N1,N1,密集,みっしゅう,,밀집,밀집,noun,word,1,mkt_n1;pass_n1,mkt_n1_p018_o0448;pass_n1_p025_o0734,2,명사;용법,w_4590fbf50ef6f9fe,N1,verified,"pass_n1 용법 구역: 원본 보존, 앱 단어 목록 제외"
w_3ed0895b2c8a33e7,N1,N1,富豪,ふごう,,부호,부호,noun,word,1,mkt_n1,mkt_n1_p017_o0427,1,명사,w_3ed0895b2c8a33e7,N1,verified,
w_4476ef403fc31c8c,N1,N1,寛容な,かんような,,너그러운,너그러운,na_adjective,word,1,mkt_n1,mkt_n1_p008_o0160,1,な형용사,w_4476ef403fc31c8c,N1,verified,
w_e4b94c58b9499c0e,N1,N1,察する,さっする,,헤아리다,헤아리다,verb,word,1,mkt_n1;pass_n1,mkt_n1_p003_o0047;pass_n1_p027_o0804,2,동사;용법,w_e4b94c58b9499c0e,N1,verified,"pass_n1 용법 구역: 원본 보존, 앱 단어 목록 제외"
w_2eb465bf2fbf4e1a,N1,N1,察知,さっち,,"감지,탐지","감지,탐지",noun,word,1,mkt_n1,mkt_n1_p013_o0310,1,명사,w_2eb465bf2fbf4e1a,N1,verified,
w_118291cb3fcc9c6f,N1,N1,対比,たいひ,,대비,대비,noun,word,1,mkt_n1;pass_n1,mkt_n1_p015_o0377;pass_n1_p015_o0410,2,명사;유의어,w_118291cb3fcc9c6f,N1,verified,"pass_n1 유의어 구역: 원본 보존, 앱 단어 목록 제외"
w_89205f43b005d082,N1,N1,対面,たいめん,,대면,대면,noun,word,1,mkt_n1,mkt_n1_p015_o0378,1,명사,w_89205f43b005d082,N1,verified,
w_3f24b8086e8ac800,N1,N1,寿命,じゅみょう,,수명,수명,noun,word,1,pass_n1,pass_n1_p008_o0166,1,한자 읽기,w_3f24b8086e8ac800,N1,verified,
w_e8c92034827d20e7,N1,N1,専ら,もっぱら,,"오로지,한결같이","오로지,한결같이",adverb,word,1,mkt_n1,mkt_n1_p020_o0499,1,부사,w_e8c92034827d20e7,N1,verified,
w_67ec351f9f370984,N1,N1,尊い,とうとい,,"소중하다, 존귀하다","소중하다, 존귀하다",adjective,word,1,pass_n1,pass_n1_p007_o0134,1,한자 읽기,w_67ec351f9f370984,N1,verified,
w_a60b6753a0d75ab2,N1,N1,尽くす,つくす,,"애쓰다,있는힘을다하다","애쓰다,있는힘을다하다;애쓰다, 있는 힘을 다하다",verb,word,1,mkt_n1;pass_n1,mkt_n1_p004_o0067;pass_n1_p011_o0267,2,동사;문맥 규정,w_a60b6753a0d75ab2,N1,verified,
w_3f8e851da28e5142,N1,N1,展開,てんかい,,전개,전개,noun,word,1,mkt_n1,mkt_n1_p016_o0396,1,명사,w_3f8e851da28e5142,N1,verified,
w_a6a538d47436de7a,N1,N1,履歴,りれき,,이력,이력,noun,word,1,pass_n1,pass_n1_p007_o0113,1,한자 읽기,w_a6a538d47436de7a,N1,verified,
w_73b7fb9657f81e3e,N1,N1,山岳,さんがく,,산악,산악,noun,word,1,mkt_n1,mkt_n1_p013_o0315,1,명사,w_73b7fb9657f81e3e,N1,verified,
w_b7ede41b8b91ab60,N1,N1,崩す,くずす,,"무너뜨리다,흩뜨리다","무너뜨리다,흩뜨리다",verb,word,1,mkt_n1,mkt_n1_p003_o0039,1,동사,w_b7ede41b8b91ab60,N1,verified,
w_114da5ca2ccf6d0b,N1,N1,巡り,めぐり,,순회,순회,noun,word,1,pass_n1,pass_n1_p006_o0095,1,한자 읽기,w_114da5ca2ccf6d0b,N1,verified,
w_bd3290eca50bee3f,N1,N1,工面,くめん,,자금마련,자금마련;자금 마련,noun,word,1,mkt_n1;pass_n1,mkt_n1_p012_o0274;pass_n1_p026_o0776,2,명사;용법,w_bd3290eca50bee3f,N1,verified,"pass_n1 용법 구역: 원본 보존, 앱 단어 목록 제외"
w_cdf59d5d45ec6788,N1,N1,巧みな,たくみな,,"교묘한,기교있는","교묘한,기교있는",na_adjective,word,1,mkt_n1,mkt_n1_p009_o0181,1,な형용사,w_cdf59d5d45ec6788,N1,verified,
w_1e8523b1348f484c,N1,N1,巧妙な,こうみょうな,,교묘한,교묘한,na_adjective,word,1,mkt_n1;pass_n1,mkt_n1_p008_o0170;pass_n1_p005_o0042;pass_n1_p007_o0123,3,な형용사;한자 읽기,w_1e8523b1348f484c,N1,verified,
w_33559741a1aa5cd4,N1,N1,巨匠,きょしょう,,거장,거장,noun,word,1,mkt_n1,mkt_n1_p012_o0269,1,명사,w_33559741a1aa5cd4,N1,verified,
w_26dddb87b1e72021,N1,N1,差し引く,さしひく,,"공제하다,차감하다","공제하다,차감하다",verb,word,1,mkt_n1,mkt_n1_p003_o0045,1,동사,w_26dddb87b1e72021,N1,verified,
w_45d31ebbd1fb2705,N1,N1,帯びる,おびる,,"(띠)를띠다,(성질,경향)을띠다","(띠)를띠다,(성질,경향)을띠다;띠다, 그러한 성질을 지니다",verb,word,1,mkt_n1;pass_n1,mkt_n1_p002_o0025;pass_n1_p026_o0787,2,동사;용법,w_45d31ebbd1fb2705,N1,verified,"pass_n1 용법 구역: 원본 보존, 앱 단어 목록 제외"
w_4db30ffe9073fdae,N1,N1,幅広い,はばひろい,,폭넓다,폭넓다,i_adjective,word,1,mkt_n1;pass_n1,mkt_n1_p007_o0142;pass_n1_p011_o0256,2,い형용사;문맥 규정,w_4db30ffe9073fdae,N1,verified,
w_c2204e71da059bfd,N1,N1,干渉する,かんしょうする,,간섭하다,간섭하다,verb,word,1,pass_n1,pass_n1_p007_o0121,1,한자 읽기,w_c2204e71da059bfd,N1,verified,
w_3aa224fccadbe8cb,N1,N1,平行,へいこう,,평행,평행,adjective,word,1,pass_n1,pass_n1_p009_o0199,1,문맥 규정,w_3aa224fccadbe8cb,N1,verified,
w_0cc62d6d12dd65cc,N1,N1,幼稚な,ようちな,,유치한,유치한,na_adjective,word,1,mkt_n1,mkt_n1_p009_o0197,1,な형용사,w_0cc62d6d12dd65cc,N1,verified,
w_7061dda23169d7e4,N1,N1,廃れる,すたれる,,쇠퇴하다,쇠퇴하다,verb,word,1,mkt_n1;pass_n1,mkt_n1_p003_o0055;pass_n1_p006_o0079,2,동사;한자 읽기,w_7061dda23169d7e4,N1,verified,
w_ad7b2af1f188b9dd,N1,N1,弁解,べんかい,,변명,변명,noun,word,1,mkt_n1,mkt_n1_p017_o0436,1,명사,w_ad7b2af1f188b9dd,N1,verified,
w_80a418653d9aa915,N1,N1,引き寄せる,ひきよせる,,끌어당기다,끌어당기다,verb,word,1,mkt_n1,mkt_n1_p005_o0101,1,동사,w_80a418653d9aa915,N1,verified,
w_245a981f2fa2fed1,N1,N1,引き落とす,ひきおとす,,"당겨서떨어뜨리다,자동납부하다","당겨서떨어뜨리다,자동납부하다",verb,word,1,mkt_n1,mkt_n1_p005_o0100,1,동사,w_245a981f2fa2fed1,N1,verified,
w_e7d28b54b17334c9,N1,N1,張り切る,はりきる,,"기운이넘치다,팽팽하다","기운이넘치다,팽팽하다",verb,word,1,mkt_n1,mkt_n1_p005_o0097,1,동사,w_e7d28b54b17334c9,N1,verified,
w_f5b42e7ccb49c9c7,N1,N1,張り合う,はりあう,,"겨루다,경쟁하다","겨루다,경쟁하다;겨루다, 경쟁하다;경쟁하다",verb,word,1,mkt_n1;pass_n1,mkt_n1_p005_o0096;pass_n1_p015_o0387;pass_n1_p020_o0565,3,동사;유의어,w_f5b42e7ccb49c9c7,N1,verified,"문자 좌표 검증 완료; 선형 텍스트 레이어 순서 불일치; pass_n1 유의어 구역: 원본 보존, 앱 단어 목록 제외;pass_n1 유의어 구역: 원본 보존, 앱 단어 목록 제외"
w_d2e4b890da26b434,N1,N1,強み,つよみ,,강점,강점,noun,word,1,pass_n1,pass_n1_p009_o0194,1,문맥 규정,w_d2e4b890da26b434,N1,verified,
w_7d32260385142625,N1,N1,強制,きょうせい,,강제,강제,noun,word,1,pass_n1,pass_n1_p010_o0249,1,문맥 규정,w_7d32260385142625,N1,verified,
w_ffe5d8ebd46452b1,N1,N1,強大な,きょうだいな,,"강대한,막강한","강대한,막강한",na_adjective,word,1,mkt_n1,mkt_n1_p008_o0163,1,な형용사,w_ffe5d8ebd46452b1,N1,verified,
w_f8a428e8789afd63,N1,N1,強硬な,きょうこうな,,강경한,강경한,na_adjective,word,1,mkt_n1,mkt_n1_p008_o0162,1,な형용사,w_f8a428e8789afd63,N1,verified,
w_536582618395af85,N1,N1,強硬に,きょうこうに,,강경하게,강경하게,expression,word,1,pass_n1,pass_n1_p010_o0219,1,문맥 규정,w_536582618395af85,N1,verified,
w_3152ae2b51b7dc18,N1,N1,弾く,はじく,,"튀기다,튕겨내다","튀기다,튕겨내다",verb,word,1,pass_n1,pass_n1_p011_o0282,1,문맥 규정,w_3152ae2b51b7dc18,N1,verified,
w_1223778df0185b6a,N1,N1,弾む,はずむ,,"튀다,들뜨다","튀다,들뜨다;튀다, 들뜨다",verb,word,1,mkt_n1;pass_n1,mkt_n1_p005_o0094;pass_n1_p009_o0196,2,동사;문맥 규정,w_1223778df0185b6a,N1,verified,
w_374d0d2dd3cc9f74,N1,N1,当面,とうめん,,"당면,당분간","당면,당분간;당면, 당분간",noun,word,1,mkt_n1;pass_n1,mkt_n1_p016_o0402;pass_n1_p016_o0445;pass_n1_p021_o0625,3,명사;유의어,w_374d0d2dd3cc9f74,N1,verified,"pass_n1 유의어 구역: 원본 보존, 앱 단어 목록 제외"
w_1f45eb00e24b3e52,N1,N1,後援,こうえん,,후원,후원,noun,word,1,mkt_n1,mkt_n1_p012_o0285,1,명사,w_1f45eb00e24b3e52,N1,verified,
w_3e2b046d05497079,N1,N1,従事,じゅうじ,,종사하다,종사하다,noun,word,1,pass_n1,pass_n1_p012_o0303,1,문맥 규정,w_3e2b046d05497079,N1,verified,
w_cb71de767a5e76d3,N1,N1,従属,じゅうぞく,,종속,종속,noun,word,1,mkt_n1,mkt_n1_p014_o0337,1,명사,w_cb71de767a5e76d3,N1,verified,
w_2b4e759c7a58699b,N1,N1,従来,じゅうらい,,"종래,기존","종래,기존",noun,word,1,mkt_n1,mkt_n1_p014_o0340,1,명사,w_2b4e759c7a58699b,N1,verified,
w_11ca108439e87cc2,N1,N1,復旧,ふっきゅう,,복구,복구,noun,word,1,mkt_n1;pass_n1,mkt_n1_p017_o0430;pass_n1_p026_o0784,2,명사;용법,w_11ca108439e87cc2,N1,verified,"pass_n1 용법 구역: 원본 보존, 앱 단어 목록 제외"
w_cecac0f655fafa75,N1,N1,復興,ふっこう,,부흥,부흥,noun,word,1,mkt_n1;pass_n1,mkt_n1_p017_o0431;pass_n1_p006_o0092,2,명사;한자 읽기,w_cecac0f655fafa75,N1,verified,
w_e84847a82950de49,N1,N1,心地よい,ここちよい,,"기분좋다,상쾌하다","기분좋다,상쾌하다;기분 좋다, 상쾌하다",i_adjective,word,1,mkt_n1;pass_n1,mkt_n1_p006_o0132;pass_n1_p004_o0029,2,い형용사;한자 읽기,w_e84847a82950de49,N1,verified,
w_2e76df4b694cf4fd,N1,N1,心構え,こころがまえ,,마음가짐,마음가짐,noun,word,1,mkt_n1;pass_n1,mkt_n1_p013_o0294;pass_n1_p026_o0777,2,명사;용법,w_2e76df4b694cf4fd,N1,verified,"pass_n1 용법 구역: 원본 보존, 앱 단어 목록 제외"
w_7e95c5f151ec1f1e,N1,N1,心無い,こころない,,"철이없다,매정하다","철이없다,매정하다",i_adjective,word,1,mkt_n1,mkt_n1_p006_o0133,1,い형용사,w_7e95c5f151ec1f1e,N1,verified,
w_2f6a9fc6443185d8,N1,N1,心細い,こころぼそい,,불안하다,불안하다,adjective,word,1,pass_n1,pass_n1_p010_o0237,1,문맥 규정,w_2f6a9fc6443185d8,N1,verified,
w_3761b61031805586,N1,N1,心遣い,こころづかい,,배려,배려,verb,word,1,pass_n1,pass_n1_p007_o0129,1,한자 읽기,w_3761b61031805586,N1,verified,
w_04b273485f341a91,N1,N1,忍ぶ,しのぶ,,"숨다,견디다","숨다,견디다",verb,word,1,mkt_n1,mkt_n1_p003_o0053,1,동사,w_04b273485f341a91,N1,verified,
w_0aaadfa3ea2dd309,N1,N1,忍耐,にんたい,,인내,인내,verb,word,1,pass_n1,pass_n1_p006_o0104,1,한자 읽기,w_0aaadfa3ea2dd309,N1,verified,
w_3779a84504df1147,N1,N1,志望,しぼう,,지망,지망,noun,word,1,mkt_n1,mkt_n1_p014_o0331,1,명사,w_3779a84504df1147,N1,verified,
w_fe117d102ce32617,N1,N1,忠告,ちゅうこく,,충고,충고,noun,word,1,pass_n1,pass_n1_p007_o0140,1,한자 읽기,w_fe117d102ce32617,N1,verified,
w_8f5e3ff7fef5ff0c,N1,N1,忠実に,ちゅうじつに,,충실히,충실히,expression,word,1,pass_n1,pass_n1_p013_o0343,1,문맥 규정,w_8f5e3ff7fef5ff0c,N1,verified,
w_09cdf9a8f3634a76,N1,N1,快い,こころよい,,기분좋다,기분좋다,i_adjective,word,1,mkt_n1,mkt_n1_p007_o0134,1,い형용사,w_09cdf9a8f3634a76,N1,verified,
w_74b1090c1011badd,N1,N1,快挙,かいきょ,,쾌거,쾌거,noun,word,1,pass_n1,pass_n1_p014_o0356,1,문맥 규정,w_74b1090c1011badd,N1,verified,
w_d3d8586dcfb08d99,N1,N1,念頭,ねんとう,,"염두,마음속","염두,마음속;염두",noun,word,1,mkt_n1;pass_n1,mkt_n1_p016_o0407;pass_n1_p010_o0229,2,명사;문맥 규정,w_d3d8586dcfb08d99,N1,verified,문자 좌표 검증 완료; 선형 텍스트 레이어 순서 불일치
w_9562835ed9bbb5d8,N1,N1,念願,ねんがん,,염원,염원,noun,word,1,mkt_n1;pass_n1,mkt_n1_p016_o0406;pass_n1_p009_o0182;pass_n1_p011_o0276;pass_n1_p013_o0345,4,명사;문맥 규정,w_9562835ed9bbb5d8,N1,verified,
w_e557218ae2dc353f,N1,N1,思い詰める,おもいつめる,,골몰하다,골몰하다;골똘히 생각하다,verb,word,1,mkt_n1;pass_n1,mkt_n1_p002_o0027;pass_n1_p026_o0788,2,동사;용법,w_e557218ae2dc353f,N1,verified,"pass_n1 용법 구역: 원본 보존, 앱 단어 목록 제외"
w_266cc2957a7a7159,N1,N1,思い返す,おもいかえす,,돌아보다,돌아보다,verb,word,1,mkt_n1;pass_n1,mkt_n1_p002_o0026;pass_n1_p017_o0482,2,동사;유의어,w_266cc2957a7a7159,N1,verified,"문자 좌표 검증 완료; 선형 텍스트 레이어 순서 불일치; pass_n1 유의어 구역: 원본 보존, 앱 단어 목록 제외"
w_31f4845c87d90b85,N1,N1,怠る,おこたる,,"게을리하다,소홀히하다","게을리하다,소홀히하다;소홀히하다;게을리하다, 소홀히 하다;소홀히 하다, 태만히 하다",verb,word,1,mkt_n1;pass_n1,mkt_n1_p002_o0020;pass_n1_p006_o0093;pass_n1_p025_o0749;pass_n1_p028_o0847,4,동사;한자 읽기;용법,w_31f4845c87d90b85,N1,verified,"pass_n1 용법 구역: 원본 보존, 앱 단어 목록 제외"
w_44c0bcb9bd3fe519,N1,N1,急かす,せかす,,재촉하다 <자동사>다가오다,재촉하다 <자동사>다가오다,verb,word,1,mkt_n1,mkt_n1_p003_o0056,1,동사,w_44c0bcb9bd3fe519,N1,verified,
w_ead7e4690ccf4617,N1,N1,急遽,きゅうきょ,,"급거,갑작스럽게","급거,갑작스럽게;급거, 갑작스럽게",adverb,word,1,mkt_n1;pass_n1,mkt_n1_p019_o0484;pass_n1_p009_o0207,2,부사;문맥 규정,w_ead7e4690ccf4617,N1,verified,
w_c99b250de4d4b4d7,N1,N1,性急な,せいきゅうな,,성급한,성급한,na_adjective,word,1,mkt_n1,mkt_n1_p008_o0177,1,な형용사,w_c99b250de4d4b4d7,N1,verified,
w_fa8beb52eeb481b2,N1,N1,恨む,うらむ,,원망하다,원망하다,verb,word,1,mkt_n1,mkt_n1_p002_o0017,1,동사,w_fa8beb52eeb481b2,N1,verified,
w_0e94c5a58ac3e3d5,N1,N1,恩恵,おんけい,,은혜,은혜,noun,word,1,pass_n1,pass_n1_p008_o0148,1,한자 읽기,w_0e94c5a58ac3e3d5,N1,verified,
w_1447f7877cf10ccf,N1,N1,悟る,さとる,,깨닫다,깨닫다,verb,word,1,mkt_n1,mkt_n1_p003_o0048,1,동사,w_1447f7877cf10ccf,N1,verified,
w_6c45184e2a4fa7a0,N1,N1,惑わす,まどわすまぬかれる,,"혼란시키다,현혹시키다","혼란시키다,현혹시키다",verb,word,1,mkt_n1,mkt_n1_p005_o0110,1,동사,w_6c45184e2a4fa7a0,N1,verified,
w_ed80884584f8d49a,N1,N1,愉快な,ゆかいな,,유쾌한,유쾌한,na_adjective,word,1,mkt_n1,mkt_n1_p009_o0195,1,な형용사,w_ed80884584f8d49a,N1,verified,
w_4b9caba42e65b1c9,N1,N1,意地,いじ,,고집,고집,noun,word,1,mkt_n1,mkt_n1_p010_o0207,1,명사,w_4b9caba42e65b1c9,N1,verified,
w_cfd45df00e8918fe,N1,N1,意気込み,いきごみ,,"패기,의욕","패기,의욕;열의, 패기",noun,word,1,mkt_n1;pass_n1,mkt_n1_p010_o0204;pass_n1_p018_o0523,2,명사;유의어,w_cfd45df00e8918fe,N1,verified,"pass_n1 유의어 구역: 원본 보존, 앱 단어 목록 제외"
w_c611f279483773aa,N1,N1,愚かな,おろかな,,어리석은,어리석은,na_adjective,word,1,mkt_n1,mkt_n1_p007_o0150,1,な형용사,w_c611f279483773aa,N1,verified,
w_02556a9f75b82a91,N1,N1,愛着,あいちゃく,,애착,애착,verb,word,1,pass_n1,pass_n1_p011_o0259,1,문맥 규정,w_02556a9f75b82a91,N1,verified,
w_312ee35c9e605a75,N1,N1,感染,かんせん,,감염,감염,noun,word,1,mkt_n1,mkt_n1_p011_o0244,1,명사,w_312ee35c9e605a75,N1,verified,
w_548d733441b8547d,N1,N1,慎む,つつしむ,,삼가다,삼가다,verb,word,1,mkt_n1,mkt_n1_p004_o0071,1,동사,w_548d733441b8547d,N1,verified,
w_98d55f56a15ab826,N1,N1,慕う,したう,,"사모하다,추앙하다","사모하다,추앙하다;(1) 그리워하다 (2) 따르다, 우러르다",verb,word,1,mkt_n1;pass_n1,mkt_n1_p003_o0052;pass_n1_p007_o0141,2,동사;한자 읽기,w_98d55f56a15ab826,N1,verified,
w_c7847c394363e398,N1,N1,慕われる,したわれる,,"추앙받다, 존경받다","추앙받다, 존경받다",expression,word,1,pass_n1,pass_n1_p005_o0065,1,한자 읽기,w_c7847c394363e398,N1,verified,
w_23ce4ea144f00b0e,N1,N1,慣例,かんれい,,관례,관례,noun,word,1,mkt_n1,mkt_n1_p011_o0247,1,명사,w_23ce4ea144f00b0e,N1,verified,
w_4fa49d0da0a0bfd0,N1,N1,憤り,いきどおり,,분노,분노,noun,word,1,mkt_n1;pass_n1,mkt_n1_p010_o0205;pass_n1_p005_o0038,2,명사;한자 읽기,w_4fa49d0da0a0bfd0,N1,verified,
w_b0a6a9e3176bf9e1,N1,N1,憤る,いきどおる,,"분노하다, 분개하다","분노하다, 분개하다",verb,word,1,pass_n1,pass_n1_p007_o0130,1,한자 읽기,w_b0a6a9e3176bf9e1,N1,verified,
w_3ea04ea71c18c724,N1,N1,憤慨,ふんがい,,분개,분개,noun,word,1,mkt_n1,mkt_n1_p017_o0434,1,명사,w_3ea04ea71c18c724,N1,verified,
w_e5e322f5b3efb2db,N1,N1,憩い,いこい,,휴식,휴식,noun,word,1,mkt_n1;pass_n1,mkt_n1_p010_o0206;pass_n1_p005_o0039,2,명사;한자 읽기,w_e5e322f5b3efb2db,N1,verified,
w_619f7b2e7bfb58f4,N1,N1,戒める,いましめる,,"훈계하다,경고하다","훈계하다,경고하다;(1) 훈계하다 (2) 금지하다",verb,word,1,mkt_n1;pass_n1,mkt_n1_p002_o0010;pass_n1_p006_o0101;pass_n1_p008_o0167,3,동사;한자 읽기,w_619f7b2e7bfb58f4,N1,verified,
w_71b3c2fa37f0e870,N1,N1,戸惑う,とまどう,,"어리둥절해하다,당황하다","어리둥절해하다,당황하다;어리둥절해하다, 당황하다",verb,word,1,mkt_n1;pass_n1,mkt_n1_p004_o0081;pass_n1_p019_o0537,2,동사;유의어,w_71b3c2fa37f0e870,N1,verified,"pass_n1 유의어 구역: 원본 보존, 앱 단어 목록 제외"
w_552f28c71c990cc0,N1,N1,手分け,てわけ,,분담,"분담;분담, 나눔",noun,word,1,mkt_n1;pass_n1,mkt_n1_p016_o0395;pass_n1_p022_o0661,2,명사;유의어,w_552f28c71c990cc0,N1,verified,"pass_n1 유의어 구역: 원본 보존, 앱 단어 목록 제외"
w_0a296f21cc4bcccb,N1,N1,手薄な,てうすな,,"허술한,불충분한","허술한,불충분한;허술한, 불충분한",na_adjective,word,1,mkt_n1;pass_n1,mkt_n1_p009_o0183;pass_n1_p004_o0007,2,な형용사;한자 읽기,w_0a296f21cc4bcccb,N1,verified,
w_2a2702f1f74ccfdc,N1,N1,手足まとい,てあしまとい,,"방해, 훼방, 걸림돌","방해, 훼방, 걸림돌",expression,word,1,pass_n1,pass_n1_p014_o0369,1,문맥 규정,w_2a2702f1f74ccfdc,N1,verified,
w_d24e394b9a5c0456,N1,N1,手配,てはい,,(1) 준비 (2) 수배,(1) 준비 (2) 수배,noun,word,1,pass_n1,pass_n1_p014_o0360,1,문맥 규정,w_d24e394b9a5c0456,N1,verified,
w_5cec55130734fb81,N1,N1,手間,てま,,수고,수고,noun,word,1,mkt_n1,mkt_n1_p016_o0394,1,명사,w_5cec55130734fb81,N1,verified,
w_2aa26c83fc7cbe5c,N1,N1,手際,てぎわ,,"일처리솜씨,수완","일처리솜씨,수완;일처리 솜씨, 수완",noun,word,1,mkt_n1;pass_n1,mkt_n1_p016_o0393;pass_n1_p004_o0031,2,명사;한자 읽기,w_2aa26c83fc7cbe5c,N1,verified,
w_b632b45f0b30d03e,N1,N1,打ち切る,うちきる,,중지하다,중지하다,verb,word,1,mkt_n1,mkt_n1_p002_o0012,1,동사,w_b632b45f0b30d03e,N1,verified,
w_f5b156d34a2300a2,N1,N1,打ち込む,うちこむ,,"몰두하다,몰입하다","몰두하다,몰입하다;몰입하다, 몰두하다;(1) 열중하다 (2) 박아넣다",verb,word,1,mkt_n1;pass_n1,mkt_n1_p002_o0013;pass_n1_p017_o0477;pass_n1_p021_o0607,3,동사;유의어,w_f5b156d34a2300a2,N1,verified,"pass_n1 유의어 구역: 원본 보존, 앱 단어 목록 제외"
w_19b870ba56899b62,N1,N1,打診,だじん,,타진,타진,expression,word,1,pass_n1,pass_n1_p011_o0280,1,문맥 규정,w_19b870ba56899b62,N1,verified,
w_042062561151aeba,N1,N1,打開,だかい,,타개,타개,noun,word,1,mkt_n1,mkt_n1_p015_o0379,1,명사,w_042062561151aeba,N1,verified,
w_47b09358d1cef743,N1,N1,払拭,ふっしょく,,불식,불식,verb,word,1,pass_n1,pass_n1_p014_o0375,1,문맥 규정,w_47b09358d1cef743,N1,verified,
w_aed729d5925e07cf,N1,N1,承認,しょうにん,,승인,승인,noun,word,1,mkt_n1,mkt_n1_p014_o0353,1,명사,w_aed729d5925e07cf,N1,verified,
w_a81ea882a8fe4907,N1,N1,承諾,しょうだく,,승낙,승낙,noun,word,1,mkt_n1;pass_n1,mkt_n1_p014_o0351;pass_n1_p005_o0066,2,명사;한자 읽기,w_a81ea882a8fe4907,N1,verified,
w_46d065c8f651e23e,N1,N1,抑制,よくせい,,억제,억제,noun,word,1,mkt_n1,mkt_n1_p018_o0468,1,명사,w_46d065c8f651e23e,N1,verified,
w_f5b6e76824842fac,N1,N1,抗議,こうぎ,,항의,항의,noun,word,1,mkt_n1,mkt_n1_p012_o0287,1,명사,w_f5b6e76824842fac,N1,verified,
w_43add0a32da69d49,N1,N1,抜粋,ばっすい,,발췌,발췌,noun,word,1,mkt_n1;pass_n1,mkt_n1_p017_o0415;pass_n1_p009_o0197;pass_n1_p027_o0825,3,명사;문맥 규정;용법,w_43add0a32da69d49,N1,verified,"pass_n1 용법 구역: 원본 보존, 앱 단어 목록 제외"
w_c45dbcc25b8ccd67,N1,N1,抜群,ばつぐん,,"발군,매우뛰어남","발군,매우뛰어남",noun,word,1,mkt_n1,mkt_n1_p017_o0414,1,명사,w_c45dbcc25b8ccd67,N1,verified,
w_3f1c2701ee4d167c,N1,N1,披露する,ひろうする,,"피로하다, 공개하다","피로하다, 공개하다",verb,word,1,pass_n1,pass_n1_p007_o0115,1,한자 읽기,w_3f1c2701ee4d167c,N1,verified,
w_8883080375d6fc63,N1,N1,抱負,ほうふ,,포부,포부,,word,1,pass_n1,pass_n1_p008_o0171;pass_n1_p019_o0557,2,한자 읽기;유의어,,,verified,"pass_n1 유의어 구역: 원본 보존, 앱 단어 목록 제외"
w_74ec49364a6d926f,N1,N1,抽選,ちゅうせん,,추첨,추첨,noun,word,1,mkt_n1,mkt_n1_p016_o0387,1,명사,w_74ec49364a6d926f,N1,verified,
w_ea296c8603d64657,N1,N1,拒む,こばむ,,"거부하다,저지하다","거부하다,저지하다;거부하다",verb,word,1,mkt_n1;pass_n1,mkt_n1_p003_o0042;pass_n1_p005_o0053,2,동사;한자 읽기,w_ea296c8603d64657,N1,verified,
w_95eff4982a9ae779,N1,N1,拗れる,こじれる,,"(1) (병 등이)도지다 (2) (일, 이야기, 문제 등이)꼬이다","(1) (병 등이)도지다 (2) (일, 이야기, 문제 등이)꼬이다",verb,word,1,pass_n1,pass_n1_p013_o0333,1,문맥 규정,w_95eff4982a9ae779,N1,verified,문자 좌표 검증 완료; 선형 텍스트 레이어 순서 불일치
w_e1224f159d5c953d,N1,N1,拘る,こだわる,,"집착하다,세세하게신경을쓰다","집착하다,세세하게신경을쓰다",verb,word,1,mkt_n1,mkt_n1_p003_o0041,1,동사,w_e1224f159d5c953d,N1,verified,
w_d3ca22eb86f0b77e,N1,N1,拝む,おがむ,,"절하다,경배하다","절하다,경배하다",verb,word,1,mkt_n1,mkt_n1_p002_o0019,1,동사,w_d3ca22eb86f0b77e,N1,verified,
w_d6421b0c7fb0b2ba,N1,N1,指図,さしず,,지시,지시,noun,word,1,pass_n1,pass_n1_p006_o0096,1,한자 읽기,w_d6421b0c7fb0b2ba,N1,verified,
w_6d4f793568146b67,N1,N1,振興,しんこう,,진흥,진흥,verb,word,1,pass_n1,pass_n1_p007_o0126;pass_n1_p008_o0156,2,한자 읽기,w_6d4f793568146b67,N1,verified,
w_366b4df014f1ce9e,N1,N1,捗る,はかどる,,진척되다,진척되다,verb,word,1,mkt_n1,mkt_n1_p005_o0092,1,동사,w_366b4df014f1ce9e,N1,verified,
w_f1151524cda729e4,N1,N1,授ける,さずける,,"수여하다,하사하다","수여하다,하사하다",verb,word,1,mkt_n1,mkt_n1_p003_o0046,1,동사,w_f1151524cda729e4,N1,verified,
w_342aea3d60285ee1,N1,N1,採取,さいしゅ,,채취,채취,noun,word,1,mkt_n1,mkt_n1_p013_o0303,1,명사,w_342aea3d60285ee1,N1,verified,
w_d067a8c5d51ff327,N1,N1,採算,さいさん,,채산,채산,noun,word,1,mkt_n1,mkt_n1_p013_o0302,1,명사,w_d067a8c5d51ff327,N1,verified,
w_93385bed8dd915a2,N1,N1,探知,たんち,,탐지,탐지,noun,word,1,mkt_n1,mkt_n1_p015_o0383,1,명사,w_93385bed8dd915a2,N1,verified,
w_87b3315a96692cd0,N1,N1,控える,ひかえる,,"삼가다,앞두다,기록하다","삼가다,앞두다,기록하다",verb,word,1,mkt_n1,mkt_n1_p005_o0098,1,동사,w_87b3315a96692cd0,N1,verified,
w_1e6e7ae89f707cef,N1,N1,推理,すいり,,추리,추리,noun,word,1,mkt_n1;pass_n1,mkt_n1_p015_o0365;pass_n1_p004_o0004,2,명사;한자 읽기,w_1e6e7ae89f707cef,N1,verified,
w_9e8fde6708211b1c,N1,N1,推移,すいい,,추이,추이,verb,word,1,pass_n1,pass_n1_p012_o0310,1,문맥 규정,w_9e8fde6708211b1c,N1,verified,
w_f399a50fe8ce5b1f,N1,N1,措置,そち,,조치,조치,noun,word,1,pass_n1,pass_n1_p007_o0125,1,한자 읽기,w_f399a50fe8ce5b1f,N1,verified,
w_3330d8986fb2f344,N1,N1,掲げる,かかげる,,"내걸다,내세우다","내걸다,내세우다;내걸다",verb,word,1,mkt_n1;pass_n1,mkt_n1_p003_o0031;pass_n1_p014_o0371,2,동사;문맥 규정,w_3330d8986fb2f344,N1,verified,
w_f2cbcefac0f33503,N1,N1,提起,ていき,,제기,제기,noun,word,1,mkt_n1;pass_n1,mkt_n1_p016_o0391;pass_n1_p027_o0810,2,명사;용법,w_f2cbcefac0f33503,N1,verified,"pass_n1 용법 구역: 원본 보존, 앱 단어 목록 제외"
w_b7fb2d1b7a4d50eb,N1,N1,揺らぐ,ゆらぐ,,흔들리다,흔들리다,verb,word,1,mkt_n1;pass_n1,mkt_n1_p006_o0120;pass_n1_p010_o0243,2,동사;문맥 규정,w_b7fb2d1b7a4d50eb,N1,verified,
w_c663ddeed757b29f,N1,N1,揺るがす,ゆるがす,,뒤흔들다,뒤흔들다,verb,word,1,mkt_n1,mkt_n1_p006_o0121,1,동사,w_c663ddeed757b29f,N1,verified,
w_1c1514fbab9e082f,N1,N1,損なう,そこなう,,"파손하다,손상시키다","파손하다,손상시키다;손상시키다",verb,word,1,mkt_n1;pass_n1,mkt_n1_p004_o0058;pass_n1_p026_o0779,2,동사;용법,w_1c1514fbab9e082f,N1,verified,"pass_n1 용법 구역: 원본 보존, 앱 단어 목록 제외"
w_09b5cb042d1d117b,N1,N1,携わる,たずさわる,,종사하다,종사하다,verb,word,1,mkt_n1;pass_n1,mkt_n1_p004_o0062;pass_n1_p026_o0781,2,동사;용법,w_09b5cb042d1d117b,N1,verified,"pass_n1 용법 구역: 원본 보존, 앱 단어 목록 제외"
w_1ca8ab161ef50a7f,N1,N1,摂取,せっしゅ,,섭취,섭취,noun,word,1,mkt_n1,mkt_n1_p015_o0367,1,명사,w_1ca8ab161ef50a7f,N1,verified,
w_d3f17036d33858fe,N1,N1,摩擦,まさつ,,마찰,마찰,noun,word,1,mkt_n1,mkt_n1_p018_o0445,1,명사,w_d3f17036d33858fe,N1,verified,
w_4068afd4fe6ce634,N1,N1,撤去,てっきょ,,철거,철거,verb,word,1,pass_n1,pass_n1_p012_o0318,1,문맥 규정,w_4068afd4fe6ce634,N1,verified,
w_fa9a779280995563,N1,N1,支援,しえん,,지원,지원,noun,word,1,mkt_n1;pass_n1,mkt_n1_p013_o0317;pass_n1_p017_o0468,2,명사;유의어,w_fa9a779280995563,N1,verified,"문자 좌표 검증 완료; 선형 텍스트 레이어 순서 불일치; pass_n1 유의어 구역: 원본 보존, 앱 단어 목록 제외"
w_37e6f0d1357abdd1,N1,N1,支障,ししょう,,지장,지장,noun,word,1,mkt_n1;pass_n1,mkt_n1_p014_o0322;pass_n1_p010_o0238,2,명사;문맥 규정,w_37e6f0d1357abdd1,N1,verified,
w_bcf5aa0b13df70fa,N1,N1,改訂版,かいていばん,,개정판,개정판,noun,word,1,pass_n1,pass_n1_p009_o0205,1,문맥 규정,w_bcf5aa0b13df70fa,N1,verified,
w_03f9f008503dfad8,N1,N1,改革,かいかく,,개혁,개혁,noun,word,1,mkt_n1;pass_n1,mkt_n1_p010_o0227;pass_n1_p004_o0025,2,명사;한자 읽기,w_03f9f008503dfad8,N1,verified,
w_e3339a52f44e5f6e,N1,N1,救援,きゅうえん,,구원,구원,noun,word,1,mkt_n1,mkt_n1_p011_o0259,1,명사,w_e3339a52f44e5f6e,N1,verified,
w_50a29bf08ddd7b7f,N1,N1,教訓,きょうくん,,교훈,교훈,noun,word,1,mkt_n1;pass_n1,mkt_n1_p012_o0263;pass_n1_p011_o0262,2,명사;문맥 규정,w_50a29bf08ddd7b7f,N1,verified,
w_bd42e10de1277320,N1,N1,敬う,うやまう,,공경하다,공경하다,verb,word,1,mkt_n1,mkt_n1_p002_o0016,1,동사,w_bd42e10de1277320,N1,verified,
w_7a93e86c2017c8e2,N1,N1,断念,だんねん,,단념,단념,noun,word,1,mkt_n1,mkt_n1_p016_o0384,1,명사,w_7a93e86c2017c8e2,N1,verified,
w_624467d19650e190,N1,N1,施す,ほどこす,,"베풀다,행하다","베풀다,행하다;(1)베풀다 (2)(장식, 세공, 가공 등을)하다",verb,word,1,mkt_n1;pass_n1,mkt_n1_p005_o0107;pass_n1_p013_o0323,2,동사;문맥 규정,w_624467d19650e190,N1,verified,
w_ed7afa22b6d758dd,N1,N1,施錠する,せじょうする,,"자물쇠를 채우다, 잠그다","자물쇠를 채우다, 잠그다",verb,word,1,pass_n1,pass_n1_p007_o0142,1,한자 읽기,w_ed7afa22b6d758dd,N1,verified,
w_ec18c8a504eb5bf0,N1,N1,日夜,にちや,,"밤낮,늘","밤낮,늘;밤낮, 늘",noun,word,1,mkt_n1;pass_n1,mkt_n1_p016_o0405;pass_n1_p005_o0046,2,명사;한자 읽기,w_ec18c8a504eb5bf0,N1,verified,
w_5a53c24529898048,N1,N1,早急に,さっきゅうに,,조속히,조속히,adverb,word,1,mkt_n1,mkt_n1_p019_o0488,1,부사,w_5a53c24529898048,N1,verified,
w_99515685bc17411a,N1,N1,旺盛だ,おうせいだ,,왕성하다,왕성하다,expression,word,1,pass_n1,pass_n1_p013_o0322,1,문맥 규정,w_99515685bc17411a,N1,verified,
w_0f4547ab8f088f70,N1,N1,明かす,あかす,,"밝히다,털어놓다","밝히다,털어놓다",verb,word,1,mkt_n1,mkt_n1_p002_o0001,1,동사,w_0f4547ab8f088f70,N1,verified,
w_03f7773cdec891d7,N1,N1,明暗,めいあん,,명암,명암,noun,word,1,mkt_n1,mkt_n1_p018_o0454,1,명사,w_03f7773cdec891d7,N1,verified,
w_3bc6aac33035efc3,N1,N1,映える,はえる,,(1) 아름답게 빛나다 (2) 잘 어울리다,(1) 아름답게 빛나다 (2) 잘 어울리다,verb,word,1,pass_n1,pass_n1_p007_o0114,1,한자 읽기,w_3bc6aac33035efc3,N1,verified,
w_b8dfc0821a74c355,N1,N1,普及,ふきゅう,,보급,보급,noun,word,1,mkt_n1,mkt_n1_p017_o0425,1,명사,w_b8dfc0821a74c355,N1,verified,
w_d06270d2100b5a7c,N1,N1,暗闇,くらやみ,,어둠,어둠,noun,word,1,mkt_n1,mkt_n1_p012_o0275,1,명사,w_d06270d2100b5a7c,N1,verified,
w_78dccf1c079556e1,N1,N1,暴露,ばくろ,,폭로,폭로,noun,word,1,mkt_n1;pass_n1,mkt_n1_p016_o0411;pass_n1_p006_o0089,2,명사;한자 읽기,w_78dccf1c079556e1,N1,verified,
w_f9a87c871b488d2d,N1,N1,有数,ゆうすう,,"유수,굴지,손꼽음","유수,굴지,손꼽음",noun,word,1,mkt_n1,mkt_n1_p018_o0465,1,명사,w_f9a87c871b488d2d,N1,verified,
w_de183face04cafac,N1,N1,朗らかな,ほがらかな,,명랑한,명랑한,expression,word,1,pass_n1,pass_n1_p008_o0155,1,한자 읽기,w_de183face04cafac,N1,verified,
w_893770c5ac9cbc04,N1,N1,朗報,ろうほう,,"낭보,희소식","낭보,희소식;낭보, 희소식",noun,word,1,mkt_n1;pass_n1,mkt_n1_p019_o0475;pass_n1_p015_o0397,2,명사;유의어,w_893770c5ac9cbc04,N1,verified,"문자 좌표 검증 완료; 선형 텍스트 레이어 순서 불일치; pass_n1 유의어 구역: 원본 보존, 앱 단어 목록 제외"
w_c40bfb760f43f835,N1,N1,本筋,ほんすじ,,"본론,본줄거리","본론,본줄거리;본론, 본 줄거리",noun,word,1,mkt_n1;pass_n1,mkt_n1_p017_o0443;pass_n1_p004_o0012,2,명사;한자 읽기,w_c40bfb760f43f835,N1,verified,
w_06f956dc9fbbb0bd,N1,N1,本音,ほんね,,"본심,속내","본심,속내;본심, 속내",noun,word,1,mkt_n1;pass_n1,mkt_n1_p017_o0444;pass_n1_p009_o0186,2,명사;문맥 규정,w_06f956dc9fbbb0bd,N1,verified,
w_58223d6e37dec2ed,N1,N1,束縛,そくばく,,속박,속박,noun,word,1,mkt_n1,mkt_n1_p015_o0373,1,명사,w_58223d6e37dec2ed,N1,verified,
w_9ce47d4ee51d3d52,N1,N1,枠,わく,,"틀,테두리","틀,테두리;틀, 테두리",noun,word,1,mkt_n1;pass_n1,mkt_n1_p019_o0477;pass_n1_p004_o0036,2,명사;한자 읽기,w_9ce47d4ee51d3d52,N1,verified,
w_2c35f32f454702d8,N1,N1,枯渇,こかつ,,고갈,고갈,verb,word,1,pass_n1,pass_n1_p007_o0135,1,한자 읽기,w_2c35f32f454702d8,N1,verified,
w_8e025abd6e1b3a24,N1,N1,染みる,しみる,,"스며들다, 배다","스며들다, 배다",verb,word,1,pass_n1,pass_n1_p011_o0264,1,문맥 규정,w_8e025abd6e1b3a24,N1,verified,
w_91a5257706871c06,N1,N1,柔軟な,じゅうなんな,,유연한,유연한,na_adjective,word,1,mkt_n1,mkt_n1_p008_o0173,1,な형용사,w_91a5257706871c06,N1,verified,
w_0452fceca63971dc,N1,N1,核心,かくしん,,핵심,핵심,noun,word,1,mkt_n1,mkt_n1_p011_o0232,1,명사,w_0452fceca63971dc,N1,verified,
w_47d0d8e1195beecf,N1,N1,根底,こんてい,,"근저, 근본, 밑바닥","근저, 근본, 밑바닥",noun,word,1,pass_n1,pass_n1_p014_o0363,1,문맥 규정,w_47d0d8e1195beecf,N1,verified,
w_b0415a5ea0770708,N1,N1,根拠,こんきょ,,근거,근거,noun,word,1,mkt_n1;pass_n1,mkt_n1_p013_o0298;pass_n1_p004_o0018,2,명사;한자 읽기,w_b0415a5ea0770708,N1,verified,
w_53f4f7debcf5ea99,N1,N1,根源,こんげん,,근원,근원,noun,word,1,mkt_n1,mkt_n1_p013_o0299,1,명사,w_53f4f7debcf5ea99,N1,verified,
w_9bbd560585f647bf,N1,N1,格段,かくだん,,"현격함,차이가큼","현격함,차이가큼",noun,word,1,mkt_n1,mkt_n1_p011_o0234,1,명사,w_9bbd560585f647bf,N1,verified,
w_7dfb0eaaa0b0e7a6,N1,N1,栽培,さいばい,,재배,재배,noun,word,1,mkt_n1,mkt_n1_p013_o0306,1,명사,w_7dfb0eaaa0b0e7a6,N1,verified,
w_0dd1265be1f3b283,N1,N1,案の定,あんのじょう,,"역시,예상대로","역시,예상대로;역시, 예상대로",adverb,word,1,mkt_n1;pass_n1,mkt_n1_p019_o0480;pass_n1_p017_o0473,2,부사;유의어,w_0dd1265be1f3b283,N1,verified,"pass_n1 유의어 구역: 원본 보존, 앱 단어 목록 제외"
w_527b51da6a9af8c1,N1,N1,極めて,きわめて,,"매우,지극히","매우,지극히;매우, 지극히",adverb,word,1,mkt_n1;pass_n1,mkt_n1_p019_o0486;pass_n1_p004_o0002,2,부사;한자 읽기,w_527b51da6a9af8c1,N1,verified,
w_3b46c5ba11724d4b,N1,N1,極力,きょくりょく,,"극력,힘껏","극력,힘껏;극력, 힘껏;될 수 있는 한",adverb,word,1,mkt_n1;pass_n1,mkt_n1_p019_o0485;pass_n1_p015_o0407;pass_n1_p020_o0595,3,부사;유의어,w_3b46c5ba11724d4b,N1,verified,"문자 좌표 검증 완료; 선형 텍스트 레이어 순서 불일치; pass_n1 유의어 구역: 원본 보존, 앱 단어 목록 제외;pass_n1 유의어 구역: 원본 보존, 앱 단어 목록 제외"
w_9a4c51456e181491,N1,N1,極端な,きょくたんな,,극단적인,극단적인,na_adjective,word,1,mkt_n1,mkt_n1_p008_o0164,1,な형용사,w_9a4c51456e181491,N1,verified,
w_684ed022aa569bd5,N1,N1,概略,がいりゃく,,개략,개략,noun,word,1,mkt_n1;pass_n1,mkt_n1_p011_o0231;pass_n1_p005_o0050,2,명사;한자 읽기,w_684ed022aa569bd5,N1,verified,
w_037ca03be8adf4d5,N1,N1,権威,けんい,,권위,권위,noun,word,1,mkt_n1,mkt_n1_p012_o0283,1,명사,w_037ca03be8adf4d5,N1,verified,
w_746d61e272b8cc2f,N1,N1,樹木,じゅもく,,수목(큰나무),수목(큰나무);수목(커다란 나무),noun,word,1,mkt_n1;pass_n1,mkt_n1_p014_o0345;pass_n1_p006_o0077,2,명사;한자 읽기,w_746d61e272b8cc2f,N1,verified,
w_bae1caaef7421b8b,N1,N1,欠如,けつじょ,,결여,결여,noun,word,1,mkt_n1,mkt_n1_p012_o0280,1,명사,w_bae1caaef7421b8b,N1,verified,
w_85638b6e82329490,N1,N1,欠陥,けっかん,,결함,결함,noun,word,1,mkt_n1,mkt_n1_p012_o0279,1,명사,w_85638b6e82329490,N1,verified,
w_11f1f49399d0dc43,N1,N1,歓迎,かんげい,,환영,환영,noun,word,1,mkt_n1,mkt_n1_p011_o0241,1,명사,w_11f1f49399d0dc43,N1,verified,
w_a0a952395e3c5dab,N1,N1,歩む,あゆむ,,"걷다,나아가다","걷다,나아가다",verb,word,1,mkt_n1,mkt_n1_p002_o0004,1,동사,w_a0a952395e3c5dab,N1,verified,
w_acc5104c96bffa73,N1,N1,歴然と,れきぜんと,,"역연히,또렷하게","역연히,또렷하게",adverb,word,1,mkt_n1,mkt_n1_p020_o0500,1,부사,w_acc5104c96bffa73,N1,verified,
w_c2f2731ceb3bad23,N1,N1,歴然としている,れきぜんとしている,,"역력하다, 뚜렷하다, 분명하다","역력하다, 뚜렷하다, 분명하다;역연하다, 또렷하다",,word,1,pass_n1,pass_n1_p012_o0313;pass_n1_p016_o0423,2,문맥 규정;유의어,,,verified,"pass_n1 유의어 구역: 원본 보존, 앱 단어 목록 제외"
w_19d5f39f406ec682,N1,N1,殊に,ことに,,특히,특히,adverb,word,1,mkt_n1,mkt_n1_p019_o0487,1,부사,w_19d5f39f406ec682,N1,verified,
w_9bbd819821229982,N1,N1,殺到,さっとう,,쇄도(세차게몰려듦),쇄도(세차게몰려듦),noun,word,1,mkt_n1,mkt_n1_p013_o0311,1,명사,w_9bbd819821229982,N1,verified,
w_6c237cb66e2a41b0,N1,N1,殺菌,さっきん,,살균,살균,noun,word,1,mkt_n1;pass_n1,mkt_n1_p013_o0309;pass_n1_p006_o0087,2,명사;한자 읽기,w_6c237cb66e2a41b0,N1,verified,
w_21c103cb7b4545dc,N1,N1,気がかり,きがかり,,"걱정, 불안, 근심","걱정, 불안, 근심",adjective,word,1,pass_n1,pass_n1_p012_o0309,1,문맥 규정,w_21c103cb7b4545dc,N1,verified,
w_3abaccd86c46d2c2,N1,N1,気配,けはい,,"기미,기색","기미,기색;기미, 기색",noun,word,1,mkt_n1;pass_n1,mkt_n1_p012_o0282;pass_n1_p026_o0767,2,명사;용법,w_3abaccd86c46d2c2,N1,verified,"pass_n1 용법 구역: 원본 보존, 앱 단어 목록 제외"
w_8cb3134b514d1a2f,N1,N1,沈下,ちんか,,침하,침하,verb,word,1,pass_n1,pass_n1_p007_o0143,1,한자 읽기,w_8cb3134b514d1a2f,N1,verified,
w_72357ee8a9309684,N1,N1,没頭,ぼっとう,,몰두,몰두,noun,word,1,mkt_n1,mkt_n1_p017_o0442,1,명사,w_72357ee8a9309684,N1,verified,
w_a67d625c78b32632,N1,N1,油断,ゆだん,,방심,방심,noun,word,1,mkt_n1,mkt_n1_p018_o0467,1,명사,w_a67d625c78b32632,N1,verified,
w_75c0133793da000e,N1,N1,治癒する,ちゆする,,치유하다,치유하다,verb,word,1,pass_n1,pass_n1_p007_o0132,1,한자 읽기,w_75c0133793da000e,N1,verified,
w_d9eb0b91ecf54072,N1,N1,波及,はきゅう,,파급,파급,noun,word,1,mkt_n1,mkt_n1_p016_o0410,1,명사,w_d9eb0b91ecf54072,N1,verified,
w_f6c6f0f0cad6ce74,N1,N1,注意深い,ちゅういぶかい,,"주의깊다,신중하다","주의깊다,신중하다",i_adjective,word,1,mkt_n1,mkt_n1_p007_o0137,1,い형용사,w_f6c6f0f0cad6ce74,N1,verified,
w_4150da4853e06dc8,N1,N1,派生,はせい,,파생,파생,verb,word,1,pass_n1,pass_n1_p007_o0146,1,한자 읽기,w_4150da4853e06dc8,N1,verified,
w_5f62730ecca73845,N1,N1,流出,りゅうしゅつ,,유출,유출,verb,word,1,pass_n1,pass_n1_p011_o0272,1,문맥 규정,w_5f62730ecca73845,N1,verified,
w_dd5d74cfd523e4b5,N1,N1,浮かれる,うかれる,,"들뜨다,신나다","들뜨다,신나다",verb,word,1,mkt_n1,mkt_n1_p002_o0011,1,동사,w_dd5d74cfd523e4b5,N1,verified,
w_a02bcf3ec853fef2,N1,N1,淡い,あわい,,"연하다,흐리다","연하다,흐리다;연하다, 흐리다",i_adjective,word,1,mkt_n1;pass_n1,mkt_n1_p006_o0126;pass_n1_p005_o0062,2,い형용사;한자 읽기,w_a02bcf3ec853fef2,N1,verified,
w_b3c860ae73c501a2,N1,N1,添付,てんぷ,,첨부,첨부,noun,word,1,mkt_n1;pass_n1,mkt_n1_p016_o0398;pass_n1_p005_o0068,2,명사;한자 읽기,w_b3c860ae73c501a2,N1,verified,
w_b5e838ffb4c969a6,N1,N1,清い,きよい,,"맑다,깨끗하다","맑다,깨끗하다",i_adjective,word,1,mkt_n1,mkt_n1_p006_o0131,1,い형용사,w_b5e838ffb4c969a6,N1,verified,
w_b5cf00184a85a186,N1,N1,満喫,まんきつ,,만끽,만끽,noun,word,1,mkt_n1,mkt_n1_p018_o0446,1,명사,w_b5cf00184a85a186,N1,verified,
w_014e25ff7ca1690d,N1,N1,滅びる,ほろびる,,멸망하다,멸망하다,verb,word,1,mkt_n1;pass_n1,mkt_n1_p005_o0108;pass_n1_p027_o0813,2,동사;용법,w_014e25ff7ca1690d,N1,verified,"pass_n1 용법 구역: 원본 보존, 앱 단어 목록 제외"
w_4dc1753d472a2037,N1,N1,滞る,とどこおる,,"막히다,밀리다","막히다,밀리다;밀리다, 정체되다",verb,word,1,mkt_n1;pass_n1,mkt_n1_p004_o0079;pass_n1_p006_o0107,2,동사;한자 읽기,w_4dc1753d472a2037,N1,verified,
w_c28ac016fb366109,N1,N1,漂う,ただよう,,"떠돌다,감돌다","떠돌다,감돌다;떠돌다, 감돌다",verb,word,1,mkt_n1;pass_n1,mkt_n1_p004_o0063;pass_n1_p005_o0056,2,동사;한자 읽기,w_c28ac016fb366109,N1,verified,
w_ad278162220ff848,N1,N1,漠然と,ばくぜんと,,막연하게,막연하게,adverb,word,1,mkt_n1;pass_n1,mkt_n1_p020_o0495;pass_n1_p004_o0023,2,부사;한자 읽기,w_ad278162220ff848,N1,verified,
w_0244640aa50f62b5,N1,N1,潔い,いさぎよい,,"깨끗하다,후련하다","깨끗하다,후련하다;(미련 없이)깨끗하다;깨끗하다, 후련하다",i_adjective,word,1,mkt_n1;pass_n1,mkt_n1_p006_o0127;pass_n1_p007_o0120;pass_n1_p024_o0725,3,い형용사;한자 읽기;용법,w_0244640aa50f62b5,N1,verified,"pass_n1 용법 구역: 원본 보존, 앱 단어 목록 제외"
w_32af6bb00d20cb83,N1,N1,潜伏,せんぷく,,잠복,잠복,verb,word,1,pass_n1,pass_n1_p008_o0154,1,한자 읽기,w_32af6bb00d20cb83,N1,verified,
w_e67065ff3fd529cd,N1,N1,潤う,うるおう,,"축축해지다,윤택해지다","축축해지다,윤택해지다;(1) 축축해지다 (2) 윤택해지다",verb,word,1,mkt_n1;pass_n1,mkt_n1_p002_o0018;pass_n1_p004_o0001,2,동사;한자 읽기,w_e67065ff3fd529cd,N1,verified,
w_6b948cdc85f0fd17,N1,N1,潤す,うるおす,,"축축하게 하다, 적시다","축축하게 하다, 적시다",verb,word,1,pass_n1,pass_n1_p006_o0085,1,한자 읽기,w_6b948cdc85f0fd17,N1,verified,
w_8b805c96245bb577,N1,N1,濫用,らんよう,,남용,남용,noun,word,1,mkt_n1,mkt_n1_p019_o0472,1,명사,w_8b805c96245bb577,N1,verified,
w_048074699d6d5d73,N1,N1,無償,むしょう,,"무상,무료","무상,무료;무상",noun,word,1,mkt_n1;pass_n1,mkt_n1_p018_o0452;pass_n1_p018_o0493,2,명사;유의어,w_048074699d6d5d73,N1,verified,"pass_n1 유의어 구역: 원본 보존, 앱 단어 목록 제외"
w_2e34312a94672c4c,N1,N1,無実,むじつ,,"억울함,무고함","억울함,무고함",noun,word,1,mkt_n1,mkt_n1_p018_o0450,1,명사,w_2e34312a94672c4c,N1,verified,
w_c9c3d74826af1981,N1,N1,無念,むねん,,"원통함,분함","원통함,분함",noun,word,1,mkt_n1,mkt_n1_p018_o0453,1,명사,w_c9c3d74826af1981,N1,verified,
w_658206ce4783caaf,N1,N1,無性に,むしょうに,,"몹시,공연히,까닭없이","몹시,공연히,까닭없이;몹시, 까닭 없이",adverb,word,1,mkt_n1;pass_n1,mkt_n1_p020_o0498;pass_n1_p010_o0230,2,부사;문맥 규정,w_658206ce4783caaf,N1,verified,문자 좌표 검증 완료; 선형 텍스트 레이어 순서 불일치
w_abbb3338182c9a74,N1,N1,無残な,むざんな,,"무참한,잔인한","무참한,잔인한",na_adjective,word,1,mkt_n1,mkt_n1_p009_o0191,1,な형용사,w_abbb3338182c9a74,N1,verified,
w_62922e188796df96,N1,N1,無謀な,むぼうな,,"무모한,천진난만한","무모한,천진난만한;무모한",na_adjective,word,1,mkt_n1;pass_n1,mkt_n1_p009_o0193;pass_n1_p009_o0201,2,な형용사;문맥 규정,w_62922e188796df96,N1,verified,
w_10160ec0acada6d8,N1,N1,無邪気な,むじゃきな,,순진한,"순진한;천진난만한, 악의 없는",na_adjective,word,1,mkt_n1;pass_n1,mkt_n1_p009_o0192;pass_n1_p023_o0676,2,な형용사;유의어,w_10160ec0acada6d8,N1,verified,"pass_n1 유의어 구역: 원본 보존, 앱 단어 목록 제외"
w_3349217a7fbfee6e,N1,N1,照会,しょうかい,,"조회,확인","조회,확인",noun,word,1,mkt_n1,mkt_n1_p014_o0348,1,명사,w_3349217a7fbfee6e,N1,verified,
w_9626fdb33e0fb4f7,N1,N1,煩わしい,わずらわしい,,"성가시다,번거롭다","성가시다,번거롭다",i_adjective,word,1,mkt_n1,mkt_n1_p007_o0147,1,い형용사,w_9626fdb33e0fb4f7,N1,verified,
w_53a7531f783a3064,N1,N1,煩雑な,はんざつな,,번잡한,번잡한,na_adjective,word,1,mkt_n1;pass_n1,mkt_n1_p009_o0186;pass_n1_p026_o0770,2,な형용사;용법,w_53a7531f783a3064,N1,verified,"pass_n1 용법 구역: 원본 보존, 앱 단어 목록 제외"
w_14b30bc2b09fa244,N1,N1,熟知,じゅくち,,숙지,숙지,verb,word,1,pass_n1,pass_n1_p013_o0332,1,문맥 규정,w_14b30bc2b09fa244,N1,verified,
w_fda9a7c006a71d7e,N1,N1,物々しい,ものものしい,,삼엄하다,삼엄하다,i_adjective,word,1,mkt_n1,mkt_n1_p007_o0146,1,い형용사,w_fda9a7c006a71d7e,N1,verified,
w_ddfdbf73a036f947,N1,N1,猛反対,もうはんたい,,맹렬한반대,맹렬한반대,noun,word,1,mkt_n1,mkt_n1_p018_o0459,1,명사,w_ddfdbf73a036f947,N1,verified,
w_5f7d2faf2ecc4e9c,N1,N1,猛烈に,もうれつに,,맹렬히,맹렬히,expression,word,1,pass_n1,pass_n1_p006_o0109,1,한자 읽기,w_5f7d2faf2ecc4e9c,N1,verified,
w_5169a0708cfcf7c6,N1,N1,献立,こんだて,,"식단,메뉴","식단,메뉴",noun,word,1,mkt_n1,mkt_n1_p013_o0300,1,명사,w_5169a0708cfcf7c6,N1,verified,
w_2fb46588020ac25a,N1,N1,獲物,えもの,,사냥감,사냥감,noun,word,1,mkt_n1,mkt_n1_p010_o0224,1,명사,w_2fb46588020ac25a,N1,verified,
w_515c6f495c4206e0,N1,N1,率いる,ひきいる,,"이끌다,인솔하다","이끌다,인솔하다",verb,word,1,mkt_n1,mkt_n1_p005_o0099,1,동사,w_515c6f495c4206e0,N1,verified,
w_df6a3abae7a48d60,N1,N1,甚だしい,はなはだしい,,심하다,심하다,i_adjective,word,1,mkt_n1,mkt_n1_p007_o0140,1,い형용사,w_df6a3abae7a48d60,N1,verified,
w_c421e3bbf7d5230b,N1,N1,由緒,ゆいしょ,,"유서,내력","유서,내력;유서, 내력",noun,word,1,mkt_n1;pass_n1,mkt_n1_p018_o0462;pass_n1_p004_o0035,2,명사;한자 읽기,w_c421e3bbf7d5230b,N1,verified,
w_2e4bd2c194875bdf,N1,N1,画一的な,かくいつてきな,,획일적인,획일적인,na_adjective,word,1,mkt_n1;pass_n1,mkt_n1_p008_o0152;pass_n1_p005_o0063,2,な형용사;한자 읽기,w_2e4bd2c194875bdf,N1,verified,
w_aa68a8b2526c2b57,N1,N1,画期的な,かっきてきな,,획기적인,획기적인,na_adjective,word,1,mkt_n1;pass_n1,mkt_n1_p008_o0154;pass_n1_p015_o0405,2,な형용사;유의어,w_aa68a8b2526c2b57,N1,verified,"pass_n1 유의어 구역: 원본 보존, 앱 단어 목록 제외"
w_244b759283766aa0,N1,N1,異色,いしょく,,"이색,매우특색있음","이색,매우특색있음;이색, 매우 특색 있음",noun,word,1,mkt_n1;pass_n1,mkt_n1_p010_o0208;pass_n1_p010_o0231,2,명사;문맥 규정,w_244b759283766aa0,N1,verified,문자 좌표 검증 완료; 선형 텍스트 레이어 순서 불일치
w_701a68ca74b0015f,N1,N1,疎かな,おろそかな,,소홀한,소홀한,na_adjective,word,1,mkt_n1,mkt_n1_p008_o0151,1,な형용사,w_701a68ca74b0015f,N1,verified,
w_499fed73ee22323e,N1,N1,疑わしい,うたがわしい,,의심스럽다,의심스럽다,i_adjective,word,1,mkt_n1,mkt_n1_p006_o0129,1,い형용사,w_499fed73ee22323e,N1,verified,
w_4c73d3318b00a1d2,N1,N1,痛感,つうかん,,통감,통감,noun,word,1,mkt_n1,mkt_n1_p016_o0390,1,명사,w_4c73d3318b00a1d2,N1,verified,
w_3bf9f7fdc42a8c1f,N1,N1,発掘,はっくつ,,발굴,발굴,noun,word,1,mkt_n1,mkt_n1_p017_o0413,1,명사,w_3bf9f7fdc42a8c1f,N1,verified,
w_6082f998d6e8518e,N1,N1,発散,はっさん,,발산,발산,,word,1,pass_n1,pass_n1_p014_o0353;pass_n1_p025_o0754,2,문맥 규정;용법,,,verified,"pass_n1 용법 구역: 원본 보존, 앱 단어 목록 제외"
w_9916fa4453afbb28,N1,N1,発端,ほったん,,발단,발단,noun,word,1,mkt_n1,mkt_n1_p017_o0441,1,명사,w_9916fa4453afbb28,N1,verified,
w_3179fd8048e18999,N1,N1,発覚,はっかく,,발각,발각,verb,word,1,pass_n1,pass_n1_p013_o0339,1,문맥 규정,w_3179fd8048e18999,N1,verified,
w_083b291b6922e358,N1,N1,発足,ほっそく,,"발족,출범","발족,출범;발족",noun,word,1,mkt_n1;pass_n1,mkt_n1_p017_o0440;pass_n1_p025_o0731;pass_n1_p027_o0812,3,명사;용법,w_083b291b6922e358,N1,verified,"문자 좌표 검증 완료; 선형 텍스트 레이어 순서 불일치; pass_n1 용법 구역: 원본 보존, 앱 단어 목록 제외;pass_n1 용법 구역: 원본 보존, 앱 단어 목록 제외"
w_1d1a7c01fa6cc5a5,N1,N1,的確な,てきかくな,,정확한,정확한,na_adjective,word,1,mkt_n1,mkt_n1_p009_o0184,1,な형용사,w_1d1a7c01fa6cc5a5,N1,verified,
w_d5896bf490038b3f,N1,N1,皮肉,ひにく,,"비꼼,빈정거림","비꼼,빈정거림;비꼼, 빈정거림",noun,word,1,mkt_n1;pass_n1,mkt_n1_p017_o0423;pass_n1_p014_o0378,2,명사;유의어,w_d5896bf490038b3f,N1,verified,"pass_n1 유의어 구역: 원본 보존, 앱 단어 목록 제외"
w_a8bf8b6572c5b0e0,N1,N1,盛大に,せいだいに,,성대하게,성대하게,expression,word,1,pass_n1,pass_n1_p012_o0298,1,문맥 규정,w_a8bf8b6572c5b0e0,N1,verified,
w_38c39e1bf0cdc97c,N1,N1,監督,かんとく,,감독,감독,noun,word,1,pass_n1,pass_n1_p007_o0145,1,한자 읽기,w_38c39e1bf0cdc97c,N1,verified,
w_f7ee96ec42aa3ad6,N1,N1,目先,めさき,,"눈앞,당장","눈앞,당장;눈앞",noun,word,1,mkt_n1;pass_n1,mkt_n1_p018_o0456;pass_n1_p013_o0325,2,명사;문맥 규정,w_f7ee96ec42aa3ad6,N1,verified,
w_a9aa64177475f988,N1,N1,目覚ましい,めざましい,,"눈부시다,주목할만하다","눈부시다,주목할만하다;눈부시다, 주목할 만하다",i_adjective,word,1,mkt_n1;pass_n1,mkt_n1_p007_o0145;pass_n1_p025_o0746,2,い형용사;용법,w_a9aa64177475f988,N1,verified,"pass_n1 용법 구역: 원본 보존, 앱 단어 목록 제외"
w_fcc8ca420b4bd989,N1,N1,直面する,ちょくめんする,,직면하다,직면하다,verb,word,1,pass_n1,pass_n1_p011_o0254,1,문맥 규정,w_fcc8ca420b4bd989,N1,verified,
w_a37bf2cffefcfe7b,N1,N1,相場,そうば,,"시세,가격의추세","시세,가격의추세;시세",noun,word,1,mkt_n1;pass_n1,mkt_n1_p015_o0372;pass_n1_p006_o0080,2,명사;한자 읽기,w_a37bf2cffefcfe7b,N1,verified,
w_f30932c319a064b5,N1,N1,省みる,かえりみる,,반성하다,반성하다,verb,word,1,mkt_n1,mkt_n1_p003_o0030,1,동사,w_f30932c319a064b5,N1,verified,
w_3ef542ab80d5d7a6,N1,N1,督促,とくそく,,독촉,독촉,noun,word,1,mkt_n1;pass_n1,mkt_n1_p016_o0403;pass_n1_p005_o0058,2,명사;한자 읽기,w_3ef542ab80d5d7a6,N1,verified,
w_0c4f436111b395ab,N1,N1,矛盾,むじゅん,,모순,모순,noun,word,1,mkt_n1;pass_n1,mkt_n1_p018_o0451;pass_n1_p008_o0159,2,명사;한자 읽기,w_0c4f436111b395ab,N1,verified,
w_0ea8dfdcbc65e1d8,N1,N1,砂漠,さばく,,사막,사막,noun,word,1,mkt_n1,mkt_n1_p013_o0314,1,명사,w_0ea8dfdcbc65e1d8,N1,verified,
w_5884632f18401631,N1,N1,砂糖,さとう,,설탕,설탕,noun,word,1,mkt_n1,mkt_n1_p013_o0313,1,명사,w_5884632f18401631,N1,verified,
w_e72e2dda31dde5ea,N1,N1,砕ける,くだける,,"부서지다, (기세 등)꺾이다","부서지다, (기세 등)꺾이다",verb,word,1,pass_n1,pass_n1_p007_o0116,1,한자 읽기,w_e72e2dda31dde5ea,N1,verified,
w_c65c62bc48b38e99,N1,N1,破損,はそん,,파손,파손,noun,word,1,mkt_n1;pass_n1,mkt_n1_p016_o0412;pass_n1_p005_o0071,2,명사;한자 읽기,w_c65c62bc48b38e99,N1,verified,
w_739512f6dd104d73,N1,N1,禁物,きんもつ,,금물,금물,noun,word,1,pass_n1,pass_n1_p012_o0305,1,문맥 규정,w_739512f6dd104d73,N1,verified,
w_2c8d1ad60751c042,N1,N1,秘める,ひめる,,"숨기다,감추다","숨기다,감추다;숨기다;(1) 숨기다 (2) 간직하다",verb,word,1,mkt_n1;pass_n1,mkt_n1_p005_o0103;pass_n1_p025_o0755;pass_n1_p028_o0862,3,동사;용법,w_2c8d1ad60751c042,N1,verified,"pass_n1 용법 구역: 원본 보존, 앱 단어 목록 제외"
w_9d47209b0cfa3586,N1,N1,秩序,ちつじょ,,질서,질서,noun,word,1,pass_n1,pass_n1_p008_o0153,1,한자 읽기,w_9d47209b0cfa3586,N1,verified,
w_638d9ceb4986a3f3,N1,N1,稼働,かどう,,가동,가동,noun,word,1,mkt_n1;pass_n1,mkt_n1_p011_o0239;pass_n1_p010_o0247,2,명사;문맥 규정,w_638d9ceb4986a3f3,N1,verified,문자 좌표 검증 완료; 선형 텍스트 레이어 순서 불일치
w_7fb6d2487bdbf821,N1,N1,積み立てる,つみたてる,,적립하다,적립하다,verb,word,1,mkt_n1,mkt_n1_p004_o0074,1,동사,w_7fb6d2487bdbf821,N1,verified,
w_7aceeb2bd1d9b5fd,N1,N1,究明,きゅうめい,,"규명,밝혀냄","규명,밝혀냄",noun,word,1,mkt_n1,mkt_n1_p012_o0260,1,명사,w_7aceeb2bd1d9b5fd,N1,verified,
w_87d7f6a57f6aac81,N1,N1,究明する,きゅうめいする,,규명하다,규명하다,verb,word,1,pass_n1,pass_n1_p009_o0208,1,문맥 규정,w_87d7f6a57f6aac81,N1,verified,
w_363d405acaaef34e,N1,N1,突き止める,つきとめる,,"밝혀내다,알아내다","밝혀내다,알아내다",verb,word,1,mkt_n1,mkt_n1_p004_o0066,1,동사,w_363d405acaaef34e,N1,verified,
w_c05cfaa2cad27aec,N1,N1,窮屈な,きゅうくつな,,"비좁은,답답한","비좁은,답답한",na_adjective,word,1,mkt_n1,mkt_n1_p008_o0161,1,な형용사,w_c05cfaa2cad27aec,N1,verified,
w_a1fb7fc7bbf38f49,N1,N1,立て替える,たてかえる,,대신하여지불하다,대신하여지불하다;대신하여 지불하다,verb,word,1,mkt_n1;pass_n1,mkt_n1_p004_o0064;pass_n1_p010_o0223,2,동사;문맥 규정,w_a1fb7fc7bbf38f49,N1,verified,
w_35a3b3ff903aca56,N1,N1,筋道,すじみち,,"조리, 사리","조리, 사리",noun,word,1,pass_n1,pass_n1_p008_o0173,1,한자 읽기,w_35a3b3ff903aca56,N1,verified,
w_ab712073b51dbf4d,N1,N1,築く,きずく,,"쌓다,구축하다","쌓다,구축하다",verb,word,1,mkt_n1,mkt_n1_p003_o0035,1,동사,w_ab712073b51dbf4d,N1,verified,
w_ad855f3ec592f3c8,N1,N1,粗い,あらい,,거칠다,거칠다,adjective,word,1,pass_n1,pass_n1_p008_o0164,1,한자 읽기,w_ad855f3ec592f3c8,N1,verified,
w_824169b48644bb9e,N1,N1,粘り強い,ねばりづよい,,끈기있다,끈기있다,i_adjective,word,1,mkt_n1,mkt_n1_p007_o0138,1,い형용사,w_824169b48644bb9e,N1,verified,
w_b41a00c79e944170,N1,N1,粘る,ねばる,,끈기 있게 버티다,끈기 있게 버티다,verb,word,1,pass_n1,pass_n1_p007_o0122,1,한자 읽기,w_b41a00c79e944170,N1,verified,
w_f9d306a7c3abbf0c,N1,N1,粘膜,ねんまく,,점막,점막,noun,word,1,pass_n1,pass_n1_p008_o0165,1,한자 읽기,w_f9d306a7c3abbf0c,N1,verified,
w_23830e0970473c94,N1,N1,精力的に,せいりょくてきに,,정력적으로,정력적으로,expression,word,1,pass_n1,pass_n1_p012_o0308,1,문맥 규정,w_23830e0970473c94,N1,verified,
w_993a165c62ba3a0c,N1,N1,精巧な,せいこうな,,정교한,정교한,na_adjective,word,1,mkt_n1,mkt_n1_p008_o0178,1,な형용사,w_993a165c62ba3a0c,N1,verified,
w_53d640902274eca8,N1,N1,糸口,いとぐち,,"단서,실마리","단서,실마리;실마리",noun,word,1,mkt_n1;pass_n1,mkt_n1_p010_o0214;pass_n1_p018_o0499,2,명사;유의어,w_53d640902274eca8,N1,verified,"pass_n1 유의어 구역: 원본 보존, 앱 단어 목록 제외"
w_d6d9b20dd65a6320,N1,N1,紙幣,しへい,,지폐,지폐,noun,word,1,mkt_n1,mkt_n1_p014_o0330,1,명사,w_d6d9b20dd65a6320,N1,verified,
w_75b449355fb3b1d9,N1,N1,紛らわしい,まぎらわしい,,"헷갈리다,혼란스럽다","헷갈리다,혼란스럽다;혼란스럽다;헷갈리다, 혼동되다",i_adjective,word,1,mkt_n1;pass_n1,mkt_n1_p007_o0144;pass_n1_p009_o0213;pass_n1_p014_o0354,3,い형용사;문맥 규정,w_75b449355fb3b1d9,N1,verified,
w_f4f59b085b066bf8,N1,N1,紛れる,まぎれる,,뒤섞이다,뒤섞이다,verb,word,1,mkt_n1;pass_n1,mkt_n1_p005_o0109;pass_n1_p011_o0257,2,동사;문맥 규정,w_f4f59b085b066bf8,N1,verified,
w_5199b70d07105436,N1,N1,素振り,そぶり,,"거동,기색","거동,기색",noun,word,1,mkt_n1,mkt_n1_p015_o0375,1,명사,w_5199b70d07105436,N1,verified,
w_3fae200701716fb5,N1,N1,素質,そしつ,,소질,소질,noun,word,1,mkt_n1,mkt_n1_p015_o0374,1,명사,w_3fae200701716fb5,N1,verified,
w_4c590aa8b5d01bae,N1,N1,細心,さいしん,,"세심함,빈틈이없음","세심함,빈틈이없음",noun,word,1,mkt_n1,mkt_n1_p013_o0304,1,명사,w_4c590aa8b5d01bae,N1,verified,
w_f5fc5e268c82afdb,N1,N1,経歴,けいれき,,경력,경력,noun,word,1,pass_n1,pass_n1_p011_o0281,1,문맥 규정,w_f5fc5e268c82afdb,N1,verified,
w_19da5c1e81c17a2b,N1,N1,経緯,けいい,,경위,"경위;경위, 자초지종",,word,1,pass_n1,pass_n1_p012_o0315;pass_n1_p027_o0803,2,문맥 규정;용법,,,verified,"pass_n1 용법 구역: 원본 보존, 앱 단어 목록 제외"
w_e9a4203e56d22d0c,N1,N1,結成,けっせい,,결성,결성,noun,word,1,pass_n1,pass_n1_p014_o0359,1,문맥 규정,w_e9a4203e56d22d0c,N1,verified,
w_9d6549730dfcd4f7,N1,N1,結束,けっそく,,결속,결속,noun,word,1,mkt_n1;pass_n1,mkt_n1_p012_o0281;pass_n1_p008_o0179,2,명사;문맥 규정,w_9d6549730dfcd4f7,N1,verified,
w_57ec5de9559aa2c5,N1,N1,絡む,からむ,,"휘감기다,관련되다","휘감기다,관련되다",verb,word,1,mkt_n1,mkt_n1_p003_o0034,1,동사,w_57ec5de9559aa2c5,N1,verified,
w_68f52b5bc51583b2,N1,N1,絶叫,ぜっきょう,,절규,절규,verb,word,1,pass_n1,pass_n1_p008_o0169,1,한자 읽기,w_68f52b5bc51583b2,N1,verified,
w_d284bcfadb7a57bc,N1,N1,網羅,もうら,,망라(모두포함),망라(모두포함);망라,noun,word,1,mkt_n1;pass_n1,mkt_n1_p018_o0460;pass_n1_p004_o0034,2,명사;한자 읽기,w_d284bcfadb7a57bc,N1,verified,
w_dabfa46a4e071045,N1,N1,綿密な,めんみつな,,면밀한,면밀한,na_adjective,word,1,mkt_n1;pass_n1,mkt_n1_p009_o0194;pass_n1_p009_o0187,2,な형용사;문맥 규정,w_dabfa46a4e071045,N1,verified,
w_7d401aa66a47fdb2,N1,N1,緊密な,きんみつな,,긴밀한,긴밀한,na_adjective,word,1,mkt_n1,mkt_n1_p008_o0165,1,な형용사,,,verified,
w_9c2e1818c1662acf,N1,N1,緊迫する,きんぱくする,,긴박하다,긴박하다,verb,word,1,pass_n1,pass_n1_p007_o0138,1,한자 읽기,w_9c2e1818c1662acf,N1,verified,
w_ff1437e0b026574c,N1,N1,総じて,そうじて,,"대체로,전반적으로","대체로,전반적으로;대체로, 전반적으로",adverb,word,1,mkt_n1;pass_n1,mkt_n1_p019_o0491;pass_n1_p025_o0753,2,부사;용법,w_ff1437e0b026574c,N1,verified,"pass_n1 용법 구역: 원본 보존, 앱 단어 목록 제외"
w_fca5ec33c5cd28f4,N1,N1,緩める,ゆるめる,,"완화하다,느슨하게하다","완화하다,느슨하게하다",verb,word,1,mkt_n1,mkt_n1_p006_o0122,1,동사,w_fca5ec33c5cd28f4,N1,verified,
w_45fe662268e74b5b,N1,N1,緩やかな,ゆるやかな,,완만한,완만한,na_adjective,word,1,mkt_n1,mkt_n1_p009_o0196,1,な형용사,w_45fe662268e74b5b,N1,verified,
w_05b282565b123366,N1,N1,緩和,かんわ,,완화,완화,noun,word,1,mkt_n1;pass_n1,mkt_n1_p011_o0248;pass_n1_p005_o0041,2,명사;한자 읽기,w_05b282565b123366,N1,verified,
w_c57913792276298c,N1,N1,練る,ねる,,"반죽하다, (계획, 문장을) 다듬다","반죽하다, (계획, 문장을) 다듬다",verb,word,1,pass_n1,pass_n1_p004_o0008,1,한자 읽기,w_c57913792276298c,N1,verified,
w_cc04a2d1ff63612f,N1,N1,繁殖,はんしょく,,번식,번식,verb,word,1,pass_n1,pass_n1_p007_o0112,1,한자 읽기,w_cc04a2d1ff63612f,N1,verified,
w_7b54f4de05422460,N1,N1,繁盛,はんじょう,,번창,"번창;번성, 번창;(사업, 장사 등의)번창",noun,word,1,mkt_n1;pass_n1,mkt_n1_p017_o0416;pass_n1_p004_o0010;pass_n1_p028_o0841,3,명사;한자 읽기;용법,w_7b54f4de05422460,N1,verified,"pass_n1 용법 구역: 원본 보존, 앱 단어 목록 제외"
w_b8f042daaae50694,N1,N1,繊細な,せんさいな,,섬세한,섬세한,na_adjective,word,1,mkt_n1,mkt_n1_p009_o0180,1,な형용사,w_b8f042daaae50694,N1,verified,
w_fadcbec286367d67,N1,N1,署名,しょめい,,서명,서명,noun,word,1,mkt_n1,mkt_n1_p015_o0358,1,명사,w_fadcbec286367d67,N1,verified,
w_66cb957a1da31bb7,N1,N1,群衆,ぐんしゅう,,군중,군중,noun,word,1,mkt_n1;pass_n1,mkt_n1_p012_o0276;pass_n1_p004_o0028,2,명사;한자 읽기,w_66cb957a1da31bb7,N1,verified,
w_e0dadf78d7783865,N1,N1,翻す,ひるがえす,,"뒤집다,번복하다","뒤집다,번복하다",verb,word,1,mkt_n1,mkt_n1_p005_o0104,1,동사,w_e0dadf78d7783865,N1,verified,
w_9830c634cae12090,N1,N1,考慮,こうりょ,,고려,고려,noun,word,1,pass_n1,pass_n1_p004_o0017,1,한자 읽기,w_9830c634cae12090,N1,verified,
w_7ee026819936d200,N1,N1,肝心な,かんじんな,,중요한,중요한;가장 중요한,na_adjective,word,1,mkt_n1;pass_n1,mkt_n1_p008_o0157;pass_n1_p004_o0015;pass_n1_p023_o0693,3,な형용사;한자 읽기;유의어,w_7ee026819936d200,N1,verified,"pass_n1 유의어 구역: 원본 보존, 앱 단어 목록 제외"
w_63e21bfb4415f91d,N1,N1,背後,はいご,,배후,배후,noun,word,1,pass_n1,pass_n1_p008_o0170,1,한자 읽기,w_63e21bfb4415f91d,N1,verified,
w_a4b74578a79a7bed,N1,N1,背景,はいけい,,배경,배경,noun,word,1,pass_n1,pass_n1_p009_o0183,1,문맥 규정,w_a4b74578a79a7bed,N1,verified,
w_f60fbdbddbe284b0,N1,N1,脚本,きゃくほん,,각본,각본,noun,word,1,mkt_n1,mkt_n1_p011_o0258,1,명사,w_f60fbdbddbe284b0,N1,verified,
w_d9bf3e421962b4b4,N1,N1,腐敗,ふはい,,부패,부패,noun,word,1,pass_n1,pass_n1_p008_o0163,1,한자 읽기,w_d9bf3e421962b4b4,N1,verified,
w_0dd64500fddd257b,N1,N1,腕前,うでまえ,,"솜씨, 실력","솜씨, 실력",noun,word,1,pass_n1,pass_n1_p010_o0218,1,문맥 규정,w_0dd64500fddd257b,N1,verified,
w_e96a4348b607e140,N1,N1,膨大な,ぼうだいな,,방대한,방대한,na_adjective,word,1,mkt_n1;pass_n1,mkt_n1_p009_o0190;pass_n1_p006_o0106,2,な형용사;한자 읽기,w_e96a4348b607e140,N1,verified,
w_a625c1f8183240b4,N1,N1,臨む,のぞむ,,"임하다,상황에직면하다","임하다,상황에직면하다;임하다, (상황에) 직면하다;(1) 임하다 (2) 면하다",verb,word,1,mkt_n1;pass_n1,mkt_n1_p005_o0089;pass_n1_p005_o0059;pass_n1_p008_o0149,3,동사;한자 읽기,w_a625c1f8183240b4,N1,verified,
w_054c4f57910a56ed,N1,N1,自尊心,じそんしん,,자존심,자존심,noun,word,1,mkt_n1;pass_n1,mkt_n1_p014_o0324;pass_n1_p019_o0535,2,명사;유의어,w_054c4f57910a56ed,N1,verified,"pass_n1 유의어 구역: 원본 보존, 앱 단어 목록 제외"
w_d8c9dc6349793ce6,N1,N1,自立,じりつ,,자립,자립,noun,word,1,pass_n1,pass_n1_p013_o0349,1,문맥 규정,w_d8c9dc6349793ce6,N1,verified,
w_f5fafa9df9d8a23f,N1,N1,自粛,じしゅく,,"자숙,자제","자숙,자제;자숙",noun,word,1,mkt_n1;pass_n1,mkt_n1_p013_o0321;pass_n1_p006_o0100,2,명사;한자 읽기,w_f5fafa9df9d8a23f,N1,verified,
w_9ea41baa9565a8b4,N1,N1,興奮,こうふん,,흥분,흥분,noun,word,1,mkt_n1;pass_n1,mkt_n1_p013_o0292;pass_n1_p005_o0064,2,명사;한자 읽기,w_9ea41baa9565a8b4,N1,verified,
w_0a8a1183792dea1e,N1,N1,航海,こうかい,,항해,항해,noun,word,1,mkt_n1,mkt_n1_p012_o0286,1,명사,w_0a8a1183792dea1e,N1,verified,
w_129c99829b6f7263,N1,N1,色彩,しきさい,,색채,색채,noun,word,1,mkt_n1,mkt_n1_p013_o0318,1,명사,w_129c99829b6f7263,N1,verified,
w_777b8ee6d356461a,N1,N1,苦境,くきょう,,곤경,곤경,noun,word,1,mkt_n1,mkt_n1_p012_o0271,1,명사,w_777b8ee6d356461a,N1,verified,
w_a46e36484d77ba86,N1,N1,苦情,くじょう,,"클레임,불만","클레임,불만;클레임, 불만",noun,word,1,mkt_n1;pass_n1,mkt_n1_p012_o0273;pass_n1_p018_o0504,2,명사;유의어,w_a46e36484d77ba86,N1,verified,"pass_n1 유의어 구역: 원본 보존, 앱 단어 목록 제외"
w_e94ee9b4c7e51003,N1,N1,華々しい,はなばなしい,,화려하다,화려하다,i_adjective,word,1,mkt_n1;pass_n1,mkt_n1_p007_o0141;pass_n1_p004_o0009,2,い형용사;한자 읽기,w_e94ee9b4c7e51003,N1,verified,
w_b3165e303f5aabec,N1,N1,華やかな,はなやかな,,화려한,화려한,expression,word,1,pass_n1,pass_n1_p006_o0084,1,한자 읽기,w_b3165e303f5aabec,N1,verified,
w_ae0a2c3980f5c9fe,N1,N1,落胆,らくたん,,낙담,낙담,noun,word,1,mkt_n1,mkt_n1_p018_o0470,1,명사,w_ae0a2c3980f5c9fe,N1,verified,
w_400c2203fe6fbac8,N1,N1,蒸発,じょうはつ,,증발,증발,noun,word,1,mkt_n1,mkt_n1_p015_o0354,1,명사,w_400c2203fe6fbac8,N1,verified,
w_2eb85eb0002d712b,N1,N1,蓄える,たくわえる,,"저축하다,비축하다","저축하다,비축하다;저축하다, 비축하다",verb,word,1,mkt_n1;pass_n1,mkt_n1_p004_o0061;pass_n1_p006_o0082,2,동사;한자 읽기,w_2eb85eb0002d712b,N1,verified,
w_00bbf79660ad978b,N1,N1,蓄積,ちくせき,,축적,축적,noun,word,1,mkt_n1,mkt_n1_p016_o0385,1,명사,w_00bbf79660ad978b,N1,verified,
w_f59c7a97db34004b,N1,N1,融合,ゆうごう,,융합,융합,noun,word,1,mkt_n1,mkt_n1_p018_o0464,1,명사,w_f59c7a97db34004b,N1,verified,
w_7e620fbf64070f49,N1,N1,融通,ゆうずう,,융통,융통,noun,word,1,mkt_n1,mkt_n1_p018_o0466,1,명사,w_7e620fbf64070f49,N1,verified,
w_b44f6e2cbf845631,N1,N1,行き届く,ゆきとどく,,구석구석 빈틈없이 미치다,구석구석 빈틈없이 미치다,verb,word,1,pass_n1,pass_n1_p014_o0355,1,문맥 규정,w_b44f6e2cbf845631,N1,verified,
w_8cc2ed324ee1f9d0,N1,N1,術,すべ,,방법,방법,noun,word,1,mkt_n1,mkt_n1_p015_o0366,1,명사,w_8cc2ed324ee1f9d0,N1,verified,
w_56600a8bf111585c,N1,N1,衝撃,しょうげき,,충격,충격,noun,word,1,mkt_n1,mkt_n1_p014_o0349,1,명사,w_56600a8bf111585c,N1,verified,
w_d079920a759bfe4b,N1,N1,表明,ひょうめい,,표명,표명,verb,word,1,pass_n1,pass_n1_p012_o0307,1,문맥 규정,w_d079920a759bfe4b,N1,verified,
w_e68fa4d312c425c5,N1,N1,衰える,おとろえる,,쇠약해지다,쇠약해지다,verb,word,1,mkt_n1,mkt_n1_p002_o0024,1,동사,w_e68fa4d312c425c5,N1,verified,
w_a7da162a5569309c,N1,N1,衰退,すいたい,,쇠퇴,쇠퇴,noun,word,1,mkt_n1,mkt_n1_p015_o0364,1,명사,w_a7da162a5569309c,N1,verified,
w_bada5a71b14fde36,N1,N1,装う,よそおう,,"꾸미다,치장하다","꾸미다,치장하다",verb,word,1,mkt_n1,mkt_n1_p006_o0123,1,동사,w_bada5a71b14fde36,N1,verified,
w_dbcd993169cb8e2e,N1,N1,装飾,そうしょく,,장식,장식,noun,word,1,mkt_n1,mkt_n1_p015_o0371,1,명사,w_dbcd993169cb8e2e,N1,verified,
w_cf782b6f2e06a5cc,N1,N1,裏付け,うらづけ,,"뒷받침,증거","뒷받침,증거",noun,word,1,mkt_n1,mkt_n1_p010_o0220,1,명사,w_cf782b6f2e06a5cc,N1,verified,
w_b898a19a0dbc5b7c,N1,N1,裏腹,うらはら,,"정반대,모순","정반대,모순;정반대, 모순",noun,word,1,mkt_n1;pass_n1,mkt_n1_p010_o0221;pass_n1_p026_o0774,2,명사;용법,w_b898a19a0dbc5b7c,N1,verified,"pass_n1 용법 구역: 원본 보존, 앱 단어 목록 제외"
w_158dfc6242d4b2c7,N1,N1,襲う,おそう,,"덮치다,습격하다","덮치다,습격하다",verb,word,1,mkt_n1,mkt_n1_p002_o0021,1,동사,w_158dfc6242d4b2c7,N1,verified,
w_f1d351fe8f52981c,N1,N1,覆す,くつがえす,,뒤집어엎다,뒤집어엎다;뒤엎다,verb,word,1,mkt_n1;pass_n1,mkt_n1_p003_o0040;pass_n1_p004_o0026;pass_n1_p028_o0840,3,동사;한자 읽기;용법,w_f1d351fe8f52981c,N1,verified,"pass_n1 용법 구역: 원본 보존, 앱 단어 목록 제외"
w_613ea62518d530c6,N1,N1,見かける,みかける,,발견하다,발견하다,verb,word,1,pass_n1,pass_n1_p011_o0271,1,문맥 규정,w_613ea62518d530c6,N1,verified,
w_66f9326ae7b0b791,N1,N1,見合わせる,みあわせる,,보류하다,보류하다,verb,word,1,mkt_n1;pass_n1,mkt_n1_p006_o0112;pass_n1_p015_o0391,2,동사;유의어,w_66f9326ae7b0b791,N1,verified,"문자 좌표 검증 완료; 선형 텍스트 레이어 순서 불일치; pass_n1 유의어 구역: 원본 보존, 앱 단어 목록 제외"
w_5f96659e4595eaf7,N1,N1,見失う,みうしなう,,시야에서놓치다,시야에서놓치다;(시야에서) 놓치다,verb,word,1,mkt_n1;pass_n1,mkt_n1_p006_o0113;pass_n1_p025_o0745,2,동사;용법,w_5f96659e4595eaf7,N1,verified,"pass_n1 용법 구역: 원본 보존, 앱 단어 목록 제외"
w_d81776d517d67f96,N1,N1,見落とす,みおとす,,간과하다,"간과하다;간과하다, 못 보고 넘기다",verb,word,1,mkt_n1;pass_n1,mkt_n1_p006_o0114;pass_n1_p025_o0733;pass_n1_p027_o0814,3,동사;용법,w_d81776d517d67f96,N1,verified,"pass_n1 용법 구역: 원본 보존, 앱 단어 목록 제외"
w_83f116b04611812d,N1,N1,見込み,みこみ,,"예상,전망","예상,전망;예상, 전망",noun,word,1,mkt_n1;pass_n1,mkt_n1_p018_o0447;pass_n1_p025_o0757,2,명사;용법,w_83f116b04611812d,N1,verified,"pass_n1 용법 구역: 원본 보존, 앱 단어 목록 제외"
w_e286654d0db7e531,N1,N1,見返り,みかえり,,"보답, 보상","보답, 보상",noun,word,1,pass_n1,pass_n1_p014_o0358,1,문맥 규정,w_e286654d0db7e531,N1,verified,
w_ee3d0db2d3055872,N1,N1,見通し,みとおし,,전망,전망,noun,word,1,mkt_n1,mkt_n1_p018_o0449,1,명사,w_ee3d0db2d3055872,N1,verified,
w_ae827b2a3cf29980,N1,N1,規模,きぼ,,규모,규모,noun,word,1,mkt_n1;pass_n1,mkt_n1_p011_o0257;pass_n1_p016_o0440;pass_n1_p022_o0638,3,명사;유의어,w_ae827b2a3cf29980,N1,verified,"pass_n1 유의어 구역: 원본 보존, 앱 단어 목록 제외"
w_acce595e71cf2dca,N1,N1,親善,しんぜん,,친선,친선,noun,word,1,mkt_n1,mkt_n1_p015_o0359,1,명사,w_acce595e71cf2dca,N1,verified,
w_f25835b153fd2a07,N1,N1,解ける,ほどける,,"(매듭,끈)이풀리다","(매듭,끈)이풀리다",verb,word,1,mkt_n1,mkt_n1_p005_o0106,1,동사,w_f25835b153fd2a07,N1,verified,
w_de38f40ed9a6b750,N1,N1,解れる,ほぐれる,,"(매듭, 엉킴, 긴장, 기분, 몸 등이)풀리다","(매듭, 엉킴, 긴장, 기분, 몸 등이)풀리다",verb,word,1,pass_n1,pass_n1_p014_o0362,1,문맥 규정,w_de38f40ed9a6b750,N1,verified,
w_07db4d8b410920a0,N1,N1,解除,かいじょ,,해제,해제,noun,word,1,pass_n1,pass_n1_p012_o0293,1,문맥 규정,w_07db4d8b410920a0,N1,verified,
w_fb689de73bf56585,N1,N1,触発,しょくはつ,,촉발,촉발,noun,word,1,mkt_n1,mkt_n1_p015_o0356,1,명사,w_fb689de73bf56585,N1,verified,
w_1fa85c551770799d,N1,N1,言い張る,いいはる,,"우겨대다,주장하다","우겨대다,주장하다;우겨대다, 주장하다",verb,word,1,mkt_n1;pass_n1,mkt_n1_p002_o0005;pass_n1_p009_o0203,2,동사;문맥 규정,w_1fa85c551770799d,N1,verified,
w_2878b79b65d9ba90,N1,N1,言及,げんきゅう,,언급,언급,verb,word,1,pass_n1,pass_n1_p012_o0292,1,문맥 규정,w_2878b79b65d9ba90,N1,verified,
w_5e2ecb6d05171925,N1,N1,託す,たくす,,"맡기다,부탁하다","맡기다,부탁하다;맡기다, 부탁하다",verb,word,1,mkt_n1;pass_n1,mkt_n1_p004_o0060;pass_n1_p006_o0088,2,동사;한자 읽기,w_5e2ecb6d05171925,N1,verified,
w_ebfc1a1f299d54f9,N1,N1,記載,きさい,,기재,기재,noun,word,1,mkt_n1,mkt_n1_p011_o0249,1,명사,w_ebfc1a1f299d54f9,N1,verified,
w_c7c2d68107129ff4,N1,N1,設ける,もうける,,"마련하다,설치하다","마련하다,설치하다",verb,word,1,mkt_n1,mkt_n1_p006_o0115,1,동사,w_c7c2d68107129ff4,N1,verified,
w_bc2cf649c98268c3,N1,N1,詫びる,わびる,,사과하다,사과하다,verb,word,1,mkt_n1;pass_n1,mkt_n1_p006_o0124;pass_n1_p019_o0543,2,동사;유의어,w_bc2cf649c98268c3,N1,verified,"pass_n1 유의어 구역: 원본 보존, 앱 단어 목록 제외"
w_3a7883a675ded548,N1,N1,該当,がいとう,,해당,해당,noun,word,1,mkt_n1,mkt_n1_p011_o0230,1,명사,w_3a7883a675ded548,N1,verified,
w_9ac4f42499748226,N1,N1,該当する,がいとうする,,해당하다,해당하다,verb,word,1,pass_n1,pass_n1_p010_o0246,1,문맥 규정,w_9ac4f42499748226,N1,verified,문자 좌표 검증 완료; 선형 텍스트 레이어 순서 불일치
w_a9a24bca57b28307,N1,N1,誇張,こちょう,,과장,과장;과장(사실보다 크게 부풀림),noun,word,1,mkt_n1;pass_n1,mkt_n1_p013_o0296;pass_n1_p018_o0507,2,명사;유의어,w_a9a24bca57b28307,N1,verified,"pass_n1 유의어 구역: 원본 보존, 앱 단어 목록 제외"
w_9685f69e4b25e5e5,N1,N1,誇張する,こちょうする,,과장하다,과장하다,verb,word,1,pass_n1,pass_n1_p008_o0160,1,한자 읽기,w_9685f69e4b25e5e5,N1,verified,
w_d3242fdeadefff0c,N1,N1,誓約書,せいやくしょ,,서약서,서약서,noun,word,1,pass_n1,pass_n1_p008_o0168,1,한자 읽기,w_d3242fdeadefff0c,N1,verified,
w_84e3e505fcaa6be9,N1,N1,誤差,ごさ,,오차,오차,noun,word,1,mkt_n1,mkt_n1_p013_o0295,1,명사,w_84e3e505fcaa6be9,N1,verified,
w_e197da8bd914408a,N1,N1,説く,とく,,"설명하다,설득하다","설명하다,설득하다",verb,word,1,mkt_n1,mkt_n1_p004_o0077,1,동사,w_e197da8bd914408a,N1,verified,
w_a1d9755cc987ac8b,N1,N1,諭す,さとす,,잘 타이르다,잘 타이르다,verb,word,1,pass_n1,pass_n1_p008_o0152,1,한자 읽기,w_a1d9755cc987ac8b,N1,verified,
w_670155b659509b08,N1,N1,豪快に,ごうかいに,,호쾌하게,호쾌하게,expression,word,1,pass_n1,pass_n1_p006_o0103,1,한자 읽기,w_670155b659509b08,N1,verified,
w_0fa622d6d0b24047,N1,N1,貢献,こうけん,,공헌,공헌,noun,word,1,mkt_n1;pass_n1,mkt_n1_p012_o0288;pass_n1_p022_o0640,2,명사;유의어,w_0fa622d6d0b24047,N1,verified,"pass_n1 유의어 구역: 원본 보존, 앱 단어 목록 제외"
w_b3c086e0282accc3,N1,N1,貧富,ひんぷ,,빈부,빈부,noun,word,1,mkt_n1;pass_n1,mkt_n1_p017_o0424;pass_n1_p005_o0048;pass_n1_p007_o0131,3,명사;한자 읽기,w_b3c086e0282accc3,N1,verified,
w_a44a42bca3ceb7e9,N1,N1,貫く,つらぬく,,관철하다,관철하다,verb,word,1,mkt_n1;pass_n1,mkt_n1_p004_o0075;pass_n1_p005_o0045,2,동사;한자 읽기,w_a44a42bca3ceb7e9,N1,verified,
w_9627aae5d0e6c539,N1,N1,賄う,まかなう,,(1) 식사를 제공하다 (2) 조달하다,(1) 식사를 제공하다 (2) 조달하다,verb,word,1,pass_n1,pass_n1_p008_o0161,1,한자 읽기,w_9627aae5d0e6c539,N1,verified,
w_b9f33ade5c934336,N1,N1,賑わう,にぎわう,,"활기차다,번화하다","활기차다,번화하다;활기차다, 번화하다",verb,word,1,mkt_n1;pass_n1,mkt_n1_p005_o0085;pass_n1_p025_o0729,2,동사;용법,w_b9f33ade5c934336,N1,verified,"pass_n1 용법 구역: 원본 보존, 앱 단어 목록 제외"
w_2f2f67017e8dc74a,N1,N1,賢い,かしこい,,똑똑하다,똑똑하다,adjective,word,1,pass_n1,pass_n1_p005_o0073,1,한자 읽기,w_2f2f67017e8dc74a,N1,verified,
w_1666fd77162cc303,N1,N1,質素な,しっそな,,"검소한,소탈한","검소한,소탈한;검소한, 소탈한",na_adjective,word,1,mkt_n1;pass_n1,mkt_n1_p008_o0172;pass_n1_p025_o0738,2,な형용사;용법,w_1666fd77162cc303,N1,verified,"pass_n1 용법 구역: 원본 보존, 앱 단어 목록 제외"
w_88b3ddedefd83793,N1,N1,購読,こうどく,,구독,구독,noun,word,1,mkt_n1,mkt_n1_p012_o0291,1,명사,w_88b3ddedefd83793,N1,verified,
w_f8a8e17260024506,N1,N1,赴任,ふにん,,부임,부임,noun,word,1,mkt_n1;pass_n1,mkt_n1_p017_o0432;pass_n1_p025_o0741,2,명사;용법,w_f8a8e17260024506,N1,verified,"pass_n1 용법 구역: 원본 보존, 앱 단어 목록 제외"
w_b24972f11d138fe2,N1,N1,起伏,きふく,,기복,기복,noun,word,1,mkt_n1;pass_n1,mkt_n1_p011_o0256;pass_n1_p010_o0248,2,명사;문맥 규정,w_b24972f11d138fe2,N1,verified,문자 좌표 검증 완료; 선형 텍스트 레이어 순서 불일치
w_70798e83d847617c,N1,N1,起動,きどう,,"기동,시동","기동,시동",noun,word,1,mkt_n1,mkt_n1_p011_o0254,1,명사,w_70798e83d847617c,N1,verified,
w_92a68475082567cc,N1,N1,起用,きよう,,기용,기용,verb,word,1,pass_n1,pass_n1_p012_o0295,1,문맥 규정,w_92a68475082567cc,N1,verified,
w_2a3a6054d316df14,N1,N1,趣旨,しゅし,,취지,취지,noun,word,1,mkt_n1;pass_n1,mkt_n1_p014_o0342;pass_n1_p005_o0043,2,명사;한자 읽기,w_2a3a6054d316df14,N1,verified,
w_a4e53d86fe0aeca1,N1,N1,足止め,あしどめ,,발이 묶임,발이 묶임,verb,word,1,pass_n1,pass_n1_p014_o0373,1,문맥 규정,w_a4e53d86fe0aeca1,N1,verified,
w_aa132fab9dcd35ac,N1,N1,跡地,あとち,,"철거부지,철거후공터","철거부지,철거후공터;철거 부지",noun,word,1,mkt_n1;pass_n1,mkt_n1_p010_o0201;pass_n1_p005_o0037,2,명사;한자 읽기,w_aa132fab9dcd35ac,N1,verified,
w_0e696b95974c3504,N1,N1,踏襲,とうしゅう,,답습,답습,noun,word,1,mkt_n1;pass_n1,mkt_n1_p016_o0399;pass_n1_p014_o0372,2,명사;문맥 규정,w_0e696b95974c3504,N1,verified,
w_f747cebca560cfd8,N1,N1,踏襲する,とうしゅうする,,답습하다,답습하다,verb,word,1,pass_n1,pass_n1_p004_o0032,1,한자 읽기,w_f747cebca560cfd8,N1,verified,
w_51bc2bfe246d05ec,N1,N1,躍進,やくしん,,약진,약진,noun,word,1,mkt_n1;pass_n1,mkt_n1_p018_o0461;pass_n1_p005_o0060,2,명사;한자 읽기,w_51bc2bfe246d05ec,N1,verified,
w_37cbfb44f295325b,N1,N1,軌跡,きせき,,궤적,궤적,noun,word,1,pass_n1,pass_n1_p008_o0157,1,한자 읽기,w_37cbfb44f295325b,N1,verified,
w_901f77d9d5da56ba,N1,N1,軌道,きどう,,궤도,궤도,noun,word,1,mkt_n1;pass_n1,mkt_n1_p011_o0253;pass_n1_p026_o0789,2,명사;용법,w_901f77d9d5da56ba,N1,verified,"pass_n1 용법 구역: 원본 보존, 앱 단어 목록 제외"
w_53edf6a50ec3ead0,N1,N1,転換,てんかん,,전환,전환,noun,word,1,mkt_n1,mkt_n1_p016_o0397,1,명사,w_53edf6a50ec3ead0,N1,verified,
w_cac05149650fb9c9,N1,N1,軽快な,けいかいな,,경쾌한,경쾌한,expression,word,1,pass_n1,pass_n1_p013_o0335,1,문맥 규정,w_cac05149650fb9c9,N1,verified,
w_9ed51c1051f2801b,N1,N1,軽率な,けいそつな,,경솔한,경솔한,expression,word,1,pass_n1,pass_n1_p008_o0162,1,한자 읽기,w_9ed51c1051f2801b,N1,verified,
w_75252b005a217653,N1,N1,辛抱,しんぼう,,인내,인내,noun,word,1,mkt_n1,mkt_n1_p015_o0361,1,명사,w_75252b005a217653,N1,verified,
w_dcba09ffec07b2c7,N1,N1,迅速な,じんそくな,,신속한,신속한,na_adjective,word,1,mkt_n1,mkt_n1_p008_o0174,1,な형용사,w_dcba09ffec07b2c7,N1,verified,
w_014d4039b31991f6,N1,N1,近接,きんせつ,,근접,근접,noun,word,1,mkt_n1,mkt_n1_p012_o0270,1,명사,w_014d4039b31991f6,N1,verified,
w_baf2db7849d10864,N1,N1,返上,へんじょう,,"반납, 반려","반납, 반려",verb,word,1,pass_n1,pass_n1_p014_o0364,1,문맥 규정,w_baf2db7849d10864,N1,verified,
w_3ad7b4f6d4aa692d,N1,N1,退く,しりぞく,,"물러나다,후퇴하다","물러나다,후퇴하다;물러나다, 후퇴하다",verb,word,1,mkt_n1;pass_n1,mkt_n1_p003_o0054;pass_n1_p027_o0805,2,동사;용법,w_3ad7b4f6d4aa692d,N1,verified,"pass_n1 용법 구역: 원본 보존, 앱 단어 목록 제외"
w_f4f2d7cbced777b8,N1,N1,逃れる,のがれる,,"벗어나다,피하다","벗어나다,피하다;벗어나다, 피하다",verb,word,1,mkt_n1;pass_n1,mkt_n1_p005_o0088;pass_n1_p004_o0022,2,동사;한자 읽기,w_f4f2d7cbced777b8,N1,verified,
w_f16e08d56012f2ec,N1,N1,透ける,すける,,"비쳐보이다, 들여다보이다","비쳐보이다, 들여다보이다",verb,word,1,pass_n1,pass_n1_p008_o0147,1,한자 읽기,w_f16e08d56012f2ec,N1,verified,
w_6428cb3d9b531afc,N1,N1,速やかな,すみやかな,,신속한,신속한,na_adjective,word,1,mkt_n1,mkt_n1_p008_o0176,1,な형용사,w_6428cb3d9b531afc,N1,verified,
w_e8748ec6d669281b,N1,N1,連携,れんけい,,"연계,제휴","연계,제휴;연계",noun,word,1,mkt_n1;pass_n1,mkt_n1_p019_o0474;pass_n1_p025_o0748,2,명사;용법,w_e8748ec6d669281b,N1,verified,"문자 좌표 검증 완료; 선형 텍스트 레이어 순서 불일치; pass_n1 용법 구역: 원본 보존, 앱 단어 목록 제외"
w_44938819516246ad,N1,N1,進呈,しんてい,,증정,증정,noun,word,1,mkt_n1,mkt_n1_p015_o0360,1,명사,w_44938819516246ad,N1,verified,
w_1a17bce78d28b9fa,N1,N1,逸れる,それる,,"빗나가다,벗어나다","빗나가다,벗어나다",verb,word,1,mkt_n1,mkt_n1_p004_o0059,1,동사,w_1a17bce78d28b9fa,N1,verified,
w_215b515c1507aefa,N1,N1,逸材,いつざい,,"일재,뛰어난인재","일재,뛰어난인재;일재, 뛰어난 인재",noun,word,1,mkt_n1;pass_n1,mkt_n1_p010_o0211;pass_n1_p009_o0189,2,명사;문맥 규정,w_215b515c1507aefa,N1,verified,
w_c20b2306c8671162,N1,N1,逸脱,いつだつ,,일탈,일탈,verb,word,1,pass_n1,pass_n1_p011_o0283,1,문맥 규정,w_c20b2306c8671162,N1,verified,
w_836d5777bba22e82,N1,N1,遂げる,とげる,,"이루다,완수하다","이루다,완수하다;완수하다",verb,word,1,mkt_n1;pass_n1,mkt_n1_p004_o0078;pass_n1_p027_o0819,2,동사;용법,w_836d5777bba22e82,N1,verified,"pass_n1 용법 구역: 원본 보존, 앱 단어 목록 제외"
w_1dd1c3e9f6671f9b,N1,N1,遂行,すいこう,,"수행,완수","수행,완수;수행",noun,word,1,mkt_n1;pass_n1,mkt_n1_p015_o0363;pass_n1_p005_o0054,2,명사;한자 읽기,w_1dd1c3e9f6671f9b,N1,verified,
w_71b242684959ddb6,N1,N1,過密,かみつ,,과밀,과밀,noun,word,1,mkt_n1;pass_n1,mkt_n1_p011_o0240;pass_n1_p026_o0798,2,명사;용법,w_71b242684959ddb6,N1,verified,"pass_n1 용법 구역: 원본 보존, 앱 단어 목록 제외"
w_92a56edf104d549d,N1,N1,過疎,かそ,,"과소,지나치게드묾","과소,지나치게드묾",noun,word,1,mkt_n1,mkt_n1_p011_o0235,1,명사,w_92a56edf104d549d,N1,verified,
w_032f55da8fa8b6a4,N1,N1,遠ざける,とおざける,,멀리하다,멀리하다,verb,word,1,mkt_n1,mkt_n1_p004_o0076,1,동사,w_032f55da8fa8b6a4,N1,verified,
w_7057dbb83c84f383,N1,N1,遠隔,えんかく,,원격,원격,noun,word,1,mkt_n1,mkt_n1_p010_o0225,1,명사,w_7057dbb83c84f383,N1,verified,
w_bdc17fa0eb47ede4,N1,N1,適応,てきおう,,적응,적응,noun,word,1,pass_n1,pass_n1_p014_o0370,1,문맥 규정,w_bdc17fa0eb47ede4,N1,verified,
w_5d9bf3a828945282,N1,N1,遮る,さえぎる,,차단하다,차단하다,verb,word,1,mkt_n1;pass_n1,mkt_n1_p003_o0043;pass_n1_p004_o0019,2,동사;한자 읽기,w_5d9bf3a828945282,N1,verified,
w_8aac9f125a925e22,N1,N1,遮断,しゃだん,,차단,차단,noun,word,1,mkt_n1;pass_n1,mkt_n1_p014_o0333;pass_n1_p012_o0289;pass_n1_p028_o0865,3,명사;문맥 규정;용법,w_8aac9f125a925e22,N1,verified,"pass_n1 용법 구역: 원본 보존, 앱 단어 목록 제외"
w_d2cf58fa31a4ba2e,N1,N1,選出,せんしゅつ,,선출,선출,noun,word,1,mkt_n1,mkt_n1_p015_o0368,1,명사,w_d2cf58fa31a4ba2e,N1,verified,
w_655894697104664d,N1,N1,遺憾に,いかんに,,유감스럽게,유감스럽게,expression,word,1,pass_n1,pass_n1_p007_o0127,1,한자 읽기,w_655894697104664d,N1,verified,
w_05999570d62f5255,N1,N1,還元,かんげん,,환원,환원,noun,word,1,mkt_n1;pass_n1,mkt_n1_p011_o0243;pass_n1_p013_o0350;pass_n1_p026_o0799,3,명사;문맥 규정;용법,w_05999570d62f5255,N1,verified,"pass_n1 용법 구역: 원본 보존, 앱 단어 목록 제외"
w_aeb563e90a390c2d,N1,N1,郷里,きょうり,,고향,고향,noun,word,1,mkt_n1,mkt_n1_p012_o0268,1,명사,w_aeb563e90a390c2d,N1,verified,
w_0f6c52aadf78216b,N1,N1,配属,はいぞく,,배속,배속,noun,word,1,mkt_n1;pass_n1,mkt_n1_p016_o0409;pass_n1_p027_o0822,2,명사;용법,w_0f6c52aadf78216b,N1,verified,"pass_n1 용법 구역: 원본 보존, 앱 단어 목록 제외"
w_bdb65f75f453ad93,N1,N1,酪農,らくのう,,낙농,낙농,noun,word,1,mkt_n1,mkt_n1_p018_o0471,1,명사,w_bdb65f75f453ad93,N1,verified,
w_cd0b7fe939579edc,N1,N1,釈明,しゃくめい,,"석명,해명","석명,해명;석명(해명, 설명)",noun,word,1,mkt_n1;pass_n1,mkt_n1_p014_o0332;pass_n1_p004_o0020,2,명사;한자 읽기,w_cd0b7fe939579edc,N1,verified,
w_ffa6380de41f7285,N1,N1,重々しい,おもおもしい,,"엄숙하다,위엄이있다","엄숙하다,위엄이있다",i_adjective,word,1,mkt_n1,mkt_n1_p006_o0130,1,い형용사,w_ffa6380de41f7285,N1,verified,
w_9230feb8615094e1,N1,N1,重宝,ちょうほう,,애용,애용,noun,word,1,mkt_n1,mkt_n1_p016_o0388,1,명사,w_9230feb8615094e1,N1,verified,
w_c8ae48e05c333122,N1,N1,鈍る,にぶる,,"둔해지다,무디어지다","둔해지다,무디어지다;둔해지다, 무디어지다",verb,word,1,mkt_n1;pass_n1,mkt_n1_p005_o0087;pass_n1_p004_o0021,2,동사;한자 읽기,w_c8ae48e05c333122,N1,verified,
w_fcf4f074b74c1257,N1,N1,錯覚,さっかく,,착각,착각,noun,word,1,mkt_n1;pass_n1,mkt_n1_p013_o0308;pass_n1_p007_o0133,2,명사;한자 읽기,w_fcf4f074b74c1257,N1,verified,
w_320513837bec4253,N1,N1,錯誤,さくご,,착오,착오,noun,word,1,mkt_n1,mkt_n1_p013_o0307,1,명사,w_320513837bec4253,N1,verified,
w_7910d8061bbd6cd2,N1,N1,鑑定,かんてい,,감정(판정),감정(판정),noun,word,1,mkt_n1;pass_n1,mkt_n1_p011_o0246;pass_n1_p006_o0075,2,명사;한자 읽기,w_7910d8061bbd6cd2,N1,verified,
w_91817427730be04c,N1,N1,閉鎖する,へいさする,,폐쇄하다,폐쇄하다,verb,word,1,pass_n1,pass_n1_p007_o0128,1,한자 읽기,w_91817427730be04c,N1,verified,
w_fb075915c3b43b29,N1,N1,開拓,かいたく,,개척,개척,noun,word,1,pass_n1,pass_n1_p006_o0091,1,한자 읽기,w_fb075915c3b43b29,N1,verified,
w_09e30de4c3a09644,N1,N1,閑静な,かんせいな,,"한적한,조용한","한적한,조용한;한적한, 조용한",na_adjective,word,1,mkt_n1;pass_n1,mkt_n1_p008_o0158;pass_n1_p026_o0800,2,な형용사;용법,w_09e30de4c3a09644,N1,verified,"pass_n1 용법 구역: 원본 보존, 앱 단어 목록 제외"
w_b1b461ffca983305,N1,N1,閲覧,えつらん,,열람,열람,noun,word,1,mkt_n1;pass_n1,mkt_n1_p010_o0223;pass_n1_p004_o0013,2,명사;한자 읽기,w_b1b461ffca983305,N1,verified,
w_7d793dd7d0ec2242,N1,N1,阻む,そばむ,,"저지하다, 가로막다","저지하다, 가로막다",verb,word,1,pass_n1,pass_n1_p006_o0090,1,한자 읽기,w_7d793dd7d0ec2242,N1,verified,
w_a2fa581b2cf9bf8b,N1,N1,阻む,はばむ,,"저지하다,가로막다","저지하다,가로막다;저지하다, 막다",verb,word,1,mkt_n1;pass_n1,mkt_n1_p005_o0095;pass_n1_p007_o0144,2,동사;한자 읽기,w_a2fa581b2cf9bf8b,N1,verified,
w_9025c655eedd7094,N1,N1,陥る,おちいる,,나쁜상황에빠지다,나쁜상황에빠지다,verb,word,1,mkt_n1,mkt_n1_p002_o0022,1,동사,w_9025c655eedd7094,N1,verified,
w_c6ffb0ec0e427932,N1,N1,陳列,ちんれつ,,진열,진열,noun,word,1,mkt_n1;pass_n1,mkt_n1_p016_o0389;pass_n1_p006_o0083,2,명사;한자 읽기,w_c6ffb0ec0e427932,N1,verified,
w_dcc7d16b02ee510f,N1,N1,随時,ずいじ,,"수시로,그때그때","수시로,그때그때;수시로",adverb,word,1,mkt_n1;pass_n1,mkt_n1_p019_o0490;pass_n1_p005_o0067,2,부사;한자 읽기,w_dcc7d16b02ee510f,N1,verified,
w_2345ae5ca63bb5e4,N1,N1,障る,さわる,,"방해가되다,지장이있다","방해가되다,지장이있다",verb,word,1,mkt_n1,mkt_n1_p003_o0050,1,동사,w_2345ae5ca63bb5e4,N1,verified,
w_3e5e6eaf9f8c6123,N1,N1,隣接,りんせつ,,인접,인접,noun,word,1,mkt_n1,mkt_n1_p019_o0473,1,명사,w_3e5e6eaf9f8c6123,N1,verified,
w_e4574496ed6f6394,N1,N1,集う,つどう,,모이다,모이다,verb,word,1,mkt_n1,mkt_n1_p004_o0072,1,동사,w_e4574496ed6f6394,N1,verified,
w_172fd92e8ecb7d1a,N1,N1,雑踏,ざっとう,,혼잡,혼잡,noun,word,1,mkt_n1;pass_n1,mkt_n1_p013_o0312;pass_n1_p017_o0459,2,명사;유의어,w_172fd92e8ecb7d1a,N1,verified,"pass_n1 유의어 구역: 원본 보존, 앱 단어 목록 제외"
w_6803e7402a3d2c0a,N1,N1,難点,なんてん,,곤란한점,곤란한점;난점,noun,word,1,mkt_n1;pass_n1,mkt_n1_p016_o0404;pass_n1_p019_o0549,2,명사;유의어,w_6803e7402a3d2c0a,N1,verified,"pass_n1 유의어 구역: 원본 보존, 앱 단어 목록 제외"
w_0b80ed475f7435e9,N1,N1,難航,なんこう,,난항,난항,verb,word,1,pass_n1,pass_n1_p014_o0367,1,문맥 규정,w_0b80ed475f7435e9,N1,verified,
w_ee9668e7c0658d9a,N1,N1,需要,じゅよう,,수요,수요,noun,word,1,mkt_n1;pass_n1,mkt_n1_p014_o0346;pass_n1_p005_o0044,2,명사;한자 읽기,w_ee9668e7c0658d9a,N1,verified,
w_c8117f9cc606f700,N1,N1,露骨な,ろこつな,,노골적인,노골적인,na_adjective,word,1,mkt_n1,mkt_n1_p009_o0199,1,な형용사,w_c8117f9cc606f700,N1,verified,
w_ea9d5a7abc96492d,N1,N1,非,ひ,,"비, 잘못, 부정","비, 잘못, 부정",noun,word,1,pass_n1,pass_n1_p011_o0277,1,문맥 규정,w_ea9d5a7abc96492d,N1,verified,
w_1e3ba36a0b44a926,N1,N1,面識,めんしき,,"면식,안면","면식,안면;면식",noun,word,1,mkt_n1;pass_n1,mkt_n1_p018_o0457;pass_n1_p027_o0824,2,명사;용법,w_1e3ba36a0b44a926,N1,verified,"pass_n1 용법 구역: 원본 보존, 앱 단어 목록 제외"
w_7cf036bdfd23c68a,N1,N1,革新,かくしん,,혁신,혁신,noun,word,1,mkt_n1,mkt_n1_p011_o0233,1,명사,w_7cf036bdfd23c68a,N1,verified,
w_dda8d0dbc7c9c87f,N1,N1,響く,ひびく,,울리다,울리다,verb,word,1,mkt_n1,mkt_n1_p005_o0102,1,동사,w_dda8d0dbc7c9c87f,N1,verified,
w_ad7ed509ea55b5fa,N1,N1,順応,じゅんのう,,순응,순응,noun,word,1,mkt_n1,mkt_n1_p014_o0347,1,명사,w_ad7ed509ea55b5fa,N1,verified,
w_9f1686ef32612a2e,N1,N1,頑なな,かたくなな,,완고한,완고한,na_adjective,word,1,mkt_n1,mkt_n1_p008_o0153,1,な형용사,,,verified,
w_25a00f622feabbb6,N1,N1,頑丈な,がんじょうな,,튼튼한,튼튼한,na_adjective,word,1,mkt_n1,mkt_n1_p008_o0156,1,な형용사,w_25a00f622feabbb6,N1,verified,
w_de9d280bc0f5ffd0,N1,N1,頑固な,がんこな,,완고한,완고한,na_adjective,word,1,mkt_n1;pass_n1,mkt_n1_p008_o0155;pass_n1_p020_o0568,2,な형용사;유의어,w_de9d280bc0f5ffd0,N1,verified,"pass_n1 유의어 구역: 원본 보존, 앱 단어 목록 제외"
w_cf1b9cac4cfa5b11,N1,N1,頻繁な,ひんぱんな,,빈번한,빈번한,na_adjective,word,1,mkt_n1,mkt_n1_p009_o0188,1,な형용사,w_cf1b9cac4cfa5b11,N1,verified,
w_d6fdf33d0925e453,N1,N1,頻繁に,ひんぱんに,,빈번하게,빈번하게,expression,word,1,pass_n1,pass_n1_p011_o0269,1,문맥 규정,w_d6fdf33d0925e453,N1,verified,
w_20076d265929cd9c,N1,N1,顕著な,けんちょな,,현저한,현저한,na_adjective,word,1,mkt_n1;pass_n1,mkt_n1_p008_o0168;pass_n1_p006_o0076,2,な형용사;한자 읽기,w_20076d265929cd9c,N1,verified,
w_7eb947c8f12b93ad,N1,N1,顧みる,かえりみる,,"돌아보다,회고하다","돌아보다,회고하다",verb,word,1,mkt_n1,mkt_n1_p003_o0029,1,동사,w_7eb947c8f12b93ad,N1,verified,
w_42a362e83debe156,N1,N1,風習,ふうしゅう,,풍습,풍습,noun,word,1,pass_n1,pass_n1_p013_o0330,1,문맥 규정,w_42a362e83debe156,N1,verified,
w_1518527546bff440,N1,N1,食い止める,くいとめる,,"저지하다,막다","저지하다,막다;저지하다, 막다",verb,word,1,mkt_n1;pass_n1,mkt_n1_p003_o0038;pass_n1_p010_o0235,2,동사;문맥 규정,w_1518527546bff440,N1,verified,
w_d50fdb2a764e035e,N1,N1,食い込む,くいこむ,,"(다른 영역, 범위 등에)파고들다","(다른 영역, 범위 등에)파고들다",verb,word,1,pass_n1,pass_n1_p013_o0347,1,문맥 규정,w_d50fdb2a764e035e,N1,verified,
w_109d152ccf1f17f4,N1,N1,食い違う,ちがう,,(의견)이엇갈리다,(의견)이엇갈리다,verb,word,1,mkt_n1,mkt_n1_p003_o0037,1,동사,w_109d152ccf1f17f4,N1,verified,
w_5868b17b4107a9a4,N1,N1,飼育,しいく,,사육,사육,noun,word,1,mkt_n1,mkt_n1_p013_o0316,1,명사,w_5868b17b4107a9a4,N1,verified,
w_cbe6b7e061ecd2aa,N1,N1,駆けつける,かけつける,,달려가다,달려가다,verb,word,1,pass_n1,pass_n1_p012_o0296,1,문맥 규정,w_cbe6b7e061ecd2aa,N1,verified,
w_e5d1719d8babc945,N1,N1,駆使,くし,,"구사,능숙하게사용함","구사,능숙하게사용함",noun,word,1,mkt_n1,mkt_n1_p012_o0272,1,명사,w_e5d1719d8babc945,N1,verified,
w_7db134f843d661c4,N1,N1,駆使する,くしする,,구사하다,구사하다,verb,word,1,pass_n1,pass_n1_p010_o0236,1,문맥 규정,w_7db134f843d661c4,N1,verified,
w_38ff51ccea9145d2,N1,N1,騒然,そうぜん,,"시끄러운 상태, 떠들썩한 모습","시끄러운 상태, 떠들썩한 모습",adverb,word,1,pass_n1,pass_n1_p008_o0151,1,한자 읽기,w_38ff51ccea9145d2,N1,verified,
w_22fa9db764d33512,N1,N1,驚嘆する,きょうたんする,,"경탄하다, 놀라다","경탄하다, 놀라다",verb,word,1,pass_n1,pass_n1_p006_o0108,1,한자 읽기,w_22fa9db764d33512,N1,verified,
w_1349e3b90fff3dc6,N1,N1,高低,こうてい,,"고저,높낮이","고저,높낮이",noun,word,1,mkt_n1,mkt_n1_p012_o0290,1,명사,w_1349e3b90fff3dc6,N1,verified,
w_7e8f27d159af76ef,N1,N1,高尚な,こうしょうな,,고상한,고상한,na_adjective,word,1,mkt_n1,mkt_n1_p008_o0169,1,な형용사,w_7e8f27d159af76ef,N1,verified,
w_dfcae20b38b4ffcf,N1,N1,魂,たましい,,영혼,영혼,noun,word,1,mkt_n1,mkt_n1_p015_o0382,1,명사,w_dfcae20b38b4ffcf,N1,verified,
