id,level,surface,reading_kana,furigana,meaning_ko,part_of_speech,card_type,example_jp,example_ko,example_jp_id,example_jp_author,example_ko_id,example_ko_author,example_license,alt_forms,disambig,source,qa_status,deprecated,tags,data_version,frequency,reading_chapter,deprecated_reason,superseded_by
w_b8e30b6ab1b08d47,N3,日中,にっちゅう,にっちゅう,주간;낮,noun,A,日中は暖かい,낮에는 따뜻하다,,NAVER 일본어사전 · 민중서림 엣센스 일한사전,,,owner-confirmed-cleared,,,naver:ja-dict-jlpt-list,verified,0,"[""naver-level-backfill"",""jmdict-exact"",""ko-from-naver""]",3,5.960,1,,
w_e19dc791338b72ca,N3,中国,ちゅうごく,ちゅうごく,"나라의 중앙부, 일본의 山陽·山陰 지방, 중국",noun,A,"昔,中国では纏足の風俗があった.",예전에 중국에서는 전족의 풍습이 있었다,,NAVER 일본어사전 · 민중서림 엣센스 한일사전,,,owner-confirmed-cleared,,,naver:ja-dict-jlpt-list,verified,0,"[""naver-level-backfill"",""jmdict-exact"",""ko-from-naver""]",3,5.300,1,,
w_699769f779e42b20,N3,ネット,ネット,ネット,"네트, 그물, 헤어네트",noun,D,コルクコンタクトで打ちやすいストロークはヘアピン、レシーブのネットリターン、ハーフショットである。,"코르크 콘택트로 치기 쉬운 스트로크는 헤어핀, 리시브의 네트 리턴, 하프 샷이다.",,NAVER 일본어사전 · 플리토,,,owner-confirmed-cleared,,,naver:ja-dict-jlpt-list,verified,0,"[""naver-level-backfill"",""jmdict-exact"",""ko-from-naver""]",3,5.230,1,,
w_c1e457a4cf73812b,N3,基本的,きほんてき,きほんてき,기본적,adjective,A,基本的には終わったことになる.,기본적으로는 끝난 셈이다,,NAVER 일본어사전 · 민중서림 엣센스 한일사전,,,owner-confirmed-cleared,,,naver:ja-dict-jlpt-list,verified,0,"[""naver-level-backfill"",""jmdict-exact"",""ko-from-naver""]",3,5.120,2,,
w_06b5fba55a4e9231,N3,一部,いちぶ,いちぶ,"일부, 일부분, 한 부;한 질",noun,A,軍の一部が反乱を起こした.,군의 일부가 반란을 일으켰다,,NAVER 일본어사전 · 민중서림 엣센스 한일사전,,,owner-confirmed-cleared,,,naver:ja-dict-jlpt-list,verified,0,"[""naver-level-backfill"",""jmdict-exact"",""ko-from-naver""]",3,5.100,2,,
w_912077e7d389ea18,N3,データ,データ,データ,"데이터, 자료, 추론의 기초가 되는 사실",noun,D,データを集める,데이터를 모으다.,,NAVER 일본어사전 · 민중서림 엣센스 일한사전,,,owner-confirmed-cleared,,,naver:ja-dict-jlpt-list,verified,0,"[""naver-level-backfill"",""jmdict-exact"",""ko-from-naver""]",3,5.070,2,,
w_1a9f2d1908baab4e,N3,政治家,せいじか,せいじか,"정치가, 정치적 수완이 있고 술수에 능한 사람",noun,A,彼の兄は政治家で弟は芸術家だ.,그의 형은 정치가이며 동생은 예술가다,,NAVER 일본어사전 · 민중서림 엣센스 한일사전,,,owner-confirmed-cleared,,,naver:ja-dict-jlpt-list,verified,0,"[""naver-level-backfill"",""jmdict-exact"",""ko-from-naver""]",3,5.040,2,,
w_e0b4071a2a37d8ed,N3,選挙,せんきょ,せんきょ,선거,noun,A,"選挙[就職, 野外]運動をする.","선거[취직, 야외] 운동을 하다",,NAVER 일본어사전 · 민중서림 엣센스 한일사전,,,owner-confirmed-cleared,,,naver:ja-dict-jlpt-list,verified,0,"[""naver-level-backfill"",""jmdict-exact"",""ko-from-naver""]",3,5.040,2,,
w_fdbc3df88542031b,N3,年間,ねんかん,ねんかん,"연간, 한 해 동안, 어떤 연대의 동안",noun,A,10年間コンマスとして活躍する,10년 동안 콘서트마스터로 활약하다,,NAVER 일본어사전 · 민중서림 엣센스 일한사전,,,owner-confirmed-cleared,,,naver:ja-dict-jlpt-list,verified,0,"[""naver-level-backfill"",""jmdict-exact"",""ko-from-naver""]",3,5.040,2,,
w_480bd88d6ef8a1da,N3,報告,ほうこく,ほうこく,"보고, 복명",noun,A,詳細な事はまだ報告がない,상세한 것은 아직 보고가 없다,,NAVER 일본어사전 · 민중서림 엣센스 일한사전,,,owner-confirmed-cleared,,,naver:ja-dict-jlpt-list,verified,0,"[""naver-level-backfill"",""jmdict-exact"",""ko-from-naver""]",3,5.030,3,,
w_f518c6afed6e6aaa,N3,本人,ほんにん,ほんにん,본인;당자,noun,A,本人はよく知らないようだ.,본인은 잘 모르는 것 같더라,,NAVER 일본어사전 · 민중서림 엣센스 한일사전,,,owner-confirmed-cleared,,,naver:ja-dict-jlpt-list,verified,0,"[""naver-level-backfill"",""jmdict-exact"",""ko-from-naver""]",3,4.950,3,,
w_364f241dbd011498,N3,センター,センター,センター,"센터, 중앙;중심, 중견;중견수",noun,D,変化球を綺麗にセンター前へ打ち返す,변화구를 센터[중견수] 앞으로 시원스레[제대로] 받아치다,,NAVER 일본어사전 · 민중서림 엣센스 일한사전,,,owner-confirmed-cleared,,,naver:ja-dict-jlpt-list,verified,0,"[""naver-level-backfill"",""jmdict-exact"",""ko-from-naver""]",3,4.940,3,,
w_4c60e236bd6d1610,N3,トップ,トップ,トップ,"톱, 첫째;선두, ‘トップニュース’의 준말",noun,D,トップを走る,선두를 달리다,,NAVER 일본어사전 · 민중서림 엣센스 일한사전,,,owner-confirmed-cleared,,,naver:ja-dict-jlpt-list,verified,0,"[""naver-level-backfill"",""jmdict-exact"",""ko-from-naver""]",3,4.920,3,,
w_79432e694266d46b,N3,素敵,すてき,すてき,썩 뛰어남;매우 근사함;아주 멋짐,adjective,A,それは素敵な考えですね,그거 아주 멋진 생각이군요,,NAVER 일본어사전 · 민중서림 엣센스 일한사전,,,owner-confirmed-cleared,"[""素的""]",,naver:ja-dict-jlpt-list,verified,0,"[""naver-level-backfill"",""jmdict-exact"",""ko-from-naver""]",3,4.910,4,,
w_bf7fa8a5f239ea51,N3,飲み会,のみかい,のみかい,회식,noun,B,イ：君、この前の飲み会にはなぜ来なかった？,"가: 자네, 지난 번 회식 때 왜 안 나왔나?",,NAVER 일본어사전 · 국립국어원 한국어-일본어 학습사전,,,owner-confirmed-cleared,,,naver:ja-dict-jlpt-list,verified,0,"[""naver-level-backfill"",""jmdict-exact"",""ko-from-naver""]",3,4.900,4,,
w_4375a22652fee48c,N3,野球,やきゅう,やきゅう,야구,noun,A,学生の間に野球が盛んだ.,학생들 간에 야구가 성행한다,,NAVER 일본어사전 · 민중서림 엣센스 한일사전,,,owner-confirmed-cleared,,,naver:ja-dict-jlpt-list,verified,0,"[""naver-level-backfill"",""jmdict-exact"",""ko-from-naver""]",3,4.890,4,,
w_32145f98e15511ab,N3,一人息子,ひとりむすこ,ひとりむすこ,외아들,noun,A,一人息子を玉無しにする,외아들을 망치다,,NAVER 일본어사전 · 교학사 일한사전,,,owner-confirmed-cleared,,,naver:ja-dict-jlpt-list,verified,0,"[""naver-level-backfill"",""jmdict-exact"",""ko-from-naver""]",3,4.880,4,,
w_ab2ba14d300db44a,N3,弁護士,べんごし,べんごし,변호사,noun,A,あなたは、弁護士を雇用することができます。,당신은 변호사를 고용할 수 있습니다. (긴급상황(SOS)>분실/범죄>체포),,NAVER 일본어사전 · 글로벌회화,,,owner-confirmed-cleared,"[""辯護士""]",,naver:ja-dict-jlpt-list,verified,0,"[""naver-level-backfill"",""jmdict-exact"",""ko-from-naver""]",3,4.880,4,,
w_f70092950abf9c5c,N3,予想,よそう,よそう,예상,noun,A,円高ドル安の進行が予想される.,엔고 달러화의 약세 진행이 예상된다,,NAVER 일본어사전 · 민중서림 엣센스 한일사전,,,owner-confirmed-cleared,,,naver:ja-dict-jlpt-list,verified,0,"[""naver-level-backfill"",""jmdict-exact"",""ko-from-naver""]",3,4.870,4,,
w_9157caf6064335c2,N3,画面,がめん,がめん,화면,noun,A,画面が出ない。,화면이 안 나와요. (생활/가정>가정생활>거실),,NAVER 일본어사전 · 글로벌회화,,,owner-confirmed-cleared,,,naver:ja-dict-jlpt-list,verified,0,"[""naver-level-backfill"",""jmdict-exact"",""ko-from-naver""]",3,4.830,4,,
w_be658c4d81035130,N3,米国,べいこく,べいこく,미국;미합중국,noun,A,イ：米国をアメリカ合衆国と呼んでいる理由は何ですか。,가: 미국을 아메리카 합중국이라고 부르는 이유가 뭐예요?,,NAVER 일본어사전 · 국립국어원 한국어-일본어 학습사전,,,owner-confirmed-cleared,,,naver:ja-dict-jlpt-list,verified,0,"[""naver-level-backfill"",""jmdict-exact"",""ko-from-naver""]",3,4.820,5,,
w_19c9dccb2d9566cd,N3,サッカー,サッカー,サッカー,서커;오글무명의 일종,noun,D,サッカーの指導を始めることにした,축구 지도를 시작하기로 하였다.,,NAVER 일본어사전 · 민중서림 엣센스 외래어사전,,,owner-confirmed-cleared,,,naver:ja-dict-jlpt-list,verified,0,"[""naver-level-backfill"",""jmdict-exact"",""ko-from-naver""]",3,4.820,5,,
w_4358f6ba08fb7068,N3,雰囲気,ふんいき,ふんいき,분위기,noun,A,厳かな雰囲気の中で行われる,엄숙한 분위기 속에서 거행되다,,NAVER 일본어사전 · 민중서림 엣센스 일한사전,,,owner-confirmed-cleared,,,naver:ja-dict-jlpt-list,verified,0,"[""naver-level-backfill"",""jmdict-exact"",""ko-from-naver""]",3,4.790,5,,
w_11283524c61043b6,N3,舞台,ぶたい,ぶたい,무대,noun,A,舞台に穴をあける,무대 진행에 차질이 생기다.,,NAVER 일본어사전 · 민중서림 엣센스 일한사전,,,owner-confirmed-cleared,,,naver:ja-dict-jlpt-list,verified,0,"[""naver-level-backfill"",""jmdict-exact"",""ko-from-naver""]",3,4.790,5,,
w_76be21b9985810d8,N3,卒業式,そつぎょうしき,そつぎょうしき,졸업식,noun,A,卒業式は式次どおりに進行された.,졸업식은 식순대로 진행되었다,,NAVER 일본어사전 · 민중서림 엣센스 한일사전,,,owner-confirmed-cleared,,,naver:ja-dict-jlpt-list,verified,0,"[""naver-level-backfill"",""jmdict-exact"",""ko-from-naver""]",3,4.750,5,,
w_08cdbe4932bb3c07,N3,チャンス,チャンス,チャンス,찬스;기회;호기,noun,D,チャンスを見逃した,찬스[기회]를 놓쳤다,,NAVER 일본어사전 · 민중서림 엣센스 일한사전,,,owner-confirmed-cleared,,,naver:ja-dict-jlpt-list,verified,0,"[""naver-level-backfill"",""jmdict-exact"",""ko-from-naver""]",3,4.740,6,,
w_59beaabf23b455e5,N3,別に,べつに,べつに,"별로;특별히, 따로",adverb,B,別に変わったところはない,특별히[별로] 달라진 점은 없다,,NAVER 일본어사전 · 민중서림 엣센스 일한사전,,,owner-confirmed-cleared,,,naver:ja-dict-jlpt-list,verified,0,"[""naver-level-backfill"",""jmdict-exact"",""ko-from-naver""]",3,4.730,6,,
w_521ece313e4b1f4c,N3,ストーリー,ストーリー,ストーリー,스토리;이야기;소설·각본 따위의 줄거리,noun,D,哀切なストーリーに胸をうたれた.,애절한 스토리에 가슴이 뭉클했다,,NAVER 일본어사전 · 민중서림 엣센스 한일사전,,,owner-confirmed-cleared,,,naver:ja-dict-jlpt-list,verified,0,"[""naver-level-backfill"",""jmdict-exact"",""ko-from-naver""]",3,4.720,6,,
w_3a9541bbdbc84ed4,N3,母親,ははおや,ははおや,모친;어머니,noun,A,母親の面影がある,어머니의 얼굴 모습이 있다,,NAVER 일본어사전 · 민중서림 엣센스 일한사전,,,owner-confirmed-cleared,,,naver:ja-dict-jlpt-list,verified,0,"[""naver-level-backfill"",""jmdict-exact"",""ko-from-naver""]",3,4.710,6,,
w_7edcc46953726ae3,N3,生活費,せいかつひ,せいかつひ,생활비,noun,A,生活費の足しに内職をする.,생활비에 보태기 위해 부업을 하다,,NAVER 일본어사전 · 민중서림 엣센스 한일사전,,,owner-confirmed-cleared,,,naver:ja-dict-jlpt-list,verified,0,"[""naver-level-backfill"",""jmdict-exact"",""ko-from-naver""]",3,4.690,6,,
w_3cf8a59fa4a831ad,N3,真逆,まさか,まさか,"위급한 사태에 직면함, 설마;아무리 그렇다고 하더라도, 아무려면;아무리",noun,A,真逆そうするわけにもいかないね,(아무리) 그렇다 하더라도 그렇게 할 수는 없지,,NAVER 일본어사전 · 민중서림 엣센스 일한사전,,,owner-confirmed-cleared,,,naver:ja-dict-jlpt-list,verified,0,"[""naver-level-backfill"",""jmdict-exact"",""ko-from-naver""]",3,4.690,6,,
w_2aebd535fefb8f34,N3,ロボット,ロボット,ロボット,"로봇, 인조 인간, 허수아비;괴뢰",noun,D,名は会長だが実はロボットだ,명색은 회장이나 실은 허수아비다.,,NAVER 일본어사전 · 민중서림 엣센스 일한사전,,,owner-confirmed-cleared,,,naver:ja-dict-jlpt-list,verified,0,"[""naver-level-backfill"",""jmdict-exact"",""ko-from-naver""]",3,4.690,6,,
w_e8742697788ad4b4,N3,道路,どうろ,どうろ,도로,noun,A,道路の穴を埋める,도로에 파인 구멍을 메우다,,NAVER 일본어사전 · 민중서림 엣센스 일한사전,,,owner-confirmed-cleared,,,naver:ja-dict-jlpt-list,verified,0,"[""naver-level-backfill"",""jmdict-exact"",""ko-from-naver""]",3,4.680,6,,
w_fd442e90246340ce,N3,インターネット,インターネット,インターネット,인터넷,noun,D,インターネットが遅すぎます。,인터넷이 너무 느려요. (편의시설>컴퓨터/인터넷>인터넷 접속 문제),,NAVER 일본어사전 · 글로벌회화,,,owner-confirmed-cleared,,,naver:ja-dict-jlpt-list,verified,0,"[""naver-level-backfill"",""jmdict-exact"",""ko-from-naver""]",3,4.680,6,,
w_fb57b52f760bcbf2,N3,ビデオ,ビデオ,ビデオ,비디오,noun,D,ビデオ判定の末、判定が覆った,비디오 판독 끝에 판정이 뒤집혔다,,NAVER 일본어사전 · 민중서림 엣센스 일한사전,,,owner-confirmed-cleared,,,naver:ja-dict-jlpt-list,verified,0,"[""naver-level-backfill"",""jmdict-exact"",""ko-from-naver""]",3,4.680,6,,
w_bcfe289c976505a4,N3,バイト,バイト,バイト,‘アルバイト’의 준말,noun,D,バイトなのにノルマあるって、それブラックバイトじゃない？,아르바이트인데 할당량까지 있다니 그거 악덕 아르바이트 아니야?,,NAVER 일본어사전 · 민중서림 엣센스 일한사전,,,owner-confirmed-cleared,,,naver:ja-dict-jlpt-list,verified,0,"[""naver-level-backfill"",""jmdict-exact"",""ko-from-naver""]",3,4.670,6,,
w_30ab4fe5decb454b,N3,自動販売機,じどうはんばいき,じどうはんばいき,자동 판매기,noun,A,缶コーヒーは、自動販売機やコンビニエンスストアで販売されていますが、スーパで買えばもっと安く買えます。,칸코히는 자동판매기와 편의점에서 판매되고 있지만 슈퍼에서 사면 더 싸게 살 수 있다.,,NAVER 일본어사전 · 연세대학교 한국어학당 국가별 대표음식,,,owner-confirmed-cleared,,,naver:ja-dict-jlpt-list,verified,0,"[""naver-level-backfill"",""jmdict-exact"",""ko-from-naver""]",3,4.660,7,,
w_d11646e16d3756f0,N3,日常,にちじょう,にちじょう,일상,noun,A,日常をありのままに描いた,일상을 있는 그대로 묘사했다,,NAVER 일본어사전 · 민중서림 엣센스 일한사전,,,owner-confirmed-cleared,,,naver:ja-dict-jlpt-list,verified,0,"[""naver-level-backfill"",""jmdict-exact"",""ko-from-naver""]",3,4.660,7,,
w_d6c067ad1ac83bec,N3,後半,こうはん,こうはん,후반,noun,A,試合は後半になってから逆転した.,경기는 후반에 가서 역전되었다,,NAVER 일본어사전 · 민중서림 엣센스 한일사전,,,owner-confirmed-cleared,,,naver:ja-dict-jlpt-list,verified,0,"[""naver-level-backfill"",""jmdict-exact"",""ko-from-naver""]",3,4.650,7,,
w_0faffdd7c1bb61ad,N3,使用料,しようりょう,しようりょう,사용료,noun,A,月給[使用料]を取る,월급을[사용료를] 받다,,NAVER 일본어사전 · 민중서림 엣센스 한일사전,,,owner-confirmed-cleared,,,naver:ja-dict-jlpt-list,verified,0,"[""naver-level-backfill"",""jmdict-exact"",""ko-from-naver""]",3,4.650,7,,
w_4af9f6c0aa9f9f51,N3,祭り,まつり,まつり,"제사, 축제;잔치, 京都의 賀茂 신사의 제사",noun,B,お祭り気分に浮かれている.,축제 기분으로 들떠 있다,,NAVER 일본어사전 · 민중서림 엣센스 한일사전,,,owner-confirmed-cleared,,,naver:ja-dict-jlpt-list,verified,0,"[""naver-level-backfill"",""jmdict-exact"",""ko-from-naver""]",3,4.650,7,,
w_2e30dbb687af7001,N3,ストレス,ストレス,ストレス,"스트레스, 정신적·육체적으로 받는 자극이나 긴장;정신적 압박, 강세의 악센트",noun,D,一時的な精神的ストレスを緩和する,일시적인 정신적 스트레스를 완화하다,,NAVER 일본어사전 · 민중서림 엣센스 일한사전,,,owner-confirmed-cleared,,,naver:ja-dict-jlpt-list,verified,0,"[""naver-level-backfill"",""jmdict-exact"",""ko-from-naver""]",3,4.650,7,,
w_736589948cfebd9c,N3,ライト,ライト,ライト,"라이트, 가벼움, 간편함;손쉬움",noun,D,報道陣のライトがまぶしいのか，目を時折，しばたたかせる,"보도진의 라이트가 눈부신지, 눈을 이따금 끔쩍인다.",,NAVER 일본어사전 · 민중서림 엣센스 외래어사전,,,owner-confirmed-cleared,,,naver:ja-dict-jlpt-list,verified,0,"[""naver-level-backfill"",""jmdict-exact"",""ko-from-naver""]",3,4.650,7,,
w_0bb9f8c92986e323,N3,本日,ほんじつ,ほんじつ,본일;금일;오늘,noun,A,本日、金メダルが期待される男子チームパシュート決勝が行われる,오늘 금메달이 기대되는 남자 팀 추월 결승전이 펼쳐진다,,NAVER 일본어사전 · 민중서림 엣센스 일한사전,,,owner-confirmed-cleared,,,naver:ja-dict-jlpt-list,verified,0,"[""naver-level-backfill"",""jmdict-exact"",""ko-from-naver""]",3,4.630,7,,
w_817f58d5b7a591e1,N3,美人,びじん,びじん,"미인, 옛 중국에서, 재덕을 갖춘 군주",noun,A,美人ではあるが心掛けが美しくない.,미인이건만 마음씨가 곱지 않다,,NAVER 일본어사전 · 민중서림 엣센스 한일사전,,,owner-confirmed-cleared,,,naver:ja-dict-jlpt-list,verified,0,"[""naver-level-backfill"",""jmdict-exact"",""ko-from-naver""]",3,4.620,8,,
w_ca9c095f915a5363,N3,ダイエット,ダイエット,ダイエット,다이어트;식이 제한,noun,D,食事の量を減らしたり朝食を抜くなど，ダイエットの方法にも問題があった,식사량을 줄이거나 아침 식사를 거르는 등 다이어트 방법에도 문제가 있었다.,,NAVER 일본어사전 · 민중서림 엣센스 외래어사전,,,owner-confirmed-cleared,,,naver:ja-dict-jlpt-list,verified,0,"[""naver-level-backfill"",""jmdict-exact"",""ko-from-naver""]",3,4.620,7,,
w_e12c57237323c262,N3,繰り返し,くりかえし,くりかえし,"반복함;되풀이함, 후렴",noun,B,ジスは絵を描く時、繰り返しと変奏を活用する。,지수는 그림을 그릴 때 반복과 변주를 활용한다.,,NAVER 일본어사전 · 국립국어원 한국어-일본어 학습사전,,,owner-confirmed-cleared,,,naver:ja-dict-jlpt-list,verified,0,"[""naver-level-backfill"",""jmdict-exact"",""ko-from-naver""]",3,4.600,8,,
w_e1c3d69fb48c2215,N3,バイク,バイク,バイク,"바이크, ‘モーターバイク’의 준말, 자전거",noun,D,街乗りするために原付バイクを購入する,동네에서 타기 위해 원동기 장치 자전거를 구입하다,,NAVER 일본어사전 · 민중서림 엣센스 일한사전,,,owner-confirmed-cleared,,,naver:ja-dict-jlpt-list,verified,0,"[""naver-level-backfill"",""jmdict-exact"",""ko-from-naver""]",3,4.590,8,,
w_ed06ba8504d655d3,N3,リーダー,リーダー,リーダー,"리더;지도자, 점선",noun,D,それがリーダーの使命なのだ,그것이 리더[지도자]의 사명인 것이다,,NAVER 일본어사전 · 민중서림 엣센스 일한사전,,,owner-confirmed-cleared,,,naver:ja-dict-jlpt-list,verified,0,"[""naver-level-backfill"",""jmdict-exact"",""ko-from-naver""]",3,4.590,8,,
w_4a7bb7faa8a4b6b4,N3,交通事故,こうつうじこ,こうつうじこ,교통사고,noun,A,彼は交通事故で横死を遂げた.,그는 교통사고로 비명에 갔다,,NAVER 일본어사전 · 민중서림 엣센스 한일사전,,,owner-confirmed-cleared,,,naver:ja-dict-jlpt-list,verified,0,"[""naver-level-backfill"",""jmdict-exact"",""ko-from-naver""]",3,4.580,8,,
w_336acc19e23dffd9,N3,指示,しじ,しじ,지시,noun,A,食後に薬を飲めとの[言う]医者からの指示があった.,식후에 약을 먹으란 의사의 지시가 있었다,,NAVER 일본어사전 · 민중서림 엣센스 한일사전,,,owner-confirmed-cleared,,,naver:ja-dict-jlpt-list,verified,0,"[""naver-level-backfill"",""jmdict-exact"",""ko-from-naver""]",3,4.580,8,,
w_be04838ac5846041,N3,コンビニ,コンビニ,コンビニ,‘コンビニエンス·ストア’의 준말,noun,D,コンビニでお握りを買ってきた,편의점에서 주먹밥을 사 왔다,,NAVER 일본어사전 · 민중서림 엣센스 일한사전,,,owner-confirmed-cleared,,,naver:ja-dict-jlpt-list,verified,0,"[""naver-level-backfill"",""jmdict-exact"",""ko-from-naver""]",3,4.580,8,,
w_da401be519fa13ba,N3,上司,じょうし,じょうし,상사;상급 관청;직장의 윗사람,noun,A,勢い込んで上司に詰め寄る.,기세 있게 상사에게 들이대다,,NAVER 일본어사전 · 민중서림 엣센스 한일사전,,,owner-confirmed-cleared,,,naver:ja-dict-jlpt-list,verified,0,"[""naver-level-backfill"",""jmdict-exact"",""ko-from-naver""]",3,4.570,8,,
w_3ae7dab8808c71d4,N3,掃除機,そうじき,そうじき,청소기,noun,A,だけど、掃除機が故障してる。,그런데 청소기가 고장이군요. (생활/가정>가정생활>집 안 청소),,NAVER 일본어사전 · 글로벌회화,,,owner-confirmed-cleared,,,naver:ja-dict-jlpt-list,verified,0,"[""naver-level-backfill"",""jmdict-exact"",""ko-from-naver""]",3,4.570,8,,
w_275c1a0a5b10d1cf,N3,会長,かいちょう,かいちょう,회장,noun,A,会長の座が空位になる.,회장 자리가 공석이 되다,,NAVER 일본어사전 · 민중서림 엣센스 한일사전,,,owner-confirmed-cleared,,,naver:ja-dict-jlpt-list,verified,0,"[""naver-level-backfill"",""jmdict-exact"",""ko-from-naver""]",3,4.550,8,,
w_452f995f1a0a566e,N3,不可能,ふかのう,ふかのう,불가능,noun,A,責任者である彼の免責は不可能だ.,책임자인 그의 면책은 불가능하다,,NAVER 일본어사전 · 민중서림 엣센스 한일사전,,,owner-confirmed-cleared,,,naver:ja-dict-jlpt-list,verified,0,"[""naver-level-backfill"",""jmdict-exact"",""ko-from-naver""]",3,4.550,8,,
w_c41eee18ef321c5f,N3,働き,はたらき,はたらき,"움직여서 일·구실을 함;작동, 활동;회전, 작용;기능",noun,B,ピレスロイドは虫の皮膚から体内に入り，神経の働きを妨害する,"피레트로이드는 벌레의 피부를 통해 체내에 들어가, 신경 작용을 방해한다.",,NAVER 일본어사전 · 민중서림 엣센스 외래어사전,,,owner-confirmed-cleared,,,naver:ja-dict-jlpt-list,verified,0,"[""naver-level-backfill"",""jmdict-exact"",""ko-from-naver""]",3,4.530,9,,
w_cfdd0fb257b0c8af,N3,若者,わかもの,わかもの,젊은이;청년,noun,A,未来は若者の双肩にかかっている,미래는 젊은이[청년]의 양어깨에 달려 있다,,NAVER 일본어사전 · 민중서림 엣센스 일한사전,,,owner-confirmed-cleared,,,naver:ja-dict-jlpt-list,verified,0,"[""naver-level-backfill"",""jmdict-exact"",""ko-from-naver""]",3,4.520,9,,
w_c9d43ad9370c1ef1,N3,初心者,しょしんしゃ,しょしんしゃ,"초심자, 초보자",noun,A,初心者にアユ釣りのこつを伝授する.,초심자에게 은어 낚시의 요령을 전수하다,,NAVER 일본어사전 · 민중서림 엣센스 한일사전,,,owner-confirmed-cleared,,,naver:ja-dict-jlpt-list,verified,0,"[""naver-level-backfill"",""jmdict-exact"",""ko-from-naver""]",3,4.510,9,,
w_ab5dfb5fb4d58c89,N3,入力,にゅうりょく,にゅうりょく,"입력;기계·기구 등에 넣어 주는 에너지나 신호;특히, 컴퓨터의 중앙 처리 장치에 넣어 줌",noun,A,本の正確な題名を入力してください.,책의 정확한 제호를 입력하십시오,,NAVER 일본어사전 · 민중서림 엣센스 한일사전,,,owner-confirmed-cleared,,,naver:ja-dict-jlpt-list,verified,0,"[""naver-level-backfill"",""jmdict-exact"",""ko-from-naver""]",3,4.510,9,,
w_0426d9d6ce355d7e,N3,事務,じむ,じむ,사무,noun,A,事務を簡捷にする,(a)사무를 간결 민첩하게 처리하다; (b)사무를 간소화하다.,,NAVER 일본어사전 · 민중서림 엣센스 일한사전,,,owner-confirmed-cleared,,,naver:ja-dict-jlpt-list,verified,0,"[""naver-level-backfill"",""jmdict-exact"",""ko-from-naver""]",3,4.500,9,,
w_9cee50c6958aca3b,N3,とんでもない,とんでもない,とんでもない,"터무니없다;당치도 않다, 뜻하지 않다;뜻밖이다, 천만에",adjective,C,彼が学者だなんてとんでもない,그 사람이 학자라니 당치도 않다,,NAVER 일본어사전 · 민중서림 엣센스 일한사전,,,owner-confirmed-cleared,,,naver:ja-dict-jlpt-list,verified,0,"[""naver-level-backfill"",""jmdict-exact"",""ko-from-naver""]",3,4.500,9,,
w_6ffcf985b9b42e22,N3,プラス,プラス,プラス,"플러스, 양수, 더하기;보탬;또, 그 기호",noun,D,月給のほかにプラスアルファがある.,봉급 외에 플러스알파가 있다,,NAVER 일본어사전 · 민중서림 엣센스 한일사전,,,owner-confirmed-cleared,,,naver:ja-dict-jlpt-list,verified,0,"[""naver-level-backfill"",""jmdict-exact"",""ko-from-naver""]",3,4.500,9,,
w_4959210f247babec,N3,鉄道,てつどう,てつどう,철도,noun,A,この鉄道は国境まで延びている.,이 철도는 국경까지 뻗어 있다,,NAVER 일본어사전 · 민중서림 엣센스 한일사전,,,owner-confirmed-cleared,,,naver:ja-dict-jlpt-list,verified,0,"[""naver-level-backfill"",""jmdict-exact"",""ko-from-naver""]",3,4.490,10,,
w_8cedc021083f2b75,N3,場面,ばめん,ばめん,"장면, 경우;처지, 시장의 상황;시황",noun,A,この地震の場面はトリックだ.,이 지진 장면은 트릭이다,,NAVER 일본어사전 · 민중서림 엣센스 한일사전,,,owner-confirmed-cleared,,,naver:ja-dict-jlpt-list,verified,0,"[""naver-level-backfill"",""jmdict-exact"",""ko-from-naver""]",3,4.490,10,,
w_807594583ec14400,N3,交通費,こうつうひ,こうつうひ,교통비,noun,A,交通費を別封する.,교통비를 별봉하다,,NAVER 일본어사전 · 민중서림 엣센스 한일사전,,,owner-confirmed-cleared,,,naver:ja-dict-jlpt-list,verified,0,"[""naver-level-backfill"",""jmdict-exact"",""ko-from-naver""]",3,4.480,10,,
w_a5252fa05b76f54c,N3,ドライブ,ドライブ,ドライブ,"드라이브, 몰고 멀리 달리는 일, 공을 전면으로 회전시키는 강타",noun,D,ドライブをかける.,(탁구 등에서) 드라이브를 걸다,,NAVER 일본어사전 · 민중서림 엣센스 한일사전,,,owner-confirmed-cleared,,,naver:ja-dict-jlpt-list,verified,0,"[""naver-level-backfill"",""jmdict-exact"",""ko-from-naver""]",3,4.480,10,,
w_b56ce0a298fa5c9a,N3,ハート,ハート,ハート,"하트, 마음;심장, 카드놀이 패의 하나로서 심장 모양을 한 것",noun,D,彼は手でハートマークを作るゴールパフォーマンスで観衆を沸かせた,그는 손으로 하트 모양을 만드는 골 퍼포먼스로 관중을 열광시켰다,,NAVER 일본어사전 · 민중서림 엣센스 일한사전,,,owner-confirmed-cleared,,,naver:ja-dict-jlpt-list,verified,0,"[""naver-level-backfill"",""jmdict-exact"",""ko-from-naver""]",3,4.480,10,,
w_c5819037abc1c6a0,N3,高齢者,こうれいしゃ,こうれいしゃ,고령자,noun,A,高齢者のQOL改善に貢献する,고령자의 삶의 질 개선에 공헌하다,,NAVER 일본어사전 · 민중서림 엣센스 일한사전,,,owner-confirmed-cleared,,,naver:ja-dict-jlpt-list,verified,0,"[""naver-level-backfill"",""jmdict-exact"",""ko-from-naver""]",3,4.470,10,,
w_4f5ce9923ef3c61a,N3,週末,しゅうまつ,しゅうまつ,주말,noun,A,週末のデパートの中はたいへん込み合っている.,주말의 백화점 안은 매우 복잡하다,,NAVER 일본어사전 · 민중서림 엣센스 한일사전,,,owner-confirmed-cleared,,,naver:ja-dict-jlpt-list,verified,0,"[""naver-level-backfill"",""jmdict-exact"",""ko-from-naver""]",3,4.470,10,,
w_aad2de1a4d279541,N3,表情,ひょうじょう,ひょうじょう,"표정, 속의 감정이 밖으로 나타난 것;또, 그 얼굴, 모양;풍경",noun,A,不快な表情を露にする,불쾌한 표정을 노골적으로 드러내다,,NAVER 일본어사전 · 민중서림 엣센스 일한사전,,,owner-confirmed-cleared,,,naver:ja-dict-jlpt-list,verified,0,"[""naver-level-backfill"",""jmdict-exact"",""ko-from-naver""]",3,4.470,10,,
w_f63a718c1327f6c8,N3,願い,ねがい,ねがい,"원함;소원, 바라는 바, 부탁함",noun,B,願いがかなって王様に謁見した.,소원이 이루어져 임금님을 알현했다,,NAVER 일본어사전 · 민중서림 엣센스 한일사전,,,owner-confirmed-cleared,,,naver:ja-dict-jlpt-list,verified,0,"[""naver-level-backfill"",""jmdict-exact"",""ko-from-naver""]",3,4.460,10,,
w_0460db429f72be26,N3,前半,ぜんはん,ぜんはん,전반,noun,A,イントロダクションや本文の前半を読めば，なんとなくはわかるのだけれど，やっぱりよくはわからない,서문이나 본문의 전반을 읽으면 그런대로 알게 되것만 역시 잘 모르겠다.,,NAVER 일본어사전 · 민중서림 엣센스 외래어사전,,,owner-confirmed-cleared,,,naver:ja-dict-jlpt-list,verified,0,"[""naver-level-backfill"",""jmdict-exact"",""ko-from-naver""]",3,4.450,10,,
w_5d4e75e12267ce98,N3,物理,ぶつり,ぶつり,물리,noun,A,物理学の泰斗と称される,물리학의 태두로 불리다,,NAVER 일본어사전 · 민중서림 엣센스 한일사전,,,owner-confirmed-cleared,,,naver:ja-dict-jlpt-list,verified,0,"[""naver-level-backfill"",""jmdict-exact"",""ko-from-naver""]",3,4.440,11,,
w_c1a6444d464cf4f1,N3,送信,そうしん,そうしん,송신,noun,A,アンチスパムフィルターを使って、ユーザーの受信トレイにスパムが送信されないようにする,안티스팸 필터를 이용하여 사용자의 수신 메일함에 스팸 메일이 송신되지 않도록 하다,,NAVER 일본어사전 · 민중서림 엣센스 일한사전,,,owner-confirmed-cleared,,,naver:ja-dict-jlpt-list,verified,0,"[""naver-level-backfill"",""jmdict-exact"",""ko-from-naver""]",3,4.430,11,,
w_4f5c7ee58ff9b12e,N3,飛行,ひこう,ひこう,비행,noun,A,飛行機のスケジュールを立て直してください。,비행기 스케줄을 새로 잡아 주세요. (공항/비행기>비행기 환승/연착>비행기를 놓쳤을 때),,NAVER 일본어사전 · 글로벌회화,,,owner-confirmed-cleared,,,naver:ja-dict-jlpt-list,verified,0,"[""naver-level-backfill"",""jmdict-exact"",""ko-from-naver""]",3,4.420,11,,
w_192050c8d9b09ee5,N3,パス,パス,パス,"무료 승차권;또, 정기 승차권, 통과함;합격, 공을 자기편으로 건네주는 일",noun,D,ボールをパスする,공을 패스하다.,,NAVER 일본어사전 · 민중서림 엣센스 일한사전,,,owner-confirmed-cleared,,,naver:ja-dict-jlpt-list,verified,0,"[""naver-level-backfill"",""jmdict-exact"",""ko-from-naver""]",3,4.420,11,,
w_3b15134f599453e6,N3,次回,じかい,じかい,차회;다음 회,noun,A,当選者が出ない場合は、賞金が次回に持ち越される,당첨자가 나오지 않을 경우는 상금이 다음 회로 이월된다,,NAVER 일본어사전 · 민중서림 엣센스 일한사전,,,owner-confirmed-cleared,,,naver:ja-dict-jlpt-list,verified,0,"[""naver-level-backfill"",""jmdict-exact"",""ko-from-naver""]",3,4.410,11,,
w_d75e7b9fb0b1413b,N3,授業料,じゅぎょうりょう,じゅぎょうりょう,수업료,noun,A,授業料は月額15万ウォンだ.,수업료는 월액 15만 원이다,,NAVER 일본어사전 · 민중서림 엣센스 한일사전,,,owner-confirmed-cleared,,,naver:ja-dict-jlpt-list,verified,0,"[""naver-level-backfill"",""jmdict-exact"",""ko-from-naver""]",3,4.410,11,,
w_1fa5edac827143d1,N3,ホームページ,ホームページ,ホームページ,홈페이지;인터넷으로 단체·개인간에 정보 교환을 하는 시스템,noun,D,ホームページを作り変える,홈페이지를 (고쳐) 다시 만들다,,NAVER 일본어사전 · 민중서림 엣센스 일한사전,,,owner-confirmed-cleared,,,naver:ja-dict-jlpt-list,verified,0,"[""naver-level-backfill"",""jmdict-exact"",""ko-from-naver""]",3,4.410,11,,
w_a9c35cc31c89b310,N3,英国,えいこく,えいこく,영국,noun,A,多くのエイシアンは，母国よりも英国の国籍を選び，大量に英国に移住した,"많은 아시아계인은 모국보다 영국 국적을 선택하고 대량으로 영국에 이주하였다((1960년대 케냐에서 아시아계인 (주로 인도계, 파키스탄계)의 퇴거를 요구했을 때)).",,NAVER 일본어사전 · 민중서림 엣센스 외래어사전,,,owner-confirmed-cleared,,,naver:ja-dict-jlpt-list,verified,0,"[""naver-level-backfill"",""jmdict-exact"",""ko-from-naver""]",3,4.400,11,,
w_659f1fe5da48cb3e,N3,半年,はんとし,はんとし,반년,noun,A,半年ぶりに床離れする,반년 만에 병상을 떠나다,,NAVER 일본어사전 · 교학사 일한사전,,,owner-confirmed-cleared,,,naver:ja-dict-jlpt-list,verified,0,"[""naver-level-backfill"",""jmdict-exact"",""ko-from-naver""]",3,4.400,11,,
w_bf378fe457dfcf7a,N3,ウイルス,ウイルス,ウイルス,비루스;바이러스;여과성 병원체,noun,D,クラミジアは，肺炎やトラコーマなどを引き起こす病原体で，細菌とウイルスの中間の大きさである,클라미디아는 폐렴과 트라코마 등을 일으키는 병원체로서 세균과 바이러스의 중간 크기이다.,,NAVER 일본어사전 · 민중서림 엣센스 외래어사전,,,owner-confirmed-cleared,,,naver:ja-dict-jlpt-list,verified,0,"[""naver-level-backfill"",""jmdict-exact"",""ko-from-naver""]",3,4.390,11,,
w_8df43d0e2bde2027,N3,クリック,クリック,クリック,"클릭, 짤까닥 소리가 남;또, 그 소리, 누름;마우스로 조작하여 선택함",noun,D,クリック数を水増しする,클릭 수를 (실제 이상으로) 부풀리다,,NAVER 일본어사전 · 민중서림 엣센스 일한사전,,,owner-confirmed-cleared,,,naver:ja-dict-jlpt-list,verified,0,"[""naver-level-backfill"",""jmdict-exact"",""ko-from-naver""]",3,4.380,12,,
w_e03a4f35d60c82b8,N3,高速道路,こうそくどうろ,こうそくどうろ,고속도로,noun,A,新しい高速道路が広広と走っている.,새 고속 도로가 널찍하게 나 있다,,NAVER 일본어사전 · 민중서림 엣센스 한일사전,,,owner-confirmed-cleared,,,naver:ja-dict-jlpt-list,verified,0,"[""naver-level-backfill"",""jmdict-exact"",""ko-from-naver""]",3,4.360,12,,
w_9f213362f8616cbc,N3,受信,じゅしん,じゅしん,"수신, 무선 전신·무선 전화를 받음, 전보을 받음",noun,A,SU-MIMOは複数のアンテナでデータの送信∙受信を行う無線LAN技術である,싱글 유저 마이모(MIMO)는 복수의 안테나로 데이터를 송수신하는 무선 랜(LAN) 기술이다,,NAVER 일본어사전 · 민중서림 엣센스 일한사전,,,owner-confirmed-cleared,,,naver:ja-dict-jlpt-list,verified,0,"[""naver-level-backfill"",""jmdict-exact"",""ko-from-naver""]",3,4.360,12,,
w_e5aa4df3ce7fe68a,N3,洗濯物,せんたくもの,せんたくもの,세탁물,noun,A,洗濯物が風でぱさぱさとなる.,세탁물이 바람에 구덕구덕 마르다,,NAVER 일본어사전 · 민중서림 엣센스 한일사전,,,owner-confirmed-cleared,,,naver:ja-dict-jlpt-list,verified,0,"[""naver-level-backfill"",""jmdict-exact"",""ko-from-naver""]",3,4.360,12,,
w_2aa39eb735d84826,N3,請求書,せいきゅうしょ,せいきゅうしょ,청구서,noun,A,請求書を送つける,청구서를 보내다[송부하다].,,NAVER 일본어사전 · 민중서림 엣센스 일한사전,,,owner-confirmed-cleared,,,naver:ja-dict-jlpt-list,verified,0,"[""naver-level-backfill"",""jmdict-exact"",""ko-from-naver""]",3,4.350,12,,
w_5f790e7fb78d3d53,N3,洗濯機,せんたくき,せんたくき,세탁기,noun,A,ワンタッチで全自動の洗濯機.,원터치 전자동 세탁기,,NAVER 일본어사전 · 민중서림 엣센스 한일사전,,,owner-confirmed-cleared,,,naver:ja-dict-jlpt-list,verified,0,"[""naver-level-backfill"",""jmdict-exact"",""ko-from-naver""]",3,4.350,12,,
w_c3f1957fd54e0cec,N3,録画,ろくが,ろくが,녹화,noun,A,録画した1時間の番組を1.5倍速で見る,녹화한 1시간짜리 프로그램을 1.5배속으로 보다,,NAVER 일본어사전 · 민중서림 엣센스 일한사전,,,owner-confirmed-cleared,,,naver:ja-dict-jlpt-list,verified,0,"[""naver-level-backfill"",""jmdict-exact"",""ko-from-naver""]",3,4.350,12,,
w_579a63aeda1caca3,N3,不合格,ふごうかく,ふごうかく,불합격,noun,A,背丈が足りなくて不合格になった.,키가 모자라서 불합격되었다,,NAVER 일본어사전 · 민중서림 엣센스 한일사전,,,owner-confirmed-cleared,,,naver:ja-dict-jlpt-list,verified,0,"[""naver-level-backfill"",""jmdict-exact"",""ko-from-naver""]",3,4.340,12,,
w_ea8d85daa22e9b11,N3,アンケート,アンケート,アンケート,앙케트;질문;조사,noun,D,スメハラに関するアンケート調査を実施する,냄새 괴롭힘에 관한 앙케트 조사를 실시하다,,NAVER 일본어사전 · 민중서림 엣센스 일한사전,,,owner-confirmed-cleared,,,naver:ja-dict-jlpt-list,verified,0,"[""naver-level-backfill"",""jmdict-exact"",""ko-from-naver""]",3,4.330,12,,
w_ac84cdb2b57cc77d,N3,マイナス,マイナス,マイナス,"마이너스, 음수;음수의 기호, 감함;또, 그 기호",noun,D,この商売は完全にマイナスだ.,이 장사는 완전히 마이너스다,,NAVER 일본어사전 · 민중서림 엣센스 한일사전,,,owner-confirmed-cleared,,,naver:ja-dict-jlpt-list,verified,0,"[""naver-level-backfill"",""jmdict-exact"",""ko-from-naver""]",3,4.330,12,,
w_674d39fd94cde326,N3,昨年,さくねん,さくねん,작년;지난 해,noun,A,出版界にとって昨年は受難の1年であった.,"출판계에 있어서, 작년은 수난의 한 해였다",,NAVER 일본어사전 · 민중서림 엣센스 한일사전,,,owner-confirmed-cleared,,,naver:ja-dict-jlpt-list,verified,0,"[""naver-level-backfill"",""jmdict-exact"",""ko-from-naver""]",3,4.300,13,,
w_c5f69fdab7e56d26,N3,除く,のぞく,のぞく,"제거하다;없애다, 빼다;제외하다, 죽이다",verb,B,君側の奸を除く,군주 곁의 간신을 제거하다,,NAVER 일본어사전 · 민중서림 엣센스 일한사전,,,owner-confirmed-cleared,,,naver:ja-dict-jlpt-list,verified,0,"[""naver-level-backfill"",""jmdict-exact"",""ko-from-naver""]",3,4.300,13,,
w_5ae0744fedd4669f,N3,警察署,けいさつしょ,けいさつしょ,경찰서,noun,A,警察署に押送される.,경찰서에 압송되다,,NAVER 일본어사전 · 민중서림 엣센스 한일사전,,,owner-confirmed-cleared,,,naver:ja-dict-jlpt-list,verified,0,"[""naver-level-backfill"",""jmdict-exact"",""ko-from-naver""]",3,4.290,13,,
w_c83e310329478e0f,N3,美術,びじゅつ,びじゅつ,미술,noun,A,美術に対する目がある,미술에 대한 눈이 있다,,NAVER 일본어사전 · 민중서림 엣센스 한일사전,,,owner-confirmed-cleared,,,naver:ja-dict-jlpt-list,verified,0,"[""naver-level-backfill"",""jmdict-exact"",""ko-from-naver""]",3,4.290,13,,
w_28d2921e86daacc1,N3,本社,ほんしゃ,ほんしゃ,"본사, 회사의 본점 사업소, 이 회사",noun,A,ソウル本社から辺地へ追いやられる.,서울 본사에서 벽지로 내밀리다,,NAVER 일본어사전 · 민중서림 엣센스 한일사전,,,owner-confirmed-cleared,,,naver:ja-dict-jlpt-list,verified,0,"[""naver-level-backfill"",""jmdict-exact"",""ko-from-naver""]",3,4.290,13,,
w_738d1a4c1ddf8965,N3,タオル,タオル,タオル,"타월;수건;또, 그 천",noun,D,タオルをもう少しください。,수건을 더 주세요. (숙박>서비스>불만/요청),,NAVER 일본어사전 · 글로벌회화,,,owner-confirmed-cleared,,,naver:ja-dict-jlpt-list,verified,0,"[""naver-level-backfill"",""jmdict-exact"",""ko-from-naver""]",3,4.290,13,,
w_b262fb776c86e62c,N3,宝石,ほうせき,ほうせき,보석,noun,A,宝石を散りばめたように美しかった.,보석을 여기저기 박은 듯이 아름다웠다,,NAVER 일본어사전 · 민중서림 엣센스 한일사전,,,owner-confirmed-cleared,,,naver:ja-dict-jlpt-list,verified,0,"[""naver-level-backfill"",""jmdict-exact"",""ko-from-naver""]",3,4.270,14,,
w_b1ec4390176f6bca,N3,回り,まわり,まわり,"돎, 차례로 방문함, 회전",noun,B,池を一回りする,연못을 한 바퀴 돌다,,NAVER 일본어사전 · 민중서림 엣센스 일한사전,,,owner-confirmed-cleared,"[""廻り""]",,naver:ja-dict-jlpt-list,verified,0,"[""naver-level-backfill"",""jmdict-exact"",""ko-from-naver""]",3,4.270,14,,
w_9208dc812cc78585,N3,向き,むき,むき,"방향, 향하는 쪽, 직선의 방향;부등호가 열린 방향",noun,B,船の向きを変える,배의 방향을 바꾸다,,NAVER 일본어사전 · 민중서림 엣센스 일한사전,,,owner-confirmed-cleared,,,naver:ja-dict-jlpt-list,verified,0,"[""naver-level-backfill"",""jmdict-exact"",""ko-from-naver""]",3,4.270,14,,
w_029324ed8af6da1b,N3,プラン,プラン,プラン,"플랜, 계획;안, 설계도;평면도",noun,D,今日のプランは台なしになった.,오늘 계획은 완전히 멍들었다,,NAVER 일본어사전 · 민중서림 엣센스 한일사전,,,owner-confirmed-cleared,,,naver:ja-dict-jlpt-list,verified,0,"[""naver-level-backfill"",""jmdict-exact"",""ko-from-naver""]",3,4.270,13,,
w_731936f7b4f79ba3,N3,ベルト,ベルト,ベルト,"벨트, 혁대;띠, 기계의 피대",noun,D,機械のベルトが外れる,기계의 벨트가 벗겨지다,,NAVER 일본어사전 · 민중서림 엣센스 한일사전,,,owner-confirmed-cleared,,,naver:ja-dict-jlpt-list,verified,0,"[""naver-level-backfill"",""jmdict-exact"",""ko-from-naver""]",3,4.270,13,,
w_9514667d4870df09,N3,ミルク,ミルク,ミルク,"밀크, 우유, ‘コンデンスミルク’의 준말",noun,D,紅茶にミルクを少し入れてください。,홍차에 넣을 우유 좀 주세요. (식당>주문>추가 주문/요청),,NAVER 일본어사전 · 글로벌회화,,,owner-confirmed-cleared,,,naver:ja-dict-jlpt-list,verified,0,"[""naver-level-backfill"",""jmdict-exact"",""ko-from-naver""]",3,4.270,13,,
w_317792be93026082,N3,入場,にゅうじょう,にゅうじょう,입장,noun,A,入場券のないお客様は、如何なる事情があっても入場できません,입장권이 없는 고객은 어떠한 사정이 있어도 입장하실 수 없습니다,,NAVER 일본어사전 · 민중서림 엣센스 일한사전,,,owner-confirmed-cleared,,,naver:ja-dict-jlpt-list,verified,0,"[""naver-level-backfill"",""jmdict-exact"",""ko-from-naver""]",3,4.260,14,,
w_5b78b82bbe49e4d3,N3,博物館,はくぶつかん,はくぶつかん,박물관,noun,A,日本の横浜にはカップヌードルの博物館があるそうなの一度行ってみたいと思っています。,일본 요코하마에는 컵누들 박물관이 있는데 한번 가 보고 싶습니다.,,NAVER 일본어사전 · 연세대학교 한국어학당 국가별 대표음식,,,owner-confirmed-cleared,,,naver:ja-dict-jlpt-list,verified,0,"[""naver-level-backfill"",""jmdict-exact"",""ko-from-naver""]",3,4.240,14,,
w_243a8d4f69f4bd5a,N3,発明,はつめい,はつめい,"발명, 영리한 모양;총명함",noun,A,フランスでは，メートルが「発明」されるまで長さの単位が地方ごとに違っていた,프랑스에서는 미터가 ‘발명’되기까지 길이의 단위가 지방마다 달랐다.,,NAVER 일본어사전 · 민중서림 엣센스 외래어사전,,,owner-confirmed-cleared,,,naver:ja-dict-jlpt-list,verified,0,"[""naver-level-backfill"",""jmdict-exact"",""ko-from-naver""]",3,4.240,14,,
w_bae790c2f19f1f82,N3,トレーニング,トレーニング,トレーニング,트레이닝;훈련;연습,noun,D,ハードなトレーニングを積んで、練習を重ねるのは、こういったポジションに自分を置くためだ。,"하드 트레이닝을 쌓여, 연습을 거듭하는 것은, 이런 포지션에 자신을 두기 위해이다.",,NAVER 일본어사전 · 플리토,,,owner-confirmed-cleared,,,naver:ja-dict-jlpt-list,verified,0,"[""naver-level-backfill"",""jmdict-exact"",""ko-from-naver""]",3,4.240,14,,
w_b0b8b627bd923922,N3,ブレーキ,ブレーキ,ブレーキ,브레이크;제동,noun,D,イ：ブレーキを踏むと、変な音がするし、制動がうまくできません。,가: 브레이크를 밟으면 이상한 소리가 나고 제동이 잘 안 돼요.,,NAVER 일본어사전 · 국립국어원 한국어-일본어 학습사전,,,owner-confirmed-cleared,,,naver:ja-dict-jlpt-list,verified,0,"[""naver-level-backfill"",""jmdict-exact"",""ko-from-naver""]",3,4.230,14,,
w_d14478866102d5ab,N3,ライオン,ライオン,ライオン,라이온;사자,noun,D,ライオンのほえ声を聞いてひやりとした.,사자가 우는 소리를 듣고 오싹했다,,NAVER 일본어사전 · 민중서림 엣센스 한일사전,,,owner-confirmed-cleared,,,naver:ja-dict-jlpt-list,verified,0,"[""naver-level-backfill"",""jmdict-exact"",""ko-from-naver""]",3,4.220,14,,
w_8c83a0eadc0c4e3d,N3,取れる,とれる,とれる,"떨어지다;빠지다, 취할 수 있다, 해석되다",verb,B,免状が取れる,면허장을 얻을 수 있다,,NAVER 일본어사전 · 민중서림 엣센스 일한사전,,,owner-confirmed-cleared,,,naver:ja-dict-jlpt-list,verified,0,"[""naver-level-backfill"",""jmdict-exact"",""ko-from-naver""]",3,4.210,15,,
w_a47a9be72b6619cb,N3,見直し,みなおし,みなおし,다시 봄;재검토,noun,B,オバマケアの見直しを巡って世論が二分される,오바마 케어 재검토를 놓고 여론이 양분되다,,NAVER 일본어사전 · 민중서림 엣센스 일한사전,,,owner-confirmed-cleared,,,naver:ja-dict-jlpt-list,verified,0,"[""naver-level-backfill"",""jmdict-exact"",""ko-from-naver""]",3,4.210,15,,
w_7ff3608b37fa8ce7,N3,履歴書,りれきしょ,りれきしょ,이력서,noun,A,履歴書を提出してください。,이력서를 제출하세요. (직장>구직>지원),,NAVER 일본어사전 · 글로벌회화,,,owner-confirmed-cleared,,,naver:ja-dict-jlpt-list,verified,0,"[""naver-level-backfill"",""jmdict-exact"",""ko-from-naver""]",3,4.210,15,,
w_46c5807f452ae20a,N3,トンネル,トンネル,トンネル,"굴, 야수가 땅볼을 가랑이 사이로 놓침",noun,D,外野手がゴロをトンネルする,외야수가 땅볼을 놓치다.,,NAVER 일본어사전 · 민중서림 엣센스 일한사전,,,owner-confirmed-cleared,,,naver:ja-dict-jlpt-list,verified,0,"[""naver-level-backfill"",""jmdict-exact"",""ko-from-naver""]",3,4.210,14,,
w_a0f1150e0d1731e6,N3,公共料金,こうきょうりょうきん,こうきょうりょうきん,공공 요금,noun,A,電気代をはじめとする公共料金が来月から値上げする。,전기 요금을 비롯한 공공요금이 다음 달부터 오른다.,,NAVER 일본어사전 · 국립국어원 한국어-일본어 학습사전,,,owner-confirmed-cleared,,,naver:ja-dict-jlpt-list,verified,0,"[""naver-level-backfill"",""jmdict-exact"",""ko-from-naver""]",3,4.200,15,,
w_d3c59b685ddd1a06,N3,悲しみ,かなしみ,かなしみ,슬픔;비애,noun,B,悲しみの影が消えない.,슬픔의 그림자가 가시지 않는다,,NAVER 일본어사전 · 민중서림 엣센스 한일사전,,,owner-confirmed-cleared,"[""哀しみ""]",,naver:ja-dict-jlpt-list,verified,0,"[""naver-level-backfill"",""jmdict-exact"",""ko-from-naver""]",3,4.180,15,,
w_d6ec9a493cd36ce2,N3,日付,ひづけ,ひづけ,"일부;날짜;문서 따위에, 그것의 작성·발송·접수 등의 연월일을 기입함",noun,A,明確な日付が思い出せない,명확한 날짜가 생각나지 않는다.,,NAVER 일본어사전 · 민중서림 엣센스 일한사전,,,owner-confirmed-cleared,,,naver:ja-dict-jlpt-list,verified,0,"[""naver-level-backfill"",""jmdict-exact"",""ko-from-naver""]",3,4.150,16,,
w_af296f1fffff86f4,N3,暮らす,くらす,くらす,"하루를 보내다, 살다;세월을 보내다, 살아가다;지내다",verb,B,地味に暮らす,검소하게 살다; 조용히 살다,,NAVER 일본어사전 · 민중서림 엣센스 일한사전,,,owner-confirmed-cleared,,,naver:ja-dict-jlpt-list,verified,0,"[""naver-level-backfill"",""jmdict-exact"",""ko-from-naver""]",3,4.130,16,,
w_f1b2618969d9c32c,N3,互いに,たがいに,たがいに,서로,adverb,B,互いに相対の関係にある.,서로 상대되는 관계에 있다,,NAVER 일본어사전 · 민중서림 엣센스 한일사전,,,owner-confirmed-cleared,,,naver:ja-dict-jlpt-list,verified,0,"[""naver-level-backfill"",""jmdict-exact"",""ko-from-naver""]",3,4.130,16,,
w_192fb2efb59fdd8a,N3,帰国,きこく,きこく,"귀국, 귀향",noun,A,卒業を前後して父が帰国なさった.,졸업을 전후해서 아버지가 귀국하셨다,,NAVER 일본어사전 · 민중서림 엣센스 한일사전,,,owner-confirmed-cleared,,,naver:ja-dict-jlpt-list,verified,0,"[""naver-level-backfill"",""jmdict-exact"",""ko-from-naver""]",3,4.120,16,,
w_40b6cfaec8790170,N3,警察官,けいさつかん,けいさつかん,경찰관,noun,A,どろぼうは警察官を見るや仰天して逃げ出した.,도둑은 경찰관을 보자 기겁을 하여 도망쳤다,,NAVER 일본어사전 · 민중서림 엣센스 한일사전,,,owner-confirmed-cleared,,,naver:ja-dict-jlpt-list,verified,0,"[""naver-level-backfill"",""jmdict-exact"",""ko-from-naver""]",3,4.120,16,,
w_9d7c3ebab21d40e5,N3,アドレス,アドレス,アドレス,"어드레스, 수신인의 주소·성명, 클럽을 쥐고 타구하는 자세를 취하는 일",noun,D,メールアドレス検索ロボットにメールアドレスが集められた,스팸 봇에게 메일 주소를 도난당했다,,NAVER 일본어사전 · 민중서림 엣센스 일한사전,,,owner-confirmed-cleared,,,naver:ja-dict-jlpt-list,verified,0,"[""naver-level-backfill"",""jmdict-exact"",""ko-from-naver""]",3,4.120,16,,
w_3fb9fd1e1e58bd0b,N3,子育て,こそだて,こそだて,육아,noun,B,今、スマホ子育てが注目を集めている,요즘 스마트폰 육아가 주목을 모으고 있다,,NAVER 일본어사전 · 민중서림 엣센스 일한사전,,,owner-confirmed-cleared,,,naver:ja-dict-jlpt-list,verified,0,"[""naver-level-backfill"",""jmdict-exact"",""ko-from-naver""]",3,4.100,17,,
w_d9d2a4da8711a1ad,N3,親戚,しんせき,しんせき,친척;집안,noun,A,親戚の子を養子にする.,친척 집 아이를 양자로 삼다,,NAVER 일본어사전 · 민중서림 엣센스 한일사전,,,owner-confirmed-cleared,,,naver:ja-dict-jlpt-list,verified,0,"[""naver-level-backfill"",""jmdict-exact"",""ko-from-naver""]",3,4.100,17,,
w_7a39d41f9dbb6323,N3,アレルギー,アレルギー,アレルギー,알레르기;앨러지;거부 반응,noun,D,アレルギー反応,알레르기 반응,,NAVER 일본어사전 · 교학사 일한사전,,,owner-confirmed-cleared,,,naver:ja-dict-jlpt-list,verified,0,"[""naver-level-backfill"",""jmdict-exact"",""ko-from-naver""]",3,4.100,16,,
w_5fde8f29d55abaf9,N3,のんびり,のんびり,のんびり,유유히;한가로이;태평스럽게,verb,C,羊の群れがのんびりと草を食んでいる,양 떼가 한가로이 풀을 뜯고 있다,,NAVER 일본어사전 · 민중서림 엣센스 일한사전,,,owner-confirmed-cleared,,,naver:ja-dict-jlpt-list,verified,0,"[""naver-level-backfill"",""jmdict-exact"",""ko-from-naver""]",3,4.090,17,,
w_859894e02790a4e2,N3,本店,ほんてん,ほんてん,"본점, 영업의 본거가 되는 가게, 이 가게",noun,A,デパートではその店の全部の品ぞろえを見ることができないので本店や支店に行く,백화점에서는 그 가게[본사] 전체의 상품을 갖추어 놓은 것을 볼 수 없으므로 본점이나 지점으로 간다.,,NAVER 일본어사전 · 민중서림 엣센스 외래어사전,,,owner-confirmed-cleared,,,naver:ja-dict-jlpt-list,verified,0,"[""naver-level-backfill"",""jmdict-exact"",""ko-from-naver""]",3,4.090,17,,
w_65811af5fa2ae4e9,N3,年末,ねんまつ,ねんまつ,연말;세말,noun,A,街は年末で雑踏していた.,거리는 연말이라 붐비고 있었다,,NAVER 일본어사전 · 민중서림 엣센스 한일사전,,,owner-confirmed-cleared,,,naver:ja-dict-jlpt-list,verified,0,"[""naver-level-backfill"",""jmdict-exact"",""ko-from-naver""]",3,4.080,17,,
w_008815ea901fd7ca,N3,年上,としうえ,としうえ,연상;연장,noun,A,年上の女性と恋仲になる,연상의 여자와 사랑하는 사이가 되다,,NAVER 일본어사전 · 교학사 일한사전,,,owner-confirmed-cleared,,,naver:ja-dict-jlpt-list,verified,0,"[""naver-level-backfill"",""jmdict-exact"",""ko-from-naver""]",3,4.060,17,,
w_e6399fe1d1efe9bf,N3,叩く,たたく,たたく,"치다, 계속해 쳐서 소리를 내다;두드리다, 때리다;비난하다",verb,B,太鼓を叩く,남의 말에 맞장구치며 비위를 맞추다; 북을 치다,,NAVER 일본어사전 · 민중서림 엣센스 일한사전,,,owner-confirmed-cleared,"[""敲く""]",,naver:ja-dict-jlpt-list,verified,0,"[""naver-level-backfill"",""jmdict-exact"",""ko-from-naver""]",3,4.050,17,,
w_cc4e34db111baec1,N3,年寄り,としより,としより,"늙은이;노인, 무가 시대에 정무에 참여한 중신, 江戸幕府大奥를 단속하던 여관의 중직",noun,B,年寄りの役をつとめる.,노인 역을 맡아 하다,,NAVER 일본어사전 · 민중서림 엣센스 한일사전,,,owner-confirmed-cleared,,,naver:ja-dict-jlpt-list,verified,0,"[""naver-level-backfill"",""jmdict-exact"",""ko-from-naver""]",3,4.050,17,,
w_de8870d2dd7e2401,N3,役立つ,やくだつ,やくだつ,"쓸모가 있다;도움이 되다, →やくだてる",verb,B,役立つと期待している,도움이 될 것으로 기대하고 있다,,NAVER 일본어사전 · 민중서림 엣센스 일한사전,,,owner-confirmed-cleared,,,naver:ja-dict-jlpt-list,verified,0,"[""naver-level-backfill"",""jmdict-exact"",""ko-from-naver""]",3,4.050,17,,
w_b6f93a9e16717109,N3,王様,おうさま,おうさま,임금님;왕,noun,A,この事実を王様に奏する.,이 사실을 임금님께 아뢰다,,NAVER 일본어사전 · 민중서림 엣센스 한일사전,,,owner-confirmed-cleared,,,naver:ja-dict-jlpt-list,verified,0,"[""naver-level-backfill"",""jmdict-exact"",""ko-from-naver""]",3,4.040,17,,
w_e60384ddb682ed53,N3,減らす,へらす,へらす,줄이다;감하다,verb,B,体重を減らすために減食する.,체중을 줄이기 위해서 감식하다,,NAVER 일본어사전 · 민중서림 엣센스 한일사전,,,owner-confirmed-cleared,,,naver:ja-dict-jlpt-list,verified,0,"[""naver-level-backfill"",""jmdict-exact"",""ko-from-naver""]",3,4.040,17,,
w_b698ec250ee3cd81,N3,絵画,かいが,かいが,회화;그림,noun,A,絵画は無韻の詩である.,회화는 운(韻)이 없는 시다,,NAVER 일본어사전 · 민중서림 엣센스 한일사전,,,owner-confirmed-cleared,,,naver:ja-dict-jlpt-list,verified,0,"[""naver-level-backfill"",""jmdict-exact"",""ko-from-naver""]",3,4.030,17,,
w_0638a2da01f40b98,N3,熱中,ねっちゅう,ねっちゅう,열중,noun,A,"山登りは,人を熱中させる魔力がある.",등산은 사람을 열중케 하는 마력이 있다,,NAVER 일본어사전 · 민중서림 엣센스 한일사전,,,owner-confirmed-cleared,,,naver:ja-dict-jlpt-list,verified,0,"[""naver-level-backfill"",""jmdict-exact"",""ko-from-naver""]",3,4.030,17,,
w_85e93af730e6e4e6,N3,科目,かもく,かもく,과목,noun,A,この科目は必修だから必ず履修しなければならない.,이 과목은 필수이므로 꼭 이수해야만 한다,,NAVER 일본어사전 · 민중서림 엣센스 한일사전,,,owner-confirmed-cleared,,,naver:ja-dict-jlpt-list,verified,0,"[""naver-level-backfill"",""jmdict-exact"",""ko-from-naver""]",3,4.020,18,,
w_bfb66de43d6df143,N3,支払う,しはらう,しはらう,지불하다;치르다,verb,B,料金を仮想通貨で支払らう,요금을 가상 통화로 지불하다,,NAVER 일본어사전 · 민중서림 엣센스 일한사전,,,owner-confirmed-cleared,"[""仕払う""]",,naver:ja-dict-jlpt-list,verified,0,"[""naver-level-backfill"",""jmdict-exact"",""ko-from-naver""]",3,4.020,18,,
w_4af0c2f10c04a32a,N3,格安,かくやす,かくやす,품질에 비해서 값이 쌈,adjective,A,格安の出物,(품질에 비해) 값이 싼 매물.,,NAVER 일본어사전 · 민중서림 엣센스 일한사전,,,owner-confirmed-cleared,,,naver:ja-dict-jlpt-list,verified,0,"[""naver-level-backfill"",""jmdict-exact"",""ko-from-naver""]",3,4.000,18,,
w_f3b245a5fa5717b0,N3,昨夜,さくや,さくや,작야;어젯밤;간밤,noun,A,昨夜は一睡もしなかった.,어젯밤은 한잠도 안 잤다,,NAVER 일본어사전 · 민중서림 엣센스 한일사전,,,owner-confirmed-cleared,,,naver:ja-dict-jlpt-list,verified,0,"[""naver-level-backfill"",""jmdict-exact"",""ko-from-naver""]",3,4.000,18,,
w_de9503f6e657850e,N3,死後,しご,しご,사후;죽은 뒤,noun,A,この葬儀には亡くなった人の魂を死後の世界に奉送する儀式がある。,이 장례 절차 중에는 죽은 사람의 영혼을 사후 세계로 봉송하는 의식이 있다.,,NAVER 일본어사전 · 국립국어원 한국어-일본어 학습사전,,,owner-confirmed-cleared,,,naver:ja-dict-jlpt-list,verified,0,"[""naver-level-backfill"",""jmdict-exact"",""ko-from-naver""]",3,4.000,18,,
w_6b83769aa2331e1c,N3,パーセント,パーセント,パーセント,퍼센트;백분율,noun,D,大人の運賃の10パーセントです。,성인 요금의 십 퍼센트를 내야 합니다. (공항/비행기>항공권 예약>요금 문의),,NAVER 일본어사전 · 글로벌회화,,,owner-confirmed-cleared,,,naver:ja-dict-jlpt-list,verified,0,"[""naver-level-backfill"",""jmdict-exact"",""ko-from-naver""]",3,4.000,18,,
w_0377fcb25325b843,N3,会合,かいごう,かいごう,회합,noun,A,父の名代で会合に出る,아버지의 대리인으로 회합에 나가다.,,NAVER 일본어사전 · 민중서림 엣센스 일한사전,,,owner-confirmed-cleared,,,naver:ja-dict-jlpt-list,verified,0,"[""naver-level-backfill"",""jmdict-exact"",""ko-from-naver""]",3,3.980,18,,
w_336c7a453b67331c,N3,気楽,きらく,きらく,"마음이 편함, 홀가분함, 매사에 무사태평함",noun,A,気楽に話しかける,스스럼없이 말을 꺼내다,,NAVER 일본어사전 · 민중서림 엣센스 일한사전,,,owner-confirmed-cleared,,,naver:ja-dict-jlpt-list,verified,0,"[""naver-level-backfill"",""jmdict-exact"",""ko-from-naver""]",3,3.980,18,,
w_acceac562af169c6,N3,乗車券,じょうしゃけん,じょうしゃけん,승차권,noun,A,私は乗車券を列車の改札機に入れて通った。,나는 승차권을 열차 개찰구에 넣고 통과했다.,,NAVER 일본어사전 · 국립국어원 한국어-일본어 학습사전,,,owner-confirmed-cleared,,,naver:ja-dict-jlpt-list,verified,0,"[""naver-level-backfill"",""jmdict-exact"",""ko-from-naver""]",3,3.980,18,,
w_3d696e97d5f71d65,N3,頼み,たのみ,たのみ,"부탁;청, 의지;믿음",noun,B,おくめんもなくまた頼みに来る.,뻔뻔스럽게 또 부탁하러 온다,,NAVER 일본어사전 · 민중서림 엣센스 한일사전,,,owner-confirmed-cleared,,,naver:ja-dict-jlpt-list,verified,0,"[""naver-level-backfill"",""jmdict-exact"",""ko-from-naver""]",3,3.980,18,,
w_a60660cfd2ee094a,N3,国語,こくご,こくご,국어,noun,A,外来語の氾濫で国語が汚染される,외래어의 범람으로 국어가 오염되다,,NAVER 일본어사전 · 민중서림 엣센스 한일사전,,,owner-confirmed-cleared,,,naver:ja-dict-jlpt-list,verified,0,"[""naver-level-backfill"",""jmdict-exact"",""ko-from-naver""]",3,3.960,19,,
w_a28d57020f8d50d5,N3,ほっと,ほっと,ほっと,한숨 쉬는 모양;후유,verb,C,ほっと一息つく,후유 하고 한숨 쉬다,,NAVER 일본어사전 · 민중서림 엣센스 한일사전,,,owner-confirmed-cleared,,,naver:ja-dict-jlpt-list,verified,0,"[""naver-level-backfill"",""jmdict-exact"",""ko-from-naver""]",3,3.960,19,,
w_345c57114d03fb8a,N3,オペラ,オペラ,オペラ,오페라;가극,noun,D,先週、オペラの椿姫を見てきた,지난주 오페라 춘희를 보고 왔다,,NAVER 일본어사전 · 민중서림 엣센스 일한사전,,,owner-confirmed-cleared,,,naver:ja-dict-jlpt-list,verified,0,"[""naver-level-backfill"",""jmdict-exact"",""ko-from-naver""]",3,3.930,19,,
w_5b38f7cc76271b6d,N3,デザート,デザート,デザート,디저트;식후의 다과,noun,D,ジスはダイエットすると言っていたのに、ご飯も半分だけ食べて食後にデザートも食べなかった。,지수는 살을 뺀다고 하더니 밥도 반 공기만 먹고 식후에 디저트도 먹지 않았다.,,NAVER 일본어사전 · 국립국어원 한국어-일본어 학습사전,,,owner-confirmed-cleared,,,naver:ja-dict-jlpt-list,verified,0,"[""naver-level-backfill"",""jmdict-exact"",""ko-from-naver""]",3,3.930,19,,
w_6db7537a51983d45,N3,学問,がくもん,がくもん,학문,noun,A,学問と常識は別物だ.,학문과 상식은 별개의 것이다,,NAVER 일본어사전 · 민중서림 엣센스 한일사전,,,owner-confirmed-cleared,,,naver:ja-dict-jlpt-list,verified,0,"[""naver-level-backfill"",""jmdict-exact"",""ko-from-naver""]",3,3.920,19,,
w_92cd7422677f07f7,N3,あっという間に,あっというまに,あっというまに,눈 깜짝할 사이에,adverb,B,ロ:そうだね。あっという間に人がいなくなるなんて。驚くべき手品だ。,나: 그러게. 눈 깜짝할 사이에 사람이 사라지다니. 놀라운 마술이다.,,NAVER 일본어사전 · 국립국어원 한국어-일본어 학습사전,,,owner-confirmed-cleared,,,naver:ja-dict-jlpt-list,verified,0,"[""naver-level-backfill"",""jmdict-exact"",""ko-from-naver""]",3,3.910,19,,
w_7089a2ca742d7dff,N3,商人,しょうにん,しょうにん,상인;장사꾼,noun,A,商人の生命は信用にある.,상인의 생명은 신용에 있다,,NAVER 일본어사전 · 민중서림 엣센스 한일사전,,,owner-confirmed-cleared,,,naver:ja-dict-jlpt-list,verified,0,"[""naver-level-backfill"",""jmdict-exact"",""ko-from-naver""]",3,3.910,19,,
w_bc726cbb6e46691b,N3,アナウンス,アナウンス,アナウンス,아나운스;방송함,noun,D,ロ：アナウンスで名前を呼びましたら入ってきてください。,나: 방송으로 호명을 하면 들어오시면 됩니다.,,NAVER 일본어사전 · 국립국어원 한국어-일본어 학습사전,,,owner-confirmed-cleared,,,naver:ja-dict-jlpt-list,verified,0,"[""naver-level-backfill"",""jmdict-exact"",""ko-from-naver""]",3,3.910,19,,
w_0f9314b5a0db563c,N3,去る,さる,さる,"떠나다, 때가 지나가다;경과하다, 멀리하다;제거하다",verb,B,家族を連れて村を去る.,식솔들을 데리고 마을을 떠나다,,NAVER 일본어사전 · 민중서림 엣센스 한일사전,,,owner-confirmed-cleared,,,naver:ja-dict-jlpt-list,verified,0,"[""naver-level-backfill"",""jmdict-exact"",""ko-from-naver""]",3,3.900,19,,
w_d0683c1373c27189,N3,抱く,だく,だく,"안다, 전하여, 마음속에 품다, 이성과 동침하다",verb,B,(鶏が)卵を抱く.,닭이 알을 품다,,NAVER 일본어사전 · 민중서림 엣센스 한일사전,,,owner-confirmed-cleared,,,naver:ja-dict-jlpt-list,verified,0,"[""naver-level-backfill"",""jmdict-exact"",""ko-from-naver""]",3,3.900,19,,
w_aa663c1128a62d22,N3,真っ赤,まっか,まっか,"새빨감, 진한 빨강, 완전함;전연",noun,B,真っ赤な嘘に騙される,새빨간 거짓말에 속아 넘어가다,,NAVER 일본어사전 · 민중서림 엣센스 일한사전,,,owner-confirmed-cleared,,,naver:ja-dict-jlpt-list,verified,0,"[""naver-level-backfill"",""jmdict-exact"",""ko-from-naver""]",3,3.890,20,,
w_bd960bb319ab4a2a,N3,欠,あくび,あくび,하품,noun,A,(集いに)五名が欠する,(모임에) 다섯 명이 빠지다,,NAVER 일본어사전 · 민중서림 엣센스 한일사전,,,owner-confirmed-cleared,"[""欠伸""]",,naver:ja-dict-jlpt-list,verified,0,"[""naver-level-backfill"",""jmdict-exact"",""ko-from-naver""]",3,3.880,20,,
w_74a03ffaa0764779,N3,パスポート,パスポート,パスポート,패스포트;여권,noun,D,引き出しを整理した。 そうしたら、昔のパスポートが出てきた,서랍을 정리했다. 그랬더니 옛날 여권이 나왔다,,NAVER 일본어사전 · 민중서림 엣센스 일한사전,,,owner-confirmed-cleared,,,naver:ja-dict-jlpt-list,verified,0,"[""naver-level-backfill"",""jmdict-exact"",""ko-from-naver""]",3,3.880,20,,
w_3adf371ace681d98,N3,知らせ,しらせ,しらせ,"알림;통지, 전조;조짐",noun,B,死去の知らせに愕然とする.,사망 통지에 악연히 놀라다,,NAVER 일본어사전 · 민중서림 엣센스 한일사전,,,owner-confirmed-cleared,,,naver:ja-dict-jlpt-list,verified,0,"[""naver-level-backfill"",""jmdict-exact"",""ko-from-naver""]",3,3.870,20,,
w_a15f5b004f81041c,N3,一方通行,いっぽうつうこう,いっぽうつうこう,일방통행,noun,A,意思伝達が一方通行にだけ行われる.,의사 전달이 일방통행으로만 이루어진다,,NAVER 일본어사전 · 민중서림 엣센스 한일사전,,,owner-confirmed-cleared,,,naver:ja-dict-jlpt-list,verified,0,"[""naver-level-backfill"",""jmdict-exact"",""ko-from-naver""]",3,3.860,20,,
w_b242f196895e1c82,N3,高まる,たかまる,たかまる,높아지다,verb,B,平和への望みが高まる.,평화를 바라는 열도가 높아지다,,NAVER 일본어사전 · 민중서림 엣센스 한일사전,,,owner-confirmed-cleared,,,naver:ja-dict-jlpt-list,verified,0,"[""naver-level-backfill"",""jmdict-exact"",""ko-from-naver""]",3,3.860,20,,
w_079dc6ecaa76219a,N3,拝見,はいけん,はいけん,배견;삼가 봄,noun,A,貴簡つつしんで拝見しました,귀한은 삼가 배견하였습니다.,,NAVER 일본어사전 · 민중서림 엣센스 일한사전,,,owner-confirmed-cleared,,,naver:ja-dict-jlpt-list,verified,0,"[""naver-level-backfill"",""jmdict-exact"",""ko-from-naver""]",3,3.860,20,,
w_fb74b253e1c3abf5,N3,インク,インク,インク,→インキ,noun,D,黒または青色のインクで書いてください.,검정 혹은 청색 잉크로 써 주십시오,,NAVER 일본어사전 · 민중서림 엣센스 한일사전,,,owner-confirmed-cleared,,,naver:ja-dict-jlpt-list,verified,0,"[""naver-level-backfill"",""jmdict-exact"",""ko-from-naver""]",3,3.850,20,,
w_1e011eae0fde99bc,N3,載せる,のせる,のせる,"위에 놓다;얹다, 싣다, 게재하다;올리다",verb,B,紙の上に文鎮を載せる.,종이 위에 문진을 올려놓다,,NAVER 일본어사전 · 민중서림 엣센스 한일사전,,,owner-confirmed-cleared,,,naver:ja-dict-jlpt-list,verified,0,"[""naver-level-backfill"",""jmdict-exact"",""ko-from-naver""]",3,3.830,21,,
w_16bc27b031413df0,N3,じっと,じっと,じっと,"꼼짝 않고, 가만히;꾹",adverb,C,マス一匹がびくともしないで、流れる水の中でじっと止まっていた。,송어 한 마리가 꼼짝도 하지 않고 흐르는 물에서 가만히 멈춰 있었다,,NAVER 일본어사전 · 국립국어원 한국어-일본어 학습사전,,,owner-confirmed-cleared,,,naver:ja-dict-jlpt-list,verified,0,"[""naver-level-backfill"",""jmdict-exact"",""ko-from-naver""]",3,3.820,21,,
w_eb8e0fe8ad252dbe,N3,加わる,くわわる,くわわる,"가해지다;더해지다, 참가하다;가담하다, 미치다",verb,B,夜るに入って寒さが加わる,밤이 되어 추위가 더해지다,,NAVER 일본어사전 · 민중서림 엣센스 일한사전,,,owner-confirmed-cleared,,,naver:ja-dict-jlpt-list,verified,0,"[""naver-level-backfill"",""jmdict-exact"",""ko-from-naver""]",3,3.810,21,,
w_4e8d13242ef23139,N3,次男,じなん,じなん,차남;이남;→ちょうなん·さんなん,noun,A,次男を別家に住ませる.,차남을 별가에서 살게 하다,,NAVER 일본어사전 · 민중서림 엣센스 한일사전,,,owner-confirmed-cleared,,,naver:ja-dict-jlpt-list,verified,0,"[""naver-level-backfill"",""jmdict-exact"",""ko-from-naver""]",3,3.800,21,,
w_fd22d60449406f5e,N3,真夜中,まよなか,まよなか,한밤중;심야,noun,A,真夜中に切り裂くような悲鳴が聞こえてきた.,한밤중에 날카로운 비명 소리가 들려왔다,,NAVER 일본어사전 · 민중서림 엣센스 한일사전,,,owner-confirmed-cleared,,,naver:ja-dict-jlpt-list,verified,0,"[""naver-level-backfill"",""jmdict-exact"",""ko-from-naver""]",3,3.800,21,,
w_2e554527c376687e,N3,値下げ,ねさげ,ねさげ,가격 인하,noun,B,値下げ交渉を受ける,가격 인하 교섭을 받다,,NAVER 일본어사전 · 민중서림 엣센스 일한사전,,,owner-confirmed-cleared,,,naver:ja-dict-jlpt-list,verified,0,"[""naver-level-backfill"",""jmdict-exact"",""ko-from-naver""]",3,3.790,21,,
w_33f458c8522b4b2a,N3,改札口,かいさつぐち,かいさつぐち,개찰구,noun,A,彼は列車を逃さないため、急いで改札口までかき分けていった。,그는 기차를 놓치지 않기 위해 분주하게 개찰구까지 헤어 나갔다.,,NAVER 일본어사전 · 국립국어원 한국어-일본어 학습사전,,,owner-confirmed-cleared,,,naver:ja-dict-jlpt-list,verified,0,"[""naver-level-backfill"",""jmdict-exact"",""ko-from-naver""]",3,3.780,21,,
w_fc012acbaccee97e,N3,診察,しんさつ,しんさつ,진찰,noun,A,診察を受けにきました。,진찰 받으러 왔어요. (병원/약국>예약/진찰>접수),,NAVER 일본어사전 · 글로벌회화,,,owner-confirmed-cleared,,,naver:ja-dict-jlpt-list,verified,0,"[""naver-level-backfill"",""jmdict-exact"",""ko-from-naver""]",3,3.780,21,,
w_cf2a4cf526e52539,N3,退学,たいがく,たいがく,퇴학,noun,A,退学[放校]処分を受ける,퇴학 처분을 받다,,NAVER 일본어사전 · 민중서림 엣센스 한일사전,,,owner-confirmed-cleared,,,naver:ja-dict-jlpt-list,verified,0,"[""naver-level-backfill"",""jmdict-exact"",""ko-from-naver""]",3,3.780,21,,
w_1632528f965aa8ca,N3,負んぶ,おんぶ,おんぶ,"어부바;업음, 남에게 의지함;특히 비용을 부담시킴",noun,B,昼食代を負んぶする,점심값을 남에게 물리다,,NAVER 일본어사전 · 민중서림 엣센스 일한사전,,,owner-confirmed-cleared,,,naver:ja-dict-jlpt-list,verified,0,"[""naver-level-backfill"",""jmdict-exact"",""ko-from-naver""]",3,3.770,21,,
w_1eb7d8b8374f4f94,N3,屋内,おくない,おくない,옥내;집의 안;실내,noun,A,このキャンプ場に屋内テニス場はありますか?,이 캠프 안에 실내 테니스장이 있습니까?,,NAVER 일본어사전 · 사전연구사,,,owner-confirmed-cleared,,,naver:ja-dict-jlpt-list,verified,0,"[""naver-level-backfill"",""jmdict-exact"",""ko-from-naver""]",3,3.760,22,,
w_a6fc90c39ec76a29,N3,発車,はっしゃ,はっしゃ,발차,noun,A,発車すれすれに飛び乗る.,발차하려는 차에 간신히 뛰어오르다,,NAVER 일본어사전 · 민중서림 엣센스 한일사전,,,owner-confirmed-cleared,,,naver:ja-dict-jlpt-list,verified,0,"[""naver-level-backfill"",""jmdict-exact"",""ko-from-naver""]",3,3.750,22,,
w_f803c2590c1f9226,N3,終える,おえる,おえる,마치다;종결짓다,verb,B,生物の全課を終える,생물의 전 과목을 마치다.,,NAVER 일본어사전 · 민중서림 엣센스 일한사전,,,owner-confirmed-cleared,,,naver:ja-dict-jlpt-list,verified,0,"[""naver-level-backfill"",""jmdict-exact"",""ko-from-naver""]",3,3.740,22,,
w_063930ee04c299ec,N3,反する,はんする,はんする,"어그러지다;반하다, 위반되다;어긋나다, 배반하다;거스르다",verb,B,理念に反する行為を罰する,이념에 반하는 행위를 벌하다,,NAVER 일본어사전 · 민중서림 엣센스 일한사전,,,owner-confirmed-cleared,,,naver:ja-dict-jlpt-list,verified,0,"[""naver-level-backfill"",""jmdict-exact"",""ko-from-naver""]",3,3.740,22,,
w_a54f4e27644053dd,N3,梅雨,ばいう,ばいう,장마,noun,A,梅雨で湿っぽい日が続いた.,장마로 축축한 날이 계속되었다,,NAVER 일본어사전 · 민중서림 엣센스 한일사전,,,owner-confirmed-cleared,,,naver:ja-dict-jlpt-list,verified,0,"[""naver-level-backfill"",""jmdict-exact"",""ko-from-naver""]",3,3.740,22,,
w_8ad7ee0207cdd841,N3,値上げ,ねあげ,ねあげ,값을 올림;가격 인상,noun,B,値上げ案を否とする,가격 인상안을 찬성하지 않다,,NAVER 일본어사전 · 민중서림 엣센스 일한사전,,,owner-confirmed-cleared,,,naver:ja-dict-jlpt-list,verified,0,"[""naver-level-backfill"",""jmdict-exact"",""ko-from-naver""]",3,3.730,22,,
w_9c0ee208eb69c126,N3,正午,しょうご,しょうご,정오;한낮,noun,A,正午に幕開きした.,정오에 개막했다,,NAVER 일본어사전 · 민중서림 엣센스 한일사전,,,owner-confirmed-cleared,,,naver:ja-dict-jlpt-list,verified,0,"[""naver-level-backfill"",""jmdict-exact"",""ko-from-naver""]",3,3.720,22,,
w_44fb13841425f309,N3,農民,のうみん,のうみん,농민,noun,A,農民から地代を収奪する.,농민으로부터 지대를 수탈하다,,NAVER 일본어사전 · 민중서림 엣센스 한일사전,,,owner-confirmed-cleared,,,naver:ja-dict-jlpt-list,verified,0,"[""naver-level-backfill"",""jmdict-exact"",""ko-from-naver""]",3,3.720,22,,
w_e97f640cc6f0be72,N3,バス停,バスてい,バスてい,버스 정류장,noun,A,私はバスで眠ってしまっても降りなければならないバス停の前々のバス停か前のバス停で目が覚める。,나는 버스에서 잠이 들어도 내려야 할 정류장의 전전 정류장이나 전 정류장에서 눈이 떠진다.,,NAVER 일본어사전 · 국립국어원 한국어-일본어 학습사전,,,owner-confirmed-cleared,,,naver:ja-dict-jlpt-list,verified,0,"[""naver-level-backfill"",""jmdict-exact"",""ko-from-naver""]",3,3.720,22,,
w_f8360fc94c2aa4c7,N3,震える,ふるえる,ふるえる,"흔들리다;진동하다, 두려움·추위·긴장·병 등으로 떨리다",verb,B,手が震えるのを見てください。,손 떨리는 것 좀 봐요. (감정/의견 표현>긴장/두려움),,NAVER 일본어사전 · 글로벌회화,,,owner-confirmed-cleared,,,naver:ja-dict-jlpt-list,verified,0,"[""naver-level-backfill"",""jmdict-exact"",""ko-from-naver""]",3,3.710,22,,
w_1008cfaff3782782,N3,可愛らしい,かわいらしい,かわいらしい,귀엽다;사랑스럽다;작고 예쁘장스럽다,adjective,B,とんだ可愛らしい,대단히 사랑스럽다,,NAVER 일본어사전 · 민중서림 엣센스 일한사전,,,owner-confirmed-cleared,,,naver:ja-dict-jlpt-list,verified,0,"[""naver-level-backfill"",""jmdict-exact"",""ko-from-naver""]",3,3.700,22,,
w_eb465933500327f3,N3,数える,かぞえる,かぞえる,"세다;셈하다, 열거하다, 치다",verb,B,百から一まであべこべに数える.,100에서 1까지 거꾸로 세다,,NAVER 일본어사전 · 민중서림 엣센스 한일사전,,,owner-confirmed-cleared,"[""算える""]",,naver:ja-dict-jlpt-list,verified,0,"[""naver-level-backfill"",""jmdict-exact"",""ko-from-naver""]",3,3.690,23,,
w_897354651262a70a,N3,乗せる,のせる,のせる,"운반하는 도구 위에 두다, 태우다, 싣다;실리다",verb,B,荷物を膝に乗せる,짐을 무릎 위에 올려놓다,,NAVER 일본어사전 · 민중서림 엣센스 일한사전,,,owner-confirmed-cleared,,,naver:ja-dict-jlpt-list,verified,0,"[""naver-level-backfill"",""jmdict-exact"",""ko-from-naver""]",3,3.690,23,,
w_edb63dc93f747a3a,N3,路面,ろめん,ろめん,노면;도로 위,noun,A,路面の氷がスパイクで傷つけられることがなくなり，ミラー・バーンといわれる，鏡のようにつるつるの路面が多く出現するようになった,노면의 얼음이 스파이크로 상하는 일이 없어 ‘거울 도로’라고 하는 거울처럼 미끄러운 노면이 많이 출현하게 되었다.,,NAVER 일본어사전 · 민중서림 엣센스 외래어사전,,,owner-confirmed-cleared,,,naver:ja-dict-jlpt-list,verified,0,"[""naver-level-backfill"",""jmdict-exact"",""ko-from-naver""]",3,3.690,23,,
w_dd457a580a11531b,N3,名人,めいじん,めいじん,"명인, 그 분야에서 솜씨가 뛰어난 사람, 바둑이나 장기에서, 최고위의 칭호의 하나",noun,A,名人の芸には遊びがある,명인의 기예에는 여유가 있다,,NAVER 일본어사전 · 민중서림 엣센스 일한사전,,,owner-confirmed-cleared,,,naver:ja-dict-jlpt-list,verified,0,"[""naver-level-backfill"",""jmdict-exact"",""ko-from-naver""]",3,3.670,23,,
w_1bd286204cc5a209,N3,語学,ごがく,ごがく,어학,noun,A,あの方は語学の生き字引だ.,저이는 어학의 산자전이다,,NAVER 일본어사전 · 민중서림 엣센스 한일사전,,,owner-confirmed-cleared,,,naver:ja-dict-jlpt-list,verified,0,"[""naver-level-backfill"",""jmdict-exact"",""ko-from-naver""]",3,3.660,23,,
w_065f92ea94a4c7a7,N3,決心,けっしん,けっしん,결심,noun,A,なかなか決心がつかない.,좀처럼 결심이 안 선다,,NAVER 일본어사전 · 민중서림 엣센스 한일사전,,,owner-confirmed-cleared,,,naver:ja-dict-jlpt-list,verified,0,"[""naver-level-backfill"",""jmdict-exact"",""ko-from-naver""]",3,3.650,23,,
w_23bedc6d7e06a52a,N3,年月,ねんげつ,ねんげつ,연월;세월,noun,A,長い年月を経る,오랜 세월이 지나다,,NAVER 일본어사전 · 민중서림 엣센스 일한사전,,,owner-confirmed-cleared,,,naver:ja-dict-jlpt-list,verified,0,"[""naver-level-backfill"",""jmdict-exact"",""ko-from-naver""]",3,3.630,23,,
w_52ccfc6e9f30e042,N3,インスタント,インスタント,インスタント,인스턴트;즉석,noun,D,この会社のインスタントラーメンは、麺を即席でこしらえたようにコシのある麺が特徴だ。,이 회사의 인스턴트 라면은 면을 즉석에서 빚은 것처럼 탱탱한 면발이 특징이다.,,NAVER 일본어사전 · 국립국어원 한국어-일본어 학습사전,,,owner-confirmed-cleared,,,naver:ja-dict-jlpt-list,verified,0,"[""naver-level-backfill"",""jmdict-exact"",""ko-from-naver""]",3,3.630,23,,
w_274b5f1e61b3ee7e,N3,海苔,のり,のり,"수중의 암석에 붙어서 이끼 모양을 이룬 해초의 총칭;특히, あさくさのり, →ほしのり",noun,A,僕は毎食、味付け海苔を食べている,나는 매끼 조미김을 먹고 있다,,NAVER 일본어사전 · 민중서림 엣센스 일한사전,,,owner-confirmed-cleared,,,naver:ja-dict-jlpt-list,verified,0,"[""naver-level-backfill"",""jmdict-exact"",""ko-from-naver""]",3,3.620,23,,
w_ad6f9dff272c5145,N3,ぎりぎり,ぎりぎり,ぎりぎり,"‘切り’를 두 개 겹친 힘줌말, 빠듯빠듯함;빠듯함, 강하게 힘을 넣는 모양;특히 바싹 감는 모양;바싹;꼭꼭;부드득",noun,C,車をぎりぎり隅に寄せる.,차를 바싹 구석으로 대다,,NAVER 일본어사전 · 민중서림 엣센스 한일사전,,,owner-confirmed-cleared,,,naver:ja-dict-jlpt-list,verified,0,"[""naver-level-backfill"",""jmdict-exact"",""ko-from-naver""]",3,3.610,23,,
w_b81fe45450ba536b,N3,ソファー,ソファー,ソファー,소파;긴의자;→ベンチ,noun,D,ソファーに深深と座り，一人でウイスキーのグラスを傾けていた,소파에 깊숙이 앉아 혼자서 위스키 잔을 기울이고 있었다.,,NAVER 일본어사전 · 민중서림 엣센스 외래어사전,,,owner-confirmed-cleared,,,naver:ja-dict-jlpt-list,verified,0,"[""naver-level-backfill"",""jmdict-exact"",""ko-from-naver""]",3,3.590,24,,
w_e3298fa913836f90,N3,見送り,みおくり,みおくり,"송별;배웅, 보기만 하고 그냥 보냄, 보류;미룸",noun,B,今回は見送りとする,이번에는 보류하기로 한다,,NAVER 일본어사전 · 민중서림 엣센스 일한사전,,,owner-confirmed-cleared,,,naver:ja-dict-jlpt-list,verified,0,"[""naver-level-backfill"",""jmdict-exact"",""ko-from-naver""]",3,3.570,24,,
w_17798d8879a69967,N3,向く,むく,むく,"향하다, 돌리다;보다, →むける",verb,B,随筆とは気が向くままに書くものだ.,수필이란 마음이 가는 대로 쓰는 글이다,,NAVER 일본어사전 · 민중서림 엣센스 한일사전,,,owner-confirmed-cleared,,,naver:ja-dict-jlpt-list,verified,0,"[""naver-level-backfill"",""jmdict-exact"",""ko-from-naver""]",3,3.560,24,,
w_d43586a42ab501c0,N3,従兄弟,いとこ,いとこ,"사촌;종형제, 어딘지 닮은 데가 있는 것",noun,A,従兄弟の兄は満期で軍から除隊した。,사촌 형은 만기로 군에서 제대하였다.,,NAVER 일본어사전 · 국립국어원 한국어-일본어 학습사전,,,owner-confirmed-cleared,"[""従姉妹""]",,naver:ja-dict-jlpt-list,verified,0,"[""naver-level-backfill"",""jmdict-exact"",""ko-from-naver""]",3,3.550,24,,
w_3560a3f58ab3e02f,N3,思いつく,おもいつく,おもいつく,"문득 생각이 떠오르다, →おもいだす",verb,B,急に思いつく,갑자기 생각이 떠오르다,,NAVER 일본어사전 · 민중서림 엣센스 일한사전,,,owner-confirmed-cleared,"[""思い付く""]",,naver:ja-dict-jlpt-list,verified,0,"[""naver-level-backfill"",""jmdict-exact"",""ko-from-naver""]",3,3.550,24,,
w_e4f2d01897bef251,N3,学費,がくひ,がくひ,학비,noun,A,合格しても学費が続かない,합격해도 학비를 댈 수 없다,,NAVER 일본어사전 · 민중서림 엣센스 일한사전,,,owner-confirmed-cleared,,,naver:ja-dict-jlpt-list,verified,0,"[""naver-level-backfill"",""jmdict-exact"",""ko-from-naver""]",3,3.550,24,,
w_3c28024a9d9eb6f8,N3,ぐっすり,ぐっすり,ぐっすり,푹,adverb,C,不安でぐっすり眠れない,불안해서 잠을 푹 잘 수 없다,,NAVER 일본어사전 · 민중서림 엣센스 일한사전,,,owner-confirmed-cleared,,,naver:ja-dict-jlpt-list,verified,0,"[""naver-level-backfill"",""jmdict-exact"",""ko-from-naver""]",3,3.540,24,,
w_8a317ca83abc92a2,N3,中級,ちゅうきゅう,ちゅうきゅう,중급,noun,A,初級クラスで基礎をしっかり固めたおかげで、中級クラスの授業は思ったより楽だった。,초급반에서 기초를 잘 닦은 덕분에 중급반 수업은 생각보다 수월했다.,,NAVER 일본어사전 · 국립국어원 한국어-일본어 학습사전,,,owner-confirmed-cleared,,,naver:ja-dict-jlpt-list,verified,0,"[""naver-level-backfill"",""jmdict-exact"",""ko-from-naver""]",3,3.540,24,,
w_ef32bf366e06c49f,N3,虫歯,むしば,むしば,충치,noun,A,右の上の歯に、虫歯があります。,오른쪽 윗니에 충치가 있어요. (병원/약국>안과/치과>치과),,NAVER 일본어사전 · 글로벌회화,,,owner-confirmed-cleared,"[""齲歯""]",,naver:ja-dict-jlpt-list,verified,0,"[""naver-level-backfill"",""jmdict-exact"",""ko-from-naver""]",3,3.540,24,,
w_fdd19be90f73a48b,N3,燃やす,もやす,もやす,불태우다;연소시키다;→やく,verb,B,情炎を燃やす.,정염을 불태우다,,NAVER 일본어사전 · 민중서림 엣센스 한일사전,,,owner-confirmed-cleared,,,naver:ja-dict-jlpt-list,verified,0,"[""naver-level-backfill"",""jmdict-exact"",""ko-from-naver""]",3,3.540,24,,
w_ca440ce4b8447f12,N3,痛む,いたむ,いたむ,"아프다, 고통·타격을 받다;괴롭다, →いためる",verb,B,腹が錐でもむように痛む.,배가 송곳으로 쑤시는 듯이 아프다,,NAVER 일본어사전 · 민중서림 엣센스 한일사전,,,owner-confirmed-cleared,"[""傷む""]",,naver:ja-dict-jlpt-list,verified,0,"[""naver-level-backfill"",""jmdict-exact"",""ko-from-naver""]",3,3.530,24,,
w_1818c016f250e0bb,N3,事後,じご,じご,사후,noun,A,沈着に事後の処理をする.,차근히 사후 처리를 하다,,NAVER 일본어사전 · 민중서림 엣센스 한일사전,,,owner-confirmed-cleared,,,naver:ja-dict-jlpt-list,verified,0,"[""naver-level-backfill"",""jmdict-exact"",""ko-from-naver""]",3,3.510,24,,
w_460afbba17b5ad92,N3,鼻水,はなみず,はなみず,콧물,noun,A,鼻アレルギーの主な症状はくしゃみ、鼻水、鼻づまりである,"알레르기 비염의 주된 증상은 재채기, 콧물, 코 막힘이다",,NAVER 일본어사전 · 민중서림 엣센스 일한사전,,,owner-confirmed-cleared,,,naver:ja-dict-jlpt-list,verified,0,"[""naver-level-backfill"",""jmdict-exact"",""ko-from-naver""]",3,3.510,24,,
w_885bb758c6d85607,N3,意地悪,いじわる,いじわる,"심술궂음;짓궂음;또, 심술쟁이",noun,A,ロ：またミンジュンがいじめたみたいです。本当に意地悪な子だよ。,나: 또 민준이가 괴롭혔나 봐요. 정말 못 말리는 심술꾸러기야.,,NAVER 일본어사전 · 국립국어원 한국어-일본어 학습사전,,,owner-confirmed-cleared,,,naver:ja-dict-jlpt-list,verified,0,"[""naver-level-backfill"",""jmdict-exact"",""ko-from-naver""]",3,3.500,24,,
w_91f7c8e5993ca22b,N3,鳴らす,ならす,ならす,"소리를 내다;울리다, 떨치다;날리다, 강하게 주장하다;투덜대다",verb,B,指の節を鳴らす,손가락 마디를 꺾어 (딱딱) 소리를 내다,,NAVER 일본어사전 · 민중서림 엣센스 일한사전,,,owner-confirmed-cleared,,,naver:ja-dict-jlpt-list,verified,0,"[""naver-level-backfill"",""jmdict-exact"",""ko-from-naver""]",3,3.490,25,,
w_91502520df626c4a,N3,年賀状,ねんがじょう,ねんがじょう,연하장,noun,A,恩師には必ず年賀状を送る.,은사에게는 연하장을 꼭꼭 보낸다,,NAVER 일본어사전 · 민중서림 엣센스 한일사전,,,owner-confirmed-cleared,,,naver:ja-dict-jlpt-list,verified,0,"[""naver-level-backfill"",""jmdict-exact"",""ko-from-naver""]",3,3.470,25,,
w_a01a9ab33f0b5cd3,N3,次女,じじょ,じじょ,차녀;둘째 딸,noun,A,次女が嫁ぐ,둘째 딸이 시집가다,,NAVER 일본어사전 · 민중서림 엣센스 일한사전,,,owner-confirmed-cleared,"[""二女""]",,naver:ja-dict-jlpt-list,verified,0,"[""naver-level-backfill"",""jmdict-exact"",""ko-from-naver""]",3,3.460,25,,
w_a5b688e347f54b9e,N3,洗面所,せんめんじょ,せんめんじょ,세면소;화장실,noun,A,洗面所などの水周りを点検する,화장실 등의 배수 설비를 점검하다,,NAVER 일본어사전 · 교학사 일한사전,,,owner-confirmed-cleared,,,naver:ja-dict-jlpt-list,verified,0,"[""naver-level-backfill"",""jmdict-exact"",""ko-from-naver""]",3,3.460,25,,
w_bb726edd4f482daf,N3,近道,ちかみち,ちかみち,"지름길, 가까운 길;샛길, 첩경;빠른 길",noun,A,畑の中を近道して帰った.,밭 가운데를 지름길 삼아 돌아왔다,,NAVER 일본어사전 · 민중서림 엣센스 한일사전,,,owner-confirmed-cleared,"[""近路""]",,naver:ja-dict-jlpt-list,verified,0,"[""naver-level-backfill"",""jmdict-exact"",""ko-from-naver""]",3,3.460,25,,
w_f2283357a892d08d,N3,話し合う,はなしあう,はなしあう,서로 이야기하다,verb,B,互いに解けて話し合う,서로 격의 없이 이야기하다,,NAVER 일본어사전 · 민중서림 엣센스 일한사전,,,owner-confirmed-cleared,,,naver:ja-dict-jlpt-list,verified,0,"[""naver-level-backfill"",""jmdict-exact"",""ko-from-naver""]",3,3.460,25,,
w_1f21cc0d2b2212c5,N3,音楽家,おんがくか,おんがくか,음악가,noun,A,世界で第一番といわれる音楽家.,세계에서 첫손으로 꼽히는 음악가,,NAVER 일본어사전 · 민중서림 엣센스 한일사전,,,owner-confirmed-cleared,,,naver:ja-dict-jlpt-list,verified,0,"[""naver-level-backfill"",""jmdict-exact"",""ko-from-naver""]",3,3.450,25,,
w_e17ea15496eb154b,N3,近づける,ちかづける,ちかづける,"가까이 하다, 가까이 대다, 가까이 지내다",verb,B,本に目を近づける,책에 눈을 가까이 대다,,NAVER 일본어사전 · 민중서림 엣센스 일한사전,,,owner-confirmed-cleared,"[""近付ける""]",,naver:ja-dict-jlpt-list,verified,0,"[""naver-level-backfill"",""jmdict-exact"",""ko-from-naver""]",3,3.450,25,,
w_af4d9a1696d026b1,N3,ハイキング,ハイキング,ハイキング,하이킹,noun,D,そもそものなれ初めはハイキングであった.,애초에 친해진 계기는 하이킹이었다,,NAVER 일본어사전 · 민중서림 엣센스 한일사전,,,owner-confirmed-cleared,,,naver:ja-dict-jlpt-list,verified,0,"[""naver-level-backfill"",""jmdict-exact"",""ko-from-naver""]",3,3.450,25,,
w_053746c071b630d7,N3,蹴る,ける,ける,"차다, 걷어차다, 거절하다;일축하다",verb,B,ボールをぽんと蹴る.,공을 뻥 차다,,NAVER 일본어사전 · 민중서림 엣센스 한일사전,,,owner-confirmed-cleared,,,naver:ja-dict-jlpt-list,verified,0,"[""naver-level-backfill"",""jmdict-exact"",""ko-from-naver""]",3,3.440,25,,
w_dc9763857b02bb07,N3,支社,ししゃ,ししゃ,"지사, 신사의 분사",noun,A,支社に転属になる.,지사에 전속되다,,NAVER 일본어사전 · 민중서림 엣센스 한일사전,,,owner-confirmed-cleared,,,naver:ja-dict-jlpt-list,verified,0,"[""naver-level-backfill"",""jmdict-exact"",""ko-from-naver""]",3,3.440,25,,
w_ff718bd01c312a9a,N3,忘年会,ぼうねんかい,ぼうねんかい,망년회;송년회,noun,A,ミンジュンは年末に同窓生たちと集まり忘年会を開いた。,민준이는 연말에 동창들과 모여 송년회를 열었다.,,NAVER 일본어사전 · 국립국어원 한국어-일본어 학습사전,,,owner-confirmed-cleared,,,naver:ja-dict-jlpt-list,verified,0,"[""naver-level-backfill"",""jmdict-exact"",""ko-from-naver""]",3,3.430,25,,
w_e79a2a68bb81370e,N3,巻く,まく,まく,"감다, 말다, 소용돌이 모양이 되다;휘감기다",verb,B,傷に包帯をぐるぐると巻く.,상처에 붕대를 둘둘 감다,,NAVER 일본어사전 · 민중서림 엣센스 한일사전,,,owner-confirmed-cleared,"[""捲く""]",,naver:ja-dict-jlpt-list,verified,0,"[""naver-level-backfill"",""jmdict-exact"",""ko-from-naver""]",3,3.430,25,,
w_90627cfb32049799,N3,酔う,よう,よう,"술에 취하다;술기가 돌다, 멀미하다, 황홀해지다;도취하다",verb,B,一杯の酒に陶然と酔う.,한잔 술에 도연히 취하다,,NAVER 일본어사전 · 민중서림 엣센스 한일사전,,,owner-confirmed-cleared,,,naver:ja-dict-jlpt-list,verified,0,"[""naver-level-backfill"",""jmdict-exact"",""ko-from-naver""]",3,3.430,25,,
w_be511030acba8780,N3,図面,ずめん,ずめん,도면;설계도,noun,A,図面を二分の一に縮写する,도면을 2분의 1로 축사하다,,NAVER 일본어사전 · 교학사 일한사전,,,owner-confirmed-cleared,,,naver:ja-dict-jlpt-list,verified,0,"[""naver-level-backfill"",""jmdict-exact"",""ko-from-naver""]",3,3.390,26,,
w_e4c9292a85cf139b,N3,腐る,くさる,くさる,"썩다, 상하다;부패하다, 타락하다",verb,B,柱の根方が腐る.,기둥의 밑동이 썩다,,NAVER 일본어사전 · 민중서림 엣센스 한일사전,,,owner-confirmed-cleared,,,naver:ja-dict-jlpt-list,verified,0,"[""naver-level-backfill"",""jmdict-exact"",""ko-from-naver""]",3,3.380,26,,
w_60b00113405bfd55,N3,食費,しょくひ,しょくひ,식비,noun,A,食費をきりつめる.,식비를 줄이다,,NAVER 일본어사전 · 민중서림 엣센스 한일사전,,,owner-confirmed-cleared,,,naver:ja-dict-jlpt-list,verified,0,"[""naver-level-backfill"",""jmdict-exact"",""ko-from-naver""]",3,3.380,26,,
w_c5c0c494ea4f9173,N3,載る,のる,のる,"놓이다;얹히다, 실리다",verb,B,その事件が週報に載る.,그 사건이 주보에 실리다,,NAVER 일본어사전 · 민중서림 엣센스 한일사전,,,owner-confirmed-cleared,,,naver:ja-dict-jlpt-list,verified,0,"[""naver-level-backfill"",""jmdict-exact"",""ko-from-naver""]",3,3.370,26,,
w_4be92fd74f04cd19,N3,左折,させつ,させつ,좌회전;진로를 왼쪽으로 꺾음,noun,A,私は左折信号が変わる前に、急いでハンドルを左側に切った。,나는 좌회전 신호가 바뀌기 전에 급히 핸들을 왼쪽으로 꺾었다.,,NAVER 일본어사전 · 국립국어원 한국어-일본어 학습사전,,,owner-confirmed-cleared,,,naver:ja-dict-jlpt-list,verified,0,"[""naver-level-backfill"",""jmdict-exact"",""ko-from-naver""]",3,3.360,26,,
w_c33169a9a372be32,N3,食後,しょくご,しょくご,식후,noun,A,食後に薬を飲めとの[言う]医者からの指示があった.,식후에 약을 먹으란 의사의 지시가 있었다,,NAVER 일본어사전 · 민중서림 엣센스 한일사전,,,owner-confirmed-cleared,,,naver:ja-dict-jlpt-list,verified,0,"[""naver-level-backfill"",""jmdict-exact"",""ko-from-naver""]",3,3.350,26,,
w_408145006405c646,N3,悲しむ,かなしむ,かなしむ,슬퍼하다;마음 아파하다,verb,B,貧者を悲しむ,가난한 사람을 마음 아파하다,,NAVER 일본어사전 · 민중서림 엣센스 일한사전,,,owner-confirmed-cleared,"[""哀しむ""]",,naver:ja-dict-jlpt-list,verified,0,"[""naver-level-backfill"",""jmdict-exact"",""ko-from-naver""]",3,3.330,26,,
w_36e68594c223ca15,N3,やり直す,やりなおす,やりなおす,다시 하다,verb,B,失敗した仕事をやり直す,실패한 일을 다시 하다,,NAVER 일본어사전 · 민중서림 엣센스 일한사전,,,owner-confirmed-cleared,"[""遣り直す""]",,naver:ja-dict-jlpt-list,verified,0,"[""naver-level-backfill"",""jmdict-exact"",""ko-from-naver""]",3,3.330,26,,
w_ae5afff2b1493d53,N3,ドライヤー,ドライヤー,ドライヤー,드라이어;건조기,noun,D,このドライヤーは風の強さを調整できる。,이 드라이어는 바람의 세기를 조절할 수 있다.,,NAVER 일본어사전 · 국립국어원 한국어-일본어 학습사전,,,owner-confirmed-cleared,,,naver:ja-dict-jlpt-list,verified,0,"[""naver-level-backfill"",""jmdict-exact"",""ko-from-naver""]",3,3.310,26,,
w_78fce96c9ce0d63b,N3,受取人,うけとりにん,うけとりにん,받는 사람;수취인,noun,A,私は手紙の封筒の表に差出人と受取人の住所を書いた。,나는 편지 봉투의 앞면에 보내는 사람과 받는 사람의 주소를 적었다.,,NAVER 일본어사전 · 국립국어원 한국어-일본어 학습사전,,,owner-confirmed-cleared,,,naver:ja-dict-jlpt-list,verified,0,"[""naver-level-backfill"",""jmdict-exact"",""ko-from-naver""]",3,3.290,27,,
w_36c37a7b06560440,N3,間違う,まちがう,まちがう,"잘못되다;틀리다, 엇갈리다, →まちがえる",verb,B,まかり間違うと命がない.,아차 잘못하면 목숨을 잃는다,,NAVER 일본어사전 · 민중서림 엣센스 한일사전,,,owner-confirmed-cleared,,,naver:ja-dict-jlpt-list,verified,0,"[""naver-level-backfill"",""jmdict-exact"",""ko-from-naver""]",3,3.290,27,,
w_1038fdc3e444b5d1,N3,下らない,くだらない,くだらない,"하찮다;시시하다, 밑돌지 않다;이하가 아니다",adjective,B,月収は千万ウォンを下らない.,월수입이 적어도 천만 원은 된다,,NAVER 일본어사전 · 민중서림 엣센스 한일사전,,,owner-confirmed-cleared,,,naver:ja-dict-jlpt-list,verified,0,"[""naver-level-backfill"",""jmdict-exact"",""ko-from-naver""]",3,3.280,27,,
w_dcaabdcb8c29b760,N3,振り込み,ふりこみ,ふりこみ,"납입, 남이 이기게 되는 패를 내놓음",noun,B,代金の振り込みを求める,대금의 계좌 납입을 요구하다,,NAVER 일본어사전 · 민중서림 엣센스 일한사전,,,owner-confirmed-cleared,,,naver:ja-dict-jlpt-list,verified,0,"[""naver-level-backfill"",""jmdict-exact"",""ko-from-naver""]",3,3.270,27,,
w_80733a73005afb5d,N3,まな板,まないた,まないた,도마,noun,B,魚屋のおばさんはまな板に刀を突きさしておいた。,생선 가게 아주머니는 도마에 칼을 내리꽂아 두셨다.,,NAVER 일본어사전 · 국립국어원 한국어-일본어 학습사전,,,owner-confirmed-cleared,"[""俎"",""俎板"",""真魚板""]",,naver:ja-dict-jlpt-list,verified,0,"[""naver-level-backfill"",""jmdict-exact"",""ko-from-naver""]",3,3.270,27,,
w_d4b0c385a06e569e,N3,にっこり,にっこり,にっこり,생긋;방긋,verb,C,何の意味もなくにっこりする.,아무 까닭도 없이 생긋 웃다,,NAVER 일본어사전 · 민중서림 엣센스 한일사전,,,owner-confirmed-cleared,,,naver:ja-dict-jlpt-list,verified,0,"[""naver-level-backfill"",""jmdict-exact"",""ko-from-naver""]",3,3.260,27,,
w_210c64d85d44fb49,N3,正座,せいざ,せいざ,정좌;무릎을 꿇고 단정하게 앉음,noun,A,仏壇に向って正座する,불단을 향해서 정좌하다.,,NAVER 일본어사전 · 민중서림 엣센스 일한사전,,,owner-confirmed-cleared,"[""正坐""]",,naver:ja-dict-jlpt-list,verified,0,"[""naver-level-backfill"",""jmdict-exact"",""ko-from-naver""]",3,3.230,27,,
w_776f7e525c801a87,N3,強める,つよめる,つよめる,강하게 하다;세게 하다,verb,B,語気を強める,말투를 세게 하다; 언성을 높이다,,NAVER 일본어사전 · 민중서림 엣센스 일한사전,,,owner-confirmed-cleared,,,naver:ja-dict-jlpt-list,verified,0,"[""naver-level-backfill"",""jmdict-exact"",""ko-from-naver""]",3,3.210,27,,
w_6003a54b8f26e37d,N3,冷める,さめる,さめる,식다,verb,B,百年の恋も一時に冷める,백 년을 맹세했던 사랑도 일시에 식다,,NAVER 일본어사전 · 민중서림 엣센스 일한사전,,,owner-confirmed-cleared,,,naver:ja-dict-jlpt-list,verified,0,"[""naver-level-backfill"",""jmdict-exact"",""ko-from-naver""]",3,3.190,27,,
w_465fe84232149662,N3,税込み,ぜいこみ,ぜいこみ,세금을 포함한 액수,noun,B,かしこまりました。税込で90ドルです。お支払いは現金ですか? それともカードですか?,"알겠습니다. 세금 포함해서 90달러입니다. 현금으로 지불하시겠습니까, 신용 카드로 지불하시겠습니까?",,NAVER 일본어사전 · 사전연구사,,,owner-confirmed-cleared,,,naver:ja-dict-jlpt-list,verified,0,"[""naver-level-backfill"",""jmdict-exact"",""ko-from-naver""]",3,3.190,27,,
w_e7e25fb62d71ef5e,N3,強まる,つよまる,つよまる,강해지다;세지다,verb,B,風当たりが強まる,바람이 세지다; 바람을 세게 타다,,NAVER 일본어사전 · 민중서림 엣센스 일한사전,,,owner-confirmed-cleared,,,naver:ja-dict-jlpt-list,verified,0,"[""naver-level-backfill"",""jmdict-exact"",""ko-from-naver""]",3,3.180,27,,
w_c1e56e687da5a762,N3,覚ます,さます,さます,깨다;깨우치다;깨우다,verb,B,爆音に驚かされて目を覚ます.,폭음에 놀라서 잠을 깨다,,NAVER 일본어사전 · 민중서림 엣센스 한일사전,,,owner-confirmed-cleared,"[""醒す""]",,naver:ja-dict-jlpt-list,verified,0,"[""naver-level-backfill"",""jmdict-exact"",""ko-from-naver""]",3,3.170,27,,
w_1cac16c6ed17b461,N3,送別会,そうべつかい,そうべつかい,송별회,noun,A,送別会が催される.,송별회가 열리다,,NAVER 일본어사전 · 민중서림 엣센스 한일사전,,,owner-confirmed-cleared,,,naver:ja-dict-jlpt-list,verified,0,"[""naver-level-backfill"",""jmdict-exact"",""ko-from-naver""]",3,3.170,27,,
w_cb129e00b314dadb,N3,無休,むきゅう,むきゅう,무휴,noun,A,うちの工場はいつも注文が多くて1年ずっと無休で稼働する。,우리 공장은 항상 주문이 밀려 있어서 일 년 내내 무휴로 가동된다.,,NAVER 일본어사전 · 국립국어원 한국어-일본어 학습사전,,,owner-confirmed-cleared,,,naver:ja-dict-jlpt-list,verified,0,"[""naver-level-backfill"",""jmdict-exact"",""ko-from-naver""]",3,3.150,28,,
w_0e49dcf55b580868,N3,細長い,ほそながい,ほそながい,길고 가느다랗다;홀쪽하다,adjective,B,細巻きは、その黒く細長い形から鉄砲巻きとも呼ばれます。,호소마키는 그 검고 날씬한 모양에서 텐포(총포)미키라고도 부릅니다.,,NAVER 일본어사전 · 연세대학교 한국어학당 국가별 대표음식,,,owner-confirmed-cleared,,,naver:ja-dict-jlpt-list,verified,0,"[""naver-level-backfill"",""jmdict-exact"",""ko-from-naver""]",3,3.140,28,,
w_c1238728a9185594,N3,ごろごろ,ごろごろ,ごろごろ,"우르르, 크고 묵직한 물건이 구르는 모양;데굴데굴, 천둥;우레",noun,C,お腹が痛くてごろごろ転がった.,배가 아파서 데굴데굴 굴렀다,,NAVER 일본어사전 · 민중서림 엣센스 한일사전,,,owner-confirmed-cleared,,,naver:ja-dict-jlpt-list,verified,0,"[""naver-level-backfill"",""jmdict-exact"",""ko-from-naver""]",3,3.120,28,,
w_5ddd4dccbda61ecd,N3,クラスメート,クラスメート,クラスメート,클래스메이트;동급생;급우,noun,D,…パンタロンで闊歩する彼女たちは，あの頃の私やクラスメートとほとんど同じ格好をしている,…판탈롱으로 활보하는 그녀들은 그 무렵의 나나 동급생과 거의 같은 모양을 하고 있다.,,NAVER 일본어사전 · 민중서림 엣센스 외래어사전,,,owner-confirmed-cleared,,,naver:ja-dict-jlpt-list,verified,0,"[""naver-level-backfill"",""jmdict-exact"",""ko-from-naver""]",3,3.070,28,,
w_39b26f179dfbec94,N3,蒸し暑い,むしあつい,むしあつい,무덥다,adjective,B,イ：今日はずっと蒸し暑いね。,가: 오늘은 종일 무덥네.,,NAVER 일본어사전 · 국립국어원 한국어-일본어 학습사전,,,owner-confirmed-cleared,,,naver:ja-dict-jlpt-list,verified,0,"[""naver-level-backfill"",""jmdict-exact"",""ko-from-naver""]",3,3.060,28,,
w_59dbb186d860adc9,N3,空ける,あける,あける,"비우다, 쏟다, 집을 비우다",verb,B,家を空ける,집을 비우다; 출타하다,,NAVER 일본어사전 · 민중서림 엣센스 일한사전,,,owner-confirmed-cleared,,,naver:ja-dict-jlpt-list,verified,0,"[""naver-level-backfill"",""jmdict-exact"",""ko-from-naver""]",3,3.050,28,,
w_878b871f0e14bc7c,N3,擤む,かむ,かむ,풀다,verb,B,鼻を擤む,코를 풀다,,NAVER 일본어사전 · 민중서림 엣센스 일한사전,,,owner-confirmed-cleared,"[""挗む""]",,naver:ja-dict-jlpt-list,verified,0,"[""naver-level-backfill"",""jmdict-exact"",""ko-from-naver""]",3,3.040,28,,
w_e04695b03865adc5,N3,用件,ようけん,ようけん,용건,noun,A,火急の用件で上阪する,화급한 용건으로 大阪에 가다.,,NAVER 일본어사전 · 민중서림 엣센스 일한사전,,,owner-confirmed-cleared,,,naver:ja-dict-jlpt-list,verified,0,"[""naver-level-backfill"",""jmdict-exact"",""ko-from-naver""]",3,3.010,28,,
w_42ee4b6410cff0d3,N3,炒める,いためる,いためる,기름에 볶다;지지다,verb,B,具材を別別に炒める,속 재료를 따로따로 볶다,,NAVER 일본어사전 · 민중서림 엣센스 일한사전,,,owner-confirmed-cleared,"[""煠める""]",,naver:ja-dict-jlpt-list,verified,0,"[""naver-level-backfill"",""jmdict-exact"",""ko-from-naver""]",3,3.000,28,,
w_2901dd31bf072352,N3,気体,きたい,きたい,기체;→じょうき,noun,A,気体が膨張する,기체가 팽창하다,,NAVER 일본어사전 · 민중서림 엣센스 일한사전,,,owner-confirmed-cleared,,,naver:ja-dict-jlpt-list,verified,0,"[""naver-level-backfill"",""jmdict-exact"",""ko-from-naver""]",3,2.990,28,,
w_089bc8f446b1e711,N3,網戸,あみど,あみど,망창;철망 따위를 친 문,noun,A,窓に網戸を嵌める,창에 망창을 끼우다,,NAVER 일본어사전 · 교학사 일한사전,,,owner-confirmed-cleared,,,naver:ja-dict-jlpt-list,verified,0,"[""naver-level-backfill"",""jmdict-exact"",""ko-from-naver""]",3,2.960,28,,
w_9201aad98ba6cd1a,N3,奢る,おごる,おごる,"사치하다, 한턱내다",verb,B,今度は僕が奢る番だ,이번에는 내가 한턱낼 차례다,,NAVER 일본어사전 · 민중서림 엣센스 일한사전,,,owner-confirmed-cleared,,,naver:ja-dict-jlpt-list,verified,0,"[""naver-level-backfill"",""jmdict-exact"",""ko-from-naver""]",3,2.940,29,,
w_c5774c8d300e66ca,N3,答案,とうあん,とうあん,답안,noun,A,答案を出す前に験算する.,답안을 내기 전에 검산하다,,NAVER 일본어사전 · 민중서림 엣센스 한일사전,,,owner-confirmed-cleared,,,naver:ja-dict-jlpt-list,verified,0,"[""naver-level-backfill"",""jmdict-exact"",""ko-from-naver""]",3,2.920,29,,
w_e623add8575d25cd,N3,ハンドバッグ,ハンドバッグ,ハンドバッグ,핸드백,noun,D,かっぱらいがハンドバッグをひったくって行った.,날치기가 핸드백을 채 갔다,,NAVER 일본어사전 · 민중서림 엣센스 한일사전,,,owner-confirmed-cleared,,,naver:ja-dict-jlpt-list,verified,0,"[""naver-level-backfill"",""jmdict-exact"",""ko-from-naver""]",3,2.910,29,,
w_dba72914468266c9,N3,一人娘,ひとりむすめ,ひとりむすめ,외딸,noun,A,一人娘を手放す,외딸을 시집보내다,,NAVER 일본어사전 · 민중서림 엣센스 일한사전,,,owner-confirmed-cleared,,,naver:ja-dict-jlpt-list,verified,0,"[""naver-level-backfill"",""jmdict-exact"",""ko-from-naver""]",3,2.890,29,,
w_2d58a6ef63d38cbe,N3,可哀相,かわいそう,かわいそう,불쌍한 모양;가엾은 모양,adjective,A,可哀相な気がする,불쌍한 생각이 들다,,NAVER 일본어사전 · 민중서림 엣센스 일한사전,,,owner-confirmed-cleared,,,naver:ja-dict-jlpt-list,verified,0,"[""naver-level-backfill"",""jmdict-exact"",""ko-from-naver""]",3,2.880,29,,
w_3c48fef59f901cb5,N3,近視,きんし,きんし,근시,noun,A,近視の度が進む,근시의 도수가 점점 심해지다,,NAVER 일본어사전 · 민중서림 엣센스 일한사전,,,owner-confirmed-cleared,,,naver:ja-dict-jlpt-list,verified,0,"[""naver-level-backfill"",""jmdict-exact"",""ko-from-naver""]",3,2.860,29,,
w_917a5aa0d0db391b,N3,差出人,さしだしにん,さしだしにん,발신인;발송인,noun,A,私は差出人の住所が書かれていない郵便物を受け取った。,나는 발신인 주소가 적혀 있지 않은 우편물을 받았다.,,NAVER 일본어사전 · 국립국어원 한국어-일본어 학습사전,,,owner-confirmed-cleared,,,naver:ja-dict-jlpt-list,verified,0,"[""naver-level-backfill"",""jmdict-exact"",""ko-from-naver""]",3,2.860,29,,
w_8d174bfc2f12fead,N3,足し算,たしざん,たしざん,덧셈;가산,noun,B,二桁の足し算をする,두 자릿수 덧셈을 하다,,NAVER 일본어사전 · 민중서림 엣센스 일한사전,,,owner-confirmed-cleared,,,naver:ja-dict-jlpt-list,verified,0,"[""naver-level-backfill"",""jmdict-exact"",""ko-from-naver""]",3,2.860,29,,
w_d0c5de51a55d62d4,N3,不断,ふだん,ふだん,항상;평상시;평소,noun,A,学問とは偶然に成就するものではない。それは情熱を持って探し求められ、不断の努力を持って対応されなければならいない。(アビゲイル・アダムズ),"배움은 우연히 얻어지는 것이 아니라 열성을 다해 갈구하고 부지런히 집중해야 얻을 수 있는 것이다. (애비게일 애덤스, 공부명언)",,NAVER 일본어사전 · 명언/속담,,,owner-confirmed-cleared,"[""普段""]",,naver:ja-dict-jlpt-list,verified,0,"[""naver-level-backfill"",""jmdict-exact"",""ko-from-naver""]",3,2.820,29,,
w_71b4fe597f4ac2ed,N3,返る,かえる,かえる,"돌아가다, 返り読み로 읽다, 바래다;퇴색하다",verb,B,計画が再転してもとに返る,계획이 바뀌어 원점으로 돌아가다,,NAVER 일본어사전 · 민중서림 엣센스 한일사전,,,owner-confirmed-cleared,"[""還る""]",,naver:ja-dict-jlpt-list,verified,0,"[""naver-level-backfill"",""jmdict-exact"",""ko-from-naver""]",3,2.790,29,,
w_7476fab8c017b6b3,N3,濡らす,ぬらす,ぬらす,적시다,verb,B,涙で枕を濡らす,눈물로 베개를 적시다,,NAVER 일본어사전 · 민중서림 엣센스 일한사전,,,owner-confirmed-cleared,,,naver:ja-dict-jlpt-list,verified,0,"[""naver-level-backfill"",""jmdict-exact"",""ko-from-naver""]",3,2.790,29,,
w_b6ef07b6f1141a3b,N3,乗り遅れる,のりおくれる,のりおくれる,"놓치다;시간이 늦어 못 타다, 시류에 뒤떨어지다",verb,B,終発に乗り遅れる,(시간이 늦어) 막차를 놓치다,,NAVER 일본어사전 · 민중서림 엣센스 일한사전,,,owner-confirmed-cleared,"[""乗り後れる""]",,naver:ja-dict-jlpt-list,verified,0,"[""naver-level-backfill"",""jmdict-exact"",""ko-from-naver""]",3,2.790,29,,
w_390e7c320dc77120,N3,眩暈,めまい,めまい,현훈;현기증;어찔함,noun,A,眩暈を感ずる,현기증을 느끼다.,,NAVER 일본어사전 · 민중서림 엣센스 일한사전,,,owner-confirmed-cleared,"[""目眩""]",,naver:ja-dict-jlpt-list,verified,0,"[""naver-level-backfill"",""jmdict-exact"",""ko-from-naver""]",3,2.710,29,,
w_cd8f0f97b64b50c1,N3,何方,どっち,どっち,‘どちら’의 막된 말씨,pronoun,A,何方に転んでもうれしくない,(사태가) 어떻게 되든[바뀌든] 달갑지 않다.,,NAVER 일본어사전 · 민중서림 엣센스 일한사전,,,owner-confirmed-cleared,,,naver:ja-dict-jlpt-list,verified,0,"[""naver-level-backfill"",""jmdict-exact"",""ko-from-naver""]",3,2.680,29,,
w_50e4cda93620aedd,N3,酔っ払う,よっぱらう,よっぱらう,몹시 취하다,verb,B,焼酎で酔っ払う。,소주로 만취하다.,,NAVER 일본어사전 · 국립국어원 한국어-일본어 학습사전,,,owner-confirmed-cleared,,,naver:ja-dict-jlpt-list,verified,0,"[""naver-level-backfill"",""jmdict-exact"",""ko-from-naver""]",3,2.660,29,,
w_c5615ac412de6b64,N3,書き直す,かきなおす,かきなおす,고쳐 쓰다;개서하다,verb,B,台本を書き直す,대본을 고쳐[다시] 쓰다.,,NAVER 일본어사전 · 민중서림 엣센스 일한사전,,,owner-confirmed-cleared,,,naver:ja-dict-jlpt-list,verified,0,"[""naver-level-backfill"",""jmdict-exact"",""ko-from-naver""]",3,2.650,29,,
w_69eda9773a03779e,N3,空地,あきち,あきち,공지;빈터;공터,noun,A,空地に雑草が繁茂する,빈터에 잡초가 우거지다.,,NAVER 일본어사전 · 민중서림 엣센스 일한사전,,,owner-confirmed-cleared,"[""明地""]",,naver:ja-dict-jlpt-list,verified,0,"[""naver-level-backfill"",""jmdict-exact"",""ko-from-naver""]",3,2.610,30,,
w_5f92b55cf7a443a5,N3,亡くす,なくす,なくす,잃다;여의다;사별하다,verb,B,子を亡くす,아이를 잃다[여의다],,NAVER 일본어사전 · 민중서림 엣센스 일한사전,,,owner-confirmed-cleared,,,naver:ja-dict-jlpt-list,verified,0,"[""naver-level-backfill"",""jmdict-exact"",""ko-from-naver""]",3,2.560,30,,
w_7da89b0ae3f818ac,N3,もうしわけない,もうしわけない,もうしわけない,변명할 여지가 없다;미안하다,adjective,C,約束を破ってまったく申しわけない,약속을 어겨서 정말로 미안하다,,NAVER 일본어사전 · 민중서림 엣센스 한일사전,,,owner-confirmed-cleared,,,naver:ja-dict-jlpt-list,verified,0,"[""naver-level-backfill"",""jmdict-exact"",""ko-from-naver""]",3,2.530,30,,
w_4abddafb7881f1bb,N3,いっきに,いっきに,いっきに,단숨에;일거에,adverb,C,問題を一気に解決する,문제를 일거에 해결하다,,NAVER 일본어사전 · 민중서림 엣센스 일한사전,,,owner-confirmed-cleared,,,naver:ja-dict-jlpt-list,verified,0,"[""naver-level-backfill"",""jmdict-exact"",""ko-from-naver""]",3,2.510,30,,
w_5eba7c1114cfa1cd,N3,凡そ,およそ,およそ,"대강;대충, 무릇;일반적으로, 전연;도무지",noun,B,凡そ人として親を思わぬものはない,무릇 사람으로서 부모를 생각하지 않는 사람은 없다,,NAVER 일본어사전 · 민중서림 엣센스 일한사전,,,owner-confirmed-cleared,,,naver:ja-dict-jlpt-list,verified,0,"[""naver-level-backfill"",""jmdict-exact"",""ko-from-naver""]",3,2.460,30,,
w_1da66dbffe066645,N3,割り算,わりざん,わりざん,나눗셈,noun,B,イ：お姉さん、割り算できる？,"가: 누나, 나눗셈 할 줄 알아?",,NAVER 일본어사전 · 국립국어원 한국어-일본어 학습사전,,,owner-confirmed-cleared,,,naver:ja-dict-jlpt-list,verified,0,"[""naver-level-backfill"",""jmdict-exact"",""ko-from-naver""]",3,2.450,30,,
w_bf8d4c2e6d0d64f9,N3,冷ます,さます,さます,식히다,verb,B,熱湯を冷ます,뜨거운 물을 식히다,,NAVER 일본어사전 · 민중서림 엣센스 일한사전,,,owner-confirmed-cleared,,,naver:ja-dict-jlpt-list,verified,0,"[""naver-level-backfill"",""jmdict-exact"",""ko-from-naver""]",3,2.410,30,,
w_b80542d469baeda7,N3,怠ける,なまける,なまける,게으름 피우다,verb,B,病気に寄せて怠ける,병을 핑계 삼아 게으름 피우다,,NAVER 일본어사전 · 민중서림 엣센스 일한사전,,,owner-confirmed-cleared,"[""懶ける""]",,naver:ja-dict-jlpt-list,verified,0,"[""naver-level-backfill"",""jmdict-exact"",""ko-from-naver""]",3,2.340,30,,
w_dcfa52b3bae6d879,N3,一箇月,いっかげつ,いっかげつ,일개월;한 달,noun,A,一箇月の静養を要する.,일 개월의 정양을 요하다,,NAVER 일본어사전 · 민중서림 엣센스 한일사전,,,owner-confirmed-cleared,"[""一個月""]",,naver:ja-dict-jlpt-list,verified,0,"[""naver-level-backfill"",""jmdict-exact"",""ko-from-naver""]",3,2.330,30,,
w_bf6addb52711a0ca,N3,書き取り,かきとり,かきとり,"베껴 씀;또, 그 글, 받아쓰기",noun,B,英語の書き取りをさせる.,영어 받아쓰기를 시키다,,NAVER 일본어사전 · 민중서림 엣센스 한일사전,,,owner-confirmed-cleared,,,naver:ja-dict-jlpt-list,verified,0,"[""naver-level-backfill"",""jmdict-exact"",""ko-from-naver""]",3,2.260,30,,
w_f9780db0237f4603,N3,どうじに,どうじに,どうじに,"동시에, 한꺼번에;일시에, 바로 그때에",adverb,C,二人が同時に発言した,두 사람이 동시에 발언했다,,NAVER 일본어사전 · 민중서림 엣센스 일한사전,,,owner-confirmed-cleared,,,naver:ja-dict-jlpt-list,verified,0,"[""naver-level-backfill"",""jmdict-exact"",""ko-from-naver""]",3,2.220,30,,
w_d77f137891d73cca,N3,摑む,つかむ,つかむ,"잡다, 쥐다;붙잡다, 손에 넣다;수중에 거두다",verb,B,思いがけない大金を摑む,뜻하지 않은 큰돈을 손에 넣다,,NAVER 일본어사전 · 교학사 일한사전,,,owner-confirmed-cleared,"[""攫む""]",,naver:ja-dict-jlpt-list,verified,0,"[""naver-level-backfill"",""jmdict-exact"",""ko-from-naver""]",3,2.180,30,,
w_406c6e23203539b1,N3,ふやす,ふやす,ふやす,"늘리다, 불리다;증식시키다",verb,C,広告のクリック数を増やす,광고 클릭 수를 늘리다,,NAVER 일본어사전 · 민중서림 엣센스 일한사전,,,owner-confirmed-cleared,,,naver:ja-dict-jlpt-list,verified,0,"[""naver-level-backfill"",""jmdict-exact"",""ko-from-naver""]",3,2.060,30,,
w_7fa18ee0d9a11405,N3,寄越す,よこす,よこす,"보내다;넘겨주다, 어떤 행위를 해오다",verb,B,文句をいって寄越す,불평을 말해 오다,,NAVER 일본어사전 · 교학사 일한사전,,,owner-confirmed-cleared,"[""遣す""]",,naver:ja-dict-jlpt-list,verified,0,"[""naver-level-backfill"",""jmdict-exact"",""ko-from-naver""]",3,2.060,30,,
w_96f283bc16791012,N3,掃く,はく,はく,"쓸다, 털다, 칠하다",verb,B,家の内外を帚できれいに掃く.,집 안팎을 깨끗이 쓸다,,NAVER 일본어사전 · 민중서림 엣센스 한일사전,,,owner-confirmed-cleared,,,naver:ja-dict-jlpt-list,verified,0,"[""naver-level-backfill"",""jmdict-exact"",""ko-from-naver""]",3,1.990,30,,
w_5efd9e3cbc6cf086,N3,零れる,こぼれる,こぼれる,"넘치다, 넘쳐흐르다;흘러나오다, 냄새를 풍기다",verb,B,コップの水が零れる,컵의 물이 흘러넘치다,,NAVER 일본어사전 · 민중서림 엣센스 일한사전,,,owner-confirmed-cleared,"[""溢れる""]",,naver:ja-dict-jlpt-list,verified,0,"[""naver-level-backfill"",""jmdict-exact"",""ko-from-naver""]",3,1.810,30,,
w_dce7799bec2f3e5c,N3,纏まる,まとまる,まとまる,"뿔뿔이 된 것이 하나로 정리되다;하나로 뭉치다, 바람직한 상태로 정리되다, 결정이 나다",verb,B,構想が纏まる,구상이 서다[끝나다],,NAVER 일본어사전 · 민중서림 엣센스 일한사전,,,owner-confirmed-cleared,"[""纒まる""]",,naver:ja-dict-jlpt-list,verified,0,"[""naver-level-backfill"",""jmdict-exact"",""ko-from-naver""]",3,1.780,30,,
w_5a0c146e1f62fe06,N3,彼此,あれこれ,あれこれ,"이것저것, 여러 가지로",noun,A,彼此と結合せて,이것저것 하나로 묶어서.,,NAVER 일본어사전 · 민중서림 엣센스 일한사전,,,owner-confirmed-cleared,"[""彼是""]",,naver:ja-dict-jlpt-list,verified,0,"[""naver-level-backfill"",""jmdict-exact"",""ko-from-naver""]",3,1.400,30,,
w_901baf132bb76fff,N3,乗り越す,のりこす,のりこす,"타고 가다가 지나치다, →のりこえる",verb,B,酔い潰れて終点まで乗り越す,곤드레만드레 되어 종점까지 가버리다,,NAVER 일본어사전 · 교학사 일한사전,,,owner-confirmed-cleared,,,naver:ja-dict-jlpt-list,verified,0,"[""naver-level-backfill"",""jmdict-exact"",""ko-from-naver""]",3,1.140,30,,
w_4e51e8951d15d3dc,N3,いっぱんに,いっぱんに,いっぱんに,대체로;일반적으로,adverb,C,一般に「蒲焼」といえば「ウナギの蒲焼」を指すことが多いです。,일반적으로 카바야키라고 하면 장어의 카바야키를 가리키는 경우가 많다.,,NAVER 일본어사전 · 연세대학교 한국어학당 국가별 대표음식,,,owner-confirmed-cleared,,,naver:ja-dict-jlpt-list,verified,0,"[""naver-level-backfill"",""jmdict-exact"",""ko-from-naver""]",3,0.000,30,,
w_8c2410fadd8e3d7b,N3,決行,けっこう,けっこう,결행,noun,A,晴雨にかかわらず決行する.,청우에 관계없이 결행하다,,NAVER 일본어사전 · 민중서림 엣센스 한일사전,,,owner-confirmed-cleared,,,naver:ja-dict-jlpt-list,verified,0,"[""naver-level-backfill"",""jmdict-exact"",""ko-from-naver""]",3,3.450,25,,
w_032a0c62cdb473fb,N3,数式,すうしき,すうしき,수식,noun,A,数式をかっこでくくる,수식을 괄호로 묶다,,NAVER 일본어사전 · 민중서림 엣센스 한일사전,,,owner-confirmed-cleared,,,naver:ja-dict-jlpt-list,verified,0,"[""naver-level-backfill"",""jmdict-exact"",""ko-from-naver""]",3,3.320,26,,
w_8141a07617372b89,N3,大腿,だいたい,だいたい,대퇴;넓적다리,noun,A,主に大臀筋と大腿四頭筋に刺激を与えるのがランジだ。,주로 대둔근과 대퇴사두근에 자극을 주는 것이 런지다.,,NAVER 일본어사전 · 플리토,,,owner-confirmed-cleared,,,naver:ja-dict-jlpt-list,verified,0,"[""naver-level-backfill"",""jmdict-exact"",""ko-from-naver""]",3,3.280,27,,
w_e7a6ad36430d0338,N3,刷り,すり,すり,인쇄;쇄,noun,B,刷りがきれいだ,인쇄가 곱게 됐다.,,NAVER 일본어사전 · 민중서림 엣센스 일한사전,,,owner-confirmed-cleared,,,naver:ja-dict-jlpt-list,verified,0,"[""naver-level-backfill"",""jmdict-exact"",""ko-from-naver""]",3,3.180,27,,
w_df9b224a20a0f6ad,N3,働き者,はたらきもの,はたらきもの,"부지런한 사람, 유능한 일꾼",noun,B,"彼は働き者なので,いつも朝6時に起きる",그는 부지런한 사람이라서 늘 아침 6시에 일어난다,,NAVER 일본어사전 · 민중서림 엣센스 한일사전,,,owner-confirmed-cleared,,,naver:ja-dict-jlpt-list,verified,0,"[""naver-level-backfill"",""jmdict-exact"",""ko-from-naver""]",3,2.980,28,,
w_e43a3b7917307e71,N3,アルミホイル,アルミホイル,アルミホイル,가정용의 알루미늄박,noun,D,ハンバーガー屋では作ったハンバーガーをアルミホイルで包んで販売した。,햄버거 가게에서는 만든 햄버거를 은박지로 싸서 판매하였다.,,NAVER 일본어사전 · 국립국어원 한국어-일본어 학습사전,,,owner-confirmed-cleared,,,naver:ja-dict-jlpt-list,verified,0,"[""naver-level-backfill"",""jmdict-exact"",""ko-from-naver""]",3,2.980,28,,
w_fa4f3be9c4d53d86,N3,卑下,ひげ,ひげ,비하;스스로를 낮춤;겸비,noun,A,そんなに卑下する必要はない,그렇게 겸비[비하]할 필요는 없다,,NAVER 일본어사전 · 민중서림 엣센스 일한사전,,,owner-confirmed-cleared,,,naver:ja-dict-jlpt-list,verified,0,"[""naver-level-backfill"",""jmdict-exact"",""ko-from-naver""]",3,2.940,29,,
w_3df7a9eea459d79b,N3,歩道橋,ほどうきょう,ほどうきょう,인도교;육교,noun,A,歩道橋を越えて行き来する.,육교를 건너다니다,,NAVER 일본어사전 · 민중서림 엣센스 한일사전,,,owner-confirmed-cleared,,,naver:ja-dict-jlpt-list,verified,0,"[""naver-level-backfill"",""jmdict-exact"",""ko-from-naver""]",3,2.860,29,,
w_b067d20df32cb5bc,N3,物忘れ,ものわすれ,ものわすれ,사물을 잊음;건망;실념,noun,B,年を取るに従って、物忘れがひどくなった,나이가 들어 갈수록 건망증이 심해졌다,,NAVER 일본어사전 · 민중서림 엣센스 일한사전,,,owner-confirmed-cleared,,,naver:ja-dict-jlpt-list,verified,0,"[""naver-level-backfill"",""jmdict-exact"",""ko-from-naver""]",3,2.760,29,,
w_2f41805574cc25b6,N3,電話代,でんわだい,でんわだい,전화 요금,noun,A,電話代も馬鹿にならない,전화 요금[통신비]도 무시할 수 없다,,NAVER 일본어사전 · 민중서림 엣센스 일한사전,,,owner-confirmed-cleared,,,naver:ja-dict-jlpt-list,verified,0,"[""naver-level-backfill"",""jmdict-exact"",""ko-from-naver""]",3,5.000,3,,
w_15718e31fcdc97da,N3,再利用,さいりよう,さいりよう,재활용,noun,A,一度使われた製品を回収して再利用する，PCR商品に関心が集まっている,한 번 쓰고 난 제품을 회수하여 재활용하는 PCR 상품에 관심이 집중되고 있다.,,NAVER 일본어사전 · 민중서림 엣센스 외래어사전,,,owner-confirmed-cleared,,,naver:ja-dict-jlpt-list,verified,0,"[""naver-level-backfill"",""jmdict-exact"",""ko-from-naver""]",3,4.900,4,,
w_8df0fff24f94cc63,N3,電車代,でんしゃだい,でんしゃだい,전철 요금,noun,A,ローカル電車の料金。,경전철 요금.,,NAVER 일본어사전 · 국립국어원 한국어-일본어 학습사전,,,owner-confirmed-cleared,,,naver:ja-dict-jlpt-list,verified,0,"[""naver-level-backfill"",""jmdict-exact"",""ko-from-naver""]",3,4.800,5,,
w_991452a6e6c60fe6,N3,食事代,しょくじだい,しょくじだい,식사비,noun,A,この飲食店は食事代に10％の税金を加算する。,이 음식점은 식사비에 십 퍼센트의 세금을 가산을 한다.,,NAVER 일본어사전 · 국립국어원 한국어-일본어 학습사전,,,owner-confirmed-cleared,,,naver:ja-dict-jlpt-list,verified,0,"[""naver-level-backfill"",""jmdict-exact"",""ko-from-naver""]",3,4.780,5,,
w_7cd5627d3ce20c1e,N3,お尻,おしり,おしり,엉덩이,noun,B,イ：お母さん、お尻に土がたくさんついています。,"가: 엄마, 엉덩이에 흙이 많이 묻었어요.",,NAVER 일본어사전 · 국립국어원 한국어-일본어 학습사전,,,owner-confirmed-cleared,,,naver:ja-dict-jlpt-list,verified,0,"[""naver-level-backfill"",""jmdict-exact"",""ko-from-naver""]",3,4.720,6,,
w_cad8582b7a300d32,N3,運転席,うんてんせき,うんてんせき,운전석,noun,A,"運転席からは死角をなしているので,歩行者が見えない.",운전석에서는 사각을 이루고 있어서 보행자가 보이지 않는다,,NAVER 일본어사전 · 민중서림 엣센스 한일사전,,,owner-confirmed-cleared,,,naver:ja-dict-jlpt-list,verified,0,"[""naver-level-backfill"",""jmdict-exact"",""ko-from-naver""]",3,4.640,7,,
w_8941d0103c6f732e,N3,歓迎会,かんげいかい,かんげいかい,환영회,noun,A,斯くも盛大な歓迎会を催していただき…,이처럼 성대한 환영회를 베풀어 주시어….,,NAVER 일본어사전 · 민중서림 엣센스 일한사전,,,owner-confirmed-cleared,,,naver:ja-dict-jlpt-list,verified,0,"[""naver-level-backfill"",""jmdict-exact"",""ko-from-naver""]",3,4.620,7,,
w_25ad527c17b87073,N3,指定席,していせき,していせき,지정석,noun,A,ロ：別途に指定席が用意されていないので、どこにでも気に入った席にお座りください。,나: 따로 지정석이 없으니 아무 데나 마음에 드는 자리에 앉으시면 돼요.,,NAVER 일본어사전 · 국립국어원 한국어-일본어 학습사전,,,owner-confirmed-cleared,,,naver:ja-dict-jlpt-list,verified,0,"[""naver-level-backfill"",""jmdict-exact"",""ko-from-naver""]",3,4.570,8,,
w_fe14460b003b1ec2,N3,お勧め,おすすめ,おすすめ,추천,noun,B,ところでさ、この近くにお勧めのレストランある？,"그런데 말야, 이 근처에 추천할 만한 식당 있니?",,NAVER 일본어사전 · 국립국어원 한국어-일본어 학습사전,,,owner-confirmed-cleared,,,naver:ja-dict-jlpt-list,verified,0,"[""naver-level-backfill"",""jmdict-exact"",""ko-from-naver""]",3,4.420,11,,
w_45e4b652a83edbaa,N3,電気料金,でんきりょうきん,でんきりょうきん,전기 요금,noun,A,電気料金を3ヶ月間未払いしたら今日家に電気が止まった。,전기 요금을 석 달 동안 체불했더니 오늘 집에 전기가 끊겼다.,,NAVER 일본어사전 · 국립국어원 한국어-일본어 학습사전,,,owner-confirmed-cleared,,,naver:ja-dict-jlpt-list,verified,0,"[""naver-level-backfill"",""jmdict-exact"",""ko-from-naver""]",3,4.330,13,,
w_975ea22574786aff,N3,駐車違反,ちゅうしゃいはん,ちゅうしゃいはん,주차 위반,noun,A,駐車違反[横流し]を取り締まる,주차 위반[부정 유출]을 단속하다,,NAVER 일본어사전 · 민중서림 엣센스 한일사전,,,owner-confirmed-cleared,,,naver:ja-dict-jlpt-list,verified,0,"[""naver-level-backfill"",""jmdict-exact"",""ko-from-naver""]",3,4.240,14,,
w_0ac2f47e2fe8c201,N3,入場料,にゅうじょうりょう,にゅうじょうりょう,입장료,noun,A,入場料はいくらですか。,입장료는 얼마예요? (관광>관광정보>비용 문의),,NAVER 일본어사전 · 글로벌회화,,,owner-confirmed-cleared,,,naver:ja-dict-jlpt-list,verified,0,"[""naver-level-backfill"",""jmdict-exact"",""ko-from-naver""]",3,4.130,16,,
w_da5d97115c037cf6,N3,急ブレーキ,きゅうブレーキ,きゅうブレーキ,급브레이크,noun,A,急ブレーキをかける.,급브레이크를 밟다[걸다],,NAVER 일본어사전 · 민중서림 엣센스 한일사전,,,owner-confirmed-cleared,,,naver:ja-dict-jlpt-list,verified,0,"[""naver-level-backfill"",""jmdict-exact"",""ko-from-naver""]",3,4.110,16,,
w_ab837ffdcb213f58,N3,喫煙席,きつえんせき,きつえんせき,흡연석,noun,A,ロ：いいえ、喫煙席に座ります。,나: 아니요. 흡연석에 앉을게요.,,NAVER 일본어사전 · 국립국어원 한국어-일본어 학습사전,,,owner-confirmed-cleared,,,naver:ja-dict-jlpt-list,verified,0,"[""naver-level-backfill"",""jmdict-exact"",""ko-from-naver""]",3,4.060,17,,
w_38d11f2617f9653b,N3,水道料金,すいどうりょうきん,すいどうりょうきん,수도 요금,noun,A,水道料金を口座から引き落とす.,수도 요금을 계좌에서 자동 이체하다,,NAVER 일본어사전 · 민중서림 엣센스 한일사전,,,owner-confirmed-cleared,,,naver:ja-dict-jlpt-list,verified,0,"[""naver-level-backfill"",""jmdict-exact"",""ko-from-naver""]",3,4.030,17,,
w_d387124aff2d8230,N3,聞き直す,ききなおす,ききなおす,되묻다;다시 물어 보다,verb,B,同じ曲を聞き直す,같은 곡을 다시 듣다,,NAVER 일본어사전 · 교학사 일한사전,,,owner-confirmed-cleared,,,naver:ja-dict-jlpt-list,verified,0,"[""naver-level-backfill"",""jmdict-exact"",""ko-from-naver""]",3,4.000,18,,
w_92c1bf226f8b0b25,N3,禁煙席,きんえんせき,きんえんせき,금연석,noun,A,私は煙草のにおいが嫌いで禁煙席に座った。,나는 담배 냄새를 싫어해서 금연석에 앉았다.,,NAVER 일본어사전 · 국립국어원 한국어-일본어 학습사전,,,owner-confirmed-cleared,,,naver:ja-dict-jlpt-list,verified,0,"[""naver-level-backfill"",""jmdict-exact"",""ko-from-naver""]",3,3.930,19,,
w_19e9ee3ef8522e50,N3,ファーストフード,ファーストフード,ファーストフード,패스트 푸드;즉석 식품,noun,D,ハンバーガーやピザのようなファーストフードは健康に有害だ。,"햄버거, 피자와 같은 패스트푸드는 건강에 해롭다.",,NAVER 일본어사전 · 국립국어원 한국어-일본어 학습사전,,,owner-confirmed-cleared,,,naver:ja-dict-jlpt-list,verified,0,"[""naver-level-backfill"",""jmdict-exact"",""ko-from-naver""]",3,3.890,20,,
w_f389319f7406b3c7,N3,東南アジア,とうなんアジア,とうなんアジア,동남 아시아,noun,A,ミヤンマーは，一日も早く，孤立から脱して，東南アジア・南アジアのメーンストリームを認識せねばならない,미얀마는 하루라도 빨리 고립에서 벗어나 동남아시아·남아시아의 대세를 인식해야 한다.,,NAVER 일본어사전 · 민중서림 엣센스 외래어사전,,,owner-confirmed-cleared,,,naver:ja-dict-jlpt-list,verified,0,"[""naver-level-backfill"",""jmdict-exact"",""ko-from-naver""]",3,3.830,21,,
w_c58699ef273c3ff5,N3,挙げる,あげる,あげる,"팔을 쳐들다, 거행하다",verb,B,慣例により[基づいて]式を挙げる.,관례에 인하여 식을 올리다,,NAVER 일본어사전 · 민중서림 엣센스 한일사전,,,owner-confirmed-cleared,,,naver:ja-dict-jlpt-list,verified,0,"[""naver-level-backfill"",""jmdict-exact"",""ko-from-naver""]",3,3.810,21,,
w_f73c0b2d09afc744,N3,申込者,もうしこみしゃ,もうしこみしゃ,신청자,noun,A,申込者が溢れる。,신청자가 넘치다.,,NAVER 일본어사전 · 국립국어원 한국어-일본어 학습사전,,,owner-confirmed-cleared,,,naver:ja-dict-jlpt-list,verified,0,"[""naver-level-backfill"",""jmdict-exact"",""ko-from-naver""]",3,3.750,22,,
w_fce7ea98384bf63a,N3,溜め,ため,ため,"모아 둠;그 장소, 江戸 시대에 병든 죄수를 수용하던 감옥",noun,B,溜めに落ちる,거름 구덩이에 빠지다,,NAVER 일본어사전 · 민중서림 엣센스 일한사전,,,owner-confirmed-cleared,,,naver:ja-dict-jlpt-list,verified,0,"[""naver-level-backfill"",""jmdict-exact"",""ko-from-naver""]",3,3.710,22,,
w_40f815ae6b0111b0,N3,お見合い,おみあい,おみあい,맞선,noun,B,お見合いは初めてだという彼はすっかり固くなりまともに話もできなかった.,맞선이 처음이라는 그는 바싹 얼어서 제대로 말도 못했다,,NAVER 일본어사전 · 민중서림 엣센스 한일사전,,,owner-confirmed-cleared,,,naver:ja-dict-jlpt-list,verified,0,"[""naver-level-backfill"",""jmdict-exact"",""ko-from-naver""]",3,3.520,24,,
w_19d69a6a3206fdc9,N1,万人,ばんにん,ばんにん,만인,noun,A,法の前には万人が平等である.,법 앞에서는 만인이 평등하다,,NAVER 일본어사전 · 민중서림 엣센스 한일사전,,,owner-confirmed-cleared,,,naver:ja-dict-jlpt-list,verified,0,"[""naver-level-backfill"",""jmdict-exact"",""ko-from-naver""]",3,5.660,1,,
w_7d014ed8d66614c4,N1,出来,でき,でき,"만듦;제품, 거래, 완성된 상태;된 품",noun,A,出来はこちらがずっと下だ,만듦새는 이쪽이 훨씬 못하다,,NAVER 일본어사전 · 민중서림 엣센스 일한사전,,,owner-confirmed-cleared,,,naver:ja-dict-jlpt-list,verified,0,"[""naver-level-backfill"",""jmdict-exact"",""ko-from-naver""]",3,5.540,1,,
w_9ff1fb32b264a360,N1,先に,さきに,さきに,이전에;전에;먼저,adverb,B,免職される前に私が先に会社を辞めるつもりだ.,해직당하기 전에 내가 먼저 회사를 그만둘 작정이다,,NAVER 일본어사전 · 민중서림 엣센스 한일사전,,,owner-confirmed-cleared,"[""前に"",""嚮に"",""曩に""]",,naver:ja-dict-jlpt-list,verified,0,"[""naver-level-backfill"",""jmdict-exact"",""ko-from-naver""]",3,5.450,1,,
w_ac883acf0bc657c3,N1,デザイン,デザイン,デザイン,디자인;설계;도안,noun,D,あの劇場は、アメリカのある劇場のデザインをそっくりにコピーして設計していたことが明らかになった。,그 극장은 미국의 한 극장 디자인을 똑같이 베껴 설계된 것으로 밝혀졌다.,,NAVER 일본어사전 · 국립국어원 한국어-일본어 학습사전,,,owner-confirmed-cleared,,,naver:ja-dict-jlpt-list,verified,0,"[""naver-level-backfill"",""jmdict-exact"",""ko-from-naver""]",3,5.080,1,,
w_d50b7c04a498ae55,N1,タイトル,タイトル,タイトル,"타이틀, 표제;제목, 책 이름",noun,D,彼はアンダードッグだったのか，タイトル挑戦を恐れていた,"그는 낙오자였는지, 타이틀 도전을 겁내고 있었다.",,NAVER 일본어사전 · 민중서림 엣센스 외래어사전,,,owner-confirmed-cleared,,,naver:ja-dict-jlpt-list,verified,0,"[""naver-level-backfill"",""jmdict-exact"",""ko-from-naver""]",3,4.990,1,,
w_a284cec72b51a5a5,N1,アップ,アップ,アップ,"업, 상승;인상, 뒷머리를 위로 모아 올린 여자의 머리형",noun,D,一か月でアップする,한 달 만에 크랭크 업 하다,,NAVER 일본어사전 · 민중서림 엣센스 일한사전,,,owner-confirmed-cleared,,,naver:ja-dict-jlpt-list,verified,0,"[""naver-level-backfill"",""jmdict-exact"",""ko-from-naver""]",3,4.950,1,,
w_a9223280c33261e0,N1,思わく,おもわく,おもわく,"생각;의도, 평판;인기, 시세 등락의 예측",noun,B,"はっきりしない態度の基底には,なにか思わくがありそうだ.",분명치 않은 태도의 밑바닥에는 무언가 의도가 깔려 있는 것 같다,,NAVER 일본어사전 · 민중서림 엣센스 한일사전,,,owner-confirmed-cleared,"[""思惑""]",,naver:ja-dict-jlpt-list,verified,0,"[""naver-level-backfill"",""jmdict-exact"",""ko-from-naver""]",3,4.920,2,,
w_f4a2a90c98d69852,N1,自己,じこ,じこ,자기,noun,A,自己に不利な供述をする,자기에게 불리한 진술을 하다,,NAVER 일본어사전 · 민중서림 엣센스 일한사전,,,owner-confirmed-cleared,,,naver:ja-dict-jlpt-list,verified,0,"[""naver-level-backfill"",""jmdict-exact"",""ko-from-naver""]",3,4.900,2,,
w_b46a8559c80c637b,N1,嫌らしい,いやらしい,いやらしい,"불쾌한 느낌이 들다;징그럽다, 의젓하지 못하다;비루하다, 외설되다;추잡하다",adjective,B,上役に色目を使う嫌らしいやつだ.,상관에게 알랑거리는 비루한 녀석이다,,NAVER 일본어사전 · 민중서림 엣센스 한일사전,,,owner-confirmed-cleared,"[""厭らしい""]",,naver:ja-dict-jlpt-list,verified,0,"[""naver-level-backfill"",""jmdict-exact"",""ko-from-naver""]",3,4.880,2,,
w_8c41b24023a906a6,N1,メッセージ,メッセージ,メッセージ,메시지,noun,D,メッセージをスレッド別に整理する,메시지를 관련 댓글별로 정리하다,,NAVER 일본어사전 · 민중서림 엣센스 일한사전,,,owner-confirmed-cleared,,,naver:ja-dict-jlpt-list,verified,0,"[""naver-level-backfill"",""jmdict-exact"",""ko-from-naver""]",3,4.810,2,,
w_865b155a62e48600,N1,無意識,むいしき,むいしき,무의식,noun,A,無意識(的)に手を引っこめる,무의식적으로 손을 움츠리다,,NAVER 일본어사전 · 민중서림 엣센스 한일사전,,,owner-confirmed-cleared,,,naver:ja-dict-jlpt-list,verified,0,"[""naver-level-backfill"",""jmdict-exact"",""ko-from-naver""]",3,4.800,2,,
w_ec04d6fa6e64036f,N1,頂き,いただき,いただき,"이기는 일, 무단 도용",noun,B,この試合は頂きだ,이 시합은 (내가) 이겼다,,NAVER 일본어사전 · 민중서림 엣센스 일한사전,,,owner-confirmed-cleared,"[""戴き""]",,naver:ja-dict-jlpt-list,verified,0,"[""naver-level-backfill"",""jmdict-exact"",""ko-from-naver""]",3,4.790,2,,
w_a464a0e959c484ff,N1,借り,かり,かり,"빌림;또, 빌린 것, 장부상의 ‘借方’의 준말",noun,B,その友達に借りがある.,그 친구에게 빚진 일이 있다,,NAVER 일본어사전 · 민중서림 엣센스 한일사전,,,owner-confirmed-cleared,,,naver:ja-dict-jlpt-list,verified,0,"[""naver-level-backfill"",""jmdict-exact"",""ko-from-naver""]",3,4.790,2,,
w_903e8fadc198294e,N1,業界,ぎょうかい,ぎょうかい,업계;동업자의 사회,noun,A,会社，大学，業界などが現代日本の代表的な「世間」で，それは西欧��「社会」とはたしかに別ものだから，先人はソサエティーの訳語に苦慮したのである,회사·대학·업계 등이 현대 일본의 대표적인 ‘세상’이며 그것은 서유럽의 ‘사회’와는 분명히 다른 것이므로 선인은 소사이어티의 역어에 고심하였던 것이다.,,NAVER 일본어사전 · 민중서림 엣센스 외래어사전,,,owner-confirmed-cleared,,,naver:ja-dict-jlpt-list,verified,0,"[""naver-level-backfill"",""jmdict-exact"",""ko-from-naver""]",3,4.780,2,,
w_900a6457bdb10eef,N1,仕様,しよう,しよう,"할 도리;수단, 특히, 만드는 물품에 관해 요구되는 특정 형상·구조·치수·성분·정밀도·성능·제조법·시험 방법 등의 규정",noun,A,"住所が分からないので,連絡の仕様がございません.",주소를 모르기 때문에 연락할 방법이 없습니다,,NAVER 일본어사전 · 민중서림 엣센스 한일사전,,,owner-confirmed-cleared,,,naver:ja-dict-jlpt-list,verified,0,"[""naver-level-backfill"",""jmdict-exact"",""ko-from-naver""]",3,4.770,2,,
w_f60ab9ff118b00dd,N1,オープン,オープン,オープン,"오픈, 개점;개관, ‘オープンカー·オープンゲーム’의 준말",noun,D,大手スーパーが実験店をオープンした,대형 슈퍼점이 실험 가게를 개점하였다.,,NAVER 일본어사전 · 민중서림 엣센스 외래어사전,,,owner-confirmed-cleared,,,naver:ja-dict-jlpt-list,verified,0,"[""naver-level-backfill"",""jmdict-exact"",""ko-from-naver""]",3,4.770,2,,
w_6268d1779fcf3862,N1,挑戦,ちょうせん,ちょうせん,도전,noun,A,リスクを取って果敢に挑戦する,위험을 무릅쓰고 과감히 도전하다,,NAVER 일본어사전 · 민중서림 엣센스 일한사전,,,owner-confirmed-cleared,,,naver:ja-dict-jlpt-list,verified,0,"[""naver-level-backfill"",""jmdict-exact"",""ko-from-naver""]",3,4.760,2,,
w_1a855f53327b9ade,N1,同士,どうし,どうし,"같은 동아리·종류, 끼리",noun,A,やくざ同士の大きな出入りがあった,깡패들끼리의 큰 싸움이 있었다,,NAVER 일본어사전 · 민중서림 엣센스 일한사전,,,owner-confirmed-cleared,,,naver:ja-dict-jlpt-list,verified,0,"[""naver-level-backfill"",""jmdict-exact"",""ko-from-naver""]",3,4.760,2,,
w_189a9d135b871422,N1,批判的,ひはんてき,ひはんてき,비판적,adjective,A,批判的に聞くだけで、信じない,비판적으로 들을 뿐 믿지 않는다.,,NAVER 일본어사전 · 민중서림 엣센스 일한사전,,,owner-confirmed-cleared,,,naver:ja-dict-jlpt-list,verified,0,"[""naver-level-backfill"",""jmdict-exact"",""ko-from-naver""]",3,4.760,2,,
w_bbba9ae3b615e898,N1,レース,レース,レース,레이스;인종,noun,D,そで口にレースをつける.,소매 끝에 레이스를 달다,,NAVER 일본어사전 · 민중서림 엣센스 한일사전,,,owner-confirmed-cleared,,,naver:ja-dict-jlpt-list,verified,0,"[""naver-level-backfill"",""jmdict-exact"",""ko-from-naver""]",3,4.760,2,,
w_584f02a79e9ceeab,N1,キャラクター,キャラクター,キャラクター,"캐릭터, 성격, 특성;특질",noun,D,この作家の小説には暗くて陰気な性格のキャラクターがいつも登場する。,이 작가의 소설 속에는 어둡고 음침한 성격의 캐릭터가 항상 등장한다.,,NAVER 일본어사전 · 국립국어원 한국어-일본어 학습사전,,,owner-confirmed-cleared,,,naver:ja-dict-jlpt-list,verified,0,"[""naver-level-backfill"",""jmdict-exact"",""ko-from-naver""]",3,4.750,2,,
w_dde7cc1c8a84f6f6,N1,恋愛,れんあい,れんあい,연애,noun,A,恋愛が実を結んで結婚した.,연애가 결실을 해서 결혼했다,,NAVER 일본어사전 · 민중서림 엣센스 한일사전,,,owner-confirmed-cleared,,,naver:ja-dict-jlpt-list,verified,0,"[""naver-level-backfill"",""jmdict-exact"",""ko-from-naver""]",3,4.740,3,,
w_c56f799a1d41599e,N1,ルール,ルール,ルール,"룰, 규칙, 자",noun,D,今回は特別ルールで行われるため、それではルールを確認しておく。,"이번에는 특별 룰로 진행되니, 규칙을 확인해 보겠다.",,NAVER 일본어사전 · 플리토,,,owner-confirmed-cleared,,,naver:ja-dict-jlpt-list,verified,0,"[""naver-level-backfill"",""jmdict-exact"",""ko-from-naver""]",3,4.740,3,,
w_0446723521e4de20,N1,ビジネス,ビジネス,ビジネス,"비즈니스, 사무;일, 사업;실업",noun,D,そのビジネスは衰退の途中にある.,그 사업은 사양길을 걷고 있다,,NAVER 일본어사전 · 민중서림 엣센스 한일사전,,,owner-confirmed-cleared,,,naver:ja-dict-jlpt-list,verified,0,"[""naver-level-backfill"",""jmdict-exact"",""ko-from-naver""]",3,4.730,3,,
w_970ee6cf459f0f76,N1,収録,しゅうろく,しゅうろく,"수록, 채록, 녹음·녹화함",noun,A,その語は辞書に収録されている.,그 말은 사전에 수록되어 있다,,NAVER 일본어사전 · 민중서림 엣센스 한일사전,,,owner-confirmed-cleared,"[""輯録""]",,naver:ja-dict-jlpt-list,verified,0,"[""naver-level-backfill"",""jmdict-exact"",""ko-from-naver""]",3,4.700,3,,
w_bab515a12d17bdab,N1,デビュー,デビュー,デビュー,데뷔;첫 무대;첫 출연,noun,D,彼女は鮮烈なデビューを飾った後、世界でもっとも有名なピアニストに浮上した。,그녀는 성공적인 데뷔 무대를 마친 뒤에 세계에서 가장 유명한 피아니스트로 부상하였다.,,NAVER 일본어사전 · 국립국어원 한국어-일본어 학습사전,,,owner-confirmed-cleared,,,naver:ja-dict-jlpt-list,verified,0,"[""naver-level-backfill"",""jmdict-exact"",""ko-from-naver""]",3,4.700,3,,
w_d3eccf02a19fbacf,N1,掛け,かけ,かけ,"걺;거는 것, ‘掛売り·掛買い’의 준말, →かけね",noun,B,アパートの広告を見るや電話を掛け，アポイントメントをとる,아파트의 광고를 보자마자 전화를 걸어 약속을 한다.,,NAVER 일본어사전 · 민중서림 엣센스 외래어사전,,,owner-confirmed-cleared,,,naver:ja-dict-jlpt-list,verified,0,"[""naver-level-backfill"",""jmdict-exact"",""ko-from-naver""]",3,4.680,3,,
w_a2fca14da5c57bc2,N1,デジタル,デジタル,デジタル,디지털;계수적;숫자적,noun,D,人気TVアニメがデジタルリマスターで復活!,인기 TV 애니메이션이 디지털 리마스터링으로 부활!,,NAVER 일본어사전 · 민중서림 엣센스 일한사전,,,owner-confirmed-cleared,,,naver:ja-dict-jlpt-list,verified,0,"[""naver-level-backfill"",""jmdict-exact"",""ko-from-naver""]",3,4.670,3,,
w_c5456fe6a3cb85c8,N1,事態,じたい,じたい,사태,noun,A,急速に事態は収拾に向かった.,사태는 급속히 수습되어 갔다,,NAVER 일본어사전 · 민중서림 엣센스 한일사전,,,owner-confirmed-cleared,,,naver:ja-dict-jlpt-list,verified,0,"[""naver-level-backfill"",""jmdict-exact"",""ko-from-naver""]",3,4.660,3,,
w_e39e84b6a36f611f,N1,最悪,さいあく,さいあく,최악,noun,A,最悪な結果になってしまった,최악의 결과가 되고 말았다,,NAVER 일본어사전 · 민중서림 엣센스 일한사전,,,owner-confirmed-cleared,,,naver:ja-dict-jlpt-list,verified,0,"[""naver-level-backfill"",""jmdict-exact"",""ko-from-naver""]",3,4.650,4,,
w_b8b8dc406c71bc75,N1,搭載,とうさい,とうさい,탑재,noun,A,マルチモニター機能を利用[搭載]する,멀티 모니터 기능을 이용[탑재]하다,,NAVER 일본어사전 · 민중서림 엣센스 일한사전,,,owner-confirmed-cleared,,,naver:ja-dict-jlpt-list,verified,0,"[""naver-level-backfill"",""jmdict-exact"",""ko-from-naver""]",3,4.650,4,,
w_e0e3c42113efaff5,N1,資格,しかく,しかく,자격,noun,A,私人の資格で参加する,한 개인의 자격으로 참가하다,,NAVER 일본어사전 · 민중서림 엣센스 한일사전,,,owner-confirmed-cleared,,,naver:ja-dict-jlpt-list,verified,0,"[""naver-level-backfill"",""jmdict-exact"",""ko-from-naver""]",3,4.620,4,,
w_46f246234a2bfe34,N1,エリア,エリア,エリア,에어리어;지대;지역,noun,D,サービスエリア,서비스 에어리어; (방송국의) 가청(可聽)[가시] 지역.,,NAVER 일본어사전 · 민중서림 엣센스 일한사전,,,owner-confirmed-cleared,,,naver:ja-dict-jlpt-list,verified,0,"[""naver-level-backfill"",""jmdict-exact"",""ko-from-naver""]",3,4.610,4,,
w_38b95f3d0288dfda,N1,当たり,あたり,あたり,"촉감;감촉, 사귀는 품;붙임성, 짚어 봄",noun,B,当たりをつける,(본격적인 착수에 앞서) 겨냥을 짚어 보다; 가늠해 보다,,NAVER 일본어사전 · 민중서림 엣센스 일한사전,,,owner-confirmed-cleared,,,naver:ja-dict-jlpt-list,verified,0,"[""naver-level-backfill"",""jmdict-exact"",""ko-from-naver""]",3,4.590,4,,
w_513a7788fa9f15fd,N1,理論,りろん,りろん,이론,noun,A,キャズム理論の前提となるのがイノベーター理論である,캐즘 이론의 전제가 되는 것이 이노베이터 이론이다,,NAVER 일본어사전 · 민중서림 엣센스 일한사전,,,owner-confirmed-cleared,,,naver:ja-dict-jlpt-list,verified,0,"[""naver-level-backfill"",""jmdict-exact"",""ko-from-naver""]",3,4.560,5,,
w_3a5dd609aecfecf8,N1,ダウンロード,ダウンロード,ダウンロード,다운 로드,noun,D,イ：コンピュータにプログラムがダウンロードできない。,가: 컴퓨터에 프로그램이 다운이 되지 않아.,,NAVER 일본어사전 · 국립국어원 한국어-일본어 학습사전,,,owner-confirmed-cleared,,,naver:ja-dict-jlpt-list,verified,0,"[""naver-level-backfill"",""jmdict-exact"",""ko-from-naver""]",3,4.560,4,,
w_43d5fb0823532797,N1,避難,ひなん,ひなん,피난,noun,A,戦争のため田舎に避難する.,전쟁 때문에 시골로 피난하다,,NAVER 일본어사전 · 민중서림 엣센스 한일사전,,,owner-confirmed-cleared,,,naver:ja-dict-jlpt-list,verified,0,"[""naver-level-backfill"",""jmdict-exact"",""ko-from-naver""]",3,4.550,5,,
w_4c840db2e6b15ebd,N1,保障,ほしょう,ほしょう,보장,noun,A,表現の自由が保障されている,표현의 자유가 보장되어 있다,,NAVER 일본어사전 · 민중서림 엣센스 일한사전,,,owner-confirmed-cleared,,,naver:ja-dict-jlpt-list,verified,0,"[""naver-level-backfill"",""jmdict-exact"",""ko-from-naver""]",3,4.520,5,,
w_3160899e14f3c2dc,N1,ショック,ショック,ショック,쇼크;충격;충격 증세,noun,D,ショックでがっくりきた,쇼크로[충격으로] 맥이 탁 풀렸다,,NAVER 일본어사전 · 민중서림 엣센스 일한사전,,,owner-confirmed-cleared,,,naver:ja-dict-jlpt-list,verified,0,"[""naver-level-backfill"",""jmdict-exact"",""ko-from-naver""]",3,4.510,5,,
w_ea74f46423e1342a,N1,ダウン,ダウン,ダウン,"다운, 아래, 내림;떨어짐",noun,D,ダウンを奪う,다운을 빼앗다.,,NAVER 일본어사전 · 민중서림 엣센스 일한사전,,,owner-confirmed-cleared,,,naver:ja-dict-jlpt-list,verified,0,"[""naver-level-backfill"",""jmdict-exact"",""ko-from-naver""]",3,4.510,5,,
w_86bd0e3a1c89ead2,N1,無神経,むしんけい,むしんけい,무신경,noun,A,彼は何を言われても無神経だ,그는 무슨 말을 들어도 무신경이다.,,NAVER 일본어사전 · 민중서림 엣센스 일한사전,,,owner-confirmed-cleared,,,naver:ja-dict-jlpt-list,verified,0,"[""naver-level-backfill"",""jmdict-exact"",""ko-from-naver""]",3,4.500,5,,
w_f81356f1b427b49f,N1,指揮,しき,しき,지휘,noun,A,艦長がブリッジに立って指揮する.,함장이 함교에 서서 지휘하다,,NAVER 일본어사전 · 민중서림 엣센스 한일사전,,,owner-confirmed-cleared,"[""指麾""]",,naver:ja-dict-jlpt-list,verified,0,"[""naver-level-backfill"",""jmdict-exact"",""ko-from-naver""]",3,4.490,6,,
w_abc2c04534e50286,N1,切り,きり,きり,"사물이 거기서 일단 끝나는 곳;또, 그렇게 되는 일, 단락, 한도;한정",noun,B,ひとまずこれで切りをつけよう,우선 이것으로 일단락을 짓자,,NAVER 일본어사전 · 민중서림 엣센스 일한사전,,,owner-confirmed-cleared,,,naver:ja-dict-jlpt-list,verified,0,"[""naver-level-backfill"",""jmdict-exact"",""ko-from-naver""]",3,4.480,6,,
w_40d502792bf0f664,N1,当初,とうしょ,とうしょ,당초;최초,noun,A,当初の心配をよそに、まずまずのスタートを切った,당초의 걱정과 달리 (그런대로) 괜찮은[순조로운] 출발을 보였다,,NAVER 일본어사전 · 민중서림 엣센스 일한사전,,,owner-confirmed-cleared,,,naver:ja-dict-jlpt-list,verified,0,"[""naver-level-backfill"",""jmdict-exact"",""ko-from-naver""]",3,4.470,6,,
w_3da50ab136ce3fe8,N1,絶望,ぜつぼう,ぜつぼう,절망,noun,A,絶望のどん底にいる.,절망의 구렁텅이에 빠져 있다,,NAVER 일본어사전 · 민중서림 엣센스 한일사전,,,owner-confirmed-cleared,,,naver:ja-dict-jlpt-list,verified,0,"[""naver-level-backfill"",""jmdict-exact"",""ko-from-naver""]",3,4.460,6,,
w_197dd1dc59aa70ea,N1,奇跡,きせき,きせき,기적,noun,A,奇跡をまのあたりにして発心する.,기적을 실지로 보고 발심하다,,NAVER 일본어사전 · 민중서림 엣센스 한일사전,,,owner-confirmed-cleared,"[""奇蹟""]",,naver:ja-dict-jlpt-list,verified,0,"[""naver-level-backfill"",""jmdict-exact"",""ko-from-naver""]",3,4.450,6,,
w_a38229b70528562f,N1,雇用,こよう,こよう,고용,noun,A,企業が倒産せず雇用を維持する,기업이 도산하지 않고 고용을 유지하다,,NAVER 일본어사전 · 민중서림 엣센스 일한사전,,,owner-confirmed-cleared,"[""雇傭""]",,naver:ja-dict-jlpt-list,verified,0,"[""naver-level-backfill"",""jmdict-exact"",""ko-from-naver""]",3,4.450,6,,
w_60779b60f849e3bc,N1,回避,かいひ,かいひ,회피,noun,A,最悪の事態を回避する,최악의 사태를 회피하다,,NAVER 일본어사전 · 민중서림 엣센스 일한사전,,,owner-confirmed-cleared,,,naver:ja-dict-jlpt-list,verified,0,"[""naver-level-backfill"",""jmdict-exact"",""ko-from-naver""]",3,4.430,6,,
w_796c50230e94e006,N1,領域,りょういき,りょういき,영역,noun,A,ズービキティは新たな医療の領域である,주비퀴티는 새로운 의료 영역이다,,NAVER 일본어사전 · 민중서림 엣센스 일한사전,,,owner-confirmed-cleared,,,naver:ja-dict-jlpt-list,verified,0,"[""naver-level-backfill"",""jmdict-exact"",""ko-from-naver""]",3,4.430,7,,
w_42a879ca7151f125,N1,振り,ふり,ふり,"흔듦, 춤의 동작;또 배우가 무대에서 하는 동작, 단골이 아니고 뜨내기임",noun,B,見て見ぬ振りをする,보고도 못 본 체하다,,NAVER 일본어사전 · 민중서림 엣센스 일한사전,,,owner-confirmed-cleared,,,naver:ja-dict-jlpt-list,verified,0,"[""naver-level-backfill"",""jmdict-exact"",""ko-from-naver""]",3,4.420,7,,
w_530bffa167a3ccc9,N1,パートナー,パートナー,パートナー,"파트너, 상대, 연습 상대",noun,D,ボクシングのパートナー.,권투의 연습 상대,,NAVER 일본어사전 · 민중서림 엣센스 한일사전,,,owner-confirmed-cleared,,,naver:ja-dict-jlpt-list,verified,0,"[""naver-level-backfill"",""jmdict-exact"",""ko-from-naver""]",3,4.420,7,,
w_8f025218e0340104,N1,正規,せいき,せいき,정규,noun,A,フィランソロピーが，大学の正規の科目に採り入れられ始め，注目されている,필랜스로피가 대학의 정규 과목으로 채택되기 시작하여 주목을 끌고 있다.,,NAVER 일본어사전 · 민중서림 엣센스 외래어사전,,,owner-confirmed-cleared,,,naver:ja-dict-jlpt-list,verified,0,"[""naver-level-backfill"",""jmdict-exact"",""ko-from-naver""]",3,4.410,7,,
w_34630cc55c103526,N1,先行,せんこう,せんこう,선행,noun,A,A(エー)の問題よりB(ビー)の問題が先行する.,A 문제보다 B의 문제가 선행된다,,NAVER 일본어사전 · 민중서림 엣센스 한일사전,,,owner-confirmed-cleared,,,naver:ja-dict-jlpt-list,verified,0,"[""naver-level-backfill"",""jmdict-exact"",""ko-from-naver""]",3,4.410,7,,
w_166d9f94036397f8,N1,匿名,とくめい,とくめい,익명,noun,A,匿名の投書をする.,익명으로 투서하다,,NAVER 일본어사전 · 민중서림 엣센스 한일사전,,,owner-confirmed-cleared,,,naver:ja-dict-jlpt-list,verified,0,"[""naver-level-backfill"",""jmdict-exact"",""ko-from-naver""]",3,4.410,7,,
w_059edb30d5dd03f4,N1,了解,りょうかい,りょうかい,양해,noun,A,無言の[言わず語らずの]うちに了解ができて[ついて]いた.,무언중에 서로 양해가 되어 있었다,,NAVER 일본어사전 · 민중서림 엣센스 한일사전,,,owner-confirmed-cleared,"[""諒解""]",,naver:ja-dict-jlpt-list,verified,0,"[""naver-level-backfill"",""jmdict-exact"",""ko-from-naver""]",3,4.410,7,,
w_35984210ef00a75d,N1,視点,してん,してん,"시점, 사람의 눈과 직각이 되는 지평선 상의 가정된 한 점, 보는 입장;관점",noun,A,視点をずらして考える,시점을 조금 바꾸어 생각하다,,NAVER 일본어사전 · 민중서림 엣센스 일한사전,,,owner-confirmed-cleared,,,naver:ja-dict-jlpt-list,verified,0,"[""naver-level-backfill"",""jmdict-exact"",""ko-from-naver""]",3,4.400,7,,
w_055e00f614a87306,N1,著作権,ちょさくけん,ちょさくけん,저작권,noun,A,ユーザー生成コンテンツの著作権ガイドラインを策定する,유저 생성 콘텐츠의 저작권 가이드라인을 책정하다,,NAVER 일본어사전 · 민중서림 엣센스 일한사전,,,owner-confirmed-cleared,,,naver:ja-dict-jlpt-list,verified,0,"[""naver-level-backfill"",""jmdict-exact"",""ko-from-naver""]",3,4.400,7,,
w_5aa4086555c6ed05,N1,構築,こうちく,こうちく,구축;축조,noun,A,オールジャパン体制を構築する,전 일본 체제를 구축하다,,NAVER 일본어사전 · 민중서림 엣센스 일한사전,,,owner-confirmed-cleared,,,naver:ja-dict-jlpt-list,verified,0,"[""naver-level-backfill"",""jmdict-exact"",""ko-from-naver""]",3,4.380,8,,
w_3a72d73bbabf8202,N1,正体,しょうたい,しょうたい,"정체, 본디의 형체, 본심;정상적인 정신 상태",noun,A,沈酔して正体を知らない,몹시 취해 제정신을 못차리다.,,NAVER 일본어사전 · 민중서림 엣센스 일한사전,,,owner-confirmed-cleared,,,naver:ja-dict-jlpt-list,verified,0,"[""naver-level-backfill"",""jmdict-exact"",""ko-from-naver""]",3,4.380,8,,
w_850aeaa11ff534fd,N1,実質,じっしつ,じっしつ,실질;실제 내용,noun,A,政府は教育施設の問題だけに重点を置き、教育目標や内容の実質には関心がない。,정부는 교육 시설 문제에만 치중하고 교육 목표 및 내용의 실질에는 관심이 없다.,,NAVER 일본어사전 · 국립국어원 한국어-일본어 학습사전,,,owner-confirmed-cleared,,,naver:ja-dict-jlpt-list,verified,0,"[""naver-level-backfill"",""jmdict-exact"",""ko-from-naver""]",3,4.380,8,,
w_a48819c062afec6a,N1,体調,たいちょう,たいちょう,몸의 상태;컨디션,noun,A,体調が崩れる,몸의 컨디션이 흐트러지다,,NAVER 일본어사전 · 교학사 일한사전,,,owner-confirmed-cleared,,,naver:ja-dict-jlpt-list,verified,0,"[""naver-level-backfill"",""jmdict-exact"",""ko-from-naver""]",3,4.380,7,,
w_1f3f7e6475d1dbe1,N1,認知,にんち,にんち,인지,noun,A,子を認知する.,자식을 인지하다,,NAVER 일본어사전 · 민중서림 엣센스 한일사전,,,owner-confirmed-cleared,,,naver:ja-dict-jlpt-list,verified,0,"[""naver-level-backfill"",""jmdict-exact"",""ko-from-naver""]",3,4.380,8,,
w_853872080e0990a8,N1,判決,はんけつ,はんけつ,판결,noun,A,初審で有罪の判決を受ける.,초심에서 유죄 판결을 받다,,NAVER 일본어사전 · 민중서림 엣센스 한일사전,,,owner-confirmed-cleared,,,naver:ja-dict-jlpt-list,verified,0,"[""naver-level-backfill"",""jmdict-exact"",""ko-from-naver""]",3,4.370,8,,
w_33cfba1e84d73914,N1,謝罪,しゃざい,しゃざい,사죄,noun,A,彼は心から謝罪している,그는 진심으로 사죄하고 있다,,NAVER 일본어사전 · 민중서림 엣센스 한일사전,,,owner-confirmed-cleared,,,naver:ja-dict-jlpt-list,verified,0,"[""naver-level-backfill"",""jmdict-exact"",""ko-from-naver""]",3,4.360,8,,
