source_entry_id,source_id,source_file,source_kind,level,page,source_order,entry_no,section,part_of_speech,surface_raw,reading_raw,meaning_ko_raw,surface,reading_kana,alt_readings,meaning_ko,entry_type,include_in_app,existing_word_id,existing_level,match_status,text_crosscheck,qa_status,qa_note
mkt_n1_p002_o0001,mkt_n1,MKT_JLPT_word-N1.pdf,mkt,N1,2,1,1,동사,verb,明かす,あかす,"밝히다,털어놓다",明かす,あかす,,"밝히다,털어놓다",word,1,w_0f4547ab8f088f70,N1,exact,1,verified,
mkt_n1_p002_o0002,mkt_n1,MKT_JLPT_word-N1.pdf,mkt,N1,2,2,2,동사,verb,商う,あきなう,장사하다,商う,あきなう,,장사하다,word,1,,,new,1,verified,
mkt_n1_p002_o0003,mkt_n1,MKT_JLPT_word-N1.pdf,mkt,N1,2,3,3,동사,verb,値する,あたいする,가치가있다,値する,あたいする,,가치가있다,word,1,w_5784bedb7c9d4f1e,N1,exact,1,verified,
mkt_n1_p002_o0004,mkt_n1,MKT_JLPT_word-N1.pdf,mkt,N1,2,4,4,동사,verb,歩む,あゆむ,"걷다,나아가다",歩む,あゆむ,,"걷다,나아가다",word,1,w_a0a952395e3c5dab,N1,exact,1,verified,
mkt_n1_p002_o0005,mkt_n1,MKT_JLPT_word-N1.pdf,mkt,N1,2,5,5,동사,verb,言い張る,いいはる,"우겨대다,주장하다",言い張る,いいはる,,"우겨대다,주장하다",word,1,,,new,1,verified,
mkt_n1_p002_o0006,mkt_n1,MKT_JLPT_word-N1.pdf,mkt,N1,2,6,6,동사,verb,労る,いたわる,"위로하다,노고를치하하다",労る,いたわる,,"위로하다,노고를치하하다",word,1,,,new,1,verified,
mkt_n1_p002_o0007,mkt_n1,MKT_JLPT_word-N1.pdf,mkt,N1,2,7,7,동사,verb,挑む,いどむ,도전하다,挑む,いどむ,,도전하다,word,1,w_e13e432306ac2b38,N1,exact,1,verified,
mkt_n1_p002_o0008,mkt_n1,MKT_JLPT_word-N1.pdf,mkt,N1,2,8,8,동사,verb,否む,いなむ,"부정하다,거부하다",否む,いなむ,,"부정하다,거부하다",word,1,,,new,1,verified,
mkt_n1_p002_o0009,mkt_n1,MKT_JLPT_word-N1.pdf,mkt,N1,2,9,9,동사,verb,威張る,いばる,"뽐내다,으스대다",威張る,いばる,,"뽐내다,으스대다",word,1,w_21443492148bf3cf,N2,exact,1,verified,
mkt_n1_p002_o0010,mkt_n1,MKT_JLPT_word-N1.pdf,mkt,N1,2,10,10,동사,verb,戒める,いましめる,"훈계하다,경고하다",戒める,いましめる,,"훈계하다,경고하다",word,1,,,new,1,verified,
mkt_n1_p002_o0011,mkt_n1,MKT_JLPT_word-N1.pdf,mkt,N1,2,11,11,동사,verb,浮かれる,うかれる,"들뜨다,신나다",浮かれる,うかれる,,"들뜨다,신나다",word,1,,,new,1,verified,
mkt_n1_p002_o0012,mkt_n1,MKT_JLPT_word-N1.pdf,mkt,N1,2,12,12,동사,verb,打ち切る,うちきる,중지하다,打ち切る,うちきる,,중지하다,word,1,w_b632b45f0b30d03e,N1,exact,1,verified,
mkt_n1_p002_o0013,mkt_n1,MKT_JLPT_word-N1.pdf,mkt,N1,2,13,13,동사,verb,打ち込む,うちこむ,"몰두하다,몰입하다",打ち込む,うちこむ,,"몰두하다,몰입하다",word,1,w_f5b156d34a2300a2,N1,exact,1,verified,
mkt_n1_p002_o0014,mkt_n1,MKT_JLPT_word-N1.pdf,mkt,N1,2,14,14,동사,verb,訴える,うったえる,호소하다,訴える,うったえる,,호소하다,word,1,w_2acad57554d10e3f,N3,exact,1,verified,
mkt_n1_p002_o0015,mkt_n1,MKT_JLPT_word-N1.pdf,mkt,N1,2,15,15,동사,verb,促す,うながす,"촉구하다,재촉하다",促す,うながす,,"촉구하다,재촉하다",word,1,w_d8d12bce72fcf68c,N1,exact,1,verified,
mkt_n1_p002_o0016,mkt_n1,MKT_JLPT_word-N1.pdf,mkt,N1,2,16,16,동사,verb,敬う,うやまう,공경하다,敬う,うやまう,,공경하다,word,1,w_bd42e10de1277320,N2,exact,1,verified,
mkt_n1_p002_o0017,mkt_n1,MKT_JLPT_word-N1.pdf,mkt,N1,2,17,17,동사,verb,恨む,うらむ,원망하다,恨む,うらむ,,원망하다,word,1,w_fa8beb52eeb481b2,N2,exact,1,verified,
mkt_n1_p002_o0018,mkt_n1,MKT_JLPT_word-N1.pdf,mkt,N1,2,18,18,동사,verb,潤う,うるおう,"축축해지다,윤택해지다",潤う,うるおう,,"축축해지다,윤택해지다",word,1,w_e67065ff3fd529cd,N1,exact,1,verified,
mkt_n1_p002_o0019,mkt_n1,MKT_JLPT_word-N1.pdf,mkt,N1,2,19,19,동사,verb,拝む,おがむ,"절하다,경배하다",拝む,おがむ,,"절하다,경배하다",word,1,w_d3ca22eb86f0b77e,N2,exact,1,verified,
mkt_n1_p002_o0020,mkt_n1,MKT_JLPT_word-N1.pdf,mkt,N1,2,20,20,동사,verb,怠る,おこたる,"게을리하다,소홀히하다",怠る,おこたる,,"게을리하다,소홀히하다",word,1,w_31f4845c87d90b85,N2,exact,1,verified,
mkt_n1_p002_o0021,mkt_n1,MKT_JLPT_word-N1.pdf,mkt,N1,2,21,21,동사,verb,襲う,おそう,"덮치다,습격하다",襲う,おそう,,"덮치다,습격하다",word,1,w_158dfc6242d4b2c7,N1,exact,1,verified,
mkt_n1_p002_o0022,mkt_n1,MKT_JLPT_word-N1.pdf,mkt,N1,2,22,22,동사,verb,陥る,おちいる,나쁜상황에빠지다,陥る,おちいる,,나쁜상황에빠지다,word,1,,,new,1,verified,
mkt_n1_p002_o0023,mkt_n1,MKT_JLPT_word-N1.pdf,mkt,N1,2,23,23,동사,verb,劣る,おとる,"뒤떨어지다,뒤지다",劣る,おとる,,"뒤떨어지다,뒤지다",word,1,w_a1021aa0cfda591b,N3,exact,1,verified,
mkt_n1_p002_o0024,mkt_n1,MKT_JLPT_word-N1.pdf,mkt,N1,2,24,24,동사,verb,衰える,おとろえる,쇠약해지다,衰える,おとろえる,,쇠약해지다,word,1,w_e68fa4d312c425c5,N1,exact,1,verified,
mkt_n1_p002_o0025,mkt_n1,MKT_JLPT_word-N1.pdf,mkt,N1,2,25,25,동사,verb,帯びる,おびる,"(띠)를띠다,(성질,경향)을띠다",帯びる,おびる,,"(띠)를띠다,(성질,경향)을띠다",word,1,w_45d31ebbd1fb2705,N1,exact,1,verified,
mkt_n1_p002_o0026,mkt_n1,MKT_JLPT_word-N1.pdf,mkt,N1,2,26,26,동사,verb,思い返す,おもいかえす,돌아보다,思い返す,おもいかえす,,돌아보다,word,1,,,new,1,verified,
mkt_n1_p002_o0027,mkt_n1,MKT_JLPT_word-N1.pdf,mkt,N1,2,27,27,동사,verb,思い詰める,おもいつめる,골몰하다,思い詰める,おもいつめる,,골몰하다,word,1,,,new,1,verified,
mkt_n1_p002_o0028,mkt_n1,MKT_JLPT_word-N1.pdf,mkt,N1,2,28,28,동사,verb,及ぼす,およぼす,영향을미치다,及ぼす,およぼす,,영향을미치다,word,1,w_bcc0efdd6b74a1bd,N3,exact,1,verified,
mkt_n1_p003_o0029,mkt_n1,MKT_JLPT_word-N1.pdf,mkt,N1,3,29,29,동사,verb,顧みる,かえりみる,"돌아보다,회고하다",顧みる,かえりみる,,"돌아보다,회고하다",word,1,w_7eb947c8f12b93ad,N1,exact,1,verified,
mkt_n1_p003_o0030,mkt_n1,MKT_JLPT_word-N1.pdf,mkt,N1,3,30,30,동사,verb,省みる,かえりみる,반성하다,省みる,かえりみる,,반성하다,word,1,w_f30932c319a064b5,N1,exact,1,verified,
mkt_n1_p003_o0031,mkt_n1,MKT_JLPT_word-N1.pdf,mkt,N1,3,31,31,동사,verb,掲げる,かかげる,"내걸다,내세우다",掲げる,かかげる,,"내걸다,내세우다",word,1,w_3330d8986fb2f344,N1,exact,1,verified,
mkt_n1_p003_o0032,mkt_n1,MKT_JLPT_word-N1.pdf,mkt,N1,3,32,32,동사,verb,稼ぐ,かせぐ,"돈벌이하다,(시간을)벌다",稼ぐ,かせぐ,,"돈벌이하다,(시간을)벌다",word,1,w_f56c86b44e881521,N3,exact,1,verified,
mkt_n1_p003_o0033,mkt_n1,MKT_JLPT_word-N1.pdf,mkt,N1,3,33,33,동사,verb,偏る,かたよる,"치우치다,편중되다",偏る,かたよる,,"치우치다,편중되다",word,1,,,new,1,verified,
mkt_n1_p003_o0034,mkt_n1,MKT_JLPT_word-N1.pdf,mkt,N1,3,34,34,동사,verb,絡む,からむ,"휘감기다,관련되다",絡む,からむ,,"휘감기다,관련되다",word,1,w_57ec5de9559aa2c5,N1,exact,1,verified,
mkt_n1_p003_o0035,mkt_n1,MKT_JLPT_word-N1.pdf,mkt,N1,3,35,35,동사,verb,築く,きずく,"쌓다,구축하다",築く,きずく,,"쌓다,구축하다",word,1,w_ab712073b51dbf4d,N3,exact,1,verified,
mkt_n1_p003_o0036,mkt_n1,MKT_JLPT_word-N1.pdf,mkt,N1,3,36,36,동사,verb,切り出す,きりだす,말을꺼내다,切り出す,きりだす,,말을꺼내다,word,1,,,new,1,verified,
mkt_n1_p003_o0037,mkt_n1,MKT_JLPT_word-N1.pdf,mkt,N1,3,37,37,동사,verb,食い違う,ちがう,(의견)이엇갈리다,食い違う,ちがう,,(의견)이엇갈리다,word,1,,,surface_only,1,verified,
mkt_n1_p003_o0038,mkt_n1,MKT_JLPT_word-N1.pdf,mkt,N1,3,38,38,동사,verb,食い止める,くいとめる,"저지하다,막다",食い止める,くいとめる,,"저지하다,막다",word,1,,,new,1,verified,
mkt_n1_p003_o0039,mkt_n1,MKT_JLPT_word-N1.pdf,mkt,N1,3,39,39,동사,verb,崩す,くずす,"무너뜨리다,흩뜨리다",崩す,くずす,,"무너뜨리다,흩뜨리다",word,1,w_b7ede41b8b91ab60,N2,exact,1,verified,
mkt_n1_p003_o0040,mkt_n1,MKT_JLPT_word-N1.pdf,mkt,N1,3,40,40,동사,verb,覆す,くつがえす,뒤집어엎다,覆す,くつがえす,,뒤집어엎다,word,1,w_f1d351fe8f52981c,N1,exact,1,verified,
mkt_n1_p003_o0041,mkt_n1,MKT_JLPT_word-N1.pdf,mkt,N1,3,41,41,동사,verb,拘る,こだわる,"집착하다,세세하게신경을쓰다",拘る,こだわる,,"집착하다,세세하게신경을쓰다",word,1,,,new,1,verified,
mkt_n1_p003_o0042,mkt_n1,MKT_JLPT_word-N1.pdf,mkt,N1,3,42,42,동사,verb,拒む,こばむ,"거부하다,저지하다",拒む,こばむ,,"거부하다,저지하다",word,1,,,new,1,verified,
mkt_n1_p003_o0043,mkt_n1,MKT_JLPT_word-N1.pdf,mkt,N1,3,43,43,동사,verb,遮る,さえぎる,차단하다,遮る,さえぎる,,차단하다,word,1,w_5d9bf3a828945282,N1,exact,1,verified,
mkt_n1_p003_o0044,mkt_n1,MKT_JLPT_word-N1.pdf,mkt,N1,3,44,44,동사,verb,逆らう,さからう,"거스르다,거역하다",逆らう,さからう,,"거스르다,거역하다",word,1,w_6a9fb9a643e41d9f,N3,exact,1,verified,
mkt_n1_p003_o0045,mkt_n1,MKT_JLPT_word-N1.pdf,mkt,N1,3,45,45,동사,verb,差し引く,さしひく,"공제하다,차감하다",差し引く,さしひく,,"공제하다,차감하다",word,1,,,new,1,verified,
mkt_n1_p003_o0046,mkt_n1,MKT_JLPT_word-N1.pdf,mkt,N1,3,46,46,동사,verb,授ける,さずける,"수여하다,하사하다",授ける,さずける,,"수여하다,하사하다",word,1,w_f1151524cda729e4,N1,exact,1,verified,
mkt_n1_p003_o0047,mkt_n1,MKT_JLPT_word-N1.pdf,mkt,N1,3,47,47,동사,verb,察する,さっする,헤아리다,察する,さっする,,헤아리다,word,1,w_e4b94c58b9499c0e,N1,exact,1,verified,
mkt_n1_p003_o0048,mkt_n1,MKT_JLPT_word-N1.pdf,mkt,N1,3,48,48,동사,verb,悟る,さとる,깨닫다,悟る,さとる,,깨닫다,word,1,w_1447f7877cf10ccf,N1,exact,1,verified,
mkt_n1_p003_o0049,mkt_n1,MKT_JLPT_word-N1.pdf,mkt,N1,3,49,49,동사,verb,妨げる,さまたげる,방해하다,妨げる,さまたげる,,방해하다,word,1,w_41c304f56ca05b9a,N2,exact,1,verified,
mkt_n1_p003_o0050,mkt_n1,MKT_JLPT_word-N1.pdf,mkt,N1,3,50,50,동사,verb,障る,さわる,"방해가되다,지장이있다",障る,さわる,,"방해가되다,지장이있다",word,1,w_2345ae5ca63bb5e4,N1,exact,1,verified,
mkt_n1_p003_o0051,mkt_n1,MKT_JLPT_word-N1.pdf,mkt,N1,3,51,51,동사,verb,仕上がる,しあがる,"마무리되다,완성되다",仕上がる,しあがる,,"마무리되다,완성되다",word,1,w_6e2910d8d4a26c4c,N2,exact,1,verified,
mkt_n1_p003_o0052,mkt_n1,MKT_JLPT_word-N1.pdf,mkt,N1,3,52,52,동사,verb,慕う,したう,"사모하다,추앙하다",慕う,したう,,"사모하다,추앙하다",word,1,w_98d55f56a15ab826,N1,exact,1,verified,
mkt_n1_p003_o0053,mkt_n1,MKT_JLPT_word-N1.pdf,mkt,N1,3,53,53,동사,verb,忍ぶ,しのぶ,"숨다,견디다",忍ぶ,しのぶ,,"숨다,견디다",word,1,,,new,1,verified,
mkt_n1_p003_o0054,mkt_n1,MKT_JLPT_word-N1.pdf,mkt,N1,3,54,54,동사,verb,退く,しりぞく,"물러나다,후퇴하다",退く,しりぞく,,"물러나다,후퇴하다",word,1,,,new,1,verified,
mkt_n1_p003_o0055,mkt_n1,MKT_JLPT_word-N1.pdf,mkt,N1,3,55,55,동사,verb,廃れる,すたれる,쇠퇴하다,廃れる,すたれる,,쇠퇴하다,word,1,,,new,1,verified,
mkt_n1_p003_o0056,mkt_n1,MKT_JLPT_word-N1.pdf,mkt,N1,3,56,56,동사,verb,急かす,せかす,재촉하다 <자동사>다가오다,急かす,せかす,,재촉하다 <자동사>다가오다,word,1,w_44c0bcb9bd3fe519,N1,exact,1,verified,
mkt_n1_p003_o0057,mkt_n1,MKT_JLPT_word-N1.pdf,mkt,N1,3,57,57,동사,verb,迫る,せまる,<타동사>강요하다,迫る,せまる,,<타동사>강요하다,word,1,w_ce074da93c71d0ea,N2,exact,1,verified,
mkt_n1_p004_o0058,mkt_n1,MKT_JLPT_word-N1.pdf,mkt,N1,4,58,58,동사,verb,損なう,そこなう,"파손하다,손상시키다",損なう,そこなう,,"파손하다,손상시키다",word,1,,,new,1,verified,
mkt_n1_p004_o0059,mkt_n1,MKT_JLPT_word-N1.pdf,mkt,N1,4,59,59,동사,verb,逸れる,それる,"빗나가다,벗어나다",逸れる,それる,,"빗나가다,벗어나다",word,1,w_1a17bce78d28b9fa,N2,exact,1,verified,
mkt_n1_p004_o0060,mkt_n1,MKT_JLPT_word-N1.pdf,mkt,N1,4,60,60,동사,verb,託す,たくす,"맡기다,부탁하다",託す,たくす,,"맡기다,부탁하다",word,1,,,new,1,verified,
mkt_n1_p004_o0061,mkt_n1,MKT_JLPT_word-N1.pdf,mkt,N1,4,61,61,동사,verb,蓄える,たくわえる,"저축하다,비축하다",蓄える,たくわえる,,"저축하다,비축하다",word,1,w_2eb85eb0002d712b,N2,exact,1,verified,
mkt_n1_p004_o0062,mkt_n1,MKT_JLPT_word-N1.pdf,mkt,N1,4,62,62,동사,verb,携わる,たずさわる,종사하다,携わる,たずさわる,,종사하다,word,1,w_09b5cb042d1d117b,N1,exact,1,verified,
mkt_n1_p004_o0063,mkt_n1,MKT_JLPT_word-N1.pdf,mkt,N1,4,63,63,동사,verb,漂う,ただよう,"떠돌다,감돌다",漂う,ただよう,,"떠돌다,감돌다",word,1,w_c28ac016fb366109,N1,exact,1,verified,
mkt_n1_p004_o0064,mkt_n1,MKT_JLPT_word-N1.pdf,mkt,N1,4,64,64,동사,verb,立て替える,たてかえる,대신하여지불하다,立て替える,たてかえる,,대신하여지불하다,word,1,w_a1fb7fc7bbf38f49,N1,exact,1,verified,
mkt_n1_p004_o0065,mkt_n1,MKT_JLPT_word-N1.pdf,mkt,N1,4,65,65,동사,verb,費やす,ついやす,"사용하다,다소비하다",費やす,ついやす,,"사용하다,다소비하다",word,1,w_5c2a64f1bb1fb091,N1,exact,1,verified,
mkt_n1_p004_o0066,mkt_n1,MKT_JLPT_word-N1.pdf,mkt,N1,4,66,66,동사,verb,突き止める,つきとめる,"밝혀내다,알아내다",突き止める,つきとめる,,"밝혀내다,알아내다",word,1,,,new,1,verified,
mkt_n1_p004_o0067,mkt_n1,MKT_JLPT_word-N1.pdf,mkt,N1,4,67,67,동사,verb,尽くす,つくす,"애쓰다,있는힘을다하다",尽くす,つくす,,"애쓰다,있는힘을다하다",word,1,w_a60b6753a0d75ab2,N1,exact,1,verified,
mkt_n1_p004_o0068,mkt_n1,MKT_JLPT_word-N1.pdf,mkt,N1,4,68,68,동사,verb,償う,つぐなう,보상하다,償う,つぐなう,,보상하다,word,1,,,new,1,verified,
mkt_n1_p004_o0069,mkt_n1,MKT_JLPT_word-N1.pdf,mkt,N1,4,69,69,동사,verb,告げる,つげる,"고하다,알리다",告げる,つげる,,"고하다,알리다",word,1,w_3ec0f9a7d57061c8,N1,exact,1,verified,
mkt_n1_p004_o0070,mkt_n1,MKT_JLPT_word-N1.pdf,mkt,N1,4,70,70,동사,verb,培う,つちかう,"기르다,배양하다",培う,つちかう,,"기르다,배양하다",word,1,,,new,1,verified,
mkt_n1_p004_o0071,mkt_n1,MKT_JLPT_word-N1.pdf,mkt,N1,4,71,71,동사,verb,慎む,つつしむ,삼가다,慎む,つつしむ,,삼가다,word,1,,,new,1,verified,
mkt_n1_p004_o0072,mkt_n1,MKT_JLPT_word-N1.pdf,mkt,N1,4,72,72,동사,verb,集う,つどう,모이다,集う,つどう,,모이다,word,1,,,new,1,verified,
mkt_n1_p004_o0073,mkt_n1,MKT_JLPT_word-N1.pdf,mkt,N1,4,73,73,동사,verb,募る,つのる,<자동사> 점점 강해지다 <타동사> 모집하다,募る,つのる,,<자동사> 점점 강해지다 <타동사> 모집하다,word,1,w_b41bedd27241c8f7,N1,exact,0,verified,PDF 표 행 경계를 원문과 대조하여 교정
mkt_n1_p004_o0074,mkt_n1,MKT_JLPT_word-N1.pdf,mkt,N1,4,74,74,동사,verb,積み立てる,つみたてる,적립하다,積み立てる,つみたてる,,적립하다,word,1,,,new,1,verified,
mkt_n1_p004_o0075,mkt_n1,MKT_JLPT_word-N1.pdf,mkt,N1,4,75,75,동사,verb,貫く,つらぬく,관철하다,貫く,つらぬく,,관철하다,word,1,w_a44a42bca3ceb7e9,N1,exact,1,verified,
mkt_n1_p004_o0076,mkt_n1,MKT_JLPT_word-N1.pdf,mkt,N1,4,76,76,동사,verb,遠ざける,とおざける,멀리하다,遠ざける,とおざける,,멀리하다,word,1,,,new,1,verified,
mkt_n1_p004_o0077,mkt_n1,MKT_JLPT_word-N1.pdf,mkt,N1,4,77,77,동사,verb,説く,とく,"설명하다,설득하다",説く,とく,,"설명하다,설득하다",word,1,,,new,1,verified,
mkt_n1_p004_o0078,mkt_n1,MKT_JLPT_word-N1.pdf,mkt,N1,4,78,78,동사,verb,遂げる,とげる,"이루다,완수하다",遂げる,とげる,,"이루다,완수하다",word,1,w_836d5777bba22e82,N1,exact,1,verified,
mkt_n1_p004_o0079,mkt_n1,MKT_JLPT_word-N1.pdf,mkt,N1,4,79,79,동사,verb,滞る,とどこおる,"막히다,밀리다",滞る,とどこおる,,"막히다,밀리다",word,1,w_4dc1753d472a2037,N1,exact,1,verified,
mkt_n1_p004_o0080,mkt_n1,MKT_JLPT_word-N1.pdf,mkt,N1,4,80,80,동사,verb,唱える,となえる,"외치다,주장하다",唱える,となえる,,"외치다,주장하다",word,1,w_d7b4a4cf68e9687b,N1,exact,1,verified,
mkt_n1_p004_o0081,mkt_n1,MKT_JLPT_word-N1.pdf,mkt,N1,4,81,81,동사,verb,戸惑う,とまどう,"어리둥절해하다,당황하다",戸惑う,とまどう,,"어리둥절해하다,당황하다",word,1,,,new,1,verified,
mkt_n1_p004_o0082,mkt_n1,MKT_JLPT_word-N1.pdf,mkt,N1,4,82,82,동사,verb,取り組む,とりくむ,몰두하다,取り組む,とりくむ,,몰두하다,word,1,w_51492880f4ff54fb,N1,exact,1,verified,
mkt_n1_p004_o0083,mkt_n1,MKT_JLPT_word-N1.pdf,mkt,N1,4,83,83,동사,verb,取り締まる,とりしまる,단속하다,取り締まる,とりしまる,,단속하다,word,1,w_639832d611535cb3,N1,exact,1,verified,
mkt_n1_p004_o0084,mkt_n1,MKT_JLPT_word-N1.pdf,mkt,N1,4,84,84,동사,verb,取り戻す,とりもどす,"되찾다,회복하다",取り戻す,とりもどす,,"되찾다,회복하다",word,1,w_e56380e43a380c7d,N1,exact,1,verified,
mkt_n1_p005_o0085,mkt_n1,MKT_JLPT_word-N1.pdf,mkt,N1,5,85,85,동사,verb,賑わう,にぎわう,"활기차다,번화하다",賑わう,にぎわう,,"활기차다,번화하다",word,1,w_b9f33ade5c934336,N1,exact,1,verified,
mkt_n1_p005_o0086,mkt_n1,MKT_JLPT_word-N1.pdf,mkt,N1,5,86,86,동사,verb,担う,になう,"짊어지다,떠맡다",担う,になう,,"짊어지다,떠맡다",word,1,w_400d9fcf33c3211e,N1,exact,1,verified,
mkt_n1_p005_o0087,mkt_n1,MKT_JLPT_word-N1.pdf,mkt,N1,5,87,87,동사,verb,鈍る,にぶる,"둔해지다,무디어지다",鈍る,にぶる,,"둔해지다,무디어지다",word,1,w_c8ae48e05c333122,N1,exact,1,verified,
mkt_n1_p005_o0088,mkt_n1,MKT_JLPT_word-N1.pdf,mkt,N1,5,88,88,동사,verb,逃れる,のがれる,"벗어나다,피하다",逃れる,のがれる,,"벗어나다,피하다",word,1,w_f4f2d7cbced777b8,N1,exact,1,verified,
mkt_n1_p005_o0089,mkt_n1,MKT_JLPT_word-N1.pdf,mkt,N1,5,89,89,동사,verb,臨む,のぞむ,"임하다,상황에직면하다",臨む,のぞむ,,"임하다,상황에직면하다",word,1,,,new,1,verified,
mkt_n1_p005_o0090,mkt_n1,MKT_JLPT_word-N1.pdf,mkt,N1,5,90,90,동사,verb,乗り出す,のりだす,시작하다,乗り出す,のりだす,,시작하다,word,1,,,new,1,verified,
mkt_n1_p005_o0091,mkt_n1,MKT_JLPT_word-N1.pdf,mkt,N1,5,91,91,동사,verb,剥がす,はがす,"벗기다,떼다",剥がす,はがす,,"벗기다,떼다",word,1,w_0ea31b98d247240b,N2,exact,1,verified,
mkt_n1_p005_o0092,mkt_n1,MKT_JLPT_word-N1.pdf,mkt,N1,5,92,92,동사,verb,捗る,はかどる,진척되다,捗る,はかどる,,진척되다,word,1,w_366b4df014f1ce9e,N1,exact,1,verified,
mkt_n1_p005_o0093,mkt_n1,MKT_JLPT_word-N1.pdf,mkt,N1,5,93,93,동사,verb,励む,はげむ,힘쓰다,励む,はげむ,,힘쓰다,word,1,w_58320aa77025e364,N1,exact,1,verified,
mkt_n1_p005_o0094,mkt_n1,MKT_JLPT_word-N1.pdf,mkt,N1,5,94,94,동사,verb,弾む,はずむ,"튀다,들뜨다",弾む,はずむ,,"튀다,들뜨다",word,1,w_1223778df0185b6a,N1,exact,1,verified,
mkt_n1_p005_o0095,mkt_n1,MKT_JLPT_word-N1.pdf,mkt,N1,5,95,95,동사,verb,阻む,はばむ,"저지하다,가로막다",阻む,はばむ,,"저지하다,가로막다",word,1,,,new,1,verified,
mkt_n1_p005_o0096,mkt_n1,MKT_JLPT_word-N1.pdf,mkt,N1,5,96,96,동사,verb,張り合う,はりあう,"겨루다,경쟁하다",張り合う,はりあう,,"겨루다,경쟁하다",word,1,,,new,1,verified,
mkt_n1_p005_o0097,mkt_n1,MKT_JLPT_word-N1.pdf,mkt,N1,5,97,97,동사,verb,張り切る,はりきる,"기운이넘치다,팽팽하다",張り切る,はりきる,,"기운이넘치다,팽팽하다",word,1,w_e7d28b54b17334c9,N2,exact,1,verified,
mkt_n1_p005_o0098,mkt_n1,MKT_JLPT_word-N1.pdf,mkt,N1,5,98,98,동사,verb,控える,ひかえる,"삼가다,앞두다,기록하다",控える,ひかえる,,"삼가다,앞두다,기록하다",word,1,,,new,1,verified,
mkt_n1_p005_o0099,mkt_n1,MKT_JLPT_word-N1.pdf,mkt,N1,5,99,99,동사,verb,率いる,ひきいる,"이끌다,인솔하다",率いる,ひきいる,,"이끌다,인솔하다",word,1,,,new,1,verified,
mkt_n1_p005_o0100,mkt_n1,MKT_JLPT_word-N1.pdf,mkt,N1,5,100,100,동사,verb,引き落とす,ひきおとす,"당겨서떨어뜨리다,자동납부하다",引き落とす,ひきおとす,,"당겨서떨어뜨리다,자동납부하다",word,1,,,new,1,verified,
mkt_n1_p005_o0101,mkt_n1,MKT_JLPT_word-N1.pdf,mkt,N1,5,101,101,동사,verb,引き寄せる,ひきよせる,끌어당기다,引き寄せる,ひきよせる,,끌어당기다,word,1,,,new,1,verified,
mkt_n1_p005_o0102,mkt_n1,MKT_JLPT_word-N1.pdf,mkt,N1,5,102,102,동사,verb,響く,ひびく,울리다,響く,ひびく,,울리다,word,1,w_dda8d0dbc7c9c87f,N2,exact,1,verified,
mkt_n1_p005_o0103,mkt_n1,MKT_JLPT_word-N1.pdf,mkt,N1,5,103,103,동사,verb,秘める,ひめる,"숨기다,감추다",秘める,ひめる,,"숨기다,감추다",word,1,,,new,1,verified,
mkt_n1_p005_o0104,mkt_n1,MKT_JLPT_word-N1.pdf,mkt,N1,5,104,104,동사,verb,翻す,ひるがえす,"뒤집다,번복하다",翻す,ひるがえす,,"뒤집다,번복하다",word,1,,,new,1,verified,
mkt_n1_p005_o0105,mkt_n1,MKT_JLPT_word-N1.pdf,mkt,N1,5,105,105,동사,verb,隔てる,へだてる,"멀리하다,사이에두다",隔てる,へだてる,,"멀리하다,사이에두다",word,1,w_c3999c5c14ebdf53,N2,exact,1,verified,
mkt_n1_p005_o0106,mkt_n1,MKT_JLPT_word-N1.pdf,mkt,N1,5,106,106,동사,verb,解ける,ほどける,"(매듭,끈)이풀리다",解ける,ほどける,,"(매듭,끈)이풀리다",word,1,w_f25835b153fd2a07,N1,exact,1,verified,
mkt_n1_p005_o0107,mkt_n1,MKT_JLPT_word-N1.pdf,mkt,N1,5,107,107,동사,verb,施す,ほどこす,"베풀다,행하다",施す,ほどこす,,"베풀다,행하다",word,1,w_624467d19650e190,N1,exact,1,verified,
mkt_n1_p005_o0108,mkt_n1,MKT_JLPT_word-N1.pdf,mkt,N1,5,108,108,동사,verb,滅びる,ほろびる,멸망하다,滅びる,ほろびる,,멸망하다,word,1,w_014e25ff7ca1690d,N1,exact,1,verified,
mkt_n1_p005_o0109,mkt_n1,MKT_JLPT_word-N1.pdf,mkt,N1,5,109,109,동사,verb,紛れる,まぎれる,뒤섞이다,紛れる,まぎれる,,뒤섞이다,word,1,w_f4f59b085b066bf8,N1,exact,1,verified,
mkt_n1_p005_o0110,mkt_n1,MKT_JLPT_word-N1.pdf,mkt,N1,5,110,110,동사,verb,惑わす,まどわす まぬかれる,"혼란시키다,현혹시키다",惑わす,まどわすまぬかれる,,"혼란시키다,현혹시키다",word,1,,,new,1,verified,
mkt_n1_p005_o0111,mkt_n1,MKT_JLPT_word-N1.pdf,mkt,N1,5,111,111,동사,verb,免れる,まぬかれる (まぬがれる),"면하다, 모면하다",免れる,まぬかれる,まぬがれる,"면하다, 모면하다",word,1,,,surface_only,1,verified,
mkt_n1_p006_o0112,mkt_n1,MKT_JLPT_word-N1.pdf,mkt,N1,6,112,112,동사,verb,見合わせる,みあわせる,보류하다,見合わせる,みあわせる,,보류하다,word,1,w_66f9326ae7b0b791,N1,exact,1,verified,
mkt_n1_p006_o0113,mkt_n1,MKT_JLPT_word-N1.pdf,mkt,N1,6,113,113,동사,verb,見失う,みうしなう,시야에서놓치다,見失う,みうしなう,,시야에서놓치다,word,1,,,new,1,verified,
mkt_n1_p006_o0114,mkt_n1,MKT_JLPT_word-N1.pdf,mkt,N1,6,114,114,동사,verb,見落とす,みおとす,간과하다,見落とす,みおとす,,간과하다,word,1,w_d81776d517d67f96,N1,exact,1,verified,
mkt_n1_p006_o0115,mkt_n1,MKT_JLPT_word-N1.pdf,mkt,N1,6,115,115,동사,verb,設ける,もうける,"마련하다,설치하다",設ける,もうける,,"마련하다,설치하다",word,1,w_c7c2d68107129ff4,N1,exact,1,verified,
mkt_n1_p006_o0116,mkt_n1,MKT_JLPT_word-N1.pdf,mkt,N1,6,116,116,동사,verb,催す,もよおす,개최하다,催す,もよおす,,개최하다,word,1,w_f5f19f69e53af0ce,N1,exact,1,verified,
mkt_n1_p006_o0117,mkt_n1,MKT_JLPT_word-N1.pdf,mkt,N1,6,117,117,동사,verb,養う,やしなう,"기르다,부양하다",養う,やしなう,,"기르다,부양하다",word,1,w_d987b1d8bd0c3c4e,N1,exact,1,verified,
mkt_n1_p006_o0118,mkt_n1,MKT_JLPT_word-N1.pdf,mkt,N1,6,118,118,동사,verb,安らぐ,やすらぐ,평온해지다,安らぐ,やすらぐ,,평온해지다,word,1,,,new,1,verified,
mkt_n1_p006_o0119,mkt_n1,MKT_JLPT_word-N1.pdf,mkt,N1,6,119,119,동사,verb,和らぐ,やわらぐ,누그러지다,和らぐ,やわらぐ,,누그러지다,word,1,,,new,1,verified,
mkt_n1_p006_o0120,mkt_n1,MKT_JLPT_word-N1.pdf,mkt,N1,6,120,120,동사,verb,揺らぐ,ゆらぐ,흔들리다,揺らぐ,ゆらぐ,,흔들리다,word,1,w_b7fb2d1b7a4d50eb,N1,exact,1,verified,
mkt_n1_p006_o0121,mkt_n1,MKT_JLPT_word-N1.pdf,mkt,N1,6,121,121,동사,verb,揺るがす,ゆるがす,뒤흔들다,揺るがす,ゆるがす,,뒤흔들다,word,1,,,new,1,verified,
mkt_n1_p006_o0122,mkt_n1,MKT_JLPT_word-N1.pdf,mkt,N1,6,122,122,동사,verb,緩める,ゆるめる,"완화하다,느슨하게하다",緩める,ゆるめる,,"완화하다,느슨하게하다",word,1,w_fca5ec33c5cd28f4,N1,exact,1,verified,
mkt_n1_p006_o0123,mkt_n1,MKT_JLPT_word-N1.pdf,mkt,N1,6,123,123,동사,verb,装う,よそおう,"꾸미다,치장하다",装う,よそおう,,"꾸미다,치장하다",word,1,,,new,1,verified,
mkt_n1_p006_o0124,mkt_n1,MKT_JLPT_word-N1.pdf,mkt,N1,6,124,124,동사,verb,詫びる,わびる,사과하다,詫びる,わびる,,사과하다,word,1,w_bc2cf649c98268c3,N2,exact,1,verified,
mkt_n1_p006_o0125,mkt_n1,MKT_JLPT_word-N1.pdf,mkt,N1,6,125,125,동사,verb,割り込む,わりこむ,"끼어들다,새치기하다",割り込む,わりこむ,,"끼어들다,새치기하다",word,1,,,new,1,verified,
mkt_n1_p006_o0126,mkt_n1,MKT_JLPT_word-N1.pdf,mkt,N1,6,126,126,い형용사,i_adjective,淡い,あわい,"연하다,흐리다",淡い,あわい,,"연하다,흐리다",word,1,,,new,1,verified,
mkt_n1_p006_o0127,mkt_n1,MKT_JLPT_word-N1.pdf,mkt,N1,6,127,127,い형용사,i_adjective,潔い,いさぎよい,"깨끗하다,후련하다",潔い,いさぎよい,,"깨끗하다,후련하다",word,1,,,new,1,verified,
mkt_n1_p006_o0128,mkt_n1,MKT_JLPT_word-N1.pdf,mkt,N1,6,128,128,い형용사,i_adjective,薄暗い,うすぐらい,"어둑어둑하다,침침하다",薄暗い,うすぐらい,,"어둑어둑하다,침침하다",word,1,w_3758fb41bc01f78c,N2,exact,1,verified,
mkt_n1_p006_o0129,mkt_n1,MKT_JLPT_word-N1.pdf,mkt,N1,6,129,129,い형용사,i_adjective,疑わしい,うたがわしい,의심스럽다,疑わしい,うたがわしい,,의심스럽다,word,1,,,new,1,verified,
mkt_n1_p006_o0130,mkt_n1,MKT_JLPT_word-N1.pdf,mkt,N1,6,130,130,い형용사,i_adjective,重々しい,おもおもしい,"엄숙하다,위엄이있다",重々しい,おもおもしい,,"엄숙하다,위엄이있다",word,1,,,new,1,verified,
mkt_n1_p006_o0131,mkt_n1,MKT_JLPT_word-N1.pdf,mkt,N1,6,131,131,い형용사,i_adjective,清い,きよい,"맑다,깨끗하다",清い,きよい,,"맑다,깨끗하다",word,1,w_b5e838ffb4c969a6,N2,exact,1,verified,
mkt_n1_p006_o0132,mkt_n1,MKT_JLPT_word-N1.pdf,mkt,N1,6,132,132,い형용사,i_adjective,心地よい,ここちよい,"기분좋다,상쾌하다",心地よい,ここちよい,,"기분좋다,상쾌하다",word,1,,,new,1,verified,
mkt_n1_p006_o0133,mkt_n1,MKT_JLPT_word-N1.pdf,mkt,N1,6,133,133,い형용사,i_adjective,心無い,こころない,"철이없다,매정하다",心無い,こころない,,"철이없다,매정하다",word,1,,,new,1,verified,
mkt_n1_p007_o0134,mkt_n1,MKT_JLPT_word-N1.pdf,mkt,N1,7,134,134,い형용사,i_adjective,快い,こころよい,기분좋다,快い,こころよい,,기분좋다,word,1,w_09cdf9a8f3634a76,N1,exact,1,verified,
mkt_n1_p007_o0135,mkt_n1,MKT_JLPT_word-N1.pdf,mkt,N1,7,135,135,い형용사,i_adjective,騒々しい,そうぞうしい,"시끄럽다,소란스럽다",騒々しい,そうぞうしい,,"시끄럽다,소란스럽다",word,1,w_75780c2794106632,N2,exact,1,verified,
mkt_n1_p007_o0136,mkt_n1,MKT_JLPT_word-N1.pdf,mkt,N1,7,136,136,い형용사,i_adjective,容易い,たやすい,"쉽다,용이하다",容易い,たやすい,,"쉽다,용이하다",word,1,,,new,1,verified,
mkt_n1_p007_o0137,mkt_n1,MKT_JLPT_word-N1.pdf,mkt,N1,7,137,137,い형용사,i_adjective,注意深い,ちゅういぶかい,"주의깊다,신중하다",注意深い,ちゅういぶかい,,"주의깊다,신중하다",word,1,,,new,1,verified,
mkt_n1_p007_o0138,mkt_n1,MKT_JLPT_word-N1.pdf,mkt,N1,7,138,138,い형용사,i_adjective,粘り強い,ねばりづよい,끈기있다,粘り強い,ねばりづよい,,끈기있다,word,1,,,new,1,verified,
mkt_n1_p007_o0139,mkt_n1,MKT_JLPT_word-N1.pdf,mkt,N1,7,139,139,い형용사,i_adjective,望ましい,のぞましい,바람직하다,望ましい,のぞましい,,바람직하다,word,1,w_b30f2ba2d537c3c3,N1,exact,1,verified,
mkt_n1_p007_o0140,mkt_n1,MKT_JLPT_word-N1.pdf,mkt,N1,7,140,140,い형용사,i_adjective,甚だしい,はなはだしい,심하다,甚だしい,はなはだしい,,심하다,word,1,w_df6a3abae7a48d60,N2,exact,1,verified,
mkt_n1_p007_o0141,mkt_n1,MKT_JLPT_word-N1.pdf,mkt,N1,7,141,141,い형용사,i_adjective,華々しい,はなばなしい,화려하다,華々しい,はなばなしい,,화려하다,word,1,,,new,1,verified,
mkt_n1_p007_o0142,mkt_n1,MKT_JLPT_word-N1.pdf,mkt,N1,7,142,142,い형용사,i_adjective,幅広い,はばひろい,폭넓다,幅広い,はばひろい,,폭넓다,word,1,,,new,1,verified,
mkt_n1_p007_o0143,mkt_n1,MKT_JLPT_word-N1.pdf,mkt,N1,7,143,143,い형용사,i_adjective,分厚い,ぶあつい,"두툼하다,두껍다",分厚い,ぶあつい,,"두툼하다,두껍다",word,1,,,new,1,verified,
mkt_n1_p007_o0144,mkt_n1,MKT_JLPT_word-N1.pdf,mkt,N1,7,144,144,い형용사,i_adjective,紛らわしい,まぎらわしい,"헷갈리다,혼란스럽다",紛らわしい,まぎらわしい,,"헷갈리다,혼란스럽다",word,1,w_75b449355fb3b1d9,N1,exact,1,verified,
mkt_n1_p007_o0145,mkt_n1,MKT_JLPT_word-N1.pdf,mkt,N1,7,145,145,い형용사,i_adjective,目覚ましい,めざましい,"눈부시다,주목할만하다",目覚ましい,めざましい,,"눈부시다,주목할만하다",word,1,,,new,1,verified,
mkt_n1_p007_o0146,mkt_n1,MKT_JLPT_word-N1.pdf,mkt,N1,7,146,146,い형용사,i_adjective,物々しい,ものものしい,삼엄하다,物々しい,ものものしい,,삼엄하다,word,1,,,new,1,verified,
mkt_n1_p007_o0147,mkt_n1,MKT_JLPT_word-N1.pdf,mkt,N1,7,147,147,い형용사,i_adjective,煩わしい,わずらわしい,"성가시다,번거롭다",煩わしい,わずらわしい,,"성가시다,번거롭다",word,1,w_9626fdb33e0fb4f7,N1,exact,1,verified,
mkt_n1_p007_o0148,mkt_n1,MKT_JLPT_word-N1.pdf,mkt,N1,7,148,148,な형용사,na_adjective,円滑な,えんかつな,원활한,円滑な,えんかつな,,원활한,word,1,,,new,1,verified,
mkt_n1_p007_o0149,mkt_n1,MKT_JLPT_word-N1.pdf,mkt,N1,7,149,149,な형용사,na_adjective,厳かな,おごそかな,엄숙한,厳かな,おごそかな,,엄숙한,word,1,,,new,1,verified,
mkt_n1_p007_o0150,mkt_n1,MKT_JLPT_word-N1.pdf,mkt,N1,7,150,150,な형용사,na_adjective,愚かな,おろかな,어리석은,愚かな,おろかな,,어리석은,word,1,,,new,1,verified,
mkt_n1_p008_o0151,mkt_n1,MKT_JLPT_word-N1.pdf,mkt,N1,8,151,151,な형용사,na_adjective,疎かな,おろそかな,소홀한,疎かな,おろそかな,,소홀한,word,1,,,new,1,verified,
mkt_n1_p008_o0152,mkt_n1,MKT_JLPT_word-N1.pdf,mkt,N1,8,152,152,な형용사,na_adjective,画一的な,かくいつてきな,획일적인,画一的な,かくいつてきな,,획일적인,word,1,,,new,1,verified,
mkt_n1_p008_o0153,mkt_n1,MKT_JLPT_word-N1.pdf,mkt,N1,8,153,153,な형용사,na_adjective,頑なな,かたくなな,완고한,頑なな,かたくなな,,완고한,word,1,,,new,1,verified,
mkt_n1_p008_o0154,mkt_n1,MKT_JLPT_word-N1.pdf,mkt,N1,8,154,154,な형용사,na_adjective,画期的な,かっきてきな,획기적인,画期的な,かっきてきな,,획기적인,word,1,,,new,1,verified,
mkt_n1_p008_o0155,mkt_n1,MKT_JLPT_word-N1.pdf,mkt,N1,8,155,155,な형용사,na_adjective,頑固な,がんこな,완고한,頑固な,がんこな,,완고한,word,1,,,new,1,verified,
mkt_n1_p008_o0156,mkt_n1,MKT_JLPT_word-N1.pdf,mkt,N1,8,156,156,な형용사,na_adjective,頑丈な,がんじょうな,튼튼한,頑丈な,がんじょうな,,튼튼한,word,1,,,new,1,verified,
mkt_n1_p008_o0157,mkt_n1,MKT_JLPT_word-N1.pdf,mkt,N1,8,157,157,な형용사,na_adjective,肝心な,かんじんな,중요한,肝心な,かんじんな,,중요한,word,1,,,new,1,verified,
mkt_n1_p008_o0158,mkt_n1,MKT_JLPT_word-N1.pdf,mkt,N1,8,158,158,な형용사,na_adjective,閑静な,かんせいな,"한적한,조용한",閑静な,かんせいな,,"한적한,조용한",word,1,,,new,1,verified,
mkt_n1_p008_o0159,mkt_n1,MKT_JLPT_word-N1.pdf,mkt,N1,8,159,159,な형용사,na_adjective,完璧な,かんぺきな,완벽한,完璧な,かんぺきな,,완벽한,word,1,,,new,1,verified,
mkt_n1_p008_o0160,mkt_n1,MKT_JLPT_word-N1.pdf,mkt,N1,8,160,160,な형용사,na_adjective,寛容な,かんような,너그러운,寛容な,かんような,,너그러운,word,1,,,new,1,verified,
mkt_n1_p008_o0161,mkt_n1,MKT_JLPT_word-N1.pdf,mkt,N1,8,161,161,な형용사,na_adjective,窮屈な,きゅうくつな,"비좁은,답답한",窮屈な,きゅうくつな,,"비좁은,답답한",word,1,,,new,1,verified,
mkt_n1_p008_o0162,mkt_n1,MKT_JLPT_word-N1.pdf,mkt,N1,8,162,162,な형용사,na_adjective,強硬な,きょうこうな,강경한,強硬な,きょうこうな,,강경한,word,1,,,new,1,verified,
mkt_n1_p008_o0163,mkt_n1,MKT_JLPT_word-N1.pdf,mkt,N1,8,163,163,な형용사,na_adjective,強大な,きょうだいな,"강대한,막강한",強大な,きょうだいな,,"강대한,막강한",word,1,,,new,1,verified,
mkt_n1_p008_o0164,mkt_n1,MKT_JLPT_word-N1.pdf,mkt,N1,8,164,164,な형용사,na_adjective,極端な,きょくたんな,극단적인,極端な,きょくたんな,,극단적인,word,1,,,new,1,verified,
mkt_n1_p008_o0165,mkt_n1,MKT_JLPT_word-N1.pdf,mkt,N1,8,165,165,な형용사,na_adjective,緊密な,きんみつな,긴밀한,緊密な,きんみつな,,긴밀한,word,1,,,new,1,verified,
mkt_n1_p008_o0166,mkt_n1,MKT_JLPT_word-N1.pdf,mkt,N1,8,166,166,な형용사,na_adjective,堅実な,けんじつな,"견실한,탄탄한",堅実な,けんじつな,,"견실한,탄탄한",word,1,,,new,1,verified,
mkt_n1_p008_o0167,mkt_n1,MKT_JLPT_word-N1.pdf,mkt,N1,8,167,167,な형용사,na_adjective,厳正な,げんせいな,엄정한,厳正な,げんせいな,,엄정한,word,1,,,new,1,verified,
mkt_n1_p008_o0168,mkt_n1,MKT_JLPT_word-N1.pdf,mkt,N1,8,168,168,な형용사,na_adjective,顕著な,けんちょな,현저한,顕著な,けんちょな,,현저한,word,1,,,new,1,verified,
mkt_n1_p008_o0169,mkt_n1,MKT_JLPT_word-N1.pdf,mkt,N1,8,169,169,な형용사,na_adjective,高尚な,こうしょうな,고상한,高尚な,こうしょうな,,고상한,word,1,,,new,1,verified,
mkt_n1_p008_o0170,mkt_n1,MKT_JLPT_word-N1.pdf,mkt,N1,8,170,170,な형용사,na_adjective,巧妙な,こうみょうな,교묘한,巧妙な,こうみょうな,,교묘한,word,1,,,new,1,verified,
mkt_n1_p008_o0171,mkt_n1,MKT_JLPT_word-N1.pdf,mkt,N1,8,171,171,な형용사,na_adjective,克明な,こくめいな,"극명한,매우세밀한",克明な,こくめいな,,"극명한,매우세밀한",word,1,,,new,1,verified,
mkt_n1_p008_o0172,mkt_n1,MKT_JLPT_word-N1.pdf,mkt,N1,8,172,172,な형용사,na_adjective,質素な,しっそな,"검소한,소탈한",質素な,しっそな,,"검소한,소탈한",word,1,,,new,1,verified,
mkt_n1_p008_o0173,mkt_n1,MKT_JLPT_word-N1.pdf,mkt,N1,8,173,173,な형용사,na_adjective,柔軟な,じゅうなんな,유연한,柔軟な,じゅうなんな,,유연한,word,1,,,new,1,verified,
mkt_n1_p008_o0174,mkt_n1,MKT_JLPT_word-N1.pdf,mkt,N1,8,174,174,な형용사,na_adjective,迅速な,じんそくな,신속한,迅速な,じんそくな,,신속한,word,1,,,new,1,verified,
mkt_n1_p008_o0175,mkt_n1,MKT_JLPT_word-N1.pdf,mkt,N1,8,175,175,な형용사,na_adjective,健やかな,すこやかな,건강한,健やかな,すこやかな,,건강한,word,1,,,new,1,verified,
mkt_n1_p008_o0176,mkt_n1,MKT_JLPT_word-N1.pdf,mkt,N1,8,176,176,な형용사,na_adjective,速やかな,すみやかな,신속한,速やかな,すみやかな,,신속한,word,1,,,new,1,verified,
mkt_n1_p008_o0177,mkt_n1,MKT_JLPT_word-N1.pdf,mkt,N1,8,177,177,な형용사,na_adjective,性急な,せいきゅうな,성급한,性急な,せいきゅうな,,성급한,word,1,,,new,1,verified,
mkt_n1_p008_o0178,mkt_n1,MKT_JLPT_word-N1.pdf,mkt,N1,8,178,178,な형용사,na_adjective,精巧な,せいこうな,정교한,精巧な,せいこうな,,정교한,word,1,,,new,1,verified,
mkt_n1_p009_o0179,mkt_n1,MKT_JLPT_word-N1.pdf,mkt,N1,9,179,179,な형용사,na_adjective,切実な,せつじつな,절실한,切実な,せつじつな,,절실한,word,1,,,new,1,verified,
mkt_n1_p009_o0180,mkt_n1,MKT_JLPT_word-N1.pdf,mkt,N1,9,180,180,な형용사,na_adjective,繊細な,せんさいな,섬세한,繊細な,せんさいな,,섬세한,word,1,,,new,1,verified,
mkt_n1_p009_o0181,mkt_n1,MKT_JLPT_word-N1.pdf,mkt,N1,9,181,181,な형용사,na_adjective,巧みな,たくみな,"교묘한,기교있는",巧みな,たくみな,,"교묘한,기교있는",word,1,,,new,1,verified,
mkt_n1_p009_o0182,mkt_n1,MKT_JLPT_word-N1.pdf,mkt,N1,9,182,182,な형용사,na_adjective,丹念な,たんねんな,"정성스런,꼼꼼한",丹念な,たんねんな,,"정성스런,꼼꼼한",word,1,,,new,1,verified,
mkt_n1_p009_o0183,mkt_n1,MKT_JLPT_word-N1.pdf,mkt,N1,9,183,183,な형용사,na_adjective,手薄な,てうすな,"허술한,불충분한",手薄な,てうすな,,"허술한,불충분한",word,1,,,new,1,verified,
mkt_n1_p009_o0184,mkt_n1,MKT_JLPT_word-N1.pdf,mkt,N1,9,184,184,な형용사,na_adjective,的確な,てきかくな,정확한,的確な,てきかくな,,정확한,word,1,,,new,1,verified,
mkt_n1_p009_o0185,mkt_n1,MKT_JLPT_word-N1.pdf,mkt,N1,9,185,185,な형용사,na_adjective,入念な,にゅうねんな,"꼼꼼한,정성스런",入念な,にゅうねんな,,"꼼꼼한,정성스런",word,1,,,new,1,verified,
mkt_n1_p009_o0186,mkt_n1,MKT_JLPT_word-N1.pdf,mkt,N1,9,186,186,な형용사,na_adjective,煩雑な,はんざつな,번잡한,煩雑な,はんざつな,,번잡한,word,1,,,new,1,verified,
mkt_n1_p009_o0187,mkt_n1,MKT_JLPT_word-N1.pdf,mkt,N1,9,187,187,な형용사,na_adjective,密かな,ひそかな,은밀한,密かな,ひそかな,,은밀한,word,1,,,new,1,verified,
mkt_n1_p009_o0188,mkt_n1,MKT_JLPT_word-N1.pdf,mkt,N1,9,188,188,な형용사,na_adjective,頻繁な,ひんぱんな,빈번한,頻繁な,ひんぱんな,,빈번한,word,1,,,new,1,verified,
mkt_n1_p009_o0189,mkt_n1,MKT_JLPT_word-N1.pdf,mkt,N1,9,189,189,な형용사,na_adjective,不用意な,ふよういな,부주의한,不用意な,ふよういな,,부주의한,word,1,,,new,1,verified,
mkt_n1_p009_o0190,mkt_n1,MKT_JLPT_word-N1.pdf,mkt,N1,9,190,190,な형용사,na_adjective,膨大な,ぼうだいな,방대한,膨大な,ぼうだいな,,방대한,word,1,,,new,1,verified,
mkt_n1_p009_o0191,mkt_n1,MKT_JLPT_word-N1.pdf,mkt,N1,9,191,191,な형용사,na_adjective,無残な,むざんな,"무참한,잔인한",無残な,むざんな,,"무참한,잔인한",word,1,,,new,1,verified,
mkt_n1_p009_o0192,mkt_n1,MKT_JLPT_word-N1.pdf,mkt,N1,9,192,192,な형용사,na_adjective,無邪気な,むじゃきな,순진한,無邪気な,むじゃきな,,순진한,word,1,,,new,1,verified,
mkt_n1_p009_o0193,mkt_n1,MKT_JLPT_word-N1.pdf,mkt,N1,9,193,193,な형용사,na_adjective,無謀な,むぼうな,"무모한,천진난만한",無謀な,むぼうな,,"무모한,천진난만한",word,1,,,new,1,verified,
mkt_n1_p009_o0194,mkt_n1,MKT_JLPT_word-N1.pdf,mkt,N1,9,194,194,な형용사,na_adjective,綿密な,めんみつな,면밀한,綿密な,めんみつな,,면밀한,word,1,,,new,1,verified,
mkt_n1_p009_o0195,mkt_n1,MKT_JLPT_word-N1.pdf,mkt,N1,9,195,195,な형용사,na_adjective,愉快な,ゆかいな,유쾌한,愉快な,ゆかいな,,유쾌한,word,1,,,new,1,verified,
mkt_n1_p009_o0196,mkt_n1,MKT_JLPT_word-N1.pdf,mkt,N1,9,196,196,な형용사,na_adjective,緩やかな,ゆるやかな,완만한,緩やかな,ゆるやかな,,완만한,word,1,,,new,1,verified,
mkt_n1_p009_o0197,mkt_n1,MKT_JLPT_word-N1.pdf,mkt,N1,9,197,197,な형용사,na_adjective,幼稚な,ようちな,유치한,幼稚な,ようちな,,유치한,word,1,,,new,1,verified,
mkt_n1_p009_o0198,mkt_n1,MKT_JLPT_word-N1.pdf,mkt,N1,9,198,198,な형용사,na_adjective,冷淡な,れいたんな,냉담한,冷淡な,れいたんな,,냉담한,word,1,,,new,1,verified,
mkt_n1_p009_o0199,mkt_n1,MKT_JLPT_word-N1.pdf,mkt,N1,9,199,199,な형용사,na_adjective,露骨な,ろこつな,노골적인,露骨な,ろこつな,,노골적인,word,1,,,new,1,verified,
mkt_n1_p010_o0200,mkt_n1,MKT_JLPT_word-N1.pdf,mkt,N1,10,200,200,명사,noun,圧迫,あっぱく,압박,圧迫,あっぱく,,압박,word,1,w_1eba9fecf5c12682,N1,exact,1,verified,
mkt_n1_p010_o0201,mkt_n1,MKT_JLPT_word-N1.pdf,mkt,N1,10,201,201,명사,noun,跡地,あとち,"철거부지,철거후공터",跡地,あとち,,"철거부지,철거후공터",word,1,,,new,1,verified,
mkt_n1_p010_o0202,mkt_n1,MKT_JLPT_word-N1.pdf,mkt,N1,10,202,202,명사,noun,安静,あんせい,안정(평온),安静,あんせい,,안정(평온),word,1,w_c5f4082e9000b66c,N1,exact,1,verified,
mkt_n1_p010_o0203,mkt_n1,MKT_JLPT_word-N1.pdf,mkt,N1,10,203,203,명사,noun,安堵,あんど,"안도,안심",安堵,あんど,,"안도,안심",word,1,,,new,1,verified,
mkt_n1_p010_o0204,mkt_n1,MKT_JLPT_word-N1.pdf,mkt,N1,10,204,204,명사,noun,意気込み,いきごみ,"패기,의욕",意気込み,いきごみ,,"패기,의욕",word,1,,,new,1,verified,
mkt_n1_p010_o0205,mkt_n1,MKT_JLPT_word-N1.pdf,mkt,N1,10,205,205,명사,noun,憤り,いきどおり,분노,憤り,いきどおり,,분노,word,1,,,new,1,verified,
mkt_n1_p010_o0206,mkt_n1,MKT_JLPT_word-N1.pdf,mkt,N1,10,206,206,명사,noun,憩い,いこい,휴식,憩い,いこい,,휴식,word,1,,,new,1,verified,
mkt_n1_p010_o0207,mkt_n1,MKT_JLPT_word-N1.pdf,mkt,N1,10,207,207,명사,noun,意地,いじ,고집,意地,いじ,,고집,word,1,,,new,1,verified,
mkt_n1_p010_o0208,mkt_n1,MKT_JLPT_word-N1.pdf,mkt,N1,10,208,208,명사,noun,異色,いしょく,"이색,매우특색있음",異色,いしょく,,"이색,매우특색있음",word,1,,,new,1,verified,
mkt_n1_p010_o0209,mkt_n1,MKT_JLPT_word-N1.pdf,mkt,N1,10,209,209,명사,noun,委託,いたく,위탁,委託,いたく,,위탁,word,1,w_f2fe0f0512a0fb53,N1,exact,1,verified,
mkt_n1_p010_o0210,mkt_n1,MKT_JLPT_word-N1.pdf,mkt,N1,10,210,210,명사,noun,一環,いっかん,일환,一環,いっかん,,일환,word,1,,,new,1,verified,
mkt_n1_p010_o0211,mkt_n1,MKT_JLPT_word-N1.pdf,mkt,N1,10,211,211,명사,noun,逸材,いつざい,"일재,뛰어난인재",逸材,いつざい,,"일재,뛰어난인재",word,1,,,new,1,verified,
mkt_n1_p010_o0212,mkt_n1,MKT_JLPT_word-N1.pdf,mkt,N1,10,212,212,명사,noun,一掃,いっそう,"일소,소탕",一掃,いっそう,,"일소,소탕",word,1,,,new,1,verified,
mkt_n1_p010_o0213,mkt_n1,MKT_JLPT_word-N1.pdf,mkt,N1,10,213,213,명사,noun,偽り,いつわり,허위,偽り,いつわり,,허위,word,1,,,new,1,verified,
mkt_n1_p010_o0214,mkt_n1,MKT_JLPT_word-N1.pdf,mkt,N1,10,214,214,명사,noun,糸口,いとぐち,"단서,실마리",糸口,いとぐち,,"단서,실마리",word,1,,,new,1,verified,
mkt_n1_p010_o0215,mkt_n1,MKT_JLPT_word-N1.pdf,mkt,N1,10,215,215,명사,noun,嫌み,いやみ,불쾌한언행,嫌み,いやみ,,불쾌한언행,word,1,,,new,1,verified,
mkt_n1_p010_o0216,mkt_n1,MKT_JLPT_word-N1.pdf,mkt,N1,10,216,216,명사,noun,依頼,いらい,의뢰,依頼,いらい,,의뢰,word,1,w_55a5aa4c590506e3,N3,exact,1,verified,
mkt_n1_p010_o0217,mkt_n1,MKT_JLPT_word-N1.pdf,mkt,N1,10,217,217,명사,noun,印鑑,いんかん,인감,印鑑,いんかん,,인감,word,1,w_71b91b4b7ded7920,N1,exact,1,verified,
mkt_n1_p010_o0218,mkt_n1,MKT_JLPT_word-N1.pdf,mkt,N1,10,218,218,명사,noun,内訳,うちわけ,내역,内訳,うちわけ,,내역,word,1,w_5121b1ef0d5c7900,N1,exact,1,verified,
mkt_n1_p010_o0219,mkt_n1,MKT_JLPT_word-N1.pdf,mkt,N1,10,219,219,명사,noun,器,うつわ,그릇,器,うつわ,,그릇,word,1,w_8e3cd551ef6f1b87,N1,exact,1,verified,
mkt_n1_p010_o0220,mkt_n1,MKT_JLPT_word-N1.pdf,mkt,N1,10,220,220,명사,noun,裏付け,うらづけ,"뒷받침,증거",裏付け,うらづけ,,"뒷받침,증거",word,1,,,new,1,verified,
mkt_n1_p010_o0221,mkt_n1,MKT_JLPT_word-N1.pdf,mkt,N1,10,221,221,명사,noun,裏腹,うらはら,"정반대,모순",裏腹,うらはら,,"정반대,모순",word,1,,,new,1,verified,
mkt_n1_p010_o0222,mkt_n1,MKT_JLPT_word-N1.pdf,mkt,N1,10,222,222,명사,noun,影響,えいきょう,영향,影響,えいきょう,,영향,word,1,w_d9e809ebe3cd1324,N3,exact,1,verified,
mkt_n1_p010_o0223,mkt_n1,MKT_JLPT_word-N1.pdf,mkt,N1,10,223,223,명사,noun,閲覧,えつらん,열람,閲覧,えつらん,,열람,word,1,w_b1b461ffca983305,N1,exact,1,verified,
mkt_n1_p010_o0224,mkt_n1,MKT_JLPT_word-N1.pdf,mkt,N1,10,224,224,명사,noun,獲物,えもの,사냥감,獲物,えもの,,사냥감,word,1,w_2fb46588020ac25a,N1,exact,1,verified,
mkt_n1_p010_o0225,mkt_n1,MKT_JLPT_word-N1.pdf,mkt,N1,10,225,225,명사,noun,遠隔,えんかく,원격,遠隔,えんかく,,원격,word,1,,,new,1,verified,
mkt_n1_p010_o0226,mkt_n1,MKT_JLPT_word-N1.pdf,mkt,N1,10,226,226,명사,noun,大筋,おおすじ,"요점,대강",大筋,おおすじ,,"요점,대강",word,1,w_51cb6d1819bd61e2,N1,exact,1,verified,
mkt_n1_p010_o0227,mkt_n1,MKT_JLPT_word-N1.pdf,mkt,N1,10,227,227,명사,noun,改革,かいかく,개혁,改革,かいかく,,개혁,word,1,w_03f9f008503dfad8,N1,exact,1,verified,
mkt_n1_p011_o0228,mkt_n1,MKT_JLPT_word-N1.pdf,mkt,N1,11,228,228,명사,noun,回顧,かいこ,회고,回顧,かいこ,,회고,word,1,,,new,1,verified,
mkt_n1_p011_o0229,mkt_n1,MKT_JLPT_word-N1.pdf,mkt,N1,11,229,229,명사,noun,会心,かいしん,"회심,만족스러움",会心,かいしん,,"회심,만족스러움",word,1,,,new,1,verified,
mkt_n1_p011_o0230,mkt_n1,MKT_JLPT_word-N1.pdf,mkt,N1,11,230,230,명사,noun,該当,がいとう,해당,該当,がいとう,,해당,word,1,w_3a7883a675ded548,N1,exact,1,verified,
mkt_n1_p011_o0231,mkt_n1,MKT_JLPT_word-N1.pdf,mkt,N1,11,231,231,명사,noun,概略,がいりゃく,개략,概略,がいりゃく,,개략,word,1,w_684ed022aa569bd5,N1,exact,1,verified,
mkt_n1_p011_o0232,mkt_n1,MKT_JLPT_word-N1.pdf,mkt,N1,11,232,232,명사,noun,核心,かくしん,핵심,核心,かくしん,,핵심,word,1,,,new,1,verified,
mkt_n1_p011_o0233,mkt_n1,MKT_JLPT_word-N1.pdf,mkt,N1,11,233,233,명사,noun,革新,かくしん,혁신,革新,かくしん,,혁신,word,1,w_7cf036bdfd23c68a,N1,exact,1,verified,
mkt_n1_p011_o0234,mkt_n1,MKT_JLPT_word-N1.pdf,mkt,N1,11,234,234,명사,noun,格段,かくだん,"현격함,차이가큼",格段,かくだん,,"현격함,차이가큼",word,1,,,new,1,verified,
mkt_n1_p011_o0235,mkt_n1,MKT_JLPT_word-N1.pdf,mkt,N1,11,235,235,명사,noun,過疎,かそ,"과소,지나치게드묾",過疎,かそ,,"과소,지나치게드묾",word,1,w_92a56edf104d549d,N1,exact,1,verified,
mkt_n1_p011_o0236,mkt_n1,MKT_JLPT_word-N1.pdf,mkt,N1,11,236,236,명사,noun,合致,がっち,"합치,일치",合致,がっち,,"합치,일치",word,1,w_346bfcd22325ae98,N1,exact,1,verified,
mkt_n1_p011_o0237,mkt_n1,MKT_JLPT_word-N1.pdf,mkt,N1,11,237,237,명사,noun,合併,がっぺい,합병,合併,がっぺい,,합병,word,1,w_199011952f3578f4,N1,exact,1,verified,
mkt_n1_p011_o0238,mkt_n1,MKT_JLPT_word-N1.pdf,mkt,N1,11,238,238,명사,noun,活躍,かつやく,활약,活躍,かつやく,,활약,word,1,w_17597d91e17b7a0f,N2,exact,1,verified,
mkt_n1_p011_o0239,mkt_n1,MKT_JLPT_word-N1.pdf,mkt,N1,11,239,239,명사,noun,稼働,かどう,가동,稼働,かどう,,가동,word,1,,,new,1,verified,
mkt_n1_p011_o0240,mkt_n1,MKT_JLPT_word-N1.pdf,mkt,N1,11,240,240,명사,noun,過密,かみつ,과밀,過密,かみつ,,과밀,word,1,w_71b242684959ddb6,N1,exact,1,verified,
mkt_n1_p011_o0241,mkt_n1,MKT_JLPT_word-N1.pdf,mkt,N1,11,241,241,명사,noun,歓迎,かんげい,환영,歓迎,かんげい,,환영,word,1,w_11f1f49399d0dc43,N3,exact,1,verified,
mkt_n1_p011_o0242,mkt_n1,MKT_JLPT_word-N1.pdf,mkt,N1,11,242,242,명사,noun,完結,かんけつ,완결,完結,かんけつ,,완결,word,1,,,new,1,verified,
mkt_n1_p011_o0243,mkt_n1,MKT_JLPT_word-N1.pdf,mkt,N1,11,243,243,명사,noun,還元,かんげん,환원,還元,かんげん,,환원,word,1,w_05999570d62f5255,N1,exact,1,verified,
mkt_n1_p011_o0244,mkt_n1,MKT_JLPT_word-N1.pdf,mkt,N1,11,244,244,명사,noun,感染,かんせん,감염,感染,かんせん,,감염,word,1,w_312ee35c9e605a75,N1,exact,1,verified,
mkt_n1_p011_o0245,mkt_n1,MKT_JLPT_word-N1.pdf,mkt,N1,11,245,245,명사,noun,勘違い,かんちがい,착각,勘違い,かんちがい,,착각,word,1,w_a194a199ac33ba67,N2,exact,1,verified,
mkt_n1_p011_o0246,mkt_n1,MKT_JLPT_word-N1.pdf,mkt,N1,11,246,246,명사,noun,鑑定,かんてい,감정(판정),鑑定,かんてい,,감정(판정),word,1,,,new,1,verified,
mkt_n1_p011_o0247,mkt_n1,MKT_JLPT_word-N1.pdf,mkt,N1,11,247,247,명사,noun,慣例,かんれい,관례,慣例,かんれい,,관례,word,1,w_23ce4ea144f00b0e,N1,exact,1,verified,
mkt_n1_p011_o0248,mkt_n1,MKT_JLPT_word-N1.pdf,mkt,N1,11,248,248,명사,noun,緩和,かんわ,완화,緩和,かんわ,,완화,word,1,w_05b282565b123366,N1,exact,1,verified,
mkt_n1_p011_o0249,mkt_n1,MKT_JLPT_word-N1.pdf,mkt,N1,11,249,249,명사,noun,記載,きさい,기재,記載,きさい,,기재,word,1,w_ebfc1a1f299d54f9,N1,exact,1,verified,
mkt_n1_p011_o0250,mkt_n1,MKT_JLPT_word-N1.pdf,mkt,N1,11,250,250,명사,noun,兆し,きざし,"조짐,징조",兆し,きざし,,"조짐,징조",word,1,,,new,1,verified,
mkt_n1_p011_o0251,mkt_n1,MKT_JLPT_word-N1.pdf,mkt,N1,11,251,251,명사,noun,儀式,ぎしき,의식,儀式,ぎしき,,의식,word,1,w_a28f5088afcbce42,N2,exact,1,verified,
mkt_n1_p011_o0252,mkt_n1,MKT_JLPT_word-N1.pdf,mkt,N1,11,252,252,명사,noun,偽造,ぎぞう,위조,偽造,ぎぞう,,위조,word,1,w_41cce0c47aecd27f,N1,exact,1,verified,
mkt_n1_p011_o0253,mkt_n1,MKT_JLPT_word-N1.pdf,mkt,N1,11,253,253,명사,noun,軌道,きどう,궤도,軌道,きどう,,궤도,word,1,w_901f77d9d5da56ba,N1,exact,1,verified,
mkt_n1_p011_o0254,mkt_n1,MKT_JLPT_word-N1.pdf,mkt,N1,11,254,254,명사,noun,起動,きどう,"기동,시동",起動,きどう,,"기동,시동",word,1,,,new,1,verified,
mkt_n1_p011_o0255,mkt_n1,MKT_JLPT_word-N1.pdf,mkt,N1,11,255,255,명사,noun,基盤,きばん,기반,基盤,きばん,,기반,word,1,w_26d6403bd2a72a0a,N2,exact,1,verified,
mkt_n1_p011_o0256,mkt_n1,MKT_JLPT_word-N1.pdf,mkt,N1,11,256,256,명사,noun,起伏,きふく,기복,起伏,きふく,,기복,word,1,w_b24972f11d138fe2,N1,exact,1,verified,
mkt_n1_p011_o0257,mkt_n1,MKT_JLPT_word-N1.pdf,mkt,N1,11,257,257,명사,noun,規模,きぼ,규모,規模,きぼ,,규모,word,1,w_ae827b2a3cf29980,N1,exact,1,verified,
mkt_n1_p011_o0258,mkt_n1,MKT_JLPT_word-N1.pdf,mkt,N1,11,258,258,명사,noun,脚本,きゃくほん,각본,脚本,きゃくほん,,각본,word,1,w_f60fbdbddbe284b0,N1,exact,1,verified,
mkt_n1_p011_o0259,mkt_n1,MKT_JLPT_word-N1.pdf,mkt,N1,11,259,259,명사,noun,救援,きゅうえん,구원,救援,きゅうえん,,구원,word,1,w_e3339a52f44e5f6e,N1,exact,1,verified,
mkt_n1_p012_o0260,mkt_n1,MKT_JLPT_word-N1.pdf,mkt,N1,12,260,260,명사,noun,究明,きゅうめい,"규명,밝혀냄",究明,きゅうめい,,"규명,밝혀냄",word,1,,,new,1,verified,
mkt_n1_p012_o0261,mkt_n1,MKT_JLPT_word-N1.pdf,mkt,N1,12,261,261,명사,noun,丘陵,きゅうりょう,"구릉,언덕",丘陵,きゅうりょう,,"구릉,언덕",word,1,,,new,1,verified,
mkt_n1_p012_o0262,mkt_n1,MKT_JLPT_word-N1.pdf,mkt,N1,12,262,262,명사,noun,寄与,きよ,기여,寄与,きよ,,기여,word,1,w_01c7eec9ac27394d,N1,exact,1,verified,
mkt_n1_p012_o0263,mkt_n1,MKT_JLPT_word-N1.pdf,mkt,N1,12,263,263,명사,noun,教訓,きょうくん,교훈,教訓,きょうくん,,교훈,word,1,w_50a29bf08ddd7b7f,N1,exact,1,verified,
mkt_n1_p012_o0264,mkt_n1,MKT_JLPT_word-N1.pdf,mkt,N1,12,264,264,명사,noun,享受,きょうじゅ,향유(누리는것),享受,きょうじゅ,,향유(누리는것),word,1,,,new,1,verified,
mkt_n1_p012_o0265,mkt_n1,MKT_JLPT_word-N1.pdf,mkt,N1,12,265,265,명사,noun,凝縮,ぎょうしゅく,응축,凝縮,ぎょうしゅく,,응축,word,1,,,new,1,verified,
mkt_n1_p012_o0266,mkt_n1,MKT_JLPT_word-N1.pdf,mkt,N1,12,266,266,명사,noun,仰天,ぎょうてん,"경악,몹시놀람",仰天,ぎょうてん,,"경악,몹시놀람",word,1,,,new,1,verified,
mkt_n1_p012_o0267,mkt_n1,MKT_JLPT_word-N1.pdf,mkt,N1,12,267,267,명사,noun,供与,きょうよ,"공여,제공",供与,きょうよ,,"공여,제공",word,1,,,new,1,verified,
mkt_n1_p012_o0268,mkt_n1,MKT_JLPT_word-N1.pdf,mkt,N1,12,268,268,명사,noun,郷里,きょうり,고향,郷里,きょうり,,고향,word,1,w_aeb563e90a390c2d,N1,exact,1,verified,
mkt_n1_p012_o0269,mkt_n1,MKT_JLPT_word-N1.pdf,mkt,N1,12,269,269,명사,noun,巨匠,きょしょう,거장,巨匠,きょしょう,,거장,word,1,,,new,1,verified,
mkt_n1_p012_o0270,mkt_n1,MKT_JLPT_word-N1.pdf,mkt,N1,12,270,270,명사,noun,近接,きんせつ,근접,近接,きんせつ,,근접,word,1,,,new,1,verified,
mkt_n1_p012_o0271,mkt_n1,MKT_JLPT_word-N1.pdf,mkt,N1,12,271,271,명사,noun,苦境,くきょう,곤경,苦境,くきょう,,곤경,word,1,,,new,1,verified,
mkt_n1_p012_o0272,mkt_n1,MKT_JLPT_word-N1.pdf,mkt,N1,12,272,272,명사,noun,駆使,くし,"구사,능숙하게사용함",駆使,くし,,"구사,능숙하게사용함",word,1,,,new,1,verified,
mkt_n1_p012_o0273,mkt_n1,MKT_JLPT_word-N1.pdf,mkt,N1,12,273,273,명사,noun,苦情,くじょう,"클레임,불만",苦情,くじょう,,"클레임,불만",word,1,w_a46e36484d77ba86,N2,exact,1,verified,
mkt_n1_p012_o0274,mkt_n1,MKT_JLPT_word-N1.pdf,mkt,N1,12,274,274,명사,noun,工面,くめん,자금마련,工面,くめん,,자금마련,word,1,,,new,1,verified,
mkt_n1_p012_o0275,mkt_n1,MKT_JLPT_word-N1.pdf,mkt,N1,12,275,275,명사,noun,暗闇,くらやみ,어둠,暗闇,くらやみ,,어둠,word,1,,,new,1,verified,
mkt_n1_p012_o0276,mkt_n1,MKT_JLPT_word-N1.pdf,mkt,N1,12,276,276,명사,noun,群衆,ぐんしゅう,군중,群衆,ぐんしゅう,,군중,word,1,w_66cb957a1da31bb7,N1,exact,1,verified,
mkt_n1_p012_o0277,mkt_n1,MKT_JLPT_word-N1.pdf,mkt,N1,12,277,277,명사,noun,傾斜,けいしゃ,"경사,기울기",傾斜,けいしゃ,,"경사,기울기",word,1,w_91023e2a255195d0,N1,exact,1,verified,
mkt_n1_p012_o0278,mkt_n1,MKT_JLPT_word-N1.pdf,mkt,N1,12,278,278,명사,noun,刑罰,けいばつ,형벌,刑罰,けいばつ,,형벌,word,1,w_7531c73d5a8f25ed,N1,exact,1,verified,
mkt_n1_p012_o0279,mkt_n1,MKT_JLPT_word-N1.pdf,mkt,N1,12,279,279,명사,noun,欠陥,けっかん,결함,欠陥,けっかん,,결함,word,1,w_85638b6e82329490,N3,exact,1,verified,
mkt_n1_p012_o0280,mkt_n1,MKT_JLPT_word-N1.pdf,mkt,N1,12,280,280,명사,noun,欠如,けつじょ,결여,欠如,けつじょ,,결여,word,1,,,new,1,verified,
mkt_n1_p012_o0281,mkt_n1,MKT_JLPT_word-N1.pdf,mkt,N1,12,281,281,명사,noun,結束,けっそく,결속,結束,けっそく,,결속,word,1,w_9d6549730dfcd4f7,N1,exact,1,verified,
mkt_n1_p012_o0282,mkt_n1,MKT_JLPT_word-N1.pdf,mkt,N1,12,282,282,명사,noun,気配,けはい,"기미,기색",気配,けはい,,"기미,기색",word,1,w_3abaccd86c46d2c2,N2,exact,1,verified,
mkt_n1_p012_o0283,mkt_n1,MKT_JLPT_word-N1.pdf,mkt,N1,12,283,283,명사,noun,権威,けんい,권위,権威,けんい,,권위,word,1,w_037ca03be8adf4d5,N1,exact,1,verified,
mkt_n1_p012_o0284,mkt_n1,MKT_JLPT_word-N1.pdf,mkt,N1,12,284,284,명사,noun,嫌悪感,けんおかん,혐오감,嫌悪感,けんおかん,,혐오감,word,1,,,new,1,verified,
mkt_n1_p012_o0285,mkt_n1,MKT_JLPT_word-N1.pdf,mkt,N1,12,285,285,명사,noun,後援,こうえん,후원,後援,こうえん,,후원,word,1,,,new,1,verified,
mkt_n1_p012_o0286,mkt_n1,MKT_JLPT_word-N1.pdf,mkt,N1,12,286,286,명사,noun,航海,こうかい,항해,航海,こうかい,,항해,word,1,w_0a8a1183792dea1e,N3,exact,1,verified,
mkt_n1_p012_o0287,mkt_n1,MKT_JLPT_word-N1.pdf,mkt,N1,12,287,287,명사,noun,抗議,こうぎ,항의,抗議,こうぎ,,항의,word,1,w_f5b6e76824842fac,N1,exact,1,verified,
mkt_n1_p012_o0288,mkt_n1,MKT_JLPT_word-N1.pdf,mkt,N1,12,288,288,명사,noun,貢献,こうけん,공헌,貢献,こうけん,,공헌,word,1,w_0fa622d6d0b24047,N3,exact,1,verified,
mkt_n1_p012_o0289,mkt_n1,MKT_JLPT_word-N1.pdf,mkt,N1,12,289,289,명사,noun,交渉,こうしょう,협상,交渉,こうしょう,,협상,word,1,w_4f9b62e5e17e6111,N1,exact,1,verified,
mkt_n1_p012_o0290,mkt_n1,MKT_JLPT_word-N1.pdf,mkt,N1,12,290,290,명사,noun,高低,こうてい,"고저,높낮이",高低,こうてい,,"고저,높낮이",word,1,,,new,1,verified,
mkt_n1_p012_o0291,mkt_n1,MKT_JLPT_word-N1.pdf,mkt,N1,12,291,291,명사,noun,購読,こうどく,구독,購読,こうどく,,구독,word,1,w_88b3ddedefd83793,N1,exact,1,verified,
mkt_n1_p013_o0292,mkt_n1,MKT_JLPT_word-N1.pdf,mkt,N1,13,292,292,명사,noun,興奮,こうふん,흥분,興奮,こうふん,,흥분,word,1,w_9ea41baa9565a8b4,N3,exact,1,verified,
mkt_n1_p013_o0293,mkt_n1,MKT_JLPT_word-N1.pdf,mkt,N1,13,293,293,명사,noun,互角,ごかく,"호각,백중세",互角,ごかく,,"호각,백중세",word,1,,,new,1,verified,
mkt_n1_p013_o0294,mkt_n1,MKT_JLPT_word-N1.pdf,mkt,N1,13,294,294,명사,noun,心構え,こころがまえ,마음가짐,心構え,こころがまえ,,마음가짐,word,1,,,new,1,verified,
mkt_n1_p013_o0295,mkt_n1,MKT_JLPT_word-N1.pdf,mkt,N1,13,295,295,명사,noun,誤差,ごさ,오차,誤差,ごさ,,오차,word,1,w_84e3e505fcaa6be9,N1,exact,1,verified,
mkt_n1_p013_o0296,mkt_n1,MKT_JLPT_word-N1.pdf,mkt,N1,13,296,296,명사,noun,誇張,こちょう,과장,誇張,こちょう,,과장,word,1,w_a9a24bca57b28307,N1,exact,1,verified,
mkt_n1_p013_o0297,mkt_n1,MKT_JLPT_word-N1.pdf,mkt,N1,13,297,297,명사,noun,孤立,こりつ,고립,孤立,こりつ,,고립,word,1,w_9ed4fda34106f987,N1,exact,1,verified,
mkt_n1_p013_o0298,mkt_n1,MKT_JLPT_word-N1.pdf,mkt,N1,13,298,298,명사,noun,根拠,こんきょ,근거,根拠,こんきょ,,근거,word,1,w_b0415a5ea0770708,N1,exact,1,verified,
mkt_n1_p013_o0299,mkt_n1,MKT_JLPT_word-N1.pdf,mkt,N1,13,299,299,명사,noun,根源,こんげん,근원,根源,こんげん,,근원,word,1,,,new,1,verified,
mkt_n1_p013_o0300,mkt_n1,MKT_JLPT_word-N1.pdf,mkt,N1,13,300,300,명사,noun,献立,こんだて,"식단,메뉴",献立,こんだて,,"식단,메뉴",word,1,w_5169a0708cfcf7c6,N2,exact,1,verified,
mkt_n1_p013_o0301,mkt_n1,MKT_JLPT_word-N1.pdf,mkt,N1,13,301,301,명사,noun,在庫,ざいこ,재고,在庫,ざいこ,,재고,word,1,w_fd33c4baabec3e0f,N1,exact,1,verified,
mkt_n1_p013_o0302,mkt_n1,MKT_JLPT_word-N1.pdf,mkt,N1,13,302,302,명사,noun,採算,さいさん,채산,採算,さいさん,,채산,word,1,w_d067a8c5d51ff327,N1,exact,1,verified,
mkt_n1_p013_o0303,mkt_n1,MKT_JLPT_word-N1.pdf,mkt,N1,13,303,303,명사,noun,採取,さいしゅ,채취,採取,さいしゅ,,채취,word,1,,,new,1,verified,
mkt_n1_p013_o0304,mkt_n1,MKT_JLPT_word-N1.pdf,mkt,N1,13,304,304,명사,noun,細心,さいしん,"세심함,빈틈이없음",細心,さいしん,,"세심함,빈틈이없음",word,1,,,new,1,verified,
mkt_n1_p013_o0305,mkt_n1,MKT_JLPT_word-N1.pdf,mkt,N1,13,305,305,명사,noun,催促,さいそく,재촉,催促,さいそく,,재촉,word,1,w_9ae67da3aa5ed86c,N2,exact,1,verified,
mkt_n1_p013_o0306,mkt_n1,MKT_JLPT_word-N1.pdf,mkt,N1,13,306,306,명사,noun,栽培,さいばい,재배,栽培,さいばい,,재배,word,1,w_7dfb0eaaa0b0e7a6,N1,exact,1,verified,
mkt_n1_p013_o0307,mkt_n1,MKT_JLPT_word-N1.pdf,mkt,N1,13,307,307,명사,noun,錯誤,さくご,착오,錯誤,さくご,,착오,word,1,w_320513837bec4253,N1,exact,1,verified,
mkt_n1_p013_o0308,mkt_n1,MKT_JLPT_word-N1.pdf,mkt,N1,13,308,308,명사,noun,錯覚,さっかく,착각,錯覚,さっかく,,착각,word,1,,,new,1,verified,
mkt_n1_p013_o0309,mkt_n1,MKT_JLPT_word-N1.pdf,mkt,N1,13,309,309,명사,noun,殺菌,さっきん,살균,殺菌,さっきん,,살균,word,1,,,new,1,verified,
mkt_n1_p013_o0310,mkt_n1,MKT_JLPT_word-N1.pdf,mkt,N1,13,310,310,명사,noun,察知,さっち,"감지,탐지",察知,さっち,,"감지,탐지",word,1,,,new,1,verified,
mkt_n1_p013_o0311,mkt_n1,MKT_JLPT_word-N1.pdf,mkt,N1,13,311,311,명사,noun,殺到,さっとう,쇄도(세차게몰려듦),殺到,さっとう,,쇄도(세차게몰려듦),word,1,,,new,1,verified,
mkt_n1_p013_o0312,mkt_n1,MKT_JLPT_word-N1.pdf,mkt,N1,13,312,312,명사,noun,雑踏,ざっとう,혼잡,雑踏,ざっとう,,혼잡,word,1,,,new,1,verified,
mkt_n1_p013_o0313,mkt_n1,MKT_JLPT_word-N1.pdf,mkt,N1,13,313,313,명사,noun,砂糖,さとう,설탕,砂糖,さとう,,설탕,word,1,w_5884632f18401631,N5,exact,1,verified,
mkt_n1_p013_o0314,mkt_n1,MKT_JLPT_word-N1.pdf,mkt,N1,13,314,314,명사,noun,砂漠,さばく,사막,砂漠,さばく,,사막,word,1,w_0ea8dfdcbc65e1d8,N3,exact,1,verified,
mkt_n1_p013_o0315,mkt_n1,MKT_JLPT_word-N1.pdf,mkt,N1,13,315,315,명사,noun,山岳,さんがく,산악,山岳,さんがく,,산악,word,1,w_73b7fb9657f81e3e,N1,exact,1,verified,
mkt_n1_p013_o0316,mkt_n1,MKT_JLPT_word-N1.pdf,mkt,N1,13,316,316,명사,noun,飼育,しいく,사육,飼育,しいく,,사육,word,1,w_5868b17b4107a9a4,N1,exact,1,verified,
mkt_n1_p013_o0317,mkt_n1,MKT_JLPT_word-N1.pdf,mkt,N1,13,317,317,명사,noun,支援,しえん,지원,支援,しえん,,지원,word,1,,,new,1,verified,
mkt_n1_p013_o0318,mkt_n1,MKT_JLPT_word-N1.pdf,mkt,N1,13,318,318,명사,noun,色彩,しきさい,색채,色彩,しきさい,,색채,word,1,w_129c99829b6f7263,N1,exact,1,verified,
mkt_n1_p013_o0319,mkt_n1,MKT_JLPT_word-N1.pdf,mkt,N1,13,319,319,명사,noun,仕組み,しくみ,"구조,원리",仕組み,しくみ,,"구조,원리",word,1,,,new,1,verified,
mkt_n1_p013_o0320,mkt_n1,MKT_JLPT_word-N1.pdf,mkt,N1,13,320,320,명사,noun,刺激,しげき,자극,刺激,しげき,,자극,word,1,w_ca953bed102a78e0,N3,exact,1,verified,
mkt_n1_p013_o0321,mkt_n1,MKT_JLPT_word-N1.pdf,mkt,N1,13,321,321,명사,noun,自粛,じしゅく,"자숙,자제",自粛,じしゅく,,"자숙,자제",word,1,,,new,1,verified,
mkt_n1_p014_o0322,mkt_n1,MKT_JLPT_word-N1.pdf,mkt,N1,14,322,322,명사,noun,支障,ししょう,지장,支障,ししょう,,지장,word,1,,,new,1,verified,
mkt_n1_p014_o0323,mkt_n1,MKT_JLPT_word-N1.pdf,mkt,N1,14,323,323,명사,noun,姿勢,しせい,자세,姿勢,しせい,,자세,word,1,w_7f34a8de8756e33b,N2,exact,1,verified,
mkt_n1_p014_o0324,mkt_n1,MKT_JLPT_word-N1.pdf,mkt,N1,14,324,324,명사,noun,自尊心,じそんしん,자존심,自尊心,じそんしん,,자존심,word,1,w_054c4f57910a56ed,N1,exact,1,verified,
mkt_n1_p014_o0325,mkt_n1,MKT_JLPT_word-N1.pdf,mkt,N1,14,325,325,명사,noun,実権,じっけん,실권,実権,じっけん,,실권,word,1,,,new,1,verified,
mkt_n1_p014_o0326,mkt_n1,MKT_JLPT_word-N1.pdf,mkt,N1,14,326,326,명사,noun,実情,じつじょう,"실정,실제사정",実情,じつじょう,,"실정,실제사정",word,1,,,new,1,verified,
mkt_n1_p014_o0327,mkt_n1,MKT_JLPT_word-N1.pdf,mkt,N1,14,327,327,명사,noun,実態,じったい,실태,実態,じったい,,실태,word,1,w_4605d40f0a8908b3,N1,exact,1,verified,
mkt_n1_p014_o0328,mkt_n1,MKT_JLPT_word-N1.pdf,mkt,N1,14,328,328,명사,noun,実費,じっぴ,실비(실제비용),実費,じっぴ,,실비(실제비용),word,1,w_64fe9e4fa932a88e,N1,exact,1,verified,
mkt_n1_p014_o0329,mkt_n1,MKT_JLPT_word-N1.pdf,mkt,N1,14,329,329,명사,noun,執筆,しっぴつ,집필,執筆,しっぴつ,,집필,word,1,w_640bd7cd344f9876,N2,exact,1,verified,
mkt_n1_p014_o0330,mkt_n1,MKT_JLPT_word-N1.pdf,mkt,N1,14,330,330,명사,noun,紙幣,しへい,지폐,紙幣,しへい,,지폐,word,1,w_d6d9b20dd65a6320,N2,exact,1,verified,
mkt_n1_p014_o0331,mkt_n1,MKT_JLPT_word-N1.pdf,mkt,N1,14,331,331,명사,noun,志望,しぼう,지망,志望,しぼう,,지망,word,1,,,new,1,verified,
mkt_n1_p014_o0332,mkt_n1,MKT_JLPT_word-N1.pdf,mkt,N1,14,332,332,명사,noun,釈明,しゃくめい,"석명,해명",釈明,しゃくめい,,"석명,해명",word,1,,,new,1,verified,
mkt_n1_p014_o0333,mkt_n1,MKT_JLPT_word-N1.pdf,mkt,N1,14,333,333,명사,noun,遮断,しゃだん,차단,遮断,しゃだん,,차단,word,1,,,new,1,verified,
mkt_n1_p014_o0334,mkt_n1,MKT_JLPT_word-N1.pdf,mkt,N1,14,334,334,명사,noun,収穫,しゅうかく,수확,収穫,しゅうかく,,수확,word,1,w_0a26d2d517964369,N3,exact,1,verified,
mkt_n1_p014_o0335,mkt_n1,MKT_JLPT_word-N1.pdf,mkt,N1,14,335,335,명사,noun,修飾,しゅうしょく,수식,修飾,しゅうしょく,,수식,word,1,,,new,1,verified,
mkt_n1_p014_o0336,mkt_n1,MKT_JLPT_word-N1.pdf,mkt,N1,14,336,336,명사,noun,収束,しゅうそく,"수습,해결",収束,しゅうそく,,"수습,해결",word,1,,,new,1,verified,
mkt_n1_p014_o0337,mkt_n1,MKT_JLPT_word-N1.pdf,mkt,N1,14,337,337,명사,noun,従属,じゅうぞく,종속,従属,じゅうぞく,,종속,word,1,,,new,1,verified,
mkt_n1_p014_o0338,mkt_n1,MKT_JLPT_word-N1.pdf,mkt,N1,14,338,338,명사,noun,渋滞,じゅうたい,정체(흐름이밀림),渋滞,じゅうたい,,정체(흐름이밀림),word,1,w_d2f22c5acd908d61,N3,exact,1,verified,
mkt_n1_p014_o0339,mkt_n1,MKT_JLPT_word-N1.pdf,mkt,N1,14,339,339,명사,noun,修復,しゅうふく,"수복,복원",修復,しゅうふく,,"수복,복원",word,1,,,new,1,verified,
mkt_n1_p014_o0340,mkt_n1,MKT_JLPT_word-N1.pdf,mkt,N1,14,340,340,명사,noun,従来,じゅうらい,"종래,기존",従来,じゅうらい,,"종래,기존",word,1,w_2b4e759c7a58699b,N1,exact,1,verified,
mkt_n1_p014_o0341,mkt_n1,MKT_JLPT_word-N1.pdf,mkt,N1,14,341,341,명사,noun,主催,しゅさい,주최,主催,しゅさい,,주최,word,1,w_e7c13fa84d6f88e7,N1,exact,1,verified,
mkt_n1_p014_o0342,mkt_n1,MKT_JLPT_word-N1.pdf,mkt,N1,14,342,342,명사,noun,趣旨,しゅし,취지,趣旨,しゅし,,취지,word,1,w_2a3a6054d316df14,N1,exact,1,verified,
mkt_n1_p014_o0343,mkt_n1,MKT_JLPT_word-N1.pdf,mkt,N1,14,343,343,명사,noun,受賞,じゅしょう,수상,受賞,じゅしょう,,수상,word,1,,,new,1,verified,
mkt_n1_p014_o0344,mkt_n1,MKT_JLPT_word-N1.pdf,mkt,N1,14,344,344,명사,noun,出没,しゅつぼつ,출몰,出没,しゅつぼつ,,출몰,word,1,,,new,1,verified,
mkt_n1_p014_o0345,mkt_n1,MKT_JLPT_word-N1.pdf,mkt,N1,14,345,345,명사,noun,樹木,じゅもく,수목(큰나무),樹木,じゅもく,,수목(큰나무),word,1,w_746d61e272b8cc2f,N1,exact,1,verified,
mkt_n1_p014_o0346,mkt_n1,MKT_JLPT_word-N1.pdf,mkt,N1,14,346,346,명사,noun,需要,じゅよう,수요,需要,じゅよう,,수요,word,1,w_ee9668e7c0658d9a,N3,exact,1,verified,
mkt_n1_p014_o0347,mkt_n1,MKT_JLPT_word-N1.pdf,mkt,N1,14,347,347,명사,noun,順応,じゅんのう,순응,順応,じゅんのう,,순응,word,1,,,new,1,verified,
mkt_n1_p014_o0348,mkt_n1,MKT_JLPT_word-N1.pdf,mkt,N1,14,348,348,명사,noun,照会,しょうかい,"조회,확인",照会,しょうかい,,"조회,확인",word,1,,,new,1,verified,
mkt_n1_p014_o0349,mkt_n1,MKT_JLPT_word-N1.pdf,mkt,N1,14,349,349,명사,noun,衝撃,しょうげき,충격,衝撃,しょうげき,,충격,word,1,w_56600a8bf111585c,N1,exact,1,verified,
mkt_n1_p014_o0350,mkt_n1,MKT_JLPT_word-N1.pdf,mkt,N1,14,350,350,명사,noun,証拠,しょうこ,증거,証拠,しょうこ,,증거,word,1,w_601703d4df132335,N1,exact,1,verified,
mkt_n1_p014_o0351,mkt_n1,MKT_JLPT_word-N1.pdf,mkt,N1,14,351,351,명사,noun,承諾,しょうだく,승낙,承諾,しょうだく,,승낙,word,1,w_a81ea882a8fe4907,N1,exact,1,verified,
mkt_n1_p014_o0352,mkt_n1,MKT_JLPT_word-N1.pdf,mkt,N1,14,352,352,명사,noun,冗談,じょうだん,농담,冗談,じょうだん,,농담,word,1,w_65ab13464b5f46d9,N3,exact,1,verified,
mkt_n1_p014_o0353,mkt_n1,MKT_JLPT_word-N1.pdf,mkt,N1,14,353,353,명사,noun,承認,しょうにん,승인,承認,しょうにん,,승인,word,1,w_aed729d5925e07cf,N3,exact,1,verified,
mkt_n1_p015_o0354,mkt_n1,MKT_JLPT_word-N1.pdf,mkt,N1,15,354,354,명사,noun,蒸発,じょうはつ,증발,蒸発,じょうはつ,,증발,word,1,w_400c2203fe6fbac8,N2,exact,1,verified,
mkt_n1_p015_o0355,mkt_n1,MKT_JLPT_word-N1.pdf,mkt,N1,15,355,355,명사,noun,奨励,しょうれい,장려,奨励,しょうれい,,장려,word,1,w_08ad766df7e897f7,N1,exact,1,verified,
mkt_n1_p015_o0356,mkt_n1,MKT_JLPT_word-N1.pdf,mkt,N1,15,356,356,명사,noun,触発,しょくはつ,촉발,触発,しょくはつ,,촉발,word,1,,,new,1,verified,
mkt_n1_p015_o0357,mkt_n1,MKT_JLPT_word-N1.pdf,mkt,N1,15,357,357,명사,noun,処置,しょち,"처치,조치",処置,しょち,,"처치,조치",word,1,w_5cc6e6d8ca6204c4,N1,exact,1,verified,
mkt_n1_p015_o0358,mkt_n1,MKT_JLPT_word-N1.pdf,mkt,N1,15,358,358,명사,noun,署名,しょめい,서명,署名,しょめい,,서명,word,1,w_fadcbec286367d67,N3,exact,1,verified,
mkt_n1_p015_o0359,mkt_n1,MKT_JLPT_word-N1.pdf,mkt,N1,15,359,359,명사,noun,親善,しんぜん,친선,親善,しんぜん,,친선,word,1,w_acce595e71cf2dca,N1,exact,1,verified,
mkt_n1_p015_o0360,mkt_n1,MKT_JLPT_word-N1.pdf,mkt,N1,15,360,360,명사,noun,進呈,しんてい,증정,進呈,しんてい,,증정,word,1,w_44938819516246ad,N1,exact,1,verified,
mkt_n1_p015_o0361,mkt_n1,MKT_JLPT_word-N1.pdf,mkt,N1,15,361,361,명사,noun,辛抱,しんぼう,인내,辛抱,しんぼう,,인내,word,1,w_75252b005a217653,N1,exact,1,verified,
mkt_n1_p015_o0362,mkt_n1,MKT_JLPT_word-N1.pdf,mkt,N1,15,362,362,명사,noun,人脈,じんみゃく,인맥,人脈,じんみゃく,,인맥,word,1,,,new,1,verified,
mkt_n1_p015_o0363,mkt_n1,MKT_JLPT_word-N1.pdf,mkt,N1,15,363,363,명사,noun,遂行,すいこう,"수행,완수",遂行,すいこう,,"수행,완수",word,1,,,new,1,verified,
mkt_n1_p015_o0364,mkt_n1,MKT_JLPT_word-N1.pdf,mkt,N1,15,364,364,명사,noun,衰退,すいたい,쇠퇴,衰退,すいたい,,쇠퇴,word,1,,,new,1,verified,
mkt_n1_p015_o0365,mkt_n1,MKT_JLPT_word-N1.pdf,mkt,N1,15,365,365,명사,noun,推理,すいり,추리,推理,すいり,,추리,word,1,w_1e6e7ae89f707cef,N1,exact,1,verified,
mkt_n1_p015_o0366,mkt_n1,MKT_JLPT_word-N1.pdf,mkt,N1,15,366,366,명사,noun,術,すべ,방법,術,すべ,,방법,word,1,,,new,1,verified,
mkt_n1_p015_o0367,mkt_n1,MKT_JLPT_word-N1.pdf,mkt,N1,15,367,367,명사,noun,摂取,せっしゅ,섭취,摂取,せっしゅ,,섭취,word,1,,,new,1,verified,
mkt_n1_p015_o0368,mkt_n1,MKT_JLPT_word-N1.pdf,mkt,N1,15,368,368,명사,noun,選出,せんしゅつ,선출,選出,せんしゅつ,,선출,word,1,,,new,1,verified,
mkt_n1_p015_o0369,mkt_n1,MKT_JLPT_word-N1.pdf,mkt,N1,15,369,369,명사,noun,先方,せんぽう,"상대,상대방",先方,せんぽう,,"상대,상대방",word,1,,,new,1,verified,
mkt_n1_p015_o0370,mkt_n1,MKT_JLPT_word-N1.pdf,mkt,N1,15,370,370,명사,noun,全滅,ぜんめつ,전멸,全滅,ぜんめつ,,전멸,word,1,w_f3bbda306fceda3b,N1,exact,1,verified,
mkt_n1_p015_o0371,mkt_n1,MKT_JLPT_word-N1.pdf,mkt,N1,15,371,371,명사,noun,装飾,そうしょく,장식,装飾,そうしょく,,장식,word,1,w_dbcd993169cb8e2e,N1,exact,1,verified,
mkt_n1_p015_o0372,mkt_n1,MKT_JLPT_word-N1.pdf,mkt,N1,15,372,372,명사,noun,相場,そうば,"시세,가격의추세",相場,そうば,,"시세,가격의추세",word,1,w_a37bf2cffefcfe7b,N1,exact,1,verified,
mkt_n1_p015_o0373,mkt_n1,MKT_JLPT_word-N1.pdf,mkt,N1,15,373,373,명사,noun,束縛,そくばく,속박,束縛,そくばく,,속박,word,1,w_58223d6e37dec2ed,N1,exact,1,verified,
mkt_n1_p015_o0374,mkt_n1,MKT_JLPT_word-N1.pdf,mkt,N1,15,374,374,명사,noun,素質,そしつ,소질,素質,そしつ,,소질,word,1,w_3fae200701716fb5,N2,exact,1,verified,
mkt_n1_p015_o0375,mkt_n1,MKT_JLPT_word-N1.pdf,mkt,N1,15,375,375,명사,noun,素振り,そぶり,"거동,기색",素振り,そぶり,,"거동,기색",word,1,,,new,1,verified,
mkt_n1_p015_o0376,mkt_n1,MKT_JLPT_word-N1.pdf,mkt,N1,15,376,376,명사,noun,大家,たいか,"대가,권위자",大家,たいか,,"대가,권위자",word,1,w_79d11ae0be796aab,N1,exact,1,verified,
mkt_n1_p015_o0377,mkt_n1,MKT_JLPT_word-N1.pdf,mkt,N1,15,377,377,명사,noun,対比,たいひ,대비,対比,たいひ,,대비,word,1,w_118291cb3fcc9c6f,N1,exact,1,verified,
mkt_n1_p015_o0378,mkt_n1,MKT_JLPT_word-N1.pdf,mkt,N1,15,378,378,명사,noun,対面,たいめん,대면,対面,たいめん,,대면,word,1,w_89205f43b005d082,N1,exact,1,verified,
mkt_n1_p015_o0379,mkt_n1,MKT_JLPT_word-N1.pdf,mkt,N1,15,379,379,명사,noun,打開,だかい,타개,打開,だかい,,타개,word,1,w_042062561151aeba,N1,exact,1,verified,
mkt_n1_p015_o0380,mkt_n1,MKT_JLPT_word-N1.pdf,mkt,N1,15,380,380,명사,noun,多岐,たき,"다기,다방면",多岐,たき,,"다기,다방면",word,1,,,new,1,verified,
mkt_n1_p015_o0381,mkt_n1,MKT_JLPT_word-N1.pdf,mkt,N1,15,381,381,명사,noun,妥協,だきょう,타협,妥協,だきょう,,타협,word,1,w_118b3f4494df255e,N1,exact,1,verified,
mkt_n1_p015_o0382,mkt_n1,MKT_JLPT_word-N1.pdf,mkt,N1,15,382,382,명사,noun,魂,たましい,영혼,魂,たましい,,영혼,word,1,w_dfcae20b38b4ffcf,N1,exact,1,verified,
mkt_n1_p015_o0383,mkt_n1,MKT_JLPT_word-N1.pdf,mkt,N1,15,383,383,명사,noun,探知,たんち,탐지,探知,たんち,,탐지,word,1,,,new,1,verified,
mkt_n1_p016_o0384,mkt_n1,MKT_JLPT_word-N1.pdf,mkt,N1,16,384,384,명사,noun,断念,だんねん,단념,断念,だんねん,,단념,word,1,,,new,1,verified,
mkt_n1_p016_o0385,mkt_n1,MKT_JLPT_word-N1.pdf,mkt,N1,16,385,385,명사,noun,蓄積,ちくせき,축적,蓄積,ちくせき,,축적,word,1,w_00bbf79660ad978b,N1,exact,1,verified,
mkt_n1_p016_o0386,mkt_n1,MKT_JLPT_word-N1.pdf,mkt,N1,16,386,386,명사,noun,中枢,ちゅうすう,"중추,핵심",中枢,ちゅうすう,,"중추,핵심",word,1,w_e5103ac8a6c98798,N1,exact,1,verified,
mkt_n1_p016_o0387,mkt_n1,MKT_JLPT_word-N1.pdf,mkt,N1,16,387,387,명사,noun,抽選,ちゅうせん,추첨,抽選,ちゅうせん,,추첨,word,1,w_74ec49364a6d926f,N1,exact,1,verified,
mkt_n1_p016_o0388,mkt_n1,MKT_JLPT_word-N1.pdf,mkt,N1,16,388,388,명사,noun,重宝,ちょうほう,애용,重宝,ちょうほう,,애용,word,1,w_9230feb8615094e1,N1,exact,1,verified,
mkt_n1_p016_o0389,mkt_n1,MKT_JLPT_word-N1.pdf,mkt,N1,16,389,389,명사,noun,陳列,ちんれつ,진열,陳列,ちんれつ,,진열,word,1,w_c6ffb0ec0e427932,N1,exact,1,verified,
mkt_n1_p016_o0390,mkt_n1,MKT_JLPT_word-N1.pdf,mkt,N1,16,390,390,명사,noun,痛感,つうかん,통감,痛感,つうかん,,통감,word,1,w_4c73d3318b00a1d2,N1,exact,1,verified,
mkt_n1_p016_o0391,mkt_n1,MKT_JLPT_word-N1.pdf,mkt,N1,16,391,391,명사,noun,提起,ていき,제기,提起,ていき,,제기,word,1,,,new,1,verified,
mkt_n1_p016_o0392,mkt_n1,MKT_JLPT_word-N1.pdf,mkt,N1,16,392,392,명사,noun,停滞,ていたい,"정체,진행이더딤",停滞,ていたい,,"정체,진행이더딤",word,1,w_9a44afd8087c75f0,N1,exact,1,verified,
mkt_n1_p016_o0393,mkt_n1,MKT_JLPT_word-N1.pdf,mkt,N1,16,393,393,명사,noun,手際,てぎわ,"일처리솜씨,수완",手際,てぎわ,,"일처리솜씨,수완",word,1,w_2aa26c83fc7cbe5c,N1,exact,1,verified,
mkt_n1_p016_o0394,mkt_n1,MKT_JLPT_word-N1.pdf,mkt,N1,16,394,394,명사,noun,手間,てま,수고,手間,てま,,수고,word,1,,,new,1,verified,
mkt_n1_p016_o0395,mkt_n1,MKT_JLPT_word-N1.pdf,mkt,N1,16,395,395,명사,noun,手分け,てわけ,분담,手分け,てわけ,,분담,word,1,w_552f28c71c990cc0,N1,exact,1,verified,
mkt_n1_p016_o0396,mkt_n1,MKT_JLPT_word-N1.pdf,mkt,N1,16,396,396,명사,noun,展開,てんかい,전개,展開,てんかい,,전개,word,1,w_3f8e851da28e5142,N2,exact,1,verified,
mkt_n1_p016_o0397,mkt_n1,MKT_JLPT_word-N1.pdf,mkt,N1,16,397,397,명사,noun,転換,てんかん,전환,転換,てんかん,,전환,word,1,w_53edf6a50ec3ead0,N1,exact,1,verified,
mkt_n1_p016_o0398,mkt_n1,MKT_JLPT_word-N1.pdf,mkt,N1,16,398,398,명사,noun,添付,てんぷ,첨부,添付,てんぷ,,첨부,word,1,,,new,1,verified,
mkt_n1_p016_o0399,mkt_n1,MKT_JLPT_word-N1.pdf,mkt,N1,16,399,399,명사,noun,踏襲,とうしゅう,답습,踏襲,とうしゅう,,답습,word,1,,,new,1,verified,
mkt_n1_p016_o0400,mkt_n1,MKT_JLPT_word-N1.pdf,mkt,N1,16,400,400,명사,noun,同調,どうちょう,동조,同調,どうちょう,,동조,word,1,w_18cc307de3cc1e14,N1,exact,1,verified,
mkt_n1_p016_o0401,mkt_n1,MKT_JLPT_word-N1.pdf,mkt,N1,16,401,401,명사,noun,同伴,どうはん,동반,同伴,どうはん,,동반,word,1,,,new,1,verified,
mkt_n1_p016_o0402,mkt_n1,MKT_JLPT_word-N1.pdf,mkt,N1,16,402,402,명사,noun,当面,とうめん,"당면,당분간",当面,とうめん,,"당면,당분간",word,1,,,new,1,verified,
mkt_n1_p016_o0403,mkt_n1,MKT_JLPT_word-N1.pdf,mkt,N1,16,403,403,명사,noun,督促,とくそく,독촉,督促,とくそく,,독촉,word,1,,,new,1,verified,
mkt_n1_p016_o0404,mkt_n1,MKT_JLPT_word-N1.pdf,mkt,N1,16,404,404,명사,noun,難点,なんてん,곤란한점,難点,なんてん,,곤란한점,word,1,,,new,1,verified,
mkt_n1_p016_o0405,mkt_n1,MKT_JLPT_word-N1.pdf,mkt,N1,16,405,405,명사,noun,日夜,にちや,"밤낮,늘",日夜,にちや,,"밤낮,늘",word,1,w_ec18c8a504eb5bf0,N1,exact,1,verified,
mkt_n1_p016_o0406,mkt_n1,MKT_JLPT_word-N1.pdf,mkt,N1,16,406,406,명사,noun,念願,ねんがん,염원,念願,ねんがん,,염원,word,1,w_9562835ed9bbb5d8,N1,exact,1,verified,
mkt_n1_p016_o0407,mkt_n1,MKT_JLPT_word-N1.pdf,mkt,N1,16,407,407,명사,noun,念頭,ねんとう,"염두,마음속",念頭,ねんとう,,"염두,마음속",word,1,,,new,1,verified,
mkt_n1_p016_o0408,mkt_n1,MKT_JLPT_word-N1.pdf,mkt,N1,16,408,408,명사,noun,把握,はあく,파악,把握,はあく,,파악,word,1,w_7d2dc2d277bc090f,N1,exact,1,verified,
mkt_n1_p016_o0409,mkt_n1,MKT_JLPT_word-N1.pdf,mkt,N1,16,409,409,명사,noun,配属,はいぞく,배속,配属,はいぞく,,배속,word,1,,,new,1,verified,
mkt_n1_p016_o0410,mkt_n1,MKT_JLPT_word-N1.pdf,mkt,N1,16,410,410,명사,noun,波及,はきゅう,파급,波及,はきゅう,,파급,word,1,,,new,1,verified,
mkt_n1_p016_o0411,mkt_n1,MKT_JLPT_word-N1.pdf,mkt,N1,16,411,411,명사,noun,暴露,ばくろ,폭로,暴露,ばくろ,,폭로,word,1,w_78dccf1c079556e1,N1,exact,1,verified,
mkt_n1_p016_o0412,mkt_n1,MKT_JLPT_word-N1.pdf,mkt,N1,16,412,412,명사,noun,破損,はそん,파손,破損,はそん,,파손,word,1,w_c65c62bc48b38e99,N1,exact,1,verified,
mkt_n1_p017_o0413,mkt_n1,MKT_JLPT_word-N1.pdf,mkt,N1,17,413,413,명사,noun,発掘,はっくつ,발굴,発掘,はっくつ,,발굴,word,1,w_3bf9f7fdc42a8c1f,N1,exact,1,verified,
mkt_n1_p017_o0414,mkt_n1,MKT_JLPT_word-N1.pdf,mkt,N1,17,414,414,명사,noun,抜群,ばつぐん,"발군,매우뛰어남",抜群,ばつぐん,,"발군,매우뛰어남",word,1,,,new,1,verified,
mkt_n1_p017_o0415,mkt_n1,MKT_JLPT_word-N1.pdf,mkt,N1,17,415,415,명사,noun,抜粋,ばっすい,발췌,抜粋,ばっすい,,발췌,word,1,,,new,1,verified,
mkt_n1_p017_o0416,mkt_n1,MKT_JLPT_word-N1.pdf,mkt,N1,17,416,416,명사,noun,繁盛,はんじょう,번창,繁盛,はんじょう,,번창,word,1,,,new,1,verified,
mkt_n1_p017_o0417,mkt_n1,MKT_JLPT_word-N1.pdf,mkt,N1,17,417,417,명사,noun,判別,はんべつ,판별,判別,はんべつ,,판별,word,1,,,new,1,verified,
mkt_n1_p017_o0418,mkt_n1,MKT_JLPT_word-N1.pdf,mkt,N1,17,418,418,명사,noun,人込み,ひとごみ,"혼잡,북새통",人込み,ひとごみ,,"혼잡,북새통",word,1,,,new,1,verified,
mkt_n1_p017_o0419,mkt_n1,MKT_JLPT_word-N1.pdf,mkt,N1,17,419,419,명사,noun,人質,ひとじち,인질,人質,ひとじち,,인질,word,1,,,new,1,verified,
mkt_n1_p017_o0420,mkt_n1,MKT_JLPT_word-N1.pdf,mkt,N1,17,420,420,명사,noun,人手,ひとで,"일손,노동력",人手,ひとで,,"일손,노동력",word,1,,,new,1,verified,
mkt_n1_p017_o0421,mkt_n1,MKT_JLPT_word-N1.pdf,mkt,N1,17,421,421,명사,noun,人出,ひとで,"인파,밖으로나온사람들",人出,ひとで,,"인파,밖으로나온사람들",word,1,,,new,1,verified,
mkt_n1_p017_o0422,mkt_n1,MKT_JLPT_word-N1.pdf,mkt,N1,17,422,422,명사,noun,人波,ひとなみ,인파,人波,ひとなみ,,인파,word,1,,,new,1,verified,
mkt_n1_p017_o0423,mkt_n1,MKT_JLPT_word-N1.pdf,mkt,N1,17,423,423,명사,noun,皮肉,ひにく,"비꼼,빈정거림",皮肉,ひにく,,"비꼼,빈정거림",word,1,w_d5896bf490038b3f,N2,exact,1,verified,
mkt_n1_p017_o0424,mkt_n1,MKT_JLPT_word-N1.pdf,mkt,N1,17,424,424,명사,noun,貧富,ひんぷ,빈부,貧富,ひんぷ,,빈부,word,1,,,new,1,verified,
mkt_n1_p017_o0425,mkt_n1,MKT_JLPT_word-N1.pdf,mkt,N1,17,425,425,명사,noun,普及,ふきゅう,보급,普及,ふきゅう,,보급,word,1,w_b8dfc0821a74c355,N2,exact,1,verified,
mkt_n1_p017_o0426,mkt_n1,MKT_JLPT_word-N1.pdf,mkt,N1,17,426,426,명사,noun,不況,ふきょう,불황,不況,ふきょう,,불황,word,1,w_b11838bd2e68de40,N1,exact,1,verified,
mkt_n1_p017_o0427,mkt_n1,MKT_JLPT_word-N1.pdf,mkt,N1,17,427,427,명사,noun,富豪,ふごう,부호,富豪,ふごう,,부호,word,1,w_3ed0895b2c8a33e7,N1,exact,1,verified,
mkt_n1_p017_o0428,mkt_n1,MKT_JLPT_word-N1.pdf,mkt,N1,17,428,428,명사,noun,不順,ふじゅん,"불순,순탄치못함",不順,ふじゅん,,"불순,순탄치못함",word,1,w_8d80f6bb70b2d48c,N1,exact,1,verified,
mkt_n1_p017_o0429,mkt_n1,MKT_JLPT_word-N1.pdf,mkt,N1,17,429,429,명사,noun,侮辱,ぶじょく,모욕,侮辱,ぶじょく,,모욕,word,1,w_50c2f0217b65dbd8,N1,exact,1,verified,
mkt_n1_p017_o0430,mkt_n1,MKT_JLPT_word-N1.pdf,mkt,N1,17,430,430,명사,noun,復旧,ふっきゅう,복구,復旧,ふっきゅう,,복구,word,1,w_11ca108439e87cc2,N1,exact,1,verified,
mkt_n1_p017_o0431,mkt_n1,MKT_JLPT_word-N1.pdf,mkt,N1,17,431,431,명사,noun,復興,ふっこう,부흥,復興,ふっこう,,부흥,word,1,w_cecac0f655fafa75,N1,exact,1,verified,
mkt_n1_p017_o0432,mkt_n1,MKT_JLPT_word-N1.pdf,mkt,N1,17,432,432,명사,noun,赴任,ふにん,부임,赴任,ふにん,,부임,word,1,w_f8a8e17260024506,N1,exact,1,verified,
mkt_n1_p017_o0433,mkt_n1,MKT_JLPT_word-N1.pdf,mkt,N1,17,433,433,명사,noun,不備,ふび,"미비,불충분함",不備,ふび,,"미비,불충분함",word,1,,,new,1,verified,
mkt_n1_p017_o0434,mkt_n1,MKT_JLPT_word-N1.pdf,mkt,N1,17,434,434,명사,noun,憤慨,ふんがい,분개,憤慨,ふんがい,,분개,word,1,w_3ea04ea71c18c724,N1,exact,1,verified,
mkt_n1_p017_o0435,mkt_n1,MKT_JLPT_word-N1.pdf,mkt,N1,17,435,435,명사,noun,分担,ぶんたん,분담,分担,ぶんたん,,분담,word,1,w_fd935a1c37167f4b,N1,exact,1,verified,
mkt_n1_p017_o0436,mkt_n1,MKT_JLPT_word-N1.pdf,mkt,N1,17,436,436,명사,noun,弁解,べんかい,변명,弁解,べんかい,,변명,word,1,w_ad7b2af1f188b9dd,N1,exact,1,verified,
mkt_n1_p017_o0437,mkt_n1,MKT_JLPT_word-N1.pdf,mkt,N1,17,437,437,명사,noun,便宜,べんぎ,편의,便宜,べんぎ,,편의,word,1,w_10d818adb8e96aeb,N1,exact,1,verified,
mkt_n1_p017_o0438,mkt_n1,MKT_JLPT_word-N1.pdf,mkt,N1,17,438,438,명사,noun,変遷,へんせん,변천,変遷,へんせん,,변천,word,1,w_328dd8046f24fbcc,N1,exact,1,verified,
mkt_n1_p017_o0439,mkt_n1,MKT_JLPT_word-N1.pdf,mkt,N1,17,439,439,명사,noun,妨害,ぼうがい,방해,妨害,ぼうがい,,방해,word,1,w_58e313ba3ff45315,N1,exact,1,verified,
mkt_n1_p017_o0440,mkt_n1,MKT_JLPT_word-N1.pdf,mkt,N1,17,440,440,명사,noun,発足,ほっそく,"발족,출범",発足,ほっそく,,"발족,출범",word,1,w_083b291b6922e358,N1,exact,1,verified,
mkt_n1_p017_o0441,mkt_n1,MKT_JLPT_word-N1.pdf,mkt,N1,17,441,441,명사,noun,発端,ほったん,발단,発端,ほったん,,발단,word,1,,,new,1,verified,
mkt_n1_p017_o0442,mkt_n1,MKT_JLPT_word-N1.pdf,mkt,N1,17,442,442,명사,noun,没頭,ぼっとう,몰두,没頭,ぼっとう,,몰두,word,1,,,new,1,verified,
mkt_n1_p017_o0443,mkt_n1,MKT_JLPT_word-N1.pdf,mkt,N1,17,443,443,명사,noun,本筋,ほんすじ,"본론,본줄거리",本筋,ほんすじ,,"본론,본줄거리",word,1,,,new,1,verified,
mkt_n1_p017_o0444,mkt_n1,MKT_JLPT_word-N1.pdf,mkt,N1,17,444,444,명사,noun,本音,ほんね,"본심,속내",本音,ほんね,,"본심,속내",word,1,w_06f956dc9fbbb0bd,N1,exact,1,verified,
mkt_n1_p018_o0445,mkt_n1,MKT_JLPT_word-N1.pdf,mkt,N1,18,445,445,명사,noun,摩擦,まさつ,마찰,摩擦,まさつ,,마찰,word,1,w_d3f17036d33858fe,N2,exact,1,verified,
mkt_n1_p018_o0446,mkt_n1,MKT_JLPT_word-N1.pdf,mkt,N1,18,446,446,명사,noun,満喫,まんきつ,만끽,満喫,まんきつ,,만끽,word,1,,,new,1,verified,
mkt_n1_p018_o0447,mkt_n1,MKT_JLPT_word-N1.pdf,mkt,N1,18,447,447,명사,noun,見込み,みこみ,"예상,전망",見込み,みこみ,,"예상,전망",word,1,w_83f116b04611812d,N1,exact,1,verified,
mkt_n1_p018_o0448,mkt_n1,MKT_JLPT_word-N1.pdf,mkt,N1,18,448,448,명사,noun,密集,みっしゅう,밀집,密集,みっしゅう,,밀집,word,1,w_4590fbf50ef6f9fe,N1,exact,1,verified,
mkt_n1_p018_o0449,mkt_n1,MKT_JLPT_word-N1.pdf,mkt,N1,18,449,449,명사,noun,見通し,みとおし,전망,見通し,みとおし,,전망,word,1,w_ee3d0db2d3055872,N1,exact,1,verified,
mkt_n1_p018_o0450,mkt_n1,MKT_JLPT_word-N1.pdf,mkt,N1,18,450,450,명사,noun,無実,むじつ,"억울함,무고함",無実,むじつ,,"억울함,무고함",word,1,,,new,1,verified,
mkt_n1_p018_o0451,mkt_n1,MKT_JLPT_word-N1.pdf,mkt,N1,18,451,451,명사,noun,矛盾,むじゅん,모순,矛盾,むじゅん,,모순,word,1,w_0c4f436111b395ab,N2,exact,1,verified,
mkt_n1_p018_o0452,mkt_n1,MKT_JLPT_word-N1.pdf,mkt,N1,18,452,452,명사,noun,無償,むしょう,"무상,무료",無償,むしょう,,"무상,무료",word,1,,,new,1,verified,
mkt_n1_p018_o0453,mkt_n1,MKT_JLPT_word-N1.pdf,mkt,N1,18,453,453,명사,noun,無念,むねん,"원통함,분함",無念,むねん,,"원통함,분함",word,1,w_c9c3d74826af1981,N1,exact,1,verified,
mkt_n1_p018_o0454,mkt_n1,MKT_JLPT_word-N1.pdf,mkt,N1,18,454,454,명사,noun,明暗,めいあん,명암,明暗,めいあん,,명암,word,1,,,new,1,verified,
mkt_n1_p018_o0455,mkt_n1,MKT_JLPT_word-N1.pdf,mkt,N1,18,455,455,명사,noun,名誉,めいよ,명예,名誉,めいよ,,명예,word,1,w_c5ad4beebefaece1,N1,exact,1,verified,
mkt_n1_p018_o0456,mkt_n1,MKT_JLPT_word-N1.pdf,mkt,N1,18,456,456,명사,noun,目先,めさき,"눈앞,당장",目先,めさき,,"눈앞,당장",word,1,,,new,1,verified,
mkt_n1_p018_o0457,mkt_n1,MKT_JLPT_word-N1.pdf,mkt,N1,18,457,457,명사,noun,面識,めんしき,"면식,안면",面識,めんしき,,"면식,안면",word,1,,,new,1,verified,
mkt_n1_p018_o0458,mkt_n1,MKT_JLPT_word-N1.pdf,mkt,N1,18,458,458,명사,noun,免除,めんじょ,면제,免除,めんじょ,,면제,word,1,w_019dd5c0a6f296a6,N1,exact,1,verified,
mkt_n1_p018_o0459,mkt_n1,MKT_JLPT_word-N1.pdf,mkt,N1,18,459,459,명사,noun,猛反対,もうはんたい,맹렬한반대,猛反対,もうはんたい,,맹렬한반대,word,1,,,new,1,verified,
mkt_n1_p018_o0460,mkt_n1,MKT_JLPT_word-N1.pdf,mkt,N1,18,460,460,명사,noun,網羅,もうら,망라(모두포함),網羅,もうら,,망라(모두포함),word,1,,,new,1,verified,
mkt_n1_p018_o0461,mkt_n1,MKT_JLPT_word-N1.pdf,mkt,N1,18,461,461,명사,noun,躍進,やくしん,약진,躍進,やくしん,,약진,word,1,,,new,1,verified,
mkt_n1_p018_o0462,mkt_n1,MKT_JLPT_word-N1.pdf,mkt,N1,18,462,462,명사,noun,由緒,ゆいしょ,"유서,내력",由緒,ゆいしょ,,"유서,내력",word,1,,,new,1,verified,
mkt_n1_p018_o0463,mkt_n1,MKT_JLPT_word-N1.pdf,mkt,N1,18,463,463,명사,noun,優位,ゆうい,우위,優位,ゆうい,,우위,word,1,w_2dfce158f82e8d09,N1,exact,1,verified,
mkt_n1_p018_o0464,mkt_n1,MKT_JLPT_word-N1.pdf,mkt,N1,18,464,464,명사,noun,融合,ゆうごう,융합,融合,ゆうごう,,융합,word,1,,,new,1,verified,
mkt_n1_p018_o0465,mkt_n1,MKT_JLPT_word-N1.pdf,mkt,N1,18,465,465,명사,noun,有数,ゆうすう,"유수,굴지,손꼽음",有数,ゆうすう,,"유수,굴지,손꼽음",word,1,,,new,1,verified,
mkt_n1_p018_o0466,mkt_n1,MKT_JLPT_word-N1.pdf,mkt,N1,18,466,466,명사,noun,融通,ゆうずう,융통,融通,ゆうずう,,융통,word,1,w_7e620fbf64070f49,N1,exact,1,verified,
mkt_n1_p018_o0467,mkt_n1,MKT_JLPT_word-N1.pdf,mkt,N1,18,467,467,명사,noun,油断,ゆだん,방심,油断,ゆだん,,방심,word,1,w_a67d625c78b32632,N2,exact,1,verified,
mkt_n1_p018_o0468,mkt_n1,MKT_JLPT_word-N1.pdf,mkt,N1,18,468,468,명사,noun,抑制,よくせい,억제,抑制,よくせい,,억제,word,1,w_46d065c8f651e23e,N1,exact,1,verified,
mkt_n1_p018_o0469,mkt_n1,MKT_JLPT_word-N1.pdf,mkt,N1,18,469,469,명사,noun,予断,よだん,"예단,예측",予断,よだん,,"예단,예측",word,1,,,new,1,verified,
mkt_n1_p018_o0470,mkt_n1,MKT_JLPT_word-N1.pdf,mkt,N1,18,470,470,명사,noun,落胆,らくたん,낙담,落胆,らくたん,,낙담,word,1,,,new,1,verified,
mkt_n1_p018_o0471,mkt_n1,MKT_JLPT_word-N1.pdf,mkt,N1,18,471,471,명사,noun,酪農,らくのう,낙농,酪農,らくのう,,낙농,word,1,w_bdb65f75f453ad93,N1,exact,1,verified,
mkt_n1_p019_o0472,mkt_n1,MKT_JLPT_word-N1.pdf,mkt,N1,19,472,472,명사,noun,濫用,らんよう,남용,濫用,らんよう,,남용,word,1,w_8b805c96245bb577,N1,exact,1,verified,
mkt_n1_p019_o0473,mkt_n1,MKT_JLPT_word-N1.pdf,mkt,N1,19,473,473,명사,noun,隣接,りんせつ,인접,隣接,りんせつ,,인접,word,1,,,new,1,verified,
mkt_n1_p019_o0474,mkt_n1,MKT_JLPT_word-N1.pdf,mkt,N1,19,474,474,명사,noun,連携,れんけい,"연계,제휴",連携,れんけい,,"연계,제휴",word,1,,,new,1,verified,
mkt_n1_p019_o0475,mkt_n1,MKT_JLPT_word-N1.pdf,mkt,N1,19,475,475,명사,noun,朗報,ろうほう,"낭보,희소식",朗報,ろうほう,,"낭보,희소식",word,1,,,new,1,verified,
mkt_n1_p019_o0476,mkt_n1,MKT_JLPT_word-N1.pdf,mkt,N1,19,476,476,명사,noun,和解,わかい,화해,和解,わかい,,화해,word,1,,,new,1,verified,
mkt_n1_p019_o0477,mkt_n1,MKT_JLPT_word-N1.pdf,mkt,N1,19,477,477,명사,noun,枠,わく,"틀,테두리",枠,わく,,"틀,테두리",word,1,,,new,1,verified,
mkt_n1_p019_o0478,mkt_n1,MKT_JLPT_word-N1.pdf,mkt,N1,19,478,478,부사,adverb,予め,あらかじめ,미리,予め,あらかじめ,,미리,word,1,w_e88804a27645a87c,N1,exact,1,verified,
mkt_n1_p019_o0479,mkt_n1,MKT_JLPT_word-N1.pdf,mkt,N1,19,479,479,부사,adverb,改めて,あらためて,"다시,새삼스럽게",改めて,あらためて,,"다시,새삼스럽게",word,1,w_be17d1246f7736e9,N2,exact,1,verified,
mkt_n1_p019_o0480,mkt_n1,MKT_JLPT_word-N1.pdf,mkt,N1,19,480,480,부사,adverb,案の定,あんのじょう,"역시,예상대로",案の定,あんのじょう,,"역시,예상대로",word,1,w_0dd1265be1f3b283,N1,exact,1,verified,
mkt_n1_p019_o0481,mkt_n1,MKT_JLPT_word-N1.pdf,mkt,N1,19,481,481,부사,adverb,生き生き,いきいき,생기가넘치는모양,生き生き,いきいき,,생기가넘치는모양,word,1,w_ac2d5b64509678ba,N2,exact,1,verified,
mkt_n1_p019_o0482,mkt_n1,MKT_JLPT_word-N1.pdf,mkt,N1,19,482,482,부사,adverb,一律に,いちりつに,일률적으로,一律に,いちりつに,,일률적으로,word,1,,,new,1,verified,
mkt_n1_p019_o0483,mkt_n1,MKT_JLPT_word-N1.pdf,mkt,N1,19,483,483,부사,adverb,今更,いまさら,"이제와서,새삼스럽게",今更,いまさら,,"이제와서,새삼스럽게",word,1,w_0a8accc59621e4b6,N1,exact,1,verified,
mkt_n1_p019_o0484,mkt_n1,MKT_JLPT_word-N1.pdf,mkt,N1,19,484,484,부사,adverb,急遽,きゅうきょ,"급거,갑작스럽게",急遽,きゅうきょ,,"급거,갑작스럽게",word,1,,,new,1,verified,
mkt_n1_p019_o0485,mkt_n1,MKT_JLPT_word-N1.pdf,mkt,N1,19,485,485,부사,adverb,極力,きょくりょく,"극력,힘껏",極力,きょくりょく,,"극력,힘껏",word,1,,,new,1,verified,
mkt_n1_p019_o0486,mkt_n1,MKT_JLPT_word-N1.pdf,mkt,N1,19,486,486,부사,adverb,極めて,きわめて,"매우,지극히",極めて,きわめて,,"매우,지극히",word,1,w_527b51da6a9af8c1,N1,exact,1,verified,
mkt_n1_p019_o0487,mkt_n1,MKT_JLPT_word-N1.pdf,mkt,N1,19,487,487,부사,adverb,殊に,ことに,특히,殊に,ことに,,특히,word,1,w_19d5f39f406ec682,N1,exact,1,verified,
mkt_n1_p019_o0488,mkt_n1,MKT_JLPT_word-N1.pdf,mkt,N1,19,488,488,부사,adverb,早急に,さっきゅうに,조속히,早急に,さっきゅうに,,조속히,word,1,,,new,1,verified,
mkt_n1_p019_o0489,mkt_n1,MKT_JLPT_word-N1.pdf,mkt,N1,19,489,489,부사,adverb,強いて,しいて,"억지로,무리해서",強いて,しいて,,"억지로,무리해서",word,1,w_cd89b540108a739e,N1,exact,1,verified,
mkt_n1_p019_o0490,mkt_n1,MKT_JLPT_word-N1.pdf,mkt,N1,19,490,490,부사,adverb,随時,ずいじ,"수시로,그때그때",随時,ずいじ,,"수시로,그때그때",word,1,,,new,1,verified,
mkt_n1_p019_o0491,mkt_n1,MKT_JLPT_word-N1.pdf,mkt,N1,19,491,491,부사,adverb,総じて,そうじて,"대체로,전반적으로",総じて,そうじて,,"대체로,전반적으로",word,1,,,new,1,verified,
mkt_n1_p019_o0492,mkt_n1,MKT_JLPT_word-N1.pdf,mkt,N1,19,492,492,부사,adverb,即刻,そっこく,"즉각,즉시",即刻,そっこく,,"즉각,즉시",word,1,,,new,1,verified,
mkt_n1_p020_o0493,mkt_n1,MKT_JLPT_word-N1.pdf,mkt,N1,20,493,493,부사,adverb,到底,とうてい,도저히,到底,とうてい,,도저히,word,1,w_83d087ca34b36ef1,N1,exact,1,verified,
mkt_n1_p020_o0494,mkt_n1,MKT_JLPT_word-N1.pdf,mkt,N1,20,494,494,부사,adverb,取り分け,とりわけ,특히,取り分け,とりわけ,,특히,word,1,,,new,1,verified,
mkt_n1_p020_o0495,mkt_n1,MKT_JLPT_word-N1.pdf,mkt,N1,20,495,495,부사,adverb,漠然と,ばくぜんと,막연하게,漠然と,ばくぜんと,,막연하게,word,1,,,new,1,verified,
mkt_n1_p020_o0496,mkt_n1,MKT_JLPT_word-N1.pdf,mkt,N1,20,496,496,부사,adverb,人一倍,ひといちばい,"남달리,남보다갑절",人一倍,ひといちばい,,"남달리,남보다갑절",word,1,,,new,1,verified,
mkt_n1_p020_o0497,mkt_n1,MKT_JLPT_word-N1.pdf,mkt,N1,20,497,497,부사,adverb,不意に,ふいに,갑자기,不意に,ふいに,,갑자기,word,1,,,new,1,verified,
mkt_n1_p020_o0498,mkt_n1,MKT_JLPT_word-N1.pdf,mkt,N1,20,498,498,부사,adverb,無性に,むしょうに,"몹시,공연히,까닭없이",無性に,むしょうに,,"몹시,공연히,까닭없이",word,1,,,new,1,verified,
mkt_n1_p020_o0499,mkt_n1,MKT_JLPT_word-N1.pdf,mkt,N1,20,499,499,부사,adverb,専ら,もっぱら,"오로지,한결같이",専ら,もっぱら,,"오로지,한결같이",word,1,w_e8c92034827d20e7,N1,exact,1,verified,
mkt_n1_p020_o0500,mkt_n1,MKT_JLPT_word-N1.pdf,mkt,N1,20,500,500,부사,adverb,歴然と,れきぜんと,"역연히,또렷하게",歴然と,れきぜんと,,"역연히,또렷하게",word,1,,,new,1,verified,
mkt_n2_p002_o0001,mkt_n2,MKT_JLPT_word-N2.pdf,mkt,N2,2,1,1,동사,verb,憧れる,あこがれる,동경하다,憧れる,あこがれる,,동경하다,word,1,w_b8d8c4fdb2d0ed45,N2,exact,1,verified,
mkt_n2_p002_o0002,mkt_n2,MKT_JLPT_word-N2.pdf,mkt,N2,2,2,2,동사,verb,味わう,あじわう,맛보다,味わう,あじわう,,맛보다,word,1,w_d9c4c20b2cc7ba94,N2,exact,1,verified,
mkt_n2_p002_o0003,mkt_n2,MKT_JLPT_word-N2.pdf,mkt,N2,2,3,3,동사,verb,預かる,あずかる,맡다,預かる,あずかる,,맡다,word,1,w_881a9059caa55f11,N2,exact,1,verified,
mkt_n2_p002_o0004,mkt_n2,MKT_JLPT_word-N2.pdf,mkt,N2,2,4,4,동사,verb,焦る,あせる,초조해하다,焦る,あせる,,초조해하다,word,1,w_e4f3c3a8106b0228,N1,exact,1,verified,
mkt_n2_p002_o0005,mkt_n2,MKT_JLPT_word-N2.pdf,mkt,N2,2,5,5,동사,verb,与える,あたえる,"주다,수여하다",与える,あたえる,,"주다,수여하다",word,1,w_e1a24560fa333bd1,N3,exact,1,verified,
mkt_n2_p002_o0006,mkt_n2,MKT_JLPT_word-N2.pdf,mkt,N2,2,6,6,동사,verb,温める,あたためる,데우다,温める,あたためる,,데우다,word,1,w_35d4a46f36f62a2d,N3,exact,1,verified,
mkt_n2_p002_o0007,mkt_n2,MKT_JLPT_word-N2.pdf,mkt,N2,2,7,7,동사,verb,当たる,あたる,"맞다,해당하다",当たる,あたる,,"맞다,해당하다",word,1,w_8260701b3bb8776f,N3,exact,1,verified,
mkt_n2_p002_o0008,mkt_n2,MKT_JLPT_word-N2.pdf,mkt,N2,2,8,8,동사,verb,扱う,あつかう,취급하다,扱う,あつかう,,취급하다,word,1,w_7f427f8a99725529,N3,exact,1,verified,
mkt_n2_p002_o0009,mkt_n2,MKT_JLPT_word-N2.pdf,mkt,N2,2,9,9,동사,verb,暴れる,あばれる,"난폭하게굴다,날뛰다",暴れる,あばれる,,"난폭하게굴다,날뛰다",word,1,w_27f19920da2c6c70,N2,exact,1,verified,
mkt_n2_p002_o0010,mkt_n2,MKT_JLPT_word-N2.pdf,mkt,N2,2,10,10,동사,verb,溢れる,あふれる,"넘쳐나다,흔하다",溢れる,あふれる,,"넘쳐나다,흔하다",word,1,,,new,1,verified,
mkt_n2_p002_o0011,mkt_n2,MKT_JLPT_word-N2.pdf,mkt,N2,2,11,11,동사,verb,甘やかす,あまやかす,응석부리게하다,甘やかす,あまやかす,,응석부리게하다,word,1,w_02e655f20b696e34,N2,exact,1,verified,
mkt_n2_p002_o0012,mkt_n2,MKT_JLPT_word-N2.pdf,mkt,N2,2,12,12,동사,verb,編む,あむ,"짜다,뜨게질하다",編む,あむ,,"짜다,뜨게질하다",word,1,w_257d75d3ceb98dfd,N2,exact,1,verified,
mkt_n2_p002_o0013,mkt_n2,MKT_JLPT_word-N2.pdf,mkt,N2,2,13,13,동사,verb,謝る,あやまる,"사과하다,사죄하다",謝る,あやまる,,"사과하다,사죄하다",word,1,w_40d9c28d25a9a53e,N4,exact,1,verified,
mkt_n2_p002_o0014,mkt_n2,MKT_JLPT_word-N2.pdf,mkt,N2,2,14,14,동사,verb,荒れる,あれる,거칠어지다,荒れる,あれる,,거칠어지다,word,1,w_d30bc4c7e83a58dc,N2,exact,1,verified,
mkt_n2_p002_o0015,mkt_n2,MKT_JLPT_word-N2.pdf,mkt,N2,2,15,15,동사,verb,慌てる,あわてる,"당황하다,허둥거리다",慌てる,あわてる,,"당황하다,허둥거리다",word,1,w_70953a9f6c527285,N3,exact,1,verified,
mkt_n2_p002_o0016,mkt_n2,MKT_JLPT_word-N2.pdf,mkt,N2,2,16,16,동사,verb,生かす,いかす,"살리다,발휘하다,활용하다",生かす,いかす,,"살리다,발휘하다,활용하다",word,1,w_e0b6dbb66ee1c2f4,N1,exact,1,verified,
mkt_n2_p002_o0017,mkt_n2,MKT_JLPT_word-N2.pdf,mkt,N2,2,17,17,동사,verb,維持する,いじする,유지하다,維持する,いじする,,유지하다,word,1,,,new,1,verified,
mkt_n2_p002_o0018,mkt_n2,MKT_JLPT_word-N2.pdf,mkt,N2,2,18,18,동사,verb,至る,いたる,이르다,至る,いたる,,이르다,word,1,w_31c31163c42d4ddf,N3,exact,1,verified,
mkt_n2_p002_o0019,mkt_n2,MKT_JLPT_word-N2.pdf,mkt,N2,2,19,19,동사,verb,一致する,いっちする,일치하다,一致する,いっちする,,일치하다,word,1,,,new,1,verified,
mkt_n2_p002_o0020,mkt_n2,MKT_JLPT_word-N2.pdf,mkt,N2,2,20,20,동사,verb,祈る,いのる,"빌다,기원하다",祈る,いのる,,"빌다,기원하다",word,1,w_9a7bd84de13f4737,N4,exact,1,verified,
mkt_n2_p002_o0021,mkt_n2,MKT_JLPT_word-N2.pdf,mkt,N2,2,21,21,동사,verb,祝う,いわう,축하하다,祝う,いわう,,축하하다,word,1,w_05fd1eca6f1886bd,N3,exact,1,verified,
mkt_n2_p002_o0022,mkt_n2,MKT_JLPT_word-N2.pdf,mkt,N2,2,22,22,동사,verb,植える,うえる,심다,植える,うえる,,심다,word,1,w_5cb12a6a437a0e71,N4,exact,1,verified,
mkt_n2_p002_o0023,mkt_n2,MKT_JLPT_word-N2.pdf,mkt,N2,2,23,23,동사,verb,承る,うけたまわる,"삼가듣다,받잡다",承る,うけたまわる,,"삼가듣다,받잡다",word,1,w_e5a63fa4d7fc9648,N2,exact,1,verified,
mkt_n2_p002_o0024,mkt_n2,MKT_JLPT_word-N2.pdf,mkt,N2,2,24,24,동사,verb,失う,うしなう,"잃어버리다,놓치다",失う,うしなう,,"잃어버리다,놓치다",word,1,w_94c0adef044f3154,N3,exact,1,verified,
mkt_n2_p002_o0025,mkt_n2,MKT_JLPT_word-N2.pdf,mkt,N2,2,25,25,동사,verb,薄れる,うすれる,"엷어지다,약해지다",薄れる,うすれる,,"엷어지다,약해지다",word,1,,,new,1,verified,
mkt_n2_p002_o0026,mkt_n2,MKT_JLPT_word-N2.pdf,mkt,N2,2,26,26,동사,verb,疑う,うたがう,의심하다,疑う,うたがう,,의심하다,word,1,w_5701ed73ffb1244a,N3,exact,1,verified,
mkt_n2_p002_o0027,mkt_n2,MKT_JLPT_word-N2.pdf,mkt,N2,2,27,27,동사,verb,打ち明ける,うちあける,고백하다,打ち明ける,うちあける,,고백하다,word,1,w_f948982919ee8a7a,N1,exact,1,verified,
mkt_n2_p002_o0028,mkt_n2,MKT_JLPT_word-N2.pdf,mkt,N2,2,28,28,동사,verb,映す,うつす,비추다,映す,うつす,,비추다,word,1,w_15a6650a2cae6bde,N3,exact,1,verified,
mkt_n2_p002_o0029,mkt_n2,MKT_JLPT_word-N2.pdf,mkt,N2,2,29,29,동사,verb,訴える,うったえる,"고소하다,호고하다",訴える,うったえる,,"고소하다,호고하다",word,1,w_2acad57554d10e3f,N3,exact,1,verified,
mkt_n2_p002_o0030,mkt_n2,MKT_JLPT_word-N2.pdf,mkt,N2,2,30,30,동사,verb,奪う,うばう,뺏다,奪う,うばう,,뺏다,word,1,w_833594898192c2a8,N3,exact,1,verified,
mkt_n2_p002_o0031,mkt_n2,MKT_JLPT_word-N2.pdf,mkt,N2,2,31,31,동사,verb,埋める,うめる,"묻다,메우다",埋める,うめる,,"묻다,메우다",word,1,w_391a18817462cda1,N2,exact,1,verified,
mkt_n2_p002_o0032,mkt_n2,MKT_JLPT_word-N2.pdf,mkt,N2,2,32,32,동사,verb,裏切る,うらぎる,배반하다,裏切る,うらぎる,,배반하다,word,1,w_09240cecff085cb3,N3,exact,1,verified,
mkt_n2_p003_o0033,mkt_n2,MKT_JLPT_word-N2.pdf,mkt,N2,3,33,33,동사,verb,占う,うらなう,점치다,占う,うらなう,,점치다,word,1,w_ba1d7de688d70f05,N2,exact,1,verified,
mkt_n2_p003_o0034,mkt_n2,MKT_JLPT_word-N2.pdf,mkt,N2,3,34,34,동사,verb,売り切れる,うりきれる,품절되다,売り切れる,うりきれる,,품절되다,word,1,w_3f46b28da139c16c,N2,exact,1,verified,
mkt_n2_p003_o0035,mkt_n2,MKT_JLPT_word-N2.pdf,mkt,N2,3,35,35,동사,verb,追い込む,おいこむ,몰아넣다,追い込む,おいこむ,,몰아넣다,word,1,w_68ee24050b7e44cf,N1,exact,1,verified,
mkt_n2_p003_o0036,mkt_n2,MKT_JLPT_word-N2.pdf,mkt,N2,3,36,36,동사,verb,追いつく,おいつく,"따라붙다,따라잡다",追いつく,おいつく,,"따라붙다,따라잡다",word,1,,,new,1,verified,
mkt_n2_p003_o0037,mkt_n2,MKT_JLPT_word-N2.pdf,mkt,N2,3,37,37,동사,verb,追う,おう,좇다,追う,おう,,좇다,word,1,w_5fe66e44b939a9e1,N3,exact,1,verified,
mkt_n2_p003_o0038,mkt_n2,MKT_JLPT_word-N2.pdf,mkt,N2,3,38,38,동사,verb,覆う,おおう,"덮다,씌우다,가리다",覆う,おおう,,"덮다,씌우다,가리다",word,1,w_96ac1c3a58268d7a,N3,exact,1,verified,
mkt_n2_p003_o0039,mkt_n2,MKT_JLPT_word-N2.pdf,mkt,N2,3,39,39,동사,verb,犯す,おかす,"(죄를)범하다,(법을)어기다",犯す,おかす,,"(죄를)범하다,(법을)어기다",word,1,w_e54504d1c270728e,N1,exact,1,verified,
mkt_n2_p003_o0040,mkt_n2,MKT_JLPT_word-N2.pdf,mkt,N2,3,40,40,동사,verb,補う,おぎなう,"보충하다,메우다",補う,おぎなう,,"보충하다,메우다",word,1,w_beef4b14776911bd,N2,exact,1,verified,
mkt_n2_p003_o0041,mkt_n2,MKT_JLPT_word-N2.pdf,mkt,N2,3,41,41,동사,verb,贈る,おくる,선물하다,贈る,おくる,,선물하다,word,1,w_0b14b532ad37813f,N3,exact,1,verified,
mkt_n2_p003_o0042,mkt_n2,MKT_JLPT_word-N2.pdf,mkt,N2,3,42,42,동사,verb,抑える,おさえる,억누르다,抑える,おさえる,,억누르다,word,1,,,new,1,verified,
mkt_n2_p003_o0043,mkt_n2,MKT_JLPT_word-N2.pdf,mkt,N2,3,43,43,동사,verb,収める,おさめる,"거두다,넣다,담다",収める,おさめる,,"거두다,넣다,담다",word,1,w_2fd84a94cccd6a41,N3,exact,1,verified,
mkt_n2_p003_o0044,mkt_n2,MKT_JLPT_word-N2.pdf,mkt,N2,3,44,44,동사,verb,納める,おさめる,납입하다,納める,おさめる,,납입하다,word,1,w_7aaa0608e48b7324,N3,exact,1,verified,
mkt_n2_p003_o0045,mkt_n2,MKT_JLPT_word-N2.pdf,mkt,N2,3,45,45,동사,verb,恐れる,おそれる,"무서워하다,두려워하다",恐れる,おそれる,,"무서워하다,두려워하다",word,1,w_a894fdce8a846e3c,N3,exact,1,verified,
mkt_n2_p003_o0046,mkt_n2,MKT_JLPT_word-N2.pdf,mkt,N2,3,46,46,동사,verb,落ち着く,おちつく,"침착하다,안정되다",落ち着く,おちつく,,"침착하다,안정되다",word,1,,,new,1,verified,
mkt_n2_p003_o0047,mkt_n2,MKT_JLPT_word-N2.pdf,mkt,N2,3,47,45,동사,verb,恐れる,おそれる,"무서워하다,두려워하다",恐れる,おそれる,,"무서워하다,두려워하다",word,1,w_a894fdce8a846e3c,N3,exact,1,verified,
mkt_n2_p003_o0048,mkt_n2,MKT_JLPT_word-N2.pdf,mkt,N2,3,48,46,동사,verb,落ち着く,おちつく,"침착하다,안정되다",落ち着く,おちつく,,"침착하다,안정되다",word,1,,,new,1,verified,
mkt_n2_p003_o0049,mkt_n2,MKT_JLPT_word-N2.pdf,mkt,N2,3,49,47,동사,verb,訪れる,おとずれる,방문하다,訪れる,おとずれる,,방문하다,word,1,w_c93e865c92b464d4,N1,exact,1,verified,
mkt_n2_p003_o0050,mkt_n2,MKT_JLPT_word-N2.pdf,mkt,N2,3,50,48,동사,verb,劣る,おとる,"열등하다,뒤떨어지다",劣る,おとる,,"열등하다,뒤떨어지다",word,1,w_a1021aa0cfda591b,N3,exact,1,verified,
mkt_n2_p003_o0051,mkt_n2,MKT_JLPT_word-N2.pdf,mkt,N2,3,51,49,동사,verb,驚く,おどろく,놀라다,驚く,おどろく,,놀라다,word,1,w_37ec28fcb6fd4c6a,N4,exact,1,verified,
mkt_n2_p003_o0052,mkt_n2,MKT_JLPT_word-N2.pdf,mkt,N2,3,52,50,동사,verb,抱える,かかえる,"안다,떠맡다",抱える,かかえる,,"안다,떠맡다",word,1,w_622c2d1c4d3b1a46,N3,exact,1,verified,
mkt_n2_p003_o0053,mkt_n2,MKT_JLPT_word-N2.pdf,mkt,N2,3,53,51,동사,verb,輝く,かがやく,빛나다,輝く,かがやく,,빛나다,word,1,w_2bcc58862e764fb6,N3,exact,1,verified,
mkt_n2_p003_o0054,mkt_n2,MKT_JLPT_word-N2.pdf,mkt,N2,3,54,52,동사,verb,係る,かかわる,"관련되다,관여하다",係る,かかわる,,"관련되다,관여하다",word,1,,,new,1,verified,
mkt_n2_p003_o0055,mkt_n2,MKT_JLPT_word-N2.pdf,mkt,N2,3,55,53,동사,verb,限る,かぎる,한정하다,限る,かぎる,,한정하다,word,1,w_791163fa079b4991,N3,exact,1,verified,
mkt_n2_p003_o0056,mkt_n2,MKT_JLPT_word-N2.pdf,mkt,N2,3,56,54,동사,verb,欠く,かく,"부족하다,없다",欠く,かく,,"부족하다,없다",word,1,w_d541f62a162d668a,N3,exact,1,verified,
mkt_n2_p003_o0057,mkt_n2,MKT_JLPT_word-N2.pdf,mkt,N2,3,57,55,동사,verb,隠す,かくす,숨기다,隠す,かくす,,숨기다,word,1,w_0db5f93d3e4fca8d,N3,exact,1,verified,
mkt_n2_p003_o0058,mkt_n2,MKT_JLPT_word-N2.pdf,mkt,N2,3,58,56,동사,verb,重ねる,かさねる,"겹치다,중복되다",重ねる,かさねる,,"겹치다,중복되다",word,1,w_54106fda6aa724e5,N2,exact,1,verified,
mkt_n2_p003_o0059,mkt_n2,MKT_JLPT_word-N2.pdf,mkt,N2,3,59,57,동사,verb,貸し出す,かしだす,대출하다,貸し出す,かしだす,,대출하다,word,1,,,new,1,verified,
mkt_n2_p003_o0060,mkt_n2,MKT_JLPT_word-N2.pdf,mkt,N2,3,60,58,동사,verb,稼ぐ,かせぐ,"(돈,시간,점수를)벌다",稼ぐ,かせぐ,,"(돈,시간,점수를)벌다",word,1,w_f56c86b44e881521,N3,exact,1,verified,
mkt_n2_p003_o0061,mkt_n2,MKT_JLPT_word-N2.pdf,mkt,N2,3,61,59,동사,verb,傾く,かたむく,"(위치,마음,사상이)기울다",傾く,かたむく,,"(위치,마음,사상이)기울다",word,1,w_e8b398a487f8f29c,N2,exact,1,verified,
mkt_n2_p003_o0062,mkt_n2,MKT_JLPT_word-N2.pdf,mkt,N2,3,62,60,동사,verb,偏る,かたよる,"기울다,치우치다(편중)",偏る,かたよる,,"기울다,치우치다(편중)",word,1,,,new,1,verified,
mkt_n2_p003_o0063,mkt_n2,MKT_JLPT_word-N2.pdf,mkt,N2,3,63,61,동사,verb,語る,かたる,말하다,語る,かたる,,말하다,word,1,w_983fa2cd09c41255,N3,exact,1,verified,
mkt_n2_p003_o0064,mkt_n2,MKT_JLPT_word-N2.pdf,mkt,N2,3,64,62,동사,verb,叶う,かなう,이루어지다,叶う,かなう,,이루어지다,word,1,w_90e919de2274052b,N1,exact,1,verified,
mkt_n2_p004_o0065,mkt_n2,MKT_JLPT_word-N2.pdf,mkt,N2,4,65,63,동사,verb,庇う,かばう,"감싸다,비호하다",庇う,かばう,,"감싸다,비호하다",word,1,w_b6b1ec7b196b2373,N1,exact,1,verified,
mkt_n2_p004_o0066,mkt_n2,MKT_JLPT_word-N2.pdf,mkt,N2,4,66,64,동사,verb,我慢する,がまんする,참다,我慢する,がまんする,,참다,word,1,,,new,1,verified,
mkt_n2_p004_o0067,mkt_n2,MKT_JLPT_word-N2.pdf,mkt,N2,4,67,65,동사,verb,乾く,かわく,마르다(건조),乾く,かわく,,마르다(건조),word,1,w_b480848a70c6cde2,N4,exact,1,verified,
mkt_n2_p004_o0068,mkt_n2,MKT_JLPT_word-N2.pdf,mkt,N2,4,68,66,동사,verb,観察する,かんさつする,관찰하다,観察する,かんさつする,,관찰하다,word,1,,,new,1,verified,
mkt_n2_p004_o0069,mkt_n2,MKT_JLPT_word-N2.pdf,mkt,N2,4,69,67,동사,verb,乾燥する,かんそうする,건조하다,乾燥する,かんそうする,,건조하다,word,1,,,new,1,verified,
mkt_n2_p004_o0070,mkt_n2,MKT_JLPT_word-N2.pdf,mkt,N2,4,70,68,동사,verb,刻む,きざむ,"새기다,조각하다",刻む,きざむ,,"새기다,조각하다",word,1,w_d70896978910d500,N2,exact,1,verified,
mkt_n2_p004_o0071,mkt_n2,MKT_JLPT_word-N2.pdf,mkt,N2,4,71,69,동사,verb,競う,きそう,경쟁하다,競う,きそう,,경쟁하다,word,1,,,new,1,verified,
mkt_n2_p004_o0072,mkt_n2,MKT_JLPT_word-N2.pdf,mkt,N2,4,72,70,동사,verb,鍛える,きたえる,단련하다,鍛える,きたえる,,단련하다,word,1,w_9ee9fedb296f1359,N1,exact,1,verified,
mkt_n2_p004_o0073,mkt_n2,MKT_JLPT_word-N2.pdf,mkt,N2,4,73,71,동사,verb,急増する,きゅうぞうする,급증하다,急増する,きゅうぞうする,,급증하다,word,1,,,new,1,verified,
mkt_n2_p004_o0074,mkt_n2,MKT_JLPT_word-N2.pdf,mkt,N2,4,74,72,동사,verb,区切る,くぎる,"구분하다,구획짓다",区切る,くぎる,,"구분하다,구획짓다",word,1,w_39db5415eb154620,N2,exact,1,verified,
mkt_n2_p004_o0075,mkt_n2,MKT_JLPT_word-N2.pdf,mkt,N2,4,75,73,동사,verb,崩れる,くずれる,"무너지다,쓰러지다",崩れる,くずれる,,"무너지다,쓰러지다",word,1,w_0e9835a6eb6b36ba,N2,exact,1,verified,
mkt_n2_p004_o0076,mkt_n2,MKT_JLPT_word-N2.pdf,mkt,N2,4,76,74,동사,verb,悔やむ,くやむ,"분하게여기다,후회하다",悔やむ,くやむ,,"분하게여기다,후회하다",word,1,w_08d04d7ffcce53c1,N2,exact,1,verified,
mkt_n2_p004_o0077,mkt_n2,MKT_JLPT_word-N2.pdf,mkt,N2,4,77,75,동사,verb,繰り返す,くりかえす,반복하다,繰り返す,くりかえす,,반복하다,word,1,w_38adf495daec31a4,N3,exact,1,verified,
mkt_n2_p004_o0078,mkt_n2,MKT_JLPT_word-N2.pdf,mkt,N2,4,78,76,동사,verb,削る,けずる,"깎다,줄이다,삭감하다",削る,けずる,,"깎다,줄이다,삭감하다",word,1,w_7e20d0d1e39fb1cd,N2,exact,1,verified,
mkt_n2_p004_o0079,mkt_n2,MKT_JLPT_word-N2.pdf,mkt,N2,4,79,77,동사,verb,貢献する,こうけんする,공헌하다,貢献する,こうけんする,,공헌하다,word,1,,,new,1,verified,
mkt_n2_p004_o0080,mkt_n2,MKT_JLPT_word-N2.pdf,mkt,N2,4,80,78,동사,verb,超える,こえる,넘다,超える,こえる,,넘다,word,1,w_bd2507b9f1f1be15,N3,exact,1,verified,
mkt_n2_p004_o0081,mkt_n2,MKT_JLPT_word-N2.pdf,mkt,N2,4,81,79,동사,verb,凍る,こおる,얼다,凍る,こおる,,얼다,word,1,w_5f26706bc397cbd9,N3,exact,1,verified,
mkt_n2_p004_o0082,mkt_n2,MKT_JLPT_word-N2.pdf,mkt,N2,4,82,80,동사,verb,克服する,こくふくする,극복하다,克服する,こくふくする,,극복하다,word,1,,,new,1,verified,
mkt_n2_p004_o0083,mkt_n2,MKT_JLPT_word-N2.pdf,mkt,N2,4,83,81,동사,verb,焦げる,こげる,타다,焦げる,こげる,,타다,word,1,w_2ecf1448db674675,N2,exact,1,verified,
mkt_n2_p004_o0084,mkt_n2,MKT_JLPT_word-N2.pdf,mkt,N2,4,84,82,동사,verb,試みる,こころみる,시도해보다,試みる,こころみる,,시도해보다,word,1,w_e289ba18dc7964f5,N1,exact,1,verified,
mkt_n2_p004_o0085,mkt_n2,MKT_JLPT_word-N2.pdf,mkt,N2,4,85,83,동사,verb,異なる,ことなる,"상이하다,다르다",異なる,ことなる,,"상이하다,다르다",word,1,w_529ba4dec73ad5b3,N3,exact,1,verified,
mkt_n2_p004_o0086,mkt_n2,MKT_JLPT_word-N2.pdf,mkt,N2,4,86,84,동사,verb,断る,ことわる,거절하다,断る,ことわる,,거절하다,word,1,w_6ee69fae4031725c,N3,exact,1,verified,
mkt_n2_p004_o0087,mkt_n2,MKT_JLPT_word-N2.pdf,mkt,N2,4,87,85,동사,verb,転ぶ,ころぶ,"구르다,넘어지다",転ぶ,ころぶ,,"구르다,넘어지다",word,1,w_523564dca147c289,N3,exact,1,verified,
mkt_n2_p004_o0088,mkt_n2,MKT_JLPT_word-N2.pdf,mkt,N2,4,88,86,동사,verb,探す,さがす,찾다,探す,さがす,,찾다,word,1,w_6257d89430551d56,N4,exact,1,verified,
mkt_n2_p004_o0089,mkt_n2,MKT_JLPT_word-N2.pdf,mkt,N2,4,89,87,동사,verb,逆らう,さからう,거스르다,逆らう,さからう,,거스르다,word,1,w_6a9fb9a643e41d9f,N3,exact,1,verified,
mkt_n2_p004_o0090,mkt_n2,MKT_JLPT_word-N2.pdf,mkt,N2,4,90,88,동사,verb,叫ぶ,さけぶ,외치다,叫ぶ,さけぶ,,외치다,word,1,w_6b816f2f73e9b286,N3,exact,1,verified,
mkt_n2_p004_o0091,mkt_n2,MKT_JLPT_word-N2.pdf,mkt,N2,4,91,89,동사,verb,避ける,さける,"피하다,꺼리다",避ける,さける,,"피하다,꺼리다",word,1,w_4aa05cc6aa3c399e,N3,exact,1,verified,
mkt_n2_p004_o0092,mkt_n2,MKT_JLPT_word-N2.pdf,mkt,N2,4,92,90,동사,verb,下げる,さげる,"(위치,값등을)내리다",下げる,さげる,,"(위치,값등을)내리다",word,1,w_6155d510207ab87b,N4,exact,1,verified,
mkt_n2_p004_o0093,mkt_n2,MKT_JLPT_word-N2.pdf,mkt,N2,4,93,91,동사,verb,支える,ささえる,"지탱하다,떠받치다",支える,ささえる,,"지탱하다,떠받치다",word,1,w_49dee8a74ca668a6,N3,exact,1,verified,
mkt_n2_p004_o0094,mkt_n2,MKT_JLPT_word-N2.pdf,mkt,N2,4,94,92,동사,verb,差し上げる,さしあげる,"드리다,바치다",差し上げる,さしあげる,,"드리다,바치다",word,1,w_97a3b823f67674e9,N4,exact,1,verified,
mkt_n2_p004_o0095,mkt_n2,MKT_JLPT_word-N2.pdf,mkt,N2,4,95,93,동사,verb,指す,さす,가리키다,指す,さす,,가리키다,word,1,w_43650cc6750b82c0,N3,exact,1,verified,
mkt_n2_p004_o0096,mkt_n2,MKT_JLPT_word-N2.pdf,mkt,N2,4,96,94,동사,verb,誘う,さそう,권유하다,誘う,さそう,,권유하다,word,1,w_bdbfd5b05c365db7,N3,exact,1,verified,
mkt_n2_p005_o0097,mkt_n2,MKT_JLPT_word-N2.pdf,mkt,N2,5,97,95,동사,verb,妨げる,さまたげる,방해하다,妨げる,さまたげる,,방해하다,word,1,w_41c304f56ca05b9a,N2,exact,1,verified,
mkt_n2_p005_o0098,mkt_n2,MKT_JLPT_word-N2.pdf,mkt,N2,5,98,96,동사,verb,騒ぐ,さわぐ,떠들다,騒ぐ,さわぐ,,떠들다,word,1,w_297d3596bc4a7b3e,N4,exact,1,verified,
mkt_n2_p005_o0099,mkt_n2,MKT_JLPT_word-N2.pdf,mkt,N2,5,99,97,동사,verb,仕上げる,しあげる,일을끝내다,仕上げる,しあげる,,일을끝내다,word,1,w_de35d7df4713498c,N1,exact,1,verified,
mkt_n2_p005_o0100,mkt_n2,MKT_JLPT_word-N2.pdf,mkt,N2,5,100,98,동사,verb,持参する,じさんする,지참하다,持参する,じさんする,,지참하다,word,1,,,new,1,verified,
mkt_n2_p005_o0101,mkt_n2,MKT_JLPT_word-N2.pdf,mkt,N2,5,101,99,동사,verb,沈む,しずむ,가라앉다,沈む,しずむ,,가라앉다,word,1,w_332961e3eca8d0d8,N3,exact,1,verified,
mkt_n2_p005_o0102,mkt_n2,MKT_JLPT_word-N2.pdf,mkt,N2,5,102,100,동사,verb,湿る,しめる,"축축해지다,습기차다",湿る,しめる,,"축축해지다,습기차다",word,1,w_612c56c89cfd6492,N3,exact,1,verified,
mkt_n2_p005_o0103,mkt_n2,MKT_JLPT_word-N2.pdf,mkt,N2,5,103,101,동사,verb,招待する,しょうたいする,초대하다,招待する,しょうたいする,,초대하다,word,1,,,new,1,verified,
mkt_n2_p005_o0104,mkt_n2,MKT_JLPT_word-N2.pdf,mkt,N2,5,104,102,동사,verb,救う,すくう,"구하다,구조하다",救う,すくう,,"구하다,구조하다",word,1,w_30ea9773a98bcf49,N3,exact,1,verified,
mkt_n2_p005_o0105,mkt_n2,MKT_JLPT_word-N2.pdf,mkt,N2,5,105,103,동사,verb,優れる,すぐれる,우수하다,優れる,すぐれる,,우수하다,word,1,w_d0d3f900576edd1c,N3,exact,1,verified,
mkt_n2_p005_o0106,mkt_n2,MKT_JLPT_word-N2.pdf,mkt,N2,5,106,104,동사,verb,勧める,すすめる,"권하다,추천하다",勧める,すすめる,,"권하다,추천하다",word,1,w_ec7304df5158c7dc,N3,exact,1,verified,
mkt_n2_p005_o0107,mkt_n2,MKT_JLPT_word-N2.pdf,mkt,N2,5,107,105,동사,verb,捨てる,すてる,버리다,捨てる,すてる,,버리다,word,1,w_b6b49f13cc187ba2,N4,exact,1,verified,
mkt_n2_p005_o0108,mkt_n2,MKT_JLPT_word-N2.pdf,mkt,N2,5,108,106,동사,verb,済む,すむ,끝나다(해결),済む,すむ,,끝나다(해결),word,1,w_bbdc96d19c84ef9b,N4,exact,1,verified,
mkt_n2_p005_o0109,mkt_n2,MKT_JLPT_word-N2.pdf,mkt,N2,5,109,107,동사,verb,狭める,せばめる,좁히다,狭める,せばめる,,좁히다,word,1,,,new,1,verified,
mkt_n2_p005_o0110,mkt_n2,MKT_JLPT_word-N2.pdf,mkt,N2,5,110,108,동사,verb,迫る,せまる,"육박하다,다가오다",迫る,せまる,,"육박하다,다가오다",word,1,w_ce074da93c71d0ea,N2,exact,1,verified,
mkt_n2_p005_o0111,mkt_n2,MKT_JLPT_word-N2.pdf,mkt,N2,5,111,109,동사,verb,遭遇する,そうぐうする,"조우하다,우연히만나다",遭遇する,そうぐうする,,"조우하다,우연히만나다",word,1,,,new,1,verified,
mkt_n2_p005_o0112,mkt_n2,MKT_JLPT_word-N2.pdf,mkt,N2,5,112,110,동사,verb,添える,そえる,"첨부하다,덧붙이다",添える,そえる,,"첨부하다,덧붙이다",word,1,w_b928cdb03bdf7afb,N1,exact,1,verified,
mkt_n2_p005_o0113,mkt_n2,MKT_JLPT_word-N2.pdf,mkt,N2,5,113,111,동사,verb,属する,ぞくする,속하다,属する,ぞくする,,속하다,word,1,w_385c4af3d83f8abf,N2,exact,1,verified,
mkt_n2_p005_o0114,mkt_n2,MKT_JLPT_word-N2.pdf,mkt,N2,5,114,112,동사,verb,注ぐ,そそぐ,"붓다,따르다",注ぐ,そそぐ,,"붓다,따르다",word,1,,,surface_only,1,verified,
mkt_n2_p005_o0115,mkt_n2,MKT_JLPT_word-N2.pdf,mkt,N2,5,115,113,동사,verb,備える,そなえる,"준비하다,구비하다",備える,そなえる,,"준비하다,구비하다",word,1,w_b01161cb912e4006,N3,exact,1,verified,
mkt_n2_p005_o0116,mkt_n2,MKT_JLPT_word-N2.pdf,mkt,N2,5,116,114,동사,verb,染める,そめる,물들이다,染める,そめる,,물들이다,word,1,w_0e77500820c5c9b9,N1,exact,1,verified,
mkt_n2_p005_o0117,mkt_n2,MKT_JLPT_word-N2.pdf,mkt,N2,5,117,115,동사,verb,揃う,そろう,갖추어지다,揃う,そろう,,갖추어지다,word,1,w_babcfcaa13475a3f,N3,exact,1,verified,
mkt_n2_p005_o0118,mkt_n2,MKT_JLPT_word-N2.pdf,mkt,N2,5,118,116,동사,verb,耐える,たえる,"참다,인내하다",耐える,たえる,,"참다,인내하다",word,1,w_65973e3dcc47994c,N1,exact,1,verified,
mkt_n2_p005_o0119,mkt_n2,MKT_JLPT_word-N2.pdf,mkt,N2,5,119,117,동사,verb,倒す,たおす,쓰러뜨리다,倒す,たおす,,쓰러뜨리다,word,1,w_bc6f719a9a2f3619,N3,exact,1,verified,
mkt_n2_p005_o0120,mkt_n2,MKT_JLPT_word-N2.pdf,mkt,N2,5,120,118,동사,verb,倒れる,たおれる,쓰러지다,倒れる,たおれる,,쓰러지다,word,1,w_d3d82a7140e0780e,N4,exact,1,verified,
mkt_n2_p005_o0121,mkt_n2,MKT_JLPT_word-N2.pdf,mkt,N2,5,121,119,동사,verb,確かめる,たしかめる,확인하다,確かめる,たしかめる,,확인하다,word,1,w_79aa315fe2fb6fed,N3,exact,1,verified,
mkt_n2_p005_o0122,mkt_n2,MKT_JLPT_word-N2.pdf,mkt,N2,5,122,120,동사,verb,経つ,たつ,"경과하다,지나다",経つ,たつ,,"경과하다,지나다",word,1,w_f9cbb66f95c14ac7,N3,exact,1,verified,
mkt_n2_p005_o0123,mkt_n2,MKT_JLPT_word-N2.pdf,mkt,N2,5,123,121,동사,verb,達する,たっする,달하다,達する,たっする,,달하다,word,1,w_5851f1d0598bc818,N3,exact,1,verified,
mkt_n2_p005_o0124,mkt_n2,MKT_JLPT_word-N2.pdf,mkt,N2,5,124,122,동사,verb,頼む,たのむ,부탁하다,頼む,たのむ,,부탁하다,word,1,,,new,1,verified,
mkt_n2_p005_o0125,mkt_n2,MKT_JLPT_word-N2.pdf,mkt,N2,5,125,123,동사,verb,黙る,だまる,"잠자코있다,침묵하다",黙る,だまる,,"잠자코있다,침묵하다",word,1,w_ca75d89cd5674c1a,N3,exact,1,verified,
mkt_n2_p005_o0126,mkt_n2,MKT_JLPT_word-N2.pdf,mkt,N2,5,126,124,동사,verb,保つ,たもつ,"유지하다,보존하다",保つ,たもつ,,"유지하다,보존하다",word,1,w_c2668e4001e32c8e,N1,exact,1,verified,
mkt_n2_p005_o0127,mkt_n2,MKT_JLPT_word-N2.pdf,mkt,N2,5,127,125,동사,verb,近づく,ちかづく,다가가다,近づく,ちかづく,,다가가다,word,1,,,new,1,verified,
mkt_n2_p005_o0128,mkt_n2,MKT_JLPT_word-N2.pdf,mkt,N2,5,128,126,동사,verb,縮む,ちぢむ,"줄어들다,쪼글쪼글해지다",縮む,ちぢむ,,"줄어들다,쪼글쪼글해지다",word,1,w_8be340d88d6ef67c,N2,exact,1,verified,
mkt_n2_p006_o0129,mkt_n2,MKT_JLPT_word-N2.pdf,mkt,N2,6,129,127,동사,verb,散らす,ちらす,"어지르다,흩뜨리다",散らす,ちらす,,"어지르다,흩뜨리다",word,1,,,new,1,verified,
mkt_n2_p006_o0130,mkt_n2,MKT_JLPT_word-N2.pdf,mkt,N2,6,130,128,동사,verb,費やす,ついやす,다소비하다,費やす,ついやす,,다소비하다,word,1,w_5c2a64f1bb1fb091,N1,exact,1,verified,
mkt_n2_p006_o0131,mkt_n2,MKT_JLPT_word-N2.pdf,mkt,N2,6,131,129,동사,verb,通じる,つうじる,"(언어,마음등이)통하다",通じる,つうじる,,"(언어,마음등이)통하다",word,1,w_6a8cbbaf0dac6a7b,N3,exact,1,verified,
mkt_n2_p006_o0132,mkt_n2,MKT_JLPT_word-N2.pdf,mkt,N2,6,132,130,동사,verb,捕まる,つかまる,붙잡히다,捕まる,つかまる,,붙잡히다,word,1,w_ed59200465195b5f,N3,exact,1,verified,
mkt_n2_p006_o0133,mkt_n2,MKT_JLPT_word-N2.pdf,mkt,N2,6,133,131,동사,verb,就く,つく,"(지위에)오르다,취임하다",就く,つく,,"(지위에)오르다,취임하다",word,1,w_1512b858849af4c6,N3,exact,1,verified,
mkt_n2_p006_o0134,mkt_n2,MKT_JLPT_word-N2.pdf,mkt,N2,6,134,132,동사,verb,続く,つづく,계속되다,続く,つづく,,계속되다,word,1,w_e4d92983c0567b12,N4,exact,1,verified,
mkt_n2_p006_o0135,mkt_n2,MKT_JLPT_word-N2.pdf,mkt,N2,6,135,133,동사,verb,務める,つとめる,"(임무를)맡다,역할을다하다",務める,つとめる,,"(임무를)맡다,역할을다하다",word,1,w_84b9dbc13150df11,N2,exact,1,verified,
mkt_n2_p006_o0136,mkt_n2,MKT_JLPT_word-N2.pdf,mkt,N2,6,136,134,동사,verb,繋がる,つながる,"연결되다,이어지다",繋がる,つながる,,"연결되다,이어지다",word,1,w_26ac0b49fb4caf53,N2,exact,1,verified,
mkt_n2_p006_o0137,mkt_n2,MKT_JLPT_word-N2.pdf,mkt,N2,6,137,135,동사,verb,潰れる,つぶれる,"찌부러지다,망하다",潰れる,つぶれる,,"찌부러지다,망하다",word,1,w_3a5c6613dc9a1ad9,N2,exact,1,verified,
mkt_n2_p006_o0138,mkt_n2,MKT_JLPT_word-N2.pdf,mkt,N2,6,138,136,동사,verb,詰まる,つまる,"막히다,꽉차다",詰まる,つまる,,"막히다,꽉차다",word,1,w_25c295e6bfa0e5ae,N2,exact,1,verified,
mkt_n2_p006_o0139,mkt_n2,MKT_JLPT_word-N2.pdf,mkt,N2,6,139,137,동사,verb,積み重ねる,つみかさねる,"겹겹이쌓다,쌓아올리다",積み重ねる,つみかさねる,,"겹겹이쌓다,쌓아올리다",word,1,,,new,1,verified,
mkt_n2_p006_o0140,mkt_n2,MKT_JLPT_word-N2.pdf,mkt,N2,6,140,138,동사,verb,積む,つむ,쌓다,積む,つむ,,쌓다,word,1,w_3e446bd71ab34947,N2,exact,1,verified,
mkt_n2_p006_o0141,mkt_n2,MKT_JLPT_word-N2.pdf,mkt,N2,6,141,139,동사,verb,詰め込む,つめこむ,채워넣다,詰め込む,つめこむ,,채워넣다,word,1,,,new,1,verified,
mkt_n2_p006_o0142,mkt_n2,MKT_JLPT_word-N2.pdf,mkt,N2,6,142,140,동사,verb,連れる,つれる,동반하다,連れる,つれる,,동반하다,word,1,w_ca0283f59a673c34,N4,exact,1,verified,
mkt_n2_p006_o0143,mkt_n2,MKT_JLPT_word-N2.pdf,mkt,N2,6,143,141,동사,verb,出来上がる,できあがる,완성되다,出来上がる,できあがる,,완성되다,word,1,w_45f7f8d1891332c0,N2,exact,1,verified,
mkt_n2_p006_o0144,mkt_n2,MKT_JLPT_word-N2.pdf,mkt,N2,6,144,142,동사,verb,適応する,てきおうする,적응하다,適応する,てきおうする,,적응하다,word,1,,,new,1,verified,
mkt_n2_p006_o0145,mkt_n2,MKT_JLPT_word-N2.pdf,mkt,N2,6,145,143,동사,verb,徹底する,てっていする,철저하다,徹底する,てっていする,,철저하다,word,1,,,new,1,verified,
mkt_n2_p006_o0146,mkt_n2,MKT_JLPT_word-N2.pdf,mkt,N2,6,146,144,동사,verb,転じる,てんじる,<타동사>바꾸다,転じる,てんじる,,<타동사>바꾸다,word,1,w_749c0a779d203409,N1,exact,1,verified,
mkt_n2_p006_o0147,mkt_n2,MKT_JLPT_word-N2.pdf,mkt,N2,6,147,145,동사,verb,伝染する,でんせんする,전염되다,伝染する,でんせんする,,전염되다,word,1,,,new,1,verified,
mkt_n2_p006_o0148,mkt_n2,MKT_JLPT_word-N2.pdf,mkt,N2,6,148,146,동사,verb,問い合わせる,といあわせる,문의하다,問い合わせる,といあわせる,,문의하다,word,1,w_be45bc6bb7ee0f57,N1,exact,1,verified,
mkt_n2_p006_o0149,mkt_n2,MKT_JLPT_word-N2.pdf,mkt,N2,6,149,147,동사,verb,溶かす,とかす,녹이다,溶かす,とかす,,녹이다,word,1,w_fa2ff8beaa0a7102,N2,exact,1,verified,
mkt_n2_p006_o0150,mkt_n2,MKT_JLPT_word-N2.pdf,mkt,N2,6,150,148,동사,verb,届ける,とどける,"보내다, 배달하다, (관청 등에) 신고하다",届ける,とどける,,"보내다, 배달하다, (관청 등에) 신고하다",word,1,w_2ba511e80b7518cd,N4,exact,0,verified,PDF 표 행 경계를 원문과 대조하여 교정
mkt_n2_p006_o0151,mkt_n2,MKT_JLPT_word-N2.pdf,mkt,N2,6,151,149,동사,verb,整える,ととのえる,정돈하다,整える,ととのえる,,정돈하다,word,1,w_d773d232abeabf52,N1,exact,1,verified,
mkt_n2_p006_o0152,mkt_n2,MKT_JLPT_word-N2.pdf,mkt,N2,6,152,150,동사,verb,伴う,ともなう,동반하다,伴う,ともなう,,동반하다,word,1,w_e4fd38db232623ef,N1,exact,1,verified,
mkt_n2_p006_o0153,mkt_n2,MKT_JLPT_word-N2.pdf,mkt,N2,6,153,151,동사,verb,取り上げる,とりあげる,"집어들다,채택하다",取り上げる,とりあげる,,"집어들다,채택하다",word,1,,,new,1,verified,
mkt_n2_p006_o0154,mkt_n2,MKT_JLPT_word-N2.pdf,mkt,N2,6,154,152,동사,verb,取り扱う,とりあつかう,취급하다,取り扱う,とりあつかう,,취급하다,word,1,w_18904ffc4733404c,N1,exact,1,verified,
mkt_n2_p006_o0155,mkt_n2,MKT_JLPT_word-N2.pdf,mkt,N2,6,155,153,동사,verb,取り入れる,とりいれる,받아들이다,取り入れる,とりいれる,,받아들이다,word,1,w_728f3fff42bfc4e5,N2,exact,1,verified,
mkt_n2_p006_o0156,mkt_n2,MKT_JLPT_word-N2.pdf,mkt,N2,6,156,154,동사,verb,取り組む,とりくむ,"맞붙다,몰두하다",取り組む,とりくむ,,"맞붙다,몰두하다",word,1,w_51492880f4ff54fb,N1,exact,1,verified,
mkt_n2_p006_o0157,mkt_n2,MKT_JLPT_word-N2.pdf,mkt,N2,6,157,155,동사,verb,取り除く,とりのぞく,"제거하다,없애다",取り除く,とりのぞく,,"제거하다,없애다",word,1,w_bedd038e5370599e,N1,exact,1,verified,
mkt_n2_p006_o0158,mkt_n2,MKT_JLPT_word-N2.pdf,mkt,N2,6,158,156,동사,verb,眺める,ながめる,"바라보다,조망하다",眺める,ながめる,,"바라보다,조망하다",word,1,w_20b347bf766c1720,N3,exact,1,verified,
mkt_n2_p006_o0159,mkt_n2,MKT_JLPT_word-N2.pdf,mkt,N2,6,159,157,동사,verb,嘆く,なげく,한탄하다,嘆く,なげく,,한탄하다,word,1,w_d5a86ece23e0f3b9,N1,exact,1,verified,
mkt_n2_p007_o0160,mkt_n2,MKT_JLPT_word-N2.pdf,mkt,N2,7,160,158,동사,verb,納得する,なっとくする,납득하다,納得する,なっとくする,,납득하다,word,1,,,new,1,verified,
mkt_n2_p007_o0161,mkt_n2,MKT_JLPT_word-N2.pdf,mkt,N2,7,161,159,동사,verb,悩む,なやむ,고민하다,悩む,なやむ,,고민하다,word,1,w_3deb1341b958f12c,N3,exact,1,verified,
mkt_n2_p007_o0162,mkt_n2,MKT_JLPT_word-N2.pdf,mkt,N2,7,162,160,동사,verb,鳴る,なる,울리다,鳴る,なる,,울리다,word,1,w_1ee9b85dab53107b,N4,exact,1,verified,
mkt_n2_p007_o0163,mkt_n2,MKT_JLPT_word-N2.pdf,mkt,N2,7,163,161,동사,verb,慣れる,なれる,"적응되다,익숙하다",慣れる,なれる,,"적응되다,익숙하다",word,1,w_3b7bb6f69b70efcf,N4,exact,1,verified,
mkt_n2_p007_o0164,mkt_n2,MKT_JLPT_word-N2.pdf,mkt,N2,7,164,162,동사,verb,担う,になう,"짊어지다,메다",担う,になう,,"짊어지다,메다",word,1,w_400d9fcf33c3211e,N1,exact,1,verified,
mkt_n2_p007_o0165,mkt_n2,MKT_JLPT_word-N2.pdf,mkt,N2,7,165,163,동사,verb,抜く,ぬく,"뽑다,빼다",抜く,ぬく,,"뽑다,빼다",word,1,w_3ad3ada30c990fec,N3,exact,1,verified,
mkt_n2_p007_o0166,mkt_n2,MKT_JLPT_word-N2.pdf,mkt,N2,7,166,164,동사,verb,願う,ねがう,"원하다,바라다",願う,ねがう,,"원하다,바라다",word,1,w_6388a0edfae62aee,N3,exact,1,verified,
mkt_n2_p007_o0167,mkt_n2,MKT_JLPT_word-N2.pdf,mkt,N2,7,167,165,동사,verb,逃す,のがす,놓치다,逃す,のがす,,놓치다,word,1,w_28421d0ff2040985,N1,exact,1,verified,
mkt_n2_p007_o0168,mkt_n2,MKT_JLPT_word-N2.pdf,mkt,N2,7,168,166,동사,verb,伸ばす,のばす,"늘리다,신장시키다",伸ばす,のばす,,"늘리다,신장시키다",word,1,,,new,1,verified,
mkt_n2_p007_o0169,mkt_n2,MKT_JLPT_word-N2.pdf,mkt,N2,7,169,167,동사,verb,伸びる,のびる,"늘다,신장하다",伸びる,のびる,,"늘다,신장하다",word,1,,,new,1,verified,
mkt_n2_p007_o0170,mkt_n2,MKT_JLPT_word-N2.pdf,mkt,N2,7,170,168,동사,verb,述べる,のべる,진술하다,述べる,のべる,,진술하다,word,1,w_a9bca4889b2b33c1,N3,exact,1,verified,
mkt_n2_p007_o0171,mkt_n2,MKT_JLPT_word-N2.pdf,mkt,N2,7,171,169,동사,verb,拝見する,はいけんする,"'보다,읽다'의겸양",拝見する,はいけんする,,"'보다,읽다'의겸양",word,1,,,new,1,verified,
mkt_n2_p007_o0172,mkt_n2,MKT_JLPT_word-N2.pdf,mkt,N2,7,172,170,동사,verb,測る,はかる,"측량하다,재다",測る,はかる,,"측량하다,재다",word,1,w_e7f479187f36afac,N3,exact,1,verified,
mkt_n2_p007_o0173,mkt_n2,MKT_JLPT_word-N2.pdf,mkt,N2,7,173,171,동사,verb,吐き出す,はきだす,"토해내다,내뱉다",吐き出す,はきだす,,"토해내다,내뱉다",word,1,,,new,1,verified,
mkt_n2_p007_o0174,mkt_n2,MKT_JLPT_word-N2.pdf,mkt,N2,7,174,172,동사,verb,励む,はげむ,힘쓰다,励む,はげむ,,힘쓰다,word,1,w_58320aa77025e364,N1,exact,1,verified,
mkt_n2_p007_o0175,mkt_n2,MKT_JLPT_word-N2.pdf,mkt,N2,7,175,173,동사,verb,外す,はずす,"떼다,풀다",外す,はずす,,"떼다,풀다",word,1,,,new,1,verified,
mkt_n2_p007_o0176,mkt_n2,MKT_JLPT_word-N2.pdf,mkt,N2,7,176,174,동사,verb,外れる,はずれる,"벗겨지다,제외되다",外れる,はずれる,,"벗겨지다,제외되다",word,1,w_553accd30cbca2d8,N2,exact,1,verified,
mkt_n2_p007_o0177,mkt_n2,MKT_JLPT_word-N2.pdf,mkt,N2,7,177,175,동사,verb,果たす,はたす,"완수하다,다하다",果たす,はたす,,"완수하다,다하다",word,1,w_730e1fe919e7f52c,N1,exact,1,verified,
mkt_n2_p007_o0178,mkt_n2,MKT_JLPT_word-N2.pdf,mkt,N2,7,178,176,동사,verb,離れる,はなれる,"멀어지다,떨어지다",離れる,はなれる,,"멀어지다,떨어지다",word,1,w_8af2dcec89816cdb,N3,exact,1,verified,
mkt_n2_p007_o0179,mkt_n2,MKT_JLPT_word-N2.pdf,mkt,N2,7,179,177,동사,verb,省く,はぶく,생략하다,省く,はぶく,,생략하다,word,1,w_bced5624ed349002,N3,exact,1,verified,
mkt_n2_p007_o0180,mkt_n2,MKT_JLPT_word-N2.pdf,mkt,N2,7,180,178,동사,verb,冷える,ひえる,"차가워지다,추워지다",冷える,ひえる,,"차가워지다,추워지다",word,1,w_e31aefb75328a9e0,N4,exact,1,verified,
mkt_n2_p007_o0181,mkt_n2,MKT_JLPT_word-N2.pdf,mkt,N2,7,181,179,동사,verb,引き受ける,ひきうける,떠맡다,引き受ける,ひきうける,,떠맡다,word,1,,,new,1,verified,
mkt_n2_p007_o0182,mkt_n2,MKT_JLPT_word-N2.pdf,mkt,N2,7,182,180,동사,verb,引き渡す,ひきわたす,"넘겨주다,인도하다",引き渡す,ひきわたす,,"넘겨주다,인도하다",word,1,,,new,1,verified,
mkt_n2_p007_o0183,mkt_n2,MKT_JLPT_word-N2.pdf,mkt,N2,7,183,181,동사,verb,広げる,ひろげる,넓히다,広げる,ひろげる,,넓히다,word,1,w_ad5a190c8bd92d95,N2,exact,1,verified,
mkt_n2_p007_o0184,mkt_n2,MKT_JLPT_word-N2.pdf,mkt,N2,7,184,182,동사,verb,増える,ふえる,"늘다,증가하다",増える,ふえる,,"늘다,증가하다",word,1,w_ffefb3b5ec05aab1,N4,exact,1,verified,
mkt_n2_p007_o0185,mkt_n2,MKT_JLPT_word-N2.pdf,mkt,N2,7,185,183,동사,verb,深める,ふかめる,깊게하다,深める,ふかめる,,깊게하다,word,1,,,new,1,verified,
mkt_n2_p007_o0186,mkt_n2,MKT_JLPT_word-N2.pdf,mkt,N2,7,186,184,동사,verb,含む,ふくむ,포함하다,含む,ふくむ,,포함하다,word,1,w_d13ada57a54b9680,N3,exact,1,verified,
mkt_n2_p007_o0187,mkt_n2,MKT_JLPT_word-N2.pdf,mkt,N2,7,187,185,동사,verb,膨らむ,ふくらむ,"(꿈,계획등이)부풀다",膨らむ,ふくらむ,,"(꿈,계획등이)부풀다",word,1,w_147eb0a93b379aea,N2,exact,1,verified,
mkt_n2_p007_o0188,mkt_n2,MKT_JLPT_word-N2.pdf,mkt,N2,7,188,186,동사,verb,防ぐ,ふせぐ,"막다,방지하다",防ぐ,ふせぐ,,"막다,방지하다",word,1,w_98ab7b2cbcdd104e,N3,exact,1,verified,
mkt_n2_p007_o0189,mkt_n2,MKT_JLPT_word-N2.pdf,mkt,N2,7,189,187,동사,verb,踏み出す,ふみだす,"내딛다,착수하다",踏み出す,ふみだす,,"내딛다,착수하다",word,1,,,new,1,verified,
mkt_n2_p007_o0190,mkt_n2,MKT_JLPT_word-N2.pdf,mkt,N2,7,190,188,동사,verb,踏む,ふむ,밟다,踏む,ふむ,,밟다,word,1,w_4e59acd18f33cb3c,N4,exact,1,verified,
mkt_n2_p007_o0191,mkt_n2,MKT_JLPT_word-N2.pdf,mkt,N2,7,191,189,동사,verb,振り返る,ふりかえる,"뒤돌아보다,돌이켜보다",振り返る,ふりかえる,,"뒤돌아보다,돌이켜보다",word,1,w_fe5aa65deefa4fd4,N1,exact,1,verified,
mkt_n2_p008_o0192,mkt_n2,MKT_JLPT_word-N2.pdf,mkt,N2,8,192,190,동사,verb,振り込む,ふりこむ,"납입하다,불입하다",振り込む,ふりこむ,,"납입하다,불입하다",word,1,,,new,1,verified,
mkt_n2_p008_o0193,mkt_n2,MKT_JLPT_word-N2.pdf,mkt,N2,8,193,191,동사,verb,振り向く,ふりむく,뒤돌아보다,振り向く,ふりむく,,뒤돌아보다,word,1,w_d18953f3f8dc760f,N2,exact,1,verified,
mkt_n2_p008_o0194,mkt_n2,MKT_JLPT_word-N2.pdf,mkt,N2,8,194,192,동사,verb,触れる,ふれる,<자동사> 닿다 <타동사> 만지다,触れる,ふれる,,<자동사> 닿다 <타동사> 만지다,word,1,,,new,0,verified,PDF 표 행 경계를 원문과 대조하여 교정
mkt_n2_p008_o0195,mkt_n2,MKT_JLPT_word-N2.pdf,mkt,N2,8,195,193,동사,verb,隔てる,へだてる,"사이를두다,칸을두다",隔てる,へだてる,,"사이를두다,칸을두다",word,1,w_c3999c5c14ebdf53,N2,exact,1,verified,
mkt_n2_p008_o0196,mkt_n2,MKT_JLPT_word-N2.pdf,mkt,N2,8,196,194,동사,verb,減る,へる,"줄다,감소하다",減る,へる,,"줄다,감소하다",word,1,,,new,1,verified,
mkt_n2_p008_o0197,mkt_n2,MKT_JLPT_word-N2.pdf,mkt,N2,8,197,195,동사,verb,保存する,ほぞんする,보존하다,保存する,ほぞんする,,보존하다,word,1,,,new,1,verified,
mkt_n2_p008_o0198,mkt_n2,MKT_JLPT_word-N2.pdf,mkt,N2,8,198,196,동사,verb,参る,まいる,"'오다,가다'의겸양",参る,まいる,,"'오다,가다'의겸양",word,1,w_a00c5f2c53808bc1,N4,exact,1,verified,
mkt_n2_p008_o0199,mkt_n2,MKT_JLPT_word-N2.pdf,mkt,N2,8,199,197,동사,verb,任せる,まかせる,맡기다,任せる,まかせる,,맡기다,word,1,,,new,1,verified,
mkt_n2_p008_o0200,mkt_n2,MKT_JLPT_word-N2.pdf,mkt,N2,8,200,198,동사,verb,負ける,まける,지다,負ける,まける,,지다,word,1,w_9c04a3579a2ed108,N4,exact,1,verified,
mkt_n2_p008_o0201,mkt_n2,MKT_JLPT_word-N2.pdf,mkt,N2,8,201,199,동사,verb,混ぜる,まぜる,"섞다,혼합하다",混ぜる,まぜる,,"섞다,혼합하다",word,1,w_08116245559f84d3,N3,exact,1,verified,
mkt_n2_p008_o0202,mkt_n2,MKT_JLPT_word-N2.pdf,mkt,N2,8,202,200,동사,verb,纏める,まとめる,정리하다,纏める,まとめる,,정리하다,word,1,,,new,1,verified,
mkt_n2_p008_o0203,mkt_n2,MKT_JLPT_word-N2.pdf,mkt,N2,8,203,201,동사,verb,惑わす,まどわす,"현혹시키다,유혹하다",惑わす,まどわす,,"현혹시키다,유혹하다",word,1,,,new,1,verified,
mkt_n2_p008_o0204,mkt_n2,MKT_JLPT_word-N2.pdf,mkt,N2,8,204,202,동사,verb,招く,まねく,"초대하다,부르다",招く,まねく,,"초대하다,부르다",word,1,,,new,1,verified,
mkt_n2_p008_o0205,mkt_n2,MKT_JLPT_word-N2.pdf,mkt,N2,8,205,203,동사,verb,迷う,まよう,"망설이다,헤매다",迷う,まよう,,"망설이다,헤매다",word,1,w_2a06729151a7f727,N3,exact,1,verified,
mkt_n2_p008_o0206,mkt_n2,MKT_JLPT_word-N2.pdf,mkt,N2,8,206,204,동사,verb,見い出す,みいだす,"찾아내다,발견하다",見い出す,みいだす,,"찾아내다,발견하다",word,1,,,new,1,verified,
mkt_n2_p008_o0207,mkt_n2,MKT_JLPT_word-N2.pdf,mkt,N2,8,207,205,동사,verb,磨く,みがく,"닦다,연마하다",磨く,みがく,,"닦다,연마하다",word,1,,,new,1,verified,
mkt_n2_p008_o0208,mkt_n2,MKT_JLPT_word-N2.pdf,mkt,N2,8,208,206,동사,verb,満たす,みたす,"채우다,충족시키다",満たす,みたす,,"채우다,충족시키다",word,1,w_5cd6e180767c9102,N1,exact,1,verified,
mkt_n2_p008_o0209,mkt_n2,MKT_JLPT_word-N2.pdf,mkt,N2,8,209,207,동사,verb,乱れる,みだれる,"흐트러지다,혼란해지다",乱れる,みだれる,,"흐트러지다,혼란해지다",word,1,w_3a4e24b35de8eb78,N1,exact,1,verified,
mkt_n2_p008_o0210,mkt_n2,MKT_JLPT_word-N2.pdf,mkt,N2,8,210,208,동사,verb,見直す,みなおす,"다시보다,재검토하다",見直す,みなおす,,"다시보다,재검토하다",word,1,w_4112a580f69fdbb0,N2,exact,1,verified,
mkt_n2_p008_o0211,mkt_n2,MKT_JLPT_word-N2.pdf,mkt,N2,8,211,209,동사,verb,見慣れる,みなれる,눈에익숙하다,見慣れる,みなれる,,눈에익숙하다,word,1,w_8452ac29c02b0af6,N2,exact,1,verified,
mkt_n2_p008_o0212,mkt_n2,MKT_JLPT_word-N2.pdf,mkt,N2,8,212,210,동사,verb,見分ける,みわける,"분간하다,분별하다",見分ける,みわける,,"분간하다,분별하다",word,1,,,new,1,verified,
mkt_n2_p008_o0213,mkt_n2,MKT_JLPT_word-N2.pdf,mkt,N2,8,213,211,동사,verb,結ぶ,むすぶ,"맺다,묶다",結ぶ,むすぶ,,"맺다,묶다",word,1,w_143c436b93a80521,N3,exact,1,verified,
mkt_n2_p008_o0214,mkt_n2,MKT_JLPT_word-N2.pdf,mkt,N2,8,214,212,동사,verb,恵まれる,めぐまれる,"혜택받다,은혜받다",恵まれる,めぐまれる,,"혜택받다,은혜받다",word,1,w_865bf62197097b3c,N2,exact,1,verified,
mkt_n2_p008_o0215,mkt_n2,MKT_JLPT_word-N2.pdf,mkt,N2,8,215,213,동사,verb,目指す,めざす,"지향하다,목표하다",目指す,めざす,,"지향하다,목표하다",word,1,w_b5163718fa24fb88,N2,exact,1,verified,
mkt_n2_p008_o0216,mkt_n2,MKT_JLPT_word-N2.pdf,mkt,N2,8,216,214,동사,verb,申し上げる,もうしあげる,말씀드리다('言う'의 겸양),申し上げる,もうしあげる,,말씀드리다('言う'의 겸양),word,1,w_c206a8fc4ff2a0e5,N4,exact,1,verified,
mkt_n2_p008_o0217,mkt_n2,MKT_JLPT_word-N2.pdf,mkt,N2,8,217,215,동사,verb,燃える,もえる,타다,燃える,もえる,,타다,word,1,w_89e1cfbd692de1ad,N3,exact,1,verified,
mkt_n2_p008_o0218,mkt_n2,MKT_JLPT_word-N2.pdf,mkt,N2,8,218,216,동사,verb,潜る,もぐる,잠수하다,潜る,もぐる,,잠수하다,word,1,w_a9cf95cd2784ee08,N2,exact,1,verified,
mkt_n2_p008_o0219,mkt_n2,MKT_JLPT_word-N2.pdf,mkt,N2,8,219,217,동사,verb,用いる,もちいる,"쓰다,이용하다",用いる,もちいる,,"쓰다,이용하다",word,1,w_345f5e4ff527fb67,N3,exact,1,verified,
mkt_n2_p008_o0220,mkt_n2,MKT_JLPT_word-N2.pdf,mkt,N2,8,220,218,동사,verb,基づく,もとづく,근거하다,基づく,もとづく,,근거하다,word,1,w_457687f9198bb11e,N3,exact,1,verified,
mkt_n2_p008_o0221,mkt_n2,MKT_JLPT_word-N2.pdf,mkt,N2,8,221,219,동사,verb,求める,もとめる,구하다(요구),求める,もとめる,,구하다(요구),word,1,w_8e089538a74f503e,N3,exact,1,verified,
mkt_n2_p008_o0222,mkt_n2,MKT_JLPT_word-N2.pdf,mkt,N2,8,222,220,동사,verb,催す,もよおす,개최하다,催す,もよおす,,개최하다,word,1,w_f5f19f69e53af0ce,N1,exact,1,verified,
mkt_n2_p008_o0223,mkt_n2,MKT_JLPT_word-N2.pdf,mkt,N2,8,223,221,동사,verb,盛り上がる,もりあがる,"(분위기가)고조되다,솟아오르다",盛り上がる,もりあがる,,"(분위기가)고조되다,솟아오르다",word,1,w_a4466cfa3021997b,N1,exact,1,verified,
mkt_n2_p009_o0224,mkt_n2,MKT_JLPT_word-N2.pdf,mkt,N2,9,224,222,동사,verb,漏れる,もれる,새다(누수),漏れる,もれる,,새다(누수),word,1,w_92ab6aa6e6c13b18,N1,exact,1,verified,
mkt_n2_p009_o0225,mkt_n2,MKT_JLPT_word-N2.pdf,mkt,N2,9,225,223,동사,verb,養う,やしなう,"기르다,양육하다",養う,やしなう,,"기르다,양육하다",word,1,w_d987b1d8bd0c3c4e,N1,exact,1,verified,
mkt_n2_p009_o0226,mkt_n2,MKT_JLPT_word-N2.pdf,mkt,N2,9,226,224,동사,verb,破れる,やぶれる,찢어지다,破れる,やぶれる,,찢어지다,word,1,w_c4fb7b4c678f1889,N3,exact,1,verified,
mkt_n2_p009_o0227,mkt_n2,MKT_JLPT_word-N2.pdf,mkt,N2,9,227,225,동사,verb,譲る,ゆずる,"양보하다,양도하다",譲る,ゆずる,,"양보하다,양도하다",word,1,w_5fc6f3395ad821a2,N3,exact,1,verified,
mkt_n2_p009_o0228,mkt_n2,MKT_JLPT_word-N2.pdf,mkt,N2,9,228,226,동사,verb,輸入する,ゆにゅうする,수입하다,輸入する,ゆにゅうする,,수입하다,word,1,,,new,1,verified,
mkt_n2_p009_o0229,mkt_n2,MKT_JLPT_word-N2.pdf,mkt,N2,9,229,227,동사,verb,許す,ゆるす,"용서하다,허락하다",許す,ゆるす,,"용서하다,허락하다",word,1,w_6472552f0c0e1a6b,N3,exact,1,verified,
mkt_n2_p009_o0230,mkt_n2,MKT_JLPT_word-N2.pdf,mkt,N2,9,230,228,동사,verb,緩む,ゆるむ,느슨해지다,緩む,ゆるむ,,느슨해지다,word,1,w_c088e0d26a51102e,N1,exact,1,verified,
mkt_n2_p009_o0231,mkt_n2,MKT_JLPT_word-N2.pdf,mkt,N2,9,231,229,동사,verb,汚れる,よごれる,더러워지다,汚れる,よごれる,,더러워지다,word,1,w_f42a4366c467382a,N4,exact,1,verified,
mkt_n2_p009_o0232,mkt_n2,MKT_JLPT_word-N2.pdf,mkt,N2,9,232,230,동사,verb,寄せる,よせる,"밀려오다,다가오다",寄せる,よせる,,"밀려오다,다가오다",word,1,w_af850364c745e368,N2,exact,1,verified,
mkt_n2_p009_o0233,mkt_n2,MKT_JLPT_word-N2.pdf,mkt,N2,9,233,231,동사,verb,呼び止める,よびとめる,불러세우다,呼び止める,よびとめる,,불러세우다,word,1,w_9375044e7571e8e4,N1,exact,1,verified,
mkt_n2_p009_o0234,mkt_n2,MKT_JLPT_word-N2.pdf,mkt,N2,9,234,232,동사,verb,寄る,よる,들르다,寄る,よる,,들르다,word,1,w_ac21ad66d2a3ae57,N4,exact,1,verified,
mkt_n2_p009_o0235,mkt_n2,MKT_JLPT_word-N2.pdf,mkt,N2,9,235,233,동사,verb,略す,りゃくす,"생략하다,줄이다",略す,りゃくす,,"생략하다,줄이다",word,1,w_00318a2bf1c95fa1,N2,exact,1,verified,
mkt_n2_p009_o0236,mkt_n2,MKT_JLPT_word-N2.pdf,mkt,N2,9,236,234,동사,verb,湧く,わく,끓다,湧く,わく,,끓다,word,1,w_f87709f6a85bf0b8,N3,exact,1,verified,
mkt_n2_p009_o0237,mkt_n2,MKT_JLPT_word-N2.pdf,mkt,N2,9,237,235,동사,verb,渡る,わたる,건너다,渡る,わたる,,건너다,word,1,,,new,1,verified,
mkt_n2_p009_o0238,mkt_n2,MKT_JLPT_word-N2.pdf,mkt,N2,9,238,236,동사,verb,割り込む,わりこむ,끼어들다,割り込む,わりこむ,,끼어들다,word,1,,,new,1,verified,
mkt_n2_p009_o0239,mkt_n2,MKT_JLPT_word-N2.pdf,mkt,N2,9,239,237,い형용사,i_adjective,厚い,あつい,두껍다,厚い,あつい,,두껍다,word,1,w_ef8fe7df0ce0ca60,N5,exact,1,verified,
mkt_n2_p009_o0240,mkt_n2,MKT_JLPT_word-N2.pdf,mkt,N2,9,240,238,い형용사,i_adjective,怪しい,あやしい,"수상하다,이상하다",怪しい,あやしい,,"수상하다,이상하다",word,1,w_1582e294ca67e1c8,N2,exact,1,verified,
mkt_n2_p009_o0241,mkt_n2,MKT_JLPT_word-N2.pdf,mkt,N2,9,241,239,い형용사,i_adjective,荒い,あらい,거칠다,荒い,あらい,,거칠다,word,1,w_ffbffe59a26904d3,N2,exact,1,verified,
mkt_n2_p009_o0242,mkt_n2,MKT_JLPT_word-N2.pdf,mkt,N2,9,242,240,い형용사,i_adjective,痛ましい,いたましい,"가엽다,애처롭다",痛ましい,いたましい,,"가엽다,애처롭다",word,1,,,new,1,verified,
mkt_n2_p009_o0243,mkt_n2,MKT_JLPT_word-N2.pdf,mkt,N2,9,243,241,い형용사,i_adjective,薄暗い,うすぐらい,어슴푸레하다,薄暗い,うすぐらい,,어슴푸레하다,word,1,w_3758fb41bc01f78c,N2,exact,1,verified,
mkt_n2_p009_o0244,mkt_n2,MKT_JLPT_word-N2.pdf,mkt,N2,9,244,242,い형용사,i_adjective,思いがけない,おもいがけない,"의외이다,뜻밖이다",思いがけない,おもいがけない,,"의외이다,뜻밖이다",word,1,,,new,1,verified,
mkt_n2_p009_o0245,mkt_n2,MKT_JLPT_word-N2.pdf,mkt,N2,9,245,243,い형용사,i_adjective,重苦しい,おもくるしい,"답답하다,숨막히다",重苦しい,おもくるしい,,"답답하다,숨막히다",word,1,,,new,1,verified,
mkt_n2_p009_o0246,mkt_n2,MKT_JLPT_word-N2.pdf,mkt,N2,9,246,244,い형용사,i_adjective,浅い,あさい,얕다,浅い,あさい,,얕다,word,1,w_fb4ac5d5dc77f69f,N4,exact,1,verified,
mkt_n2_p009_o0247,mkt_n2,MKT_JLPT_word-N2.pdf,mkt,N2,9,247,245,い형용사,i_adjective,慌ただしい,あわただしい,분주하다,慌ただしい,あわただしい,,분주하다,word,1,w_29337b7262133b43,N2,exact,1,verified,
mkt_n2_p009_o0248,mkt_n2,MKT_JLPT_word-N2.pdf,mkt,N2,9,248,246,い형용사,i_adjective,偉い,えらい,"훌륭하다,위대하다",偉い,えらい,,"훌륭하다,위대하다",word,1,w_c0b93f1ba47eb477,N2,exact,1,verified,
mkt_n2_p010_o0249,mkt_n2,MKT_JLPT_word-N2.pdf,mkt,N2,10,249,247,い형용사,i_adjective,幼い,おさない,어리다,幼い,おさない,,어리다,word,1,w_a28bc11e96dedc2f,N3,exact,1,verified,
mkt_n2_p010_o0250,mkt_n2,MKT_JLPT_word-N2.pdf,mkt,N2,10,250,248,い형용사,i_adjective,恐ろしい,おそろしい,"두렵다,무섭다",恐ろしい,おそろしい,,"두렵다,무섭다",word,1,w_a4435942eb37a45e,N3,exact,1,verified,
mkt_n2_p010_o0251,mkt_n2,MKT_JLPT_word-N2.pdf,mkt,N2,10,251,249,い형용사,i_adjective,危うい,あやうい,위태롭다,危うい,あやうい,,위태롭다,word,1,w_27a36289d831db1d,N2,exact,1,verified,
mkt_n2_p010_o0252,mkt_n2,MKT_JLPT_word-N2.pdf,mkt,N2,10,252,250,い형용사,i_adjective,厳しい,きびしい,"엄하다,엄격하다",厳しい,きびしい,,"엄하다,엄격하다",word,1,w_1b23bca76df0323b,N4,exact,1,verified,
mkt_n2_p010_o0253,mkt_n2,MKT_JLPT_word-N2.pdf,mkt,N2,10,253,251,い형용사,i_adjective,悔しい,くやしい,"분하다,억울하다",悔しい,くやしい,,"분하다,억울하다",word,1,w_f33b6d9d38791a27,N3,exact,1,verified,
mkt_n2_p010_o0254,mkt_n2,MKT_JLPT_word-N2.pdf,mkt,N2,10,254,252,い형용사,i_adjective,詳しい,くわしい,"상세하다,자세하다",詳しい,くわしい,,"상세하다,자세하다",word,1,w_6ed7741bbeb5aae0,N3,exact,1,verified,
mkt_n2_p010_o0255,mkt_n2,MKT_JLPT_word-N2.pdf,mkt,N2,10,255,253,い형용사,i_adjective,険しい,けわしい,험하다,険しい,けわしい,,험하다,word,1,w_8b5eb77a7d8845c3,N2,exact,1,verified,
mkt_n2_p010_o0256,mkt_n2,MKT_JLPT_word-N2.pdf,mkt,N2,10,256,254,い형용사,i_adjective,細かい,こまかい,세세하다,細かい,こまかい,,세세하다,word,1,w_3aea6276aa973919,N4,exact,1,verified,
mkt_n2_p010_o0257,mkt_n2,MKT_JLPT_word-N2.pdf,mkt,N2,10,257,255,い형용사,i_adjective,寂しい,さびしい,"쓸쓸하다,외롭다",寂しい,さびしい,,"쓸쓸하다,외롭다",word,1,w_28791ccc16b6f97b,N4,exact,1,verified,
mkt_n2_p010_o0258,mkt_n2,MKT_JLPT_word-N2.pdf,mkt,N2,10,258,256,い형용사,i_adjective,騒がしい,さわがしい,"시끄럽다,떠들썩하다",騒がしい,さわがしい,,"시끄럽다,떠들썩하다",word,1,w_1b007508cbdcf3b8,N2,exact,1,verified,
mkt_n2_p010_o0259,mkt_n2,MKT_JLPT_word-N2.pdf,mkt,N2,10,259,257,い형용사,i_adjective,鋭い,するどい,예리하다,鋭い,するどい,,예리하다,word,1,w_df31d418cc0b41ae,N3,exact,1,verified,
mkt_n2_p010_o0260,mkt_n2,MKT_JLPT_word-N2.pdf,mkt,N2,10,260,258,い형용사,i_adjective,騒々しい,そうぞうしい,"시끄럽다,떠들썩하다",騒々しい,そうぞうしい,,"시끄럽다,떠들썩하다",word,1,w_75780c2794106632,N2,exact,1,verified,
mkt_n2_p010_o0261,mkt_n2,MKT_JLPT_word-N2.pdf,mkt,N2,10,261,259,い형용사,i_adjective,頼もしい,たのもしい,든든하다,頼もしい,たのもしい,,든든하다,word,1,w_ee206212d9b2a50d,N2,exact,1,verified,
mkt_n2_p010_o0262,mkt_n2,MKT_JLPT_word-N2.pdf,mkt,N2,10,262,260,い형용사,i_adjective,乏しい,とぼしい,빈곤하다,乏しい,とぼしい,,빈곤하다,word,1,w_bd9dfc9a6227a650,N1,exact,1,verified,
mkt_n2_p010_o0263,mkt_n2,MKT_JLPT_word-N2.pdf,mkt,N2,10,263,261,い형용사,i_adjective,辛い,つらい,괴롭다,辛い,つらい,,괴롭다,word,1,,,surface_only,1,verified,
mkt_n2_p010_o0264,mkt_n2,MKT_JLPT_word-N2.pdf,mkt,N2,10,264,262,い형용사,i_adjective,力強い,ちからづよい,"마음든든하다,힘차다",力強い,ちからづよい,,"마음든든하다,힘차다",word,1,w_88d8358c21d840b0,N2,exact,1,verified,
mkt_n2_p010_o0265,mkt_n2,MKT_JLPT_word-N2.pdf,mkt,N2,10,265,263,い형용사,i_adjective,情けない,なさけない,한심하다,情けない,なさけない,,한심하다,word,1,,,new,1,verified,
mkt_n2_p010_o0266,mkt_n2,MKT_JLPT_word-N2.pdf,mkt,N2,10,266,264,い형용사,i_adjective,名高い,なだかい,유명하다,名高い,なだかい,,유명하다,word,1,w_a54a0943a6ec5d8f,N1,exact,1,verified,
mkt_n2_p010_o0267,mkt_n2,MKT_JLPT_word-N2.pdf,mkt,N2,10,267,265,い형용사,i_adjective,懐かし,なつかしい,그립다,懐かし,なつかしい,,그립다,word,1,,,new,1,verified,
mkt_n2_p010_o0268,mkt_n2,MKT_JLPT_word-N2.pdf,mkt,N2,10,268,266,い형용사,i_adjective,憎い,にくい,밉다,憎い,にくい,,밉다,word,1,w_c149de6d6e46c7b2,N2,exact,1,verified,
mkt_n2_p010_o0269,mkt_n2,MKT_JLPT_word-N2.pdf,mkt,N2,10,269,267,い형용사,i_adjective,鈍い,にぶい,"둔하다,둔탁하다",鈍い,にぶい,,"둔하다,둔탁하다",word,1,w_f59ad495de78acc3,N2,exact,1,verified,
mkt_n2_p010_o0270,mkt_n2,MKT_JLPT_word-N2.pdf,mkt,N2,10,270,268,い형용사,i_adjective,温い,ぬるい,미지근하다,温い,ぬるい,,미지근하다,word,1,,,new,1,verified,
mkt_n2_p010_o0271,mkt_n2,MKT_JLPT_word-N2.pdf,mkt,N2,10,271,269,い형용사,i_adjective,望ましい,のぞましい,바람직하다,望ましい,のぞましい,,바람직하다,word,1,w_b30f2ba2d537c3c3,N1,exact,1,verified,
mkt_n2_p010_o0272,mkt_n2,MKT_JLPT_word-N2.pdf,mkt,N2,10,272,270,い형용사,i_adjective,激しい,はげしい,"격하다,심하다",激しい,はげしい,,"격하다,심하다",word,1,,,new,1,verified,
mkt_n2_p011_o0273,mkt_n2,MKT_JLPT_word-N2.pdf,mkt,N2,11,273,271,い형용사,i_adjective,貧しい,まずしい,가난하다,貧しい,まずしい,,가난하다,word,1,,,new,1,verified,
mkt_n2_p011_o0274,mkt_n2,MKT_JLPT_word-N2.pdf,mkt,N2,11,274,272,い형용사,i_adjective,眩しい,まぶしい,눈부시다,眩しい,まぶしい,,눈부시다,word,1,,,new,1,verified,
mkt_n2_p011_o0275,mkt_n2,MKT_JLPT_word-N2.pdf,mkt,N2,11,275,273,い형용사,i_adjective,丸い,まるい,둥글다,丸い,まるい,,둥글다,word,1,,,new,1,verified,
mkt_n2_p011_o0276,mkt_n2,MKT_JLPT_word-N2.pdf,mkt,N2,11,276,274,い형용사,i_adjective,珍しい,めずらしい,흔치않다,珍しい,めずらしい,,흔치않다,word,1,w_b459360382d1d575,N4,exact,1,verified,
mkt_n2_p011_o0277,mkt_n2,MKT_JLPT_word-N2.pdf,mkt,N2,11,277,275,い형용사,i_adjective,申し訳ない,もうしわけない,죄송하다,申し訳ない,もうしわけない,,죄송하다,word,1,w_272e0931b59a9581,N2,exact,1,verified,
mkt_n2_p011_o0278,mkt_n2,MKT_JLPT_word-N2.pdf,mkt,N2,11,278,276,い형용사,i_adjective,物足りない,ものたりない,부족하다,物足りない,ものたりない,,부족하다,word,1,w_cf908647a551a051,N1,exact,1,verified,
mkt_n2_p011_o0279,mkt_n2,MKT_JLPT_word-N2.pdf,mkt,N2,11,279,277,い형용사,i_adjective,柔らかい,やわらかい,부드럽다,柔らかい,やわらかい,,부드럽다,word,1,w_9a69e415985ac07b,N4,exact,1,verified,
mkt_n2_p011_o0280,mkt_n2,MKT_JLPT_word-N2.pdf,mkt,N2,11,280,278,い형용사,i_adjective,緩い,ゆるい,완만하다,緩い,ゆるい,,완만하다,word,1,w_5383cc0f3350da7d,N2,exact,1,verified,
mkt_n2_p011_o0281,mkt_n2,MKT_JLPT_word-N2.pdf,mkt,N2,11,281,279,い형용사,i_adjective,若々しい,わかわかしい,"아주젊다,생기발랄하다",若々しい,わかわかしい,,"아주젊다,생기발랄하다",word,1,w_b846d60ec7ea8a3a,N2,exact,1,verified,
mkt_n2_p011_o0282,mkt_n2,MKT_JLPT_word-N2.pdf,mkt,N2,11,282,280,な형용사,na_adjective,曖昧だ,あいまいだ,애매하다,曖昧だ,あいまいだ,,애매하다,word,1,,,new,1,verified,
mkt_n2_p011_o0283,mkt_n2,MKT_JLPT_word-N2.pdf,mkt,N2,11,283,281,な형용사,na_adjective,明らかだ,あきらかだ,"명백하다,뚜렷하다",明らかだ,あきらかだ,,"명백하다,뚜렷하다",word,1,,,new,1,verified,
mkt_n2_p011_o0284,mkt_n2,MKT_JLPT_word-N2.pdf,mkt,N2,11,284,282,な형용사,na_adjective,新ただ,あらただ,새롭다,新ただ,あらただ,,새롭다,word,1,,,new,1,verified,
mkt_n2_p011_o0285,mkt_n2,MKT_JLPT_word-N2.pdf,mkt,N2,11,285,283,な형용사,na_adjective,安易だ,あんいだ,안이하다,安易だ,あんいだ,,안이하다,word,1,,,new,1,verified,
mkt_n2_p011_o0286,mkt_n2,MKT_JLPT_word-N2.pdf,mkt,N2,11,286,284,な형용사,na_adjective,大げさだ,おおげさだ,과장되다,大げさだ,おおげさだ,,과장되다,word,1,,,new,1,verified,
mkt_n2_p011_o0287,mkt_n2,MKT_JLPT_word-N2.pdf,mkt,N2,11,287,285,な형용사,na_adjective,大ざっぱだ,おおざっぱだ,대충이다,大ざっぱだ,おおざっぱだ,,대충이다,word,1,,,new,1,verified,
mkt_n2_p011_o0288,mkt_n2,MKT_JLPT_word-N2.pdf,mkt,N2,11,288,286,な형용사,na_adjective,穏やかだ,おだやかだ,온화하다,穏やかだ,おだやかだ,,온화하다,word,1,,,new,1,verified,
mkt_n2_p011_o0289,mkt_n2,MKT_JLPT_word-N2.pdf,mkt,N2,11,289,287,な형용사,na_adjective,快晴だ,かいせいだ,쾌청하다,快晴だ,かいせいだ,,쾌청하다,word,1,,,new,1,verified,
mkt_n2_p011_o0290,mkt_n2,MKT_JLPT_word-N2.pdf,mkt,N2,11,290,288,な형용사,na_adjective,勝手だ,かってだ,제멋대로다,勝手だ,かってだ,,제멋대로다,word,1,,,new,1,verified,
mkt_n2_p011_o0291,mkt_n2,MKT_JLPT_word-N2.pdf,mkt,N2,11,291,289,な형용사,na_adjective,簡潔だ,かんけつだ,간결하다,簡潔だ,かんけつだ,,간결하다,word,1,,,new,1,verified,
mkt_n2_p011_o0292,mkt_n2,MKT_JLPT_word-N2.pdf,mkt,N2,11,292,290,な형용사,na_adjective,頑丈だ,がんじょうだ,튼튼하다,頑丈だ,がんじょうだ,,튼튼하다,word,1,,,new,1,verified,
mkt_n2_p011_o0293,mkt_n2,MKT_JLPT_word-N2.pdf,mkt,N2,11,293,291,な형용사,na_adjective,簡略だ,かんりゃくだ,간략하다,簡略だ,かんりゃくだ,,간략하다,word,1,,,new,1,verified,
mkt_n2_p011_o0294,mkt_n2,MKT_JLPT_word-N2.pdf,mkt,N2,11,294,292,な형용사,na_adjective,危険だ,きけんだ,위험하다,危険だ,きけんだ,,위험하다,word,1,,,new,1,verified,
mkt_n2_p011_o0295,mkt_n2,MKT_JLPT_word-N2.pdf,mkt,N2,11,295,293,な형용사,na_adjective,貴重だ,きちょうだ,귀중하다,貴重だ,きちょうだ,,귀중하다,word,1,,,new,1,verified,
mkt_n2_p011_o0296,mkt_n2,MKT_JLPT_word-N2.pdf,mkt,N2,11,296,294,な형용사,na_adjective,強烈だ,きょうれつだ,강렬하다,強烈だ,きょうれつだ,,강렬하다,word,1,,,new,1,verified,
mkt_n2_p012_o0297,mkt_n2,MKT_JLPT_word-N2.pdf,mkt,N2,12,297,295,な형용사,na_adjective,気楽だ,きらくだ,마음편하다,気楽だ,きらくだ,,마음편하다,word,1,,,new,1,verified,
mkt_n2_p012_o0298,mkt_n2,MKT_JLPT_word-N2.pdf,mkt,N2,12,298,296,な형용사,na_adjective,好調だ,こうちょうだ,"호조를보이다,순조롭다",好調だ,こうちょうだ,,"호조를보이다,순조롭다",word,1,,,new,1,verified,
mkt_n2_p012_o0299,mkt_n2,MKT_JLPT_word-N2.pdf,mkt,N2,12,299,297,な형용사,na_adjective,幸いだ,さいわいだ,다행이다,幸いだ,さいわいだ,,다행이다,word,1,,,new,1,verified,
mkt_n2_p012_o0300,mkt_n2,MKT_JLPT_word-N2.pdf,mkt,N2,12,300,298,な형용사,na_adjective,盛んだ,さかんだ,"번성하다,왕성하다",盛んだ,さかんだ,,"번성하다,왕성하다",word,1,,,new,1,verified,
mkt_n2_p012_o0301,mkt_n2,MKT_JLPT_word-N2.pdf,mkt,N2,12,301,299,な형용사,na_adjective,残念だ,ざんねんだ,유감이다,残念だ,ざんねんだ,,유감이다,word,1,,,new,1,verified,
mkt_n2_p012_o0302,mkt_n2,MKT_JLPT_word-N2.pdf,mkt,N2,12,302,300,な형용사,na_adjective,地味だ,じみだ,수수하다,地味だ,じみだ,,수수하다,word,1,,,new,1,verified,
mkt_n2_p012_o0303,mkt_n2,MKT_JLPT_word-N2.pdf,mkt,N2,12,303,301,な형용사,na_adjective,重要だ,じゅうようだ,중요하다,重要だ,じゅうようだ,,중요하다,word,1,,,new,1,verified,
mkt_n2_p012_o0304,mkt_n2,MKT_JLPT_word-N2.pdf,mkt,N2,12,304,302,な형용사,na_adjective,正直だ,しょうじきだ,정직하다,正直だ,しょうじきだ,,정직하다,word,1,,,new,1,verified,
mkt_n2_p012_o0305,mkt_n2,MKT_JLPT_word-N2.pdf,mkt,N2,12,305,303,な형용사,na_adjective,深刻だ,しんこくだ,심각하다,深刻だ,しんこくだ,,심각하다,word,1,,,new,1,verified,
mkt_n2_p012_o0306,mkt_n2,MKT_JLPT_word-N2.pdf,mkt,N2,12,306,304,な형용사,na_adjective,慎重だ,しんちょうだ,신중하다,慎重だ,しんちょうだ,,신중하다,word,1,,,new,1,verified,
mkt_n2_p012_o0307,mkt_n2,MKT_JLPT_word-N2.pdf,mkt,N2,12,307,305,な형용사,na_adjective,素直だ,すなおだ,"고분고분하다,순하다,솔직하다",素直だ,すなおだ,,"고분고분하다,순하다,솔직하다",word,1,,,new,1,verified,
mkt_n2_p012_o0308,mkt_n2,MKT_JLPT_word-N2.pdf,mkt,N2,12,308,306,な형용사,na_adjective,清潔だ,せいけつだ,청결하다,清潔だ,せいけつだ,,청결하다,word,1,,,new,1,verified,
mkt_n2_p012_o0309,mkt_n2,MKT_JLPT_word-N2.pdf,mkt,N2,12,309,307,な형용사,na_adjective,率直だ,そっちょくだ,솔직하다,率直だ,そっちょくだ,,솔직하다,word,1,,,new,1,verified,
mkt_n2_p012_o0310,mkt_n2,MKT_JLPT_word-N2.pdf,mkt,N2,12,310,308,な형용사,na_adjective,粗末だ,そまつだ,허술하다,粗末だ,そまつだ,,허술하다,word,1,,,new,1,verified,
mkt_n2_p012_o0311,mkt_n2,MKT_JLPT_word-N2.pdf,mkt,N2,12,311,309,な형용사,na_adjective,退屈だ,たいくつだ,지루하다,退屈だ,たいくつだ,,지루하다,word,1,,,new,1,verified,
mkt_n2_p012_o0312,mkt_n2,MKT_JLPT_word-N2.pdf,mkt,N2,12,312,310,な형용사,na_adjective,対等だ,たいとうだ,대등하다,対等だ,たいとうだ,,대등하다,word,1,,,new,1,verified,
mkt_n2_p012_o0313,mkt_n2,MKT_JLPT_word-N2.pdf,mkt,N2,12,313,311,な형용사,na_adjective,平だ,たいらだ,평평하다,平だ,たいらだ,,평평하다,word,1,,,new,1,verified,
mkt_n2_p012_o0314,mkt_n2,MKT_JLPT_word-N2.pdf,mkt,N2,12,314,312,な형용사,na_adjective,確かだ,たしかだ,확실하다,確かだ,たしかだ,,확실하다,word,1,,,new,1,verified,
mkt_n2_p012_o0315,mkt_n2,MKT_JLPT_word-N2.pdf,mkt,N2,12,315,313,な형용사,na_adjective,多大だ,ただいだ,많고크다,多大だ,ただいだ,,많고크다,word,1,,,new,1,verified,
mkt_n2_p012_o0316,mkt_n2,MKT_JLPT_word-N2.pdf,mkt,N2,12,316,314,な형용사,na_adjective,多様だ,たようだ,다양하다,多様だ,たようだ,,다양하다,word,1,,,new,1,verified,
mkt_n2_p012_o0317,mkt_n2,MKT_JLPT_word-N2.pdf,mkt,N2,12,317,315,な형용사,na_adjective,丁寧だ,ていねいだ,정중하다,丁寧だ,ていねいだ,,정중하다,word,1,,,new,1,verified,
mkt_n2_p012_o0318,mkt_n2,MKT_JLPT_word-N2.pdf,mkt,N2,12,318,316,な형용사,na_adjective,適切だ,てきせつだ,적절하다,適切だ,てきせつだ,,적절하다,word,1,,,new,1,verified,
mkt_n2_p012_o0319,mkt_n2,MKT_JLPT_word-N2.pdf,mkt,N2,12,319,317,な형용사,na_adjective,同様だ,どうようだ,"다름없다,마찬가지다",同様だ,どうようだ,,"다름없다,마찬가지다",word,1,,,new,1,verified,
mkt_n2_p012_o0320,mkt_n2,MKT_JLPT_word-N2.pdf,mkt,N2,12,320,318,な형용사,na_adjective,得意だ,とくいだ,"잘하다,자신있다",得意だ,とくいだ,,"잘하다,자신있다",word,1,,,new,1,verified,
mkt_n2_p012_o0321,mkt_n2,MKT_JLPT_word-N2.pdf,mkt,N2,12,321,319,な형용사,na_adjective,苦手だ,にがてだ,"못하다,싫어하다",苦手だ,にがてだ,,"못하다,싫어하다",word,1,,,new,1,verified,
mkt_n2_p012_o0322,mkt_n2,MKT_JLPT_word-N2.pdf,mkt,N2,12,322,320,な형용사,na_adjective,賑やかだ,にぎやかだ,번화하다,賑やかだ,にぎやかだ,,번화하다,word,1,,,new,1,verified,
mkt_n2_p013_o0323,mkt_n2,MKT_JLPT_word-N2.pdf,mkt,N2,13,323,321,な형용사,na_adjective,派手だ,はでだ,화려하다,派手だ,はでだ,,화려하다,word,1,,,new,1,verified,
mkt_n2_p013_o0324,mkt_n2,MKT_JLPT_word-N2.pdf,mkt,N2,13,324,322,な형용사,na_adjective,複雑だ,ふくざつだ,복잡하다,複雑だ,ふくざつだ,,복잡하다,word,1,,,new,1,verified,
mkt_n2_p013_o0325,mkt_n2,MKT_JLPT_word-N2.pdf,mkt,N2,13,325,323,な형용사,na_adjective,不思議だ,ふしぎだ,"이상하다,불가사의하다",不思議だ,ふしぎだ,,"이상하다,불가사의하다",word,1,,,new,1,verified,
mkt_n2_p013_o0326,mkt_n2,MKT_JLPT_word-N2.pdf,mkt,N2,13,326,324,な형용사,na_adjective,不調だ,ふちょうだ,"상태가나쁘다,부진하다",不調だ,ふちょうだ,,"상태가나쁘다,부진하다",word,1,,,new,1,verified,
mkt_n2_p013_o0327,mkt_n2,MKT_JLPT_word-N2.pdf,mkt,N2,13,327,325,な형용사,na_adjective,物騒だ,ぶっそうだ,"어수선하다,뒤숭숭하다",物騒だ,ぶっそうだ,,"어수선하다,뒤숭숭하다",word,1,,,new,1,verified,
mkt_n2_p013_o0328,mkt_n2,MKT_JLPT_word-N2.pdf,mkt,N2,13,328,326,な형용사,na_adjective,平気だ,へいきだ,"태연하다,아무렇지않다",平気だ,へいきだ,,"태연하다,아무렇지않다",word,1,,,new,1,verified,
mkt_n2_p013_o0329,mkt_n2,MKT_JLPT_word-N2.pdf,mkt,N2,13,329,327,な형용사,na_adjective,平凡だ,へいぼんだ,평범하다,平凡だ,へいぼんだ,,평범하다,word,1,,,new,1,verified,
mkt_n2_p013_o0330,mkt_n2,MKT_JLPT_word-N2.pdf,mkt,N2,13,330,328,な형용사,na_adjective,豊富だ,ほうふだ,풍부하다,豊富だ,ほうふだ,,풍부하다,word,1,,,new,1,verified,
mkt_n2_p013_o0331,mkt_n2,MKT_JLPT_word-N2.pdf,mkt,N2,13,331,329,な형용사,na_adjective,見事だ,みごとだ,훌륭하다,見事だ,みごとだ,,훌륭하다,word,1,,,new,1,verified,
mkt_n2_p013_o0332,mkt_n2,MKT_JLPT_word-N2.pdf,mkt,N2,13,332,330,な형용사,na_adjective,妙だ,みょうだ,묘하다,妙だ,みょうだ,,묘하다,word,1,,,new,1,verified,
mkt_n2_p013_o0333,mkt_n2,MKT_JLPT_word-N2.pdf,mkt,N2,13,333,331,な형용사,na_adjective,無駄だ,むだだ,"쓸데없다,허비하다",無駄だ,むだだ,,"쓸데없다,허비하다",word,1,,,new,1,verified,
mkt_n2_p013_o0334,mkt_n2,MKT_JLPT_word-N2.pdf,mkt,N2,13,334,332,な형용사,na_adjective,迷惑だ,めいわくだ,민폐이다,迷惑だ,めいわくだ,,민폐이다,word,1,,,new,1,verified,
mkt_n2_p013_o0335,mkt_n2,MKT_JLPT_word-N2.pdf,mkt,N2,13,335,333,な형용사,na_adjective,面倒だ,めんどうだ,귀찮다,面倒だ,めんどうだ,,귀찮다,word,1,,,new,1,verified,
mkt_n2_p013_o0336,mkt_n2,MKT_JLPT_word-N2.pdf,mkt,N2,13,336,334,な형용사,na_adjective,豊かだ,ゆたかだ,"풍족하다,풍부하다",豊かだ,ゆたかだ,,"풍족하다,풍부하다",word,1,,,new,1,verified,
mkt_n2_p013_o0337,mkt_n2,MKT_JLPT_word-N2.pdf,mkt,N2,13,337,335,な형용사,na_adjective,余計だ,よけいだ,쓸데없다,余計だ,よけいだ,,쓸데없다,word,1,,,new,1,verified,
mkt_n2_p013_o0338,mkt_n2,MKT_JLPT_word-N2.pdf,mkt,N2,13,338,336,な형용사,na_adjective,利口だ,りこうだ,영리하다,利口だ,りこうだ,,영리하다,word,1,,,new,1,verified,
mkt_n2_p013_o0339,mkt_n2,MKT_JLPT_word-N2.pdf,mkt,N2,13,339,337,な형용사,na_adjective,立派だ,りっぱだ,훌륭하다,立派だ,りっぱだ,,훌륭하다,word,1,,,new,1,verified,
mkt_n2_p013_o0340,mkt_n2,MKT_JLPT_word-N2.pdf,mkt,N2,13,340,338,な형용사,na_adjective,冷静だ,れいせいだ,"냉철하다,이성적이다",冷静だ,れいせいだ,,"냉철하다,이성적이다",word,1,,,new,1,verified,
mkt_n2_p013_o0341,mkt_n2,MKT_JLPT_word-N2.pdf,mkt,N2,13,341,339,명사,noun,愛用,あいよう,애용,愛用,あいよう,,애용,word,1,,,new,1,verified,
mkt_n2_p013_o0342,mkt_n2,MKT_JLPT_word-N2.pdf,mkt,N2,13,342,340,명사,noun,印象,いんしょう,인상,印象,いんしょう,,인상,word,1,w_45e1c8d648720e49,N3,exact,1,verified,
mkt_n2_p013_o0343,mkt_n2,MKT_JLPT_word-N2.pdf,mkt,N2,13,343,341,명사,noun,引用,いんよう,인용,引用,いんよう,,인용,word,1,w_6d65f573426d6306,N3,exact,1,verified,
mkt_n2_p013_o0344,mkt_n2,MKT_JLPT_word-N2.pdf,mkt,N2,13,344,342,명사,noun,売上,うりあげ,매상,売上,うりあげ,,매상,word,1,w_dcf81ee7c767ed7f,N2,exact,1,verified,
mkt_n2_p013_o0345,mkt_n2,MKT_JLPT_word-N2.pdf,mkt,N2,13,345,343,명사,noun,遠慮,えんりょ,"사양,삼가",遠慮,えんりょ,,"사양,삼가",word,1,,,surface_only,1,verified,
mkt_n2_p013_o0346,mkt_n2,MKT_JLPT_word-N2.pdf,mkt,N2,13,346,344,명사,noun,温暖,おんだん,온난,温暖,おんだん,,온난,word,1,w_70e626b72c49a528,N3,exact,1,verified,
mkt_n2_p014_o0347,mkt_n2,MKT_JLPT_word-N2.pdf,mkt,N2,14,347,345,명사,noun,解決,かいけつ,해결,解決,かいけつ,,해결,word,1,w_895749923fca1c32,N3,exact,1,verified,
mkt_n2_p014_o0348,mkt_n2,MKT_JLPT_word-N2.pdf,mkt,N2,14,348,346,명사,noun,解消,かいしょう,해소,解消,かいしょう,,해소,word,1,,,new,1,verified,
mkt_n2_p014_o0349,mkt_n2,MKT_JLPT_word-N2.pdf,mkt,N2,14,349,347,명사,noun,拡充,かくじゅう,확충,拡充,かくじゅう,,확충,word,1,w_f45498647d16f2a3,N2,exact,1,verified,
mkt_n2_p014_o0350,mkt_n2,MKT_JLPT_word-N2.pdf,mkt,N2,14,350,348,명사,noun,確認,かくにん,확인,確認,かくにん,,확인,word,1,w_6dea87732380d72a,N3,exact,1,verified,
mkt_n2_p014_o0351,mkt_n2,MKT_JLPT_word-N2.pdf,mkt,N2,14,351,349,명사,noun,価値,かち,가치,価値,かち,,가치,word,1,w_9f68c434c455cdcb,N3,exact,1,verified,
mkt_n2_p014_o0352,mkt_n2,MKT_JLPT_word-N2.pdf,mkt,N2,14,352,350,명사,noun,活発,かっぱつ,활발,活発,かっぱつ,,활발,word,1,w_80d1fde9c12ec7bb,N1,exact,1,verified,
mkt_n2_p014_o0353,mkt_n2,MKT_JLPT_word-N2.pdf,mkt,N2,14,353,351,명사,noun,活躍,かつやく,활약,活躍,かつやく,,활약,word,1,w_17597d91e17b7a0f,N2,exact,1,verified,
mkt_n2_p014_o0354,mkt_n2,MKT_JLPT_word-N2.pdf,mkt,N2,14,354,352,명사,noun,勧誘,かんゆう,권유,勧誘,かんゆう,,권유,word,1,w_b27a951943ddbdef,N1,exact,1,verified,
mkt_n2_p014_o0355,mkt_n2,MKT_JLPT_word-N2.pdf,mkt,N2,14,355,353,명사,noun,簡略,かんりゃく,간략,簡略,かんりゃく,,간략,word,1,,,new,1,verified,
mkt_n2_p014_o0356,mkt_n2,MKT_JLPT_word-N2.pdf,mkt,N2,14,356,354,명사,noun,規格,きかく,규격,規格,きかく,,규격,word,1,w_ecd5f878a2b12ffd,N1,exact,1,verified,
mkt_n2_p014_o0357,mkt_n2,MKT_JLPT_word-N2.pdf,mkt,N2,14,357,355,명사,noun,企業,きぎょう,기업,企業,きぎょう,,기업,word,1,w_00c48216c8344f97,N3,exact,1,verified,
mkt_n2_p014_o0358,mkt_n2,MKT_JLPT_word-N2.pdf,mkt,N2,14,358,356,명사,noun,技術,ぎじゅつ,기술,技術,ぎじゅつ,,기술,word,1,w_6030ad7342be5a00,N4,exact,1,verified,
mkt_n2_p014_o0359,mkt_n2,MKT_JLPT_word-N2.pdf,mkt,N2,14,359,357,명사,noun,議論,ぎろん,논의,議論,ぎろん,,논의,word,1,w_8611333337cadd0b,N3,exact,1,verified,
mkt_n2_p014_o0360,mkt_n2,MKT_JLPT_word-N2.pdf,mkt,N2,14,360,358,명사,noun,緊張,きんちょう,긴장,緊張,きんちょう,,긴장,word,1,w_e7be2fda7a0f6f5c,N3,exact,1,verified,
mkt_n2_p014_o0361,mkt_n2,MKT_JLPT_word-N2.pdf,mkt,N2,14,361,359,명사,noun,傾向,けいこう,경향,傾向,けいこう,,경향,word,1,w_6c93129a6473a8b3,N3,exact,1,verified,
mkt_n2_p014_o0362,mkt_n2,MKT_JLPT_word-N2.pdf,mkt,N2,14,362,360,명사,noun,現状,げんじょう,현상,現状,げんじょう,,현상,word,1,w_00ff5e63c43c2b0a,N3,exact,1,verified,
mkt_n2_p014_o0363,mkt_n2,MKT_JLPT_word-N2.pdf,mkt,N2,14,363,361,명사,noun,講義,こうぎ,강의,講義,こうぎ,,강의,word,1,w_1b3debc00a00242f,N4,exact,1,verified,
mkt_n2_p014_o0364,mkt_n2,MKT_JLPT_word-N2.pdf,mkt,N2,14,364,362,명사,noun,購入,こうにゅう,구입,購入,こうにゅう,,구입,word,1,w_e6aa877ce355f72b,N1,exact,1,verified,
mkt_n2_p014_o0365,mkt_n2,MKT_JLPT_word-N2.pdf,mkt,N2,14,365,363,명사,noun,好評,こうひょう,호평,好評,こうひょう,,호평,word,1,w_7bd0d93b4d0662e0,N1,exact,1,verified,
mkt_n2_p014_o0366,mkt_n2,MKT_JLPT_word-N2.pdf,mkt,N2,14,366,364,명사,noun,採用,さいよう,채용,採用,さいよう,,채용,word,1,w_262bab2f3dc47299,N1,exact,1,verified,
mkt_n2_p014_o0367,mkt_n2,MKT_JLPT_word-N2.pdf,mkt,N2,14,367,365,명사,noun,資源,しげん,자원,資源,しげん,,자원,word,1,w_fc525b21ed5fd442,N3,exact,1,verified,
mkt_n2_p014_o0368,mkt_n2,MKT_JLPT_word-N2.pdf,mkt,N2,14,368,366,명사,noun,姿勢,しせい,자세,姿勢,しせい,,자세,word,1,w_7f34a8de8756e33b,N2,exact,1,verified,
mkt_n2_p014_o0369,mkt_n2,MKT_JLPT_word-N2.pdf,mkt,N2,14,369,367,명사,noun,指導,しどう,지도,指導,しどう,,지도,word,1,w_b43d61ff6220c0e6,N3,exact,1,verified,
mkt_n2_p014_o0370,mkt_n2,MKT_JLPT_word-N2.pdf,mkt,N2,14,370,368,명사,noun,地元,じもと,"그고장,그지방",地元,じもと,,"그고장,그지방",word,1,w_047f09e5f690de59,N1,exact,1,verified,
mkt_n2_p014_o0371,mkt_n2,MKT_JLPT_word-N2.pdf,mkt,N2,14,371,369,명사,noun,循環,じゅんかん,순환,循環,じゅんかん,,순환,word,1,w_b7f37f0b0a8a7c3a,N2,exact,1,verified,
mkt_n2_p014_o0372,mkt_n2,MKT_JLPT_word-N2.pdf,mkt,N2,14,372,370,명사,noun,状況,じょうきょう,상황,状況,じょうきょう,,상황,word,1,w_a175072b907bcd51,N3,exact,1,verified,
mkt_n2_p014_o0373,mkt_n2,MKT_JLPT_word-N2.pdf,mkt,N2,14,373,371,명사,noun,条件,じょうけん,조건,条件,じょうけん,,조건,word,1,w_131a1b0c40f0bc6b,N3,exact,1,verified,
mkt_n2_p014_o0374,mkt_n2,MKT_JLPT_word-N2.pdf,mkt,N2,14,374,372,명사,noun,証拠,しょうこ,증거,証拠,しょうこ,,증거,word,1,w_601703d4df132335,N1,exact,1,verified,
mkt_n2_p014_o0375,mkt_n2,MKT_JLPT_word-N2.pdf,mkt,N2,14,375,373,명사,noun,詳細,しょうさい,상세,詳細,しょうさい,,상세,word,1,w_fcad766eecf8a252,N1,exact,1,verified,
mkt_n2_p014_o0376,mkt_n2,MKT_JLPT_word-N2.pdf,mkt,N2,14,376,374,명사,noun,象徴,しょうちょう,상징,象徴,しょうちょう,,상징,word,1,w_148d401733ea465e,N1,exact,1,verified,
mkt_n2_p014_o0377,mkt_n2,MKT_JLPT_word-N2.pdf,mkt,N2,14,377,375,명사,noun,診断,しんだん,진단,診断,しんだん,,진단,word,1,w_b4bc5e079a161822,N2,exact,1,verified,
mkt_n2_p015_o0378,mkt_n2,MKT_JLPT_word-N2.pdf,mkt,N2,15,378,376,명사,noun,進歩,しんぽ,진보,進歩,しんぽ,,진보,word,1,w_6fb4cae6c2c3b8b6,N3,exact,1,verified,
mkt_n2_p015_o0379,mkt_n2,MKT_JLPT_word-N2.pdf,mkt,N2,15,379,377,명사,noun,信頼,しんらい,신뢰,信頼,しんらい,,신뢰,word,1,w_21b78bc06867a909,N3,exact,1,verified,
mkt_n2_p015_o0380,mkt_n2,MKT_JLPT_word-N2.pdf,mkt,N2,15,380,378,명사,noun,製造,せいぞう,제조,製造,せいぞう,,제조,word,1,w_0837331ccfed6bde,N3,exact,1,verified,
mkt_n2_p015_o0381,mkt_n2,MKT_JLPT_word-N2.pdf,mkt,N2,15,381,379,명사,noun,制約,せいやく,제약,制約,せいやく,,제약,word,1,w_48c87304a313d294,N1,exact,1,verified,
mkt_n2_p015_o0382,mkt_n2,MKT_JLPT_word-N2.pdf,mkt,N2,15,382,380,명사,noun,責任,せきにん,책임,責任,せきにん,,책임,word,1,w_556dc21e43748171,N3,exact,1,verified,
mkt_n2_p015_o0383,mkt_n2,MKT_JLPT_word-N2.pdf,mkt,N2,15,383,381,명사,noun,設置,せっち,설치,設置,せっち,,설치,word,1,w_8f19ba38df4b053a,N1,exact,1,verified,
mkt_n2_p015_o0384,mkt_n2,MKT_JLPT_word-N2.pdf,mkt,N2,15,384,382,명사,noun,宣伝,せんでん,선전,宣伝,せんでん,,선전,word,1,w_a11e4c4f3567d6b9,N2,exact,1,verified,
mkt_n2_p015_o0385,mkt_n2,MKT_JLPT_word-N2.pdf,mkt,N2,15,385,383,명사,noun,専念,せんねん,전념,専念,せんねん,,전념,word,1,,,new,1,verified,
mkt_n2_p015_o0386,mkt_n2,MKT_JLPT_word-N2.pdf,mkt,N2,15,386,384,명사,noun,増加,ぞうか,증가,増加,ぞうか,,증가,word,1,w_0e981b675d9187b1,N3,exact,1,verified,
mkt_n2_p015_o0387,mkt_n2,MKT_JLPT_word-N2.pdf,mkt,N2,15,387,385,명사,noun,態度,たいど,태도,態度,たいど,,태도,word,1,w_9d1d8b45269581af,N3,exact,1,verified,
mkt_n2_p015_o0388,mkt_n2,MKT_JLPT_word-N2.pdf,mkt,N2,15,388,386,명사,noun,担当,たんとう,담당,担当,たんとう,,담당,word,1,w_e9f533b957ab3a97,N2,exact,1,verified,
mkt_n2_p015_o0389,mkt_n2,MKT_JLPT_word-N2.pdf,mkt,N2,15,389,387,명사,noun,長所,ちょうしょ,장점,長所,ちょうしょ,,장점,word,1,w_7638f2a2a01eead4,N2,exact,1,verified,
mkt_n2_p015_o0390,mkt_n2,MKT_JLPT_word-N2.pdf,mkt,N2,15,390,388,명사,noun,調節,ちょうせつ,조절,調節,ちょうせつ,,조절,word,1,w_23469cdf86f547d3,N2,exact,1,verified,
mkt_n2_p015_o0391,mkt_n2,MKT_JLPT_word-N2.pdf,mkt,N2,15,391,389,명사,noun,特徴,とくちょう,특징,特徴,とくちょう,,특징,word,1,,,new,1,verified,
mkt_n2_p015_o0392,mkt_n2,MKT_JLPT_word-N2.pdf,mkt,N2,15,392,390,명사,noun,特定,とくてい,특정,特定,とくてい,,특정,word,1,w_a66214496db3bf6b,N2,exact,1,verified,
mkt_n2_p015_o0393,mkt_n2,MKT_JLPT_word-N2.pdf,mkt,N2,15,393,391,명사,noun,特別,とくべつ,특별,特別,とくべつ,,특별,word,1,w_5fde11c622132f70,N4,exact,1,verified,
mkt_n2_p015_o0394,mkt_n2,MKT_JLPT_word-N2.pdf,mkt,N2,15,394,392,명사,noun,土地,とち,토지,土地,とち,,토지,word,1,w_a3a1ab15d2a2b883,N3,exact,1,verified,
mkt_n2_p015_o0395,mkt_n2,MKT_JLPT_word-N2.pdf,mkt,N2,15,395,393,명사,noun,波,なみ,파도,波,なみ,,파도,word,1,,,new,1,verified,
mkt_n2_p015_o0396,mkt_n2,MKT_JLPT_word-N2.pdf,mkt,N2,15,396,394,명사,noun,涙,なみだ,눈물,涙,なみだ,,눈물,word,1,w_1c3f02045a63bf6a,N3,exact,1,verified,
mkt_n2_p015_o0397,mkt_n2,MKT_JLPT_word-N2.pdf,mkt,N2,15,397,395,명사,noun,温もり,ぬくもり,"온기,따스함,체온",温もり,ぬくもり,,"온기,따스함,체온",word,1,,,new,1,verified,
mkt_n2_p015_o0398,mkt_n2,MKT_JLPT_word-N2.pdf,mkt,N2,15,398,396,명사,noun,値段,ねだん,가격,値段,ねだん,,가격,word,1,w_d98d809b8fca7f44,N4,exact,1,verified,
mkt_n2_p015_o0399,mkt_n2,MKT_JLPT_word-N2.pdf,mkt,N2,15,399,397,명사,noun,農産物,のうさんぶつ,농산물,農産物,のうさんぶつ,,농산물,word,1,w_947ef2a5102bf6a8,N2,exact,1,verified,
mkt_n2_p015_o0400,mkt_n2,MKT_JLPT_word-N2.pdf,mkt,N2,15,400,398,명사,noun,能率,のうりつ,능률,能率,のうりつ,,능률,word,1,w_e06b11a0ce81c89c,N2,exact,1,verified,
mkt_n2_p015_o0401,mkt_n2,MKT_JLPT_word-N2.pdf,mkt,N2,15,401,399,명사,noun,把握,はあく,파악,把握,はあく,,파악,word,1,w_7d2dc2d277bc090f,N1,exact,1,verified,
mkt_n2_p015_o0402,mkt_n2,MKT_JLPT_word-N2.pdf,mkt,N2,15,402,400,명사,noun,配達,はいたつ,배달,配達,はいたつ,,배달,word,1,w_4c8e7351358bd483,N3,exact,1,verified,
mkt_n2_p015_o0403,mkt_n2,MKT_JLPT_word-N2.pdf,mkt,N2,15,403,401,명사,noun,俳優,はいゆう,배우,俳優,はいゆう,,배우,word,1,w_f3cbf69b00d76920,N3,exact,1,verified,
mkt_n2_p015_o0404,mkt_n2,MKT_JLPT_word-N2.pdf,mkt,N2,15,404,402,명사,noun,配慮,はいりょ,배려,配慮,はいりょ,,배려,word,1,w_ad96d75cf4c84a8d,N1,exact,1,verified,
mkt_n2_p015_o0405,mkt_n2,MKT_JLPT_word-N2.pdf,mkt,N2,15,405,403,명사,noun,破壊,はかい,파괴,破壊,はかい,,파괴,word,1,w_29dc4b778c6e2c6e,N1,exact,1,verified,
mkt_n2_p016_o0406,mkt_n2,MKT_JLPT_word-N2.pdf,mkt,N2,16,406,404,명사,noun,肌,はだ,피부,肌,はだ,,피부,word,1,,,new,1,verified,
mkt_n2_p016_o0407,mkt_n2,MKT_JLPT_word-N2.pdf,mkt,N2,16,407,405,명사,noun,発揮,はっき,발휘,発揮,はっき,,발휘,word,1,w_612e5e02dfcd055e,N2,exact,1,verified,
mkt_n2_p016_o0408,mkt_n2,MKT_JLPT_word-N2.pdf,mkt,N2,16,408,406,명사,noun,発行,はっこう,발행,発行,はっこう,,발행,word,1,,,new,1,verified,
mkt_n2_p016_o0409,mkt_n2,MKT_JLPT_word-N2.pdf,mkt,N2,16,409,407,명사,noun,発送,はっそう,발송,発送,はっそう,,발송,word,1,,,new,1,verified,
mkt_n2_p016_o0410,mkt_n2,MKT_JLPT_word-N2.pdf,mkt,N2,16,410,408,명사,noun,発売,はつばい,발매,発売,はつばい,,발매,word,1,w_797104945839447b,N2,exact,1,verified,
mkt_n2_p016_o0411,mkt_n2,MKT_JLPT_word-N2.pdf,mkt,N2,16,411,409,명사,noun,幅,はば,폭,幅,はば,,폭,word,1,,,new,1,verified,
mkt_n2_p016_o0412,mkt_n2,MKT_JLPT_word-N2.pdf,mkt,N2,16,412,410,명사,noun,範囲,はんい,범위,範囲,はんい,,범위,word,1,,,new,1,verified,
mkt_n2_p016_o0413,mkt_n2,MKT_JLPT_word-N2.pdf,mkt,N2,16,413,411,명사,noun,反映,はんえい,반영,反映,はんえい,,반영,word,1,w_83b5460f8df7ce6b,N2,exact,1,verified,
mkt_n2_p016_o0414,mkt_n2,MKT_JLPT_word-N2.pdf,mkt,N2,16,414,412,명사,noun,半額,はんがく,반액,半額,はんがく,,반액,word,1,,,new,1,verified,
mkt_n2_p016_o0415,mkt_n2,MKT_JLPT_word-N2.pdf,mkt,N2,16,415,413,명사,noun,半減,はんげん,반감,半減,はんげん,,반감,word,1,,,new,1,verified,
mkt_n2_p016_o0416,mkt_n2,MKT_JLPT_word-N2.pdf,mkt,N2,16,416,414,명사,noun,判断,はんだん,판단,判断,はんだん,,판단,word,1,w_ab38b2dc5fec1167,N3,exact,1,verified,
mkt_n2_p016_o0417,mkt_n2,MKT_JLPT_word-N2.pdf,mkt,N2,16,417,415,명사,noun,反応,はんのう,반응,反応,はんのう,,반응,word,1,,,new,1,verified,
mkt_n2_p016_o0418,mkt_n2,MKT_JLPT_word-N2.pdf,mkt,N2,16,418,416,명사,noun,販売,はんばい,판매,販売,はんばい,,판매,word,1,w_1833552e6b79b74b,N3,exact,1,verified,
mkt_n2_p016_o0419,mkt_n2,MKT_JLPT_word-N2.pdf,mkt,N2,16,419,417,명사,noun,筆者,ひっしゃ,필자,筆者,ひっしゃ,,필자,word,1,w_d0d08fecb6df3242,N2,exact,1,verified,
mkt_n2_p016_o0420,mkt_n2,MKT_JLPT_word-N2.pdf,mkt,N2,16,420,418,명사,noun,飛躍的,ひやくてき,비약적,飛躍的,ひやくてき,,비약적,word,1,,,new,1,verified,
mkt_n2_p016_o0421,mkt_n2,MKT_JLPT_word-N2.pdf,mkt,N2,16,421,419,명사,noun,費用,ひよう,비용,費用,ひよう,,비용,word,1,,,new,1,verified,
mkt_n2_p016_o0422,mkt_n2,MKT_JLPT_word-N2.pdf,mkt,N2,16,422,420,명사,noun,評価,ひょうか,평가,評価,ひょうか,,평가,word,1,w_f5f49994624389f6,N3,exact,1,verified,
mkt_n2_p016_o0423,mkt_n2,MKT_JLPT_word-N2.pdf,mkt,N2,16,423,421,명사,noun,風景,ふうけい,풍경,風景,ふうけい,,풍경,word,1,w_fa1298705c3c4447,N3,exact,1,verified,
mkt_n2_p016_o0424,mkt_n2,MKT_JLPT_word-N2.pdf,mkt,N2,16,424,422,명사,noun,不可欠,ふかけつ,불가결,不可欠,ふかけつ,,불가결,word,1,w_cfa6bcd8424c9c0b,N1,exact,1,verified,
mkt_n2_p016_o0425,mkt_n2,MKT_JLPT_word-N2.pdf,mkt,N2,16,425,423,명사,noun,不足,ふそく,부족,不足,ふそく,,부족,word,1,,,new,1,verified,
mkt_n2_p016_o0426,mkt_n2,MKT_JLPT_word-N2.pdf,mkt,N2,16,426,424,명사,noun,負担,ふたん,부담,負担,ふたん,,부담,word,1,w_838e72d7d75aa88f,N1,exact,1,verified,
mkt_n2_p016_o0427,mkt_n2,MKT_JLPT_word-N2.pdf,mkt,N2,16,427,425,명사,noun,普遍的,ふへんてき,보편적,普遍的,ふへんてき,,보편적,word,1,,,new,1,verified,
mkt_n2_p016_o0428,mkt_n2,MKT_JLPT_word-N2.pdf,mkt,N2,16,428,426,명사,noun,不良品,ふりょうひん,불량품,不良品,ふりょうひん,,불량품,word,1,,,new,1,verified,
mkt_n2_p016_o0429,mkt_n2,MKT_JLPT_word-N2.pdf,mkt,N2,16,429,427,명사,noun,分析,ぶんせき,분석,分析,ぶんせき,,분석,word,1,w_c3033deed4196ca1,N3,exact,1,verified,
mkt_n2_p016_o0430,mkt_n2,MKT_JLPT_word-N2.pdf,mkt,N2,16,430,428,명사,noun,弊社,へいしゃ,자기회사의겸칭,弊社,へいしゃ,,자기회사의겸칭,word,1,,,new,1,verified,
mkt_n2_p016_o0431,mkt_n2,MKT_JLPT_word-N2.pdf,mkt,N2,16,431,429,명사,noun,平和,へいわ,평화,平和,へいわ,,평화,word,1,w_75b65e30a289a9db,N3,exact,1,verified,
mkt_n2_p016_o0432,mkt_n2,MKT_JLPT_word-N2.pdf,mkt,N2,16,432,430,명사,noun,変換,へんかん,변환,変換,へんかん,,변환,word,1,,,new,1,verified,
mkt_n2_p016_o0433,mkt_n2,MKT_JLPT_word-N2.pdf,mkt,N2,16,433,431,명사,noun,変更,へんこう,변경,変更,へんこう,,변경,word,1,w_e7157988aaabd07f,N3,exact,1,verified,
mkt_n2_p016_o0434,mkt_n2,MKT_JLPT_word-N2.pdf,mkt,N2,16,434,432,명사,noun,法律,ほうりつ,법률,法律,ほうりつ,,법률,word,1,w_5612ea7757a9a0fa,N4,exact,1,verified,
mkt_n2_p016_o0435,mkt_n2,MKT_JLPT_word-N2.pdf,mkt,N2,16,435,433,명사,noun,保護者,ほごしゃ,보호자,保護者,ほごしゃ,,보호자,word,1,,,new,1,verified,
mkt_n2_p016_o0436,mkt_n2,MKT_JLPT_word-N2.pdf,mkt,N2,16,436,434,명사,noun,募集,ぼしゅう,모집,募集,ぼしゅう,,모집,word,1,w_666852a273a07512,N2,exact,1,verified,
mkt_n2_p016_o0437,mkt_n2,MKT_JLPT_word-N2.pdf,mkt,N2,16,437,435,명사,noun,本質,ほんしつ,본질,本質,ほんしつ,,본질,word,1,w_89fc48e334ad51b6,N1,exact,1,verified,
mkt_n2_p016_o0438,mkt_n2,MKT_JLPT_word-N2.pdf,mkt,N2,16,438,436,명사,noun,本物,ほんもの,"진짜,실물,전문가",本物,ほんもの,,"진짜,실물,전문가",word,1,w_98ddf2f7faafdcf9,N3,exact,1,verified,
mkt_n2_p017_o0439,mkt_n2,MKT_JLPT_word-N2.pdf,mkt,N2,17,439,437,명사,noun,見た目,みため,겉모습,見た目,みため,,겉모습,word,1,,,new,1,verified,
mkt_n2_p017_o0440,mkt_n2,MKT_JLPT_word-N2.pdf,mkt,N2,17,440,438,명사,noun,魅力,みりょく,매력,魅力,みりょく,,매력,word,1,w_2079d9016d97d3a7,N3,exact,1,verified,
mkt_n2_p017_o0441,mkt_n2,MKT_JLPT_word-N2.pdf,mkt,N2,17,441,439,명사,noun,名刺,めいし,명함,名刺,めいし,,명함,word,1,w_e4fd748a2606a3dd,N3,exact,1,verified,
mkt_n2_p017_o0442,mkt_n2,MKT_JLPT_word-N2.pdf,mkt,N2,17,442,440,명사,noun,模型,もけい,모형,模型,もけい,,모형,word,1,w_37a5f1d1a6f9e9e5,N1,exact,1,verified,
mkt_n2_p017_o0443,mkt_n2,MKT_JLPT_word-N2.pdf,mkt,N2,17,443,441,명사,noun,模範,もはん,모범,模範,もはん,,모범,word,1,w_b2723461f6cf6b0c,N1,exact,1,verified,
mkt_n2_p017_o0444,mkt_n2,MKT_JLPT_word-N2.pdf,mkt,N2,17,444,442,명사,noun,遊園地,ゆうえんち,유원지,遊園地,ゆうえんち,,유원지,word,1,w_5b3feb9f555300a6,N2,exact,1,verified,
mkt_n2_p017_o0445,mkt_n2,MKT_JLPT_word-N2.pdf,mkt,N2,17,445,443,명사,noun,有効,ゆうこう,유효,有効,ゆうこう,,유효,word,1,w_dba478dc4a817522,N3,exact,1,verified,
mkt_n2_p017_o0446,mkt_n2,MKT_JLPT_word-N2.pdf,mkt,N2,17,446,444,명사,noun,優勝,ゆうしょう,우승,優勝,ゆうしょう,,우승,word,1,w_7af986d757104a61,N3,exact,1,verified,
mkt_n2_p017_o0447,mkt_n2,MKT_JLPT_word-N2.pdf,mkt,N2,17,447,445,명사,noun,夢,ゆめ,꿈,夢,ゆめ,,꿈,word,1,w_cf838bf5a46da7f8,N4,exact,1,verified,
mkt_n2_p017_o0448,mkt_n2,MKT_JLPT_word-N2.pdf,mkt,N2,17,448,446,명사,noun,要求,ようきゅう,요구,要求,ようきゅう,,요구,word,1,w_25da2a508436d3c3,N3,exact,1,verified,
mkt_n2_p017_o0449,mkt_n2,MKT_JLPT_word-N2.pdf,mkt,N2,17,449,447,명사,noun,様子,ようす,"모습,모양",様子,ようす,,"모습,모양",word,1,w_3bf53e46fb1dfaeb,N3,exact,1,verified,
mkt_n2_p017_o0450,mkt_n2,MKT_JLPT_word-N2.pdf,mkt,N2,17,450,448,명사,noun,世の中,よのなか,세상,世の中,よのなか,,세상,word,1,w_c1be6b8ea5e5af34,N3,exact,1,verified,
mkt_n2_p017_o0451,mkt_n2,MKT_JLPT_word-N2.pdf,mkt,N2,17,451,449,명사,noun,余裕,よゆう,여유,余裕,よゆう,,여유,word,1,w_a1775fab8d16545f,N3,exact,1,verified,
mkt_n2_p017_o0452,mkt_n2,MKT_JLPT_word-N2.pdf,mkt,N2,17,452,450,명사,noun,楽天的,らくてんてき,낙천적,楽天的,らくてんてき,,낙천적,word,1,,,new,1,verified,
mkt_n2_p017_o0453,mkt_n2,MKT_JLPT_word-N2.pdf,mkt,N2,17,453,451,명사,noun,利益,りえき,이익,利益,りえき,,이익,word,1,w_33388c47d805f383,N3,exact,1,verified,
mkt_n2_p017_o0454,mkt_n2,MKT_JLPT_word-N2.pdf,mkt,N2,17,454,452,명사,noun,利点,りてん,이점,利点,りてん,,이점,word,1,,,new,1,verified,
mkt_n2_p017_o0455,mkt_n2,MKT_JLPT_word-N2.pdf,mkt,N2,17,455,453,명사,noun,歴史,れきし,역사,歴史,れきし,,역사,word,1,w_d121a45dc3f1d4ef,N4,exact,1,verified,
mkt_n2_p017_o0456,mkt_n2,MKT_JLPT_word-N2.pdf,mkt,N2,17,456,454,명사,noun,割引,わりびき,할인,割引,わりびき,,할인,word,1,w_6483dda05171a166,N2,exact,1,verified,
mkt_n2_p017_o0457,mkt_n2,MKT_JLPT_word-N2.pdf,mkt,N2,17,457,455,부사,adverb,相変わらず,あいかわらず,변함없이,相変わらず,あいかわらず,,변함없이,word,1,w_03eba004293715ee,N3,exact,1,verified,
mkt_n2_p017_o0458,mkt_n2,MKT_JLPT_word-N2.pdf,mkt,N2,17,458,456,부사,adverb,相次いで,あいついで,잇따라,相次いで,あいついで,,잇따라,word,1,,,new,1,verified,
mkt_n2_p017_o0459,mkt_n2,MKT_JLPT_word-N2.pdf,mkt,N2,17,459,457,부사,adverb,改めて,あらためて,"다시,재차",改めて,あらためて,,"다시,재차",word,1,w_be17d1246f7736e9,N2,exact,1,verified,
mkt_n2_p017_o0460,mkt_n2,MKT_JLPT_word-N2.pdf,mkt,N2,17,460,458,부사,adverb,案外,あんがい,의외로,案外,あんがい,,의외로,word,1,w_39a7c4844064243e,N3,exact,1,verified,
mkt_n2_p017_o0461,mkt_n2,MKT_JLPT_word-N2.pdf,mkt,N2,17,461,459,부사,adverb,生き生き,いきいき,"생생한모양,활기찬모양",生き生き,いきいき,,"생생한모양,활기찬모양",word,1,w_ac2d5b64509678ba,N2,exact,1,verified,
mkt_n2_p017_o0462,mkt_n2,MKT_JLPT_word-N2.pdf,mkt,N2,17,462,460,부사,adverb,一応,いちおう,일단,一応,いちおう,,일단,word,1,w_a154922af913a212,N2,exact,1,verified,
mkt_n2_p018_o0463,mkt_n2,MKT_JLPT_word-N2.pdf,mkt,N2,18,463,461,부사,adverb,一斉に,いっせいに,일제히,一斉に,いっせいに,,일제히,word,1,,,new,1,verified,
mkt_n2_p018_o0464,mkt_n2,MKT_JLPT_word-N2.pdf,mkt,N2,18,464,462,부사,adverb,一体,いったい,대체,一体,いったい,,대체,word,1,w_b0c1d9f3b7112ba0,N3,exact,1,verified,
mkt_n2_p018_o0465,mkt_n2,MKT_JLPT_word-N2.pdf,mkt,N2,18,465,463,부사,adverb,今にも,いまにも,금방이라도,今にも,いまにも,,금방이라도,word,1,w_5e0e7dbaa8b12775,N3,exact,1,verified,
mkt_n2_p018_o0466,mkt_n2,MKT_JLPT_word-N2.pdf,mkt,N2,18,466,464,부사,adverb,大いに,おおいに,"크게,매우",大いに,おおいに,,"크게,매우",word,1,w_fc3f8a953526e8ae,N3,exact,1,verified,
mkt_n2_p018_o0467,mkt_n2,MKT_JLPT_word-N2.pdf,mkt,N2,18,467,465,부사,adverb,各々,おのおの,각각,各々,おのおの,,각각,word,1,w_01c8260054b32da5,N2,exact,1,verified,
mkt_n2_p018_o0468,mkt_n2,MKT_JLPT_word-N2.pdf,mkt,N2,18,468,466,부사,adverb,思わず,おもわず,무심코,思わず,おもわず,,무심코,word,1,w_4319c8721cd1feed,N3,exact,1,verified,
mkt_n2_p018_o0469,mkt_n2,MKT_JLPT_word-N2.pdf,mkt,N2,18,469,467,부사,adverb,必ず,かならず,"반드시,꼭",必ず,かならず,,"반드시,꼭",word,1,w_37328bc83de7e43a,N4,exact,1,verified,
mkt_n2_p018_o0470,mkt_n2,MKT_JLPT_word-N2.pdf,mkt,N2,18,470,468,부사,adverb,必ずしも,かならずしも,반드시~인것은아니다,必ずしも,かならずしも,,반드시~인것은아니다,word,1,w_1b29dad1ad887a74,N3,exact,1,verified,
mkt_n2_p018_o0471,mkt_n2,MKT_JLPT_word-N2.pdf,mkt,N2,18,471,469,부사,adverb,偶然,ぐうぜん,우연히,偶然,ぐうぜん,,우연히,word,1,w_532aa900ae487940,N3,exact,1,verified,
mkt_n2_p018_o0472,mkt_n2,MKT_JLPT_word-N2.pdf,mkt,N2,18,472,470,부사,adverb,幸いに,さいわいに,다행히,幸いに,さいわいに,,다행히,word,1,,,new,1,verified,
mkt_n2_p018_o0473,mkt_n2,MKT_JLPT_word-N2.pdf,mkt,N2,18,473,471,부사,adverb,先ほど,さきほど,"아까,먼저",先ほど,さきほど,,"아까,먼저",word,1,,,new,1,verified,
mkt_n2_p018_o0474,mkt_n2,MKT_JLPT_word-N2.pdf,mkt,N2,18,474,472,부사,adverb,早速,さっそく,"즉시,조속히",早速,さっそく,,"즉시,조속히",word,1,w_b72207d33f55c934,N2,exact,1,verified,
mkt_n2_p018_o0475,mkt_n2,MKT_JLPT_word-N2.pdf,mkt,N2,18,475,473,부사,adverb,様々,さまざま,여러가지,様々,さまざま,,여러가지,word,1,w_39dd02a5b61887c0,N3,exact,1,verified,
mkt_n2_p018_o0476,mkt_n2,MKT_JLPT_word-N2.pdf,mkt,N2,18,476,474,부사,adverb,強いて,しいて,"굳이,구태여",強いて,しいて,,"굳이,구태여",word,1,w_cd89b540108a739e,N1,exact,1,verified,
mkt_n2_p018_o0477,mkt_n2,MKT_JLPT_word-N2.pdf,mkt,N2,18,477,475,부사,adverb,直に,じかに,직접,直に,じかに,,직접,word,1,w_67f55f83e57c90e7,N3,exact,1,verified,
mkt_n2_p018_o0478,mkt_n2,MKT_JLPT_word-N2.pdf,mkt,N2,18,478,476,부사,adverb,次第に,しだいに,"점점,순차적으로",次第に,しだいに,,"점점,순차적으로",word,1,,,new,1,verified,
mkt_n2_p018_o0479,mkt_n2,MKT_JLPT_word-N2.pdf,mkt,N2,18,479,477,부사,adverb,実に,じつに,실제로,実に,じつに,,실제로,word,1,w_2de3e45eed19bba2,N3,exact,1,verified,
mkt_n2_p018_o0480,mkt_n2,MKT_JLPT_word-N2.pdf,mkt,N2,18,480,478,부사,adverb,十分,じゅうぶん,충분,十分,じゅうぶん,,충분,word,1,w_2c493e7b6b9a7630,N4,exact,1,verified,
mkt_n2_p018_o0481,mkt_n2,MKT_JLPT_word-N2.pdf,mkt,N2,18,481,479,부사,adverb,徐々に,じょじょに,서서히,徐々に,じょじょに,,서서히,word,1,w_14d43505e1a91b15,N3,exact,1,verified,
mkt_n2_p018_o0482,mkt_n2,MKT_JLPT_word-N2.pdf,mkt,N2,18,482,480,부사,adverb,少なくとも,すくなくとも,적어도,少なくとも,すくなくとも,,적어도,word,1,w_95dcb750dac183f7,N2,exact,1,verified,
mkt_n2_p018_o0483,mkt_n2,MKT_JLPT_word-N2.pdf,mkt,N2,18,483,481,부사,adverb,絶対に,ぜったいに,절대로,絶対に,ぜったいに,,절대로,word,1,,,new,1,verified,
mkt_n2_p018_o0484,mkt_n2,MKT_JLPT_word-N2.pdf,mkt,N2,18,484,482,부사,adverb,相当,そうとう,상당히,相当,そうとう,,상당히,word,1,w_dc4283928eb4dbae,N3,exact,1,verified,
mkt_n2_p018_o0485,mkt_n2,MKT_JLPT_word-N2.pdf,mkt,N2,18,485,483,부사,adverb,続々,ぞくぞく,"속속,계속해서",続々,ぞくぞく,,"속속,계속해서",word,1,w_fe5026000bdbdfdf,N2,exact,1,verified,
mkt_n2_p018_o0486,mkt_n2,MKT_JLPT_word-N2.pdf,mkt,N2,18,486,484,부사,adverb,大抵,たいてい,대체로,大抵,たいてい,,대체로,word,1,w_ff87bb6908adb37e,N4,exact,1,verified,
mkt_n2_p018_o0487,mkt_n2,MKT_JLPT_word-N2.pdf,mkt,N2,18,487,485,부사,adverb,絶えず,たえず,끊임없이,絶えず,たえず,,끊임없이,word,1,w_639c06072aff12f4,N2,exact,1,verified,
mkt_n2_p018_o0488,mkt_n2,MKT_JLPT_word-N2.pdf,mkt,N2,18,488,486,부사,adverb,多少,たしょう,다소,多少,たしょう,,다소,word,1,w_e3819b3a806f61d1,N3,exact,1,verified,
mkt_n2_p018_o0489,mkt_n2,MKT_JLPT_word-N2.pdf,mkt,N2,18,489,487,부사,adverb,直ちに,ただちに,금새,直ちに,ただちに,,금새,word,1,w_90b4dd79bc0d9463,N3,exact,1,verified,
mkt_n2_p018_o0490,mkt_n2,MKT_JLPT_word-N2.pdf,mkt,N2,18,490,488,부사,adverb,単なる,たんなる,단순한,単なる,たんなる,,단순한,word,1,w_c804e191ffa9046c,N3,exact,1,verified,
mkt_n2_p018_o0491,mkt_n2,MKT_JLPT_word-N2.pdf,mkt,N2,18,491,489,부사,adverb,着々,ちゃくちゃく,착착,着々,ちゃくちゃく,,착착,word,1,w_957e9ad1cc2a5cc6,N2,exact,1,verified,
mkt_n2_p018_o0492,mkt_n2,MKT_JLPT_word-N2.pdf,mkt,N2,18,492,490,부사,adverb,常に,つねに,"항상,언제나",常に,つねに,,"항상,언제나",word,1,w_2fc9098d18ea8dc0,N3,exact,1,verified,
mkt_n2_p019_o0493,mkt_n2,MKT_JLPT_word-N2.pdf,mkt,N2,19,493,491,부사,adverb,突然,とつぜん,"돌연,갑자기",突然,とつぜん,,"돌연,갑자기",word,1,w_778db150e15994d8,N3,exact,1,verified,
mkt_n2_p019_o0494,mkt_n2,MKT_JLPT_word-N2.pdf,mkt,N2,19,494,492,부사,adverb,何しろ,なにしろ,"아무튼,어쨌든",何しろ,なにしろ,,"아무튼,어쨌든",word,1,w_7eee80d45b634bc2,N2,exact,1,verified,
mkt_n2_p019_o0495,mkt_n2,MKT_JLPT_word-N2.pdf,mkt,N2,19,495,493,부사,adverb,何とか,なんとか,"뭐라고,어떻게든",何とか,なんとか,,"뭐라고,어떻게든",word,1,,,new,1,verified,
mkt_n2_p019_o0496,mkt_n2,MKT_JLPT_word-N2.pdf,mkt,N2,19,496,494,부사,adverb,果たして,はたして,과연,果たして,はたして,,과연,word,1,w_bdef0744a164ce01,N2,exact,1,verified,
mkt_n2_p019_o0497,mkt_n2,MKT_JLPT_word-N2.pdf,mkt,N2,19,497,495,부사,adverb,再び,ふたたび,"다시,재차",再び,ふたたび,,"다시,재차",word,1,,,new,1,verified,
mkt_n2_p019_o0498,mkt_n2,MKT_JLPT_word-N2.pdf,mkt,N2,19,498,496,부사,adverb,別々,べつべつ,따로따로,別々,べつべつ,,따로따로,word,1,w_cbaa90d9cde4ed8e,N2,exact,1,verified,
mkt_n2_p019_o0499,mkt_n2,MKT_JLPT_word-N2.pdf,mkt,N2,19,499,497,부사,adverb,全く,まったく,전혀,全く,まったく,,전혀,word,1,,,new,1,verified,
mkt_n2_p019_o0500,mkt_n2,MKT_JLPT_word-N2.pdf,mkt,N2,19,500,498,부사,adverb,最も,もっとも,가장,最も,もっとも,,가장,word,1,w_83de4c2c646b19a2,N4,exact,1,verified,
mkt_n2_p019_o0501,mkt_n2,MKT_JLPT_word-N2.pdf,mkt,N2,19,501,499,부사,adverb,元々,もともと,원래,元々,もともと,,원래,word,1,w_e504525a3bc6bc12,N2,exact,1,verified,
mkt_n2_p019_o0502,mkt_n2,MKT_JLPT_word-N2.pdf,mkt,N2,19,502,500,부사,adverb,余計,よけい,"한층더,더욱",余計,よけい,,"한층더,더욱",word,1,w_77fb8557b6af733f,N2,exact,1,verified,
mkt_n3_p002_o0001,mkt_n3,MKT_JLPT_word-N3.pdf,mkt,N3,2,1,1,동사,verb,飽きる,あきる,"질리다,싫증나다",飽きる,あきる,,"질리다,싫증나다",word,1,w_5ed6c4ba3aaf50f2,N3,exact,1,verified,
mkt_n3_p002_o0002,mkt_n3,MKT_JLPT_word-N3.pdf,mkt,N3,2,2,2,동사,verb,預ける,あずける,맡기다,預ける,あずける,,맡기다,word,1,w_8e9f9d67a0b3a015,N3,exact,1,verified,
mkt_n3_p002_o0003,mkt_n3,MKT_JLPT_word-N3.pdf,mkt,N3,2,3,3,동사,verb,当たる,あたる,"맞다,적중하다",当たる,あたる,,"맞다,적중하다",word,1,w_8260701b3bb8776f,N3,exact,1,verified,
mkt_n3_p002_o0004,mkt_n3,MKT_JLPT_word-N3.pdf,mkt,N3,2,4,4,동사,verb,余る,あまる,남다,余る,あまる,,남다,word,1,w_fa49af9b638a1de5,N2,exact,1,verified,
mkt_n3_p002_o0005,mkt_n3,MKT_JLPT_word-N3.pdf,mkt,N3,2,5,5,동사,verb,編む,あむ,(스웨터를)짜다,編む,あむ,,(스웨터를)짜다,word,1,w_257d75d3ceb98dfd,N2,exact,1,verified,
mkt_n3_p002_o0006,mkt_n3,MKT_JLPT_word-N3.pdf,mkt,N3,2,6,6,동사,verb,表す,あらわす,"나타내다,표현하다",表す,あらわす,,"나타내다,표현하다",word,1,w_df7a287483888d5b,N3,exact,1,verified,
mkt_n3_p002_o0007,mkt_n3,MKT_JLPT_word-N3.pdf,mkt,N3,2,7,7,동사,verb,慌てる,あわてる,허둥대다,慌てる,あわてる,,허둥대다,word,1,w_70953a9f6c527285,N3,exact,1,verified,
mkt_n3_p002_o0008,mkt_n3,MKT_JLPT_word-N3.pdf,mkt,N3,2,8,8,동사,verb,急ぐ,いそぐ,서두르다,急ぐ,いそぐ,,서두르다,word,1,w_35b6a541cf7ae323,N4,exact,1,verified,
mkt_n3_p002_o0009,mkt_n3,MKT_JLPT_word-N3.pdf,mkt,N3,2,9,9,동사,verb,挑む,いどむ,도전하다,挑む,いどむ,,도전하다,word,1,w_e13e432306ac2b38,N1,exact,1,verified,
mkt_n3_p002_o0010,mkt_n3,MKT_JLPT_word-N3.pdf,mkt,N3,2,10,10,동사,verb,植える,うえる,심다,植える,うえる,,심다,word,1,w_5cb12a6a437a0e71,N4,exact,1,verified,
mkt_n3_p002_o0011,mkt_n3,MKT_JLPT_word-N3.pdf,mkt,N3,2,11,11,동사,verb,受け取る,うけとる,"수취하다,받다",受け取る,うけとる,,"수취하다,받다",word,1,w_6c6a8a5d86d0f377,N3,exact,1,verified,
mkt_n3_p002_o0012,mkt_n3,MKT_JLPT_word-N3.pdf,mkt,N3,2,12,12,동사,verb,疑う,うたがう,의심하다,疑う,うたがう,,의심하다,word,1,w_5701ed73ffb1244a,N3,exact,1,verified,
mkt_n3_p002_o0013,mkt_n3,MKT_JLPT_word-N3.pdf,mkt,N3,2,13,13,동사,verb,打つ,うつ,치다,打つ,うつ,,치다,word,1,w_ea0e0b2919d233c4,N4,exact,1,verified,
mkt_n3_p002_o0014,mkt_n3,MKT_JLPT_word-N3.pdf,mkt,N3,2,14,14,동사,verb,移る,うつる,"옮다,이동하다",移る,うつる,,"옮다,이동하다",word,1,w_ccb51d6321b82404,N4,exact,1,verified,
mkt_n3_p002_o0015,mkt_n3,MKT_JLPT_word-N3.pdf,mkt,N3,2,15,15,동사,verb,奪う,うばう,빼앗다,奪う,うばう,,빼앗다,word,1,w_833594898192c2a8,N3,exact,1,verified,
mkt_n3_p002_o0016,mkt_n3,MKT_JLPT_word-N3.pdf,mkt,N3,2,16,16,동사,verb,埋める,うめる,"묻다,메우다,채우다",埋める,うめる,,"묻다,메우다,채우다",word,1,w_391a18817462cda1,N2,exact,1,verified,
mkt_n3_p002_o0017,mkt_n3,MKT_JLPT_word-N3.pdf,mkt,N3,2,17,17,동사,verb,売り切れる,うりきれる,"다팔리다,매진되다",売り切れる,うりきれる,,"다팔리다,매진되다",word,1,w_3f46b28da139c16c,N2,exact,1,verified,
mkt_n3_p002_o0018,mkt_n3,MKT_JLPT_word-N3.pdf,mkt,N3,2,18,18,동사,verb,追いつく,おいつく,"따라잡다 (감정,요구를)억제하다,",追いつく,おいつく,,"따라잡다 (감정,요구를)억제하다,",word,1,,,new,1,verified,
mkt_n3_p002_o0019,mkt_n3,MKT_JLPT_word-N3.pdf,mkt,N3,2,19,19,동사,verb,抑える,おさえる,"(소비,지출을)줄이다",抑える,おさえる,,"(소비,지출을)줄이다",word,1,,,new,1,verified,
mkt_n3_p002_o0020,mkt_n3,MKT_JLPT_word-N3.pdf,mkt,N3,2,20,20,동사,verb,押す,おす,"누르다,밀다",押す,おす,,"누르다,밀다",word,1,w_b38cfcd67ff64a8e,N5,exact,1,verified,
mkt_n3_p002_o0021,mkt_n3,MKT_JLPT_word-N3.pdf,mkt,N3,2,21,21,동사,verb,落ち着く,おちつく,"침착하다,차분해지다",落ち着く,おちつく,,"침착하다,차분해지다",word,1,,,new,1,verified,
mkt_n3_p002_o0022,mkt_n3,MKT_JLPT_word-N3.pdf,mkt,N3,2,22,22,동사,verb,驚く,おどろく,놀라다,驚く,おどろく,,놀라다,word,1,w_37ec28fcb6fd4c6a,N4,exact,1,verified,
mkt_n3_p002_o0023,mkt_n3,MKT_JLPT_word-N3.pdf,mkt,N3,2,23,23,동사,verb,覚える,おぼえる,"외우다,기억하다",覚える,おぼえる,,"외우다,기억하다",word,1,w_c19e856353cf049c,N5,exact,1,verified,
mkt_n3_p002_o0024,mkt_n3,MKT_JLPT_word-N3.pdf,mkt,N3,2,24,24,동사,verb,折る,おる,"꺾다,접다",折る,おる,,"꺾다,접다",word,1,w_5395c758c9404f88,N4,exact,1,verified,
mkt_n3_p002_o0025,mkt_n3,MKT_JLPT_word-N3.pdf,mkt,N3,2,25,25,동사,verb,折れる,おれる,"꺾이다,접히다",折れる,おれる,,"꺾이다,접히다",word,1,w_d88b02752fa01c86,N4,exact,1,verified,
mkt_n3_p002_o0026,mkt_n3,MKT_JLPT_word-N3.pdf,mkt,N3,2,26,26,동사,verb,替える,かえる,"바꾸다,교환하다",替える,かえる,,"바꾸다,교환하다",word,1,w_bb59d051bed3ec91,N3,exact,1,verified,
mkt_n3_p002_o0027,mkt_n3,MKT_JLPT_word-N3.pdf,mkt,N3,2,27,27,동사,verb,輝く,かがやく,빛나다,輝く,かがやく,,빛나다,word,1,w_2bcc58862e764fb6,N3,exact,1,verified,
mkt_n3_p002_o0028,mkt_n3,MKT_JLPT_word-N3.pdf,mkt,N3,2,28,28,동사,verb,隠す,かくす,숨기다,隠す,かくす,,숨기다,word,1,w_0db5f93d3e4fca8d,N3,exact,1,verified,
mkt_n3_p003_o0029,mkt_n3,MKT_JLPT_word-N3.pdf,mkt,N3,3,29,29,동사,verb,駆ける,かける,"전속력으로달리다,뛰다",駆ける,かける,,"전속력으로달리다,뛰다",word,1,w_576ccbc5751f2876,N3,exact,1,verified,
mkt_n3_p003_o0030,mkt_n3,MKT_JLPT_word-N3.pdf,mkt,N3,3,30,30,동사,verb,囲む,かこむ,둘러싸다,囲む,かこむ,,둘러싸다,word,1,w_0fe02994b97b5a0f,N3,exact,1,verified,
mkt_n3_p003_o0031,mkt_n3,MKT_JLPT_word-N3.pdf,mkt,N3,3,31,31,동사,verb,重ねる,かさねる,"겹치다,포개다,거듭하다",重ねる,かさねる,,"겹치다,포개다,거듭하다",word,1,w_54106fda6aa724e5,N2,exact,1,verified,
mkt_n3_p003_o0032,mkt_n3,MKT_JLPT_word-N3.pdf,mkt,N3,3,32,32,동사,verb,飾る,かざる,장식하다,飾る,かざる,,장식하다,word,1,w_4a1b1e17774facb5,N4,exact,1,verified,
mkt_n3_p003_o0033,mkt_n3,MKT_JLPT_word-N3.pdf,mkt,N3,3,33,33,동사,verb,貸す,かす,빌려주다,貸す,かす,,빌려주다,word,1,w_86fe8e891a4c6756,N5,exact,1,verified,
mkt_n3_p003_o0034,mkt_n3,MKT_JLPT_word-N3.pdf,mkt,N3,3,34,34,동사,verb,借りる,かりる,빌리다,借りる,かりる,,빌리다,word,1,w_9439a2cee60f4d2e,N5,exact,1,verified,
mkt_n3_p003_o0035,mkt_n3,MKT_JLPT_word-N3.pdf,mkt,N3,3,35,35,동사,verb,枯れる,かれる,시들다,枯れる,かれる,,시들다,word,1,w_8efd4d5e30a414c9,N2,exact,1,verified,
mkt_n3_p003_o0036,mkt_n3,MKT_JLPT_word-N3.pdf,mkt,N3,3,36,36,동사,verb,乾く,かわく,"마르다,건조되다",乾く,かわく,,"마르다,건조되다",word,1,w_b480848a70c6cde2,N4,exact,1,verified,
mkt_n3_p003_o0037,mkt_n3,MKT_JLPT_word-N3.pdf,mkt,N3,3,37,37,동사,verb,消える,きえる,"꺼지다,사라지다",消える,きえる,,"꺼지다,사라지다",word,1,w_31d63c4d5ffb7abe,N5,exact,1,verified,
mkt_n3_p003_o0038,mkt_n3,MKT_JLPT_word-N3.pdf,mkt,N3,3,38,38,동사,verb,嫌う,きらう,싫어하다,嫌う,きらう,,싫어하다,word,1,w_209a4f5d036442e7,N3,exact,1,verified,
mkt_n3_p003_o0039,mkt_n3,MKT_JLPT_word-N3.pdf,mkt,N3,3,39,39,동사,verb,配る,くばる,나눠주다,配る,くばる,,나눠주다,word,1,w_1954b22e948706ba,N2,exact,1,verified,
mkt_n3_p003_o0040,mkt_n3,MKT_JLPT_word-N3.pdf,mkt,N3,3,40,40,동사,verb,組み立てる,くみたてる,조립하다,組み立てる,くみたてる,,조립하다,word,1,w_2ccccc5ce470df89,N2,exact,1,verified,
mkt_n3_p003_o0041,mkt_n3,MKT_JLPT_word-N3.pdf,mkt,N3,3,41,41,동사,verb,組む,くむ,"짜다,(팔짱을)끼다",組む,くむ,,"짜다,(팔짱을)끼다",word,1,w_d15e0f07b88902ba,N3,exact,1,verified,
mkt_n3_p003_o0042,mkt_n3,MKT_JLPT_word-N3.pdf,mkt,N3,3,42,42,동사,verb,繰り返す,くりかえす,반복하다,繰り返す,くりかえす,,반복하다,word,1,w_38adf495daec31a4,N3,exact,1,verified,
mkt_n3_p003_o0043,mkt_n3,MKT_JLPT_word-N3.pdf,mkt,N3,3,43,43,동사,verb,加える,くわえる,"더하다,추가하다",加える,くわえる,,"더하다,추가하다",word,1,w_cd78f0b9b5df65b5,N3,exact,1,verified,
mkt_n3_p003_o0044,mkt_n3,MKT_JLPT_word-N3.pdf,mkt,N3,3,44,44,동사,verb,消す,けす,"끄다,지우다",消す,けす,,"끄다,지우다",word,1,w_46f4a926941aa00f,N5,exact,1,verified,
mkt_n3_p003_o0045,mkt_n3,MKT_JLPT_word-N3.pdf,mkt,N3,3,45,45,동사,verb,凍る,こおる,얼다,凍る,こおる,,얼다,word,1,w_5f26706bc397cbd9,N3,exact,1,verified,
mkt_n3_p003_o0046,mkt_n3,MKT_JLPT_word-N3.pdf,mkt,N3,3,46,46,동사,verb,焦げる,こげる,"(음식이)타다,눌러붙다",焦げる,こげる,,"(음식이)타다,눌러붙다",word,1,w_2ecf1448db674675,N2,exact,1,verified,
mkt_n3_p003_o0047,mkt_n3,MKT_JLPT_word-N3.pdf,mkt,N3,3,47,47,동사,verb,断る,ことわる,거절하다,断る,ことわる,,거절하다,word,1,w_6ee69fae4031725c,N3,exact,1,verified,
mkt_n3_p003_o0048,mkt_n3,MKT_JLPT_word-N3.pdf,mkt,N3,3,48,48,동사,verb,転ぶ,ころぶ,"구르다,넘어지다",転ぶ,ころぶ,,"구르다,넘어지다",word,1,w_523564dca147c289,N3,exact,1,verified,
mkt_n3_p003_o0049,mkt_n3,MKT_JLPT_word-N3.pdf,mkt,N3,3,49,49,동사,verb,怖がる,こわがる,무서워하다,怖がる,こわがる,,무서워하다,word,1,,,new,1,verified,
mkt_n3_p003_o0050,mkt_n3,MKT_JLPT_word-N3.pdf,mkt,N3,3,50,50,동사,verb,覚める,さめる,(눈이)떠지다,覚める,さめる,,(눈이)떠지다,word,1,w_2d93a54816bc689a,N3,exact,1,verified,
mkt_n3_p003_o0051,mkt_n3,MKT_JLPT_word-N3.pdf,mkt,N3,3,51,51,동사,verb,騒ぐ,さわぐ,"떠들다,소란피우다",騒ぐ,さわぐ,,"떠들다,소란피우다",word,1,w_297d3596bc4a7b3e,N4,exact,1,verified,
mkt_n3_p003_o0052,mkt_n3,MKT_JLPT_word-N3.pdf,mkt,N3,3,52,52,동사,verb,触る,さわる,만지다,触る,さわる,,만지다,word,1,w_ae678ec4c5e2d5a2,N4,exact,1,verified,
mkt_n3_p003_o0053,mkt_n3,MKT_JLPT_word-N3.pdf,mkt,N3,3,53,53,동사,verb,沈む,しずむ,가라앉다,沈む,しずむ,,가라앉다,word,1,w_332961e3eca8d0d8,N3,exact,1,verified,
mkt_n3_p003_o0054,mkt_n3,MKT_JLPT_word-N3.pdf,mkt,N3,3,54,54,동사,verb,従う,したがう,따르다,従う,したがう,,따르다,word,1,w_58962bd58b2b4e7e,N3,exact,1,verified,
mkt_n3_p003_o0055,mkt_n3,MKT_JLPT_word-N3.pdf,mkt,N3,3,55,55,동사,verb,縛る,しばる,(끈으로)묶다,縛る,しばる,,(끈으로)묶다,word,1,w_9f231925f59ed7f1,N2,exact,1,verified,
mkt_n3_p003_o0056,mkt_n3,MKT_JLPT_word-N3.pdf,mkt,N3,3,56,56,동사,verb,絞る,しぼる,"(물기를)짜다,(범위를)줄이다",絞る,しぼる,,"(물기를)짜다,(범위를)줄이다",word,1,w_5eb91e972061c9b7,N2,exact,1,verified,
mkt_n3_p003_o0057,mkt_n3,MKT_JLPT_word-N3.pdf,mkt,N3,3,57,57,동사,verb,示す,しめす,"나타내다,제시하다",示す,しめす,,"나타내다,제시하다",word,1,w_12b2c5a3d815ee5c,N3,exact,1,verified,
mkt_n3_p003_o0058,mkt_n3,MKT_JLPT_word-N3.pdf,mkt,N3,3,58,58,동사,verb,締める,しめる,바싹졸라메다,締める,しめる,,바싹졸라메다,word,1,w_880c807fbde1f75f,N5,exact,1,verified,
mkt_n3_p004_o0059,mkt_n3,MKT_JLPT_word-N3.pdf,mkt,N3,4,59,59,동사,verb,信じる,しんじる,믿다,信じる,しんじる,,믿다,word,1,w_5a88c9228acf3e6c,N3,exact,1,verified,
mkt_n3_p004_o0060,mkt_n3,MKT_JLPT_word-N3.pdf,mkt,N3,4,60,60,동사,verb,過ぎる,すぎる,지나다,過ぎる,すぎる,,지나다,word,1,w_6a6073dfdd680835,N4,exact,1,verified,
mkt_n3_p004_o0061,mkt_n3,MKT_JLPT_word-N3.pdf,mkt,N3,4,61,61,동사,verb,捨てる,すてる,버리다,捨てる,すてる,,버리다,word,1,w_b6b49f13cc187ba2,N4,exact,1,verified,
mkt_n3_p004_o0062,mkt_n3,MKT_JLPT_word-N3.pdf,mkt,N3,4,62,62,동사,verb,育てる,そだてる,키우다,育てる,そだてる,,키우다,word,1,w_ffe81a0eaf637bf5,N4,exact,1,verified,
mkt_n3_p004_o0063,mkt_n3,MKT_JLPT_word-N3.pdf,mkt,N3,4,63,63,동사,verb,倒れる,たおれる,"쓰러지다,넘어지다",倒れる,たおれる,,"쓰러지다,넘어지다",word,1,w_d3d82a7140e0780e,N4,exact,1,verified,
mkt_n3_p004_o0064,mkt_n3,MKT_JLPT_word-N3.pdf,mkt,N3,4,64,64,동사,verb,確かめる,たしかめる,확인하다,確かめる,たしかめる,,확인하다,word,1,w_79aa315fe2fb6fed,N3,exact,1,verified,
mkt_n3_p004_o0065,mkt_n3,MKT_JLPT_word-N3.pdf,mkt,N3,4,65,65,동사,verb,戦う,たたかう,싸우다,戦う,たたかう,,싸우다,word,1,w_ccae99849468c640,N3,exact,1,verified,
mkt_n3_p004_o0066,mkt_n3,MKT_JLPT_word-N3.pdf,mkt,N3,4,66,66,동사,verb,畳む,たたむ,(빨래를)개다,畳む,たたむ,,(빨래를)개다,word,1,w_6d74d0384fabf212,N2,exact,1,verified,
mkt_n3_p004_o0067,mkt_n3,MKT_JLPT_word-N3.pdf,mkt,N3,4,67,67,동사,verb,経つ,たつ,"(시간이)흐르다,경과하다",経つ,たつ,,"(시간이)흐르다,경과하다",word,1,w_f9cbb66f95c14ac7,N3,exact,1,verified,
mkt_n3_p004_o0068,mkt_n3,MKT_JLPT_word-N3.pdf,mkt,N3,4,68,68,동사,verb,黙る,だまる,입다물다,黙る,だまる,,입다물다,word,1,w_ca75d89cd5674c1a,N3,exact,1,verified,
mkt_n3_p004_o0069,mkt_n3,MKT_JLPT_word-N3.pdf,mkt,N3,4,69,69,동사,verb,頼る,たよる,"의지하다,기대다",頼る,たよる,,"의지하다,기대다",word,1,w_beba51ed42057271,N3,exact,1,verified,
mkt_n3_p004_o0070,mkt_n3,MKT_JLPT_word-N3.pdf,mkt,N3,4,70,70,동사,verb,違う,ちがう,다르다,違う,ちがう,,다르다,word,1,,,new,1,verified,
mkt_n3_p004_o0071,mkt_n3,MKT_JLPT_word-N3.pdf,mkt,N3,4,71,71,동사,verb,疲れる,つかれる,피곤하다,疲れる,つかれる,,피곤하다,word,1,,,new,1,verified,
mkt_n3_p004_o0072,mkt_n3,MKT_JLPT_word-N3.pdf,mkt,N3,4,72,72,동사,verb,伝わる,つたわる,전해지다,伝わる,つたわる,,전해지다,word,1,w_3b6a755085e31740,N2,exact,1,verified,
mkt_n3_p004_o0073,mkt_n3,MKT_JLPT_word-N3.pdf,mkt,N3,4,73,73,동사,verb,包む,つつむ,"싸다,포장하다",包む,つつむ,,"싸다,포장하다",word,1,w_8c799d8b46187b9c,N4,exact,1,verified,
mkt_n3_p004_o0074,mkt_n3,MKT_JLPT_word-N3.pdf,mkt,N3,4,74,74,동사,verb,勤める,つとめる,근무하다,勤める,つとめる,,근무하다,word,1,,,new,1,verified,
mkt_n3_p004_o0075,mkt_n3,MKT_JLPT_word-N3.pdf,mkt,N3,4,75,75,동사,verb,通る,とおる,"통과하다,지나가다",通る,とおる,,"통과하다,지나가다",word,1,w_392f5e6a2191934f,N4,exact,1,verified,
mkt_n3_p004_o0076,mkt_n3,MKT_JLPT_word-N3.pdf,mkt,N3,4,76,76,동사,verb,解ける,とける,"(문제가)풀리다,해결되다",解ける,とける,,"(문제가)풀리다,해결되다",word,1,,,surface_only,1,verified,
mkt_n3_p004_o0077,mkt_n3,MKT_JLPT_word-N3.pdf,mkt,N3,4,77,77,동사,verb,溶ける,とける,녹다,溶ける,とける,,녹다,word,1,w_6f1a72396ce02e7e,N2,exact,1,verified,
mkt_n3_p004_o0078,mkt_n3,MKT_JLPT_word-N3.pdf,mkt,N3,4,78,78,동사,verb,閉じる,とじる,"(눈을)감다,(책을)덮다",閉じる,とじる,,"(눈을)감다,(책을)덮다",word,1,,,new,1,verified,
mkt_n3_p004_o0079,mkt_n3,MKT_JLPT_word-N3.pdf,mkt,N3,4,79,79,동사,verb,怒鳴る,どなる,"고함치다,호통치다",怒鳴る,どなる,,"고함치다,호통치다",word,1,w_72943e17cc2418be,N2,exact,1,verified,
mkt_n3_p004_o0080,mkt_n3,MKT_JLPT_word-N3.pdf,mkt,N3,4,80,80,동사,verb,飛ぶ,とぶ,날다,飛ぶ,とぶ,,날다,word,1,,,new,1,verified,
mkt_n3_p004_o0081,mkt_n3,MKT_JLPT_word-N3.pdf,mkt,N3,4,81,81,동사,verb,取り消す,とりけす,취소하다,取り消す,とりけす,,취소하다,word,1,w_27b4eb4ed5d3fe45,N2,exact,1,verified,
mkt_n3_p004_o0082,mkt_n3,MKT_JLPT_word-N3.pdf,mkt,N3,4,82,82,동사,verb,流れる,ながれる,흐르다,流れる,ながれる,,흐르다,word,1,w_b5029dc94f034021,N3,exact,1,verified,
mkt_n3_p004_o0083,mkt_n3,MKT_JLPT_word-N3.pdf,mkt,N3,4,83,83,동사,verb,泣く,なく,울다,泣く,なく,,울다,word,1,w_6f55665c44761da7,N4,exact,1,verified,
mkt_n3_p004_o0084,mkt_n3,MKT_JLPT_word-N3.pdf,mkt,N3,4,84,84,동사,verb,慰める,なぐさめる,위로하다,慰める,なぐさめる,,위로하다,word,1,w_09a2b046aa57cee5,N2,exact,1,verified,
mkt_n3_p004_o0085,mkt_n3,MKT_JLPT_word-N3.pdf,mkt,N3,4,85,85,동사,verb,投げる,なげる,던지다,投げる,なげる,,던지다,word,1,w_2b162e6f88d7024b,N4,exact,1,verified,
mkt_n3_p004_o0086,mkt_n3,MKT_JLPT_word-N3.pdf,mkt,N3,4,86,86,동사,verb,並ぶ,ならぶ,"한줄로서다,늘어서다",並ぶ,ならぶ,,"한줄로서다,늘어서다",word,1,,,new,1,verified,
mkt_n3_p005_o0087,mkt_n3,MKT_JLPT_word-N3.pdf,mkt,N3,5,87,87,동사,verb,似合う,にあう,어울리다,似合う,にあう,,어울리다,word,1,,,new,1,verified,
mkt_n3_p005_o0088,mkt_n3,MKT_JLPT_word-N3.pdf,mkt,N3,5,88,88,동사,verb,握る,にぎる,(손에꽉)쥐다,握る,にぎる,,(손에꽉)쥐다,word,1,w_5087ca0f2f02704e,N3,exact,1,verified,
mkt_n3_p005_o0089,mkt_n3,MKT_JLPT_word-N3.pdf,mkt,N3,5,89,89,동사,verb,逃げる,にげる,도망치다,逃げる,にげる,,도망치다,word,1,w_cfaabede8d015780,N4,exact,1,verified,
mkt_n3_p005_o0090,mkt_n3,MKT_JLPT_word-N3.pdf,mkt,N3,5,90,90,동사,verb,濡れる,ぬれる,젖다,濡れる,ぬれる,,젖다,word,1,w_6112ce630d7428df,N4,exact,1,verified,
mkt_n3_p005_o0091,mkt_n3,MKT_JLPT_word-N3.pdf,mkt,N3,5,91,91,동사,verb,願う,ねがう,"바라다,원하다",願う,ねがう,,"바라다,원하다",word,1,w_6388a0edfae62aee,N3,exact,1,verified,
mkt_n3_p005_o0092,mkt_n3,MKT_JLPT_word-N3.pdf,mkt,N3,5,92,92,동사,verb,眠る,ねむる,"잠들다,자다",眠る,ねむる,,"잠들다,자다",word,1,w_0cc9640d33061e53,N4,exact,1,verified,
mkt_n3_p005_o0093,mkt_n3,MKT_JLPT_word-N3.pdf,mkt,N3,5,93,93,동사,verb,残る,のこる,남다,残る,のこる,,남다,word,1,w_ba48bff47965823b,N4,exact,1,verified,
mkt_n3_p005_o0094,mkt_n3,MKT_JLPT_word-N3.pdf,mkt,N3,5,94,94,동사,verb,延ばす,のばす,"(시일을)연장시키다,미루다",延ばす,のばす,,"(시일을)연장시키다,미루다",word,1,w_4fa2413486371202,N3,exact,1,verified,
mkt_n3_p005_o0095,mkt_n3,MKT_JLPT_word-N3.pdf,mkt,N3,5,95,95,동사,verb,生える,はえる,"(수염,풀등이)나다,자라다",生える,はえる,,"(수염,풀등이)나다,자라다",word,1,,,new,1,verified,
mkt_n3_p005_o0096,mkt_n3,MKT_JLPT_word-N3.pdf,mkt,N3,5,96,96,동사,verb,測る,はかる,"(길이,높이,속도등을)측정하다",測る,はかる,,"(길이,높이,속도등을)측정하다",word,1,w_e7f479187f36afac,N3,exact,1,verified,
mkt_n3_p005_o0097,mkt_n3,MKT_JLPT_word-N3.pdf,mkt,N3,5,97,97,동사,verb,量る,はかる,"(무게,중량등을)측정하다",量る,はかる,,"(무게,중량등을)측정하다",word,1,w_950944eda8002bbc,N3,exact,1,verified,
mkt_n3_p005_o0098,mkt_n3,MKT_JLPT_word-N3.pdf,mkt,N3,5,98,98,동사,verb,運ぶ,はこぶ,운반하다,運ぶ,はこぶ,,운반하다,word,1,w_16a8437b706000b6,N4,exact,1,verified,
mkt_n3_p005_o0099,mkt_n3,MKT_JLPT_word-N3.pdf,mkt,N3,5,99,99,동사,verb,離す,はなす,"떼다,놓치다",離す,はなす,,"떼다,놓치다",word,1,w_922cf062f49b5d26,N3,exact,1,verified,
mkt_n3_p005_o0100,mkt_n3,MKT_JLPT_word-N3.pdf,mkt,N3,5,100,100,동사,verb,冷える,ひえる,차가워지다,冷える,ひえる,,차가워지다,word,1,w_e31aefb75328a9e0,N4,exact,1,verified,
mkt_n3_p005_o0101,mkt_n3,MKT_JLPT_word-N3.pdf,mkt,N3,5,101,101,동사,verb,光る,ひかる,빛나다,光る,ひかる,,빛나다,word,1,w_8370b0f20a42b8f5,N4,exact,1,verified,
mkt_n3_p005_o0102,mkt_n3,MKT_JLPT_word-N3.pdf,mkt,N3,5,102,102,동사,verb,引き受ける,ひきうける,받아들이다,引き受ける,ひきうける,,받아들이다,word,1,,,new,1,verified,
mkt_n3_p005_o0103,mkt_n3,MKT_JLPT_word-N3.pdf,mkt,N3,5,103,103,동사,verb,拾う,ひろう,줍다,拾う,ひろう,,줍다,word,1,w_041ac7863a71dd1a,N4,exact,1,verified,
mkt_n3_p005_o0104,mkt_n3,MKT_JLPT_word-N3.pdf,mkt,N3,5,104,104,동사,verb,拭く,ふく,닦다,拭く,ふく,,닦다,word,1,,,new,1,verified,
mkt_n3_p005_o0105,mkt_n3,MKT_JLPT_word-N3.pdf,mkt,N3,5,105,105,동사,verb,防ぐ,ふせぐ,"막다,방지하다 <자동사>닿다",防ぐ,ふせぐ,,"막다,방지하다 <자동사>닿다",word,1,w_98ab7b2cbcdd104e,N3,exact,1,verified,
mkt_n3_p005_o0106,mkt_n3,MKT_JLPT_word-N3.pdf,mkt,N3,5,106,106,동사,verb,触れる,ふれる,<타동사>만지다,触れる,ふれる,,<타동사>만지다,word,1,,,new,1,verified,
mkt_n3_p005_o0107,mkt_n3,MKT_JLPT_word-N3.pdf,mkt,N3,5,107,107,동사,verb,干す,ほす,"말리다,건조시키다,널다",干す,ほす,,"말리다,건조시키다,널다",word,1,w_32c337eda3945893,N2,exact,1,verified,
mkt_n3_p005_o0108,mkt_n3,MKT_JLPT_word-N3.pdf,mkt,N3,5,108,108,동사,verb,曲げる,まげる,구부리다,曲げる,まげる,,구부리다,word,1,w_47d4e0fc7e943945,N2,exact,1,verified,
mkt_n3_p005_o0109,mkt_n3,MKT_JLPT_word-N3.pdf,mkt,N3,5,109,109,동사,verb,混ぜる,まぜる,섞다,混ぜる,まぜる,,섞다,word,1,w_08116245559f84d3,N3,exact,1,verified,
mkt_n3_p005_o0110,mkt_n3,MKT_JLPT_word-N3.pdf,mkt,N3,5,110,110,동사,verb,待ち合わせる,まちあわせる,"(장소,시간을정하고)만나기로하다",待ち合わせる,まちあわせる,,"(장소,시간을정하고)만나기로하다",word,1,w_d6eed39e186a071d,N2,exact,1,verified,
mkt_n3_p005_o0111,mkt_n3,MKT_JLPT_word-N3.pdf,mkt,N3,5,111,111,동사,verb,学ぶ,まなぶ,배우다,学ぶ,まなぶ,,배우다,word,1,,,new,1,verified,
mkt_n3_p005_o0112,mkt_n3,MKT_JLPT_word-N3.pdf,mkt,N3,5,112,112,동사,verb,間に合う,まにあう,"시간에대다,시간에맞추다",間に合う,まにあう,,"시간에대다,시간에맞추다",word,1,w_1a836696f48bfa62,N4,exact,1,verified,
mkt_n3_p005_o0113,mkt_n3,MKT_JLPT_word-N3.pdf,mkt,N3,5,113,113,동사,verb,守る,まもる,지키다,守る,まもる,,지키다,word,1,w_f9a133c30df4181e,N3,exact,1,verified,
mkt_n3_p005_o0114,mkt_n3,MKT_JLPT_word-N3.pdf,mkt,N3,5,114,114,동사,verb,回す,まわす,돌리다,回す,まわす,,돌리다,word,1,,,new,1,verified,
mkt_n3_p006_o0115,mkt_n3,MKT_JLPT_word-N3.pdf,mkt,N3,6,115,115,동사,verb,見つける,みつける,"발견하다,찾다",見つける,みつける,,"발견하다,찾다",word,1,w_ead502a5864a1373,N4,exact,1,verified,
mkt_n3_p006_o0116,mkt_n3,MKT_JLPT_word-N3.pdf,mkt,N3,6,116,116,동사,verb,結ぶ,むすぶ,"잇다,묶다,맺다",結ぶ,むすぶ,,"잇다,묶다,맺다",word,1,w_143c436b93a80521,N3,exact,1,verified,
mkt_n3_p006_o0117,mkt_n3,MKT_JLPT_word-N3.pdf,mkt,N3,6,117,117,동사,verb,申し込む,もうしこむ,신청하다,申し込む,もうしこむ,,신청하다,word,1,w_ccca30f58d1cf953,N3,exact,1,verified,
mkt_n3_p006_o0118,mkt_n3,MKT_JLPT_word-N3.pdf,mkt,N3,6,118,118,동사,verb,燃える,もえる,타다,燃える,もえる,,타다,word,1,w_89e1cfbd692de1ad,N3,exact,1,verified,
mkt_n3_p006_o0119,mkt_n3,MKT_JLPT_word-N3.pdf,mkt,N3,6,119,119,동사,verb,焼く,やく,굽다,焼く,やく,,굽다,word,1,w_a5ce58d20c21e06c,N4,exact,1,verified,
mkt_n3_p006_o0120,mkt_n3,MKT_JLPT_word-N3.pdf,mkt,N3,6,120,120,동사,verb,破る,やぶる,"깨다,찢다,어기다",破る,やぶる,,"깨다,찢다,어기다",word,1,w_fc3c337216a2bfbc,N3,exact,1,verified,
mkt_n3_p006_o0121,mkt_n3,MKT_JLPT_word-N3.pdf,mkt,N3,6,121,121,동사,verb,破れる,やぶれる,"깨지다,찢어지다",破れる,やぶれる,,"깨지다,찢어지다",word,1,w_c4fb7b4c678f1889,N3,exact,1,verified,
mkt_n3_p006_o0122,mkt_n3,MKT_JLPT_word-N3.pdf,mkt,N3,6,122,122,동사,verb,許す,ゆるす,"허락하다,용서하다",許す,ゆるす,,"허락하다,용서하다",word,1,w_6472552f0c0e1a6b,N3,exact,1,verified,
mkt_n3_p006_o0123,mkt_n3,MKT_JLPT_word-N3.pdf,mkt,N3,6,123,123,동사,verb,揺れる,ゆれる,흔들리다,揺れる,ゆれる,,흔들리다,word,1,w_f240542bd46ea7e7,N4,exact,1,verified,
mkt_n3_p006_o0124,mkt_n3,MKT_JLPT_word-N3.pdf,mkt,N3,6,124,124,동사,verb,汚れる,よごれる,더러워지다,汚れる,よごれる,,더러워지다,word,1,w_f42a4366c467382a,N4,exact,1,verified,
mkt_n3_p006_o0125,mkt_n3,MKT_JLPT_word-N3.pdf,mkt,N3,6,125,125,동사,verb,呼びかける,よびかける,"호소하다,당부하다",呼びかける,よびかける,,"호소하다,당부하다",word,1,,,new,1,verified,
mkt_n3_p006_o0126,mkt_n3,MKT_JLPT_word-N3.pdf,mkt,N3,6,126,126,동사,verb,渡す,わたす,건네다,渡す,わたす,,건네다,word,1,,,new,1,verified,
mkt_n3_p006_o0127,mkt_n3,MKT_JLPT_word-N3.pdf,mkt,N3,6,127,127,동사,verb,割れる,われる,"나뉘다,깨지다",割れる,われる,,"나뉘다,깨지다",word,1,w_9e8f4ed3e49192bf,N4,exact,1,verified,
mkt_n3_p006_o0128,mkt_n3,MKT_JLPT_word-N3.pdf,mkt,N3,6,128,128,い형용사,i_adjective,浅い,あさい,얕다,浅い,あさい,,얕다,word,1,w_fb4ac5d5dc77f69f,N4,exact,1,verified,
mkt_n3_p006_o0129,mkt_n3,MKT_JLPT_word-N3.pdf,mkt,N3,6,129,129,い형용사,i_adjective,厚い,あつい,두껍다,厚い,あつい,,두껍다,word,1,w_ef8fe7df0ce0ca60,N5,exact,1,verified,
mkt_n3_p006_o0130,mkt_n3,MKT_JLPT_word-N3.pdf,mkt,N3,6,130,130,い형용사,i_adjective,甘い,あまい,"달다,엄하지않다",甘い,あまい,,"달다,엄하지않다",word,1,w_c0cc225df4622838,N5,exact,1,verified,
mkt_n3_p006_o0131,mkt_n3,MKT_JLPT_word-N3.pdf,mkt,N3,6,131,131,い형용사,i_adjective,怪しい,あやしい,수상하다,怪しい,あやしい,,수상하다,word,1,w_1582e294ca67e1c8,N2,exact,1,verified,
mkt_n3_p006_o0132,mkt_n3,MKT_JLPT_word-N3.pdf,mkt,N3,6,132,132,い형용사,i_adjective,薄い,うすい,"얇다,엷다",薄い,うすい,,"얇다,엷다",word,1,w_d18208a487d10453,N5,exact,1,verified,
mkt_n3_p006_o0133,mkt_n3,MKT_JLPT_word-N3.pdf,mkt,N3,6,133,133,い형용사,i_adjective,美しい,うつくしい,아름답다,美しい,うつくしい,,아름답다,word,1,w_98908e2e6cc64cae,N4,exact,1,verified,
mkt_n3_p006_o0134,mkt_n3,MKT_JLPT_word-N3.pdf,mkt,N3,6,134,134,い형용사,i_adjective,偉い,えらい,"훌륭하다,위대하다",偉い,えらい,,"훌륭하다,위대하다",word,1,w_c0b93f1ba47eb477,N2,exact,1,verified,
mkt_n3_p006_o0135,mkt_n3,MKT_JLPT_word-N3.pdf,mkt,N3,6,135,135,い형용사,i_adjective,惜しい,おしい,"아깝다,애석하다",惜しい,おしい,,"아깝다,애석하다",word,1,w_019b02f5b9b7dc2f,N2,exact,1,verified,
mkt_n3_p006_o0136,mkt_n3,MKT_JLPT_word-N3.pdf,mkt,N3,6,136,136,い형용사,i_adjective,悲しい,かなしい,슬프다,悲しい,かなしい,,슬프다,word,1,w_3f73adb9174b2afa,N4,exact,1,verified,
mkt_n3_p006_o0137,mkt_n3,MKT_JLPT_word-N3.pdf,mkt,N3,6,137,137,い형용사,i_adjective,辛い,からい,맵다,辛い,からい,,맵다,word,1,w_73af8c94eaaf7836,N5,exact,1,verified,
mkt_n3_p007_o0138,mkt_n3,MKT_JLPT_word-N3.pdf,mkt,N3,7,138,138,い형용사,i_adjective,汚い,きたない,"더럽다,지저분하다",汚い,きたない,,"더럽다,지저분하다",word,1,w_0577bd8fb5ad5060,N5,exact,1,verified,
mkt_n3_p007_o0139,mkt_n3,MKT_JLPT_word-N3.pdf,mkt,N3,7,139,139,い형용사,i_adjective,厳しい,きびしい,엄격하다,厳しい,きびしい,,엄격하다,word,1,w_1b23bca76df0323b,N4,exact,1,verified,
mkt_n3_p007_o0140,mkt_n3,MKT_JLPT_word-N3.pdf,mkt,N3,7,140,140,い형용사,i_adjective,暗い,くらい,어둡다,暗い,くらい,,어둡다,word,1,w_871d839872345899,N5,exact,1,verified,
mkt_n3_p007_o0141,mkt_n3,MKT_JLPT_word-N3.pdf,mkt,N3,7,141,141,い형용사,i_adjective,苦しい,くるしい,힘들다,苦しい,くるしい,,힘들다,word,1,w_c56e9a474a473deb,N3,exact,1,verified,
mkt_n3_p007_o0142,mkt_n3,MKT_JLPT_word-N3.pdf,mkt,N3,7,142,142,い형용사,i_adjective,詳しい,くわしい,"자세하다,상세하다,잘알고있다",詳しい,くわしい,,"자세하다,상세하다,잘알고있다",word,1,w_6ed7741bbeb5aae0,N3,exact,1,verified,
mkt_n3_p007_o0143,mkt_n3,MKT_JLPT_word-N3.pdf,mkt,N3,7,143,143,い형용사,i_adjective,恋しい,こいしい,그립다,恋しい,こいしい,,그립다,word,1,w_cfd534caa1040223,N2,exact,1,verified,
mkt_n3_p007_o0144,mkt_n3,MKT_JLPT_word-N3.pdf,mkt,N3,7,144,144,い형용사,i_adjective,細かい,こまかい,"잘다,작다,세세하다",細かい,こまかい,,"잘다,작다,세세하다",word,1,w_3aea6276aa973919,N4,exact,1,verified,
mkt_n3_p007_o0145,mkt_n3,MKT_JLPT_word-N3.pdf,mkt,N3,7,145,145,い형용사,i_adjective,親しい,したしい,친하다,親しい,したしい,,친하다,word,1,w_93c900fb1e912749,N3,exact,1,verified,
mkt_n3_p007_o0146,mkt_n3,MKT_JLPT_word-N3.pdf,mkt,N3,7,146,146,い형용사,i_adjective,懐かしい,なつかしい,그립다,懐かしい,なつかしい,,그립다,word,1,w_568660177b238b65,N2,exact,1,verified,
mkt_n3_p007_o0147,mkt_n3,MKT_JLPT_word-N3.pdf,mkt,N3,7,147,147,い형용사,i_adjective,深い,ふかい,깊다,深い,ふかい,,깊다,word,1,w_3e7498521a3fc873,N4,exact,1,verified,
mkt_n3_p007_o0148,mkt_n3,MKT_JLPT_word-N3.pdf,mkt,N3,7,148,148,い형용사,i_adjective,細い,ほそい,가늘다,細い,ほそい,,가늘다,word,1,,,new,1,verified,
mkt_n3_p007_o0149,mkt_n3,MKT_JLPT_word-N3.pdf,mkt,N3,7,149,149,い형용사,i_adjective,貧しい,まずしい,가난하다,貧しい,まずしい,,가난하다,word,1,,,new,1,verified,
mkt_n3_p007_o0150,mkt_n3,MKT_JLPT_word-N3.pdf,mkt,N3,7,150,150,い형용사,i_adjective,丸い,まるい,둥글다,丸い,まるい,,둥글다,word,1,,,new,1,verified,
mkt_n3_p007_o0151,mkt_n3,MKT_JLPT_word-N3.pdf,mkt,N3,7,151,151,い형용사,i_adjective,短い,みじかい,짧다,短い,みじかい,,짧다,word,1,w_5d43a43a022e32bd,N5,exact,1,verified,
mkt_n3_p007_o0152,mkt_n3,MKT_JLPT_word-N3.pdf,mkt,N3,7,152,152,い형용사,i_adjective,易しい,やさしい,쉽다,易しい,やさしい,,쉽다,word,1,,,new,1,verified,
mkt_n3_p007_o0153,mkt_n3,MKT_JLPT_word-N3.pdf,mkt,N3,7,153,153,い형용사,i_adjective,優しい,やさしい,상냥하다,優しい,やさしい,,상냥하다,word,1,w_36da68b6d78091b4,N4,exact,1,verified,
mkt_n3_p007_o0154,mkt_n3,MKT_JLPT_word-N3.pdf,mkt,N3,7,154,154,い형용사,i_adjective,緩い,ゆるい,"느슨하다,엄하지않다",緩い,ゆるい,,"느슨하다,엄하지않다",word,1,w_5383cc0f3350da7d,N2,exact,1,verified,
mkt_n3_p007_o0155,mkt_n3,MKT_JLPT_word-N3.pdf,mkt,N3,7,155,155,い형용사,i_adjective,若い,わかい,젋다,若い,わかい,,젋다,word,1,,,new,1,verified,
mkt_n3_p008_o0156,mkt_n3,MKT_JLPT_word-N3.pdf,mkt,N3,8,156,156,な형용사,na_adjective,一般的だ,いっぱんてきだ,일반적이다,一般的だ,いっぱんてきだ,,일반적이다,word,1,,,new,1,verified,
mkt_n3_p008_o0157,mkt_n3,MKT_JLPT_word-N3.pdf,mkt,N3,8,157,157,な형용사,na_adjective,主だ,おもだ,주되다,主だ,おもだ,,주되다,word,1,,,new,1,verified,
mkt_n3_p008_o0158,mkt_n3,MKT_JLPT_word-N3.pdf,mkt,N3,8,158,158,な형용사,na_adjective,確実だ,かくじつだ,확실하다,確実だ,かくじつだ,,확실하다,word,1,,,new,1,verified,
mkt_n3_p008_o0159,mkt_n3,MKT_JLPT_word-N3.pdf,mkt,N3,8,159,159,な형용사,na_adjective,感情的だ,かんじょうてきだ,감정적이다,感情的だ,かんじょうてきだ,,감정적이다,word,1,,,new,1,verified,
mkt_n3_p008_o0160,mkt_n3,MKT_JLPT_word-N3.pdf,mkt,N3,8,160,160,な형용사,na_adjective,簡単だ,かんたんだ,간단하다,簡単だ,かんたんだ,,간단하다,word,1,,,new,1,verified,
mkt_n3_p008_o0161,mkt_n3,MKT_JLPT_word-N3.pdf,mkt,N3,8,161,161,な형용사,na_adjective,具体的だ,ぐたいてきだ,구체적이다,具体的だ,ぐたいてきだ,,구체적이다,word,1,,,new,1,verified,
mkt_n3_p008_o0162,mkt_n3,MKT_JLPT_word-N3.pdf,mkt,N3,8,162,162,な형용사,na_adjective,盛んだ,さかんだ,"활발하다,성행하다",盛んだ,さかんだ,,"활발하다,성행하다",word,1,,,new,1,verified,
mkt_n3_p008_o0163,mkt_n3,MKT_JLPT_word-N3.pdf,mkt,N3,8,163,163,な형용사,na_adjective,実用的だ,じつようてきだ,실용적이다,実用的だ,じつようてきだ,,실용적이다,word,1,,,new,1,verified,
mkt_n3_p008_o0164,mkt_n3,MKT_JLPT_word-N3.pdf,mkt,N3,8,164,164,な형용사,na_adjective,重要だ,じゅうようだ,중요하다,重要だ,じゅうようだ,,중요하다,word,1,,,new,1,verified,
mkt_n3_p008_o0165,mkt_n3,MKT_JLPT_word-N3.pdf,mkt,N3,8,165,165,な형용사,na_adjective,主要だ,しゅようだ,주요하다,主要だ,しゅようだ,,주요하다,word,1,,,new,1,verified,
mkt_n3_p008_o0166,mkt_n3,MKT_JLPT_word-N3.pdf,mkt,N3,8,166,166,な형용사,na_adjective,正直だ,しょうじきだ,정직하다,正直だ,しょうじきだ,,정직하다,word,1,,,new,1,verified,
mkt_n3_p008_o0167,mkt_n3,MKT_JLPT_word-N3.pdf,mkt,N3,8,167,167,な형용사,na_adjective,新鮮だ,しんせんだ,신선하다,新鮮だ,しんせんだ,,신선하다,word,1,,,new,1,verified,
mkt_n3_p008_o0168,mkt_n3,MKT_JLPT_word-N3.pdf,mkt,N3,8,168,168,な형용사,na_adjective,正確だ,せいかくだ,정확하다,正確だ,せいかくだ,,정확하다,word,1,,,new,1,verified,
mkt_n3_p008_o0169,mkt_n3,MKT_JLPT_word-N3.pdf,mkt,N3,8,169,169,な형용사,na_adjective,清潔だ,せいけつだ,청결하다,清潔だ,せいけつだ,,청결하다,word,1,,,new,1,verified,
mkt_n3_p008_o0170,mkt_n3,MKT_JLPT_word-N3.pdf,mkt,N3,8,170,170,な형용사,na_adjective,積極的だ,せっきょくてきだ,적극적이다,積極的だ,せっきょくてきだ,,적극적이다,word,1,,,new,1,verified,
mkt_n3_p008_o0171,mkt_n3,MKT_JLPT_word-N3.pdf,mkt,N3,8,171,171,な형용사,na_adjective,退屈だ,たいくつだ,따분하다,退屈だ,たいくつだ,,따분하다,word,1,,,new,1,verified,
mkt_n3_p008_o0172,mkt_n3,MKT_JLPT_word-N3.pdf,mkt,N3,8,172,172,な형용사,na_adjective,代表的だ,だいひょうてきだ,대표적이다,代表的だ,だいひょうてきだ,,대표적이다,word,1,,,new,1,verified,
mkt_n3_p008_o0173,mkt_n3,MKT_JLPT_word-N3.pdf,mkt,N3,8,173,173,な형용사,na_adjective,短気だ,たんきだ,성미가급하다,短気だ,たんきだ,,성미가급하다,word,1,,,new,1,verified,
mkt_n3_p008_o0174,mkt_n3,MKT_JLPT_word-N3.pdf,mkt,N3,8,174,174,な형용사,na_adjective,単純だ,たんじゅんだ,단순하다,単純だ,たんじゅんだ,,단순하다,word,1,,,new,1,verified,
mkt_n3_p008_o0175,mkt_n3,MKT_JLPT_word-N3.pdf,mkt,N3,8,175,175,な형용사,na_adjective,得意だ,とくいだ,"잘한다,숙련되다",得意だ,とくいだ,,"잘한다,숙련되다",word,1,,,new,1,verified,
mkt_n3_p008_o0176,mkt_n3,MKT_JLPT_word-N3.pdf,mkt,N3,8,176,176,な형용사,na_adjective,苦手だ,にがてだ,"서투르다,질색이다",苦手だ,にがてだ,,"서투르다,질색이다",word,1,,,new,1,verified,
mkt_n3_p009_o0177,mkt_n3,MKT_JLPT_word-N3.pdf,mkt,N3,9,177,177,な형용사,na_adjective,派手だ,はでだ,화려하다,派手だ,はでだ,,화려하다,word,1,,,new,1,verified,
mkt_n3_p009_o0178,mkt_n3,MKT_JLPT_word-N3.pdf,mkt,N3,9,178,178,な형용사,na_adjective,不安だ,ふあんだ,불안하다,不安だ,ふあんだ,,불안하다,word,1,,,new,1,verified,
mkt_n3_p009_o0179,mkt_n3,MKT_JLPT_word-N3.pdf,mkt,N3,9,179,179,な형용사,na_adjective,複雑だ,ふくざつだ,복잡하다,複雑だ,ふくざつだ,,복잡하다,word,1,,,new,1,verified,
mkt_n3_p009_o0180,mkt_n3,MKT_JLPT_word-N3.pdf,mkt,N3,9,180,180,な형용사,na_adjective,無事だ,ぶじだ,무사하다,無事だ,ぶじだ,,무사하다,word,1,,,new,1,verified,
mkt_n3_p009_o0181,mkt_n3,MKT_JLPT_word-N3.pdf,mkt,N3,9,181,181,な형용사,na_adjective,立派だ,りっぱだ,훌륭하다,立派だ,りっぱだ,,훌륭하다,word,1,,,new,1,verified,
mkt_n3_p009_o0182,mkt_n3,MKT_JLPT_word-N3.pdf,mkt,N3,9,182,182,명사,noun,合図,あいず,"(눈짓,몸짓,손짓,소리등의)신호",合図,あいず,,"(눈짓,몸짓,손짓,소리등의)신호",word,1,w_ba27b1e74ae069dd,N3,exact,1,verified,
mkt_n3_p009_o0183,mkt_n3,MKT_JLPT_word-N3.pdf,mkt,N3,9,183,183,명사,noun,相手,あいて,상대방,相手,あいて,,상대방,word,1,w_4e47e651e4a63ce2,N3,exact,1,verified,
mkt_n3_p009_o0184,mkt_n3,MKT_JLPT_word-N3.pdf,mkt,N3,9,184,184,명사,noun,穴,あな,구멍,穴,あな,,구멍,word,1,w_ed780300268e3ffa,N3,exact,1,verified,
mkt_n3_p009_o0185,mkt_n3,MKT_JLPT_word-N3.pdf,mkt,N3,9,185,185,명사,noun,油,あぶら,기름,油,あぶら,,기름,word,1,w_31ce4bc8f4963060,N3,exact,1,verified,
mkt_n3_p009_o0186,mkt_n3,MKT_JLPT_word-N3.pdf,mkt,N3,9,186,186,명사,noun,泡,あわ,거품,泡,あわ,,거품,word,1,w_b0bd981d3bda964c,N3,exact,1,verified,
mkt_n3_p009_o0187,mkt_n3,MKT_JLPT_word-N3.pdf,mkt,N3,9,187,187,명사,noun,以下,いか,이하,以下,いか,,이하,word,1,w_9b732b20a980aa33,N4,exact,1,verified,
mkt_n3_p009_o0188,mkt_n3,MKT_JLPT_word-N3.pdf,mkt,N3,9,188,188,명사,noun,息,いき,"숨,호흡",息,いき,,"숨,호흡",word,1,w_f9b24979cc8d4767,N3,exact,1,verified,
mkt_n3_p009_o0189,mkt_n3,MKT_JLPT_word-N3.pdf,mkt,N3,9,189,189,명사,noun,行き先,いきさき(ゆきさき),"목적지,행선지",行き先,いきさき,ゆきさき,"목적지,행선지",word,1,,,new,1,verified,
mkt_n3_p009_o0190,mkt_n3,MKT_JLPT_word-N3.pdf,mkt,N3,9,190,190,명사,noun,以降,いこう,이후,以降,いこう,,이후,word,1,w_cb97556a8bdb399c,N2,exact,1,verified,
mkt_n3_p009_o0191,mkt_n3,MKT_JLPT_word-N3.pdf,mkt,N3,9,191,191,명사,noun,意識,いしき,의식,意識,いしき,,의식,word,1,w_1dc129f7a1d2cf75,N3,exact,1,verified,
mkt_n3_p009_o0192,mkt_n3,MKT_JLPT_word-N3.pdf,mkt,N3,9,192,192,명사,noun,板,いた,"판자,널빤지",板,いた,,"판자,널빤지",word,1,w_829969adb71e833a,N3,exact,1,verified,
mkt_n3_p009_o0193,mkt_n3,MKT_JLPT_word-N3.pdf,mkt,N3,9,193,193,명사,noun,位置,いち,위치,位置,いち,,위치,word,1,w_1fcf9f9b492a04f0,N3,exact,1,verified,
mkt_n3_p009_o0194,mkt_n3,MKT_JLPT_word-N3.pdf,mkt,N3,9,194,194,명사,noun,一秒,いちびょう,1초,一秒,いちびょう,,1초,word,1,,,new,1,verified,
mkt_n3_p009_o0195,mkt_n3,MKT_JLPT_word-N3.pdf,mkt,N3,9,195,195,명사,noun,移転,いてん,이전,移転,いてん,,이전,word,1,w_9cb2612322433f7c,N2,exact,1,verified,
mkt_n3_p009_o0196,mkt_n3,MKT_JLPT_word-N3.pdf,mkt,N3,9,196,196,명사,noun,移動,いどう,이동,移動,いどう,,이동,word,1,w_39d289e48105128b,N3,exact,1,verified,
mkt_n3_p009_o0197,mkt_n3,MKT_JLPT_word-N3.pdf,mkt,N3,9,197,197,명사,noun,印象,いんしょう,인상,印象,いんしょう,,인상,word,1,w_45e1c8d648720e49,N3,exact,1,verified,
mkt_n3_p009_o0198,mkt_n3,MKT_JLPT_word-N3.pdf,mkt,N3,9,198,198,명사,noun,右折,うせつ,우회전,右折,うせつ,,우회전,word,1,,,new,1,verified,
mkt_n3_p009_o0199,mkt_n3,MKT_JLPT_word-N3.pdf,mkt,N3,9,199,199,명사,noun,裏側,うらがわ,"뒤쪽,안쪽",裏側,うらがわ,,"뒤쪽,안쪽",word,1,,,new,1,verified,
mkt_n3_p009_o0200,mkt_n3,MKT_JLPT_word-N3.pdf,mkt,N3,9,200,200,명사,noun,影響,えいきょう,영향,影響,えいきょう,,영향,word,1,w_d9e809ebe3cd1324,N3,exact,1,verified,
mkt_n3_p009_o0201,mkt_n3,MKT_JLPT_word-N3.pdf,mkt,N3,9,201,201,명사,noun,栄養,えいよう,영양,栄養,えいよう,,영양,word,1,w_6fbbf0029eee6674,N3,exact,1,verified,
mkt_n3_p009_o0202,mkt_n3,MKT_JLPT_word-N3.pdf,mkt,N3,9,202,202,명사,noun,笑顔,えがお,웃는얼굴,笑顔,えがお,,웃는얼굴,word,1,w_19f65b2cc13ea9d2,N3,exact,1,verified,
mkt_n3_p010_o0203,mkt_n3,MKT_JLPT_word-N3.pdf,mkt,N3,10,203,203,명사,noun,枝,えだ,가지,枝,えだ,,가지,word,1,w_d12691802ad18297,N4,exact,1,verified,
mkt_n3_p010_o0204,mkt_n3,MKT_JLPT_word-N3.pdf,mkt,N3,10,204,204,명사,noun,演奏,えんそう,연주,演奏,えんそう,,연주,word,1,w_ff024f4aec5ba45c,N3,exact,1,verified,
mkt_n3_p010_o0205,mkt_n3,MKT_JLPT_word-N3.pdf,mkt,N3,10,205,205,명사,noun,お祝い,おいわい,축하,お祝い,おいわい,,축하,word,1,w_03fde61be0f26975,N4,exact,1,verified,
mkt_n3_p010_o0206,mkt_n3,MKT_JLPT_word-N3.pdf,mkt,N3,10,206,206,명사,noun,応援,おうえん,응원,応援,おうえん,,응원,word,1,w_cb35e8f608f2c6be,N2,exact,1,verified,
mkt_n3_p010_o0207,mkt_n3,MKT_JLPT_word-N3.pdf,mkt,N3,10,207,207,명사,noun,横断,おうだん,횡단,横断,おうだん,,횡단,word,1,w_60f503d7e8dd196a,N3,exact,1,verified,
mkt_n3_p010_o0208,mkt_n3,MKT_JLPT_word-N3.pdf,mkt,N3,10,208,208,명사,noun,往復,おうふく,왕복,往復,おうふく,,왕복,word,1,w_0429275c7be1a80b,N2,exact,1,verified,
mkt_n3_p010_o0209,mkt_n3,MKT_JLPT_word-N3.pdf,mkt,N3,10,209,209,명사,noun,応募,おうぼ,응모,応募,おうぼ,,응모,word,1,w_410160033c0799ae,N1,exact,1,verified,
mkt_n3_p010_o0210,mkt_n3,MKT_JLPT_word-N3.pdf,mkt,N3,10,210,210,명사,noun,応用,おうよう,응용,応用,おうよう,,응용,word,1,w_e817f861b7eb79b7,N2,exact,1,verified,
mkt_n3_p010_o0211,mkt_n3,MKT_JLPT_word-N3.pdf,mkt,N3,10,211,211,명사,noun,お代わり,おかわり,"한그릇더먹음,리필",お代わり,おかわり,,"한그릇더먹음,리필",word,1,w_a8eeca9225026b13,N2,exact,1,verified,
mkt_n3_p010_o0212,mkt_n3,MKT_JLPT_word-N3.pdf,mkt,N3,10,212,212,명사,noun,お見舞い,おみまい,병문안,お見舞い,おみまい,,병문안,word,1,w_31fee479fd2a573b,N4,exact,1,verified,
mkt_n3_p010_o0213,mkt_n3,MKT_JLPT_word-N3.pdf,mkt,N3,10,213,213,명사,noun,温泉,おんせん,온천,温泉,おんせん,,온천,word,1,w_640e32e242a686e1,N2,exact,1,verified,
mkt_n3_p010_o0214,mkt_n3,MKT_JLPT_word-N3.pdf,mkt,N3,10,214,214,명사,noun,会計,かいけい,"회계,계산",会計,かいけい,,"회계,계산",word,1,w_ee805f9ed373cd7f,N3,exact,1,verified,
mkt_n3_p010_o0215,mkt_n3,MKT_JLPT_word-N3.pdf,mkt,N3,10,215,215,명사,noun,改札(口),かいさつ(ぐち),개찰(구),改札(口),かいさつ,ぐち,개찰(구),expression,0,,,new,1,verified,"expression 항목: 원본 보존, 앱 기본 목록 제외"
mkt_n3_p010_o0216,mkt_n3,MKT_JLPT_word-N3.pdf,mkt,N3,10,216,216,명사,noun,回収,かいしゅう,회수,回収,かいしゅう,,회수,word,1,w_35a9c7652aa0bf58,N1,exact,1,verified,
mkt_n3_p010_o0217,mkt_n3,MKT_JLPT_word-N3.pdf,mkt,N3,10,217,217,명사,noun,香り,かおり,향기,香り,かおり,,향기,word,1,w_436286d59eff0278,N3,exact,1,verified,
mkt_n3_p010_o0218,mkt_n3,MKT_JLPT_word-N3.pdf,mkt,N3,10,218,218,명사,noun,各自,かくじ,각자,各自,かくじ,,각자,word,1,w_7d3a71a0d0a23d3c,N2,exact,1,verified,
mkt_n3_p010_o0219,mkt_n3,MKT_JLPT_word-N3.pdf,mkt,N3,10,219,219,명사,noun,各地,かくち,각지,各地,かくち,,각지,word,1,w_7c49a23489084fea,N2,exact,1,verified,
mkt_n3_p010_o0220,mkt_n3,MKT_JLPT_word-N3.pdf,mkt,N3,10,220,220,명사,noun,確認,かくにん,확인,確認,かくにん,,확인,word,1,w_6dea87732380d72a,N3,exact,1,verified,
mkt_n3_p010_o0221,mkt_n3,MKT_JLPT_word-N3.pdf,mkt,N3,10,221,221,명사,noun,過去,かこ,과거,過去,かこ,,과거,word,1,w_2ded2da7677ec792,N3,exact,1,verified,
mkt_n3_p010_o0222,mkt_n3,MKT_JLPT_word-N3.pdf,mkt,N3,10,222,222,명사,noun,数,かず,"수,숫자",数,かず,,"수,숫자",word,1,w_4aedefd2578db74a,N3,exact,1,verified,
mkt_n3_p010_o0223,mkt_n3,MKT_JLPT_word-N3.pdf,mkt,N3,10,223,223,명사,noun,下線,かせん,밑줄,下線,かせん,,밑줄,word,1,w_831c5e9a87f0c027,N2,exact,1,verified,
mkt_n3_p010_o0224,mkt_n3,MKT_JLPT_word-N3.pdf,mkt,N3,10,224,224,명사,noun,肩,かた,어깨,肩,かた,,어깨,word,1,w_bb5d07df5b47b4db,N3,exact,1,verified,
mkt_n3_p010_o0225,mkt_n3,MKT_JLPT_word-N3.pdf,mkt,N3,10,225,225,명사,noun,形,かたち,"형태,모양",形,かたち,,"형태,모양",word,1,w_f385d0851d61d69b,N4,exact,1,verified,
mkt_n3_p010_o0226,mkt_n3,MKT_JLPT_word-N3.pdf,mkt,N3,10,226,226,명사,noun,片方,かたほう,한쪽,片方,かたほう,,한쪽,word,1,,,new,1,verified,
mkt_n3_p010_o0227,mkt_n3,MKT_JLPT_word-N3.pdf,mkt,N3,10,227,227,명사,noun,片道,かたみち,편도,片道,かたみち,,편도,word,1,w_a79a9016a07c6549,N2,exact,1,verified,
mkt_n3_p010_o0228,mkt_n3,MKT_JLPT_word-N3.pdf,mkt,N3,10,228,228,명사,noun,価値,かち,가치,価値,かち,,가치,word,1,w_9f68c434c455cdcb,N3,exact,1,verified,
mkt_n3_p010_o0229,mkt_n3,MKT_JLPT_word-N3.pdf,mkt,N3,10,229,229,명사,noun,活気,かっき,활기,活気,かっき,,활기,word,1,w_10a452f8abf1c612,N3,exact,1,verified,
mkt_n3_p010_o0230,mkt_n3,MKT_JLPT_word-N3.pdf,mkt,N3,10,230,230,명사,noun,楽器,がっき,악기,楽器,がっき,,악기,word,1,w_806346be08199b20,N2,exact,1,verified,
mkt_n3_p010_o0231,mkt_n3,MKT_JLPT_word-N3.pdf,mkt,N3,10,231,231,명사,noun,活動,かつどう,활동,活動,かつどう,,활동,word,1,w_b43bd14340d28b3a,N3,exact,1,verified,
mkt_n3_p010_o0232,mkt_n3,MKT_JLPT_word-N3.pdf,mkt,N3,10,232,232,명사,noun,仮定,かてい,가정,仮定,かてい,,가정,word,1,w_b9dfaa030a7cffff,N3,exact,1,verified,
mkt_n3_p011_o0233,mkt_n3,MKT_JLPT_word-N3.pdf,mkt,N3,11,233,233,명사,noun,我慢,がまん,참음,我慢,がまん,,참음,word,1,w_0fd519f30d7ed2e9,N3,exact,1,verified,
mkt_n3_p011_o0234,mkt_n3,MKT_JLPT_word-N3.pdf,mkt,N3,11,234,234,명사,noun,空,から,"(내용물이 없이 속이) 빔, 아무것도 없음",空,から,,"(내용물이 없이 속이) 빔, 아무것도 없음",word,1,w_30fede19350e0b02,N3,exact,0,verified,PDF 표 행 경계를 원문과 대조하여 교정
mkt_n3_p011_o0235,mkt_n3,MKT_JLPT_word-N3.pdf,mkt,N3,11,235,235,명사,noun,皮,かわ,"껍질,가죽",皮,かわ,,"껍질,가죽",word,1,w_8521e96fcc7c94e3,N3,exact,1,verified,
mkt_n3_p011_o0236,mkt_n3,MKT_JLPT_word-N3.pdf,mkt,N3,11,236,236,명사,noun,間隔,かんかく,간격,間隔,かんかく,,간격,word,1,w_dd71d876b5defe3a,N2,exact,1,verified,
mkt_n3_p011_o0237,mkt_n3,MKT_JLPT_word-N3.pdf,mkt,N3,11,237,237,명사,noun,感覚,かんかく,감각,感覚,かんかく,,감각,word,1,w_c667bc5094ca3cc6,N3,exact,1,verified,
mkt_n3_p011_o0238,mkt_n3,MKT_JLPT_word-N3.pdf,mkt,N3,11,238,238,명사,noun,観客,かんきゃく,관객,観客,かんきゃく,,관객,word,1,w_5493970b4c093627,N3,exact,1,verified,
mkt_n3_p011_o0239,mkt_n3,MKT_JLPT_word-N3.pdf,mkt,N3,11,239,239,명사,noun,環境,かんきょう,환경,環境,かんきょう,,환경,word,1,w_f81eaded98deb034,N3,exact,1,verified,
mkt_n3_p011_o0240,mkt_n3,MKT_JLPT_word-N3.pdf,mkt,N3,11,240,240,명사,noun,関係,かんけい,관계,関係,かんけい,,관계,word,1,,,new,1,verified,
mkt_n3_p011_o0241,mkt_n3,MKT_JLPT_word-N3.pdf,mkt,N3,11,241,241,명사,noun,感激,かんげき,감격,感激,かんげき,,감격,word,1,w_f7a7ffb3215c602c,N2,exact,1,verified,
mkt_n3_p011_o0242,mkt_n3,MKT_JLPT_word-N3.pdf,mkt,N3,11,242,242,명사,noun,観光,かんこう,관광,観光,かんこう,,관광,word,1,w_d9e1649a37516793,N3,exact,1,verified,
mkt_n3_p011_o0243,mkt_n3,MKT_JLPT_word-N3.pdf,mkt,N3,11,243,243,명사,noun,観察,かんさつ,관찰,観察,かんさつ,,관찰,word,1,w_d4b3dd90a3c30d44,N3,exact,1,verified,
mkt_n3_p011_o0244,mkt_n3,MKT_JLPT_word-N3.pdf,mkt,N3,11,244,244,명사,noun,関心,かんしん,관심,関心,かんしん,,관심,word,1,w_c469ca5f6997c7d7,N3,exact,1,verified,
mkt_n3_p011_o0245,mkt_n3,MKT_JLPT_word-N3.pdf,mkt,N3,11,245,245,명사,noun,完成,かんせい,완성,完成,かんせい,,완성,word,1,w_71bcd3743c50309a,N3,exact,1,verified,
mkt_n3_p011_o0246,mkt_n3,MKT_JLPT_word-N3.pdf,mkt,N3,11,246,246,명사,noun,機械,きかい,기계,機械,きかい,,기계,word,1,w_a392e3edd73c3036,N3,exact,1,verified,
mkt_n3_p011_o0247,mkt_n3,MKT_JLPT_word-N3.pdf,mkt,N3,11,247,247,명사,noun,機会,きかい,기회,機会,きかい,,기회,word,1,w_c1320ed4f7e412d5,N4,exact,1,verified,
mkt_n3_p011_o0248,mkt_n3,MKT_JLPT_word-N3.pdf,mkt,N3,11,248,248,명사,noun,期限,きげん,기한,期限,きげん,,기한,word,1,w_18029b7b40685dd0,N2,exact,1,verified,
mkt_n3_p011_o0249,mkt_n3,MKT_JLPT_word-N3.pdf,mkt,N3,11,249,249,명사,noun,技術,ぎじゅつ,기술,技術,ぎじゅつ,,기술,word,1,w_6030ad7342be5a00,N4,exact,1,verified,
mkt_n3_p011_o0250,mkt_n3,MKT_JLPT_word-N3.pdf,mkt,N3,11,250,250,명사,noun,傷,きず,상처,傷,きず,,상처,word,1,w_bf8abfe1ac3f5fb8,N3,exact,1,verified,
mkt_n3_p011_o0251,mkt_n3,MKT_JLPT_word-N3.pdf,mkt,N3,11,251,251,명사,noun,基礎,きそ,기초,基礎,きそ,,기초,word,1,w_db86cf0ffe2130a9,N2,exact,1,verified,
mkt_n3_p011_o0252,mkt_n3,MKT_JLPT_word-N3.pdf,mkt,N3,11,252,252,명사,noun,規則,きそく,규칙,規則,きそく,,규칙,word,1,w_da1fc48e9a617b67,N4,exact,1,verified,
mkt_n3_p011_o0253,mkt_n3,MKT_JLPT_word-N3.pdf,mkt,N3,11,253,253,명사,noun,期待,きたい,기대,期待,きたい,,기대,word,1,w_a2570eaed8a5baf5,N3,exact,1,verified,
mkt_n3_p011_o0254,mkt_n3,MKT_JLPT_word-N3.pdf,mkt,N3,11,254,254,명사,noun,帰宅,きたく,귀가,帰宅,きたく,,귀가,word,1,w_50bb4acf1b1ebafc,N3,exact,1,verified,
mkt_n3_p011_o0255,mkt_n3,MKT_JLPT_word-N3.pdf,mkt,N3,11,255,255,명사,noun,切手,きって,우표,切手,きって,,우표,word,1,w_50bb9153fcefb747,N5,exact,1,verified,
mkt_n3_p011_o0256,mkt_n3,MKT_JLPT_word-N3.pdf,mkt,N3,11,256,256,명사,noun,記念,きねん,기념,記念,きねん,,기념,word,1,w_47b958be6c1dd3b1,N3,exact,1,verified,
mkt_n3_p011_o0257,mkt_n3,MKT_JLPT_word-N3.pdf,mkt,N3,11,257,257,명사,noun,基本,きほん,기본,基本,きほん,,기본,word,1,w_f4b701a6d6be089d,N3,exact,1,verified,
mkt_n3_p011_o0258,mkt_n3,MKT_JLPT_word-N3.pdf,mkt,N3,11,258,258,명사,noun,逆,ぎゃく,"반대,거꾸로임",逆,ぎゃく,,"반대,거꾸로임",word,1,w_7d99a0232a94e4d6,N3,exact,1,verified,
mkt_n3_p011_o0259,mkt_n3,MKT_JLPT_word-N3.pdf,mkt,N3,11,259,259,명사,noun,休日,きゅうじつ,휴일,休日,きゅうじつ,,휴일,word,1,,,new,1,verified,
mkt_n3_p011_o0260,mkt_n3,MKT_JLPT_word-N3.pdf,mkt,N3,11,260,260,명사,noun,教師,きょうし,교사,教師,きょうし,,교사,word,1,,,new,1,verified,
mkt_n3_p011_o0261,mkt_n3,MKT_JLPT_word-N3.pdf,mkt,N3,11,261,261,명사,noun,競争,きょうそう,경쟁,競争,きょうそう,,경쟁,word,1,w_8a2c9ff3016d5fdb,N4,exact,1,verified,
mkt_n3_p011_o0262,mkt_n3,MKT_JLPT_word-N3.pdf,mkt,N3,11,262,262,명사,noun,共通,きょうつう,공통,共通,きょうつう,,공통,word,1,w_c26dc269c59ef32d,N3,exact,1,verified,
mkt_n3_p011_o0263,mkt_n3,MKT_JLPT_word-N3.pdf,mkt,N3,11,263,263,명사,noun,興味,きょうみ,흥미,興味,きょうみ,,흥미,word,1,w_224b3e9a42c8cc84,N4,exact,1,verified,
mkt_n3_p011_o0264,mkt_n3,MKT_JLPT_word-N3.pdf,mkt,N3,11,264,264,명사,noun,協力,きょうりょく,협력,協力,きょうりょく,,협력,word,1,w_d67fe8342b4669a1,N3,exact,1,verified,
mkt_n3_p012_o0265,mkt_n3,MKT_JLPT_word-N3.pdf,mkt,N3,12,265,265,명사,noun,距離,きょり,거리,距離,きょり,,거리,word,1,,,new,1,verified,
mkt_n3_p012_o0266,mkt_n3,MKT_JLPT_word-N3.pdf,mkt,N3,12,266,266,명사,noun,記録,きろく,기록,記録,きろく,,기록,word,1,w_66ce2529435367aa,N3,exact,1,verified,
mkt_n3_p012_o0267,mkt_n3,MKT_JLPT_word-N3.pdf,mkt,N3,12,267,267,명사,noun,禁煙,きんえん,금연,禁煙,きんえん,,금연,word,1,w_a21853fd5b683a2e,N3,exact,1,verified,
mkt_n3_p012_o0268,mkt_n3,MKT_JLPT_word-N3.pdf,mkt,N3,12,268,268,명사,noun,禁止,きんし,금지,禁止,きんし,,금지,word,1,w_36e5109299eff7ae,N3,exact,1,verified,
mkt_n3_p012_o0269,mkt_n3,MKT_JLPT_word-N3.pdf,mkt,N3,12,269,269,명사,noun,首,くび,목,首,くび,,목,word,1,w_f4d6136e926e4de7,N4,exact,1,verified,
mkt_n3_p012_o0270,mkt_n3,MKT_JLPT_word-N3.pdf,mkt,N3,12,270,270,명사,noun,工夫,くふう,"고안,궁리",工夫,くふう,,"고안,궁리",word,1,w_be992c675e654065,N2,exact,1,verified,
mkt_n3_p012_o0271,mkt_n3,MKT_JLPT_word-N3.pdf,mkt,N3,12,271,271,명사,noun,区分,くぶん,구분,区分,くぶん,,구분,word,1,w_db416cb2d98235ff,N2,exact,1,verified,
mkt_n3_p012_o0272,mkt_n3,MKT_JLPT_word-N3.pdf,mkt,N3,12,272,272,명사,noun,区別,くべつ,구별,区別,くべつ,,구별,word,1,w_dea60fff480fbc0b,N3,exact,1,verified,
mkt_n3_p012_o0273,mkt_n3,MKT_JLPT_word-N3.pdf,mkt,N3,12,273,273,명사,noun,訓練,くんれん,훈련,訓練,くんれん,,훈련,word,1,w_5167ba006eeee157,N3,exact,1,verified,
mkt_n3_p012_o0274,mkt_n3,MKT_JLPT_word-N3.pdf,mkt,N3,12,274,274,명사,noun,経営,けいえい,경영,経営,けいえい,,경영,word,1,w_9426c8c4ac3c1d18,N3,exact,1,verified,
mkt_n3_p012_o0275,mkt_n3,MKT_JLPT_word-N3.pdf,mkt,N3,12,275,275,명사,noun,計画,けいかく,계획,計画,けいかく,,계획,word,1,,,surface_only,1,verified,
mkt_n3_p012_o0276,mkt_n3,MKT_JLPT_word-N3.pdf,mkt,N3,12,276,276,명사,noun,経験,けいけん,경험,経験,けいけん,,경험,word,1,,,surface_only,1,verified,
mkt_n3_p012_o0277,mkt_n3,MKT_JLPT_word-N3.pdf,mkt,N3,12,277,277,명사,noun,経済,けいざい,경제,経済,けいざい,,경제,word,1,w_c934ee01e7f1e3d3,N4,exact,1,verified,
mkt_n3_p012_o0278,mkt_n3,MKT_JLPT_word-N3.pdf,mkt,N3,12,278,278,명사,noun,計算,けいさん,계산,計算,けいさん,,계산,word,1,w_c46d52595485b3cf,N3,exact,1,verified,
mkt_n3_p012_o0279,mkt_n3,MKT_JLPT_word-N3.pdf,mkt,N3,12,279,279,명사,noun,経由,けいゆ,경유,経由,けいゆ,,경유,word,1,w_7f712c88f379ba3e,N3,exact,1,verified,
mkt_n3_p012_o0280,mkt_n3,MKT_JLPT_word-N3.pdf,mkt,N3,12,280,280,명사,noun,外科,げか,외과,外科,げか,,외과,word,1,w_51b2118b5ba1fdd3,N2,exact,1,verified,
mkt_n3_p012_o0281,mkt_n3,MKT_JLPT_word-N3.pdf,mkt,N3,12,281,281,명사,noun,景色,けしき,경치,景色,けしき,,경치,word,1,w_44803443852637ba,N4,exact,1,verified,
mkt_n3_p012_o0282,mkt_n3,MKT_JLPT_word-N3.pdf,mkt,N3,12,282,282,명사,noun,血液,けつえき,혈액,血液,けつえき,,혈액,word,1,w_2ba831bce3d7c204,N3,exact,1,verified,
mkt_n3_p012_o0283,mkt_n3,MKT_JLPT_word-N3.pdf,mkt,N3,12,283,283,명사,noun,欠席,けっせき,결석,欠席,けっせき,,결석,word,1,w_48a34178dbe1b9f3,N3,exact,1,verified,
mkt_n3_p012_o0284,mkt_n3,MKT_JLPT_word-N3.pdf,mkt,N3,12,284,284,명사,noun,欠点,けってん,결점,欠点,けってん,,결점,word,1,w_4cc98de159aa2795,N3,exact,1,verified,
mkt_n3_p012_o0285,mkt_n3,MKT_JLPT_word-N3.pdf,mkt,N3,12,285,285,명사,noun,煙,けむり,연기,煙,けむり,,연기,word,1,w_512c961eb62a41e9,N3,exact,1,verified,
mkt_n3_p012_o0286,mkt_n3,MKT_JLPT_word-N3.pdf,mkt,N3,12,286,286,명사,noun,原因,げんいん,원인,原因,げんいん,,원인,word,1,w_ee4275bf54d8cb36,N4,exact,1,verified,
mkt_n3_p012_o0287,mkt_n3,MKT_JLPT_word-N3.pdf,mkt,N3,12,287,287,명사,noun,研究,けんきゅう,연구,研究,けんきゅう,,연구,word,1,w_884fb9d7d1dd7e29,N4,exact,1,verified,
mkt_n3_p012_o0288,mkt_n3,MKT_JLPT_word-N3.pdf,mkt,N3,12,288,288,명사,noun,現金,げんきん,현금,現金,げんきん,,현금,word,1,w_09d6b72c92cc2716,N3,exact,1,verified,
mkt_n3_p012_o0289,mkt_n3,MKT_JLPT_word-N3.pdf,mkt,N3,12,289,289,명사,noun,健康,けんこう,건강,健康,けんこう,,건강,word,1,w_52ae91c84f071e97,N3,exact,1,verified,
mkt_n3_p012_o0290,mkt_n3,MKT_JLPT_word-N3.pdf,mkt,N3,12,290,290,명사,noun,検査,けんさ,검사,検査,けんさ,,검사,word,1,w_43f2bc988923ec79,N3,exact,1,verified,
mkt_n3_p012_o0291,mkt_n3,MKT_JLPT_word-N3.pdf,mkt,N3,12,291,291,명사,noun,現在,げんざい,현재,現在,げんざい,,현재,word,1,w_2d1452a31674964a,N3,exact,1,verified,
mkt_n3_p012_o0292,mkt_n3,MKT_JLPT_word-N3.pdf,mkt,N3,12,292,292,명사,noun,減少,げんしょう,감소,減少,げんしょう,,감소,word,1,w_961062a857304d8b,N3,exact,1,verified,
mkt_n3_p012_o0293,mkt_n3,MKT_JLPT_word-N3.pdf,mkt,N3,12,293,293,명사,noun,建設,けんせつ,건설,建設,けんせつ,,건설,word,1,w_27891636e083856d,N3,exact,1,verified,
mkt_n3_p012_o0294,mkt_n3,MKT_JLPT_word-N3.pdf,mkt,N3,12,294,294,명사,noun,見物,けんぶつ,구경,見物,けんぶつ,,구경,word,1,w_4958994aa64ad7df,N4,exact,1,verified,
mkt_n3_p012_o0295,mkt_n3,MKT_JLPT_word-N3.pdf,mkt,N3,12,295,295,명사,noun,原料,げんりょう,원료,原料,げんりょう,,원료,word,1,w_f5cd0e6666771bd8,N2,exact,1,verified,
mkt_n3_p012_o0296,mkt_n3,MKT_JLPT_word-N3.pdf,mkt,N3,12,296,296,명사,noun,講演,こうえん,강연,講演,こうえん,,강연,word,1,w_f729135a5520c2fe,N3,exact,1,verified,
mkt_n3_p013_o0297,mkt_n3,MKT_JLPT_word-N3.pdf,mkt,N3,13,297,297,명사,noun,効果,こうか,효과,効果,こうか,,효과,word,1,w_6473369f57172542,N3,exact,1,verified,
mkt_n3_p013_o0298,mkt_n3,MKT_JLPT_word-N3.pdf,mkt,N3,13,298,298,명사,noun,合計,ごうけい,합계,合計,ごうけい,,합계,word,1,w_c3feece6a3a9549c,N3,exact,1,verified,
mkt_n3_p013_o0299,mkt_n3,MKT_JLPT_word-N3.pdf,mkt,N3,13,299,299,명사,noun,広告,こうこく,광고,広告,こうこく,,광고,word,1,w_7b4b7d9964deb0b8,N3,exact,1,verified,
mkt_n3_p013_o0300,mkt_n3,MKT_JLPT_word-N3.pdf,mkt,N3,13,300,300,명사,noun,交代,こうたい,교대,交代,こうたい,,교대,word,1,w_70ecb3468f47ed85,N2,exact,1,verified,
mkt_n3_p013_o0301,mkt_n3,MKT_JLPT_word-N3.pdf,mkt,N3,13,301,301,명사,noun,交替,こうたい,교체,交替,こうたい,,교체,word,1,w_afe9492907d6e9b6,N2,exact,1,verified,
mkt_n3_p013_o0302,mkt_n3,MKT_JLPT_word-N3.pdf,mkt,N3,13,302,302,명사,noun,行動,こうどう,행동,行動,こうどう,,행동,word,1,w_bda3b2be9b73fd9f,N3,exact,1,verified,
mkt_n3_p013_o0303,mkt_n3,MKT_JLPT_word-N3.pdf,mkt,N3,13,303,303,명사,noun,交流,こうりゅう,교류,交流,こうりゅう,,교류,word,1,w_d5d3413f629d22e3,N2,exact,1,verified,
mkt_n3_p013_o0304,mkt_n3,MKT_JLPT_word-N3.pdf,mkt,N3,13,304,304,명사,noun,氷,こおり,얼음,氷,こおり,,얼음,word,1,w_1d28786c934401fb,N3,exact,1,verified,
mkt_n3_p013_o0305,mkt_n3,MKT_JLPT_word-N3.pdf,mkt,N3,13,305,305,명사,noun,呼吸,こきゅう,호흡,呼吸,こきゅう,,호흡,word,1,w_8d6bf3b328f7ed9d,N3,exact,1,verified,
mkt_n3_p013_o0306,mkt_n3,MKT_JLPT_word-N3.pdf,mkt,N3,13,306,306,명사,noun,腰,こし,허리,腰,こし,,허리,word,1,w_b60fa5c278323a03,N3,exact,1,verified,
mkt_n3_p013_o0307,mkt_n3,MKT_JLPT_word-N3.pdf,mkt,N3,13,307,307,명사,noun,故障,こしょう,고장,故障,こしょう,,고장,word,1,,,surface_only,1,verified,
mkt_n3_p013_o0308,mkt_n3,MKT_JLPT_word-N3.pdf,mkt,N3,13,308,308,명사,noun,個人,こじん,개인,個人,こじん,,개인,word,1,w_985ab4f324b42fe2,N3,exact,1,verified,
mkt_n3_p013_o0309,mkt_n3,MKT_JLPT_word-N3.pdf,mkt,N3,13,309,309,명사,noun,粉,こな,가루,粉,こな,,가루,word,1,w_c917cac20c144255,N3,exact,1,verified,
mkt_n3_p013_o0310,mkt_n3,MKT_JLPT_word-N3.pdf,mkt,N3,13,310,310,명사,noun,米,こめ,쌀,米,こめ,,쌀,word,1,w_f0b6de04875cd249,N4,exact,1,verified,
mkt_n3_p013_o0311,mkt_n3,MKT_JLPT_word-N3.pdf,mkt,N3,13,311,311,명사,noun,最終,さいしゅう,최종,最終,さいしゅう,,최종,word,1,w_df11c8d6fbeda9c4,N3,exact,1,verified,
mkt_n3_p013_o0312,mkt_n3,MKT_JLPT_word-N3.pdf,mkt,N3,13,312,312,명사,noun,最上,さいじょう,최상,最上,さいじょう,,최상,word,1,,,new,1,verified,
mkt_n3_p013_o0313,mkt_n3,MKT_JLPT_word-N3.pdf,mkt,N3,13,313,313,명사,noun,材料,ざいりょう,재료,材料,ざいりょう,,재료,word,1,w_cad763736b470d5a,N3,exact,1,verified,
mkt_n3_p013_o0314,mkt_n3,MKT_JLPT_word-N3.pdf,mkt,N3,13,314,314,명사,noun,坂道,さかみち,비탈길,坂道,さかみち,,비탈길,word,1,,,new,1,verified,
mkt_n3_p013_o0315,mkt_n3,MKT_JLPT_word-N3.pdf,mkt,N3,13,315,315,명사,noun,作業,さぎょう,작업,作業,さぎょう,,작업,word,1,w_4f0dee16bdbab19f,N3,exact,1,verified,
mkt_n3_p013_o0316,mkt_n3,MKT_JLPT_word-N3.pdf,mkt,N3,13,316,316,명사,noun,作物,さくもつ,"작물,농작물",作物,さくもつ,,"작물,농작물",word,1,w_d1d646c78ad7e44b,N3,exact,1,verified,
mkt_n3_p013_o0317,mkt_n3,MKT_JLPT_word-N3.pdf,mkt,N3,13,317,317,명사,noun,雑誌,ざっし,잡지,雑誌,ざっし,,잡지,word,1,w_8c283dd526f4e58f,N5,exact,1,verified,
mkt_n3_p013_o0318,mkt_n3,MKT_JLPT_word-N3.pdf,mkt,N3,13,318,318,명사,noun,左右,さゆう,좌우,左右,さゆう,,좌우,word,1,w_98a55855d6591a6a,N3,exact,1,verified,
mkt_n3_p013_o0319,mkt_n3,MKT_JLPT_word-N3.pdf,mkt,N3,13,319,319,명사,noun,参加,さんか,참가,参加,さんか,,참가,word,1,w_b525e8c9df54ce59,N3,exact,1,verified,
mkt_n3_p013_o0320,mkt_n3,MKT_JLPT_word-N3.pdf,mkt,N3,13,320,320,명사,noun,賛成,さんせい,찬성,賛成,さんせい,,찬성,word,1,w_c85f41f33070ec9e,N3,exact,1,verified,
mkt_n3_p013_o0321,mkt_n3,MKT_JLPT_word-N3.pdf,mkt,N3,13,321,321,명사,noun,塩,しお,소금,塩,しお,,소금,word,1,w_acd3c9b31394526d,N5,exact,1,verified,
mkt_n3_p013_o0322,mkt_n3,MKT_JLPT_word-N3.pdf,mkt,N3,13,322,322,명사,noun,支給,しきゅう,지급,支給,しきゅう,,지급,word,1,w_04b3664c7a654719,N3,exact,1,verified,
mkt_n3_p013_o0323,mkt_n3,MKT_JLPT_word-N3.pdf,mkt,N3,13,323,323,명사,noun,資源,しげん,자원,資源,しげん,,자원,word,1,w_fc525b21ed5fd442,N3,exact,1,verified,
mkt_n3_p013_o0324,mkt_n3,MKT_JLPT_word-N3.pdf,mkt,N3,13,324,324,명사,noun,支出,ししゅつ,지출,支出,ししゅつ,,지출,word,1,w_4e6c3f8f212f86bd,N3,exact,1,verified,
mkt_n3_p013_o0325,mkt_n3,MKT_JLPT_word-N3.pdf,mkt,N3,13,325,325,명사,noun,事情,じじょう,사정,事情,じじょう,,사정,word,1,w_196e540d273aad89,N3,exact,1,verified,
mkt_n3_p014_o0326,mkt_n3,MKT_JLPT_word-N3.pdf,mkt,N3,14,326,326,명사,noun,自信,じしん,자신,自信,じしん,,자신,word,1,,,new,1,verified,
mkt_n3_p014_o0327,mkt_n3,MKT_JLPT_word-N3.pdf,mkt,N3,14,327,327,명사,noun,姿勢,しせい,자세,姿勢,しせい,,자세,word,1,w_7f34a8de8756e33b,N2,exact,1,verified,
mkt_n3_p014_o0328,mkt_n3,MKT_JLPT_word-N3.pdf,mkt,N3,14,328,328,명사,noun,自然,しぜん,자연,自然,しぜん,,자연,word,1,w_9571e33cee77bdba,N3,exact,1,verified,
mkt_n3_p014_o0329,mkt_n3,MKT_JLPT_word-N3.pdf,mkt,N3,14,329,329,명사,noun,支度,したく,"준비,채비",支度,したく,,"준비,채비",word,1,,,surface_only,1,verified,
mkt_n3_p014_o0330,mkt_n3,MKT_JLPT_word-N3.pdf,mkt,N3,14,330,330,명사,noun,失業,しつぎょう,실업,失業,しつぎょう,,실업,word,1,w_8860727e4e6ef77a,N3,exact,1,verified,
mkt_n3_p014_o0331,mkt_n3,MKT_JLPT_word-N3.pdf,mkt,N3,14,331,331,명사,noun,実力,じつりょく,실력,実力,じつりょく,,실력,word,1,w_01187a1dd0d68172,N3,exact,1,verified,
mkt_n3_p014_o0332,mkt_n3,MKT_JLPT_word-N3.pdf,mkt,N3,14,332,332,명사,noun,指導,しどう,지도,指導,しどう,,지도,word,1,w_b43d61ff6220c0e6,N3,exact,1,verified,
mkt_n3_p014_o0333,mkt_n3,MKT_JLPT_word-N3.pdf,mkt,N3,14,333,333,명사,noun,締め切り,しめきり,마감,締め切り,しめきり,,마감,word,1,w_14516c3905712f5d,N2,exact,1,verified,
mkt_n3_p014_o0334,mkt_n3,MKT_JLPT_word-N3.pdf,mkt,N3,14,334,334,명사,noun,地面,じめん,지면,地面,じめん,,지면,word,1,w_a85a9e57a64b7ae6,N2,exact,1,verified,
mkt_n3_p014_o0335,mkt_n3,MKT_JLPT_word-N3.pdf,mkt,N3,14,335,335,명사,noun,地元,じもと,"출신지역,고장,현지",地元,じもと,,"출신지역,고장,현지",word,1,w_047f09e5f690de59,N1,exact,1,verified,
mkt_n3_p014_o0336,mkt_n3,MKT_JLPT_word-N3.pdf,mkt,N3,14,336,336,명사,noun,集合,しゅうごう,집합,集合,しゅうごう,,집합,word,1,w_ba6cea0e762a9b40,N2,exact,1,verified,
mkt_n3_p014_o0337,mkt_n3,MKT_JLPT_word-N3.pdf,mkt,N3,14,337,337,명사,noun,収集,しゅうしゅう,수집,収集,しゅうしゅう,,수집,word,1,w_4174e39a940acafd,N1,exact,1,verified,
mkt_n3_p014_o0338,mkt_n3,MKT_JLPT_word-N3.pdf,mkt,N3,14,338,338,명사,noun,渋滞,じゅうたい,정체,渋滞,じゅうたい,,정체,word,1,w_d2f22c5acd908d61,N3,exact,1,verified,
mkt_n3_p014_o0339,mkt_n3,MKT_JLPT_word-N3.pdf,mkt,N3,14,339,339,명사,noun,集中,しゅうちゅう,집중,集中,しゅうちゅう,,집중,word,1,w_bb593fe8f64edd85,N3,exact,1,verified,
mkt_n3_p014_o0340,mkt_n3,MKT_JLPT_word-N3.pdf,mkt,N3,14,340,340,명사,noun,修理,しゅうり,수리,修理,しゅうり,,수리,word,1,w_d84bd72eeccfe3d0,N3,exact,1,verified,
mkt_n3_p014_o0341,mkt_n3,MKT_JLPT_word-N3.pdf,mkt,N3,14,341,341,명사,noun,縮小,しゅくしょう,축소,縮小,しゅくしょう,,축소,word,1,w_65ac73e021bc97c0,N2,exact,1,verified,
mkt_n3_p014_o0342,mkt_n3,MKT_JLPT_word-N3.pdf,mkt,N3,14,342,342,명사,noun,手術,しゅじゅつ,수술,手術,しゅじゅつ,,수술,word,1,w_30f63a0febb90d39,N3,exact,1,verified,
mkt_n3_p014_o0343,mkt_n3,MKT_JLPT_word-N3.pdf,mkt,N3,14,343,343,명사,noun,手段,しゅだん,수단,手段,しゅだん,,수단,word,1,w_0ba0815264db0466,N3,exact,1,verified,
mkt_n3_p014_o0344,mkt_n3,MKT_JLPT_word-N3.pdf,mkt,N3,14,344,344,명사,noun,主張,しゅちょう,주장,主張,しゅちょう,,주장,word,1,w_b21127da917a0097,N3,exact,1,verified,
mkt_n3_p014_o0345,mkt_n3,MKT_JLPT_word-N3.pdf,mkt,N3,14,345,345,명사,noun,出張,しゅっちょう,출장,出張,しゅっちょう,,출장,word,1,w_a9fb3d2dd91d9a82,N2,exact,1,verified,
mkt_n3_p014_o0346,mkt_n3,MKT_JLPT_word-N3.pdf,mkt,N3,14,346,346,명사,noun,首都,しゅと,수도,首都,しゅと,,수도,word,1,w_f9d39adf4e9e1c33,N3,exact,1,verified,
mkt_n3_p014_o0347,mkt_n3,MKT_JLPT_word-N3.pdf,mkt,N3,14,347,347,명사,noun,趣味,しゅみ,취미,趣味,しゅみ,,취미,word,1,,,new,1,verified,
mkt_n3_p014_o0348,mkt_n3,MKT_JLPT_word-N3.pdf,mkt,N3,14,348,348,명사,noun,順番,じゅんばん,순번,順番,じゅんばん,,순번,word,1,w_ba7dc722f3b85b73,N3,exact,1,verified,
mkt_n3_p014_o0349,mkt_n3,MKT_JLPT_word-N3.pdf,mkt,N3,14,349,349,명사,noun,紹介,しょうかい,소개,紹介,しょうかい,,소개,word,1,w_7f53fd4686c9cbf8,N4,exact,1,verified,
mkt_n3_p014_o0350,mkt_n3,MKT_JLPT_word-N3.pdf,mkt,N3,14,350,350,명사,noun,商業,しょうぎょう,상업,商業,しょうぎょう,,상업,word,1,w_b3738cf1f976c6c4,N2,exact,1,verified,
mkt_n3_p014_o0351,mkt_n3,MKT_JLPT_word-N3.pdf,mkt,N3,14,351,351,명사,noun,条件,じょうけん,조건,条件,じょうけん,,조건,word,1,w_131a1b0c40f0bc6b,N3,exact,1,verified,
mkt_n3_p014_o0352,mkt_n3,MKT_JLPT_word-N3.pdf,mkt,N3,14,352,352,명사,noun,乗車,じょうしゃ,승차,乗車,じょうしゃ,,승차,word,1,w_a54b6c5c895f8d80,N2,exact,1,verified,
mkt_n3_p014_o0353,mkt_n3,MKT_JLPT_word-N3.pdf,mkt,N3,14,353,353,명사,noun,招待,しょうたい,초대,招待,しょうたい,,초대,word,1,,,surface_only,1,verified,
mkt_n3_p014_o0354,mkt_n3,MKT_JLPT_word-N3.pdf,mkt,N3,14,354,354,명사,noun,商売,しょうばい,장사,商売,しょうばい,,장사,word,1,w_bb4cba11dc68b5d0,N3,exact,1,verified,
mkt_n3_p014_o0355,mkt_n3,MKT_JLPT_word-N3.pdf,mkt,N3,14,355,355,명사,noun,消費,しょうひ,소비,消費,しょうひ,,소비,word,1,w_bd045e85d104f61f,N3,exact,1,verified,
mkt_n3_p014_o0356,mkt_n3,MKT_JLPT_word-N3.pdf,mkt,N3,14,356,356,명사,noun,商品,しょうひん,상품,商品,しょうひん,,상품,word,1,w_109578d0322cf00e,N3,exact,1,verified,
mkt_n3_p014_o0357,mkt_n3,MKT_JLPT_word-N3.pdf,mkt,N3,14,357,357,명사,noun,情報,じょうほう,정보,情報,じょうほう,,정보,word,1,w_c297098c4220a11c,N3,exact,1,verified,
mkt_n3_p015_o0358,mkt_n3,MKT_JLPT_word-N3.pdf,mkt,N3,15,358,358,명사,noun,証明,しょうめい,증명,証明,しょうめい,,증명,word,1,w_1c053c1f4efcdd62,N3,exact,1,verified,
mkt_n3_p015_o0359,mkt_n3,MKT_JLPT_word-N3.pdf,mkt,N3,15,359,359,명사,noun,正面,しょうめん,정면,正面,しょうめん,,정면,word,1,w_faa1e1ee414a6871,N2,exact,1,verified,
mkt_n3_p015_o0360,mkt_n3,MKT_JLPT_word-N3.pdf,mkt,N3,15,360,360,명사,noun,植物,しょくぶつ,식물,植物,しょくぶつ,,식물,word,1,w_ad78ab269c3e6eeb,N3,exact,1,verified,
mkt_n3_p015_o0361,mkt_n3,MKT_JLPT_word-N3.pdf,mkt,N3,15,361,361,명사,noun,食器,しょっき,식기,食器,しょっき,,식기,word,1,w_e795e940037dda8d,N2,exact,1,verified,
mkt_n3_p015_o0362,mkt_n3,MKT_JLPT_word-N3.pdf,mkt,N3,15,362,362,명사,noun,資料,しりょう,자료,資料,しりょう,,자료,word,1,w_ea70ee7815fccd5b,N2,exact,1,verified,
mkt_n3_p015_o0363,mkt_n3,MKT_JLPT_word-N3.pdf,mkt,N3,15,363,363,명사,noun,進行,しんこう,진행,進行,しんこう,,진행,word,1,,,new,1,verified,
mkt_n3_p015_o0364,mkt_n3,MKT_JLPT_word-N3.pdf,mkt,N3,15,364,364,명사,noun,申請,しんせい,신청,申請,しんせい,,신청,word,1,w_cc35bda7a461b790,N2,exact,1,verified,
mkt_n3_p015_o0365,mkt_n3,MKT_JLPT_word-N3.pdf,mkt,N3,15,365,365,명사,noun,進歩,しんぽ,진보,進歩,しんぽ,,진보,word,1,w_6fb4cae6c2c3b8b6,N3,exact,1,verified,
mkt_n3_p015_o0366,mkt_n3,MKT_JLPT_word-N3.pdf,mkt,N3,15,366,366,명사,noun,数字,すうじ,숫자,数字,すうじ,,숫자,word,1,w_0f1059ba8aef86ac,N3,exact,1,verified,
mkt_n3_p015_o0367,mkt_n3,MKT_JLPT_word-N3.pdf,mkt,N3,15,367,367,명사,noun,頭痛,ずつう,두통,頭痛,ずつう,,두통,word,1,w_b1a157bd60c9f520,N3,exact,1,verified,
mkt_n3_p015_o0368,mkt_n3,MKT_JLPT_word-N3.pdf,mkt,N3,15,368,368,명사,noun,砂,すな,모래,砂,すな,,모래,word,1,w_e9402e6f1b7d30b9,N4,exact,1,verified,
mkt_n3_p015_o0369,mkt_n3,MKT_JLPT_word-N3.pdf,mkt,N3,15,369,369,명사,noun,正解,せいかい,정답,正解,せいかい,,정답,word,1,w_1b303ccfb38c6b9e,N1,exact,1,verified,
mkt_n3_p015_o0370,mkt_n3,MKT_JLPT_word-N3.pdf,mkt,N3,15,370,370,명사,noun,性格,せいかく,성격,性格,せいかく,,성격,word,1,w_a3a39185338447dd,N3,exact,1,verified,
mkt_n3_p015_o0371,mkt_n3,MKT_JLPT_word-N3.pdf,mkt,N3,15,371,371,명사,noun,税金,ぜいきん,세금,税金,ぜいきん,,세금,word,1,w_e9d3eafc80571e91,N3,exact,1,verified,
mkt_n3_p015_o0372,mkt_n3,MKT_JLPT_word-N3.pdf,mkt,N3,15,372,372,명사,noun,制限,せいげん,제한,制限,せいげん,,제한,word,1,w_3c507e90c1eba787,N3,exact,1,verified,
mkt_n3_p015_o0373,mkt_n3,MKT_JLPT_word-N3.pdf,mkt,N3,15,373,373,명사,noun,成功,せいこう,성공,成功,せいこう,,성공,word,1,w_65ff00fa44851c46,N3,exact,1,verified,
mkt_n3_p015_o0374,mkt_n3,MKT_JLPT_word-N3.pdf,mkt,N3,15,374,374,명사,noun,正常,せいじょう,정상,正常,せいじょう,,정상,word,1,w_4c7425a3f9f0171a,N1,exact,1,verified,
mkt_n3_p015_o0375,mkt_n3,MKT_JLPT_word-N3.pdf,mkt,N3,15,375,375,명사,noun,成績,せいせき,성적,成績,せいせき,,성적,word,1,w_15206e0f1ca6c5b7,N3,exact,1,verified,
mkt_n3_p015_o0376,mkt_n3,MKT_JLPT_word-N3.pdf,mkt,N3,15,376,376,명사,noun,整理,せいり,정리,整理,せいり,,정리,word,1,w_7fa9daed68518bff,N3,exact,1,verified,
mkt_n3_p015_o0377,mkt_n3,MKT_JLPT_word-N3.pdf,mkt,N3,15,377,377,명사,noun,石油,せきゆ,석유,石油,せきゆ,,석유,word,1,w_e048452d050d9201,N3,exact,1,verified,
mkt_n3_p015_o0378,mkt_n3,MKT_JLPT_word-N3.pdf,mkt,N3,15,378,378,명사,noun,選手,せんしゅ,선수,選手,せんしゅ,,선수,word,1,w_443402a561d02022,N3,exact,1,verified,
mkt_n3_p015_o0379,mkt_n3,MKT_JLPT_word-N3.pdf,mkt,N3,15,379,379,명사,noun,洗濯,せんたく,"세탁,빨래",洗濯,せんたく,,"세탁,빨래",word,1,,,new,1,verified,
mkt_n3_p015_o0380,mkt_n3,MKT_JLPT_word-N3.pdf,mkt,N3,15,380,380,명사,noun,宣伝,せんでん,선전,宣伝,せんでん,,선전,word,1,w_a11e4c4f3567d6b9,N2,exact,1,verified,
mkt_n3_p015_o0381,mkt_n3,MKT_JLPT_word-N3.pdf,mkt,N3,15,381,381,명사,noun,専門,せんもん,전문,専門,せんもん,,전문,word,1,w_ed65117a61843a54,N4,exact,1,verified,
mkt_n3_p015_o0382,mkt_n3,MKT_JLPT_word-N3.pdf,mkt,N3,15,382,382,명사,noun,想像,そうぞう,상상,想像,そうぞう,,상상,word,1,w_1d65f25823e21c05,N3,exact,1,verified,
mkt_n3_p015_o0383,mkt_n3,MKT_JLPT_word-N3.pdf,mkt,N3,15,383,383,명사,noun,早退,そうたい,조퇴,早退,そうたい,,조퇴,word,1,,,new,1,verified,
mkt_n3_p015_o0384,mkt_n3,MKT_JLPT_word-N3.pdf,mkt,N3,15,384,384,명사,noun,相談,そうだん,상담,相談,そうだん,,상담,word,1,,,surface_only,1,verified,
mkt_n3_p015_o0385,mkt_n3,MKT_JLPT_word-N3.pdf,mkt,N3,15,385,385,명사,noun,速度,そくど,속도,速度,そくど,,속도,word,1,w_b892e9fa3a475bbf,N3,exact,1,verified,
mkt_n3_p015_o0386,mkt_n3,MKT_JLPT_word-N3.pdf,mkt,N3,15,386,386,명사,noun,底,そこ,바닥,底,そこ,,바닥,word,1,w_cd9ef42ceb9ad142,N3,exact,1,verified,
mkt_n3_p015_o0387,mkt_n3,MKT_JLPT_word-N3.pdf,mkt,N3,15,387,387,명사,noun,卒業,そつぎょう,졸업,卒業,そつぎょう,,졸업,word,1,w_6faad024e90604f7,N4,exact,1,verified,
mkt_n3_p015_o0388,mkt_n3,MKT_JLPT_word-N3.pdf,mkt,N3,15,388,388,명사,noun,存在,そんざい,존재,存在,そんざい,,존재,word,1,w_4761cf0171ef6fcb,N3,exact,1,verified,
mkt_n3_p016_o0389,mkt_n3,MKT_JLPT_word-N3.pdf,mkt,N3,16,389,389,명사,noun,大会,たいかい,대회,大会,たいかい,,대회,word,1,w_af0c5ae8a48bc5c9,N3,exact,1,verified,
mkt_n3_p016_o0390,mkt_n3,MKT_JLPT_word-N3.pdf,mkt,N3,16,390,390,명사,noun,代金,だいきん,대금,代金,だいきん,,대금,word,1,w_431d67f8be9c0112,N3,exact,1,verified,
mkt_n3_p016_o0391,mkt_n3,MKT_JLPT_word-N3.pdf,mkt,N3,16,391,391,명사,noun,滞在,たいざい,체재,滞在,たいざい,,체재,word,1,w_22d673fdc51556a2,N3,exact,1,verified,
mkt_n3_p016_o0392,mkt_n3,MKT_JLPT_word-N3.pdf,mkt,N3,16,392,392,명사,noun,台所,だいどころ,부엌,台所,だいどころ,,부엌,word,1,,,new,1,verified,
mkt_n3_p016_o0393,mkt_n3,MKT_JLPT_word-N3.pdf,mkt,N3,16,393,393,명사,noun,台風,たいふう,태풍,台風,たいふう,,태풍,word,1,w_39d6e2a4488bd9a4,N4,exact,1,verified,
mkt_n3_p016_o0394,mkt_n3,MKT_JLPT_word-N3.pdf,mkt,N3,16,394,394,명사,noun,体力,たいりょく,체력,体力,たいりょく,,체력,word,1,w_ae3d5dac3b60593a,N1,exact,1,verified,
mkt_n3_p016_o0395,mkt_n3,MKT_JLPT_word-N3.pdf,mkt,N3,16,395,395,명사,noun,他人,たにん,타인,他人,たにん,,타인,word,1,w_c4f487d93a8a5f0e,N3,exact,1,verified,
mkt_n3_p016_o0396,mkt_n3,MKT_JLPT_word-N3.pdf,mkt,N3,16,396,396,명사,noun,誕生,たんじょう,탄생,誕生,たんじょう,,탄생,word,1,w_244fcdce33fb02ec,N3,exact,1,verified,
mkt_n3_p016_o0397,mkt_n3,MKT_JLPT_word-N3.pdf,mkt,N3,16,397,397,명사,noun,団体,だんたい,단체,団体,だんたい,,단체,word,1,w_351ecada89bdbe77,N3,exact,1,verified,
mkt_n3_p016_o0398,mkt_n3,MKT_JLPT_word-N3.pdf,mkt,N3,16,398,398,명사,noun,遅刻,ちこく,지각,遅刻,ちこく,,지각,word,1,w_c3e02c34559a6ffd,N3,exact,1,verified,
mkt_n3_p016_o0399,mkt_n3,MKT_JLPT_word-N3.pdf,mkt,N3,16,399,399,명사,noun,中古,ちゅうこ,중고,中古,ちゅうこ,,중고,word,1,w_4c8fd37da794a73e,N3,exact,1,verified,
mkt_n3_p016_o0400,mkt_n3,MKT_JLPT_word-N3.pdf,mkt,N3,16,400,400,명사,noun,駐車,ちゅうしゃ,주차,駐車,ちゅうしゃ,,주차,word,1,w_0947cb28c1efc935,N3,exact,1,verified,
mkt_n3_p016_o0401,mkt_n3,MKT_JLPT_word-N3.pdf,mkt,N3,16,401,401,명사,noun,調子,ちょうし,"(몸,기계)상태",調子,ちょうし,,"(몸,기계)상태",word,1,w_c9ef7babc405b15f,N3,exact,1,verified,
mkt_n3_p016_o0402,mkt_n3,MKT_JLPT_word-N3.pdf,mkt,N3,16,402,402,명사,noun,朝食,ちょうしょく,조식,朝食,ちょうしょく,,조식,word,1,,,new,1,verified,
mkt_n3_p016_o0403,mkt_n3,MKT_JLPT_word-N3.pdf,mkt,N3,16,403,403,명사,noun,貯金,ちょきん,저금,貯金,ちょきん,,저금,word,1,w_4dbf767863f690bc,N3,exact,1,verified,
mkt_n3_p016_o0404,mkt_n3,MKT_JLPT_word-N3.pdf,mkt,N3,16,404,404,명사,noun,直接,ちょくせつ,직접,直接,ちょくせつ,,직접,word,1,w_ee4f19cf7c3c8286,N3,exact,1,verified,
mkt_n3_p016_o0405,mkt_n3,MKT_JLPT_word-N3.pdf,mkt,N3,16,405,405,명사,noun,通勤,つうきん,통근,通勤,つうきん,,통근,word,1,w_d433461e71e6b73c,N2,exact,1,verified,
mkt_n3_p016_o0406,mkt_n3,MKT_JLPT_word-N3.pdf,mkt,N3,16,406,406,명사,noun,通訳,つうやく,통역,通訳,つうやく,,통역,word,1,w_e728bdb1805a9299,N2,exact,1,verified,
mkt_n3_p016_o0407,mkt_n3,MKT_JLPT_word-N3.pdf,mkt,N3,16,407,407,명사,noun,都合,つごう,"사정,형편",都合,つごう,,"사정,형편",word,1,w_1acdb3d6e3e0e8ad,N4,exact,1,verified,
mkt_n3_p016_o0408,mkt_n3,MKT_JLPT_word-N3.pdf,mkt,N3,16,408,408,명사,noun,停電,ていでん,정전,停電,ていでん,,정전,word,1,w_28b0044d9321d736,N2,exact,1,verified,
mkt_n3_p016_o0409,mkt_n3,MKT_JLPT_word-N3.pdf,mkt,N3,16,409,409,명사,noun,伝言,でんごん,"전언,전하는말,메시지",伝言,でんごん,,"전언,전하는말,메시지",word,1,,,new,1,verified,
mkt_n3_p016_o0410,mkt_n3,MKT_JLPT_word-N3.pdf,mkt,N3,16,410,410,명사,noun,天井,てんじょう,천정,天井,てんじょう,,천정,word,1,,,new,1,verified,
mkt_n3_p016_o0411,mkt_n3,MKT_JLPT_word-N3.pdf,mkt,N3,16,411,411,명사,noun,動作,どうさ,동작,動作,どうさ,,동작,word,1,w_310fe54a491159a2,N2,exact,1,verified,
mkt_n3_p016_o0412,mkt_n3,MKT_JLPT_word-N3.pdf,mkt,N3,16,412,412,명사,noun,当日,とうじつ,당일,当日,とうじつ,,당일,word,1,w_aa10c9c854fbbf6a,N2,exact,1,verified,
mkt_n3_p016_o0413,mkt_n3,MKT_JLPT_word-N3.pdf,mkt,N3,16,413,413,명사,noun,登場,とうじょう,등장,登場,とうじょう,,등장,word,1,w_1ac7da2da874cb8f,N2,exact,1,verified,
mkt_n3_p016_o0414,mkt_n3,MKT_JLPT_word-N3.pdf,mkt,N3,16,414,414,명사,noun,到着,とうちゃく,도착,到着,とうちゃく,,도착,word,1,w_92dc5af18aa120b2,N3,exact,1,verified,
mkt_n3_p016_o0415,mkt_n3,MKT_JLPT_word-N3.pdf,mkt,N3,16,415,415,명사,noun,登録,とうろく,등록,登録,とうろく,,등록,word,1,w_da208e23dc2ee46e,N1,exact,1,verified,
mkt_n3_p016_o0416,mkt_n3,MKT_JLPT_word-N3.pdf,mkt,N3,16,416,416,명사,noun,独身,どくしん,독신,独身,どくしん,,독신,word,1,,,new,1,verified,
mkt_n3_p016_o0417,mkt_n3,MKT_JLPT_word-N3.pdf,mkt,N3,16,417,417,명사,noun,特徴,とくちょう,특징,特徴,とくちょう,,특징,word,1,,,new,1,verified,
mkt_n3_p016_o0418,mkt_n3,MKT_JLPT_word-N3.pdf,mkt,N3,16,418,418,명사,noun,独立,どくりつ,독립,独立,どくりつ,,독립,word,1,w_c4d377b4186ed7b8,N3,exact,1,verified,
mkt_n3_p016_o0419,mkt_n3,MKT_JLPT_word-N3.pdf,mkt,N3,16,419,419,명사,noun,登山,とざん,등산,登山,とざん,,등산,word,1,w_7e060b7ce1290917,N3,exact,1,verified,
mkt_n3_p017_o0420,mkt_n3,MKT_JLPT_word-N3.pdf,mkt,N3,17,420,420,명사,noun,途中,とちゅう,도중,途中,とちゅう,,도중,word,1,w_c98f9a3b466c128c,N4,exact,1,verified,
mkt_n3_p017_o0421,mkt_n3,MKT_JLPT_word-N3.pdf,mkt,N3,17,421,421,명사,noun,努力,どりょく,노력,努力,どりょく,,노력,word,1,,,new,1,verified,
mkt_n3_p017_o0422,mkt_n3,MKT_JLPT_word-N3.pdf,mkt,N3,17,422,422,명사,noun,内緒,ないしょ,비밀,内緒,ないしょ,,비밀,word,1,w_82a8a19743899089,N1,exact,1,verified,
mkt_n3_p017_o0423,mkt_n3,MKT_JLPT_word-N3.pdf,mkt,N3,17,423,423,명사,noun,内容,ないよう,내용,内容,ないよう,,내용,word,1,w_8661219da49b6cd7,N3,exact,1,verified,
mkt_n3_p017_o0424,mkt_n3,MKT_JLPT_word-N3.pdf,mkt,N3,17,424,424,명사,noun,中身,なかみ,"속,알맹이,내용물",中身,なかみ,,"속,알맹이,내용물",word,1,w_ea9b785ebaa89afa,N2,exact,1,verified,
mkt_n3_p017_o0425,mkt_n3,MKT_JLPT_word-N3.pdf,mkt,N3,17,425,425,명사,noun,波,なみ,파도,波,なみ,,파도,word,1,,,new,1,verified,
mkt_n3_p017_o0426,mkt_n3,MKT_JLPT_word-N3.pdf,mkt,N3,17,426,426,명사,noun,涙,なみだ,눈물,涙,なみだ,,눈물,word,1,w_1c3f02045a63bf6a,N3,exact,1,verified,
mkt_n3_p017_o0427,mkt_n3,MKT_JLPT_word-N3.pdf,mkt,N3,17,427,427,명사,noun,荷物,にもつ,짐,荷物,にもつ,,짐,word,1,,,new,1,verified,
mkt_n3_p017_o0428,mkt_n3,MKT_JLPT_word-N3.pdf,mkt,N3,17,428,428,명사,noun,人間,にんげん,인간,人間,にんげん,,인간,word,1,w_78c92e123329f295,N3,exact,1,verified,
mkt_n3_p017_o0429,mkt_n3,MKT_JLPT_word-N3.pdf,mkt,N3,17,429,429,명사,noun,値段,ねだん,가격,値段,ねだん,,가격,word,1,w_d98d809b8fca7f44,N4,exact,1,verified,
mkt_n3_p017_o0430,mkt_n3,MKT_JLPT_word-N3.pdf,mkt,N3,17,430,430,명사,noun,根,ね,뿌리,根,ね,,뿌리,word,1,,,new,1,verified,
mkt_n3_p017_o0431,mkt_n3,MKT_JLPT_word-N3.pdf,mkt,N3,17,431,431,명사,noun,年中,ねんじゅう,연중,年中,ねんじゅう,,연중,word,1,,,new,1,verified,
mkt_n3_p017_o0432,mkt_n3,MKT_JLPT_word-N3.pdf,mkt,N3,17,432,432,명사,noun,農業,のうぎょう,농업,農業,のうぎょう,,농업,word,1,w_1e6961ce3411cb4b,N3,exact,1,verified,
mkt_n3_p017_o0433,mkt_n3,MKT_JLPT_word-N3.pdf,mkt,N3,17,433,433,명사,noun,歯,は,"이,치아",歯,は,,"이,치아",word,1,,,new,1,verified,
mkt_n3_p017_o0434,mkt_n3,MKT_JLPT_word-N3.pdf,mkt,N3,17,434,434,명사,noun,葉,は,잎,葉,は,,잎,word,1,w_6dfda8594b43ecbe,N4,exact,1,verified,
mkt_n3_p017_o0435,mkt_n3,MKT_JLPT_word-N3.pdf,mkt,N3,17,435,435,명사,noun,~倍,~ばい,~배,~倍,~ばい,,~배,pattern,0,,,new,1,verified,"pattern 항목: 원본 보존, 앱 기본 목록 제외"
mkt_n3_p017_o0436,mkt_n3,MKT_JLPT_word-N3.pdf,mkt,N3,17,436,436,명사,noun,発生,はっせい,발생,発生,はっせい,,발생,word,1,w_5e7ef9138e00c433,N1,exact,1,verified,
mkt_n3_p017_o0437,mkt_n3,MKT_JLPT_word-N3.pdf,mkt,N3,17,437,437,명사,noun,発展,はってん,발전,発展,はってん,,발전,word,1,w_fc8e8db9da6b751a,N3,exact,1,verified,
mkt_n3_p017_o0438,mkt_n3,MKT_JLPT_word-N3.pdf,mkt,N3,17,438,438,명사,noun,発表,はっぴょう,발표,発表,はっぴょう,,발표,word,1,,,new,1,verified,
mkt_n3_p017_o0439,mkt_n3,MKT_JLPT_word-N3.pdf,mkt,N3,17,439,439,명사,noun,反対,はんたい,반대,反対,はんたい,,반대,word,1,w_36c3aa056ffdeb12,N4,exact,1,verified,
mkt_n3_p017_o0440,mkt_n3,MKT_JLPT_word-N3.pdf,mkt,N3,17,440,440,명사,noun,販売,はんばい,판매,販売,はんばい,,판매,word,1,w_1833552e6b79b74b,N3,exact,1,verified,
mkt_n3_p017_o0441,mkt_n3,MKT_JLPT_word-N3.pdf,mkt,N3,17,441,441,명사,noun,比較,ひかく,비교,比較,ひかく,,비교,word,1,w_5b75b72b00bbd908,N3,exact,1,verified,
mkt_n3_p017_o0442,mkt_n3,MKT_JLPT_word-N3.pdf,mkt,N3,17,442,442,명사,noun,光,ひかり,빛,光,ひかり,,빛,word,1,w_0c525cb56f2292d1,N4,exact,1,verified,
mkt_n3_p017_o0443,mkt_n3,MKT_JLPT_word-N3.pdf,mkt,N3,17,443,443,명사,noun,否定,ひてい,부정,否定,ひてい,,부정,word,1,w_93dce6f4e2f378fe,N3,exact,1,verified,
mkt_n3_p017_o0444,mkt_n3,MKT_JLPT_word-N3.pdf,mkt,N3,17,444,444,명사,noun,表示,ひょうじ,표시,表示,ひょうじ,,표시,word,1,,,new,1,verified,
mkt_n3_p017_o0445,mkt_n3,MKT_JLPT_word-N3.pdf,mkt,N3,17,445,445,명사,noun,表面,ひょうめん,표면,表面,ひょうめん,,표면,word,1,,,new,1,verified,
mkt_n3_p017_o0446,mkt_n3,MKT_JLPT_word-N3.pdf,mkt,N3,17,446,446,명사,noun,風景,ふうけい,풍경,風景,ふうけい,,풍경,word,1,w_fa1298705c3c4447,N3,exact,1,verified,
mkt_n3_p017_o0447,mkt_n3,MKT_JLPT_word-N3.pdf,mkt,N3,17,447,447,명사,noun,複数,ふくすう,복수,複数,ふくすう,,복수,word,1,w_1887309301625b95,N2,exact,1,verified,
mkt_n3_p018_o0448,mkt_n3,MKT_JLPT_word-N3.pdf,mkt,N3,18,448,448,명사,noun,袋,ふくろ,"주머니,봉지",袋,ふくろ,,"주머니,봉지",word,1,,,new,1,verified,
mkt_n3_p018_o0449,mkt_n3,MKT_JLPT_word-N3.pdf,mkt,N3,18,449,449,명사,noun,物価,ぶっか,물가,物価,ぶっか,,물가,word,1,w_93507c9aecd20af4,N3,exact,1,verified,
mkt_n3_p018_o0450,mkt_n3,MKT_JLPT_word-N3.pdf,mkt,N3,18,450,450,명사,noun,沸騰,ふっとう,"비등,물이끓음",沸騰,ふっとう,,"비등,물이끓음",word,1,w_798fdbcd46387384,N1,exact,1,verified,
mkt_n3_p018_o0451,mkt_n3,MKT_JLPT_word-N3.pdf,mkt,N3,18,451,451,명사,noun,布団,ふとん,이불,布団,ふとん,,이불,word,1,w_8475c9dc0e09c60f,N4,exact,1,verified,
mkt_n3_p018_o0452,mkt_n3,MKT_JLPT_word-N3.pdf,mkt,N3,18,452,452,명사,noun,部分,ぶぶん,부분,部分,ぶぶん,,부분,word,1,w_a82ebf1a1e23734b,N3,exact,1,verified,
mkt_n3_p018_o0453,mkt_n3,MKT_JLPT_word-N3.pdf,mkt,N3,18,453,453,명사,noun,文章,ぶんしょう,문장,文章,ぶんしょう,,문장,word,1,,,new,1,verified,
mkt_n3_p018_o0454,mkt_n3,MKT_JLPT_word-N3.pdf,mkt,N3,18,454,454,명사,noun,分類,ぶんるい,분류,分類,ぶんるい,,분류,word,1,w_d5299d70d4ce0679,N2,exact,1,verified,
mkt_n3_p018_o0455,mkt_n3,MKT_JLPT_word-N3.pdf,mkt,N3,18,455,455,명사,noun,平均,へいきん,평균,平均,へいきん,,평균,word,1,w_4715b3f2e7ed7c84,N3,exact,1,verified,
mkt_n3_p018_o0456,mkt_n3,MKT_JLPT_word-N3.pdf,mkt,N3,18,456,456,명사,noun,変化,へんか,변화,変化,へんか,,변화,word,1,w_721897ea7436088b,N3,exact,1,verified,
mkt_n3_p018_o0457,mkt_n3,MKT_JLPT_word-N3.pdf,mkt,N3,18,457,457,명사,noun,貿易,ぼうえき,무역,貿易,ぼうえき,,무역,word,1,w_0ac8132f3e6d49b7,N4,exact,1,verified,
mkt_n3_p018_o0458,mkt_n3,MKT_JLPT_word-N3.pdf,mkt,N3,18,458,458,명사,noun,方向,ほうこう,방향,方向,ほうこう,,방향,word,1,w_97fd38bc63ce46e6,N3,exact,1,verified,
mkt_n3_p018_o0459,mkt_n3,MKT_JLPT_word-N3.pdf,mkt,N3,18,459,459,명사,noun,方法,ほうほう,방법,方法,ほうほう,,방법,word,1,w_57420260388d1a97,N3,exact,1,verified,
mkt_n3_p018_o0460,mkt_n3,MKT_JLPT_word-N3.pdf,mkt,N3,18,460,460,명사,noun,訪問,ほうもん,방문,訪問,ほうもん,,방문,word,1,w_f1d281e9c1ee87d0,N2,exact,1,verified,
mkt_n3_p018_o0461,mkt_n3,MKT_JLPT_word-N3.pdf,mkt,N3,18,461,461,명사,noun,法律,ほうりつ,법률,法律,ほうりつ,,법률,word,1,w_5612ea7757a9a0fa,N4,exact,1,verified,
mkt_n3_p018_o0462,mkt_n3,MKT_JLPT_word-N3.pdf,mkt,N3,18,462,462,명사,noun,募集,ぼしゅう,모집,募集,ぼしゅう,,모집,word,1,w_666852a273a07512,N2,exact,1,verified,
mkt_n3_p018_o0463,mkt_n3,MKT_JLPT_word-N3.pdf,mkt,N3,18,463,463,명사,noun,孫,まご,손자,孫,まご,,손자,word,1,,,new,1,verified,
mkt_n3_p018_o0464,mkt_n3,MKT_JLPT_word-N3.pdf,mkt,N3,18,464,464,명사,noun,豆,まめ,콩,豆,まめ,,콩,word,1,w_e8344c38717c3ff8,N3,exact,1,verified,
mkt_n3_p018_o0465,mkt_n3,MKT_JLPT_word-N3.pdf,mkt,N3,18,465,465,명사,noun,満足,まんぞく,만족,満足,まんぞく,,만족,word,1,w_9c99bdc52abcd0fe,N3,exact,1,verified,
mkt_n3_p018_o0466,mkt_n3,MKT_JLPT_word-N3.pdf,mkt,N3,18,466,466,명사,noun,湖,みずうみ,호수,湖,みずうみ,,호수,word,1,w_9fb55255f61040e6,N4,exact,1,verified,
mkt_n3_p018_o0467,mkt_n3,MKT_JLPT_word-N3.pdf,mkt,N3,18,467,467,명사,noun,緑,みどり,"녹색,초록",緑,みどり,,"녹색,초록",word,1,,,new,1,verified,
mkt_n3_p018_o0468,mkt_n3,MKT_JLPT_word-N3.pdf,mkt,N3,18,468,468,명사,noun,未来,みらい,미래,未来,みらい,,미래,word,1,w_4a00d1c7a324a57c,N3,exact,1,verified,
mkt_n3_p018_o0469,mkt_n3,MKT_JLPT_word-N3.pdf,mkt,N3,18,469,469,명사,noun,命令,めいれい,명령,命令,めいれい,,명령,word,1,w_e39036bb3cd57b8d,N3,exact,1,verified,
mkt_n3_p018_o0470,mkt_n3,MKT_JLPT_word-N3.pdf,mkt,N3,18,470,470,명사,noun,免許,めんきょ,면허,免許,めんきょ,,면허,word,1,w_4bb8d3158faaef6b,N3,exact,1,verified,
mkt_n3_p018_o0471,mkt_n3,MKT_JLPT_word-N3.pdf,mkt,N3,18,471,471,명사,noun,面接,めんせつ,면접,面接,めんせつ,,면접,word,1,w_c2dc4578b270ec4d,N3,exact,1,verified,
mkt_n3_p018_o0472,mkt_n3,MKT_JLPT_word-N3.pdf,mkt,N3,18,472,472,명사,noun,目的,もくてき,목적,目的,もくてき,,목적,word,1,w_2567fd055b29b59b,N3,exact,1,verified,
mkt_n3_p018_o0473,mkt_n3,MKT_JLPT_word-N3.pdf,mkt,N3,18,473,473,명사,noun,目標,もくひょう,목표,目標,もくひょう,,목표,word,1,w_40d2853453a9264d,N3,exact,1,verified,
mkt_n3_p018_o0474,mkt_n3,MKT_JLPT_word-N3.pdf,mkt,N3,18,474,474,명사,noun,文字,もじ,문자,文字,もじ,,문자,word,1,w_596ec51bc3a84d27,N3,exact,1,verified,
mkt_n3_p018_o0475,mkt_n3,MKT_JLPT_word-N3.pdf,mkt,N3,18,475,475,명사,noun,森,もり,숲,森,もり,,숲,word,1,w_006a682a41241ada,N4,exact,1,verified,
mkt_n3_p018_o0476,mkt_n3,MKT_JLPT_word-N3.pdf,mkt,N3,18,476,476,명사,noun,文句,もんく,"불평,불만",文句,もんく,,"불평,불만",word,1,w_fc7adcb9e20962f9,N3,exact,1,verified,
mkt_n3_p019_o0477,mkt_n3,MKT_JLPT_word-N3.pdf,mkt,N3,19,477,477,명사,noun,屋根,やね,지붕,屋根,やね,,지붕,word,1,w_61a02683f8ec2596,N3,exact,1,verified,
mkt_n3_p019_o0478,mkt_n3,MKT_JLPT_word-N3.pdf,mkt,N3,19,478,478,명사,noun,床,ゆか,마루,床,ゆか,,마루,word,1,w_1846ab557a170f3b,N3,exact,1,verified,
mkt_n3_p019_o0479,mkt_n3,MKT_JLPT_word-N3.pdf,mkt,N3,19,479,479,명사,noun,輸出,ゆしゅつ,수출,輸出,ゆしゅつ,,수출,word,1,,,new,1,verified,
mkt_n3_p019_o0480,mkt_n3,MKT_JLPT_word-N3.pdf,mkt,N3,19,480,480,명사,noun,輸入,ゆにゅう,수입,輸入,ゆにゅう,,수입,word,1,w_a6fb1f5c372c20c0,N4,exact,1,verified,
mkt_n3_p019_o0481,mkt_n3,MKT_JLPT_word-N3.pdf,mkt,N3,19,481,481,명사,noun,容器,ようき,용기,容器,ようき,,용기,word,1,w_2724f8eec43b7d75,N2,exact,1,verified,
mkt_n3_p019_o0482,mkt_n3,MKT_JLPT_word-N3.pdf,mkt,N3,19,482,482,명사,noun,横,よこ,옆,横,よこ,,옆,word,1,,,new,1,verified,
mkt_n3_p019_o0483,mkt_n3,MKT_JLPT_word-N3.pdf,mkt,N3,19,483,483,명사,noun,汚れ,よごれ,"더러움,오염",汚れ,よごれ,,"더러움,오염",word,1,w_2e8d4f6d5083dc96,N1,exact,1,verified,
mkt_n3_p019_o0484,mkt_n3,MKT_JLPT_word-N3.pdf,mkt,N3,19,484,484,명사,noun,予測,よそく,예측,予測,よそく,,예측,word,1,w_7e2ac95308acb1ab,N3,exact,1,verified,
mkt_n3_p019_o0485,mkt_n3,MKT_JLPT_word-N3.pdf,mkt,N3,19,485,485,명사,noun,夜中,よなか,밤중,夜中,よなか,,밤중,word,1,w_2e3b4645917988e7,N3,exact,1,verified,
mkt_n3_p019_o0486,mkt_n3,MKT_JLPT_word-N3.pdf,mkt,N3,19,486,486,명사,noun,予防,よぼう,예방,予防,よぼう,,예방,word,1,w_34776122eea4ad1a,N3,exact,1,verified,
mkt_n3_p019_o0487,mkt_n3,MKT_JLPT_word-N3.pdf,mkt,N3,19,487,487,명사,noun,留守,るす,부재(중),留守,るす,,부재(중),word,1,w_7b745cc8400b935f,N4,exact,1,verified,
mkt_n3_p019_o0488,mkt_n3,MKT_JLPT_word-N3.pdf,mkt,N3,19,488,488,명사,noun,列,れつ,"열,줄",列,れつ,,"열,줄",word,1,w_75f690ec603e0f73,N3,exact,1,verified,
mkt_n3_p019_o0489,mkt_n3,MKT_JLPT_word-N3.pdf,mkt,N3,19,489,489,명사,noun,連休,れんきゅう,연휴,連休,れんきゅう,,연휴,word,1,w_0ed3d7608c07f76f,N1,exact,1,verified,
mkt_n3_p019_o0490,mkt_n3,MKT_JLPT_word-N3.pdf,mkt,N3,19,490,490,명사,noun,訳,わけ,이유,訳,わけ,,이유,word,1,w_83ae7074dc030eb4,N4,exact,1,verified,
mkt_n3_p019_o0491,mkt_n3,MKT_JLPT_word-N3.pdf,mkt,N3,19,491,491,명사,noun,割合,わりあい,비율,割合,わりあい,,비율,word,1,w_d75007a63197de40,N4,exact,1,verified,
mkt_n3_p019_o0492,mkt_n3,MKT_JLPT_word-N3.pdf,mkt,N3,19,492,492,부사,adverb,相変わらず,あいかわらず,변함없이,相変わらず,あいかわらず,,변함없이,word,1,w_03eba004293715ee,N3,exact,1,verified,
mkt_n3_p019_o0493,mkt_n3,MKT_JLPT_word-N3.pdf,mkt,N3,19,493,493,부사,adverb,必ず,かならず,반드시,必ず,かならず,,반드시,word,1,w_37328bc83de7e43a,N4,exact,1,verified,
mkt_n3_p019_o0494,mkt_n3,MKT_JLPT_word-N3.pdf,mkt,N3,19,494,494,부사,adverb,急に,きゅうに,갑자기,急に,きゅうに,,갑자기,word,1,w_d57280b80350a7dc,N3,exact,1,verified,
mkt_n3_p019_o0495,mkt_n3,MKT_JLPT_word-N3.pdf,mkt,N3,19,495,495,부사,adverb,次第に,しだいに,"점점,서서히",次第に,しだいに,,"점점,서서히",word,1,,,new,1,verified,
mkt_n3_p019_o0496,mkt_n3,MKT_JLPT_word-N3.pdf,mkt,N3,19,496,496,부사,adverb,全て,すべて,모두,全て,すべて,,모두,word,1,w_cefba8d96d3392c2,N3,exact,1,verified,
mkt_n3_p019_o0497,mkt_n3,MKT_JLPT_word-N3.pdf,mkt,N3,19,497,497,부사,adverb,絶対,ぜったい,"절대로,꼭",絶対,ぜったい,,"절대로,꼭",word,1,w_7087b27273d496b5,N3,exact,1,verified,
mkt_n3_p020_o0498,mkt_n3,MKT_JLPT_word-N3.pdf,mkt,N3,20,498,498,부사,adverb,多少,たしょう,다소,多少,たしょう,,다소,word,1,w_e3819b3a806f61d1,N3,exact,1,verified,
mkt_n3_p020_o0499,mkt_n3,MKT_JLPT_word-N3.pdf,mkt,N3,20,499,499,부사,adverb,当然,とうぜん,당연히,当然,とうぜん,,당연히,word,1,w_d2920b329afac048,N3,exact,1,verified,
mkt_n3_p020_o0500,mkt_n3,MKT_JLPT_word-N3.pdf,mkt,N3,20,500,500,부사,adverb,突然,とつぜん,"돌연,갑자기",突然,とつぜん,,"돌연,갑자기",word,1,w_778db150e15994d8,N3,exact,1,verified,
pass_n1_p004_o0001,pass_n1,일단합격JLPT완벽대비N1-단어장.pdf,pass,N1,4,1,,한자 읽기,verb,潤う,うるおう,(1) 축축해지다 (2) 윤택해지다,潤う,うるおう,,(1) 축축해지다 (2) 윤택해지다,word,1,w_e67065ff3fd529cd,N1,exact,1,verified,
pass_n1_p004_o0002,pass_n1,일단합격JLPT완벽대비N1-단어장.pdf,pass,N1,4,2,,한자 읽기,adverb,極めて,きわめて,"매우, 지극히",極めて,きわめて,,"매우, 지극히",word,1,w_527b51da6a9af8c1,N1,exact,1,verified,
pass_n1_p004_o0003,pass_n1,일단합격JLPT완벽대비N1-단어장.pdf,pass,N1,4,3,,한자 읽기,noun,契約,けいやく,계약,契約,けいやく,,계약,word,1,w_105e971d9bc80c2e,N3,exact,1,verified,
pass_n1_p004_o0004,pass_n1,일단합격JLPT완벽대비N1-단어장.pdf,pass,N1,4,4,,한자 읽기,noun,推理,すいり,추리,推理,すいり,,추리,word,1,w_1e6e7ae89f707cef,N1,exact,1,verified,
pass_n1_p004_o0005,pass_n1,일단합격JLPT완벽대비N1-단어장.pdf,pass,N1,4,5,,한자 읽기,verb,壊す,こわす,"부수다, 망가뜨리다",壊す,こわす,,"부수다, 망가뜨리다",word,1,w_4b5ad2de398d92e4,N4,exact,1,verified,
pass_n1_p004_o0006,pass_n1,일단합격JLPT완벽대비N1-단어장.pdf,pass,N1,4,6,,한자 읽기,,(紐を)締める,(ひもを)しめる,(끈을) 매다,(紐を)締める,しめる,ひもを,(끈을) 매다,expression,0,,,new,1,verified,"expression 항목: 원본 보존, 앱 기본 목록 제외"
pass_n1_p004_o0007,pass_n1,일단합격JLPT완벽대비N1-단어장.pdf,pass,N1,4,7,,한자 읽기,,手薄な,てうすな,"허술한, 불충분한",手薄な,てうすな,,"허술한, 불충분한",word,1,,,new,1,verified,
pass_n1_p004_o0008,pass_n1,일단합격JLPT완벽대비N1-단어장.pdf,pass,N1,4,8,,한자 읽기,verb,練る,ねる,"반죽하다, (계획, 문장을) 다듬다",練る,ねる,,"반죽하다, (계획, 문장을) 다듬다",word,1,w_c57913792276298c,N1,exact,1,verified,
pass_n1_p004_o0009,pass_n1,일단합격JLPT완벽대비N1-단어장.pdf,pass,N1,4,9,,한자 읽기,,華々しい,はなばなしい,화려하다,華々しい,はなばなしい,,화려하다,word,1,,,new,1,verified,
pass_n1_p004_o0010,pass_n1,일단합격JLPT완벽대비N1-단어장.pdf,pass,N1,4,10,,한자 읽기,,繁盛,はんじょう,"번성, 번창",繁盛,はんじょう,,"번성, 번창",word,1,,,new,1,verified,
pass_n1_p004_o0011,pass_n1,일단합격JLPT완벽대비N1-단어장.pdf,pass,N1,4,11,,한자 읽기,,伴奏,ばんそう,반주,伴奏,ばんそう,,반주,word,1,,,new,1,verified,
pass_n1_p004_o0012,pass_n1,일단합격JLPT완벽대비N1-단어장.pdf,pass,N1,4,12,,한자 읽기,,本筋,ほんすじ,"본론, 본 줄거리",本筋,ほんすじ,,"본론, 본 줄거리",word,1,,,new,1,verified,
pass_n1_p004_o0013,pass_n1,일단합격JLPT완벽대비N1-단어장.pdf,pass,N1,4,13,,한자 읽기,noun,閲覧,えつらん,열람,閲覧,えつらん,,열람,word,1,w_b1b461ffca983305,N1,exact,1,verified,
pass_n1_p004_o0014,pass_n1,일단합격JLPT완벽대비N1-단어장.pdf,pass,N1,4,14,,한자 읽기,noun,合併,がっぺい,합병,合併,がっぺい,,합병,word,1,w_199011952f3578f4,N1,exact,1,verified,
pass_n1_p004_o0015,pass_n1,일단합격JLPT완벽대비N1-단어장.pdf,pass,N1,4,15,,한자 읽기,,肝心な,かんじんな,중요한,肝心な,かんじんな,,중요한,word,1,,,new,1,verified,
pass_n1_p004_o0016,pass_n1,일단합격JLPT완벽대비N1-단어장.pdf,pass,N1,4,16,,한자 읽기,,兆し,きざし,"징조, 조짐",兆し,きざし,,"징조, 조짐",word,1,,,new,1,verified,
pass_n1_p004_o0017,pass_n1,일단합격JLPT완벽대비N1-단어장.pdf,pass,N1,4,17,,한자 읽기,noun,考慮,こうりょ,고려,考慮,こうりょ,,고려,word,1,w_9830c634cae12090,N3,exact,1,verified,
pass_n1_p004_o0018,pass_n1,일단합격JLPT완벽대비N1-단어장.pdf,pass,N1,4,18,,한자 읽기,noun,根拠,こんきょ,근거,根拠,こんきょ,,근거,word,1,w_b0415a5ea0770708,N1,exact,1,verified,
pass_n1_p004_o0019,pass_n1,일단합격JLPT완벽대비N1-단어장.pdf,pass,N1,4,19,,한자 읽기,verb,遮る,さえぎる,차단하다,遮る,さえぎる,,차단하다,word,1,w_5d9bf3a828945282,N1,exact,1,verified,
pass_n1_p004_o0020,pass_n1,일단합격JLPT완벽대비N1-단어장.pdf,pass,N1,4,20,,한자 읽기,,釈明,しゃくめい,"석명(해명, 설명)",釈明,しゃくめい,,"석명(해명, 설명)",word,1,,,new,1,verified,
pass_n1_p004_o0021,pass_n1,일단합격JLPT완벽대비N1-단어장.pdf,pass,N1,4,21,,한자 읽기,verb,鈍る,にぶる,"둔해지다, 무디어지다",鈍る,にぶる,,"둔해지다, 무디어지다",word,1,w_c8ae48e05c333122,N1,exact,1,verified,
pass_n1_p004_o0022,pass_n1,일단합격JLPT완벽대비N1-단어장.pdf,pass,N1,4,22,,한자 읽기,verb,逃れる,のがれる,"벗어나다, 피하다",逃れる,のがれる,,"벗어나다, 피하다",word,1,w_f4f2d7cbced777b8,N1,exact,1,verified,
pass_n1_p004_o0023,pass_n1,일단합격JLPT완벽대비N1-단어장.pdf,pass,N1,4,23,,한자 읽기,,漠然と,ばくぜんと,막연하게,漠然と,ばくぜんと,,막연하게,word,1,,,new,1,verified,
pass_n1_p004_o0024,pass_n1,일단합격JLPT완벽대비N1-단어장.pdf,pass,N1,4,24,,한자 읽기,noun,利益,りえき,이익,利益,りえき,,이익,word,1,w_33388c47d805f383,N3,exact,1,verified,
pass_n1_p004_o0025,pass_n1,일단합격JLPT완벽대비N1-단어장.pdf,pass,N1,4,25,,한자 읽기,noun,改革,かいかく,개혁,改革,かいかく,,개혁,word,1,w_03f9f008503dfad8,N1,exact,1,verified,
pass_n1_p004_o0026,pass_n1,일단합격JLPT완벽대비N1-단어장.pdf,pass,N1,4,26,,한자 읽기,verb,覆す,くつがえす,뒤집어엎다,覆す,くつがえす,,뒤집어엎다,word,1,w_f1d351fe8f52981c,N1,exact,1,verified,
pass_n1_p004_o0027,pass_n1,일단합격JLPT완벽대비N1-단어장.pdf,pass,N1,4,27,,한자 읽기,,克明に,こくめいに,극명하게,克明に,こくめいに,,극명하게,word,1,,,new,1,verified,
pass_n1_p004_o0028,pass_n1,일단합격JLPT완벽대비N1-단어장.pdf,pass,N1,4,28,,한자 읽기,noun,群衆,ぐんしゅう,군중,群衆,ぐんしゅう,,군중,word,1,w_66cb957a1da31bb7,N1,exact,1,verified,
pass_n1_p004_o0029,pass_n1,일단합격JLPT완벽대비N1-단어장.pdf,pass,N1,4,29,,한자 읽기,,心地よい,ここちよい,"기분 좋다, 상쾌하다",心地よい,ここちよい,,"기분 좋다, 상쾌하다",word,1,,,new,1,verified,
pass_n1_p004_o0030,pass_n1,일단합격JLPT완벽대비N1-단어장.pdf,pass,N1,4,30,,한자 읽기,verb,費やす,ついやす,"사용하다, 소비하다",費やす,ついやす,,"사용하다, 소비하다",word,1,w_5c2a64f1bb1fb091,N1,exact,1,verified,
pass_n1_p004_o0031,pass_n1,일단합격JLPT완벽대비N1-단어장.pdf,pass,N1,4,31,,한자 읽기,noun,手際,てぎわ,"일처리 솜씨, 수완",手際,てぎわ,,"일처리 솜씨, 수완",word,1,w_2aa26c83fc7cbe5c,N1,exact,1,verified,
pass_n1_p004_o0032,pass_n1,일단합격JLPT완벽대비N1-단어장.pdf,pass,N1,4,32,,한자 읽기,,踏襲する,とうしゅうする,답습하다,踏襲する,とうしゅうする,,답습하다,word,1,,,new,1,verified,
pass_n1_p004_o0033,pass_n1,일단합격JLPT완벽대비N1-단어장.pdf,pass,N1,4,33,,한자 읽기,noun,名誉,めいよ,명예,名誉,めいよ,,명예,word,1,w_c5ad4beebefaece1,N1,exact,1,verified,
pass_n1_p004_o0034,pass_n1,일단합격JLPT완벽대비N1-단어장.pdf,pass,N1,4,34,,한자 읽기,,網羅,もうら,망라,網羅,もうら,,망라,word,1,,,new,1,verified,
pass_n1_p004_o0035,pass_n1,일단합격JLPT완벽대비N1-단어장.pdf,pass,N1,4,35,,한자 읽기,,由緒,ゆいしょ,"유서, 내력",由緒,ゆいしょ,,"유서, 내력",word,1,,,new,1,verified,
pass_n1_p004_o0036,pass_n1,일단합격JLPT완벽대비N1-단어장.pdf,pass,N1,4,36,,한자 읽기,,枠,わく,"틀, 테두리",枠,わく,,"틀, 테두리",word,1,,,new,1,verified,
pass_n1_p005_o0037,pass_n1,일단합격JLPT완벽대비N1-단어장.pdf,pass,N1,5,37,,한자 읽기,,跡地,あとち,철거 부지,跡地,あとち,,철거 부지,word,1,,,new,1,verified,
pass_n1_p005_o0038,pass_n1,일단합격JLPT완벽대비N1-단어장.pdf,pass,N1,5,38,,한자 읽기,,憤り,いきどおり,분노,憤り,いきどおり,,분노,word,1,,,new,1,verified,
pass_n1_p005_o0039,pass_n1,일단합격JLPT완벽대비N1-단어장.pdf,pass,N1,5,39,,한자 읽기,,憩い,いこい,휴식,憩い,いこい,,휴식,word,1,,,new,1,verified,
pass_n1_p005_o0040,pass_n1,일단합격JLPT완벽대비N1-단어장.pdf,pass,N1,5,40,,한자 읽기,,おろかな,おろかな,어리석은,おろかな,おろかな,,어리석은,word,1,,,new,1,verified,
pass_n1_p005_o0041,pass_n1,일단합격JLPT완벽대비N1-단어장.pdf,pass,N1,5,41,,한자 읽기,noun,緩和,かんわ,완화,緩和,かんわ,,완화,word,1,w_05b282565b123366,N1,exact,1,verified,
pass_n1_p005_o0042,pass_n1,일단합격JLPT완벽대비N1-단어장.pdf,pass,N1,5,42,,한자 읽기,,巧妙な,こうみょうな,교묘한,巧妙な,こうみょうな,,교묘한,word,1,,,new,1,verified,
pass_n1_p005_o0043,pass_n1,일단합격JLPT완벽대비N1-단어장.pdf,pass,N1,5,43,,한자 읽기,noun,趣旨,しゅし,취지,趣旨,しゅし,,취지,word,1,w_2a3a6054d316df14,N1,exact,1,verified,
pass_n1_p005_o0044,pass_n1,일단합격JLPT완벽대비N1-단어장.pdf,pass,N1,5,44,,한자 읽기,noun,需要,じゅよう,수요,需要,じゅよう,,수요,word,1,w_ee9668e7c0658d9a,N3,exact,1,verified,
pass_n1_p005_o0045,pass_n1,일단합격JLPT완벽대비N1-단어장.pdf,pass,N1,5,45,,한자 읽기,verb,貫く,つらぬく,관철하다,貫く,つらぬく,,관철하다,word,1,w_a44a42bca3ceb7e9,N1,exact,1,verified,
pass_n1_p005_o0046,pass_n1,일단합격JLPT완벽대비N1-단어장.pdf,pass,N1,5,46,,한자 읽기,adverb,日夜,にちや,"밤낮, 늘",日夜,にちや,,"밤낮, 늘",word,1,w_ec18c8a504eb5bf0,N1,exact,1,verified,
pass_n1_p005_o0047,pass_n1,일단합격JLPT완벽대비N1-단어장.pdf,pass,N1,5,47,,한자 읽기,noun,把握,はあく,파악,把握,はあく,,파악,word,1,w_7d2dc2d277bc090f,N1,exact,1,verified,
pass_n1_p005_o0048,pass_n1,일단합격JLPT완벽대비N1-단어장.pdf,pass,N1,5,48,,한자 읽기,,貧富,ひんぷ,빈부,貧富,ひんぷ,,빈부,word,1,,,new,1,verified,
pass_n1_p005_o0049,pass_n1,일단합격JLPT완벽대비N1-단어장.pdf,pass,N1,5,49,,한자 읽기,,否めない,いなめない,부정할 수 없다,否めない,いなめない,,부정할 수 없다,word,1,,,new,1,verified,
pass_n1_p005_o0050,pass_n1,일단합격JLPT완벽대비N1-단어장.pdf,pass,N1,5,50,,한자 읽기,noun,概略,がいりゃく,개략,概略,がいりゃく,,개략,word,1,w_684ed022aa569bd5,N1,exact,1,verified,
pass_n1_p005_o0051,pass_n1,일단합격JLPT완벽대비N1-단어장.pdf,pass,N1,5,51,,한자 읽기,,凝縮,ぎょうしゅく,응축,凝縮,ぎょうしゅく,,응축,word,1,,,new,1,verified,
pass_n1_p005_o0052,pass_n1,일단합격JLPT완벽대비N1-단어장.pdf,pass,N1,5,52,,한자 읽기,,厳正な,げんせいな,엄정한,厳正な,げんせいな,,엄정한,word,1,,,new,1,verified,
pass_n1_p005_o0053,pass_n1,일단합격JLPT완벽대비N1-단어장.pdf,pass,N1,5,53,,한자 읽기,,拒む,こばむ,거부하다,拒む,こばむ,,거부하다,word,1,,,new,1,verified,
pass_n1_p005_o0054,pass_n1,일단합격JLPT완벽대비N1-단어장.pdf,pass,N1,5,54,,한자 읽기,,遂行,すいこう,수행,遂行,すいこう,,수행,word,1,,,new,1,verified,
pass_n1_p005_o0055,pass_n1,일단합격JLPT완벽대비N1-단어장.pdf,pass,N1,5,55,,한자 읽기,,健やかな,すこやかな,건강한,健やかな,すこやかな,,건강한,word,1,,,new,1,verified,
pass_n1_p005_o0056,pass_n1,일단합격JLPT완벽대비N1-단어장.pdf,pass,N1,5,56,,한자 읽기,verb,漂う,ただよう,"떠돌다, 감돌다",漂う,ただよう,,"떠돌다, 감돌다",word,1,w_c28ac016fb366109,N1,exact,1,verified,
pass_n1_p005_o0057,pass_n1,일단합격JLPT완벽대비N1-단어장.pdf,pass,N1,5,57,,한자 읽기,noun,中枢,ちゅうすう,중추,中枢,ちゅうすう,,중추,word,1,w_e5103ac8a6c98798,N1,exact,1,verified,
pass_n1_p005_o0058,pass_n1,일단합격JLPT완벽대비N1-단어장.pdf,pass,N1,5,58,,한자 읽기,,督促,とくそく,독촉,督促,とくそく,,독촉,word,1,,,new,1,verified,
pass_n1_p005_o0059,pass_n1,일단합격JLPT완벽대비N1-단어장.pdf,pass,N1,5,59,,한자 읽기,,臨む,のぞむ,"임하다, (상황에) 직면하다",臨む,のぞむ,,"임하다, (상황에) 직면하다",word,1,,,new,1,verified,
pass_n1_p005_o0060,pass_n1,일단합격JLPT완벽대비N1-단어장.pdf,pass,N1,5,60,,한자 읽기,,躍進,やくしん,약진,躍進,やくしん,,약진,word,1,,,new,1,verified,
pass_n1_p005_o0061,pass_n1,일단합격JLPT완벽대비N1-단어장.pdf,pass,N1,5,61,,한자 읽기,verb,値する,あたいする,~할 가치가 있다,値する,あたいする,,~할 가치가 있다,word,1,w_5784bedb7c9d4f1e,N1,exact,1,verified,
pass_n1_p005_o0062,pass_n1,일단합격JLPT완벽대비N1-단어장.pdf,pass,N1,5,62,,한자 읽기,,淡い,あわい,"연하다, 흐리다",淡い,あわい,,"연하다, 흐리다",word,1,,,new,1,verified,
pass_n1_p005_o0063,pass_n1,일단합격JLPT완벽대비N1-단어장.pdf,pass,N1,5,63,,한자 읽기,,画一的な,かくいつてきな,획일적인,画一的な,かくいつてきな,,획일적인,word,1,,,new,1,verified,
pass_n1_p005_o0064,pass_n1,일단합격JLPT완벽대비N1-단어장.pdf,pass,N1,5,64,,한자 읽기,noun,興奮,こうふん,흥분,興奮,こうふん,,흥분,word,1,w_9ea41baa9565a8b4,N3,exact,1,verified,
pass_n1_p005_o0065,pass_n1,일단합격JLPT완벽대비N1-단어장.pdf,pass,N1,5,65,,한자 읽기,,慕われる,したわれる,"추앙받다, 존경받다",慕われる,したわれる,,"추앙받다, 존경받다",word,1,,,new,1,verified,
pass_n1_p005_o0066,pass_n1,일단합격JLPT완벽대비N1-단어장.pdf,pass,N1,5,66,,한자 읽기,noun,承諾,しょうだく,승낙,承諾,しょうだく,,승낙,word,1,w_a81ea882a8fe4907,N1,exact,1,verified,
pass_n1_p005_o0067,pass_n1,일단합격JLPT완벽대비N1-단어장.pdf,pass,N1,5,67,,한자 읽기,,随時,ずいじ,수시로,随時,ずいじ,,수시로,word,1,,,new,1,verified,
pass_n1_p005_o0068,pass_n1,일단합격JLPT완벽대비N1-단어장.pdf,pass,N1,5,68,,한자 읽기,,添付,てんぷ,첨부,添付,てんぷ,,첨부,word,1,,,new,1,verified,
pass_n1_p005_o0069,pass_n1,일단합격JLPT완벽대비N1-단어장.pdf,pass,N1,5,69,,한자 읽기,verb,唱える,となえる,"외치다, 주장하다",唱える,となえる,,"외치다, 주장하다",word,1,w_d7b4a4cf68e9687b,N1,exact,1,verified,
pass_n1_p005_o0070,pass_n1,일단합격JLPT완벽대비N1-단어장.pdf,pass,N1,5,70,,한자 읽기,verb,励む,はげむ,힘쓰다,励む,はげむ,,힘쓰다,word,1,w_58320aa77025e364,N1,exact,1,verified,
pass_n1_p005_o0071,pass_n1,일단합격JLPT완벽대비N1-단어장.pdf,pass,N1,5,71,,한자 읽기,noun,破損,はそん,파손,破損,はそん,,파손,word,1,w_c65c62bc48b38e99,N1,exact,1,verified,
pass_n1_p005_o0072,pass_n1,일단합격JLPT완벽대비N1-단어장.pdf,pass,N1,5,72,,한자 읽기,noun,変遷,へんせん,변천,変遷,へんせん,,변천,word,1,w_328dd8046f24fbcc,N1,exact,1,verified,
pass_n1_p005_o0073,pass_n1,일단합격JLPT완벽대비N1-단어장.pdf,pass,N1,5,73,,한자 읽기,adjective,賢い,かしこい,똑똑하다,賢い,かしこい,,똑똑하다,word,1,w_2f2f67017e8dc74a,N3,exact,1,verified,
pass_n1_p005_o0074,pass_n1,일단합격JLPT완벽대비N1-단어장.pdf,pass,N1,5,74,,한자 읽기,,偏る,かたよる,"치우치다, 편향되다",偏る,かたよる,,"치우치다, 편향되다",word,1,,,new,1,verified,
pass_n1_p006_o0075,pass_n1,일단합격JLPT완벽대비N1-단어장.pdf,pass,N1,6,75,,한자 읽기,,鑑定,かんてい,감정(판정),鑑定,かんてい,,감정(판정),word,1,,,new,1,verified,
pass_n1_p006_o0076,pass_n1,일단합격JLPT완벽대비N1-단어장.pdf,pass,N1,6,76,,한자 읽기,,顕著な,けんちょな,현저한,顕著な,けんちょな,,현저한,word,1,,,new,1,verified,
pass_n1_p006_o0077,pass_n1,일단합격JLPT완벽대비N1-단어장.pdf,pass,N1,6,77,,한자 읽기,noun,樹木,じゅもく,수목(커다란 나무),樹木,じゅもく,,수목(커다란 나무),word,1,w_746d61e272b8cc2f,N1,exact,1,verified,
pass_n1_p006_o0078,pass_n1,일단합격JLPT완벽대비N1-단어장.pdf,pass,N1,6,78,,한자 읽기,,人脈,じんみゃく,인맥,人脈,じんみゃく,,인맥,word,1,,,new,1,verified,
pass_n1_p006_o0079,pass_n1,일단합격JLPT완벽대비N1-단어장.pdf,pass,N1,6,79,,한자 읽기,,廃れる,すたれる,쇠퇴하다,廃れる,すたれる,,쇠퇴하다,word,1,,,new,1,verified,
pass_n1_p006_o0080,pass_n1,일단합격JLPT완벽대비N1-단어장.pdf,pass,N1,6,80,,한자 읽기,noun,相場,そうば,시세,相場,そうば,,시세,word,1,w_a37bf2cffefcfe7b,N1,exact,1,verified,
pass_n1_p006_o0081,pass_n1,일단합격JLPT완벽대비N1-단어장.pdf,pass,N1,6,81,,한자 읽기,,多岐,たき,"다기, 다방면",多岐,たき,,"다기, 다방면",word,1,,,new,1,verified,
pass_n1_p006_o0082,pass_n1,일단합격JLPT완벽대비N1-단어장.pdf,pass,N1,6,82,,한자 읽기,verb,蓄える,たくわえる,"저축하다, 비축하다",蓄える,たくわえる,,"저축하다, 비축하다",word,1,w_2eb85eb0002d712b,N2,exact,1,verified,
pass_n1_p006_o0083,pass_n1,일단합격JLPT완벽대비N1-단어장.pdf,pass,N1,6,83,,한자 읽기,noun,陳列,ちんれつ,진열,陳列,ちんれつ,,진열,word,1,w_c6ffb0ec0e427932,N1,exact,1,verified,
pass_n1_p006_o0084,pass_n1,일단합격JLPT완벽대비N1-단어장.pdf,pass,N1,6,84,,한자 읽기,,華やかな,はなやかな,화려한,華やかな,はなやかな,,화려한,word,1,,,new,1,verified,
pass_n1_p006_o0085,pass_n1,일단합격JLPT완벽대비N1-단어장.pdf,pass,N1,6,85,,한자 읽기,,潤す,うるおす,"축축하게 하다, 적시다",潤す,うるおす,,"축축하게 하다, 적시다",word,1,,,new,1,verified,
pass_n1_p006_o0086,pass_n1,일단합격JLPT완벽대비N1-단어장.pdf,pass,N1,6,86,,한자 읽기,noun,傾斜,けいしゃ,"경사, 기울기",傾斜,けいしゃ,,"경사, 기울기",word,1,w_91023e2a255195d0,N1,exact,1,verified,
pass_n1_p006_o0087,pass_n1,일단합격JLPT완벽대비N1-단어장.pdf,pass,N1,6,87,,한자 읽기,,殺菌,さっきん,살균,殺菌,さっきん,,살균,word,1,,,new,1,verified,
pass_n1_p006_o0088,pass_n1,일단합격JLPT완벽대비N1-단어장.pdf,pass,N1,6,88,,한자 읽기,,託す,たくす,"맡기다, 부탁하다",託す,たくす,,"맡기다, 부탁하다",word,1,,,new,1,verified,
pass_n1_p006_o0089,pass_n1,일단합격JLPT완벽대비N1-단어장.pdf,pass,N1,6,89,,한자 읽기,noun,暴露,ばくろ,폭로,暴露,ばくろ,,폭로,word,1,w_78dccf1c079556e1,N1,exact,1,verified,
pass_n1_p006_o0090,pass_n1,일단합격JLPT완벽대비N1-단어장.pdf,pass,N1,6,90,,한자 읽기,,阻む,そばむ,"저지하다, 가로막다",阻む,そばむ,,"저지하다, 가로막다",word,1,,,new,1,verified,
pass_n1_p006_o0091,pass_n1,일단합격JLPT완벽대비N1-단어장.pdf,pass,N1,6,91,,한자 읽기,noun,開拓,かいたく,개척,開拓,かいたく,,개척,word,1,w_fb075915c3b43b29,N1,exact,1,verified,
pass_n1_p006_o0092,pass_n1,일단합격JLPT완벽대비N1-단어장.pdf,pass,N1,6,92,,한자 읽기,noun,復興,ふっこう,부흥,復興,ふっこう,,부흥,word,1,w_cecac0f655fafa75,N1,exact,1,verified,
pass_n1_p006_o0093,pass_n1,일단합격JLPT완벽대비N1-단어장.pdf,pass,N1,6,93,,한자 읽기,verb,怠る,おこたる,소홀히하다,怠る,おこたる,,소홀히하다,word,1,w_31f4845c87d90b85,N2,exact,1,verified,
pass_n1_p006_o0094,pass_n1,일단합격JLPT완벽대비N1-단어장.pdf,pass,N1,6,94,,한자 읽기,,了承,りょうしょう,"승낙,양해",了承,りょうしょう,,"승낙,양해",word,1,,,new,1,verified,
pass_n1_p006_o0095,pass_n1,일단합격JLPT완벽대비N1-단어장.pdf,pass,N1,6,95,,한자 읽기,,巡り,めぐり,순회,巡り,めぐり,,순회,word,1,,,new,1,verified,
pass_n1_p006_o0096,pass_n1,일단합격JLPT완벽대비N1-단어장.pdf,pass,N1,6,96,,한자 읽기,noun,指図,さしず,지시,指図,さしず,,지시,word,1,w_d6421b0c7fb0b2ba,N1,exact,1,verified,
pass_n1_p006_o0097,pass_n1,일단합격JLPT완벽대비N1-단어장.pdf,pass,N1,6,97,,한자 읽기,,回顧,かいこ,회고,回顧,かいこ,,회고,word,1,,,new,1,verified,
pass_n1_p006_o0098,pass_n1,일단합격JLPT완벽대비N1-단어장.pdf,pass,N1,6,98,,한자 읽기,,偽り,いつわり,"거짓, 허구",偽り,いつわり,,"거짓, 허구",word,1,,,new,1,verified,
pass_n1_p006_o0099,pass_n1,일단합격JLPT완벽대비N1-단어장.pdf,pass,N1,6,99,,한자 읽기,,嫌悪感,けんおかん,혐오감,嫌悪感,けんおかん,,혐오감,word,1,,,new,1,verified,
pass_n1_p006_o0100,pass_n1,일단합격JLPT완벽대비N1-단어장.pdf,pass,N1,6,100,,한자 읽기,,自粛,じしゅく,자숙,自粛,じしゅく,,자숙,word,1,,,new,1,verified,
pass_n1_p006_o0101,pass_n1,일단합격JLPT완벽대비N1-단어장.pdf,pass,N1,6,101,,한자 읽기,,戒める,いましめる,(1) 훈계하다 (2) 금지하다,戒める,いましめる,,(1) 훈계하다 (2) 금지하다,word,1,,,new,1,verified,
pass_n1_p006_o0102,pass_n1,일단합격JLPT완벽대비N1-단어장.pdf,pass,N1,6,102,,한자 읽기,,丘陵,きゅうりょう,구릉,丘陵,きゅうりょう,,구릉,word,1,,,new,1,verified,
pass_n1_p006_o0103,pass_n1,일단합격JLPT완벽대비N1-단어장.pdf,pass,N1,6,103,,한자 읽기,,豪快に,ごうかいに,호쾌하게,豪快に,ごうかいに,,호쾌하게,word,1,,,new,1,verified,
pass_n1_p006_o0104,pass_n1,일단합격JLPT완벽대비N1-단어장.pdf,pass,N1,6,104,,한자 읽기,,忍耐,にんたい,인내,忍耐,にんたい,,인내,word,1,,,new,1,verified,
pass_n1_p006_o0105,pass_n1,일단합격JLPT완벽대비N1-단어장.pdf,pass,N1,6,105,,한자 읽기,verb,募る,つのる,(1) 모집하다 (2) (정도가)심해지다,募る,つのる,,(1) 모집하다 (2) (정도가)심해지다,word,1,w_b41bedd27241c8f7,N1,exact,1,verified,
pass_n1_p006_o0106,pass_n1,일단합격JLPT완벽대비N1-단어장.pdf,pass,N1,6,106,,한자 읽기,,膨大な,ぼうだいな,방대한,膨大な,ぼうだいな,,방대한,word,1,,,new,1,verified,
pass_n1_p006_o0107,pass_n1,일단합격JLPT완벽대비N1-단어장.pdf,pass,N1,6,107,,한자 읽기,verb,滞る,とどこおる,"밀리다, 정체되다",滞る,とどこおる,,"밀리다, 정체되다",word,1,w_4dc1753d472a2037,N1,exact,1,verified,
pass_n1_p006_o0108,pass_n1,일단합격JLPT완벽대비N1-단어장.pdf,pass,N1,6,108,,한자 읽기,,驚嘆する,きょうたんする,"경탄하다, 놀라다",驚嘆する,きょうたんする,,"경탄하다, 놀라다",word,1,,,new,1,verified,
pass_n1_p006_o0109,pass_n1,일단합격JLPT완벽대비N1-단어장.pdf,pass,N1,6,109,,한자 읽기,,猛烈に,もうれつに,맹렬히,猛烈に,もうれつに,,맹렬히,word,1,,,new,1,verified,
pass_n1_p006_o0110,pass_n1,일단합격JLPT완벽대비N1-단어장.pdf,pass,N1,6,110,,한자 읽기,,克服する,こくふくする,극복하다,克服する,こくふくする,,극복하다,word,1,,,new,1,verified,
pass_n1_p006_o0111,pass_n1,일단합격JLPT완벽대비N1-단어장.pdf,pass,N1,6,111,,한자 읽기,verb,崩れる,くずれる,"무너지다, 흐트러지다",崩れる,くずれる,,"무너지다, 흐트러지다",word,1,w_0e9835a6eb6b36ba,N2,exact,1,verified,
pass_n1_p007_o0112,pass_n1,일단합격JLPT완벽대비N1-단어장.pdf,pass,N1,7,112,,한자 읽기,,繁殖,はんしょく,번식,繁殖,はんしょく,,번식,word,1,,,new,1,verified,
pass_n1_p007_o0113,pass_n1,일단합격JLPT완벽대비N1-단어장.pdf,pass,N1,7,113,,한자 읽기,,履歴,りれき,이력,履歴,りれき,,이력,word,1,,,new,1,verified,
pass_n1_p007_o0114,pass_n1,일단합격JLPT완벽대비N1-단어장.pdf,pass,N1,7,114,,한자 읽기,,映える,はえる,(1) 아름답게 빛나다 (2) 잘 어울리다,映える,はえる,,(1) 아름답게 빛나다 (2) 잘 어울리다,word,1,,,new,1,verified,
pass_n1_p007_o0115,pass_n1,일단합격JLPT완벽대비N1-단어장.pdf,pass,N1,7,115,,한자 읽기,,披露する,ひろうする,"피로하다, 공개하다",披露する,ひろうする,,"피로하다, 공개하다",word,1,,,new,1,verified,
pass_n1_p007_o0116,pass_n1,일단합격JLPT완벽대비N1-단어장.pdf,pass,N1,7,116,,한자 읽기,verb,砕ける,くだける,"부서지다, (기세 등)꺾이다",砕ける,くだける,,"부서지다, (기세 등)꺾이다",word,1,w_e72e2dda31dde5ea,N2,exact,1,verified,
pass_n1_p007_o0117,pass_n1,일단합격JLPT완벽대비N1-단어장.pdf,pass,N1,7,117,,한자 읽기,,執着する,しゅうちゃくする,집착하다,執着する,しゅうちゃくする,,집착하다,word,1,,,new,1,verified,
pass_n1_p007_o0118,pass_n1,일단합격JLPT완벽대비N1-단어장.pdf,pass,N1,7,118,,한자 읽기,,債務,さいむ,채무,債務,さいむ,,채무,word,1,,,new,1,verified,
pass_n1_p007_o0119,pass_n1,일단합격JLPT완벽대비N1-단어장.pdf,pass,N1,7,119,,한자 읽기,,貢献する,こうけんする,공헌하다,貢献する,こうけんする,,공헌하다,word,1,,,new,1,verified,
pass_n1_p007_o0120,pass_n1,일단합격JLPT완벽대비N1-단어장.pdf,pass,N1,7,120,,한자 읽기,,潔い,いさぎよい,(미련 없이)깨끗하다,潔い,いさぎよい,,(미련 없이)깨끗하다,word,1,,,new,1,verified,
pass_n1_p007_o0121,pass_n1,일단합격JLPT완벽대비N1-단어장.pdf,pass,N1,7,121,,한자 읽기,,干渉する,かんしょうする,간섭하다,干渉する,かんしょうする,,간섭하다,word,1,,,new,1,verified,
pass_n1_p007_o0122,pass_n1,일단합격JLPT완벽대비N1-단어장.pdf,pass,N1,7,122,,한자 읽기,verb,粘る,ねばる,끈기 있게 버티다,粘る,ねばる,,끈기 있게 버티다,word,1,w_b41a00c79e944170,N1,exact,1,verified,
pass_n1_p007_o0123,pass_n1,일단합격JLPT완벽대비N1-단어장.pdf,pass,N1,7,123,,한자 읽기,,巧妙な,こうみょうな,교묘한,巧妙な,こうみょうな,,교묘한,word,1,,,new,1,verified,
pass_n1_p007_o0124,pass_n1,일단합격JLPT완벽대비N1-단어장.pdf,pass,N1,7,124,,한자 읽기,verb,促す,うながす,"재촉하다, 독촉하다, 촉구하다",促す,うながす,,"재촉하다, 독촉하다, 촉구하다",word,1,w_d8d12bce72fcf68c,N1,exact,1,verified,
pass_n1_p007_o0125,pass_n1,일단합격JLPT완벽대비N1-단어장.pdf,pass,N1,7,125,,한자 읽기,noun,措置,そち,조치,措置,そち,,조치,word,1,w_f399a50fe8ce5b1f,N1,exact,1,verified,
pass_n1_p007_o0126,pass_n1,일단합격JLPT완벽대비N1-단어장.pdf,pass,N1,7,126,,한자 읽기,,振興,しんこう,진흥,振興,しんこう,,진흥,word,1,,,new,1,verified,
pass_n1_p007_o0127,pass_n1,일단합격JLPT완벽대비N1-단어장.pdf,pass,N1,7,127,,한자 읽기,,遺憾に,いかんに,유감스럽게,遺憾に,いかんに,,유감스럽게,word,1,,,new,1,verified,
pass_n1_p007_o0128,pass_n1,일단합격JLPT완벽대비N1-단어장.pdf,pass,N1,7,128,,한자 읽기,,閉鎖する,へいさする,폐쇄하다,閉鎖する,へいさする,,폐쇄하다,word,1,,,new,1,verified,
pass_n1_p007_o0129,pass_n1,일단합격JLPT완벽대비N1-단어장.pdf,pass,N1,7,129,,한자 읽기,,心遣い,こころづかい,배려,心遣い,こころづかい,,배려,word,1,,,new,1,verified,
pass_n1_p007_o0130,pass_n1,일단합격JLPT완벽대비N1-단어장.pdf,pass,N1,7,130,,한자 읽기,,憤る,いきどおる,"분노하다, 분개하다",憤る,いきどおる,,"분노하다, 분개하다",word,1,,,new,1,verified,
pass_n1_p007_o0131,pass_n1,일단합격JLPT완벽대비N1-단어장.pdf,pass,N1,7,131,,한자 읽기,,貧富,ひんぷ,빈부,貧富,ひんぷ,,빈부,word,1,,,new,1,verified,
pass_n1_p007_o0132,pass_n1,일단합격JLPT완벽대비N1-단어장.pdf,pass,N1,7,132,,한자 읽기,,治癒する,ちゆする,치유하다,治癒する,ちゆする,,치유하다,word,1,,,new,1,verified,
pass_n1_p007_o0133,pass_n1,일단합격JLPT완벽대비N1-단어장.pdf,pass,N1,7,133,,한자 읽기,,錯覚,さっかく,착각,錯覚,さっかく,,착각,word,1,,,new,1,verified,
pass_n1_p007_o0134,pass_n1,일단합격JLPT완벽대비N1-단어장.pdf,pass,N1,7,134,,한자 읽기,adjective,尊い,とうとい,"소중하다, 존귀하다",尊い,とうとい,,"소중하다, 존귀하다",word,1,w_67ec351f9f370984,N1,exact,1,verified,
pass_n1_p007_o0135,pass_n1,일단합격JLPT완벽대비N1-단어장.pdf,pass,N1,7,135,,한자 읽기,,枯渇,こかつ,고갈,枯渇,こかつ,,고갈,word,1,,,new,1,verified,
pass_n1_p007_o0136,pass_n1,일단합격JLPT완벽대비N1-단어장.pdf,pass,N1,7,136,,한자 읽기,verb,慰める,なぐさめる,"위로하다, 달래다",慰める,なぐさめる,,"위로하다, 달래다",word,1,w_09a2b046aa57cee5,N2,exact,1,verified,
pass_n1_p007_o0137,pass_n1,일단합격JLPT완벽대비N1-단어장.pdf,pass,N1,7,137,,한자 읽기,,克明に,こくめいに,극명하게,克明に,こくめいに,,극명하게,word,1,,,new,1,verified,
pass_n1_p007_o0138,pass_n1,일단합격JLPT완벽대비N1-단어장.pdf,pass,N1,7,138,,한자 읽기,,緊迫する,きんぱくする,긴박하다,緊迫する,きんぱくする,,긴박하다,word,1,,,new,1,verified,
pass_n1_p007_o0139,pass_n1,일단합격JLPT완벽대비N1-단어장.pdf,pass,N1,7,139,,한자 읽기,,勇敢に,ゆうかんに,용감하게,勇敢に,ゆうかんに,,용감하게,word,1,,,new,1,verified,
pass_n1_p007_o0140,pass_n1,일단합격JLPT완벽대비N1-단어장.pdf,pass,N1,7,140,,한자 읽기,noun,忠告,ちゅうこく,충고,忠告,ちゅうこく,,충고,word,1,w_fe117d102ce32617,N1,exact,1,verified,
pass_n1_p007_o0141,pass_n1,일단합격JLPT완벽대비N1-단어장.pdf,pass,N1,7,141,,한자 읽기,verb,慕う,したう,"(1) 그리워하다 (2) 따르다, 우러르다",慕う,したう,,"(1) 그리워하다 (2) 따르다, 우러르다",word,1,w_98d55f56a15ab826,N1,exact,1,verified,
pass_n1_p007_o0142,pass_n1,일단합격JLPT완벽대비N1-단어장.pdf,pass,N1,7,142,,한자 읽기,,施錠する,せじょうする,"자물쇠를 채우다, 잠그다",施錠する,せじょうする,,"자물쇠를 채우다, 잠그다",word,1,,,new,1,verified,
pass_n1_p007_o0143,pass_n1,일단합격JLPT완벽대비N1-단어장.pdf,pass,N1,7,143,,한자 읽기,,沈下,ちんか,침하,沈下,ちんか,,침하,word,1,,,new,1,verified,
pass_n1_p007_o0144,pass_n1,일단합격JLPT완벽대비N1-단어장.pdf,pass,N1,7,144,,한자 읽기,,阻む,はばむ,"저지하다, 막다",阻む,はばむ,,"저지하다, 막다",word,1,,,new,1,verified,
pass_n1_p007_o0145,pass_n1,일단합격JLPT완벽대비N1-단어장.pdf,pass,N1,7,145,,한자 읽기,noun,監督,かんとく,감독,監督,かんとく,,감독,word,1,w_38c39e1bf0cdc97c,N3,exact,1,verified,
pass_n1_p007_o0146,pass_n1,일단합격JLPT완벽대비N1-단어장.pdf,pass,N1,7,146,,한자 읽기,,派生,はせい,파생,派生,はせい,,파생,word,1,,,new,1,verified,
pass_n1_p008_o0147,pass_n1,일단합격JLPT완벽대비N1-단어장.pdf,pass,N1,8,147,,한자 읽기,,透ける,すける,"비쳐보이다, 들여다보이다",透ける,すける,,"비쳐보이다, 들여다보이다",word,1,,,new,1,verified,
pass_n1_p008_o0148,pass_n1,일단합격JLPT완벽대비N1-단어장.pdf,pass,N1,8,148,,한자 읽기,noun,恩恵,おんけい,은혜,恩恵,おんけい,,은혜,word,1,w_0e94c5a58ac3e3d5,N2,exact,1,verified,
pass_n1_p008_o0149,pass_n1,일단합격JLPT완벽대비N1-단어장.pdf,pass,N1,8,149,,한자 읽기,,臨む,のぞむ,(1) 임하다 (2) 면하다,臨む,のぞむ,,(1) 임하다 (2) 면하다,word,1,,,new,1,verified,
pass_n1_p008_o0150,pass_n1,일단합격JLPT완벽대비N1-단어장.pdf,pass,N1,8,150,,한자 읽기,,如実に,にょじつに,여실히,如実に,にょじつに,,여실히,word,1,,,new,1,verified,
pass_n1_p008_o0151,pass_n1,일단합격JLPT완벽대비N1-단어장.pdf,pass,N1,8,151,,한자 읽기,,騒然,そうぜん,"시끄러운 상태, 떠들썩한 모습",騒然,そうぜん,,"시끄러운 상태, 떠들썩한 모습",word,1,,,new,1,verified,
pass_n1_p008_o0152,pass_n1,일단합격JLPT완벽대비N1-단어장.pdf,pass,N1,8,152,,한자 읽기,,諭す,さとす,잘 타이르다,諭す,さとす,,잘 타이르다,word,1,,,new,1,verified,
pass_n1_p008_o0153,pass_n1,일단합격JLPT완벽대비N1-단어장.pdf,pass,N1,8,153,,한자 읽기,noun,秩序,ちつじょ,질서,秩序,ちつじょ,,질서,word,1,w_9d47209b0cfa3586,N1,exact,1,verified,
pass_n1_p008_o0154,pass_n1,일단합격JLPT완벽대비N1-단어장.pdf,pass,N1,8,154,,한자 읽기,,潜伏,せんぷく,잠복,潜伏,せんぷく,,잠복,word,1,,,new,1,verified,
pass_n1_p008_o0155,pass_n1,일단합격JLPT완벽대비N1-단어장.pdf,pass,N1,8,155,,한자 읽기,,朗らかな,ほがらかな,명랑한,朗らかな,ほがらかな,,명랑한,word,1,,,new,1,verified,
pass_n1_p008_o0156,pass_n1,일단합격JLPT완벽대비N1-단어장.pdf,pass,N1,8,156,,한자 읽기,,振興,しんこう,진흥,振興,しんこう,,진흥,word,1,,,new,1,verified,
pass_n1_p008_o0157,pass_n1,일단합격JLPT완벽대비N1-단어장.pdf,pass,N1,8,157,,한자 읽기,,軌跡,きせき,궤적,軌跡,きせき,,궤적,word,1,,,new,1,verified,
pass_n1_p008_o0158,pass_n1,일단합격JLPT완벽대비N1-단어장.pdf,pass,N1,8,158,,한자 읽기,,偏り,かたより,"치우침, 편향",偏り,かたより,,"치우침, 편향",word,1,,,new,1,verified,
pass_n1_p008_o0159,pass_n1,일단합격JLPT완벽대비N1-단어장.pdf,pass,N1,8,159,,한자 읽기,noun,矛盾,むじゅん,모순,矛盾,むじゅん,,모순,word,1,w_0c4f436111b395ab,N2,exact,1,verified,
pass_n1_p008_o0160,pass_n1,일단합격JLPT완벽대비N1-단어장.pdf,pass,N1,8,160,,한자 읽기,,誇張する,こちょうする,과장하다,誇張する,こちょうする,,과장하다,word,1,,,new,1,verified,
pass_n1_p008_o0161,pass_n1,일단합격JLPT완벽대비N1-단어장.pdf,pass,N1,8,161,,한자 읽기,verb,賄う,まかなう,(1) 식사를 제공하다 (2) 조달하다,賄う,まかなう,,(1) 식사를 제공하다 (2) 조달하다,word,1,w_9627aae5d0e6c539,N1,exact,1,verified,
pass_n1_p008_o0162,pass_n1,일단합격JLPT완벽대비N1-단어장.pdf,pass,N1,8,162,,한자 읽기,,軽率な,けいそつな,경솔한,軽率な,けいそつな,,경솔한,word,1,,,new,1,verified,
pass_n1_p008_o0163,pass_n1,일단합격JLPT완벽대비N1-단어장.pdf,pass,N1,8,163,,한자 읽기,noun,腐敗,ふはい,부패,腐敗,ふはい,,부패,word,1,w_d9bf3e421962b4b4,N1,exact,1,verified,
pass_n1_p008_o0164,pass_n1,일단합격JLPT완벽대비N1-단어장.pdf,pass,N1,8,164,,한자 읽기,adjective,粗い,あらい,거칠다,粗い,あらい,,거칠다,word,1,w_ad855f3ec592f3c8,N2,exact,1,verified,
pass_n1_p008_o0165,pass_n1,일단합격JLPT완벽대비N1-단어장.pdf,pass,N1,8,165,,한자 읽기,,粘膜,ねんまく,점막,粘膜,ねんまく,,점막,word,1,,,new,1,verified,
pass_n1_p008_o0166,pass_n1,일단합격JLPT완벽대비N1-단어장.pdf,pass,N1,8,166,,한자 읽기,noun,寿命,じゅみょう,수명,寿命,じゅみょう,,수명,word,1,w_3f24b8086e8ac800,N2,exact,1,verified,
pass_n1_p008_o0167,pass_n1,일단합격JLPT완벽대비N1-단어장.pdf,pass,N1,8,167,,한자 읽기,,戒める,いましめる,(1) 훈계하다 (2) 금지하다,戒める,いましめる,,(1) 훈계하다 (2) 금지하다,word,1,,,new,1,verified,
pass_n1_p008_o0168,pass_n1,일단합격JLPT완벽대비N1-단어장.pdf,pass,N1,8,168,,한자 읽기,,誓約書,せいやくしょ,서약서,誓約書,せいやくしょ,,서약서,word,1,,,new,1,verified,
pass_n1_p008_o0169,pass_n1,일단합격JLPT완벽대비N1-단어장.pdf,pass,N1,8,169,,한자 읽기,,絶叫,ぜっきょう,절규,絶叫,ぜっきょう,,절규,word,1,,,new,1,verified,
pass_n1_p008_o0170,pass_n1,일단합격JLPT완벽대비N1-단어장.pdf,pass,N1,8,170,,한자 읽기,noun,背後,はいご,배후,背後,はいご,,배후,word,1,w_63e21bfb4415f91d,N1,exact,1,verified,
pass_n1_p008_o0171,pass_n1,일단합격JLPT완벽대비N1-단어장.pdf,pass,N1,8,171,,한자 읽기,,抱負,ほうふ,포부,抱負,ほうふ,,포부,word,1,,,new,1,verified,
pass_n1_p008_o0172,pass_n1,일단합격JLPT완벽대비N1-단어장.pdf,pass,N1,8,172,,한자 읽기,,侮る,あなどる,무시하다,侮る,あなどる,,무시하다,word,1,,,new,1,verified,
pass_n1_p008_o0173,pass_n1,일단합격JLPT완벽대비N1-단어장.pdf,pass,N1,8,173,,한자 읽기,,筋道,すじみち,"조리, 사리",筋道,すじみち,,"조리, 사리",word,1,,,new,1,verified,
pass_n1_p008_o0174,pass_n1,일단합격JLPT완벽대비N1-단어장.pdf,pass,N1,8,174,,한자 읽기,,奔放な,ほんぽうな,분방한,奔放な,ほんぽうな,,분방한,word,1,,,new,1,verified,
pass_n1_p008_o0175,pass_n1,일단합격JLPT완벽대비N1-단어장.pdf,pass,N1,8,175,,문맥 규정,,円滑な,えんかつな,원활한,円滑な,えんかつな,,원활한,word,1,,,new,1,verified,
pass_n1_p008_o0176,pass_n1,일단합격JLPT완벽대비N1-단어장.pdf,pass,N1,8,176,,문맥 규정,verb,及ぼす,およぼす,"(영향을 ) 미치다, 끼치다",及ぼす,およぼす,,"(영향을 ) 미치다, 끼치다",word,1,w_bcc0efdd6b74a1bd,N3,exact,1,verified,
pass_n1_p008_o0177,pass_n1,일단합격JLPT완벽대비N1-단어장.pdf,pass,N1,8,177,,문맥 규정,,完結,かんけつ,완결,完結,かんけつ,,완결,word,1,,,new,1,verified,
pass_n1_p008_o0178,pass_n1,일단합격JLPT완벽대비N1-단어장.pdf,pass,N1,8,178,,문맥 규정,noun,キャリア,キャリア,"커리어, 경력",キャリア,キャリア,,"커리어, 경력",word,1,w_b70cb17c6e366d2a,N1,exact,1,verified,
pass_n1_p008_o0179,pass_n1,일단합격JLPT완벽대비N1-단어장.pdf,pass,N1,8,179,,문맥 규정,noun,結束,けっそく,결속,結束,けっそく,,결속,word,1,w_9d6549730dfcd4f7,N1,exact,1,verified,
pass_n1_p009_o0180,pass_n1,일단합격JLPT완벽대비N1-단어장.pdf,pass,N1,9,180,,문맥 규정,,(歴史)上,(れきし)じょう,~상(역사상),(歴史)上,じょう,れきし,~상(역사상),expression,0,,,new,1,verified,"expression 항목: 원본 보존, 앱 기본 목록 제외"
pass_n1_p009_o0181,pass_n1,일단합격JLPT완벽대비N1-단어장.pdf,pass,N1,9,181,,문맥 규정,,当(ホテル),とう(ホテル),당~(당 호텔),当(ホテル),とう,ホテル,당~(당 호텔),expression,0,,,new,1,verified,"expression 항목: 원본 보존, 앱 기본 목록 제외"
pass_n1_p009_o0182,pass_n1,일단합격JLPT완벽대비N1-단어장.pdf,pass,N1,9,182,,문맥 규정,noun,念願,ねんがん,염원,念願,ねんがん,,염원,word,1,w_9562835ed9bbb5d8,N1,exact,1,verified,
pass_n1_p009_o0183,pass_n1,일단합격JLPT완벽대비N1-단어장.pdf,pass,N1,9,183,,문맥 규정,noun,背景,はいけい,배경,背景,はいけい,,배경,word,1,w_a4b74578a79a7bed,N1,exact,1,verified,
pass_n1_p009_o0184,pass_n1,일단합격JLPT완벽대비N1-단어장.pdf,pass,N1,9,184,,문맥 규정,,フォローする,フォローする,"보조하다, 지원하다",フォローする,フォローする,,"보조하다, 지원하다",word,1,,,new,1,verified,
pass_n1_p009_o0185,pass_n1,일단합격JLPT완벽대비N1-단어장.pdf,pass,N1,9,185,,문맥 규정,verb,報じる,ほうじる,"알리다, 보도하다",報じる,ほうじる,,"알리다, 보도하다",word,1,w_c5d684ffdbd001f8,N1,exact,1,verified,
pass_n1_p009_o0186,pass_n1,일단합격JLPT완벽대비N1-단어장.pdf,pass,N1,9,186,,문맥 규정,noun,本音,ほんね,"본심, 속내",本音,ほんね,,"본심, 속내",word,1,w_06f956dc9fbbb0bd,N1,exact,1,verified,
pass_n1_p009_o0187,pass_n1,일단합격JLPT완벽대비N1-단어장.pdf,pass,N1,9,187,,문맥 규정,,綿密な,めんみつな,면밀한,綿密な,めんみつな,,면밀한,word,1,,,new,1,verified,
pass_n1_p009_o0188,pass_n1,일단합격JLPT완벽대비N1-단어장.pdf,pass,N1,9,188,,문맥 규정,,やんわり,やんわり,"부드럽게, 살며시",やんわり,やんわり,,"부드럽게, 살며시",word,1,,,new,1,verified,
pass_n1_p009_o0189,pass_n1,일단합격JLPT완벽대비N1-단어장.pdf,pass,N1,9,189,,문맥 규정,,逸材,いつざい,"일재, 뛰어난 인재",逸材,いつざい,,"일재, 뛰어난 인재",word,1,,,new,1,verified,
pass_n1_p009_o0190,pass_n1,일단합격JLPT완벽대비N1-단어장.pdf,pass,N1,9,190,,문맥 규정,,会心(の出来),かいしん(のでき),회심(의 완성도 - 만족스러운 결과),会心(の出来),かいしん,のでき,회심(의 완성도 - 만족스러운 결과),expression,0,,,new,1,verified,"expression 항목: 원본 보존, 앱 기본 목록 제외"
pass_n1_p009_o0191,pass_n1,일단합격JLPT완벽대비N1-단어장.pdf,pass,N1,9,191,,문맥 규정,,実情,じつじょう,"실정, 실제 사정",実情,じつじょう,,"실정, 실제 사정",word,1,,,new,1,verified,
pass_n1_p009_o0192,pass_n1,일단합격JLPT완벽대비N1-단어장.pdf,pass,N1,9,192,,문맥 규정,,修復,しゅうふく,"수복, 복원",修復,しゅうふく,,"수복, 복원",word,1,,,new,1,verified,
pass_n1_p009_o0193,pass_n1,일단합격JLPT완벽대비N1-단어장.pdf,pass,N1,9,193,,문맥 규정,,ストック,ストック,"스톡, 재고",ストック,ストック,,"스톡, 재고",word,1,,,new,1,verified,
pass_n1_p009_o0194,pass_n1,일단합격JLPT완벽대비N1-단어장.pdf,pass,N1,9,194,,문맥 규정,,強み,つよみ,강점,強み,つよみ,,강점,word,1,,,new,1,verified,
pass_n1_p009_o0195,pass_n1,일단합격JLPT완벽대비N1-단어장.pdf,pass,N1,9,195,,문맥 규정,noun,ニュアンス,ニュアンス,뉘앙스,ニュアンス,ニュアンス,,뉘앙스,word,1,w_d657c24071e2a7cd,N1,exact,1,verified,
pass_n1_p009_o0196,pass_n1,일단합격JLPT완벽대비N1-단어장.pdf,pass,N1,9,196,,문맥 규정,verb,弾む,はずむ,"튀다, 들뜨다",弾む,はずむ,,"튀다, 들뜨다",word,1,w_1223778df0185b6a,N1,exact,1,verified,
pass_n1_p009_o0197,pass_n1,일단합격JLPT완벽대비N1-단어장.pdf,pass,N1,9,197,,문맥 규정,,抜粋,ばっすい,발췌,抜粋,ばっすい,,발췌,word,1,,,new,1,verified,
pass_n1_p009_o0198,pass_n1,일단합격JLPT완벽대비N1-단어장.pdf,pass,N1,9,198,,문맥 규정,,不備,ふび,"불비, 미비, 불충분함",不備,ふび,,"불비, 미비, 불충분함",word,1,,,new,1,verified,
pass_n1_p009_o0199,pass_n1,일단합격JLPT완벽대비N1-단어장.pdf,pass,N1,9,199,,문맥 규정,,平行,へいこう,평행,平行,へいこう,,평행,word,1,,,new,1,verified,
pass_n1_p009_o0200,pass_n1,일단합격JLPT완벽대비N1-단어장.pdf,pass,N1,9,200,,문맥 규정,,まみれ,まみれ,"~투성이, ~범벅",まみれ,まみれ,,"~투성이, ~범벅",word,1,,,new,1,verified,
pass_n1_p009_o0201,pass_n1,일단합격JLPT완벽대비N1-단어장.pdf,pass,N1,9,201,,문맥 규정,,無謀な,むぼうな,무모한,無謀な,むぼうな,,무모한,word,1,,,new,1,verified,
pass_n1_p009_o0202,pass_n1,일단합격JLPT완벽대비N1-단어장.pdf,pass,N1,9,202,,문맥 규정,,猛(反対),もう(はんたい),맹~(맹렬한 반대),猛(反対),もう,はんたい,맹~(맹렬한 반대),expression,0,,,new,1,verified,"expression 항목: 원본 보존, 앱 기본 목록 제외"
pass_n1_p009_o0203,pass_n1,일단합격JLPT완벽대비N1-단어장.pdf,pass,N1,9,203,,문맥 규정,,言い張る,いいはる,"우겨대다, 주장하다",言い張る,いいはる,,"우겨대다, 주장하다",word,1,,,new,1,verified,
pass_n1_p009_o0204,pass_n1,일단합격JLPT완벽대비N1-단어장.pdf,pass,N1,9,204,,문맥 규정,noun,大筋,おおすじ,"요점, 대강",大筋,おおすじ,,"요점, 대강",word,1,w_51cb6d1819bd61e2,N1,exact,1,verified,
pass_n1_p009_o0205,pass_n1,일단합격JLPT완벽대비N1-단어장.pdf,pass,N1,9,205,,문맥 규정,,改訂版,かいていばん,개정판,改訂版,かいていばん,,개정판,word,1,,,new,1,verified,
pass_n1_p009_o0206,pass_n1,일단합격JLPT완벽대비N1-단어장.pdf,pass,N1,9,206,,문맥 규정,,加工する,かこうする,가공하다,加工する,かこうする,,가공하다,word,1,,,new,1,verified,
pass_n1_p009_o0207,pass_n1,일단합격JLPT완벽대비N1-단어장.pdf,pass,N1,9,207,,문맥 규정,,急遽,きゅうきょ,"급거, 갑작스럽게",急遽,きゅうきょ,,"급거, 갑작스럽게",word,1,,,new,1,verified,
pass_n1_p009_o0208,pass_n1,일단합격JLPT완벽대비N1-단어장.pdf,pass,N1,9,208,,문맥 규정,,究明する,きゅうめいする,규명하다,究明する,きゅうめいする,,규명하다,word,1,,,new,1,verified,
pass_n1_p009_o0209,pass_n1,일단합격JLPT완벽대비N1-단어장.pdf,pass,N1,9,209,,문맥 규정,noun,寄与,きよ,기여,寄与,きよ,,기여,word,1,w_01c7eec9ac27394d,N1,exact,1,verified,
pass_n1_p009_o0210,pass_n1,일단합격JLPT완벽대비N1-단어장.pdf,pass,N1,9,210,,문맥 규정,noun,妥協,だきょう,타협,妥協,だきょう,,타협,word,1,w_118b3f4494df255e,N1,exact,1,verified,
pass_n1_p009_o0211,pass_n1,일단합격JLPT완벽대비N1-단어장.pdf,pass,N1,9,211,,문맥 규정,,ハードル,ハードル,"허들, 장애물",ハードル,ハードル,,"허들, 장애물",word,1,,,new,1,verified,
pass_n1_p009_o0212,pass_n1,일단합격JLPT완벽대비N1-단어장.pdf,pass,N1,9,212,,문맥 규정,,人出,ひとで,"인파, 밖으로 나온 사람들",人出,ひとで,,"인파, 밖으로 나온 사람들",word,1,,,new,1,verified,
pass_n1_p009_o0213,pass_n1,일단합격JLPT완벽대비N1-단어장.pdf,pass,N1,9,213,,문맥 규정,adjective,紛らわしい,まぎらわしい,혼란스럽다,紛らわしい,まぎらわしい,,혼란스럽다,word,1,w_75b449355fb3b1d9,N1,exact,1,verified,
pass_n1_p009_o0214,pass_n1,일단합격JLPT완벽대비N1-단어장.pdf,pass,N1,9,214,,문맥 규정,verb,催す,もよおす,개최하다,催す,もよおす,,개최하다,word,1,w_f5f19f69e53af0ce,N1,exact,1,verified,
pass_n1_p009_o0215,pass_n1,일단합격JLPT완벽대비N1-단어장.pdf,pass,N1,9,215,,문맥 규정,,和らぐ,やわらぐ,누그러지다,和らぐ,やわらぐ,,누그러지다,word,1,,,new,1,verified,
pass_n1_p009_o0216,pass_n1,일단합격JLPT완벽대비N1-단어장.pdf,pass,N1,9,216,,문맥 규정,,リストアップ,リストアップ,"리스트 업, 목록 작성",リストアップ,リストアップ,,"리스트 업, 목록 작성",word,1,,,new,1,verified,
pass_n1_p010_o0217,pass_n1,일단합격JLPT완벽대비N1-단어장.pdf,pass,N1,10,217,,문맥 규정,,一任,いちにん,일임(모두 맡김),一任,いちにん,,일임(모두 맡김),word,1,,,new,1,verified,
pass_n1_p010_o0218,pass_n1,일단합격JLPT완벽대비N1-단어장.pdf,pass,N1,10,218,,문맥 규정,noun,腕前,うでまえ,"솜씨, 실력",腕前,うでまえ,,"솜씨, 실력",word,1,w_0dd64500fddd257b,N1,exact,1,verified,
pass_n1_p010_o0219,pass_n1,일단합격JLPT완벽대비N1-단어장.pdf,pass,N1,10,219,,문맥 규정,,強硬に,きょうこうに,강경하게,強硬に,きょうこうに,,강경하게,word,1,,,new,1,verified,
pass_n1_p010_o0220,pass_n1,일단합격JLPT완벽대비N1-단어장.pdf,pass,N1,10,220,,문맥 규정,,(気に)障る,(きに)さわる,"기분 상하다, 불쾌하게 여겨지다",(気に)障る,さわる,きに,"기분 상하다, 불쾌하게 여겨지다",expression,0,,,new,1,verified,"expression 항목: 원본 보존, 앱 기본 목록 제외"
pass_n1_p010_o0221,pass_n1,일단합격JLPT완벽대비N1-단어장.pdf,pass,N1,10,221,,문맥 규정,,じめじめする,じめじめする,축축하다,じめじめする,じめじめする,,축축하다,word,1,,,new,1,verified,
pass_n1_p010_o0222,pass_n1,일단합격JLPT완벽대비N1-단어장.pdf,pass,N1,10,222,,문맥 규정,,そわそわ,そわそわ,"불안한 모습, 안절부절못하는 모습",そわそわ,そわそわ,,"불안한 모습, 안절부절못하는 모습",word,1,,,new,1,verified,
pass_n1_p010_o0223,pass_n1,일단합격JLPT완벽대비N1-단어장.pdf,pass,N1,10,223,,문맥 규정,verb,立て替える,たてかえる,대신하여 지불하다,立て替える,たてかえる,,대신하여 지불하다,word,1,w_a1fb7fc7bbf38f49,N1,exact,1,verified,
pass_n1_p010_o0224,pass_n1,일단합격JLPT완벽대비N1-단어장.pdf,pass,N1,10,224,,문맥 규정,verb,ためらう,ためらう,"주저하다, 망설이다",ためらう,ためらう,,"주저하다, 망설이다",word,1,w_9e33dceb0d820298,N2,exact,1,verified,
pass_n1_p010_o0225,pass_n1,일단합격JLPT완벽대비N1-단어장.pdf,pass,N1,10,225,,문맥 규정,,とりわけ,とりわけ,특히,とりわけ,とりわけ,,특히,word,1,,,new,1,verified,
pass_n1_p010_o0226,pass_n1,일단합격JLPT완벽대비N1-단어장.pdf,pass,N1,10,226,,문맥 규정,,荷(が重い),に(がおもい),짐(이 무겁다),荷(が重い),に,がおもい,짐(이 무겁다),expression,0,,,new,1,verified,"expression 항목: 원본 보존, 앱 기본 목록 제외"
pass_n1_p010_o0227,pass_n1,일단합격JLPT완벽대비N1-단어장.pdf,pass,N1,10,227,,문맥 규정,verb,担う,になう,"짊어지다, 떠맡다",担う,になう,,"짊어지다, 떠맡다",word,1,w_400d9fcf33c3211e,N1,exact,1,verified,
pass_n1_p010_o0228,pass_n1,일단합격JLPT완벽대비N1-단어장.pdf,pass,N1,10,228,,문맥 규정,,(対策を)練る,(たいさくを)ねる,(대책을) 세우다,(対策を)練る,ねる,たいさくを,(대책을) 세우다,expression,0,,,new,0,verified,"문자 좌표 검증 완료; 선형 텍스트 레이어 순서 불일치; expression 항목: 원본 보존, 앱 기본 목록 제외"
pass_n1_p010_o0229,pass_n1,일단합격JLPT완벽대비N1-단어장.pdf,pass,N1,10,229,,문맥 규정,,念頭,ねんとう,염두,念頭,ねんとう,,염두,word,1,,,new,0,verified,문자 좌표 검증 완료; 선형 텍스트 레이어 순서 불일치
pass_n1_p010_o0230,pass_n1,일단합격JLPT완벽대비N1-단어장.pdf,pass,N1,10,230,,문맥 규정,,無性に,むしょうに,"몹시, 까닭 없이",無性に,むしょうに,,"몹시, 까닭 없이",word,1,,,new,0,verified,문자 좌표 검증 완료; 선형 텍스트 레이어 순서 불일치
pass_n1_p010_o0231,pass_n1,일단합격JLPT완벽대비N1-단어장.pdf,pass,N1,10,231,,문맥 규정,,異色,いしょく,"이색, 매우 특색 있음",異色,いしょく,,"이색, 매우 특색 있음",word,1,,,new,0,verified,문자 좌표 검증 완료; 선형 텍스트 레이어 순서 불일치
pass_n1_p010_o0232,pass_n1,일단합격JLPT완벽대비N1-단어장.pdf,pass,N1,10,232,,문맥 규정,,ウエイト,ウエイト,"웨이트, 중량",ウエイト,ウエイト,,"웨이트, 중량",word,1,,,new,1,verified,
pass_n1_p010_o0233,pass_n1,일단합격JLPT완벽대비N1-단어장.pdf,pass,N1,10,233,,문맥 규정,adjective,おびただしい,おびただしい,"엄청나다, 수량이 매우 많다",おびただしい,おびただしい,,"엄청나다, 수량이 매우 많다",word,1,w_cad5672ec93eca6c,N1,exact,1,verified,
pass_n1_p010_o0234,pass_n1,일단합격JLPT완벽대비N1-단어장.pdf,pass,N1,10,234,,문맥 규정,noun,可決,かけつ,가결,可決,かけつ,,가결,word,1,w_3547830dc8c6d8f4,N2,exact,1,verified,
pass_n1_p010_o0235,pass_n1,일단합격JLPT완벽대비N1-단어장.pdf,pass,N1,10,235,,문맥 규정,,食い止める,くいとめる,"저지하다, 막다",食い止める,くいとめる,,"저지하다, 막다",word,1,,,new,1,verified,
pass_n1_p010_o0236,pass_n1,일단합격JLPT완벽대비N1-단어장.pdf,pass,N1,10,236,,문맥 규정,,駆使する,くしする,구사하다,駆使する,くしする,,구사하다,word,1,,,new,1,verified,
pass_n1_p010_o0237,pass_n1,일단합격JLPT완벽대비N1-단어장.pdf,pass,N1,10,237,,문맥 규정,adjective,心細い,こころぼそい,불안하다,心細い,こころぼそい,,불안하다,word,1,w_2f6a9fc6443185d8,N1,exact,1,verified,
pass_n1_p010_o0238,pass_n1,일단합격JLPT완벽대비N1-단어장.pdf,pass,N1,10,238,,문맥 규정,,支障,ししょう,지장,支障,ししょう,,지장,word,1,,,new,1,verified,
pass_n1_p010_o0239,pass_n1,일단합격JLPT완벽대비N1-단어장.pdf,pass,N1,10,239,,문맥 규정,,絶大な(人気),ぜつだいな(にんき),지대한 (인기),絶大な(人気),ぜつだいな,にんき,지대한 (인기),expression,0,,,new,1,verified,"expression 항목: 원본 보존, 앱 기본 목록 제외"
pass_n1_p010_o0240,pass_n1,일단합격JLPT완벽대비N1-단어장.pdf,pass,N1,10,240,,문맥 규정,,(平行線を)たどる,(へいこうせんを)たどる,(평행선을) 달리다,(平行線を)たどる,たどる,へいこうせんを,(평행선을) 달리다,expression,0,,,new,1,verified,"expression 항목: 원본 보존, 앱 기본 목록 제외"
pass_n1_p010_o0241,pass_n1,일단합격JLPT완벽대비N1-단어장.pdf,pass,N1,10,241,,문맥 규정,,てきぱき,てきぱき,척척,てきぱき,てきぱき,,척척,word,1,,,new,1,verified,
pass_n1_p010_o0242,pass_n1,일단합격JLPT완벽대비N1-단어장.pdf,pass,N1,10,242,,문맥 규정,,ノルマ,ノルマ,"노르마, 업무 할당량",ノルマ,ノルマ,,"노르마, 업무 할당량",word,1,,,new,1,verified,
pass_n1_p010_o0243,pass_n1,일단합격JLPT완벽대비N1-단어장.pdf,pass,N1,10,243,,문맥 규정,verb,揺らぐ,ゆらぐ,흔들리다,揺らぐ,ゆらぐ,,흔들리다,word,1,w_b7fb2d1b7a4d50eb,N1,exact,1,verified,
pass_n1_p010_o0244,pass_n1,일단합격JLPT완벽대비N1-단어장.pdf,pass,N1,10,244,,문맥 규정,,予断(を許さない),よだん(をゆるさない),예단을 용납하지 않는다(예단할 수 없다),予断(を許さない),よだん,をゆるさない,예단을 용납하지 않는다(예단할 수 없다),expression,0,,,new,1,verified,"expression 항목: 원본 보존, 앱 기본 목록 제외"
pass_n1_p010_o0245,pass_n1,일단합격JLPT완벽대비N1-단어장.pdf,pass,N1,10,245,,문맥 규정,,おおらかな,おおらかな,대범한,おおらかな,おおらかな,,대범한,word,1,,,new,1,verified,
pass_n1_p010_o0246,pass_n1,일단합격JLPT완벽대비N1-단어장.pdf,pass,N1,10,246,,문맥 규정,,該当する,がいとうする,해당하다,該当する,がいとうする,,해당하다,word,1,,,new,0,verified,문자 좌표 검증 완료; 선형 텍스트 레이어 순서 불일치
pass_n1_p010_o0247,pass_n1,일단합격JLPT완벽대비N1-단어장.pdf,pass,N1,10,247,,문맥 규정,,稼働,かどう,가동,稼働,かどう,,가동,word,1,,,new,0,verified,문자 좌표 검증 완료; 선형 텍스트 레이어 순서 불일치
pass_n1_p010_o0248,pass_n1,일단합격JLPT완벽대비N1-단어장.pdf,pass,N1,10,248,,문맥 규정,noun,起伏,きふく,기복,起伏,きふく,,기복,word,1,w_b24972f11d138fe2,N1,exact,0,verified,문자 좌표 검증 완료; 선형 텍스트 레이어 순서 불일치
pass_n1_p010_o0249,pass_n1,일단합격JLPT완벽대비N1-단어장.pdf,pass,N1,10,249,,문맥 규정,noun,強制,きょうせい,강제,強制,きょうせい,,강제,word,1,w_7d32260385142625,N1,exact,1,verified,
pass_n1_p010_o0250,pass_n1,일단합격JLPT완벽대비N1-단어장.pdf,pass,N1,10,250,,문맥 규정,,くよくよ,くよくよ,끙끙(사소한 일을 걱정하는 모습),くよくよ,くよくよ,,끙끙(사소한 일을 걱정하는 모습),word,1,,,new,1,verified,
pass_n1_p011_o0251,pass_n1,일단합격JLPT완벽대비N1-단어장.pdf,pass,N1,11,251,,문맥 규정,noun,合意,ごうい,합의,合意,ごうい,,합의,word,1,w_7631fcb7cc1b6dff,N1,exact,1,verified,
pass_n1_p011_o0252,pass_n1,일단합격JLPT완벽대비N1-단어장.pdf,pass,N1,11,252,,문맥 규정,,しいて,しいて,"억지로, 굳이",しいて,しいて,,"억지로, 굳이",word,1,,,new,1,verified,
pass_n1_p011_o0253,pass_n1,일단합격JLPT완벽대비N1-단어장.pdf,pass,N1,11,253,,문맥 규정,,すさまじい,すさまじい,"대단하다, 무시무시하다",すさまじい,すさまじい,,"대단하다, 무시무시하다",word,1,,,new,1,verified,
pass_n1_p011_o0254,pass_n1,일단합격JLPT완벽대비N1-단어장.pdf,pass,N1,11,254,,문맥 규정,,直面する,ちょくめんする,직면하다,直面する,ちょくめんする,,직면하다,word,1,,,new,1,verified,
pass_n1_p011_o0255,pass_n1,일단합격JLPT완벽대비N1-단어장.pdf,pass,N1,11,255,,문맥 규정,verb,取り戻す,とりもどす,"되찾다, 회복하다",取り戻す,とりもどす,,"되찾다, 회복하다",word,1,w_e56380e43a380c7d,N1,exact,1,verified,
pass_n1_p011_o0256,pass_n1,일단합격JLPT완벽대비N1-단어장.pdf,pass,N1,11,256,,문맥 규정,,幅広い,はばひろい,폭넓다,幅広い,はばひろい,,폭넓다,word,1,,,new,1,verified,
pass_n1_p011_o0257,pass_n1,일단합격JLPT완벽대비N1-단어장.pdf,pass,N1,11,257,,문맥 규정,verb,紛れる,まぎれる,뒤섞이다,紛れる,まぎれる,,뒤섞이다,word,1,w_f4f59b085b066bf8,N1,exact,1,verified,
pass_n1_p011_o0258,pass_n1,일단합격JLPT완벽대비N1-단어장.pdf,pass,N1,11,258,,문맥 규정,noun,メディア,メディア,미디어,メディア,メディア,,미디어,word,1,w_bad0e19337295845,N1,exact,1,verified,
pass_n1_p011_o0259,pass_n1,일단합격JLPT완벽대비N1-단어장.pdf,pass,N1,11,259,,문맥 규정,,愛着,あいちゃく,애착,愛着,あいちゃく,,애착,word,1,,,new,1,verified,
pass_n1_p011_o0260,pass_n1,일단합격JLPT완벽대비N1-단어장.pdf,pass,N1,11,260,,문맥 규정,,一掃,いっそう,일소(모두 제거함),一掃,いっそう,,일소(모두 제거함),word,1,,,new,1,verified,
pass_n1_p011_o0261,pass_n1,일단합격JLPT완벽대비N1-단어장.pdf,pass,N1,11,261,,문맥 규정,noun,基盤,きばん,기반,基盤,きばん,,기반,word,1,w_26d6403bd2a72a0a,N2,exact,1,verified,
pass_n1_p011_o0262,pass_n1,일단합격JLPT완벽대비N1-단어장.pdf,pass,N1,11,262,,문맥 규정,noun,教訓,きょうくん,교훈,教訓,きょうくん,,교훈,word,1,w_50a29bf08ddd7b7f,N1,exact,1,verified,
pass_n1_p011_o0263,pass_n1,일단합격JLPT완벽대비N1-단어장.pdf,pass,N1,11,263,,문맥 규정,,切り出す,きりだす,말을 꺼내다,切り出す,きりだす,,말을 꺼내다,word,1,,,new,1,verified,
pass_n1_p011_o0264,pass_n1,일단합격JLPT완벽대비N1-단어장.pdf,pass,N1,11,264,,문맥 규정,verb,染みる,しみる,"스며들다, 배다",染みる,しみる,,"스며들다, 배다",word,1,w_8e025abd6e1b3a24,N1,exact,1,verified,
pass_n1_p011_o0265,pass_n1,일단합격JLPT완벽대비N1-단어장.pdf,pass,N1,11,265,,문맥 규정,adverb,すんなり,すんなり,"수월하게, 순조롭게",すんなり,すんなり,,"수월하게, 순조롭게",word,1,w_0fba30f39984036e,N1,exact,1,verified,
pass_n1_p011_o0266,pass_n1,일단합격JLPT완벽대비N1-단어장.pdf,pass,N1,11,266,,문맥 규정,noun,センス,センス,센스,センス,センス,,센스,word,1,w_aeba66e9dfd61083,N1,exact,1,verified,
pass_n1_p011_o0267,pass_n1,일단합격JLPT완벽대비N1-단어장.pdf,pass,N1,11,267,,문맥 규정,verb,尽くす,つくす,"애쓰다, 있는 힘을 다하다",尽くす,つくす,,"애쓰다, 있는 힘을 다하다",word,1,w_a60b6753a0d75ab2,N1,exact,1,verified,
pass_n1_p011_o0268,pass_n1,일단합격JLPT완벽대비N1-단어장.pdf,pass,N1,11,268,,문맥 규정,,ノウハウ,ノウハウ,노하우,ノウハウ,ノウハウ,,노하우,word,1,,,new,1,verified,
pass_n1_p011_o0269,pass_n1,일단합격JLPT완벽대비N1-단어장.pdf,pass,N1,11,269,,문맥 규정,,頻繁に,ひんぱんに,빈번하게,頻繁に,ひんぱんに,,빈번하게,word,1,,,new,1,verified,
pass_n1_p011_o0270,pass_n1,일단합격JLPT완벽대비N1-단어장.pdf,pass,N1,11,270,,문맥 규정,,へとへと,へとへと,기진맥진,へとへと,へとへと,,기진맥진,word,1,,,new,1,verified,
pass_n1_p011_o0271,pass_n1,일단합격JLPT완벽대비N1-단어장.pdf,pass,N1,11,271,,문맥 규정,,見かける,みかける,발견하다,見かける,みかける,,발견하다,word,1,,,new,1,verified,
pass_n1_p011_o0272,pass_n1,일단합격JLPT완벽대비N1-단어장.pdf,pass,N1,11,272,,문맥 규정,,流出,りゅうしゅつ,유출,流出,りゅうしゅつ,,유출,word,1,,,new,1,verified,
pass_n1_p011_o0273,pass_n1,일단합격JLPT완벽대비N1-단어장.pdf,pass,N1,11,273,,문맥 규정,,一環,いっかん,일환,一環,いっかん,,일환,word,1,,,new,1,verified,
pass_n1_p011_o0274,pass_n1,일단합격JLPT완벽대비N1-단어장.pdf,pass,N1,11,274,,문맥 규정,,コンスタントに,コンスタントに,"일정하게, 꾸준하게",コンスタントに,コンスタントに,,"일정하게, 꾸준하게",word,1,,,new,1,verified,
pass_n1_p011_o0275,pass_n1,일단합격JLPT완벽대비N1-단어장.pdf,pass,N1,11,275,,문맥 규정,,たたえる,たたえる,"칭찬하다, 찬양하다",たたえる,たたえる,,"칭찬하다, 찬양하다",word,1,,,new,1,verified,
pass_n1_p011_o0276,pass_n1,일단합격JLPT완벽대비N1-단어장.pdf,pass,N1,11,276,,문맥 규정,noun,念願,ねんがん,염원,念願,ねんがん,,염원,word,1,w_9562835ed9bbb5d8,N1,exact,1,verified,
pass_n1_p011_o0277,pass_n1,일단합격JLPT완벽대비N1-단어장.pdf,pass,N1,11,277,,문맥 규정,,非,ひ,"비, 잘못, 부정",非,ひ,,"비, 잘못, 부정",word,1,,,new,1,verified,
pass_n1_p011_o0278,pass_n1,일단합격JLPT완벽대비N1-단어장.pdf,pass,N1,11,278,,문맥 규정,,もっぱら,もっぱら,"오로지, 한결같이",もっぱら,もっぱら,,"오로지, 한결같이",word,1,,,new,1,verified,
pass_n1_p011_o0279,pass_n1,일단합격JLPT완벽대비N1-단어장.pdf,pass,N1,11,279,,문맥 규정,,よみがえる,よみがえる,"되살아나다, 소생하다",よみがえる,よみがえる,,"되살아나다, 소생하다",word,1,,,new,1,verified,
pass_n1_p011_o0280,pass_n1,일단합격JLPT완벽대비N1-단어장.pdf,pass,N1,11,280,,문맥 규정,,打診,だじん,타진,打診,だじん,,타진,word,1,,,new,1,verified,
pass_n1_p011_o0281,pass_n1,일단합격JLPT완벽대비N1-단어장.pdf,pass,N1,11,281,,문맥 규정,noun,経歴,けいれき,경력,経歴,けいれき,,경력,word,1,w_f5fc5e268c82afdb,N1,exact,1,verified,
pass_n1_p011_o0282,pass_n1,일단합격JLPT완벽대비N1-단어장.pdf,pass,N1,11,282,,문맥 규정,verb,弾く,はじく,"튀기다,튕겨내다",弾く,はじく,,"튀기다,튕겨내다",word,1,w_3152ae2b51b7dc18,N1,exact,1,verified,
pass_n1_p011_o0283,pass_n1,일단합격JLPT완벽대비N1-단어장.pdf,pass,N1,11,283,,문맥 규정,,逸脱,いつだつ,일탈,逸脱,いつだつ,,일탈,word,1,,,new,1,verified,
pass_n1_p011_o0284,pass_n1,일단합격JLPT완벽대비N1-단어장.pdf,pass,N1,11,284,,문맥 규정,,いとも,いとも,"매우,아주",いとも,いとも,,"매우,아주",word,1,,,new,1,verified,
pass_n1_p011_o0285,pass_n1,일단합격JLPT완벽대비N1-단어장.pdf,pass,N1,11,285,,문맥 규정,adjective,まちまち,まちまち,가지각색,まちまち,まちまち,,가지각색,word,1,w_d61e38acb4bac891,N1,exact,1,verified,
pass_n1_p011_o0286,pass_n1,일단합격JLPT완벽대비N1-단어장.pdf,pass,N1,11,286,,문맥 규정,noun,在庫,ざいこ,재고,在庫,ざいこ,,재고,word,1,w_fd33c4baabec3e0f,N1,exact,1,verified,
pass_n1_p011_o0287,pass_n1,일단합격JLPT완벽대비N1-단어장.pdf,pass,N1,11,287,,문맥 규정,,リスク,リスク,"리스크, 위험",リスク,リスク,,"리스크, 위험",word,1,,,new,1,verified,
pass_n1_p012_o0288,pass_n1,일단합격JLPT완벽대비N1-단어장.pdf,pass,N1,12,288,,문맥 규정,,堅実な,けんじつな,견실한,堅実な,けんじつな,,견실한,word,1,,,new,1,verified,
pass_n1_p012_o0289,pass_n1,일단합격JLPT완벽대비N1-단어장.pdf,pass,N1,12,289,,문맥 규정,,遮断,しゃだん,차단,遮断,しゃだん,,차단,word,1,,,new,1,verified,
pass_n1_p012_o0290,pass_n1,일단합격JLPT완벽대비N1-단어장.pdf,pass,N1,12,290,,문맥 규정,,がらりと(変わる),がらりと(かわる),싹 (바뀌다) (급격하게 완전히 바뀌는 상태),がらりと(変わる),がらりと,かわる,싹 (바뀌다) (급격하게 완전히 바뀌는 상태),expression,0,,,new,0,verified,"문자 좌표 검증 완료; 선형 텍스트 레이어 순서 불일치; expression 항목: 원본 보존, 앱 기본 목록 제외"
pass_n1_p012_o0291,pass_n1,일단합격JLPT완벽대비N1-단어장.pdf,pass,N1,12,291,,문맥 규정,,なだめる,なだめる,달래다,なだめる,なだめる,,달래다,word,1,,,new,1,verified,
pass_n1_p012_o0292,pass_n1,일단합격JLPT완벽대비N1-단어장.pdf,pass,N1,12,292,,문맥 규정,,言及,げんきゅう,언급,言及,げんきゅう,,언급,word,1,,,new,1,verified,
pass_n1_p012_o0293,pass_n1,일단합격JLPT완벽대비N1-단어장.pdf,pass,N1,12,293,,문맥 규정,noun,解除,かいじょ,해제,解除,かいじょ,,해제,word,1,w_07db4d8b410920a0,N1,exact,1,verified,
pass_n1_p012_o0294,pass_n1,일단합격JLPT완벽대비N1-단어장.pdf,pass,N1,12,294,,문맥 규정,,レイアウト,レイアウト,레이아웃,レイアウト,レイアウト,,레이아웃,word,1,,,new,1,verified,
pass_n1_p012_o0295,pass_n1,일단합격JLPT완벽대비N1-단어장.pdf,pass,N1,12,295,,문맥 규정,,起用,きよう,기용,起用,きよう,,기용,word,1,,,new,1,verified,
pass_n1_p012_o0296,pass_n1,일단합격JLPT완벽대비N1-단어장.pdf,pass,N1,12,296,,문맥 규정,,駆けつける,かけつける,달려가다,駆けつける,かけつける,,달려가다,word,1,,,new,1,verified,
pass_n1_p012_o0297,pass_n1,일단합격JLPT완벽대비N1-단어장.pdf,pass,N1,12,297,,문맥 규정,,多角的な,たかくてきな,다각적인,多角的な,たかくてきな,,다각적인,word,1,,,new,1,verified,
pass_n1_p012_o0298,pass_n1,일단합격JLPT완벽대비N1-단어장.pdf,pass,N1,12,298,,문맥 규정,,盛大に,せいだいに,성대하게,盛大に,せいだいに,,성대하게,word,1,,,new,1,verified,
pass_n1_p012_o0299,pass_n1,일단합격JLPT완벽대비N1-단어장.pdf,pass,N1,12,299,,문맥 규정,,せかせかと,せかせかと,"조급히, 분주히",せかせかと,せかせかと,,"조급히, 분주히",word,1,,,new,1,verified,
pass_n1_p012_o0300,pass_n1,일단합격JLPT완벽대비N1-단어장.pdf,pass,N1,12,300,,문맥 규정,,センサー,センサー,센서,センサー,センサー,,센서,word,1,,,new,1,verified,
pass_n1_p012_o0301,pass_n1,일단합격JLPT완벽대비N1-단어장.pdf,pass,N1,12,301,,문맥 규정,,壮大な,そうだいな,장대한,壮大な,そうだいな,,장대한,word,1,,,new,1,verified,
pass_n1_p012_o0302,pass_n1,일단합격JLPT완벽대비N1-단어장.pdf,pass,N1,12,302,,문맥 규정,,ここちよく,ここちよく,"기분좋게, 쾌적하게",ここちよく,ここちよく,,"기분좋게, 쾌적하게",word,1,,,new,1,verified,
pass_n1_p012_o0303,pass_n1,일단합격JLPT완벽대비N1-단어장.pdf,pass,N1,12,303,,문맥 규정,noun,従事,じゅうじ,종사하다,従事,じゅうじ,,종사하다,word,1,w_3e2b046d05497079,N1,exact,1,verified,
pass_n1_p012_o0304,pass_n1,일단합격JLPT완벽대비N1-단어장.pdf,pass,N1,12,304,,문맥 규정,,にじむ,にじむ,"번지다, 스며들다",にじむ,にじむ,,"번지다, 스며들다",word,1,,,new,1,verified,
pass_n1_p012_o0305,pass_n1,일단합격JLPT완벽대비N1-단어장.pdf,pass,N1,12,305,,문맥 규정,noun,禁物,きんもつ,금물,禁物,きんもつ,,금물,word,1,w_739512f6dd104d73,N1,exact,1,verified,
pass_n1_p012_o0306,pass_n1,일단합격JLPT완벽대비N1-단어장.pdf,pass,N1,12,306,,문맥 규정,,ひしひしと,ひしひしと,"절실히, 절절히(강하게 느끼는 모양)",ひしひしと,ひしひしと,,"절실히, 절절히(강하게 느끼는 모양)",word,1,,,new,1,verified,
pass_n1_p012_o0307,pass_n1,일단합격JLPT완벽대비N1-단어장.pdf,pass,N1,12,307,,문맥 규정,,表明,ひょうめい,표명,表明,ひょうめい,,표명,word,1,,,new,1,verified,
pass_n1_p012_o0308,pass_n1,일단합격JLPT완벽대비N1-단어장.pdf,pass,N1,12,308,,문맥 규정,,精力的に,せいりょくてきに,정력적으로,精力的に,せいりょくてきに,,정력적으로,word,1,,,new,1,verified,
pass_n1_p012_o0309,pass_n1,일단합격JLPT완벽대비N1-단어장.pdf,pass,N1,12,309,,문맥 규정,,気がかり,きがかり,"걱정, 불안, 근심",気がかり,きがかり,,"걱정, 불안, 근심",word,1,,,new,1,verified,
pass_n1_p012_o0310,pass_n1,일단합격JLPT완벽대비N1-단어장.pdf,pass,N1,12,310,,문맥 규정,,推移,すいい,추이,推移,すいい,,추이,word,1,,,new,1,verified,
pass_n1_p012_o0311,pass_n1,일단합격JLPT완벽대비N1-단어장.pdf,pass,N1,12,311,,문맥 규정,verb,危ぶむ,あやぶむ,"불안해하다, 위험하게 생각하다",危ぶむ,あやぶむ,,"불안해하다, 위험하게 생각하다",word,1,w_709b7a3d0384863d,N1,exact,1,verified,
pass_n1_p012_o0312,pass_n1,일단합격JLPT완벽대비N1-단어장.pdf,pass,N1,12,312,,문맥 규정,,ずっしりと,ずっしりと,"묵직한 모습, 무거운 느낌",ずっしりと,ずっしりと,,"묵직한 모습, 무거운 느낌",word,1,,,new,1,verified,
pass_n1_p012_o0313,pass_n1,일단합격JLPT완벽대비N1-단어장.pdf,pass,N1,12,313,,문맥 규정,,歴然としている,れきぜんとしている,"역력하다, 뚜렷하다, 분명하다",歴然としている,れきぜんとしている,,"역력하다, 뚜렷하다, 분명하다",word,1,,,new,1,verified,
pass_n1_p012_o0314,pass_n1,일단합격JLPT완벽대비N1-단어장.pdf,pass,N1,12,314,,문맥 규정,,クレーム,クレーム,"클레임, 불만",クレーム,クレーム,,"클레임, 불만",word,1,,,new,1,verified,
pass_n1_p012_o0315,pass_n1,일단합격JLPT완벽대비N1-단어장.pdf,pass,N1,12,315,,문맥 규정,,経緯,けいい,경위,経緯,けいい,,경위,word,1,,,new,1,verified,
pass_n1_p012_o0316,pass_n1,일단합격JLPT완벽대비N1-단어장.pdf,pass,N1,12,316,,문맥 규정,,壮大な,そうだいな,장대한,壮大な,そうだいな,,장대한,word,1,,,new,1,verified,
pass_n1_p012_o0317,pass_n1,일단합격JLPT완벽대비N1-단어장.pdf,pass,N1,12,317,,문맥 규정,,みっちり,みっちり,"착실히, 충분히",みっちり,みっちり,,"착실히, 충분히",word,1,,,new,1,verified,
pass_n1_p012_o0318,pass_n1,일단합격JLPT완벽대비N1-단어장.pdf,pass,N1,12,318,,문맥 규정,,撤去,てっきょ,철거,撤去,てっきょ,,철거,word,1,,,new,1,verified,
pass_n1_p012_o0319,pass_n1,일단합격JLPT완벽대비N1-단어장.pdf,pass,N1,12,319,,문맥 규정,verb,危ぶむ,あやぶむ,"불안해하다, 위험하게 생각하다",危ぶむ,あやぶむ,,"불안해하다, 위험하게 생각하다",word,1,w_709b7a3d0384863d,N1,exact,1,verified,
pass_n1_p012_o0320,pass_n1,일단합격JLPT완벽대비N1-단어장.pdf,pass,N1,12,320,,문맥 규정,,うずうず,うずうず,근질근질(좀이 쑤시는 모양),うずうず,うずうず,,근질근질(좀이 쑤시는 모양),word,1,,,new,1,verified,
pass_n1_p013_o0321,pass_n1,일단합격JLPT완벽대비N1-단어장.pdf,pass,N1,13,321,,문맥 규정,,却下する,きゃっかする,각하하다,却下する,きゃっかする,,각하하다,word,1,,,new,1,verified,
pass_n1_p013_o0322,pass_n1,일단합격JLPT완벽대비N1-단어장.pdf,pass,N1,13,322,,문맥 규정,,旺盛だ,おうせいだ,왕성하다,旺盛だ,おうせいだ,,왕성하다,word,1,,,new,1,verified,
pass_n1_p013_o0323,pass_n1,일단합격JLPT완벽대비N1-단어장.pdf,pass,N1,13,323,,문맥 규정,verb,施す,ほどこす,"(1)베풀다 (2)(장식, 세공, 가공 등을)하다",施す,ほどこす,,"(1)베풀다 (2)(장식, 세공, 가공 등을)하다",word,1,w_624467d19650e190,N1,exact,1,verified,
pass_n1_p013_o0324,pass_n1,일단합격JLPT완벽대비N1-단어장.pdf,pass,N1,13,324,,문맥 규정,,余波,よは,여파,余波,よは,,여파,word,1,,,new,1,verified,
pass_n1_p013_o0325,pass_n1,일단합격JLPT완벽대비N1-단어장.pdf,pass,N1,13,325,,문맥 규정,,目先,めさき,눈앞,目先,めさき,,눈앞,word,1,,,new,1,verified,
pass_n1_p013_o0326,pass_n1,일단합격JLPT완벽대비N1-단어장.pdf,pass,N1,13,326,,문맥 규정,,ぎくしゃくする,ぎくしゃくする,"원활하지 못하다, 껄끄럽다",ぎくしゃくする,ぎくしゃくする,,"원활하지 못하다, 껄끄럽다",word,1,,,new,1,verified,
pass_n1_p013_o0327,pass_n1,일단합격JLPT완벽대비N1-단어장.pdf,pass,N1,13,327,,문맥 규정,verb,担う,になう,"짊어지다, 맡다",担う,になう,,"짊어지다, 맡다",word,1,w_400d9fcf33c3211e,N1,exact,1,verified,
pass_n1_p013_o0328,pass_n1,일단합격JLPT완벽대비N1-단어장.pdf,pass,N1,13,328,,문맥 규정,noun,存続,そんぞく,존속,存続,そんぞく,,존속,word,1,w_6e0adb6e51f898e4,N1,exact,1,verified,
pass_n1_p013_o0329,pass_n1,일단합격JLPT완벽대비N1-단어장.pdf,pass,N1,13,329,,문맥 규정,,~派,~は,~파,~派,~は,,~파,pattern,0,,,new,1,verified,"pattern 항목: 원본 보존, 앱 기본 목록 제외"
pass_n1_p013_o0330,pass_n1,일단합격JLPT완벽대비N1-단어장.pdf,pass,N1,13,330,,문맥 규정,noun,風習,ふうしゅう,풍습,風習,ふうしゅう,,풍습,word,1,w_42a362e83debe156,N1,exact,1,verified,
pass_n1_p013_o0331,pass_n1,일단합격JLPT완벽대비N1-단어장.pdf,pass,N1,13,331,,문맥 규정,,もどかしい,もどかしい,"답답하다, 안타깝다",もどかしい,もどかしい,,"답답하다, 안타깝다",word,1,,,new,1,verified,
pass_n1_p013_o0332,pass_n1,일단합격JLPT완벽대비N1-단어장.pdf,pass,N1,13,332,,문맥 규정,,熟知,じゅくち,숙지,熟知,じゅくち,,숙지,word,1,,,new,1,verified,
pass_n1_p013_o0333,pass_n1,일단합격JLPT완벽대비N1-단어장.pdf,pass,N1,13,333,,문맥 규정,,拗れる,こじれる,"(1) (병 등이)도지다 (2) (일, 이야기, 문제 등이)꼬이다",拗れる,こじれる,,"(1) (병 등이)도지다 (2) (일, 이야기, 문제 등이)꼬이다",word,1,,,new,0,verified,문자 좌표 검증 완료; 선형 텍스트 레이어 순서 불일치
pass_n1_p013_o0334,pass_n1,일단합격JLPT완벽대비N1-단어장.pdf,pass,N1,13,334,,문맥 규정,,めきめき,めきめき,"두드러지게, 눈에 띄게, 부쩍",めきめき,めきめき,,"두드러지게, 눈에 띄게, 부쩍",word,1,,,new,1,verified,
pass_n1_p013_o0335,pass_n1,일단합격JLPT완벽대비N1-단어장.pdf,pass,N1,13,335,,문맥 규정,,軽快な,けいかいな,경쾌한,軽快な,けいかいな,,경쾌한,word,1,,,new,1,verified,
pass_n1_p013_o0336,pass_n1,일단합격JLPT완벽대비N1-단어장.pdf,pass,N1,13,336,,문맥 규정,noun,サイクル,サイクル,사이클,サイクル,サイクル,,사이클,word,1,w_a0e253ea8f6eecee,N1,exact,1,verified,
pass_n1_p013_o0337,pass_n1,일단합격JLPT완벽대비N1-단어장.pdf,pass,N1,13,337,,문맥 규정,,仲裁,ちゅうさい,중재,仲裁,ちゅうさい,,중재,word,1,,,new,1,verified,
pass_n1_p013_o0338,pass_n1,일단합격JLPT완벽대비N1-단어장.pdf,pass,N1,13,338,,문맥 규정,,しわざ,しわざ,"짓, 소행",しわざ,しわざ,,"짓, 소행",word,1,,,new,1,verified,
pass_n1_p013_o0339,pass_n1,일단합격JLPT완벽대비N1-단어장.pdf,pass,N1,13,339,,문맥 규정,,発覚,はっかく,발각,発覚,はっかく,,발각,word,1,,,new,1,verified,
pass_n1_p013_o0340,pass_n1,일단합격JLPT완벽대비N1-단어장.pdf,pass,N1,13,340,,문맥 규정,,すべすべ,すべすべ,"(사물, 피부 등)매끈매끈한 모양",すべすべ,すべすべ,,"(사물, 피부 등)매끈매끈한 모양",word,1,,,new,1,verified,
pass_n1_p013_o0341,pass_n1,일단합격JLPT완벽대비N1-단어장.pdf,pass,N1,13,341,,문맥 규정,,かみ合う,かみあう,"(내용, 의견, 생각 등이)맞다",かみ合う,かみあう,,"(내용, 의견, 생각 등이)맞다",word,1,,,new,1,verified,
pass_n1_p013_o0342,pass_n1,일단합격JLPT완벽대비N1-단어장.pdf,pass,N1,13,342,,문맥 규정,,保護,ほご,보호,保護,ほご,,보호,word,1,,,new,1,verified,
pass_n1_p013_o0343,pass_n1,일단합격JLPT완벽대비N1-단어장.pdf,pass,N1,13,343,,문맥 규정,,忠実に,ちゅうじつに,충실히,忠実に,ちゅうじつに,,충실히,word,1,,,new,1,verified,
pass_n1_p013_o0344,pass_n1,일단합격JLPT완벽대비N1-단어장.pdf,pass,N1,13,344,,문맥 규정,,すくう,すくう,(액체 등을)뜨다,すくう,すくう,,(액체 등을)뜨다,word,1,,,new,1,verified,
pass_n1_p013_o0345,pass_n1,일단합격JLPT완벽대비N1-단어장.pdf,pass,N1,13,345,,문맥 규정,noun,念願,ねんがん,염원,念願,ねんがん,,염원,word,1,w_9562835ed9bbb5d8,N1,exact,1,verified,
pass_n1_p013_o0346,pass_n1,일단합격JLPT완벽대비N1-단어장.pdf,pass,N1,13,346,,문맥 규정,,ピント,ピント,"핀트, 초점",ピント,ピント,,"핀트, 초점",word,1,,,new,1,verified,
pass_n1_p013_o0347,pass_n1,일단합격JLPT완벽대비N1-단어장.pdf,pass,N1,13,347,,문맥 규정,,食い込む,くいこむ,"(다른 영역, 범위 등에)파고들다",食い込む,くいこむ,,"(다른 영역, 범위 등에)파고들다",word,1,,,new,1,verified,
pass_n1_p013_o0348,pass_n1,일단합격JLPT완벽대비N1-단어장.pdf,pass,N1,13,348,,문맥 규정,adverb,てっきり,てっきり,틀림없이 (~인 줄 알다) 〈잘못된 판단〉,てっきり,てっきり,,틀림없이 (~인 줄 알다) 〈잘못된 판단〉,word,1,w_eb1001bcd17c8807,N1,exact,1,verified,
pass_n1_p013_o0349,pass_n1,일단합격JLPT완벽대비N1-단어장.pdf,pass,N1,13,349,,문맥 규정,noun,自立,じりつ,자립,自立,じりつ,,자립,word,1,w_d8c9dc6349793ce6,N1,exact,1,verified,
pass_n1_p013_o0350,pass_n1,일단합격JLPT완벽대비N1-단어장.pdf,pass,N1,13,350,,문맥 규정,noun,還元,かんげん,환원,還元,かんげん,,환원,word,1,w_05999570d62f5255,N1,exact,1,verified,
pass_n1_p013_o0351,pass_n1,일단합격JLPT완벽대비N1-단어장.pdf,pass,N1,13,351,,문맥 규정,,どんより(と),どんより(と),날씨가 잔뜩 흐린 모양,どんより(と),どんより,と,날씨가 잔뜩 흐린 모양,expression,0,,,new,1,verified,"expression 항목: 원본 보존, 앱 기본 목록 제외"
pass_n1_p014_o0352,pass_n1,일단합격JLPT완벽대비N1-단어장.pdf,pass,N1,14,352,,문맥 규정,,ネック,ネック,"장애물, 걸림돌, 방해물",ネック,ネック,,"장애물, 걸림돌, 방해물",word,1,,,new,1,verified,
pass_n1_p014_o0353,pass_n1,일단합격JLPT완벽대비N1-단어장.pdf,pass,N1,14,353,,문맥 규정,,発散,はっさん,발산,発散,はっさん,,발산,word,1,,,new,1,verified,
pass_n1_p014_o0354,pass_n1,일단합격JLPT완벽대비N1-단어장.pdf,pass,N1,14,354,,문맥 규정,adjective,紛らわしい,まぎらわしい,"헷갈리다, 혼동되다",紛らわしい,まぎらわしい,,"헷갈리다, 혼동되다",word,1,w_75b449355fb3b1d9,N1,exact,1,verified,
pass_n1_p014_o0355,pass_n1,일단합격JLPT완벽대비N1-단어장.pdf,pass,N1,14,355,,문맥 규정,,行き届く,ゆきとどく,구석구석 빈틈없이 미치다,行き届く,ゆきとどく,,구석구석 빈틈없이 미치다,word,1,,,new,1,verified,
pass_n1_p014_o0356,pass_n1,일단합격JLPT완벽대비N1-단어장.pdf,pass,N1,14,356,,문맥 규정,,快挙,かいきょ,쾌거,快挙,かいきょ,,쾌거,word,1,,,new,1,verified,
pass_n1_p014_o0357,pass_n1,일단합격JLPT완벽대비N1-단어장.pdf,pass,N1,14,357,,문맥 규정,,助長,じょちょう,조장,助長,じょちょう,,조장,word,1,,,new,1,verified,
pass_n1_p014_o0358,pass_n1,일단합격JLPT완벽대비N1-단어장.pdf,pass,N1,14,358,,문맥 규정,,見返り,みかえり,"보답, 보상",見返り,みかえり,,"보답, 보상",word,1,,,new,1,verified,
pass_n1_p014_o0359,pass_n1,일단합격JLPT완벽대비N1-단어장.pdf,pass,N1,14,359,,문맥 규정,noun,結成,けっせい,결성,結成,けっせい,,결성,word,1,w_e9a4203e56d22d0c,N1,exact,1,verified,
pass_n1_p014_o0360,pass_n1,일단합격JLPT완벽대비N1-단어장.pdf,pass,N1,14,360,,문맥 규정,noun,手配,てはい,(1) 준비 (2) 수배,手配,てはい,,(1) 준비 (2) 수배,word,1,w_d24e394b9a5c0456,N1,exact,1,verified,
pass_n1_p014_o0361,pass_n1,일단합격JLPT완벽대비N1-단어장.pdf,pass,N1,14,361,,문맥 규정,adverb,つくづく,つくづく,"절실히, 뼈저리게",つくづく,つくづく,,"절실히, 뼈저리게",word,1,w_7096f81dd3d5b54f,N1,exact,1,verified,
pass_n1_p014_o0362,pass_n1,일단합격JLPT완벽대비N1-단어장.pdf,pass,N1,14,362,,문맥 규정,,解れる,ほぐれる,"(매듭, 엉킴, 긴장, 기분, 몸 등이)풀리다",解れる,ほぐれる,,"(매듭, 엉킴, 긴장, 기분, 몸 등이)풀리다",word,1,,,new,1,verified,
pass_n1_p014_o0363,pass_n1,일단합격JLPT완벽대비N1-단어장.pdf,pass,N1,14,363,,문맥 규정,noun,根底,こんてい,"근저, 근본, 밑바닥",根底,こんてい,,"근저, 근본, 밑바닥",word,1,w_47d0d8e1195beecf,N1,exact,1,verified,
pass_n1_p014_o0364,pass_n1,일단합격JLPT완벽대비N1-단어장.pdf,pass,N1,14,364,,문맥 규정,,返上,へんじょう,"반납, 반려",返上,へんじょう,,"반납, 반려",word,1,,,new,1,verified,
pass_n1_p014_o0365,pass_n1,일단합격JLPT완벽대비N1-단어장.pdf,pass,N1,14,365,,문맥 규정,verb,取り次ぐ,とりつぐ,(전화를)연결하다,取り次ぐ,とりつぐ,,(전화를)연결하다,word,1,w_a938db468d00df23,N1,exact,1,verified,
pass_n1_p014_o0366,pass_n1,일단합격JLPT완벽대비N1-단어장.pdf,pass,N1,14,366,,문맥 규정,,交錯する,こうさくする,"뒤섞여 엇갈리다, 교차하다",交錯する,こうさくする,,"뒤섞여 엇갈리다, 교차하다",word,1,,,new,1,verified,
pass_n1_p014_o0367,pass_n1,일단합격JLPT완벽대비N1-단어장.pdf,pass,N1,14,367,,문맥 규정,,難航,なんこう,난항,難航,なんこう,,난항,word,1,,,new,1,verified,
pass_n1_p014_o0368,pass_n1,일단합격JLPT완벽대비N1-단어장.pdf,pass,N1,14,368,,문맥 규정,,がやがや,がやがや,"여럿이 시끄럽게 떠드는 모양, 왁자지껄",がやがや,がやがや,,"여럿이 시끄럽게 떠드는 모양, 왁자지껄",word,1,,,new,1,verified,
pass_n1_p014_o0369,pass_n1,일단합격JLPT완벽대비N1-단어장.pdf,pass,N1,14,369,,문맥 규정,,手足まとい,てあしまとい,"방해, 훼방, 걸림돌",手足まとい,てあしまとい,,"방해, 훼방, 걸림돌",word,1,,,new,1,verified,
pass_n1_p014_o0370,pass_n1,일단합격JLPT완벽대비N1-단어장.pdf,pass,N1,14,370,,문맥 규정,noun,適応,てきおう,적응,適応,てきおう,,적응,word,1,w_bdc17fa0eb47ede4,N1,exact,1,verified,
pass_n1_p014_o0371,pass_n1,일단합격JLPT완벽대비N1-단어장.pdf,pass,N1,14,371,,문맥 규정,verb,掲げる,かかげる,내걸다,掲げる,かかげる,,내걸다,word,1,w_3330d8986fb2f344,N1,exact,1,verified,
pass_n1_p014_o0372,pass_n1,일단합격JLPT완벽대비N1-단어장.pdf,pass,N1,14,372,,문맥 규정,,踏襲,とうしゅう,답습,踏襲,とうしゅう,,답습,word,1,,,new,1,verified,
pass_n1_p014_o0373,pass_n1,일단합격JLPT완벽대비N1-단어장.pdf,pass,N1,14,373,,문맥 규정,,足止め,あしどめ,발이 묶임,足止め,あしどめ,,발이 묶임,word,1,,,new,1,verified,
pass_n1_p014_o0374,pass_n1,일단합격JLPT완벽대비N1-단어장.pdf,pass,N1,14,374,,문맥 규정,,へとへと,へとへと,기진맥진한 모습,へとへと,へとへと,,기진맥진한 모습,word,1,,,new,1,verified,
pass_n1_p014_o0375,pass_n1,일단합격JLPT완벽대비N1-단어장.pdf,pass,N1,14,375,,문맥 규정,,払拭,ふっしょく,불식,払拭,ふっしょく,,불식,word,1,,,new,1,verified,
pass_n1_p014_o0376,pass_n1,일단합격JLPT완벽대비N1-단어장.pdf,pass,N1,14,376,,문맥 규정,adverb,とっさに,とっさに,순간적으로,とっさに,とっさに,,순간적으로,word,1,w_08149ad39d83534d,N1,exact,1,verified,
pass_n1_p014_o0377,pass_n1,일단합격JLPT완벽대비N1-단어장.pdf,pass,N1,14,377,,유의어,,いやみ,いやみ,불쾌한 언행,いやみ,いやみ,,불쾌한 언행,word,1,,,new,1,verified,
pass_n1_p014_o0378,pass_n1,일단합격JLPT완벽대비N1-단어장.pdf,pass,N1,14,378,,유의어,noun,皮肉,ひにく,"비꼼, 빈정거림",皮肉,ひにく,,"비꼼, 빈정거림",word,1,w_d5896bf490038b3f,N2,exact,1,verified,
pass_n1_p014_o0379,pass_n1,일단합격JLPT완벽대비N1-단어장.pdf,pass,N1,14,379,,유의어,,丹念に,たんねんに,"정성껏, 꼼꼼하게",丹念に,たんねんに,,"정성껏, 꼼꼼하게",word,1,,,new,1,verified,
pass_n1_p014_o0380,pass_n1,일단합격JLPT완벽대비N1-단어장.pdf,pass,N1,14,380,,유의어,,じっくりと,じっくりと,"정성껏, 곰곰이",じっくりと,じっくりと,,"정성껏, 곰곰이",word,1,,,new,1,verified,
pass_n1_p014_o0381,pass_n1,일단합격JLPT완벽대비N1-단어장.pdf,pass,N1,14,381,,유의어,,どんよりした天気だ,どんよりしたてんきだ,우중충한 날씨다,どんよりした天気だ,どんよりしたてんきだ,,우중충한 날씨다,word,1,,,new,1,verified,
pass_n1_p015_o0382,pass_n1,일단합격JLPT완벽대비N1-단어장.pdf,pass,N1,15,382,,유의어,,曇っていて暗い,くもっていてくらい,흐리고 어둡다,曇っていて暗い,くもっていてくらい,,흐리고 어둡다,word,1,,,new,1,verified,
pass_n1_p015_o0383,pass_n1,일단합격JLPT완벽대비N1-단어장.pdf,pass,N1,15,383,,유의어,,なじむ,なじむ,"친숙해지다, 정들다",なじむ,なじむ,,"친숙해지다, 정들다",word,1,,,new,1,verified,
pass_n1_p015_o0384,pass_n1,일단합격JLPT완벽대비N1-단어장.pdf,pass,N1,15,384,,유의어,verb,慣れる,なれる,익숙해지다,慣れる,なれる,,익숙해지다,word,1,w_3b7bb6f69b70efcf,N4,exact,1,verified,
pass_n1_p015_o0385,pass_n1,일단합격JLPT완벽대비N1-단어장.pdf,pass,N1,15,385,,유의어,,はかどる,はかどる,진척되다,はかどる,はかどる,,진척되다,word,1,,,new,1,verified,
pass_n1_p015_o0386,pass_n1,일단합격JLPT완벽대비N1-단어장.pdf,pass,N1,15,386,,유의어,,順調に進む,じゅんちょうにすすむ,순조롭게 진행되다,順調に進む,じゅんちょうにすすむ,,순조롭게 진행되다,word,1,,,new,0,verified,문자 좌표 검증 완료; 선형 텍스트 레이어 순서 불일치
pass_n1_p015_o0387,pass_n1,일단합격JLPT완벽대비N1-단어장.pdf,pass,N1,15,387,,유의어,,張り合う,はりあう,"겨루다, 경쟁하다",張り合う,はりあう,,"겨루다, 경쟁하다",word,1,,,new,0,verified,문자 좌표 검증 완료; 선형 텍스트 레이어 순서 불일치
pass_n1_p015_o0388,pass_n1,일단합격JLPT완벽대비N1-단어장.pdf,pass,N1,15,388,,유의어,,競争する,きょうそうする,경쟁하다,競争する,きょうそうする,,경쟁하다,word,1,,,new,0,verified,문자 좌표 검증 완료; 선형 텍스트 레이어 순서 불일치
pass_n1_p015_o0389,pass_n1,일단합격JLPT완벽대비N1-단어장.pdf,pass,N1,15,389,,유의어,,まばらだ,まばらだ,"드문드문 있다, 듬성듬성하다",まばらだ,まばらだ,,"드문드문 있다, 듬성듬성하다",word,1,,,new,1,verified,
pass_n1_p015_o0390,pass_n1,일단합격JLPT완벽대비N1-단어장.pdf,pass,N1,15,390,,유의어,adjective,少ない,すくない,적다,少ない,すくない,,적다,word,1,w_1046b061849458f3,N5,exact,1,verified,
pass_n1_p015_o0391,pass_n1,일단합격JLPT완벽대비N1-단어장.pdf,pass,N1,15,391,,유의어,verb,見合わせる,みあわせる,보류하다,見合わせる,みあわせる,,보류하다,word,1,w_66f9326ae7b0b791,N1,exact,0,verified,문자 좌표 검증 완료; 선형 텍스트 레이어 순서 불일치
pass_n1_p015_o0392,pass_n1,일단합격JLPT완벽대비N1-단어장.pdf,pass,N1,15,392,,유의어,,中止する,ちゅうしする,중지하다,中止する,ちゅうしする,,중지하다,word,1,,,new,0,verified,문자 좌표 검증 완료; 선형 텍스트 레이어 순서 불일치
pass_n1_p015_o0393,pass_n1,일단합격JLPT완벽대비N1-단어장.pdf,pass,N1,15,393,,유의어,,やむをえず,やむをえず,어쩔 수 없이,やむをえず,やむをえず,,어쩔 수 없이,word,1,,,new,1,verified,
pass_n1_p015_o0394,pass_n1,일단합격JLPT완벽대비N1-단어장.pdf,pass,N1,15,394,,유의어,,しかたなく,しかたなく,어쩔 수 없이,しかたなく,しかたなく,,어쩔 수 없이,word,1,,,new,1,verified,
pass_n1_p015_o0395,pass_n1,일단합격JLPT완벽대비N1-단어장.pdf,pass,N1,15,395,,유의어,,ルーズな,ルーズな,"느슨한, 단정치 못한",ルーズな,ルーズな,,"느슨한, 단정치 못한",word,1,,,new,1,verified,
pass_n1_p015_o0396,pass_n1,일단합격JLPT완벽대비N1-단어장.pdf,pass,N1,15,396,,유의어,adjective,だらしない,だらしない,"단정하지 못한, 절도가 없는",だらしない,だらしない,,"단정하지 못한, 절도가 없는",word,1,w_2c0a491e51162b7d,N2,exact,1,verified,
pass_n1_p015_o0397,pass_n1,일단합격JLPT완벽대비N1-단어장.pdf,pass,N1,15,397,,유의어,,朗報,ろうほう,"낭보, 희소식",朗報,ろうほう,,"낭보, 희소식",word,1,,,new,0,verified,문자 좌표 검증 완료; 선형 텍스트 레이어 순서 불일치
pass_n1_p015_o0398,pass_n1,일단합격JLPT완벽대비N1-단어장.pdf,pass,N1,15,398,,유의어,,うれしい知らせ,うれしいしらせ,기쁜 소식,うれしい知らせ,うれしいしらせ,,기쁜 소식,word,1,,,new,0,verified,문자 좌표 검증 완료; 선형 텍스트 레이어 순서 불일치
pass_n1_p015_o0399,pass_n1,일단합격JLPT완벽대비N1-단어장.pdf,pass,N1,15,399,,유의어,,わずらわしい,わずらわしい,"성가시다, 번거롭다",わずらわしい,わずらわしい,,"성가시다, 번거롭다",word,1,,,new,1,verified,
pass_n1_p015_o0400,pass_n1,일단합격JLPT완벽대비N1-단어장.pdf,pass,N1,15,400,,유의어,,面倒だ,めんどうだ,"귀찮다, 성가시다",面倒だ,めんどうだ,,"귀찮다, 성가시다",word,1,,,new,1,verified,
pass_n1_p015_o0401,pass_n1,일단합격JLPT완벽대비N1-단어장.pdf,pass,N1,15,401,,유의어,,あっけない,あっけない,어이없다,あっけない,あっけない,,어이없다,word,1,,,new,1,verified,
pass_n1_p015_o0402,pass_n1,일단합격JLPT완벽대비N1-단어장.pdf,pass,N1,15,402,,유의어,,意外につまらない,いがいにつまらない,의외로 시시하다,意外につまらない,いがいにつまらない,,의외로 시시하다,word,1,,,new,1,verified,
pass_n1_p015_o0403,pass_n1,일단합격JLPT완벽대비N1-단어장.pdf,pass,N1,15,403,,유의어,,ありきたりの,ありきたりの,흔한,ありきたりの,ありきたりの,,흔한,word,1,,,new,1,verified,
pass_n1_p015_o0404,pass_n1,일단합격JLPT완벽대비N1-단어장.pdf,pass,N1,15,404,,유의어,,平凡な,へいぼんな,평범한,平凡な,へいぼんな,,평범한,word,1,,,new,1,verified,
pass_n1_p015_o0405,pass_n1,일단합격JLPT완벽대비N1-단어장.pdf,pass,N1,15,405,,유의어,,画期的な,かっきてきな,획기적인,画期的な,かっきてきな,,획기적인,word,1,,,new,1,verified,
pass_n1_p015_o0406,pass_n1,일단합격JLPT완벽대비N1-단어장.pdf,pass,N1,15,406,,유의어,,今までになく新しい,いままでになくあたらしい,지금까지 없이 새로운,今までになく新しい,いままでになくあたらしい,,지금까지 없이 새로운,word,1,,,new,1,verified,
pass_n1_p015_o0407,pass_n1,일단합격JLPT완벽대비N1-단어장.pdf,pass,N1,15,407,,유의어,,極力,きょくりょく,"극력, 힘껏",極力,きょくりょく,,"극력, 힘껏",word,1,,,new,0,verified,문자 좌표 검증 완료; 선형 텍스트 레이어 순서 불일치
pass_n1_p015_o0408,pass_n1,일단합격JLPT완벽대비N1-단어장.pdf,pass,N1,15,408,,유의어,,できる限り,できるかぎり,가능한 한,できる限り,できるかぎり,,가능한 한,word,1,,,new,0,verified,문자 좌표 검증 완료; 선형 텍스트 레이어 순서 불일치
pass_n1_p015_o0409,pass_n1,일단합격JLPT완벽대비N1-단어장.pdf,pass,N1,15,409,,유의어,noun,コントラスト,コントラスト,"콘트라스트, 대조, 대비",コントラスト,コントラスト,,"콘트라스트, 대조, 대비",word,1,w_4af33ecfd6bc5d49,N1,exact,1,verified,
pass_n1_p015_o0410,pass_n1,일단합격JLPT완벽대비N1-단어장.pdf,pass,N1,15,410,,유의어,noun,対比,たいひ,대비,対比,たいひ,,대비,word,1,w_118291cb3fcc9c6f,N1,exact,1,verified,
pass_n1_p015_o0411,pass_n1,일단합격JLPT완벽대비N1-단어장.pdf,pass,N1,15,411,,유의어,,シビアな,シビアな,"엄격한, 어려운",シビアな,シビアな,,"엄격한, 어려운",word,1,,,new,1,verified,
pass_n1_p015_o0412,pass_n1,일단합격JLPT완벽대비N1-단어장.pdf,pass,N1,15,412,,유의어,adjective,厳しい,きびしい,엄격하다,厳しい,きびしい,,엄격하다,word,1,w_1b23bca76df0323b,N4,exact,1,verified,
pass_n1_p015_o0413,pass_n1,일단합격JLPT완벽대비N1-단어장.pdf,pass,N1,15,413,,유의어,,重宝する,ちょうほうする,애용하다,重宝する,ちょうほうする,,애용하다,word,1,,,new,0,verified,문자 좌표 검증 완료; 선형 텍스트 레이어 순서 불일치
pass_n1_p015_o0414,pass_n1,일단합격JLPT완벽대비N1-단어장.pdf,pass,N1,15,414,,유의어,,便利で役に立つ,べんりでやくにたつ,편리해서 쓸모가 있다,便利で役に立つ,べんりでやくにたつ,,편리해서 쓸모가 있다,word,1,,,new,0,verified,문자 좌표 검증 완료; 선형 텍스트 레이어 순서 불일치
pass_n1_p016_o0415,pass_n1,일단합격JLPT완벽대비N1-단어장.pdf,pass,N1,16,415,,유의어,,手がかり,てがかり,"단서, 실마리",手がかり,てがかり,,"단서, 실마리",word,1,,,new,1,verified,
pass_n1_p016_o0416,pass_n1,일단합격JLPT완벽대비N1-단어장.pdf,pass,N1,16,416,,유의어,noun,ヒント,ヒント,힌트,ヒント,ヒント,,힌트,word,1,w_31da48090d6c10eb,N1,exact,1,verified,
pass_n1_p016_o0417,pass_n1,일단합격JLPT완벽대비N1-단어장.pdf,pass,N1,16,417,,유의어,,にわかには,にわかには,갑자기는,にわかには,にわかには,,갑자기는,word,1,,,new,1,verified,
pass_n1_p016_o0418,pass_n1,일단합격JLPT완벽대비N1-단어장.pdf,pass,N1,16,418,,유의어,,すぐには,すぐには,"바로는, 당장에는",すぐには,すぐには,,"바로는, 당장에는",word,1,,,new,1,verified,
pass_n1_p016_o0419,pass_n1,일단합격JLPT완벽대비N1-단어장.pdf,pass,N1,16,419,,유의어,,もくろむ,もくろむ,"계획하다, 꾀하다",もくろむ,もくろむ,,"계획하다, 꾀하다",word,1,,,new,1,verified,
pass_n1_p016_o0420,pass_n1,일단합격JLPT완벽대비N1-단어장.pdf,pass,N1,16,420,,유의어,,計画する,けいかくする,계획하다,計画する,けいかくする,,계획하다,word,1,,,new,1,verified,
pass_n1_p016_o0421,pass_n1,일단합격JLPT완벽대비N1-단어장.pdf,pass,N1,16,421,,유의어,,落胆する,らくたんする,낙담하다,落胆する,らくたんする,,낙담하다,word,1,,,new,1,verified,
pass_n1_p016_o0422,pass_n1,일단합격JLPT완벽대비N1-단어장.pdf,pass,N1,16,422,,유의어,,がっかりする,がっかりする,"낙담하다, 실망하다",がっかりする,がっかりする,,"낙담하다, 실망하다",word,1,,,new,1,verified,
pass_n1_p016_o0423,pass_n1,일단합격JLPT완벽대비N1-단어장.pdf,pass,N1,16,423,,유의어,,歴然としている,れきぜんとしている,"역연하다, 또렷하다",歴然としている,れきぜんとしている,,"역연하다, 또렷하다",word,1,,,new,1,verified,
pass_n1_p016_o0424,pass_n1,일단합격JLPT완벽대비N1-단어장.pdf,pass,N1,16,424,,유의어,,はっきりしている,はっきりしている,분명하다,はっきりしている,はっきりしている,,분명하다,word,1,,,new,1,verified,
pass_n1_p016_o0425,pass_n1,일단합격JLPT완벽대비N1-단어장.pdf,pass,N1,16,425,,유의어,,おっくうだ,おっくうだ,귀찮다,おっくうだ,おっくうだ,,귀찮다,word,1,,,new,1,verified,
pass_n1_p016_o0426,pass_n1,일단합격JLPT완벽대비N1-단어장.pdf,pass,N1,16,426,,유의어,,面倒だ,めんどうだ,귀찮다,面倒だ,めんどうだ,,귀찮다,word,1,,,new,1,verified,
pass_n1_p016_o0427,pass_n1,일단합격JLPT완벽대비N1-단어장.pdf,pass,N1,16,427,,유의어,,おのずと,おのずと,"저절로, 자연히",おのずと,おのずと,,"저절로, 자연히",word,1,,,new,1,verified,
pass_n1_p016_o0428,pass_n1,일단합격JLPT완벽대비N1-단어장.pdf,pass,N1,16,428,,유의어,,自然に,しぜんに,자연히,自然に,しぜんに,,자연히,word,1,,,new,1,verified,
pass_n1_p016_o0429,pass_n1,일단합격JLPT완벽대비N1-단어장.pdf,pass,N1,16,429,,유의어,,簡素だ,かんそだ,간소하다,簡素だ,かんそだ,,간소하다,word,1,,,new,1,verified,
pass_n1_p016_o0430,pass_n1,일단합격JLPT완벽대비N1-단어장.pdf,pass,N1,16,430,,유의어,,シンプルだ,シンプルだ,심플하다,シンプルだ,シンプルだ,,심플하다,word,1,,,new,1,verified,
pass_n1_p016_o0431,pass_n1,일단합격JLPT완벽대비N1-단어장.pdf,pass,N1,16,431,,유의어,,けなされる,けなされる,비난을 받다,けなされる,けなされる,,비난을 받다,word,1,,,new,1,verified,
pass_n1_p016_o0432,pass_n1,일단합격JLPT완벽대비N1-단어장.pdf,pass,N1,16,432,,유의어,,悪く言われる,わるくいわれる,나쁜 말을 듣다,悪く言われる,わるくいわれる,,나쁜 말을 듣다,word,1,,,new,1,verified,
pass_n1_p016_o0433,pass_n1,일단합격JLPT완벽대비N1-단어장.pdf,pass,N1,16,433,,유의어,adverb,しきりに,しきりに,"자꾸, 연달아",しきりに,しきりに,,"자꾸, 연달아",word,1,w_4b91c461392670d4,N3,exact,1,verified,
pass_n1_p016_o0434,pass_n1,일단합격JLPT완벽대비N1-단어장.pdf,pass,N1,16,434,,유의어,,何度も,なんども,몇 번이고,何度も,なんども,,몇 번이고,word,1,,,new,1,verified,
pass_n1_p016_o0435,pass_n1,일단합격JLPT완벽대비N1-단어장.pdf,pass,N1,16,435,,유의어,,触発される,しょくはつされる,촉발되다,触発される,しょくはつされる,,촉발되다,word,1,,,new,1,verified,
pass_n1_p016_o0436,pass_n1,일단합격JLPT완벽대비N1-단어장.pdf,pass,N1,16,436,,유의어,,刺激を受ける,しげきをうける,자극을 받다,刺激を受ける,しげきをうける,,자극을 받다,word,1,,,new,1,verified,
pass_n1_p016_o0437,pass_n1,일단합격JLPT완벽대비N1-단어장.pdf,pass,N1,16,437,,유의어,adjective,すがすがしい,すがすがしい,"상쾌하다, 시원하다",すがすがしい,すがすがしい,,"상쾌하다, 시원하다",word,1,w_690a4fa3e51077a6,N1,exact,1,verified,
pass_n1_p016_o0438,pass_n1,일단합격JLPT완벽대비N1-단어장.pdf,pass,N1,16,438,,유의어,,さわやかだ,さわやかだ,"상쾌하다, 산뜻하다",さわやかだ,さわやかだ,,"상쾌하다, 산뜻하다",word,1,,,new,1,verified,
pass_n1_p016_o0439,pass_n1,일단합격JLPT완벽대비N1-단어장.pdf,pass,N1,16,439,,유의어,,スケール,スケール,스케일,スケール,スケール,,스케일,word,1,,,new,1,verified,
pass_n1_p016_o0440,pass_n1,일단합격JLPT완벽대비N1-단어장.pdf,pass,N1,16,440,,유의어,noun,規模,きぼ,규모,規模,きぼ,,규모,word,1,w_ae827b2a3cf29980,N1,exact,1,verified,
pass_n1_p016_o0441,pass_n1,일단합격JLPT완벽대비N1-단어장.pdf,pass,N1,16,441,,유의어,,先方,せんぽう,상대,先方,せんぽう,,상대,word,1,,,new,1,verified,
pass_n1_p016_o0442,pass_n1,일단합격JLPT완벽대비N1-단어장.pdf,pass,N1,16,442,,유의어,noun,相手,あいて,상대,相手,あいて,,상대,word,1,w_4e47e651e4a63ce2,N3,exact,1,verified,
pass_n1_p016_o0443,pass_n1,일단합격JLPT완벽대비N1-단어장.pdf,pass,N1,16,443,,유의어,,断念する,だんねんする,단념하다,断念する,だんねんする,,단념하다,word,1,,,new,1,verified,
pass_n1_p016_o0444,pass_n1,일단합격JLPT완벽대비N1-단어장.pdf,pass,N1,16,444,,유의어,verb,諦める,あきらめる,포기하다,諦める,あきらめる,,포기하다,word,1,w_f8828c1e725c917d,N3,exact,1,verified,
pass_n1_p016_o0445,pass_n1,일단합격JLPT완벽대비N1-단어장.pdf,pass,N1,16,445,,유의어,,当面,とうめん,"당면, 당분간",当面,とうめん,,"당면, 당분간",word,1,,,new,1,verified,
pass_n1_p016_o0446,pass_n1,일단합격JLPT완벽대비N1-단어장.pdf,pass,N1,16,446,,유의어,adverb,しばらく,しばらく,잠시,しばらく,しばらく,,잠시,word,1,w_9a63e40ea88a885c,N4,exact,1,verified,
pass_n1_p016_o0447,pass_n1,일단합격JLPT완벽대비N1-단어장.pdf,pass,N1,16,447,,유의어,,密かに,ひそかに,은밀하게,密かに,ひそかに,,은밀하게,word,1,,,new,1,verified,
pass_n1_p016_o0448,pass_n1,일단합격JLPT완벽대비N1-단어장.pdf,pass,N1,16,448,,유의어,adverb,こっそり,こっそり,"살짝, 몰래",こっそり,こっそり,,"살짝, 몰래",word,1,w_e7ed78ebf1aa1734,N2,exact,1,verified,
pass_n1_p016_o0449,pass_n1,일단합격JLPT완벽대비N1-단어장.pdf,pass,N1,16,449,,유의어,,あらかじめ,あらかじめ,미리,あらかじめ,あらかじめ,,미리,word,1,,,new,1,verified,
pass_n1_p016_o0450,pass_n1,일단합격JLPT완벽대비N1-단어장.pdf,pass,N1,16,450,,유의어,,事前に,じぜんに,사전에,事前に,じぜんに,,사전에,word,1,,,new,1,verified,
pass_n1_p016_o0451,pass_n1,일단합격JLPT완벽대비N1-단어장.pdf,pass,N1,16,451,,유의어,,裏づけ,うらづけ,"뒷받침, 증거",裏づけ,うらづけ,,"뒷받침, 증거",word,1,,,new,1,verified,
pass_n1_p017_o0452,pass_n1,일단합격JLPT완벽대비N1-단어장.pdf,pass,N1,17,452,,유의어,noun,証拠,しょうこ,증거,証拠,しょうこ,,증거,word,1,w_601703d4df132335,N1,exact,1,verified,
pass_n1_p017_o0453,pass_n1,일단합격JLPT완벽대비N1-단어장.pdf,pass,N1,17,453,,유의어,,おおむね,おおむね,"대체로, 대강",おおむね,おおむね,,"대체로, 대강",word,1,,,new,1,verified,
pass_n1_p017_o0454,pass_n1,일단합격JLPT완벽대비N1-단어장.pdf,pass,N1,17,454,,유의어,adverb,大体,だいたい,대체로,大体,だいたい,,대체로,word,1,w_ce2b7c1de446f647,N4,exact,1,verified,
pass_n1_p017_o0455,pass_n1,일단합격JLPT완벽대비N1-단어장.pdf,pass,N1,17,455,,유의어,,仰天する,ぎょうてんする,"경악하다, 몹시 놀라다",仰天する,ぎょうてんする,,"경악하다, 몹시 놀라다",word,1,,,new,1,verified,
pass_n1_p017_o0456,pass_n1,일단합격JLPT완벽대비N1-단어장.pdf,pass,N1,17,456,,유의어,,とても驚く,とてもおどろく,매우 놀라다,とても驚く,とてもおどろく,,매우 놀라다,word,1,,,new,1,verified,
pass_n1_p017_o0457,pass_n1,일단합격JLPT완벽대비N1-단어장.pdf,pass,N1,17,457,,유의어,adverb,ことごとく,ことごとく,전부,ことごとく,ことごとく,,전부,word,1,w_d8a0ad165c123102,N1,exact,1,verified,
pass_n1_p017_o0458,pass_n1,일단합격JLPT완벽대비N1-단어장.pdf,pass,N1,17,458,,유의어,,すべて,すべて,전부,すべて,すべて,,전부,word,1,,,new,1,verified,
pass_n1_p017_o0459,pass_n1,일단합격JLPT완벽대비N1-단어장.pdf,pass,N1,17,459,,유의어,,雑踏,ざっとう,혼잡,雑踏,ざっとう,,혼잡,word,1,,,new,1,verified,
pass_n1_p017_o0460,pass_n1,일단합격JLPT완벽대비N1-단어장.pdf,pass,N1,17,460,,유의어,,人込み,ひとごみ,"혼잡, 북새통",人込み,ひとごみ,,"혼잡, 북새통",word,1,,,new,1,verified,
pass_n1_p017_o0461,pass_n1,일단합격JLPT완벽대비N1-단어장.pdf,pass,N1,17,461,,유의어,,従来の,じゅうらいの,종래의,従来の,じゅうらいの,,종래의,word,1,,,new,1,verified,
pass_n1_p017_o0462,pass_n1,일단합격JLPT완벽대비N1-단어장.pdf,pass,N1,17,462,,유의어,,これまでの,これまでの,지금까지의,これまでの,これまでの,,지금까지의,word,1,,,new,1,verified,
pass_n1_p017_o0463,pass_n1,일단합격JLPT완벽대비N1-단어장.pdf,pass,N1,17,463,,유의어,,すべ,すべ,방법,すべ,すべ,,방법,word,1,,,new,1,verified,
pass_n1_p017_o0464,pass_n1,일단합격JLPT완벽대비N1-단어장.pdf,pass,N1,17,464,,유의어,noun,方法,ほうほう,방법,方法,ほうほう,,방법,word,1,w_57420260388d1a97,N3,exact,1,verified,
pass_n1_p017_o0465,pass_n1,일단합격JLPT완벽대비N1-단어장.pdf,pass,N1,17,465,,유의어,,せかす,せかす,재촉하다,せかす,せかす,,재촉하다,word,1,,,new,1,verified,
pass_n1_p017_o0466,pass_n1,일단합격JLPT완벽대비N1-단어장.pdf,pass,N1,17,466,,유의어,,急がせる,いそがせる,서두르게 하다,急がせる,いそがせる,,서두르게 하다,word,1,,,new,0,verified,문자 좌표 검증 완료; 선형 텍스트 레이어 순서 불일치
pass_n1_p017_o0467,pass_n1,일단합격JLPT완벽대비N1-단어장.pdf,pass,N1,17,467,,유의어,,バックアップ,バックアップ,"백업, 지원",バックアップ,バックアップ,,"백업, 지원",word,1,,,new,1,verified,
pass_n1_p017_o0468,pass_n1,일단합격JLPT완벽대비N1-단어장.pdf,pass,N1,17,468,,유의어,,支援,しえん,지원,支援,しえん,,지원,word,1,,,new,0,verified,문자 좌표 검증 완료; 선형 텍스트 레이어 순서 불일치
pass_n1_p017_o0469,pass_n1,일단합격JLPT완벽대비N1-단어장.pdf,pass,N1,17,469,,유의어,,抜群だ,ばつぐんだ,"발군이다, 뛰어나다",抜群だ,ばつぐんだ,,"발군이다, 뛰어나다",word,1,,,new,0,verified,문자 좌표 검증 완료; 선형 텍스트 레이어 순서 불일치
pass_n1_p017_o0470,pass_n1,일단합격JLPT완벽대비N1-단어장.pdf,pass,N1,17,470,,유의어,,他と比べて特によい,ほかとくらべてとくによい,다른 것과 비교하여 특히 좋다,他と比べて特によい,ほかとくらべてとくによい,,다른 것과 비교하여 특히 좋다,word,1,,,new,1,verified,
pass_n1_p017_o0471,pass_n1,일단합격JLPT완벽대비N1-단어장.pdf,pass,N1,17,471,,유의어,,メカニズム,メカニズム,메커니즘,メカニズム,メカニズム,,메커니즘,word,1,,,new,1,verified,
pass_n1_p017_o0472,pass_n1,일단합격JLPT완벽대비N1-단어장.pdf,pass,N1,17,472,,유의어,,仕組み,しくみ,구조,仕組み,しくみ,,구조,word,1,,,new,1,verified,
pass_n1_p017_o0473,pass_n1,일단합격JLPT완벽대비N1-단어장.pdf,pass,N1,17,473,,유의어,adverb,案の定,あんのじょう,"역시, 예상대로",案の定,あんのじょう,,"역시, 예상대로",word,1,w_0dd1265be1f3b283,N1,exact,1,verified,
pass_n1_p017_o0474,pass_n1,일단합격JLPT완벽대비N1-단어장.pdf,pass,N1,17,474,,유의어,adverb,やはり,やはり,역시,やはり,やはり,,역시,word,1,w_bf03a7c1b0d7b64c,N4,exact,1,verified,
pass_n1_p017_o0475,pass_n1,일단합격JLPT완벽대비N1-단어장.pdf,pass,N1,17,475,,유의어,adverb,いたって,いたって,지극히,いたって,いたって,,지극히,word,1,w_82f52f595b1292d7,N1,exact,1,verified,
pass_n1_p017_o0476,pass_n1,일단합격JLPT완벽대비N1-단어장.pdf,pass,N1,17,476,,유의어,adverb,非常に,ひじょうに,"매우, 몹시",非常に,ひじょうに,,"매우, 몹시",word,1,w_e19bb44678c7262b,N4,exact,1,verified,
pass_n1_p017_o0477,pass_n1,일단합격JLPT완벽대비N1-단어장.pdf,pass,N1,17,477,,유의어,verb,打ち込む,うちこむ,"몰입하다, 몰두하다",打ち込む,うちこむ,,"몰입하다, 몰두하다",word,1,w_f5b156d34a2300a2,N1,exact,1,verified,
pass_n1_p017_o0478,pass_n1,일단합격JLPT완벽대비N1-단어장.pdf,pass,N1,17,478,,유의어,,熱心に取り組む,ねっしんにとりくむ,열심히 몰두하다,熱心に取り組む,ねっしんにとりくむ,,열심히 몰두하다,word,1,,,new,1,verified,
pass_n1_p017_o0479,pass_n1,일단합격JLPT완벽대비N1-단어장.pdf,pass,N1,17,479,,유의어,,お手上げだ,おてあげだ,"두 손 들었다, 속수무책이다",お手上げだ,おてあげだ,,"두 손 들었다, 속수무책이다",word,1,,,new,1,verified,
pass_n1_p017_o0480,pass_n1,일단합격JLPT완벽대비N1-단어장.pdf,pass,N1,17,480,,유의어,,どうしようもない,どうしようもない,어쩔 방법이 없다,どうしようもない,どうしようもない,,어쩔 방법이 없다,word,1,,,new,1,verified,
pass_n1_p017_o0481,pass_n1,일단합격JLPT완벽대비N1-단어장.pdf,pass,N1,17,481,,유의어,,回想する,かいそうする,회상하다,回想する,かいそうする,,회상하다,word,1,,,new,1,verified,
pass_n1_p017_o0482,pass_n1,일단합격JLPT완벽대비N1-단어장.pdf,pass,N1,17,482,,유의어,,思い返す,おもいかえす,돌아보다,思い返す,おもいかえす,,돌아보다,word,1,,,new,0,verified,문자 좌표 검증 완료; 선형 텍스트 레이어 순서 불일치
pass_n1_p017_o0483,pass_n1,일단합격JLPT완벽대비N1-단어장.pdf,pass,N1,17,483,,유의어,,格段に,かくだんに,현격하게,格段に,かくだんに,,현격하게,word,1,,,new,1,verified,
pass_n1_p017_o0484,pass_n1,일단합격JLPT완벽대비N1-단어장.pdf,pass,N1,17,484,,유의어,,大幅に,おおはばに,대폭적으로,大幅に,おおはばに,,대폭적으로,word,1,,,new,0,verified,문자 좌표 검증 완료; 선형 텍스트 레이어 순서 불일치
pass_n1_p017_o0485,pass_n1,일단합격JLPT완벽대비N1-단어장.pdf,pass,N1,17,485,,유의어,,気掛かり,きがかり,"걱정, 근심",気掛かり,きがかり,,"걱정, 근심",word,1,,,new,0,verified,문자 좌표 검증 완료; 선형 텍스트 레이어 순서 불일치
pass_n1_p017_o0486,pass_n1,일단합격JLPT완벽대비N1-단어장.pdf,pass,N1,17,486,,유의어,,心配,しんぱい,"걱정, 근심",心配,しんぱい,,"걱정, 근심",word,1,,,surface_only,1,verified,
pass_n1_p018_o0487,pass_n1,일단합격JLPT완벽대비N1-단어장.pdf,pass,N1,18,487,,유의어,,ストレートに,ストレートに,직설적으로,ストレートに,ストレートに,,직설적으로,word,1,,,new,1,verified,
pass_n1_p018_o0488,pass_n1,일단합격JLPT완벽대비N1-단어장.pdf,pass,N1,18,488,,유의어,,率直に,そっちょくに,솔직하게,率直に,そっちょくに,,솔직하게,word,1,,,new,1,verified,
pass_n1_p018_o0489,pass_n1,일단합격JLPT완벽대비N1-단어장.pdf,pass,N1,18,489,,유의어,,手分けする,てわけする,분담하다,手分けする,てわけする,,분담하다,word,1,,,new,1,verified,
pass_n1_p018_o0490,pass_n1,일단합격JLPT완벽대비N1-단어장.pdf,pass,N1,18,490,,유의어,,分担する,ぶんたんする,분담하다,分担する,ぶんたんする,,분담하다,word,1,,,new,1,verified,
pass_n1_p018_o0491,pass_n1,일단합격JLPT완벽대비N1-단어장.pdf,pass,N1,18,491,,유의어,,不用意な,ふよういな,부주의한,不用意な,ふよういな,,부주의한,word,1,,,new,1,verified,
pass_n1_p018_o0492,pass_n1,일단합격JLPT완벽대비N1-단어장.pdf,pass,N1,18,492,,유의어,,不注意な,ふちゅういな,부주의한,不注意な,ふちゅういな,,부주의한,word,1,,,new,1,verified,
pass_n1_p018_o0493,pass_n1,일단합격JLPT완벽대비N1-단어장.pdf,pass,N1,18,493,,유의어,,無償,むしょう,무상,無償,むしょう,,무상,word,1,,,new,1,verified,
pass_n1_p018_o0494,pass_n1,일단합격JLPT완벽대비N1-단어장.pdf,pass,N1,18,494,,유의어,,ただ,ただ,"공짜, 무료",ただ,ただ,,"공짜, 무료",word,1,,,new,1,verified,
pass_n1_p018_o0495,pass_n1,일단합격JLPT완벽대비N1-단어장.pdf,pass,N1,18,495,,유의어,,厄介な,やっかいな,귀찮은,厄介な,やっかいな,,귀찮은,word,1,,,new,1,verified,
pass_n1_p018_o0496,pass_n1,일단합격JLPT완벽대비N1-단어장.pdf,pass,N1,18,496,,유의어,,面倒な,めんどうな,귀찮은,面倒な,めんどうな,,귀찮은,word,1,,,new,1,verified,
pass_n1_p018_o0497,pass_n1,일단합격JLPT완벽대비N1-단어장.pdf,pass,N1,18,497,,유의어,verb,ありふれる,ありふれる,흔하다,ありふれる,ありふれる,,흔하다,word,1,w_cfdebd5aab551258,N1,exact,1,verified,
pass_n1_p018_o0498,pass_n1,일단합격JLPT완벽대비N1-단어장.pdf,pass,N1,18,498,,유의어,,平凡だ,へいぼんだ,평범하다,平凡だ,へいぼんだ,,평범하다,word,1,,,new,1,verified,
pass_n1_p018_o0499,pass_n1,일단합격JLPT완벽대비N1-단어장.pdf,pass,N1,18,499,,유의어,,糸口,いとぐち,실마리,糸口,いとぐち,,실마리,word,1,,,new,1,verified,
pass_n1_p018_o0500,pass_n1,일단합격JLPT완벽대비N1-단어장.pdf,pass,N1,18,500,,유의어,noun,ヒント,ヒント,힌트,ヒント,ヒント,,힌트,word,1,w_31da48090d6c10eb,N1,exact,1,verified,
pass_n1_p018_o0501,pass_n1,일단합격JLPT완벽대비N1-단어장.pdf,pass,N1,18,501,,유의어,,うろたえる,うろたえる,"허둥거리다, 당황하다",うろたえる,うろたえる,,"허둥거리다, 당황하다",word,1,,,new,1,verified,
pass_n1_p018_o0502,pass_n1,일단합격JLPT완벽대비N1-단어장.pdf,pass,N1,18,502,,유의어,verb,慌てる,あわてる,"당황하다, 허둥지둥하다",慌てる,あわてる,,"당황하다, 허둥지둥하다",word,1,w_70953a9f6c527285,N3,exact,1,verified,
pass_n1_p018_o0503,pass_n1,일단합격JLPT완벽대비N1-단어장.pdf,pass,N1,18,503,,유의어,,クレーム,クレーム,클레임,クレーム,クレーム,,클레임,word,1,,,new,1,verified,
pass_n1_p018_o0504,pass_n1,일단합격JLPT완벽대비N1-단어장.pdf,pass,N1,18,504,,유의어,noun,苦情,くじょう,"클레임, 불만",苦情,くじょう,,"클레임, 불만",word,1,w_a46e36484d77ba86,N2,exact,1,verified,
pass_n1_p018_o0505,pass_n1,일단합격JLPT완벽대비N1-단어장.pdf,pass,N1,18,505,,유의어,,互角だ,ごかくだ,"호각이다, 백중세다",互角だ,ごかくだ,,"호각이다, 백중세다",word,1,,,new,1,verified,
pass_n1_p018_o0506,pass_n1,일단합격JLPT완벽대비N1-단어장.pdf,pass,N1,18,506,,유의어,,大体同じだ,だいたいおなじだ,대체로 같다,大体同じだ,だいたいおなじだ,,대체로 같다,word,1,,,new,1,verified,
pass_n1_p018_o0507,pass_n1,일단합격JLPT완벽대비N1-단어장.pdf,pass,N1,18,507,,유의어,noun,誇張,こちょう,과장(사실보다 크게 부풀림),誇張,こちょう,,과장(사실보다 크게 부풀림),word,1,w_a9a24bca57b28307,N1,exact,1,verified,
pass_n1_p018_o0508,pass_n1,일단합격JLPT완벽대비N1-단어장.pdf,pass,N1,18,508,,유의어,,大げさ,おおげさ,"과장, 호들갑",大げさ,おおげさ,,"과장, 호들갑",word,1,,,new,1,verified,
pass_n1_p018_o0509,pass_n1,일단합격JLPT완벽대비N1-단어장.pdf,pass,N1,18,509,,유의어,,錯覚する,さっかくする,착각하다,錯覚する,さっかくする,,착각하다,word,1,,,new,1,verified,
pass_n1_p018_o0510,pass_n1,일단합격JLPT완벽대비N1-단어장.pdf,pass,N1,18,510,,유의어,,勘違いする,かんちがいする,착각하다,勘違いする,かんちがいする,,착각하다,word,1,,,new,1,verified,
pass_n1_p018_o0511,pass_n1,일단합격JLPT완벽대비N1-단어장.pdf,pass,N1,18,511,,유의어,,殺到する,さっとうする,쇄도하다,殺到する,さっとうする,,쇄도하다,word,1,,,new,1,verified,
pass_n1_p018_o0512,pass_n1,일단합격JLPT완벽대비N1-단어장.pdf,pass,N1,18,512,,유의어,,一度に大勢来る,いちどにおおぜいくる,한꺼번에 많이 몰려들다,一度に大勢来る,いちどにおおぜいくる,,한꺼번에 많이 몰려들다,word,1,,,new,1,verified,
pass_n1_p018_o0513,pass_n1,일단합격JLPT완벽대비N1-단어장.pdf,pass,N1,18,513,,유의어,verb,仕上がる,しあがる,"마무리되다, 완성되다",仕上がる,しあがる,,"마무리되다, 완성되다",word,1,w_6e2910d8d4a26c4c,N2,exact,1,verified,
pass_n1_p018_o0514,pass_n1,일단합격JLPT완벽대비N1-단어장.pdf,pass,N1,18,514,,유의어,,完成する,かんせいする,완성되다,完成する,かんせいする,,완성되다,word,1,,,new,1,verified,
pass_n1_p018_o0515,pass_n1,일단합격JLPT완벽대비N1-단어장.pdf,pass,N1,18,515,,유의어,noun,助言,じょげん,조언,助言,じょげん,,조언,word,1,w_0d0185be308c882f,N1,exact,1,verified,
pass_n1_p018_o0516,pass_n1,일단합격JLPT완벽대비N1-단어장.pdf,pass,N1,18,516,,유의어,,アドバイス,アドバイス,"조언, 충고",アドバイス,アドバイス,,"조언, 충고",word,1,,,new,1,verified,
pass_n1_p018_o0517,pass_n1,일단합격JLPT완벽대비N1-단어장.pdf,pass,N1,18,517,,유의어,,不意に,ふいに,갑자기,不意に,ふいに,,갑자기,word,1,,,new,1,verified,
pass_n1_p018_o0518,pass_n1,일단합격JLPT완벽대비N1-단어장.pdf,pass,N1,18,518,,유의어,adjective,突然,とつぜん,돌연,突然,とつぜん,,돌연,word,1,w_778db150e15994d8,N3,exact,1,verified,
pass_n1_p018_o0519,pass_n1,일단합격JLPT완벽대비N1-단어장.pdf,pass,N1,18,519,,유의어,,弁解する,べんかいする,변명하다,弁解する,べんかいする,,변명하다,word,1,,,new,1,verified,
pass_n1_p018_o0520,pass_n1,일단합격JLPT완벽대비N1-단어장.pdf,pass,N1,18,520,,유의어,,言い訳する,いいわけする,변명하다,言い訳する,いいわけする,,변명하다,word,1,,,new,1,verified,
pass_n1_p018_o0521,pass_n1,일단합격JLPT완벽대비N1-단어장.pdf,pass,N1,18,521,,유의어,,安堵する,あんどする,안도하다,安堵する,あんどする,,안도하다,word,1,,,new,1,verified,
pass_n1_p018_o0522,pass_n1,일단합격JLPT완벽대비N1-단어장.pdf,pass,N1,18,522,,유의어,,ほっとする,ほっとする,안심하다,ほっとする,ほっとする,,안심하다,word,1,,,new,1,verified,
pass_n1_p018_o0523,pass_n1,일단합격JLPT완벽대비N1-단어장.pdf,pass,N1,18,523,,유의어,,意気込み,いきごみ,"열의, 패기",意気込み,いきごみ,,"열의, 패기",word,1,,,new,1,verified,
pass_n1_p019_o0524,pass_n1,일단합격JLPT완벽대비N1-단어장.pdf,pass,N1,19,524,,유의어,noun,意欲,いよく,의욕,意欲,いよく,,의욕,word,1,w_bcc508128b2b031b,N1,exact,1,verified,
pass_n1_p019_o0525,pass_n1,일단합격JLPT완벽대비N1-단어장.pdf,pass,N1,19,525,,유의어,,おびえる,おびえる,겁을 내다,おびえる,おびえる,,겁을 내다,word,1,,,new,1,verified,
pass_n1_p019_o0526,pass_n1,일단합격JLPT완벽대비N1-단어장.pdf,pass,N1,19,526,,유의어,,怖がる,こわがる,무서워하다,怖がる,こわがる,,무서워하다,word,1,,,new,1,verified,
pass_n1_p019_o0527,pass_n1,일단합격JLPT완벽대비N1-단어장.pdf,pass,N1,19,527,,유의어,,かねがね,かねがね,전부터,かねがね,かねがね,,전부터,word,1,,,new,1,verified,
pass_n1_p019_o0528,pass_n1,일단합격JLPT완벽대비N1-단어장.pdf,pass,N1,19,528,,유의어,,以前から,いぜんから,이전부터,以前から,いぜんから,,이전부터,word,1,,,new,1,verified,
pass_n1_p019_o0529,pass_n1,일단합격JLPT완벽대비N1-단어장.pdf,pass,N1,19,529,,유의어,adverb,かろうじて,かろうじて,"겨우, 간신히",かろうじて,かろうじて,,"겨우, 간신히",word,1,w_aa1c390b5fd9a754,N1,exact,1,verified,
pass_n1_p019_o0530,pass_n1,일단합격JLPT완벽대비N1-단어장.pdf,pass,N1,19,530,,유의어,,何とか,なんとか,그럭저럭,何とか,なんとか,,그럭저럭,word,1,,,new,1,verified,
pass_n1_p019_o0531,pass_n1,일단합격JLPT완벽대비N1-단어장.pdf,pass,N1,19,531,,유의어,,故意に,こいに,고의로,故意に,こいに,,고의로,word,1,,,new,1,verified,
pass_n1_p019_o0532,pass_n1,일단합격JLPT완벽대비N1-단어장.pdf,pass,N1,19,532,,유의어,adverb,わざと,わざと,일부러,わざと,わざと,,일부러,word,1,w_c44d9c0b597af16a,N3,exact,1,verified,
pass_n1_p019_o0533,pass_n1,일단합격JLPT완벽대비N1-단어장.pdf,pass,N1,19,533,,유의어,,ささいな,ささいな,사소한,ささいな,ささいな,,사소한,word,1,,,new,1,verified,
pass_n1_p019_o0534,pass_n1,일단합격JLPT완벽대비N1-단어장.pdf,pass,N1,19,534,,유의어,,小さな,ちいさな,작은,小さな,ちいさな,,작은,word,1,,,new,1,verified,
pass_n1_p019_o0535,pass_n1,일단합격JLPT완벽대비N1-단어장.pdf,pass,N1,19,535,,유의어,noun,自尊心,じそんしん,자존심,自尊心,じそんしん,,자존심,word,1,w_054c4f57910a56ed,N1,exact,1,verified,
pass_n1_p019_o0536,pass_n1,일단합격JLPT완벽대비N1-단어장.pdf,pass,N1,19,536,,유의어,,プライド,プライド,프라이드,プライド,プライド,,프라이드,word,1,,,new,1,verified,
pass_n1_p019_o0537,pass_n1,일단합격JLPT완벽대비N1-단어장.pdf,pass,N1,19,537,,유의어,,戸惑う,とまどう,"어리둥절해하다, 당황하다",戸惑う,とまどう,,"어리둥절해하다, 당황하다",word,1,,,new,1,verified,
pass_n1_p019_o0538,pass_n1,일단합격JLPT완벽대비N1-단어장.pdf,pass,N1,19,538,,유의어,verb,困る,こまる,곤란하다,困る,こまる,,곤란하다,word,1,w_00fd5c7d88fb19d3,N5,exact,0,verified,문자 좌표 검증 완료; 선형 텍스트 레이어 순서 불일치
pass_n1_p019_o0539,pass_n1,일단합격JLPT완벽대비N1-단어장.pdf,pass,N1,19,539,,유의어,,端的に,たんてきに,단적으로,端的に,たんてきに,,단적으로,word,1,,,new,0,verified,문자 좌표 검증 완료; 선형 텍스트 레이어 순서 불일치
pass_n1_p019_o0540,pass_n1,일단합격JLPT완벽대비N1-단어장.pdf,pass,N1,19,540,,유의어,,明白に,めいはくに,명백하게,明白に,めいはくに,,명백하게,word,1,,,new,0,verified,문자 좌표 검증 완료; 선형 텍스트 레이어 순서 불일치
pass_n1_p019_o0541,pass_n1,일단합격JLPT완벽대비N1-단어장.pdf,pass,N1,19,541,,유의어,,わずらわしい,わずらわしい,번거로운,わずらわしい,わずらわしい,,번거로운,word,1,,,new,1,verified,
pass_n1_p019_o0542,pass_n1,일단합격JLPT완벽대비N1-단어장.pdf,pass,N1,19,542,,유의어,,面倒な,めんどうな,귀찮은,面倒な,めんどうな,,귀찮은,word,1,,,new,0,verified,문자 좌표 검증 완료; 선형 텍스트 레이어 순서 불일치
pass_n1_p019_o0543,pass_n1,일단합격JLPT완벽대비N1-단어장.pdf,pass,N1,19,543,,유의어,verb,詫びる,わびる,사과하다,詫びる,わびる,,사과하다,word,1,w_bc2cf649c98268c3,N2,exact,1,verified,
pass_n1_p019_o0544,pass_n1,일단합격JLPT완벽대비N1-단어장.pdf,pass,N1,19,544,,유의어,verb,謝る,あやまる,사과하다,謝る,あやまる,,사과하다,word,1,w_40d9c28d25a9a53e,N4,exact,1,verified,
pass_n1_p019_o0545,pass_n1,일단합격JLPT완벽대비N1-단어장.pdf,pass,N1,19,545,,유의어,,うすうす,うすうす,"희미하게, 어렴풋이",うすうす,うすうす,,"희미하게, 어렴풋이",word,1,,,new,1,verified,
pass_n1_p019_o0546,pass_n1,일단합격JLPT완벽대비N1-단어장.pdf,pass,N1,19,546,,유의어,adverb,なんとなく,なんとなく,"왠지 모르게, 어쩐지",なんとなく,なんとなく,,"왠지 모르게, 어쩐지",word,1,w_9ab22525169e4b3d,N2,exact,1,verified,
pass_n1_p019_o0547,pass_n1,일단합격JLPT완벽대비N1-단어장.pdf,pass,N1,19,547,,유의어,,照会する,しょうかいする,조회하다,照会する,しょうかいする,,조회하다,word,1,,,new,1,verified,
pass_n1_p019_o0548,pass_n1,일단합격JLPT완벽대비N1-단어장.pdf,pass,N1,19,548,,유의어,,問い合わせる,といわせる,문의하다,問い合わせる,といわせる,,문의하다,word,1,,,surface_only,1,verified,
pass_n1_p019_o0549,pass_n1,일단합격JLPT완벽대비N1-단어장.pdf,pass,N1,19,549,,유의어,,難点,なんてん,난점,難点,なんてん,,난점,word,1,,,new,1,verified,
pass_n1_p019_o0550,pass_n1,일단합격JLPT완벽대비N1-단어장.pdf,pass,N1,19,550,,유의어,,不安なところ,ふあんなところ,불안한 점,不安なところ,ふあんなところ,,불안한 점,word,1,,,new,1,verified,
pass_n1_p019_o0551,pass_n1,일단합격JLPT완벽대비N1-단어장.pdf,pass,N1,19,551,,유의어,,入念に,にゅうねんに,"꼼꼼하게, 정성들여",入念に,にゅうねんに,,"꼼꼼하게, 정성들여",word,1,,,new,1,verified,
pass_n1_p019_o0552,pass_n1,일단합격JLPT완벽대비N1-단어장.pdf,pass,N1,19,552,,유의어,,細かく丁寧に,こまかくていねいに,섬세하고 정성껏,細かく丁寧に,こまかくていねいに,,섬세하고 정성껏,word,1,,,new,1,verified,
pass_n1_p019_o0553,pass_n1,일단합격JLPT완벽대비N1-단어장.pdf,pass,N1,19,553,,유의어,,粘り強く,ねばりづよく,끈기 있게,粘り強く,ねばりづよく,,끈기 있게,word,1,,,new,1,verified,
pass_n1_p019_o0554,pass_n1,일단합격JLPT완벽대비N1-단어장.pdf,pass,N1,19,554,,유의어,,あきらめずに,あきらめずに,포기하지 않고,あきらめずに,あきらめずに,,포기하지 않고,word,1,,,new,1,verified,
pass_n1_p019_o0555,pass_n1,일단합격JLPT완벽대비N1-단어장.pdf,pass,N1,19,555,,유의어,,むっとする,むっとする,부루퉁해지다,むっとする,むっとする,,부루퉁해지다,word,1,,,new,1,verified,
pass_n1_p019_o0556,pass_n1,일단합격JLPT완벽대비N1-단어장.pdf,pass,N1,19,556,,유의어,,怒ったような顔をする,おこったようなかおをする,화가 난 듯한 얼굴을 하다,怒ったような顔をする,おこったようなかおをする,,화가 난 듯한 얼굴을 하다,word,1,,,new,1,verified,
pass_n1_p019_o0557,pass_n1,일단합격JLPT완벽대비N1-단어장.pdf,pass,N1,19,557,,유의어,,抱負,ほうふ,포부,抱負,ほうふ,,포부,word,1,,,new,1,verified,
pass_n1_p019_o0558,pass_n1,일단합격JLPT완벽대비N1-단어장.pdf,pass,N1,19,558,,유의어,noun,決意,けつい,결의,決意,けつい,,결의,word,1,w_c8ab1d6155672f6e,N1,exact,1,verified,
pass_n1_p019_o0559,pass_n1,일단합격JLPT완벽대비N1-단어장.pdf,pass,N1,19,559,,유의어,noun,ゆとり,ゆとり,여유,ゆとり,ゆとり,,여유,word,1,w_f628f0f0985057a9,N1,exact,1,verified,
pass_n1_p019_o0560,pass_n1,일단합격JLPT완벽대비N1-단어장.pdf,pass,N1,19,560,,유의어,noun,余裕,よゆう,여유,余裕,よゆう,,여유,word,1,w_a1775fab8d16545f,N3,exact,1,verified,
pass_n1_p020_o0561,pass_n1,일단합격JLPT완벽대비N1-단어장.pdf,pass,N1,20,561,,유의어,adjective,若干,じゃっかん,약간,若干,じゃっかん,,약간,word,1,w_1c381ad6f26542d9,N1,exact,1,verified,
pass_n1_p020_o0562,pass_n1,일단합격JLPT완벽대비N1-단어장.pdf,pass,N1,20,562,,유의어,,わずかに,わずかに,아주 조금,わずかに,わずかに,,아주 조금,word,1,,,new,1,verified,
pass_n1_p020_o0563,pass_n1,일단합격JLPT완벽대비N1-단어장.pdf,pass,N1,20,563,,유의어,,撤回する,てっかいする,철회하다,撤回する,てっかいする,,철회하다,word,1,,,new,1,verified,
pass_n1_p020_o0564,pass_n1,일단합격JLPT완벽대비N1-단어장.pdf,pass,N1,20,564,,유의어,verb,取り消す,とりけす,취소하다,取り消す,とりけす,,취소하다,word,1,w_27b4eb4ed5d3fe45,N2,exact,1,verified,
pass_n1_p020_o0565,pass_n1,일단합격JLPT완벽대비N1-단어장.pdf,pass,N1,20,565,,유의어,,張り合う,はりあう,경쟁하다,張り合う,はりあう,,경쟁하다,word,1,,,new,1,verified,
pass_n1_p020_o0566,pass_n1,일단합격JLPT완벽대비N1-단어장.pdf,pass,N1,20,566,,유의어,,競い合う,きそいあう,경합하다,競い合う,きそいあう,,경합하다,word,1,,,new,1,verified,
pass_n1_p020_o0567,pass_n1,일단합격JLPT완벽대비N1-단어장.pdf,pass,N1,20,567,,유의어,,かたくなな,かたくなな,고집이 센,かたくなな,かたくなな,,고집이 센,word,1,,,new,1,verified,
pass_n1_p020_o0568,pass_n1,일단합격JLPT완벽대비N1-단어장.pdf,pass,N1,20,568,,유의어,,頑固な,がんこな,완고한,頑固な,がんこな,,완고한,word,1,,,new,1,verified,
pass_n1_p020_o0569,pass_n1,일단합격JLPT완벽대비N1-단어장.pdf,pass,N1,20,569,,유의어,,すみやかに,すみやかに,신속히,すみやかに,すみやかに,,신속히,word,1,,,new,1,verified,
pass_n1_p020_o0570,pass_n1,일단합격JLPT완벽대비N1-단어장.pdf,pass,N1,20,570,,유의어,,できるだけ早く,できるだけはやく,가능한 한 빨리,できるだけ早く,できるだけはやく,,가능한 한 빨리,word,1,,,new,1,verified,
pass_n1_p020_o0571,pass_n1,일단합격JLPT완벽대비N1-단어장.pdf,pass,N1,20,571,,유의어,,漠然としている,ばくぜんとしている,막연하다,漠然としている,ばくぜんとしている,,막연하다,word,1,,,new,1,verified,
pass_n1_p020_o0572,pass_n1,일단합격JLPT완벽대비N1-단어장.pdf,pass,N1,20,572,,유의어,,ぼんやりしている,ぼんやりしている,분명하지 않다,ぼんやりしている,ぼんやりしている,,분명하지 않다,word,1,,,new,1,verified,
pass_n1_p020_o0573,pass_n1,일단합격JLPT완벽대비N1-단어장.pdf,pass,N1,20,573,,유의어,,妨害する,ぼうがいする,방해하다,妨害する,ぼうがいする,,방해하다,word,1,,,new,1,verified,
pass_n1_p020_o0574,pass_n1,일단합격JLPT완벽대비N1-단어장.pdf,pass,N1,20,574,,유의어,,じゃまする,じゃまする,"방해하다, 훼방 놓다",じゃまする,じゃまする,,"방해하다, 훼방 놓다",word,1,,,new,1,verified,
pass_n1_p020_o0575,pass_n1,일단합격JLPT완벽대비N1-단어장.pdf,pass,N1,20,575,,유의어,,エレガントな,エレガントな,"우아한, 고상한",エレガントな,エレガントな,,"우아한, 고상한",word,1,,,new,1,verified,
pass_n1_p020_o0576,pass_n1,일단합격JLPT완벽대비N1-단어장.pdf,pass,N1,20,576,,유의어,,上品な,じょうひんな,"고상한, 품위 있는",上品な,じょうひんな,,"고상한, 품위 있는",word,1,,,new,1,verified,
pass_n1_p020_o0577,pass_n1,일단합격JLPT완벽대비N1-단어장.pdf,pass,N1,20,577,,유의어,,つかの間の,つかのまの,"짧은, 잠깐 동안의",つかの間の,つかのまの,,"짧은, 잠깐 동안의",word,1,,,new,1,verified,
pass_n1_p020_o0578,pass_n1,일단합격JLPT완벽대비N1-단어장.pdf,pass,N1,20,578,,유의어,adjective,短い,みじかい,짧은,短い,みじかい,,짧은,word,1,w_5d43a43a022e32bd,N5,exact,1,verified,
pass_n1_p020_o0579,pass_n1,일단합격JLPT완벽대비N1-단어장.pdf,pass,N1,20,579,,유의어,verb,しくじる,しくじる,"실수하다, 실패하다",しくじる,しくじる,,"실수하다, 실패하다",word,1,w_e8dd5516fe237fd5,N1,exact,1,verified,
pass_n1_p020_o0580,pass_n1,일단합격JLPT완벽대비N1-단어장.pdf,pass,N1,20,580,,유의어,,失敗する,しっぱいする,"실패하다, 실수하다",失敗する,しっぱいする,,"실패하다, 실수하다",word,1,,,new,1,verified,
pass_n1_p020_o0581,pass_n1,일단합격JLPT완벽대비N1-단어장.pdf,pass,N1,20,581,,유의어,,スライスする,スライスする,얇게 썰다,スライスする,スライスする,,얇게 썰다,word,1,,,new,1,verified,
pass_n1_p020_o0582,pass_n1,일단합격JLPT완벽대비N1-단어장.pdf,pass,N1,20,582,,유의어,,薄く切る,うすくきる,얇게 자르다,薄く切る,うすくきる,,얇게 자르다,word,1,,,new,1,verified,
pass_n1_p020_o0583,pass_n1,일단합격JLPT완벽대비N1-단어장.pdf,pass,N1,20,583,,유의어,,めいめいに,めいめいに,"각각에게, 각자에게",めいめいに,めいめいに,,"각각에게, 각자에게",word,1,,,new,1,verified,
pass_n1_p020_o0584,pass_n1,일단합격JLPT완벽대비N1-단어장.pdf,pass,N1,20,584,,유의어,,一人一人に,ひとりひとりに,한 사람 한 사람에게,一人一人に,ひとりひとりに,,한 사람 한 사람에게,word,1,,,new,1,verified,
pass_n1_p020_o0585,pass_n1,일단합격JLPT완벽대비N1-단어장.pdf,pass,N1,20,585,,유의어,,克明に,こくめいに,"극명하게, 정확하고 자세하게",克明に,こくめいに,,"극명하게, 정확하고 자세하게",word,1,,,new,1,verified,
pass_n1_p020_o0586,pass_n1,일단합격JLPT완벽대비N1-단어장.pdf,pass,N1,20,586,,유의어,,詳しく丁寧に,くわしくていねいに,자세하고 꼼꼼하게,詳しく丁寧に,くわしくていねいに,,자세하고 꼼꼼하게,word,1,,,new,1,verified,
pass_n1_p020_o0587,pass_n1,일단합격JLPT완벽대비N1-단어장.pdf,pass,N1,20,587,,유의어,,手立て,てだて,"방법, 수단",手立て,てだて,,"방법, 수단",word,1,,,new,1,verified,
pass_n1_p020_o0588,pass_n1,일단합격JLPT완벽대비N1-단어장.pdf,pass,N1,20,588,,유의어,noun,方法,ほうほう,방법,方法,ほうほう,,방법,word,1,w_57420260388d1a97,N3,exact,1,verified,
pass_n1_p020_o0589,pass_n1,일단합격JLPT완벽대비N1-단어장.pdf,pass,N1,20,589,,유의어,,ありありと,ありありと,"똑똑히, 뚜렷이",ありありと,ありありと,,"똑똑히, 뚜렷이",word,1,,,new,1,verified,
pass_n1_p020_o0590,pass_n1,일단합격JLPT완벽대비N1-단어장.pdf,pass,N1,20,590,,유의어,adverb,はっきり,はっきり,"확실히, 분명히",はっきり,はっきり,,"확실히, 분명히",word,1,w_33e620d8eaf9dd33,N4,exact,1,verified,
pass_n1_p020_o0591,pass_n1,일단합격JLPT완벽대비N1-단어장.pdf,pass,N1,20,591,,유의어,,返事をしぶっている,へんじをしぶっている,"대답하기를 꺼리다, 주저하다",返事をしぶっている,へんじをしぶっている,,"대답하기를 꺼리다, 주저하다",word,1,,,new,1,verified,
pass_n1_p020_o0592,pass_n1,일단합격JLPT완벽대비N1-단어장.pdf,pass,N1,20,592,,유의어,,なかなか返事を しようとしない,なかなかへんじをしようとしない,좀처럼 대답하려고 하지 않다,なかなか返事を しようとしない,なかなかへんじをしようとしない,,좀처럼 대답하려고 하지 않다,expression,0,,,new,1,verified,"expression 항목: 원본 보존, 앱 기본 목록 제외"
pass_n1_p020_o0593,pass_n1,일단합격JLPT완벽대비N1-단어장.pdf,pass,N1,20,593,,유의어,,コンパクトな,コンパクトな,콤팩트한,コンパクトな,コンパクトな,,콤팩트한,word,1,,,new,1,verified,
pass_n1_p020_o0594,pass_n1,일단합격JLPT완벽대비N1-단어장.pdf,pass,N1,20,594,,유의어,,小型の,こがたの,소형인,小型の,こがたの,,소형인,word,1,,,new,1,verified,
pass_n1_p020_o0595,pass_n1,일단합격JLPT완벽대비N1-단어장.pdf,pass,N1,20,595,,유의어,,極力,きょくりょく,될 수 있는 한,極力,きょくりょく,,될 수 있는 한,word,1,,,new,1,verified,
pass_n1_p021_o0596,pass_n1,일단합격JLPT완벽대비N1-단어장.pdf,pass,N1,21,596,,유의어,adverb,できるだけ,できるだけ,가능한 한,できるだけ,できるだけ,,가능한 한,word,1,w_dba8fad4ae9dcab9,N4,exact,1,verified,
pass_n1_p021_o0597,pass_n1,일단합격JLPT완벽대비N1-단어장.pdf,pass,N1,21,597,,유의어,,つぶやく,つぶやく,중얼거리다,つぶやく,つぶやく,,중얼거리다,word,1,,,new,1,verified,
pass_n1_p021_o0598,pass_n1,일단합격JLPT완벽대비N1-단어장.pdf,pass,N1,21,598,,유의어,,小さな声で言う,ちいさなこえでいう,작은 소리로 말하다,小さな声で言う,ちいさなこえでいう,,작은 소리로 말하다,word,1,,,new,1,verified,
pass_n1_p021_o0599,pass_n1,일단합격JLPT완벽대비N1-단어장.pdf,pass,N1,21,599,,유의어,,不審な,ふしんな,"수상한, 의심스러운, 미심쩍은",不審な,ふしんな,,"수상한, 의심스러운, 미심쩍은",word,1,,,new,1,verified,
pass_n1_p021_o0600,pass_n1,일단합격JLPT완벽대비N1-단어장.pdf,pass,N1,21,600,,유의어,adjective,怪しい,あやしい,"수상한, 의심스러운",怪しい,あやしい,,"수상한, 의심스러운",word,1,w_1582e294ca67e1c8,N2,exact,1,verified,
pass_n1_p021_o0601,pass_n1,일단합격JLPT완벽대비N1-단어장.pdf,pass,N1,21,601,,유의어,,ばてる,ばてる,"지치다, 녹초가 되다",ばてる,ばてる,,"지치다, 녹초가 되다",word,1,,,new,1,verified,
pass_n1_p021_o0602,pass_n1,일단합격JLPT완벽대비N1-단어장.pdf,pass,N1,21,602,,유의어,,疲れる,つかれる,"피곤하다, 지치다",疲れる,つかれる,,"피곤하다, 지치다",word,1,,,new,1,verified,
pass_n1_p021_o0603,pass_n1,일단합격JLPT완벽대비N1-단어장.pdf,pass,N1,21,603,,유의어,,まっとうする,まっとうする,"다하다, 완수하다",まっとうする,まっとうする,,"다하다, 완수하다",word,1,,,new,1,verified,
pass_n1_p021_o0604,pass_n1,일단합격JLPT완벽대비N1-단어장.pdf,pass,N1,21,604,,유의어,,完了する,かんりょうする,완료하다,完了する,かんりょうする,,완료하다,word,1,,,new,1,verified,
pass_n1_p021_o0605,pass_n1,일단합격JLPT완벽대비N1-단어장.pdf,pass,N1,21,605,,유의어,,異例の,いれいの,이례인,異例の,いれいの,,이례인,word,1,,,new,1,verified,
pass_n1_p021_o0606,pass_n1,일단합격JLPT완벽대비N1-단어장.pdf,pass,N1,21,606,,유의어,adjective,珍しい,めずらしい,"드문, 흔히 없는",珍しい,めずらしい,,"드문, 흔히 없는",word,1,w_b459360382d1d575,N4,exact,1,verified,
pass_n1_p021_o0607,pass_n1,일단합격JLPT완벽대비N1-단어장.pdf,pass,N1,21,607,,유의어,verb,打ち込む,うちこむ,(1) 열중하다 (2) 박아넣다,打ち込む,うちこむ,,(1) 열중하다 (2) 박아넣다,word,1,w_f5b156d34a2300a2,N1,exact,1,verified,
pass_n1_p021_o0608,pass_n1,일단합격JLPT완벽대비N1-단어장.pdf,pass,N1,21,608,,유의어,,熱中する,ねっちゅうする,열중하다,熱中する,ねっちゅうする,,열중하다,word,1,,,new,1,verified,
pass_n1_p021_o0609,pass_n1,일단합격JLPT완벽대비N1-단어장.pdf,pass,N1,21,609,,유의어,,ルーズな,ルーズな,"루즈한, 칠칠맞은",ルーズな,ルーズな,,"루즈한, 칠칠맞은",word,1,,,new,1,verified,
pass_n1_p021_o0610,pass_n1,일단합격JLPT완벽대비N1-단어장.pdf,pass,N1,21,610,,유의어,adjective,だらしない,だらしない,"칠칠치 못한, 야무지지 못한",だらしない,だらしない,,"칠칠치 못한, 야무지지 못한",word,1,w_2c0a491e51162b7d,N2,exact,1,verified,
pass_n1_p021_o0611,pass_n1,일단합격JLPT완벽대비N1-단어장.pdf,pass,N1,21,611,,유의어,,つぶさに,つぶさに,"(1) 자세하게, 상세하게 (2) 빠짐없이, 모두",つぶさに,つぶさに,,"(1) 자세하게, 상세하게 (2) 빠짐없이, 모두",word,1,,,new,0,verified,문자 좌표 검증 완료; 선형 텍스트 레이어 순서 불일치
pass_n1_p021_o0612,pass_n1,일단합격JLPT완벽대비N1-단어장.pdf,pass,N1,21,612,,유의어,,詳細に,しょうさいに,상세하게,詳細に,しょうさいに,,상세하게,word,1,,,new,1,verified,
pass_n1_p021_o0613,pass_n1,일단합격JLPT완벽대비N1-단어장.pdf,pass,N1,21,613,,유의어,,脈絡,みゃくらく,"맥락, 연관, 관련",脈絡,みゃくらく,,"맥락, 연관, 관련",word,1,,,new,1,verified,
pass_n1_p021_o0614,pass_n1,일단합격JLPT완벽대비N1-단어장.pdf,pass,N1,21,614,,유의어,,つながり,つながり,"(1) 연계, 관계 (2) 연결",つながり,つながり,,"(1) 연계, 관계 (2) 연결",word,1,,,new,1,verified,
pass_n1_p021_o0615,pass_n1,일단합격JLPT완벽대비N1-단어장.pdf,pass,N1,21,615,,유의어,noun,吟味,ぎんみ,(1) 음미 (2) 자세히 조사함,吟味,ぎんみ,,(1) 음미 (2) 자세히 조사함,word,1,w_082af37708fec456,N1,exact,1,verified,
pass_n1_p021_o0616,pass_n1,일단합격JLPT완벽대비N1-단어장.pdf,pass,N1,21,616,,유의어,noun,検討,けんとう,검토,検討,けんとう,,검토,word,1,w_32a07362cf383aae,N3,exact,1,verified,
pass_n1_p021_o0617,pass_n1,일단합격JLPT완벽대비N1-단어장.pdf,pass,N1,21,617,,유의어,,エキスパート,エキスパート,전문가,エキスパート,エキスパート,,전문가,word,1,,,new,1,verified,
pass_n1_p021_o0618,pass_n1,일단합격JLPT완벽대비N1-단어장.pdf,pass,N1,21,618,,유의어,,専門家,せんもんか,전문가,専門家,せんもんか,,전문가,word,1,,,new,1,verified,
pass_n1_p021_o0619,pass_n1,일단합격JLPT완벽대비N1-단어장.pdf,pass,N1,21,619,,유의어,,凝視する,ぎょうしする,응시하다,凝視する,ぎょうしする,,응시하다,word,1,,,new,1,verified,
pass_n1_p021_o0620,pass_n1,일단합격JLPT완벽대비N1-단어장.pdf,pass,N1,21,620,,유의어,,じっと見る,じっとみる,가만히 보다,じっと見る,じっとみる,,가만히 보다,word,1,,,new,1,verified,
pass_n1_p021_o0621,pass_n1,일단합격JLPT완벽대비N1-단어장.pdf,pass,N1,21,621,,유의어,adjective,架空,かくう,가공,架空,かくう,,가공,word,1,w_ac1f7e7fd5dc7e12,N2,exact,1,verified,
pass_n1_p021_o0622,pass_n1,일단합격JLPT완벽대비N1-단어장.pdf,pass,N1,21,622,,유의어,noun,想像,そうぞう,상상,想像,そうぞう,,상상,word,1,w_1d65f25823e21c05,N3,exact,1,verified,
pass_n1_p021_o0623,pass_n1,일단합격JLPT완벽대비N1-단어장.pdf,pass,N1,21,623,,유의어,,かねがね,かねがね,"전부터, 진작부터",かねがね,かねがね,,"전부터, 진작부터",word,1,,,new,1,verified,
pass_n1_p021_o0624,pass_n1,일단합격JLPT완벽대비N1-단어장.pdf,pass,N1,21,624,,유의어,,以前から,いぜんから,이전부터,以前から,いぜんから,,이전부터,word,1,,,new,1,verified,
pass_n1_p021_o0625,pass_n1,일단합격JLPT완벽대비N1-단어장.pdf,pass,N1,21,625,,유의어,,当面,とうめん,"당면, 당분간",当面,とうめん,,"당면, 당분간",word,1,,,new,1,verified,
pass_n1_p021_o0626,pass_n1,일단합격JLPT완벽대비N1-단어장.pdf,pass,N1,21,626,,유의어,,しばらくは,しばらくは,"당분간은, 한동안은",しばらくは,しばらくは,,"당분간은, 한동안은",word,1,,,new,1,verified,
pass_n1_p021_o0627,pass_n1,일단합격JLPT완벽대비N1-단어장.pdf,pass,N1,21,627,,유의어,verb,ぼやく,ぼやく,투덜대다,ぼやく,ぼやく,,투덜대다,word,1,w_3cf40d8a4082b925,N1,exact,1,verified,
pass_n1_p021_o0628,pass_n1,일단합격JLPT완벽대비N1-단어장.pdf,pass,N1,21,628,,유의어,,愚痴を言う,ぐちをいう,"불평하다, 푸념하다",愚痴を言う,ぐちをいう,,"불평하다, 푸념하다",word,1,,,new,1,verified,
pass_n1_p021_o0629,pass_n1,일단합격JLPT완벽대비N1-단어장.pdf,pass,N1,21,629,,유의어,,寡黙な,かもくな,과묵한,寡黙な,かもくな,,과묵한,word,1,,,new,1,verified,
pass_n1_p021_o0630,pass_n1,일단합격JLPT완벽대비N1-단어장.pdf,pass,N1,21,630,,유의어,,口数が少ない,くちかずがすくない,말수가 적은,口数が少ない,くちかずがすくない,,말수가 적은,word,1,,,new,0,verified,문자 좌표 검증 완료; 선형 텍스트 레이어 순서 불일치
pass_n1_p022_o0631,pass_n1,일단합격JLPT완벽대비N1-단어장.pdf,pass,N1,22,631,,유의어,,紛糾する,ふんきゅうする,"분규하다, 분규를 겪다",紛糾する,ふんきゅうする,,"분규하다, 분규를 겪다",word,1,,,new,1,verified,
pass_n1_p022_o0632,pass_n1,일단합격JLPT완벽대비N1-단어장.pdf,pass,N1,22,632,,유의어,,混乱する,こんらんする,혼란스럽다,混乱する,こんらんする,,혼란스럽다,word,1,,,new,1,verified,
pass_n1_p022_o0633,pass_n1,일단합격JLPT완벽대비N1-단어장.pdf,pass,N1,22,633,,유의어,,ずれ込む,ずれこむ,"늦춰지다, 미루어지다",ずれ込む,ずれこむ,,"늦춰지다, 미루어지다",word,1,,,new,1,verified,
pass_n1_p022_o0634,pass_n1,일단합격JLPT완벽대비N1-단어장.pdf,pass,N1,22,634,,유의어,,遅くなる,おそくなる,늦어지다,遅くなる,おそくなる,,늦어지다,word,1,,,new,1,verified,
pass_n1_p022_o0635,pass_n1,일단합격JLPT완벽대비N1-단어장.pdf,pass,N1,22,635,,유의어,,ろくに(~ない),ろくに(~ない),"제대로, 변변히(~않다)",ろくに(~ない),ろくに(~ない),,"제대로, 변변히(~않다)",pattern,0,,,new,1,verified,"pattern 항목: 원본 보존, 앱 기본 목록 제외"
pass_n1_p022_o0636,pass_n1,일단합격JLPT완벽대비N1-단어장.pdf,pass,N1,22,636,,유의어,,大して(~ない),たいして(~ない),"그다지, 별로(~않다)",大して(~ない),たいして(~ない),,"그다지, 별로(~않다)",pattern,0,,,new,1,verified,"pattern 항목: 원본 보존, 앱 기본 목록 제외"
pass_n1_p022_o0637,pass_n1,일단합격JLPT완벽대비N1-단어장.pdf,pass,N1,22,637,,유의어,,スケール,スケール,스케일,スケール,スケール,,스케일,word,1,,,new,1,verified,
pass_n1_p022_o0638,pass_n1,일단합격JLPT완벽대비N1-단어장.pdf,pass,N1,22,638,,유의어,noun,規模,きぼ,규모,規模,きぼ,,규모,word,1,w_ae827b2a3cf29980,N1,exact,1,verified,
pass_n1_p022_o0639,pass_n1,일단합격JLPT완벽대비N1-단어장.pdf,pass,N1,22,639,,유의어,noun,寄与,きよ,기여,寄与,きよ,,기여,word,1,w_01c7eec9ac27394d,N1,exact,1,verified,
pass_n1_p022_o0640,pass_n1,일단합격JLPT완벽대비N1-단어장.pdf,pass,N1,22,640,,유의어,noun,貢献,こうけん,공헌,貢献,こうけん,,공헌,word,1,w_0fa622d6d0b24047,N3,exact,1,verified,
pass_n1_p022_o0641,pass_n1,일단합격JLPT완벽대비N1-단어장.pdf,pass,N1,22,641,,유의어,,リスク,リスク,"리스크, 위험",リスク,リスク,,"리스크, 위험",word,1,,,new,1,verified,
pass_n1_p022_o0642,pass_n1,일단합격JLPT완벽대비N1-단어장.pdf,pass,N1,22,642,,유의어,noun,危険,きけん,위험,危険,きけん,,위험,word,1,w_e3ac48305532880a,N4,exact,1,verified,
pass_n1_p022_o0643,pass_n1,일단합격JLPT완벽대비N1-단어장.pdf,pass,N1,22,643,,유의어,,絶賛する,ぜっさんする,"절찬하다, 극구 칭찬하다",絶賛する,ぜっさんする,,"절찬하다, 극구 칭찬하다",word,1,,,new,1,verified,
pass_n1_p022_o0644,pass_n1,일단합격JLPT완벽대비N1-단어장.pdf,pass,N1,22,644,,유의어,,非常に素晴らしいとほめる,ひじょうにすばらしいとほめる,매우 훌륭하다고 칭찬하다,非常に素晴らしいとほめる,ひじょうにすばらしいとほめる,,매우 훌륭하다고 칭찬하다,word,1,,,new,1,verified,
pass_n1_p022_o0645,pass_n1,일단합격JLPT완벽대비N1-단어장.pdf,pass,N1,22,645,,유의어,,くつろぐ,くつろぐ,"느긋이, 편하게 쉬다",くつろぐ,くつろぐ,,"느긋이, 편하게 쉬다",word,1,,,new,1,verified,
pass_n1_p022_o0646,pass_n1,일단합격JLPT완벽대비N1-단어장.pdf,pass,N1,22,646,,유의어,,ゆっくりする,ゆっくりする,"편하게 쉬다, 느긋이 시간을 보내다",ゆっくりする,ゆっくりする,,"편하게 쉬다, 느긋이 시간을 보내다",word,1,,,new,1,verified,
pass_n1_p022_o0647,pass_n1,일단합격JLPT완벽대비N1-단어장.pdf,pass,N1,22,647,,유의어,,うやむやに,うやむやに,"흐지부지하게, 애매하게",うやむやに,うやむやに,,"흐지부지하게, 애매하게",word,1,,,new,1,verified,
pass_n1_p022_o0648,pass_n1,일단합격JLPT완벽대비N1-단어장.pdf,pass,N1,22,648,,유의어,,あいまいに,あいまいに,애매하게,あいまいに,あいまいに,,애매하게,word,1,,,new,1,verified,
pass_n1_p022_o0649,pass_n1,일단합격JLPT완벽대비N1-단어장.pdf,pass,N1,22,649,,유의어,,出馬する,しゅつばする,출마하다,出馬する,しゅつばする,,출마하다,word,1,,,new,1,verified,
pass_n1_p022_o0650,pass_n1,일단합격JLPT완벽대비N1-단어장.pdf,pass,N1,22,650,,유의어,,選挙に出る,せんきょにでる,선거에 나가다,選挙に出る,せんきょにでる,,선거에 나가다,word,1,,,new,1,verified,
pass_n1_p022_o0651,pass_n1,일단합격JLPT완벽대비N1-단어장.pdf,pass,N1,22,651,,유의어,,お手上げだ,おてあげだ,어쩔 도리가 없다,お手上げだ,おてあげだ,,어쩔 도리가 없다,word,1,,,new,1,verified,
pass_n1_p022_o0652,pass_n1,일단합격JLPT완벽대비N1-단어장.pdf,pass,N1,22,652,,유의어,,どうしようもない,どうしようもない,아무 방법이 없다,どうしようもない,どうしようもない,,아무 방법이 없다,word,1,,,new,1,verified,
pass_n1_p022_o0653,pass_n1,일단합격JLPT완벽대비N1-단어장.pdf,pass,N1,22,653,,유의어,,触発される,しょくはつされる,촉발되다,触発される,しょくはつされる,,촉발되다,word,1,,,new,1,verified,
pass_n1_p022_o0654,pass_n1,일단합격JLPT완벽대비N1-단어장.pdf,pass,N1,22,654,,유의어,,刺激される,しげきされる,자극받다,刺激される,しげきされる,,자극받다,word,1,,,new,1,verified,
pass_n1_p022_o0655,pass_n1,일단합격JLPT완벽대비N1-단어장.pdf,pass,N1,22,655,,유의어,,閉口する,へいこうする,"난처하다, 기막히다",閉口する,へいこうする,,"난처하다, 기막히다",word,1,,,new,1,verified,
pass_n1_p022_o0656,pass_n1,일단합격JLPT완벽대비N1-단어장.pdf,pass,N1,22,656,,유의어,verb,困る,こまる,곤란하다,困る,こまる,,곤란하다,word,1,w_00fd5c7d88fb19d3,N5,exact,1,verified,
pass_n1_p022_o0657,pass_n1,일단합격JLPT완벽대비N1-단어장.pdf,pass,N1,22,657,,유의어,,気ままな,きままな,제 마음대로인,気ままな,きままな,,제 마음대로인,word,1,,,new,1,verified,
pass_n1_p022_o0658,pass_n1,일단합격JLPT완벽대비N1-단어장.pdf,pass,N1,22,658,,유의어,,自由な,じゆうな,자유로운,自由な,じゆうな,,자유로운,word,1,,,new,1,verified,
pass_n1_p022_o0659,pass_n1,일단합격JLPT완벽대비N1-단어장.pdf,pass,N1,22,659,,유의어,adjective,若干,じゃっかん,약간,若干,じゃっかん,,약간,word,1,w_1c381ad6f26542d9,N1,exact,1,verified,
pass_n1_p022_o0660,pass_n1,일단합격JLPT완벽대비N1-단어장.pdf,pass,N1,22,660,,유의어,,いくつか,いくつか,"몇 개쯤, 조금",いくつか,いくつか,,"몇 개쯤, 조금",word,1,,,new,1,verified,
pass_n1_p022_o0661,pass_n1,일단합격JLPT완벽대비N1-단어장.pdf,pass,N1,22,661,,유의어,noun,手分け,てわけ,"분담, 나눔",手分け,てわけ,,"분담, 나눔",word,1,w_552f28c71c990cc0,N1,exact,1,verified,
pass_n1_p022_o0662,pass_n1,일단합격JLPT완벽대비N1-단어장.pdf,pass,N1,22,662,,유의어,noun,分担,ぶんたん,분담,分担,ぶんたん,,분담,word,1,w_fd935a1c37167f4b,N1,exact,1,verified,
pass_n1_p022_o0663,pass_n1,일단합격JLPT완벽대비N1-단어장.pdf,pass,N1,22,663,,유의어,,てきぱきと,てきぱきと,일을 솜씨 좋게 처리하는 모습. 척척,てきぱきと,てきぱきと,,일을 솜씨 좋게 처리하는 모습. 척척,word,1,,,new,1,verified,
pass_n1_p023_o0664,pass_n1,일단합격JLPT완벽대비N1-단어장.pdf,pass,N1,23,664,,유의어,,早く正確に,はやくせいかくに,빠르고 정확하게,早く正確に,はやくせいかくに,,빠르고 정확하게,word,1,,,new,1,verified,
pass_n1_p023_o0665,pass_n1,일단합격JLPT완벽대비N1-단어장.pdf,pass,N1,23,665,,유의어,,調達する,ちょうたつする,조달하다,調達する,ちょうたつする,,조달하다,word,1,,,new,1,verified,
pass_n1_p023_o0666,pass_n1,일단합격JLPT완벽대비N1-단어장.pdf,pass,N1,23,666,,유의어,,用意する,よういする,준비하다,用意する,よういする,,준비하다,word,1,,,new,1,verified,
pass_n1_p023_o0667,pass_n1,일단합격JLPT완벽대비N1-단어장.pdf,pass,N1,23,667,,유의어,,温和な,おんわな,온화한,温和な,おんわな,,온화한,word,1,,,new,1,verified,
pass_n1_p023_o0668,pass_n1,일단합격JLPT완벽대비N1-단어장.pdf,pass,N1,23,668,,유의어,,おだやかな,おだやかな,"온화한, 평온한",おだやかな,おだやかな,,"온화한, 평온한",word,1,,,new,1,verified,
pass_n1_p023_o0669,pass_n1,일단합격JLPT완벽대비N1-단어장.pdf,pass,N1,23,669,,유의어,,スポット,スポット,"스폿, 장소",スポット,スポット,,"스폿, 장소",word,1,,,new,1,verified,
pass_n1_p023_o0670,pass_n1,일단합격JLPT완벽대비N1-단어장.pdf,pass,N1,23,670,,유의어,noun,場所,ばしょ,장소,場所,ばしょ,,장소,word,1,w_9f90bf6501647fbf,N4,exact,1,verified,
pass_n1_p023_o0671,pass_n1,일단합격JLPT완벽대비N1-단어장.pdf,pass,N1,23,671,,유의어,,拮抗する,きっこうする,"팽팽하다, 우열을 가릴 수 없다",拮抗する,きっこうする,,"팽팽하다, 우열을 가릴 수 없다",word,1,,,new,1,verified,
pass_n1_p023_o0672,pass_n1,일단합격JLPT완벽대비N1-단어장.pdf,pass,N1,23,672,,유의어,,差がない,さがない,차이가 없다,差がない,さがない,,차이가 없다,word,1,,,new,1,verified,
pass_n1_p023_o0673,pass_n1,일단합격JLPT완벽대비N1-단어장.pdf,pass,N1,23,673,,유의어,,風当たり,かぜあたり,비난,風当たり,かぜあたり,,비난,word,1,,,new,1,verified,
pass_n1_p023_o0674,pass_n1,일단합격JLPT완벽대비N1-단어장.pdf,pass,N1,23,674,,유의어,noun,批判,ひはん,비판,批判,ひはん,,비판,word,1,w_86dda28881eccc25,N3,exact,1,verified,
pass_n1_p023_o0675,pass_n1,일단합격JLPT완벽대비N1-단어장.pdf,pass,N1,23,675,,유의어,,あどけない,あどけない,천진난만하다,あどけない,あどけない,,천진난만하다,word,1,,,new,1,verified,
pass_n1_p023_o0676,pass_n1,일단합격JLPT완벽대비N1-단어장.pdf,pass,N1,23,676,,유의어,,無邪気な,むじゃきな,"천진난만한, 악의 없는",無邪気な,むじゃきな,,"천진난만한, 악의 없는",word,1,,,new,1,verified,
pass_n1_p023_o0677,pass_n1,일단합격JLPT완벽대비N1-단어장.pdf,pass,N1,23,677,,유의어,,懸念する,けねんする,"걱정하다, 우려하다",懸念する,けねんする,,"걱정하다, 우려하다",word,1,,,new,1,verified,
pass_n1_p023_o0678,pass_n1,일단합격JLPT완벽대비N1-단어장.pdf,pass,N1,23,678,,유의어,,心配する,しんぱいする,걱정하다,心配する,しんぱいする,,걱정하다,word,1,,,new,1,verified,
pass_n1_p023_o0679,pass_n1,일단합격JLPT완벽대비N1-단어장.pdf,pass,N1,23,679,,유의어,,やつれる,やつれる,"여위다, 수척해지다",やつれる,やつれる,,"여위다, 수척해지다",word,1,,,new,1,verified,
pass_n1_p023_o0680,pass_n1,일단합격JLPT완벽대비N1-단어장.pdf,pass,N1,23,680,,유의어,,やせ衰える,やせおとろえる,야위어 쇠약해지다,やせ衰える,やせおとろえる,,야위어 쇠약해지다,word,1,,,new,1,verified,
pass_n1_p023_o0681,pass_n1,일단합격JLPT완벽대비N1-단어장.pdf,pass,N1,23,681,,유의어,,奮闘する,ふんとうする,분투하다,奮闘する,ふんとうする,,분투하다,word,1,,,new,1,verified,
pass_n1_p023_o0682,pass_n1,일단합격JLPT완벽대비N1-단어장.pdf,pass,N1,23,682,,유의어,,必死に頑張る,ひっしにがんばる,필사적으로 분발하다,必死に頑張る,ひっしにがんばる,,필사적으로 분발하다,word,1,,,new,1,verified,
pass_n1_p023_o0683,pass_n1,일단합격JLPT완벽대비N1-단어장.pdf,pass,N1,23,683,,유의어,,不慮の,ふりょの,"뜻밖의, 예상 밖의, 불의의",不慮の,ふりょの,,"뜻밖의, 예상 밖의, 불의의",word,1,,,new,1,verified,
pass_n1_p023_o0684,pass_n1,일단합격JLPT완벽대비N1-단어장.pdf,pass,N1,23,684,,유의어,,思いがけない,おもいがけない,"뜻밖이다, 생각지 못하다, 예상 밖이다",思いがけない,おもいがけない,,"뜻밖이다, 생각지 못하다, 예상 밖이다",word,1,,,new,1,verified,
pass_n1_p023_o0685,pass_n1,일단합격JLPT완벽대비N1-단어장.pdf,pass,N1,23,685,,유의어,,根こそぎ,ねこそぎ,"전부, 모조리, 몽땅",根こそぎ,ねこそぎ,,"전부, 모조리, 몽땅",word,1,,,new,1,verified,
pass_n1_p023_o0686,pass_n1,일단합격JLPT완벽대비N1-단어장.pdf,pass,N1,23,686,,유의어,,すべて,すべて,모두,すべて,すべて,,모두,word,1,,,new,1,verified,
pass_n1_p023_o0687,pass_n1,일단합격JLPT완벽대비N1-단어장.pdf,pass,N1,23,687,,유의어,,没頭する,ぼっとうする,몰두하다,没頭する,ぼっとうする,,몰두하다,word,1,,,new,1,verified,
pass_n1_p023_o0688,pass_n1,일단합격JLPT완벽대비N1-단어장.pdf,pass,N1,23,688,,유의어,,熱中する,ねっちゅうする,열중하다,熱中する,ねっちゅうする,,열중하다,word,1,,,new,1,verified,
pass_n1_p023_o0689,pass_n1,일단합격JLPT완벽대비N1-단어장.pdf,pass,N1,23,689,,유의어,,尺度,しゃくど,"척도, 기준",尺度,しゃくど,,"척도, 기준",word,1,,,new,1,verified,
pass_n1_p023_o0690,pass_n1,일단합격JLPT완벽대비N1-단어장.pdf,pass,N1,23,690,,유의어,noun,基準,きじゅん,기준,基準,きじゅん,,기준,word,1,w_0f5632f509adb0be,N2,exact,1,verified,
pass_n1_p023_o0691,pass_n1,일단합격JLPT완벽대비N1-단어장.pdf,pass,N1,23,691,,유의어,,わずらわしい,わずらわしい,"귀찮다, 성가시다, 번거롭다",わずらわしい,わずらわしい,,"귀찮다, 성가시다, 번거롭다",word,1,,,new,1,verified,
pass_n1_p023_o0692,pass_n1,일단합격JLPT완벽대비N1-단어장.pdf,pass,N1,23,692,,유의어,,面倒な,めんどうな,"귀찮은, 성가신",面倒な,めんどうな,,"귀찮은, 성가신",word,1,,,new,1,verified,
pass_n1_p023_o0693,pass_n1,일단합격JLPT완벽대비N1-단어장.pdf,pass,N1,23,693,,유의어,,肝心な,かんじんな,가장 중요한,肝心な,かんじんな,,가장 중요한,word,1,,,new,1,verified,
pass_n1_p023_o0694,pass_n1,일단합격JLPT완벽대비N1-단어장.pdf,pass,N1,23,694,,유의어,,重要な,じゅうような,중요한,重要な,じゅうような,,중요한,word,1,,,new,1,verified,
pass_n1_p023_o0695,pass_n1,일단합격JLPT완벽대비N1-단어장.pdf,pass,N1,23,695,,유의어,,はかどる,はかどる,"일이 잘 되고 있다, 진척되다",はかどる,はかどる,,"일이 잘 되고 있다, 진척되다",word,1,,,new,1,verified,
pass_n1_p023_o0696,pass_n1,일단합격JLPT완벽대비N1-단어장.pdf,pass,N1,23,696,,유의어,,順調に進む,じゅんちょうにすすむ,순조롭게 진행되다,順調に進む,じゅんちょうにすすむ,,순조롭게 진행되다,word,1,,,new,1,verified,
pass_n1_p023_o0697,pass_n1,일단합격JLPT완벽대비N1-단어장.pdf,pass,N1,23,697,,유의어,,辛抱する,しんぼうする,"참다, 견디다",辛抱する,しんぼうする,,"참다, 견디다",word,1,,,new,1,verified,
pass_n1_p024_o0698,pass_n1,일단합격JLPT완벽대비N1-단어장.pdf,pass,N1,24,698,,유의어,,我慢する,がまんする,참다,我慢する,がまんする,,참다,word,1,,,new,1,verified,
pass_n1_p024_o0699,pass_n1,일단합격JLPT완벽대비N1-단어장.pdf,pass,N1,24,699,,유의어,noun,しきたり,しきたり,"관습, 관례",しきたり,しきたり,,"관습, 관례",word,1,w_bfa2c36a62a0117e,N1,exact,1,verified,
pass_n1_p024_o0700,pass_n1,일단합격JLPT완벽대비N1-단어장.pdf,pass,N1,24,700,,유의어,noun,慣習,かんしゅう,관습,慣習,かんしゅう,,관습,word,1,w_9ee9519d3d6e7bd7,N1,exact,1,verified,
pass_n1_p024_o0701,pass_n1,일단합격JLPT완벽대비N1-단어장.pdf,pass,N1,24,701,,유의어,,委託する,いたくする,위탁하다,委託する,いたくする,,위탁하다,word,1,,,new,1,verified,
pass_n1_p024_o0702,pass_n1,일단합격JLPT완벽대비N1-단어장.pdf,pass,N1,24,702,,유의어,,任せる,まかせる,"맡기다, 위임하다",任せる,まかせる,,"맡기다, 위임하다",word,1,,,new,1,verified,
pass_n1_p024_o0703,pass_n1,일단합격JLPT완벽대비N1-단어장.pdf,pass,N1,24,703,,유의어,adjective,すがすがしい,すがすがしい,"상쾌하다, 산뜻하다",すがすがしい,すがすがしい,,"상쾌하다, 산뜻하다",word,1,w_690a4fa3e51077a6,N1,exact,1,verified,
pass_n1_p024_o0704,pass_n1,일단합격JLPT완벽대비N1-단어장.pdf,pass,N1,24,704,,유의어,,爽やかな,さわやかな,상쾌한,爽やかな,さわやかな,,상쾌한,word,1,,,new,1,verified,
pass_n1_p024_o0705,pass_n1,일단합격JLPT완벽대비N1-단어장.pdf,pass,N1,24,705,,유의어,,工面する,くめんする,"(돈을)마련하다, 준비하다",工面する,くめんする,,"(돈을)마련하다, 준비하다",word,1,,,new,1,verified,
pass_n1_p024_o0706,pass_n1,일단합격JLPT완벽대비N1-단어장.pdf,pass,N1,24,706,,유의어,,用意する,よういする,준비하다,用意する,よういする,,준비하다,word,1,,,new,1,verified,
pass_n1_p024_o0707,pass_n1,일단합격JLPT완벽대비N1-단어장.pdf,pass,N1,24,707,,유의어,,ぞんざいな,ぞんざいな,"거친, 난폭한",ぞんざいな,ぞんざいな,,"거친, 난폭한",word,1,,,new,1,verified,
pass_n1_p024_o0708,pass_n1,일단합격JLPT완벽대비N1-단어장.pdf,pass,N1,24,708,,유의어,,雑な,ざつな,"거친, 조잡한, 함부로 하는",雑な,ざつな,,"거친, 조잡한, 함부로 하는",word,1,,,new,1,verified,
pass_n1_p024_o0709,pass_n1,일단합격JLPT완벽대비N1-단어장.pdf,pass,N1,24,709,,유의어,,うなだれる,うなだれる,머리를 숙이다. 고개를 떨구다,うなだれる,うなだれる,,머리를 숙이다. 고개를 떨구다,word,1,,,new,1,verified,
pass_n1_p024_o0710,pass_n1,일단합격JLPT완벽대비N1-단어장.pdf,pass,N1,24,710,,유의어,,下を向く,したをむく,"아래를 향하다, 머리를 숙이다",下を向く,したをむく,,"아래를 향하다, 머리를 숙이다",word,1,,,new,1,verified,
pass_n1_p024_o0711,pass_n1,일단합격JLPT완벽대비N1-단어장.pdf,pass,N1,24,711,,유의어,noun,打撃,だげき,타격,打撃,だげき,,타격,word,1,w_ecbeaf94ca851e0d,N1,exact,1,verified,
pass_n1_p024_o0712,pass_n1,일단합격JLPT완벽대비N1-단어장.pdf,pass,N1,24,712,,유의어,,ダメージ,ダメージ,"대미지, 타격",ダメージ,ダメージ,,"대미지, 타격",word,1,,,new,1,verified,
pass_n1_p024_o0713,pass_n1,일단합격JLPT완벽대비N1-단어장.pdf,pass,N1,24,713,,유의어,,手腕,しゅわん,수완,手腕,しゅわん,,수완,word,1,,,new,1,verified,
pass_n1_p024_o0714,pass_n1,일단합격JLPT완벽대비N1-단어장.pdf,pass,N1,24,714,,유의어,noun,能力,のうりょく,능력,能力,のうりょく,,능력,word,1,w_05a049e95e301c2d,N3,exact,1,verified,
pass_n1_p024_o0715,pass_n1,일단합격JLPT완벽대비N1-단어장.pdf,pass,N1,24,715,,유의어,,ロスする,ロスする,헛되이 쓰다,ロスする,ロスする,,헛되이 쓰다,word,1,,,new,1,verified,
pass_n1_p024_o0716,pass_n1,일단합격JLPT완벽대비N1-단어장.pdf,pass,N1,24,716,,유의어,,無駄にする,むだにする,낭비하다,無駄にする,むだにする,,낭비하다,word,1,,,new,1,verified,
pass_n1_p024_o0717,pass_n1,일단합격JLPT완벽대비N1-단어장.pdf,pass,N1,24,717,,유의어,,おろそかに,おろそかに,소홀하게,おろそかに,おろそかに,,소홀하게,word,1,,,new,1,verified,
pass_n1_p024_o0718,pass_n1,일단합격JLPT완벽대비N1-단어장.pdf,pass,N1,24,718,,유의어,,いいかげんに,いいかげんに,대충,いいかげんに,いいかげんに,,대충,word,1,,,new,1,verified,
pass_n1_p024_o0719,pass_n1,일단합격JLPT완벽대비N1-단어장.pdf,pass,N1,24,719,,유의어,noun,目下,もっか,"목하, 현재",目下,もっか,,"목하, 현재",word,1,w_b294a10dbb183efa,N1,exact,1,verified,
pass_n1_p024_o0720,pass_n1,일단합격JLPT완벽대비N1-단어장.pdf,pass,N1,24,720,,유의어,noun,今,いま,지금,今,いま,,지금,word,1,w_f3ca2a5e06ac76c9,N5,exact,1,verified,
pass_n1_p024_o0721,pass_n1,일단합격JLPT완벽대비N1-단어장.pdf,pass,N1,24,721,,유의어,,請け負う,うけおう,청부 맡다,請け負う,うけおう,,청부 맡다,word,1,,,new,1,verified,
pass_n1_p024_o0722,pass_n1,일단합격JLPT완벽대비N1-단어장.pdf,pass,N1,24,722,,유의어,,引き受ける,ひきうける,"맡다, 인수하다",引き受ける,ひきうける,,"맡다, 인수하다",word,1,,,new,1,verified,
pass_n1_p024_o0723,pass_n1,일단합격JLPT완벽대비N1-단어장.pdf,pass,N1,24,723,,유의어,,進呈する,しんていする,"진정하다, 물건을 자진해서 드리다",進呈する,しんていする,,"진정하다, 물건을 자진해서 드리다",word,1,,,new,1,verified,
pass_n1_p024_o0724,pass_n1,일단합격JLPT완벽대비N1-단어장.pdf,pass,N1,24,724,,유의어,verb,差し上げる,さしあげる,드리다,差し上げる,さしあげる,,드리다,word,1,w_97a3b823f67674e9,N4,exact,1,verified,
pass_n1_p024_o0725,pass_n1,일단합격JLPT완벽대비N1-단어장.pdf,pass,N1,24,725,,용법,,潔い,いさぎよい,"깨끗하다, 후련하다",潔い,いさぎよい,,"깨끗하다, 후련하다",word,1,,,new,1,verified,
pass_n1_p024_o0726,pass_n1,일단합격JLPT완벽대비N1-단어장.pdf,pass,N1,24,726,,용법,,意地(を張る),いじ(をはる),고집(을 부리다),意地(を張る),いじ,をはる,고집(을 부리다),expression,0,,,new,1,verified,"expression 항목: 원본 보존, 앱 기본 목록 제외"
pass_n1_p024_o0727,pass_n1,일단합격JLPT완벽대비N1-단어장.pdf,pass,N1,24,727,,용법,,細心(の注意を払う),さいしん(のちゅういをはらう),세심한 주의를 기울이다,細心(の注意を払う),さいしん,のちゅういをはらう,세심한 주의를 기울이다,expression,0,,,new,1,verified,"expression 항목: 원본 보존, 앱 기본 목록 제외"
pass_n1_p024_o0728,pass_n1,일단합격JLPT완벽대비N1-단어장.pdf,pass,N1,24,728,,용법,,調達,ちょうたつ,조달,調達,ちょうたつ,,조달,word,1,,,new,1,verified,
pass_n1_p025_o0729,pass_n1,일단합격JLPT완벽대비N1-단어장.pdf,pass,N1,25,729,,용법,verb,賑わう,にぎわう,"활기차다, 번화하다",賑わう,にぎわう,,"활기차다, 번화하다",word,1,w_b9f33ade5c934336,N1,exact,1,verified,
pass_n1_p025_o0730,pass_n1,일단합격JLPT완벽대비N1-단어장.pdf,pass,N1,25,730,,용법,adverb,ひとまず,ひとまず,"일단, 우선",ひとまず,ひとまず,,"일단, 우선",word,1,w_cd159f09949315fa,N2,exact,1,verified,
pass_n1_p025_o0731,pass_n1,일단합격JLPT완벽대비N1-단어장.pdf,pass,N1,25,731,,용법,noun,発足,ほっそく,발족,発足,ほっそく,,발족,word,1,w_083b291b6922e358,N1,exact,0,verified,문자 좌표 검증 완료; 선형 텍스트 레이어 순서 불일치
pass_n1_p025_o0732,pass_n1,일단합격JLPT완벽대비N1-단어장.pdf,pass,N1,25,732,,용법,,満喫する,まんきつする,만끽하다,満喫する,まんきつする,,만끽하다,word,1,,,new,1,verified,
pass_n1_p025_o0733,pass_n1,일단합격JLPT완벽대비N1-단어장.pdf,pass,N1,25,733,,용법,verb,見落とす,みおとす,간과하다,見落とす,みおとす,,간과하다,word,1,w_d81776d517d67f96,N1,exact,1,verified,
pass_n1_p025_o0734,pass_n1,일단합격JLPT완벽대비N1-단어장.pdf,pass,N1,25,734,,용법,noun,密集,みっしゅう,밀집,密集,みっしゅう,,밀집,word,1,w_4590fbf50ef6f9fe,N1,exact,1,verified,
pass_n1_p025_o0735,pass_n1,일단합격JLPT완벽대비N1-단어장.pdf,pass,N1,25,735,,용법,,めきめき(上達する),めきめき(じょうたつする),눈에 띄게 (숙달되다),めきめき(上達する),めきめき,じょうたつする,눈에 띄게 (숙달되다),expression,0,,,new,1,verified,"expression 항목: 원본 보존, 앱 기본 목록 제외"
pass_n1_p025_o0736,pass_n1,일단합격JLPT완벽대비N1-단어장.pdf,pass,N1,25,736,,용법,,目先(の利益),めさき(のりえき),눈앞(의 이익),目先(の利益),めさき,のりえき,눈앞(의 이익),expression,0,,,new,1,verified,"expression 항목: 원본 보존, 앱 기본 목록 제외"
pass_n1_p025_o0737,pass_n1,일단합격JLPT완벽대비N1-단어장.pdf,pass,N1,25,737,,용법,,(夢が)かなう,(ゆめが)かなう,(꿈이) 이루어지다,(夢が)かなう,かなう,ゆめが,(꿈이) 이루어지다,expression,0,,,new,1,verified,"expression 항목: 원본 보존, 앱 기본 목록 제외"
pass_n1_p025_o0738,pass_n1,일단합격JLPT완벽대비N1-단어장.pdf,pass,N1,25,738,,용법,,質素な,しっそな,"검소한, 소탈한",質素な,しっそな,,"검소한, 소탈한",word,1,,,new,1,verified,
pass_n1_p025_o0739,pass_n1,일단합격JLPT완벽대비N1-단어장.pdf,pass,N1,25,739,,용법,adverb,とっくに,とっくに,"진작에, 훨씬 전에",とっくに,とっくに,,"진작에, 훨씬 전에",word,1,w_19305ba76991bd08,N2,exact,1,verified,
pass_n1_p025_o0740,pass_n1,일단합격JLPT완벽대비N1-단어장.pdf,pass,N1,25,740,,용법,noun,配布,はいふ,배포,配布,はいふ,,배포,word,1,w_82fc7e1459a3e837,N1,exact,1,verified,
pass_n1_p025_o0741,pass_n1,일단합격JLPT완벽대비N1-단어장.pdf,pass,N1,25,741,,용법,noun,赴任,ふにん,부임,赴任,ふにん,,부임,word,1,w_f8a8e17260024506,N1,exact,1,verified,
pass_n1_p025_o0742,pass_n1,일단합격JLPT완벽대비N1-단어장.pdf,pass,N1,25,742,,용법,noun,不服,ふふく,불복,不服,ふふく,,불복,word,1,w_9a6bae2446d7aa68,N1,exact,0,verified,문자 좌표 검증 완료; 선형 텍스트 레이어 순서 불일치
pass_n1_p025_o0743,pass_n1,일단합격JLPT완벽대비N1-단어장.pdf,pass,N1,25,743,,용법,,ほどける,ほどける,"(매듭, 끈이) 풀리다",ほどける,ほどける,,"(매듭, 끈이) 풀리다",word,1,,,new,1,verified,
pass_n1_p025_o0744,pass_n1,일단합격JLPT완벽대비N1-단어장.pdf,pass,N1,25,744,,용법,adjective,まちまち,まちまち,"제각각, 가지각색",まちまち,まちまち,,"제각각, 가지각색",word,1,w_d61e38acb4bac891,N1,exact,1,verified,
pass_n1_p025_o0745,pass_n1,일단합격JLPT완벽대비N1-단어장.pdf,pass,N1,25,745,,용법,,見失う,みうしなう,(시야에서) 놓치다,見失う,みうしなう,,(시야에서) 놓치다,word,1,,,new,1,verified,
pass_n1_p025_o0746,pass_n1,일단합격JLPT완벽대비N1-단어장.pdf,pass,N1,25,746,,용법,,目覚ましい,めざましい,"눈부시다, 주목할 만하다",目覚ましい,めざましい,,"눈부시다, 주목할 만하다",word,1,,,new,1,verified,
pass_n1_p025_o0747,pass_n1,일단합격JLPT완벽대비N1-단어장.pdf,pass,N1,25,747,,용법,noun,ゆとり,ゆとり,여유,ゆとり,ゆとり,,여유,word,1,w_f628f0f0985057a9,N1,exact,1,verified,
pass_n1_p025_o0748,pass_n1,일단합격JLPT완벽대비N1-단어장.pdf,pass,N1,25,748,,용법,,連携,れんけい,연계,連携,れんけい,,연계,word,1,,,new,0,verified,문자 좌표 검증 완료; 선형 텍스트 레이어 순서 불일치
pass_n1_p025_o0749,pass_n1,일단합격JLPT완벽대비N1-단어장.pdf,pass,N1,25,749,,용법,verb,怠る,おこたる,"게을리하다, 소홀히 하다",怠る,おこたる,,"게을리하다, 소홀히 하다",word,1,w_31f4845c87d90b85,N2,exact,1,verified,
pass_n1_p025_o0750,pass_n1,일단합격JLPT완벽대비N1-단어장.pdf,pass,N1,25,750,,용법,,広大な,こうだいな,광대한,広大な,こうだいな,,광대한,word,1,,,new,1,verified,
pass_n1_p025_o0751,pass_n1,일단합격JLPT완벽대비N1-단어장.pdf,pass,N1,25,751,,용법,,500人に満たない,500にんにみたない,"500명 이하이다, 500명에 못 미치다",500人に満たない,500にんにみたない,,"500명 이하이다, 500명에 못 미치다",expression,0,,,new,1,verified,"expression 항목: 원본 보존, 앱 기본 목록 제외"
pass_n1_p025_o0752,pass_n1,일단합격JLPT완벽대비N1-단어장.pdf,pass,N1,25,752,,용법,,仕業,しわざ,소행,仕業,しわざ,,소행,word,1,,,new,1,verified,
pass_n1_p025_o0753,pass_n1,일단합격JLPT완벽대비N1-단어장.pdf,pass,N1,25,753,,용법,,総じて,そうじて,"대체로, 전반적으로",総じて,そうじて,,"대체로, 전반적으로",word,1,,,new,1,verified,
pass_n1_p025_o0754,pass_n1,일단합격JLPT완벽대비N1-단어장.pdf,pass,N1,25,754,,용법,,発散,はっさん,발산,発散,はっさん,,발산,word,1,,,new,1,verified,
pass_n1_p025_o0755,pass_n1,일단합격JLPT완벽대비N1-단어장.pdf,pass,N1,25,755,,용법,,秘める,ひめる,숨기다,秘める,ひめる,,숨기다,word,1,,,new,1,verified,
pass_n1_p025_o0756,pass_n1,일단합격JLPT완벽대비N1-단어장.pdf,pass,N1,25,756,,용법,,ブランク,ブランク,"블랭크, 공백",ブランク,ブランク,,"블랭크, 공백",word,1,,,new,1,verified,
pass_n1_p025_o0757,pass_n1,일단합격JLPT완벽대비N1-단어장.pdf,pass,N1,25,757,,용법,noun,見込み,みこみ,"예상, 전망",見込み,みこみ,,"예상, 전망",word,1,w_83f116b04611812d,N1,exact,1,verified,
pass_n1_p025_o0758,pass_n1,일단합격JLPT완벽대비N1-단어장.pdf,pass,N1,25,758,,용법,,無造作に,むぞうさに,"대수롭지 않게, 아무렇게나",無造作に,むぞうさに,,"대수롭지 않게, 아무렇게나",word,1,,,new,1,verified,
pass_n1_p025_o0759,pass_n1,일단합격JLPT완벽대비N1-단어장.pdf,pass,N1,25,759,,용법,noun,免除,めんじょ,면제,免除,めんじょ,,면제,word,1,w_019dd5c0a6f296a6,N1,exact,0,verified,문자 좌표 검증 완료; 선형 텍스트 레이어 순서 불일치
pass_n1_p025_o0760,pass_n1,일단합격JLPT완벽대비N1-단어장.pdf,pass,N1,25,760,,용법,,有数(の小麦生産国),ゆうすう(のこむぎせいさんこく),유수(의 밀 생산국),有数(の小麦生産国),ゆうすう,のこむぎせいさんこく,유수(의 밀 생산국),expression,0,,,new,1,verified,"expression 항목: 원본 보존, 앱 기본 목록 제외"
pass_n1_p025_o0761,pass_n1,일단합격JLPT완벽대비N1-단어장.pdf,pass,N1,25,761,,용법,verb,当てはめる,あてはめる,적용하다,当てはめる,あてはめる,,적용하다,word,1,w_fa06f5ed120b721a,N2,exact,1,verified,
pass_n1_p025_o0762,pass_n1,일단합격JLPT완벽대비N1-단어장.pdf,pass,N1,25,762,,용법,,円滑だ,えんかつだ,원활하다,円滑だ,えんかつだ,,원활하다,word,1,,,new,1,verified,
pass_n1_p026_o0763,pass_n1,일단합격JLPT완벽대비N1-단어장.pdf,pass,N1,26,763,,용법,noun,合致,がっち,"합치, 일치",合致,がっち,,"합치, 일치",word,1,w_346bfcd22325ae98,N1,exact,1,verified,
pass_n1_p026_o0764,pass_n1,일단합격JLPT완벽대비N1-단어장.pdf,pass,N1,26,764,,용법,,かばう,かばう,"두둔하다, 비호하다",かばう,かばう,,"두둔하다, 비호하다",word,1,,,new,1,verified,
pass_n1_p026_o0765,pass_n1,일단합격JLPT완벽대비N1-단어장.pdf,pass,N1,26,765,,용법,,加味する,かみする,가미하다,加味する,かみする,,가미하다,word,1,,,new,1,verified,
pass_n1_p026_o0766,pass_n1,일단합격JLPT완벽대비N1-단어장.pdf,pass,N1,26,766,,용법,,口出し,くちだし,"간섭, 참견",口出し,くちだし,,"간섭, 참견",word,1,,,new,1,verified,
pass_n1_p026_o0767,pass_n1,일단합격JLPT완벽대비N1-단어장.pdf,pass,N1,26,767,,용법,noun,気配,けはい,"기미, 기색",気配,けはい,,"기미, 기색",word,1,w_3abaccd86c46d2c2,N2,exact,1,verified,
pass_n1_p026_o0768,pass_n1,일단합격JLPT완벽대비N1-단어장.pdf,pass,N1,26,768,,용법,noun,処置,しょち,"처치, 조치",処置,しょち,,"처치, 조치",word,1,w_5cc6e6d8ca6204c4,N1,exact,1,verified,
pass_n1_p026_o0769,pass_n1,일단합격JLPT완벽대비N1-단어장.pdf,pass,N1,26,769,,용법,,打開する,だかいする,타개하다,打開する,だかいする,,타개하다,word,1,,,new,1,verified,
pass_n1_p026_o0770,pass_n1,일단합격JLPT완벽대비N1-단어장.pdf,pass,N1,26,770,,용법,,煩雑な,はんざつな,번잡한,煩雑な,はんざつな,,번잡한,word,1,,,new,1,verified,
pass_n1_p026_o0771,pass_n1,일단합격JLPT완벽대비N1-단어장.pdf,pass,N1,26,771,,용법,,拍子,ひょうし,박자,拍子,ひょうし,,박자,word,1,,,new,1,verified,
pass_n1_p026_o0772,pass_n1,일단합격JLPT완벽대비N1-단어장.pdf,pass,N1,26,772,,용법,,優位(に立つ),ゆうい(にたつ),우위(에 서다),優位(に立つ),ゆうい,にたつ,우위(에 서다),expression,0,,,new,1,verified,"expression 항목: 원본 보존, 앱 기본 목록 제외"
pass_n1_p026_o0773,pass_n1,일단합격JLPT완벽대비N1-단어장.pdf,pass,N1,26,773,,용법,,一律に,いちりつに,일률적으로,一律に,いちりつに,,일률적으로,word,1,,,new,1,verified,
pass_n1_p026_o0774,pass_n1,일단합격JLPT완벽대비N1-단어장.pdf,pass,N1,26,774,,용법,,裏腹,うらはら,"정반대, 모순",裏腹,うらはら,,"정반대, 모순",word,1,,,new,1,verified,
pass_n1_p026_o0775,pass_n1,일단합격JLPT완벽대비N1-단어장.pdf,pass,N1,26,775,,용법,,抱え込む,かかえこむ,"끌어안다, 떠맡다",抱え込む,かかえこむ,,"끌어안다, 떠맡다",word,1,,,new,1,verified,
pass_n1_p026_o0776,pass_n1,일단합격JLPT완벽대비N1-단어장.pdf,pass,N1,26,776,,용법,,工面,くめん,자금 마련,工面,くめん,,자금 마련,word,1,,,new,1,verified,
pass_n1_p026_o0777,pass_n1,일단합격JLPT완벽대비N1-단어장.pdf,pass,N1,26,777,,용법,,心構え,こころがまえ,마음가짐,心構え,こころがまえ,,마음가짐,word,1,,,new,1,verified,
pass_n1_p026_o0778,pass_n1,일단합격JLPT완벽대비N1-단어장.pdf,pass,N1,26,778,,용법,,しがみつく,しがみつく,매달리다,しがみつく,しがみつく,,매달리다,word,1,,,new,1,verified,
pass_n1_p026_o0779,pass_n1,일단합격JLPT완벽대비N1-단어장.pdf,pass,N1,26,779,,용법,,損なう,そこなう,손상시키다,損なう,そこなう,,손상시키다,word,1,,,new,1,verified,
pass_n1_p026_o0780,pass_n1,일단합격JLPT완벽대비N1-단어장.pdf,pass,N1,26,780,,용법,,耐えがたい,たえがたい,견디기 힘들다,耐えがたい,たえがたい,,견디기 힘들다,word,1,,,new,1,verified,
pass_n1_p026_o0781,pass_n1,일단합격JLPT완벽대비N1-단어장.pdf,pass,N1,26,781,,용법,verb,携わる,たずさわる,종사하다,携わる,たずさわる,,종사하다,word,1,w_09b5cb042d1d117b,N1,exact,1,verified,
pass_n1_p026_o0782,pass_n1,일단합격JLPT완벽대비N1-단어장.pdf,pass,N1,26,782,,용법,verb,剥がす,はがす,"벗기다, 떼다",剥がす,はがす,,"벗기다, 떼다",word,1,w_0ea31b98d247240b,N2,exact,1,verified,
pass_n1_p026_o0783,pass_n1,일단합격JLPT완벽대비N1-단어장.pdf,pass,N1,26,783,,용법,,人一倍,ひといちばい,"남달리, 남보다 갑절",人一倍,ひといちばい,,"남달리, 남보다 갑절",word,1,,,new,1,verified,
pass_n1_p026_o0784,pass_n1,일단합격JLPT완벽대비N1-단어장.pdf,pass,N1,26,784,,용법,noun,復旧,ふっきゅう,복구,復旧,ふっきゅう,,복구,word,1,w_11ca108439e87cc2,N1,exact,1,verified,
pass_n1_p026_o0785,pass_n1,일단합격JLPT완벽대비N1-단어장.pdf,pass,N1,26,785,,용법,noun,安静,あんせい,안정(환자의 요양),安静,あんせい,,안정(환자의 요양),word,1,w_c5f4082e9000b66c,N1,exact,1,verified,
pass_n1_p026_o0786,pass_n1,일단합격JLPT완벽대비N1-단어장.pdf,pass,N1,26,786,,용법,adverb,今更,いまさら,"이제 와서, 새삼스럽게",今更,いまさら,,"이제 와서, 새삼스럽게",word,1,w_0a8accc59621e4b6,N1,exact,1,verified,
pass_n1_p026_o0787,pass_n1,일단합격JLPT완벽대비N1-단어장.pdf,pass,N1,26,787,,용법,verb,帯びる,おびる,"띠다, 그러한 성질을 지니다",帯びる,おびる,,"띠다, 그러한 성질을 지니다",word,1,w_45d31ebbd1fb2705,N1,exact,1,verified,
pass_n1_p026_o0788,pass_n1,일단합격JLPT완벽대비N1-단어장.pdf,pass,N1,26,788,,용법,,思い詰める,おもいつめる,골똘히 생각하다,思い詰める,おもいつめる,,골똘히 생각하다,word,1,,,new,1,verified,
pass_n1_p026_o0789,pass_n1,일단합격JLPT완벽대비N1-단어장.pdf,pass,N1,26,789,,용법,noun,軌道,きどう,궤도,軌道,きどう,,궤도,word,1,w_901f77d9d5da56ba,N1,exact,1,verified,
pass_n1_p026_o0790,pass_n1,일단합격JLPT완벽대비N1-단어장.pdf,pass,N1,26,790,,용법,,くまなく,くまなく,"구석구석까지, 샅샅이",くまなく,くまなく,,"구석구석까지, 샅샅이",word,1,,,new,1,verified,
pass_n1_p026_o0791,pass_n1,일단합격JLPT완벽대비N1-단어장.pdf,pass,N1,26,791,,용법,,辞任,じにん,사임,辞任,じにん,,사임,word,1,,,new,1,verified,
pass_n1_p026_o0792,pass_n1,일단합격JLPT완벽대비N1-단어장.pdf,pass,N1,26,792,,용법,noun,統合,とうごう,통합,統合,とうごう,,통합,word,1,w_70c7ff4894da64e4,N1,exact,1,verified,
pass_n1_p026_o0793,pass_n1,일단합격JLPT완벽대비N1-단어장.pdf,pass,N1,26,793,,용법,,はなはだしい,はなはだしい,심하다,はなはだしい,はなはだしい,,심하다,word,1,,,new,1,verified,
pass_n1_p026_o0794,pass_n1,일단합격JLPT완벽대비N1-단어장.pdf,pass,N1,26,794,,용법,,人手,ひとで,"일손, 노동력",人手,ひとで,,"일손, 노동력",word,1,,,new,1,verified,
pass_n1_p026_o0795,pass_n1,일단합격JLPT완벽대비N1-단어장.pdf,pass,N1,26,795,,용법,,没頭する,ぼっとうする,몰두하다,没頭する,ぼっとうする,,몰두하다,word,1,,,new,1,verified,
pass_n1_p026_o0796,pass_n1,일단합격JLPT완벽대비N1-단어장.pdf,pass,N1,26,796,,용법,adverb,もはや,もはや,"이미, 벌써",もはや,もはや,,"이미, 벌써",word,1,w_a018889fd8c6dab3,N1,exact,1,verified,
pass_n1_p026_o0797,pass_n1,일단합격JLPT완벽대비N1-단어장.pdf,pass,N1,26,797,,용법,noun,内訳,うちわけ,내역,内訳,うちわけ,,내역,word,1,w_5121b1ef0d5c7900,N1,exact,1,verified,
pass_n1_p026_o0798,pass_n1,일단합격JLPT완벽대비N1-단어장.pdf,pass,N1,26,798,,용법,noun,過密,かみつ,과밀,過密,かみつ,,과밀,word,1,w_71b242684959ddb6,N1,exact,1,verified,
pass_n1_p026_o0799,pass_n1,일단합격JLPT완벽대비N1-단어장.pdf,pass,N1,26,799,,용법,noun,還元,かんげん,환원,還元,かんげん,,환원,word,1,w_05999570d62f5255,N1,exact,1,verified,
pass_n1_p026_o0800,pass_n1,일단합격JLPT완벽대비N1-단어장.pdf,pass,N1,26,800,,용법,,閑静な,かんせいな,"한적한, 조용한",閑静な,かんせいな,,"한적한, 조용한",word,1,,,new,1,verified,
pass_n1_p027_o0801,pass_n1,일단합격JLPT완벽대비N1-단어장.pdf,pass,N1,27,801,,용법,noun,規制,きせい,규제,規制,きせい,,규제,word,1,w_12eb7c44d130d071,N3,exact,1,verified,
pass_n1_p027_o0802,pass_n1,일단합격JLPT완벽대비N1-단어장.pdf,pass,N1,27,802,,용법,verb,食い違う,くいちがう,엇갈리다,食い違う,くいちがう,,엇갈리다,word,1,w_fac3d8bca8a39cc2,N1,exact,1,verified,
pass_n1_p027_o0803,pass_n1,일단합격JLPT완벽대비N1-단어장.pdf,pass,N1,27,803,,용법,,経緯,けいい,"경위, 자초지종",経緯,けいい,,"경위, 자초지종",word,1,,,new,1,verified,
pass_n1_p027_o0804,pass_n1,일단합격JLPT완벽대비N1-단어장.pdf,pass,N1,27,804,,용법,verb,察する,さっする,헤아리다,察する,さっする,,헤아리다,word,1,w_e4b94c58b9499c0e,N1,exact,1,verified,
pass_n1_p027_o0805,pass_n1,일단합격JLPT완벽대비N1-단어장.pdf,pass,N1,27,805,,용법,,退く,しりぞく,"물러나다, 후퇴하다",退く,しりぞく,,"물러나다, 후퇴하다",word,1,,,new,1,verified,
pass_n1_p027_o0806,pass_n1,일단합격JLPT완벽대비N1-단어장.pdf,pass,N1,27,806,,용법,adjective,素早い,すばやい,"재빠르다, 민첩하다",素早い,すばやい,,"재빠르다, 민첩하다",word,1,w_77f8654ddbf12084,N1,exact,1,verified,
pass_n1_p027_o0807,pass_n1,일단합격JLPT완벽대비N1-단어장.pdf,pass,N1,27,807,,용법,adjective,たやすい,たやすい,"쉽다, 용이하다",たやすい,たやすい,,"쉽다, 용이하다",word,1,w_f78bf1d1ec7f3007,N1,exact,1,verified,
pass_n1_p027_o0808,pass_n1,일단합격JLPT완벽대비N1-단어장.pdf,pass,N1,27,808,,용법,noun,入手,にゅうしゅ,입수,入手,にゅうしゅ,,입수,word,1,w_a9dcd7d76f67ce8d,N1,exact,1,verified,
pass_n1_p027_o0809,pass_n1,일단합격JLPT완벽대비N1-단어장.pdf,pass,N1,27,809,,용법,noun,昇進,しょうしん,승진,昇進,しょうしん,,승진,word,1,w_b5926458529be85a,N1,exact,1,verified,
pass_n1_p027_o0810,pass_n1,일단합격JLPT완벽대비N1-단어장.pdf,pass,N1,27,810,,용법,,提起,ていき,제기,提起,ていき,,제기,word,1,,,new,1,verified,
pass_n1_p027_o0811,pass_n1,일단합격JLPT완벽대비N1-단어장.pdf,pass,N1,27,811,,용법,noun,配布,はいふ,배포,配布,はいふ,,배포,word,1,w_82fc7e1459a3e837,N1,exact,1,verified,
pass_n1_p027_o0812,pass_n1,일단합격JLPT완벽대비N1-단어장.pdf,pass,N1,27,812,,용법,noun,発足,ほっそく,발족,発足,ほっそく,,발족,word,1,w_083b291b6922e358,N1,exact,1,verified,
pass_n1_p027_o0813,pass_n1,일단합격JLPT완벽대비N1-단어장.pdf,pass,N1,27,813,,용법,verb,滅びる,ほろびる,멸망하다,滅びる,ほろびる,,멸망하다,word,1,w_014e25ff7ca1690d,N1,exact,1,verified,
pass_n1_p027_o0814,pass_n1,일단합격JLPT완벽대비N1-단어장.pdf,pass,N1,27,814,,용법,verb,見落とす,みおとす,"간과하다, 못 보고 넘기다",見落とす,みおとす,,"간과하다, 못 보고 넘기다",word,1,w_d81776d517d67f96,N1,exact,1,verified,
pass_n1_p027_o0815,pass_n1,일단합격JLPT완벽대비N1-단어장.pdf,pass,N1,27,815,,용법,noun,重複,じゅうふく,중복,重複,じゅうふく,,중복,word,1,w_6c4fceb1976ffbee,N1,exact,1,verified,
pass_n1_p027_o0816,pass_n1,일단합격JLPT완벽대비N1-단어장.pdf,pass,N1,27,816,,용법,,拠点,きょてん,거점,拠点,きょてん,,거점,word,1,,,new,1,verified,
pass_n1_p027_o0817,pass_n1,일단합격JLPT완벽대비N1-단어장.pdf,pass,N1,27,817,,용법,,真っ先,まっっさき,제일 먼저,真っ先,まっっさき,,제일 먼저,word,1,,,surface_only,1,verified,
pass_n1_p027_o0818,pass_n1,일단합격JLPT완벽대비N1-단어장.pdf,pass,N1,27,818,,용법,,緊密,きんみつ,긴밀,緊密,きんみつ,,긴밀,word,1,,,new,1,verified,
pass_n1_p027_o0819,pass_n1,일단합격JLPT완벽대비N1-단어장.pdf,pass,N1,27,819,,용법,verb,遂げる,とげる,완수하다,遂げる,とげる,,완수하다,word,1,w_836d5777bba22e82,N1,exact,1,verified,
pass_n1_p027_o0820,pass_n1,일단합격JLPT완벽대비N1-단어장.pdf,pass,N1,27,820,,용법,,うなだれる,うなだれる,고개를 숙이다,うなだれる,うなだれる,,고개를 숙이다,word,1,,,new,1,verified,
pass_n1_p027_o0821,pass_n1,일단합격JLPT완벽대비N1-단어장.pdf,pass,N1,27,821,,용법,,巧みだ,たくみだ,"정교하다, 능숙하다",巧みだ,たくみだ,,"정교하다, 능숙하다",word,1,,,new,1,verified,
pass_n1_p027_o0822,pass_n1,일단합격JLPT완벽대비N1-단어장.pdf,pass,N1,27,822,,용법,,配属,はいぞく,배속,配属,はいぞく,,배속,word,1,,,new,1,verified,
pass_n1_p027_o0823,pass_n1,일단합격JLPT완벽대비N1-단어장.pdf,pass,N1,27,823,,용법,,乗り出す,のりだす,"적극적으로 나서다, 착수하다",乗り出す,のりだす,,"적극적으로 나서다, 착수하다",word,1,,,new,1,verified,
pass_n1_p027_o0824,pass_n1,일단합격JLPT완벽대비N1-단어장.pdf,pass,N1,27,824,,용법,,面識,めんしき,면식,面識,めんしき,,면식,word,1,,,new,1,verified,
pass_n1_p027_o0825,pass_n1,일단합격JLPT완벽대비N1-단어장.pdf,pass,N1,27,825,,용법,,抜粋,ばっすい,발췌,抜粋,ばっすい,,발췌,word,1,,,new,1,verified,
pass_n1_p027_o0826,pass_n1,일단합격JLPT완벽대비N1-단어장.pdf,pass,N1,27,826,,용법,noun,心当たり,こころあたり,"짐작가는 데, 마음 짚이는 곳",心当たり,こころあたり,,"짐작가는 데, 마음 짚이는 곳",word,1,w_826d95074900597b,N2,exact,1,verified,
pass_n1_p027_o0827,pass_n1,일단합격JLPT완벽대비N1-단어장.pdf,pass,N1,27,827,,용법,,作動,さどう,작동,作動,さどう,,작동,word,1,,,new,1,verified,
pass_n1_p027_o0828,pass_n1,일단합격JLPT완벽대비N1-단어장.pdf,pass,N1,27,828,,용법,verb,備え付ける,そなえつける,설치하다,備え付ける,そなえつける,,설치하다,word,1,w_d0e99ca4b464e4f1,N1,exact,1,verified,
pass_n1_p027_o0829,pass_n1,일단합격JLPT완벽대비N1-단어장.pdf,pass,N1,27,829,,용법,verb,かさばる,かさばる,부피가 커지다,かさばる,かさばる,,부피가 커지다,word,1,w_3ed43a6a0116d395,N1,exact,1,verified,
pass_n1_p027_o0830,pass_n1,일단합격JLPT완벽대비N1-단어장.pdf,pass,N1,27,830,,용법,,交錯,こうさく,"뒤섞여 엇갈림, 교차",交錯,こうさく,,"뒤섞여 엇갈림, 교차",word,1,,,new,1,verified,
pass_n1_p027_o0831,pass_n1,일단합격JLPT완벽대비N1-단어장.pdf,pass,N1,27,831,,용법,adjective,しぶとい,しぶとい,"고집이 세고 주눅들지 않다, 끈질기다, 강인하다",しぶとい,しぶとい,,"고집이 세고 주눅들지 않다, 끈질기다, 강인하다",word,1,w_ce0807a7c50748e8,N1,exact,0,verified,문자 좌표 검증 완료; 선형 텍스트 레이어 순서 불일치
pass_n1_p027_o0832,pass_n1,일단합격JLPT완벽대비N1-단어장.pdf,pass,N1,27,832,,용법,,基調,きちょう,"(1) 그림(장식 등에서 중심이 되는 색상) (2) 사상(작품, 행동 등의 바닥에 있는 기본 사고)",基調,きちょう,,"(1) 그림(장식 등에서 중심이 되는 색상) (2) 사상(작품, 행동 등의 바닥에 있는 기본 사고)",word,1,,,new,0,verified,문자 좌표 검증 완료; 선형 텍스트 레이어 순서 불일치
pass_n1_p028_o0833,pass_n1,일단합격JLPT완벽대비N1-단어장.pdf,pass,N1,28,833,,용법,adjective,簡素,かんそ,간소,簡素,かんそ,,간소,word,1,w_03b1370053e33a1b,N1,exact,1,verified,
pass_n1_p028_o0834,pass_n1,일단합격JLPT완벽대비N1-단어장.pdf,pass,N1,28,834,,용법,,解明,かいめい,해명,解明,かいめい,,해명,word,1,,,new,1,verified,
pass_n1_p028_o0835,pass_n1,일단합격JLPT완벽대비N1-단어장.pdf,pass,N1,28,835,,용법,,ほほえましい,ほほえましい,흐뭇하다,ほほえましい,ほほえましい,,흐뭇하다,word,1,,,new,1,verified,
pass_n1_p028_o0836,pass_n1,일단합격JLPT완벽대비N1-단어장.pdf,pass,N1,28,836,,용법,noun,目安,めやす,(1) 목표 (2) 기준,目安,めやす,,(1) 목표 (2) 기준,word,1,w_c3a132674797ae46,N2,exact,1,verified,
pass_n1_p028_o0837,pass_n1,일단합격JLPT완벽대비N1-단어장.pdf,pass,N1,28,837,,용법,noun,様相,ようそう,"양상, 모습, 상태",様相,ようそう,,"양상, 모습, 상태",word,1,w_a19a73dbda83fd7f,N1,exact,1,verified,
pass_n1_p028_o0838,pass_n1,일단합격JLPT완벽대비N1-단어장.pdf,pass,N1,28,838,,용법,verb,交える,まじえる,"섞다, 끼게 하다",交える,まじえる,,"섞다, 끼게 하다",word,1,w_881322f89bfe9fe6,N1,exact,1,verified,
pass_n1_p028_o0839,pass_n1,일단합격JLPT완벽대비N1-단어장.pdf,pass,N1,28,839,,용법,noun,要望,ようぼう,요망,要望,ようぼう,,요망,word,1,w_cbaba4f7dcc50dea,N1,exact,1,verified,
pass_n1_p028_o0840,pass_n1,일단합격JLPT완벽대비N1-단어장.pdf,pass,N1,28,840,,용법,verb,覆す,くつがえす,뒤엎다,覆す,くつがえす,,뒤엎다,word,1,w_f1d351fe8f52981c,N1,exact,1,verified,
pass_n1_p028_o0841,pass_n1,일단합격JLPT완벽대비N1-단어장.pdf,pass,N1,28,841,,용법,,繁盛,はんじょう,"(사업, 장사 등의)번창",繁盛,はんじょう,,"(사업, 장사 등의)번창",word,1,,,new,1,verified,
pass_n1_p028_o0842,pass_n1,일단합격JLPT완벽대비N1-단어장.pdf,pass,N1,28,842,,용법,,くじける,くじける,"꺾이다, 굴하다, 좌절하다",くじける,くじける,,"꺾이다, 굴하다, 좌절하다",word,1,,,new,1,verified,
pass_n1_p028_o0843,pass_n1,일단합격JLPT완벽대비N1-단어장.pdf,pass,N1,28,843,,용법,,ひたむき,ひたむき,"한 가지 일에 전념함, 한결같음, 오로지",ひたむき,ひたむき,,"한 가지 일에 전념함, 한결같음, 오로지",word,1,,,new,1,verified,
pass_n1_p028_o0844,pass_n1,일단합격JLPT완벽대비N1-단어장.pdf,pass,N1,28,844,,용법,,互角,ごかく,"호각, 비등함",互角,ごかく,,"호각, 비등함",word,1,,,new,1,verified,
pass_n1_p028_o0845,pass_n1,일단합격JLPT완벽대비N1-단어장.pdf,pass,N1,28,845,,용법,adverb,もはや,もはや,"이미, 어느새",もはや,もはや,,"이미, 어느새",word,1,w_a018889fd8c6dab3,N1,exact,1,verified,
pass_n1_p028_o0846,pass_n1,일단합격JLPT완벽대비N1-단어장.pdf,pass,N1,28,846,,용법,adjective,円滑,えんかつ,원활,円滑,えんかつ,,원활,word,1,w_ff5bb644bea31e23,N1,exact,1,verified,
pass_n1_p028_o0847,pass_n1,일단합격JLPT완벽대비N1-단어장.pdf,pass,N1,28,847,,용법,verb,怠る,おこたる,"소홀히 하다, 태만히 하다",怠る,おこたる,,"소홀히 하다, 태만히 하다",word,1,w_31f4845c87d90b85,N2,exact,1,verified,
pass_n1_p028_o0848,pass_n1,일단합격JLPT완벽대비N1-단어장.pdf,pass,N1,28,848,,용법,noun,失脚,しっきゃく,실각,失脚,しっきゃく,,실각,word,1,w_ed46d501fadd1058,N1,exact,1,verified,
pass_n1_p028_o0849,pass_n1,일단합격JLPT완벽대비N1-단어장.pdf,pass,N1,28,849,,용법,noun,収容,しゅうよう,수용,収容,しゅうよう,,수용,word,1,w_335898309259b924,N1,exact,1,verified,
pass_n1_p028_o0850,pass_n1,일단합격JLPT완벽대비N1-단어장.pdf,pass,N1,28,850,,용법,adverb,実に,じつに,실로,実に,じつに,,실로,word,1,w_2de3e45eed19bba2,N3,exact,1,verified,
pass_n1_p028_o0851,pass_n1,일단합격JLPT완벽대비N1-단어장.pdf,pass,N1,28,851,,용법,noun,絶滅,ぜつめつ,"절멸, 멸종",絶滅,ぜつめつ,,"절멸, 멸종",word,1,w_6f522f37c07de4b3,N3,exact,1,verified,
pass_n1_p028_o0852,pass_n1,일단합격JLPT완벽대비N1-단어장.pdf,pass,N1,28,852,,용법,adjective,素早い,すばやい,"재빠르다, 신속하다",素早い,すばやい,,"재빠르다, 신속하다",word,1,w_77f8654ddbf12084,N1,exact,1,verified,
pass_n1_p028_o0853,pass_n1,일단합격JLPT완벽대비N1-단어장.pdf,pass,N1,28,853,,용법,,露骨に,ろこつに,노골적으로,露骨に,ろこつに,,노골적으로,word,1,,,new,1,verified,
pass_n1_p028_o0854,pass_n1,일단합격JLPT완벽대비N1-단어장.pdf,pass,N1,28,854,,용법,noun,交付,こうふ,교부,交付,こうふ,,교부,word,1,w_5a0d066d346c647e,N1,exact,1,verified,
pass_n1_p028_o0855,pass_n1,일단합격JLPT완벽대비N1-단어장.pdf,pass,N1,28,855,,용법,,かたくな,かたくな,"완고함, 고집스러움",かたくな,かたくな,,"완고함, 고집스러움",word,1,,,new,1,verified,
pass_n1_p028_o0856,pass_n1,일단합격JLPT완벽대비N1-단어장.pdf,pass,N1,28,856,,용법,,なつく,なつく,친해져서 따르다,なつく,なつく,,친해져서 따르다,word,1,,,new,1,verified,
pass_n1_p028_o0857,pass_n1,일단합격JLPT완벽대비N1-단어장.pdf,pass,N1,28,857,,용법,,均等,きんとう,균등,均等,きんとう,,균등,word,1,,,new,1,verified,
pass_n1_p028_o0858,pass_n1,일단합격JLPT완벽대비N1-단어장.pdf,pass,N1,28,858,,용법,,リタイア,リタイア,"(1) 기권 (2) 퇴직, 퇴직",リタイア,リタイア,,"(1) 기권 (2) 퇴직, 퇴직",word,1,,,new,1,verified,
pass_n1_p028_o0859,pass_n1,일단합격JLPT완벽대비N1-단어장.pdf,pass,N1,28,859,,용법,,押収,おうしゅう,압수,押収,おうしゅう,,압수,word,1,,,new,1,verified,
pass_n1_p028_o0860,pass_n1,일단합격JLPT완벽대비N1-단어장.pdf,pass,N1,28,860,,용법,adjective,望ましい,のぞましい,바람직하다,望ましい,のぞましい,,바람직하다,word,1,w_b30f2ba2d537c3c3,N1,exact,1,verified,
pass_n1_p028_o0861,pass_n1,일단합격JLPT완벽대비N1-단어장.pdf,pass,N1,28,861,,용법,noun,本場,ほんば,(1) 본고장 (2) 주요 산지,本場,ほんば,,(1) 본고장 (2) 주요 산지,word,1,w_ffb7a79898856f5f,N1,exact,1,verified,
pass_n1_p028_o0862,pass_n1,일단합격JLPT완벽대비N1-단어장.pdf,pass,N1,28,862,,용법,,秘める,ひめる,(1) 숨기다 (2) 간직하다,秘める,ひめる,,(1) 숨기다 (2) 간직하다,word,1,,,new,1,verified,
pass_n1_p028_o0863,pass_n1,일단합격JLPT완벽대비N1-단어장.pdf,pass,N1,28,863,,용법,,結末,けつまつ,결말,結末,けつまつ,,결말,word,1,,,new,1,verified,
pass_n1_p028_o0864,pass_n1,일단합격JLPT완벽대비N1-단어장.pdf,pass,N1,28,864,,용법,,そそる,そそる,"(어떤 행동, 감정 등을)자아내다, 돋우다",そそる,そそる,,"(어떤 행동, 감정 등을)자아내다, 돋우다",word,1,,,new,1,verified,
pass_n1_p028_o0865,pass_n1,일단합격JLPT완벽대비N1-단어장.pdf,pass,N1,28,865,,용법,,遮断,しゃだん,차단,遮断,しゃだん,,차단,word,1,,,new,1,verified,
pass_n1_p028_o0866,pass_n1,일단합격JLPT완벽대비N1-단어장.pdf,pass,N1,28,866,,용법,noun,要請,ようせい,요청,要請,ようせい,,요청,word,1,w_87b1db1bbd282a70,N1,exact,1,verified,
pass_n1_p028_o0867,pass_n1,일단합격JLPT완벽대비N1-단어장.pdf,pass,N1,28,867,,용법,,ぎこちない,ぎこちない,"어색하다, 부자연스럽다",ぎこちない,ぎこちない,,"어색하다, 부자연스럽다",word,1,,,new,1,verified,
pass_n1_p029_o0868,pass_n1,일단합격JLPT완벽대비N1-단어장.pdf,pass,N1,29,868,,용법,,断じて,だんじて,"결코, 절대 (~하지 않다)",断じて,だんじて,,"결코, 절대 (~하지 않다)",word,1,,,new,1,verified,
pass_n1_p029_o0869,pass_n1,일단합격JLPT완벽대비N1-단어장.pdf,pass,N1,29,869,,용법,,出荷,しゅっか,출하,出荷,しゅっか,,출하,word,1,,,new,1,verified,
pass_n1_p029_o0870,pass_n1,일단합격JLPT완벽대비N1-단어장.pdf,pass,N1,29,870,,용법,verb,譲る,ゆずる,(1)양보하다 (2)물려주다 (3)팔아 넘기다,譲る,ゆずる,,(1)양보하다 (2)물려주다 (3)팔아 넘기다,word,1,w_5fc6f3395ad821a2,N3,exact,1,verified,
pass_n1_p029_o0871,pass_n1,일단합격JLPT완벽대비N1-단어장.pdf,pass,N1,29,871,,용법,,底力,そこぢから,저력,底力,そこぢから,,저력,word,1,,,new,1,verified,
pass_n1_p029_o0872,pass_n1,일단합격JLPT완벽대비N1-단어장.pdf,pass,N1,29,872,,용법,,絶大,ぜつだい,"절대, 아주 큼",絶大,ぜつだい,,"절대, 아주 큼",word,1,,,new,1,verified,
pass_n1_p029_o0873,pass_n1,일단합격JLPT완벽대비N1-단어장.pdf,pass,N1,29,873,,용법,,手痛い,ていたい,"(비판, 타격, 손해, 실수 등) 심하다, 뼈아프다",手痛い,ていたい,,"(비판, 타격, 손해, 실수 등) 심하다, 뼈아프다",word,1,,,new,0,verified,문자 좌표 검증 완료; 선형 텍스트 레이어 순서 불일치
pass_n1_p029_o0874,pass_n1,일단합격JLPT완벽대비N1-단어장.pdf,pass,N1,29,874,,용법,,誘致,ゆうち,유치,誘致,ゆうち,,유치,word,1,,,new,1,verified,
pass_n1_p029_o0875,pass_n1,일단합격JLPT완벽대비N1-단어장.pdf,pass,N1,29,875,,용법,,兆し,きざし,"징조, 조짐, 낌새",兆し,きざし,,"징조, 조짐, 낌새",word,1,,,new,1,verified,
pass_n1_p029_o0876,pass_n1,일단합격JLPT완벽대비N1-단어장.pdf,pass,N1,29,876,,용법,noun,収容,しゅうよう,수용,収容,しゅうよう,,수용,word,1,w_335898309259b924,N1,exact,1,verified,
pass_n1_p029_o0877,pass_n1,일단합격JLPT완벽대비N1-단어장.pdf,pass,N1,29,877,,용법,,さえる,さえる,"(1)맑고 깨끗하다 (2)잠이 깨다, 머리가 맑아지다",さえる,さえる,,"(1)맑고 깨끗하다 (2)잠이 깨다, 머리가 맑아지다",word,1,,,new,0,verified,문자 좌표 검증 완료; 선형 텍스트 레이어 순서 불일치
pass_n1_p029_o0878,pass_n1,일단합격JLPT완벽대비N1-단어장.pdf,pass,N1,29,878,,용법,,痛烈,つうれつ,"통렬, 호됨",痛烈,つうれつ,,"통렬, 호됨",word,1,,,new,1,verified,
pass_n1_p029_o0879,pass_n1,일단합격JLPT완벽대비N1-단어장.pdf,pass,N1,29,879,,용법,,完結,かんけつ,완결,完結,かんけつ,,완결,word,1,,,new,1,verified,
pass_n1_p029_o0880,pass_n1,일단합격JLPT완벽대비N1-단어장.pdf,pass,N1,29,880,,용법,,もろい,もろい,"무르다, 약하다, 깨지기 쉽다",もろい,もろい,,"무르다, 약하다, 깨지기 쉽다",word,1,,,new,1,verified,
pass_n1_p029_o0881,pass_n1,일단합격JLPT완벽대비N1-단어장.pdf,pass,N1,29,881,,용법,,解約,かいやく,해약,解約,かいやく,,해약,word,1,,,new,1,verified,
pass_n1_p029_o0882,pass_n1,일단합격JLPT완벽대비N1-단어장.pdf,pass,N1,29,882,,용법,noun,特産,とくさん,특산,特産,とくさん,,특산,word,1,w_7024ae3b3408d539,N1,exact,1,verified,
pass_n1_p029_o0883,pass_n1,일단합격JLPT완벽대비N1-단어장.pdf,pass,N1,29,883,,용법,,問い詰める,といつめる,"캐묻다, 추궁하다, 따지다",問い詰める,といつめる,,"캐묻다, 추궁하다, 따지다",word,1,,,new,1,verified,
pass_n1_p029_o0884,pass_n1,일단합격JLPT완벽대비N1-단어장.pdf,pass,N1,29,884,,용법,noun,改修,かいしゅう,"개수, 수리, 보수",改修,かいしゅう,,"개수, 수리, 보수",word,1,w_fd6a5a3f6cad9241,N1,exact,1,verified,
pass_n1_p029_o0885,pass_n1,일단합격JLPT완벽대비N1-단어장.pdf,pass,N1,29,885,,용법,,手厚い,てあつい,"극진하다, 융숭하다",手厚い,てあつい,,"극진하다, 융숭하다",word,1,,,new,1,verified,
pass_n1_p029_o0886,pass_n1,일단합격JLPT완벽대비N1-단어장.pdf,pass,N1,29,886,,용법,,デマ,デマ,"헛소문, 유언비어, 가짜 뉴스",デマ,デマ,,"헛소문, 유언비어, 가짜 뉴스",word,1,,,new,1,verified,
pass_n1_p029_o0887,pass_n1,일단합격JLPT완벽대비N1-단어장.pdf,pass,N1,29,887,,용법,,風潮,ふうちょう,풍조,風潮,ふうちょう,,풍조,word,1,,,new,1,verified,
pass_n1_p029_o0888,pass_n1,일단합격JLPT완벽대비N1-단어장.pdf,pass,N1,29,888,,용법,verb,もたらす,もたらす,"가져오다, 초래하다",もたらす,もたらす,,"가져오다, 초래하다",word,1,w_8b0655d592da5722,N1,exact,1,verified,
pass_n1_p029_o0889,pass_n1,일단합격JLPT완벽대비N1-단어장.pdf,pass,N1,29,889,,용법,,撤回,てっかい,철회,撤回,てっかい,,철회,word,1,,,new,1,verified,
pass_n1_p029_o0890,pass_n1,일단합격JLPT완벽대비N1-단어장.pdf,pass,N1,29,890,,용법,,補填,ほてん,"보전(손실, 적자 등 부족한 부분을 채움)",補填,ほてん,,"보전(손실, 적자 등 부족한 부분을 채움)",word,1,,,new,1,verified,
pass_n1_p029_o0891,pass_n1,일단합격JLPT완벽대비N1-단어장.pdf,pass,N1,29,891,,용법,adverb,ずばり,ずばり,"(정곡, 핵심 등을 정확히 찌르는 모양)바로, 정확히",ずばり,ずばり,,"(정곡, 핵심 등을 정확히 찌르는 모양)바로, 정확히",word,1,w_07fdd31838199aaa,N1,exact,0,verified,문자 좌표 검증 완료; 선형 텍스트 레이어 순서 불일치
pass_n1_p029_o0892,pass_n1,일단합격JLPT완벽대비N1-단어장.pdf,pass,N1,29,892,,용법,,コンスタント,コンスタント,일정한 모양,コンスタント,コンスタント,,일정한 모양,word,1,,,new,1,verified,
pass_n1_p029_o0893,pass_n1,일단합격JLPT완벽대비N1-단어장.pdf,pass,N1,29,893,,용법,noun,加工,かこう,가공,加工,かこう,,가공,word,1,w_2e1e954992370fb5,N1,exact,1,verified,
pass_n1_p029_o0894,pass_n1,일단합격JLPT완벽대비N1-단어장.pdf,pass,N1,29,894,,용법,verb,養う,やしなう,"기르다, 양육하다",養う,やしなう,,"기르다, 양육하다",word,1,w_d987b1d8bd0c3c4e,N1,exact,1,verified,
pass_n1_p029_o0895,pass_n1,일단합격JLPT완벽대비N1-단어장.pdf,pass,N1,29,895,,용법,,資質,ししつ,자질,資質,ししつ,,자질,word,1,,,new,1,verified,
pass_n1_p029_o0896,pass_n1,일단합격JLPT완벽대비N1-단어장.pdf,pass,N1,29,896,,용법,,ありきたり,ありきたり,"흔함, 평범함",ありきたり,ありきたり,,"흔함, 평범함",word,1,,,new,1,verified,
pass_n1_p029_o0897,pass_n1,일단합격JLPT완벽대비N1-단어장.pdf,pass,N1,29,897,,용법,noun,間柄,あいだがら,"사이, 관계",間柄,あいだがら,,"사이, 관계",word,1,w_8f8c00e7497568ce,N1,exact,1,verified,
pass_n1_p029_o0898,pass_n1,일단합격JLPT완벽대비N1-단어장.pdf,pass,N1,29,898,,용법,adjective,正当,せいとう,정당,正当,せいとう,,정당,word,1,w_a79d251aabe4dbff,N1,exact,1,verified,
pass_n3_p004_o0001,pass_n3,일단합격JLPT완벽대비N3-단어장.pdf,pass,N3,4,1,,한자 읽기,noun,岩,いわ,바위,岩,いわ,,바위,word,1,w_876ce9a1dd2dbf62,N3,exact,1,verified,
pass_n3_p004_o0002,pass_n3,일단합격JLPT완벽대비N3-단어장.pdf,pass,N3,4,2,,한자 읽기,,~件(会議の件),~けん(かいぎのけん),~건(회의 건),~件(会議の件),~けん,かいぎのけん,~건(회의 건),pattern,0,,,new,1,verified,"pattern 항목: 원본 보존, 앱 기본 목록 제외"
pass_n3_p004_o0003,pass_n3,일단합격JLPT완벽대비N3-단어장.pdf,pass,N3,4,3,,한자 읽기,noun,通勤,つうきん,통근,通勤,つうきん,,통근,word,1,w_d433461e71e6b73c,N2,exact,1,verified,
pass_n3_p004_o0004,pass_n3,일단합격JLPT완벽대비N3-단어장.pdf,pass,N3,4,4,,한자 읽기,,努力,どりょく,노력,努力,どりょく,,노력,word,1,,,new,1,verified,
pass_n3_p004_o0005,pass_n3,일단합격JLPT완벽대비N3-단어장.pdf,pass,N3,4,5,,한자 읽기,noun,発見,はっけん,발견,発見,はっけん,,발견,word,1,w_eb0239780921c04f,N3,exact,1,verified,
pass_n3_p004_o0006,pass_n3,일단합격JLPT완벽대비N3-단어장.pdf,pass,N3,4,6,,한자 읽기,,得意な,とくいな,"자신 있는, 잘하는",得意な,とくいな,,"자신 있는, 잘하는",word,1,,,new,1,verified,
pass_n3_p004_o0007,pass_n3,일단합격JLPT완벽대비N3-단어장.pdf,pass,N3,4,7,,한자 읽기,verb,表す,あらわす,나타내다,表す,あらわす,,나타내다,word,1,w_df7a287483888d5b,N3,exact,1,verified,
pass_n3_p004_o0008,pass_n3,일단합격JLPT완벽대비N3-단어장.pdf,pass,N3,4,8,,한자 읽기,verb,包む,つつむ,포장하다,包む,つつむ,,포장하다,word,1,w_8c799d8b46187b9c,N4,exact,1,verified,
pass_n3_p004_o0009,pass_n3,일단합격JLPT완벽대비N3-단어장.pdf,pass,N3,4,9,,한자 읽기,noun,息,いき,숨,息,いき,,숨,word,1,w_f9b24979cc8d4767,N3,exact,1,verified,
pass_n3_p004_o0010,pass_n3,일단합격JLPT완벽대비N3-단어장.pdf,pass,N3,4,10,,한자 읽기,,空席,くうせき,"공석, 빈자리",空席,くうせき,,"공석, 빈자리",word,1,,,new,1,verified,
pass_n3_p004_o0011,pass_n3,일단합격JLPT완벽대비N3-단어장.pdf,pass,N3,4,11,,한자 읽기,noun,失業,しつぎょう,실업,失業,しつぎょう,,실업,word,1,w_8860727e4e6ef77a,N3,exact,1,verified,
pass_n3_p004_o0012,pass_n3,일단합격JLPT완벽대비N3-단어장.pdf,pass,N3,4,12,,한자 읽기,noun,夫婦,ふうふ,부부,夫婦,ふうふ,,부부,word,1,w_7ceb38af28076e64,N3,exact,1,verified,
pass_n3_p004_o0013,pass_n3,일단합격JLPT완벽대비N3-단어장.pdf,pass,N3,4,13,,한자 읽기,,移す,うつす,옮기다,移す,うつす,,옮기다,word,1,,,new,1,verified,
pass_n3_p004_o0014,pass_n3,일단합격JLPT완벽대비N3-단어장.pdf,pass,N3,4,14,,한자 읽기,verb,組む,くむ,"짜다, 맞추다",組む,くむ,,"짜다, 맞추다",word,1,w_d15e0f07b88902ba,N3,exact,1,verified,
pass_n3_p004_o0015,pass_n3,일단합격JLPT완벽대비N3-단어장.pdf,pass,N3,4,15,,한자 읽기,noun,順番,じゅんばん,"순서, 순번",順番,じゅんばん,,"순서, 순번",word,1,w_ba7dc722f3b85b73,N3,exact,1,verified,
pass_n3_p004_o0016,pass_n3,일단합격JLPT완벽대비N3-단어장.pdf,pass,N3,4,16,,한자 읽기,noun,苦労,くろう,고생,苦労,くろう,,고생,word,1,w_a3f3586c67d16706,N3,exact,1,verified,
pass_n3_p004_o0017,pass_n3,일단합격JLPT완벽대비N3-단어장.pdf,pass,N3,4,17,,한자 읽기,noun,応募,おうぼ,응모,応募,おうぼ,,응모,word,1,w_410160033c0799ae,N1,exact,1,verified,
pass_n3_p004_o0018,pass_n3,일단합격JLPT완벽대비N3-단어장.pdf,pass,N3,4,18,,한자 읽기,noun,首都,しゅと,수도,首都,しゅと,,수도,word,1,w_f9d39adf4e9e1c33,N3,exact,1,verified,
pass_n3_p004_o0019,pass_n3,일단합격JLPT완벽대비N3-단어장.pdf,pass,N3,4,19,,한자 읽기,noun,単語,たんご,단어,単語,たんご,,단어,word,1,w_615accc201a27c29,N3,exact,1,verified,
pass_n3_p004_o0020,pass_n3,일단합격JLPT완벽대비N3-단어장.pdf,pass,N3,4,20,,한자 읽기,noun,地球,ちきゅう,지구,地球,ちきゅう,,지구,word,1,w_dd98e683daac860a,N3,exact,1,verified,
pass_n3_p004_o0021,pass_n3,일단합격JLPT완벽대비N3-단어장.pdf,pass,N3,4,21,,한자 읽기,,発表,はっぴょう,발표,発表,はっぴょう,,발표,word,1,,,new,1,verified,
pass_n3_p004_o0022,pass_n3,일단합격JLPT완벽대비N3-단어장.pdf,pass,N3,4,22,,한자 읽기,verb,遅れる,おくれる,늦다,遅れる,おくれる,,늦다,word,1,w_75463e15ecd9d0bd,N4,exact,1,verified,
pass_n3_p004_o0023,pass_n3,일단합격JLPT완벽대비N3-단어장.pdf,pass,N3,4,23,,한자 읽기,noun,協力,きょうりょく,협력,協力,きょうりょく,,협력,word,1,w_d67fe8342b4669a1,N3,exact,1,verified,
pass_n3_p004_o0024,pass_n3,일단합격JLPT완벽대비N3-단어장.pdf,pass,N3,4,24,,한자 읽기,noun,疑問,ぎもん,"의문, 질문",疑問,ぎもん,,"의문, 질문",word,1,w_3c00a12500af9b49,N3,exact,1,verified,
pass_n3_p004_o0025,pass_n3,일단합격JLPT완벽대비N3-단어장.pdf,pass,N3,4,25,,한자 읽기,noun,過去,かこ,과거,過去,かこ,,과거,word,1,w_2ded2da7677ec792,N3,exact,1,verified,
pass_n3_p004_o0026,pass_n3,일단합격JLPT완벽대비N3-단어장.pdf,pass,N3,4,26,,한자 읽기,noun,到着,とうちゃく,도착,到着,とうちゃく,,도착,word,1,w_92dc5af18aa120b2,N3,exact,1,verified,
pass_n3_p004_o0027,pass_n3,일단합격JLPT완벽대비N3-단어장.pdf,pass,N3,4,27,,한자 읽기,verb,折る,おる,"접다, 굽히다",折る,おる,,"접다, 굽히다",word,1,w_5395c758c9404f88,N4,exact,1,verified,
pass_n3_p004_o0028,pass_n3,일단합격JLPT완벽대비N3-단어장.pdf,pass,N3,4,28,,한자 읽기,noun,情報,じょうほう,정보,情報,じょうほう,,정보,word,1,w_c297098c4220a11c,N3,exact,1,verified,
pass_n3_p004_o0029,pass_n3,일단합격JLPT완벽대비N3-단어장.pdf,pass,N3,4,29,,한자 읽기,noun,値段,ねだん,가격,値段,ねだん,,가격,word,1,w_d98d809b8fca7f44,N4,exact,1,verified,
pass_n3_p004_o0030,pass_n3,일단합격JLPT완벽대비N3-단어장.pdf,pass,N3,4,30,,한자 읽기,adjective,深い,ふかい,깊다,深い,ふかい,,깊다,word,1,w_3e7498521a3fc873,N4,exact,1,verified,
pass_n3_p004_o0031,pass_n3,일단합격JLPT완벽대비N3-단어장.pdf,pass,N3,4,31,,한자 읽기,verb,返す,かえす,돌려주다,返す,かえす,,돌려주다,word,1,w_113c116f7b2b3d71,N5,exact,1,verified,
pass_n3_p004_o0032,pass_n3,일단합격JLPT완벽대비N3-단어장.pdf,pass,N3,4,32,,한자 읽기,,表面,ひょうめん,표면,表面,ひょうめん,,표면,word,1,,,new,1,verified,
pass_n3_p004_o0033,pass_n3,일단합격JLPT완벽대비N3-단어장.pdf,pass,N3,4,33,,한자 읽기,noun,汗,あせ,땀,汗,あせ,,땀,word,1,w_5ac97f7fa08e9044,N3,exact,1,verified,
pass_n3_p004_o0034,pass_n3,일단합격JLPT완벽대비N3-단어장.pdf,pass,N3,4,34,,한자 읽기,verb,配る,くばる,나누어 주다,配る,くばる,,나누어 주다,word,1,w_1954b22e948706ba,N2,exact,1,verified,
pass_n3_p004_o0035,pass_n3,일단합격JLPT완벽대비N3-단어장.pdf,pass,N3,4,35,,한자 읽기,noun,完成,かんせい,완성,完成,かんせい,,완성,word,1,w_71bcd3743c50309a,N3,exact,1,verified,
pass_n3_p004_o0036,pass_n3,일단합격JLPT완벽대비N3-단어장.pdf,pass,N3,4,36,,한자 읽기,noun,島,しま,섬,島,しま,,섬,word,1,w_c64315d4b97b6060,N4,exact,1,verified,
pass_n3_p005_o0037,pass_n3,일단합격JLPT완벽대비N3-단어장.pdf,pass,N3,5,37,,한자 읽기,verb,困る,こまる,곤란하다,困る,こまる,,곤란하다,word,1,w_00fd5c7d88fb19d3,N5,exact,1,verified,
pass_n3_p005_o0038,pass_n3,일단합격JLPT완벽대비N3-단어장.pdf,pass,N3,5,38,,한자 읽기,adverb,平日,へいじつ,평일,平日,へいじつ,,평일,word,1,w_4a5f0928867e842c,N2,exact,1,verified,
pass_n3_p005_o0039,pass_n3,일단합격JLPT완벽대비N3-단어장.pdf,pass,N3,5,39,,한자 읽기,noun,卒業,そつぎょう,졸업,卒業,そつぎょう,,졸업,word,1,w_6faad024e90604f7,N4,exact,1,verified,
pass_n3_p005_o0040,pass_n3,일단합격JLPT완벽대비N3-단어장.pdf,pass,N3,5,40,,한자 읽기,adjective,固い,かたい,딱딱하다,固い,かたい,,딱딱하다,word,1,w_7400af29ea55cfe6,N4,exact,1,verified,
pass_n3_p005_o0041,pass_n3,일단합격JLPT완벽대비N3-단어장.pdf,pass,N3,5,41,,한자 읽기,adjective,短い,みじかい,짧다,短い,みじかい,,짧다,word,1,w_5d43a43a022e32bd,N5,exact,1,verified,
pass_n3_p005_o0042,pass_n3,일단합격JLPT완벽대비N3-단어장.pdf,pass,N3,5,42,,한자 읽기,noun,他人,たにん,타인,他人,たにん,,타인,word,1,w_c4f487d93a8a5f0e,N3,exact,1,verified,
pass_n3_p005_o0043,pass_n3,일단합격JLPT완벽대비N3-단어장.pdf,pass,N3,5,43,,한자 읽기,verb,示す,しめす,나타내다,示す,しめす,,나타내다,word,1,w_12b2c5a3d815ee5c,N3,exact,1,verified,
pass_n3_p005_o0044,pass_n3,일단합격JLPT완벽대비N3-단어장.pdf,pass,N3,5,44,,한자 읽기,noun,外科,げか,외과,外科,げか,,외과,word,1,w_51b2118b5ba1fdd3,N2,exact,1,verified,
pass_n3_p005_o0045,pass_n3,일단합격JLPT완벽대비N3-단어장.pdf,pass,N3,5,45,,한자 읽기,noun,笑顔,えがお,"웃는 얼굴, 미소",笑顔,えがお,,"웃는 얼굴, 미소",word,1,w_19f65b2cc13ea9d2,N3,exact,1,verified,
pass_n3_p005_o0046,pass_n3,일단합격JLPT완벽대비N3-단어장.pdf,pass,N3,5,46,,한자 읽기,noun,以降,いこう,이후,以降,いこう,,이후,word,1,w_cb97556a8bdb399c,N2,exact,1,verified,
pass_n3_p005_o0047,pass_n3,일단합격JLPT완벽대비N3-단어장.pdf,pass,N3,5,47,,한자 읽기,noun,横断,おうだん,횡단,横断,おうだん,,횡단,word,1,w_60f503d7e8dd196a,N3,exact,1,verified,
pass_n3_p005_o0048,pass_n3,일단합격JLPT완벽대비N3-단어장.pdf,pass,N3,5,48,,한자 읽기,noun,合図,あいず,신호,合図,あいず,,신호,word,1,w_ba27b1e74ae069dd,N3,exact,1,verified,
pass_n3_p005_o0049,pass_n3,일단합격JLPT완벽대비N3-단어장.pdf,pass,N3,5,49,,한자 읽기,adjective,苦しい,くるしい,괴롭다,苦しい,くるしい,,괴롭다,word,1,w_c56e9a474a473deb,N3,exact,1,verified,
pass_n3_p005_o0050,pass_n3,일단합격JLPT완벽대비N3-단어장.pdf,pass,N3,5,50,,한자 읽기,noun,出張,しゅっちょう,출장,出張,しゅっちょう,,출장,word,1,w_a9fb3d2dd91d9a82,N2,exact,1,verified,
pass_n3_p005_o0051,pass_n3,일단합격JLPT완벽대비N3-단어장.pdf,pass,N3,5,51,,한자 읽기,noun,席,せき,좌석,席,せき,,좌석,word,1,w_36f21c0494aa321c,N4,exact,1,verified,
pass_n3_p005_o0052,pass_n3,일단합격JLPT완벽대비N3-단어장.pdf,pass,N3,5,52,,한자 읽기,,根,ね,뿌리,根,ね,,뿌리,word,1,,,new,1,verified,
pass_n3_p005_o0053,pass_n3,일단합격JLPT완벽대비N3-단어장.pdf,pass,N3,5,53,,한자 읽기,noun,事情,じじょう,사정,事情,じじょう,,사정,word,1,w_196e540d273aad89,N3,exact,1,verified,
pass_n3_p005_o0054,pass_n3,일단합격JLPT완벽대비N3-단어장.pdf,pass,N3,5,54,,한자 읽기,noun,通知,つうち,통지,通知,つうち,,통지,word,1,w_9bbf7800b045571e,N2,exact,1,verified,
pass_n3_p005_o0055,pass_n3,일단합격JLPT완벽대비N3-단어장.pdf,pass,N3,5,55,,한자 읽기,noun,選手,せんしゅ,선수,選手,せんしゅ,,선수,word,1,w_443402a561d02022,N3,exact,1,verified,
pass_n3_p005_o0056,pass_n3,일단합격JLPT완벽대비N3-단어장.pdf,pass,N3,5,56,,한자 읽기,noun,実力,じつりょく,실력,実力,じつりょく,,실력,word,1,w_01187a1dd0d68172,N3,exact,1,verified,
pass_n3_p005_o0057,pass_n3,일단합격JLPT완벽대비N3-단어장.pdf,pass,N3,5,57,,한자 읽기,,生える,はえる,"나다, 돋아나다",生える,はえる,,"나다, 돋아나다",word,1,,,new,1,verified,
pass_n3_p005_o0058,pass_n3,일단합격JLPT완벽대비N3-단어장.pdf,pass,N3,5,58,,한자 읽기,noun,各地,かくち,각지,各地,かくち,,각지,word,1,w_7c49a23489084fea,N2,exact,1,verified,
pass_n3_p005_o0059,pass_n3,일단합격JLPT완벽대비N3-단어장.pdf,pass,N3,5,59,,한자 읽기,noun,貯金,ちょきん,저금,貯金,ちょきん,,저금,word,1,w_4dbf767863f690bc,N3,exact,1,verified,
pass_n3_p005_o0060,pass_n3,일단합격JLPT완벽대비N3-단어장.pdf,pass,N3,5,60,,한자 읽기,noun,留守,るす,부재,留守,るす,,부재,word,1,w_7b745cc8400b935f,N4,exact,1,verified,
pass_n3_p005_o0061,pass_n3,일단합격JLPT완벽대비N3-단어장.pdf,pass,N3,5,61,,한자 읽기,adjective,浅い,あさい,얕다,浅い,あさい,,얕다,word,1,w_fb4ac5d5dc77f69f,N4,exact,1,verified,
pass_n3_p005_o0062,pass_n3,일단합격JLPT완벽대비N3-단어장.pdf,pass,N3,5,62,,한자 읽기,,文章,ぶんしょう,문장,文章,ぶんしょう,,문장,word,1,,,new,1,verified,
pass_n3_p005_o0063,pass_n3,일단합격JLPT완벽대비N3-단어장.pdf,pass,N3,5,63,,한자 읽기,noun,改札,かいさつ,개찰,改札,かいさつ,,개찰,word,1,w_3b31d9445f56f49b,N2,exact,1,verified,
pass_n3_p005_o0064,pass_n3,일단합격JLPT완벽대비N3-단어장.pdf,pass,N3,5,64,,한자 읽기,verb,笑う,わらう,웃다,笑う,わらう,,웃다,word,1,w_ef2563c7e603a58c,N4,exact,1,verified,
pass_n3_p005_o0065,pass_n3,일단합격JLPT완벽대비N3-단어장.pdf,pass,N3,5,65,,한자 읽기,noun,商業,しょうぎょう,상업,商業,しょうぎょう,,상업,word,1,w_b3738cf1f976c6c4,N2,exact,1,verified,
pass_n3_p005_o0066,pass_n3,일단합격JLPT완벽대비N3-단어장.pdf,pass,N3,5,66,,한자 읽기,verb,覚える,おぼえる,"외우다, 기억하다",覚える,おぼえる,,"외우다, 기억하다",word,1,w_c19e856353cf049c,N5,exact,1,verified,
pass_n3_p005_o0067,pass_n3,일단합격JLPT완벽대비N3-단어장.pdf,pass,N3,5,67,,한자 읽기,noun,広告,こうこく,광고,広告,こうこく,,광고,word,1,w_7b4b7d9964deb0b8,N3,exact,1,verified,
pass_n3_p005_o0068,pass_n3,일단합격JLPT완벽대비N3-단어장.pdf,pass,N3,5,68,,한자 읽기,noun,相手,あいて,상대,相手,あいて,,상대,word,1,w_4e47e651e4a63ce2,N3,exact,1,verified,
pass_n3_p005_o0069,pass_n3,일단합격JLPT완벽대비N3-단어장.pdf,pass,N3,5,69,,한자 읽기,noun,大会,たいかい,대회,大会,たいかい,,대회,word,1,w_af0c5ae8a48bc5c9,N3,exact,1,verified,
pass_n3_p005_o0070,pass_n3,일단합격JLPT완벽대비N3-단어장.pdf,pass,N3,5,70,,한자 읽기,verb,割れる,われる,"깨지다, 나누어지다",割れる,われる,,"깨지다, 나누어지다",word,1,w_9e8f4ed3e49192bf,N4,exact,1,verified,
pass_n3_p005_o0071,pass_n3,일단합격JLPT완벽대비N3-단어장.pdf,pass,N3,5,71,,한자 읽기,noun,集中,しゅうちゅう,집중,集中,しゅうちゅう,,집중,word,1,w_bb593fe8f64edd85,N3,exact,1,verified,
pass_n3_p005_o0072,pass_n3,일단합격JLPT완벽대비N3-단어장.pdf,pass,N3,5,72,,한자 읽기,noun,食器,しょっき,식기,食器,しょっき,,식기,word,1,w_e795e940037dda8d,N2,exact,1,verified,
pass_n3_p005_o0073,pass_n3,일단합격JLPT완벽대비N3-단어장.pdf,pass,N3,5,73,,한자 읽기,,横,よこ,"옆, 가로",横,よこ,,"옆, 가로",word,1,,,new,1,verified,
pass_n3_p005_o0074,pass_n3,일단합격JLPT완벽대비N3-단어장.pdf,pass,N3,5,74,,한자 읽기,noun,自然,しぜん,자연,自然,しぜん,,자연,word,1,w_9571e33cee77bdba,N3,exact,1,verified,
pass_n3_p006_o0075,pass_n3,일단합격JLPT완벽대비N3-단어장.pdf,pass,N3,6,75,,한자 읽기,verb,替える,かえる,교체하다,替える,かえる,,교체하다,word,1,w_bb59d051bed3ec91,N3,exact,1,verified,
pass_n3_p006_o0076,pass_n3,일단합격JLPT완벽대비N3-단어장.pdf,pass,N3,6,76,,한자 읽기,noun,応用,おうよう,응용,応用,おうよう,,응용,word,1,w_e817f861b7eb79b7,N2,exact,1,verified,
pass_n3_p006_o0077,pass_n3,일단합격JLPT완벽대비N3-단어장.pdf,pass,N3,6,77,,한자 읽기,,一般的な,いっぱんてきな,일반적인,一般的な,いっぱんてきな,,일반적인,word,1,,,new,1,verified,
pass_n3_p006_o0078,pass_n3,일단합격JLPT완벽대비N3-단어장.pdf,pass,N3,6,78,,한자 읽기,noun,検査,けんさ,검사,検査,けんさ,,검사,word,1,w_43f2bc988923ec79,N3,exact,1,verified,
pass_n3_p006_o0079,pass_n3,일단합격JLPT완벽대비N3-단어장.pdf,pass,N3,6,79,,한자 읽기,adjective,厚い,あつい,두껍다,厚い,あつい,,두껍다,word,1,w_ef8fe7df0ce0ca60,N5,exact,1,verified,
pass_n3_p006_o0080,pass_n3,일단합격JLPT완벽대비N3-단어장.pdf,pass,N3,6,80,,한자 읽기,noun,呼吸,こきゅう,호흡,呼吸,こきゅう,,호흡,word,1,w_8d6bf3b328f7ed9d,N3,exact,1,verified,
pass_n3_p006_o0081,pass_n3,일단합격JLPT완벽대비N3-단어장.pdf,pass,N3,6,81,,한자 읽기,adjective,美しい,うつくしい,아름답다,美しい,うつくしい,,아름답다,word,1,w_98908e2e6cc64cae,N4,exact,1,verified,
pass_n3_p006_o0082,pass_n3,일단합격JLPT완벽대비N3-단어장.pdf,pass,N3,6,82,,한자 읽기,,創造,そうぞう,창조,創造,そうぞう,,창조,word,1,,,new,1,verified,
pass_n3_p006_o0083,pass_n3,일단합격JLPT완벽대비N3-단어장.pdf,pass,N3,6,83,,한자 읽기,verb,汚れる,よごれる,더러워지다,汚れる,よごれる,,더러워지다,word,1,w_f42a4366c467382a,N4,exact,1,verified,
pass_n3_p006_o0084,pass_n3,일단합격JLPT완벽대비N3-단어장.pdf,pass,N3,6,84,,한자 읽기,,朝食,ちょうしょく,"조식, 아침 식사",朝食,ちょうしょく,,"조식, 아침 식사",word,1,,,new,1,verified,
pass_n3_p006_o0085,pass_n3,일단합격JLPT완벽대비N3-단어장.pdf,pass,N3,6,85,,한자 읽기,noun,首,くび,목,首,くび,,목,word,1,w_f4d6136e926e4de7,N4,exact,1,verified,
pass_n3_p006_o0086,pass_n3,일단합격JLPT완벽대비N3-단어장.pdf,pass,N3,6,86,,한자 읽기,,経営学,けいえいがく,경영학,経営学,けいえいがく,,경영학,word,1,,,new,1,verified,
pass_n3_p006_o0087,pass_n3,일단합격JLPT완벽대비N3-단어장.pdf,pass,N3,6,87,,한자 읽기,noun,分類,ぶんるい,분류,分類,ぶんるい,,분류,word,1,w_d5299d70d4ce0679,N2,exact,1,verified,
pass_n3_p006_o0088,pass_n3,일단합격JLPT완벽대비N3-단어장.pdf,pass,N3,6,88,,한자 읽기,verb,干す,ほす,"(널어) 말리다, (잔) 비우다",干す,ほす,,"(널어) 말리다, (잔) 비우다",word,1,w_32c337eda3945893,N2,exact,1,verified,
pass_n3_p006_o0089,pass_n3,일단합격JLPT완벽대비N3-단어장.pdf,pass,N3,6,89,,한자 읽기,,血液型,けつえきがた,혈액형,血液型,けつえきがた,,혈액형,word,1,,,new,1,verified,
pass_n3_p006_o0090,pass_n3,일단합격JLPT완벽대비N3-단어장.pdf,pass,N3,6,90,,한자 읽기,noun,湖,みずうみ,호수,湖,みずうみ,,호수,word,1,w_9fb55255f61040e6,N4,exact,1,verified,
pass_n3_p006_o0091,pass_n3,일단합격JLPT완벽대비N3-단어장.pdf,pass,N3,6,91,,한자 읽기,noun,変化,へんか,변화,変化,へんか,,변화,word,1,w_721897ea7436088b,N3,exact,1,verified,
pass_n3_p006_o0092,pass_n3,일단합격JLPT완벽대비N3-단어장.pdf,pass,N3,6,92,,한자 읽기,verb,伝える,つたえる,전달하다,伝える,つたえる,,전달하다,word,1,w_cdd7a87cb431f2fe,N4,exact,1,verified,
pass_n3_p006_o0093,pass_n3,일단합격JLPT완벽대비N3-단어장.pdf,pass,N3,6,93,,한자 읽기,,荷物,にもつ,짐,荷物,にもつ,,짐,word,1,,,new,1,verified,
pass_n3_p006_o0094,pass_n3,일단합격JLPT완벽대비N3-단어장.pdf,pass,N3,6,94,,한자 읽기,noun,平均,へいきん,평균,平均,へいきん,,평균,word,1,w_4715b3f2e7ed7c84,N3,exact,1,verified,
pass_n3_p006_o0095,pass_n3,일단합격JLPT완벽대비N3-단어장.pdf,pass,N3,6,95,,한자 읽기,,支給する,しきゅうする,지급하다,支給する,しきゅうする,,지급하다,word,1,,,new,1,verified,
pass_n3_p006_o0096,pass_n3,일단합격JLPT완벽대비N3-단어장.pdf,pass,N3,6,96,,한자 읽기,,丸い,まるい,둥글다,丸い,まるい,,둥글다,word,1,,,new,1,verified,
pass_n3_p006_o0097,pass_n3,일단합격JLPT완벽대비N3-단어장.pdf,pass,N3,6,97,,한자 읽기,noun,個人,こじん,개인,個人,こじん,,개인,word,1,w_985ab4f324b42fe2,N3,exact,1,verified,
pass_n3_p006_o0098,pass_n3,일단합격JLPT완벽대비N3-단어장.pdf,pass,N3,6,98,,한자 읽기,noun,方向,ほうこう,방향,方向,ほうこう,,방향,word,1,w_97fd38bc63ce46e6,N3,exact,1,verified,
pass_n3_p006_o0099,pass_n3,일단합격JLPT완벽대비N3-단어장.pdf,pass,N3,6,99,,한자 읽기,,申し込み,もうしこみ,신청,申し込み,もうしこみ,,신청,word,1,,,new,1,verified,
pass_n3_p006_o0100,pass_n3,일단합격JLPT완벽대비N3-단어장.pdf,pass,N3,6,100,,한자 읽기,,はかる,はかる,"재다, 측정하다",はかる,はかる,,"재다, 측정하다",word,1,,,new,1,verified,
pass_n3_p006_o0101,pass_n3,일단합격JLPT완벽대비N3-단어장.pdf,pass,N3,6,101,,한자 읽기,noun,独立,どくりつ,독립,独立,どくりつ,,독립,word,1,w_c4d377b4186ed7b8,N3,exact,1,verified,
pass_n3_p006_o0102,pass_n3,일단합격JLPT완벽대비N3-단어장.pdf,pass,N3,6,102,,한자 읽기,verb,折れる,おれる,"부러지다, 꺾이다",折れる,おれる,,"부러지다, 꺾이다",word,1,w_d88b02752fa01c86,N4,exact,1,verified,
pass_n3_p006_o0103,pass_n3,일단합격JLPT완벽대비N3-단어장.pdf,pass,N3,6,103,,한자 읽기,noun,観客,かんきゃく,관객,観客,かんきゃく,,관객,word,1,w_5493970b4c093627,N3,exact,1,verified,
pass_n3_p006_o0104,pass_n3,일단합격JLPT완벽대비N3-단어장.pdf,pass,N3,6,104,,한자 읽기,verb,払う,はらう,지불하다,払う,はらう,,지불하다,word,1,w_8458200d88dada3a,N4,exact,1,verified,
pass_n3_p006_o0105,pass_n3,일단합격JLPT완벽대비N3-단어장.pdf,pass,N3,6,105,,한자 읽기,noun,到着,とうちゃく,도착,到着,とうちゃく,,도착,word,1,w_92dc5af18aa120b2,N3,exact,1,verified,
pass_n3_p006_o0106,pass_n3,일단합격JLPT완벽대비N3-단어장.pdf,pass,N3,6,106,,한자 읽기,verb,加える,くわえる,추가하다,加える,くわえる,,추가하다,word,1,w_cd78f0b9b5df65b5,N3,exact,1,verified,
pass_n3_p006_o0107,pass_n3,일단합격JLPT완벽대비N3-단어장.pdf,pass,N3,6,107,,한자 읽기,noun,訓練,くんれん,훈련,訓練,くんれん,,훈련,word,1,w_5167ba006eeee157,N3,exact,1,verified,
pass_n3_p006_o0108,pass_n3,일단합격JLPT완벽대비N3-단어장.pdf,pass,N3,6,108,,한자 읽기,noun,豆,まめ,콩,豆,まめ,,콩,word,1,w_e8344c38717c3ff8,N3,exact,1,verified,
pass_n3_p006_o0109,pass_n3,일단합격JLPT완벽대비N3-단어장.pdf,pass,N3,6,109,,한자 읽기,adjective,共通,きょうつう,공통,共通,きょうつう,,공통,word,1,w_c26dc269c59ef32d,N3,exact,1,verified,
pass_n3_p006_o0110,pass_n3,일단합격JLPT완벽대비N3-단어장.pdf,pass,N3,6,110,,한자 읽기,noun,税金,ぜいきん,세금,税金,ぜいきん,,세금,word,1,w_e9d3eafc80571e91,N3,exact,1,verified,
pass_n3_p006_o0111,pass_n3,일단합격JLPT완벽대비N3-단어장.pdf,pass,N3,6,111,,한자 읽기,adjective,汚い,きたない,더럽다,汚い,きたない,,더럽다,word,1,w_0577bd8fb5ad5060,N5,exact,1,verified,
pass_n3_p006_o0112,pass_n3,일단합격JLPT완벽대비N3-단어장.pdf,pass,N3,6,112,,한자 읽기,noun,商品,しょうひん,상품,商品,しょうひん,,상품,word,1,w_109578d0322cf00e,N3,exact,1,verified,
pass_n3_p007_o0113,pass_n3,일단합격JLPT완벽대비N3-단어장.pdf,pass,N3,7,113,,한자 읽기,verb,冷える,ひえる,"차가워지다, 식다",冷える,ひえる,,"차가워지다, 식다",word,1,w_e31aefb75328a9e0,N4,exact,1,verified,
pass_n3_p007_o0114,pass_n3,일단합격JLPT완벽대비N3-단어장.pdf,pass,N3,7,114,,한자 읽기,,早退,そうたい,조퇴,早退,そうたい,,조퇴,word,1,,,new,1,verified,
pass_n3_p007_o0115,pass_n3,일단합격JLPT완벽대비N3-단어장.pdf,pass,N3,7,115,,한자 읽기,noun,下線,かせん,밑줄,下線,かせん,,밑줄,word,1,w_831c5e9a87f0c027,N2,exact,1,verified,
pass_n3_p007_o0116,pass_n3,일단합격JLPT완벽대비N3-단어장.pdf,pass,N3,7,116,,한자 읽기,verb,転ぶ,ころぶ,구르다,転ぶ,ころぶ,,구르다,word,1,w_523564dca147c289,N3,exact,1,verified,
pass_n3_p007_o0117,pass_n3,일단합격JLPT완벽대비N3-단어장.pdf,pass,N3,7,117,,한자 읽기,adjective,主要,しゅよう,주요,主要,しゅよう,,주요,word,1,w_5776e5bf61a8c089,N3,exact,1,verified,
pass_n3_p007_o0118,pass_n3,일단합격JLPT완벽대비N3-단어장.pdf,pass,N3,7,118,,한자 읽기,adjective,直接,ちょくせつ,직접,直接,ちょくせつ,,직접,word,1,w_ee4f19cf7c3c8286,N3,exact,1,verified,
pass_n3_p007_o0119,pass_n3,일단합격JLPT완벽대비N3-단어장.pdf,pass,N3,7,119,,한자 읽기,verb,燃える,もえる,타다. 불타다,燃える,もえる,,타다. 불타다,word,1,w_89e1cfbd692de1ad,N3,exact,1,verified,
pass_n3_p007_o0120,pass_n3,일단합격JLPT완벽대비N3-단어장.pdf,pass,N3,7,120,,한자 읽기,noun,位置,いち,위치,位置,いち,,위치,word,1,w_1fcf9f9b492a04f0,N3,exact,1,verified,
pass_n3_p007_o0121,pass_n3,일단합격JLPT완벽대비N3-단어장.pdf,pass,N3,7,121,,한자 읽기,noun,計算,けいさん,계산,計算,けいさん,,계산,word,1,w_c46d52595485b3cf,N3,exact,1,verified,
pass_n3_p007_o0122,pass_n3,일단합격JLPT완벽대비N3-단어장.pdf,pass,N3,7,122,,한자 읽기,,回す,まわす,돌리다,回す,まわす,,돌리다,word,1,,,new,1,verified,
pass_n3_p007_o0123,pass_n3,일단합격JLPT완벽대비N3-단어장.pdf,pass,N3,7,123,,한자 읽기,noun,禁煙,きんえん,금연,禁煙,きんえん,,금연,word,1,w_a21853fd5b683a2e,N3,exact,1,verified,
pass_n3_p007_o0124,pass_n3,일단합격JLPT완벽대비N3-단어장.pdf,pass,N3,7,124,,한자 읽기,verb,結ぶ,むすぶ,"잇다, 묶다",結ぶ,むすぶ,,"잇다, 묶다",word,1,w_143c436b93a80521,N3,exact,1,verified,
pass_n3_p007_o0125,pass_n3,일단합격JLPT완벽대비N3-단어장.pdf,pass,N3,7,125,,한자 읽기,noun,手術,しゅじゅつ,수술,手術,しゅじゅつ,,수술,word,1,w_30f63a0febb90d39,N3,exact,1,verified,
pass_n3_p007_o0126,pass_n3,일단합격JLPT완벽대비N3-단어장.pdf,pass,N3,7,126,,한자 표기,adjective,正常,せいじょう,정상,正常,せいじょう,,정상,word,1,w_4c7425a3f9f0171a,N1,exact,1,verified,
pass_n3_p007_o0127,pass_n3,일단합격JLPT완벽대비N3-단어장.pdf,pass,N3,7,127,,한자 표기,noun,血液,けつえき,혈액,血液,けつえき,,혈액,word,1,w_2ba831bce3d7c204,N3,exact,1,verified,
pass_n3_p007_o0128,pass_n3,일단합격JLPT완벽대비N3-단어장.pdf,pass,N3,7,128,,한자 표기,verb,追う,おう,뒤쫓다,追う,おう,,뒤쫓다,word,1,w_5fe66e44b939a9e1,N3,exact,1,verified,
pass_n3_p007_o0129,pass_n3,일단합격JLPT완벽대비N3-단어장.pdf,pass,N3,7,129,,한자 표기,verb,降りる,おりる,내리다,降りる,おりる,,내리다,word,1,w_631cf27db2365483,N5,exact,1,verified,
pass_n3_p007_o0130,pass_n3,일단합격JLPT완벽대비N3-단어장.pdf,pass,N3,7,130,,한자 표기,noun,身長,しんちょう,"신장, 키",身長,しんちょう,,"신장, 키",word,1,w_aa56915b3d48aea5,N3,exact,1,verified,
pass_n3_p007_o0131,pass_n3,일단합격JLPT완벽대비N3-단어장.pdf,pass,N3,7,131,,한자 표기,noun,物語,ものがたり,이야기,物語,ものがたり,,이야기,word,1,w_8e43eb0b41b8b3b2,N3,exact,1,verified,
pass_n3_p007_o0132,pass_n3,일단합격JLPT완벽대비N3-단어장.pdf,pass,N3,7,132,,한자 표기,noun,成績,せいせき,성적,成績,せいせき,,성적,word,1,w_15206e0f1ca6c5b7,N3,exact,1,verified,
pass_n3_p007_o0133,pass_n3,일단합격JLPT완벽대비N3-단어장.pdf,pass,N3,7,133,,한자 표기,noun,楽器,がっき,악기,楽器,がっき,,악기,word,1,w_806346be08199b20,N2,exact,1,verified,
pass_n3_p007_o0134,pass_n3,일단합격JLPT완벽대비N3-단어장.pdf,pass,N3,7,134,,한자 표기,,専門家,せんもんか,전문가,専門家,せんもんか,,전문가,word,1,,,new,1,verified,
pass_n3_p007_o0135,pass_n3,일단합격JLPT완벽대비N3-단어장.pdf,pass,N3,7,135,,한자 표기,noun,制服,せいふく,"제복, 교복",制服,せいふく,,"제복, 교복",word,1,w_e6c29659a6ffd71a,N1,exact,1,verified,
pass_n3_p007_o0136,pass_n3,일단합격JLPT완벽대비N3-단어장.pdf,pass,N3,7,136,,한자 표기,,内側,うちがわ,안쪽,内側,うちがわ,,안쪽,word,1,,,new,1,verified,
pass_n3_p007_o0137,pass_n3,일단합격JLPT완벽대비N3-단어장.pdf,pass,N3,7,137,,한자 표기,verb,過ごす,すごす,"지내다, 보내다",過ごす,すごす,,"지내다, 보내다",word,1,w_58977f544ab1d50a,N3,exact,1,verified,
pass_n3_p007_o0138,pass_n3,일단합격JLPT완벽대비N3-단어장.pdf,pass,N3,7,138,,한자 표기,,案内,あんない,안내,案内,あんない,,안내,word,1,,,surface_only,1,verified,
pass_n3_p007_o0139,pass_n3,일단합격JLPT완벽대비N3-단어장.pdf,pass,N3,7,139,,한자 표기,noun,解決,かいけつ,해결,解決,かいけつ,,해결,word,1,w_895749923fca1c32,N3,exact,1,verified,
pass_n3_p007_o0140,pass_n3,일단합격JLPT완벽대비N3-단어장.pdf,pass,N3,7,140,,한자 표기,noun,気温,きおん,기온,気温,きおん,,기온,word,1,w_a305e8aab93ec414,N3,exact,1,verified,
pass_n3_p007_o0141,pass_n3,일단합격JLPT완벽대비N3-단어장.pdf,pass,N3,7,141,,한자 표기,noun,健康,けんこう,건강,健康,けんこう,,건강,word,1,w_52ae91c84f071e97,N3,exact,1,verified,
pass_n3_p007_o0142,pass_n3,일단합격JLPT완벽대비N3-단어장.pdf,pass,N3,7,142,,한자 표기,,大量,たいりょう,대량,大量,たいりょう,,대량,word,1,,,new,1,verified,
pass_n3_p007_o0143,pass_n3,일단합격JLPT완벽대비N3-단어장.pdf,pass,N3,7,143,,한자 표기,adjective,痛い,いたい,아프다,痛い,いたい,,아프다,word,1,w_03f1fbfb1a4e6d33,N5,exact,1,verified,
pass_n3_p007_o0144,pass_n3,일단합격JLPT완벽대비N3-단어장.pdf,pass,N3,7,144,,한자 표기,noun,現在,げんざい,현재,現在,げんざい,,현재,word,1,w_2d1452a31674964a,N3,exact,1,verified,
pass_n3_p007_o0145,pass_n3,일단합격JLPT완벽대비N3-단어장.pdf,pass,N3,7,145,,한자 표기,noun,自由,じゆう,자유,自由,じゆう,,자유,word,1,w_e0d3a7078e5be6d4,N4,exact,1,verified,
pass_n3_p007_o0146,pass_n3,일단합격JLPT완벽대비N3-단어장.pdf,pass,N3,7,146,,한자 표기,noun,法律,ほうりつ,법률,法律,ほうりつ,,법률,word,1,w_5612ea7757a9a0fa,N4,exact,1,verified,
pass_n3_p007_o0147,pass_n3,일단합격JLPT완벽대비N3-단어장.pdf,pass,N3,7,147,,한자 표기,noun,観光,かんこう,관광,観光,かんこう,,관광,word,1,w_d9e1649a37516793,N3,exact,1,verified,
pass_n3_p008_o0148,pass_n3,일단합격JLPT완벽대비N3-단어장.pdf,pass,N3,8,148,,한자 표기,,~券(入場券),~けん(にゅうじょうけん),~권(입장권),~券(入場券),~けん,にゅうじょうけん,~권(입장권),pattern,0,,,new,1,verified,"pattern 항목: 원본 보존, 앱 기본 목록 제외"
pass_n3_p008_o0149,pass_n3,일단합격JLPT완벽대비N3-단어장.pdf,pass,N3,8,149,,한자 표기,noun,涙,なみだ,눈물,涙,なみだ,,눈물,word,1,w_1c3f02045a63bf6a,N3,exact,1,verified,
pass_n3_p008_o0150,pass_n3,일단합격JLPT완벽대비N3-단어장.pdf,pass,N3,8,150,,한자 표기,verb,守る,まもる,지키다,守る,まもる,,지키다,word,1,w_f9a133c30df4181e,N3,exact,1,verified,
pass_n3_p008_o0151,pass_n3,일단합격JLPT완벽대비N3-단어장.pdf,pass,N3,8,151,,한자 표기,,週刊誌,しゅうかんし,주간지,週刊誌,しゅうかんし,,주간지,word,1,,,new,1,verified,
pass_n3_p008_o0152,pass_n3,일단합격JLPT완벽대비N3-단어장.pdf,pass,N3,8,152,,한자 표기,,相談,そうだん,상담,相談,そうだん,,상담,word,1,,,surface_only,1,verified,
pass_n3_p008_o0153,pass_n3,일단합격JLPT완벽대비N3-단어장.pdf,pass,N3,8,153,,한자 표기,,自信,じしん,자신(자신감),自信,じしん,,자신(자신감),word,1,,,new,1,verified,
pass_n3_p008_o0154,pass_n3,일단합격JLPT완벽대비N3-단어장.pdf,pass,N3,8,154,,한자 표기,verb,温める,あたためる,따뜻하게 하다,温める,あたためる,,따뜻하게 하다,word,1,w_35d4a46f36f62a2d,N3,exact,1,verified,
pass_n3_p008_o0155,pass_n3,일단합격JLPT완벽대비N3-단어장.pdf,pass,N3,8,155,,한자 표기,noun,原料,げんりょう,원료,原料,げんりょう,,원료,word,1,w_f5cd0e6666771bd8,N2,exact,1,verified,
pass_n3_p008_o0156,pass_n3,일단합격JLPT완벽대비N3-단어장.pdf,pass,N3,8,156,,한자 표기,noun,帰宅,きたく,귀가,帰宅,きたく,,귀가,word,1,w_50bb4acf1b1ebafc,N3,exact,1,verified,
pass_n3_p008_o0157,pass_n3,일단합격JLPT완벽대비N3-단어장.pdf,pass,N3,8,157,,한자 표기,verb,育てる,そだてる,"키우다, 기르다",育てる,そだてる,,"키우다, 기르다",word,1,w_ffe81a0eaf637bf5,N4,exact,1,verified,
pass_n3_p008_o0158,pass_n3,일단합격JLPT완벽대비N3-단어장.pdf,pass,N3,8,158,,한자 표기,noun,記録,きろく,기록,記録,きろく,,기록,word,1,w_66ce2529435367aa,N3,exact,1,verified,
pass_n3_p008_o0159,pass_n3,일단합격JLPT완벽대비N3-단어장.pdf,pass,N3,8,159,,한자 표기,,歯,は,"이, 치아",歯,は,,"이, 치아",word,1,,,new,1,verified,
pass_n3_p008_o0160,pass_n3,일단합격JLPT완벽대비N3-단어장.pdf,pass,N3,8,160,,한자 표기,verb,結ぶ,むすぶ,"연결하다, 묶다",結ぶ,むすぶ,,"연결하다, 묶다",word,1,w_143c436b93a80521,N3,exact,1,verified,
pass_n3_p008_o0161,pass_n3,일단합격JLPT완벽대비N3-단어장.pdf,pass,N3,8,161,,한자 표기,noun,復習,ふくしゅう,복습,復習,ふくしゅう,,복습,word,1,w_576aea8913e12a4c,N4,exact,1,verified,
pass_n3_p008_o0162,pass_n3,일단합격JLPT완벽대비N3-단어장.pdf,pass,N3,8,162,,한자 표기,verb,信じる,しんじる,믿다,信じる,しんじる,,믿다,word,1,w_5a88c9228acf3e6c,N3,exact,1,verified,
pass_n3_p008_o0163,pass_n3,일단합격JLPT완벽대비N3-단어장.pdf,pass,N3,8,163,,한자 표기,adjective,遅い,おそい,"느리다, 늦다",遅い,おそい,,"느리다, 늦다",word,1,w_12acadbc6530ce41,N5,exact,1,verified,
pass_n3_p008_o0164,pass_n3,일단합격JLPT완벽대비N3-단어장.pdf,pass,N3,8,164,,한자 표기,noun,容器,ようき,용기(그릇),容器,ようき,,용기(그릇),word,1,w_2724f8eec43b7d75,N2,exact,1,verified,
pass_n3_p008_o0165,pass_n3,일단합격JLPT완벽대비N3-단어장.pdf,pass,N3,8,165,,한자 표기,,疲れる,つかれる,피로하다,疲れる,つかれる,,피로하다,word,1,,,new,1,verified,
pass_n3_p008_o0166,pass_n3,일단합격JLPT완벽대비N3-단어장.pdf,pass,N3,8,166,,한자 표기,verb,重ねる,かさねる,거듭하다,重ねる,かさねる,,거듭하다,word,1,w_54106fda6aa724e5,N2,exact,1,verified,
pass_n3_p008_o0167,pass_n3,일단합격JLPT완벽대비N3-단어장.pdf,pass,N3,8,167,,한자 표기,,残業,ざんぎょう,잔업,残業,ざんぎょう,,잔업,word,1,,,new,1,verified,
pass_n3_p008_o0168,pass_n3,일단합격JLPT완벽대비N3-단어장.pdf,pass,N3,8,168,,한자 표기,,~倍(2倍),~ばい(2にばい),~배(2배),~倍(2倍),~ばい(2にばい),,~배(2배),pattern,0,,,new,1,verified,"pattern 항목: 원본 보존, 앱 기본 목록 제외"
pass_n3_p008_o0169,pass_n3,일단합격JLPT완벽대비N3-단어장.pdf,pass,N3,8,169,,한자 표기,noun,停電,ていでん,정전,停電,ていでん,,정전,word,1,w_28b0044d9321d736,N2,exact,1,verified,
pass_n3_p008_o0170,pass_n3,일단합격JLPT완벽대비N3-단어장.pdf,pass,N3,8,170,,한자 표기,verb,包む,つつむ,포장하다,包む,つつむ,,포장하다,word,1,w_8c799d8b46187b9c,N4,exact,1,verified,
pass_n3_p008_o0171,pass_n3,일단합격JLPT완벽대비N3-단어장.pdf,pass,N3,8,171,,한자 표기,,独身,どくしん,독신,独身,どくしん,,독신,word,1,,,new,1,verified,
pass_n3_p008_o0172,pass_n3,일단합격JLPT완벽대비N3-단어장.pdf,pass,N3,8,172,,한자 표기,verb,貸す,かす,빌려주다,貸す,かす,,빌려주다,word,1,w_86fe8e891a4c6756,N5,exact,1,verified,
pass_n3_p008_o0173,pass_n3,일단합격JLPT완벽대비N3-단어장.pdf,pass,N3,8,173,,한자 표기,verb,逃げる,にげる,"달아나다, 도망치다",逃げる,にげる,,"달아나다, 도망치다",word,1,w_cfaabede8d015780,N4,exact,1,verified,
pass_n3_p008_o0174,pass_n3,일단합격JLPT완벽대비N3-단어장.pdf,pass,N3,8,174,,한자 표기,verb,消す,けす,"끄다, 지우다",消す,けす,,"끄다, 지우다",word,1,w_46f4a926941aa00f,N5,exact,1,verified,
pass_n3_p008_o0175,pass_n3,일단합격JLPT완벽대비N3-단어장.pdf,pass,N3,8,175,,한자 표기,noun,欠席,けっせき,결석,欠席,けっせき,,결석,word,1,w_48a34178dbe1b9f3,N3,exact,1,verified,
pass_n3_p008_o0176,pass_n3,일단합격JLPT완벽대비N3-단어장.pdf,pass,N3,8,176,,한자 표기,adjective,細かい,こまかい,"자세하다, 작다",細かい,こまかい,,"자세하다, 작다",word,1,w_3aea6276aa973919,N4,exact,1,verified,
pass_n3_p008_o0177,pass_n3,일단합격JLPT완벽대비N3-단어장.pdf,pass,N3,8,177,,한자 표기,,若い,わかい,젊다,若い,わかい,,젊다,word,1,,,new,1,verified,
pass_n3_p008_o0178,pass_n3,일단합격JLPT완벽대비N3-단어장.pdf,pass,N3,8,178,,한자 표기,adjective,複数,ふくすう,복수(여러 개),複数,ふくすう,,복수(여러 개),word,1,w_1887309301625b95,N2,exact,1,verified,
pass_n3_p008_o0179,pass_n3,일단합격JLPT완벽대비N3-단어장.pdf,pass,N3,8,179,,한자 표기,noun,減少,げんしょう,감소,減少,げんしょう,,감소,word,1,w_961062a857304d8b,N3,exact,1,verified,
pass_n3_p008_o0180,pass_n3,일단합격JLPT완벽대비N3-단어장.pdf,pass,N3,8,180,,한자 표기,noun,駐車,ちゅうしゃ,주차,駐車,ちゅうしゃ,,주차,word,1,w_0947cb28c1efc935,N3,exact,1,verified,
pass_n3_p008_o0181,pass_n3,일단합격JLPT완벽대비N3-단어장.pdf,pass,N3,8,181,,한자 표기,verb,移る,うつる,옮기다,移る,うつる,,옮기다,word,1,w_ccb51d6321b82404,N4,exact,1,verified,
pass_n3_p008_o0182,pass_n3,일단합격JLPT완벽대비N3-단어장.pdf,pass,N3,8,182,,한자 표기,noun,温泉,おんせん,온천,温泉,おんせん,,온천,word,1,w_640e32e242a686e1,N2,exact,1,verified,
pass_n3_p008_o0183,pass_n3,일단합격JLPT완벽대비N3-단어장.pdf,pass,N3,8,183,,한자 표기,noun,雑誌,ざっし,잡지,雑誌,ざっし,,잡지,word,1,w_8c283dd526f4e58f,N5,exact,1,verified,
pass_n3_p008_o0184,pass_n3,일단합격JLPT완벽대비N3-단어장.pdf,pass,N3,8,184,,한자 표기,adjective,恋しい,こいしい,그립다,恋しい,こいしい,,그립다,word,1,w_cfd534caa1040223,N2,exact,1,verified,
pass_n3_p008_o0185,pass_n3,일단합격JLPT완벽대비N3-단어장.pdf,pass,N3,8,185,,한자 표기,,仮定する,かていする,가정하다,仮定する,かていする,,가정하다,word,1,,,new,1,verified,
pass_n3_p009_o0186,pass_n3,일단합격JLPT완벽대비N3-단어장.pdf,pass,N3,9,186,,한자 표기,noun,正解,せいかい,정답,正解,せいかい,,정답,word,1,w_1b303ccfb38c6b9e,N1,exact,1,verified,
pass_n3_p009_o0187,pass_n3,일단합격JLPT완벽대비N3-단어장.pdf,pass,N3,9,187,,한자 표기,noun,関心,かんしん,관심,関心,かんしん,,관심,word,1,w_c469ca5f6997c7d7,N3,exact,1,verified,
pass_n3_p009_o0188,pass_n3,일단합격JLPT완벽대비N3-단어장.pdf,pass,N3,9,188,,한자 표기,verb,投げる,なげる,던지다,投げる,なげる,,던지다,word,1,w_2b162e6f88d7024b,N4,exact,1,verified,
pass_n3_p009_o0189,pass_n3,일단합격JLPT완벽대비N3-단어장.pdf,pass,N3,9,189,,한자 표기,noun,原因,げんいん,원인,原因,げんいん,,원인,word,1,w_ee4275bf54d8cb36,N4,exact,1,verified,
pass_n3_p009_o0190,pass_n3,일단합격JLPT완벽대비N3-단어장.pdf,pass,N3,9,190,,한자 표기,,勤める,つとめる,근무하다,勤める,つとめる,,근무하다,word,1,,,new,1,verified,
pass_n3_p009_o0191,pass_n3,일단합격JLPT완벽대비N3-단어장.pdf,pass,N3,9,191,,한자 표기,noun,規則,きそく,규칙,規則,きそく,,규칙,word,1,w_da1fc48e9a617b67,N4,exact,1,verified,
pass_n3_p009_o0192,pass_n3,일단합격JLPT완벽대비N3-단어장.pdf,pass,N3,9,192,,한자 표기,noun,楽器,がっき,악기,楽器,がっき,,악기,word,1,w_806346be08199b20,N2,exact,1,verified,
pass_n3_p009_o0193,pass_n3,일단합격JLPT완벽대비N3-단어장.pdf,pass,N3,9,193,,한자 표기,verb,借りる,かりる,빌리다,借りる,かりる,,빌리다,word,1,w_9439a2cee60f4d2e,N5,exact,1,verified,
pass_n3_p009_o0194,pass_n3,일단합격JLPT완벽대비N3-단어장.pdf,pass,N3,9,194,,한자 표기,noun,欠点,けってん,결점,欠点,けってん,,결점,word,1,w_4cc98de159aa2795,N3,exact,1,verified,
pass_n3_p009_o0195,pass_n3,일단합격JLPT완벽대비N3-단어장.pdf,pass,N3,9,195,,한자 표기,,緑,みどり,"초록, 녹색",緑,みどり,,"초록, 녹색",word,1,,,new,1,verified,
pass_n3_p009_o0196,pass_n3,일단합격JLPT완벽대비N3-단어장.pdf,pass,N3,9,196,,한자 표기,verb,願う,ねがう,"바라다, 부탁하다",願う,ねがう,,"바라다, 부탁하다",word,1,w_6388a0edfae62aee,N3,exact,1,verified,
pass_n3_p009_o0197,pass_n3,일단합격JLPT완벽대비N3-단어장.pdf,pass,N3,9,197,,한자 표기,verb,逃げる,にげる,도망치다,逃げる,にげる,,도망치다,word,1,w_cfaabede8d015780,N4,exact,1,verified,
pass_n3_p009_o0198,pass_n3,일단합격JLPT완벽대비N3-단어장.pdf,pass,N3,9,198,,한자 표기,verb,焼く,やく,"굽다, 태우다",焼く,やく,,"굽다, 태우다",word,1,w_a5ce58d20c21e06c,N4,exact,1,verified,
pass_n3_p009_o0199,pass_n3,일단합격JLPT완벽대비N3-단어장.pdf,pass,N3,9,199,,한자 표기,,回す,まわす,돌리다,回す,まわす,,돌리다,word,1,,,new,1,verified,
pass_n3_p009_o0200,pass_n3,일단합격JLPT완벽대비N3-단어장.pdf,pass,N3,9,200,,한자 표기,noun,記録,きろく,기록,記録,きろく,,기록,word,1,w_66ce2529435367aa,N3,exact,1,verified,
pass_n3_p009_o0201,pass_n3,일단합격JLPT완벽대비N3-단어장.pdf,pass,N3,9,201,,한자 표기,noun,乗車,じょうしゃ,승차,乗車,じょうしゃ,,승차,word,1,w_a54b6c5c895f8d80,N2,exact,1,verified,
pass_n3_p009_o0202,pass_n3,일단합격JLPT완벽대비N3-단어장.pdf,pass,N3,9,202,,한자 표기,,波,なみ,파도,波,なみ,,파도,word,1,,,new,1,verified,
pass_n3_p009_o0203,pass_n3,일단합격JLPT완벽대비N3-단어장.pdf,pass,N3,9,203,,한자 표기,,速い,はやい,빠르다,速い,はやい,,빠르다,word,1,,,new,1,verified,
pass_n3_p009_o0204,pass_n3,일단합격JLPT완벽대비N3-단어장.pdf,pass,N3,9,204,,한자 표기,noun,満足,まんぞく,만족,満足,まんぞく,,만족,word,1,w_9c99bdc52abcd0fe,N3,exact,1,verified,
pass_n3_p009_o0205,pass_n3,일단합격JLPT완벽대비N3-단어장.pdf,pass,N3,9,205,,한자 표기,verb,組む,くむ,"짜다, 맞추다",組む,くむ,,"짜다, 맞추다",word,1,w_d15e0f07b88902ba,N3,exact,1,verified,
pass_n3_p009_o0206,pass_n3,일단합격JLPT완벽대비N3-단어장.pdf,pass,N3,9,206,,한자 표기,,輸出,ゆしゅつ,수출,輸出,ゆしゅつ,,수출,word,1,,,new,1,verified,
pass_n3_p009_o0207,pass_n3,일단합격JLPT완벽대비N3-단어장.pdf,pass,N3,9,207,,한자 표기,verb,眠る,ねむる,"자다, 잠들다",眠る,ねむる,,"자다, 잠들다",word,1,w_0cc9640d33061e53,N4,exact,1,verified,
pass_n3_p009_o0208,pass_n3,일단합격JLPT완벽대비N3-단어장.pdf,pass,N3,9,208,,한자 표기,verb,困る,こまる,곤란하다,困る,こまる,,곤란하다,word,1,w_00fd5c7d88fb19d3,N5,exact,1,verified,
pass_n3_p009_o0209,pass_n3,일단합격JLPT완벽대비N3-단어장.pdf,pass,N3,9,209,,한자 표기,noun,応募,おうぼ,응모,応募,おうぼ,,응모,word,1,w_410160033c0799ae,N1,exact,1,verified,
pass_n3_p009_o0210,pass_n3,일단합격JLPT완벽대비N3-단어장.pdf,pass,N3,9,210,,한자 표기,noun,頭痛,ずつう,두통,頭痛,ずつう,,두통,word,1,w_b1a157bd60c9f520,N3,exact,1,verified,
pass_n3_p009_o0211,pass_n3,일단합격JLPT완벽대비N3-단어장.pdf,pass,N3,9,211,,한자 표기,noun,葉,は,"잎, 이파리",葉,は,,"잎, 이파리",word,1,w_6dfda8594b43ecbe,N4,exact,1,verified,
pass_n3_p009_o0212,pass_n3,일단합격JLPT완벽대비N3-단어장.pdf,pass,N3,9,212,,한자 표기,noun,期待,きたい,기대,期待,きたい,,기대,word,1,w_a2570eaed8a5baf5,N3,exact,1,verified,
pass_n3_p009_o0213,pass_n3,일단합격JLPT완벽대비N3-단어장.pdf,pass,N3,9,213,,한자 표기,verb,預ける,あずける,"맡기다, 위임하다",預ける,あずける,,"맡기다, 위임하다",word,1,w_8e9f9d67a0b3a015,N3,exact,1,verified,
pass_n3_p009_o0214,pass_n3,일단합격JLPT완벽대비N3-단어장.pdf,pass,N3,9,214,,한자 표기,noun,経由,けいゆ,경우,経由,けいゆ,,경우,word,1,w_7f712c88f379ba3e,N3,exact,1,verified,
pass_n3_p009_o0215,pass_n3,일단합격JLPT완벽대비N3-단어장.pdf,pass,N3,9,215,,한자 표기,,秒,びょう,초(시간),秒,びょう,,초(시간),word,1,,,new,1,verified,
pass_n3_p009_o0216,pass_n3,일단합격JLPT완벽대비N3-단어장.pdf,pass,N3,9,216,,한자 표기,,飛ぶ,とぶ,날다,飛ぶ,とぶ,,날다,word,1,,,new,1,verified,
pass_n3_p009_o0217,pass_n3,일단합격JLPT완벽대비N3-단어장.pdf,pass,N3,9,217,,한자 표기,,坂道,さかみち,"언덕길, 비탈길",坂道,さかみち,,"언덕길, 비탈길",word,1,,,new,1,verified,
pass_n3_p009_o0218,pass_n3,일단합격JLPT완벽대비N3-단어장.pdf,pass,N3,9,218,,한자 표기,,違う,ちがう,"다르다, 틀리다",違う,ちがう,,"다르다, 틀리다",word,1,,,new,1,verified,
pass_n3_p009_o0219,pass_n3,일단합격JLPT완벽대비N3-단어장.pdf,pass,N3,9,219,,한자 표기,,関係,かんけい,관계,関係,かんけい,,관계,word,1,,,new,1,verified,
pass_n3_p009_o0220,pass_n3,일단합격JLPT완벽대비N3-단어장.pdf,pass,N3,9,220,,한자 표기,,教師,きょうし,교사,教師,きょうし,,교사,word,1,,,new,1,verified,
pass_n3_p010_o0221,pass_n3,일단합격JLPT완벽대비N3-단어장.pdf,pass,N3,10,221,,문맥 규정,,カタログ,カタログ,카탈로그,カタログ,カタログ,,카탈로그,word,1,,,new,1,verified,
pass_n3_p010_o0222,pass_n3,일단합격JLPT완벽대비N3-단어장.pdf,pass,N3,10,222,,문맥 규정,verb,感じる,かんじる,느끼다,感じる,かんじる,,느끼다,word,1,w_b5fa5c2c5bc57064,N3,exact,1,verified,
pass_n3_p010_o0223,pass_n3,일단합격JLPT완벽대비N3-단어장.pdf,pass,N3,10,223,,문맥 규정,noun,家賃,やちん,집세,家賃,やちん,,집세,word,1,w_59e0fe072ab7844a,N3,exact,1,verified,
pass_n3_p010_o0224,pass_n3,일단합격JLPT완벽대비N3-단어장.pdf,pass,N3,10,224,,문맥 규정,,しまう,しまう,"치우다, 안에 넣다",しまう,しまう,,"치우다, 안에 넣다",word,1,,,new,1,verified,
pass_n3_p010_o0225,pass_n3,일단합격JLPT완벽대비N3-단어장.pdf,pass,N3,10,225,,문맥 규정,,最新,さいしん,최신,最新,さいしん,,최신,word,1,,,new,1,verified,
pass_n3_p010_o0226,pass_n3,일단합격JLPT완벽대비N3-단어장.pdf,pass,N3,10,226,,문맥 규정,,しばる,しばる,묶다,しばる,しばる,,묶다,word,1,,,new,1,verified,
pass_n3_p010_o0227,pass_n3,일단합격JLPT완벽대비N3-단어장.pdf,pass,N3,10,227,,문맥 규정,,キャンセル,キャンセル,취소,キャンセル,キャンセル,,취소,word,1,,,new,1,verified,
pass_n3_p010_o0228,pass_n3,일단합격JLPT완벽대비N3-단어장.pdf,pass,N3,10,228,,문맥 규정,,~向き(南向き),~むき(みなみむき),"~향(남향), ~쪽",~向き(南向き),~むき,みなみむき,"~향(남향), ~쪽",pattern,0,,,new,1,verified,"pattern 항목: 원본 보존, 앱 기본 목록 제외"
pass_n3_p010_o0229,pass_n3,일단합격JLPT완벽대비N3-단어장.pdf,pass,N3,10,229,,문맥 규정,noun,感動,かんどう,감동,感動,かんどう,,감동,word,1,w_86f351f830adbc35,N3,exact,1,verified,
pass_n3_p010_o0230,pass_n3,일단합격JLPT완벽대비N3-단어장.pdf,pass,N3,10,230,,문맥 규정,adverb,うっかり,うっかり,"깜빡, 무심코(실수하는 모습)",うっかり,うっかり,,"깜빡, 무심코(실수하는 모습)",word,1,w_ef5feff1d3ccd761,N3,exact,1,verified,
pass_n3_p010_o0231,pass_n3,일단합격JLPT완벽대비N3-단어장.pdf,pass,N3,10,231,,문맥 규정,,りっぱな,りっぱな,훌륭한,りっぱな,りっぱな,,훌륭한,word,1,,,new,1,verified,
pass_n3_p010_o0232,pass_n3,일단합격JLPT완벽대비N3-단어장.pdf,pass,N3,10,232,,문맥 규정,,早めに,はやめに,일찌감치,早めに,はやめに,,일찌감치,word,1,,,new,1,verified,
pass_n3_p010_o0233,pass_n3,일단합격JLPT완벽대비N3-단어장.pdf,pass,N3,10,233,,문맥 규정,,あわ,あわ,거품,あわ,あわ,,거품,word,1,,,new,1,verified,
pass_n3_p010_o0234,pass_n3,일단합격JLPT완벽대비N3-단어장.pdf,pass,N3,10,234,,문맥 규정,,ノック,ノック,노크,ノック,ノック,,노크,word,1,,,new,1,verified,
pass_n3_p010_o0235,pass_n3,일단합격JLPT완벽대비N3-단어장.pdf,pass,N3,10,235,,문맥 규정,,半日,はんにち,반나절,半日,はんにち,,반나절,word,1,,,new,0,verified,문자 좌표 검증 완료; 선형 텍스트 레이어 순서 불일치
pass_n3_p010_o0236,pass_n3,일단합격JLPT완벽대비N3-단어장.pdf,pass,N3,10,236,,문맥 규정,verb,扱う,あつかう,"다루다, 취급하다",扱う,あつかう,,"다루다, 취급하다",word,1,w_7f427f8a99725529,N3,exact,0,verified,문자 좌표 검증 완료; 선형 텍스트 레이어 순서 불일치
pass_n3_p010_o0237,pass_n3,일단합격JLPT완벽대비N3-단어장.pdf,pass,N3,10,237,,문맥 규정,,全~(全人口),ぜん~(ぜんじんこう),전~(전 인구),全~(全人口),ぜん~,ぜんじんこう,전~(전 인구),pattern,0,,,new,0,verified,"문자 좌표 검증 완료; 선형 텍스트 레이어 순서 불일치; pattern 항목: 원본 보존, 앱 기본 목록 제외"
pass_n3_p010_o0238,pass_n3,일단합격JLPT완벽대비N3-단어장.pdf,pass,N3,10,238,,문맥 규정,noun,希望,きぼう,희망,希望,きぼう,,희망,word,1,w_cf049fe43ba71d8c,N3,exact,1,verified,
pass_n3_p010_o0239,pass_n3,일단합격JLPT완벽대비N3-단어장.pdf,pass,N3,10,239,,문맥 규정,verb,迷う,まよう,"헤매다, 망설이다",迷う,まよう,,"헤매다, 망설이다",word,1,w_2a06729151a7f727,N3,exact,1,verified,
pass_n3_p010_o0240,pass_n3,일단합격JLPT완벽대비N3-단어장.pdf,pass,N3,10,240,,문맥 규정,adverb,しばらく,しばらく,잠시,しばらく,しばらく,,잠시,word,1,w_9a63e40ea88a885c,N4,exact,1,verified,
pass_n3_p010_o0241,pass_n3,일단합격JLPT완벽대비N3-단어장.pdf,pass,N3,10,241,,문맥 규정,noun,体力,たいりょく,체력,体力,たいりょく,,체력,word,1,w_ae3d5dac3b60593a,N1,exact,1,verified,
pass_n3_p010_o0242,pass_n3,일단합격JLPT완벽대비N3-단어장.pdf,pass,N3,10,242,,문맥 규정,adverb,どきどき,どきどき,두근두근,どきどき,どきどき,,두근두근,word,1,w_8cb2f2c1faee7d8f,N2,exact,1,verified,
pass_n3_p010_o0243,pass_n3,일단합격JLPT완벽대비N3-단어장.pdf,pass,N3,10,243,,문맥 규정,noun,不満,ふまん,불만,不満,ふまん,,불만,word,1,w_574e8566fd9ea19c,N3,exact,1,verified,
pass_n3_p010_o0244,pass_n3,일단합격JLPT완벽대비N3-단어장.pdf,pass,N3,10,244,,문맥 규정,adverb,ぶらぶら,ぶらぶら,"어슬렁어슬렁, 천천히",ぶらぶら,ぶらぶら,,"어슬렁어슬렁, 천천히",word,1,w_b2b8ad5066c610c6,N1,exact,1,verified,
pass_n3_p010_o0245,pass_n3,일단합격JLPT완벽대비N3-단어장.pdf,pass,N3,10,245,,문맥 규정,,申込書,もうしこみしょ,신청서,申込書,もうしこみしょ,,신청서,word,1,,,new,1,verified,
pass_n3_p010_o0246,pass_n3,일단합격JLPT완벽대비N3-단어장.pdf,pass,N3,10,246,,문맥 규정,,複雑な,ふくざつな,복잡한,複雑な,ふくざつな,,복잡한,word,1,,,new,1,verified,
pass_n3_p010_o0247,pass_n3,일단합격JLPT완벽대비N3-단어장.pdf,pass,N3,10,247,,문맥 규정,verb,流れる,ながれる,흐르다,流れる,ながれる,,흐르다,word,1,w_b5029dc94f034021,N3,exact,1,verified,
pass_n3_p010_o0248,pass_n3,일단합격JLPT완벽대비N3-단어장.pdf,pass,N3,10,248,,문맥 규정,,~産(アメリカ産),~さん(アメリカさん),~산(미국산),~産(アメリカ産),~さん,アメリカさん,~산(미국산),pattern,0,,,new,1,verified,"pattern 항목: 원본 보존, 앱 기본 목록 제외"
pass_n3_p010_o0249,pass_n3,일단합격JLPT완벽대비N3-단어장.pdf,pass,N3,10,249,,문맥 규정,noun,インタビュー,インタビュー,인터뷰,インタビュー,インタビュー,,인터뷰,word,1,w_617986ba153ebe08,N3,exact,1,verified,
pass_n3_p010_o0250,pass_n3,일단합격JLPT완벽대비N3-단어장.pdf,pass,N3,10,250,,문맥 규정,noun,主張,しゅちょう,주장,主張,しゅちょう,,주장,word,1,w_b21127da917a0097,N3,exact,1,verified,
pass_n3_p010_o0251,pass_n3,일단합격JLPT완벽대비N3-단어장.pdf,pass,N3,10,251,,문맥 규정,noun,整理,せいり,정리,整理,せいり,,정리,word,1,w_7fa9daed68518bff,N3,exact,1,verified,
pass_n3_p010_o0252,pass_n3,일단합격JLPT완벽대비N3-단어장.pdf,pass,N3,10,252,,문맥 규정,,からから,からから,바싹바싹(몹시 건조한 모습),からから,からから,,바싹바싹(몹시 건조한 모습),word,1,,,new,1,verified,
pass_n3_p010_o0253,pass_n3,일단합격JLPT완벽대비N3-단어장.pdf,pass,N3,10,253,,문맥 규정,,ためる,ためる,"모으다, 담다",ためる,ためる,,"모으다, 담다",word,1,,,new,1,verified,
pass_n3_p010_o0254,pass_n3,일단합격JLPT완벽대비N3-단어장.pdf,pass,N3,10,254,,문맥 규정,verb,かかる,かかる,걸리다,かかる,かかる,,걸리다,word,1,w_3c9e0c4d130ffe55,N5,exact,1,verified,
pass_n3_p010_o0255,pass_n3,일단합격JLPT완벽대비N3-단어장.pdf,pass,N3,10,255,,문맥 규정,,清潔な,せいけつな,청결한,清潔な,せいけつな,,청결한,word,1,,,new,0,verified,문자 좌표 검증 완료; 선형 텍스트 레이어 순서 불일치
pass_n3_p010_o0256,pass_n3,일단합격JLPT완벽대비N3-단어장.pdf,pass,N3,10,256,,문맥 규정,,あわせる,あわせる,합치다,あわせる,あわせる,,합치다,word,1,,,new,1,verified,
pass_n3_p011_o0257,pass_n3,일단합격JLPT완벽대비N3-단어장.pdf,pass,N3,11,257,,문맥 규정,noun,出張,しゅっちょう,출장,出張,しゅっちょう,,출장,word,1,w_a9fb3d2dd91d9a82,N2,exact,1,verified,
pass_n3_p011_o0258,pass_n3,일단합격JLPT완벽대비N3-단어장.pdf,pass,N3,11,258,,문맥 규정,noun,冗談,じょうだん,농담,冗談,じょうだん,,농담,word,1,w_65ab13464b5f46d9,N3,exact,1,verified,
pass_n3_p011_o0259,pass_n3,일단합격JLPT완벽대비N3-단어장.pdf,pass,N3,11,259,,문맥 규정,,さっそく,さっそく,즉시,さっそく,さっそく,,즉시,word,1,,,new,1,verified,
pass_n3_p011_o0260,pass_n3,일단합격JLPT완벽대비N3-단어장.pdf,pass,N3,11,260,,문맥 규정,noun,カーブ,カーブ,"곡선, 커브",カーブ,カーブ,,"곡선, 커브",word,1,w_5ebc893f4c292db6,N2,exact,1,verified,
pass_n3_p011_o0261,pass_n3,일단합격JLPT완벽대비N3-단어장.pdf,pass,N3,11,261,,문맥 규정,noun,両替,りょうがえ,환전,両替,りょうがえ,,환전,word,1,w_dad885280b1e6c4a,N3,exact,1,verified,
pass_n3_p011_o0262,pass_n3,일단합격JLPT완벽대비N3-단어장.pdf,pass,N3,11,262,,문맥 규정,noun,前後,ぜんご,"전후, 앞뒤",前後,ぜんご,,"전후, 앞뒤",word,1,w_4310d03f373931d1,N2,exact,1,verified,
pass_n3_p011_o0263,pass_n3,일단합격JLPT완벽대비N3-단어장.pdf,pass,N3,11,263,,문맥 규정,noun,影響,えいきょう,영향,影響,えいきょう,,영향,word,1,w_d9e809ebe3cd1324,N3,exact,1,verified,
pass_n3_p011_o0264,pass_n3,일단합격JLPT완벽대비N3-단어장.pdf,pass,N3,11,264,,문맥 규정,adverb,しっかり,しっかり,"단단히, 꽉, 제대로",しっかり,しっかり,,"단단히, 꽉, 제대로",word,1,w_71734773320f58ba,N4,exact,1,verified,
pass_n3_p011_o0265,pass_n3,일단합격JLPT완벽대비N3-단어장.pdf,pass,N3,11,265,,문맥 규정,,ながれ,ながれ,흐름,ながれ,ながれ,,흐름,word,1,,,new,1,verified,
pass_n3_p011_o0266,pass_n3,일단합격JLPT완벽대비N3-단어장.pdf,pass,N3,11,266,,문맥 규정,,外食,がいしょく,외식,外食,がいしょく,,외식,word,1,,,new,1,verified,
pass_n3_p011_o0267,pass_n3,일단합격JLPT완벽대비N3-단어장.pdf,pass,N3,11,267,,문맥 규정,noun,差,さ,"차이, 차",差,さ,,"차이, 차",word,1,w_5a886b7121ed4a02,N3,exact,1,verified,
pass_n3_p011_o0268,pass_n3,일단합격JLPT완벽대비N3-단어장.pdf,pass,N3,11,268,,문맥 규정,noun,セット,セット,세트,セット,セット,,세트,word,1,w_74ceac84fb765eab,N3,exact,1,verified,
pass_n3_p011_o0269,pass_n3,일단합격JLPT완벽대비N3-단어장.pdf,pass,N3,11,269,,문맥 규정,noun,意志,いし,의지,意志,いし,,의지,word,1,w_52a651979b9ad308,N3,exact,1,verified,
pass_n3_p011_o0270,pass_n3,일단합격JLPT완벽대비N3-단어장.pdf,pass,N3,11,270,,문맥 규정,verb,別れる,わかれる,"헤어지다, 작별하다",別れる,わかれる,,"헤어지다, 작별하다",word,1,w_91aab3948246fcb4,N4,exact,1,verified,
pass_n3_p011_o0271,pass_n3,일단합격JLPT완벽대비N3-단어장.pdf,pass,N3,11,271,,문맥 규정,verb,起きる,おきる,일어나다,起きる,おきる,,일어나다,word,1,w_39a427c6dee763c4,N5,exact,1,verified,
pass_n3_p011_o0272,pass_n3,일단합격JLPT완벽대비N3-단어장.pdf,pass,N3,11,272,,문맥 규정,noun,応援,おうえん,응원,応援,おうえん,,응원,word,1,w_cb35e8f608f2c6be,N2,exact,1,verified,
pass_n3_p011_o0273,pass_n3,일단합격JLPT완벽대비N3-단어장.pdf,pass,N3,11,273,,문맥 규정,,のばす,のばす,"연장하다, 연기하다",のばす,のばす,,"연장하다, 연기하다",word,1,,,new,1,verified,
pass_n3_p011_o0274,pass_n3,일단합격JLPT완벽대비N3-단어장.pdf,pass,N3,11,274,,문맥 규정,,ふる,ふる,흔들다,ふる,ふる,,흔들다,word,1,,,new,1,verified,
pass_n3_p011_o0275,pass_n3,일단합격JLPT완벽대비N3-단어장.pdf,pass,N3,11,275,,문맥 규정,noun,カバー,カバー,"커버, 덮개",カバー,カバー,,"커버, 덮개",word,1,w_0411ab62ab973eb3,N2,exact,1,verified,
pass_n3_p011_o0276,pass_n3,일단합격JLPT완벽대비N3-단어장.pdf,pass,N3,11,276,,문맥 규정,noun,想像,そうぞう,상상,想像,そうぞう,,상상,word,1,w_1d65f25823e21c05,N3,exact,1,verified,
pass_n3_p011_o0277,pass_n3,일단합격JLPT완벽대비N3-단어장.pdf,pass,N3,11,277,,문맥 규정,,むく,むく,(껍질을) 벗기다,むく,むく,,(껍질을) 벗기다,word,1,,,new,1,verified,
pass_n3_p011_o0278,pass_n3,일단합격JLPT완벽대비N3-단어장.pdf,pass,N3,11,278,,문맥 규정,,かれる,かれる,시들다,かれる,かれる,,시들다,word,1,,,new,1,verified,
pass_n3_p011_o0279,pass_n3,일단합격JLPT완벽대비N3-단어장.pdf,pass,N3,11,279,,문맥 규정,noun,期待,きたい,기대,期待,きたい,,기대,word,1,w_a2570eaed8a5baf5,N3,exact,1,verified,
pass_n3_p011_o0280,pass_n3,일단합격JLPT완벽대비N3-단어장.pdf,pass,N3,11,280,,문맥 규정,,がっかりする,がっかりする,낙심하다,がっかりする,がっかりする,,낙심하다,word,1,,,new,1,verified,
pass_n3_p011_o0281,pass_n3,일단합격JLPT완벽대비N3-단어장.pdf,pass,N3,11,281,,문맥 규정,noun,ヒント,ヒント,힌트,ヒント,ヒント,,힌트,word,1,w_31da48090d6c10eb,N1,exact,1,verified,
pass_n3_p011_o0282,pass_n3,일단합격JLPT완벽대비N3-단어장.pdf,pass,N3,11,282,,문맥 규정,,なつかしい,なつかしい,그립다,なつかしい,なつかしい,,그립다,word,1,,,new,1,verified,
pass_n3_p011_o0283,pass_n3,일단합격JLPT완벽대비N3-단어장.pdf,pass,N3,11,283,,문맥 규정,noun,代金,だいきん,대금(비용),代金,だいきん,,대금(비용),word,1,w_431d67f8be9c0112,N3,exact,1,verified,
pass_n3_p011_o0284,pass_n3,일단합격JLPT완벽대비N3-단어장.pdf,pass,N3,11,284,,문맥 규정,adjective,しつこい,しつこい,끈질기다,しつこい,しつこい,,끈질기다,word,1,w_67c55246091e5e55,N2,exact,1,verified,
pass_n3_p011_o0285,pass_n3,일단합격JLPT완벽대비N3-단어장.pdf,pass,N3,11,285,,문맥 규정,,自動的な,じどうてきな,자동적인,自動的な,じどうてきな,,자동적인,word,1,,,new,1,verified,
pass_n3_p011_o0286,pass_n3,일단합격JLPT완벽대비N3-단어장.pdf,pass,N3,11,286,,문맥 규정,,片方,かたほう,한쪽,片方,かたほう,,한쪽,word,1,,,new,1,verified,
pass_n3_p011_o0287,pass_n3,일단합격JLPT완벽대비N3-단어장.pdf,pass,N3,11,287,,문맥 규정,,かわく,かわく,마르다,かわく,かわく,,마르다,word,1,,,new,1,verified,
pass_n3_p011_o0288,pass_n3,일단합격JLPT완벽대비N3-단어장.pdf,pass,N3,11,288,,문맥 규정,noun,渋滞,じゅうたい,정체(밀리는 상태),渋滞,じゅうたい,,정체(밀리는 상태),word,1,w_d2f22c5acd908d61,N3,exact,1,verified,
pass_n3_p011_o0289,pass_n3,일단합격JLPT완벽대비N3-단어장.pdf,pass,N3,11,289,,문맥 규정,adjective,おかしい,おかしい,이상하다,おかしい,おかしい,,이상하다,word,1,w_672b201b0d3b2ec1,N4,exact,1,verified,
pass_n3_p011_o0290,pass_n3,일단합격JLPT완벽대비N3-단어장.pdf,pass,N3,11,290,,문맥 규정,noun,交換,こうかん,교환,交換,こうかん,,교환,word,1,w_0394d6d5dc4a4946,N3,exact,1,verified,
pass_n3_p011_o0291,pass_n3,일단합격JLPT완벽대비N3-단어장.pdf,pass,N3,11,291,,문맥 규정,,リサイクル,リサイクル,"리사이클, 재활용",リサイクル,リサイクル,,"리사이클, 재활용",word,1,,,new,1,verified,
pass_n3_p011_o0292,pass_n3,일단합격JLPT완벽대비N3-단어장.pdf,pass,N3,11,292,,문맥 규정,,うわさ,うわさ,소문,うわさ,うわさ,,소문,word,1,,,new,1,verified,
pass_n3_p011_o0293,pass_n3,일단합격JLPT완벽대비N3-단어장.pdf,pass,N3,11,293,,문맥 규정,adverb,主に,おもに,주로,主に,おもに,,주로,word,1,w_8dca1d133a082183,N3,exact,1,verified,
pass_n3_p011_o0294,pass_n3,일단합격JLPT완벽대비N3-단어장.pdf,pass,N3,11,294,,문맥 규정,noun,不安,ふあん,불안,不安,ふあん,,불안,word,1,w_1e7ffdddebe4c582,N3,exact,1,verified,
pass_n3_p012_o0295,pass_n3,일단합격JLPT완벽대비N3-단어장.pdf,pass,N3,12,295,,문맥 규정,adverb,なるべく,なるべく,가급적,なるべく,なるべく,,가급적,word,1,w_ec666a473c6c95cc,N4,exact,1,verified,
pass_n3_p012_o0296,pass_n3,일단합격JLPT완벽대비N3-단어장.pdf,pass,N3,12,296,,문맥 규정,,とじる,とじる,"닫다, (눈을)감다",とじる,とじる,,"닫다, (눈을)감다",word,1,,,new,1,verified,
pass_n3_p012_o0297,pass_n3,일단합격JLPT완벽대비N3-단어장.pdf,pass,N3,12,297,,문맥 규정,,たたむ,たたむ,"접다, 개다",たたむ,たたむ,,"접다, 개다",word,1,,,new,1,verified,
pass_n3_p012_o0298,pass_n3,일단합격JLPT완벽대비N3-단어장.pdf,pass,N3,12,298,,문맥 규정,noun,調子,ちょうし,상태,調子,ちょうし,,상태,word,1,w_c9ef7babc405b15f,N3,exact,1,verified,
pass_n3_p012_o0299,pass_n3,일단합격JLPT완벽대비N3-단어장.pdf,pass,N3,12,299,,문맥 규정,adjective,緩い,ゆるい,"느슨하다, 완만하다",緩い,ゆるい,,"느슨하다, 완만하다",word,1,w_5383cc0f3350da7d,N2,exact,1,verified,
pass_n3_p012_o0300,pass_n3,일단합격JLPT완벽대비N3-단어장.pdf,pass,N3,12,300,,문맥 규정,verb,経つ,たつ,"지나다, 경과하다",経つ,たつ,,"지나다, 경과하다",word,1,w_f9cbb66f95c14ac7,N3,exact,1,verified,
pass_n3_p012_o0301,pass_n3,일단합격JLPT완벽대비N3-단어장.pdf,pass,N3,12,301,,문맥 규정,adjective,突然,とつぜん,"돌연, 갑자기",突然,とつぜん,,"돌연, 갑자기",word,1,w_778db150e15994d8,N3,exact,1,verified,
pass_n3_p012_o0302,pass_n3,일단합격JLPT완벽대비N3-단어장.pdf,pass,N3,12,302,,문맥 규정,noun,物価,ぶっか,물가,物価,ぶっか,,물가,word,1,w_93507c9aecd20af4,N3,exact,1,verified,
pass_n3_p012_o0303,pass_n3,일단합격JLPT완벽대비N3-단어장.pdf,pass,N3,12,303,,문맥 규정,,追いつく,おいつく,따라잡다,追いつく,おいつく,,따라잡다,word,1,,,new,1,verified,
pass_n3_p012_o0304,pass_n3,일단합격JLPT완벽대비N3-단어장.pdf,pass,N3,12,304,,문맥 규정,,おぼれる,おぼれる,물에 빠지다,おぼれる,おぼれる,,물에 빠지다,word,1,,,new,1,verified,
pass_n3_p012_o0305,pass_n3,일단합격JLPT완벽대비N3-단어장.pdf,pass,N3,12,305,,문맥 규정,noun,材料,ざいりょう,재료,材料,ざいりょう,,재료,word,1,w_cad763736b470d5a,N3,exact,1,verified,
pass_n3_p012_o0306,pass_n3,일단합격JLPT완벽대비N3-단어장.pdf,pass,N3,12,306,,문맥 규정,,別々に,べつべつに,따로따로,別々に,べつべつに,,따로따로,word,1,,,new,1,verified,
pass_n3_p012_o0307,pass_n3,일단합격JLPT완벽대비N3-단어장.pdf,pass,N3,12,307,,문맥 규정,,引き受ける,ひきうける,받아들이다,引き受ける,ひきうける,,받아들이다,word,1,,,new,1,verified,
pass_n3_p012_o0308,pass_n3,일단합격JLPT완벽대비N3-단어장.pdf,pass,N3,12,308,,문맥 규정,,自慢する,じまんする,자랑하다,自慢する,じまんする,,자랑하다,word,1,,,new,1,verified,
pass_n3_p012_o0309,pass_n3,일단합격JLPT완벽대비N3-단어장.pdf,pass,N3,12,309,,문맥 규정,verb,分ける,わける,"나누다, 구분하다",分ける,わける,,"나누다, 구분하다",word,1,w_61c26aa93d075780,N3,exact,1,verified,
pass_n3_p012_o0310,pass_n3,일단합격JLPT완벽대비N3-단어장.pdf,pass,N3,12,310,,문맥 규정,noun,お祝い,おいわい,축하,お祝い,おいわい,,축하,word,1,w_03fde61be0f26975,N4,exact,1,verified,
pass_n3_p012_o0311,pass_n3,일단합격JLPT완벽대비N3-단어장.pdf,pass,N3,12,311,,문맥 규정,noun,方法,ほうほう,방법,方法,ほうほう,,방법,word,1,w_57420260388d1a97,N3,exact,1,verified,
pass_n3_p012_o0312,pass_n3,일단합격JLPT완벽대비N3-단어장.pdf,pass,N3,12,312,,문맥 규정,,積極的な,せっきょくてきな,적극적인,積極的な,せっきょくてきな,,적극적인,word,1,,,new,1,verified,
pass_n3_p012_o0313,pass_n3,일단합격JLPT완벽대비N3-단어장.pdf,pass,N3,12,313,,문맥 규정,noun,資源,しげん,자원,資源,しげん,,자원,word,1,w_fc525b21ed5fd442,N3,exact,1,verified,
pass_n3_p012_o0314,pass_n3,일단합격JLPT완벽대비N3-단어장.pdf,pass,N3,12,314,,문맥 규정,noun,印象,いんしょう,인상,印象,いんしょう,,인상,word,1,w_45e1c8d648720e49,N3,exact,1,verified,
pass_n3_p012_o0315,pass_n3,일단합격JLPT완벽대비N3-단어장.pdf,pass,N3,12,315,,문맥 규정,,我慢する,がまんする,참다,我慢する,がまんする,,참다,word,1,,,new,1,verified,
pass_n3_p012_o0316,pass_n3,일단합격JLPT완벽대비N3-단어장.pdf,pass,N3,12,316,,문맥 규정,noun,記念,きねん,기념,記念,きねん,,기념,word,1,w_47b958be6c1dd3b1,N3,exact,1,verified,
pass_n3_p012_o0317,pass_n3,일단합격JLPT완벽대비N3-단어장.pdf,pass,N3,12,317,,문맥 규정,,使用(料),しよう(りょう),사용(료),使用(料),しよう,りょう,사용(료),expression,0,,,new,1,verified,"expression 항목: 원본 보존, 앱 기본 목록 제외"
pass_n3_p012_o0318,pass_n3,일단합격JLPT완벽대비N3-단어장.pdf,pass,N3,12,318,,문맥 규정,,あきる,あきる,"질리다, 식상하다",あきる,あきる,,"질리다, 식상하다",word,1,,,new,1,verified,
pass_n3_p012_o0319,pass_n3,일단합격JLPT완벽대비N3-단어장.pdf,pass,N3,12,319,,문맥 규정,,パンフレット,パンフレット,"팸플릿, 소책자",パンフレット,パンフレット,,"팸플릿, 소책자",word,1,,,new,1,verified,
pass_n3_p012_o0320,pass_n3,일단합격JLPT완벽대비N3-단어장.pdf,pass,N3,12,320,,문맥 규정,noun,目標,もくひょう,목표,目標,もくひょう,,목표,word,1,w_40d2853453a9264d,N3,exact,1,verified,
pass_n3_p012_o0321,pass_n3,일단합격JLPT완벽대비N3-단어장.pdf,pass,N3,12,321,,문맥 규정,verb,覚める,さめる,"(잠) 깨다, 정신 들다",覚める,さめる,,"(잠) 깨다, 정신 들다",word,1,w_2d93a54816bc689a,N3,exact,1,verified,
pass_n3_p012_o0322,pass_n3,일단합격JLPT완벽대비N3-단어장.pdf,pass,N3,12,322,,문맥 규정,noun,テーマ,テーマ,"주제, 테마",テーマ,テーマ,,"주제, 테마",word,1,w_25dd9dc478c947cd,N2,exact,1,verified,
pass_n3_p012_o0323,pass_n3,일단합격JLPT완벽대비N3-단어장.pdf,pass,N3,12,323,,문맥 규정,noun,穴,あな,"구멍, 구덩이",穴,あな,,"구멍, 구덩이",word,1,w_ed780300268e3ffa,N3,exact,1,verified,
pass_n3_p012_o0324,pass_n3,일단합격JLPT완벽대비N3-단어장.pdf,pass,N3,12,324,,문맥 규정,noun,合計,ごうけい,합계,合計,ごうけい,,합계,word,1,w_c3feece6a3a9549c,N3,exact,1,verified,
pass_n3_p012_o0325,pass_n3,일단합격JLPT완벽대비N3-단어장.pdf,pass,N3,12,325,,문맥 규정,adjective,悔しい,くやしい,"분하다, 억울하다",悔しい,くやしい,,"분하다, 억울하다",word,1,w_f33b6d9d38791a27,N3,exact,1,verified,
pass_n3_p012_o0326,pass_n3,일단합격JLPT완벽대비N3-단어장.pdf,pass,N3,12,326,,문맥 규정,,ぶつける,ぶつける,"부딪다, 들이받다",ぶつける,ぶつける,,"부딪다, 들이받다",word,1,,,new,1,verified,
pass_n3_p012_o0327,pass_n3,일단합격JLPT완벽대비N3-단어장.pdf,pass,N3,12,327,,문맥 규정,noun,感覚,かんかく,감각,感覚,かんかく,,감각,word,1,w_c667bc5094ca3cc6,N3,exact,1,verified,
pass_n3_p012_o0328,pass_n3,일단합격JLPT완벽대비N3-단어장.pdf,pass,N3,12,328,,문맥 규정,,くせ,くせ,버릇,くせ,くせ,,버릇,word,1,,,new,1,verified,
pass_n3_p012_o0329,pass_n3,일단합격JLPT완벽대비N3-단어장.pdf,pass,N3,12,329,,문맥 규정,adverb,ふらふら,ふらふら,"비틀비틀, 휘청휘청",ふらふら,ふらふら,,"비틀비틀, 휘청휘청",word,1,w_ddc4c211ea049dc1,N1,exact,1,verified,
pass_n3_p012_o0330,pass_n3,일단합격JLPT완벽대비N3-단어장.pdf,pass,N3,12,330,,문맥 규정,noun,当日,とうじつ,당일,当日,とうじつ,,당일,word,1,w_aa10c9c854fbbf6a,N2,exact,1,verified,
pass_n3_p012_o0331,pass_n3,일단합격JLPT완벽대비N3-단어장.pdf,pass,N3,12,331,,문맥 규정,,発表,はっぴょう,발표,発表,はっぴょう,,발표,word,1,,,new,1,verified,
pass_n3_p012_o0332,pass_n3,일단합격JLPT완벽대비N3-단어장.pdf,pass,N3,12,332,,문맥 규정,verb,守る,まもる,지키다,守る,まもる,,지키다,word,1,w_f9a133c30df4181e,N3,exact,1,verified,
pass_n3_p013_o0333,pass_n3,일단합격JLPT완벽대비N3-단어장.pdf,pass,N3,13,333,,문맥 규정,noun,順番,じゅんばん,"순번, 차례",順番,じゅんばん,,"순번, 차례",word,1,w_ba7dc722f3b85b73,N3,exact,1,verified,
pass_n3_p013_o0334,pass_n3,일단합격JLPT완벽대비N3-단어장.pdf,pass,N3,13,334,,문맥 규정,noun,文句,もんく,"불평, 잔소리",文句,もんく,,"불평, 잔소리",word,1,w_fc7adcb9e20962f9,N3,exact,1,verified,
pass_n3_p013_o0335,pass_n3,일단합격JLPT완벽대비N3-단어장.pdf,pass,N3,13,335,,문맥 규정,,代表的な,だいひょうてきな,대표적인,代表的な,だいひょうてきな,,대표적인,word,1,,,new,1,verified,
pass_n3_p013_o0336,pass_n3,일단합격JLPT완벽대비N3-단어장.pdf,pass,N3,13,336,,문맥 규정,noun,栄養,えいよう,영양,栄養,えいよう,,영양,word,1,w_6fbbf0029eee6674,N3,exact,1,verified,
pass_n3_p013_o0337,pass_n3,일단합격JLPT완벽대비N3-단어장.pdf,pass,N3,13,337,,문맥 규정,verb,隠す,かくす,숨기다,隠す,かくす,,숨기다,word,1,w_0db5f93d3e4fca8d,N3,exact,1,verified,
pass_n3_p013_o0338,pass_n3,일단합격JLPT완벽대비N3-단어장.pdf,pass,N3,13,338,,문맥 규정,noun,割合,わりあい,비율,割合,わりあい,,비율,word,1,w_d75007a63197de40,N4,exact,1,verified,
pass_n3_p013_o0339,pass_n3,일단합격JLPT완벽대비N3-단어장.pdf,pass,N3,13,339,,문맥 규정,adverb,そっくり,そっくり,똑같이 생김,そっくり,そっくり,,똑같이 생김,word,1,w_6137a9f052a73aa2,N3,exact,1,verified,
pass_n3_p013_o0340,pass_n3,일단합격JLPT완벽대비N3-단어장.pdf,pass,N3,13,340,,문맥 규정,noun,観察,かんさつ,관찰,観察,かんさつ,,관찰,word,1,w_d4b3dd90a3c30d44,N3,exact,1,verified,
pass_n3_p013_o0341,pass_n3,일단합격JLPT완벽대비N3-단어장.pdf,pass,N3,13,341,,문맥 규정,verb,破れる,やぶれる,"찢어지다, 파손되다",破れる,やぶれる,,"찢어지다, 파손되다",word,1,w_c4fb7b4c678f1889,N3,exact,1,verified,
pass_n3_p013_o0342,pass_n3,일단합격JLPT완벽대비N3-단어장.pdf,pass,N3,13,342,,문맥 규정,noun,料金,りょうきん,요금,料金,りょうきん,,요금,word,1,w_700d7ff4b9121075,N3,exact,1,verified,
pass_n3_p013_o0343,pass_n3,일단합격JLPT완벽대비N3-단어장.pdf,pass,N3,13,343,,문맥 규정,verb,編む,あむ,"짜다, 뜨개질하다",編む,あむ,,"짜다, 뜨개질하다",word,1,w_257d75d3ceb98dfd,N2,exact,1,verified,
pass_n3_p013_o0344,pass_n3,일단합격JLPT완벽대비N3-단어장.pdf,pass,N3,13,344,,문맥 규정,verb,戦う,たたかう,싸우다,戦う,たたかう,,싸우다,word,1,w_ccae99849468c640,N3,exact,1,verified,
pass_n3_p013_o0345,pass_n3,일단합격JLPT완벽대비N3-단어장.pdf,pass,N3,13,345,,문맥 규정,noun,興味,きょうみ,흥미,興味,きょうみ,,흥미,word,1,w_224b3e9a42c8cc84,N4,exact,1,verified,
pass_n3_p013_o0346,pass_n3,일단합격JLPT완벽대비N3-단어장.pdf,pass,N3,13,346,,문맥 규정,noun,香り,かおり,향기,香り,かおり,,향기,word,1,w_436286d59eff0278,N3,exact,1,verified,
pass_n3_p013_o0347,pass_n3,일단합격JLPT완벽대비N3-단어장.pdf,pass,N3,13,347,,문맥 규정,noun,演奏,えんそう,연주,演奏,えんそう,,연주,word,1,w_ff024f4aec5ba45c,N3,exact,1,verified,
pass_n3_p013_o0348,pass_n3,일단합격JLPT완벽대비N3-단어장.pdf,pass,N3,13,348,,문맥 규정,verb,防ぐ,ふせぐ,"막다, 방지하다",防ぐ,ふせぐ,,"막다, 방지하다",word,1,w_98ab7b2cbcdd104e,N3,exact,1,verified,
pass_n3_p013_o0349,pass_n3,일단합격JLPT완벽대비N3-단어장.pdf,pass,N3,13,349,,문맥 규정,,ぴったり,ぴったり,"딱(밀착함, 어울림)",ぴったり,ぴったり,,"딱(밀착함, 어울림)",word,1,,,new,1,verified,
pass_n3_p013_o0350,pass_n3,일단합격JLPT완벽대비N3-단어장.pdf,pass,N3,13,350,,문맥 규정,,盛んな,さかんな,"왕성한, 활발한",盛んな,さかんな,,"왕성한, 활발한",word,1,,,new,1,verified,
pass_n3_p013_o0351,pass_n3,일단합격JLPT완벽대비N3-단어장.pdf,pass,N3,13,351,,문맥 규정,,アドバイス,アドバイス,"어드바이스, 충고",アドバイス,アドバイス,,"어드바이스, 충고",word,1,,,new,1,verified,
pass_n3_p013_o0352,pass_n3,일단합격JLPT완벽대비N3-단어장.pdf,pass,N3,13,352,,문맥 규정,adjective,うまい,うまい,능숙하다,うまい,うまい,,능숙하다,word,1,w_98601c5f9fe56540,N4,exact,1,verified,
pass_n3_p013_o0353,pass_n3,일단합격JLPT완벽대비N3-단어장.pdf,pass,N3,13,353,,문맥 규정,,自信,じしん,자신(자신감),自信,じしん,,자신(자신감),word,1,,,new,1,verified,
pass_n3_p013_o0354,pass_n3,일단합격JLPT완벽대비N3-단어장.pdf,pass,N3,13,354,,문맥 규정,noun,検査,けんさ,검사,検査,けんさ,,검사,word,1,w_43f2bc988923ec79,N3,exact,1,verified,
pass_n3_p013_o0355,pass_n3,일단합격JLPT완벽대비N3-단어장.pdf,pass,N3,13,355,,문맥 규정,,チャレンジ,チャレンジ,"챌린지, 도전",チャレンジ,チャレンジ,,"챌린지, 도전",word,1,,,new,1,verified,
pass_n3_p013_o0356,pass_n3,일단합격JLPT완벽대비N3-단어장.pdf,pass,N3,13,356,,문맥 규정,noun,流行,りゅうこう,유행,流行,りゅうこう,,유행,word,1,w_6fd2257d6e3b42ef,N3,exact,1,verified,
pass_n3_p013_o0357,pass_n3,일단합격JLPT완벽대비N3-단어장.pdf,pass,N3,13,357,,문맥 규정,verb,断る,ことわる,거절하다,断る,ことわる,,거절하다,word,1,w_6ee69fae4031725c,N3,exact,1,verified,
pass_n3_p013_o0358,pass_n3,일단합격JLPT완벽대비N3-단어장.pdf,pass,N3,13,358,,문맥 규정,adjective,惜しい,おしい,"아깝다, 아쉽다",惜しい,おしい,,"아깝다, 아쉽다",word,1,w_019b02f5b9b7dc2f,N2,exact,1,verified,
pass_n3_p013_o0359,pass_n3,일단합격JLPT완벽대비N3-단어장.pdf,pass,N3,13,359,,문맥 규정,noun,傷,きず,상처,傷,きず,,상처,word,1,w_bf8abfe1ac3f5fb8,N3,exact,1,verified,
pass_n3_p013_o0360,pass_n3,일단합격JLPT완벽대비N3-단어장.pdf,pass,N3,13,360,,문맥 규정,verb,頼る,たよる,의지하다,頼る,たよる,,의지하다,word,1,w_beba51ed42057271,N3,exact,1,verified,
pass_n3_p013_o0361,pass_n3,일단합격JLPT완벽대비N3-단어장.pdf,pass,N3,13,361,,문맥 규정,,特長,とくちょう,특징,特長,とくちょう,,특징,word,1,,,new,1,verified,
pass_n3_p013_o0362,pass_n3,일단합격JLPT완벽대비N3-단어장.pdf,pass,N3,13,362,,문맥 규정,noun,イメージ,イメージ,이미지,イメージ,イメージ,,이미지,word,1,w_668cba7ff473553a,N3,exact,1,verified,
pass_n3_p013_o0363,pass_n3,일단합격JLPT완벽대비N3-단어장.pdf,pass,N3,13,363,,문맥 규정,verb,囲む,かこむ,포위하다,囲む,かこむ,,포위하다,word,1,w_0fe02994b97b5a0f,N3,exact,1,verified,
pass_n3_p013_o0364,pass_n3,일단합격JLPT완벽대비N3-단어장.pdf,pass,N3,13,364,,문맥 규정,,がらがら,がらがら,텅텅(텅 빈 모습),がらがら,がらがら,,텅텅(텅 빈 모습),word,1,,,new,1,verified,
pass_n3_p013_o0365,pass_n3,일단합격JLPT완벽대비N3-단어장.pdf,pass,N3,13,365,,문맥 규정,,うわさ,うわさ,소문,うわさ,うわさ,,소문,word,1,,,new,1,verified,
pass_n3_p013_o0366,pass_n3,일단합격JLPT완벽대비N3-단어장.pdf,pass,N3,13,366,,문맥 규정,verb,許す,ゆるす,"용서하다, 허락하다",許す,ゆるす,,"용서하다, 허락하다",word,1,w_6472552f0c0e1a6b,N3,exact,1,verified,
pass_n3_p013_o0367,pass_n3,일단합격JLPT완벽대비N3-단어장.pdf,pass,N3,13,367,,문맥 규정,noun,姿勢,しせい,자세,姿勢,しせい,,자세,word,1,w_7f34a8de8756e33b,N2,exact,1,verified,
pass_n3_p013_o0368,pass_n3,일단합격JLPT완벽대비N3-단어장.pdf,pass,N3,13,368,,문맥 규정,verb,確かめる,たしかめる,확인하다,確かめる,たしかめる,,확인하다,word,1,w_79aa315fe2fb6fed,N3,exact,1,verified,
pass_n3_p013_o0369,pass_n3,일단합격JLPT완벽대비N3-단어장.pdf,pass,N3,13,369,,문맥 규정,noun,農業,のうぎょう,농업,農業,のうぎょう,,농업,word,1,w_1e6961ce3411cb4b,N3,exact,1,verified,
pass_n3_p013_o0370,pass_n3,일단합격JLPT완벽대비N3-단어장.pdf,pass,N3,13,370,,문맥 규정,verb,沈む,しずむ,가라앉다,沈む,しずむ,,가라앉다,word,1,w_332961e3eca8d0d8,N3,exact,1,verified,
pass_n3_p014_o0371,pass_n3,일단합격JLPT완벽대비N3-단어장.pdf,pass,N3,14,371,,문맥 규정,noun,内緒,ないしょ,비밀,内緒,ないしょ,,비밀,word,1,w_82a8a19743899089,N1,exact,1,verified,
pass_n3_p014_o0372,pass_n3,일단합격JLPT완벽대비N3-단어장.pdf,pass,N3,14,372,,문맥 규정,noun,底,そこ,바닥,底,そこ,,바닥,word,1,w_cd9ef42ceb9ad142,N3,exact,1,verified,
pass_n3_p014_o0373,pass_n3,일단합격JLPT완벽대비N3-단어장.pdf,pass,N3,14,373,,문맥 규정,noun,比較,ひかく,비교,比較,ひかく,,비교,word,1,w_5b75b72b00bbd908,N3,exact,1,verified,
pass_n3_p014_o0374,pass_n3,일단합격JLPT완벽대비N3-단어장.pdf,pass,N3,14,374,,문맥 규정,noun,平均,へいきん,평균,平均,へいきん,,평균,word,1,w_4715b3f2e7ed7c84,N3,exact,1,verified,
pass_n3_p014_o0375,pass_n3,일단합격JLPT완벽대비N3-단어장.pdf,pass,N3,14,375,,문맥 규정,,マナー,マナー,매너,マナー,マナー,,매너,word,1,,,new,1,verified,
pass_n3_p014_o0376,pass_n3,일단합격JLPT완벽대비N3-단어장.pdf,pass,N3,14,376,,문맥 규정,,呼びかける,よびかける,부르다,呼びかける,よびかける,,부르다,word,1,,,new,1,verified,
pass_n3_p014_o0377,pass_n3,일단합격JLPT완벽대비N3-단어장.pdf,pass,N3,14,377,,문맥 규정,noun,目的,もくてき,목적,目的,もくてき,,목적,word,1,w_2567fd055b29b59b,N3,exact,1,verified,
pass_n3_p014_o0378,pass_n3,일단합격JLPT완벽대비N3-단어장.pdf,pass,N3,14,378,,문맥 규정,noun,床,ゆか,"바닥, 마루",床,ゆか,,"바닥, 마루",word,1,w_1846ab557a170f3b,N3,exact,1,verified,
pass_n3_p014_o0379,pass_n3,일단합격JLPT완벽대비N3-단어장.pdf,pass,N3,14,379,,문맥 규정,noun,完成,かんせい,완성,完成,かんせい,,완성,word,1,w_71bcd3743c50309a,N3,exact,1,verified,
pass_n3_p014_o0380,pass_n3,일단합격JLPT완벽대비N3-단어장.pdf,pass,N3,14,380,,문맥 규정,noun,列,れつ,줄,列,れつ,,줄,word,1,w_75f690ec603e0f73,N3,exact,1,verified,
pass_n3_p014_o0381,pass_n3,일단합격JLPT완벽대비N3-단어장.pdf,pass,N3,14,381,,문맥 규정,adjective,苦しい,くるしい,괴롭다,苦しい,くるしい,,괴롭다,word,1,w_c56e9a474a473deb,N3,exact,1,verified,
pass_n3_p014_o0382,pass_n3,일단합격JLPT완벽대비N3-단어장.pdf,pass,N3,14,382,,문맥 규정,noun,登場,とうじょう,등장,登場,とうじょう,,등장,word,1,w_1ac7da2da874cb8f,N2,exact,1,verified,
pass_n3_p014_o0383,pass_n3,일단합격JLPT완벽대비N3-단어장.pdf,pass,N3,14,383,,문맥 규정,,ずいぶん,ずいぶん,상당히,ずいぶん,ずいぶん,,상당히,word,1,,,new,1,verified,
pass_n3_p014_o0384,pass_n3,일단합격JLPT완벽대비N3-단어장.pdf,pass,N3,14,384,,문맥 규정,,落ち着く,おちつく,"자리잡다, 안정되다",落ち着く,おちつく,,"자리잡다, 안정되다",word,1,,,new,1,verified,
pass_n3_p014_o0385,pass_n3,일단합격JLPT완벽대비N3-단어장.pdf,pass,N3,14,385,,문맥 규정,noun,申請,しんせい,신청,申請,しんせい,,신청,word,1,w_cc35bda7a461b790,N2,exact,1,verified,
pass_n3_p014_o0386,pass_n3,일단합격JLPT완벽대비N3-단어장.pdf,pass,N3,14,386,,문맥 규정,,染み,しみ,얼룩,染み,しみ,,얼룩,word,1,,,new,1,verified,
pass_n3_p014_o0387,pass_n3,일단합격JLPT완벽대비N3-단어장.pdf,pass,N3,14,387,,유의어,adjective,きつい,きつい,힘들다,きつい,きつい,,힘들다,word,1,w_03d47d9381223e3a,N3,exact,1,verified,
pass_n3_p014_o0388,pass_n3,일단합격JLPT완벽대비N3-단어장.pdf,pass,N3,14,388,,유의어,,大変だ,たいへんだ,"큰일이다, 힘들다",大変だ,たいへんだ,,"큰일이다, 힘들다",word,1,,,new,1,verified,
pass_n3_p014_o0389,pass_n3,일단합격JLPT완벽대비N3-단어장.pdf,pass,N3,14,389,,유의어,verb,くたびれる,くたびれる,지치다,くたびれる,くたびれる,,지치다,word,1,w_1acadab0e96ab9d7,N2,exact,1,verified,
pass_n3_p014_o0390,pass_n3,일단합격JLPT완벽대비N3-단어장.pdf,pass,N3,14,390,,유의어,,つかれる,つかれる,피로하다,つかれる,つかれる,,피로하다,word,1,,,new,1,verified,
pass_n3_p014_o0391,pass_n3,일단합격JLPT완벽대비N3-단어장.pdf,pass,N3,14,391,,유의어,verb,明ける,あける,"날이 새다, 끝나다",明ける,あける,,"날이 새다, 끝나다",word,1,w_949c210aa0e199be,N3,exact,1,verified,
pass_n3_p014_o0392,pass_n3,일단합격JLPT완벽대비N3-단어장.pdf,pass,N3,14,392,,유의어,,おわる,おわる,끝나다,おわる,おわる,,끝나다,word,1,,,new,1,verified,
pass_n3_p014_o0393,pass_n3,일단합격JLPT완벽대비N3-단어장.pdf,pass,N3,14,393,,유의어,,混雑している,こんざつしている,혼잡하다,混雑している,こんざつしている,,혼잡하다,word,1,,,new,1,verified,
pass_n3_p014_o0394,pass_n3,일단합격JLPT완벽대비N3-단어장.pdf,pass,N3,14,394,,유의어,,客がたくさんいる,きゃくがたくさんいる,손님이 많이 있다,客がたくさんいる,きゃくがたくさんいる,,손님이 많이 있다,word,1,,,new,1,verified,
pass_n3_p014_o0395,pass_n3,일단합격JLPT완벽대비N3-단어장.pdf,pass,N3,14,395,,유의어,,わかりやすい,わかりやすい,알기 쉽다,わかりやすい,わかりやすい,,알기 쉽다,word,1,,,new,1,verified,
pass_n3_p014_o0396,pass_n3,일단합격JLPT완벽대비N3-단어장.pdf,pass,N3,14,396,,유의어,,単純だ,たんじゅんだ,단순하다,単純だ,たんじゅんだ,,단순하다,word,1,,,new,1,verified,
pass_n3_p014_o0397,pass_n3,일단합격JLPT완벽대비N3-단어장.pdf,pass,N3,14,397,,유의어,,まご,まご,손자,まご,まご,,손자,word,1,,,new,1,verified,
pass_n3_p014_o0398,pass_n3,일단합격JLPT완벽대비N3-단어장.pdf,pass,N3,14,398,,유의어,,娘の息子,むすめのむすこ,딸의 아들,娘の息子,むすめのむすこ,,딸의 아들,word,1,,,new,1,verified,
pass_n3_p014_o0399,pass_n3,일단합격JLPT완벽대비N3-단어장.pdf,pass,N3,14,399,,유의어,,たまる,たまる,쌓이다,たまる,たまる,,쌓이다,word,1,,,new,1,verified,
pass_n3_p014_o0400,pass_n3,일단합격JLPT완벽대비N3-단어장.pdf,pass,N3,14,400,,유의어,,たくさん残る,たくさんのこる,많이 남다,たくさん残る,たくさんのこる,,많이 남다,word,1,,,new,1,verified,
pass_n3_p014_o0401,pass_n3,일단합격JLPT완벽대비N3-단어장.pdf,pass,N3,14,401,,유의어,,短気だ,たんきだ,성미가 급하다,短気だ,たんきだ,,성미가 급하다,word,1,,,new,1,verified,
pass_n3_p014_o0402,pass_n3,일단합격JLPT완벽대비N3-단어장.pdf,pass,N3,14,402,,유의어,,すぐ怒る,すぐおこる,바로 화를 내다,すぐ怒る,すぐおこる,,바로 화를 내다,word,1,,,new,1,verified,
pass_n3_p015_o0403,pass_n3,일단합격JLPT완벽대비N3-단어장.pdf,pass,N3,15,403,,유의어,,暗記する,あんきする,암기하다,暗記する,あんきする,,암기하다,word,1,,,new,1,verified,
pass_n3_p015_o0404,pass_n3,일단합격JLPT완벽대비N3-단어장.pdf,pass,N3,15,404,,유의어,verb,覚える,おぼえる,"외우다, 기억하다",覚える,おぼえる,,"외우다, 기억하다",word,1,w_c19e856353cf049c,N5,exact,1,verified,
pass_n3_p015_o0405,pass_n3,일단합격JLPT완벽대비N3-단어장.pdf,pass,N3,15,405,,유의어,,きまり,きまり,규칙,きまり,きまり,,규칙,word,1,,,new,1,verified,
pass_n3_p015_o0406,pass_n3,일단합격JLPT완벽대비N3-단어장.pdf,pass,N3,15,406,,유의어,noun,規則,きそく,규칙,規則,きそく,,규칙,word,1,w_da1fc48e9a617b67,N4,exact,1,verified,
pass_n3_p015_o0407,pass_n3,일단합격JLPT완벽대비N3-단어장.pdf,pass,N3,15,407,,유의어,,通勤する,つうきんする,통근하다,通勤する,つうきんする,,통근하다,word,1,,,new,1,verified,
pass_n3_p015_o0408,pass_n3,일단합격JLPT완벽대비N3-단어장.pdf,pass,N3,15,408,,유의어,,仕事に行く,しごとにいく,일하러 가다,仕事に行く,しごとにいく,,일하러 가다,word,1,,,new,1,verified,
pass_n3_p015_o0409,pass_n3,일단합격JLPT완벽대비N3-단어장.pdf,pass,N3,15,409,,유의어,,おそろしい,おそろしい,무섭다,おそろしい,おそろしい,,무섭다,word,1,,,new,1,verified,
pass_n3_p015_o0410,pass_n3,일단합격JLPT완벽대비N3-단어장.pdf,pass,N3,15,410,,유의어,,こわい,こわい,무섭다,こわい,こわい,,무섭다,word,1,,,new,1,verified,
pass_n3_p015_o0411,pass_n3,일단합격JLPT완벽대비N3-단어장.pdf,pass,N3,15,411,,유의어,,わけ,わけ,이유,わけ,わけ,,이유,word,1,,,new,1,verified,
pass_n3_p015_o0412,pass_n3,일단합격JLPT완벽대비N3-단어장.pdf,pass,N3,15,412,,유의어,noun,理由,りゆう,이유,理由,りゆう,,이유,word,1,w_da6aa3cba0abe600,N4,exact,1,verified,
pass_n3_p015_o0413,pass_n3,일단합격JLPT완벽대비N3-단어장.pdf,pass,N3,15,413,,유의어,,減る,へる,줄어들다,減る,へる,,줄어들다,word,1,,,new,1,verified,
pass_n3_p015_o0414,pass_n3,일단합격JLPT완벽대비N3-단어장.pdf,pass,N3,15,414,,유의어,,少なくなる,すくなくなる,적어지다,少なくなる,すくなくなる,,적어지다,word,1,,,new,1,verified,
pass_n3_p015_o0415,pass_n3,일단합격JLPT완벽대비N3-단어장.pdf,pass,N3,15,415,,유의어,,やり直す,やりなおす,다시 하다,やり直す,やりなおす,,다시 하다,word,1,,,new,1,verified,
pass_n3_p015_o0416,pass_n3,일단합격JLPT완벽대비N3-단어장.pdf,pass,N3,15,416,,유의어,,もう一度やる,もういちどやる,한번 더 하다,もう一度やる,もういちどやる,,한번 더 하다,word,1,,,new,1,verified,
pass_n3_p015_o0417,pass_n3,일단합격JLPT완벽대비N3-단어장.pdf,pass,N3,15,417,,유의어,noun,欠点,けってん,결점,欠点,けってん,,결점,word,1,w_4cc98de159aa2795,N3,exact,1,verified,
pass_n3_p015_o0418,pass_n3,일단합격JLPT완벽대비N3-단어장.pdf,pass,N3,15,418,,유의어,,悪いところ,わるいところ,나쁜 점,悪いところ,わるいところ,,나쁜 점,word,1,,,new,1,verified,
pass_n3_p015_o0419,pass_n3,일단합격JLPT완벽대비N3-단어장.pdf,pass,N3,15,419,,유의어,,翌年,よくとし,이듬해,翌年,よくとし,,이듬해,word,1,,,new,1,verified,
pass_n3_p015_o0420,pass_n3,일단합격JLPT완벽대비N3-단어장.pdf,pass,N3,15,420,,유의어,,次の年,つぎのとし,다음 해,次の年,つぎのとし,,다음 해,word,1,,,new,1,verified,
pass_n3_p015_o0421,pass_n3,일단합격JLPT완벽대비N3-단어장.pdf,pass,N3,15,421,,유의어,noun,スケジュール,スケジュール,스케줄,スケジュール,スケジュール,,스케줄,word,1,w_f84fa3add9cb216e,N3,exact,1,verified,
pass_n3_p015_o0422,pass_n3,일단합격JLPT완벽대비N3-단어장.pdf,pass,N3,15,422,,유의어,noun,予定,よてい,예정,予定,よてい,,예정,word,1,w_8850b3a80af81e01,N4,exact,1,verified,
pass_n3_p015_o0423,pass_n3,일단합격JLPT완벽대비N3-단어장.pdf,pass,N3,15,423,,유의어,,らくな,らくな,편한,らくな,らくな,,편한,word,1,,,new,1,verified,
pass_n3_p015_o0424,pass_n3,일단합격JLPT완벽대비N3-단어장.pdf,pass,N3,15,424,,유의어,,かんたんな,かんたんな,간단한,かんたんな,かんたんな,,간단한,word,1,,,new,1,verified,
pass_n3_p015_o0425,pass_n3,일단합격JLPT완벽대비N3-단어장.pdf,pass,N3,15,425,,유의어,noun,さっき,さっき,조금 전에,さっき,さっき,,조금 전에,word,1,w_f47ff1eed7e97a5c,N4,exact,1,verified,
pass_n3_p015_o0426,pass_n3,일단합격JLPT완벽대비N3-단어장.pdf,pass,N3,15,426,,유의어,,少し前に,すこしまえに,조금 전에,少し前に,すこしまえに,,조금 전에,word,1,,,new,1,verified,
pass_n3_p015_o0427,pass_n3,일단합격JLPT완벽대비N3-단어장.pdf,pass,N3,15,427,,유의어,,共通点,きょうつうてん,공통점,共通点,きょうつうてん,,공통점,word,1,,,new,1,verified,
pass_n3_p015_o0428,pass_n3,일단합격JLPT완벽대비N3-단어장.pdf,pass,N3,15,428,,유의어,,同じところ,おなじところ,같은 점,同じところ,おなじところ,,같은 점,word,1,,,new,1,verified,
pass_n3_p015_o0429,pass_n3,일단합격JLPT완벽대비N3-단어장.pdf,pass,N3,15,429,,유의어,,整理する,せいりする,정리하다,整理する,せいりする,,정리하다,word,1,,,new,1,verified,
pass_n3_p015_o0430,pass_n3,일단합격JLPT완벽대비N3-단어장.pdf,pass,N3,15,430,,유의어,verb,片付ける,かたづける,"치우다, 정리하다",片付ける,かたづける,,"치우다, 정리하다",word,1,w_be7191ed46b17acf,N4,exact,1,verified,
pass_n3_p015_o0431,pass_n3,일단합격JLPT완벽대비N3-단어장.pdf,pass,N3,15,431,,유의어,,ぜったいに,ぜったいに,절대로,ぜったいに,ぜったいに,,절대로,word,1,,,new,1,verified,
pass_n3_p015_o0432,pass_n3,일단합격JLPT완벽대비N3-단어장.pdf,pass,N3,15,432,,유의어,,かならず,かならず,반드시,かならず,かならず,,반드시,word,1,,,new,1,verified,
pass_n3_p015_o0433,pass_n3,일단합격JLPT완벽대비N3-단어장.pdf,pass,N3,15,433,,유의어,,ないしょにする,ないしょにする,비밀로 하다,ないしょにする,ないしょにする,,비밀로 하다,word,1,,,new,1,verified,
pass_n3_p015_o0434,pass_n3,일단합격JLPT완벽대비N3-단어장.pdf,pass,N3,15,434,,유의어,,だれにも話さない,だれにもはなさない,누구에게도 이야기하지 않는다,だれにも話さない,だれにもはなさない,,누구에게도 이야기하지 않는다,word,1,,,new,1,verified,
pass_n3_p015_o0435,pass_n3,일단합격JLPT완벽대비N3-단어장.pdf,pass,N3,15,435,,유의어,,気に入っている,きにいっている,마음에 들어하다,気に入っている,きにいっている,,마음에 들어하다,word,1,,,new,1,verified,
pass_n3_p015_o0436,pass_n3,일단합격JLPT완벽대비N3-단어장.pdf,pass,N3,15,436,,유의어,,すきだ,すきだ,좋아하다,すきだ,すきだ,,좋아하다,word,1,,,new,1,verified,
pass_n3_p015_o0437,pass_n3,일단합격JLPT완벽대비N3-단어장.pdf,pass,N3,15,437,,유의어,,やめる,やめる,그만두다,やめる,やめる,,그만두다,word,1,,,new,1,verified,
pass_n3_p015_o0438,pass_n3,일단합격JLPT완벽대비N3-단어장.pdf,pass,N3,15,438,,유의어,,あきらめる,あきらめる,포기하다,あきらめる,あきらめる,,포기하다,word,1,,,new,1,verified,
pass_n3_p015_o0439,pass_n3,일단합격JLPT완벽대비N3-단어장.pdf,pass,N3,15,439,,유의어,,年中,ねんじゅう,일 년 내내,年中,ねんじゅう,,일 년 내내,word,1,,,new,1,verified,
pass_n3_p016_o0440,pass_n3,일단합격JLPT완벽대비N3-단어장.pdf,pass,N3,16,440,,유의어,adverb,いつも,いつも,항상,いつも,いつも,,항상,word,1,w_0eb7fb9f9547d8f1,N5,exact,1,verified,
pass_n3_p016_o0441,pass_n3,일단합격JLPT완벽대비N3-단어장.pdf,pass,N3,16,441,,유의어,,うばう,うばう,빼앗다,うばう,うばう,,빼앗다,word,1,,,new,1,verified,
pass_n3_p016_o0442,pass_n3,일단합격JLPT완벽대비N3-단어장.pdf,pass,N3,16,442,,유의어,,取る,とる,"잡다, 빼앗다",取る,とる,,"잡다, 빼앗다",word,1,,,new,1,verified,
pass_n3_p016_o0443,pass_n3,일단합격JLPT완벽대비N3-단어장.pdf,pass,N3,16,443,,유의어,adverb,そっと,そっと,살짝,そっと,そっと,,살짝,word,1,w_e3f8ae1ac4c6e455,N3,exact,1,verified,
pass_n3_p016_o0444,pass_n3,일단합격JLPT완벽대비N3-단어장.pdf,pass,N3,16,444,,유의어,,静かに,しずかに,조용하게,静かに,しずかに,,조용하게,word,1,,,new,1,verified,
pass_n3_p016_o0445,pass_n3,일단합격JLPT완벽대비N3-단어장.pdf,pass,N3,16,445,,유의어,,まぶしい,まぶしい,눈부시다,まぶしい,まぶしい,,눈부시다,word,1,,,new,1,verified,
pass_n3_p016_o0446,pass_n3,일단합격JLPT완벽대비N3-단어장.pdf,pass,N3,16,446,,유의어,,明るすぎる,あかるすぎる,너무 밝다,明るすぎる,あかるすぎる,,너무 밝다,word,1,,,new,1,verified,
pass_n3_p016_o0447,pass_n3,일단합격JLPT완벽대비N3-단어장.pdf,pass,N3,16,447,,유의어,noun,サイズ,サイズ,사이즈,サイズ,サイズ,,사이즈,word,1,w_16bb47fc2f77a4c7,N1,exact,1,verified,
pass_n3_p016_o0448,pass_n3,일단합격JLPT완벽대비N3-단어장.pdf,pass,N3,16,448,,유의어,,大きさ,おおきさ,크기,大きさ,おおきさ,,크기,word,1,,,new,1,verified,
pass_n3_p016_o0449,pass_n3,일단합격JLPT완벽대비N3-단어장.pdf,pass,N3,16,449,,유의어,,注文する,ちゅうもんする,주문하다,注文する,ちゅうもんする,,주문하다,word,1,,,new,1,verified,
pass_n3_p016_o0450,pass_n3,일단합격JLPT완벽대비N3-단어장.pdf,pass,N3,16,450,,유의어,,頼む,たのむ,"부탁하다, 주문하다",頼む,たのむ,,"부탁하다, 주문하다",word,1,,,new,1,verified,
pass_n3_p016_o0451,pass_n3,일단합격JLPT완벽대비N3-단어장.pdf,pass,N3,16,451,,유의어,,たしかめる,たしかめる,확인하다,たしかめる,たしかめる,,확인하다,word,1,,,new,1,verified,
pass_n3_p016_o0452,pass_n3,일단합격JLPT완벽대비N3-단어장.pdf,pass,N3,16,452,,유의어,noun,チェックする,チェックする,체크하다,チェックする,チェックする,,체크하다,word,1,w_cf44989e0ac5563a,N4,exact,1,verified,
pass_n3_p016_o0453,pass_n3,일단합격JLPT완벽대비N3-단어장.pdf,pass,N3,16,453,,유의어,,このごろ,このごろ,요즈음,このごろ,このごろ,,요즈음,word,1,,,new,1,verified,
pass_n3_p016_o0454,pass_n3,일단합격JLPT완벽대비N3-단어장.pdf,pass,N3,16,454,,유의어,,さいきん,さいきん,최근,さいきん,さいきん,,최근,word,1,,,new,1,verified,
pass_n3_p016_o0455,pass_n3,일단합격JLPT완벽대비N3-단어장.pdf,pass,N3,16,455,,유의어,verb,しゃべる,しゃべる,말하다,しゃべる,しゃべる,,말하다,word,1,w_b9111f44a6cece15,N3,exact,1,verified,
pass_n3_p016_o0456,pass_n3,일단합격JLPT완벽대비N3-단어장.pdf,pass,N3,16,456,,유의어,verb,話す,はなす,이야기하다,話す,はなす,,이야기하다,word,1,w_237599d740aa15b0,N5,exact,1,verified,
pass_n3_p016_o0457,pass_n3,일단합격JLPT완벽대비N3-단어장.pdf,pass,N3,16,457,,유의어,,キッチン,キッチン,키친,キッチン,キッチン,,키친,word,1,,,new,1,verified,
pass_n3_p016_o0458,pass_n3,일단합격JLPT완벽대비N3-단어장.pdf,pass,N3,16,458,,유의어,,台所,だいどころ,부엌,台所,だいどころ,,부엌,word,1,,,new,1,verified,
pass_n3_p016_o0459,pass_n3,일단합격JLPT완벽대비N3-단어장.pdf,pass,N3,16,459,,유의어,noun,位置,いち,위치,位置,いち,,위치,word,1,w_1fcf9f9b492a04f0,N3,exact,1,verified,
pass_n3_p016_o0460,pass_n3,일단합격JLPT완벽대비N3-단어장.pdf,pass,N3,16,460,,유의어,noun,場所,ばしょ,장소,場所,ばしょ,,장소,word,1,w_9f90bf6501647fbf,N4,exact,1,verified,
pass_n3_p016_o0461,pass_n3,일단합격JLPT완벽대비N3-단어장.pdf,pass,N3,16,461,,유의어,verb,売り切れる,うりきれる,매진되다,売り切れる,うりきれる,,매진되다,word,1,w_3f46b28da139c16c,N2,exact,1,verified,
pass_n3_p016_o0462,pass_n3,일단합격JLPT완벽대비N3-단어장.pdf,pass,N3,16,462,,유의어,,全部売れる,ぜんぶうれる,전부 팔리다,全部売れる,ぜんぶうれる,,전부 팔리다,word,1,,,new,1,verified,
pass_n3_p016_o0463,pass_n3,일단합격JLPT완벽대비N3-단어장.pdf,pass,N3,16,463,,유의어,,わけ,わけ,이유,わけ,わけ,,이유,word,1,,,new,1,verified,
pass_n3_p016_o0464,pass_n3,일단합격JLPT완벽대비N3-단어장.pdf,pass,N3,16,464,,유의어,noun,理由,りゆう,이유,理由,りゆう,,이유,word,1,w_da6aa3cba0abe600,N4,exact,1,verified,
pass_n3_p016_o0465,pass_n3,일단합격JLPT완벽대비N3-단어장.pdf,pass,N3,16,465,,유의어,,回収する,かいしゅうする,회수하다,回収する,かいしゅうする,,회수하다,word,1,,,new,1,verified,
pass_n3_p016_o0466,pass_n3,일단합격JLPT완벽대비N3-단어장.pdf,pass,N3,16,466,,유의어,,あつめる,あつめる,모으다,あつめる,あつめる,,모으다,word,1,,,new,1,verified,
pass_n3_p016_o0467,pass_n3,일단합격JLPT완벽대비N3-단어장.pdf,pass,N3,16,467,,유의어,noun,さっき,さっき,"아까, 조금 전",さっき,さっき,,"아까, 조금 전",word,1,w_f47ff1eed7e97a5c,N4,exact,1,verified,
pass_n3_p016_o0468,pass_n3,일단합격JLPT완벽대비N3-단어장.pdf,pass,N3,16,468,,유의어,,少し前に,すこしまえに,조금 전에,少し前に,すこしまえに,,조금 전에,word,1,,,new,1,verified,
pass_n3_p016_o0469,pass_n3,일단합격JLPT완벽대비N3-단어장.pdf,pass,N3,16,469,,유의어,,おかしな,おかしな,이상한,おかしな,おかしな,,이상한,word,1,,,new,1,verified,
pass_n3_p016_o0470,pass_n3,일단합격JLPT완벽대비N3-단어장.pdf,pass,N3,16,470,,유의어,,変な,へんな,이상한,変な,へんな,,이상한,word,1,,,new,1,verified,
pass_n3_p016_o0471,pass_n3,일단합격JLPT완벽대비N3-단어장.pdf,pass,N3,16,471,,유의어,verb,経つ,たつ,지나다,経つ,たつ,,지나다,word,1,w_f9cbb66f95c14ac7,N3,exact,1,verified,
pass_n3_p016_o0472,pass_n3,일단합격JLPT완벽대비N3-단어장.pdf,pass,N3,16,472,,유의어,verb,過ぎる,すぎる,지나다,過ぎる,すぎる,,지나다,word,1,w_6a6073dfdd680835,N4,exact,1,verified,
pass_n3_p016_o0473,pass_n3,일단합격JLPT완벽대비N3-단어장.pdf,pass,N3,16,473,,유의어,,あわてて,あわてて,"허둥대며, 황급하게",あわてて,あわてて,,"허둥대며, 황급하게",word,1,,,new,1,verified,
pass_n3_p016_o0474,pass_n3,일단합격JLPT완벽대비N3-단어장.pdf,pass,N3,16,474,,유의어,,急いだようすで,いそいだようすで,서두르는 모습으로,急いだようすで,いそいだようすで,,서두르는 모습으로,word,1,,,new,1,verified,
pass_n3_p016_o0475,pass_n3,일단합격JLPT완벽대비N3-단어장.pdf,pass,N3,16,475,,유의어,,カーブしている,カーブしている,굽어 있다,カーブしている,カーブしている,,굽어 있다,word,1,,,new,1,verified,
pass_n3_p016_o0476,pass_n3,일단합격JLPT완벽대비N3-단어장.pdf,pass,N3,16,476,,유의어,,曲がっている,まがっている,굽어 있다,曲がっている,まがっている,,굽어 있다,word,1,,,new,1,verified,
pass_n3_p017_o0477,pass_n3,일단합격JLPT완벽대비N3-단어장.pdf,pass,N3,17,477,,유의어,adjective,きつい,きつい,(1) 꼭 끼다 (2) 힘들다,きつい,きつい,,(1) 꼭 끼다 (2) 힘들다,word,1,w_03d47d9381223e3a,N3,exact,1,verified,
pass_n3_p017_o0478,pass_n3,일단합격JLPT완벽대비N3-단어장.pdf,pass,N3,17,478,,유의어,,大変だ,たいへんだ,"힘들다, 큰일이다",大変だ,たいへんだ,,"힘들다, 큰일이다",word,1,,,new,1,verified,
pass_n3_p017_o0479,pass_n3,일단합격JLPT완벽대비N3-단어장.pdf,pass,N3,17,479,,유의어,noun,案,あん,"안, 방안",案,あん,,"안, 방안",word,1,w_7aa0e5b4b6672cb2,N3,exact,1,verified,
pass_n3_p017_o0480,pass_n3,일단합격JLPT완벽대비N3-단어장.pdf,pass,N3,17,480,,유의어,noun,アイデア,アイデア,아이디어,アイデア,アイデア,,아이디어,word,1,w_0e85c73b6c150596,N2,exact,1,verified,
pass_n3_p017_o0481,pass_n3,일단합격JLPT완벽대비N3-단어장.pdf,pass,N3,17,481,,유의어,verb,くたびれる,くたびれる,지치다,くたびれる,くたびれる,,지치다,word,1,w_1acadab0e96ab9d7,N2,exact,1,verified,
pass_n3_p017_o0482,pass_n3,일단합격JLPT완벽대비N3-단어장.pdf,pass,N3,17,482,,유의어,,疲れる,つかれる,피로하다,疲れる,つかれる,,피로하다,word,1,,,new,1,verified,
pass_n3_p017_o0483,pass_n3,일단합격JLPT완벽대비N3-단어장.pdf,pass,N3,17,483,,유의어,adverb,約,やく,약,約,やく,,약,word,1,w_f939a326910de40b,N3,exact,1,verified,
pass_n3_p017_o0484,pass_n3,일단합격JLPT완벽대비N3-단어장.pdf,pass,N3,17,484,,유의어,,だいたい,だいたい,대략,だいたい,だいたい,,대략,word,1,,,new,1,verified,
pass_n3_p017_o0485,pass_n3,일단합격JLPT완벽대비N3-단어장.pdf,pass,N3,17,485,,유의어,,指導する,しどうする,지도하다,指導する,しどうする,,지도하다,word,1,,,new,1,verified,
pass_n3_p017_o0486,pass_n3,일단합격JLPT완벽대비N3-단어장.pdf,pass,N3,17,486,,유의어,verb,教える,おしえる,가르치다,教える,おしえる,,가르치다,word,1,w_d5962a44ebfdac96,N5,exact,1,verified,
pass_n3_p017_o0487,pass_n3,일단합격JLPT완벽대비N3-단어장.pdf,pass,N3,17,487,,유의어,,すべて,すべて,모두,すべて,すべて,,모두,word,1,,,new,1,verified,
pass_n3_p017_o0488,pass_n3,일단합격JLPT완벽대비N3-단어장.pdf,pass,N3,17,488,,유의어,,全部,ぜんぶ,전부,全部,ぜんぶ,,전부,word,1,,,new,1,verified,
pass_n3_p017_o0489,pass_n3,일단합격JLPT완벽대비N3-단어장.pdf,pass,N3,17,489,,유의어,noun,手段,しゅだん,수단,手段,しゅだん,,수단,word,1,w_0ba0815264db0466,N3,exact,1,verified,
pass_n3_p017_o0490,pass_n3,일단합격JLPT완벽대비N3-단어장.pdf,pass,N3,17,490,,유의어,,やり方,やりかた,방식,やり方,やりかた,,방식,word,1,,,new,1,verified,
pass_n3_p017_o0491,pass_n3,일단합격JLPT완벽대비N3-단어장.pdf,pass,N3,17,491,,유의어,,配達する,はいたつする,배달하다,配達する,はいたつする,,배달하다,word,1,,,new,1,verified,
pass_n3_p017_o0492,pass_n3,일단합격JLPT완벽대비N3-단어장.pdf,pass,N3,17,492,,유의어,verb,届ける,とどける,"(1) 전달하다, (2) 신고하다",届ける,とどける,,"(1) 전달하다, (2) 신고하다",word,1,w_2ba511e80b7518cd,N4,exact,1,verified,
pass_n3_p017_o0493,pass_n3,일단합격JLPT완벽대비N3-단어장.pdf,pass,N3,17,493,,유의어,,黙って,だまって,아무 말 없이,黙って,だまって,,아무 말 없이,word,1,,,new,1,verified,
pass_n3_p017_o0494,pass_n3,일단합격JLPT완벽대비N3-단어장.pdf,pass,N3,17,494,,유의어,,何も言わずに,なにもいわずに,아무 말 없이,何も言わずに,なにもいわずに,,아무 말 없이,word,1,,,new,1,verified,
pass_n3_p017_o0495,pass_n3,일단합격JLPT완벽대비N3-단어장.pdf,pass,N3,17,495,,유의어,,次第に,しだいに,점차,次第に,しだいに,,점차,word,1,,,new,1,verified,
pass_n3_p017_o0496,pass_n3,일단합격JLPT완벽대비N3-단어장.pdf,pass,N3,17,496,,유의어,,少しずつ,すこしずつ,조금씩,少しずつ,すこしずつ,,조금씩,word,1,,,new,1,verified,
pass_n3_p017_o0497,pass_n3,일단합격JLPT완벽대비N3-단어장.pdf,pass,N3,17,497,,유의어,,得意な,とくいな,"잘하는, 자신 있는",得意な,とくいな,,"잘하는, 자신 있는",word,1,,,new,1,verified,
pass_n3_p017_o0498,pass_n3,일단합격JLPT완벽대비N3-단어장.pdf,pass,N3,17,498,,유의어,,上手にできる,じょうずにできる,능숙하게 할 수 있는,上手にできる,じょうずにできる,,능숙하게 할 수 있는,word,1,,,new,1,verified,
pass_n3_p017_o0499,pass_n3,일단합격JLPT완벽대비N3-단어장.pdf,pass,N3,17,499,,유의어,,短気な,たんきな,성급한,短気な,たんきな,,성급한,word,1,,,new,1,verified,
pass_n3_p017_o0500,pass_n3,일단합격JLPT완벽대비N3-단어장.pdf,pass,N3,17,500,,유의어,,すぐ怒る,すぐおこる,바로 화를 내는,すぐ怒る,すぐおこる,,바로 화를 내는,word,1,,,new,1,verified,
pass_n3_p017_o0501,pass_n3,일단합격JLPT완벽대비N3-단어장.pdf,pass,N3,17,501,,유의어,verb,疑う,うたがう,의심하다,疑う,うたがう,,의심하다,word,1,w_5701ed73ffb1244a,N3,exact,1,verified,
pass_n3_p017_o0502,pass_n3,일단합격JLPT완벽대비N3-단어장.pdf,pass,N3,17,502,,유의어,,本当ではないと思う,ほんとうではないとおもう,사실이 아니라고 생각하다,本当ではないと思う,ほんとうではないとおもう,,사실이 아니라고 생각하다,word,1,,,new,1,verified,
pass_n3_p017_o0503,pass_n3,일단합격JLPT완벽대비N3-단어장.pdf,pass,N3,17,503,,유의어,noun,機会,きかい,기회,機会,きかい,,기회,word,1,w_c1320ed4f7e412d5,N4,exact,1,verified,
pass_n3_p017_o0504,pass_n3,일단합격JLPT완벽대비N3-단어장.pdf,pass,N3,17,504,,유의어,,チャンス,チャンス,"기회, 찬스",チャンス,チャンス,,"기회, 찬스",word,1,,,new,1,verified,
pass_n3_p017_o0505,pass_n3,일단합격JLPT완벽대비N3-단어장.pdf,pass,N3,17,505,,유의어,adverb,相変わらず,あいかわらず,여전히,相変わらず,あいかわらず,,여전히,word,1,w_03eba004293715ee,N3,exact,1,verified,
pass_n3_p017_o0506,pass_n3,일단합격JLPT완벽대비N3-단어장.pdf,pass,N3,17,506,,유의어,,前と同じで,まえとおなじで,예전과 같이,前と同じで,まえとおなじで,,예전과 같이,word,1,,,new,1,verified,
pass_n3_p017_o0507,pass_n3,일단합격JLPT완벽대비N3-단어장.pdf,pass,N3,17,507,,유의어,,きまり,きまり,규칙,きまり,きまり,,규칙,word,1,,,new,1,verified,
pass_n3_p017_o0508,pass_n3,일단합격JLPT완벽대비N3-단어장.pdf,pass,N3,17,508,,유의어,noun,規則,きそく,규칙,規則,きそく,,규칙,word,1,w_da1fc48e9a617b67,N4,exact,1,verified,
pass_n3_p017_o0509,pass_n3,일단합격JLPT완벽대비N3-단어장.pdf,pass,N3,17,509,,유의어,,不安だ,ふあんだ,불안하다,不安だ,ふあんだ,,불안하다,word,1,,,new,1,verified,
pass_n3_p017_o0510,pass_n3,일단합격JLPT완벽대비N3-단어장.pdf,pass,N3,17,510,,유의어,,心配だ,しんぱいだ,걱정이 되다,心配だ,しんぱいだ,,걱정이 되다,word,1,,,new,1,verified,
pass_n3_p017_o0511,pass_n3,일단합격JLPT완벽대비N3-단어장.pdf,pass,N3,17,511,,유의어,,学ぶ,まなぶ,배우다,学ぶ,まなぶ,,배우다,word,1,,,new,1,verified,
pass_n3_p017_o0512,pass_n3,일단합격JLPT완벽대비N3-단어장.pdf,pass,N3,17,512,,유의어,,勉強する,べんきょうする,공부하다,勉強する,べんきょうする,,공부하다,word,1,,,new,1,verified,
pass_n3_p018_o0513,pass_n3,일단합격JLPT완벽대비N3-단어장.pdf,pass,N3,18,513,,유의어,,まったく,まったく,전혀,まったく,まったく,,전혀,word,1,,,new,1,verified,
pass_n3_p018_o0514,pass_n3,일단합격JLPT완벽대비N3-단어장.pdf,pass,N3,18,514,,유의어,,ぜんぜん,ぜんぜん,전혀,ぜんぜん,ぜんぜん,,전혀,word,1,,,new,1,verified,
pass_n3_p018_o0515,pass_n3,일단합격JLPT완벽대비N3-단어장.pdf,pass,N3,18,515,,유의어,,延期する,えんきする,연기하다,延期する,えんきする,,연기하다,word,1,,,new,1,verified,
pass_n3_p018_o0516,pass_n3,일단합격JLPT완벽대비N3-단어장.pdf,pass,N3,18,516,,유의어,,後の別の日にやる,あとのべつのひにやる,나중에 다른 날에 하다,後の別の日にやる,あとのべつのひにやる,,나중에 다른 날에 하다,word,1,,,new,1,verified,
pass_n3_p018_o0517,pass_n3,일단합격JLPT완벽대비N3-단어장.pdf,pass,N3,18,517,,유의어,,かがやく,かがやく,빛나다,かがやく,かがやく,,빛나다,word,1,,,new,1,verified,
pass_n3_p018_o0518,pass_n3,일단합격JLPT완벽대비N3-단어장.pdf,pass,N3,18,518,,유의어,verb,光る,ひかる,빛나다,光る,ひかる,,빛나다,word,1,w_8370b0f20a42b8f5,N4,exact,1,verified,
pass_n3_p018_o0519,pass_n3,일단합격JLPT완벽대비N3-단어장.pdf,pass,N3,18,519,,유의어,,がっかりする,がっかりする,낙심하다,がっかりする,がっかりする,,낙심하다,word,1,,,new,1,verified,
pass_n3_p018_o0520,pass_n3,일단합격JLPT완벽대비N3-단어장.pdf,pass,N3,18,520,,유의어,,残念だと思う,ざんねんだとおもう,유감스럽다고생각하다,残念だと思う,ざんねんだとおもう,,유감스럽다고생각하다,word,1,,,new,1,verified,
pass_n3_p018_o0521,pass_n3,일단합격JLPT완벽대비N3-단어장.pdf,pass,N3,18,521,,유의어,adjective,当然,とうぜん,당연히,当然,とうぜん,,당연히,word,1,w_d2920b329afac048,N3,exact,1,verified,
pass_n3_p018_o0522,pass_n3,일단합격JLPT완벽대비N3-단어장.pdf,pass,N3,18,522,,유의어,adverb,もちろん,もちろん,물론,もちろん,もちろん,,물론,word,1,w_1557e553aea269a3,N4,exact,1,verified,
pass_n3_p018_o0523,pass_n3,일단합격JLPT완벽대비N3-단어장.pdf,pass,N3,18,523,,유의어,,あまる,あまる,남다,あまる,あまる,,남다,word,1,,,new,1,verified,
pass_n3_p018_o0524,pass_n3,일단합격JLPT완벽대비N3-단어장.pdf,pass,N3,18,524,,유의어,,多すぎて残る,おおすぎてのこる,너무 많아서 남다,多すぎて残る,おおすぎてのこる,,너무 많아서 남다,word,1,,,new,1,verified,
pass_n3_p018_o0525,pass_n3,일단합격JLPT완벽대비N3-단어장.pdf,pass,N3,18,525,,유의어,,横断禁止です,おうだんきんしです,횡단금지입니다,横断禁止です,おうだんきんしです,,횡단금지입니다,word,1,,,new,1,verified,
pass_n3_p018_o0526,pass_n3,일단합격JLPT완벽대비N3-단어장.pdf,pass,N3,18,526,,유의어,,渡ってはいけないです,わたってはいけないです,건너서는 안 됩니다,渡ってはいけないです,わたってはいけないです,,건너서는 안 됩니다,sentence,0,,,new,1,verified,"sentence 항목: 원본 보존, 앱 기본 목록 제외"
pass_n3_p018_o0527,pass_n3,일단합격JLPT완벽대비N3-단어장.pdf,pass,N3,18,527,,유의어,,協力する,きょうりょくする,협력하다,協力する,きょうりょくする,,협력하다,word,1,,,new,0,verified,문자 좌표 검증 완료; 선형 텍스트 레이어 순서 불일치
pass_n3_p018_o0528,pass_n3,일단합격JLPT완벽대비N3-단어장.pdf,pass,N3,18,528,,유의어,noun,予定,よてい,예정,予定,よてい,,예정,word,1,w_8850b3a80af81e01,N4,exact,0,verified,문자 좌표 검증 완료; 선형 텍스트 레이어 순서 불일치
pass_n3_p018_o0529,pass_n3,일단합격JLPT완벽대비N3-단어장.pdf,pass,N3,18,529,,유의어,adverb,約,やく,약,約,やく,,약,word,1,w_f939a326910de40b,N3,exact,1,verified,
pass_n3_p018_o0530,pass_n3,일단합격JLPT완벽대비N3-단어장.pdf,pass,N3,18,530,,유의어,,だいたい,だいたい,"대체, 대략",だいたい,だいたい,,"대체, 대략",word,1,,,new,1,verified,
pass_n3_p018_o0531,pass_n3,일단합격JLPT완벽대비N3-단어장.pdf,pass,N3,18,531,,유의어,adjective,あらゆる,あらゆる,"모든, 온갖",あらゆる,あらゆる,,"모든, 온갖",word,1,w_46383522b3acf1c9,N3,exact,1,verified,
pass_n3_p018_o0532,pass_n3,일단합격JLPT완벽대비N3-단어장.pdf,pass,N3,18,532,,유의어,,すべての,すべての,모든,すべての,すべての,,모든,word,1,,,new,1,verified,
pass_n3_p018_o0533,pass_n3,일단합격JLPT완벽대비N3-단어장.pdf,pass,N3,18,533,,유의어,,どなる,どなる,호통치다,どなる,どなる,,호통치다,word,1,,,new,1,verified,
pass_n3_p018_o0534,pass_n3,일단합격JLPT완벽대비N3-단어장.pdf,pass,N3,18,534,,유의어,,大声で怒る,おおごえでおこる,큰 소리로 화내다,大声で怒る,おおごえでおこる,,큰 소리로 화내다,word,1,,,new,1,verified,
pass_n3_p018_o0535,pass_n3,일단합격JLPT완벽대비N3-단어장.pdf,pass,N3,18,535,,용법,noun,未来,みらい,미래,未来,みらい,,미래,word,1,w_4a00d1c7a324a57c,N3,exact,1,verified,
pass_n3_p018_o0536,pass_n3,일단합격JLPT완벽대비N3-단어장.pdf,pass,N3,18,536,,용법,,落ち着く,おちつく,"안정되다, 차분하다",落ち着く,おちつく,,"안정되다, 차분하다",word,1,,,new,1,verified,
pass_n3_p018_o0537,pass_n3,일단합격JLPT완벽대비N3-단어장.pdf,pass,N3,18,537,,용법,,はかる,はかる,"재다, 측정하다",はかる,はかる,,"재다, 측정하다",word,1,,,new,1,verified,
pass_n3_p018_o0538,pass_n3,일단합격JLPT완벽대비N3-단어장.pdf,pass,N3,18,538,,용법,adverb,そっくり,そっくり,꼭 닮은 모습,そっくり,そっくり,,꼭 닮은 모습,word,1,w_6137a9f052a73aa2,N3,exact,1,verified,
pass_n3_p018_o0539,pass_n3,일단합격JLPT완벽대비N3-단어장.pdf,pass,N3,18,539,,용법,noun,ユーモア,ユーモア,유머,ユーモア,ユーモア,,유머,word,1,w_18dc98c1f1411b8b,N3,exact,1,verified,
pass_n3_p018_o0540,pass_n3,일단합격JLPT완벽대비N3-단어장.pdf,pass,N3,18,540,,용법,noun,回収,かいしゅう,회수,回収,かいしゅう,,회수,word,1,w_35a9c7652aa0bf58,N1,exact,1,verified,
pass_n3_p018_o0541,pass_n3,일단합격JLPT완벽대비N3-단어장.pdf,pass,N3,18,541,,용법,noun,修理,しゅうり,수리,修理,しゅうり,,수리,word,1,w_d84bd72eeccfe3d0,N3,exact,1,verified,
pass_n3_p018_o0542,pass_n3,일단합격JLPT완벽대비N3-단어장.pdf,pass,N3,18,542,,용법,,まずしい,まずしい,가난하다,まずしい,まずしい,,가난하다,word,1,,,new,1,verified,
pass_n3_p018_o0543,pass_n3,일단합격JLPT완벽대비N3-단어장.pdf,pass,N3,18,543,,용법,,なだらかな,なだらかな,완만한,なだらかな,なだらかな,,완만한,word,1,,,new,1,verified,
pass_n3_p018_o0544,pass_n3,일단합격JLPT완벽대비N3-단어장.pdf,pass,N3,18,544,,용법,verb,区切る,くぎる,구분하다,区切る,くぎる,,구분하다,word,1,w_39db5415eb154620,N2,exact,0,verified,문자 좌표 검증 완료; 선형 텍스트 레이어 순서 불일치
pass_n3_p018_o0545,pass_n3,일단합격JLPT완벽대비N3-단어장.pdf,pass,N3,18,545,,용법,,ころぶ,ころぶ,넘어지다,ころぶ,ころぶ,,넘어지다,word,1,,,new,1,verified,
pass_n3_p019_o0546,pass_n3,일단합격JLPT완벽대비N3-단어장.pdf,pass,N3,19,546,,용법,,指示,しじ,지시,指示,しじ,,지시,word,1,,,new,1,verified,
pass_n3_p019_o0547,pass_n3,일단합격JLPT완벽대비N3-단어장.pdf,pass,N3,19,547,,용법,verb,見送る,みおくる,배웅하다,見送る,みおくる,,배웅하다,word,1,w_7e3ddba1d47dfc1f,N2,exact,1,verified,
pass_n3_p019_o0548,pass_n3,일단합격JLPT완벽대비N3-단어장.pdf,pass,N3,19,548,,용법,verb,植える,うえる,심다,植える,うえる,,심다,word,1,w_5cb12a6a437a0e71,N4,exact,1,verified,
pass_n3_p019_o0549,pass_n3,일단합격JLPT완벽대비N3-단어장.pdf,pass,N3,19,549,,용법,,正直な,しょうじきな,정직한,正直な,しょうじきな,,정직한,word,1,,,new,1,verified,
pass_n3_p019_o0550,pass_n3,일단합격JLPT완벽대비N3-단어장.pdf,pass,N3,19,550,,용법,verb,断る,ことわる,거절하다,断る,ことわる,,거절하다,word,1,w_6ee69fae4031725c,N3,exact,1,verified,
pass_n3_p019_o0551,pass_n3,일단합격JLPT완벽대비N3-단어장.pdf,pass,N3,19,551,,용법,,ゆるい,ゆるい,"느슨하다, 완만하다",ゆるい,ゆるい,,"느슨하다, 완만하다",word,1,,,new,1,verified,
pass_n3_p019_o0552,pass_n3,일단합격JLPT완벽대비N3-단어장.pdf,pass,N3,19,552,,용법,noun,性格,せいかく,성격,性格,せいかく,,성격,word,1,w_a3a39185338447dd,N3,exact,1,verified,
pass_n3_p019_o0553,pass_n3,일단합격JLPT완벽대비N3-단어장.pdf,pass,N3,19,553,,용법,verb,受け入れる,うけいれる,받아들이다,受け入れる,うけいれる,,받아들이다,word,1,w_6642cbf9235eb71d,N1,exact,1,verified,
pass_n3_p019_o0554,pass_n3,일단합격JLPT완벽대비N3-단어장.pdf,pass,N3,19,554,,용법,adverb,そろそろ,そろそろ,슬슬,そろそろ,そろそろ,,슬슬,word,1,w_7a351a9f11bcc39f,N4,exact,1,verified,
pass_n3_p019_o0555,pass_n3,일단합격JLPT완벽대비N3-단어장.pdf,pass,N3,19,555,,용법,noun,緊張,きんちょう,긴장,緊張,きんちょう,,긴장,word,1,w_e7be2fda7a0f6f5c,N3,exact,1,verified,
pass_n3_p019_o0556,pass_n3,일단합격JLPT완벽대비N3-단어장.pdf,pass,N3,19,556,,용법,noun,暗記,あんき,암기,暗記,あんき,,암기,word,1,w_28abc7a842cc3f88,N3,exact,1,verified,
pass_n3_p019_o0557,pass_n3,일단합격JLPT완벽대비N3-단어장.pdf,pass,N3,19,557,,용법,verb,通り過ぎる,とおりすぎる,지나가다,通り過ぎる,とおりすぎる,,지나가다,word,1,w_678840921cb033eb,N3,exact,1,verified,
pass_n3_p019_o0558,pass_n3,일단합격JLPT완벽대비N3-단어장.pdf,pass,N3,19,558,,용법,noun,訪問,ほうもん,방문,訪問,ほうもん,,방문,word,1,w_f1d281e9c1ee87d0,N2,exact,1,verified,
pass_n3_p019_o0559,pass_n3,일단합격JLPT완벽대비N3-단어장.pdf,pass,N3,19,559,,용법,noun,翻訳,ほんやく,번역,翻訳,ほんやく,,번역,word,1,w_340c87e39330e2f2,N4,exact,1,verified,
pass_n3_p019_o0560,pass_n3,일단합격JLPT완벽대비N3-단어장.pdf,pass,N3,19,560,,용법,noun,募集,ぼしゅう,모집,募集,ぼしゅう,,모집,word,1,w_666852a273a07512,N2,exact,1,verified,
pass_n3_p019_o0561,pass_n3,일단합격JLPT완벽대비N3-단어장.pdf,pass,N3,19,561,,용법,noun,空,から,빈 상태,空,から,,빈 상태,word,1,w_30fede19350e0b02,N3,exact,1,verified,
pass_n3_p019_o0562,pass_n3,일단합격JLPT완벽대비N3-단어장.pdf,pass,N3,19,562,,용법,noun,活動,かつどう,활동,活動,かつどう,,활동,word,1,w_b43bd14340d28b3a,N3,exact,1,verified,
pass_n3_p019_o0563,pass_n3,일단합격JLPT완벽대비N3-단어장.pdf,pass,N3,19,563,,용법,,行き先,ゆきさき,"목적지, 행선지",行き先,ゆきさき,,"목적지, 행선지",word,1,,,new,1,verified,
pass_n3_p019_o0564,pass_n3,일단합격JLPT완벽대비N3-단어장.pdf,pass,N3,19,564,,용법,noun,経由,けいゆ,경유,経由,けいゆ,,경유,word,1,w_7f712c88f379ba3e,N3,exact,1,verified,
pass_n3_p019_o0565,pass_n3,일단합격JLPT완벽대비N3-단어장.pdf,pass,N3,19,565,,용법,noun,建設,けんせつ,건설,建設,けんせつ,,건설,word,1,w_27891636e083856d,N3,exact,1,verified,
pass_n3_p019_o0566,pass_n3,일단합격JLPT완벽대비N3-단어장.pdf,pass,N3,19,566,,용법,,身につける,みにつける,"익히다, 터득하다",身につける,みにつける,,"익히다, 터득하다",word,1,,,new,1,verified,
pass_n3_p019_o0567,pass_n3,일단합격JLPT완벽대비N3-단어장.pdf,pass,N3,19,567,,용법,noun,発生,はっせい,발생,発生,はっせい,,발생,word,1,w_5e7ef9138e00c433,N1,exact,1,verified,
pass_n3_p019_o0568,pass_n3,일단합격JLPT완벽대비N3-단어장.pdf,pass,N3,19,568,,용법,,にぎる,にぎる,움켜쥐다,にぎる,にぎる,,움켜쥐다,word,1,,,new,1,verified,
pass_n3_p019_o0569,pass_n3,일단합격JLPT완벽대비N3-단어장.pdf,pass,N3,19,569,,용법,adjective,だるい,だるい,나른하다,だるい,だるい,,나른하다,word,1,w_8619d8e46998e20e,N1,exact,1,verified,
pass_n3_p019_o0570,pass_n3,일단합격JLPT완벽대비N3-단어장.pdf,pass,N3,19,570,,용법,,早退,そうたい,조퇴,早退,そうたい,,조퇴,word,1,,,new,1,verified,
pass_n3_p019_o0571,pass_n3,일단합격JLPT완벽대비N3-단어장.pdf,pass,N3,19,571,,용법,noun,進歩,しんぽ,진보,進歩,しんぽ,,진보,word,1,w_6fb4cae6c2c3b8b6,N3,exact,1,verified,
pass_n3_p019_o0572,pass_n3,일단합격JLPT완벽대비N3-단어장.pdf,pass,N3,19,572,,용법,verb,余る,あまる,남다,余る,あまる,,남다,word,1,w_fa49af9b638a1de5,N2,exact,1,verified,
pass_n3_p019_o0573,pass_n3,일단합격JLPT완벽대비N3-단어장.pdf,pass,N3,19,573,,용법,noun,効果,こうか,효과,効果,こうか,,효과,word,1,w_6473369f57172542,N3,exact,1,verified,
pass_n3_p019_o0574,pass_n3,일단합격JLPT완벽대비N3-단어장.pdf,pass,N3,19,574,,용법,verb,こぼす,こぼす,"쏟다, 엎지르다",こぼす,こぼす,,"쏟다, 엎지르다",word,1,w_bf7d5c4f25bd15e8,N3,exact,1,verified,
pass_n3_p019_o0575,pass_n3,일단합격JLPT완벽대비N3-단어장.pdf,pass,N3,19,575,,용법,noun,内容,ないよう,내용,内容,ないよう,,내용,word,1,w_8661219da49b6cd7,N3,exact,1,verified,
pass_n3_p019_o0576,pass_n3,일단합격JLPT완벽대비N3-단어장.pdf,pass,N3,19,576,,용법,noun,発展,はってん,발전,発展,はってん,,발전,word,1,w_fc8e8db9da6b751a,N3,exact,1,verified,
pass_n3_p019_o0577,pass_n3,일단합격JLPT완벽대비N3-단어장.pdf,pass,N3,19,577,,용법,verb,伝わる,つたわる,전달되다,伝わる,つたわる,,전달되다,word,1,w_3b6a755085e31740,N2,exact,1,verified,
pass_n3_p019_o0578,pass_n3,일단합격JLPT완벽대비N3-단어장.pdf,pass,N3,19,578,,용법,,どなる,どなる,고함을 지르다,どなる,どなる,,고함을 지르다,word,1,,,new,1,verified,
pass_n3_p019_o0579,pass_n3,일단합격JLPT완벽대비N3-단어장.pdf,pass,N3,19,579,,용법,noun,期限,きげん,기한,期限,きげん,,기한,word,1,w_18029b7b40685dd0,N2,exact,1,verified,
pass_n3_p019_o0580,pass_n3,일단합격JLPT완벽대비N3-단어장.pdf,pass,N3,19,580,,용법,,たまる,たまる,쌓이다,たまる,たまる,,쌓이다,word,1,,,new,1,verified,
pass_n3_p019_o0581,pass_n3,일단합격JLPT완벽대비N3-단어장.pdf,pass,N3,19,581,,용법,noun,縮小,しゅくしょう,축소,縮小,しゅくしょう,,축소,word,1,w_65ac73e021bc97c0,N2,exact,1,verified,
pass_n3_p019_o0582,pass_n3,일단합격JLPT완벽대비N3-단어장.pdf,pass,N3,19,582,,용법,noun,制限,せいげん,제한,制限,せいげん,,제한,word,1,w_3c507e90c1eba787,N3,exact,1,verified,
pass_n3_p019_o0583,pass_n3,일단합격JLPT완벽대비N3-단어장.pdf,pass,N3,19,583,,용법,,話しかける,はなしかける,말을 걸다,話しかける,はなしかける,,말을 걸다,word,1,,,new,1,verified,
pass_n3_p020_o0584,pass_n3,일단합격JLPT완벽대비N3-단어장.pdf,pass,N3,20,584,,용법,verb,離す,はなす,"떼어내다, 분리하다",離す,はなす,,"떼어내다, 분리하다",word,1,w_922cf062f49b5d26,N3,exact,1,verified,
pass_n3_p020_o0585,pass_n3,일단합격JLPT완벽대비N3-단어장.pdf,pass,N3,20,585,,용법,noun,移動,いどう,이동,移動,いどう,,이동,word,1,w_39d289e48105128b,N3,exact,1,verified,
pass_n3_p020_o0586,pass_n3,일단합격JLPT완벽대비N3-단어장.pdf,pass,N3,20,586,,용법,verb,預ける,あずける,맡기다,預ける,あずける,,맡기다,word,1,w_8e9f9d67a0b3a015,N3,exact,1,verified,
pass_n3_p020_o0587,pass_n3,일단합격JLPT완벽대비N3-단어장.pdf,pass,N3,20,587,,용법,,新鮮な,しんせんな,신선한,新鮮な,しんせんな,,신선한,word,1,,,new,1,verified,
pass_n3_p020_o0588,pass_n3,일단합격JLPT완벽대비N3-단어장.pdf,pass,N3,20,588,,용법,,清潔な,せいけつな,깨끗한,清潔な,せいけつな,,깨끗한,word,1,,,new,1,verified,
pass_n3_p020_o0589,pass_n3,일단합격JLPT완벽대비N3-단어장.pdf,pass,N3,20,589,,용법,verb,混ぜる,まぜる,섞다,混ぜる,まぜる,,섞다,word,1,w_08116245559f84d3,N3,exact,1,verified,
pass_n3_p020_o0590,pass_n3,일단합격JLPT완벽대비N3-단어장.pdf,pass,N3,20,590,,용법,adjective,親しい,したしい,친하다,親しい,したしい,,친하다,word,1,w_93c900fb1e912749,N3,exact,1,verified,
pass_n3_p020_o0591,pass_n3,일단합격JLPT완벽대비N3-단어장.pdf,pass,N3,20,591,,용법,noun,締め切り,しめきり,마감,締め切り,しめきり,,마감,word,1,w_14516c3905712f5d,N2,exact,1,verified,
pass_n3_p020_o0592,pass_n3,일단합격JLPT완벽대비N3-단어장.pdf,pass,N3,20,592,,용법,,ゆでる,ゆでる,삶다,ゆでる,ゆでる,,삶다,word,1,,,new,1,verified,
pass_n3_p020_o0593,pass_n3,일단합격JLPT완벽대비N3-단어장.pdf,pass,N3,20,593,,용법,noun,渋滞,じゅうたい,정체(밀리는 상태),渋滞,じゅうたい,,정체(밀리는 상태),word,1,w_d2f22c5acd908d61,N3,exact,1,verified,
pass_n3_p020_o0594,pass_n3,일단합격JLPT완벽대비N3-단어장.pdf,pass,N3,20,594,,용법,noun,性格,せいかく,성격,性格,せいかく,,성격,word,1,w_a3a39185338447dd,N3,exact,1,verified,
pass_n3_p020_o0595,pass_n3,일단합격JLPT완벽대비N3-단어장.pdf,pass,N3,20,595,,용법,,似合う,にあう,어울리다,似合う,にあう,,어울리다,word,1,,,new,1,verified,
pass_n3_p020_o0596,pass_n3,일단합격JLPT완벽대비N3-단어장.pdf,pass,N3,20,596,,용법,noun,消費,しょうひ,소비,消費,しょうひ,,소비,word,1,w_bd045e85d104f61f,N3,exact,1,verified,
pass_n3_p020_o0597,pass_n3,일단합격JLPT완벽대비N3-단어장.pdf,pass,N3,20,597,,용법,adverb,急に,きゅうに,갑자기,急に,きゅうに,,갑자기,word,1,w_d57280b80350a7dc,N3,exact,1,verified,
pass_n3_p020_o0598,pass_n3,일단합격JLPT완벽대비N3-단어장.pdf,pass,N3,20,598,,용법,noun,沸騰,ふっとう,비등,沸騰,ふっとう,,비등,word,1,w_798fdbcd46387384,N1,exact,1,verified,
pass_n3_p020_o0599,pass_n3,일단합격JLPT완벽대비N3-단어장.pdf,pass,N3,20,599,,용법,,まげる,まげる,"구부리다, 굽히다",まげる,まげる,,"구부리다, 굽히다",word,1,,,new,1,verified,
pass_n3_p020_o0600,pass_n3,일단합격JLPT완벽대비N3-단어장.pdf,pass,N3,20,600,,용법,noun,出張,しゅっちょう,출장,出張,しゅっちょう,,출장,word,1,w_a9fb3d2dd91d9a82,N2,exact,1,verified,
pass_n3_p020_o0601,pass_n3,일단합격JLPT완벽대비N3-단어장.pdf,pass,N3,20,601,,용법,verb,慰める,なぐさめる,위로하다,慰める,なぐさめる,,위로하다,word,1,w_09a2b046aa57cee5,N2,exact,1,verified,
pass_n3_p020_o0602,pass_n3,일단합격JLPT완벽대비N3-단어장.pdf,pass,N3,20,602,,용법,noun,分類,ぶんるい,분류,分類,ぶんるい,,분류,word,1,w_d5299d70d4ce0679,N2,exact,1,verified,
pass_n3_p020_o0603,pass_n3,일단합격JLPT완벽대비N3-단어장.pdf,pass,N3,20,603,,용법,,引き受ける,ひきうける,"떠맡다, 인수하다",引き受ける,ひきうける,,"떠맡다, 인수하다",word,1,,,new,1,verified,
pass_n3_p020_o0604,pass_n3,일단합격JLPT완벽대비N3-단어장.pdf,pass,N3,20,604,,용법,noun,滞在,たいざい,체재,滞在,たいざい,,체재,word,1,w_22d673fdc51556a2,N3,exact,1,verified,
pass_n3_p020_o0605,pass_n3,일단합격JLPT완벽대비N3-단어장.pdf,pass,N3,20,605,,용법,adverb,どきどき,どきどき,두근두근,どきどき,どきどき,,두근두근,word,1,w_8cb2f2c1faee7d8f,N2,exact,1,verified,
pass_n3_p020_o0606,pass_n3,일단합격JLPT완벽대비N3-단어장.pdf,pass,N3,20,606,,용법,,かれる,かれる,시들다,かれる,かれる,,시들다,word,1,,,new,1,verified,
pass_n3_p020_o0607,pass_n3,일단합격JLPT완벽대비N3-단어장.pdf,pass,N3,20,607,,용법,noun,減少,げんしょう,감소,減少,げんしょう,,감소,word,1,w_961062a857304d8b,N3,exact,1,verified,
pass_n3_p020_o0608,pass_n3,일단합격JLPT완벽대비N3-단어장.pdf,pass,N3,20,608,,용법,,身につける,みにつける,"몸에 걸치다, 몸에 익히다",身につける,みにつける,,"몸에 걸치다, 몸에 익히다",word,1,,,new,1,verified,
pass_n3_p020_o0609,pass_n3,일단합격JLPT완벽대비N3-단어장.pdf,pass,N3,20,609,,용법,adjective,中古,ちゅうこ,중고,中古,ちゅうこ,,중고,word,1,w_4c8fd37da794a73e,N3,exact,1,verified,
pass_n3_p020_o0610,pass_n3,일단합격JLPT완벽대비N3-단어장.pdf,pass,N3,20,610,,용법,verb,断る,ことわる,거절하다,断る,ことわる,,거절하다,word,1,w_6ee69fae4031725c,N3,exact,1,verified,
pass_n3_p020_o0611,pass_n3,일단합격JLPT완벽대비N3-단어장.pdf,pass,N3,20,611,,용법,verb,受け取る,うけとる,"받다, 수취하다",受け取る,うけとる,,"받다, 수취하다",word,1,w_6c6a8a5d86d0f377,N3,exact,1,verified,
pass_n4_p004_o0001,pass_n4,일단합격JLPT완벽대비N4-단어장.pdf,pass,N4,4,1,,한자 읽기,verb,開ける,あける,(문을) 열다,開ける,あける,,(문을) 열다,word,1,w_5785856236145c11,N5,exact,1,verified,
pass_n4_p004_o0002,pass_n4,일단합격JLPT완벽대비N4-단어장.pdf,pass,N4,4,2,,한자 읽기,noun,味,あじ,맛,味,あじ,,맛,word,1,w_be4b2b8277c1d5eb,N4,exact,1,verified,
pass_n4_p004_o0003,pass_n4,일단합격JLPT완벽대비N4-단어장.pdf,pass,N4,4,3,,한자 읽기,noun,頭,あたま,머리,頭,あたま,,머리,word,1,w_8c7c6614e2b0593f,N5,exact,1,verified,
pass_n4_p004_o0004,pass_n4,일단합격JLPT완벽대비N4-단어장.pdf,pass,N4,4,4,,한자 읽기,adjective,暑い,あつい,덥다,暑い,あつい,,덥다,word,1,w_df800d38380b4325,N5,exact,1,verified,
pass_n4_p004_o0005,pass_n4,일단합격JLPT완벽대비N4-단어장.pdf,pass,N4,4,5,,한자 읽기,verb,歩く,あるく,걷다,歩く,あるく,,걷다,word,1,w_a8ec89206d4fff44,N5,exact,1,verified,
pass_n4_p004_o0006,pass_n4,일단합격JLPT완벽대비N4-단어장.pdf,pass,N4,4,6,,한자 읽기,noun,安心,あんしん,안심,安心,あんしん,,안심,word,1,w_e0d2ff329006b946,N4,exact,1,verified,
pass_n4_p004_o0007,pass_n4,일단합격JLPT완벽대비N4-단어장.pdf,pass,N4,4,7,,한자 읽기,suffix,以外,いがい,이외,以外,いがい,,이외,word,1,w_060f1114c79315a0,N4,exact,1,verified,
pass_n4_p004_o0008,pass_n4,일단합격JLPT완벽대비N4-단어장.pdf,pass,N4,4,8,,한자 읽기,noun,池,いけ,연못,池,いけ,,연못,word,1,w_a93adb84663bb23a,N5,exact,1,verified,
pass_n4_p004_o0009,pass_n4,일단합격JLPT완벽대비N4-단어장.pdf,pass,N4,4,9,,한자 읽기,noun,医者,いしゃ,의사,医者,いしゃ,,의사,word,1,w_f88777c9431a4158,N5,exact,1,verified,
pass_n4_p004_o0010,pass_n4,일단합격JLPT완벽대비N4-단어장.pdf,pass,N4,4,10,,한자 읽기,verb,急ぐ,いそぐ,서두르다,急ぐ,いそぐ,,서두르다,word,1,w_35b6a541cf7ae323,N4,exact,1,verified,
pass_n4_p004_o0011,pass_n4,일단합격JLPT완벽대비N4-단어장.pdf,pass,N4,4,11,,한자 읽기,noun,妹,いもうと,여동생,妹,いもうと,,여동생,word,1,w_0611fb1bc235a05e,N5,exact,1,verified,
pass_n4_p004_o0012,pass_n4,일단합격JLPT완벽대비N4-단어장.pdf,pass,N4,4,12,,한자 읽기,noun,色,いろ,색,色,いろ,,색,word,1,w_fda788e47b26a124,N5,exact,1,verified,
pass_n4_p004_o0013,pass_n4,일단합격JLPT완벽대비N4-단어장.pdf,pass,N4,4,13,,한자 읽기,noun,歌,うた,노래,歌,うた,,노래,word,1,w_01fbc4d975317826,N5,exact,1,verified,
pass_n4_p004_o0014,pass_n4,일단합격JLPT완벽대비N4-단어장.pdf,pass,N4,4,14,,한자 읽기,noun,海,うみ,바다,海,うみ,,바다,word,1,w_5a94cb733d2667ae,N5,exact,1,verified,
pass_n4_p004_o0015,pass_n4,일단합격JLPT완벽대비N4-단어장.pdf,pass,N4,4,15,,한자 읽기,,運動,うんどう,운동,運動,うんどう,,운동,word,1,,,surface_only,1,verified,
pass_n4_p004_o0016,pass_n4,일단합격JLPT완벽대비N4-단어장.pdf,pass,N4,4,16,,한자 읽기,noun,英語,えいご,영어,英語,えいご,,영어,word,1,w_1fc5c18bb5cc7a10,N5,exact,1,verified,
pass_n4_p004_o0017,pass_n4,일단합격JLPT완벽대비N4-단어장.pdf,pass,N4,4,17,,한자 읽기,adjective,多い,おおい,많다,多い,おおい,,많다,word,1,w_f96a8af68031ebbf,N5,exact,1,verified,
pass_n4_p004_o0018,pass_n4,일단합격JLPT완벽대비N4-단어장.pdf,pass,N4,4,18,,한자 읽기,verb,送る,おくる,보내다,送る,おくる,,보내다,word,1,w_759d6921710ae647,N4,exact,1,verified,
pass_n4_p004_o0019,pass_n4,일단합격JLPT완벽대비N4-단어장.pdf,pass,N4,4,19,,한자 읽기,adjective,重い,おもい,무겁다,重い,おもい,,무겁다,word,1,w_6544e85ecab8bd79,N5,exact,1,verified,
pass_n4_p004_o0020,pass_n4,일단합격JLPT완벽대비N4-단어장.pdf,pass,N4,4,20,,한자 읽기,,終わる,おわる,끝나다,終わる,おわる,,끝나다,word,1,,,new,1,verified,
pass_n4_p004_o0021,pass_n4,일단합격JLPT완벽대비N4-단어장.pdf,pass,N4,4,21,,한자 읽기,noun,音楽,おんがく,음악,音楽,おんがく,,음악,word,1,w_f32855470372dcd0,N5,exact,1,verified,
pass_n4_p004_o0022,pass_n4,일단합격JLPT완벽대비N4-단어장.pdf,pass,N4,4,22,,한자 읽기,verb,返す,かえす,돌려주다,返す,かえす,,돌려주다,word,1,w_113c116f7b2b3d71,N5,exact,1,verified,
pass_n4_p004_o0023,pass_n4,일단합격JLPT완벽대비N4-단어장.pdf,pass,N4,4,23,,한자 읽기,verb,帰る,かえる,돌아가(오)다,帰る,かえる,,돌아가(오)다,word,1,w_120144f6fe5e6500,N5,exact,1,verified,
pass_n4_p004_o0024,pass_n4,일단합격JLPT완벽대비N4-단어장.pdf,pass,N4,4,24,,한자 읽기,verb,貸す,かす,빌려주다,貸す,かす,,빌려주다,word,1,w_86fe8e891a4c6756,N5,exact,1,verified,
pass_n4_p004_o0025,pass_n4,일단합격JLPT완벽대비N4-단어장.pdf,pass,N4,4,25,,한자 읽기,noun,風,かぜ,바람,風,かぜ,,바람,word,1,w_fbe07544be5be2f0,N5,exact,1,verified,
pass_n4_p004_o0026,pass_n4,일단합격JLPT완벽대비N4-단어장.pdf,pass,N4,4,26,,한자 읽기,noun,家族,かぞく,가족,家族,かぞく,,가족,word,1,w_67a0aa7719932f47,N5,exact,1,verified,
pass_n4_p004_o0027,pass_n4,일단합격JLPT완벽대비N4-단어장.pdf,pass,N4,4,27,,한자 읽기,verb,通う,かよう,"다니다, 통학하다",通う,かよう,,"다니다, 통학하다",word,1,w_0d41224922d1b37c,N4,exact,1,verified,
pass_n4_p004_o0028,pass_n4,일단합격JLPT완벽대비N4-단어장.pdf,pass,N4,4,28,,한자 읽기,noun,体,からだ,몸,体,からだ,,몸,word,1,w_aa000a65e6fbc744,N5,exact,1,verified,
pass_n4_p004_o0029,pass_n4,일단합격JLPT완벽대비N4-단어장.pdf,pass,N4,4,29,,한자 읽기,verb,借りる,かりる,빌리다,借りる,かりる,,빌리다,word,1,w_9439a2cee60f4d2e,N5,exact,1,verified,
pass_n4_p004_o0030,pass_n4,일단합격JLPT완벽대비N4-단어장.pdf,pass,N4,4,30,,한자 읽기,verb,考える,かんがえる,생각하다,考える,かんがえる,,생각하다,word,1,w_7d7f86172ab0383f,N4,exact,1,verified,
pass_n4_p005_o0031,pass_n4,일단합격JLPT완벽대비N4-단어장.pdf,pass,N4,5,31,,한자 읽기,noun,気分,きぶん,기분,気分,きぶん,,기분,word,1,w_c6da63b3adc73b9c,N4,exact,1,verified,
pass_n4_p005_o0032,pass_n4,일단합격JLPT완벽대비N4-단어장.pdf,pass,N4,5,32,,한자 읽기,noun,着物,きもの,"옷, 일본의 전통 의상",着物,きもの,,"옷, 일본의 전통 의상",word,1,w_d1d8955a6c320edc,N4,exact,1,verified,
pass_n4_p005_o0033,pass_n4,일단합격JLPT완벽대비N4-단어장.pdf,pass,N4,5,33,,한자 읽기,adverb,急に,きゅうに,갑자기,急に,きゅうに,,갑자기,word,1,w_d57280b80350a7dc,N3,exact,1,verified,
pass_n4_p005_o0034,pass_n4,일단합격JLPT완벽대비N4-단어장.pdf,pass,N4,5,34,,한자 읽기,noun,教室,きょうしつ,교실,教室,きょうしつ,,교실,word,1,w_b5ddcfc1093c0a25,N5,exact,1,verified,
pass_n4_p005_o0035,pass_n4,일단합격JLPT완벽대비N4-단어장.pdf,pass,N4,5,35,,한자 읽기,noun,去年,きょねん,작년,去年,きょねん,,작년,word,1,w_f13ff200945fa25c,N5,exact,1,verified,
pass_n4_p005_o0036,pass_n4,일단합격JLPT완벽대비N4-단어장.pdf,pass,N4,5,36,,한자 읽기,verb,着る,きる,(옷을) 입다,着る,きる,,(옷을) 입다,word,1,w_055109f1cf9d8a19,N5,exact,1,verified,
pass_n4_p005_o0037,pass_n4,일단합격JLPT완벽대비N4-단어장.pdf,pass,N4,5,37,,한자 읽기,noun,銀行,ぎんこう,은행,銀行,ぎんこう,,은행,word,1,w_391386c4147ce4af,N5,exact,1,verified,
pass_n4_p005_o0038,pass_n4,일단합격JLPT완벽대비N4-단어장.pdf,pass,N4,5,38,,한자 읽기,noun,近所,きんじょ,"근처, 부근",近所,きんじょ,,"근처, 부근",word,1,w_cddfb8463bd2f84b,N4,exact,1,verified,
pass_n4_p005_o0039,pass_n4,일단합격JLPT완벽대비N4-단어장.pdf,pass,N4,5,39,,한자 읽기,adjective,黒い,くろい,검다,黒い,くろい,,검다,word,1,w_b417cbebc32725ac,N5,exact,1,verified,
pass_n4_p005_o0040,pass_n4,일단합격JLPT완벽대비N4-단어장.pdf,pass,N4,5,40,,한자 읽기,,計画,けいかく,계획,計画,けいかく,,계획,word,1,,,surface_only,1,verified,
pass_n4_p005_o0041,pass_n4,일단합격JLPT완벽대비N4-단어장.pdf,pass,N4,5,41,,한자 읽기,noun,研究,けんきゅう,연구,研究,けんきゅう,,연구,word,1,w_884fb9d7d1dd7e29,N4,exact,1,verified,
pass_n4_p005_o0042,pass_n4,일단합격JLPT완벽대비N4-단어장.pdf,pass,N4,5,42,,한자 읽기,noun,公園,こうえん,공원,公園,こうえん,,공원,word,1,w_0868c5b03add8f4b,N5,exact,1,verified,
pass_n4_p005_o0043,pass_n4,일단합격JLPT완벽대비N4-단어장.pdf,pass,N4,5,43,,한자 읽기,noun,工場,こうじょう,공장,工場,こうじょう,,공장,word,1,w_c6659c1fa6c5b3cc,N4,exact,1,verified,
pass_n4_p005_o0044,pass_n4,일단합격JLPT완벽대비N4-단어장.pdf,pass,N4,5,44,,한자 읽기,noun,声,こえ,목소리,声,こえ,,목소리,word,1,w_df378927cc7ca748,N5,exact,1,verified,
pass_n4_p005_o0045,pass_n4,일단합격JLPT완벽대비N4-단어장.pdf,pass,N4,5,45,,한자 읽기,noun,今度,こんど,"지난번, 이번, 다음번",今度,こんど,,"지난번, 이번, 다음번",word,1,w_65a286f85239935e,N4,exact,1,verified,
pass_n4_p005_o0046,pass_n4,일단합격JLPT완벽대비N4-단어장.pdf,pass,N4,5,46,,한자 읽기,noun,魚,さかな,"생선, 물고기",魚,さかな,,"생선, 물고기",word,1,w_0e66d1e196b285b8,N5,exact,1,verified,
pass_n4_p005_o0047,pass_n4,일단합격JLPT완벽대비N4-단어장.pdf,pass,N4,5,47,,한자 읽기,noun,産業,さんぎょう,산업,産業,さんぎょう,,산업,word,1,w_172254f545edb835,N4,exact,1,verified,
pass_n4_p005_o0048,pass_n4,일단합격JLPT완벽대비N4-단어장.pdf,pass,N4,5,48,,한자 읽기,noun,仕事,しごと,"일, 업무",仕事,しごと,,"일, 업무",word,1,w_a2d0ec99952a034a,N5,exact,1,verified,
pass_n4_p005_o0049,pass_n4,일단합격JLPT완벽대비N4-단어장.pdf,pass,N4,5,49,,한자 읽기,noun,質問,しつもん,질문,質問,しつもん,,질문,word,1,w_82875e45276d1dab,N5,exact,1,verified,
pass_n4_p005_o0050,pass_n4,일단합격JLPT완벽대비N4-단어장.pdf,pass,N4,5,50,,한자 읽기,noun,自転車,じてんしゃ,자전거,自転車,じてんしゃ,,자전거,word,1,w_f643e180ad6ead7f,N5,exact,1,verified,
pass_n4_p005_o0051,pass_n4,일단합격JLPT완벽대비N4-단어장.pdf,pass,N4,5,51,,한자 읽기,noun,品物,しなもの,물건,品物,しなもの,,물건,word,1,w_c2fec2e6661fa73e,N4,exact,1,verified,
pass_n4_p005_o0052,pass_n4,일단합격JLPT완벽대비N4-단어장.pdf,pass,N4,5,52,,한자 읽기,verb,死ぬ,しぬ,죽다,死ぬ,しぬ,,죽다,word,1,w_add93d927612cd8c,N5,exact,1,verified,
pass_n4_p005_o0053,pass_n4,일단합격JLPT완벽대비N4-단어장.pdf,pass,N4,5,53,,한자 읽기,pronoun,自分,じぶん,"자기, 자신",自分,じぶん,,"자기, 자신",word,1,w_0f95b36b3f674661,N5,exact,1,verified,
pass_n4_p005_o0054,pass_n4,일단합격JLPT완벽대비N4-단어장.pdf,pass,N4,5,54,,한자 읽기,,写真家,しゃしんか,사진가,写真家,しゃしんか,,사진가,word,1,,,new,1,verified,
pass_n4_p005_o0055,pass_n4,일단합격JLPT완벽대비N4-단어장.pdf,pass,N4,5,55,,한자 읽기,noun,住所,じゅうしょ,주소,住所,じゅうしょ,,주소,word,1,w_33eb2a09cc895fea,N4,exact,1,verified,
pass_n4_p005_o0056,pass_n4,일단합격JLPT완벽대비N4-단어장.pdf,pass,N4,5,56,,한자 읽기,,出発,しゅっぱつ,출발,出発,しゅっぱつ,,출발,word,1,,,surface_only,1,verified,
pass_n4_p005_o0057,pass_n4,일단합격JLPT완벽대비N4-단어장.pdf,pass,N4,5,57,,한자 읽기,noun,食堂,しょくどう,식당,食堂,しょくどう,,식당,word,1,w_37d0dcee2c2f3bf8,N5,exact,1,verified,
pass_n4_p005_o0058,pass_n4,일단합격JLPT완벽대비N4-단어장.pdf,pass,N4,5,58,,한자 읽기,noun,食料品,しょくりょうひん,식료품,食料品,しょくりょうひん,,식료품,word,1,w_0b04054127f634ca,N4,exact,1,verified,
pass_n4_p005_o0059,pass_n4,일단합격JLPT완벽대비N4-단어장.pdf,pass,N4,5,59,,한자 읽기,verb,知る,しる,알다,知る,しる,,알다,word,1,w_61071e3b17554ef2,N5,exact,1,verified,
pass_n4_p005_o0060,pass_n4,일단합격JLPT완벽대비N4-단어장.pdf,pass,N4,5,60,,한자 읽기,noun,人口,じんこう,인구,人口,じんこう,,인구,word,1,w_76a13745e6ffe802,N4,exact,1,verified,
pass_n4_p005_o0061,pass_n4,일단합격JLPT완벽대비N4-단어장.pdf,pass,N4,5,61,,한자 읽기,adjective,親切,しんせつ,친절함,親切,しんせつ,,친절함,word,1,w_1f00487cc5220d0a,N4,exact,1,verified,
pass_n4_p005_o0062,pass_n4,일단합격JLPT완벽대비N4-단어장.pdf,pass,N4,5,62,,한자 읽기,verb,進む,すすむ,"나아가다, 진보하다",進む,すすむ,,"나아가다, 진보하다",word,1,w_a2d870d2d488a679,N4,exact,1,verified,
pass_n4_p006_o0063,pass_n4,일단합격JLPT완벽대비N4-단어장.pdf,pass,N4,6,63,,한자 읽기,,住む,すむ,"살다, 주거하다",住む,すむ,,"살다, 주거하다",word,1,,,new,1,verified,
pass_n4_p006_o0064,pass_n4,일단합격JLPT완벽대비N4-단어장.pdf,pass,N4,6,64,,한자 읽기,noun,西洋,せいよう,서양,西洋,せいよう,,서양,word,1,w_f4a67e44c4bba12a,N4,exact,1,verified,
pass_n4_p006_o0065,pass_n4,일단합격JLPT완벽대비N4-단어장.pdf,pass,N4,6,65,,한자 읽기,noun,世界,せかい,세계,世界,せかい,,세계,word,1,w_04fa2481da65dedd,N4,exact,1,verified,
pass_n4_p006_o0066,pass_n4,일단합격JLPT완벽대비N4-단어장.pdf,pass,N4,6,66,,한자 읽기,noun,説明,せつめい,설명,説明,せつめい,,설명,word,1,w_4d073713dd15eb5e,N4,exact,1,verified,
pass_n4_p006_o0067,pass_n4,일단합격JLPT완벽대비N4-단어장.pdf,pass,N4,6,67,,한자 읽기,,世話,せわ,"돌봄, 폐, 신세",世話,せわ,,"돌봄, 폐, 신세",word,1,,,surface_only,1,verified,
pass_n4_p006_o0068,pass_n4,일단합격JLPT완벽대비N4-단어장.pdf,pass,N4,6,68,,한자 읽기,noun,祖母,そぼ,"조모, 할머니",祖母,そぼ,,"조모, 할머니",word,1,w_a3a919c22a9bfee2,N4,exact,1,verified,
pass_n4_p006_o0069,pass_n4,일단합격JLPT완벽대비N4-단어장.pdf,pass,N4,6,69,,한자 읽기,,空,そら,하늘,空,そら,,하늘,word,1,,,surface_only,1,verified,
pass_n4_p006_o0070,pass_n4,일단합격JLPT완벽대비N4-단어장.pdf,pass,N4,6,70,,한자 읽기,,台所,だいどころ,부엌,台所,だいどころ,,부엌,word,1,,,new,1,verified,
pass_n4_p006_o0071,pass_n4,일단합격JLPT완벽대비N4-단어장.pdf,pass,N4,6,71,,한자 읽기,,建物,たてもの,건물,建物,たてもの,,건물,word,1,,,new,1,verified,
pass_n4_p006_o0072,pass_n4,일단합격JLPT완벽대비N4-단어장.pdf,pass,N4,6,72,,한자 읽기,,楽しい,たのしい,즐겁다,楽しい,たのしい,,즐겁다,word,1,,,new,1,verified,
pass_n4_p006_o0073,pass_n4,일단합격JLPT완벽대비N4-단어장.pdf,pass,N4,6,73,,한자 읽기,verb,足りる,たりる,"족하다, 충분하다",足りる,たりる,,"족하다, 충분하다",word,1,w_fdd9b9f78460e5ed,N4,exact,1,verified,
pass_n4_p006_o0074,pass_n4,일단합격JLPT완벽대비N4-단어장.pdf,pass,N4,6,74,,한자 읽기,noun,力,ちから,힘,力,ちから,,힘,word,1,w_00016e229a19b84b,N4,exact,1,verified,
pass_n4_p006_o0075,pass_n4,일단합격JLPT완벽대비N4-단어장.pdf,pass,N4,6,75,,한자 읽기,,茶色,ちゃいろ,갈색,茶色,ちゃいろ,,갈색,word,1,,,new,1,verified,
pass_n4_p006_o0076,pass_n4,일단합격JLPT완벽대비N4-단어장.pdf,pass,N4,6,76,,한자 읽기,noun,注意,ちゅうい,주의,注意,ちゅうい,,주의,word,1,w_8619e53d00fa496b,N4,exact,1,verified,
pass_n4_p006_o0077,pass_n4,일단합격JLPT완벽대비N4-단어장.pdf,pass,N4,6,77,,한자 읽기,noun,地理,ちり,지리,地理,ちり,,지리,word,1,w_6daba7f91aed2e31,N4,exact,1,verified,
pass_n4_p006_o0078,pass_n4,일단합격JLPT완벽대비N4-단어장.pdf,pass,N4,6,78,,한자 읽기,verb,使う,つかう,사용하다,使う,つかう,,사용하다,word,1,w_922465604dc39d60,N5,exact,1,verified,
pass_n4_p006_o0079,pass_n4,일단합격JLPT완벽대비N4-단어장.pdf,pass,N4,6,79,,한자 읽기,,着く,つく,도착하다,着く,つく,,도착하다,word,1,,,new,1,verified,
pass_n4_p006_o0080,pass_n4,일단합격JLPT완벽대비N4-단어장.pdf,pass,N4,6,80,,한자 읽기,,強い,つよい,"강하다, 세다",強い,つよい,,"강하다, 세다",word,1,,,new,1,verified,
pass_n4_p006_o0081,pass_n4,일단합격JLPT완벽대비N4-단어장.pdf,pass,N4,6,81,,한자 읽기,,手紙,てがみ,편지,手紙,てがみ,,편지,word,1,,,new,1,verified,
pass_n4_p006_o0082,pass_n4,일단합격JLPT완벽대비N4-단어장.pdf,pass,N4,6,82,,한자 읽기,verb,通る,とおる,"통과하다, 지나다",通る,とおる,,"통과하다, 지나다",word,1,w_392f5e6a2191934f,N4,exact,1,verified,
pass_n4_p006_o0083,pass_n4,일단합격JLPT완벽대비N4-단어장.pdf,pass,N4,6,83,,한자 읽기,adverb,特に,とくに,특히,特に,とくに,,특히,word,1,w_659e7119f6bc1968,N4,exact,1,verified,
pass_n4_p006_o0084,pass_n4,일단합격JLPT완벽대비N4-단어장.pdf,pass,N4,6,84,,한자 읽기,adjective,特別,とくべつ,특별,特別,とくべつ,,특별,word,1,w_5fde11c622132f70,N4,exact,1,verified,
pass_n4_p006_o0085,pass_n4,일단합격JLPT완벽대비N4-단어장.pdf,pass,N4,6,85,,한자 읽기,,図書館,としょかん,도서관,図書館,としょかん,,도서관,word,1,,,new,1,verified,
pass_n4_p006_o0086,pass_n4,일단합격JLPT완벽대비N4-단어장.pdf,pass,N4,6,86,,한자 읽기,,止まる,とまる,멈추다,止まる,とまる,,멈추다,word,1,,,new,1,verified,
pass_n4_p006_o0087,pass_n4,일단합격JLPT완벽대비N4-단어장.pdf,pass,N4,6,87,,한자 읽기,noun,鳥,とり,새,鳥,とり,,새,word,1,w_ce7c50d428db9045,N5,exact,1,verified,
pass_n4_p006_o0088,pass_n4,일단합격JLPT완벽대비N4-단어장.pdf,pass,N4,6,88,,한자 읽기,,夏,なつ,여름,夏,なつ,,여름,word,1,,,new,1,verified,
pass_n4_p006_o0089,pass_n4,일단합격JLPT완벽대비N4-단어장.pdf,pass,N4,6,89,,한자 읽기,verb,運ぶ,はこぶ,옮기다,運ぶ,はこぶ,,옮기다,word,1,w_16a8437b706000b6,N4,exact,1,verified,
pass_n4_p006_o0090,pass_n4,일단합격JLPT완벽대비N4-단어장.pdf,pass,N4,6,90,,한자 읽기,verb,走る,はしる,달리다,走る,はしる,,달리다,word,1,w_437695515bff3fff,N5,exact,1,verified,
pass_n4_p006_o0091,pass_n4,일단합격JLPT완벽대비N4-단어장.pdf,pass,N4,6,91,,한자 읽기,,働く,はたらく,일하다,働く,はたらく,,일하다,word,1,,,new,1,verified,
pass_n4_p006_o0092,pass_n4,일단합격JLPT완벽대비N4-단어장.pdf,pass,N4,6,92,,한자 읽기,adjective,早い,はやい,"이르다, 빠르다",早い,はやい,,"이르다, 빠르다",word,1,w_b1f3838130aea336,N5,exact,1,verified,
pass_n4_p006_o0093,pass_n4,일단합격JLPT완벽대비N4-단어장.pdf,pass,N4,6,93,,한자 읽기,,早く,はやく,"일찍, 빨리",早く,はやく,,"일찍, 빨리",word,1,,,new,1,verified,
pass_n4_p006_o0094,pass_n4,일단합격JLPT완벽대비N4-단어장.pdf,pass,N4,6,94,,한자 읽기,,春,はる,봄,春,はる,,봄,word,1,,,new,1,verified,
pass_n4_p007_o0095,pass_n4,일단합격JLPT완벽대비N4-단어장.pdf,pass,N4,7,95,,한자 읽기,,病院,びょういん,병원,病院,びょういん,,병원,word,1,,,new,1,verified,
pass_n4_p007_o0096,pass_n4,일단합격JLPT완벽대비N4-단어장.pdf,pass,N4,7,96,,한자 읽기,,広い,ひろい,넓다,広い,ひろい,,넓다,word,1,,,new,1,verified,
pass_n4_p007_o0097,pass_n4,일단합격JLPT완벽대비N4-단어장.pdf,pass,N4,7,97,,한자 읽기,,服,ふく,옷,服,ふく,,옷,word,1,,,new,1,verified,
pass_n4_p007_o0098,pass_n4,일단합격JLPT완벽대비N4-단어장.pdf,pass,N4,7,98,,한자 읽기,noun,不便,ふべん,불편함,不便,ふべん,,불편함,word,1,w_19619b62883c1605,N4,exact,1,verified,
pass_n4_p007_o0099,pass_n4,일단합격JLPT완벽대비N4-단어장.pdf,pass,N4,7,99,,한자 읽기,adjective,古い,ふるい,"오래되다, 낡다",古い,ふるい,,"오래되다, 낡다",word,1,w_29fb9b445ee25371,N5,exact,1,verified,
pass_n4_p007_o0100,pass_n4,일단합격JLPT완벽대비N4-단어장.pdf,pass,N4,7,100,,한자 읽기,,勉強,べんきょう,공부,勉強,べんきょう,,공부,word,1,,,new,1,verified,
pass_n4_p007_o0101,pass_n4,일단합격JLPT완벽대비N4-단어장.pdf,pass,N4,7,101,,한자 읽기,,毎朝,まいあさ,매일 아침,毎朝,まいあさ,,매일 아침,word,1,,,new,1,verified,
pass_n4_p007_o0102,pass_n4,일단합격JLPT완벽대비N4-단어장.pdf,pass,N4,7,102,,한자 읽기,noun,町,まち,"도회, 거리, 번화가",町,まち,,"도회, 거리, 번화가",word,1,w_9f1844144a87d5f8,N5,exact,1,verified,
pass_n4_p007_o0103,pass_n4,일단합격JLPT완벽대비N4-단어장.pdf,pass,N4,7,103,,한자 읽기,verb,待つ,まつ,기다리다,待つ,まつ,,기다리다,word,1,w_610cccf8116412db,N5,exact,1,verified,
pass_n4_p007_o0104,pass_n4,일단합격JLPT완벽대비N4-단어장.pdf,pass,N4,7,104,,한자 읽기,noun,店,みせ,가게,店,みせ,,가게,word,1,w_77b718c58af82826,N5,exact,1,verified,
pass_n4_p007_o0105,pass_n4,일단합격JLPT완벽대비N4-단어장.pdf,pass,N4,7,105,,한자 읽기,,野菜,やさい,야채,野菜,やさい,,야채,word,1,,,new,1,verified,
pass_n4_p007_o0106,pass_n4,일단합격JLPT완벽대비N4-단어장.pdf,pass,N4,7,106,,한자 읽기,adjective,安い,やすい,싸다,安い,やすい,,싸다,word,1,w_2022b74de4e42770,N5,exact,1,verified,
pass_n4_p007_o0107,pass_n4,일단합격JLPT완벽대비N4-단어장.pdf,pass,N4,7,107,,한자 읽기,,夕方,ゆうがた,저녁,夕方,ゆうがた,,저녁,word,1,,,new,1,verified,
pass_n4_p007_o0108,pass_n4,일단합격JLPT완벽대비N4-단어장.pdf,pass,N4,7,108,,한자 읽기,,有名,ゆうめい,유명함,有名,ゆうめい,,유명함,word,1,,,new,1,verified,
pass_n4_p007_o0109,pass_n4,일단합격JLPT완벽대비N4-단어장.pdf,pass,N4,7,109,,한자 읽기,noun,用意,ようい,"준비, 대비, 주의",用意,ようい,,"준비, 대비, 주의",word,1,w_ce82994eef75b52b,N4,exact,1,verified,
pass_n4_p007_o0110,pass_n4,일단합격JLPT완벽대비N4-단어장.pdf,pass,N4,7,110,,한자 읽기,,洋服,ようふく,"양복, 서양식 옷",洋服,ようふく,,"양복, 서양식 옷",word,1,,,new,1,verified,
pass_n4_p007_o0111,pass_n4,일단합격JLPT완벽대비N4-단어장.pdf,pass,N4,7,111,,한자 읽기,,夜,よる,밤,夜,よる,,밤,word,1,,,surface_only,1,verified,
pass_n4_p007_o0112,pass_n4,일단합격JLPT완벽대비N4-단어장.pdf,pass,N4,7,112,,한자 읽기,,弱い,よわい,약하다,弱い,よわい,,약하다,word,1,,,new,1,verified,
pass_n4_p007_o0113,pass_n4,일단합격JLPT완벽대비N4-단어장.pdf,pass,N4,7,113,,한자 읽기,,料理,りょうり,요리,料理,りょうり,,요리,word,1,,,new,1,verified,
pass_n4_p007_o0114,pass_n4,일단합격JLPT완벽대비N4-단어장.pdf,pass,N4,7,114,,한자 읽기,noun,旅館,りょかん,여관,旅館,りょかん,,여관,word,1,w_d2d17c235816d966,N4,exact,1,verified,
pass_n4_p007_o0115,pass_n4,일단합격JLPT완벽대비N4-단어장.pdf,pass,N4,7,115,,한자 읽기,,旅行,りょこう,여행,旅行,りょこう,,여행,word,1,,,new,1,verified,
pass_n4_p007_o0116,pass_n4,일단합격JLPT완벽대비N4-단어장.pdf,pass,N4,7,116,,한자 읽기,,悪い,わるい,"나쁘다, 안 좋다",悪い,わるい,,"나쁘다, 안 좋다",word,1,,,new,1,verified,
pass_n4_p007_o0117,pass_n4,일단합격JLPT완벽대비N4-단어장.pdf,pass,N4,7,117,,한자 표기,verb,会う,あう,만나다,会う,あう,,만나다,word,1,w_fb0af263d0cf8d1e,N5,exact,1,verified,
pass_n4_p007_o0118,pass_n4,일단합격JLPT완벽대비N4-단어장.pdf,pass,N4,7,118,,한자 표기,adjective,青い,あおい,파랗다,青い,あおい,,파랗다,word,1,w_323bbf9fb6ca0752,N5,exact,1,verified,
pass_n4_p007_o0119,pass_n4,일단합격JLPT완벽대비N4-단어장.pdf,pass,N4,7,119,,한자 표기,adjective,赤い,あかい,"빨갛다, 붉다",赤い,あかい,,"빨갛다, 붉다",word,1,w_deb26b8df714b0cb,N5,exact,1,verified,
pass_n4_p007_o0120,pass_n4,일단합격JLPT완벽대비N4-단어장.pdf,pass,N4,7,120,,한자 표기,adjective,明るい,あかるい,밝다,明るい,あかるい,,밝다,word,1,w_64d7f2701ad55caf,N5,exact,1,verified,
pass_n4_p007_o0121,pass_n4,일단합격JLPT완벽대비N4-단어장.pdf,pass,N4,7,121,,한자 표기,noun,秋,あき,가을,秋,あき,,가을,word,1,w_92cdd1203bd7bf3f,N5,exact,1,verified,
pass_n4_p007_o0122,pass_n4,일단합격JLPT완벽대비N4-단어장.pdf,pass,N4,7,122,,한자 표기,adjective,新しい,あたらしい,새롭다,新しい,あたらしい,,새롭다,word,1,w_4d8d34ddefce90aa,N5,exact,1,verified,
pass_n4_p007_o0123,pass_n4,일단합격JLPT완벽대비N4-단어장.pdf,pass,N4,7,123,,한자 표기,,集まる,あつまる,모이다,集まる,あつまる,,모이다,word,1,,,new,1,verified,
pass_n4_p008_o0124,pass_n4,일단합격JLPT완벽대비N4-단어장.pdf,pass,N4,8,124,,한자 표기,noun,姉,あね,"언니, 누나",姉,あね,,"언니, 누나",word,1,w_cf3e5eef92626820,N5,exact,1,verified,
pass_n4_p008_o0125,pass_n4,일단합격JLPT완벽대비N4-단어장.pdf,pass,N4,8,125,,한자 표기,verb,洗う,あらう,씻다,洗う,あらう,,씻다,word,1,w_336db92caf7feb12,N5,exact,1,verified,
pass_n4_p008_o0126,pass_n4,일단합격JLPT완벽대비N4-단어장.pdf,pass,N4,8,126,,한자 표기,verb,歩く,あるく,걷다,歩く,あるく,,걷다,word,1,w_a8ec89206d4fff44,N5,exact,1,verified,
pass_n4_p008_o0127,pass_n4,일단합격JLPT완벽대비N4-단어장.pdf,pass,N4,8,127,,한자 표기,verb,言う,いう,말하다,言う,いう,,말하다,word,1,w_024f604ff23bfcfe,N5,exact,1,verified,
pass_n4_p008_o0128,pass_n4,일단합격JLPT완벽대비N4-단어장.pdf,pass,N4,8,128,,한자 표기,noun,医者,いしゃ,의사,医者,いしゃ,,의사,word,1,w_f88777c9431a4158,N5,exact,1,verified,
pass_n4_p008_o0129,pass_n4,일단합격JLPT완벽대비N4-단어장.pdf,pass,N4,8,129,,한자 표기,verb,急ぐ,いそぐ,서두르다,急ぐ,いそぐ,,서두르다,word,1,w_35b6a541cf7ae323,N4,exact,1,verified,
pass_n4_p008_o0130,pass_n4,일단합격JLPT완벽대비N4-단어장.pdf,pass,N4,8,130,,한자 표기,noun,犬,いぬ,개,犬,いぬ,,개,word,1,w_0eb0f469760ebd47,N5,exact,1,verified,
pass_n4_p008_o0131,pass_n4,일단합격JLPT완벽대비N4-단어장.pdf,pass,N4,8,131,,한자 표기,noun,歌,うた,노래,歌,うた,,노래,word,1,w_01fbc4d975317826,N5,exact,1,verified,
pass_n4_p008_o0132,pass_n4,일단합격JLPT완벽대비N4-단어장.pdf,pass,N4,8,132,,한자 표기,verb,売る,うる,팔다,売る,うる,,팔다,word,1,w_5172b1665f9af516,N5,exact,1,verified,
pass_n4_p008_o0133,pass_n4,일단합격JLPT완벽대비N4-단어장.pdf,pass,N4,8,133,,한자 표기,noun,駅,えき,역,駅,えき,,역,word,1,w_1a590a2722d8602f,N5,exact,1,verified,
pass_n4_p008_o0134,pass_n4,일단합격JLPT완벽대비N4-단어장.pdf,pass,N4,8,134,,한자 표기,adjective,多い,おおい,많다,多い,おおい,,많다,word,1,w_f96a8af68031ebbf,N5,exact,1,verified,
pass_n4_p008_o0135,pass_n4,일단합격JLPT완벽대비N4-단어장.pdf,pass,N4,8,135,,한자 표기,verb,起きる,おきる,일어나다,起きる,おきる,,일어나다,word,1,w_39a427c6dee763c4,N5,exact,1,verified,
pass_n4_p008_o0136,pass_n4,일단합격JLPT완벽대비N4-단어장.pdf,pass,N4,8,136,,한자 표기,verb,送る,おくる,보내다,送る,おくる,,보내다,word,1,w_759d6921710ae647,N4,exact,1,verified,
pass_n4_p008_o0137,pass_n4,일단합격JLPT완벽대비N4-단어장.pdf,pass,N4,8,137,,한자 표기,verb,教える,おしえる,가르치다,教える,おしえる,,가르치다,word,1,w_d5962a44ebfdac96,N5,exact,1,verified,
pass_n4_p008_o0138,pass_n4,일단합격JLPT완벽대비N4-단어장.pdf,pass,N4,8,138,,한자 표기,noun,弟,おとうと,남동생,弟,おとうと,,남동생,word,1,w_c1704a9998ae7783,N5,exact,1,verified,
pass_n4_p008_o0139,pass_n4,일단합격JLPT완벽대비N4-단어장.pdf,pass,N4,8,139,,한자 표기,adjective,同じ,おなじ,"같음, 동일함",同じ,おなじ,,"같음, 동일함",word,1,w_fc1b38b22097ee9b,N5,exact,1,verified,
pass_n4_p008_o0140,pass_n4,일단합격JLPT완벽대비N4-단어장.pdf,pass,N4,8,140,,한자 표기,adjective,重い,おもい,무겁다,重い,おもい,,무겁다,word,1,w_6544e85ecab8bd79,N5,exact,1,verified,
pass_n4_p008_o0141,pass_n4,일단합격JLPT완벽대비N4-단어장.pdf,pass,N4,8,141,,한자 표기,verb,思い出す,おもいだす,생각해내다,思い出す,おもいだす,,생각해내다,word,1,w_ad45cbb678a84e73,N4,exact,1,verified,
pass_n4_p008_o0142,pass_n4,일단합격JLPT완벽대비N4-단어장.pdf,pass,N4,8,142,,한자 표기,,終わる,おわる,끝나다,終わる,おわる,,끝나다,word,1,,,new,1,verified,
pass_n4_p008_o0143,pass_n4,일단합격JLPT완벽대비N4-단어장.pdf,pass,N4,8,143,,한자 표기,verb,買う,かう,"사다, 구입하다",買う,かう,,"사다, 구입하다",word,1,w_7b4426d6f2756a8c,N5,exact,1,verified,
pass_n4_p008_o0144,pass_n4,일단합격JLPT완벽대비N4-단어장.pdf,pass,N4,8,144,,한자 표기,verb,帰る,かえる,돌아가(오)다,帰る,かえる,,돌아가(오)다,word,1,w_120144f6fe5e6500,N5,exact,1,verified,
pass_n4_p008_o0145,pass_n4,일단합격JLPT완벽대비N4-단어장.pdf,pass,N4,8,145,,한자 표기,verb,貸す,かす,빌려주다,貸す,かす,,빌려주다,word,1,w_86fe8e891a4c6756,N5,exact,1,verified,
pass_n4_p008_o0146,pass_n4,일단합격JLPT완벽대비N4-단어장.pdf,pass,N4,8,146,,한자 표기,noun,家族,かぞく,가족,家族,かぞく,,가족,word,1,w_67a0aa7719932f47,N5,exact,1,verified,
pass_n4_p008_o0147,pass_n4,일단합격JLPT완벽대비N4-단어장.pdf,pass,N4,8,147,,한자 표기,verb,借りる,かりる,"빌리다, 꾸다",借りる,かりる,,"빌리다, 꾸다",word,1,w_9439a2cee60f4d2e,N5,exact,1,verified,
pass_n4_p008_o0148,pass_n4,일단합격JLPT완벽대비N4-단어장.pdf,pass,N4,8,148,,한자 표기,verb,考える,かんがえる,생각하다,考える,かんがえる,,생각하다,word,1,w_7d7f86172ab0383f,N4,exact,1,verified,
pass_n4_p008_o0149,pass_n4,일단합격JLPT완벽대비N4-단어장.pdf,pass,N4,8,149,,한자 표기,noun,牛肉,ぎゅうにく,쇠고기,牛肉,ぎゅうにく,,쇠고기,word,1,w_18784069462d1c2d,N5,exact,1,verified,
pass_n4_p008_o0150,pass_n4,일단합격JLPT완벽대비N4-단어장.pdf,pass,N4,8,150,,한자 표기,adjective,暗い,くらい,어둡다,暗い,くらい,,어둡다,word,1,w_871d839872345899,N5,exact,1,verified,
pass_n4_p008_o0151,pass_n4,일단합격JLPT완벽대비N4-단어장.pdf,pass,N4,8,151,,한자 표기,verb,答える,こたえる,대답하다,答える,こたえる,,대답하다,word,1,w_3dd3079113fb323d,N5,exact,1,verified,
pass_n4_p008_o0152,pass_n4,일단합격JLPT완벽대비N4-단어장.pdf,pass,N4,8,152,,한자 표기,noun,小鳥,ことり,작은 새,小鳥,ことり,,작은 새,word,1,w_e6f31fc4583cd356,N4,exact,1,verified,
pass_n4_p008_o0153,pass_n4,일단합격JLPT완벽대비N4-단어장.pdf,pass,N4,8,153,,한자 표기,verb,死ぬ,しぬ,죽다,死ぬ,しぬ,,죽다,word,1,w_add93d927612cd8c,N5,exact,1,verified,
pass_n4_p008_o0154,pass_n4,일단합격JLPT완벽대비N4-단어장.pdf,pass,N4,8,154,,한자 표기,adjective,十分,じゅうぶん,충분히,十分,じゅうぶん,,충분히,word,1,w_2c493e7b6b9a7630,N4,exact,1,verified,
pass_n4_p008_o0155,pass_n4,일단합격JLPT완벽대비N4-단어장.pdf,pass,N4,8,155,,한자 표기,verb,知る,しる,알다,知る,しる,,알다,word,1,w_61071e3b17554ef2,N5,exact,1,verified,
pass_n4_p009_o0156,pass_n4,일단합격JLPT완벽대비N4-단어장.pdf,pass,N4,9,156,,한자 표기,adjective,親切,しんせつ,친절함,親切,しんせつ,,친절함,word,1,w_1f00487cc5220d0a,N4,exact,1,verified,
pass_n4_p009_o0157,pass_n4,일단합격JLPT완벽대비N4-단어장.pdf,pass,N4,9,157,,한자 표기,,住む,すむ,"살다, 거주하다",住む,すむ,,"살다, 거주하다",word,1,,,new,1,verified,
pass_n4_p009_o0158,pass_n4,일단합격JLPT완벽대비N4-단어장.pdf,pass,N4,9,158,,한자 표기,noun,台風,たいふう,태풍,台風,たいふう,,태풍,word,1,w_39d6e2a4488bd9a4,N4,exact,1,verified,
pass_n4_p009_o0159,pass_n4,일단합격JLPT완벽대비N4-단어장.pdf,pass,N4,9,159,,한자 표기,adjective,正しい,ただしい,"바르다, 옳다",正しい,ただしい,,"바르다, 옳다",word,1,w_135d5d9ad0c14376,N4,exact,1,verified,
pass_n4_p009_o0160,pass_n4,일단합격JLPT완벽대비N4-단어장.pdf,pass,N4,9,160,,한자 표기,verb,建てる,たてる,"(건물을) 세우다, 짓다",建てる,たてる,,"(건물을) 세우다, 짓다",word,1,w_49e199d4cfd26179,N4,exact,1,verified,
pass_n4_p009_o0161,pass_n4,일단합격JLPT완벽대비N4-단어장.pdf,pass,N4,9,161,,한자 표기,,地図,ちず,지도,地図,ちず,,지도,word,1,,,new,1,verified,
pass_n4_p009_o0162,pass_n4,일단합격JLPT완벽대비N4-단어장.pdf,pass,N4,9,162,,한자 표기,verb,使う,つかう,사용하다,使う,つかう,,사용하다,word,1,w_922465604dc39d60,N5,exact,1,verified,
pass_n4_p009_o0163,pass_n4,일단합격JLPT완벽대비N4-단어장.pdf,pass,N4,9,163,,한자 표기,,着く,つく,도착하다,着く,つく,,도착하다,word,1,,,new,1,verified,
pass_n4_p009_o0164,pass_n4,일단합격JLPT완벽대비N4-단어장.pdf,pass,N4,9,164,,한자 표기,verb,作る,つくる,만들다,作る,つくる,,만들다,word,1,w_d4c2e0e758843e78,N5,exact,1,verified,
pass_n4_p009_o0165,pass_n4,일단합격JLPT완벽대비N4-단어장.pdf,pass,N4,9,165,,한자 표기,,時計,とけい,시계,時計,とけい,,시계,word,1,,,new,1,verified,
pass_n4_p009_o0166,pass_n4,일단합격JLPT완벽대비N4-단어장.pdf,pass,N4,9,166,,한자 표기,,習う,ならう,"익히다, 배우다",習う,ならう,,"익히다, 배우다",word,1,,,new,1,verified,
pass_n4_p009_o0167,pass_n4,일단합격JLPT완벽대비N4-단어장.pdf,pass,N4,9,167,,한자 표기,verb,飲む,のむ,"마시다, 삼키다",飲む,のむ,,"마시다, 삼키다",word,1,w_633b31657d51ba57,N5,exact,1,verified,
pass_n4_p009_o0168,pass_n4,일단합격JLPT완벽대비N4-단어장.pdf,pass,N4,9,168,,한자 표기,verb,運ぶ,はこぶ,"나르다, 옮기다, 운송하다",運ぶ,はこぶ,,"나르다, 옮기다, 운송하다",word,1,w_16a8437b706000b6,N4,exact,1,verified,
pass_n4_p009_o0169,pass_n4,일단합격JLPT완벽대비N4-단어장.pdf,pass,N4,9,169,,한자 표기,,始まる,はじまる,시작되다,始まる,はじまる,,시작되다,word,1,,,new,1,verified,
pass_n4_p009_o0170,pass_n4,일단합격JLPT완벽대비N4-단어장.pdf,pass,N4,9,170,,한자 표기,adjective,早い,はやい,"(시간적으로) 이르다, 빠르다",早い,はやい,,"(시간적으로) 이르다, 빠르다",word,1,w_b1f3838130aea336,N5,exact,1,verified,
pass_n4_p009_o0171,pass_n4,일단합격JLPT완벽대비N4-단어장.pdf,pass,N4,9,171,,한자 표기,,広い,ひろい,넓다,広い,ひろい,,넓다,word,1,,,new,1,verified,
pass_n4_p009_o0172,pass_n4,일단합격JLPT완벽대비N4-단어장.pdf,pass,N4,9,172,,한자 표기,,服,ふく,옷,服,ふく,,옷,word,1,,,new,1,verified,
pass_n4_p009_o0173,pass_n4,일단합격JLPT완벽대비N4-단어장.pdf,pass,N4,9,173,,한자 표기,adjective,古い,ふるい,"오래되다, 낡다",古い,ふるい,,"오래되다, 낡다",word,1,w_29fb9b445ee25371,N5,exact,1,verified,
pass_n4_p009_o0174,pass_n4,일단합격JLPT완벽대비N4-단어장.pdf,pass,N4,9,174,,한자 표기,,勉強,べんきょう,공부,勉強,べんきょう,,공부,word,1,,,new,1,verified,
pass_n4_p009_o0175,pass_n4,일단합격JLPT완벽대비N4-단어장.pdf,pass,N4,9,175,,한자 표기,verb,間に合う,まにあう,제시간에 맞추다,間に合う,まにあう,,제시간에 맞추다,word,1,w_1a836696f48bfa62,N4,exact,1,verified,
pass_n4_p009_o0176,pass_n4,일단합격JLPT완벽대비N4-단어장.pdf,pass,N4,9,176,,한자 표기,verb,持つ,もつ,"가지다, 들다",持つ,もつ,,"가지다, 들다",word,1,w_21fd16f73e1ad0b7,N5,exact,1,verified,
pass_n4_p009_o0177,pass_n4,일단합격JLPT완벽대비N4-단어장.pdf,pass,N4,9,177,,한자 표기,,野菜,やさい,야채,野菜,やさい,,야채,word,1,,,new,1,verified,
pass_n4_p009_o0178,pass_n4,일단합격JLPT완벽대비N4-단어장.pdf,pass,N4,9,178,,한자 표기,,夕飯,ゆうはん,저녁 식사,夕飯,ゆうはん,,저녁 식사,word,1,,,new,1,verified,
pass_n4_p009_o0179,pass_n4,일단합격JLPT완벽대비N4-단어장.pdf,pass,N4,9,179,,한자 표기,,有名,ゆうめい,유명함,有名,ゆうめい,,유명함,word,1,,,new,1,verified,
pass_n4_p009_o0180,pass_n4,일단합격JLPT완벽대비N4-단어장.pdf,pass,N4,9,180,,한자 표기,noun,用事,ようじ,"볼일, 용무",用事,ようじ,,"볼일, 용무",word,1,w_e5782e3d2ce38351,N4,exact,1,verified,
pass_n4_p009_o0181,pass_n4,일단합격JLPT완벽대비N4-단어장.pdf,pass,N4,9,181,,한자 표기,,夜,よる,밤,夜,よる,,밤,word,1,,,surface_only,1,verified,
pass_n4_p009_o0182,pass_n4,일단합격JLPT완벽대비N4-단어장.pdf,pass,N4,9,182,,한자 표기,,旅行,りょこう,여행,旅行,りょこう,,여행,word,1,,,new,1,verified,
pass_n4_p009_o0183,pass_n4,일단합격JLPT완벽대비N4-단어장.pdf,pass,N4,9,183,,한자 표기,verb,別れる,わかれる,헤어지다,別れる,わかれる,,헤어지다,word,1,w_91aab3948246fcb4,N4,exact,1,verified,
pass_n4_p010_o0184,pass_n4,일단합격JLPT완벽대비N4-단어장.pdf,pass,N4,10,184,,문맥 규정,,アイディア,アイディア,아이디어,アイディア,アイディア,,아이디어,word,1,,,new,1,verified,
pass_n4_p010_o0185,pass_n4,일단합격JLPT완벽대비N4-단어장.pdf,pass,N4,10,185,,문맥 규정,verb,謝る,あやまる,사과하다,謝る,あやまる,,사과하다,word,1,w_40d9c28d25a9a53e,N4,exact,1,verified,
pass_n4_p010_o0186,pass_n4,일단합격JLPT완벽대비N4-단어장.pdf,pass,N4,10,186,,문맥 규정,noun,アルバイト,アルバイト,아르바이트,アルバイト,アルバイト,,아르바이트,word,1,w_16f928e8de2043ff,N4,exact,1,verified,
pass_n4_p010_o0187,pass_n4,일단합격JLPT완벽대비N4-단어장.pdf,pass,N4,10,187,,문맥 규정,noun,安全,あんぜん,안전함,安全,あんぜん,,안전함,word,1,w_64fa0e7b2bfbed44,N4,exact,1,verified,
pass_n4_p010_o0188,pass_n4,일단합격JLPT완벽대비N4-단어장.pdf,pass,N4,10,188,,문맥 규정,,案内,あんない,안내,案内,あんない,,안내,word,1,,,surface_only,1,verified,
pass_n4_p010_o0189,pass_n4,일단합격JLPT완벽대비N4-단어장.pdf,pass,N4,10,189,,문맥 규정,suffix,以下,いか,이하,以下,いか,,이하,word,1,w_9b732b20a980aa33,N4,exact,0,verified,문자 좌표 검증 완료; 선형 텍스트 레이어 순서 불일치
pass_n4_p010_o0190,pass_n4,일단합격JLPT완벽대비N4-단어장.pdf,pass,N4,10,190,,문맥 규정,noun,いくら,いくら,아무리,いくら,いくら,,아무리,word,1,w_bc6fa5bc224dbef9,N5,exact,1,verified,
pass_n4_p010_o0191,pass_n4,일단합격JLPT완벽대비N4-단어장.pdf,pass,N4,10,191,,문맥 규정,,1軒,いっけん,"한 채, 한 동(집을 세는 단위)",1軒,いっけん,,"한 채, 한 동(집을 세는 단위)",word,1,,,new,0,verified,문자 좌표 검증 완료; 선형 텍스트 레이어 순서 불일치
pass_n4_p010_o0192,pass_n4,일단합격JLPT완벽대비N4-단어장.pdf,pass,N4,10,192,,문맥 규정,expression,いってまいります,いってまいります,다녀오겠습니다,いってまいります,いってまいります,,다녀오겠습니다,sentence,0,w_8353b45ad58dc50b,N2,exact,1,verified,"sentence 항목: 원본 보존, 앱 기본 목록 제외"
pass_n4_p010_o0193,pass_n4,일단합격JLPT완벽대비N4-단어장.pdf,pass,N4,10,193,,문맥 규정,verb,植える,うえる,(나무를) 심다,植える,うえる,,(나무를) 심다,word,1,w_5cb12a6a437a0e71,N4,exact,0,verified,문자 좌표 검증 완료; 선형 텍스트 레이어 순서 불일치
pass_n4_p010_o0194,pass_n4,일단합격JLPT완벽대비N4-단어장.pdf,pass,N4,10,194,,문맥 규정,verb,打つ,うつ,부딪치다,打つ,うつ,,부딪치다,word,1,w_ea0e0b2919d233c4,N4,exact,0,verified,문자 좌표 검증 완료; 선형 텍스트 레이어 순서 불일치
pass_n4_p010_o0195,pass_n4,일단합격JLPT완벽대비N4-단어장.pdf,pass,N4,10,195,,문맥 규정,noun,腕,うで,팔,腕,うで,,팔,word,1,w_a62467b4d9ae12aa,N4,exact,1,verified,
pass_n4_p010_o0196,pass_n4,일단합격JLPT완벽대비N4-단어장.pdf,pass,N4,10,196,,문맥 규정,noun,お祝い,おいわい,축하 선물,お祝い,おいわい,,축하 선물,word,1,w_03fde61be0f26975,N4,exact,1,verified,
pass_n4_p010_o0197,pass_n4,일단합격JLPT완벽대비N4-단어장.pdf,pass,N4,10,197,,문맥 규정,noun,屋上,おくじょう,옥상,屋上,おくじょう,,옥상,word,1,w_f139c41c0e6437b1,N4,exact,1,verified,
pass_n4_p010_o0198,pass_n4,일단합격JLPT완벽대비N4-단어장.pdf,pass,N4,10,198,,문맥 규정,verb,送る,おくる,보내다,送る,おくる,,보내다,word,1,w_759d6921710ae647,N4,exact,1,verified,
pass_n4_p010_o0199,pass_n4,일단합격JLPT완벽대비N4-단어장.pdf,pass,N4,10,199,,문맥 규정,,お釣り,おつり,거스름돈,お釣り,おつり,,거스름돈,word,1,,,new,1,verified,
pass_n4_p010_o0200,pass_n4,일단합격JLPT완벽대비N4-단어장.pdf,pass,N4,10,200,,문맥 규정,noun,お土産,おみやげ,가족이나 친지에게 선물할 목적으로 여행지에서 사 오는 그 지방의 특산 물이나 지인의 집을 방문할 때 고마 움을 표하려고 가지고 가는 물건,お土産,おみやげ,,가족이나 친지에게 선물할 목적으로 여행지에서 사 오는 그 지방의 특산 물이나 지인의 집을 방문할 때 고마 움을 표하려고 가지고 가는 물건,word,1,w_06c3d7fabba14770,N4,exact,0,verified,문자 좌표 검증 완료; 선형 텍스트 레이어 순서 불일치
pass_n4_p010_o0201,pass_n4,일단합격JLPT완벽대비N4-단어장.pdf,pass,N4,10,201,,문맥 규정,noun,おもちゃ,おもちゃ,장난감,おもちゃ,おもちゃ,,장난감,word,1,w_93dcc4efaa4ffbd4,N4,exact,1,verified,
pass_n4_p010_o0202,pass_n4,일단합격JLPT완벽대비N4-단어장.pdf,pass,N4,10,202,,문맥 규정,,おや,おや,어라!,おや,おや,,어라!,word,1,,,new,1,verified,
pass_n4_p010_o0203,pass_n4,일단합격JLPT완벽대비N4-단어장.pdf,pass,N4,10,203,,문맥 규정,verb,折れる,おれる,"꺾이다, 접히다",折れる,おれる,,"꺾이다, 접히다",word,1,w_d88b02752fa01c86,N4,exact,1,verified,
pass_n4_p010_o0204,pass_n4,일단합격JLPT완벽대비N4-단어장.pdf,pass,N4,10,204,,문맥 규정,noun,会場,かいじょう,회장(장소),会場,かいじょう,,회장(장소),word,1,w_1ab8dbcb347cb969,N4,exact,1,verified,
pass_n4_p010_o0205,pass_n4,일단합격JLPT완벽대비N4-단어장.pdf,pass,N4,10,205,,문맥 규정,noun,鏡,かがみ,거울,鏡,かがみ,,거울,word,1,w_06d0ee4b07e0e376,N4,exact,1,verified,
pass_n4_p010_o0206,pass_n4,일단합격JLPT완벽대비N4-단어장.pdf,pass,N4,10,206,,문맥 규정,,傘をさす,かさをさす,우산을 쓰다,傘をさす,かさをさす,,우산을 쓰다,word,1,,,new,0,verified,문자 좌표 검증 완료; 선형 텍스트 레이어 순서 불일치
pass_n4_p010_o0207,pass_n4,일단합격JLPT완벽대비N4-단어장.pdf,pass,N4,10,207,,문맥 규정,adjective,固い,かたい,딱딱하다,固い,かたい,,딱딱하다,word,1,w_7400af29ea55cfe6,N4,exact,0,verified,문자 좌표 검증 완료; 선형 텍스트 레이어 순서 불일치
pass_n4_p010_o0208,pass_n4,일단합격JLPT완벽대비N4-단어장.pdf,pass,N4,10,208,,문맥 규정,noun,壁,かべ,벽,壁,かべ,,벽,word,1,w_e5149e3df7b27eb5,N4,exact,1,verified,
pass_n4_p010_o0209,pass_n4,일단합격JLPT완벽대비N4-단어장.pdf,pass,N4,10,209,,문맥 규정,,かまいません,かまいません,괜찮습니다,かまいません,かまいません,,괜찮습니다,word,1,,,new,1,verified,
pass_n4_p011_o0210,pass_n4,일단합격JLPT완벽대비N4-단어장.pdf,pass,N4,11,210,,문맥 규정,verb,噛む,かむ,씹다,噛む,かむ,,씹다,word,1,w_a81ed89f2576bc17,N4,exact,1,verified,
pass_n4_p011_o0211,pass_n4,일단합격JLPT완벽대비N4-단어장.pdf,pass,N4,11,211,,문맥 규정,,関係,かんけい,관계,関係,かんけい,,관계,word,1,,,new,1,verified,
pass_n4_p011_o0212,pass_n4,일단합격JLPT완벽대비N4-단어장.pdf,pass,N4,11,212,,문맥 규정,noun,機会,きかい,기회,機会,きかい,,기회,word,1,w_c1320ed4f7e412d5,N4,exact,1,verified,
pass_n4_p011_o0213,pass_n4,일단합격JLPT완벽대비N4-단어장.pdf,pass,N4,11,213,,문맥 규정,noun,技術,ぎじゅつ,기술,技術,ぎじゅつ,,기술,word,1,w_6030ad7342be5a00,N4,exact,1,verified,
pass_n4_p011_o0214,pass_n4,일단합격JLPT완벽대비N4-단어장.pdf,pass,N4,11,214,,문맥 규정,noun,競争,きょうそう,경쟁,競争,きょうそう,,경쟁,word,1,w_8a2c9ff3016d5fdb,N4,exact,1,verified,
pass_n4_p011_o0215,pass_n4,일단합격JLPT완벽대비N4-단어장.pdf,pass,N4,11,215,,문맥 규정,noun,興味,きょうみ,"흥미, 관심",興味,きょうみ,,"흥미, 관심",word,1,w_224b3e9a42c8cc84,N4,exact,1,verified,
pass_n4_p011_o0216,pass_n4,일단합격JLPT완벽대비N4-단어장.pdf,pass,N4,11,216,,문맥 규정,verb,比べる,くらべる,비교하다,比べる,くらべる,,비교하다,word,1,w_457792e517b639ae,N4,exact,1,verified,
pass_n4_p011_o0217,pass_n4,일단합격JLPT완벽대비N4-단어장.pdf,pass,N4,11,217,,문맥 규정,noun,ゲーム,ゲーム,게임,ゲーム,ゲーム,,게임,word,1,w_27f194a34e98e0b0,N3,exact,1,verified,
pass_n4_p011_o0218,pass_n4,일단합격JLPT완벽대비N4-단어장.pdf,pass,N4,11,218,,문맥 규정,,けんか,けんか,싸움,けんか,けんか,,싸움,word,1,,,new,1,verified,
pass_n4_p011_o0219,pass_n4,일단합격JLPT완벽대비N4-단어장.pdf,pass,N4,11,219,,문맥 규정,noun,郊外,こうがい,교외,郊外,こうがい,,교외,word,1,w_8cd46d00b7c015a8,N4,exact,1,verified,
pass_n4_p011_o0220,pass_n4,일단합격JLPT완벽대비N4-단어장.pdf,pass,N4,11,220,,문맥 규정,adjective,細かい,こまかい,"잘다, 세세하다",細かい,こまかい,,"잘다, 세세하다",word,1,w_3aea6276aa973919,N4,exact,1,verified,
pass_n4_p011_o0221,pass_n4,일단합격JLPT완벽대비N4-단어장.pdf,pass,N4,11,221,,문맥 규정,adjective,怖い,こわい,무섭다,怖い,こわい,,무섭다,word,1,w_f7e7cb647a4e4a2d,N4,exact,1,verified,
pass_n4_p011_o0222,pass_n4,일단합격JLPT완벽대비N4-단어장.pdf,pass,N4,11,222,,문맥 규정,noun,坂,さか,언덕,坂,さか,,언덕,word,1,w_f7f9155e0d8b6c02,N4,exact,1,verified,
pass_n4_p011_o0223,pass_n4,일단합격JLPT완벽대비N4-단어장.pdf,pass,N4,11,223,,문맥 규정,noun,さっき,さっき,아까,さっき,さっき,,아까,word,1,w_f47ff1eed7e97a5c,N4,exact,1,verified,
pass_n4_p011_o0224,pass_n4,일단합격JLPT완벽대비N4-단어장.pdf,pass,N4,11,224,,문맥 규정,verb,触る,さわる,만지다,触る,さわる,,만지다,word,1,w_ae678ec4c5e2d5a2,N4,exact,1,verified,
pass_n4_p011_o0225,pass_n4,일단합격JLPT완벽대비N4-단어장.pdf,pass,N4,11,225,,문맥 규정,adjective,残念,ざんねん,"유감스러움, 섭섭함",残念,ざんねん,,"유감스러움, 섭섭함",word,1,w_6c5961195e358c1a,N4,exact,1,verified,
pass_n4_p011_o0226,pass_n4,일단합격JLPT완벽대비N4-단어장.pdf,pass,N4,11,226,,문맥 규정,noun,失敗,しっぱい,"실패, 실수",失敗,しっぱい,,"실패, 실수",word,1,w_50f24aa0feb95de6,N4,exact,1,verified,
pass_n4_p011_o0227,pass_n4,일단합격JLPT완벽대비N4-단어장.pdf,pass,N4,11,227,,문맥 규정,noun,失礼,しつれい,실례임,失礼,しつれい,,실례임,word,1,w_1744f91eeb9a3305,N4,exact,1,verified,
pass_n4_p011_o0228,pass_n4,일단합격JLPT완벽대비N4-단어장.pdf,pass,N4,11,228,,문맥 규정,noun,邪魔,じゃま,거추장스러움,邪魔,じゃま,,거추장스러움,word,1,w_ea89d536a2fc0879,N4,exact,1,verified,
pass_n4_p011_o0229,pass_n4,일단합격JLPT완벽대비N4-단어장.pdf,pass,N4,11,229,,문맥 규정,,準備,じゅんび,준비,準備,じゅんび,,준비,word,1,,,surface_only,1,verified,
pass_n4_p011_o0230,pass_n4,일단합격JLPT완벽대비N4-단어장.pdf,pass,N4,11,230,,문맥 규정,,招待,しょうたい,초대,招待,しょうたい,,초대,word,1,,,surface_only,1,verified,
pass_n4_p011_o0231,pass_n4,일단합격JLPT완벽대비N4-단어장.pdf,pass,N4,11,231,,문맥 규정,noun,成功,せいこう,성공,成功,せいこう,,성공,word,1,w_65ff00fa44851c46,N3,exact,1,verified,
pass_n4_p011_o0232,pass_n4,일단합격JLPT완벽대비N4-단어장.pdf,pass,N4,11,232,,문맥 규정,,生産,せいさん,생산,生産,せいさん,,생산,word,1,,,surface_only,1,verified,
pass_n4_p011_o0233,pass_n4,일단합격JLPT완벽대비N4-단어장.pdf,pass,N4,11,233,,문맥 규정,noun,先輩,せんぱい,선배,先輩,せんぱい,,선배,word,1,w_b0cfed643a549bff,N4,exact,1,verified,
pass_n4_p011_o0234,pass_n4,일단합격JLPT완벽대비N4-단어장.pdf,pass,N4,11,234,,문맥 규정,,相談,そうだん,상담,相談,そうだん,,상담,word,1,,,surface_only,1,verified,
pass_n4_p011_o0235,pass_n4,일단합격JLPT완벽대비N4-단어장.pdf,pass,N4,11,235,,문맥 규정,conjunction,それで,それで,그래서,それで,それで,,그래서,word,1,w_7a32f316cd4a9222,N4,exact,1,verified,
pass_n4_p011_o0236,pass_n4,일단합격JLPT완벽대비N4-단어장.pdf,pass,N4,11,236,,문맥 규정,conjunction,それに,それに,게다가,それに,それに,,게다가,word,1,w_306ddbd039779417,N4,exact,1,verified,
pass_n4_p011_o0237,pass_n4,일단합격JLPT완벽대비N4-단어장.pdf,pass,N4,11,237,,문맥 규정,conjunction,だから,だから,"그러니까, 그래서",だから,だから,,"그러니까, 그래서",word,1,w_cb00cd37f1c38658,N4,exact,1,verified,
pass_n4_p011_o0238,pass_n4,일단합격JLPT완벽대비N4-단어장.pdf,pass,N4,11,238,,문맥 규정,,確かに,たしかに,"분명히, 확실하게",確かに,たしかに,,"분명히, 확실하게",word,1,,,new,1,verified,
pass_n4_p011_o0239,pass_n4,일단합격JLPT완벽대비N4-단어장.pdf,pass,N4,11,239,,문맥 규정,verb,足す,たす,더하다,足す,たす,,더하다,word,1,w_78056a089f127eb8,N4,exact,1,verified,
pass_n4_p011_o0240,pass_n4,일단합격JLPT완벽대비N4-단어장.pdf,pass,N4,11,240,,문맥 규정,,出す,だす,"내다, 제출하다",出す,だす,,"내다, 제출하다",word,1,,,new,1,verified,
pass_n4_p011_o0241,pass_n4,일단합격JLPT완벽대비N4-단어장.pdf,pass,N4,11,241,,문맥 규정,noun,暖房,だんぼう,난방,暖房,だんぼう,,난방,word,1,w_7a4013968ca9088b,N4,exact,1,verified,
pass_n4_p012_o0242,pass_n4,일단합격JLPT완벽대비N4-단어장.pdf,pass,N4,12,242,,문맥 규정,,チェック,チェック,"체크, 점검",チェック,チェック,,"체크, 점검",word,1,,,new,1,verified,
pass_n4_p012_o0243,pass_n4,일단합격JLPT완벽대비N4-단어장.pdf,pass,N4,12,243,,문맥 규정,,チケット,チケット,"티켓, 표",チケット,チケット,,"티켓, 표",word,1,,,new,1,verified,
pass_n4_p012_o0244,pass_n4,일단합격JLPT완벽대비N4-단어장.pdf,pass,N4,12,244,,문맥 규정,noun,中止,ちゅうし,중지,中止,ちゅうし,,중지,word,1,w_adf05961a7b52f7e,N3,exact,1,verified,
pass_n4_p012_o0245,pass_n4,일단합격JLPT완벽대비N4-단어장.pdf,pass,N4,12,245,,문맥 규정,adverb,とうとう,とうとう,드디어,とうとう,とうとう,,드디어,word,1,w_2e1101ee126c77c4,N4,exact,1,verified,
pass_n4_p012_o0246,pass_n4,일단합격JLPT완벽대비N4-단어장.pdf,pass,N4,12,246,,문맥 규정,verb,直す,なおす,고치다,直す,なおす,,고치다,word,1,w_a70c8ce575c5f9b5,N4,exact,1,verified,
pass_n4_p012_o0247,pass_n4,일단합격JLPT완벽대비N4-단어장.pdf,pass,N4,12,247,,문맥 규정,verb,治る,なおる,(병이) 낫다,治る,なおる,,(병이) 낫다,word,1,w_07c535ca309cce2e,N4,exact,1,verified,
pass_n4_p012_o0248,pass_n4,일단합격JLPT완벽대비N4-단어장.pdf,pass,N4,12,248,,문맥 규정,adverb,なるべく,なるべく,"되도록, 가능한 한",なるべく,なるべく,,"되도록, 가능한 한",word,1,w_ec666a473c6c95cc,N4,exact,1,verified,
pass_n4_p012_o0249,pass_n4,일단합격JLPT완벽대비N4-단어장.pdf,pass,N4,12,249,,문맥 규정,adjective,苦い,にがい,(맛이) 쓰다,苦い,にがい,,(맛이) 쓰다,word,1,w_e4cdc5489c0b1935,N4,exact,1,verified,
pass_n4_p012_o0250,pass_n4,일단합격JLPT완벽대비N4-단어장.pdf,pass,N4,12,250,,문맥 규정,,日本製,にほんせい,일본제(품),日本製,にほんせい,,일본제(품),word,1,,,new,1,verified,
pass_n4_p012_o0251,pass_n4,일단합격JLPT완벽대비N4-단어장.pdf,pass,N4,12,251,,문맥 규정,adjective,熱心,ねっしん,열심임,熱心,ねっしん,,열심임,word,1,w_7ae36e87130d5564,N4,exact,1,verified,
pass_n4_p012_o0252,pass_n4,일단합격JLPT완벽대비N4-단어장.pdf,pass,N4,12,252,,문맥 규정,adjective,眠い,ねむい,졸리다,眠い,ねむい,,졸리다,word,1,w_40e8198866f8bacf,N4,exact,1,verified,
pass_n4_p012_o0253,pass_n4,일단합격JLPT완벽대비N4-단어장.pdf,pass,N4,12,253,,문맥 규정,noun,喉,のど,목(구멍),喉,のど,,목(구멍),word,1,w_81fc20339d20785d,N4,exact,1,verified,
pass_n4_p012_o0254,pass_n4,일단합격JLPT완벽대비N4-단어장.pdf,pass,N4,12,254,,문맥 규정,,パートタイム,パートタイム,파트타임,パートタイム,パートタイム,,파트타임,word,1,,,new,1,verified,
pass_n4_p012_o0255,pass_n4,일단합격JLPT완벽대비N4-단어장.pdf,pass,N4,12,255,,문맥 규정,adjective,恥ずかしい,はずかしい,부끄럽다,恥ずかしい,はずかしい,,부끄럽다,word,1,w_73ffa785cc5313e0,N4,exact,1,verified,
pass_n4_p012_o0256,pass_n4,일단합격JLPT완벽대비N4-단어장.pdf,pass,N4,12,256,,문맥 규정,noun,パソコン,パソコン,컴퓨터,パソコン,パソコン,,컴퓨터,word,1,w_4407cb271d83b95a,N4,exact,1,verified,
pass_n4_p012_o0257,pass_n4,일단합격JLPT완벽대비N4-단어장.pdf,pass,N4,12,257,,문맥 규정,,番組,ばんぐみ,(방송) 프로그램,番組,ばんぐみ,,(방송) 프로그램,word,1,,,new,1,verified,
pass_n4_p012_o0258,pass_n4,일단합격JLPT완벽대비N4-단어장.pdf,pass,N4,12,258,,문맥 규정,noun,引き出し,ひきだし,서랍,引き出し,ひきだし,,서랍,word,1,w_a73aed42cd32a397,N4,exact,1,verified,
pass_n4_p012_o0259,pass_n4,일단합격JLPT완벽대비N4-단어장.pdf,pass,N4,12,259,,문맥 규정,verb,太る,ふとる,뚱뚱해지다,太る,ふとる,,뚱뚱해지다,word,1,w_c74a66c4365c71f2,N4,exact,1,verified,
pass_n4_p012_o0260,pass_n4,일단합격JLPT완벽대비N4-단어장.pdf,pass,N4,12,260,,문맥 규정,,変な味がする,へんなあじがする,이상한 맛이 나다,変な味がする,へんなあじがする,,이상한 맛이 나다,word,1,,,new,1,verified,
pass_n4_p012_o0261,pass_n4,일단합격JLPT완벽대비N4-단어장.pdf,pass,N4,12,261,,문맥 규정,noun,貿易,ぼうえき,무역,貿易,ぼうえき,,무역,word,1,w_0ac8132f3e6d49b7,N4,exact,1,verified,
pass_n4_p012_o0262,pass_n4,일단합격JLPT완벽대비N4-단어장.pdf,pass,N4,12,262,,문맥 규정,,放送,ほうそう,방송,放送,ほうそう,,방송,word,1,,,surface_only,1,verified,
pass_n4_p012_o0263,pass_n4,일단합격JLPT완벽대비N4-단어장.pdf,pass,N4,12,263,,문맥 규정,noun,翻訳,ほんやく,번역,翻訳,ほんやく,,번역,word,1,w_340c87e39330e2f2,N4,exact,1,verified,
pass_n4_p012_o0264,pass_n4,일단합격JLPT완벽대비N4-단어장.pdf,pass,N4,12,264,,문맥 규정,conjunction,または,または,또는,または,または,,또는,word,1,w_328b3a4907a4cb55,N4,exact,1,verified,
pass_n4_p012_o0265,pass_n4,일단합격JLPT완벽대비N4-단어장.pdf,pass,N4,12,265,,문맥 규정,verb,見つかる,みつかる,발견되다,見つかる,みつかる,,발견되다,word,1,w_c510d4ba666ff0d0,N4,exact,1,verified,
pass_n4_p012_o0266,pass_n4,일단합격JLPT완벽대비N4-단어장.pdf,pass,N4,12,266,,문맥 규정,adjective,珍しい,めずらしい,"진귀하다, 드물다",珍しい,めずらしい,,"진귀하다, 드물다",word,1,w_b459360382d1d575,N4,exact,1,verified,
pass_n4_p012_o0267,pass_n4,일단합격JLPT완벽대비N4-단어장.pdf,pass,N4,12,267,,문맥 규정,verb,役に立つ,やくにたつ,도움이 되다,役に立つ,やくにたつ,,도움이 되다,word,1,w_f512b11ec146e858,N4,exact,1,verified,
pass_n4_p012_o0268,pass_n4,일단합격JLPT완벽대비N4-단어장.pdf,pass,N4,12,268,,문맥 규정,adverb,やっと,やっと,"겨우, 간신히",やっと,やっと,,"겨우, 간신히",word,1,w_1a03ede5b3ef08ab,N4,exact,1,verified,
pass_n4_p012_o0269,pass_n4,일단합격JLPT완벽대비N4-단어장.pdf,pass,N4,12,269,,문맥 규정,adverb,やっぱり,やっぱり,역시,やっぱり,やっぱり,,역시,word,1,w_3ec592997b865dca,N2,exact,1,verified,
pass_n4_p012_o0270,pass_n4,일단합격JLPT완벽대비N4-단어장.pdf,pass,N4,12,270,,문맥 규정,,やわらかい,やわらかい,부드럽다,やわらかい,やわらかい,,부드럽다,word,1,,,new,1,verified,
pass_n4_p012_o0271,pass_n4,일단합격JLPT완벽대비N4-단어장.pdf,pass,N4,12,271,,문맥 규정,noun,予約,よやく,예약,予約,よやく,,예약,word,1,w_b8e95fc32384cfa5,N4,exact,1,verified,
pass_n4_p012_o0272,pass_n4,일단합격JLPT완벽대비N4-단어장.pdf,pass,N4,12,272,,문맥 규정,verb,寄る,よる,들르다,寄る,よる,,들르다,word,1,w_ac21ad66d2a3ae57,N4,exact,1,verified,
pass_n4_p013_o0273,pass_n4,일단합격JLPT완벽대비N4-단어장.pdf,pass,N4,13,273,,문맥 규정,noun,利用,りよう,이용,利用,りよう,,이용,word,1,w_64be2910e46903c8,N4,exact,1,verified,
pass_n4_p013_o0274,pass_n4,일단합격JLPT완벽대비N4-단어장.pdf,pass,N4,13,274,,문맥 규정,noun,レジ,レジ,"계산대, 레지스터",レジ,レジ,,"계산대, 레지스터",word,1,w_32b6716e6d619778,N4,exact,1,verified,
pass_n4_p013_o0275,pass_n4,일단합격JLPT완벽대비N4-단어장.pdf,pass,N4,13,275,,문맥 규정,noun,レポート,レポート,리포트,レポート,レポート,,리포트,word,1,w_6adb23638ce7da0e,N4,exact,1,verified,
pass_n4_p013_o0276,pass_n4,일단합격JLPT완벽대비N4-단어장.pdf,pass,N4,13,276,,문맥 규정,noun,連絡,れんらく,연락,連絡,れんらく,,연락,word,1,w_f886097e29b373ec,N4,exact,1,verified,
pass_n4_p014_o0277,pass_n4,일단합격JLPT완벽대비N4-단어장.pdf,pass,N4,14,277,,유의어,,あいさつしました,あいさつしました,인사를 했습니다,あいさつしました,あいさつしました,,인사를 했습니다,sentence,0,,,new,1,verified,"sentence 항목: 원본 보존, 앱 기본 목록 제외"
pass_n4_p014_o0278,pass_n4,일단합격JLPT완벽대비N4-단어장.pdf,pass,N4,14,278,,유의어,,≒「 おはようございます。」と 言いました,「おはようございます。」といいました,“안녕하세요.”라고 말했습니다,≒「 おはようございます。」と 言いました,「おはようございます。」といいました,,“안녕하세요.”라고 말했습니다,sentence,0,,,new,1,verified,"sentence 항목: 원본 보존, 앱 기본 목록 제외"
pass_n4_p014_o0279,pass_n4,일단합격JLPT완벽대비N4-단어장.pdf,pass,N4,14,279,,유의어,,あしたは ちょっと......,あしたはちょっと......,내일은 좀......,あしたは ちょっと......,あしたはちょっと......,,내일은 좀......,expression,0,,,new,1,verified,"expression 항목: 원본 보존, 앱 기본 목록 제외"
pass_n4_p014_o0280,pass_n4,일단합격JLPT완벽대비N4-단어장.pdf,pass,N4,14,280,,유의어,,≒ あしたは だめです,あしたはだめです,내일은 안 됩니다,≒ あしたは だめです,あしたはだめです,,내일은 안 됩니다,sentence,0,,,new,1,verified,"sentence 항목: 원본 보존, 앱 기본 목록 제외"
pass_n4_p014_o0281,pass_n4,일단합격JLPT완벽대비N4-단어장.pdf,pass,N4,14,281,,유의어,,あの みせは いつも すいて います,あのみせはいつもすいています,저 가게는 언제나 비어 있습니다,あの みせは いつも すいて います,あのみせはいつもすいています,,저 가게는 언제나 비어 있습니다,sentence,0,,,new,1,verified,"sentence 항목: 원본 보존, 앱 기본 목록 제외"
pass_n4_p014_o0282,pass_n4,일단합격JLPT완벽대비N4-단어장.pdf,pass,N4,14,282,,유의어,,あの みせは いつも きゃくが 少ないです,あのみせはいつもきゃくがすくないです,저 가게는 늘 손님이 적습니다,あの みせは いつも きゃくが 少ないです,あのみせはいつもきゃくがすくないです,,저 가게는 늘 손님이 적습니다,sentence,0,,,new,1,verified,"sentence 항목: 원본 보존, 앱 기본 목록 제외"
pass_n4_p014_o0283,pass_n4,일단합격JLPT완벽대비N4-단어장.pdf,pass,N4,14,283,,유의어,,あやまりました,あやまりました,사과했습니다,あやまりました,あやまりました,,사과했습니다,word,1,,,new,1,verified,
pass_n4_p014_o0284,pass_n4,일단합격JLPT완벽대비N4-단어장.pdf,pass,N4,14,284,,유의어,,≒「 ごめんなさい。」と いいました,「ごめんなさい。」といいました,“미안합니다.”라고 말했습니다,≒「 ごめんなさい。」と いいました,「ごめんなさい。」といいました,,“미안합니다.”라고 말했습니다,sentence,0,,,new,1,verified,"sentence 항목: 원본 보존, 앱 기본 목록 제외"
pass_n4_p015_o0285,pass_n4,일단합격JLPT완벽대비N4-단어장.pdf,pass,N4,15,285,,유의어,,いっしょうけんめい,いっしょうけんめい,열심히,いっしょうけんめい,いっしょうけんめい,,열심히,word,1,,,new,1,verified,
pass_n4_p015_o0286,pass_n4,일단합격JLPT완벽대비N4-단어장.pdf,pass,N4,15,286,,유의어,,≒ ねっしんに,ねっしんに,열심히,≒ ねっしんに,ねっしんに,,열심히,sentence,0,,,new,1,verified,"sentence 항목: 원본 보존, 앱 기본 목록 제외"
pass_n4_p015_o0287,pass_n4,일단합격JLPT완벽대비N4-단어장.pdf,pass,N4,15,287,,유의어,,うそです,うそです,거짓말입니다,うそです,うそです,,거짓말입니다,word,1,,,new,1,verified,
pass_n4_p015_o0288,pass_n4,일단합격JLPT완벽대비N4-단어장.pdf,pass,N4,15,288,,유의어,,≒ ほんとうでは ありません,ほんとうではありません,사실이 아닙니다,≒ ほんとうでは ありません,ほんとうではありません,,사실이 아닙니다,sentence,0,,,new,1,verified,"sentence 항목: 원본 보존, 앱 기본 목록 제외"
pass_n4_p015_o0289,pass_n4,일단합격JLPT완벽대비N4-단어장.pdf,pass,N4,15,289,,유의어,,おとうさんに しかられました,おとうさんにしかられました,아버지에게 야단맞았습니다,おとうさんに しかられました,おとうさんにしかられました,,아버지에게 야단맞았습니다,sentence,0,,,new,1,verified,"sentence 항목: 원본 보존, 앱 기본 목록 제외"
pass_n4_p015_o0290,pass_n4,일단합격JLPT완벽대비N4-단어장.pdf,pass,N4,15,290,,유의어,,≒ おとうさんに おこられました,おとうさんにおこられました,아버지에게 혼났습니다,≒ おとうさんに おこられました,おとうさんにおこられました,,아버지에게 혼났습니다,sentence,0,,,new,1,verified,"sentence 항목: 원본 보존, 앱 기본 목록 제외"
pass_n4_p015_o0291,pass_n4,일단합격JLPT완벽대비N4-단어장.pdf,pass,N4,15,291,,유의어,,おれいを いいました,おれいをいいました,감사 인사를 했습니다,おれいを いいました,おれいをいいました,,감사 인사를 했습니다,sentence,0,,,new,1,verified,"sentence 항목: 원본 보존, 앱 기본 목록 제외"
pass_n4_p015_o0292,pass_n4,일단합격JLPT완벽대비N4-단어장.pdf,pass,N4,15,292,,유의어,,≒「 ありがとうございます。」と いいました,「ありがとうございます。」といいました,“고맙습니다.”라고 말했습니다,≒「 ありがとうございます。」と いいました,「ありがとうございます。」といいました,,“고맙습니다.”라고 말했습니다,sentence,0,,,new,1,verified,"sentence 항목: 원본 보존, 앱 기본 목록 제외"
pass_n4_p015_o0293,pass_n4,일단합격JLPT완벽대비N4-단어장.pdf,pass,N4,15,293,,유의어,,かいものに さそいました,かいものにさそいました,쇼핑하자고 권했습니다,かいものに さそいました,かいものにさそいました,,쇼핑하자고 권했습니다,sentence,0,,,new,1,verified,"sentence 항목: 원본 보존, 앱 기본 목록 제외"
pass_n4_p015_o0294,pass_n4,일단합격JLPT완벽대비N4-단어장.pdf,pass,N4,15,294,,유의어,,≒「 いっしょに かいものに いきませんか」と 言いました,「いっしょにかいものにいきませんか」といいました,“같이 쇼핑 가지 않을래요?”라고 말했습니다,≒「 いっしょに かいものに いきませんか」と 言いました,「いっしょにかいものにいきませんか」といいました,,“같이 쇼핑 가지 않을래요?”라고 말했습니다,sentence,0,,,new,0,verified,"문자 좌표 검증 완료; 선형 텍스트 레이어 순서 불일치; sentence 항목: 원본 보존, 앱 기본 목록 제외"
pass_n4_p016_o0295,pass_n4,일단합격JLPT완벽대비N4-단어장.pdf,pass,N4,16,295,,유의어,,かならず 来ると 思います,かならずくるとおもいます,꼭 올 거라고 생각합니다,かならず 来ると 思います,かならずくるとおもいます,,꼭 올 거라고 생각합니다,sentence,0,,,new,1,verified,"sentence 항목: 원본 보존, 앱 기본 목록 제외"
pass_n4_p016_o0296,pass_n4,일단합격JLPT완벽대비N4-단어장.pdf,pass,N4,16,296,,유의어,,≒ きっと 来ると 思います,きっとくるとおもいます,반드시 올 거라고 생각합니다,≒ きっと 来ると 思います,きっとくるとおもいます,,반드시 올 거라고 생각합니다,sentence,0,,,new,1,verified,"sentence 항목: 원본 보존, 앱 기본 목록 제외"
pass_n4_p016_o0297,pass_n4,일단합격JLPT완벽대비N4-단어장.pdf,pass,N4,16,297,,유의어,,きけんです,きけんです,위험합니다,きけんです,きけんです,,위험합니다,word,1,,,new,1,verified,
pass_n4_p016_o0298,pass_n4,일단합격JLPT완벽대비N4-단어장.pdf,pass,N4,16,298,,유의어,,≒ あぶないです,あぶないです,위험합니다,≒ あぶないです,あぶないです,,위험합니다,sentence,0,,,new,1,verified,"sentence 항목: 원본 보존, 앱 기본 목록 제외"
pass_n4_p016_o0299,pass_n4,일단합격JLPT완벽대비N4-단어장.pdf,pass,N4,16,299,,유의어,,きびしい じだいは もう すぎました,きびしいじだいはもうすぎました,힘든 시대는 이제 지나갔습니다,きびしい じだいは もう すぎました,きびしいじだいはもうすぎました,,힘든 시대는 이제 지나갔습니다,sentence,0,,,new,1,verified,"sentence 항목: 원본 보존, 앱 기본 목록 제외"
pass_n4_p016_o0300,pass_n4,일단합격JLPT완벽대비N4-단어장.pdf,pass,N4,16,300,,유의어,,≒ たいへんな じだいでした,たいへんなじだいでした,어려운 시대였습니다,≒ たいへんな じだいでした,たいへんなじだいでした,,어려운 시대였습니다,sentence,0,,,new,1,verified,"sentence 항목: 원본 보존, 앱 기본 목록 제외"
pass_n4_p016_o0301,pass_n4,일단합격JLPT완벽대비N4-단어장.pdf,pass,N4,16,301,,유의어,,けしきの いい ところ,けしきのいいところ,경치가 좋은 곳,けしきの いい ところ,けしきのいいところ,,경치가 좋은 곳,expression,0,,,new,1,verified,"expression 항목: 원본 보존, 앱 기본 목록 제외"
pass_n4_p016_o0302,pass_n4,일단합격JLPT완벽대비N4-단어장.pdf,pass,N4,16,302,,유의어,,≒ きれいな 山や もりが 見える こうえん,きれいなやまやもりがみえるこうえん,멋진 산이나 숲이 보이는 공원,≒ きれいな 山や もりが 見える こうえん,きれいなやまやもりがみえるこうえん,,멋진 산이나 숲이 보이는 공원,sentence,0,,,new,1,verified,"sentence 항목: 원본 보존, 앱 기본 목록 제외"
pass_n4_p016_o0303,pass_n4,일단합격JLPT완벽대비N4-단어장.pdf,pass,N4,16,303,,유의어,,こうぎに しゅっせきします,こうぎにしゅっせきします,강의에 출석합니다,こうぎに しゅっせきします,こうぎにしゅっせきします,,강의에 출석합니다,sentence,0,,,new,1,verified,"sentence 항목: 원본 보존, 앱 기본 목록 제외"
pass_n4_p016_o0304,pass_n4,일단합격JLPT완벽대비N4-단어장.pdf,pass,N4,16,304,,유의어,,≒ 大学で 先生の 話を 聞きます,だいがくでせんせいのはなしをききます,대학에서 선생님의 이야기를 듣습니다,≒ 大学で 先生の 話を 聞きます,だいがくでせんせいのはなしをききます,,대학에서 선생님의 이야기를 듣습니다,sentence,0,,,new,1,verified,"sentence 항목: 원본 보존, 앱 기본 목록 제외"
pass_n4_p017_o0305,pass_n4,일단합격JLPT완벽대비N4-단어장.pdf,pass,N4,17,305,,유의어,,こうつうが べんりです,こうつうがべんりです,교통이 편리합니다,こうつうが べんりです,こうつうがべんりです,,교통이 편리합니다,sentence,0,,,new,1,verified,"sentence 항목: 원본 보존, 앱 기본 목록 제외"
pass_n4_p017_o0306,pass_n4,일단합격JLPT완벽대비N4-단어장.pdf,pass,N4,17,306,,유의어,,≒ バ スや ちかてつが たくさん はしって います,バスやちかてつがたくさんはしっています,버스나 지하철이 많이 달리고 있습니다,≒ バ スや ちかてつが たくさん はしって います,バスやちかてつがたくさんはしっています,,버스나 지하철이 많이 달리고 있습니다,sentence,0,,,new,1,verified,"sentence 항목: 원본 보존, 앱 기본 목록 제외"
pass_n4_p017_o0307,pass_n4,일단합격JLPT완벽대비N4-단어장.pdf,pass,N4,17,307,,유의어,,ここは すべりやすいのです,ここはすべりやすいのです,이곳은 미끄러지기 쉽습니다,ここは すべりやすいのです,ここはすべりやすいのです,,이곳은 미끄러지기 쉽습니다,sentence,0,,,new,1,verified,"sentence 항목: 원본 보존, 앱 기본 목록 제외"
pass_n4_p017_o0308,pass_n4,일단합격JLPT완벽대비N4-단어장.pdf,pass,N4,17,308,,유의어,,≒ ここは あるきにくいです,ここはあるきにくいです,이곳은 걷기 불편합니다,≒ ここは あるきにくいです,ここはあるきにくいです,,이곳은 걷기 불편합니다,sentence,0,,,new,1,verified,"sentence 항목: 원본 보존, 앱 기본 목록 제외"
pass_n4_p017_o0309,pass_n4,일단합격JLPT완벽대비N4-단어장.pdf,pass,N4,17,309,,유의어,,この ワインは ヨーロッパせいです,このワインはヨーロッパせいです,이 와인은 유럽제입니다,この ワインは ヨーロッパせいです,このワインはヨーロッパせいです,,이 와인은 유럽제입니다,sentence,0,,,new,1,verified,"sentence 항목: 원본 보존, 앱 기본 목록 제외"
pass_n4_p017_o0310,pass_n4,일단합격JLPT완벽대비N4-단어장.pdf,pass,N4,17,310,,유의어,,≒ この ワインは ヨーロッパで つくられて います,このワインはヨーロッパでつくられています,이 와인은 유럽에서 만들어지고 있습니다,≒ この ワインは ヨーロッパで つくられて います,このワインはヨーロッパでつくられています,,이 와인은 유럽에서 만들어지고 있습니다,sentence,0,,,new,1,verified,"sentence 항목: 원본 보존, 앱 기본 목록 제외"
pass_n4_p017_o0311,pass_n4,일단합격JLPT완벽대비N4-단어장.pdf,pass,N4,17,311,,유의어,,さいふを ぬすまれました,さいふをぬすまれました,지갑을 도둑맞았습니다,さいふを ぬすまれました,さいふをぬすまれました,,지갑을 도둑맞았습니다,sentence,0,,,new,1,verified,"sentence 항목: 원본 보존, 앱 기본 목록 제외"
pass_n4_p017_o0312,pass_n4,일단합격JLPT완벽대비N4-단어장.pdf,pass,N4,17,312,,유의어,,≒ さいふを とられました,さいふをとられました,지갑을 날치기당했습니다,≒ さいふを とられました,さいふをとられました,,지갑을 날치기당했습니다,sentence,0,,,new,1,verified,"sentence 항목: 원본 보존, 앱 기본 목록 제외"
pass_n4_p017_o0313,pass_n4,일단합격JLPT완벽대비N4-단어장.pdf,pass,N4,17,313,,유의어,,サッカーが さかんに なりました,サッカーがさかんになりました,축구가 왕성해졌습니다,サッカーが さかんに なりました,サッカーがさかんになりました,,축구가 왕성해졌습니다,sentence,0,,,new,1,verified,"sentence 항목: 원본 보존, 앱 기본 목록 제외"
pass_n4_p017_o0314,pass_n4,일단합격JLPT완벽대비N4-단어장.pdf,pass,N4,17,314,,유의어,,≒ サッカーを する 人が ふえました,サッカーをするひとがふえました,축구를 하는 사람이 늘었습니다,≒ サッカーを する 人が ふえました,サッカーをするひとがふえました,,축구를 하는 사람이 늘었습니다,sentence,0,,,new,1,verified,"sentence 항목: 원본 보존, 앱 기본 목록 제외"
pass_n4_p018_o0315,pass_n4,일단합격JLPT완벽대비N4-단어장.pdf,pass,N4,18,315,,유의어,,さわがないで ください,さわがないでください,떠들지 말아 주세요,さわがないで ください,さわがないでください,,떠들지 말아 주세요,sentence,0,,,new,1,verified,"sentence 항목: 원본 보존, 앱 기본 목록 제외"
pass_n4_p018_o0316,pass_n4,일단합격JLPT완벽대비N4-단어장.pdf,pass,N4,18,316,,유의어,,≒ う るさく しないで ください,うるさくしないでください,시끄럽게 하지 말아 주세요,≒ う るさく しないで ください,うるさくしないでください,,시끄럽게 하지 말아 주세요,sentence,0,,,new,1,verified,"sentence 항목: 원본 보존, 앱 기본 목록 제외"
pass_n4_p018_o0317,pass_n4,일단합격JLPT완벽대비N4-단어장.pdf,pass,N4,18,317,,유의어,,しゅくだいは かんたんでした,しゅくだいはかんたんでした,숙제는 간단했습니다,しゅくだいは かんたんでした,しゅくだいはかんたんでした,,숙제는 간단했습니다,sentence,0,,,new,1,verified,"sentence 항목: 원본 보존, 앱 기본 목록 제외"
pass_n4_p018_o0318,pass_n4,일단합격JLPT완벽대비N4-단어장.pdf,pass,N4,18,318,,유의어,,≒ しゅくだいは やさしかったです,しゅくだいはやさしかったです,숙제는 쉬웠습니다,≒ しゅくだいは やさしかったです,しゅくだいはやさしかったです,,숙제는 쉬웠습니다,sentence,0,,,new,1,verified,"sentence 항목: 원본 보존, 앱 기본 목록 제외"
pass_n4_p018_o0319,pass_n4,일단합격JLPT완벽대비N4-단어장.pdf,pass,N4,18,319,,유의어,,しょうらいの けいかく,しょうらいのけいかく,장래 계획,しょうらいの けいかく,しょうらいのけいかく,,장래 계획,expression,0,,,new,1,verified,"expression 항목: 원본 보존, 앱 기본 목록 제외"
pass_n4_p018_o0320,pass_n4,일단합격JLPT완벽대비N4-단어장.pdf,pass,N4,18,320,,유의어,,≒ これからの けいかく,これからのけいかく,앞으로의 계획,≒ これからの けいかく,これからのけいかく,,앞으로의 계획,sentence,0,,,new,1,verified,"sentence 항목: 원본 보존, 앱 기본 목록 제외"
pass_n4_p018_o0321,pass_n4,일단합격JLPT완벽대비N4-단어장.pdf,pass,N4,18,321,,유의어,,しょくじに しましょう,しょくじにしましょう,식사를 합시다,しょくじに しましょう,しょくじにしましょう,,식사를 합시다,expression,0,,,new,1,verified,"expression 항목: 원본 보존, 앱 기본 목록 제외"
pass_n4_p018_o0322,pass_n4,일단합격JLPT완벽대비N4-단어장.pdf,pass,N4,18,322,,유의어,,≒ ごはんを 食べましょう,ごはんをたべましょう,밥을 먹읍시다,≒ ごはんを 食べましょう,ごはんをたべましょう,,밥을 먹읍시다,sentence,0,,,new,1,verified,"sentence 항목: 원본 보존, 앱 기본 목록 제외"
pass_n4_p018_o0323,pass_n4,일단합격JLPT완벽대비N4-단어장.pdf,pass,N4,18,323,,유의어,,じを ていねいに 書きなさい,じをていねいにかきなさい,글씨를 정성스럽게 쓰세요,じを ていねいに 書きなさい,じをていねいにかきなさい,,글씨를 정성스럽게 쓰세요,expression,0,,,new,1,verified,"expression 항목: 원본 보존, 앱 기본 목록 제외"
pass_n4_p018_o0324,pass_n4,일단합격JLPT완벽대비N4-단어장.pdf,pass,N4,18,324,,유의어,,≒ きれいに じを 書きなさい,きれいにじをかきなさい,깨끗하게 글씨를 쓰세요,≒ きれいに じを 書きなさい,きれいにじをかきなさい,,깨끗하게 글씨를 쓰세요,sentence,0,,,new,1,verified,"sentence 항목: 원본 보존, 앱 기본 목록 제외"
pass_n4_p018_o0325,pass_n4,일단합격JLPT완벽대비N4-단어장.pdf,pass,N4,18,325,,유의어,,先生の おたくに うかがいます,せんせいのおたくにうかがいます,선생님 댁을 찾아뵙습니다,先生の おたくに うかがいます,せんせいのおたくにうかがいます,,선생님 댁을 찾아뵙습니다,sentence,0,,,new,1,verified,"sentence 항목: 원본 보존, 앱 기본 목록 제외"
pass_n4_p018_o0326,pass_n4,일단합격JLPT완벽대비N4-단어장.pdf,pass,N4,18,326,,유의어,,≒ 先生の おたくに まいります,せんせいのおたくにまいります,선생님 댁에 갑니다,≒ 先生の おたくに まいります,せんせいのおたくにまいります,,선생님 댁에 갑니다,sentence,0,,,new,1,verified,"sentence 항목: 원본 보존, 앱 기본 목록 제외"
pass_n4_p019_o0327,pass_n4,일단합격JLPT완벽대비N4-단어장.pdf,pass,N4,19,327,,유의어,,たいいんする,たいいんする,퇴원하다,たいいんする,たいいんする,,퇴원하다,word,1,,,new,1,verified,
pass_n4_p019_o0328,pass_n4,일단합격JLPT완벽대비N4-단어장.pdf,pass,N4,19,328,,유의어,,≒ びょういんから かえって くる,びょういんからかえってくる,병원에서 돌아오다,≒ びょういんから かえって くる,びょういんからかえってくる,,병원에서 돌아오다,sentence,0,,,new,1,verified,"sentence 항목: 원본 보존, 앱 기본 목록 제외"
pass_n4_p019_o0329,pass_n4,일단합격JLPT완벽대비N4-단어장.pdf,pass,N4,19,329,,유의어,,たなかさん いがいは 来ました,たなかさんいがいはきました,다나카 씨 외에는 왔습니다,たなかさん いがいは 来ました,たなかさんいがいはきました,,다나카 씨 외에는 왔습니다,sentence,0,,,new,1,verified,"sentence 항목: 원본 보존, 앱 기본 목록 제외"
pass_n4_p019_o0330,pass_n4,일단합격JLPT완벽대비N4-단어장.pdf,pass,N4,19,330,,유의어,,≒ た なかさんは 来ませんでしたが、ほかの 人 は 来ました,たなかさんはきませんでしたが、ほかのひとはきました,"다나카 씨는 오지 않았지만, 다른 사람은 왔습니다",≒ た なかさんは 来ませんでしたが、ほかの 人 は 来ました,たなかさんはきませんでしたが、ほかのひとはきました,,"다나카 씨는 오지 않았지만, 다른 사람은 왔습니다",sentence,0,,,new,0,verified,"문자 좌표 검증 완료; 선형 텍스트 레이어 순서 불일치; sentence 항목: 원본 보존, 앱 기본 목록 제외"
pass_n4_p019_o0331,pass_n4,일단합격JLPT완벽대비N4-단어장.pdf,pass,N4,19,331,,유의어,,たなかさんの かわりに 私が パーティーに で ました,たなかさんのかわりにわたしがパーティーにでました,다나카 씨 대신에 제가 파티에 나갔습니다,たなかさんの かわりに 私が パーティーに で ました,たなかさんのかわりにわたしがパーティーにでました,,다나카 씨 대신에 제가 파티에 나갔습니다,sentence,0,,,new,1,verified,"sentence 항목: 원본 보존, 앱 기본 목록 제외"
pass_n4_p019_o0332,pass_n4,일단합격JLPT완벽대비N4-단어장.pdf,pass,N4,19,332,,유의어,,≒ た なかさんは パーティーに でませんでした,たなかさんはパーティーにでませんでした,다나카 씨는 파티에 나오지 않았습니다,≒ た なかさんは パーティーに でませんでした,たなかさんはパーティーにでませんでした,,다나카 씨는 파티에 나오지 않았습니다,sentence,0,,,new,1,verified,"sentence 항목: 원본 보존, 앱 기본 목록 제외"
pass_n4_p019_o0333,pass_n4,일단합격JLPT완벽대비N4-단어장.pdf,pass,N4,19,333,,유의어,,たなかさんは るすです,たなかさんはるすです,다나카 씨는 부재중입니다,たなかさんは るすです,たなかさんはるすです,,다나카 씨는 부재중입니다,sentence,0,,,new,1,verified,"sentence 항목: 원본 보존, 앱 기본 목록 제외"
pass_n4_p019_o0334,pass_n4,일단합격JLPT완벽대비N4-단어장.pdf,pass,N4,19,334,,유의어,,たなかさんは 出かけて います,たなかさんはでかけています,다나카 씨는 외출해 있습니다,たなかさんは 出かけて います,たなかさんはでかけています,,다나카 씨는 외출해 있습니다,sentence,0,,,new,1,verified,"sentence 항목: 원본 보존, 앱 기본 목록 제외"
pass_n4_p019_o0335,pass_n4,일단합격JLPT완벽대비N4-단어장.pdf,pass,N4,19,335,,유의어,,たなかさんを たずねました,たなかさんをたずねました,다나카 씨를 방문했습니다,たなかさんを たずねました,たなかさんをたずねました,,다나카 씨를 방문했습니다,sentence,0,,,new,1,verified,"sentence 항목: 원본 보존, 앱 기본 목록 제외"
pass_n4_p019_o0336,pass_n4,일단합격JLPT완벽대비N4-단어장.pdf,pass,N4,19,336,,유의어,,≒ たなかさんの いえに 行きました,たなかさんのいえにいきました,다나카 씨 집에 갔습니다,≒ たなかさんの いえに 行きました,たなかさんのいえにいきました,,다나카 씨 집에 갔습니다,sentence,0,,,new,1,verified,"sentence 항목: 원본 보존, 앱 기본 목록 제외"
pass_n4_p020_o0337,pass_n4,일단합격JLPT완벽대비N4-단어장.pdf,pass,N4,20,337,,유의어,,チェックして ください,チェックしてください,체크해 주세요,チェックして ください,チェックしてください,,체크해 주세요,sentence,0,,,new,1,verified,"sentence 항목: 원본 보존, 앱 기본 목록 제외"
pass_n4_p020_o0338,pass_n4,일단합격JLPT완벽대비N4-단어장.pdf,pass,N4,20,338,,유의어,,≒ しらべて ください,しらべてください,확인해 주세요,≒ しらべて ください,しらべてください,,확인해 주세요,sentence,0,,,new,1,verified,"sentence 항목: 원본 보존, 앱 기본 목록 제외"
pass_n4_p020_o0339,pass_n4,일단합격JLPT완벽대비N4-단어장.pdf,pass,N4,20,339,,유의어,,てが よごれて います,てがよごれています,손이 더러워져 있습니다,てが よごれて います,てがよごれています,,손이 더러워져 있습니다,sentence,0,,,new,1,verified,"sentence 항목: 원본 보존, 앱 기본 목록 제외"
pass_n4_p020_o0340,pass_n4,일단합격JLPT완벽대비N4-단어장.pdf,pass,N4,20,340,,유의어,,≒ てが きたないです,てがきたないです,손이 지저분합니다,≒ てが きたないです,てがきたないです,,손이 지저분합니다,sentence,0,,,new,1,verified,"sentence 항목: 원본 보존, 앱 기본 목록 제외"
pass_n4_p020_o0341,pass_n4,일단합격JLPT완벽대비N4-단어장.pdf,pass,N4,20,341,,유의어,,電車の中は こんで います,でんしゃのなかはこんでいます,전철 안은 붐빕니다,電車の中は こんで います,でんしゃのなかはこんでいます,,전철 안은 붐빕니다,sentence,0,,,new,1,verified,"sentence 항목: 원본 보존, 앱 기본 목록 제외"
pass_n4_p020_o0342,pass_n4,일단합격JLPT완벽대비N4-단어장.pdf,pass,N4,20,342,,유의어,,≒ 電車の中には 人が たくさん います,でんしゃのなかにはひとがたくさんいます,전철 안에는 사람이 많이 있습니다,≒ 電車の中には 人が たくさん います,でんしゃのなかにはひとがたくさんいます,,전철 안에는 사람이 많이 있습니다,sentence,0,,,new,1,verified,"sentence 항목: 원본 보존, 앱 기본 목록 제외"
pass_n4_p020_o0343,pass_n4,일단합격JLPT완벽대비N4-단어장.pdf,pass,N4,20,343,,유의어,,どうぶつを いじめては いけません,どうぶつをいじめてはいけません,동물을 괴롭혀서는 안 됩니다,どうぶつを いじめては いけません,どうぶつをいじめてはいけません,,동물을 괴롭혀서는 안 됩니다,sentence,0,,,new,1,verified,"sentence 항목: 원본 보존, 앱 기본 목록 제외"
pass_n4_p020_o0344,pass_n4,일단합격JLPT완벽대비N4-단어장.pdf,pass,N4,20,344,,유의어,,≒ どうぶつを たいせつに して ください,どうぶつをたいせつにしてください,동물을 소중히 해 주세요,≒ どうぶつを たいせつに して ください,どうぶつをたいせつにしてください,,동물을 소중히 해 주세요,sentence,0,,,new,1,verified,"sentence 항목: 원본 보존, 앱 기본 목록 제외"
pass_n4_p020_o0345,pass_n4,일단합격JLPT완벽대비N4-단어장.pdf,pass,N4,20,345,,유의어,,のりものが だいすきです,のりものがだいすきです,탈것을 아주 좋아합니다,のりものが だいすきです,のりものがだいすきです,,탈것을 아주 좋아합니다,sentence,0,,,new,1,verified,"sentence 항목: 원본 보존, 앱 기본 목록 제외"
pass_n4_p020_o0346,pass_n4,일단합격JLPT완벽대비N4-단어장.pdf,pass,N4,20,346,,유의어,,≒ ひこうきや ふねが だいすきです,ひこうきやふねがだいすきです,비행기나 배를 아주 좋아합니다,≒ ひこうきや ふねが だいすきです,ひこうきやふねがだいすきです,,비행기나 배를 아주 좋아합니다,sentence,0,,,new,1,verified,"sentence 항목: 원본 보존, 앱 기본 목록 제외"
pass_n4_p021_o0347,pass_n4,일단합격JLPT완벽대비N4-단어장.pdf,pass,N4,21,347,,유의어,,日が くれました,ひがくれました,해가 졌습니다,日が くれました,ひがくれました,,해가 졌습니다,expression,0,,,new,1,verified,"expression 항목: 원본 보존, 앱 기본 목록 제외"
pass_n4_p021_o0348,pass_n4,일단합격JLPT완벽대비N4-단어장.pdf,pass,N4,21,348,,유의어,,≒ 空が くらく なりました,そらがくらくなりました,하늘이 어두워졌습니다,≒ 空が くらく なりました,そらがくらくなりました,,하늘이 어두워졌습니다,sentence,0,,,new,1,verified,"sentence 항목: 원본 보존, 앱 기본 목록 제외"
pass_n4_p021_o0349,pass_n4,일단합격JLPT완벽대비N4-단어장.pdf,pass,N4,21,349,,유의어,,ひさしぶりに たなかさんに あいました,ひさしぶりにたなかさんにあいました,오랜만에 다나카 씨를 만났습니다,ひさしぶりに たなかさんに あいました,ひさしぶりにたなかさんにあいました,,오랜만에 다나카 씨를 만났습니다,sentence,0,,,new,1,verified,"sentence 항목: 원본 보존, 앱 기본 목록 제외"
pass_n4_p021_o0350,pass_n4,일단합격JLPT완벽대비N4-단어장.pdf,pass,N4,21,350,,유의어,,≒ 長い あいだ たなかさんに あって いませ んでした,ながいあいだたなかさんにあっていませんでした,오랫동안 다나카 씨를 만나지 않았습니다,≒ 長い あいだ たなかさんに あって いませ んでした,ながいあいだたなかさんにあっていませんでした,,오랫동안 다나카 씨를 만나지 않았습니다,sentence,0,,,new,1,verified,"sentence 항목: 원본 보존, 앱 기본 목록 제외"
pass_n4_p021_o0351,pass_n4,일단합격JLPT완벽대비N4-단어장.pdf,pass,N4,21,351,,유의어,,びっくりしました,びっくりしました,깜짝 놀랐습니다,びっくりしました,びっくりしました,,깜짝 놀랐습니다,sentence,0,,,new,1,verified,"sentence 항목: 원본 보존, 앱 기본 목록 제외"
pass_n4_p021_o0352,pass_n4,일단합격JLPT완벽대비N4-단어장.pdf,pass,N4,21,352,,유의어,,≒ おどろきました,おどろきました,놀랐습니다,≒ おどろきました,おどろきました,,놀랐습니다,sentence,0,,,new,1,verified,"sentence 항목: 원본 보존, 앱 기본 목록 제외"
pass_n4_p021_o0353,pass_n4,일단합격JLPT완벽대비N4-단어장.pdf,pass,N4,21,353,,유의어,,びょういんに いきました,びょういんにいきました,병원에 갔습니다,びょういんに いきました,びょういんにいきました,,병원에 갔습니다,sentence,0,,,new,1,verified,"sentence 항목: 원본 보존, 앱 기본 목록 제외"
pass_n4_p021_o0354,pass_n4,일단합격JLPT완벽대비N4-단어장.pdf,pass,N4,21,354,,유의어,,≒ くすりを とりに いきました,くすりをとりにいきました,약을 받으러 갔습니다,≒ くすりを とりに いきました,くすりをとりにいきました,,약을 받으러 갔습니다,sentence,0,,,new,1,verified,"sentence 항목: 원본 보존, 앱 기본 목록 제외"
pass_n4_p021_o0355,pass_n4,일단합격JLPT완벽대비N4-단어장.pdf,pass,N4,21,355,,유의어,,まず この しごとを して ください,まずこのしごとをしてください,우선 이 일을 해 주세요,まず この しごとを して ください,まずこのしごとをしてください,,우선 이 일을 해 주세요,sentence,0,,,new,1,verified,"sentence 항목: 원본 보존, 앱 기본 목록 제외"
pass_n4_p021_o0356,pass_n4,일단합격JLPT완벽대비N4-단어장.pdf,pass,N4,21,356,,유의어,,≒ はじめに この しごとを して ください,はじめにこのしごとをしてください,먼저 이 일을 해 주세요,≒ はじめに この しごとを して ください,はじめにこのしごとをしてください,,먼저 이 일을 해 주세요,sentence,0,,,new,1,verified,"sentence 항목: 원본 보존, 앱 기본 목록 제외"
pass_n4_p022_o0357,pass_n4,일단합격JLPT완벽대비N4-단어장.pdf,pass,N4,22,357,,유의어,,まちがえやすい,まちがえやすい,틀리기 쉽다,まちがえやすい,まちがえやすい,,틀리기 쉽다,word,1,,,new,1,verified,
pass_n4_p022_o0358,pass_n4,일단합격JLPT완벽대비N4-단어장.pdf,pass,N4,22,358,,유의어,,≒ まちがえる 人が 多い,まちがえるひとがおおい,틀리는 사람이 많다,≒ まちがえる 人が 多い,まちがえるひとがおおい,,틀리는 사람이 많다,sentence,0,,,new,1,verified,"sentence 항목: 원본 보존, 앱 기본 목록 제외"
pass_n4_p022_o0359,pass_n4,일단합격JLPT완벽대비N4-단어장.pdf,pass,N4,22,359,,유의어,,むすめの にゅうがくしきが ありました,むすめのにゅうがくしきがありました,딸의 입학식이 있었습니다,むすめの にゅうがくしきが ありました,むすめのにゅうがくしきがありました,,딸의 입학식이 있었습니다,sentence,0,,,new,1,verified,"sentence 항목: 원본 보존, 앱 기본 목록 제외"
pass_n4_p022_o0360,pass_n4,일단합격JLPT완벽대비N4-단어장.pdf,pass,N4,22,360,,유의어,,≒ むすめが 大学生に なりました,むすめがだいがくせいになりました,딸이 대학생이 되었습니다,≒ むすめが 大学生に なりました,むすめがだいがくせいになりました,,딸이 대학생이 되었습니다,sentence,0,,,new,1,verified,"sentence 항목: 원본 보존, 앱 기본 목록 제외"
pass_n4_p022_o0361,pass_n4,일단합격JLPT완벽대비N4-단어장.pdf,pass,N4,22,361,,유의어,,やせましたね,やせましたね,살이 빠졌네요,やせましたね,やせましたね,,살이 빠졌네요,word,1,,,new,1,verified,
pass_n4_p022_o0362,pass_n4,일단합격JLPT완벽대비N4-단어장.pdf,pass,N4,22,362,,유의어,,≒ ほそく なりました,ほそくなりました,야위었네요,≒ ほそく なりました,ほそくなりました,,야위었네요,sentence,0,,,new,1,verified,"sentence 항목: 원본 보존, 앱 기본 목록 제외"
pass_n4_p022_o0363,pass_n4,일단합격JLPT완벽대비N4-단어장.pdf,pass,N4,22,363,,유의어,,やまもとさんの じは こまかいです,やまもとさんのじはこまかいです,야마모토 씨의 글씨는 자잘합니다,やまもとさんの じは こまかいです,やまもとさんのじはこまかいです,,야마모토 씨의 글씨는 자잘합니다,sentence,0,,,new,1,verified,"sentence 항목: 원본 보존, 앱 기본 목록 제외"
pass_n4_p022_o0364,pass_n4,일단합격JLPT완벽대비N4-단어장.pdf,pass,N4,22,364,,유의어,,≒ やまもとさんの じは ちいさいです,やまもとさんのじはちいさいです,야먀모토 씨의 글씨는 작습니다,≒ やまもとさんの じは ちいさいです,やまもとさんのじはちいさいです,,야먀모토 씨의 글씨는 작습니다,sentence,0,,,new,1,verified,"sentence 항목: 원본 보존, 앱 기본 목록 제외"
pass_n4_p022_o0365,pass_n4,일단합격JLPT완벽대비N4-단어장.pdf,pass,N4,22,365,,유의어,,りゅうがくの けいけんが あります,りゅうがくのけいけんがあります,유학 경험이 있습니다,りゅうがくの けいけんが あります,りゅうがくのけいけんがあります,,유학 경험이 있습니다,sentence,0,,,new,1,verified,"sentence 항목: 원본 보존, 앱 기본 목록 제외"
pass_n4_p022_o0366,pass_n4,일단합격JLPT완벽대비N4-단어장.pdf,pass,N4,22,366,,유의어,,≒ りゅうがくを した ことが あります,りゅうがくをしたことがあります,유학을 한 적이 있습니다,≒ りゅうがくを した ことが あります,りゅうがくをしたことがあります,,유학을 한 적이 있습니다,sentence,0,,,new,1,verified,"sentence 항목: 원본 보존, 앱 기본 목록 제외"
pass_n4_p023_o0367,pass_n4,일단합격JLPT완벽대비N4-단어장.pdf,pass,N4,23,367,,유의어,,わたしは かちょうの かわりに かいぎに いき ました,わたしはかちょうのかわりにかいぎにいきました,나는 과장 대신에 회의에 갔습니다,わたしは かちょうの かわりに かいぎに いき ました,わたしはかちょうのかわりにかいぎにいきました,,나는 과장 대신에 회의에 갔습니다,sentence,0,,,new,1,verified,"sentence 항목: 원본 보존, 앱 기본 목록 제외"
pass_n4_p023_o0368,pass_n4,일단합격JLPT완벽대비N4-단어장.pdf,pass,N4,23,368,,유의어,,かちょうは いきませんでした,かちょうはいきませんでした,과장은 가지 않았습니다.,かちょうは いきませんでした,かちょうはいきませんでした,,과장은 가지 않았습니다.,sentence,0,,,new,1,verified,"sentence 항목: 원본 보존, 앱 기본 목록 제외"
pass_n4_p023_o0369,pass_n4,일단합격JLPT완벽대비N4-단어장.pdf,pass,N4,23,369,,유의어,,1ばんの へや、または 2ばんの へや,1ばんのへや、または2ばんのへや,1번 방 또는 2번 방,1ばんの へや、または 2ばんの へや,1ばんのへや、または2ばんのへや,,1번 방 또는 2번 방,expression,0,,,new,1,verified,"expression 항목: 원본 보존, 앱 기본 목록 제외"
pass_n4_p023_o0370,pass_n4,일단합격JLPT완벽대비N4-단어장.pdf,pass,N4,23,370,,유의어,,≒ 1 ばんの へやか 2ばんの へや,1ばんのへやか2ばんのへや,1번 방이나 2번 방,≒ 1 ばんの へやか 2ばんの へや,1ばんのへやか2ばんのへや,,1번 방이나 2번 방,sentence,0,,,new,1,verified,"sentence 항목: 원본 보존, 앱 기본 목록 제외"
pass_n4_p023_o0371,pass_n4,일단합격JLPT완벽대비N4-단어장.pdf,pass,N4,23,371,,유의어,,来るのは むりです,くるのはむりです,오는 것은 무리입니다,来るのは むりです,くるのはむりです,,오는 것은 무리입니다,sentence,0,,,new,1,verified,"sentence 항목: 원본 보존, 앱 기본 목록 제외"
pass_n4_p023_o0372,pass_n4,일단합격JLPT완벽대비N4-단어장.pdf,pass,N4,23,372,,유의어,,≒ 来られません,こられません,올 수 없습니다,≒ 来られません,こられません,,올 수 없습니다,sentence,0,,,new,1,verified,"sentence 항목: 원본 보존, 앱 기본 목록 제외"
pass_n4_p023_o0373,pass_n4,일단합격JLPT완벽대비N4-단어장.pdf,pass,N4,23,373,,유의어,,時間に まにあいませんでした,じかんにまにあいませんでした,시간에 맞추지 못했습니다,時間に まにあいませんでした,じかんにまにあいませんでした,,시간에 맞추지 못했습니다,sentence,0,,,new,1,verified,"sentence 항목: 원본 보존, 앱 기본 목록 제외"
pass_n4_p023_o0374,pass_n4,일단합격JLPT완벽대비N4-단어장.pdf,pass,N4,23,374,,유의어,,≒ 時間に おくれました,じかんにおくれました,시간에 늦었습니다,≒ 時間に おくれました,じかんにおくれました,,시간에 늦었습니다,sentence,0,,,new,1,verified,"sentence 항목: 원본 보존, 앱 기본 목록 제외"
pass_n4_p024_o0375,pass_n4,일단합격JLPT완벽대비N4-단어장.pdf,pass,N4,24,375,,용법,verb,謝る,あやまる,사과하다,謝る,あやまる,,사과하다,word,1,w_40d9c28d25a9a53e,N4,exact,1,verified,
pass_n4_p024_o0376,pass_n4,일단합격JLPT완벽대비N4-단어장.pdf,pass,N4,24,376,,용법,noun,安全,あんぜん,안전함,安全,あんぜん,,안전함,word,1,w_64fa0e7b2bfbed44,N4,exact,1,verified,
pass_n4_p024_o0377,pass_n4,일단합격JLPT완벽대비N4-단어장.pdf,pass,N4,24,377,,용법,noun,いくら,いくら,아무리,いくら,いくら,,아무리,word,1,w_bc6fa5bc224dbef9,N5,exact,1,verified,
pass_n4_p024_o0378,pass_n4,일단합격JLPT완벽대비N4-단어장.pdf,pass,N4,24,378,,용법,noun,意見,いけん,의견,意見,いけん,,의견,word,1,w_33c3af117d5957aa,N4,exact,1,verified,
pass_n4_p024_o0379,pass_n4,일단합격JLPT완벽대비N4-단어장.pdf,pass,N4,24,379,,용법,,いたす,いたす,하다(겸양어),いたす,いたす,,하다(겸양어),word,1,,,new,1,verified,
pass_n4_p024_o0380,pass_n4,일단합격JLPT완벽대비N4-단어장.pdf,pass,N4,24,380,,용법,,いただく,いただく,받다(겸양어),いただく,いただく,,받다(겸양어),word,1,,,surface_only,1,verified,
pass_n4_p024_o0381,pass_n4,일단합격JLPT완벽대비N4-단어장.pdf,pass,N4,24,381,,용법,adjective,うまい,うまい,"(1) 맛있다, (2) 능숙하다",うまい,うまい,,"(1) 맛있다, (2) 능숙하다",word,1,w_98601c5f9fe56540,N4,exact,1,verified,
pass_n4_p024_o0382,pass_n4,일단합격JLPT완벽대비N4-단어장.pdf,pass,N4,24,382,,용법,adjective,多い,おおい,많다,多い,おおい,,많다,word,1,w_f96a8af68031ebbf,N5,exact,1,verified,
pass_n4_p024_o0383,pass_n4,일단합격JLPT완벽대비N4-단어장.pdf,pass,N4,24,383,,용법,expression,おかげさまで,おかげさまで,덕분에,おかげさまで,おかげさまで,,덕분에,word,1,w_6ea8c8dbd447c1ac,N2,exact,1,verified,
pass_n4_p024_o0384,pass_n4,일단합격JLPT완벽대비N4-단어장.pdf,pass,N4,24,384,,용법,,おとなしい,おとなしい,얌전하다,おとなしい,おとなしい,,얌전하다,word,1,,,new,1,verified,
pass_n4_p024_o0385,pass_n4,일단합격JLPT완벽대비N4-단어장.pdf,pass,N4,24,385,,용법,verb,驚く,おどろく,놀라다,驚く,おどろく,,놀라다,word,1,w_37ec28fcb6fd4c6a,N4,exact,1,verified,
pass_n4_p024_o0386,pass_n4,일단합격JLPT완벽대비N4-단어장.pdf,pass,N4,24,386,,용법,noun,お礼,おれい,감사 인사,お礼,おれい,,감사 인사,word,1,w_2951147aa8426cc8,N4,exact,1,verified,
pass_n4_p024_o0387,pass_n4,일단합격JLPT완벽대비N4-단어장.pdf,pass,N4,24,387,,용법,expression,かしこまりました,かしこまりました,알겠습니다,かしこまりました,かしこまりました,,알겠습니다,sentence,0,w_e754bc481c30783c,N2,exact,1,verified,"sentence 항목: 원본 보존, 앱 기본 목록 제외"
pass_n4_p024_o0388,pass_n4,일단합격JLPT완벽대비N4-단어장.pdf,pass,N4,24,388,,용법,verb,片付ける,かたづける,"정리하다, 치우다",片付ける,かたづける,,"정리하다, 치우다",word,1,w_be7191ed46b17acf,N4,exact,1,verified,
pass_n4_p024_o0389,pass_n4,일단합격JLPT완벽대비N4-단어장.pdf,pass,N4,24,389,,용법,,かまいません,かまいません,괜찮습니다,かまいません,かまいません,,괜찮습니다,word,1,,,new,1,verified,
pass_n4_p024_o0390,pass_n4,일단합격JLPT완벽대비N4-단어장.pdf,pass,N4,24,390,,용법,noun,機会,きかい,기회,機会,きかい,,기회,word,1,w_c1320ed4f7e412d5,N4,exact,1,verified,
pass_n4_p024_o0391,pass_n4,일단합격JLPT완벽대비N4-단어장.pdf,pass,N4,24,391,,용법,,きびしい,きびしい,"엄하다, 엄격하다",きびしい,きびしい,,"엄하다, 엄격하다",word,1,,,new,1,verified,
pass_n4_p024_o0392,pass_n4,일단합격JLPT완벽대비N4-단어장.pdf,pass,N4,24,392,,용법,noun,原因,げんいん,원인,原因,げんいん,,원인,word,1,w_ee4275bf54d8cb36,N4,exact,1,verified,
pass_n4_p024_o0393,pass_n4,일단합격JLPT완벽대비N4-단어장.pdf,pass,N4,24,393,,용법,adjective,元気,げんき,건강함,元気,げんき,,건강함,word,1,w_3c23adf18899bec0,N5,exact,1,verified,
pass_n4_p024_o0394,pass_n4,일단합격JLPT완벽대비N4-단어장.pdf,pass,N4,24,394,,용법,,故障,こしょう,고장,故障,こしょう,,고장,word,1,,,surface_only,1,verified,
pass_n4_p024_o0395,pass_n4,일단합격JLPT완벽대비N4-단어장.pdf,pass,N4,24,395,,용법,,さしあげる,さしあげる,드리다(경어),さしあげる,さしあげる,,드리다(경어),word,1,,,new,1,verified,
pass_n4_p024_o0396,pass_n4,일단합격JLPT완벽대비N4-단어장.pdf,pass,N4,24,396,,용법,,さびしい,さびしい,"쓸쓸하다, 외롭다",さびしい,さびしい,,"쓸쓸하다, 외롭다",word,1,,,new,1,verified,
pass_n4_p024_o0397,pass_n4,일단합격JLPT완벽대비N4-단어장.pdf,pass,N4,24,397,,용법,adjective,寒い,さむい,춥다,寒い,さむい,,춥다,word,1,w_8b1142698566e2a1,N5,exact,1,verified,
pass_n4_p024_o0398,pass_n4,일단합격JLPT완벽대비N4-단어장.pdf,pass,N4,24,398,,용법,verb,叱る,しかる,꾸짖다,叱る,しかる,,꾸짖다,word,1,w_56bc469e9f329a49,N4,exact,1,verified,
pass_n4_p024_o0399,pass_n4,일단합격JLPT완벽대비N4-단어장.pdf,pass,N4,24,399,,용법,,支度,したく,"준비, 채비",支度,したく,,"준비, 채비",word,1,,,surface_only,1,verified,
pass_n4_p024_o0400,pass_n4,일단합격JLPT완벽대비N4-단어장.pdf,pass,N4,24,400,,용법,,しっかりしている,しっかりしている,"착실하다, 다부지다",しっかりしている,しっかりしている,,"착실하다, 다부지다",word,1,,,new,1,verified,
pass_n4_p024_o0401,pass_n4,일단합격JLPT완벽대비N4-단어장.pdf,pass,N4,24,401,,용법,verb,閉める,しめる,(문 따위를) 닫다,閉める,しめる,,(문 따위를) 닫다,word,1,w_eff8aedd9cddd1a9,N5,exact,0,verified,문자 좌표 검증 완료; 선형 텍스트 레이어 순서 불일치
pass_n4_p025_o0402,pass_n4,일단합격JLPT완벽대비N4-단어장.pdf,pass,N4,25,402,,용법,,準備,じゅんび,준비,準備,じゅんび,,준비,word,1,,,surface_only,1,verified,
pass_n4_p025_o0403,pass_n4,일단합격JLPT완벽대비N4-단어장.pdf,pass,N4,25,403,,용법,verb,捨てる,すてる,버리다,捨てる,すてる,,버리다,word,1,w_b6b49f13cc187ba2,N4,exact,1,verified,
pass_n4_p025_o0404,pass_n4,일단합격JLPT완벽대비N4-단어장.pdf,pass,N4,25,404,,용법,,洗濯,せんたく,세탁,洗濯,せんたく,,세탁,word,1,,,new,1,verified,
pass_n4_p025_o0405,pass_n4,일단합격JLPT완벽대비N4-단어장.pdf,pass,N4,25,405,,용법,,相談,そうだん,상담,相談,そうだん,,상담,word,1,,,surface_only,1,verified,
pass_n4_p025_o0406,pass_n4,일단합격JLPT완벽대비N4-단어장.pdf,pass,N4,25,406,,용법,verb,育てる,そだてる,"기르다, 키우다",育てる,そだてる,,"기르다, 키우다",word,1,w_ffe81a0eaf637bf5,N4,exact,1,verified,
pass_n4_p025_o0407,pass_n4,일단합격JLPT완벽대비N4-단어장.pdf,pass,N4,25,407,,용법,adjective,大抵,たいてい,대체로,大抵,たいてい,,대체로,word,1,w_ff87bb6908adb37e,N4,exact,1,verified,
pass_n4_p025_o0408,pass_n4,일단합격JLPT완벽대비N4-단어장.pdf,pass,N4,25,408,,용법,adjective,だめ,だめ,"안 됨, 불가능함",だめ,だめ,,"안 됨, 불가능함",word,1,w_ae771b4fd6bc8a90,N4,exact,1,verified,
pass_n4_p025_o0409,pass_n4,일단합격JLPT완벽대비N4-단어장.pdf,pass,N4,25,409,,용법,noun,中止,ちゅうし,중지,中止,ちゅうし,,중지,word,1,w_adf05961a7b52f7e,N3,exact,1,verified,
pass_n4_p025_o0410,pass_n4,일단합격JLPT완벽대비N4-단어장.pdf,pass,N4,25,410,,용법,verb,伝える,つたえる,"전하다, 전달하다",伝える,つたえる,,"전하다, 전달하다",word,1,w_cdd7a87cb431f2fe,N4,exact,1,verified,
pass_n4_p025_o0411,pass_n4,일단합격JLPT완벽대비N4-단어장.pdf,pass,N4,25,411,,용법,adjective,適当,てきとう,적당함,適当,てきとう,,적당함,word,1,w_adae290052f83c94,N4,exact,1,verified,
pass_n4_p025_o0412,pass_n4,일단합격JLPT완벽대비N4-단어장.pdf,pass,N4,25,412,,용법,adverb,とうとう,とうとう,"드디어, 마침내",とうとう,とうとう,,"드디어, 마침내",word,1,w_2e1101ee126c77c4,N4,exact,1,verified,
pass_n4_p025_o0413,pass_n4,일단합격JLPT완벽대비N4-단어장.pdf,pass,N4,25,413,,용법,noun,途中,とちゅう,도중,途中,とちゅう,,도중,word,1,w_c98f9a3b466c128c,N4,exact,1,verified,
pass_n4_p025_o0414,pass_n4,일단합격JLPT완벽대비N4-단어장.pdf,pass,N4,25,414,,용법,adverb,どんどん,どんどん,쑥쑥,どんどん,どんどん,,쑥쑥,word,1,w_e4bb87bdfaec5058,N4,exact,1,verified,
pass_n4_p025_o0415,pass_n4,일단합격JLPT완벽대비N4-단어장.pdf,pass,N4,25,415,,용법,,似合う,にあう,어울리다,似合う,にあう,,어울리다,word,1,,,new,1,verified,
pass_n4_p025_o0416,pass_n4,일단합격JLPT완벽대비N4-단어장.pdf,pass,N4,25,416,,용법,noun,熱,ねつ,열,熱,ねつ,,열,word,1,w_ec76d4bc377ba475,N4,exact,1,verified,
pass_n4_p025_o0417,pass_n4,일단합격JLPT완벽대비N4-단어장.pdf,pass,N4,25,417,,용법,adjective,熱心,ねっしん,열심임,熱心,ねっしん,,열심임,word,1,w_7ae36e87130d5564,N4,exact,1,verified,
pass_n4_p025_o0418,pass_n4,일단합격JLPT완벽대비N4-단어장.pdf,pass,N4,25,418,,용법,adjective,恥ずかしい,はずかしい,부끄럽다,恥ずかしい,はずかしい,,부끄럽다,word,1,w_73ffa785cc5313e0,N4,exact,1,verified,
pass_n4_p025_o0419,pass_n4,일단합격JLPT완벽대비N4-단어장.pdf,pass,N4,25,419,,용법,noun,プレゼント,プレゼント,선물,プレゼント,プレゼント,,선물,word,1,w_9e9c55cf8360497d,N4,exact,1,verified,
pass_n4_p025_o0420,pass_n4,일단합격JLPT완벽대비N4-단어장.pdf,pass,N4,25,420,,용법,noun,返事,へんじ,대답,返事,へんじ,,대답,word,1,w_b0070e2fe6264f10,N4,exact,1,verified,
pass_n4_p025_o0421,pass_n4,일단합격JLPT완벽대비N4-단어장.pdf,pass,N4,25,421,,용법,adjective,真面目,まじめ,"진지함, 성실함",真面目,まじめ,,"진지함, 성실함",word,1,w_5c1d499778fd1d88,N4,exact,1,verified,
pass_n4_p025_o0422,pass_n4,일단합격JLPT완벽대비N4-단어장.pdf,pass,N4,25,422,,용법,verb,迎える,むかえる,맞이하다,迎える,むかえる,,맞이하다,word,1,w_58a241bceadea657,N4,exact,1,verified,
pass_n4_p025_o0423,pass_n4,일단합격JLPT완벽대비N4-단어장.pdf,pass,N4,25,423,,용법,,ゆっくりと,ゆっくりと,천천히,ゆっくりと,ゆっくりと,,천천히,word,1,,,new,1,verified,
pass_n4_p025_o0424,pass_n4,일단합격JLPT완벽대비N4-단어장.pdf,pass,N4,25,424,,용법,noun,予約,よやく,예약,予約,よやく,,예약,word,1,w_b8e95fc32384cfa5,N4,exact,1,verified,
pass_n4_p025_o0425,pass_n4,일단합격JLPT완벽대비N4-단어장.pdf,pass,N4,25,425,,용법,verb,喜ぶ,よろこぶ,기뻐하다,喜ぶ,よろこぶ,,기뻐하다,word,1,w_ef8cc6c70940c388,N4,exact,1,verified,
pass_n4_p025_o0426,pass_n4,일단합격JLPT완벽대비N4-단어장.pdf,pass,N4,25,426,,용법,verb,沸かす,わかす,(물을) 끓이다,沸かす,わかす,,(물을) 끓이다,word,1,w_5bb49af1721b9bf7,N4,exact,1,verified,
pass_n5_p004_o0001,pass_n5,일단합격JLPT완벽대비N5-단어장.pdf,pass,N5,4,1,,한자 읽기,verb,会う,あう,만나다,会う,あう,,만나다,word,1,w_fb0af263d0cf8d1e,N5,exact,1,verified,
pass_n5_p004_o0002,pass_n5,일단합격JLPT완벽대비N5-단어장.pdf,pass,N5,4,2,,한자 읽기,adjective,赤い,あかい,"빨갛다, 붉다",赤い,あかい,,"빨갛다, 붉다",word,1,w_deb26b8df714b0cb,N5,exact,1,verified,
pass_n5_p004_o0003,pass_n5,일단합격JLPT완벽대비N5-단어장.pdf,pass,N5,4,3,,한자 읽기,noun,朝,あさ,아침,朝,あさ,,아침,word,1,w_3a519ce249e48d40,N5,exact,1,verified,
pass_n5_p004_o0004,pass_n5,일단합격JLPT완벽대비N5-단어장.pdf,pass,N5,4,4,,한자 읽기,noun,後,あと,"뒤, 나중",後,あと,,"뒤, 나중",word,1,w_d5f25dace331d783,N5,exact,1,verified,
pass_n5_p004_o0005,pass_n5,일단합격JLPT완벽대비N5-단어장.pdf,pass,N5,4,5,,한자 읽기,noun,雨,あめ,비,雨,あめ,,비,word,1,w_48fbd408a115f905,N5,exact,1,verified,
pass_n5_p004_o0006,pass_n5,일단합격JLPT완벽대비N5-단어장.pdf,pass,N5,4,6,,한자 읽기,verb,言う,いう,말하다,言う,いう,,말하다,word,1,w_024f604ff23bfcfe,N5,exact,1,verified,
pass_n5_p004_o0007,pass_n5,일단합격JLPT완벽대비N5-단어장.pdf,pass,N5,4,7,,한자 읽기,,入り口,いりぐち,입구,入り口,いりぐち,,입구,word,1,,,new,1,verified,
pass_n5_p004_o0008,pass_n5,일단합격JLPT완벽대비N5-단어장.pdf,pass,N5,4,8,,한자 읽기,noun,上,うえ,위,上,うえ,,위,word,1,w_f9afbe72e023b2b4,N5,exact,1,verified,
pass_n5_p004_o0009,pass_n5,일단합격JLPT완벽대비N5-단어장.pdf,pass,N5,4,9,,한자 읽기,verb,生まれる,うまれる,태어나다,生まれる,うまれる,,태어나다,word,1,w_9f48fc575582aa14,N5,exact,1,verified,
pass_n5_p004_o0010,pass_n5,일단합격JLPT완벽대비N5-단어장.pdf,pass,N5,4,10,,한자 읽기,noun,駅,えき,역,駅,えき,,역,word,1,w_1a590a2722d8602f,N5,exact,1,verified,
pass_n5_p004_o0011,pass_n5,일단합격JLPT완벽대비N5-단어장.pdf,pass,N5,4,11,,한자 읽기,adjective,大きい,おおきい,크다,大きい,おおきい,,크다,word,1,w_75de41fe96c1c937,N5,exact,1,verified,
pass_n5_p004_o0012,pass_n5,일단합격JLPT완벽대비N5-단어장.pdf,pass,N5,4,12,,한자 읽기,noun,お金,おかね,돈,お金,おかね,,돈,word,1,w_3b0299bf8a99dffb,N5,exact,1,verified,
pass_n5_p004_o0013,pass_n5,일단합격JLPT완벽대비N5-단어장.pdf,pass,N5,4,13,,한자 읽기,noun,男の子,おとこのこ,남자아이,男の子,おとこのこ,,남자아이,word,1,w_e00ba9d4a48f9387,N5,exact,1,verified,
pass_n5_p004_o0014,pass_n5,일단합격JLPT완벽대비N5-단어장.pdf,pass,N5,4,14,,한자 읽기,noun,女の子,おんなのこ,여자아이,女の子,おんなのこ,,여자아이,word,1,w_5c9c502d15788681,N5,exact,1,verified,
pass_n5_p004_o0015,pass_n5,일단합격JLPT완벽대비N5-단어장.pdf,pass,N5,4,15,,한자 읽기,noun,外国,がいこく,외국,外国,がいこく,,외국,word,1,w_30e056cdd59a9a19,N5,exact,1,verified,
pass_n5_p004_o0016,pass_n5,일단합격JLPT완벽대비N5-단어장.pdf,pass,N5,4,16,,한자 읽기,verb,買う,かう,사다,買う,かう,,사다,word,1,w_7b4426d6f2756a8c,N5,exact,1,verified,
pass_n5_p004_o0017,pass_n5,일단합격JLPT완벽대비N5-단어장.pdf,pass,N5,4,17,,한자 읽기,noun,学校,がっこう,학교,学校,がっこう,,학교,word,1,w_9d121ba8f42b39e0,N5,exact,0,verified,문자 좌표 검증 완료; 선형 텍스트 레이어 순서 불일치
pass_n5_p004_o0018,pass_n5,일단합격JLPT완벽대비N5-단어장.pdf,pass,N5,4,18,,한자 읽기,,火よう日,かようび,화요일,火よう日,かようび,,화요일,word,1,,,new,0,verified,문자 좌표 검증 완료; 선형 텍스트 레이어 순서 불일치
pass_n5_p004_o0019,pass_n5,일단합격JLPT완벽대비N5-단어장.pdf,pass,N5,4,19,,한자 읽기,noun,川,かわ,강,川,かわ,,강,word,1,w_831749e2e88001b5,N5,exact,1,verified,
pass_n5_p004_o0020,pass_n5,일단합격JLPT완벽대비N5-단어장.pdf,pass,N5,4,20,,한자 읽기,noun,木,き,나무,木,き,,나무,word,1,w_daafdc534a7fe6b3,N5,exact,1,verified,
pass_n5_p004_o0021,pass_n5,일단합격JLPT완벽대비N5-단어장.pdf,pass,N5,4,21,,한자 읽기,verb,聞く,きく,듣다,聞く,きく,,듣다,word,1,w_b442f4a9a3cb4a2a,N5,exact,0,verified,문자 좌표 검증 완료; 선형 텍스트 레이어 순서 불일치
pass_n5_p004_o0022,pass_n5,일단합격JLPT완벽대비N5-단어장.pdf,pass,N5,4,22,,한자 읽기,noun,北,きた,북(쪽),北,きた,,북(쪽),word,1,w_17d4fa494e1bff96,N5,exact,1,verified,
pass_n5_p004_o0023,pass_n5,일단합격JLPT완벽대비N5-단어장.pdf,pass,N5,4,23,,한자 읽기,noun,銀行,ぎんこう,은행,銀行,ぎんこう,,은행,word,1,w_391386c4147ce4af,N5,exact,0,verified,문자 좌표 검증 완료; 선형 텍스트 레이어 순서 불일치
pass_n5_p004_o0024,pass_n5,일단합격JLPT완벽대비N5-단어장.pdf,pass,N5,4,24,,한자 읽기,,金よう日,きんようび,금요일,金よう日,きんようび,,금요일,word,1,,,new,0,verified,문자 좌표 검증 완료; 선형 텍스트 레이어 순서 불일치
pass_n5_p004_o0025,pass_n5,일단합격JLPT완벽대비N5-단어장.pdf,pass,N5,4,25,,한자 읽기,noun,国,くに,나라,国,くに,,나라,word,1,w_9532b412fe913961,N5,exact,1,verified,
pass_n5_p004_o0026,pass_n5,일단합격JLPT완벽대비N5-단어장.pdf,pass,N5,4,26,,한자 읽기,noun,車,くるま,자동차,車,くるま,,자동차,word,1,w_a9a5a7b5fbe0a750,N5,exact,1,verified,
pass_n5_p004_o0027,pass_n5,일단합격JLPT완벽대비N5-단어장.pdf,pass,N5,4,27,,한자 읽기,noun,午後,ごご,오후,午後,ごご,,오후,word,1,w_f86289ed7ace7a3c,N5,exact,0,verified,문자 좌표 검증 완료; 선형 텍스트 레이어 순서 불일치
pass_n5_p004_o0028,pass_n5,일단합격JLPT완벽대비N5-단어장.pdf,pass,N5,4,28,,한자 읽기,noun,今月,こんげつ,이번 달,今月,こんげつ,,이번 달,word,1,w_a2b086e8e8b12875,N5,exact,0,verified,문자 좌표 검증 완료; 선형 텍스트 레이어 순서 불일치
pass_n5_p004_o0029,pass_n5,일단합격JLPT완벽대비N5-단어장.pdf,pass,N5,4,29,,한자 읽기,noun,魚,さかな,"생선, 물고기",魚,さかな,,"생선, 물고기",word,1,w_0e66d1e196b285b8,N5,exact,1,verified,
pass_n5_p004_o0030,pass_n5,일단합격JLPT완벽대비N5-단어장.pdf,pass,N5,4,30,,한자 읽기,,四月,しがつ,4월,四月,しがつ,,4월,word,1,,,new,0,verified,문자 좌표 검증 완료; 선형 텍스트 레이어 순서 불일치
pass_n5_p005_o0031,pass_n5,일단합격JLPT완벽대비N5-단어장.pdf,pass,N5,5,31,,한자 읽기,noun,下,した,"아래, 밑",下,した,,"아래, 밑",word,1,w_d022b0a932b792f3,N5,exact,1,verified,
pass_n5_p005_o0032,pass_n5,일단합격JLPT완벽대비N5-단어장.pdf,pass,N5,5,32,,한자 읽기,,七月,しちがつ,7월,七月,しちがつ,,7월,word,1,,,new,1,verified,
pass_n5_p005_o0033,pass_n5,일단합격JLPT완벽대비N5-단어장.pdf,pass,N5,5,33,,한자 읽기,,七時,しちじ,7시,七時,しちじ,,7시,word,1,,,new,1,verified,
pass_n5_p005_o0034,pass_n5,일단합격JLPT완벽대비N5-단어장.pdf,pass,N5,5,34,,한자 읽기,adjective,白い,しろい,"희다, 하얗다",白い,しろい,,"희다, 하얗다",word,1,w_ba0db148a8c0979d,N5,exact,1,verified,
pass_n5_p005_o0035,pass_n5,일단합격JLPT완벽대비N5-단어장.pdf,pass,N5,5,35,,한자 읽기,,千円,せんえん,1000엔,千円,せんえん,,1000엔,word,1,,,new,1,verified,
pass_n5_p005_o0036,pass_n5,일단합격JLPT완벽대비N5-단어장.pdf,pass,N5,5,36,,한자 읽기,noun,先生,せんせい,선생님,先生,せんせい,,선생님,word,1,w_9e78a27c5f2d6452,N5,exact,1,verified,
pass_n5_p005_o0037,pass_n5,일단합격JLPT완벽대비N5-단어장.pdf,pass,N5,5,37,,한자 읽기,noun,外,そと,밖,外,そと,,밖,word,1,w_7a18f1c9b04f4038,N5,exact,1,verified,
pass_n5_p005_o0038,pass_n5,일단합격JLPT완벽대비N5-단어장.pdf,pass,N5,5,38,,한자 읽기,,空,そら,하늘,空,そら,,하늘,word,1,,,surface_only,1,verified,
pass_n5_p005_o0039,pass_n5,일단합격JLPT완벽대비N5-단어장.pdf,pass,N5,5,39,,한자 읽기,noun,大学,だいがく,대학,大学,だいがく,,대학,word,1,w_4fcfaee1f33cf379,N5,exact,1,verified,
pass_n5_p005_o0040,pass_n5,일단합격JLPT완벽대비N5-단어장.pdf,pass,N5,5,40,,한자 읽기,adjective,高い,たかい,"비싸다, 높다, (키가) 크다",高い,たかい,,"비싸다, 높다, (키가) 크다",word,1,w_200668ec7c5383e0,N5,exact,1,verified,
pass_n5_p005_o0041,pass_n5,일단합격JLPT완벽대비N5-단어장.pdf,pass,N5,5,41,,한자 읽기,,出す,だす,"내다, 제출하다",出す,だす,,"내다, 제출하다",word,1,,,new,1,verified,
pass_n5_p005_o0042,pass_n5,일단합격JLPT완벽대비N5-단어장.pdf,pass,N5,5,42,,한자 읽기,verb,食べる,たべる,먹다,食べる,たべる,,먹다,word,1,w_76b303b969721768,N5,exact,1,verified,
pass_n5_p005_o0043,pass_n5,일단합격JLPT완벽대비N5-단어장.pdf,pass,N5,5,43,,한자 읽기,,小さい,ちいさい,(크기가) 작다,小さい,ちいさい,,(크기가) 작다,word,1,,,new,1,verified,
pass_n5_p005_o0044,pass_n5,일단합격JLPT완벽대비N5-단어장.pdf,pass,N5,5,44,,한자 읽기,noun,父,ちち,"아빠, 아버지",父,ちち,,"아빠, 아버지",word,1,w_7e57ca01996ff75a,N5,exact,1,verified,
pass_n5_p005_o0045,pass_n5,일단합격JLPT완벽대비N5-단어장.pdf,pass,N5,5,45,,한자 읽기,noun,手,て,손,手,て,,손,word,1,w_e96a3954d2c03ee7,N5,exact,1,verified,
pass_n5_p005_o0046,pass_n5,일단합격JLPT완벽대비N5-단어장.pdf,pass,N5,5,46,,한자 읽기,,手紙,てがみ,편지,手紙,てがみ,,편지,word,1,,,new,1,verified,
pass_n5_p005_o0047,pass_n5,일단합격JLPT완벽대비N5-단어장.pdf,pass,N5,5,47,,한자 읽기,verb,出る,でる,나가(오)다,出る,でる,,나가(오)다,word,1,w_52ca205b3d7f3971,N5,exact,1,verified,
pass_n5_p005_o0048,pass_n5,일단합격JLPT완벽대비N5-단어장.pdf,pass,N5,5,48,,한자 읽기,,天気,てんき,날씨,天気,てんき,,날씨,word,1,,,new,1,verified,
pass_n5_p005_o0049,pass_n5,일단합격JLPT완벽대비N5-단어장.pdf,pass,N5,5,49,,한자 읽기,,電気,でんき,전기,電気,でんき,,전기,word,1,,,new,1,verified,
pass_n5_p005_o0050,pass_n5,일단합격JLPT완벽대비N5-단어장.pdf,pass,N5,5,50,,한자 읽기,noun,電話,でんわ,전화,電話,でんわ,,전화,word,1,w_1b9d8a75f2b91a55,N5,exact,1,verified,
pass_n5_p005_o0051,pass_n5,일단합격JLPT완벽대비N5-단어장.pdf,pass,N5,5,51,,한자 읽기,,十日,とおか,10일,十日,とおか,,10일,word,1,,,new,1,verified,
pass_n5_p005_o0052,pass_n5,일단합격JLPT완벽대비N5-단어장.pdf,pass,N5,5,52,,한자 읽기,,友だち,ともだち,친구,友だち,ともだち,,친구,word,1,,,new,1,verified,
pass_n5_p005_o0053,pass_n5,일단합격JLPT완벽대비N5-단어장.pdf,pass,N5,5,53,,한자 읽기,,土よう日,どようび,토요일,土よう日,どようび,,토요일,word,1,,,new,1,verified,
pass_n5_p005_o0054,pass_n5,일단합격JLPT완벽대비N5-단어장.pdf,pass,N5,5,54,,한자 읽기,noun,中,なか,"안, 속",中,なか,,"안, 속",word,1,w_c8cb9889616e2de7,N5,exact,1,verified,
pass_n5_p005_o0055,pass_n5,일단합격JLPT완벽대비N5-단어장.pdf,pass,N5,5,55,,한자 읽기,adjective,長い,ながい,길다,長い,ながい,,길다,word,1,w_91f2a9ba28fab496,N5,exact,1,verified,
pass_n5_p005_o0056,pass_n5,일단합격JLPT완벽대비N5-단어장.pdf,pass,N5,5,56,,한자 읽기,,何人,なんにん,몇 명,何人,なんにん,,몇 명,word,1,,,new,1,verified,
pass_n5_p005_o0057,pass_n5,일단합격JLPT완벽대비N5-단어장.pdf,pass,N5,5,57,,한자 읽기,,西,にし,서(쪽),西,にし,,서(쪽),word,1,,,new,1,verified,
pass_n5_p005_o0058,pass_n5,일단합격JLPT완벽대비N5-단어장.pdf,pass,N5,5,58,,한자 읽기,verb,飲む,のむ,"마시다, 삼키다",飲む,のむ,,"마시다, 삼키다",word,1,w_633b31657d51ba57,N5,exact,1,verified,
pass_n5_p005_o0059,pass_n5,일단합격JLPT완벽대비N5-단어장.pdf,pass,N5,5,59,,한자 읽기,,入る,はいる,들어가(오)다,入る,はいる,,들어가(오)다,word,1,,,new,1,verified,
pass_n5_p005_o0060,pass_n5,일단합격JLPT완벽대비N5-단어장.pdf,pass,N5,5,60,,한자 읽기,noun,花,はな,꽃,花,はな,,꽃,word,1,w_3c328157edaee908,N5,exact,1,verified,
pass_n5_p005_o0061,pass_n5,일단합격JLPT완벽대비N5-단어장.pdf,pass,N5,5,61,,한자 읽기,,母,はは,엄마,母,はは,,엄마,word,1,,,new,1,verified,
pass_n5_p005_o0062,pass_n5,일단합격JLPT완벽대비N5-단어장.pdf,pass,N5,5,62,,한자 읽기,,半分,はんぶん,"반, 절반",半分,はんぶん,,"반, 절반",word,1,,,new,1,verified,
pass_n5_p006_o0063,pass_n5,일단합격JLPT완벽대비N5-단어장.pdf,pass,N5,6,63,,한자 읽기,,左,ひだり,왼쪽,左,ひだり,,왼쪽,word,1,,,new,1,verified,
pass_n5_p006_o0064,pass_n5,일단합격JLPT완벽대비N5-단어장.pdf,pass,N5,6,64,,한자 읽기,noun,人,ひと,사람,人,ひと,,사람,word,1,w_3e09ba747176f551,N5,exact,1,verified,
pass_n5_p006_o0065,pass_n5,일단합격JLPT완벽대비N5-단어장.pdf,pass,N5,6,65,,한자 읽기,adjective,古い,ふるい,"오래되다, 낡다",古い,ふるい,,"오래되다, 낡다",word,1,w_29fb9b445ee25371,N5,exact,1,verified,
pass_n5_p006_o0066,pass_n5,일단합격JLPT완벽대비N5-단어장.pdf,pass,N5,6,66,,한자 읽기,noun,本,ほん,책,本,ほん,,책,word,1,w_af5024e6326a3ea3,N5,exact,1,verified,
pass_n5_p006_o0067,pass_n5,일단합격JLPT완벽대비N5-단어장.pdf,pass,N5,6,67,,한자 읽기,,毎日,まいにち,매일,毎日,まいにち,,매일,word,1,,,new,1,verified,
pass_n5_p006_o0068,pass_n5,일단합격JLPT완벽대비N5-단어장.pdf,pass,N5,6,68,,한자 읽기,noun,前,まえ,앞,前,まえ,,앞,word,1,w_9f96114d9d8442ca,N5,exact,1,verified,
pass_n5_p006_o0069,pass_n5,일단합격JLPT완벽대비N5-단어장.pdf,pass,N5,6,69,,한자 읽기,,右,みぎ,오른쪽,右,みぎ,,오른쪽,word,1,,,new,1,verified,
pass_n5_p006_o0070,pass_n5,일단합격JLPT완벽대비N5-단어장.pdf,pass,N5,6,70,,한자 읽기,noun,水,みず,물,水,みず,,물,word,1,w_c799737be7ede11f,N5,exact,1,verified,
pass_n5_p006_o0071,pass_n5,일단합격JLPT완벽대비N5-단어장.pdf,pass,N5,6,71,,한자 읽기,noun,店,みせ,가게,店,みせ,,가게,word,1,w_77b718c58af82826,N5,exact,1,verified,
pass_n5_p006_o0072,pass_n5,일단합격JLPT완벽대비N5-단어장.pdf,pass,N5,6,72,,한자 읽기,,見せる,みせる,"보이다, 보여 주다",見せる,みせる,,"보이다, 보여 주다",word,1,,,new,0,verified,문자 좌표 검증 완료; 선형 텍스트 레이어 순서 불일치
pass_n5_p006_o0073,pass_n5,일단합격JLPT완벽대비N5-단어장.pdf,pass,N5,6,73,,한자 읽기,noun,道,みち,길,道,みち,,길,word,1,w_84eb455426c5a140,N5,exact,1,verified,
pass_n5_p006_o0074,pass_n5,일단합격JLPT완벽대비N5-단어장.pdf,pass,N5,6,74,,한자 읽기,,耳,みみ,귀,耳,みみ,,귀,word,1,,,new,1,verified,
pass_n5_p006_o0075,pass_n5,일단합격JLPT완벽대비N5-단어장.pdf,pass,N5,6,75,,한자 읽기,verb,見る,みる,보다,見る,みる,,보다,word,1,w_776f8a3599870bb9,N5,exact,0,verified,문자 좌표 검증 완료; 선형 텍스트 레이어 순서 불일치
pass_n5_p006_o0076,pass_n5,일단합격JLPT완벽대비N5-단어장.pdf,pass,N5,6,76,,한자 읽기,,木よう日,もくようび,목요일,木よう日,もくようび,,목요일,word,1,,,new,0,verified,문자 좌표 검증 완료; 선형 텍스트 레이어 순서 불일치
pass_n5_p006_o0077,pass_n5,일단합격JLPT완벽대비N5-단어장.pdf,pass,N5,6,77,,한자 읽기,adjective,安い,やすい,(값이) 싸다,安い,やすい,,(값이) 싸다,word,1,w_2022b74de4e42770,N5,exact,0,verified,문자 좌표 검증 완료; 선형 텍스트 레이어 순서 불일치
pass_n5_p006_o0078,pass_n5,일단합격JLPT완벽대비N5-단어장.pdf,pass,N5,6,78,,한자 읽기,verb,休む,やすむ,쉬다,休む,やすむ,,쉬다,word,1,w_6eeaf70afe9ab8a4,N5,exact,1,verified,
pass_n5_p006_o0079,pass_n5,일단합격JLPT완벽대비N5-단어장.pdf,pass,N5,6,79,,한자 읽기,,山,やま,산,山,やま,,산,word,1,,,new,1,verified,
pass_n5_p006_o0080,pass_n5,일단합격JLPT완벽대비N5-단어장.pdf,pass,N5,6,80,,한자 읽기,,有名,ゆうめい,유명함,有名,ゆうめい,,유명함,word,1,,,new,1,verified,
pass_n5_p006_o0081,pass_n5,일단합격JLPT완벽대비N5-단어장.pdf,pass,N5,6,81,,한자 읽기,verb,読む,よむ,읽다,読む,よむ,,읽다,word,1,w_ff5831affda4cdb1,N5,exact,1,verified,
pass_n5_p006_o0082,pass_n5,일단합격JLPT완벽대비N5-단어장.pdf,pass,N5,6,82,,한자 읽기,,来週,らいしゅう,다음 주,来週,らいしゅう,,다음 주,word,1,,,new,1,verified,
pass_n5_p006_o0083,pass_n5,일단합격JLPT완벽대비N5-단어장.pdf,pass,N5,6,83,,한자 표기,noun,足,あし,"발, 다리",足,あし,,"발, 다리",word,1,w_ea3d8a4e6ed4bc82,N5,exact,1,verified,
pass_n5_p006_o0084,pass_n5,일단합격JLPT완벽대비N5-단어장.pdf,pass,N5,6,84,,한자 표기,adjective,新しい,あたらしい,새롭다,新しい,あたらしい,,새롭다,word,1,w_4d8d34ddefce90aa,N5,exact,0,verified,문자 좌표 검증 완료; 선형 텍스트 레이어 순서 불일치
pass_n5_p006_o0085,pass_n5,일단합격JLPT완벽대비N5-단어장.pdf,pass,N5,6,85,,한자 표기,noun,雨,あめ,비,雨,あめ,,비,word,1,w_48fbd408a115f905,N5,exact,1,verified,
pass_n5_p006_o0086,pass_n5,일단합격JLPT완벽대비N5-단어장.pdf,pass,N5,6,86,,한자 표기,,行く,いく,가다,行く,いく,,가다,word,1,,,surface_only,0,verified,문자 좌표 검증 완료; 선형 텍스트 레이어 순서 불일치
pass_n5_p006_o0087,pass_n5,일단합격JLPT완벽대비N5-단어장.pdf,pass,N5,6,87,,한자 표기,noun,上,うえ,위,上,うえ,,위,word,1,w_f9afbe72e023b2b4,N5,exact,1,verified,
pass_n5_p006_o0088,pass_n5,일단합격JLPT완벽대비N5-단어장.pdf,pass,N5,6,88,,한자 표기,adjective,多い,おおい,많다,多い,おおい,,많다,word,1,w_f96a8af68031ebbf,N5,exact,0,verified,문자 좌표 검증 완료; 선형 텍스트 레이어 순서 불일치
pass_n5_p006_o0089,pass_n5,일단합격JLPT완벽대비N5-단어장.pdf,pass,N5,6,89,,한자 표기,noun,男,おとこ,남자,男,おとこ,,남자,word,1,w_8cf5b23c8239dd60,N5,exact,1,verified,
pass_n5_p006_o0090,pass_n5,일단합격JLPT완벽대비N5-단어장.pdf,pass,N5,6,90,,한자 표기,noun,会社,かいしゃ,회사,会社,かいしゃ,,회사,word,1,w_e4c1f652ab3bcc9c,N5,exact,0,verified,문자 좌표 검증 완료; 선형 텍스트 레이어 순서 불일치
pass_n5_p006_o0091,pass_n5,일단합격JLPT완벽대비N5-단어장.pdf,pass,N5,6,91,,한자 표기,verb,買う,かう,"사다, 구입하다",買う,かう,,"사다, 구입하다",word,1,w_7b4426d6f2756a8c,N5,exact,0,verified,문자 좌표 검증 완료; 선형 텍스트 레이어 순서 불일치
pass_n5_p006_o0092,pass_n5,일단합격JLPT완벽대비N5-단어장.pdf,pass,N5,6,92,,한자 표기,verb,書く,かく,"쓰다, 적다",書く,かく,,"쓰다, 적다",word,1,w_6181db3864e0eda8,N5,exact,1,verified,
pass_n5_p007_o0093,pass_n5,일단합격JLPT완벽대비N5-단어장.pdf,pass,N5,7,93,,한자 표기,noun,学校,がっこう,학교,学校,がっこう,,학교,word,1,w_9d121ba8f42b39e0,N5,exact,1,verified,
pass_n5_p007_o0094,pass_n5,일단합격JLPT완벽대비N5-단어장.pdf,pass,N5,7,94,,한자 표기,,火よう日,かようび,화요일,火よう日,かようび,,화요일,word,1,,,new,1,verified,
pass_n5_p007_o0095,pass_n5,일단합격JLPT완벽대비N5-단어장.pdf,pass,N5,7,95,,한자 표기,noun,川,かわ,"강, 냇물",川,かわ,,"강, 냇물",word,1,w_831749e2e88001b5,N5,exact,1,verified,
pass_n5_p007_o0096,pass_n5,일단합격JLPT완벽대비N5-단어장.pdf,pass,N5,7,96,,한자 표기,verb,聞く,きく,듣다,聞く,きく,,듣다,word,1,w_b442f4a9a3cb4a2a,N5,exact,1,verified,
pass_n5_p007_o0097,pass_n5,일단합격JLPT완벽대비N5-단어장.pdf,pass,N5,7,97,,한자 표기,verb,来る,くる,오다,来る,くる,,오다,word,1,w_8ca0f1252831d3ea,N5,exact,1,verified,
pass_n5_p007_o0098,pass_n5,일단합격JLPT완벽대비N5-단어장.pdf,pass,N5,7,98,,한자 표기,noun,車,くるま,자동차,車,くるま,,자동차,word,1,w_a9a5a7b5fbe0a750,N5,exact,1,verified,
pass_n5_p007_o0099,pass_n5,일단합격JLPT완벽대비N5-단어장.pdf,pass,N5,7,99,,한자 표기,noun,午後,ごご,오후,午後,ごご,,오후,word,1,w_f86289ed7ace7a3c,N5,exact,1,verified,
pass_n5_p007_o0100,pass_n5,일단합격JLPT완벽대비N5-단어장.pdf,pass,N5,7,100,,한자 표기,,子ども,こども,"아이, 어린이",子ども,こども,,"아이, 어린이",word,1,,,new,1,verified,
pass_n5_p007_o0101,pass_n5,일단합격JLPT완벽대비N5-단어장.pdf,pass,N5,7,101,,한자 표기,noun,今週,こんしゅう,이번 주,今週,こんしゅう,,이번 주,word,1,w_84ccaba446b4803c,N5,exact,1,verified,
pass_n5_p007_o0102,pass_n5,일단합격JLPT완벽대비N5-단어장.pdf,pass,N5,7,102,,한자 표기,noun,時間,じかん,시간,時間,じかん,,시간,word,1,w_78a37817bd6740bc,N5,exact,1,verified,
pass_n5_p007_o0103,pass_n5,일단합격JLPT완벽대비N5-단어장.pdf,pass,N5,7,103,,한자 표기,adjective,高い,たかい,"비싸다, 높다, (키가) 크다",高い,たかい,,"비싸다, 높다, (키가) 크다",word,1,w_200668ec7c5383e0,N5,exact,1,verified,
pass_n5_p007_o0104,pass_n5,일단합격JLPT완벽대비N5-단어장.pdf,pass,N5,7,104,,한자 표기,verb,食べる,たべる,먹다,食べる,たべる,,먹다,word,1,w_76b303b969721768,N5,exact,1,verified,
pass_n5_p007_o0105,pass_n5,일단합격JLPT완벽대비N5-단어장.pdf,pass,N5,7,105,,한자 표기,,小さい,ちいさい,(크기가) 작다,小さい,ちいさい,,(크기가) 작다,word,1,,,new,1,verified,
pass_n5_p007_o0106,pass_n5,일단합격JLPT완벽대비N5-단어장.pdf,pass,N5,7,106,,한자 표기,noun,父,ちち,아버지,父,ちち,,아버지,word,1,w_7e57ca01996ff75a,N5,exact,1,verified,
pass_n5_p007_o0107,pass_n5,일단합격JLPT완벽대비N5-단어장.pdf,pass,N5,7,107,,한자 표기,,天気,てんき,날씨,天気,てんき,,날씨,word,1,,,new,1,verified,
pass_n5_p007_o0108,pass_n5,일단합격JLPT완벽대비N5-단어장.pdf,pass,N5,7,108,,한자 표기,noun,電車,でんしゃ,전철,電車,でんしゃ,,전철,word,1,w_8d9de57898fcd69d,N5,exact,1,verified,
pass_n5_p007_o0109,pass_n5,일단합격JLPT완벽대비N5-단어장.pdf,pass,N5,7,109,,한자 표기,,友だち,ともだち,친구,友だち,ともだち,,친구,word,1,,,new,1,verified,
pass_n5_p007_o0110,pass_n5,일단합격JLPT완벽대비N5-단어장.pdf,pass,N5,7,110,,한자 표기,,土よう日,どようび,토요일,土よう日,どようび,,토요일,word,1,,,new,1,verified,
pass_n5_p007_o0111,pass_n5,일단합격JLPT완벽대비N5-단어장.pdf,pass,N5,7,111,,한자 표기,noun,中,なか,"안, 속",中,なか,,"안, 속",word,1,w_c8cb9889616e2de7,N5,exact,1,verified,
pass_n5_p007_o0112,pass_n5,일단합격JLPT완벽대비N5-단어장.pdf,pass,N5,7,112,,한자 표기,adjective,長い,ながい,길다,長い,ながい,,길다,word,1,w_91f2a9ba28fab496,N5,exact,1,verified,
pass_n5_p007_o0113,pass_n5,일단합격JLPT완벽대비N5-단어장.pdf,pass,N5,7,113,,한자 표기,noun,名前,なまえ,이름,名前,なまえ,,이름,word,1,w_bcedcfcd5e8e22df,N5,exact,1,verified,
pass_n5_p007_o0114,pass_n5,일단합격JLPT완벽대비N5-단어장.pdf,pass,N5,7,114,,한자 표기,,母,はは,엄마,母,はは,,엄마,word,1,,,new,1,verified,
pass_n5_p007_o0115,pass_n5,일단합격JLPT완벽대비N5-단어장.pdf,pass,N5,7,115,,한자 표기,,東,ひがし,동쪽,東,ひがし,,동쪽,word,1,,,new,1,verified,
pass_n5_p007_o0116,pass_n5,일단합격JLPT완벽대비N5-단어장.pdf,pass,N5,7,116,,한자 표기,,左,ひだり,왼쪽,左,ひだり,,왼쪽,word,1,,,new,1,verified,
pass_n5_p007_o0117,pass_n5,일단합격JLPT완벽대비N5-단어장.pdf,pass,N5,7,117,,한자 표기,noun,前,まえ,"앞, 전",前,まえ,,"앞, 전",word,1,w_9f96114d9d8442ca,N5,exact,1,verified,
pass_n5_p007_o0118,pass_n5,일단합격JLPT완벽대비N5-단어장.pdf,pass,N5,7,118,,한자 표기,,右,みぎ,오른쪽,右,みぎ,,오른쪽,word,1,,,new,1,verified,
pass_n5_p007_o0119,pass_n5,일단합격JLPT완벽대비N5-단어장.pdf,pass,N5,7,119,,한자 표기,,南,みなみ,남(쪽),南,みなみ,,남(쪽),word,1,,,new,1,verified,
pass_n5_p007_o0120,pass_n5,일단합격JLPT완벽대비N5-단어장.pdf,pass,N5,7,120,,한자 표기,verb,見る,みる,보다,見る,みる,,보다,word,1,w_776f8a3599870bb9,N5,exact,1,verified,
pass_n5_p007_o0121,pass_n5,일단합격JLPT완벽대비N5-단어장.pdf,pass,N5,7,121,,한자 표기,,六日,むいか,6일,六日,むいか,,6일,word,1,,,new,1,verified,
pass_n5_p007_o0122,pass_n5,일단합격JLPT완벽대비N5-단어장.pdf,pass,N5,7,122,,한자 표기,verb,休む,やすむ,쉬다,休む,やすむ,,쉬다,word,1,w_6eeaf70afe9ab8a4,N5,exact,1,verified,
pass_n5_p007_o0123,pass_n5,일단합격JLPT완벽대비N5-단어장.pdf,pass,N5,7,123,,한자 표기,,山,やま,산,山,やま,,산,word,1,,,new,1,verified,
pass_n5_p007_o0124,pass_n5,일단합격JLPT완벽대비N5-단어장.pdf,pass,N5,7,124,,한자 표기,verb,読む,よむ,읽다,読む,よむ,,읽다,word,1,w_ff5831affda4cdb1,N5,exact,1,verified,
pass_n5_p008_o0125,pass_n5,일단합격JLPT완벽대비N5-단어장.pdf,pass,N5,8,125,,문맥 규정,,あし,あし,"발, 다리",あし,あし,,"발, 다리",word,1,,,new,1,verified,
pass_n5_p008_o0126,pass_n5,일단합격JLPT완벽대비N5-단어장.pdf,pass,N5,8,126,,문맥 규정,,あした,あした,내일,あした,あした,,내일,word,1,,,new,1,verified,
pass_n5_p008_o0127,pass_n5,일단합격JLPT완벽대비N5-단어장.pdf,pass,N5,8,127,,문맥 규정,,あそぶ,あそぶ,놀다,あそぶ,あそぶ,,놀다,word,1,,,new,1,verified,
pass_n5_p008_o0128,pass_n5,일단합격JLPT완벽대비N5-단어장.pdf,pass,N5,8,128,,문맥 규정,,あたたかい,あたたかい,따뜻하다,あたたかい,あたたかい,,따뜻하다,word,1,,,new,1,verified,
pass_n5_p008_o0129,pass_n5,일단합격JLPT완벽대비N5-단어장.pdf,pass,N5,8,129,,문맥 규정,,あたらしい,あたらしい,새롭다,あたらしい,あたらしい,,새롭다,word,1,,,new,1,verified,
pass_n5_p008_o0130,pass_n5,일단합격JLPT완벽대비N5-단어장.pdf,pass,N5,8,130,,문맥 규정,,あに,あに,"오빠, 형",あに,あに,,"오빠, 형",word,1,,,new,1,verified,
pass_n5_p008_o0131,pass_n5,일단합격JLPT완벽대비N5-단어장.pdf,pass,N5,8,131,,문맥 규정,noun,アパート,アパート,아파트,アパート,アパート,,아파트,word,1,w_f2a724a359b23f1d,N5,exact,1,verified,
pass_n5_p008_o0132,pass_n5,일단합격JLPT완벽대비N5-단어장.pdf,pass,N5,8,132,,문맥 규정,,あぶない,あぶない,위험하다,あぶない,あぶない,,위험하다,word,1,,,new,1,verified,
pass_n5_p008_o0133,pass_n5,일단합격JLPT완벽대비N5-단어장.pdf,pass,N5,8,133,,문맥 규정,,あまい,あまい,달다,あまい,あまい,,달다,word,1,,,new,1,verified,
pass_n5_p008_o0134,pass_n5,일단합격JLPT완벽대비N5-단어장.pdf,pass,N5,8,134,,문맥 규정,,あらう,あらう,씻다,あらう,あらう,,씻다,word,1,,,new,1,verified,
pass_n5_p008_o0135,pass_n5,일단합격JLPT완벽대비N5-단어장.pdf,pass,N5,8,135,,문맥 규정,,あるく,あるく,걷다,あるく,あるく,,걷다,word,1,,,new,1,verified,
pass_n5_p008_o0136,pass_n5,일단합격JLPT완벽대비N5-단어장.pdf,pass,N5,8,136,,문맥 규정,noun,いくら,いくら,얼마(값),いくら,いくら,,얼마(값),word,1,w_bc6fa5bc224dbef9,N5,exact,1,verified,
pass_n5_p008_o0137,pass_n5,일단합격JLPT완벽대비N5-단어장.pdf,pass,N5,8,137,,문맥 규정,,いそがしい,いそがしい,바쁘다,いそがしい,いそがしい,,바쁘다,word,1,,,new,1,verified,
pass_n5_p008_o0138,pass_n5,일단합격JLPT완벽대비N5-단어장.pdf,pass,N5,8,138,,문맥 규정,,いたい,いたい,아프다,いたい,いたい,,아프다,word,1,,,new,1,verified,
pass_n5_p008_o0139,pass_n5,일단합격JLPT완벽대비N5-단어장.pdf,pass,N5,8,139,,문맥 규정,,いちだい,いちだい,한 대(자전거),いちだい,いちだい,,한 대(자전거),word,1,,,new,1,verified,
pass_n5_p008_o0140,pass_n5,일단합격JLPT완벽대비N5-단어장.pdf,pass,N5,8,140,,문맥 규정,,いちだい,いちだい,한 대(자전거),いちだい,いちだい,,한 대(자전거),word,1,,,new,1,verified,
pass_n5_p008_o0141,pass_n5,일단합격JLPT완벽대비N5-단어장.pdf,pass,N5,8,141,,문맥 규정,,いちど,いちど,한 번,いちど,いちど,,한 번,word,1,,,new,1,verified,
pass_n5_p008_o0142,pass_n5,일단합격JLPT완벽대비N5-단어장.pdf,pass,N5,8,142,,문맥 규정,,いつつ,いつつ,"다섯, 다섯 개",いつつ,いつつ,,"다섯, 다섯 개",word,1,,,new,1,verified,
pass_n5_p008_o0143,pass_n5,일단합격JLPT완벽대비N5-단어장.pdf,pass,N5,8,143,,문맥 규정,,いぬ,いぬ,개,いぬ,いぬ,,개,word,1,,,new,1,verified,
pass_n5_p008_o0144,pass_n5,일단합격JLPT완벽대비N5-단어장.pdf,pass,N5,8,144,,문맥 규정,,いれる,いれる,넣다,いれる,いれる,,넣다,word,1,,,new,1,verified,
pass_n5_p008_o0145,pass_n5,일단합격JLPT완벽대비N5-단어장.pdf,pass,N5,8,145,,문맥 규정,,いろいろ,いろいろ,여러 가지임,いろいろ,いろいろ,,여러 가지임,word,1,,,new,1,verified,
pass_n5_p008_o0146,pass_n5,일단합격JLPT완벽대비N5-단어장.pdf,pass,N5,8,146,,문맥 규정,,うすい,うすい,얇다,うすい,うすい,,얇다,word,1,,,new,1,verified,
pass_n5_p008_o0147,pass_n5,일단합격JLPT완벽대비N5-단어장.pdf,pass,N5,8,147,,문맥 규정,,うまれる,うまれる,태어나다,うまれる,うまれる,,태어나다,word,1,,,new,1,verified,
pass_n5_p008_o0148,pass_n5,일단합격JLPT완벽대비N5-단어장.pdf,pass,N5,8,148,,문맥 규정,,えらぶ,えらぶ,"고르다, 선택하다",えらぶ,えらぶ,,"고르다, 선택하다",word,1,,,new,1,verified,
pass_n5_p008_o0149,pass_n5,일단합격JLPT완벽대비N5-단어장.pdf,pass,N5,8,149,,문맥 규정,noun,エレベーター,エレベーター,엘리베이터,エレベーター,エレベーター,,엘리베이터,word,1,w_2c647eb6552532c8,N5,exact,1,verified,
pass_n5_p008_o0150,pass_n5,일단합격JLPT완벽대비N5-단어장.pdf,pass,N5,8,150,,문맥 규정,,おいしい,おいしい,맛있다,おいしい,おいしい,,맛있다,word,1,,,new,1,verified,
pass_n5_p008_o0151,pass_n5,일단합격JLPT완벽대비N5-단어장.pdf,pass,N5,8,151,,문맥 규정,,おおぜい,おおぜい,많이,おおぜい,おおぜい,,많이,word,1,,,new,1,verified,
pass_n5_p008_o0152,pass_n5,일단합격JLPT완벽대비N5-단어장.pdf,pass,N5,8,152,,문맥 규정,,おきる,おきる,일어나다,おきる,おきる,,일어나다,word,1,,,new,1,verified,
pass_n5_p008_o0153,pass_n5,일단합격JLPT완벽대비N5-단어장.pdf,pass,N5,8,153,,문맥 규정,,おく,おく,"놓다, 두다",おく,おく,,"놓다, 두다",word,1,,,new,1,verified,
pass_n5_p008_o0154,pass_n5,일단합격JLPT완벽대비N5-단어장.pdf,pass,N5,8,154,,문맥 규정,,おじさん,おじさん,"아저씨, 삼촌",おじさん,おじさん,,"아저씨, 삼촌",word,1,,,new,1,verified,
pass_n5_p008_o0155,pass_n5,일단합격JLPT완벽대비N5-단어장.pdf,pass,N5,8,155,,문맥 규정,,おす,おす,"누르다, 밀다",おす,おす,,"누르다, 밀다",word,1,,,new,1,verified,
pass_n5_p009_o0156,pass_n5,일단합격JLPT완벽대비N5-단어장.pdf,pass,N5,9,156,,문맥 규정,noun,おととし,おととし,재작년,おととし,おととし,,재작년,word,1,w_7c2fb518a9047447,N5,exact,1,verified,
pass_n5_p009_o0157,pass_n5,일단합격JLPT완벽대비N5-단어장.pdf,pass,N5,9,157,,문맥 규정,,おとな,おとな,어른,おとな,おとな,,어른,word,1,,,new,1,verified,
pass_n5_p009_o0158,pass_n5,일단합격JLPT완벽대비N5-단어장.pdf,pass,N5,9,158,,문맥 규정,,おふろにはいる,おふろにはいる,목욕하다,おふろにはいる,おふろにはいる,,목욕하다,word,1,,,new,1,verified,
pass_n5_p009_o0159,pass_n5,일단합격JLPT완벽대비N5-단어장.pdf,pass,N5,9,159,,문맥 규정,,おぼえる,おぼえる,"기억하다, 암기하다",おぼえる,おぼえる,,"기억하다, 암기하다",word,1,,,new,1,verified,
pass_n5_p009_o0160,pass_n5,일단합격JLPT완벽대비N5-단어장.pdf,pass,N5,9,160,,문맥 규정,,おもい,おもい,무겁다,おもい,おもい,,무겁다,word,1,,,new,1,verified,
pass_n5_p009_o0161,pass_n5,일단합격JLPT완벽대비N5-단어장.pdf,pass,N5,9,161,,문맥 규정,,おもしろい,おもしろい,재미있다,おもしろい,おもしろい,,재미있다,word,1,,,new,1,verified,
pass_n5_p009_o0162,pass_n5,일단합격JLPT완벽대비N5-단어장.pdf,pass,N5,9,162,,문맥 규정,,およぐ,およぐ,헤엄치다,およぐ,およぐ,,헤엄치다,word,1,,,new,1,verified,
pass_n5_p009_o0163,pass_n5,일단합격JLPT완벽대비N5-단어장.pdf,pass,N5,9,163,,문맥 규정,,おりる,おりる,내리다,おりる,おりる,,내리다,word,1,,,new,1,verified,
pass_n5_p009_o0164,pass_n5,일단합격JLPT완벽대비N5-단어장.pdf,pass,N5,9,164,,문맥 규정,,かう,かう,"사다, 구입하다",かう,かう,,"사다, 구입하다",word,1,,,new,1,verified,
pass_n5_p009_o0165,pass_n5,일단합격JLPT완벽대비N5-단어장.pdf,pass,N5,9,165,,문맥 규정,,かえす,かえす,되돌려주다,かえす,かえす,,되돌려주다,word,1,,,new,1,verified,
pass_n5_p009_o0166,pass_n5,일단합격JLPT완벽대비N5-단어장.pdf,pass,N5,9,166,,문맥 규정,verb,かかる,かかる,"(시간·비용이) 들다, 걸리다",かかる,かかる,,"(시간·비용이) 들다, 걸리다",word,1,w_3c9e0c4d130ffe55,N5,exact,1,verified,
pass_n5_p009_o0167,pass_n5,일단합격JLPT완벽대비N5-단어장.pdf,pass,N5,9,167,,문맥 규정,,かける,かける,(안경을) 쓰다,かける,かける,,(안경을) 쓰다,word,1,,,new,1,verified,
pass_n5_p009_o0168,pass_n5,일단합격JLPT완벽대비N5-단어장.pdf,pass,N5,9,168,,문맥 규정,,かぜ,かぜ,감기,かぜ,かぜ,,감기,word,1,,,new,1,verified,
pass_n5_p009_o0169,pass_n5,일단합격JLPT완벽대비N5-단어장.pdf,pass,N5,9,169,,문맥 규정,,かぜをひく,かぜをひく,감기에 들다,かぜをひく,かぜをひく,,감기에 들다,word,1,,,new,1,verified,
pass_n5_p009_o0170,pass_n5,일단합격JLPT완벽대비N5-단어장.pdf,pass,N5,9,170,,문맥 규정,,かぞく,かぞく,가족,かぞく,かぞく,,가족,word,1,,,new,1,verified,
pass_n5_p009_o0171,pass_n5,일단합격JLPT완벽대비N5-단어장.pdf,pass,N5,9,171,,문맥 규정,,かど,かど,모퉁이,かど,かど,,모퉁이,word,1,,,new,1,verified,
pass_n5_p009_o0172,pass_n5,일단합격JLPT완벽대비N5-단어장.pdf,pass,N5,9,172,,문맥 규정,verb,かぶる,かぶる,(모자를) 쓰다,かぶる,かぶる,,(모자를) 쓰다,word,1,w_912a89defaf6cfee,N5,exact,1,verified,
pass_n5_p009_o0173,pass_n5,일단합격JLPT완벽대비N5-단어장.pdf,pass,N5,9,173,,문맥 규정,,からい,からい,맵다,からい,からい,,맵다,word,1,,,new,1,verified,
pass_n5_p009_o0174,pass_n5,일단합격JLPT완벽대비N5-단어장.pdf,pass,N5,9,174,,문맥 규정,noun,ギター,ギター,기타(악기),ギター,ギター,,기타(악기),word,1,w_d812138a73807a63,N5,exact,1,verified,
pass_n5_p009_o0175,pass_n5,일단합격JLPT완벽대비N5-단어장.pdf,pass,N5,9,175,,문맥 규정,,きたない,きたない,"더럽다, 지저분하다",きたない,きたない,,"더럽다, 지저분하다",word,1,,,new,1,verified,
pass_n5_p009_o0176,pass_n5,일단합격JLPT완벽대비N5-단어장.pdf,pass,N5,9,176,,문맥 규정,,きって,きって,우표,きって,きって,,우표,word,1,,,new,1,verified,
pass_n5_p009_o0177,pass_n5,일단합격JLPT완벽대비N5-단어장.pdf,pass,N5,9,177,,문맥 규정,,きっぷ,きっぷ,"표, 티켓",きっぷ,きっぷ,,"표, 티켓",word,1,,,new,1,verified,
pass_n5_p009_o0178,pass_n5,일단합격JLPT완벽대비N5-단어장.pdf,pass,N5,9,178,,문맥 규정,,きる,きる,자르다,きる,きる,,자르다,word,1,,,new,1,verified,
pass_n5_p009_o0179,pass_n5,일단합격JLPT완벽대비N5-단어장.pdf,pass,N5,9,179,,문맥 규정,,くらい,くらい,어둡다,くらい,くらい,,어둡다,word,1,,,new,1,verified,
pass_n5_p009_o0180,pass_n5,일단합격JLPT완벽대비N5-단어장.pdf,pass,N5,9,180,,문맥 규정,,きたない,きたない,"더럽다, 지저분하다",きたない,きたない,,"더럽다, 지저분하다",word,1,,,new,1,verified,
pass_n5_p009_o0181,pass_n5,일단합격JLPT완벽대비N5-단어장.pdf,pass,N5,9,181,,문맥 규정,,きって,きって,우표,きって,きって,,우표,word,1,,,new,1,verified,
pass_n5_p009_o0182,pass_n5,일단합격JLPT완벽대비N5-단어장.pdf,pass,N5,9,182,,문맥 규정,,きっぷ,きっぷ,"표, 티켓",きっぷ,きっぷ,,"표, 티켓",word,1,,,new,1,verified,
pass_n5_p009_o0183,pass_n5,일단합격JLPT완벽대비N5-단어장.pdf,pass,N5,9,183,,문맥 규정,,きる,きる,자르다,きる,きる,,자르다,word,1,,,new,1,verified,
pass_n5_p009_o0184,pass_n5,일단합격JLPT완벽대비N5-단어장.pdf,pass,N5,9,184,,문맥 규정,,くらい,くらい,어둡다,くらい,くらい,,어둡다,word,1,,,new,1,verified,
pass_n5_p010_o0185,pass_n5,일단합격JLPT완벽대비N5-단어장.pdf,pass,N5,10,185,,문맥 규정,,けす,けす,(불을) 끄다,けす,けす,,(불을) 끄다,word,1,,,new,1,verified,
pass_n5_p010_o0186,pass_n5,일단합격JLPT완벽대비N5-단어장.pdf,pass,N5,10,186,,문맥 규정,,けっこう,けっこう,"충분함, 이제 됐음",けっこう,けっこう,,"충분함, 이제 됐음",word,1,,,new,1,verified,
pass_n5_p010_o0187,pass_n5,일단합격JLPT완벽대비N5-단어장.pdf,pass,N5,10,187,,문맥 규정,,けっこんする,けっこんする,결혼하다,けっこんする,けっこんする,,결혼하다,word,1,,,new,1,verified,
pass_n5_p010_o0188,pass_n5,일단합격JLPT완벽대비N5-단어장.pdf,pass,N5,10,188,,문맥 규정,,げんき,げんき,건강함,げんき,げんき,,건강함,word,1,,,new,1,verified,
pass_n5_p010_o0189,pass_n5,일단합격JLPT완벽대비N5-단어장.pdf,pass,N5,10,189,,문맥 규정,,こうえん,こうえん,공원,こうえん,こうえん,,공원,word,1,,,new,1,verified,
pass_n5_p010_o0190,pass_n5,일단합격JLPT완벽대비N5-단어장.pdf,pass,N5,10,190,,문맥 규정,,こうちゃ,こうちゃ,홍차,こうちゃ,こうちゃ,,홍차,word,1,,,new,1,verified,
pass_n5_p010_o0191,pass_n5,일단합격JLPT완벽대비N5-단어장.pdf,pass,N5,10,191,,문맥 규정,interjection,ごちそうさま,ごちそうさま,잘 먹었습니다,ごちそうさま,ごちそうさま,,잘 먹었습니다,word,1,w_946af014ad2b6ee1,N2,exact,1,verified,
pass_n5_p010_o0192,pass_n5,일단합격JLPT완벽대비N5-단어장.pdf,pass,N5,10,192,,문맥 규정,pronoun,こちら,こちら,"이쪽, 이 분, 이 사람",こちら,こちら,,"이쪽, 이 분, 이 사람",word,1,w_2b11811c35f6554d,N5,exact,1,verified,
pass_n5_p010_o0193,pass_n5,일단합격JLPT완벽대비N5-단어장.pdf,pass,N5,10,193,,문맥 규정,expression,こちらこそ,こちらこそ,저야말로,こちらこそ,こちらこそ,,저야말로,word,1,w_b685581646830d57,N2,exact,1,verified,
pass_n5_p010_o0194,pass_n5,일단합격JLPT완벽대비N5-단어장.pdf,pass,N5,10,194,,문맥 규정,,さす,さす,"(우산을) 쓰다, 받다",さす,さす,,"(우산을) 쓰다, 받다",word,1,,,new,1,verified,
pass_n5_p010_o0195,pass_n5,일단합격JLPT완벽대비N5-단어장.pdf,pass,N5,10,195,,문맥 규정,,さんかい,さんかい,"3회, 세 번",さんかい,さんかい,,"3회, 세 번",word,1,,,new,1,verified,
pass_n5_p010_o0196,pass_n5,일단합격JLPT완벽대비N5-단어장.pdf,pass,N5,10,196,,문맥 규정,,さんさつ,さんさつ,세 권(책),さんさつ,さんさつ,,세 권(책),word,1,,,new,1,verified,
pass_n5_p010_o0197,pass_n5,일단합격JLPT완벽대비N5-단어장.pdf,pass,N5,10,197,,문맥 규정,,じしょ,じしょ,사전,じしょ,じしょ,,사전,word,1,,,new,1,verified,
pass_n5_p010_o0198,pass_n5,일단합격JLPT완벽대비N5-단어장.pdf,pass,N5,10,198,,문맥 규정,,しずかに,しずかに,조용히,しずかに,しずかに,,조용히,word,1,,,new,1,verified,
pass_n5_p010_o0199,pass_n5,일단합격JLPT완벽대비N5-단어장.pdf,pass,N5,10,199,,문맥 규정,,しつもんする,しつもんする,질문하다,しつもんする,しつもんする,,질문하다,word,1,,,new,1,verified,
pass_n5_p010_o0200,pass_n5,일단합격JLPT완벽대비N5-단어장.pdf,pass,N5,10,200,,문맥 규정,verb,しめる,しめる,(문을) 닫다,しめる,しめる,,(문을) 닫다,word,1,w_8599f01b62ec3b89,N2,exact,1,verified,
pass_n5_p010_o0201,pass_n5,일단합격JLPT완벽대비N5-단어장.pdf,pass,N5,10,201,,문맥 규정,,しゃしん,しゃしん,사진,しゃしん,しゃしん,,사진,word,1,,,new,1,verified,
pass_n5_p010_o0202,pass_n5,일단합격JLPT완벽대비N5-단어장.pdf,pass,N5,10,202,,문맥 규정,,シャワーをあびる,シャワーをあびる,샤워하다,シャワーをあびる,シャワーをあびる,,샤워하다,word,1,,,new,1,verified,
pass_n5_p010_o0203,pass_n5,일단합격JLPT완벽대비N5-단어장.pdf,pass,N5,10,203,,문맥 규정,,じょうず,じょうず,"능숙함, 잘함",じょうず,じょうず,,"능숙함, 잘함",word,1,,,new,1,verified,
pass_n5_p010_o0204,pass_n5,일단합격JLPT완벽대비N5-단어장.pdf,pass,N5,10,204,,문맥 규정,,じょうぶ,じょうぶ,튼튼함,じょうぶ,じょうぶ,,튼튼함,word,1,,,new,1,verified,
pass_n5_p010_o0205,pass_n5,일단합격JLPT완벽대비N5-단어장.pdf,pass,N5,10,205,,문맥 규정,,しんぶんをよむ,しんぶんをよむ,신문을 읽다,しんぶんをよむ,しんぶんをよむ,,신문을 읽다,word,1,,,new,1,verified,
pass_n5_p010_o0206,pass_n5,일단합격JLPT완벽대비N5-단어장.pdf,pass,N5,10,206,,문맥 규정,,すう,すう,(담배를) 피우다,すう,すう,,(담배를) 피우다,word,1,,,new,1,verified,
pass_n5_p010_o0207,pass_n5,일단합격JLPT완벽대비N5-단어장.pdf,pass,N5,10,207,,문맥 규정,noun,スカート,スカート,"스커트, 치마",スカート,スカート,,"스커트, 치마",word,1,w_b29a4071c1fdde80,N5,exact,1,verified,
pass_n5_p010_o0208,pass_n5,일단합격JLPT완벽대비N5-단어장.pdf,pass,N5,10,208,,문맥 규정,,すき,すき,좋아함,すき,すき,,좋아함,word,1,,,new,1,verified,
pass_n5_p010_o0209,pass_n5,일단합격JLPT완벽대비N5-단어장.pdf,pass,N5,10,209,,문맥 규정,noun,スキー,スキー,스키,スキー,スキー,,스키,word,1,w_09b924ace3343845,N3,exact,1,verified,
pass_n5_p010_o0210,pass_n5,일단합격JLPT완벽대비N5-단어장.pdf,pass,N5,10,210,,문맥 규정,adverb,すぐに,すぐに,"곧, 바로",すぐに,すぐに,,"곧, 바로",word,1,w_825bad35884b199b,N5,exact,1,verified,
pass_n5_p010_o0211,pass_n5,일단합격JLPT완벽대비N5-단어장.pdf,pass,N5,10,211,,문맥 규정,noun,ストーブ,ストーブ,"스토브, 난로",ストーブ,ストーブ,,"스토브, 난로",word,1,w_2e349e2b0bfb1818,N5,exact,1,verified,
pass_n5_p010_o0212,pass_n5,일단합격JLPT완벽대비N5-단어장.pdf,pass,N5,10,212,,문맥 규정,,セーター,セーター,스웨터,セーター,セーター,,스웨터,word,1,,,new,1,verified,
pass_n5_p010_o0213,pass_n5,일단합격JLPT완벽대비N5-단어장.pdf,pass,N5,10,213,,문맥 규정,noun,そば,そば,"옆, 곁",そば,そば,,"옆, 곁",word,1,w_1f3b58708b016b7f,N2,exact,1,verified,
pass_n5_p010_o0214,pass_n5,일단합격JLPT완벽대비N5-단어장.pdf,pass,N5,10,214,,문맥 규정,,それでは,それでは,그럼,それでは,それでは,,그럼,word,1,,,new,1,verified,
pass_n5_p011_o0215,pass_n5,일단합격JLPT완벽대비N5-단어장.pdf,pass,N5,11,215,,문맥 규정,,だいじょうぶ,だいじょうぶ,괜찮음,だいじょうぶ,だいじょうぶ,,괜찮음,word,1,,,new,1,verified,
pass_n5_p011_o0216,pass_n5,일단합격JLPT완벽대비N5-단어장.pdf,pass,N5,11,216,,문맥 규정,,たいせつ,たいせつ,"중요함, 소중함",たいせつ,たいせつ,,"중요함, 소중함",word,1,,,new,1,verified,
pass_n5_p011_o0217,pass_n5,일단합격JLPT완벽대비N5-단어장.pdf,pass,N5,11,217,,문맥 규정,,たいてい,たいてい,대체로,たいてい,たいてい,,대체로,word,1,,,new,1,verified,
pass_n5_p011_o0218,pass_n5,일단합격JLPT완벽대비N5-단어장.pdf,pass,N5,11,218,,문맥 규정,,たいへん,たいへん,"힘듦, 큰일임",たいへん,たいへん,,"힘듦, 큰일임",word,1,,,new,1,verified,
pass_n5_p011_o0219,pass_n5,일단합격JLPT완벽대비N5-단어장.pdf,pass,N5,11,219,,문맥 규정,adjective,高い,たかい,"비싸다, 높다, (키가) 크다",高い,たかい,,"비싸다, 높다, (키가) 크다",word,1,w_200668ec7c5383e0,N5,exact,1,verified,
pass_n5_p011_o0220,pass_n5,일단합격JLPT완벽대비N5-단어장.pdf,pass,N5,11,220,,문맥 규정,,たくさん,たくさん,많이,たくさん,たくさん,,많이,word,1,,,new,1,verified,
pass_n5_p011_o0221,pass_n5,일단합격JLPT완벽대비N5-단어장.pdf,pass,N5,11,221,,문맥 규정,,たのしい,たのしい,즐겁다,たのしい,たのしい,,즐겁다,word,1,,,new,1,verified,
pass_n5_p011_o0222,pass_n5,일단합격JLPT완벽대비N5-단어장.pdf,pass,N5,11,222,,문맥 규정,,たぶん,たぶん,아마,たぶん,たぶん,,아마,word,1,,,new,1,verified,
pass_n5_p011_o0223,pass_n5,일단합격JLPT완벽대비N5-단어장.pdf,pass,N5,11,223,,문맥 규정,,だんだん,だんだん,"점점, 점차",だんだん,だんだん,,"점점, 점차",word,1,,,new,1,verified,
pass_n5_p011_o0224,pass_n5,일단합격JLPT완벽대비N5-단어장.pdf,pass,N5,11,224,,문맥 규정,,ちいさい,ちいさい,작다,ちいさい,ちいさい,,작다,word,1,,,new,1,verified,
pass_n5_p011_o0225,pass_n5,일단합격JLPT완벽대비N5-단어장.pdf,pass,N5,11,225,,문맥 규정,,ちかい,ちかい,가깝다,ちかい,ちかい,,가깝다,word,1,,,new,1,verified,
pass_n5_p011_o0226,pass_n5,일단합격JLPT완벽대비N5-단어장.pdf,pass,N5,11,226,,문맥 규정,,ちがいます,ちがいます,"아닙니다, 틀립니다",ちがいます,ちがいます,,"아닙니다, 틀립니다",word,1,,,new,1,verified,
pass_n5_p011_o0227,pass_n5,일단합격JLPT완벽대비N5-단어장.pdf,pass,N5,11,227,,문맥 규정,,ちず,ちず,지도,ちず,ちず,,지도,word,1,,,new,1,verified,
pass_n5_p011_o0228,pass_n5,일단합격JLPT완벽대비N5-단어장.pdf,pass,N5,11,228,,문맥 규정,,ちょうど,ちょうど,"정각, 정확히",ちょうど,ちょうど,,"정각, 정확히",word,1,,,new,1,verified,
pass_n5_p011_o0229,pass_n5,일단합격JLPT완벽대비N5-단어장.pdf,pass,N5,11,229,,문맥 규정,,つかれる,つかれる,"피곤하다, 지치다",つかれる,つかれる,,"피곤하다, 지치다",word,1,,,new,1,verified,
pass_n5_p011_o0230,pass_n5,일단합격JLPT완벽대비N5-단어장.pdf,pass,N5,11,230,,문맥 규정,,つく,つく,(전기가) 켜지다,つく,つく,,(전기가) 켜지다,word,1,,,new,1,verified,
pass_n5_p011_o0231,pass_n5,일단합격JLPT완벽대비N5-단어장.pdf,pass,N5,11,231,,문맥 규정,,つめたい,つめたい,차갑다,つめたい,つめたい,,차갑다,word,1,,,new,1,verified,
pass_n5_p011_o0232,pass_n5,일단합격JLPT완벽대비N5-단어장.pdf,pass,N5,11,232,,문맥 규정,,つよい,つよい,"강하다, 세다",つよい,つよい,,"강하다, 세다",word,1,,,new,1,verified,
pass_n5_p011_o0233,pass_n5,일단합격JLPT완벽대비N5-단어장.pdf,pass,N5,11,233,,문맥 규정,,てがみ,てがみ,편지,てがみ,てがみ,,편지,word,1,,,new,1,verified,
pass_n5_p011_o0234,pass_n5,일단합격JLPT완벽대비N5-단어장.pdf,pass,N5,11,234,,문맥 규정,,デパート,デでパぱートと,백화점,デパート,デパート,,백화점,word,1,,,new,1,verified,
pass_n5_p011_o0235,pass_n5,일단합격JLPT완벽대비N5-단어장.pdf,pass,N5,11,235,,문맥 규정,,でも,でも,"하지만, 그렇지만",でも,でも,,"하지만, 그렇지만",word,1,,,new,1,verified,
pass_n5_p011_o0236,pass_n5,일단합격JLPT완벽대비N5-단어장.pdf,pass,N5,11,236,,문맥 규정,,でる,でる,나가(오)다,でる,でる,,나가(오)다,word,1,,,new,1,verified,
pass_n5_p011_o0237,pass_n5,일단합격JLPT완벽대비N5-단어장.pdf,pass,N5,11,237,,문맥 규정,,てんき,てんき,날씨,てんき,てんき,,날씨,word,1,,,new,1,verified,
pass_n5_p011_o0238,pass_n5,일단합격JLPT완벽대비N5-단어장.pdf,pass,N5,11,238,,문맥 규정,,でんわ,でんわ,전화,でんわ,でんわ,,전화,word,1,,,new,1,verified,
pass_n5_p011_o0239,pass_n5,일단합격JLPT완벽대비N5-단어장.pdf,pass,N5,11,239,,문맥 규정,,どういたしまして,どういたしまして,천만에요,どういたしまして,どういたしまして,,천만에요,word,1,,,new,1,verified,
pass_n5_p011_o0240,pass_n5,일단합격JLPT완벽대비N5-단어장.pdf,pass,N5,11,240,,문맥 규정,,どうぞ、よろしく,どうぞ、よろしく,잘 부탁합니다,どうぞ、よろしく,どうぞ、よろしく,,잘 부탁합니다,expression,0,,,new,1,verified,"expression 항목: 원본 보존, 앱 기본 목록 제외"
pass_n5_p011_o0241,pass_n5,일단합격JLPT완벽대비N5-단어장.pdf,pass,N5,11,241,,문맥 규정,,とおい,とおい,멀다,とおい,とおい,,멀다,word,1,,,new,1,verified,
pass_n5_p011_o0242,pass_n5,일단합격JLPT완벽대비N5-단어장.pdf,pass,N5,11,242,,문맥 규정,,ときどき,ときどき,때때로,ときどき,ときどき,,때때로,word,1,,,new,1,verified,
pass_n5_p011_o0243,pass_n5,일단합격JLPT완벽대비N5-단어장.pdf,pass,N5,11,243,,문맥 규정,,どちら,どちら,"어느 쪽, 어느 분",どちら,どちら,,"어느 쪽, 어느 분",word,1,,,new,1,verified,
pass_n5_p011_o0244,pass_n5,일단합격JLPT완벽대비N5-단어장.pdf,pass,N5,11,244,,문맥 규정,,とぶ,とぶ,날다,とぶ,とぶ,,날다,word,1,,,new,1,verified,
pass_n5_p011_o0245,pass_n5,일단합격JLPT완벽대비N5-단어장.pdf,pass,N5,11,245,,문맥 규정,,とまる,とまる,멈추다,とまる,とまる,,멈추다,word,1,,,new,1,verified,
pass_n5_p012_o0246,pass_n5,일단합격JLPT완벽대비N5-단어장.pdf,pass,N5,12,246,,문맥 규정,,とる,とる,"집다, 잡다",とる,とる,,"집다, 잡다",word,1,,,new,1,verified,
pass_n5_p012_o0247,pass_n5,일단합격JLPT완벽대비N5-단어장.pdf,pass,N5,12,247,,문맥 규정,,とる,とる,(사진·영화를) 찍다,とる,とる,,(사진·영화를) 찍다,word,1,,,new,1,verified,
pass_n5_p012_o0248,pass_n5,일단합격JLPT완벽대비N5-단어장.pdf,pass,N5,12,248,,문맥 규정,,ナイフ,ナなイいフふ,"나이프, 칼",ナイフ,ナイフ,,"나이프, 칼",word,1,,,new,1,verified,
pass_n5_p012_o0249,pass_n5,일단합격JLPT완벽대비N5-단어장.pdf,pass,N5,12,249,,문맥 규정,,ならう,ならう,"배우다, 익히다",ならう,ならう,,"배우다, 익히다",word,1,,,new,1,verified,
pass_n5_p012_o0250,pass_n5,일단합격JLPT완벽대비N5-단어장.pdf,pass,N5,12,250,,문맥 규정,,ならべる,ならべる,진열하다,ならべる,ならべる,,진열하다,word,1,,,new,1,verified,
pass_n5_p012_o0251,pass_n5,일단합격JLPT완벽대비N5-단어장.pdf,pass,N5,12,251,,문맥 규정,,なんこ,なんこ,몇 개,なんこ,なんこ,,몇 개,word,1,,,new,1,verified,
pass_n5_p012_o0252,pass_n5,일단합격JLPT완벽대비N5-단어장.pdf,pass,N5,12,252,,문맥 규정,,にかい,にかい,2층,にかい,にかい,,2층,word,1,,,new,1,verified,
pass_n5_p012_o0253,pass_n5,일단합격JLPT완벽대비N5-단어장.pdf,pass,N5,12,253,,문맥 규정,,にキロ,にキきロろ,2킬로미터,にキロ,にキロ,,2킬로미터,word,1,,,new,1,verified,
pass_n5_p012_o0254,pass_n5,일단합격JLPT완벽대비N5-단어장.pdf,pass,N5,12,254,,문맥 규정,,にさつ,にさつ,두 권(잡지),にさつ,にさつ,,두 권(잡지),word,1,,,new,1,verified,
pass_n5_p012_o0255,pass_n5,일단합격JLPT완벽대비N5-단어장.pdf,pass,N5,12,255,,문맥 규정,,にだい,にだい,두 대(자전거),にだい,にだい,,두 대(자전거),word,1,,,new,1,verified,
pass_n5_p012_o0256,pass_n5,일단합격JLPT완벽대비N5-단어장.pdf,pass,N5,12,256,,문맥 규정,,にひき,にひき,두 마리(고양이),にひき,にひき,,두 마리(고양이),word,1,,,new,1,verified,
pass_n5_p012_o0257,pass_n5,일단합격JLPT완벽대비N5-단어장.pdf,pass,N5,12,257,,문맥 규정,,のぼる,のぼる,(산을) 오르다,のぼる,のぼる,,(산을) 오르다,word,1,,,new,1,verified,
pass_n5_p012_o0258,pass_n5,일단합격JLPT완벽대비N5-단어장.pdf,pass,N5,12,258,,문맥 규정,,のみもの,のみもの,마실 것,のみもの,のみもの,,마실 것,word,1,,,new,1,verified,
pass_n5_p012_o0259,pass_n5,일단합격JLPT완벽대비N5-단어장.pdf,pass,N5,12,259,,문맥 규정,,のむ,のむ,"마시다, 삼키다",のむ,のむ,,"마시다, 삼키다",word,1,,,new,1,verified,
pass_n5_p012_o0260,pass_n5,일단합격JLPT완벽대비N5-단어장.pdf,pass,N5,12,260,,문맥 규정,,のる,のる,"(차, 비행기를) 타다",のる,のる,,"(차, 비행기를) 타다",word,1,,,new,1,verified,
pass_n5_p012_o0261,pass_n5,일단합격JLPT완벽대비N5-단어장.pdf,pass,N5,12,261,,문맥 규정,,パーティー,パーティー,파티,パーティー,パーティー,,파티,word,1,,,new,1,verified,
pass_n5_p012_o0262,pass_n5,일단합격JLPT완벽대비N5-단어장.pdf,pass,N5,12,262,,문맥 규정,,はく,はく,"(바지를) 입다, (신발·양말을) 신다",はく,はく,,"(바지를) 입다, (신발·양말을) 신다",word,1,,,new,0,verified,문자 좌표 검증 완료; 선형 텍스트 레이어 순서 불일치
pass_n5_p012_o0263,pass_n5,일단합격JLPT완벽대비N5-단어장.pdf,pass,N5,12,263,,문맥 규정,,はし,はし,"다리, 교량",はし,はし,,"다리, 교량",word,1,,,new,1,verified,
pass_n5_p012_o0264,pass_n5,일단합격JLPT완벽대비N5-단어장.pdf,pass,N5,12,264,,문맥 규정,,はじめて,はじめて,처음으로,はじめて,はじめて,,처음으로,word,1,,,new,1,verified,
pass_n5_p012_o0265,pass_n5,일단합격JLPT완벽대비N5-단어장.pdf,pass,N5,12,265,,문맥 규정,,はたち,はたち,"20세, 스무 살",はたち,はたち,,"20세, 스무 살",word,1,,,new,1,verified,
pass_n5_p012_o0266,pass_n5,일단합격JLPT완벽대비N5-단어장.pdf,pass,N5,12,266,,문맥 규정,,はちじゅうえん,はちじゅうえん,80엔,はちじゅうえん,はちじゅうえん,,80엔,word,1,,,new,1,verified,
pass_n5_p012_o0267,pass_n5,일단합격JLPT완벽대비N5-단어장.pdf,pass,N5,12,267,,문맥 규정,,はる,はる,붙이다,はる,はる,,붙이다,word,1,,,new,1,verified,
pass_n5_p012_o0268,pass_n5,일단합격JLPT완벽대비N5-단어장.pdf,pass,N5,12,268,,문맥 규정,,ピアノ,ピぴアあノの,피아노,ピアノ,ピアノ,,피아노,word,1,,,new,1,verified,
pass_n5_p012_o0269,pass_n5,일단합격JLPT완벽대비N5-단어장.pdf,pass,N5,12,269,,문맥 규정,,ひま,ひま,"틈, 짬, 여가",ひま,ひま,,"틈, 짬, 여가",word,1,,,new,1,verified,
pass_n5_p012_o0270,pass_n5,일단합격JLPT완벽대비N5-단어장.pdf,pass,N5,12,270,,문맥 규정,,プール,プぷールる,"풀, 수영장",プール,プール,,"풀, 수영장",word,1,,,new,1,verified,
pass_n5_p012_o0271,pass_n5,일단합격JLPT완벽대비N5-단어장.pdf,pass,N5,12,271,,문맥 규정,,ふく,ふく,(바람이) 불다,ふく,ふく,,(바람이) 불다,word,1,,,new,1,verified,
pass_n5_p012_o0272,pass_n5,일단합격JLPT완벽대비N5-단어장.pdf,pass,N5,12,272,,문맥 규정,,ふつか,ふつか,"2일, 초이틀",ふつか,ふつか,,"2일, 초이틀",word,1,,,new,1,verified,
pass_n5_p012_o0273,pass_n5,일단합격JLPT완벽대비N5-단어장.pdf,pass,N5,12,273,,문맥 규정,,ページ,ペぺージじ,"페이지, 쪽",ページ,ページ,,"페이지, 쪽",word,1,,,new,1,verified,
pass_n5_p012_o0274,pass_n5,일단합격JLPT완벽대비N5-단어장.pdf,pass,N5,12,274,,문맥 규정,,べんきょうがしたい,べんきょうがしたい,공부를 하고 싶다,べんきょうがしたい,べんきょうがしたい,,공부를 하고 싶다,word,1,,,new,1,verified,
pass_n5_p013_o0275,pass_n5,일단합격JLPT완벽대비N5-단어장.pdf,pass,N5,13,275,,문맥 규정,,べんり,べんり,편리함,べんり,べんり,,편리함,word,1,,,new,1,verified,
pass_n5_p013_o0276,pass_n5,일단합격JLPT완벽대비N5-단어장.pdf,pass,N5,13,276,,문맥 규정,,ぼうし,ぼうし,모자,ぼうし,ぼうし,,모자,word,1,,,new,1,verified,
pass_n5_p013_o0277,pass_n5,일단합격JLPT완벽대비N5-단어장.pdf,pass,N5,13,277,,문맥 규정,,ほしい,ほしい,가지고 싶다,ほしい,ほしい,,가지고 싶다,word,1,,,new,1,verified,
pass_n5_p013_o0278,pass_n5,일단합격JLPT완벽대비N5-단어장.pdf,pass,N5,13,278,,문맥 규정,,ほそい,ほそい,가늘다,ほそい,ほそい,,가늘다,word,1,,,new,1,verified,
pass_n5_p013_o0279,pass_n5,일단합격JLPT완벽대비N5-단어장.pdf,pass,N5,13,279,,문맥 규정,,ほんや,ほんや,"책방, 서점",ほんや,ほんや,,"책방, 서점",word,1,,,new,1,verified,
pass_n5_p013_o0280,pass_n5,일단합격JLPT완벽대비N5-단어장.pdf,pass,N5,13,280,,문맥 규정,,まいしゅう,まいしゅう,매주,まいしゅう,まいしゅう,,매주,word,1,,,new,1,verified,
pass_n5_p013_o0281,pass_n5,일단합격JLPT완벽대비N5-단어장.pdf,pass,N5,13,281,,문맥 규정,,まがる,まがる,"돌다, (방향을) 틀다",まがる,まがる,,"돌다, (방향을) 틀다",word,1,,,new,1,verified,
pass_n5_p013_o0282,pass_n5,일단합격JLPT완벽대비N5-단어장.pdf,pass,N5,13,282,,문맥 규정,,また,また,또,また,また,,또,word,1,,,new,1,verified,
pass_n5_p013_o0283,pass_n5,일단합격JLPT완벽대비N5-단어장.pdf,pass,N5,13,283,,문맥 규정,,まっすぐ,まっすぐ,"똑바로, 곧장",まっすぐ,まっすぐ,,"똑바로, 곧장",word,1,,,new,1,verified,
pass_n5_p013_o0284,pass_n5,일단합격JLPT완벽대비N5-단어장.pdf,pass,N5,13,284,,문맥 규정,,まど,まど,창문,まど,まど,,창문,word,1,,,new,1,verified,
pass_n5_p013_o0285,pass_n5,일단합격JLPT완벽대비N5-단어장.pdf,pass,N5,13,285,,문맥 규정,,みがく,みがく,(이를) 닦다,みがく,みがく,,(이를) 닦다,word,1,,,new,1,verified,
pass_n5_p013_o0286,pass_n5,일단합격JLPT완벽대비N5-단어장.pdf,pass,N5,13,286,,문맥 규정,,みち,みち,길,みち,みち,,길,word,1,,,new,1,verified,
pass_n5_p013_o0287,pass_n5,일단합격JLPT완벽대비N5-단어장.pdf,pass,N5,13,287,,문맥 규정,,もっと,もっと,"좀 더, 더",もっと,もっと,,"좀 더, 더",word,1,,,new,1,verified,
pass_n5_p013_o0288,pass_n5,일단합격JLPT완벽대비N5-단어장.pdf,pass,N5,13,288,,문맥 규정,,やさい,やさい,야채,やさい,やさい,,야채,word,1,,,new,1,verified,
pass_n5_p013_o0289,pass_n5,일단합격JLPT완벽대비N5-단어장.pdf,pass,N5,13,289,,문맥 규정,,ゆうべ,ゆうべ,어젯밤,ゆうべ,ゆうべ,,어젯밤,word,1,,,new,1,verified,
pass_n5_p013_o0290,pass_n5,일단합격JLPT완벽대비N5-단어장.pdf,pass,N5,13,290,,문맥 규정,,ゆっくり,ゆっくり,천천히,ゆっくり,ゆっくり,,천천히,word,1,,,new,1,verified,
pass_n5_p013_o0291,pass_n5,일단합격JLPT완벽대비N5-단어장.pdf,pass,N5,13,291,,문맥 규정,,ようか,ようか,"8일, 여드레",ようか,ようか,,"8일, 여드레",word,1,,,new,1,verified,
pass_n5_p013_o0292,pass_n5,일단합격JLPT완벽대비N5-단어장.pdf,pass,N5,13,292,,문맥 규정,,ラジオ,ラらジじオお,라디오,ラジオ,ラジオ,,라디오,word,1,,,new,1,verified,
pass_n5_p013_o0293,pass_n5,일단합격JLPT완벽대비N5-단어장.pdf,pass,N5,13,293,,문맥 규정,,りっぱ,りっぱ,훌륭함,りっぱ,りっぱ,,훌륭함,word,1,,,new,1,verified,
pass_n5_p013_o0294,pass_n5,일단합격JLPT완벽대비N5-단어장.pdf,pass,N5,13,294,,문맥 규정,,りょうり,りょうり,요리,りょうり,りょうり,,요리,word,1,,,new,1,verified,
pass_n5_p013_o0295,pass_n5,일단합격JLPT완벽대비N5-단어장.pdf,pass,N5,13,295,,문맥 규정,,わかい,わかい,젊다,わかい,わかい,,젊다,word,1,,,new,1,verified,
pass_n5_p013_o0296,pass_n5,일단합격JLPT완벽대비N5-단어장.pdf,pass,N5,13,296,,문맥 규정,,わすれる,わすれる,잊다,わすれる,わすれる,,잊다,word,1,,,new,1,verified,
pass_n5_p013_o0297,pass_n5,일단합격JLPT완벽대비N5-단어장.pdf,pass,N5,13,297,,문맥 규정,,わたす,わたす,건네다,わたす,わたす,,건네다,word,1,,,new,1,verified,
pass_n5_p013_o0298,pass_n5,일단합격JLPT완벽대비N5-단어장.pdf,pass,N5,13,298,,문맥 규정,,わたる,わたる,건너다,わたる,わたる,,건너다,word,1,,,new,1,verified,
pass_n5_p014_o0299,pass_n5,일단합격JLPT완벽대비N5-단어장.pdf,pass,N5,14,299,,유의어,,あかるく して ください,あかるくしてください,밝게 해 주세요,あかるく して ください,あかるくしてください,,밝게 해 주세요,sentence,0,,,new,1,verified,"sentence 항목: 원본 보존, 앱 기본 목록 제외"
pass_n5_p014_o0300,pass_n5,일단합격JLPT완벽대비N5-단어장.pdf,pass,N5,14,300,,유의어,,≒ でんきを つけて ください,でんきをつけてください,전기를 켜 주세요,≒ でんきを つけて ください,でんきをつけてください,,전기를 켜 주세요,sentence,0,,,new,1,verified,"sentence 항목: 원본 보존, 앱 기본 목록 제외"
pass_n5_p014_o0301,pass_n5,일단합격JLPT완벽대비N5-단어장.pdf,pass,N5,14,301,,유의어,,あまり さむく ありません,あまりさむくありません,그다지 춥지 않습니다,あまり さむく ありません,あまりさむくありません,,그다지 춥지 않습니다,sentence,0,,,new,1,verified,"sentence 항목: 원본 보존, 앱 기본 목록 제외"
pass_n5_p014_o0302,pass_n5,일단합격JLPT완벽대비N5-단어장.pdf,pass,N5,14,302,,유의어,,≒ すこし さむいです,すこしさむいです,조금 춥습니다,≒ すこし さむいです,すこしさむいです,,조금 춥습니다,sentence,0,,,new,1,verified,"sentence 항목: 원본 보존, 앱 기본 목록 제외"
pass_n5_p014_o0303,pass_n5,일단합격JLPT완벽대비N5-단어장.pdf,pass,N5,14,303,,유의어,,いい てんきだ,いいてんきだ,좋은 날씨이다,いい てんきだ,いいてんきだ,,좋은 날씨이다,expression,0,,,new,1,verified,"expression 항목: 원본 보존, 앱 기본 목록 제외"
pass_n5_p014_o0304,pass_n5,일단합격JLPT완벽대비N5-단어장.pdf,pass,N5,14,304,,유의어,,≒ はれる,はれる,"개다, 맑다",≒ はれる,はれる,,"개다, 맑다",sentence,0,,,new,1,verified,"sentence 항목: 원본 보존, 앱 기본 목록 제외"
pass_n5_p014_o0305,pass_n5,일단합격JLPT완벽대비N5-단어장.pdf,pass,N5,14,305,,유의어,,いえを でる,いえをでる,집을 나서다,いえを でる,いえをでる,,집을 나서다,expression,0,,,new,1,verified,"expression 항목: 원본 보존, 앱 기본 목록 제외"
pass_n5_p014_o0306,pass_n5,일단합격JLPT완벽대비N5-단어장.pdf,pass,N5,14,306,,유의어,,≒ でかける,でかける,"외출하다, 나가다",≒ でかける,でかける,,"외출하다, 나가다",sentence,0,,,new,1,verified,"sentence 항목: 원본 보존, 앱 기본 목록 제외"
pass_n5_p014_o0307,pass_n5,일단합격JLPT완벽대비N5-단어장.pdf,pass,N5,14,307,,유의어,expression,いただきます,いただきます,잘 먹겠습니다.,いただきます,いただきます,,잘 먹겠습니다.,word,1,w_095ed617a1f2ddc6,N3,exact,1,verified,
pass_n5_p014_o0308,pass_n5,일단합격JLPT완벽대비N5-단어장.pdf,pass,N5,14,308,,유의어,,≒ ごはんを たべます,ごはんをたべます,밥을 먹습니다,≒ ごはんを たべます,ごはんをたべます,,밥을 먹습니다,sentence,0,,,new,1,verified,"sentence 항목: 원본 보존, 앱 기본 목록 제외"
pass_n5_p015_o0309,pass_n5,일단합격JLPT완벽대비N5-단어장.pdf,pass,N5,15,309,,유의어,,いりぐちは あちらです,いりぐちはあちらです,입구는 저쪽입니다,いりぐちは あちらです,いりぐちはあちらです,,입구는 저쪽입니다,sentence,0,,,new,1,verified,"sentence 항목: 원본 보존, 앱 기본 목록 제외"
pass_n5_p015_o0310,pass_n5,일단합격JLPT완벽대비N5-단어장.pdf,pass,N5,15,310,,유의어,,≒ あちらから 入って ください,あちらからはいってください,저쪽에서 들어가 주세요,≒ あちらから 入って ください,あちらからはいってください,,저쪽에서 들어가 주세요,sentence,0,,,new,1,verified,"sentence 항목: 원본 보존, 앱 기본 목록 제외"
pass_n5_p015_o0311,pass_n5,일단합격JLPT완벽대비N5-단어장.pdf,pass,N5,15,311,,유의어,,おじは 65さいです,おじは65さいです,삼촌은 65세입니다,おじは 65さいです,おじは65さいです,,삼촌은 65세입니다,expression,0,,,new,1,verified,"expression 항목: 원본 보존, 앱 기본 목록 제외"
pass_n5_p015_o0312,pass_n5,일단합격JLPT완벽대비N5-단어장.pdf,pass,N5,15,312,,유의어,,≒ 母の 兄は 65さいです,ははのあには65さいです,엄마의 오빠는 65세입니다,≒ 母の 兄は 65さいです,ははのあには65さいです,,엄마의 오빠는 65세입니다,sentence,0,,,new,1,verified,"sentence 항목: 원본 보존, 앱 기본 목록 제외"
pass_n5_p015_o0313,pass_n5,일단합격JLPT완벽대비N5-단어장.pdf,pass,N5,15,313,,유의어,,おてあらい,おてあらい,화장실,おてあらい,おてあらい,,화장실,word,1,,,new,1,verified,
pass_n5_p015_o0314,pass_n5,일단합격JLPT완벽대비N5-단어장.pdf,pass,N5,15,314,,유의어,,≒ トイレ,トイレ,화장실,≒ トイレ,トイレ,,화장실,sentence,0,,,new,1,verified,"sentence 항목: 원본 보존, 앱 기본 목록 제외"
pass_n5_p015_o0315,pass_n5,일단합격JLPT완벽대비N5-단어장.pdf,pass,N5,15,315,,유의어,,おととい,おととい,그저께,おととい,おととい,,그저께,word,1,,,new,1,verified,
pass_n5_p015_o0316,pass_n5,일단합격JLPT완벽대비N5-단어장.pdf,pass,N5,15,316,,유의어,,≒ ふつか前,ふつかまえ,이틀 전,≒ ふつか前,ふつかまえ,,이틀 전,sentence,0,,,new,1,verified,"sentence 항목: 원본 보존, 앱 기본 목록 제외"
pass_n5_p015_o0317,pass_n5,일단합격JLPT완벽대비N5-단어장.pdf,pass,N5,15,317,,유의어,,おととし うまれた,おととしうまれた,재작년에 태어났다,おととし うまれた,おととしうまれた,,재작년에 태어났다,expression,0,,,new,1,verified,"expression 항목: 원본 보존, 앱 기본 목록 제외"
pass_n5_p015_o0318,pass_n5,일단합격JLPT완벽대비N5-단어장.pdf,pass,N5,15,318,,유의어,,≒ にねんまえに うまれた,にねんまえにうまれた,2년 전에 태어났다,≒ にねんまえに うまれた,にねんまえにうまれた,,2년 전에 태어났다,sentence,0,,,new,1,verified,"sentence 항목: 원본 보존, 앱 기본 목록 제외"
pass_n5_p015_o0319,pass_n5,일단합격JLPT완벽대비N5-단어장.pdf,pass,N5,15,319,,유의어,,おばさん,おばさん,이모,おばさん,おばさん,,이모,word,1,,,new,1,verified,
pass_n5_p015_o0320,pass_n5,일단합격JLPT완벽대비N5-단어장.pdf,pass,N5,15,320,,유의어,,≒ おかあさんの いもうとさん,おかあさんのいもうとさん,어머니의 여동생,≒ おかあさんの いもうとさん,おかあさんのいもうとさん,,어머니의 여동생,sentence,0,,,new,1,verified,"sentence 항목: 원본 보존, 앱 기본 목록 제외"
pass_n5_p016_o0321,pass_n5,일단합격JLPT완벽대비N5-단어장.pdf,pass,N5,16,321,,유의어,,おやすみなさい,おやすみなさい,안녕히 주무세요,おやすみなさい,おやすみなさい,,안녕히 주무세요,word,1,,,new,1,verified,
pass_n5_p016_o0322,pass_n5,일단합격JLPT완벽대비N5-단어장.pdf,pass,N5,16,322,,유의어,,≒ いまから ねます,いまからねます,지금부터 잡니다,≒ いまから ねます,いまからねます,,지금부터 잡니다,sentence,0,,,new,1,verified,"sentence 항목: 원본 보존, 앱 기본 목록 제외"
pass_n5_p016_o0323,pass_n5,일단합격JLPT완벽대비N5-단어장.pdf,pass,N5,16,323,,유의어,,かして ください,かしてください,빌려 주세요,かして ください,かしてください,,빌려 주세요,expression,0,,,new,1,verified,"expression 항목: 원본 보존, 앱 기본 목록 제외"
pass_n5_p016_o0324,pass_n5,일단합격JLPT완벽대비N5-단어장.pdf,pass,N5,16,324,,유의어,,≒ かりたいです,かりたいです,빌리고 싶습니다,≒ かりたいです,かりたいです,,빌리고 싶습니다,sentence,0,,,new,1,verified,"sentence 항목: 원본 보존, 앱 기본 목록 제외"
pass_n5_p016_o0325,pass_n5,일단합격JLPT완벽대비N5-단어장.pdf,pass,N5,16,325,,유의어,,かない,かない,아내,かない,かない,,아내,word,1,,,new,1,verified,
pass_n5_p016_o0326,pass_n5,일단합격JLPT완벽대비N5-단어장.pdf,pass,N5,16,326,,유의어,,≒ おくさん,おくさん,부인,≒ おくさん,おくさん,,부인,sentence,0,,,new,1,verified,"sentence 항목: 원본 보존, 앱 기본 목록 제외"
pass_n5_p016_o0327,pass_n5,일단합격JLPT완벽대비N5-단어장.pdf,pass,N5,16,327,,유의어,,きらいです,きらいです,싫습니다,きらいです,きらいです,,싫습니다,word,1,,,new,1,verified,
pass_n5_p016_o0328,pass_n5,일단합격JLPT완벽대비N5-단어장.pdf,pass,N5,16,328,,유의어,,≒ すきでは ありません,すきではありません,좋아하지 않습니다,≒ すきでは ありません,すきではありません,,좋아하지 않습니다,sentence,0,,,new,1,verified,"sentence 항목: 원본 보존, 앱 기본 목록 제외"
pass_n5_p016_o0329,pass_n5,일단합격JLPT완벽대비N5-단어장.pdf,pass,N5,16,329,,유의어,,きれいです,きれいです,깨끗합니다,きれいです,きれいです,,깨끗합니다,word,1,,,new,1,verified,
pass_n5_p016_o0330,pass_n5,일단합격JLPT완벽대비N5-단어장.pdf,pass,N5,16,330,,유의어,,≒ きたなく ないです,きたなくないです,더럽지 않습니다,≒ きたなく ないです,きたなくないです,,더럽지 않습니다,sentence,0,,,new,1,verified,"sentence 항목: 원본 보존, 앱 기본 목록 제외"
pass_n5_p016_o0331,pass_n5,일단합격JLPT완벽대비N5-단어장.pdf,pass,N5,16,331,,유의어,,ぎんこう,ぎんこう,은행,ぎんこう,ぎんこう,,은행,word,1,,,new,1,verified,
pass_n5_p016_o0332,pass_n5,일단합격JLPT완벽대비N5-단어장.pdf,pass,N5,16,332,,유의어,,≒ ここで お金を だします,ここでおかねをだします,이곳에서 돈을 냅니다,≒ ここで お金を だします,ここでおかねをだします,,이곳에서 돈을 냅니다,sentence,0,,,new,1,verified,"sentence 항목: 원본 보존, 앱 기본 목록 제외"
pass_n5_p017_o0333,pass_n5,일단합격JLPT완벽대비N5-단어장.pdf,pass,N5,17,333,,유의어,,くだもの,くだもの,과일,くだもの,くだもの,,과일,word,1,,,new,1,verified,
pass_n5_p017_o0334,pass_n5,일단합격JLPT완벽대비N5-단어장.pdf,pass,N5,17,334,,유의어,,≒ りんごや バナナなど,りんごやバナナなど,사과나 바나나 등,≒ りんごや バナナなど,りんごやバナナなど,,사과나 바나나 등,sentence,0,,,new,1,verified,"sentence 항목: 원본 보존, 앱 기본 목록 제외"
pass_n5_p017_o0335,pass_n5,일단합격JLPT완벽대비N5-단어장.pdf,pass,N5,17,335,,유의어,,くだものを たべる,くだものをたべる,과일을 먹다,くだものを たべる,くだものをたべる,,과일을 먹다,expression,0,,,new,1,verified,"expression 항목: 원본 보존, 앱 기본 목록 제외"
pass_n5_p017_o0336,pass_n5,일단합격JLPT완벽대비N5-단어장.pdf,pass,N5,17,336,,유의어,,≒ みかんを たべる,みかんをたべる,귤을 먹다,≒ みかんを たべる,みかんをたべる,,귤을 먹다,sentence,0,,,new,1,verified,"sentence 항목: 원본 보존, 앱 기본 목록 제외"
pass_n5_p017_o0337,pass_n5,일단합격JLPT완벽대비N5-단어장.pdf,pass,N5,17,337,,유의어,,けいかん,けいかん,경관,けいかん,けいかん,,경관,word,1,,,new,1,verified,
pass_n5_p017_o0338,pass_n5,일단합격JLPT완벽대비N5-단어장.pdf,pass,N5,17,338,,유의어,,≒ おまわりさん,おまわりさん,순경,≒ おまわりさん,おまわりさん,,순경,sentence,0,,,new,1,verified,"sentence 항목: 원본 보존, 앱 기본 목록 제외"
pass_n5_p017_o0339,pass_n5,일단합격JLPT완벽대비N5-단어장.pdf,pass,N5,17,339,,유의어,,げんかん,げんかん,현관,げんかん,げんかん,,현관,word,1,,,new,1,verified,
pass_n5_p017_o0340,pass_n5,일단합격JLPT완벽대비N5-단어장.pdf,pass,N5,17,340,,유의어,,≒ いえの いりぐち,いえのいりぐち,집 입구,≒ いえの いりぐち,いえのいりぐち,,집 입구,sentence,0,,,new,1,verified,"sentence 항목: 원본 보존, 앱 기본 목록 제외"
pass_n5_p017_o0341,pass_n5,일단합격JLPT완벽대비N5-단어장.pdf,pass,N5,17,341,,유의어,,公園を さんぽしました,こうえんをさんぽしました,공원을 산책했습니다,公園を さんぽしました,こうえんをさんぽしました,,공원을 산책했습니다,sentence,0,,,new,1,verified,"sentence 항목: 원본 보존, 앱 기본 목록 제외"
pass_n5_p017_o0342,pass_n5,일단합격JLPT완벽대비N5-단어장.pdf,pass,N5,17,342,,유의어,,≒ 公園を あるきました,こうえんをあるきました,공원을 걸었습니다,≒ 公園を あるきました,こうえんをあるきました,,공원을 걸었습니다,sentence,0,,,new,1,verified,"sentence 항목: 원본 보존, 앱 기본 목록 제외"
pass_n5_p017_o0343,pass_n5,일단합격JLPT완벽대비N5-단어장.pdf,pass,N5,17,343,,유의어,,ごぜんちゅう,ごぜんちゅう,오전 내내,ごぜんちゅう,ごぜんちゅう,,오전 내내,word,1,,,new,1,verified,
pass_n5_p017_o0344,pass_n5,일단합격JLPT완벽대비N5-단어장.pdf,pass,N5,17,344,,유의어,,≒ あさから ひるまで,あさからひるまで,아침부터 점심까지,≒ あさから ひるまで,あさからひるまで,,아침부터 점심까지,sentence,0,,,new,1,verified,"sentence 항목: 원본 보존, 앱 기본 목록 제외"
pass_n5_p018_o0345,pass_n5,일단합격JLPT완벽대비N5-단어장.pdf,pass,N5,18,345,,유의어,,午前も 午後も,ごぜんもごごも,오전도 오후도,午前も 午後も,ごぜんもごごも,,오전도 오후도,expression,0,,,new,1,verified,"expression 항목: 원본 보존, 앱 기본 목록 제외"
pass_n5_p018_o0346,pass_n5,일단합격JLPT완벽대비N5-단어장.pdf,pass,N5,18,346,,유의어,,≒ 朝から 夕方まで,あさからゆうがたまで,아침부터 저녁까지,≒ 朝から 夕方まで,あさからゆうがたまで,,아침부터 저녁까지,sentence,0,,,new,1,verified,"sentence 항목: 원본 보존, 앱 기본 목록 제외"
pass_n5_p018_o0347,pass_n5,일단합격JLPT완벽대비N5-단어장.pdf,pass,N5,18,347,,유의어,,コピーを たのむ,コピーをたのむ,복사를 부탁하다,コピーを たのむ,コピーをたのむ,,복사를 부탁하다,expression,0,,,new,1,verified,"expression 항목: 원본 보존, 앱 기본 목록 제외"
pass_n5_p018_o0348,pass_n5,일단합격JLPT완벽대비N5-단어장.pdf,pass,N5,18,348,,유의어,,≒ コピーして ください,コピーしてください,복사해 주세요,≒ コピーして ください,コピーしてください,,복사해 주세요,sentence,0,,,new,1,verified,"sentence 항목: 원본 보존, 앱 기본 목록 제외"
pass_n5_p018_o0349,pass_n5,일단합격JLPT완벽대비N5-단어장.pdf,pass,N5,18,349,,유의어,,しごとを やすみます,しごとをやすみます,일을 쉽니다,しごとを やすみます,しごとをやすみます,,일을 쉽니다,sentence,0,,,new,1,verified,"sentence 항목: 원본 보존, 앱 기본 목록 제외"
pass_n5_p018_o0350,pass_n5,일단합격JLPT완벽대비N5-단어장.pdf,pass,N5,18,350,,유의어,,≒ しごとを しません,しごとをしません,일을 하지 않습니다,≒ しごとを しません,しごとをしません,,일을 하지 않습니다,sentence,0,,,new,1,verified,"sentence 항목: 원본 보존, 앱 기본 목록 제외"
pass_n5_p018_o0351,pass_n5,일단합격JLPT완벽대비N5-단어장.pdf,pass,N5,18,351,,유의어,,じしょを ひきました,じしょをひきました,사전을 찾았습니다,じしょを ひきました,じしょをひきました,,사전을 찾았습니다,sentence,0,,,new,1,verified,"sentence 항목: 원본 보존, 앱 기본 목록 제외"
pass_n5_p018_o0352,pass_n5,일단합격JLPT완벽대비N5-단어장.pdf,pass,N5,18,352,,유의어,,≒ 言葉の 意味が わかりました,ことばのいみがわかりました,말의 의미를 알았습니 다,≒ 言葉の 意味が わかりました,ことばのいみがわかりました,,말의 의미를 알았습니 다,sentence,0,,,new,1,verified,"sentence 항목: 원본 보존, 앱 기본 목록 제외"
pass_n5_p018_o0353,pass_n5,일단합격JLPT완벽대비N5-단어장.pdf,pass,N5,18,353,,유의어,,しょくどうが やすみです,しょくどうがやすみです,식당이 쉽니다,しょくどうが やすみです,しょくどうがやすみです,,식당이 쉽니다,sentence,0,,,new,1,verified,"sentence 항목: 원본 보존, 앱 기본 목록 제외"
pass_n5_p018_o0354,pass_n5,일단합격JLPT완벽대비N5-단어장.pdf,pass,N5,18,354,,유의어,,≒ しょくどうが しまって います,しょくどうがしまっています,식당이 닫혀 있습니다,≒ しょくどうが しまって います,しょくどうがしまっています,,식당이 닫혀 있습니다,sentence,0,,,new,1,verified,"sentence 항목: 원본 보존, 앱 기본 목록 제외"
pass_n5_p018_o0355,pass_n5,일단합격JLPT완벽대비N5-단어장.pdf,pass,N5,18,355,,유의어,noun,ストーブ,ストーブ,스토브,ストーブ,ストーブ,,스토브,word,1,w_2e349e2b0bfb1818,N5,exact,1,verified,
pass_n5_p018_o0356,pass_n5,일단합격JLPT완벽대비N5-단어장.pdf,pass,N5,18,356,,유의어,,≒ へやを あたたかく する,へやをあたたかくする,방을 따뜻하게 하다,≒ へやを あたたかく する,へやをあたたかくする,,방을 따뜻하게 하다,sentence,0,,,new,1,verified,"sentence 항목: 원본 보존, 앱 기본 목록 제외"
pass_n5_p019_o0357,pass_n5,일단합격JLPT완벽대비N5-단어장.pdf,pass,N5,19,357,,유의어,,せが たかい,せがたかい,키가 크다,せが たかい,せがたかい,,키가 크다,expression,0,,,new,1,verified,"expression 항목: 원본 보존, 앱 기본 목록 제외"
pass_n5_p019_o0358,pass_n5,일단합격JLPT완벽대비N5-단어장.pdf,pass,N5,19,358,,유의어,,≒ おおきい,おおきい,크다,≒ おおきい,おおきい,,크다,sentence,0,,,new,1,verified,"sentence 항목: 원본 보존, 앱 기본 목록 제외"
pass_n5_p019_o0359,pass_n5,일단합격JLPT완벽대비N5-단어장.pdf,pass,N5,19,359,,유의어,,せっけん,せっけん,비누,せっけん,せっけん,,비누,word,1,,,new,1,verified,
pass_n5_p019_o0360,pass_n5,일단합격JLPT완벽대비N5-단어장.pdf,pass,N5,19,360,,유의어,,≒ なにかを あらう,なにかをあらう,무언가를 씻다,≒ なにかを あらう,なにかをあらう,,무언가를 씻다,sentence,0,,,new,1,verified,"sentence 항목: 원본 보존, 앱 기본 목록 제외"
pass_n5_p019_o0361,pass_n5,일단합격JLPT완벽대비N5-단어장.pdf,pass,N5,19,361,,유의어,,せんたくする,せんたくする,세탁하다,せんたくする,せんたくする,,세탁하다,word,1,,,new,1,verified,
pass_n5_p019_o0362,pass_n5,일단합격JLPT완벽대비N5-단어장.pdf,pass,N5,19,362,,유의어,,≒ ようふくを あらう,ようふくをあらう,양복을 빨다,≒ ようふくを あらう,ようふくをあらう,,양복을 빨다,sentence,0,,,new,1,verified,"sentence 항목: 원본 보존, 앱 기본 목록 제외"
pass_n5_p019_o0363,pass_n5,일단합격JLPT완벽대비N5-단어장.pdf,pass,N5,19,363,,유의어,,そうじを する,そうじをする,청소를 하다,そうじを する,そうじをする,,청소를 하다,expression,0,,,new,1,verified,"expression 항목: 원본 보존, 앱 기본 목록 제외"
pass_n5_p019_o0364,pass_n5,일단합격JLPT완벽대비N5-단어장.pdf,pass,N5,19,364,,유의어,,≒ きれいに する,きれいにする,깨끗하게 하다,≒ きれいに する,きれいにする,,깨끗하게 하다,sentence,0,,,new,1,verified,"sentence 항목: 원본 보존, 앱 기본 목록 제외"
pass_n5_p019_o0365,pass_n5,일단합격JLPT완벽대비N5-단어장.pdf,pass,N5,19,365,,유의어,,だいどころ,だいどころ,부엌,だいどころ,だいどころ,,부엌,word,1,,,new,1,verified,
pass_n5_p019_o0366,pass_n5,일단합격JLPT완벽대비N5-단어장.pdf,pass,N5,19,366,,유의어,,≒ ごはんを 作る ところ,ごはんをつくるところ,밥을 만드는 곳,≒ ごはんを 作る ところ,ごはんをつくるところ,,밥을 만드는 곳,sentence,0,,,new,1,verified,"sentence 항목: 원본 보존, 앱 기본 목록 제외"
pass_n5_p019_o0367,pass_n5,일단합격JLPT완벽대비N5-단어장.pdf,pass,N5,19,367,,유의어,,誕生日は 7月5日です,たんじょうびは7がつ5かです,생일은 7월 5일입니다,誕生日は 7月5日です,たんじょうびは7がつ5かです,,생일은 7월 5일입니다,expression,0,,,new,1,verified,"expression 항목: 원본 보존, 앱 기본 목록 제외"
pass_n5_p019_o0368,pass_n5,일단합격JLPT완벽대비N5-단어장.pdf,pass,N5,19,368,,유의어,,≒ 7月5日に うまれました,7がつ5かにうまれました,7월 5일에 태어났습니다,≒ 7月5日に うまれました,7がつ5かにうまれました,,7월 5일에 태어났습니다,sentence,0,,,new,1,verified,"sentence 항목: 원본 보존, 앱 기본 목록 제외"
pass_n5_p020_o0369,pass_n5,일단합격JLPT완벽대비N5-단어장.pdf,pass,N5,20,369,,유의어,,つとめる,つとめる,근무하다,つとめる,つとめる,,근무하다,word,1,,,new,1,verified,
pass_n5_p020_o0370,pass_n5,일단합격JLPT완벽대비N5-단어장.pdf,pass,N5,20,370,,유의어,,≒ はたらく,はたらく,일하다,≒ はたらく,はたらく,,일하다,sentence,0,,,new,1,verified,"sentence 항목: 원본 보존, 앱 기본 목록 제외"
pass_n5_p020_o0371,pass_n5,일단합격JLPT완벽대비N5-단어장.pdf,pass,N5,20,371,,유의어,,つまらない,つまらない,시시하다,つまらない,つまらない,,시시하다,word,1,,,new,1,verified,
pass_n5_p020_o0372,pass_n5,일단합격JLPT완벽대비N5-단어장.pdf,pass,N5,20,372,,유의어,,≒ おもしろく ありません,おもしろくありません,재미있지 않습니다,≒ おもしろく ありません,おもしろくありません,,재미있지 않습니다,sentence,0,,,new,1,verified,"sentence 항목: 원본 보존, 앱 기본 목록 제외"
pass_n5_p020_o0373,pass_n5,일단합격JLPT완벽대비N5-단어장.pdf,pass,N5,20,373,,유의어,,テーブルに ならべる,テーブルにならべる,테이블에 늘어놓다,テーブルに ならべる,テーブルにならべる,,테이블에 늘어놓다,expression,0,,,new,1,verified,"expression 항목: 원본 보존, 앱 기본 목록 제외"
pass_n5_p020_o0374,pass_n5,일단합격JLPT완벽대비N5-단어장.pdf,pass,N5,20,374,,유의어,,≒ テーブルに おく,テーブルにおく,테이블에 놓다,≒ テーブルに おく,テーブルにおく,,테이블에 놓다,sentence,0,,,new,1,verified,"sentence 항목: 원본 보존, 앱 기본 목록 제외"
pass_n5_p020_o0375,pass_n5,일단합격JLPT완벽대비N5-단어장.pdf,pass,N5,20,375,,유의어,,でかける,でかける,외출하다,でかける,でかける,,외출하다,word,1,,,new,1,verified,
pass_n5_p020_o0376,pass_n5,일단합격JLPT완벽대비N5-단어장.pdf,pass,N5,20,376,,유의어,,≒ 家に いない,いえにいない,집에 없다,≒ 家に いない,いえにいない,,집에 없다,sentence,0,,,new,1,verified,"sentence 항목: 원본 보존, 앱 기본 목록 제외"
pass_n5_p020_o0377,pass_n5,일단합격JLPT완벽대비N5-단어장.pdf,pass,N5,20,377,,유의어,,テニスが 好きです,テニスがすきです,테니스를 좋아합니다,テニスが 好きです,テニスがすきです,,테니스를 좋아합니다,sentence,0,,,new,1,verified,"sentence 항목: 원본 보존, 앱 기본 목록 제외"
pass_n5_p020_o0378,pass_n5,일단합격JLPT완벽대비N5-단어장.pdf,pass,N5,20,378,,유의어,,≒ テニスが したいです,テニスがしたいです,테니스를 하고 싶습니다,≒ テニスが したいです,テニスがしたいです,,테니스를 하고 싶습니다,sentence,0,,,new,1,verified,"sentence 항목: 원본 보존, 앱 기본 목록 제외"
pass_n5_p020_o0379,pass_n5,일단합격JLPT완벽대비N5-단어장.pdf,pass,N5,20,379,,유의어,,天気が いい,てんきがいい,날씨가 좋다,天気が いい,てんきがいい,,날씨가 좋다,expression,0,,,new,1,verified,"expression 항목: 원본 보존, 앱 기본 목록 제외"
pass_n5_p020_o0380,pass_n5,일단합격JLPT완벽대비N5-단어장.pdf,pass,N5,20,380,,유의어,,≒ はれて いる,はれている,개어 있다,≒ はれて いる,はれている,,개어 있다,sentence,0,,,new,1,verified,"sentence 항목: 원본 보존, 앱 기본 목록 제외"
pass_n5_p021_o0381,pass_n5,일단합격JLPT완벽대비N5-단어장.pdf,pass,N5,21,381,,유의어,,でんきを けす,でんきをけす,전기를 끄다,でんきを けす,でんきをけす,,전기를 끄다,expression,0,,,new,1,verified,"expression 항목: 원본 보존, 앱 기본 목록 제외"
pass_n5_p021_o0382,pass_n5,일단합격JLPT완벽대비N5-단어장.pdf,pass,N5,21,382,,유의어,,≒ へやを くらく する,へやをくらくする,방을 어둡게 하다,≒ へやを くらく する,へやをくらくする,,방을 어둡게 하다,sentence,0,,,new,1,verified,"sentence 항목: 원본 보존, 앱 기본 목록 제외"
pass_n5_p021_o0383,pass_n5,일단합격JLPT완벽대비N5-단어장.pdf,pass,N5,21,383,,유의어,,ドアは あいて います,ドアはあいています,문은 열려 있습니다,ドアは あいて います,ドアはあいています,,문은 열려 있습니다,sentence,0,,,new,1,verified,"sentence 항목: 원본 보존, 앱 기본 목록 제외"
pass_n5_p021_o0384,pass_n5,일단합격JLPT완벽대비N5-단어장.pdf,pass,N5,21,384,,유의어,,≒ ドアは しまって いません,ドアはしまっていません,문은 닫혀 있지 않습니다,≒ ドアは しまって いません,ドアはしまっていません,,문은 닫혀 있지 않습니다,sentence,0,,,new,1,verified,"sentence 항목: 원본 보존, 앱 기본 목록 제외"
pass_n5_p021_o0385,pass_n5,일단합격JLPT완벽대비N5-단어장.pdf,pass,N5,21,385,,유의어,,としょかんに 行きました,としょかんにいきました,도서관에 갔습니다,としょかんに 行きました,としょかんにいきました,,도서관에 갔습니다,sentence,0,,,new,1,verified,"sentence 항목: 원본 보존, 앱 기본 목록 제외"
pass_n5_p021_o0386,pass_n5,일단합격JLPT완벽대비N5-단어장.pdf,pass,N5,21,386,,유의어,,≒ 本を かりました,ほんをかりました,책을 빌렸습니다,≒ 本を かりました,ほんをかりました,,책을 빌렸습니다,sentence,0,,,new,1,verified,"sentence 항목: 원본 보존, 앱 기본 목록 제외"
pass_n5_p021_o0387,pass_n5,일단합격JLPT완벽대비N5-단어장.pdf,pass,N5,21,387,,유의어,,なぜ,なぜ,왜,なぜ,なぜ,,왜,word,1,,,new,1,verified,
pass_n5_p021_o0388,pass_n5,일단합격JLPT완벽대비N5-단어장.pdf,pass,N5,21,388,,유의어,,≒ どうして,どうして,왜,≒ どうして,どうして,,왜,sentence,0,,,new,1,verified,"sentence 항목: 원본 보존, 앱 기본 목록 제외"
pass_n5_p021_o0389,pass_n5,일단합격JLPT완벽대비N5-단어장.pdf,pass,N5,21,389,,유의어,,にぎやかです,にぎやかです,떠들썩합니다,にぎやかです,にぎやかです,,떠들썩합니다,word,1,,,new,1,verified,
pass_n5_p021_o0390,pass_n5,일단합격JLPT완벽대비N5-단어장.pdf,pass,N5,21,390,,유의어,,≒ 人が おおぜい います,ひとがおおぜいいます,사람이 많이 있습니다,≒ 人が おおぜい います,ひとがおおぜいいます,,사람이 많이 있습니다,sentence,0,,,new,1,verified,"sentence 항목: 원본 보존, 앱 기본 목록 제외"
pass_n5_p021_o0391,pass_n5,일단합격JLPT완벽대비N5-단어장.pdf,pass,N5,21,391,,유의어,,日本語を ならう,にほんごをならう,일본어를 배우다,日本語を ならう,にほんごをならう,,일본어를 배우다,expression,0,,,new,1,verified,"expression 항목: 원본 보존, 앱 기본 목록 제외"
pass_n5_p021_o0392,pass_n5,일단합격JLPT완벽대비N5-단어장.pdf,pass,N5,21,392,,유의어,,≒ 日本語を 勉強して いる,にほんごをべんきょうしている,일본어를 공부하고 있다,≒ 日本語を 勉強して いる,にほんごをべんきょうしている,,일본어를 공부하고 있다,sentence,0,,,new,1,verified,"sentence 항목: 원본 보존, 앱 기본 목록 제외"
pass_n5_p022_o0393,pass_n5,일단합격JLPT완벽대비N5-단어장.pdf,pass,N5,22,393,,유의어,,はじめて 行きます,はじめていきます,처음 갑니다,はじめて 行きます,はじめていきます,,처음 갑니다,sentence,0,,,new,1,verified,"sentence 항목: 원본 보존, 앱 기본 목록 제외"
pass_n5_p022_o0394,pass_n5,일단합격JLPT완벽대비N5-단어장.pdf,pass,N5,22,394,,유의어,,≒ まだ 行って いません,まだいっていません,아직 가지 않았습니다,≒ まだ 行って いません,まだいっていません,,아직 가지 않았습니다,sentence,0,,,new,1,verified,"sentence 항목: 원본 보존, 앱 기본 목록 제외"
pass_n5_p022_o0395,pass_n5,일단합격JLPT완벽대비N5-단어장.pdf,pass,N5,22,395,,유의어,,ひまでした,ひまでした,한가했습니다,ひまでした,ひまでした,,한가했습니다,word,1,,,new,1,verified,
pass_n5_p022_o0396,pass_n5,일단합격JLPT완벽대비N5-단어장.pdf,pass,N5,22,396,,유의어,,≒ いそがしく なかったです,いそがしくなかったです,바쁘지 않았습니다,≒ いそがしく なかったです,いそがしくなかったです,,바쁘지 않았습니다,sentence,0,,,new,1,verified,"sentence 항목: 원본 보존, 앱 기본 목록 제외"
pass_n5_p022_o0397,pass_n5,일단합격JLPT완벽대비N5-단어장.pdf,pass,N5,22,397,,유의어,,へたです,へたです,서툽니다,へたです,へたです,,서툽니다,word,1,,,new,1,verified,
pass_n5_p022_o0398,pass_n5,일단합격JLPT완벽대비N5-단어장.pdf,pass,N5,22,398,,유의어,,≒ じょうずでは ありません,じょうずではありません,능숙하지 않습니다,≒ じょうずでは ありません,じょうずではありません,,능숙하지 않습니다,sentence,0,,,new,1,verified,"sentence 항목: 원본 보존, 앱 기본 목록 제외"
pass_n5_p022_o0399,pass_n5,일단합격JLPT완벽대비N5-단어장.pdf,pass,N5,22,399,,유의어,,ボールペン,ボールペン,볼펜,ボールペン,ボールペン,,볼펜,word,1,,,new,1,verified,
pass_n5_p022_o0400,pass_n5,일단합격JLPT완벽대비N5-단어장.pdf,pass,N5,22,400,,유의어,,≒ これで てがみを かきます,これでてがみをかきます,이것으로 편지를 씁니다,≒ これで てがみを かきます,これでてがみをかきます,,이것으로 편지를 씁니다,sentence,0,,,new,1,verified,"sentence 항목: 원본 보존, 앱 기본 목록 제외"
pass_n5_p022_o0401,pass_n5,일단합격JLPT완벽대비N5-단어장.pdf,pass,N5,22,401,,유의어,,まずい,まずい,맛없다,まずい,まずい,,맛없다,word,1,,,new,1,verified,
pass_n5_p022_o0402,pass_n5,일단합격JLPT완벽대비N5-단어장.pdf,pass,N5,22,402,,유의어,,≒ おいしくない,おいしくない,맛있지 않다,≒ おいしくない,おいしくない,,맛있지 않다,sentence,0,,,new,1,verified,"sentence 항목: 원본 보존, 앱 기본 목록 제외"
pass_n5_p022_o0403,pass_n5,일단합격JLPT완벽대비N5-단어장.pdf,pass,N5,22,403,,유의어,,むずかしく ありません,むずかしくありません,어렵지 않습니다,むずかしく ありません,むずかしくありません,,어렵지 않습니다,sentence,0,,,new,1,verified,"sentence 항목: 원본 보존, 앱 기본 목록 제외"
pass_n5_p022_o0404,pass_n5,일단합격JLPT완벽대비N5-단어장.pdf,pass,N5,22,404,,유의어,,≒ やさしいです,やさしいです,쉽습니다,≒ やさしいです,やさしいです,,쉽습니다,sentence,0,,,new,1,verified,"sentence 항목: 원본 보존, 앱 기본 목록 제외"
pass_n5_p023_o0405,pass_n5,일단합격JLPT완벽대비N5-단어장.pdf,pass,N5,23,405,,유의어,,むずかしく なかったです,むずかしくなかったです,어렵지 않았습니다,むずかしく なかったです,むずかしくなかったです,,어렵지 않았습니다,sentence,0,,,new,1,verified,"sentence 항목: 원본 보존, 앱 기본 목록 제외"
pass_n5_p023_o0406,pass_n5,일단합격JLPT완벽대비N5-단어장.pdf,pass,N5,23,406,,유의어,,≒ かんたんでした,かんたんでした,간단했습니다,≒ かんたんでした,かんたんでした,,간단했습니다,sentence,0,,,new,1,verified,"sentence 항목: 원본 보존, 앱 기본 목록 제외"
pass_n5_p023_o0407,pass_n5,일단합격JLPT완벽대비N5-단어장.pdf,pass,N5,23,407,,유의어,,もう すぐ おわります,もうすぐおわります,이제 곧 끝납니다,もう すぐ おわります,もうすぐおわります,,이제 곧 끝납니다,sentence,0,,,new,1,verified,"sentence 항목: 원본 보존, 앱 기본 목록 제외"
pass_n5_p023_o0408,pass_n5,일단합격JLPT완벽대비N5-단어장.pdf,pass,N5,23,408,,유의어,,≒ まだ おわって いません,まだおわっていません,아직 끝나지 않았습니다,≒ まだ おわって いません,まだおわっていません,,아직 끝나지 않았습니다,sentence,0,,,new,1,verified,"sentence 항목: 원본 보존, 앱 기본 목록 제외"
pass_n5_p023_o0409,pass_n5,일단합격JLPT완벽대비N5-단어장.pdf,pass,N5,23,409,,유의어,,野菜や 果物を うって いる,やさいやくだものをうっている,야채나 과일을 팔고 있다,野菜や 果物を うって いる,やさいやくだものをうっている,,야채나 과일을 팔고 있다,expression,0,,,new,1,verified,"expression 항목: 원본 보존, 앱 기본 목록 제외"
pass_n5_p023_o0410,pass_n5,일단합격JLPT완벽대비N5-단어장.pdf,pass,N5,23,410,,유의어,,≒ ここは やおやです,ここはやおやです,이곳은 야채가게입니다,≒ ここは やおやです,ここはやおやです,,이곳은 야채가게입니다,sentence,0,,,new,1,verified,"sentence 항목: 원본 보존, 앱 기본 목록 제외"
pass_n5_p023_o0411,pass_n5,일단합격JLPT완벽대비N5-단어장.pdf,pass,N5,23,411,,유의어,,ゆうびんきょく,ゆうびんきょく,우체국,ゆうびんきょく,ゆうびんきょく,,우체국,word,1,,,new,1,verified,
pass_n5_p023_o0412,pass_n5,일단합격JLPT완벽대비N5-단어장.pdf,pass,N5,23,412,,유의어,,≒ きって などを うって います,きってなどをうっています,우표 등을 팔고 있습니다,≒ きって などを うって います,きってなどをうっています,,우표 등을 팔고 있습니다,sentence,0,,,new,1,verified,"sentence 항목: 원본 보존, 앱 기본 목록 제외"
pass_n5_p023_o0413,pass_n5,일단합격JLPT완벽대비N5-단어장.pdf,pass,N5,23,413,,유의어,,ゆうべ,ゆうべ,어젯밤,ゆうべ,ゆうべ,,어젯밤,word,1,,,new,1,verified,
pass_n5_p023_o0414,pass_n5,일단합격JLPT완벽대비N5-단어장.pdf,pass,N5,23,414,,유의어,,≒ きのうの よる,きのうのよる,어젯밤,≒ きのうの よる,きのうのよる,,어젯밤,sentence,0,,,new,1,verified,"sentence 항목: 원본 보존, 앱 기본 목록 제외"
pass_n5_p023_o0415,pass_n5,일단합격JLPT완벽대비N5-단어장.pdf,pass,N5,23,415,,유의어,,ゆうめいだ,ゆうめいだ,유명하다,ゆうめいだ,ゆうめいだ,,유명하다,word,1,,,new,1,verified,
pass_n5_p023_o0416,pass_n5,일단합격JLPT완벽대비N5-단어장.pdf,pass,N5,23,416,,유의어,,≒ みんな しって いる,みんなしっている,모두 알고 있다,≒ みんな しって いる,みんなしっている,,모두 알고 있다,sentence,0,,,new,1,verified,"sentence 항목: 원본 보존, 앱 기본 목록 제외"
pass_n5_p024_o0417,pass_n5,일단합격JLPT완벽대비N5-단어장.pdf,pass,N5,24,417,,유의어,,りゅうがくせいです,りゅうがくせいです,유학생입니다,りゅうがくせいです,りゅうがくせいです,,유학생입니다,sentence,0,,,new,1,verified,"sentence 항목: 원본 보존, 앱 기본 목록 제외"
pass_n5_p024_o0418,pass_n5,일단합격JLPT완벽대비N5-단어장.pdf,pass,N5,24,418,,유의어,,≒ べんきょうを しに きました,べんきょうをしにきました,공부를 하러 왔습니다,≒ べんきょうを しに きました,べんきょうをしにきました,,공부를 하러 왔습니다,sentence,0,,,new,1,verified,"sentence 항목: 원본 보존, 앱 기본 목록 제외"
pass_n5_p024_o0419,pass_n5,일단합격JLPT완벽대비N5-단어장.pdf,pass,N5,24,419,,유의어,,両親は でかけて います,りょうしんはでかけています,부모님은 외출했습니다,両親は でかけて います,りょうしんはでかけています,,부모님은 외출했습니다,sentence,0,,,new,1,verified,"sentence 항목: 원본 보존, 앱 기본 목록 제외"
pass_n5_p024_o0420,pass_n5,일단합격JLPT완벽대비N5-단어장.pdf,pass,N5,24,420,,유의어,,≒ 父も 母も 家に いません,ちちもははもいえにいません,아빠도 엄마도 집에 없습니다,≒ 父も 母も 家に いません,ちちもははもいえにいません,,아빠도 엄마도 집에 없습니다,sentence,0,,,new,1,verified,"sentence 항목: 원본 보존, 앱 기본 목록 제외"
pass_n5_p024_o0421,pass_n5,일단합격JLPT완벽대비N5-단어장.pdf,pass,N5,24,421,,유의어,,れいぞうこ,れいぞうこ,냉장고,れいぞうこ,れいぞうこ,,냉장고,word,1,,,new,1,verified,
pass_n5_p024_o0422,pass_n5,일단합격JLPT완벽대비N5-단어장.pdf,pass,N5,24,422,,유의어,,≒ ぎゅうにゅうを 入れる,ぎゅうにゅうをいれる,우유를 넣다,≒ ぎゅうにゅうを 入れる,ぎゅうにゅうをいれる,,우유를 넣다,sentence,0,,,new,1,verified,"sentence 항목: 원본 보존, 앱 기본 목록 제외"
pass_n5_p024_o0423,pass_n5,일단합격JLPT완벽대비N5-단어장.pdf,pass,N5,24,423,,유의어,,Aは Bと けっこんする,AはBとけっこんする,A는 B와 결혼한다,Aは Bと けっこんする,AはBとけっこんする,,A는 B와 결혼한다,expression,0,,,new,1,verified,"expression 항목: 원본 보존, 앱 기본 목록 제외"
pass_n5_p024_o0424,pass_n5,일단합격JLPT완벽대비N5-단어장.pdf,pass,N5,24,424,,유의어,,≒ Bは Aの おくさんに なる,BはAのおくさんになる,B는 A의 부인이 되다,≒ Bは Aの おくさんに なる,BはAのおくさんになる,,B는 A의 부인이 되다,sentence,0,,,new,1,verified,"sentence 항목: 원본 보존, 앱 기본 목록 제외"
pass_n5_p024_o0425,pass_n5,일단합격JLPT완벽대비N5-단어장.pdf,pass,N5,24,425,,유의어,,Aは Bに 漢字を ならいました,AはBにかんじをならいました,A는 B에게 한자를 배웠습니다,Aは Bに 漢字を ならいました,AはBにかんじをならいました,,A는 B에게 한자를 배웠습니다,sentence,0,,,new,1,verified,"sentence 항목: 원본 보존, 앱 기본 목록 제외"
pass_n5_p024_o0426,pass_n5,일단합격JLPT완벽대비N5-단어장.pdf,pass,N5,24,426,,유의어,,≒ Bは Aに 漢字を おしえました,BはAにかんじをおしえました,B는 A에게 한자를 가르쳤습니다,≒ Bは Aに 漢字を おしえました,BはAにかんじをおしえました,,B는 A에게 한자를 가르쳤습니다,sentence,0,,,new,1,verified,"sentence 항목: 원본 보존, 앱 기본 목록 제외"
