id,app_level,naver_level,status,surface,reading_kana,naver_entry,naver_reading,naver_frequency_add,naver_entry_id,match_basis,candidate_levels,source_url,checked_at,note
w_5444ad9790d180e8,N1,N3,mismatch,いい加減,いいかげん,いい加減·好い加減,いいかげん,JLPT 3,4b1eb576beac47b8b4d7ea4bc0f5d9a0,surface+reading,N3,https://ja.dict.naver.com/#/search?query=%E3%81%84%E3%81%84%E5%8A%A0%E6%B8%9B,2026-08-19T00:31:52+0900,
w_6bd4411a881b3eb1,N1,N2,mismatch,おおげさ,おおげさ,大げさ·大袈裟,おおげさ,JLPT 2,80b2ed8673064d5fbe958f8c2d882103,surface+reading,N2,https://ja.dict.naver.com/#/search?query=%E3%81%8A%E3%81%8A%E3%81%92%E3%81%95,2026-08-19T00:31:52+0900,
w_36103f319bbb1adc,N1,N2,mismatch,おまけ,おまけ,お負け·御負け,おまけ,JLPT 2,01252b4a0f9c4af6851a401d803dd62f,surface+reading,N2,https://ja.dict.naver.com/#/search?query=%E3%81%8A%E3%81%BE%E3%81%91,2026-08-19T00:31:52+0900,
w_83d7e9a89b603bbb,N1,N3,mismatch,おんぶ,おんぶ,負んぶ,おんぶ,JLPT 3,af2816f3d7e44541ae79ccec5ad1df1b,surface+reading,N3,https://ja.dict.naver.com/#/search?query=%E3%81%8A%E3%82%93%E3%81%B6,2026-08-19T00:31:52+0900,
w_e7ed78ebf1aa1734,N1,N3,mismatch,こっそり,こっそり,こっそり,こっそり,JLPT 3,4cb045abaa064a34af47e0911a73f604,surface+reading,N3,https://ja.dict.naver.com/#/search?query=%E3%81%93%E3%81%A3%E3%81%9D%E3%82%8A,2026-08-19T00:31:52+0900,
w_2c0a491e51162b7d,N1,N2,mismatch,だらしない,だらしない,だらしない,だらしない,JLPT 2,9d2584f917754eadaf90099ad217bf5b,surface+reading,N2,https://ja.dict.naver.com/#/search?query=%E3%81%A0%E3%82%89%E3%81%97%E3%81%AA%E3%81%84,2026-08-19T00:31:52+0900,
w_560fcad7938d0b0c,N1,N2,mismatch,つねる,つねる,抓る,つねる,JLPT 2,e328d63e77fb474eb457746b84f69914,surface+reading,N2,https://ja.dict.naver.com/#/search?query=%E3%81%A4%E3%81%AD%E3%82%8B,2026-08-19T00:31:52+0900,
w_19305ba76991bd08,N1,N2,mismatch,とっくに,とっくに,疾っくに,とっくに,JLPT 2,95f3f36a952d4732967c13ecda929b12,surface+reading,N2,https://ja.dict.naver.com/#/search?query=%E3%81%A8%E3%81%A3%E3%81%8F%E3%81%AB,2026-08-19T00:31:52+0900,
w_b52e594ce0eb0d25,N1,N2,mismatch,とりあえず,とりあえず,取り敢えず,とりあえず,JLPT 2,a09a979bb1f34b3da751d3efa1e93fb9,surface+reading,N2,https://ja.dict.naver.com/#/search?query=%E3%81%A8%E3%82%8A%E3%81%82%E3%81%88%E3%81%9A,2026-08-19T00:31:52+0900,
w_33e620d8eaf9dd33,N1,N4,mismatch,はっきり,はっきり,はっきり,はっきり,JLPT 4,40928ca64c69430d95d8ca27b898ea8a,surface+reading,N4,https://ja.dict.naver.com/#/search?query=%E3%81%AF%E3%81%A3%E3%81%8D%E3%82%8A,2026-08-19T00:31:52+0900,
w_c1de77401a2512e8,N1,N2,mismatch,ぼんやり,ぼんやり,ぼんやり,ぼんやり,JLPT 2,f442f0ad872d441a9c91dbb46b151dcb,surface+reading,N2,https://ja.dict.naver.com/#/search?query=%E3%81%BC%E3%82%93%E3%82%84%E3%82%8A,2026-08-19T00:31:52+0900,
w_dd2e5667291d8b49,N1,N2,mismatch,もしかして,もしかして,若しかして,もしかして,JLPT 2,30bbd89356a544169fabe185e8a44f01,surface+reading,N2,https://ja.dict.naver.com/#/search?query=%E3%82%82%E3%81%97%E3%81%8B%E3%81%97%E3%81%A6,2026-08-19T00:31:52+0900,
w_bf03a7c1b0d7b64c,N1,N4,mismatch,やはり,やはり,矢張り,やはり,JLPT 4,8b1a69bf8cb9484ba7b2d9329b8ed819,surface+reading,N4,https://ja.dict.naver.com/#/search?query=%E3%82%84%E3%81%AF%E3%82%8A,2026-08-19T00:31:52+0900,
w_c44d9c0b597af16a,N1,N3,mismatch,わざと,わざと,態と,わざと,JLPT 3,7765f6b666d141999218ded983fff189,surface+reading,N3,https://ja.dict.naver.com/#/search?query=%E3%82%8F%E3%81%96%E3%81%A8,2026-08-19T00:31:52+0900,
w_0749cb9bf874ff70,N1,N4,mismatch,わざわざ,わざわざ,態態,わざわざ,JLPT 4,fa73b839cdfe4cf9b1e01775c9f49279,surface+reading,N4,https://ja.dict.naver.com/#/search?query=%E3%82%8F%E3%81%96%E3%82%8F%E3%81%96,2026-08-19T00:31:52+0900,
w_0c825fbe71037413,N1,N3,mismatch,アマチュア,アマチュア,アマチュア,アマチュア,JLPT 3,6625fcac0aad4d7891c92de6ac03fdeb,surface+reading,N3,https://ja.dict.naver.com/#/search?query=%E3%82%A2%E3%83%9E%E3%83%81%E3%83%A5%E3%82%A2,2026-08-19T00:31:52+0900,
w_4f074a3de205fb12,N1,N3,mismatch,カーペット,カーペット,カーペット,カーペット,JLPT 3,f3f4d03763b44533a12d936786cde07a,surface+reading,N3,https://ja.dict.naver.com/#/search?query=%E3%82%AB%E3%83%BC%E3%83%9A%E3%83%83%E3%83%88,2026-08-19T00:31:52+0900,
w_edb196369622bda4,N1,N3,mismatch,クイズ,クイズ,クイズ,クイズ,JLPT 3,d8a40b192d5d4d949a625d8a77c9941f,surface+reading,N3,https://ja.dict.naver.com/#/search?query=%E3%82%AF%E3%82%A4%E3%82%BA,2026-08-19T00:31:52+0900,
w_5036fc069c57f6e4,N1,N3,mismatch,サボる,サボる,サボる,サボる,JLPT 3,d56e1084ea46454b85538473d63e3f30,surface+reading,N3,https://ja.dict.naver.com/#/search?query=%E3%82%B5%E3%83%9C%E3%82%8B,2026-08-19T00:31:52+0900,
w_87dc0f0b335d2713,N1,N3,mismatch,セール,セール,セール,セール,JLPT 3,c374547bcbfe403fb9ce99d31b1fe5e6,surface+reading,N3,https://ja.dict.naver.com/#/search?query=%E3%82%BB%E3%83%BC%E3%83%AB,2026-08-19T00:31:52+0900,
w_99eaed30cb8182a3,N1,N3,mismatch,ソース,ソース,ソース,ソース,JLPT 3,c9befc6853b54f609351116eacc14220,surface+reading,N3,https://ja.dict.naver.com/#/search?query=%E3%82%BD%E3%83%BC%E3%82%B9,2026-08-19T00:31:52+0900,
w_091ad7cf6f4a2599,N1,N3,mismatch,ファイル,ファイル,ファイル,ファイル,JLPT 3,945de448fdd049349ae08d40ffac0564,surface+reading,N3,https://ja.dict.naver.com/#/search?query=%E3%83%95%E3%82%A1%E3%82%A4%E3%83%AB,2026-08-19T00:31:52+0900,
w_8ab0cb6313ded950,N1,N2,mismatch,ブーム,ブーム,ブーム,ブーム,JLPT 2,fb9fe7d619a14e9489c2a1edb166b193,surface+reading,N2,https://ja.dict.naver.com/#/search?query=%E3%83%96%E3%83%BC%E3%83%A0,2026-08-19T00:31:52+0900,
w_1294ac2a1e22448f,N1,N2,mismatch,上昇,じょうしょう,上昇,じょうしょう,JLPT 2,0e1ccdab67fb42f19c601e437a85af93,surface+reading,N2,https://ja.dict.naver.com/#/search?query=%E4%B8%8A%E6%98%87,2026-08-19T00:31:52+0900,
w_4d6060d54891b9bd,N1,N2,mismatch,与党,よとう,与党,よとう,JLPT 2,15a50656981f489085f9f12bdbe1678c,surface+reading,N2,https://ja.dict.naver.com/#/search?query=%E4%B8%8E%E5%85%9A,2026-08-19T00:31:52+0900,
w_62cfbbecfdde0438,N1,N2,mismatch,中立,ちゅうりつ,中立,ちゅうりつ,JLPT 2,dcbb6f9adf8048dfa395c9b36e9b3c94,surface+reading,N2,https://ja.dict.naver.com/#/search?query=%E4%B8%AD%E7%AB%8B,2026-08-19T00:31:52+0900,
w_fe14dae7b5a4d915,N1,N2,mismatch,主人公,しゅじんこう,主人公,しゅじんこう,JLPT 2,8c8c4dcbd249410d95f70ab184fde574,surface+reading,N2,https://ja.dict.naver.com/#/search?query=%E4%B8%BB%E4%BA%BA%E5%85%AC,2026-08-19T00:31:52+0900,
w_b3aa8b29508c29ea,N1,N2,mismatch,予感,よかん,予感,よかん,JLPT 2,22452a1e9fbc482085b68934f2ca7f6a,surface+reading,N2,https://ja.dict.naver.com/#/search?query=%E4%BA%88%E6%84%9F,2026-08-19T00:31:52+0900,
w_72f8baa2f8921677,N1,N3,mismatch,事前,じぜん,事前,じぜん,JLPT 3,83f79337a90a4f66909875d78e35b7ab,surface+reading,N3,https://ja.dict.naver.com/#/search?query=%E4%BA%8B%E5%89%8D,2026-08-19T00:31:52+0900,
w_926f4771fcecf598,N1,N2,mismatch,人込み,ひとごみ,人込み·人混み,ひとごみ,JLPT 2,344326482695406bb83cedb5f4f485c7,surface+reading,N2,https://ja.dict.naver.com/#/search?query=%E4%BA%BA%E8%BE%BC%E3%81%BF,2026-08-19T00:31:52+0900,
w_f3ca2a5e06ac76c9,N1,N5,mismatch,今,いま,今,いま,JLPT 5,20c7b73643034ecda93cf417561475da,surface+reading,N5,https://ja.dict.naver.com/#/search?query=%E4%BB%8A,2026-08-19T00:31:52+0900,
w_9424d4c3c0570739,N1,N2,mismatch,会見,かいけん,会見,かいけん,JLPT 2,8d4c7716f9cc42c09e5f9e84e5dbfba7,surface+reading,N2,https://ja.dict.naver.com/#/search?query=%E4%BC%9A%E8%A6%8B,2026-08-19T00:31:52+0900,
w_bc0eadeaca2b5838,N1,N2,mismatch,侵す,おかす,侵す,おかす,JLPT 2,ecc56ceacfa941a98dd3cc8309ffc011,surface+reading,N2,https://ja.dict.naver.com/#/search?query=%E4%BE%B5%E3%81%99,2026-08-19T00:31:52+0900,
w_490c8ee9a9d36b98,N1,N2,mismatch,修士,しゅうし,修士,しゅうし,JLPT 2,3c9788da364f44138c1f102962d30d80,surface+reading,N2,https://ja.dict.naver.com/#/search?query=%E4%BF%AE%E5%A3%AB,2026-08-19T00:31:52+0900,
w_cc460923fb09d8e9,N1,N2,mismatch,値引き,ねびき,値引き,ねびき,JLPT 2,d17f5efcd9f64906bfb88c130abb797c,surface+reading,N2,https://ja.dict.naver.com/#/search?query=%E5%80%A4%E5%BC%95%E3%81%8D,2026-08-19T00:31:52+0900,
w_9ae67da3aa5ed86c,N1,N2,mismatch,催促,さいそく,催促,さいそく,JLPT 2,0759f2e584c84c08a222e38d69442040,surface+reading,N2,https://ja.dict.naver.com/#/search?query=%E5%82%AC%E4%BF%83,2026-08-19T00:31:52+0900,
w_a28f5088afcbce42,N1,N2,mismatch,儀式,ぎしき,儀式,ぎしき,JLPT 2,7d042c5723564c66b214eaba8dfe332d,surface+reading,N2,https://ja.dict.naver.com/#/search?query=%E5%84%80%E5%BC%8F,2026-08-19T00:31:52+0900,
w_b142ed2d5447ef25,N1,N3,mismatch,入浴,にゅうよく,入浴,にゅうよく,JLPT 3,59138bb52d024deb9566982199e7f1c0,surface+reading,N3,https://ja.dict.naver.com/#/search?query=%E5%85%A5%E6%B5%B4,2026-08-19T00:31:52+0900,
w_1038be624cbeff33,N1,N3,mismatch,公立,こうりつ,公立,こうりつ,JLPT 3,dd8acf7e99ff423c95ba67e60b8cece5,surface+reading,N3,https://ja.dict.naver.com/#/search?query=%E5%85%AC%E7%AB%8B,2026-08-19T00:31:52+0900,
w_fbbec196d088d24b,N1,N4,mismatch,内部,ないぶ,内部,ないぶ,JLPT 4,518d6385015c4404a1d843550558a0ab,surface+reading,N4,https://ja.dict.naver.com/#/search?query=%E5%86%85%E9%83%A8,2026-08-19T00:31:52+0900,
w_62d571d47c3c4f23,N1,N3,mismatch,再生,さいせい,再生,さいせい,JLPT 3,a89a80a28076461aa9a77ec08d4e1dad,surface+reading,N3,https://ja.dict.naver.com/#/search?query=%E5%86%8D%E7%94%9F,2026-08-19T00:31:52+0900,
w_de46662f2a1c5c26,N1,N2,mismatch,出世,しゅっせ,出世,しゅっせ,JLPT 2,8924fbf454144020862666f0218ff116,surface+reading,N2,https://ja.dict.naver.com/#/search?query=%E5%87%BA%E4%B8%96,2026-08-19T00:31:52+0900,
w_0b8162e8a956baa8,N1,N3,mismatch,出現,しゅつげん,出現,しゅつげん,JLPT 3,8cc8cba154154f7fbf92be14022f1690,surface+reading,N3,https://ja.dict.naver.com/#/search?query=%E5%87%BA%E7%8F%BE,2026-08-19T00:31:52+0900,
w_42ff827a6a6ee5a4,N1,N3,mismatch,出血,しゅっけつ,出血,しゅっけつ,JLPT 3,508395cab2274ec9b368103c40a81fbc,surface+reading,N3,https://ja.dict.naver.com/#/search?query=%E5%87%BA%E8%A1%80,2026-08-19T00:31:52+0900,
w_ca953bed102a78e0,N1,N2,mismatch,刺激,しげき,刺激·刺戟,しげき,JLPT 2,19d86b96b7444e608a2427d2a1988de5,surface+reading,N2,https://ja.dict.naver.com/#/search?query=%E5%88%BA%E6%BF%80,2026-08-19T00:31:52+0900,
w_2e1e954992370fb5,N1,N2,mismatch,加工,かこう,加工,かこう,JLPT 2,10f9ac89f0f948d89f3fcad8546a27ea,surface+reading,N2,https://ja.dict.naver.com/#/search?query=%E5%8A%A0%E5%B7%A5,2026-08-19T00:31:52+0900,
w_a194a199ac33ba67,N1,N2,mismatch,勘違い,かんちがい,勘違い,かんちがい,JLPT 2,6f23fd13a4e94ba6a229b909464d6c56,surface+reading,N2,https://ja.dict.naver.com/#/search?query=%E5%8B%98%E9%81%95%E3%81%84,2026-08-19T00:31:52+0900,
w_c78091c846e50438,N1,N2,mismatch,勝手,かって,勝手,かって,JLPT 2,077aa8b397ed43a5a24602242f0640a0,surface+reading,N2,https://ja.dict.naver.com/#/search?query=%E5%8B%9D%E6%89%8B,2026-08-19T00:31:52+0900,
w_083110abbbdd96a9,N1,N3,mismatch,勤務,きんむ,勤務,きんむ,JLPT 3,3a6c52ce0f0e4a12809c871a20e8312f,surface+reading,N3,https://ja.dict.naver.com/#/search?query=%E5%8B%A4%E5%8B%99,2026-08-19T00:31:52+0900,
w_f188e898ae361566,N1,N3,mismatch,区間,くかん,区間,くかん,JLPT 3,84d807be0c5b45f5a4f32fcfa3f0fe1a,surface+reading,N3,https://ja.dict.naver.com/#/search?query=%E5%8C%BA%E9%96%93,2026-08-19T00:31:52+0900,
w_c28fb92615732879,N1,N2,mismatch,危機,きき,危機,きき,JLPT 2,715133db314d4cf280bcc0f94ddb7dbd,surface+reading,N2,https://ja.dict.naver.com/#/search?query=%E5%8D%B1%E6%A9%9F,2026-08-19T00:31:52+0900,
w_a89d7543de8ec945,N1,N2,mismatch,原油,げんゆ,原油,げんゆ,JLPT 2,1032b9ce3de24550806d58fcc0115ac3,surface+reading,N2,https://ja.dict.naver.com/#/search?query=%E5%8E%9F%E6%B2%B9,2026-08-19T00:31:52+0900,
w_bcc0efdd6b74a1bd,N1,N2,mismatch,及ぼす,およぼす,及ぼす,およぼす,JLPT 2,781422eab1b14b1fb0c69a2725eb874b,surface+reading,N2,https://ja.dict.naver.com/#/search?query=%E5%8F%8A%E3%81%BC%E3%81%99,2026-08-19T00:31:52+0900,
w_0a26d2d517964369,N1,N2,mismatch,収穫,しゅうかく,収穫,しゅうかく,JLPT 2,31043c03d11440e7a55309e0437e6a29,surface+reading,N2,https://ja.dict.naver.com/#/search?query=%E5%8F%8E%E7%A9%AB,2026-08-19T00:31:52+0900,
w_09f9d0ec34ca3273,N1,N3,mismatch,取引,とりひき,取(り)引き·取引,とりひき,JLPT 3,48507eeae9e6452ea5609de02ec00bcb,surface+reading,N3,https://ja.dict.naver.com/#/search?query=%E5%8F%96%E5%BC%95,2026-08-19T00:31:52+0900,
w_057a2d4f18dc0df8,N1,N2,mismatch,取材,しゅざい,取材,しゅざい,JLPT 2,196553face854fa1b076a82a1e88699c,surface+reading,N2,https://ja.dict.naver.com/#/search?query=%E5%8F%96%E6%9D%90,2026-08-19T00:31:52+0900,
w_1c744b6ac9024a7f,N1,N3,mismatch,受かる,うかる,受かる,うかる,JLPT 3,6668414a83174625b9e94a3bca1c7462,surface+reading,N3,https://ja.dict.naver.com/#/search?query=%E5%8F%97%E3%81%8B%E3%82%8B,2026-08-19T00:31:52+0900,
w_3547830dc8c6d8f4,N1,N2,mismatch,可決,かけつ,可決,かけつ,JLPT 2,9ee46765df8049909df78cd31c94a9d9,surface+reading,N2,https://ja.dict.naver.com/#/search?query=%E5%8F%AF%E6%B1%BA,2026-08-19T00:31:52+0900,
w_56671cf6f44aa64f,N1,N2,mismatch,向上,こうじょう,向上,こうじょう,JLPT 2,689df6fe3cf94ec3bd7ec36bd1342eac,surface+reading,N2,https://ja.dict.naver.com/#/search?query=%E5%90%91%E4%B8%8A,2026-08-19T00:31:52+0900,
w_ae8d80783992121a,N1,N2,mismatch,唾,つば,唾,つば,JLPT 2,53ed9b0c8a3f4d78b0314053dff8c2a8,surface+reading,N2,https://ja.dict.naver.com/#/search?query=%E5%94%BE,2026-08-19T00:31:52+0900,
w_a7a6ba2dbf9c7091,N1,N4,mismatch,国産,こくさん,国産,こくさん,JLPT 4,f50132f0d1f04eceb89c2751250d0c13,surface+reading,N4,https://ja.dict.naver.com/#/search?query=%E5%9B%BD%E7%94%A3,2026-08-19T00:31:52+0900,
w_6febdabe19861b63,N1,N2,mismatch,執着,しゅうちゃく,執着,しゅうちゃく,JLPT 2,7d0ad489a1ae49b88a82d3d11c7e5ce3,surface+reading,N2,https://ja.dict.naver.com/#/search?query=%E5%9F%B7%E7%9D%80,2026-08-19T00:31:52+0900,
w_640bd7cd344f9876,N1,N2,mismatch,執筆,しっぴつ,執筆,しっぴつ,JLPT 2,74b2f846a6f94c8eaf245deda4d5f9f1,surface+reading,N2,https://ja.dict.naver.com/#/search?query=%E5%9F%B7%E7%AD%86,2026-08-19T00:31:52+0900,
w_0f5632f509adb0be,N1,N2,mismatch,基準,きじゅん,基準,きじゅん,JLPT 2,07a19330b45748f49c450cdd77d59b73,surface+reading,N2,https://ja.dict.naver.com/#/search?query=%E5%9F%BA%E6%BA%96,2026-08-19T00:31:52+0900,
w_26d6403bd2a72a0a,N1,N2,mismatch,基盤,きばん,基盤,きばん,JLPT 2,051079676bb84feda23a2987a920695f,surface+reading,N2,https://ja.dict.naver.com/#/search?query=%E5%9F%BA%E7%9B%A4,2026-08-19T00:31:52+0900,
w_4b5ad2de398d92e4,N1,N4,mismatch,壊す,こわす,壊す·毀す,こわす,JLPT 4,9090004fc35e4a71a99f9fc10a2174bc,surface+reading,N4,https://ja.dict.naver.com/#/search?query=%E5%A3%8A%E3%81%99,2026-08-19T00:31:52+0900,
w_ce2b7c1de446f647,N1,N4,mismatch,大体,だいたい,大体,だいたい,JLPT 4,8bd770c3a51b47288ac35f5af2fe26c0,surface+reading,N4,https://ja.dict.naver.com/#/search?query=%E5%A4%A7%E4%BD%93,2026-08-19T00:31:52+0900,
w_9fde5034c8ed20a1,N1,N3,mismatch,天国,てんごく,天国,てんごく,JLPT 3,78739ad346654d888b4d8ec4346a4c9d,surface+reading,N3,https://ja.dict.naver.com/#/search?query=%E5%A4%A9%E5%9B%BD,2026-08-19T00:31:52+0900,
w_105e971d9bc80c2e,N1,N3,mismatch,契約,けいやく,契約,けいやく,JLPT 3,24b5f31c8d654fa699711f44f686d6e3,surface+reading,N3,https://ja.dict.naver.com/#/search?query=%E5%A5%91%E7%B4%84,2026-08-19T00:31:52+0900,
w_9c55802ecbfd9abc,N1,N3,mismatch,好調,こうちょう,好調,こうちょう,JLPT 3,991a589d49104406a7e2b74b09072a89,surface+reading,N3,https://ja.dict.naver.com/#/search?query=%E5%A5%BD%E8%AA%BF,2026-08-19T00:31:52+0900,
w_21443492148bf3cf,N1,N2,mismatch,威張る,いばる,威張る,いばる,JLPT 2,66237489b051466cb45d3718065cdc95,surface+reading,N2,https://ja.dict.naver.com/#/search?query=%E5%A8%81%E5%BC%B5%E3%82%8B,2026-08-19T00:31:52+0900,
w_3f24b8086e8ac800,N1,N3,mismatch,寿命,じゅみょう,寿命,じゅみょう,JLPT 3,cab321a304ed467a88e9b809d9a138a0,surface+reading,N3,https://ja.dict.naver.com/#/search?query=%E5%AF%BF%E5%91%BD,2026-08-19T00:31:52+0900,
w_1046b061849458f3,N1,N5,mismatch,少ない,すくない,少ない·尠い·寡い,すくない,JLPT 5,e1e3787a5b91417196fe71e708141650,surface+reading,N5,https://ja.dict.naver.com/#/search?query=%E5%B0%91%E3%81%AA%E3%81%84,2026-08-19T00:31:52+0900,
w_884f71780b0aa82a,N1,N2,mismatch,尽きる,つきる,尽きる,つきる,JLPT 2,eefcd89d3c9b41de822a773d69b5777e,surface+reading,N2,https://ja.dict.naver.com/#/search?query=%E5%B0%BD%E3%81%8D%E3%82%8B,2026-08-19T00:31:52+0900,
w_a595b513d3df7276,N1,N3,mismatch,展示,てんじ,展示,てんじ,JLPT 3,4ca7dfc7562f485da2747b4d08d23bdb,surface+reading,N3,https://ja.dict.naver.com/#/search?query=%E5%B1%95%E7%A4%BA,2026-08-19T00:31:52+0900,
w_3f8e851da28e5142,N1,N2,mismatch,展開,てんかい,展開,てんかい,JLPT 2,466700ef355346e6ab9d9213909dc16f,surface+reading,N2,https://ja.dict.naver.com/#/search?query=%E5%B1%95%E9%96%8B,2026-08-19T00:31:52+0900,
w_b7ede41b8b91ab60,N1,N2,mismatch,崩す,くずす,崩す,くずす,JLPT 2,d144d4f9eaa94902b613bfd3dc3c01ab,surface+reading,N2,https://ja.dict.naver.com/#/search?query=%E5%B4%A9%E3%81%99,2026-08-19T00:31:52+0900,
w_0e9cab5ccd7e7e49,N1,N3,mismatch,工学,こうがく,工学,こうがく,JLPT 3,d9ddcc5de72c45b4b1ced65d06c7fe4d,surface+reading,N3,https://ja.dict.naver.com/#/search?query=%E5%B7%A5%E5%AD%A6,2026-08-19T00:31:52+0900,
w_e7d28b54b17334c9,N1,N2,mismatch,張り切る,はりきる,張(り)切る,はりきる,JLPT 2,b4019727812d4b5aa8f26018a0488584,exact-search+reading,N2,https://ja.dict.naver.com/#/search?query=%E5%BC%B5%E3%82%8A%E5%88%87%E3%82%8B,2026-08-19T00:31:52+0900,
w_d2e4b890da26b434,N1,N2,mismatch,強み,つよみ,強み·強味,つよみ,JLPT 2,a21ce28a58de46589fbd22a2d41a5ace,surface+reading,N2,https://ja.dict.naver.com/#/search?query=%E5%BC%B7%E3%81%BF,2026-08-19T00:31:52+0900,
w_1223778df0185b6a,N1,N3,mismatch,弾む,はずむ,弾む,はずむ,JLPT 3,258f35cc23ba41b5abe7c0b94a7043a5,surface+reading,N3,https://ja.dict.naver.com/#/search?query=%E5%BC%BE%E3%82%80,2026-08-19T00:31:52+0900,
w_fa06f5ed120b721a,N1,N2,mismatch,当てはめる,あてはめる,当てはめる·当て嵌める,あてはめる,JLPT 2,b723812d9fd74089a3c9d788d30f0450,surface+reading,N2,https://ja.dict.naver.com/#/search?query=%E5%BD%93%E3%81%A6%E3%81%AF%E3%82%81%E3%82%8B,2026-08-19T00:31:52+0900,
w_58c6397e55b7d298,N1,N3,mismatch,徒歩,とほ,徒歩,とほ,JLPT 3,ae7582ad8fbe4dffb658b9c83e9371df,surface+reading,N3,https://ja.dict.naver.com/#/search?query=%E5%BE%92%E6%AD%A9,2026-08-19T00:31:52+0900,
w_d7667ac0ce31a6f0,N1,N2,mismatch,思考,しこう,思考,しこう,JLPT 2,565c5e047442471b846889517ea9eaee,surface+reading,N2,https://ja.dict.naver.com/#/search?query=%E6%80%9D%E8%80%83,2026-08-19T00:31:52+0900,
w_5e25bf6cff5bc945,N1,N2,mismatch,恐れ,おそれ,恐れ·怖れ,おそれ,JLPT 2,c843157ee42849e095934927c80fe8b6,surface+reading,N2,https://ja.dict.naver.com/#/search?query=%E6%81%90%E3%82%8C,2026-08-19T00:31:52+0900,
w_fa8beb52eeb481b2,N1,N2,mismatch,恨む,うらむ,恨む·怨む,うらむ,JLPT 2,556e81ca6ef3415bbc22964fd7beb7a3,surface+reading,N2,https://ja.dict.naver.com/#/search?query=%E6%81%A8%E3%82%80,2026-08-19T00:31:52+0900,
w_0e94c5a58ac3e3d5,N1,N2,mismatch,恩恵,おんけい,恩恵,おんけい,JLPT 2,58ffd03be0da4344b048d215284cfe88,surface+reading,N2,https://ja.dict.naver.com/#/search?query=%E6%81%A9%E6%81%B5,2026-08-19T00:31:52+0900,
w_6fe6d166c741b97d,N1,N3,mismatch,悪化,あっか,悪化,あっか,JLPT 3,0229bfcd50fc4076bb15331377e6d28f,surface+reading,N3,https://ja.dict.naver.com/#/search?query=%E6%82%AA%E5%8C%96,2026-08-19T00:31:52+0900,
w_8e84fb7c733b654e,N1,N2,mismatch,情勢,じょうせい,情勢·状勢,じょうせい,JLPT 2,71bcc2ff9c3745bb91470478f146ea9c,surface+reading,N2,https://ja.dict.naver.com/#/search?query=%E6%83%85%E5%8B%A2,2026-08-19T00:31:52+0900,
w_02b500228c129778,N1,N4,mismatch,手元,てもと,手元·手許,てもと,JLPT 4,2a74e27930e34079b31c0fa81dba9a41,surface+reading,N4,https://ja.dict.naver.com/#/search?query=%E6%89%8B%E5%85%83,2026-08-19T00:31:52+0900,
w_5cec55130734fb81,N1,N2,mismatch,手間,てま,手間,てま,JLPT 2,b8dc8f7d4ade47b28e982e38c725a7d6,surface+reading,N2,https://ja.dict.naver.com/#/search?query=%E6%89%8B%E9%96%93,2026-08-19T00:31:52+0900,
w_86dda28881eccc25,N1,N2,mismatch,批判,ひはん,批判,ひはん,JLPT 2,73128949874f40dcaab488b22fbe20f1,surface+reading,N2,https://ja.dict.naver.com/#/search?query=%E6%89%B9%E5%88%A4,2026-08-19T00:31:52+0900,
w_aed729d5925e07cf,N1,N2,mismatch,承認,しょうにん,承認,しょうにん,JLPT 2,eb2595d83970424a9a47f4c02a2875f3,surface+reading,N2,https://ja.dict.naver.com/#/search?query=%E6%89%BF%E8%AA%8D,2026-08-19T00:31:52+0900,
w_bba00f8268df586d,N1,N3,mismatch,抱っこ,だっこ,抱っこ,だっこ,JLPT 3,92545cb598554a808b1a8178625b5c70,surface+reading,N3,https://ja.dict.naver.com/#/search?query=%E6%8A%B1%E3%81%A3%E3%81%93,2026-08-19T00:31:52+0900,
w_d3ca22eb86f0b77e,N1,N2,mismatch,拝む,おがむ,拝む,おがむ,JLPT 2,704a49f0851e48ccaf476b913da00b6b,surface+reading,N2,https://ja.dict.naver.com/#/search?query=%E6%8B%9D%E3%82%80,2026-08-19T00:31:52+0900,
w_d3f17036d33858fe,N1,N2,mismatch,摩擦,まさつ,摩擦,まさつ,JLPT 2,03df882ab6ca4aaea9bb151c785410d5,surface+reading,N2,https://ja.dict.naver.com/#/search?query=%E6%91%A9%E6%93%A6,2026-08-19T00:31:52+0900,
w_eeee6ddd306b93a3,N1,N2,mismatch,放出,ほうしゅつ,放出,ほうしゅつ,JLPT 2,e6c56d2083b249bfbd4f6a45b403fe73,surface+reading,N2,https://ja.dict.naver.com/#/search?query=%E6%94%BE%E5%87%BA,2026-08-19T00:31:52+0900,
w_bd42e10de1277320,N1,N2,mismatch,敬う,うやまう,敬う,うやまう,JLPT 2,b40edd04a2384f058e9a6baf353498dd,surface+reading,N2,https://ja.dict.naver.com/#/search?query=%E6%95%AC%E3%81%86,2026-08-19T00:31:52+0900,
w_5216c11371678f7c,N1,N4,mismatch,文書,ぶんしょ,文書,ぶんしょ,JLPT 4,9c6c860109de42a7b35c25f0b8a6972a,surface+reading,N4,https://ja.dict.naver.com/#/search?query=%E6%96%87%E6%9B%B8,2026-08-19T00:31:52+0900,
w_5005de69e4e6739a,N1,N2,mismatch,新人,しんじん,新人,しんじん,JLPT 2,6bd7b2b8323845d7a121252036ef9550,surface+reading,N2,https://ja.dict.naver.com/#/search?query=%E6%96%B0%E4%BA%BA,2026-08-19T00:31:52+0900,
w_9d9e7e9d82eafb85,N1,N3,mismatch,明白,めいはく,明白,めいはく,JLPT 3,1f83b054ae174ec3b7e31384f555e02c,surface+reading,N3,https://ja.dict.naver.com/#/search?query=%E6%98%8E%E7%99%BD,2026-08-19T00:31:52+0900,
w_38beb56e323966f1,N1,N3,mismatch,時刻表,じこくひょう,時刻表,じこくひょう,JLPT 3,db88583545294edf86807536279d7d37,surface+reading,N3,https://ja.dict.naver.com/#/search?query=%E6%99%82%E5%88%BB%E8%A1%A8,2026-08-19T00:31:52+0900,
w_b8dfc0821a74c355,N1,N2,mismatch,普及,ふきゅう,普及,ふきゅう,JLPT 2,4d98e5c7346641609e173e69d1aa3cb8,surface+reading,N2,https://ja.dict.naver.com/#/search?query=%E6%99%AE%E5%8F%8A,2026-08-19T00:31:52+0900,
w_7142812c8af54f40,N1,N2,mismatch,暴力,ぼうりょく,暴力,ぼうりょく,JLPT 2,2ad04ce2aafc4f16a2eccaa6d558bdf0,surface+reading,N2,https://ja.dict.naver.com/#/search?query=%E6%9A%B4%E5%8A%9B,2026-08-19T00:31:52+0900,
w_e7b002babe3d24a8,N1,N4,mismatch,本気,ほんき,本気,ほんき,JLPT 4,2323dee6705c4da7aa8ec4016d0a7afc,surface+reading,N4,https://ja.dict.naver.com/#/search?query=%E6%9C%AC%E6%B0%97,2026-08-19T00:31:52+0900,
w_ac1f7e7fd5dc7e12,N1,N2,mismatch,架空,かくう,架空,かくう,JLPT 2,c7da428def904aecb92796039dcd2ea4,surface+reading,N2,https://ja.dict.naver.com/#/search?query=%E6%9E%B6%E7%A9%BA,2026-08-19T00:31:52+0900,
w_0452fceca63971dc,N1,N2,mismatch,核心,かくしん,核心,かくしん,JLPT 2,02bd837412fb4e71a4f8921c52e3c39d,surface+reading,N2,https://ja.dict.naver.com/#/search?query=%E6%A0%B8%E5%BF%83,2026-08-19T00:31:52+0900,
w_32a07362cf383aae,N1,N2,mismatch,検討,けんとう,検討,けんとう,JLPT 2,1e686837aa4542ea869f9cf3902259a5,surface+reading,N2,https://ja.dict.naver.com/#/search?query=%E6%A4%9C%E8%A8%8E,2026-08-19T00:31:52+0900,
w_55384eab47324e75,N1,N4,mismatch,様,さま,様,さま,JLPT 4,ea4d68aa7e844d7182a16e3a6b9c5d9c,surface+reading,N4,https://ja.dict.naver.com/#/search?query=%E6%A7%98,2026-08-19T00:31:52+0900,
w_85638b6e82329490,N1,N2,mismatch,欠陥,けっかん,欠陥·缺陥,けっかん,JLPT 2,092787af048c4c3d84e0da51ff5a75fe,surface+reading,N2,https://ja.dict.naver.com/#/search?query=%E6%AC%A0%E9%99%A5,2026-08-19T00:31:52+0900,
w_11f1f49399d0dc43,N1,N2,mismatch,歓迎,かんげい,歓迎,かんげい,JLPT 2,e0655048d7234ed0b53fe5eed952aa8e,surface+reading,N2,https://ja.dict.naver.com/#/search?query=%E6%AD%93%E8%BF%8E,2026-08-19T00:31:52+0900,
w_3abaccd86c46d2c2,N1,N2,mismatch,気配,けはい,気配,けはい,JLPT 2,fc5af7423043461a9213702128d54db7,surface+reading,N2,https://ja.dict.naver.com/#/search?query=%E6%B0%97%E9%85%8D,2026-08-19T00:31:52+0900,
w_91a64089e0258a6c,N1,N3,mismatch,河川,かせん,河川,かせん,JLPT 3,d3960112be6d49f59bbb690d047325f2,surface+reading,N3,https://ja.dict.naver.com/#/search?query=%E6%B2%B3%E5%B7%9D,2026-08-19T00:31:52+0900,
w_a67d625c78b32632,N1,N2,mismatch,油断,ゆだん,油断,ゆだん,JLPT 2,a515341c96fd4178bc20009d2948dd06,surface+reading,N2,https://ja.dict.naver.com/#/search?query=%E6%B2%B9%E6%96%AD,2026-08-19T00:31:52+0900,
w_a02bcf3ec853fef2,N1,N2,mismatch,淡い,あわい,淡い,あわい,JLPT 2,ae28388647674d8bbadd4667096eda1f,surface+reading,N2,https://ja.dict.naver.com/#/search?query=%E6%B7%A1%E3%81%84,2026-08-19T00:31:52+0900,
w_b3c860ae73c501a2,N1,N2,mismatch,添付,てんぷ,添付,てんぷ,JLPT 2,139520ff490343e997fb300b015b003c,surface+reading,N2,https://ja.dict.naver.com/#/search?query=%E6%B7%BB%E4%BB%98,2026-08-19T00:31:52+0900,
w_b5e838ffb4c969a6,N1,N2,mismatch,清い,きよい,清い·浄い,きよい,JLPT 2,e4b7038bec594f07906f2caab91e05c7,surface+reading,N2,https://ja.dict.naver.com/#/search?query=%E6%B8%85%E3%81%84,2026-08-19T00:31:52+0900,
w_3ab509c6a1e02b28,N1,N3,mismatch,渡り鳥,わたりどり,渡り鳥,わたりどり,JLPT 3,18dbdcebc8094d12ac0342092c42138e,surface+reading,N3,https://ja.dict.naver.com/#/search?query=%E6%B8%A1%E3%82%8A%E9%B3%A5,2026-08-19T00:31:52+0900,
w_7340c0bd2ed6007a,N1,N2,mismatch,演じる,えんじる,演じる,えんじる,JLPT 2,a745a7fa8d2849158afb1e3fbb0d1f42,surface+reading,N2,https://ja.dict.naver.com/#/search?query=%E6%BC%94%E3%81%98%E3%82%8B,2026-08-19T00:31:52+0900,
w_94d8b60e0a62cc60,N1,N3,mismatch,無線,むせん,無線,むせん,JLPT 3,70cf50f7c75645e6bae93e63878b90a9,surface+reading,N3,https://ja.dict.naver.com/#/search?query=%E7%84%A1%E7%B7%9A,2026-08-19T00:31:52+0900,
w_ef1baa1c15dbb1e8,N1,N3,mismatch,無駄遣い,むだづかい,無駄遣い·徒遣い,むだづかい,JLPT 3,ccc454536343448faa10e1275c9ebf8f,surface+reading,N3,https://ja.dict.naver.com/#/search?query=%E7%84%A1%E9%A7%84%E9%81%A3%E3%81%84,2026-08-19T00:31:52+0900,
w_5169a0708cfcf7c6,N1,N2,mismatch,献立,こんだて,献立,こんだて,JLPT 2,c372a5748fb942518ea96cebf4d99c91,surface+reading,N2,https://ja.dict.naver.com/#/search?query=%E7%8C%AE%E7%AB%8B,2026-08-19T00:31:52+0900,
w_df6a3abae7a48d60,N1,N2,mismatch,甚だしい,はなはだしい,甚だしい,はなはだしい,JLPT 2,97f8e14290824318bac55eca5a304c08,surface+reading,N2,https://ja.dict.naver.com/#/search?query=%E7%94%9A%E3%81%A0%E3%81%97%E3%81%84,2026-08-19T00:31:52+0900,
w_47062394d7f126c9,N1,N2,mismatch,用紙,ようし,用紙,ようし,JLPT 2,e3d5dc500f744ed3adfb01c0cabe721c,surface+reading,N2,https://ja.dict.naver.com/#/search?query=%E7%94%A8%E7%B4%99,2026-08-19T00:31:52+0900,
w_90ecedda1335086e,N1,N2,mismatch,疲労,ひろう,疲労,ひろう,JLPT 2,f17934d0f98648bc8ba2efccd9c34ffd,surface+reading,N2,https://ja.dict.naver.com/#/search?query=%E7%96%B2%E5%8A%B4,2026-08-19T00:31:52+0900,
w_3bf9f7fdc42a8c1f,N1,N2,mismatch,発掘,はっくつ,発掘,はっくつ,JLPT 2,1e2aaaab8bc444e19212cd25b1d198c5,surface+reading,N2,https://ja.dict.naver.com/#/search?query=%E7%99%BA%E6%8E%98,2026-08-19T00:31:52+0900,
w_d5896bf490038b3f,N1,N2,mismatch,皮肉,ひにく,皮肉,ひにく,JLPT 2,e420b0b3970643e290f4b77adfc32074,surface+reading,N2,https://ja.dict.naver.com/#/search?query=%E7%9A%AE%E8%82%89,2026-08-19T00:31:52+0900,
w_38c39e1bf0cdc97c,N1,N2,mismatch,監督,かんとく,監督,かんとく,JLPT 2,c42e7eedb243470fa3a355840264b78d,surface+reading,N2,https://ja.dict.naver.com/#/search?query=%E7%9B%A3%E7%9D%A3,2026-08-19T00:31:52+0900,
w_bb9941ab19243ff4,N1,N2,mismatch,監視,かんし,監視,かんし,JLPT 2,9c82d28e1b1848a68095f9bec1933398,surface+reading,N2,https://ja.dict.naver.com/#/search?query=%E7%9B%A3%E8%A6%96,2026-08-19T00:31:52+0900,
w_c3a132674797ae46,N1,N2,mismatch,目安,めやす,目安,めやす,JLPT 2,fb785d23f191452f889da6bd9bbab146,surface+reading,N2,https://ja.dict.naver.com/#/search?query=%E7%9B%AE%E5%AE%89,2026-08-19T00:31:52+0900,
w_85657fb868a076d0,N1,N4,mismatch,眠たい,ねむたい,眠たい,ねむたい,JLPT 4,a7f638a93a22467c979963cf832f42d6,surface+reading,N4,https://ja.dict.naver.com/#/search?query=%E7%9C%A0%E3%81%9F%E3%81%84,2026-08-19T00:31:52+0900,
w_0c4f436111b395ab,N1,N2,mismatch,矛盾,むじゅん,矛盾,むじゅん,JLPT 2,c06162eae3214a3c83973a3fef5d4072,surface+reading,N2,https://ja.dict.naver.com/#/search?query=%E7%9F%9B%E7%9B%BE,2026-08-19T00:31:52+0900,
w_0ea8dfdcbc65e1d8,N1,N2,mismatch,砂漠,さばく,砂漠·沙漠,さばく,JLPT 2,7869249c54d743faa9ee76409e7e2c3e,surface+reading,N2,https://ja.dict.naver.com/#/search?query=%E7%A0%82%E6%BC%A0,2026-08-19T00:31:52+0900,
w_5884632f18401631,N1,N4,mismatch,砂糖,さとう,砂糖,さとう,JLPT 4,d6906d4f626240eb9c14cad7b98fbd63,surface+reading,N4,https://ja.dict.naver.com/#/search?query=%E7%A0%82%E7%B3%96,2026-08-19T00:31:52+0900,
w_e72e2dda31dde5ea,N1,N2,mismatch,砕ける,くだける,砕ける·摧ける,くだける,JLPT 2,c0f70f51431c4a318023be841b916fc8,surface+reading,N2,https://ja.dict.naver.com/#/search?query=%E7%A0%95%E3%81%91%E3%82%8B,2026-08-19T00:31:52+0900,
w_6216ac47bea3e0a4,N1,N2,mismatch,確保,かくほ,確保,かくほ,JLPT 2,572f365873fe4811b5b548e203acae75,surface+reading,N2,https://ja.dict.naver.com/#/search?query=%E7%A2%BA%E4%BF%9D,2026-08-19T00:31:52+0900,
w_48434db8ebe195e3,N1,N2,mismatch,禁じる,きんじる,禁じる,きんじる,JLPT 2,c074de6dcd064aeba1f09847750cff98,surface+reading,N2,https://ja.dict.naver.com/#/search?query=%E7%A6%81%E3%81%98%E3%82%8B,2026-08-19T00:31:52+0900,
w_638d9ceb4986a3f3,N1,N2,mismatch,稼働,かどう,稼働·稼動,かどう,JLPT 2,264baf340cf44193ac563eafd439b0f7,surface+reading,N2,https://ja.dict.naver.com/#/search?query=%E7%A8%BC%E5%83%8D,2026-08-19T00:31:52+0900,
w_ad855f3ec592f3c8,N1,N2,mismatch,粗い,あらい,粗い,あらい,JLPT 2,b8133376d5a449aa9ec9aa423af4ed4d,surface+reading,N2,https://ja.dict.naver.com/#/search?query=%E7%B2%97%E3%81%84,2026-08-19T00:31:52+0900,
w_d6d9b20dd65a6320,N1,N2,mismatch,紙幣,しへい,紙幣,しへい,JLPT 2,6ecd4da594d546a795f38b15828662dc,surface+reading,N2,https://ja.dict.naver.com/#/search?query=%E7%B4%99%E5%B9%A3,2026-08-19T00:31:52+0900,
w_4e5460d95355783c,N1,N2,mismatch,素朴,そぼく,素朴·素樸,そぼく,JLPT 2,89db1e8f113c419f8c3e9b793d2ea8af,surface+reading,N2,https://ja.dict.naver.com/#/search?query=%E7%B4%A0%E6%9C%B4,2026-08-19T00:31:52+0900,
w_3fae200701716fb5,N1,N2,mismatch,素質,そしつ,素質,そしつ,JLPT 2,3f4995208fd741728d63cdfc091f4e20,surface+reading,N2,https://ja.dict.naver.com/#/search?query=%E7%B4%A0%E8%B3%AA,2026-08-19T00:31:52+0900,
w_4ac8226cf3d8145a,N1,N3,mismatch,給食,きゅうしょく,給食,きゅうしょく,JLPT 3,542860c9a9264d40915ffce9a555773d,surface+reading,N3,https://ja.dict.naver.com/#/search?query=%E7%B5%A6%E9%A3%9F,2026-08-19T00:31:52+0900,
w_6f522f37c07de4b3,N1,N2,mismatch,絶滅,ぜつめつ,絶滅,ぜつめつ,JLPT 2,ca3a385d1ad74096b375c627fca380b2,surface+reading,N2,https://ja.dict.naver.com/#/search?query=%E7%B5%B6%E6%BB%85,2026-08-19T00:31:52+0900,
w_965f471c531dbd2e,N1,N3,mismatch,総合,そうごう,総合·綜合,そうごう,JLPT 3,e4c394518d6e4386b8240e1122649b6f,surface+reading,N3,https://ja.dict.naver.com/#/search?query=%E7%B7%8F%E5%90%88,2026-08-19T00:31:52+0900,
w_fadcbec286367d67,N1,N2,mismatch,署名,しょめい,署名,しょめい,JLPT 2,0d3f67ee72d94995a870550ac0d42c20,surface+reading,N2,https://ja.dict.naver.com/#/search?query=%E7%BD%B2%E5%90%8D,2026-08-19T00:31:52+0900,
w_9830c634cae12090,N1,N2,mismatch,考慮,こうりょ,考慮,こうりょ,JLPT 2,d9c3404ed4634ea8af80af93bf9c7efe,surface+reading,N2,https://ja.dict.naver.com/#/search?query=%E8%80%83%E6%85%AE,2026-08-19T00:31:52+0900,
w_98d59d0b388f7dad,N1,N2,mismatch,耕作,こうさく,耕作,こうさく,JLPT 2,5f59bf0ed9fe430a9c730de4cc873811,surface+reading,N2,https://ja.dict.naver.com/#/search?query=%E8%80%95%E4%BD%9C,2026-08-19T00:31:52+0900,
w_05a049e95e301c2d,N1,N3,mismatch,能力,のうりょく,能力,のうりょく,JLPT 3,3edc1e55aead4a2c8b191b900cfbdae6,surface+reading,N3,https://ja.dict.naver.com/#/search?query=%E8%83%BD%E5%8A%9B,2026-08-19T00:31:52+0900,
w_501e3d21f5ffa447,N1,N2,mismatch,脅かす,おびやかす,脅かす,おびやかす,JLPT 2,10752350f53a40d4846808da227744b8,surface+reading,N2,https://ja.dict.naver.com/#/search?query=%E8%84%85%E3%81%8B%E3%81%99,2026-08-19T00:31:52+0900,
w_a46e36484d77ba86,N1,N2,mismatch,苦情,くじょう,苦情,くじょう,JLPT 2,323dec5ffef54f71af74c5d3ed2b37ed,surface+reading,N2,https://ja.dict.naver.com/#/search?query=%E8%8B%A6%E6%83%85,2026-08-19T00:31:52+0900,
w_1633dd3feba08c68,N1,N2,mismatch,著書,ちょしょ,著書,ちょしょ,JLPT 2,b54d0ebf7f564eddaa9193332c77e76f,surface+reading,N2,https://ja.dict.naver.com/#/search?query=%E8%91%97%E6%9B%B8,2026-08-19T00:31:52+0900,
w_400c2203fe6fbac8,N1,N2,mismatch,蒸発,じょうはつ,蒸発,じょうはつ,JLPT 2,dcd9b730054545008f80cd61a88c0c65,surface+reading,N2,https://ja.dict.naver.com/#/search?query=%E8%92%B8%E7%99%BA,2026-08-19T00:31:52+0900,
w_2eb85eb0002d712b,N1,N2,mismatch,蓄える,たくわえる,蓄える∙貯える,たくわえる,JLPT 2,5d3d72729a414160a6012e81e247b6e0,exact-search+reading,N2,https://ja.dict.naver.com/#/search?query=%E8%93%84%E3%81%88%E3%82%8B,2026-08-19T00:31:52+0900,
w_613ea62518d530c6,N1,N3,mismatch,見かける,みかける,見かける·見掛ける,みかける,JLPT 3,31cf1ad0815a41ca885060906770375a,surface+reading,N3,https://ja.dict.naver.com/#/search?query=%E8%A6%8B%E3%81%8B%E3%81%91%E3%82%8B,2026-08-19T00:31:52+0900,
w_12eb7c44d130d071,N1,N2,mismatch,規制,きせい,規制,きせい,JLPT 2,05e0f44e74b044e98140c9711e957712,surface+reading,N2,https://ja.dict.naver.com/#/search?query=%E8%A6%8F%E5%88%B6,2026-08-19T00:31:52+0900,
w_ae827b2a3cf29980,N1,N2,mismatch,規模,きぼ,規模,きぼ,JLPT 2,a1ce940db8704c31993691cfeadbbe71,surface+reading,N2,https://ja.dict.naver.com/#/search?query=%E8%A6%8F%E6%A8%A1,2026-08-19T00:31:52+0900,
w_2c4d4aea761b1e86,N1,N2,mismatch,討論,とうろん,討論,とうろん,JLPT 2,0a7e87e97cf34e93b6b412fc5374b5bd,surface+reading,N2,https://ja.dict.naver.com/#/search?query=%E8%A8%8E%E8%AB%96,2026-08-19T00:31:52+0900,
w_a18c96ad4694ca31,N1,N3,mismatch,詫び,わび,詫び,わび,JLPT 3,5f46e5743a884fb7bbec3fbf98c1ce93,surface+reading,N3,https://ja.dict.naver.com/#/search?query=%E8%A9%AB%E3%81%B3,2026-08-19T00:31:52+0900,
w_bc2cf649c98268c3,N1,N2,mismatch,詫びる,わびる,詫びる,わびる,JLPT 2,c54eda35daa84f1ead99002fe9df6428,surface+reading,N2,https://ja.dict.naver.com/#/search?query=%E8%A9%AB%E3%81%B3%E3%82%8B,2026-08-19T00:31:52+0900,
w_d4e78b1281100e6f,N1,N2,mismatch,説得,せっとく,説得,せっとく,JLPT 2,1abf2f0834f24278afa52aa740266130,surface+reading,N2,https://ja.dict.naver.com/#/search?query=%E8%AA%AC%E5%BE%97,2026-08-19T00:31:52+0900,
w_9916566970e12e25,N1,N2,mismatch,調理,ちょうり,調理,ちょうり,JLPT 2,cb2d07c69c834da4bc59a8e5fe70e889,surface+reading,N2,https://ja.dict.naver.com/#/search?query=%E8%AA%BF%E7%90%86,2026-08-19T00:31:52+0900,
w_f8828c1e725c917d,N1,N3,mismatch,諦める,あきらめる,諦める,あきらめる,JLPT 3,66ee0c61076a49bf832fa106c808e1c2,surface+reading,N3,https://ja.dict.naver.com/#/search?query=%E8%AB%A6%E3%82%81%E3%82%8B,2026-08-19T00:31:52+0900,
w_0fa622d6d0b24047,N1,N2,mismatch,貢献,こうけん,貢献,こうけん,JLPT 2,749227aea63b4823a76379aa92e356d9,surface+reading,N2,https://ja.dict.naver.com/#/search?query=%E8%B2%A2%E7%8C%AE,2026-08-19T00:31:52+0900,
w_cae73cc91e937ff1,N1,N2,mismatch,貧困,ひんこん,貧困,ひんこん,JLPT 2,0821b2abe88546e7b40785c24d1e74f3,surface+reading,N2,https://ja.dict.naver.com/#/search?query=%E8%B2%A7%E5%9B%B0,2026-08-19T00:31:52+0900,
w_2f2f67017e8dc74a,N1,N3,mismatch,賢い,かしこい,賢い,かしこい,JLPT 3,e5a8be224fba45f7872563ed3fe4d599,surface+reading,N3,https://ja.dict.naver.com/#/search?query=%E8%B3%A2%E3%81%84,2026-08-19T00:31:52+0900,
w_728a3497c3392fcb,N1,N2,mismatch,賢明,けんめい,賢明,けんめい,JLPT 2,16b3c211f8bd474084a5f1a281970f4c,surface+reading,N2,https://ja.dict.naver.com/#/search?query=%E8%B3%A2%E6%98%8E,2026-08-19T00:31:52+0900,
w_2613a4f5a1563cf1,N1,N2,mismatch,赤字,あかじ,赤字,あかじ,JLPT 2,a25180501d63408782e4531d2be846b2,surface+reading,N2,https://ja.dict.naver.com/#/search?query=%E8%B5%A4%E5%AD%97,2026-08-19T00:31:52+0900,
w_9e33dceb0d820298,N1,N2,mismatch,躊躇う,ためらう,躊躇う,ためらう,JLPT 2,87d28e7a64274fe781cddc9c18c48b7d,surface+reading,N2,https://ja.dict.naver.com/#/search?query=%E8%BA%8A%E8%BA%87%E3%81%86,2026-08-19T00:31:52+0900,
w_c89b127c78bed917,N1,N2,mismatch,込める,こめる,込める·籠める,こめる,JLPT 2,76d1d05b22824ecb88c89a55b7e8f1f1,surface+reading,N2,https://ja.dict.naver.com/#/search?query=%E8%BE%BC%E3%82%81%E3%82%8B,2026-08-19T00:31:52+0900,
w_d84be594b6323c10,N1,N3,mismatch,退職,たいしょく,退職,たいしょく,JLPT 3,8213dc3031d047abbca93018815eca09,surface+reading,N3,https://ja.dict.naver.com/#/search?query=%E9%80%80%E8%81%B7,2026-08-19T00:31:52+0900,
w_23ccd2e697e6c751,N1,N3,mismatch,送金,そうきん,送金,そうきん,JLPT 3,2f4677cb52a145559e33d72f3a02e8e5,surface+reading,N3,https://ja.dict.naver.com/#/search?query=%E9%80%81%E9%87%91,2026-08-19T00:31:52+0900,
w_1a17bce78d28b9fa,N1,N2,mismatch,逸れる,それる,逸れる,それる,JLPT 2,6278a45a2af44fde81719ce76947085a,surface+reading,N2,https://ja.dict.naver.com/#/search?query=%E9%80%B8%E3%82%8C%E3%82%8B,2026-08-19T00:31:52+0900,
w_080f2fbb5ca259a5,N1,N3,mismatch,運賃,うんちん,運賃,うんちん,JLPT 3,874ecbb339a545ce83e1b92d9cdb6c17,surface+reading,N3,https://ja.dict.naver.com/#/search?query=%E9%81%8B%E8%B3%83,2026-08-19T00:31:52+0900,
w_7dc741e9297976d0,N1,N2,mismatch,過ち,あやまち,過ち,あやまち,JLPT 2,2d8df6d78089476ab1d7f7abc7591ce4,surface+reading,N2,https://ja.dict.naver.com/#/search?query=%E9%81%8E%E3%81%A1,2026-08-19T00:31:52+0900,
w_990d58d36ae4be0b,N1,N3,mismatch,遠回り,とおまわり,遠回り·遠廻り,とおまわり,JLPT 3,2a74099a085747dd9209a82425d505cf,surface+reading,N3,https://ja.dict.naver.com/#/search?query=%E9%81%A0%E5%9B%9E%E3%82%8A,2026-08-19T00:31:52+0900,
w_5b5e68a0c8972d18,N1,N3,mismatch,部下,ぶか,部下,ぶか,JLPT 3,923bd598fa3b47bc886f59a619677dd5,surface+reading,N3,https://ja.dict.naver.com/#/search?query=%E9%83%A8%E4%B8%8B,2026-08-19T00:31:52+0900,
w_eb2df97bbc3e4b87,N1,N2,mismatch,配分,はいぶん,配分,はいぶん,JLPT 2,311343d3cad94d73989f68baac7bd4eb,surface+reading,N2,https://ja.dict.naver.com/#/search?query=%E9%85%8D%E5%88%86,2026-08-19T00:31:52+0900,
w_efd8b475538a990a,N1,N2,mismatch,野生,やせい,野生,やせい,JLPT 2,8da85728bca8498bb198eb8b01650622,surface+reading,N2,https://ja.dict.naver.com/#/search?query=%E9%87%8E%E7%94%9F,2026-08-19T00:31:52+0900,
w_cc1851efea85c24f,N1,N2,mismatch,長官,ちょうかん,長官,ちょうかん,JLPT 2,58ac71f9d44a42ab99f223362dcb5e76,surface+reading,N2,https://ja.dict.naver.com/#/search?query=%E9%95%B7%E5%AE%98,2026-08-19T00:31:52+0900,
w_d3a04102210f016b,N1,N2,mismatch,開催,かいさい,開催,かいさい,JLPT 2,cce4b88968d9428895aaeed428560c48,surface+reading,N2,https://ja.dict.naver.com/#/search?query=%E9%96%8B%E5%82%AC,2026-08-19T00:31:52+0900,
w_d46b118371822dca,N1,N2,mismatch,雑談,ざつだん,雑談,ざつだん,JLPT 2,cc06f8579ab341d4b1dd23dac993535f,surface+reading,N2,https://ja.dict.naver.com/#/search?query=%E9%9B%91%E8%AB%87,2026-08-19T00:31:52+0900,
w_ee9668e7c0658d9a,N1,N2,mismatch,需要,じゅよう,需要,じゅよう,JLPT 2,cd843e8a11044aca80c3e724fca28875,surface+reading,N2,https://ja.dict.naver.com/#/search?query=%E9%9C%80%E8%A6%81,2026-08-19T00:31:52+0900,
w_eb50638617b1e7c6,N1,N3,mismatch,青春,せいしゅん,青春,せいしゅん,JLPT 3,e35d148dfde148a184585cc7ab3f89bb,surface+reading,N3,https://ja.dict.naver.com/#/search?query=%E9%9D%92%E6%98%A5,2026-08-19T00:31:52+0900,
w_53f0442df2d317bf,N1,N3,mismatch,面会,めんかい,面会,めんかい,JLPT 3,921876cf133949ada05dcee4300f2c91,surface+reading,N3,https://ja.dict.naver.com/#/search?query=%E9%9D%A2%E4%BC%9A,2026-08-19T00:31:52+0900,
w_dda8d0dbc7c9c87f,N1,N2,mismatch,響く,ひびく,響く,ひびく,JLPT 2,25189ed8291346e899464836291870cd,surface+reading,N2,https://ja.dict.naver.com/#/search?query=%E9%9F%BF%E3%81%8F,2026-08-19T00:31:52+0900,
w_4b91c461392670d4,N1,N2,mismatch,頻りに,しきりに,頻りに,しきりに,JLPT 2,607fb81a96084060b05f9bf5900dae0a,surface+reading,N2,https://ja.dict.naver.com/#/search?query=%E9%A0%BB%E3%82%8A%E3%81%AB,2026-08-19T00:31:52+0900,
w_88b3a30600dd8600,N1,N4,mismatch,顎,あご,顎·腭·頤,あご,JLPT 4,c3e46f8974c94eab9562d663f9e917e1,surface+reading,N4,https://ja.dict.naver.com/#/search?query=%E9%A1%8E,2026-08-19T00:31:52+0900,
w_f0a36233a8257efe,N1,N2,mismatch,黒字,くろじ,黒字,くろじ,JLPT 2,4f5154af31b24f5c8af5f2cbd79dbf07,surface+reading,N2,https://ja.dict.naver.com/#/search?query=%E9%BB%92%E5%AD%97,2026-08-19T00:31:52+0900,
w_f2d2e2a518024414,N2,N3,mismatch,いきなり,いきなり,行き成り,いきなり,JLPT 3,48aa5f5dbe0c4ccb8919fc66a9cfeeaf,surface+reading,N3,https://ja.dict.naver.com/#/search?query=%E3%81%84%E3%81%8D%E3%81%AA%E3%82%8A,2026-08-19T00:31:52+0900,
w_d42b384ab852fd1e,N2,N3,mismatch,うろうろ,うろうろ,うろうろ,うろうろ,JLPT 3,9d1dba3d396f48328ef41487b9896e6f,surface+reading,N3,https://ja.dict.naver.com/#/search?query=%E3%81%86%E3%82%8D%E3%81%86%E3%82%8D,2026-08-19T00:31:52+0900,
w_061c9a2227408a77,N2,N4,mismatch,かたかな,かたかな,片仮名,かたかな,JLPT 4,62c902570235402682b8296d7a5e3bd7,surface+reading,N4,https://ja.dict.naver.com/#/search?query=%E3%81%8B%E3%81%9F%E3%81%8B%E3%81%AA,2026-08-19T00:31:52+0900,
w_d3d86f4ea708b113,N2,N3,mismatch,ぎっしり,ぎっしり,ぎっしり,ぎっしり,JLPT 3,bf60f91beea34508bc50d4648d592c16,surface+reading,N3,https://ja.dict.naver.com/#/search?query=%E3%81%8E%E3%81%A3%E3%81%97%E3%82%8A,2026-08-19T00:31:52+0900,
w_98ef0c87ce249536,N2,N3,mismatch,さっさと,さっさと,さっさと,さっさと,JLPT 3,f9f47b47baad41bf8680c087c2d07083,surface+reading,N3,https://ja.dict.naver.com/#/search?query=%E3%81%95%E3%81%A3%E3%81%95%E3%81%A8,2026-08-19T00:31:52+0900,
w_f1a8679b2fc50a6c,N2,N3,mismatch,しゃがむ,しゃがむ,しゃがむ,しゃがむ,JLPT 3,1eefdc7388e445c49660295068a2daef,surface+reading,N3,https://ja.dict.naver.com/#/search?query=%E3%81%97%E3%82%83%E3%81%8C%E3%82%80,2026-08-19T00:31:52+0900,
w_74ae6b79324143f2,N2,N3,mismatch,そそっかしい,そそっかしい,そそっかしい,そそっかしい,JLPT 3,f761ac2727bf41efb1370a83eac995f0,surface+reading,N3,https://ja.dict.naver.com/#/search?query=%E3%81%9D%E3%81%9D%E3%81%A3%E3%81%8B%E3%81%97%E3%81%84,2026-08-19T00:31:52+0900,
w_2bac7e5120c4dcfa,N2,N3,mismatch,のろのろ,のろのろ,鈍鈍,のろのろ,JLPT 3,d9691eebb9e04de2a2be47621cf5d13a,surface+reading,N3,https://ja.dict.naver.com/#/search?query=%E3%81%AE%E3%82%8D%E3%81%AE%E3%82%8D,2026-08-19T00:31:52+0900,
w_927fd41084037694,N2,N3,mismatch,はきはき,はきはき,はきはき,はきはき,JLPT 3,ff8d6907ae9648bdb13bab6a211de444,surface+reading,N3,https://ja.dict.naver.com/#/search?query=%E3%81%AF%E3%81%8D%E3%81%AF%E3%81%8D,2026-08-19T00:31:52+0900,
w_feade8e1757f1108,N2,N3,mismatch,ぴかぴか,ぴかぴか,ぴかぴか,ぴかぴか,JLPT 3,7c9e8b61ea874ba7aedfbb77d1d1dd60,surface+reading,N3,https://ja.dict.naver.com/#/search?query=%E3%81%B4%E3%81%8B%E3%81%B4%E3%81%8B,2026-08-19T00:31:52+0900,
w_76888fa930968791,N2,N3,mismatch,ぶつぶつ,ぶつぶつ,ぶつぶつ,ぶつぶつ,JLPT 3,026b142ada444dfeb01b5ddeaa0057a3,surface+reading,N3,https://ja.dict.naver.com/#/search?query=%E3%81%B6%E3%81%A4%E3%81%B6%E3%81%A4,2026-08-19T00:31:52+0900,
w_d0c435d3cd403082,N2,N3,mismatch,まごまご,まごまご,まごまご,まごまご,JLPT 3,9bcc2e0cb2da49eaa557aa1923d8d79e,surface+reading,N3,https://ja.dict.naver.com/#/search?query=%E3%81%BE%E3%81%94%E3%81%BE%E3%81%94,2026-08-19T00:31:52+0900,
w_b5be233796f7dd76,N2,N3,mismatch,まとめる,まとめる,纏める·纒める,まとめる,JLPT 3,619fc5293cb04f8495dda96ccbcb5b65,surface+reading,N3,https://ja.dict.naver.com/#/search?query=%E3%81%BE%E3%81%A8%E3%82%81%E3%82%8B,2026-08-19T00:31:52+0900,
w_d6cdae83a7b060cb,N2,N3,mismatch,やむを得ない,やむをえない,やむを得ない·已むを得ない,やむをえない,JLPT 3,cfc2fc0c164343a2ab32b3f56624e8e8,surface+reading,N3,https://ja.dict.naver.com/#/search?query=%E3%82%84%E3%82%80%E3%82%92%E5%BE%97%E3%81%AA%E3%81%84,2026-08-19T00:31:52+0900,
w_e451cbd66171f0d9,N2,N3,mismatch,ようやく,ようやく,漸く,ようやく,JLPT 3,149fa3ea3cb141fcb80c52eb56647177,surface+reading,N3,https://ja.dict.naver.com/#/search?query=%E3%82%88%E3%81%86%E3%82%84%E3%81%8F,2026-08-19T00:31:52+0900,
w_b0fa1c830ecb6288,N2,N3,mismatch,アンテナ,アンテナ,アンテナ,アンテナ,JLPT 3,dc9868a5980d4e0a88d48a5aad8f6271,surface+reading,N3,https://ja.dict.naver.com/#/search?query=%E3%82%A2%E3%83%B3%E3%83%86%E3%83%8A,2026-08-19T00:31:52+0900,
w_d672b7ae7476d950,N2,N3,mismatch,イコール,イコール,イコール,イコール,JLPT 3,441069aee3c84caabcca6e244668c82a,surface+reading,N3,https://ja.dict.naver.com/#/search?query=%E3%82%A4%E3%82%B3%E3%83%BC%E3%83%AB,2026-08-19T00:31:52+0900,
w_aee9a39c44e5dfde,N2,N3,mismatch,カラー,カラー,カラー,カラー,JLPT 3,c7796f69c39b40beb256a08f2e72d2b2,surface+reading,N3,https://ja.dict.naver.com/#/search?query=%E3%82%AB%E3%83%A9%E3%83%BC,2026-08-19T00:31:52+0900,
w_dbea07b05b8ca08b,N2,N3,mismatch,カロリー,カロリー,カロリー,カロリー,JLPT 3,d54221c0bef5468ebc3637bb1d74d39e,surface+reading,N3,https://ja.dict.naver.com/#/search?query=%E3%82%AB%E3%83%AD%E3%83%AA%E3%83%BC,2026-08-19T00:31:52+0900,
w_9bfdc3c5cb55e3fc,N2,N3,mismatch,キャンパス,キャンパス,キャンパス,キャンパス,JLPT 3,b70b20e214944effa288a1ce6a5f47a9,surface+reading,N3,https://ja.dict.naver.com/#/search?query=%E3%82%AD%E3%83%A3%E3%83%B3%E3%83%91%E3%82%B9,2026-08-19T00:31:52+0900,
w_4d438cf8f92e9462,N2,N3,mismatch,クリーニング,クリーニング,クリーニング,クリーニング,JLPT 3,6f4bc1b574b24fbeb4b99d4236019eb7,surface+reading,N3,https://ja.dict.naver.com/#/search?query=%E3%82%AF%E3%83%AA%E3%83%BC%E3%83%8B%E3%83%B3%E3%82%B0,2026-08-19T00:31:52+0900,
w_e5e4f2ad1b7b422a,N2,N3,mismatch,クーラー,クーラー,クーラー,クーラー,JLPT 3,d0905126e33142c1b3c425df66abdafd,surface+reading,N3,https://ja.dict.naver.com/#/search?query=%E3%82%AF%E3%83%BC%E3%83%A9%E3%83%BC,2026-08-19T00:31:52+0900,
w_070f23eaf200c13e,N2,N3,mismatch,サラリーマン,サラリーマン,サラリーマン,サラリーマン,JLPT 3,15332d85d62942debd5d43ee5b1f35cc,surface+reading,N3,https://ja.dict.naver.com/#/search?query=%E3%82%B5%E3%83%A9%E3%83%AA%E3%83%BC%E3%83%9E%E3%83%B3,2026-08-19T00:31:52+0900,
w_861ca6b450098d91,N2,N3,mismatch,ショップ,ショップ,ショップ,ショップ,JLPT 3,d2b5e6d89f354edb8bf8ee131f9a0c08,surface+reading,N3,https://ja.dict.naver.com/#/search?query=%E3%82%B7%E3%83%A7%E3%83%83%E3%83%97,2026-08-19T00:31:52+0900,
w_4fd0783444da72d2,N2,N3,mismatch,スカーフ,スカーフ,スカーフ,スカーフ,JLPT 3,3097928016b543c89d96cfdca0aa1c0f,surface+reading,N3,https://ja.dict.naver.com/#/search?query=%E3%82%B9%E3%82%AB%E3%83%BC%E3%83%95,2026-08-19T00:31:52+0900,
w_5872217ac737e861,N2,N3,mismatch,スクール,スクール,スクール,スクール,JLPT 3,76bbe1a83b934b309dcbb918e04d0a11,surface+reading,N3,https://ja.dict.naver.com/#/search?query=%E3%82%B9%E3%82%AF%E3%83%BC%E3%83%AB,2026-08-19T00:31:52+0900,
w_64b66d55227bd248,N2,N3,mismatch,ストップ,ストップ,ストップ,ストップ,JLPT 3,30aaa4d5a9ed4e8084bf85be142a8e1a,surface+reading,N3,https://ja.dict.naver.com/#/search?query=%E3%82%B9%E3%83%88%E3%83%83%E3%83%97,2026-08-19T00:31:52+0900,
w_e768db3f16c5235d,N2,N4,mismatch,スピーカー,スピーカー,スピーカー,スピーカー,JLPT 4,140957ca6a9346339e101e670ffa6d0a,surface+reading,N4,https://ja.dict.naver.com/#/search?query=%E3%82%B9%E3%83%94%E3%83%BC%E3%82%AB%E3%83%BC,2026-08-19T00:31:52+0900,
w_5221eddb38995df6,N2,N4,mismatch,スリッパ,スリッパ,スリッパ,スリッパ,JLPT 4,d4b77640cd604f688615e675edbd207a,surface+reading,N4,https://ja.dict.naver.com/#/search?query=%E3%82%B9%E3%83%AA%E3%83%83%E3%83%91,2026-08-19T00:31:52+0900,
w_d207065630caf7d8,N2,N3,mismatch,ダイヤモンド,ダイヤモンド,ダイヤモンド,ダイヤモンド,JLPT 3,4b11e666959143f09efebc699db4e66a,surface+reading,N3,https://ja.dict.naver.com/#/search?query=%E3%83%80%E3%82%A4%E3%83%A4%E3%83%A2%E3%83%B3%E3%83%89,2026-08-19T00:31:52+0900,
w_23ad56ee33f20e5e,N2,N3,mismatch,ダイヤル,ダイヤル,ダイヤル,ダイヤル,JLPT 3,72af818d1de3468aa4c770d638ac4a6e,surface+reading,N3,https://ja.dict.naver.com/#/search?query=%E3%83%80%E3%82%A4%E3%83%A4%E3%83%AB,2026-08-19T00:31:52+0900,
w_0744100c4e1f9bac,N2,N1,mismatch,ダブル,ダブル,ダブル,ダブル,JLPT 1,a688b5b82f0041748cb0eb1dabef3ebe,surface+reading,N1,https://ja.dict.naver.com/#/search?query=%E3%83%80%E3%83%96%E3%83%AB,2026-08-19T00:31:52+0900,
w_345b257e320eb063,N2,N3,mismatch,ダム,ダム,ダム,ダム,JLPT 3,ec0227f36c39440797ebc5c78252e7c8,surface+reading,N3,https://ja.dict.naver.com/#/search?query=%E3%83%80%E3%83%A0,2026-08-19T00:31:52+0900,
w_c222e1855f3b5056,N2,N3,mismatch,チップ,チップ,チップ,チップ,JLPT 3,65cccb2188334468a769c06616cc6fdd,surface+reading,N3,https://ja.dict.naver.com/#/search?query=%E3%83%81%E3%83%83%E3%83%97,2026-08-19T00:31:52+0900,
w_16d4b8043ccddd54,N2,N3,mismatch,テニスコート,テニスコート,テニスコート,テニスコート,JLPT 3,a09c40e65c0343bea2a9ed68165b7dcf,surface+reading,N3,https://ja.dict.naver.com/#/search?query=%E3%83%86%E3%83%8B%E3%82%B9%E3%82%B3%E3%83%BC%E3%83%88,2026-08-19T00:31:52+0900,
w_f7a4d07f8680af2b,N2,N3,mismatch,ネックレス,ネックレス,ネックレス,ネックレス,JLPT 3,88f04fce16944ae880310687562146db,surface+reading,N3,https://ja.dict.naver.com/#/search?query=%E3%83%8D%E3%83%83%E3%82%AF%E3%83%AC%E3%82%B9,2026-08-19T00:31:52+0900,
w_b976fbc3fd9d2341,N2,N3,mismatch,ビタミン,ビタミン,ビタミン,ビタミン,JLPT 3,336361d1e97e4bcea15c3c9bf1abc76f,surface+reading,N3,https://ja.dict.naver.com/#/search?query=%E3%83%93%E3%82%BF%E3%83%9F%E3%83%B3,2026-08-19T00:31:52+0900,
w_5b83a0c147418419,N2,N4,mismatch,ピンク,ピンク,ピンク,ピンク,JLPT 4,45632225906e4521a2c4bf3b3830ce6f,surface+reading,N4,https://ja.dict.naver.com/#/search?query=%E3%83%94%E3%83%B3%E3%82%AF,2026-08-19T00:31:52+0900,
w_2f8ceee1f5935e9b,N2,N3,mismatch,ファスナー,ファスナー,ファスナー,ファスナー,JLPT 3,e94aa86b58d5470591a39685189ab2d6,surface+reading,N3,https://ja.dict.naver.com/#/search?query=%E3%83%95%E3%82%A1%E3%82%B9%E3%83%8A%E3%83%BC,2026-08-19T00:31:52+0900,
w_07d2e6af164edb95,N2,N3,mismatch,ブラウス,ブラウス,ブラウス,ブラウス,JLPT 3,5acd6471ae2c42048536e367503074f0,surface+reading,N3,https://ja.dict.naver.com/#/search?query=%E3%83%96%E3%83%A9%E3%82%A6%E3%82%B9,2026-08-19T00:31:52+0900,
w_689c76e1da0fa958,N2,N3,mismatch,ブラシ,ブラシ,ブラシ,ブラシ,JLPT 3,c0922f9ab2f04f60af7f0d269cb5797d,surface+reading,N3,https://ja.dict.naver.com/#/search?query=%E3%83%96%E3%83%A9%E3%82%B7,2026-08-19T00:31:52+0900,
w_8238efd567b931bf,N2,N4,mismatch,プリント,プリント,プリント,プリント,JLPT 4,245cd90d35484e3597e4f01dce110113,surface+reading,N4,https://ja.dict.naver.com/#/search?query=%E3%83%97%E3%83%AA%E3%83%B3%E3%83%88,2026-08-19T00:31:52+0900,
w_fe190a6cec38a37a,N2,N3,mismatch,ボーナス,ボーナス,ボーナス,ボーナス,JLPT 3,026ce7e51a6b4d6ba465339d19b4d88c,surface+reading,N3,https://ja.dict.naver.com/#/search?query=%E3%83%9C%E3%83%BC%E3%83%8A%E3%82%B9,2026-08-19T00:31:52+0900,
w_b2311ab4de564cd1,N2,N3,mismatch,ポスター,ポスター,ポスター,ポスター,JLPT 3,59a49fdf31314d7c99334d7bdf69cbab,surface+reading,N3,https://ja.dict.naver.com/#/search?query=%E3%83%9D%E3%82%B9%E3%82%BF%E3%83%BC,2026-08-19T00:31:52+0900,
w_d0d456b0d48b9410,N2,N4,mismatch,マスク,マスク,マスク,マスク,JLPT 4,3e9e72db77fc44fc863a9edea335d363,surface+reading,N4,https://ja.dict.naver.com/#/search?query=%E3%83%9E%E3%82%B9%E3%82%AF,2026-08-19T00:31:52+0900,
w_e7b3c6dbac3b1fa9,N2,N3,mismatch,マフラー,マフラー,マフラー,マフラー,JLPT 3,0a1d94e9d1be45f2b74339abaaf3f7dd,surface+reading,N3,https://ja.dict.naver.com/#/search?query=%E3%83%9E%E3%83%95%E3%83%A9%E3%83%BC,2026-08-19T00:31:52+0900,
w_c7625b45ece7b1b9,N2,N3,mismatch,マラソン,マラソン,マラソン,マラソン,JLPT 3,5563a1e3282d432f8c3c67e025549b41,surface+reading,N3,https://ja.dict.naver.com/#/search?query=%E3%83%9E%E3%83%A9%E3%82%BD%E3%83%B3,2026-08-19T00:31:52+0900,
w_835755354dd51d08,N2,N3,mismatch,マンション,マンション,マンション,マンション,JLPT 3,fb78ded1962045509c2062711a5dd181,surface+reading,N3,https://ja.dict.naver.com/#/search?query=%E3%83%9E%E3%83%B3%E3%82%B7%E3%83%A7%E3%83%B3,2026-08-19T00:31:52+0900,
w_396a3a8e81b9bf77,N2,N3,mismatch,メニュー,メニュー,メニュー,メニュー,JLPT 3,5cffdd98071c46e8a876ee1879223c4c,surface+reading,N3,https://ja.dict.naver.com/#/search?query=%E3%83%A1%E3%83%8B%E3%83%A5%E3%83%BC,2026-08-19T00:31:52+0900,
w_2b97883065a84202,N2,N3,mismatch,ランチ,ランチ,ランチ,ランチ,JLPT 3,43511fa8fa6a4b85878eeff6b245251e,surface+reading,N3,https://ja.dict.naver.com/#/search?query=%E3%83%A9%E3%83%B3%E3%83%81,2026-08-19T00:31:52+0900,
w_e7cd95c7495b6b8b,N2,N3,mismatch,ランニング,ランニング,ランニング,ランニング,JLPT 3,f0611bad0f0449dab9aec92d38f5be1f,surface+reading,N3,https://ja.dict.naver.com/#/search?query=%E3%83%A9%E3%83%B3%E3%83%8B%E3%83%B3%E3%82%B0,2026-08-19T00:31:52+0900,
w_43f14ae8b5ebc464,N2,N3,mismatch,リットル,リットル,リットル,リットル,JLPT 3,9db419e875f94a1fb0181f45a43ec179,surface+reading,N3,https://ja.dict.naver.com/#/search?query=%E3%83%AA%E3%83%83%E3%83%88%E3%83%AB,2026-08-19T00:31:52+0900,
w_dae9fe34d49fdf06,N2,N3,mismatch,リボン,リボン,リボン,リボン,JLPT 3,555585da18a54d109cb4ffc93e3be2e5,surface+reading,N3,https://ja.dict.naver.com/#/search?query=%E3%83%AA%E3%83%9C%E3%83%B3,2026-08-19T00:31:52+0900,
w_82eacc05b961d54b,N2,N3,mismatch,レンズ,レンズ,レンズ,レンズ,JLPT 3,e72daf2230164e81a96db14afdb9a1c8,surface+reading,N3,https://ja.dict.naver.com/#/search?query=%E3%83%AC%E3%83%B3%E3%82%BA,2026-08-19T00:31:52+0900,
w_0d063b862854d2c6,N2,N3,mismatch,ロビー,ロビー,ロビー,ロビー,JLPT 3,b2924f79bc934afa82bbfcb56f5d14f8,surface+reading,N3,https://ja.dict.naver.com/#/search?query=%E3%83%AD%E3%83%93%E3%83%BC,2026-08-19T00:31:52+0900,
w_dc39e7e1be6cb170,N2,N4,mismatch,ワンピース,ワンピース,ワンピース,ワンピース,JLPT 4,4239b9327efa4d5dbd84f1351b36b5c3,surface+reading,N4,https://ja.dict.naver.com/#/search?query=%E3%83%AF%E3%83%B3%E3%83%94%E3%83%BC%E3%82%B9,2026-08-19T00:31:52+0900,
w_b0c1d9f3b7112ba0,N2,N4,mismatch,一体,いったい,一体,いったい,JLPT 4,2285cf4148ea494cad7e74765b16df74,surface+reading,N4,https://ja.dict.naver.com/#/search?query=%E4%B8%80%E4%BD%93,2026-08-19T00:31:52+0900,
w_b978baf68d3eeddd,N2,N3,mismatch,一斉,いっせい,一斉,いっせい,JLPT 3,bdcc66512c7a429db693d51d6238b121,surface+reading,N3,https://ja.dict.naver.com/#/search?query=%E4%B8%80%E6%96%89,2026-08-19T00:31:52+0900,
w_7d3b6dd5c0522117,N2,N4,mismatch,三角,さんかく,三角,さんかく,JLPT 4,4b80f601a8d9436a8b9018936c8d4681,surface+reading,N4,https://ja.dict.naver.com/#/search?query=%E4%B8%89%E8%A7%92,2026-08-19T00:31:52+0900,
w_2bf5fbf903304e68,N2,N3,mismatch,上り,のぼり,上り,のぼり,JLPT 3,a9ad08f9da764ab3a3485d75dc857890,surface+reading,N3,https://ja.dict.naver.com/#/search?query=%E4%B8%8A%E3%82%8A,2026-08-19T00:31:52+0900,
w_bfb48265cff3313b,N2,N3,mismatch,上下,じょうげ,上下,じょうげ,JLPT 3,d3c2fb71d5eb464f805240cde3bb40e8,surface+reading,N3,https://ja.dict.naver.com/#/search?query=%E4%B8%8A%E4%B8%8B,2026-08-19T00:31:52+0900,
w_326f493834bc5f12,N2,N3,mismatch,上品,じょうひん,上品,じょうひん,JLPT 3,19a0d6054a7d434697aae24bd577a5a8,surface+reading,N3,https://ja.dict.naver.com/#/search?query=%E4%B8%8A%E5%93%81,2026-08-19T00:31:52+0900,
w_24a323997a9c1464,N2,N3,mismatch,上旬,じょうじゅん,上旬,じょうじゅん,JLPT 3,2050f54ce8444f248ae7c85721dee173,surface+reading,N3,https://ja.dict.naver.com/#/search?query=%E4%B8%8A%E6%97%AC,2026-08-19T00:31:52+0900,
w_1a6cab79eb8539bd,N2,N3,mismatch,上級,じょうきゅう,上級,じょうきゅう,JLPT 3,a0334956120d4b9e9451b0e038e79a5b,surface+reading,N3,https://ja.dict.naver.com/#/search?query=%E4%B8%8A%E7%B4%9A,2026-08-19T00:31:52+0900,
w_6155d510207ab87b,N2,N4,mismatch,下げる,さげる,下げる,さげる,JLPT 4,2fb1a1c902bf491b9869a5a8aef590ab,surface+reading,N4,https://ja.dict.naver.com/#/search?query=%E4%B8%8B%E3%81%92%E3%82%8B,2026-08-19T00:31:52+0900,
w_cd1cd837b199b798,N2,N3,mismatch,下る,くだる,下る·降る,くだる,JLPT 3,fd5f218438fb4dfaa7c3c54efbe231f5,surface+reading,N3,https://ja.dict.naver.com/#/search?query=%E4%B8%8B%E3%82%8B,2026-08-19T00:31:52+0900,
w_5a894a4a97c0a617,N2,N3,mismatch,下品,げひん,下品,げひん,JLPT 3,a0d3c0ed9faa434e8368862e899e2d8c,surface+reading,N3,https://ja.dict.naver.com/#/search?query=%E4%B8%8B%E5%93%81,2026-08-19T00:31:52+0900,
w_5fb78d2b45a0d5d1,N2,N3,mismatch,下旬,げじゅん,下旬,げじゅん,JLPT 3,0a3c8c24714d479eacf9de67c6a85a06,surface+reading,N3,https://ja.dict.naver.com/#/search?query=%E4%B8%8B%E6%97%AC,2026-08-19T00:31:52+0900,
w_8038483a385bb842,N2,N3,mismatch,下水,げすい,下水,げすい,JLPT 3,ac79c2babe0b47d9b40b4d177b5dc69d,surface+reading,N3,https://ja.dict.naver.com/#/search?query=%E4%B8%8B%E6%B0%B4,2026-08-19T00:31:52+0900,
w_cfa6bcd8424c9c0b,N2,N1,mismatch,不可欠,ふかけつ,不可欠,ふかけつ,JLPT 1,2af70af190a64a3e8cfecaff417e8f20,surface+reading,N1,https://ja.dict.naver.com/#/search?query=%E4%B8%8D%E5%8F%AF%E6%AC%A0,2026-08-19T00:31:52+0900,
w_4dd7c1dc3159b07a,N2,N3,mismatch,不足,ふそく,不足,ふそく,JLPT 3,ab85cc1abb084f04ae5a36ca0397e0ee,surface+reading,N3,https://ja.dict.naver.com/#/search?query=%E4%B8%8D%E8%B6%B3,2026-08-19T00:31:52+0900,
w_e1a24560fa333bd1,N2,N3,mismatch,与える,あたえる,与える,あたえる,JLPT 3,a6510a629f9d40429869f3a2c1ddc017,surface+reading,N3,https://ja.dict.naver.com/#/search?query=%E4%B8%8E%E3%81%88%E3%82%8B,2026-08-19T00:31:52+0900,
w_c1be6b8ea5e5af34,N2,N3,mismatch,世の中,よのなか,世の中,よのなか,JLPT 3,6b9fb06a759449e5b59a8a50cbaa93be,surface+reading,N3,https://ja.dict.naver.com/#/search?query=%E4%B8%96%E3%81%AE%E4%B8%AD,2026-08-19T00:31:52+0900,
w_12ed136adb62b130,N2,N3,mismatch,両側,りょうがわ,両がわ·両側,りょうがわ,JLPT 3,26fd0294a2ab4d189cfdf55b06b3481b,surface+reading,N3,https://ja.dict.naver.com/#/search?query=%E4%B8%A1%E5%81%B4,2026-08-19T00:31:52+0900,
w_c1367b6a898c0263,N2,N3,mismatch,並木,なみき,並木,なみき,JLPT 3,47d158fc1f534d9187ca482a4ff3d398,surface+reading,N3,https://ja.dict.naver.com/#/search?query=%E4%B8%A6%E6%9C%A8,2026-08-19T00:31:52+0900,
w_a8facc9033b9e789,N2,N3,mismatch,並行,へいこう,並行·併行,へいこう,JLPT 3,48dd95036b2d4456adebf08b001a4a23,surface+reading,N3,https://ja.dict.naver.com/#/search?query=%E4%B8%A6%E8%A1%8C,2026-08-19T00:31:52+0900,
w_283968e3c20f63a7,N2,N3,mismatch,中年,ちゅうねん,中年,ちゅうねん,JLPT 3,5f44b36294134c2ca565836e265df405,surface+reading,N3,https://ja.dict.naver.com/#/search?query=%E4%B8%AD%E5%B9%B4,2026-08-19T00:31:52+0900,
w_d756fba89a4b704b,N2,N3,mismatch,中指,なかゆび,中指,なかゆび,JLPT 3,ffcf5d52733849f8b7e840fe5320538f,surface+reading,N3,https://ja.dict.naver.com/#/search?query=%E4%B8%AD%E6%8C%87,2026-08-19T00:31:52+0900,
w_e180a0bc44877374,N2,N3,mismatch,中旬,ちゅうじゅん,中旬,ちゅうじゅん,JLPT 3,5fe44b48ca3f4a83b21258296aa13274,surface+reading,N3,https://ja.dict.naver.com/#/search?query=%E4%B8%AD%E6%97%AC,2026-08-19T00:31:52+0900,
w_d1690543a7442212,N2,N3,mismatch,中間,ちゅうかん,中間,ちゅうかん,JLPT 3,9288bfaeb9e54fe6bb69ab751904a3e3,surface+reading,N3,https://ja.dict.naver.com/#/search?query=%E4%B8%AD%E9%96%93,2026-08-19T00:31:52+0900,
w_68e188c84e5829fa,N2,N4,mismatch,主人,しゅじん,主人,しゅじん,JLPT 4,82cfc0a7f46542c7a687471485425b54,surface+reading,N4,https://ja.dict.naver.com/#/search?query=%E4%B8%BB%E4%BA%BA,2026-08-19T00:31:52+0900,
w_bd9dfc9a6227a650,N2,N1,mismatch,乏しい,とぼしい,乏しい,とぼしい,JLPT 1,c52ae0ce39d14c79be494a2b450bec54,surface+reading,N1,https://ja.dict.naver.com/#/search?query=%E4%B9%8F%E3%81%97%E3%81%84,2026-08-19T00:31:52+0900,
w_fe2ae196b88c474f,N2,N3,mismatch,乾かす,かわかす,乾かす,かわかす,JLPT 3,a055482d2bd64878aba478e7d0d32e20,surface+reading,N3,https://ja.dict.naver.com/#/search?query=%E4%B9%BE%E3%81%8B%E3%81%99,2026-08-19T00:31:52+0900,
w_449e25030287bfef,N2,N3,mismatch,乾杯,かんぱい,乾杯·乾盃,かんぱい,JLPT 3,bdcaacf298814ab2855d4d242f56406e,surface+reading,N3,https://ja.dict.naver.com/#/search?query=%E4%B9%BE%E6%9D%AF,2026-08-19T00:31:52+0900,
w_d0b7865eb45cdd92,N2,N3,mismatch,人差し指,ひとさしゆび,人指し指·人差し指,ひとさしゆび,JLPT 3,a1dd5ab38a514ac0a45f7c44df6cddd0,surface+reading,N3,https://ja.dict.naver.com/#/search?query=%E4%BA%BA%E5%B7%AE%E3%81%97%E6%8C%87,2026-08-19T00:31:52+0900,
w_5e0e7dbaa8b12775,N2,N3,mismatch,今にも,いまにも,今にも,いまにも,JLPT 3,5c9d59995f6244dd96b3c8f612c20725,surface+reading,N3,https://ja.dict.naver.com/#/search?query=%E4%BB%8A%E3%81%AB%E3%82%82,2026-08-19T00:31:52+0900,
w_de35d7df4713498c,N2,N3,mismatch,仕上げる,しあげる,仕上げる,しあげる,JLPT 3,322257ffc142484c88cf8080cfa97bb9,surface+reading,N3,https://ja.dict.naver.com/#/search?query=%E4%BB%95%E4%B8%8A%E3%81%92%E3%82%8B,2026-08-19T00:31:52+0900,
w_7c93ac6d4c676148,N2,N3,mismatch,以後,いご,以後,いご,JLPT 3,ff917c16119b42718e221db554c0e3a6,surface+reading,N3,https://ja.dict.naver.com/#/search?query=%E4%BB%A5%E5%BE%8C,2026-08-19T00:31:52+0900,
w_dabb39b5bd29e4b4,N2,N3,mismatch,仲直り,なかなおり,仲直り,なかなおり,JLPT 3,8a34bb6b9b8a4c44b197186a83164a4f,surface+reading,N3,https://ja.dict.naver.com/#/search?query=%E4%BB%B2%E7%9B%B4%E3%82%8A,2026-08-19T00:31:52+0900,
w_57379f4681774a32,N2,N3,mismatch,仲良し,なかよし,仲良し·仲好し,なかよし,JLPT 3,14fecda20fe249d482a5c872053d6b9e,surface+reading,N3,https://ja.dict.naver.com/#/search?query=%E4%BB%B2%E8%89%AF%E3%81%97,2026-08-19T00:31:52+0900,
w_252adea76dd25f29,N2,N3,mismatch,任せる,まかせる,任せる·委せる,まかせる,JLPT 3,6b237087e68a4453aa8724e5feaab664,surface+reading,N3,https://ja.dict.naver.com/#/search?query=%E4%BB%BB%E3%81%9B%E3%82%8B,2026-08-19T00:31:52+0900,
w_1810f2f3d878385a,N2,N3,mismatch,休業,きゅうぎょう,休業,きゅうぎょう,JLPT 3,8dd7accd25a14f74bc701fb7fb2bde3d,surface+reading,N3,https://ja.dict.naver.com/#/search?query=%E4%BC%91%E6%A5%AD,2026-08-19T00:31:52+0900,
w_beec94661333f872,N2,N3,mismatch,休養,きゅうよう,休養,きゅうよう,JLPT 3,252ff3133bcd4e01b22572391b6a321b,surface+reading,N3,https://ja.dict.naver.com/#/search?query=%E4%BC%91%E9%A4%8A,2026-08-19T00:31:52+0900,
w_dff1a1570059dc3c,N2,N3,mismatch,会館,かいかん,会館,かいかん,JLPT 3,a1305eb9fc96404eb3ab2d9a1708328b,surface+reading,N3,https://ja.dict.naver.com/#/search?query=%E4%BC%9A%E9%A4%A8,2026-08-19T00:31:52+0900,
w_ffcc744eccc54061,N2,N3,mismatch,伝染,でんせん,伝染,でんせん,JLPT 3,5bcb01eb6ec04689a8c45a5755801d41,surface+reading,N3,https://ja.dict.naver.com/#/search?query=%E4%BC%9D%E6%9F%93,2026-08-19T00:31:52+0900,
w_d172542569aa68c6,N2,N3,mismatch,伸ばす,のばす,伸ばす,のばす,JLPT 3,c1a711c6a10a4a6489c005165656c5e4,surface+reading,N3,https://ja.dict.naver.com/#/search?query=%E4%BC%B8%E3%81%B0%E3%81%99,2026-08-19T00:31:52+0900,
w_f6f908f8e36bed45,N2,N3,mismatch,伸びる,のびる,伸びる,のびる,JLPT 3,1b0e24ed6a1e43148a30f9caaecd5c7c,surface+reading,N3,https://ja.dict.naver.com/#/search?query=%E4%BC%B8%E3%81%B3%E3%82%8B,2026-08-19T00:31:52+0900,
w_757188d91c0260d1,N2,N3,mismatch,低下,ていか,低下,ていか,JLPT 3,d24824fcb97547d1a5e56f64ed2160c0,surface+reading,N3,https://ja.dict.naver.com/#/search?query=%E4%BD%8E%E4%B8%8B,2026-08-19T00:31:52+0900,
w_cce3289f0d3d65a6,N2,N3,mismatch,住居,じゅうきょ,住居,じゅうきょ,JLPT 3,0ba37db626ad4f4f974b73e6004cd0f4,surface+reading,N3,https://ja.dict.naver.com/#/search?query=%E4%BD%8F%E5%B1%85,2026-08-19T00:31:52+0900,
w_2b3122942dd1f040,N2,N3,mismatch,作者,さくしゃ,作者,さくしゃ,JLPT 3,9302e24745e54990b31c8afe465fe919,surface+reading,N3,https://ja.dict.naver.com/#/search?query=%E4%BD%9C%E8%80%85,2026-08-19T00:31:52+0900,
w_c5c6312ebc8a190f,N2,N3,mismatch,例外,れいがい,例外,れいがい,JLPT 3,e04fb84bda344243a8a0e80d6f600124,surface+reading,N3,https://ja.dict.naver.com/#/search?query=%E4%BE%8B%E5%A4%96,2026-08-19T00:31:52+0900,
w_e1947d121eacb34e,N2,N1,mismatch,俄,にわか,俄,にわか,JLPT 1,247aaaba975a418481af935d449cdac8,surface+reading,N1,https://ja.dict.naver.com/#/search?query=%E4%BF%84,2026-08-19T00:31:52+0900,
w_c2668e4001e32c8e,N2,N1,mismatch,保つ,たもつ,保つ,たもつ,JLPT 1,e16ffe8ad42347b6a303a63e0bca5d33,surface+reading,N1,https://ja.dict.naver.com/#/search?query=%E4%BF%9D%E3%81%A4,2026-08-19T00:31:52+0900,
w_bc6f719a9a2f3619,N2,N3,mismatch,倒す,たおす,倒す,たおす,JLPT 3,d0d41d1cf3884b0c9e06f6f3ed6c9f82,surface+reading,N3,https://ja.dict.naver.com/#/search?query=%E5%80%92%E3%81%99,2026-08-19T00:31:52+0900,
w_a2798dd73f43f67a,N2,N1,mismatch,倣う,ならう,倣う·傚う·慣らう,ならう,JLPT 1,596055b3d72a4357b5c742902c218a76,surface+reading,N1,https://ja.dict.naver.com/#/search?query=%E5%80%A3%E3%81%86,2026-08-19T00:31:52+0900,
w_ac338c4d464a571c,N2,N3,mismatch,停車,ていしゃ,停車,ていしゃ,JLPT 3,336db58a717748dd94b62a87181dceb2,surface+reading,N3,https://ja.dict.naver.com/#/search?query=%E5%81%9C%E8%BB%8A,2026-08-19T00:31:52+0900,
w_f5f19f69e53af0ce,N2,N1,mismatch,催す,もよおす,催す,もよおす,JLPT 1,a660525ab41f4e4f9002424e78738fcc,surface+reading,N1,https://ja.dict.naver.com/#/search?query=%E5%82%AC%E3%81%99,2026-08-19T00:31:52+0900,
w_295e61bbef5e2a08,N2,N3,mismatch,免税,めんぜい,免税,めんぜい,JLPT 3,b231d262885a477b8fe2e1dd49abbb22,surface+reading,N3,https://ja.dict.naver.com/#/search?query=%E5%85%8D%E7%A8%8E,2026-08-19T00:31:52+0900,
w_c09c52535ebb19a6,N2,N4,mismatch,入社,にゅうしゃ,入社,にゅうしゃ,JLPT 4,0e7115c1ec294daea15ed9fabf3accda,surface+reading,N4,https://ja.dict.naver.com/#/search?query=%E5%85%A5%E7%A4%BE,2026-08-19T00:31:52+0900,
w_ab90e21d4ee35d48,N2,N3,mismatch,全身,ぜんしん,全身,ぜんしん,JLPT 3,1a990720430d4646b371b815b324cc35,surface+reading,N3,https://ja.dict.naver.com/#/search?query=%E5%85%A8%E8%BA%AB,2026-08-19T00:31:52+0900,
w_d73e13b2380c376f,N2,N1,mismatch,全集,ぜんしゅう,全集,ぜんしゅう,JLPT 1,3d67e079e8134fe6a2d583be02a88885,surface+reading,N1,https://ja.dict.naver.com/#/search?query=%E5%85%A8%E9%9B%86,2026-08-19T00:31:52+0900,
w_98e86cfb3f8cf9ac,N2,N3,mismatch,内科,ないか,内科,ないか,JLPT 3,72773b66456842b68e013e8bdc2874f0,surface+reading,N3,https://ja.dict.naver.com/#/search?query=%E5%86%85%E7%A7%91,2026-08-19T00:31:52+0900,
w_103c9f81122409c7,N2,N3,mismatch,内線,ないせん,内線,ないせん,JLPT 3,5b423a3123f44d9e9d5bc1d21f9e71ba,surface+reading,N3,https://ja.dict.naver.com/#/search?query=%E5%86%85%E7%B7%9A,2026-08-19T00:31:52+0900,
w_e19ca5cb2388d66c,N2,N3,mismatch,写る,うつる,写る,うつる,JLPT 3,1a178f5d9ef44b9381a47612e277202b,surface+reading,N3,https://ja.dict.naver.com/#/search?query=%E5%86%99%E3%82%8B,2026-08-19T00:31:52+0900,
w_9749a806681547f6,N2,N3,mismatch,冷やす,ひやす,冷やす,ひやす,JLPT 3,72f1c156eaf044309de581ffcfc1f338,surface+reading,N3,https://ja.dict.naver.com/#/search?query=%E5%86%B7%E3%82%84%E3%81%99,2026-08-19T00:31:52+0900,
w_c77b0fcbf082c68d,N2,N3,mismatch,冷凍,れいとう,冷凍,れいとう,JLPT 3,ca703ff19ffa48889fbda4aa9ca75ccb,surface+reading,N3,https://ja.dict.naver.com/#/search?query=%E5%86%B7%E5%87%8D,2026-08-19T00:31:52+0900,
w_5ad4bda628aed86a,N2,N3,mismatch,出入り,でいり,出入り,でいり,JLPT 3,4c99080c18494c7a9b2d82ab674e6b3e,surface+reading,N3,https://ja.dict.naver.com/#/search?query=%E5%87%BA%E5%85%A5%E3%82%8A,2026-08-19T00:31:52+0900,
w_4fdead154627baee,N2,N3,mismatch,出勤,しゅっきん,出勤,しゅっきん,JLPT 3,ae76f61ce09b4a1185a88b6cc9dee19b,surface+reading,N3,https://ja.dict.naver.com/#/search?query=%E5%87%BA%E5%8B%A4,2026-08-19T00:31:52+0900,
w_dd23ab623b85f108,N2,N3,mismatch,出迎える,でむかえる,出迎える,でむかえる,JLPT 3,5a6ea4a5393e406fab73fcb0d4c354e3,surface+reading,N3,https://ja.dict.naver.com/#/search?query=%E5%87%BA%E8%BF%8E%E3%81%88%E3%82%8B,2026-08-19T00:31:52+0900,
w_58ff885c35a40997,N2,N3,mismatch,分数,ぶんすう,分数,ぶんすう,JLPT 3,35fbe5d541bf4cd0a028d913d1d7f4d0,surface+reading,N3,https://ja.dict.naver.com/#/search?query=%E5%88%86%E6%95%B0,2026-08-19T00:31:52+0900,
w_a9baf728f6a82773,N2,N3,mismatch,初級,しょきゅう,初級,しょきゅう,JLPT 3,410eb87f5bd6422093917a807eaf3f9a,surface+reading,N3,https://ja.dict.naver.com/#/search?query=%E5%88%9D%E7%B4%9A,2026-08-19T00:31:52+0900,
w_6f0e79e8119b8a9b,N2,N1,mismatch,利点,りてん,利点,りてん,JLPT 1,d6aba7a5bcd64b0686954eae652073ba,surface+reading,N1,https://ja.dict.naver.com/#/search?query=%E5%88%A9%E7%82%B9,2026-08-19T00:31:52+0900,
w_48c87304a313d294,N2,N1,mismatch,制約,せいやく,制約,せいやく,JLPT 1,9985c96ec4a14be480a10295c46aa52e,surface+reading,N1,https://ja.dict.naver.com/#/search?query=%E5%88%B6%E7%B4%84,2026-08-19T00:31:52+0900,
w_d70896978910d500,N2,N3,mismatch,刻む,きざむ,刻む,きざむ,JLPT 3,5ae72bf7b0744155a9fd6ba3a26d60d1,surface+reading,N3,https://ja.dict.naver.com/#/search?query=%E5%88%BB%E3%82%80,2026-08-19T00:31:52+0900,
w_6483dda05171a166,N2,N3,mismatch,割引,わりびき,割引,わりびき,JLPT 3,8a746c2d7b604529937decac90743393,surface+reading,N3,https://ja.dict.naver.com/#/search?query=%E5%89%B2%E5%BC%95,2026-08-19T00:31:52+0900,
w_58320aa77025e364,N2,N1,mismatch,励む,はげむ,励む,はげむ,JLPT 1,b79d293bb8c14f39a3af6e1fe1b2126f,surface+reading,N1,https://ja.dict.naver.com/#/search?query=%E5%8A%B1%E3%82%80,2026-08-19T00:31:52+0900,
w_0fc93c4ada2a72b3,N2,N3,mismatch,効力,こうりょく,効力,こうりょく,JLPT 3,46219e0d015b4f3f98c267a385daffdc,surface+reading,N3,https://ja.dict.naver.com/#/search?query=%E5%8A%B9%E5%8A%9B,2026-08-19T00:31:52+0900,
w_61db47cf355caff0,N2,N3,mismatch,勇ましい,いさましい,勇ましい,いさましい,JLPT 3,0d6ee677bbb24ba0b39a875b5ca16387,surface+reading,N3,https://ja.dict.naver.com/#/search?query=%E5%8B%87%E3%81%BE%E3%81%97%E3%81%84,2026-08-19T00:31:52+0900,
w_ec7304df5158c7dc,N2,N3,mismatch,勧める,すすめる,勧める·奨める,すすめる,JLPT 3,bd8790d8347c48c496735d22a8fb0ab7,surface+reading,N3,https://ja.dict.naver.com/#/search?query=%E5%8B%A7%E3%82%81%E3%82%8B,2026-08-19T00:31:52+0900,
w_b27a951943ddbdef,N2,N1,mismatch,勧誘,かんゆう,勧誘,かんゆう,JLPT 1,14b550024c7e4f29b0b855287e3f1a54,surface+reading,N1,https://ja.dict.naver.com/#/search?query=%E5%8B%A7%E8%AA%98,2026-08-19T00:31:52+0900,
w_d2d05c432b7ef4c3,N2,N3,mismatch,包丁,ほうちょう,包丁·庖丁,ほうちょう,JLPT 3,1a1f0a6192894441ad199b759d0bb716,surface+reading,N3,https://ja.dict.naver.com/#/search?query=%E5%8C%85%E4%B8%81,2026-08-19T00:31:52+0900,
w_9b44ee0eadffddd5,N2,N3,mismatch,区域,くいき,区域,くいき,JLPT 3,80a82aeecc304068b0b264a6441fa0a3,surface+reading,N3,https://ja.dict.naver.com/#/search?query=%E5%8C%BA%E5%9F%9F,2026-08-19T00:31:52+0900,
w_2b32e38f42248fa6,N2,N1,mismatch,半額,はんがく,半額,はんがく,JLPT 1,10ca24c36f15432aa7b43b6fdf687ece,surface+reading,N1,https://ja.dict.naver.com/#/search?query=%E5%8D%8A%E9%A1%8D,2026-08-19T00:31:52+0900,
w_a27acf0180265ee0,N2,N3,mismatch,南北,なんぼく,南北,なんぼく,JLPT 3,a8e4e0ba9e39495aa05eb5d0d27f16d1,surface+reading,N3,https://ja.dict.naver.com/#/search?query=%E5%8D%97%E5%8C%97,2026-08-19T00:31:52+0900,
w_a00c5f2c53808bc1,N2,N4,mismatch,参る,まいる,参る,まいる,JLPT 4,81bdac1009354f2aafcbb3ec88502705,surface+reading,N4,https://ja.dict.naver.com/#/search?query=%E5%8F%82%E3%82%8B,2026-08-19T00:31:52+0900,
w_87b7557a6c94ff88,N2,N1,mismatch,友好,ゆうこう,友好,ゆうこう,JLPT 1,862920e7de5f4e3daa09343f65acc7c3,surface+reading,N1,https://ja.dict.naver.com/#/search?query=%E5%8F%8B%E5%A5%BD,2026-08-19T00:31:52+0900,
w_6f84747a37878604,N2,N3,mismatch,反省,はんせい,反省,はんせい,JLPT 3,64076569df354eae8987fc7238d3a7dc,surface+reading,N3,https://ja.dict.naver.com/#/search?query=%E5%8F%8D%E7%9C%81,2026-08-19T00:31:52+0900,
w_18904ffc4733404c,N2,N1,mismatch,取り扱う,とりあつかう,取り扱う,とりあつかう,JLPT 1,563389b47f694951aa1153452b60cc1c,surface+reading,N1,https://ja.dict.naver.com/#/search?query=%E5%8F%96%E3%82%8A%E6%89%B1%E3%81%86,2026-08-19T00:31:52+0900,
w_d8b0a97be89cbefb,N2,N3,mismatch,受話器,じゅわき,受話器,じゅわき,JLPT 3,19e7b5f6586947de8a2104977e8ac670,surface+reading,N3,https://ja.dict.naver.com/#/search?query=%E5%8F%97%E8%A9%B1%E5%99%A8,2026-08-19T00:31:52+0900,
w_73a4105d9b3edf00,N2,N3,mismatch,受験,じゅけん,受験,じゅけん,JLPT 3,5296ba421e854432bd928e2cac73136d,surface+reading,N3,https://ja.dict.naver.com/#/search?query=%E5%8F%97%E9%A8%93,2026-08-19T00:31:52+0900,
w_37c1f2b079110cc7,N2,N3,mismatch,口紅,くちべに,口紅,くちべに,JLPT 3,ff4afd294bd442aaa6063c682cee31d6,surface+reading,N3,https://ja.dict.naver.com/#/search?query=%E5%8F%A3%E7%B4%85,2026-08-19T00:31:52+0900,
w_6b816f2f73e9b286,N2,N3,mismatch,叫ぶ,さけぶ,叫ぶ,さけぶ,JLPT 3,0c1ce0ccf6d24fc8b6da42dd6ba8d6f9,surface+reading,N3,https://ja.dict.naver.com/#/search?query=%E5%8F%AB%E3%81%B6,2026-08-19T00:31:52+0900,
w_cf32521e5af3bad0,N2,N3,mismatch,司会,しかい,司会,しかい,JLPT 3,6a07175fe7144df1ad28b5ea219fbfe7,surface+reading,N3,https://ja.dict.naver.com/#/search?query=%E5%8F%B8%E4%BC%9A,2026-08-19T00:31:52+0900,
w_944aeb1d0ac16540,N2,N3,mismatch,合同,ごうどう,合同,ごうどう,JLPT 3,ed09f39385364b9094a43bd90103d6c6,surface+reading,N3,https://ja.dict.naver.com/#/search?query=%E5%90%88%E5%90%8C,2026-08-19T00:31:52+0900,
w_abe21722784477c6,N2,N3,mismatch,合流,ごうりゅう,合流,ごうりゅう,JLPT 3,de82fadf833a40d9aa33578d221fb3ad,surface+reading,N3,https://ja.dict.naver.com/#/search?query=%E5%90%88%E6%B5%81,2026-08-19T00:31:52+0900,
w_ec16b10a35ff4063,N2,N3,mismatch,名作,めいさく,名作,めいさく,JLPT 3,1c8fececa258462689ede9e06bfbe855,surface+reading,N3,https://ja.dict.naver.com/#/search?query=%E5%90%8D%E4%BD%9C,2026-08-19T00:31:52+0900,
w_e4fd748a2606a3dd,N2,N3,mismatch,名刺,めいし,名刺,めいし,JLPT 3,851f0a9fb69348a3b70e5c64a6d6c93f,surface+reading,N3,https://ja.dict.naver.com/#/search?query=%E5%90%8D%E5%88%BA,2026-08-19T00:31:52+0900,
w_a54a0943a6ec5d8f,N2,N1,mismatch,名高い,なだかい,名高い,なだかい,JLPT 1,8a46934a46aa48c58b5fc58a32049fb5,surface+reading,N1,https://ja.dict.naver.com/#/search?query=%E5%90%8D%E9%AB%98%E3%81%84,2026-08-19T00:31:52+0900,
w_8f1a9ac6e30ad7b2,N2,N3,mismatch,周辺,しゅうへん,周辺,しゅうへん,JLPT 3,17d1e8a108f24fdeadcceb029f4e5c07,surface+reading,N3,https://ja.dict.naver.com/#/search?query=%E5%91%A8%E8%BE%BA,2026-08-19T00:31:52+0900,
w_d9c4c20b2cc7ba94,N2,N3,mismatch,味わう,あじわう,味わう,あじわう,JLPT 3,f1380bae91bd4e80880aa98e07922970,surface+reading,N3,https://ja.dict.naver.com/#/search?query=%E5%91%B3%E3%82%8F%E3%81%86,2026-08-19T00:31:52+0900,
w_482b1a36e9537d46,N2,N3,mismatch,商店,しょうてん,商店,しょうてん,JLPT 3,5f898fe36cf340d9af09c50404a1ff35,surface+reading,N3,https://ja.dict.naver.com/#/search?query=%E5%95%86%E5%BA%97,2026-08-19T00:31:52+0900,
w_46fa7d6071bffa33,N2,N3,mismatch,喧しい,やかましい,喧しい,やかましい,JLPT 3,e9686fc6040649369bdb571fd037819e,surface+reading,N3,https://ja.dict.naver.com/#/search?query=%E5%96%A7%E3%81%97%E3%81%84,2026-08-19T00:31:52+0900,
w_d5a86ece23e0f3b9,N2,N1,mismatch,嘆く,なげく,嘆く·歎く,なげく,JLPT 1,592157cc449f43bdb7615e334e9d3ba9,surface+reading,N1,https://ja.dict.naver.com/#/search?query=%E5%98%86%E3%81%8F,2026-08-19T00:31:52+0900,
w_96da3acd016b2532,N2,N3,mismatch,四つ角,よつかど,四つ角,よつかど,JLPT 3,a5676a0e154a42b9891bbf36491a83f9,surface+reading,N3,https://ja.dict.naver.com/#/search?query=%E5%9B%9B%E3%81%A4%E8%A7%92,2026-08-19T00:31:52+0900,
w_b7e605e82426b997,N2,N3,mismatch,回り道,まわりみち,回り道·回り路,まわりみち,JLPT 3,410fd4d97e754922ac1e53c82648ecee,surface+reading,N3,https://ja.dict.naver.com/#/search?query=%E5%9B%9E%E3%82%8A%E9%81%93,2026-08-19T00:31:52+0900,
w_9358c2055c083d8e,N2,N3,mismatch,回数券,かいすうけん,回数券,かいすうけん,JLPT 3,e89c85fc53884a3db58aff7b2d5d0e0f,surface+reading,N3,https://ja.dict.naver.com/#/search?query=%E5%9B%9E%E6%95%B0%E5%88%B8,2026-08-19T00:31:52+0900,
w_efefb3917b528b1a,N2,N4,mismatch,国立,こくりつ,国立,こくりつ,JLPT 4,5d43a59657614fb99037c53ddb41fb36,surface+reading,N4,https://ja.dict.naver.com/#/search?query=%E5%9B%BD%E7%AB%8B,2026-08-19T00:31:52+0900,
w_a3a1ab15d2a2b883,N2,N3,mismatch,土地,とち,土地,とち,JLPT 3,00dadc5a653945a8875832f468ff5c62,surface+reading,N3,https://ja.dict.naver.com/#/search?query=%E5%9C%9F%E5%9C%B0,2026-08-19T00:31:52+0900,
w_7508b46e7e84d686,N2,N3,mismatch,地下水,ちかすい,地下水,ちかすい,JLPT 3,f4fb008eacf34494aa93cb4888bb8de9,surface+reading,N3,https://ja.dict.naver.com/#/search?query=%E5%9C%B0%E4%B8%8B%E6%B0%B4,2026-08-19T00:31:52+0900,
w_3f508f4b79e75367,N2,N3,mismatch,地名,ちめい,地名,ちめい,JLPT 3,a2b8f0a3ff8246c08a3ba5a5ccd9ea61,surface+reading,N3,https://ja.dict.naver.com/#/search?query=%E5%9C%B0%E5%90%8D,2026-08-19T00:31:52+0900,
w_5dd2f4e161a8911c,N2,N3,mismatch,塩辛い,しおからい,塩辛い,しおからい,JLPT 3,ffa6abce500a4fc8a15a066f5dcd3c53,surface+reading,N3,https://ja.dict.naver.com/#/search?query=%E5%A1%A9%E8%BE%9B%E3%81%84,2026-08-19T00:31:52+0900,
w_c6c600783c436724,N2,N3,mismatch,売店,ばいてん,売店,ばいてん,JLPT 3,5f508c31d06b40d382a2778a700d0b57,surface+reading,N3,https://ja.dict.naver.com/#/search?query=%E5%A3%B2%E5%BA%97,2026-08-19T00:31:52+0900,
w_56677fa9c9e5770f,N2,N3,mismatch,売買,ばいばい,売買,ばいばい,JLPT 3,0442de08e10f406891f76b453345bf93,surface+reading,N3,https://ja.dict.naver.com/#/search?query=%E5%A3%B2%E8%B2%B7,2026-08-19T00:31:52+0900,
w_e7157988aaabd07f,N2,N3,mismatch,変更,へんこう,変更,へんこう,JLPT 3,a0645a8dfc4348a59093f21160bc3429,surface+reading,N3,https://ja.dict.naver.com/#/search?query=%E5%A4%89%E6%9B%B4,2026-08-19T00:31:52+0900,
w_a99a4c9a1398a1b1,N2,N3,mismatch,夕日,ゆうひ,夕日·夕陽,ゆうひ,JLPT 3,b06e80556ef549f09f7db94de4abb805,surface+reading,N3,https://ja.dict.naver.com/#/search?query=%E5%A4%95%E6%97%A5,2026-08-19T00:31:52+0900,
w_76d0afc93c0967ff,N2,N3,mismatch,夕立,ゆうだち,夕立,ゆうだち,JLPT 3,865493969ad14360b205cd7d9b907609,surface+reading,N3,https://ja.dict.naver.com/#/search?query=%E5%A4%95%E7%AB%8B,2026-08-19T00:31:52+0900,
w_9ade5fb2ed726bf3,N2,N3,mismatch,外す,はずす,外す,はずす,JLPT 3,a75afeee076e40f3a267cbecee0bb85c,surface+reading,N3,https://ja.dict.naver.com/#/search?query=%E5%A4%96%E3%81%99,2026-08-19T00:31:52+0900,
w_68826cb13d662efc,N2,N4,mismatch,外部,がいぶ,外部,がいぶ,JLPT 4,1add0fe4d9c64b989637f38ffcbead24,surface+reading,N4,https://ja.dict.naver.com/#/search?query=%E5%A4%96%E9%83%A8,2026-08-19T00:31:52+0900,
w_5b081d4041d9fb2c,N2,N4,mismatch,夜間,やかん,夜間,やかん,JLPT 4,8bb48202f53343ce88d8478f1c05fa95,surface+reading,N4,https://ja.dict.naver.com/#/search?query=%E5%A4%9C%E9%96%93,2026-08-19T00:31:52+0900,
w_cf838bf5a46da7f8,N2,N4,mismatch,夢,ゆめ,夢,ゆめ,JLPT 4,1f4d30b4feba48ff85b09def689e06a2,surface+reading,N4,https://ja.dict.naver.com/#/search?query=%E5%A4%A2,2026-08-19T00:31:52+0900,
w_fc3f8a953526e8ae,N2,N3,mismatch,大いに,おおいに,大いに,おおいに,JLPT 3,939c8bb8e42d4d1590e1a5004b24ea37,surface+reading,N3,https://ja.dict.naver.com/#/search?query=%E5%A4%A7%E3%81%84%E3%81%AB,2026-08-19T00:31:52+0900,
w_435306845897baa6,N2,N3,mismatch,大して,たいして,大して,たいして,JLPT 3,315341dae2a24d3398158d2a2ea03ef2,surface+reading,N3,https://ja.dict.naver.com/#/search?query=%E5%A4%A7%E3%81%97%E3%81%A6,2026-08-19T00:31:52+0900,
w_5a4c8c8dbfcef86c,N2,N1,mismatch,大層,たいそう,大層,たいそう,JLPT 1,c1f42988022e45f0b4e58a4a69844250,surface+reading,N1,https://ja.dict.naver.com/#/search?query=%E5%A4%A7%E5%B1%A4,2026-08-19T00:31:52+0900,
w_c65c4cad9d7c2915,N2,N3,mismatch,大通り,おおどおり,大通り,おおどおり,JLPT 3,c7098d8668c348578777c7938582a5b9,surface+reading,N3,https://ja.dict.naver.com/#/search?query=%E5%A4%A7%E9%80%9A%E3%82%8A,2026-08-19T00:31:52+0900,
w_509472e0bf65001b,N2,N3,mismatch,夫妻,ふさい,夫妻,ふさい,JLPT 3,a4eabd0cbff44e939eca9b01f34067ac,surface+reading,N3,https://ja.dict.naver.com/#/search?query=%E5%A4%AB%E5%A6%BB,2026-08-19T00:31:52+0900,
w_cacfe4416b92241a,N2,N3,mismatch,失恋,しつれん,失恋,しつれん,JLPT 3,cc8f76ba2e4546a191dcb8f7ee4a343e,surface+reading,N3,https://ja.dict.naver.com/#/search?query=%E5%A4%B1%E6%81%8B,2026-08-19T00:31:52+0900,
w_0304d2b775185723,N2,N3,mismatch,好き嫌い,すききらい,好き嫌い,すききらい,JLPT 3,fc16d39356074db893a401a00eb35cda,surface+reading,N3,https://ja.dict.naver.com/#/search?query=%E5%A5%BD%E3%81%8D%E5%AB%8C%E3%81%84,2026-08-19T00:31:52+0900,
w_7bd0d93b4d0662e0,N2,N1,mismatch,好評,こうひょう,好評,こうひょう,JLPT 1,8bbce9212e0c452ea8e820e1b06d51d9,surface+reading,N1,https://ja.dict.naver.com/#/search?query=%E5%A5%BD%E8%A9%95,2026-08-19T00:31:52+0900,
w_7695b327018796ee,N2,N3,mismatch,嫌がる,いやがる,嫌がる·厭がる,いやがる,JLPT 3,71557102560546e4a5c3572cba2f20c8,surface+reading,N3,https://ja.dict.naver.com/#/search?query=%E5%AB%8C%E3%81%8C%E3%82%8B,2026-08-19T00:31:52+0900,
w_e44a8590c21dc06d,N2,N3,mismatch,孝行,こうこう,孝行,こうこう,JLPT 3,ffe8bd2c009448d0b97650fa070889b3,surface+reading,N3,https://ja.dict.naver.com/#/search?query=%E5%AD%9D%E8%A1%8C,2026-08-19T00:31:52+0900,
w_6da2a63ebd1cb818,N2,N3,mismatch,学力,がくりょく,学力,がくりょく,JLPT 3,97e9b2342710423bbc9f29a202bb26d0,surface+reading,N3,https://ja.dict.naver.com/#/search?query=%E5%AD%A6%E5%8A%9B,2026-08-19T00:31:52+0900,
w_4bf92d97ba53b2c0,N2,N3,mismatch,学部,がくぶ,学部,がくぶ,JLPT 3,46a1e1cf2b94415e8df87e82b1bff1bc,surface+reading,N3,https://ja.dict.naver.com/#/search?query=%E5%AD%A6%E9%83%A8,2026-08-19T00:31:52+0900,
w_378b3c15443f0b8d,N2,N3,mismatch,安易,あんい,安易,あんい,JLPT 3,a987a84e9603484eab6aa75af9a0806d,surface+reading,N3,https://ja.dict.naver.com/#/search?query=%E5%AE%89%E6%98%93,2026-08-19T00:31:52+0900,
w_5ccd774e1051377f,N2,N3,mismatch,定員,ていいん,定員,ていいん,JLPT 3,0fb0321ac3b44fbd87f0733560764547,surface+reading,N3,https://ja.dict.naver.com/#/search?query=%E5%AE%9A%E5%93%A1,2026-08-19T00:31:52+0900,
w_86c0f674f3083159,N2,N3,mismatch,定期券,ていきけん,定期券,ていきけん,JLPT 3,9c33f27094bb480cb95a1a2af4106504,surface+reading,N3,https://ja.dict.naver.com/#/search?query=%E5%AE%9A%E6%9C%9F%E5%88%B8,2026-08-19T00:31:52+0900,
w_399414f67e446061,N2,N3,mismatch,宴会,えんかい,宴会,えんかい,JLPT 3,637431842bbb4448969e479de3c0f5cf,surface+reading,N3,https://ja.dict.naver.com/#/search?query=%E5%AE%B4%E4%BC%9A,2026-08-19T00:31:52+0900,
w_28791ccc16b6f97b,N2,N4,mismatch,寂しい,さびしい,寂しい·淋しい,さびしい,JLPT 4,ba6d9deb454f43cd9aab6aaca66c4851,surface+reading,N4,https://ja.dict.naver.com/#/search?query=%E5%AF%82%E3%81%97%E3%81%84,2026-08-19T00:31:52+0900,
w_1217f338bffbe3ab,N2,N3,mismatch,寺院,じいん,寺院,じいん,JLPT 3,dad6d8136c6145e6bfb8d39d6bead2e3,surface+reading,N3,https://ja.dict.naver.com/#/search?query=%E5%AF%BA%E9%99%A2,2026-08-19T00:31:52+0900,
w_53eb0fa053f5596f,N2,N3,mismatch,対策,たいさく,対策,たいさく,JLPT 3,814bdfc0d88548e9b8167be39f7e0960,surface+reading,N3,https://ja.dict.naver.com/#/search?query=%E5%AF%BE%E7%AD%96,2026-08-19T00:31:52+0900,
w_25a37975ebba9151,N2,N1,mismatch,専念,せんねん,専念,せんねん,JLPT 1,f89f9b8a084044f6938e48b2c178f706,surface+reading,N1,https://ja.dict.naver.com/#/search?query=%E5%B0%82%E5%BF%B5,2026-08-19T00:31:52+0900,
w_31b66e1b4c819fea,N2,N3,mismatch,小指,こゆび,小指,こゆび,JLPT 3,0c809d03da214c4e8250ca0aa7665301,surface+reading,N3,https://ja.dict.naver.com/#/search?query=%E5%B0%8F%E6%8C%87,2026-08-19T00:31:52+0900,
w_95dcb750dac183f7,N2,N3,mismatch,少なくとも,すくなくとも,少なくとも·尠くとも,すくなくとも,JLPT 3,9d0d5cd971b547a88fbdb03bfbb0932a,surface+reading,N3,https://ja.dict.naver.com/#/search?query=%E5%B0%91%E3%81%AA%E3%81%8F%E3%81%A8%E3%82%82,2026-08-19T00:31:52+0900,
w_3074096d1eee3e91,N2,N3,mismatch,屋外,おくがい,屋外,おくがい,JLPT 3,72b0899b3e644be6953e3a5ec073a79c,surface+reading,N3,https://ja.dict.naver.com/#/search?query=%E5%B1%8B%E5%A4%96,2026-08-19T00:31:52+0900,
w_9a8ba75c78bfbd6d,N2,N4,mismatch,工事,こうじ,工事,こうじ,JLPT 4,79f9b33271224abaa6755dd8f70df98f,surface+reading,N4,https://ja.dict.naver.com/#/search?query=%E5%B7%A5%E4%BA%8B,2026-08-19T00:31:52+0900,
w_2fc9098d18ea8dc0,N2,N3,mismatch,常に,つねに,常に,つねに,JLPT 3,0d8edc76ae094165a3228315b9d1fd5f,surface+reading,N3,https://ja.dict.naver.com/#/search?query=%E5%B8%B8%E3%81%AB,2026-08-19T00:31:52+0900,
w_7959d3097fa73625,N2,N3,mismatch,幅,はば,幅·巾,はば,JLPT 3,099ebbdce47f4fe2858d78c7feedf41e,surface+reading,N3,https://ja.dict.naver.com/#/search?query=%E5%B9%85,2026-08-19T00:31:52+0900,
w_8c51116b2df3d347,N2,N3,mismatch,平凡,へいぼん,平凡,へいぼん,JLPT 3,62cfa13e9cae4a318511d9f038465b00,surface+reading,N3,https://ja.dict.naver.com/#/search?query=%E5%B9%B3%E5%87%A1,2026-08-19T00:31:52+0900,
w_75b65e30a289a9db,N2,N3,mismatch,平和,へいわ,平和,へいわ,JLPT 3,a15dab2216c1408cb086cc5e33e5de04,surface+reading,N3,https://ja.dict.naver.com/#/search?query=%E5%B9%B3%E5%92%8C,2026-08-19T00:31:52+0900,
w_e42ff9a33ffea453,N2,N3,mismatch,平気,へいき,平気,へいき,JLPT 3,58c7b53adf174aeea333b687ce38e3ee,surface+reading,N3,https://ja.dict.naver.com/#/search?query=%E5%B9%B3%E6%B0%97,2026-08-19T00:31:52+0900,
w_a28bc11e96dedc2f,N2,N3,mismatch,幼い,おさない,幼い,おさない,JLPT 3,f1919ee94e4f4b628eebd1f03d6f784e,surface+reading,N3,https://ja.dict.naver.com/#/search?query=%E5%B9%BC%E3%81%84,2026-08-19T00:31:52+0900,
w_10ecf6b1a4baf555,N2,N3,mismatch,幼児,ようじ,幼児,ようじ,JLPT 3,1c5278a1eaaf46e5a28ae8d79e01fef2,surface+reading,N3,https://ja.dict.naver.com/#/search?query=%E5%B9%BC%E5%85%90,2026-08-19T00:31:52+0900,
w_0ca8735754c60576,N2,N3,mismatch,幼稚園,ようちえん,幼稚園,ようちえん,JLPT 3,b441cd7e735a45d08212a7a169d07b01,surface+reading,N3,https://ja.dict.naver.com/#/search?query=%E5%B9%BC%E7%A8%9A%E5%9C%92,2026-08-19T00:31:52+0900,
w_ad5a190c8bd92d95,N2,N3,mismatch,広げる,ひろげる,広げる·拡げる,ひろげる,JLPT 3,f24805e1ab384d4e8b0d88bab5c9cc32,surface+reading,N3,https://ja.dict.naver.com/#/search?query=%E5%BA%83%E3%81%92%E3%82%8B,2026-08-19T00:31:52+0900,
w_3ed4b9077217e5e1,N2,N4,mismatch,広さ,ひろさ,広さ,ひろさ,JLPT 4,6cddd4b91a5c4a4bb9fc290fa38686e7,surface+reading,N4,https://ja.dict.naver.com/#/search?query=%E5%BA%83%E3%81%95,2026-08-19T00:31:52+0900,
w_b6b1ec7b196b2373,N2,N1,mismatch,庇う,かばう,庇う,かばう,JLPT 1,56f79fa5f91548798a6815a8bda461b2,surface+reading,N1,https://ja.dict.naver.com/#/search?query=%E5%BA%87%E3%81%86,2026-08-19T00:31:52+0900,
w_011830febbff62c7,N2,N3,mismatch,床の間,とこのま,床の間,とこのま,JLPT 3,f72d97e5d28f47e794e8a6f4f60a5198,surface+reading,N3,https://ja.dict.naver.com/#/search?query=%E5%BA%8A%E3%81%AE%E9%96%93,2026-08-19T00:31:52+0900,
w_cd89b540108a739e,N2,N1,mismatch,強いて,しいて,強いて,しいて,JLPT 1,e8cb04b0256d412897845f6b056141e1,surface+reading,N1,https://ja.dict.naver.com/#/search?query=%E5%BC%B7%E3%81%84%E3%81%A6,2026-08-19T00:31:52+0900,
w_37cb1b813a73d9a0,N2,N3,mismatch,強化,きょうか,強化,きょうか,JLPT 3,1aea58dc79f643d69ba0ea7a5d468a6b,surface+reading,N3,https://ja.dict.naver.com/#/search?query=%E5%BC%B7%E5%8C%96,2026-08-19T00:31:52+0900,
w_b7f37f0b0a8a7c3a,N2,N1,mismatch,循環,じゅんかん,循環,じゅんかん,JLPT 1,215693b38e624d13ae169799f3001bc9,surface+reading,N1,https://ja.dict.naver.com/#/search?query=%E5%BE%AA%E7%92%B0,2026-08-19T00:31:52+0900,
w_1b29dad1ad887a74,N2,N3,mismatch,必ずしも,かならずしも,必ずしも,かならずしも,JLPT 3,af1c30543e2a4904a7e103a8f1cd8129,surface+reading,N3,https://ja.dict.naver.com/#/search?query=%E5%BF%85%E3%81%9A%E3%81%97%E3%82%82,2026-08-19T00:31:52+0900,
w_b097e87be35c53bf,N2,N3,mismatch,思い込む,おもいこむ,思い込む,おもいこむ,JLPT 3,da287b72853b405791d9a180fbaccfc8,surface+reading,N3,https://ja.dict.naver.com/#/search?query=%E6%80%9D%E3%81%84%E8%BE%BC%E3%82%80,2026-08-19T00:31:52+0900,
w_4319c8721cd1feed,N2,N3,mismatch,思わず,おもわず,思わず,おもわず,JLPT 3,ad32fc94b35d4a2680ebf532ceaa23c6,surface+reading,N3,https://ja.dict.naver.com/#/search?query=%E6%80%9D%E3%82%8F%E3%81%9A,2026-08-19T00:31:52+0900,
w_a4435942eb37a45e,N2,N3,mismatch,恐ろしい,おそろしい,恐ろしい,おそろしい,JLPT 3,a1d5c9d0f1c04b6e84860c61751e8104,surface+reading,N3,https://ja.dict.naver.com/#/search?query=%E6%81%90%E3%82%8D%E3%81%97%E3%81%84,2026-08-19T00:31:52+0900,
w_3deb1341b958f12c,N2,N3,mismatch,悩む,なやむ,悩む,なやむ,JLPT 3,c9a4ff3c6ae745bc84d7be4ce60189df,surface+reading,N3,https://ja.dict.naver.com/#/search?query=%E6%82%A9%E3%82%80,2026-08-19T00:31:52+0900,
w_7f02be914094514a,N2,N1,mismatch,情けない,なさけない,情けない·情け無い,なさけない,JLPT 1,710826c57daf47b79fd38a97d8c4a574,surface+reading,N1,https://ja.dict.naver.com/#/search?query=%E6%83%85%E3%81%91%E3%81%AA%E3%81%84,2026-08-19T00:31:52+0900,
w_fbadd36718419389,N2,N3,mismatch,意義,いぎ,意義,いぎ,JLPT 3,85133bbff9174f0cb93c71c4adda46d8,surface+reading,N3,https://ja.dict.naver.com/#/search?query=%E6%84%8F%E7%BE%A9,2026-08-19T00:31:52+0900,
w_cbbd2119fe22bd2a,N2,N3,mismatch,感想,かんそう,感想,かんそう,JLPT 3,8cd0e64b8ff9457ba481da8ac8c73b46,surface+reading,N3,https://ja.dict.naver.com/#/search?query=%E6%84%9F%E6%83%B3,2026-08-19T00:31:52+0900,
w_9d1d8b45269581af,N2,N3,mismatch,態度,たいど,態度,たいど,JLPT 3,fa5f22e71e5f4a6fad8a760234864529,surface+reading,N3,https://ja.dict.naver.com/#/search?query=%E6%85%8B%E5%BA%A6,2026-08-19T00:31:52+0900,
w_3b7bb6f69b70efcf,N2,N4,mismatch,慣れる,なれる,慣れる·馴れる,なれる,JLPT 4,558f2841d96b4e9381fb04dbf72ecfe7,surface+reading,N4,https://ja.dict.naver.com/#/search?query=%E6%85%A3%E3%82%8C%E3%82%8B,2026-08-19T00:31:52+0900,
w_c149de6d6e46c7b2,N2,N3,mismatch,憎い,にくい,憎い·悪い,にくい,JLPT 3,276d9490141c4624876a1f2bed0759be,surface+reading,N3,https://ja.dict.naver.com/#/search?query=%E6%86%8E%E3%81%84,2026-08-19T00:31:52+0900,
w_b8d8c4fdb2d0ed45,N2,N3,mismatch,憧れる,あこがれる,憧れる·憬れる,あこがれる,JLPT 3,d91a7376f60145bc96782ab13922943d,surface+reading,N3,https://ja.dict.naver.com/#/search?query=%E6%86%A7%E3%82%8C%E3%82%8B,2026-08-19T00:31:52+0900,
w_fe27b5a30e3f442a,N2,N3,mismatch,扇風機,せんぷうき,扇風機,せんぷうき,JLPT 3,f3fd9ecaff2643e6a488d392842a8c99,surface+reading,N3,https://ja.dict.naver.com/#/search?query=%E6%89%87%E9%A2%A8%E6%A9%9F,2026-08-19T00:31:52+0900,
w_f3ad58fce513b0df,N2,N4,mismatch,手前,てまえ,手前,てまえ,JLPT 4,9b8318e935654d40a1aef4812bdec6af,surface+reading,N4,https://ja.dict.naver.com/#/search?query=%E6%89%8B%E5%89%8D,2026-08-19T00:31:52+0900,
w_5306465650e71486,N2,N1,mismatch,手頃,てごろ,手頃,てごろ,JLPT 1,bd106b1425e64003a811554a39a357a4,surface+reading,N1,https://ja.dict.naver.com/#/search?query=%E6%89%8B%E9%A0%83,2026-08-19T00:31:52+0900,
w_0b3684267096f3fb,N2,N3,mismatch,手首,てくび,手首·手頸,てくび,JLPT 3,08c1b1c13791403d9d123b81552ab330,surface+reading,N3,https://ja.dict.naver.com/#/search?query=%E6%89%8B%E9%A6%96,2026-08-19T00:31:52+0900,
w_7d2dc2d277bc090f,N2,N1,mismatch,把握,はあく,把握,はあく,JLPT 1,49ea3bc2680e45d79b60f51fba00c8dd,surface+reading,N1,https://ja.dict.naver.com/#/search?query=%E6%8A%8A%E6%8F%A1,2026-08-19T00:31:52+0900,
w_3ad3ada30c990fec,N2,N3,mismatch,抜く,ぬく,抜く,ぬく,JLPT 3,22ae5b40d3404917a293ea878e36a8b1,surface+reading,N3,https://ja.dict.naver.com/#/search?query=%E6%8A%9C%E3%81%8F,2026-08-19T00:31:52+0900,
w_400d9fcf33c3211e,N2,N1,mismatch,担う,になう,担う,になう,JLPT 1,9303205ac0454ec6ac8473a32af0a0e3,surface+reading,N1,https://ja.dict.naver.com/#/search?query=%E6%8B%85%E3%81%86,2026-08-19T00:31:52+0900,
w_e9f533b957ab3a97,N2,N3,mismatch,担当,たんとう,担当,たんとう,JLPT 3,a517467ca96649a087d038eab67f3a04,surface+reading,N3,https://ja.dict.naver.com/#/search?query=%E6%8B%85%E5%BD%93,2026-08-19T00:31:52+0900,
w_af08fee0d4fa48b2,N2,N3,mismatch,招く,まねく,招く,まねく,JLPT 3,596d8903fa0f46728a68825798574021,surface+reading,N3,https://ja.dict.naver.com/#/search?query=%E6%8B%9B%E3%81%8F,2026-08-19T00:31:52+0900,
w_eca9bbcb4a3a6ab2,N2,N3,mismatch,指定,してい,指定,してい,JLPT 3,6538885db13c483397f6d3dcbcd9bf96,surface+reading,N3,https://ja.dict.naver.com/#/search?query=%E6%8C%87%E5%AE%9A,2026-08-19T00:31:52+0900,
w_ed59200465195b5f,N2,N3,mismatch,捕まる,つかまる,捕まる·捉まる,つかまる,JLPT 3,89336d936bc74558832ed548dc05d6ab,surface+reading,N3,https://ja.dict.naver.com/#/search?query=%E6%8D%95%E3%81%BE%E3%82%8B,2026-08-19T00:31:52+0900,
w_e74097848962e54a,N2,N4,mismatch,捜す,さがす,探す·捜す,さがす,JLPT 4,183765ddec0541389692aa4a6328d3a1,surface+reading,N4,https://ja.dict.naver.com/#/search?query=%E6%8D%9C%E3%81%99,2026-08-19T00:31:52+0900,
w_907dd1a6d7887c1c,N2,N3,mismatch,採点,さいてん,採点,さいてん,JLPT 3,711968443a20434f97f0efe51b4a8bea,surface+reading,N3,https://ja.dict.naver.com/#/search?query=%E6%8E%A1%E7%82%B9,2026-08-19T00:31:52+0900,
w_262bab2f3dc47299,N2,N1,mismatch,採用,さいよう,採用,さいよう,JLPT 1,a02d267f25954420b545061f6e1af249,surface+reading,N1,https://ja.dict.naver.com/#/search?query=%E6%8E%A1%E7%94%A8,2026-08-19T00:31:52+0900,
w_6257d89430551d56,N2,N4,mismatch,探す,さがす,探す·捜す,さがす,JLPT 4,183765ddec0541389692aa4a6328d3a1,surface+reading,N4,https://ja.dict.naver.com/#/search?query=%E6%8E%A2%E3%81%99,2026-08-19T00:31:52+0900,
w_babcfcaa13475a3f,N2,N3,mismatch,揃う,そろう,揃う,そろう,JLPT 3,4e8a87a1746742e79b180b96b1f7351c,surface+reading,N3,https://ja.dict.naver.com/#/search?query=%E6%8F%83%E3%81%86,2026-08-19T00:31:52+0900,
w_ca37b40065ad18b1,N2,N3,mismatch,揃える,そろえる,揃える,そろえる,JLPT 3,d1466f12d56b46baaaf0dba7971178ad,surface+reading,N3,https://ja.dict.naver.com/#/search?query=%E6%8F%83%E3%81%88%E3%82%8B,2026-08-19T00:31:52+0900,
w_7b196f5e46445331,N2,N3,mismatch,散らかす,ちらかす,散らかす,ちらかす,JLPT 3,4e07a00c4d3e4607ab7f1ea1c13db572,surface+reading,N3,https://ja.dict.naver.com/#/search?query=%E6%95%A3%E3%82%89%E3%81%8B%E3%81%99,2026-08-19T00:31:52+0900,
w_ca9b5a8932d7de1c,N2,N3,mismatch,散らかる,ちらかる,散らかる,ちらかる,JLPT 3,5640c529324f44a3b44dc9033326ea05,surface+reading,N3,https://ja.dict.naver.com/#/search?query=%E6%95%A3%E3%82%89%E3%81%8B%E3%82%8B,2026-08-19T00:31:52+0900,
w_d773d232abeabf52,N2,N1,mismatch,整える,ととのえる,整える·斉える,ととのえる,JLPT 1,1ff18cd8c85c4c1790160b7bf7398922,surface+reading,N1,https://ja.dict.naver.com/#/search?query=%E6%95%B4%E3%81%88%E3%82%8B,2026-08-19T00:31:52+0900,
w_3da2373b4c5339bc,N2,N3,mismatch,文房具,ぶんぼうぐ,文房具,ぶんぼうぐ,JLPT 3,535ec56b2d29460297468b9e7d2908c9,surface+reading,N3,https://ja.dict.naver.com/#/search?query=%E6%96%87%E6%88%BF%E5%85%B7,2026-08-19T00:31:52+0900,
w_6f41816bae345ee0,N2,N3,mismatch,文献,ぶんけん,文献,ぶんけん,JLPT 3,516a8f39f5044206967db0999512f1d9,surface+reading,N3,https://ja.dict.naver.com/#/search?query=%E6%96%87%E7%8C%AE,2026-08-19T00:31:52+0900,
w_d95c38708b61d79d,N2,N3,mismatch,斜め,ななめ,斜め,ななめ,JLPT 3,0e4d2ae3c4ea4b32a2e3a27a19228987,surface+reading,N3,https://ja.dict.naver.com/#/search?query=%E6%96%9C%E3%82%81,2026-08-19T00:31:52+0900,
w_36803638e1726a98,N2,N3,mismatch,断水,だんすい,断水,だんすい,JLPT 3,b70cc504a60e41a090a5a38f9f8b0be2,surface+reading,N3,https://ja.dict.naver.com/#/search?query=%E6%96%AD%E6%B0%B4,2026-08-19T00:31:52+0900,
w_024149bd2ab0a1c2,N2,N3,mismatch,新幹線,しんかんせん,新幹線,しんかんせん,JLPT 3,159c375e870844b08f33b57542aae13b,surface+reading,N3,https://ja.dict.naver.com/#/search?query=%E6%96%B0%E5%B9%B9%E7%B7%9A,2026-08-19T00:31:52+0900,
w_b6a43f57f6d6ba38,N2,N3,mismatch,方面,ほうめん,方面,ほうめん,JLPT 3,0501afac0f124134b8aed68082276fab,surface+reading,N3,https://ja.dict.naver.com/#/search?query=%E6%96%B9%E9%9D%A2,2026-08-19T00:31:52+0900,
w_7f6511191d75c0ef,N2,N3,mismatch,日帰り,ひがえり,日帰り,ひがえり,JLPT 3,ce517ee331ea4332b78e0146ea1f40fd,surface+reading,N3,https://ja.dict.naver.com/#/search?query=%E6%97%A5%E5%B8%B0%E3%82%8A,2026-08-19T00:31:52+0900,
w_e9062aa16e1de6ff,N2,N3,mismatch,日時,にちじ,日時,にちじ,JLPT 3,14c24ee1df974d8ab5a4c56094352c6a,surface+reading,N3,https://ja.dict.naver.com/#/search?query=%E6%97%A5%E6%99%82,2026-08-19T00:31:52+0900,
w_95331870a8aba9df,N2,N3,mismatch,日程,にってい,日程,にってい,JLPT 3,193edf4065694771a6f0c683833e5fd0,surface+reading,N3,https://ja.dict.naver.com/#/search?query=%E6%97%A5%E7%A8%8B,2026-08-19T00:31:52+0900,
w_96e9370be29e25e9,N2,N3,mismatch,早口,はやくち,早口,はやくち,JLPT 3,9092c5e5f85343be9e5816b334e4b7a7,surface+reading,N3,https://ja.dict.naver.com/#/search?query=%E6%97%A9%E5%8F%A3,2026-08-19T00:31:52+0900,
w_15a6650a2cae6bde,N2,N3,mismatch,映す,うつす,映す,うつす,JLPT 3,5449405ce9354ce8aa04a0aec13206c4,surface+reading,N3,https://ja.dict.naver.com/#/search?query=%E6%98%A0%E3%81%99,2026-08-19T00:31:52+0900,
w_05db2a81639c7448,N2,N3,mismatch,昼寝,ひるね,昼寝,ひるね,JLPT 3,368c550301a84944b85bb8f012fb4ebb,surface+reading,N3,https://ja.dict.naver.com/#/search?query=%E6%98%BC%E5%AF%9D,2026-08-19T00:31:52+0900,
w_0938d8786bc08f9e,N2,N3,mismatch,時速,じそく,時速,じそく,JLPT 3,89f6122d5cf2441da72f7cb11528c7cb,surface+reading,N3,https://ja.dict.naver.com/#/search?query=%E6%99%82%E9%80%9F,2026-08-19T00:31:52+0900,
w_db78bbe47377b90a,N2,N3,mismatch,書店,しょてん,書店,しょてん,JLPT 3,5af7ad25a3d34d5997ec7c84c1625900,surface+reading,N3,https://ja.dict.naver.com/#/search?query=%E6%9B%B8%E5%BA%97,2026-08-19T00:31:52+0900,
w_8518c3195cf69801,N2,N3,mismatch,書留,かきとめ,書留,かきとめ,JLPT 3,a5a5ae0842724a33961e50f25f82bf0a,surface+reading,N3,https://ja.dict.naver.com/#/search?query=%E6%9B%B8%E7%95%99,2026-08-19T00:31:52+0900,
w_83de4c2c646b19a2,N2,N3,mismatch,最も,もっとも,最も,もっとも,JLPT 3,f103c890641442ed81a07b435f7d867d,surface+reading,N3,https://ja.dict.naver.com/#/search?query=%E6%9C%80%E3%82%82,2026-08-19T00:31:52+0900,
w_79c722fa85d82de1,N2,N3,mismatch,月日,つきひ,月日,つきひ,JLPT 3,f5dd1f9190f44e49b596feb9ea5eba0b,surface+reading,N3,https://ja.dict.naver.com/#/search?query=%E6%9C%88%E6%97%A5,2026-08-19T00:31:52+0900,
w_6cdfc8fded29f805,N2,N3,mismatch,有料,ゆうりょう,有料,ゆうりょう,JLPT 3,4a00b87e6f7140b38a577d6f646e0049,surface+reading,N3,https://ja.dict.naver.com/#/search?query=%E6%9C%89%E6%96%99,2026-08-19T00:31:52+0900,
w_b30f2ba2d537c3c3,N2,N1,mismatch,望ましい,のぞましい,望ましい,のぞましい,JLPT 1,d91006e84f414cfa831a17d18eb50753,surface+reading,N1,https://ja.dict.naver.com/#/search?query=%E6%9C%9B%E3%81%BE%E3%81%97%E3%81%84,2026-08-19T00:31:52+0900,
w_185bd766c346483b,N2,N3,mismatch,朝寝坊,あさねぼう,朝寝坊,あさねぼう,JLPT 3,81e9dfc8aed44ca58d58353b2ae7a93c,surface+reading,N3,https://ja.dict.naver.com/#/search?query=%E6%9C%9D%E5%AF%9D%E5%9D%8A,2026-08-19T00:31:52+0900,
w_17d0688fb70003cb,N2,N3,mismatch,末っ子,すえっこ,末っ子,すえっこ,JLPT 3,7a8a48e1a97147de93cce27fd32fa59c,surface+reading,N3,https://ja.dict.naver.com/#/search?query=%E6%9C%AB%E3%81%A3%E5%AD%90,2026-08-19T00:31:52+0900,
w_98ddf2f7faafdcf9,N2,N3,mismatch,本物,ほんもの,本物,ほんもの,JLPT 3,455928afafdc44bf9ba82f2442e6a7de,surface+reading,N3,https://ja.dict.naver.com/#/search?query=%E6%9C%AC%E7%89%A9,2026-08-19T00:31:52+0900,
w_89fc48e334ad51b6,N2,N1,mismatch,本質,ほんしつ,本質,ほんしつ,JLPT 1,16bd7ae4a1d74bf5a36ae9106bedc291,surface+reading,N1,https://ja.dict.naver.com/#/search?query=%E6%9C%AC%E8%B3%AA,2026-08-19T00:31:52+0900,
w_756349e08e45907c,N2,N3,mismatch,本部,ほんぶ,本部,ほんぶ,JLPT 3,7196df36f1a24e718ce2a770bc418b84,surface+reading,N3,https://ja.dict.naver.com/#/search?query=%E6%9C%AC%E9%83%A8,2026-08-19T00:31:52+0900,
w_28af84971c612466,N2,N3,mismatch,東洋,とうよう,東洋,とうよう,JLPT 3,8afe9b2848874a109ef1f3e8252cb644,surface+reading,N3,https://ja.dict.naver.com/#/search?query=%E6%9D%B1%E6%B4%8B,2026-08-19T00:31:52+0900,
w_730e1fe919e7f52c,N2,N1,mismatch,果たす,はたす,果(た)す,はたす,JLPT 1,a6f087b6447e4c3687a85d30677274b7,exact-search+reading,N1,https://ja.dict.naver.com/#/search?query=%E6%9E%9C%E3%81%9F%E3%81%99,2026-08-19T00:31:52+0900,
w_0e77500820c5c9b9,N2,N1,mismatch,染める,そめる,染める,そめる,JLPT 1,639c39b354cc46f3bda88535aba769bd,surface+reading,N1,https://ja.dict.naver.com/#/search?query=%E6%9F%93%E3%82%81%E3%82%8B,2026-08-19T00:31:52+0900,
w_4e05ce70d99d9cea,N2,N3,mismatch,校庭,こうてい,校庭,こうてい,JLPT 3,4550c59066dd424793b8851501a7e03a,surface+reading,N3,https://ja.dict.naver.com/#/search?query=%E6%A0%A1%E5%BA%AD,2026-08-19T00:31:52+0900,
w_5ab85d7ac7d33bf8,N2,N1,mismatch,格別,かくべつ,格別·各別,かくべつ,JLPT 1,39733a5dfa9c4c27bf5f58f19fe086c3,surface+reading,N1,https://ja.dict.naver.com/#/search?query=%E6%A0%BC%E5%88%A5,2026-08-19T00:31:52+0900,
w_39a7c4844064243e,N2,N3,mismatch,案外,あんがい,案外,あんがい,JLPT 3,965c03ae5adb48859037ac7c06098f0a,surface+reading,N3,https://ja.dict.naver.com/#/search?query=%E6%A1%88%E5%A4%96,2026-08-19T00:31:52+0900,
w_37a5f1d1a6f9e9e5,N2,N1,mismatch,模型,もけい,模型,もけい,JLPT 1,c48670ccc9884ab9a5ea76fbd3b56560,surface+reading,N1,https://ja.dict.naver.com/#/search?query=%E6%A8%A1%E5%9E%8B,2026-08-19T00:31:52+0900,
w_b2723461f6cf6b0c,N2,N1,mismatch,模範,もはん,模範,もはん,JLPT 1,33324a1aa9ca438d8e90ac0f8a27bc1b,surface+reading,N1,https://ja.dict.naver.com/#/search?query=%E6%A8%A1%E7%AF%84,2026-08-19T00:31:52+0900,
w_d541f62a162d668a,N2,N1,mismatch,欠く,かく,欠く,かく,JLPT 1,1b5aeff273f040b28de7105db75a0344,surface+reading,N1,https://ja.dict.naver.com/#/search?query=%E6%AC%A0%E3%81%8F,2026-08-19T00:31:52+0900,
w_586e411248fa6b12,N2,N3,mismatch,欲張り,よくばり,欲張り,よくばり,JLPT 3,d1fdf36d2a804147a6644674ab18662c,surface+reading,N3,https://ja.dict.naver.com/#/search?query=%E6%AC%B2%E5%BC%B5%E3%82%8A,2026-08-19T00:31:52+0900,
w_601d3001aebc7f6c,N2,N3,mismatch,正門,せいもん,正門,せいもん,JLPT 3,a07a2a3afd9e4ce3a0c7763db2a56233,surface+reading,N3,https://ja.dict.naver.com/#/search?query=%E6%AD%A3%E9%96%80,2026-08-19T00:31:52+0900,
w_d121a45dc3f1d4ef,N2,N4,mismatch,歴史,れきし,歴史,れきし,JLPT 4,3b74b78ff8df4d0bbf114e9992440bd5,surface+reading,N4,https://ja.dict.naver.com/#/search?query=%E6%AD%B4%E5%8F%B2,2026-08-19T00:31:52+0900,
w_6e972e5259a8389f,N2,N3,mismatch,毎度,まいど,毎度,まいど,JLPT 3,191793b229ba426eb7cdb72d2f9860b4,surface+reading,N3,https://ja.dict.naver.com/#/search?query=%E6%AF%8E%E5%BA%A6,2026-08-19T00:31:52+0900,
w_e80ae9d62677e2be,N2,N3,mismatch,毛糸,けいと,毛糸,けいと,JLPT 3,97895893b1954363b68e60100016859a,surface+reading,N3,https://ja.dict.naver.com/#/search?query=%E6%AF%9B%E7%B3%B8,2026-08-19T00:31:52+0900,
w_6a38b41ad623ba90,N2,N3,mismatch,氏名,しめい,氏名,しめい,JLPT 3,6a4f1a52cf584da6a2bff0c85e73654d,surface+reading,N3,https://ja.dict.naver.com/#/search?query=%E6%B0%8F%E5%90%8D,2026-08-19T00:31:52+0900,
w_fbedb932ca763420,N2,N3,mismatch,民間,みんかん,民間,みんかん,JLPT 3,8b212ed60a7e43018183c126520da6f0,surface+reading,N3,https://ja.dict.naver.com/#/search?query=%E6%B0%91%E9%96%93,2026-08-19T00:31:52+0900,
w_e63635a0c5628307,N2,N3,mismatch,水滴,すいてき,水滴,すいてき,JLPT 3,c3bdd6afc6e648dda18cda0131d3ed63,surface+reading,N3,https://ja.dict.naver.com/#/search?query=%E6%B0%B4%E6%BB%B4,2026-08-19T00:31:52+0900,
w_d7e7edb271b08aef,N2,N3,mismatch,水着,みずぎ,水着,みずぎ,JLPT 3,7717cc38713e46eda1e19d034ba66dbb,surface+reading,N3,https://ja.dict.naver.com/#/search?query=%E6%B0%B4%E7%9D%80,2026-08-19T00:31:52+0900,
w_f63439d78b1f0ae2,N2,N4,mismatch,泊める,とめる,泊める,とめる,JLPT 4,f8e1aaf7bc2c494eb71e4af63e611656,surface+reading,N4,https://ja.dict.naver.com/#/search?query=%E6%B3%8A%E3%82%81%E3%82%8B,2026-08-19T00:31:52+0900,
w_6ce589b12ce48f89,N2,N3,mismatch,法則,ほうそく,法則,ほうそく,JLPT 3,7f63a1c9ecbd43a9939b210aa87a0b21,surface+reading,N3,https://ja.dict.naver.com/#/search?query=%E6%B3%95%E5%89%87,2026-08-19T00:31:52+0900,
w_57e7566f95a2f1e7,N2,N3,mismatch,注ぐ,そそぐ,注ぐ·灌ぐ,そそぐ,JLPT 3,a8de2762b8b6418993ad164bae0fcd3f,surface+reading,N3,https://ja.dict.naver.com/#/search?query=%E6%B3%A8%E3%81%90,2026-08-19T00:31:52+0900,
w_6c1db3b747a582cd,N2,N3,mismatch,洗剤,せんざい,洗剤,せんざい,JLPT 3,611e116caf014adf876372255bf90412,surface+reading,N3,https://ja.dict.naver.com/#/search?query=%E6%B4%97%E5%89%A4,2026-08-19T00:31:52+0900,
w_1f9ae5d289879808,N2,N3,mismatch,浮く,うく,浮く,うく,JLPT 3,c1b6b2e37a4f42bcb8cf4a59d44793d4,surface+reading,N3,https://ja.dict.naver.com/#/search?query=%E6%B5%AE%E3%81%8F,2026-08-19T00:31:52+0900,
w_db0fdaf4e3c95570,N2,N3,mismatch,海水浴,かいすいよく,海水浴,かいすいよく,JLPT 3,3565c9e157ca49e68f8d4baa80d44c3c,surface+reading,N3,https://ja.dict.naver.com/#/search?query=%E6%B5%B7%E6%B0%B4%E6%B5%B4,2026-08-19T00:31:52+0900,
w_b652c3e83465dd00,N2,N3,mismatch,消化,しょうか,消化,しょうか,JLPT 3,b6ec7f71b6934a1080d65c0d8f7c0804,surface+reading,N3,https://ja.dict.naver.com/#/search?query=%E6%B6%88%E5%8C%96,2026-08-19T00:31:52+0900,
w_8b888dc109fd5ddb,N2,N3,mismatch,消極的,しょうきょくてき,消極的,しょうきょくてき,JLPT 3,db739b8b04af44aca6ad61b385b096b9,surface+reading,N3,https://ja.dict.naver.com/#/search?query=%E6%B6%88%E6%A5%B5%E7%9A%84,2026-08-19T00:31:52+0900,
w_6628516498fbf504,N2,N3,mismatch,消防署,しょうぼうしょ,消防署,しょうぼうしょ,JLPT 3,7933c8359f9d49dea9437f0d7a2e81eb,surface+reading,N3,https://ja.dict.naver.com/#/search?query=%E6%B6%88%E9%98%B2%E7%BD%B2,2026-08-19T00:31:52+0900,
w_ad259294cefc87db,N2,N3,mismatch,深まる,ふかまる,深まる,ふかまる,JLPT 3,c84327490a814731bf9b13ed7a4b6390,surface+reading,N3,https://ja.dict.naver.com/#/search?query=%E6%B7%B1%E3%81%BE%E3%82%8B,2026-08-19T00:31:52+0900,
w_44f082f8c19f40e4,N2,N3,mismatch,深める,ふかめる,深める,ふかめる,JLPT 3,94be5f75237e4ab98ab6b1ff66c80269,surface+reading,N3,https://ja.dict.naver.com/#/search?query=%E6%B7%B1%E3%82%81%E3%82%8B,2026-08-19T00:31:52+0900,
w_cba10fc0483348dd,N2,N3,mismatch,深夜,しんや,深夜,しんや,JLPT 3,37529638b8404328bf0b9e5788cc1742,surface+reading,N3,https://ja.dict.naver.com/#/search?query=%E6%B7%B1%E5%A4%9C,2026-08-19T00:31:52+0900,
w_16e4ba036216be85,N2,N3,mismatch,混ざる,まざる,混ざる·交ざる·雑ざる,まざる,JLPT 3,513f9a53d4574fde892ae2a9be8a7359,surface+reading,N3,https://ja.dict.naver.com/#/search?query=%E6%B7%B7%E3%81%96%E3%82%8B,2026-08-19T00:31:52+0900,
w_b928cdb03bdf7afb,N2,N1,mismatch,添える,そえる,添える·副える,そえる,JLPT 1,1c4f990a12104491a5001b66f70fab43,surface+reading,N1,https://ja.dict.naver.com/#/search?query=%E6%B7%BB%E3%81%88%E3%82%8B,2026-08-19T00:31:52+0900,
w_365ab0a051f1ae3b,N2,N3,mismatch,清掃,せいそう,清掃,せいそう,JLPT 3,4de0a872bff04a92b2c6f6bc3892cdc4,surface+reading,N3,https://ja.dict.naver.com/#/search?query=%E6%B8%85%E6%8E%83,2026-08-19T00:31:52+0900,
w_bbdc96d19c84ef9b,N2,N3,mismatch,済む,すむ,済む,すむ,JLPT 3,fce4f1dc4c4c445db0ae9733425b3e38,surface+reading,N3,https://ja.dict.naver.com/#/search?query=%E6%B8%88%E3%82%80,2026-08-19T00:31:52+0900,
w_5e33ed6531ff94b6,N2,N4,mismatch,渡る,わたる,渡る·渉る,わたる,JLPT 4,63911f62c508485ea88525b801c19a54,surface+reading,N4,https://ja.dict.naver.com/#/search?query=%E6%B8%A1%E3%82%8B,2026-08-19T00:31:52+0900,
w_120cb6c6fb33fab4,N2,N4,mismatch,温い,ぬるい,温い,ぬるい,JLPT 4,88ee3e448403444598177550a762377e,surface+reading,N4,https://ja.dict.naver.com/#/search?query=%E6%B8%A9%E3%81%84,2026-08-19T00:31:52+0900,
w_88358981debf77d0,N2,N3,mismatch,温室,おんしつ,温室,おんしつ,JLPT 3,7cbd50af71c84d97abcc4786f44c2488,surface+reading,N3,https://ja.dict.naver.com/#/search?query=%E6%B8%A9%E5%AE%A4,2026-08-19T00:31:52+0900,
w_736aa12ee03ded23,N2,N3,mismatch,測定,そくてい,測定,そくてい,JLPT 3,37bd85b049624fbbbd7a1737fbea9c54,surface+reading,N3,https://ja.dict.naver.com/#/search?query=%E6%B8%AC%E5%AE%9A,2026-08-19T00:31:52+0900,
w_0eb3b96a3fff2eb9,N2,N3,mismatch,測量,そくりょう,測量,そくりょう,JLPT 3,18f38a0d0a634caaa6b7263b4139aaa9,surface+reading,N3,https://ja.dict.naver.com/#/search?query=%E6%B8%AC%E9%87%8F,2026-08-19T00:31:52+0900,
w_5cd6e180767c9102,N2,N1,mismatch,満たす,みたす,満たす·充たす,みたす,JLPT 1,b52e7040198f4e03b0f7c071e70c8b60,surface+reading,N1,https://ja.dict.naver.com/#/search?query=%E6%BA%80%E3%81%9F%E3%81%99,2026-08-19T00:31:52+0900,
w_b040677423d52014,N2,N3,mismatch,満員,まんいん,満員,まんいん,JLPT 3,e1016261d8574d9b9355394414cf63f0,surface+reading,N3,https://ja.dict.naver.com/#/search?query=%E6%BA%80%E5%93%A1,2026-08-19T00:31:52+0900,
w_ae9d4f4cdcd0e1b5,N2,N3,mismatch,満点,まんてん,満点,まんてん,JLPT 3,d88d87c1ced84f12a439762833f16cbe,surface+reading,N3,https://ja.dict.naver.com/#/search?query=%E6%BA%80%E7%82%B9,2026-08-19T00:31:52+0900,
w_e96cd2c8c01e51c7,N2,N3,mismatch,溢れる,あふれる,溢れる,あふれる,JLPT 3,9a8868cd57304132b843b508ca64e7e5,surface+reading,N3,https://ja.dict.naver.com/#/search?query=%E6%BA%A2%E3%82%8C%E3%82%8B,2026-08-19T00:31:52+0900,
w_fa2ff8beaa0a7102,N2,N3,mismatch,溶かす,とかす,溶かす,とかす,JLPT 3,6dee9adbe07d4d4387950ecf23d2bec3,surface+reading,N3,https://ja.dict.naver.com/#/search?query=%E6%BA%B6%E3%81%8B%E3%81%99,2026-08-19T00:31:52+0900,
w_92ab6aa6e6c13b18,N2,N1,mismatch,漏れる,もれる,漏れる·洩れる,もれる,JLPT 1,d96321e6f2604e009d0e3a787e48bcae,surface+reading,N1,https://ja.dict.naver.com/#/search?query=%E6%BC%8F%E3%82%8C%E3%82%8B,2026-08-19T00:31:52+0900,
w_4d19324f5cce5172,N2,N3,mismatch,演劇,えんげき,演劇,えんげき,JLPT 3,91c7d174194144c5ba7cba965cba8205,surface+reading,N3,https://ja.dict.naver.com/#/search?query=%E6%BC%94%E5%8A%87,2026-08-19T00:31:52+0900,
w_9367aa76c7221dc9,N2,N3,mismatch,潰す,つぶす,潰す,つぶす,JLPT 3,5a4af9f5a7ba4eeb913b6778983f21d7,surface+reading,N3,https://ja.dict.naver.com/#/search?query=%E6%BD%B0%E3%81%99,2026-08-19T00:31:52+0900,
w_3a5c6613dc9a1ad9,N2,N3,mismatch,潰れる,つぶれる,潰れる,つぶれる,JLPT 3,5a08186470934fd9aa83bb0170200f8d,surface+reading,N3,https://ja.dict.naver.com/#/search?query=%E6%BD%B0%E3%82%8C%E3%82%8B,2026-08-19T00:31:52+0900,
w_6938639d4b376bd1,N2,N3,mismatch,激しい,はげしい,激しい∙烈しい∙劇しい,はげしい,JLPT 3,6f995d85999b42aeb33ab0b6344567f1,exact-search+reading,N3,https://ja.dict.naver.com/#/search?query=%E6%BF%80%E3%81%97%E3%81%84,2026-08-19T00:31:52+0900,
w_f57799e4893770c3,N2,N3,mismatch,火傷,やけど,火傷,やけど,JLPT 3,5b7e388e481a45f7a56d179c3a4992db,surface+reading,N3,https://ja.dict.naver.com/#/search?query=%E7%81%AB%E5%82%B7,2026-08-19T00:31:52+0900,
w_140aab34c166b6c9,N2,N3,mismatch,灯台,とうだい,灯台·燈台,とうだい,JLPT 3,9adc3e5739d24e6cb20fd9fbf46667ad,surface+reading,N3,https://ja.dict.naver.com/#/search?query=%E7%81%AF%E5%8F%B0,2026-08-19T00:31:52+0900,
w_b8817f3fbaeaccf5,N2,N3,mismatch,灰色,はいいろ,灰色,はいいろ,JLPT 3,a39f1d67bc9d431d8f5c88e9528db5db,surface+reading,N3,https://ja.dict.naver.com/#/search?query=%E7%81%B0%E8%89%B2,2026-08-19T00:31:52+0900,
w_3dac687712e088b4,N2,N3,mismatch,無地,むじ,無地,むじ,JLPT 3,468d94deca2a4667b43f7689ed614335,surface+reading,N3,https://ja.dict.naver.com/#/search?query=%E7%84%A1%E5%9C%B0,2026-08-19T00:31:52+0900,
w_bc2133c59cd9c05d,N2,N3,mismatch,煮る,にる,煮る,にる,JLPT 3,4de7e0c8357044a3ac785b76f4aaa36a,surface+reading,N3,https://ja.dict.naver.com/#/search?query=%E7%85%AE%E3%82%8B,2026-08-19T00:31:52+0900,
w_4951f0b8c7c55c5e,N2,N4,mismatch,爪,つめ,爪,つめ,JLPT 4,ff82849023ed4b2780bf7f5f2972467c,surface+reading,N4,https://ja.dict.naver.com/#/search?query=%E7%88%AA,2026-08-19T00:31:52+0900,
w_d95b69108024e354,N2,N3,mismatch,物置,ものおき,物置,ものおき,JLPT 3,832d8c8ec6834803aa927296d9759656,surface+reading,N3,https://ja.dict.naver.com/#/search?query=%E7%89%A9%E7%BD%AE,2026-08-19T00:31:52+0900,
w_cf908647a551a051,N2,N1,mismatch,物足りない,ものたりない,物足りない,ものたりない,JLPT 1,ad798919ce1442bb93fff115a92579bf,surface+reading,N1,https://ja.dict.naver.com/#/search?query=%E7%89%A9%E8%B6%B3%E3%82%8A%E3%81%AA%E3%81%84,2026-08-19T00:31:52+0900,
w_377dca855b020f2b,N2,N3,mismatch,特売,とくばい,特売,とくばい,JLPT 3,8c517068abbd4c1f9565be3560c5eca6,surface+reading,N3,https://ja.dict.naver.com/#/search?query=%E7%89%B9%E5%A3%B2,2026-08-19T00:31:52+0900,
w_7e013b4361fc5a2b,N2,N3,mismatch,特色,とくしょく,特色,とくしょく,JLPT 3,27468594b8f440ed9c7a2ae17c9ef644,surface+reading,N3,https://ja.dict.naver.com/#/search?query=%E7%89%B9%E8%89%B2,2026-08-19T00:31:52+0900,
w_e54504d1c270728e,N2,N1,mismatch,犯す,おかす,犯す,おかす,JLPT 1,fe6fd5653dd343cbb43699cc04cfd623,surface+reading,N1,https://ja.dict.naver.com/#/search?query=%E7%8A%AF%E3%81%99,2026-08-19T00:31:52+0900,
w_f09963b2b0424cf1,N2,N3,mismatch,理科,りか,理科,りか,JLPT 3,0870e697f6144b35835fd7a2f1e376d1,surface+reading,N3,https://ja.dict.naver.com/#/search?query=%E7%90%86%E7%A7%91,2026-08-19T00:31:52+0900,
w_e0b6dbb66ee1c2f4,N2,N1,mismatch,生かす,いかす,生かす·活かす,いかす,JLPT 1,bfabf5e6e7654ed9a525be07eec58f07,surface+reading,N1,https://ja.dict.naver.com/#/search?query=%E7%94%9F%E3%81%8B%E3%81%99,2026-08-19T00:31:52+0900,
w_ac2d5b64509678ba,N2,N3,mismatch,生き生き,いきいき,生き生き·活き活き,いきいき,JLPT 3,0e58e13f4d35491482d8a072cab1eb84,surface+reading,N3,https://ja.dict.naver.com/#/search?query=%E7%94%9F%E3%81%8D%E7%94%9F%E3%81%8D,2026-08-19T00:31:52+0900,
w_260436ffc158f4b2,N2,N3,mismatch,用途,ようと,用途,ようと,JLPT 3,8d8e8feaf71f4d36b5aed9e76e9869a1,surface+reading,N3,https://ja.dict.naver.com/#/search?query=%E7%94%A8%E9%80%94,2026-08-19T00:31:52+0900,
w_c3081384f8d76b72,N2,N3,mismatch,留守番,るすばん,留守番,るすばん,JLPT 3,a66733bcb822451580f298bc7da81a8a,surface+reading,N3,https://ja.dict.naver.com/#/search?query=%E7%95%99%E5%AE%88%E7%95%AA,2026-08-19T00:31:52+0900,
w_797104945839447b,N2,N3,mismatch,発売,はつばい,発売,はつばい,JLPT 3,46a945dfee57488c990354e32e655e1f,surface+reading,N3,https://ja.dict.naver.com/#/search?query=%E7%99%BA%E5%A3%B2,2026-08-19T00:31:52+0900,
w_92bf02714c101e84,N2,N3,mismatch,発想,はっそう,発想,はっそう,JLPT 3,392b53d10eb947949d94ef4c72095228,surface+reading,N3,https://ja.dict.naver.com/#/search?query=%E7%99%BA%E6%83%B3,2026-08-19T00:31:52+0900,
w_3a5b059f543a2852,N2,N3,mismatch,発電,はつでん,発電,はつでん,JLPT 3,cf898835b18e460f8edc425fea783397,surface+reading,N3,https://ja.dict.naver.com/#/search?query=%E7%99%BA%E9%9B%BB,2026-08-19T00:31:52+0900,
w_a4466cfa3021997b,N2,N1,mismatch,盛り上がる,もりあがる,盛り上がる,もりあがる,JLPT 1,a684a208a610464aa8ee23759383d3f6,surface+reading,N1,https://ja.dict.naver.com/#/search?query=%E7%9B%9B%E3%82%8A%E4%B8%8A%E3%81%8C%E3%82%8B,2026-08-19T00:31:52+0900,
w_55f1d315277ecafd,N2,N3,mismatch,盛る,もる,盛る,もる,JLPT 3,0d375cea06ea4b7886f5872839f09a42,surface+reading,N3,https://ja.dict.naver.com/#/search?query=%E7%9B%9B%E3%82%8B,2026-08-19T00:31:52+0900,
w_39676d57873ef0ae,N2,N3,mismatch,目下,めした,目下,めした,JLPT 3,9e064f7e7f04458c882f7d6c10e3f1b5,surface+reading,N3,https://ja.dict.naver.com/#/search?query=%E7%9B%AE%E4%B8%8B,2026-08-19T00:31:52+0900,
w_f9bcfd91b3528ea7,N2,N3,mismatch,目立つ,めだつ,目立つ,めだつ,JLPT 3,c8d0b732160a4ce7a8d4ee908e6be4be,surface+reading,N3,https://ja.dict.naver.com/#/search?query=%E7%9B%AE%E7%AB%8B%E3%81%A4,2026-08-19T00:31:52+0900,
w_dfa75696a11f0baf,N2,N3,mismatch,直前,ちょくぜん,直前,ちょくぜん,JLPT 3,e07a3913d11d487fa0883f15aa2469e4,surface+reading,N3,https://ja.dict.naver.com/#/search?query=%E7%9B%B4%E5%89%8D,2026-08-19T00:31:52+0900,
w_74f91dfe7d0c5384,N2,N3,mismatch,直後,ちょくご,直後,ちょくご,JLPT 3,91733ffb7e004ce7b268330e0f59ac7a,surface+reading,N3,https://ja.dict.naver.com/#/search?query=%E7%9B%B4%E5%BE%8C,2026-08-19T00:31:52+0900,
w_4faa99f57b1ebe5f,N2,N3,mismatch,直線,ちょくせん,直線,ちょくせん,JLPT 3,eb384dcfa41a48dfbe3ab6642a980ca1,surface+reading,N3,https://ja.dict.naver.com/#/search?query=%E7%9B%B4%E7%B7%9A,2026-08-19T00:31:52+0900,
w_f4d6f2a36f4455e5,N2,N3,mismatch,直通,ちょくつう,直通,ちょくつう,JLPT 3,202aedfd5950403792695c02f4c0a7d4,surface+reading,N3,https://ja.dict.naver.com/#/search?query=%E7%9B%B4%E9%80%9A,2026-08-19T00:31:52+0900,
w_dc4283928eb4dbae,N2,N3,mismatch,相当,そうとう,相当,そうとう,JLPT 3,db47c86d99164e90a3ba3ed63c991e67,surface+reading,N3,https://ja.dict.naver.com/#/search?query=%E7%9B%B8%E5%BD%93,2026-08-19T00:31:52+0900,
w_821fed5874da04da,N2,N3,mismatch,真っ暗,まっくら,真っ暗,まっくら,JLPT 3,9dfdd3906dff4b07820ff6a5e6257342,surface+reading,N3,https://ja.dict.naver.com/#/search?query=%E7%9C%9F%E3%81%A3%E6%9A%97,2026-08-19T00:31:52+0900,
w_baf5d793108b9806,N2,N3,mismatch,真っ白,まっしろ,真っ白,まっしろ,JLPT 3,9d3963187baa475b874ad93fb6413940,surface+reading,N3,https://ja.dict.naver.com/#/search?query=%E7%9C%9F%E3%81%A3%E7%99%BD,2026-08-19T00:31:52+0900,
w_9514f99a94cece27,N2,N3,mismatch,真っ青,まっさお,真っ青,まっさお,JLPT 3,160c66ea1f23444e94e6c18f077b4523,surface+reading,N3,https://ja.dict.naver.com/#/search?query=%E7%9C%9F%E3%81%A3%E9%9D%92,2026-08-19T00:31:52+0900,
w_43bd10828a16e822,N2,N3,mismatch,真っ黒,まっくろ,真っ黒,まっくろ,JLPT 3,30e93e6a01874e459f9a30e8b4ccaf09,surface+reading,N3,https://ja.dict.naver.com/#/search?query=%E7%9C%9F%E3%81%A3%E9%BB%92,2026-08-19T00:31:52+0900,
w_c13f2d70a64be03d,N2,N3,mismatch,眩しい,まぶしい,眩しい,まぶしい,JLPT 3,dacacfaec34447a38d83c053afca37d4,surface+reading,N3,https://ja.dict.naver.com/#/search?query=%E7%9C%A9%E3%81%97%E3%81%84,2026-08-19T00:31:52+0900,
w_e4a739dfd06b0d5a,N2,N1,mismatch,睨む,にらむ,睨む,にらむ,JLPT 1,a1c5edd4a7764ce4993c9f5fbe1bf579,surface+reading,N1,https://ja.dict.naver.com/#/search?query=%E7%9D%A8%E3%82%80,2026-08-19T00:31:52+0900,
w_6e97aada41179512,N2,N3,mismatch,知人,ちじん,知人,ちじん,JLPT 3,f6124d52e15342648988a2226f13f6c3,surface+reading,N3,https://ja.dict.naver.com/#/search?query=%E7%9F%A5%E4%BA%BA,2026-08-19T00:31:52+0900,
w_6a90a5c50dd135be,N2,N3,mismatch,短期,たんき,短期,たんき,JLPT 3,178bd0eb58f94dde965df83ca922aee8,surface+reading,N3,https://ja.dict.naver.com/#/search?query=%E7%9F%AD%E6%9C%9F,2026-08-19T00:31:52+0900,
w_29dc4b778c6e2c6e,N2,N1,mismatch,破壊,はかい,破壊,はかい,JLPT 1,c791d87adc1d412b9cf194b6243e1a87,surface+reading,N1,https://ja.dict.naver.com/#/search?query=%E7%A0%B4%E5%A3%8A,2026-08-19T00:31:52+0900,
w_42ee94816d70a67e,N2,N5,mismatch,磨く,みがく,磨く·研く,みがく,JLPT 5,a962584d36944422b64df1d257e43b6a,surface+reading,N5,https://ja.dict.naver.com/#/search?query=%E7%A3%A8%E3%81%8F,2026-08-19T00:31:52+0900,
w_8e2337ff73d1b8e8,N2,N3,mismatch,社説,しゃせつ,社説,しゃせつ,JLPT 3,456024f2375145fb90f7fa9afc2f5b4b,surface+reading,N3,https://ja.dict.naver.com/#/search?query=%E7%A4%BE%E8%AA%AC,2026-08-19T00:31:52+0900,
w_9a7bd84de13f4737,N2,N4,mismatch,祈る,いのる,祈る·禱る,いのる,JLPT 4,665e7625432244e986f24a504fa45547,surface+reading,N4,https://ja.dict.naver.com/#/search?query=%E7%A5%88%E3%82%8B,2026-08-19T00:31:52+0900,
w_05fd1eca6f1886bd,N2,N4,mismatch,祝う,いわう,祝う,いわう,JLPT 4,b27a5f16bb42453489c207f8a374fed4,surface+reading,N4,https://ja.dict.naver.com/#/search?query=%E7%A5%9D%E3%81%86,2026-08-19T00:31:52+0900,
w_6c214de6c9e602d6,N2,N3,mismatch,祝日,しゅくじつ,祝日,しゅくじつ,JLPT 3,bf3eac60c80e4e208a670f5645cb0178,surface+reading,N3,https://ja.dict.naver.com/#/search?query=%E7%A5%9D%E6%97%A5,2026-08-19T00:31:52+0900,
w_a78b92fcce84b74c,N2,N1,mismatch,神話,しんわ,神話,しんわ,JLPT 1,1b63912b63f7466890c7f437d2a8ce22,surface+reading,N1,https://ja.dict.naver.com/#/search?query=%E7%A5%9E%E8%A9%B1,2026-08-19T00:31:52+0900,
w_f96ea90a260ddcf2,N2,N3,mismatch,祭日,さいじつ,祭日,さいじつ,JLPT 3,22e59d149f864fae84f74619adcf0c86,surface+reading,N3,https://ja.dict.naver.com/#/search?query=%E7%A5%AD%E6%97%A5,2026-08-19T00:31:52+0900,
w_cbdfe1c0935d7efc,N2,N3,mismatch,私立,しりつ,私立,しりつ,JLPT 3,e95aa269e94c4bedbc5fd4b4421240a9,surface+reading,N3,https://ja.dict.naver.com/#/search?query=%E7%A7%81%E7%AB%8B,2026-08-19T00:31:52+0900,
w_cfc4cfdcf88782cb,N2,N3,mismatch,私鉄,してつ,私鉄,してつ,JLPT 3,c6a11d44d4b4498094918c8ac6f7eeb2,surface+reading,N3,https://ja.dict.naver.com/#/search?query=%E7%A7%81%E9%89%84,2026-08-19T00:31:52+0900,
w_f56c86b44e881521,N2,N3,mismatch,稼ぐ,かせぐ,稼ぐ,かせぐ,JLPT 3,32027547e1164974ab4dbc4518e2520a,surface+reading,N3,https://ja.dict.naver.com/#/search?query=%E7%A8%BC%E3%81%90,2026-08-19T00:31:52+0900,
w_3e446bd71ab34947,N2,N3,mismatch,積む,つむ,積む,つむ,JLPT 3,4699838422c747b2bf820dffe206f43c,surface+reading,N3,https://ja.dict.naver.com/#/search?query=%E7%A9%8D%E3%82%80,2026-08-19T00:31:52+0900,
w_99419e7665c01de8,N2,N3,mismatch,空っぽ,からっぽ,空っぽ,からっぽ,JLPT 3,dd4907b63ae342809ed3b8bc6f843be7,surface+reading,N3,https://ja.dict.naver.com/#/search?query=%E7%A9%BA%E3%81%A3%E3%81%BD,2026-08-19T00:31:52+0900,
w_ef40ceb179f4ad6e,N2,N4,mismatch,窓口,まどぐち,窓口,まどぐち,JLPT 4,f465f30a843e4f4ca3f6746ac7407b23,surface+reading,N4,https://ja.dict.naver.com/#/search?query=%E7%AA%93%E5%8F%A3,2026-08-19T00:31:52+0900,
w_1540edca1bf83ecb,N2,N1,mismatch,競う,きそう,競う,きそう,JLPT 1,056a58570bb74251828d253a4db5c1fa,surface+reading,N1,https://ja.dict.naver.com/#/search?query=%E7%AB%B6%E3%81%86,2026-08-19T00:31:52+0900,
w_4dd67bed9b72e2d4,N2,N4,mismatch,竹,たけ,竹,たけ,JLPT 4,8c66dd65b6534a3695109694d37ef3ba,surface+reading,N4,https://ja.dict.naver.com/#/search?query=%E7%AB%B9,2026-08-19T00:31:52+0900,
w_449e41c672fbe255,N2,N3,mismatch,筆記,ひっき,筆記,ひっき,JLPT 3,4f667acb27734db984fd655351ad7eb2,surface+reading,N3,https://ja.dict.naver.com/#/search?query=%E7%AD%86%E8%A8%98,2026-08-19T00:31:52+0900,
w_e69e2aca32ae0ed0,N2,N4,mismatch,算数,さんすう,算数,さんすう,JLPT 4,c7e2827ddda54109bb4a705177c195b8,surface+reading,N4,https://ja.dict.naver.com/#/search?query=%E7%AE%97%E6%95%B0,2026-08-19T00:31:52+0900,
w_ec8f295b1a37cc7c,N2,N3,mismatch,範囲,はんい,範囲,はんい,JLPT 3,7e51499994b04019ad501d81d0cb4676,surface+reading,N3,https://ja.dict.naver.com/#/search?query=%E7%AF%84%E5%9B%B2,2026-08-19T00:31:52+0900,
w_0e0696607253910c,N2,N3,mismatch,系統,けいとう,系統,けいとう,JLPT 3,5e90e2a1019841e7b3db294aca673790,surface+reading,N3,https://ja.dict.naver.com/#/search?query=%E7%B3%BB%E7%B5%B1,2026-08-19T00:31:52+0900,
w_cafc477b634898e0,N2,N3,mismatch,紅葉,こうよう,紅葉,こうよう,JLPT 3,f6440c89333145368564ac8aa15fbad6,surface+reading,N3,https://ja.dict.naver.com/#/search?query=%E7%B4%85%E8%91%89,2026-08-19T00:31:52+0900,
w_0bdbd4b7a3daa576,N2,N3,mismatch,素直,すなお,素直,すなお,JLPT 3,024fa31d74a540e2850722e4bfc0f1c8,surface+reading,N3,https://ja.dict.naver.com/#/search?query=%E7%B4%A0%E7%9B%B4,2026-08-19T00:31:52+0900,
w_ab74ef5390de470a,N2,N3,mismatch,終点,しゅうてん,終点,しゅうてん,JLPT 3,bffa6d3b0d5e4a62b68ae25933aa9c5c,surface+reading,N3,https://ja.dict.naver.com/#/search?query=%E7%B5%82%E7%82%B9,2026-08-19T00:31:52+0900,
w_836b5a8872aeb38c,N2,N3,mismatch,給与,きゅうよ,給与,きゅうよ,JLPT 3,166dbad5665249c9af9ca60da489c846,surface+reading,N3,https://ja.dict.naver.com/#/search?query=%E7%B5%A6%E4%B8%8E,2026-08-19T00:31:52+0900,
w_6605111d9cd95164,N2,N3,mismatch,統計,とうけい,統計,とうけい,JLPT 3,bd387cd41ae04e05927c10aae4ff9ab9,surface+reading,N3,https://ja.dict.naver.com/#/search?query=%E7%B5%B1%E8%A8%88,2026-08-19T00:31:52+0900,
w_e4d92983c0567b12,N2,N4,mismatch,続く,つづく,続く,つづく,JLPT 4,86dc604afeac4f1a8f265a695bac5d9a,surface+reading,N4,https://ja.dict.naver.com/#/search?query=%E7%B6%9A%E3%81%8F,2026-08-19T00:31:52+0900,
w_34d181b1465ec9c0,N2,N3,mismatch,線路,せんろ,線路,せんろ,JLPT 3,94bf7528fa34457b9208ce5e9197414e,surface+reading,N3,https://ja.dict.naver.com/#/search?query=%E7%B7%9A%E8%B7%AF,2026-08-19T00:31:52+0900,
w_34b0a98080a6969e,N2,N3,mismatch,編集,へんしゅう,編集·編輯,へんしゅう,JLPT 3,de900dae183a469489ede3c126f85bcd,surface+reading,N3,https://ja.dict.naver.com/#/search?query=%E7%B7%A8%E9%9B%86,2026-08-19T00:31:52+0900,
w_c088e0d26a51102e,N2,N1,mismatch,緩む,ゆるむ,緩む·弛む,ゆるむ,JLPT 1,7ae1fe65facd48829a3236f2236df51d,surface+reading,N1,https://ja.dict.naver.com/#/search?query=%E7%B7%A9%E3%82%80,2026-08-19T00:31:52+0900,
w_d42b5b8ccd157058,N2,N3,mismatch,美容,びよう,美容,びよう,JLPT 3,69e022231835418cb910e1dccb61d0f0,surface+reading,N3,https://ja.dict.naver.com/#/search?query=%E7%BE%8E%E5%AE%B9,2026-08-19T00:31:52+0900,
w_65973e3dcc47994c,N2,N1,mismatch,耐える,たえる,耐える·堪える,たえる,JLPT 1,284368c3858e43dc82d8f311e411edd2,surface+reading,N1,https://ja.dict.naver.com/#/search?query=%E8%80%90%E3%81%88%E3%82%8B,2026-08-19T00:31:52+0900,
w_970b3901fb3135df,N2,N3,mismatch,職場,しょくば,職場,しょくば,JLPT 3,aacfe767d0db4888882da9cf0e7f427e,surface+reading,N3,https://ja.dict.naver.com/#/search?query=%E8%81%B7%E5%A0%B4,2026-08-19T00:31:52+0900,
w_2be93d4601b0e6fe,N2,N3,mismatch,育児,いくじ,育児,いくじ,JLPT 3,6a036f96ef144468a2c9ed558ac66025,surface+reading,N3,https://ja.dict.naver.com/#/search?query=%E8%82%B2%E5%85%90,2026-08-19T00:31:52+0900,
w_918768274d6ec6c9,N2,N3,mismatch,自習,じしゅう,自習,じしゅう,JLPT 3,7bf0e07c0b8740d79be6206b4c300e1e,surface+reading,N3,https://ja.dict.naver.com/#/search?query=%E8%87%AA%E7%BF%92,2026-08-19T00:31:52+0900,
w_8043ffa9c3c383a9,N2,N3,mismatch,花火,はなび,花火·煙火,はなび,JLPT 3,6ac90a010019403a91d3db1e3d53f877,surface+reading,N3,https://ja.dict.naver.com/#/search?query=%E8%8A%B1%E7%81%AB,2026-08-19T00:31:52+0900,
w_0743534b618392b1,N2,N3,mismatch,英文,えいぶん,英文,えいぶん,JLPT 3,1a79618f245a4ed68390bad5006e69b5,surface+reading,N3,https://ja.dict.naver.com/#/search?query=%E8%8B%B1%E6%96%87,2026-08-19T00:31:52+0900,
w_7290ac5f596ca647,N2,N3,mismatch,蓋,ふた,蓋,ふた,JLPT 3,253cd59407e24957a8381147eed4f25b,surface+reading,N3,https://ja.dict.naver.com/#/search?query=%E8%93%8B,2026-08-19T00:31:52+0900,
w_3758fb41bc01f78c,N2,N3,mismatch,薄暗い,うすぐらい,薄暗い,うすぐらい,JLPT 3,2beb7f6d96d04bf8b243c021a40d0a7c,surface+reading,N3,https://ja.dict.naver.com/#/search?query=%E8%96%84%E6%9A%97%E3%81%84,2026-08-19T00:31:52+0900,
w_57c3892353a69710,N2,N3,mismatch,薬局,やっきょく,薬局,やっきょく,JLPT 3,ee6ffb47027144ce9884895219075b3c,surface+reading,N3,https://ja.dict.naver.com/#/search?query=%E8%96%AC%E5%B1%80,2026-08-19T00:31:52+0900,
w_f85345aac7591859,N2,N3,mismatch,薬指,くすりゆび,薬指,くすりゆび,JLPT 3,e4c2a001692b4cfb828f2ac77ade7b2c,surface+reading,N3,https://ja.dict.naver.com/#/search?query=%E8%96%AC%E6%8C%87,2026-08-19T00:31:52+0900,
w_af85f2a34de69533,N2,N1,mismatch,蘇る,よみがえる,蘇る·甦る,よみがえる,JLPT 1,b768d039c8164667880bf8844d73c3ea,surface+reading,N1,https://ja.dict.naver.com/#/search?query=%E8%98%87%E3%82%8B,2026-08-19T00:31:52+0900,
w_ff47d4bcaf583284,N2,N3,mismatch,蛇口,じゃぐち,蛇口,じゃぐち,JLPT 3,fe4e72dd78604e139536008b423895f8,surface+reading,N3,https://ja.dict.naver.com/#/search?query=%E8%9B%87%E5%8F%A3,2026-08-19T00:31:52+0900,
w_bf315f3283e095b7,N2,N3,mismatch,行事,ぎょうじ,行事,ぎょうじ,JLPT 3,588989c69f3b4743a9f000836ecf14d2,surface+reading,N3,https://ja.dict.naver.com/#/search?query=%E8%A1%8C%E4%BA%8B,2026-08-19T00:31:52+0900,
w_f4bb0c8ad65b1823,N2,N3,mismatch,街角,まちかど,街角·町角,まちかど,JLPT 3,9f2ffbc299f341f28ed5e0b9e1768d1d,surface+reading,N3,https://ja.dict.naver.com/#/search?query=%E8%A1%97%E8%A7%92,2026-08-19T00:31:52+0900,
w_cf555add92db0b90,N2,N3,mismatch,表紙,ひょうし,表紙,ひょうし,JLPT 3,42ae1751647d4544a62ee4123765485a,surface+reading,N3,https://ja.dict.naver.com/#/search?query=%E8%A1%A8%E7%B4%99,2026-08-19T00:31:52+0900,
w_25da2a508436d3c3,N2,N3,mismatch,要求,ようきゅう,要求,ようきゅう,JLPT 3,f41a2c3e09ea47eead1cd45c86e08a6d,surface+reading,N3,https://ja.dict.naver.com/#/search?query=%E8%A6%81%E6%B1%82,2026-08-19T00:31:52+0900,
w_fbd95950b1b3f213,N2,N1,mismatch,見た目,みため,見た目,みため,JLPT 1,9c6d90c38b12465688b3ae6e2ca0f820,surface+reading,N1,https://ja.dict.naver.com/#/search?query=%E8%A6%8B%E3%81%9F%E7%9B%AE,2026-08-19T00:31:52+0900,
w_57dc67846440017b,N2,N3,mismatch,見上げる,みあげる,見上げる,みあげる,JLPT 3,3449d33fae8c43f2b821b1ad6c0b35af,surface+reading,N3,https://ja.dict.naver.com/#/search?query=%E8%A6%8B%E4%B8%8A%E3%81%92%E3%82%8B,2026-08-19T00:31:52+0900,
w_ac76ae88324e89fd,N2,N3,mismatch,見下ろす,みおろす,見下ろす,みおろす,JLPT 3,3770790a67fd4f818f80f1fc4c22e503,surface+reading,N3,https://ja.dict.naver.com/#/search?query=%E8%A6%8B%E4%B8%8B%E3%82%8D%E3%81%99,2026-08-19T00:31:52+0900,
w_307c9e610e01f2b8,N2,N3,mismatch,見出し,みだし,見出し,みだし,JLPT 3,ed6baca943e34d4f8e3208a668289a33,surface+reading,N3,https://ja.dict.naver.com/#/search?query=%E8%A6%8B%E5%87%BA%E3%81%97,2026-08-19T00:31:52+0900,
w_4f0f06803a5dbcc5,N2,N1,mismatch,見分ける,みわける,見分ける,みわける,JLPT 1,2d97e341ff454ba3ae05073cb32f2f22,surface+reading,N1,https://ja.dict.naver.com/#/search?query=%E8%A6%8B%E5%88%86%E3%81%91%E3%82%8B,2026-08-19T00:31:52+0900,
w_4112a580f69fdbb0,N2,N3,mismatch,見直す,みなおす,見直す,みなおす,JLPT 3,d4b915e803d14ffbb4075bbbc92585d1,surface+reading,N3,https://ja.dict.naver.com/#/search?query=%E8%A6%8B%E7%9B%B4%E3%81%99,2026-08-19T00:31:52+0900,
w_a778d189c9324e93,N2,N3,mismatch,見舞う,みまう,見舞う,みまう,JLPT 3,21964d76244b4a008c9fd966204e72dd,surface+reading,N3,https://ja.dict.naver.com/#/search?query=%E8%A6%8B%E8%88%9E%E3%81%86,2026-08-19T00:31:52+0900,
w_ecd5f878a2b12ffd,N2,N1,mismatch,規格,きかく,規格,きかく,JLPT 1,7314b6c01bc5467789cccc7443b56eb5,surface+reading,N1,https://ja.dict.naver.com/#/search?query=%E8%A6%8F%E6%A0%BC,2026-08-19T00:31:52+0900,
w_46313a10e62ad864,N2,N3,mismatch,親指,おやゆび,親指,おやゆび,JLPT 3,cd57320082fd4f2ba6d58c368000046b,surface+reading,N3,https://ja.dict.naver.com/#/search?query=%E8%A6%AA%E6%8C%87,2026-08-19T00:31:52+0900,
w_c662bafab94966ff,N2,N3,mismatch,親類,しんるい,親類,しんるい,JLPT 3,766e4b47983f4e31a05c0559b6bbe71a,surface+reading,N3,https://ja.dict.naver.com/#/search?query=%E8%A6%AA%E9%A1%9E,2026-08-19T00:31:52+0900,
w_831bf96fe18c4f09,N2,N1,mismatch,解く,ほどく,解く,ほどく,JLPT 1,b9fd72fadd124ea5b55c8ade3a97ff58,surface+reading,N1,https://ja.dict.naver.com/#/search?query=%E8%A7%A3%E3%81%8F,2026-08-19T00:31:52+0900,
w_6a2d2eeb6bbc54ca,N2,N3,mismatch,解説,かいせつ,解説,かいせつ,JLPT 3,e715dc4a9912468c9f6ebdc0ca6b5b09,surface+reading,N3,https://ja.dict.naver.com/#/search?query=%E8%A7%A3%E8%AA%AC,2026-08-19T00:31:52+0900,
w_c93e865c92b464d4,N2,N1,mismatch,訪れる,おとずれる,訪れる,おとずれる,JLPT 1,36b11fe597e84f7fa467a2301f41d84b,surface+reading,N1,https://ja.dict.naver.com/#/search?query=%E8%A8%AA%E3%82%8C%E3%82%8B,2026-08-19T00:31:52+0900,
w_8f19ba38df4b053a,N2,N1,mismatch,設置,せっち,設置,せっち,JLPT 1,fd6af43da2f44dd3a047e1937da3239b,surface+reading,N1,https://ja.dict.naver.com/#/search?query=%E8%A8%AD%E7%BD%AE,2026-08-19T00:31:52+0900,
w_601703d4df132335,N2,N1,mismatch,証拠,しょうこ,証拠,しょうこ,JLPT 1,c1d92cbde27f4b458690adf6140762ec,surface+reading,N1,https://ja.dict.naver.com/#/search?query=%E8%A8%BC%E6%8B%A0,2026-08-19T00:31:52+0900,
w_e289ba18dc7964f5,N2,N1,mismatch,試みる,こころみる,試みる,こころみる,JLPT 1,bbbe557112c1420f9128fe6d570083b5,surface+reading,N1,https://ja.dict.naver.com/#/search?query=%E8%A9%A6%E3%81%BF%E3%82%8B,2026-08-19T00:31:52+0900,
w_fcad766eecf8a252,N2,N1,mismatch,詳細,しょうさい,詳細,しょうさい,JLPT 1,2c1f919f71be475db46bc2a044cdf166,surface+reading,N1,https://ja.dict.naver.com/#/search?query=%E8%A9%B3%E7%B4%B0,2026-08-19T00:31:52+0900,
w_bdbfd5b05c365db7,N2,N3,mismatch,誘う,さそう,誘う,さそう,JLPT 3,b0dfb356b23a4819aeb41e7836111953,surface+reading,N3,https://ja.dict.naver.com/#/search?query=%E8%AA%98%E3%81%86,2026-08-19T00:31:52+0900,
w_9edb09297acca5e7,N2,N3,mismatch,調味料,ちょうみりょう,調味料,ちょうみりょう,JLPT 3,5336442db67042bd91b8e12636d842f6,surface+reading,N3,https://ja.dict.naver.com/#/search?query=%E8%AA%BF%E5%91%B3%E6%96%99,2026-08-19T00:31:52+0900,
w_f8f2f969fa64ad84,N2,N3,mismatch,調整,ちょうせい,調整,ちょうせい,JLPT 3,e99003e375064c189060b2b2ea8dff3a,surface+reading,N3,https://ja.dict.naver.com/#/search?query=%E8%AA%BF%E6%95%B4,2026-08-19T00:31:52+0900,
w_1b3debc00a00242f,N2,N4,mismatch,講義,こうぎ,講義,こうぎ,JLPT 4,a6e6bbd5e19c48bfb755083c829a14dc,surface+reading,N4,https://ja.dict.naver.com/#/search?query=%E8%AC%9B%E7%BE%A9,2026-08-19T00:31:52+0900,
w_9c04a3579a2ed108,N2,N4,mismatch,負ける,まける,負ける,まける,JLPT 4,6f3c34e7732741eea04417f06d3d608c,surface+reading,N4,https://ja.dict.naver.com/#/search?query=%E8%B2%A0%E3%81%91%E3%82%8B,2026-08-19T00:31:52+0900,
w_556dc21e43748171,N2,N3,mismatch,責任,せきにん,責任,せきにん,JLPT 3,09605725243c478cb14eaa4905a54613,surface+reading,N3,https://ja.dict.naver.com/#/search?query=%E8%B2%AC%E4%BB%BB,2026-08-19T00:31:52+0900,
w_5c2a64f1bb1fb091,N2,N1,mismatch,費やす,ついやす,費やす,ついやす,JLPT 1,a357b1ebd62b4fa1811319f3682f8241,surface+reading,N1,https://ja.dict.naver.com/#/search?query=%E8%B2%BB%E3%82%84%E3%81%99,2026-08-19T00:31:52+0900,
w_04d12eb5e702f09e,N2,N3,mismatch,費用,ひよう,費用,ひよう,JLPT 3,a0c9a3d213fe409f8a882dfeecb6dada,surface+reading,N3,https://ja.dict.naver.com/#/search?query=%E8%B2%BB%E7%94%A8,2026-08-19T00:31:52+0900,
w_e6aa877ce355f72b,N2,N1,mismatch,購入,こうにゅう,購入,こうにゅう,JLPT 1,d4433d30317644e4a7352c6e462202fc,surface+reading,N1,https://ja.dict.naver.com/#/search?query=%E8%B3%BC%E5%85%A5,2026-08-19T00:31:52+0900,
w_fd8f46d8df06c58c,N2,N3,mismatch,超過,ちょうか,超過,ちょうか,JLPT 3,3ce092ce854843e1a803a0f5819f518e,surface+reading,N3,https://ja.dict.naver.com/#/search?query=%E8%B6%85%E9%81%8E,2026-08-19T00:31:52+0900,
w_eb20949c422bd3c0,N2,N3,mismatch,足元,あしもと,足元·足下·足許,あしもと,JLPT 3,557c5da4b7f346a5a7db28c8f965d92b,surface+reading,N3,https://ja.dict.naver.com/#/search?query=%E8%B6%B3%E5%85%83,2026-08-19T00:31:52+0900,
w_37ca851cbcdbacc1,N2,N3,mismatch,足跡,あしあと,足跡,あしあと,JLPT 3,f66a5acac67d4c208ea5a41e6a23851a,surface+reading,N3,https://ja.dict.naver.com/#/search?query=%E8%B6%B3%E8%B7%A1,2026-08-19T00:31:52+0900,
w_4e59acd18f33cb3c,N2,N4,mismatch,踏む,ふむ,踏む,ふむ,JLPT 4,1170a89c280d44c7ba340f8ae9dc1165,surface+reading,N4,https://ja.dict.naver.com/#/search?query=%E8%B8%8F%E3%82%80,2026-08-19T00:31:52+0900,
w_63cab41c2335fc2c,N2,N3,mismatch,車庫,しゃこ,車庫,しゃこ,JLPT 3,688e005287834dc9a0611d28fda356ee,surface+reading,N3,https://ja.dict.naver.com/#/search?query=%E8%BB%8A%E5%BA%AB,2026-08-19T00:31:52+0900,
w_b56a7a188579be5f,N2,N3,mismatch,車輪,しゃりん,車輪,しゃりん,JLPT 3,1a5fd1a406d844a1895de9efb6248a5e,surface+reading,N3,https://ja.dict.naver.com/#/search?query=%E8%BB%8A%E8%BC%AA,2026-08-19T00:31:52+0900,
w_465a387573468160,N2,N3,mismatch,転がす,ころがす,転がす,ころがす,JLPT 3,71d713eae31a4693bf8e346a31107847,surface+reading,N3,https://ja.dict.naver.com/#/search?query=%E8%BB%A2%E3%81%8C%E3%81%99,2026-08-19T00:31:52+0900,
w_30ece7df38908e34,N2,N3,mismatch,転がる,ころがる,転がる,ころがる,JLPT 3,2834ed433eaf45f893511ac6c357a7ac,surface+reading,N3,https://ja.dict.naver.com/#/search?query=%E8%BB%A2%E3%81%8C%E3%82%8B,2026-08-19T00:31:52+0900,
w_749c0a779d203409,N2,N1,mismatch,転じる,てんじる,転じる,てんじる,JLPT 1,b14d0bffa233484391c2620e47256092,surface+reading,N1,https://ja.dict.naver.com/#/search?query=%E8%BB%A2%E3%81%98%E3%82%8B,2026-08-19T00:31:52+0900,
w_93470228cf879755,N2,N3,mismatch,辛い,つらい,辛い,つらい,JLPT 3,a58c1d9cbddf476792e9e63324ed44b0,surface+reading,N3,https://ja.dict.naver.com/#/search?query=%E8%BE%9B%E3%81%84,2026-08-19T00:31:52+0900,
w_5472586d988b239f,N2,N3,mismatch,農村,のうそん,農村,のうそん,JLPT 3,eb8e48491fae444db852f267da28e1dc,surface+reading,N3,https://ja.dict.naver.com/#/search?query=%E8%BE%B2%E6%9D%91,2026-08-19T00:31:52+0900,
w_f563105b26cfef26,N2,N3,mismatch,近づく,ちかづく,近づく·近付く,ちかづく,JLPT 3,dc079362a4354f308f263fcebd7ca5f5,surface+reading,N3,https://ja.dict.naver.com/#/search?query=%E8%BF%91%E3%81%A5%E3%81%8F,2026-08-19T00:31:52+0900,
w_6a16f8c200ae1e73,N2,N3,mismatch,送料,そうりょう,送料,そうりょう,JLPT 3,67dc02acfe2d41cea3c6003aea7d9e19,surface+reading,N3,https://ja.dict.naver.com/#/search?query=%E9%80%81%E6%96%99,2026-08-19T00:31:52+0900,
w_db2ab214bf20d6c5,N2,N1,mismatch,這う,はう,這う·延う,はう,JLPT 1,0d7b80599e264c518d5b251f3f6dde78,surface+reading,N1,https://ja.dict.naver.com/#/search?query=%E9%80%99%E3%81%86,2026-08-19T00:31:52+0900,
w_6a8cbbaf0dac6a7b,N2,N3,mismatch,通じる,つうじる,通じる,つうじる,JLPT 3,12d0037cde994b5db87a6429df562710,surface+reading,N3,https://ja.dict.naver.com/#/search?query=%E9%80%9A%E3%81%98%E3%82%8B,2026-08-19T00:31:52+0900,
w_c0b0b4a6f452a116,N2,N3,mismatch,通帳,つうちょう,通帳,つうちょう,JLPT 3,82cbf2ed15244772ac11828eab6c1520,surface+reading,N3,https://ja.dict.naver.com/#/search?query=%E9%80%9A%E5%B8%B3,2026-08-19T00:31:52+0900,
w_093c9965bf290ed5,N2,N3,mismatch,速達,そくたつ,速達,そくたつ,JLPT 3,1a6960093aa24a55938a43b342854408,surface+reading,N3,https://ja.dict.naver.com/#/search?query=%E9%80%9F%E9%81%94,2026-08-19T00:31:52+0900,
w_ca0283f59a673c34,N2,N4,mismatch,連れる,つれる,連れる,つれる,JLPT 4,9dc7b154ce09466d9a45e34873fcff8a,surface+reading,N4,https://ja.dict.naver.com/#/search?query=%E9%80%A3%E3%82%8C%E3%82%8B,2026-08-19T00:31:52+0900,
w_9207833270e435f5,N2,N3,mismatch,運河,うんが,運河,うんが,JLPT 3,d50920e861d94c4087a595aadf90592b,surface+reading,N3,https://ja.dict.naver.com/#/search?query=%E9%81%8B%E6%B2%B3,2026-08-19T00:31:52+0900,
w_245af5d7cb82359c,N2,N4,mismatch,遠慮,えんりょ,遠慮,えんりょ,JLPT 4,69ccc5739120433daabcfa70ed425fd0,surface+reading,N4,https://ja.dict.naver.com/#/search?query=%E9%81%A0%E6%85%AE,2026-08-19T00:31:52+0900,
w_f4d33493bda6fd73,N2,N3,mismatch,遠足,えんそく,遠足,えんそく,JLPT 3,73e52491a66a43e59cb54f79911393cd,surface+reading,N3,https://ja.dict.naver.com/#/search?query=%E9%81%A0%E8%B6%B3,2026-08-19T00:31:52+0900,
w_4aa05cc6aa3c399e,N2,N3,mismatch,避ける,さける,避ける,さける,JLPT 3,90c04eecd154424a8fab7b80e9817297,surface+reading,N3,https://ja.dict.naver.com/#/search?query=%E9%81%BF%E3%81%91%E3%82%8B,2026-08-19T00:31:52+0900,
w_3ed6307dd0dc024f,N2,N3,mismatch,部品,ぶひん,部品,ぶひん,JLPT 3,9d25afd19a2041b89ef966eb073bd888,surface+reading,N3,https://ja.dict.naver.com/#/search?query=%E9%83%A8%E5%93%81,2026-08-19T00:31:52+0900,
w_7eb1a6ef8dcbd125,N2,N3,mismatch,郵送,ゆうそう,郵送,ゆうそう,JLPT 3,71f8fd782a4a435c9ecf239b9efa9d1f,surface+reading,N3,https://ja.dict.naver.com/#/search?query=%E9%83%B5%E9%80%81,2026-08-19T00:31:52+0900,
w_ad96d75cf4c84a8d,N2,N1,mismatch,配慮,はいりょ,配慮,はいりょ,JLPT 1,52d82322b01342ab853b4179a30631fb,surface+reading,N1,https://ja.dict.naver.com/#/search?query=%E9%85%8D%E6%85%AE,2026-08-19T00:31:52+0900,
w_4c8e7351358bd483,N2,N3,mismatch,配達,はいたつ,配達,はいたつ,JLPT 3,224ed0c2d39c44fcadbd4d6b7783d199,surface+reading,N3,https://ja.dict.naver.com/#/search?query=%E9%85%8D%E9%81%94,2026-08-19T00:31:52+0900,
w_ef9ab1057111e69a,N2,N3,mismatch,醜い,みにくい,醜い,みにくい,JLPT 3,3b96719eaa05492fbe79382050721c5d,surface+reading,N3,https://ja.dict.naver.com/#/search?query=%E9%86%9C%E3%81%84,2026-08-19T00:31:52+0900,
w_46e160b32b3969b2,N2,N3,mismatch,重たい,おもたい,重たい,おもたい,JLPT 3,6c3b6f1809944e838831e61ecff5ef4c,surface+reading,N3,https://ja.dict.naver.com/#/search?query=%E9%87%8D%E3%81%9F%E3%81%84,2026-08-19T00:31:52+0900,
w_2011d52dfc06b8ed,N2,N4,mismatch,金魚,きんぎょ,金魚,きんぎょ,JLPT 4,439321d489d643be9b7ae1652b3e4add,surface+reading,N4,https://ja.dict.naver.com/#/search?query=%E9%87%91%E9%AD%9A,2026-08-19T00:31:52+0900,
w_df31d418cc0b41ae,N2,N3,mismatch,鋭い,するどい,鋭い,するどい,JLPT 3,968f2558d8c44bbea8ee4bd0b15dc949,surface+reading,N3,https://ja.dict.naver.com/#/search?query=%E9%8B%AD%E3%81%84,2026-08-19T00:31:52+0900,
w_75870d10217b5382,N2,N3,mismatch,録音,ろくおん,録音,ろくおん,JLPT 3,2d90a29c37fe4d3a8210ec19751b0eb5,surface+reading,N3,https://ja.dict.naver.com/#/search?query=%E9%8C%B2%E9%9F%B3,2026-08-19T00:31:52+0900,
w_9ee9fedb296f1359,N2,N1,mismatch,鍛える,きたえる,鍛える,きたえる,JLPT 1,4a6a2d64fc274954a095112bf6dafa2d,surface+reading,N1,https://ja.dict.naver.com/#/search?query=%E9%8D%9B%E3%81%88%E3%82%8B,2026-08-19T00:31:52+0900,
w_8f38d08439f4d770,N2,N3,mismatch,長女,ちょうじょ,長女,ちょうじょ,JLPT 3,d0f04f0a4de84dfc984ba19191429436,surface+reading,N3,https://ja.dict.naver.com/#/search?query=%E9%95%B7%E5%A5%B3,2026-08-19T00:31:52+0900,
w_7638f2a2a01eead4,N2,N3,mismatch,長所,ちょうしょ,長所,ちょうしょ,JLPT 3,59fdf3d6ae844348b86ab9d0b6a73ea1,surface+reading,N3,https://ja.dict.naver.com/#/search?query=%E9%95%B7%E6%89%80,2026-08-19T00:31:52+0900,
w_b94995572da1a2da,N2,N3,mismatch,長男,ちょうなん,長男,ちょうなん,JLPT 3,426e587cd1004ab7816a1d71d1cb21d2,surface+reading,N3,https://ja.dict.naver.com/#/search?query=%E9%95%B7%E7%94%B7,2026-08-19T00:31:52+0900,
w_f5cca211654fc134,N2,N3,mismatch,間接,かんせつ,間接,かんせつ,JLPT 3,87ece3f5028d4ffcad3881953ccbb8cb,surface+reading,N3,https://ja.dict.naver.com/#/search?query=%E9%96%93%E6%8E%A5,2026-08-19T00:31:52+0900,
w_3854ac1ed9eba063,N2,N3,mismatch,限度,げんど,限度,げんど,JLPT 3,03e8fefafbaa407392bcfc5ebe2b06f4,surface+reading,N3,https://ja.dict.naver.com/#/search?query=%E9%99%90%E5%BA%A6,2026-08-19T00:31:52+0900,
w_8b5eb77a7d8845c3,N2,N3,mismatch,険しい,けわしい,険しい,けわしい,JLPT 3,c6910497271f4d929e9afc023d817d34,surface+reading,N3,https://ja.dict.naver.com/#/search?query=%E9%99%BA%E3%81%97%E3%81%84,2026-08-19T00:31:52+0900,
w_bb46313b17c5004b,N2,N3,mismatch,雨戸,あまど,雨戸,あまど,JLPT 3,cb0f06160cb947f9adc75a3ddba1432d,surface+reading,N3,https://ja.dict.naver.com/#/search?query=%E9%9B%A8%E6%88%B8,2026-08-19T00:31:52+0900,
w_c422375cee418af6,N2,N3,mismatch,電柱,でんちゅう,電柱,でんちゅう,JLPT 3,88f2e8cdf8e6412fa19b777c07fcd5d8,surface+reading,N3,https://ja.dict.naver.com/#/search?query=%E9%9B%BB%E6%9F%B1,2026-08-19T00:31:52+0900,
w_6ea51094d383a074,N2,N3,mismatch,電球,でんきゅう,電球,でんきゅう,JLPT 3,091e4838afa04385ba8ba93cb80be5df,surface+reading,N3,https://ja.dict.naver.com/#/search?query=%E9%9B%BB%E7%90%83,2026-08-19T00:31:52+0900,
w_dbe459108413337b,N2,N3,mismatch,青少年,せいしょうねん,青少年,せいしょうねん,JLPT 3,894b9d3a97c640e0927e9cc8463e93e9,surface+reading,N3,https://ja.dict.naver.com/#/search?query=%E9%9D%92%E5%B0%91%E5%B9%B4,2026-08-19T00:31:52+0900,
w_41aca0c015c1811d,N2,N3,mismatch,青白い,あおじろい,青白い·蒼白い,あおじろい,JLPT 3,044e2855539a471593fdd6a4d965094b,surface+reading,N3,https://ja.dict.naver.com/#/search?query=%E9%9D%92%E7%99%BD%E3%81%84,2026-08-19T00:31:52+0900,
w_9d6f0df25208d714,N2,N3,mismatch,面倒臭い,めんどうくさい,面倒臭い,めんどうくさい,JLPT 3,d50fb084c915426c966caff477056420,surface+reading,N3,https://ja.dict.naver.com/#/search?query=%E9%9D%A2%E5%80%92%E8%87%AD%E3%81%84,2026-08-19T00:31:52+0900,
w_ee206212d9b2a50d,N2,N3,mismatch,頼もしい,たのもしい,頼もしい,たのもしい,JLPT 3,f1896fdc5f3a4d2386ef074bdc0bbc93,surface+reading,N3,https://ja.dict.naver.com/#/search?query=%E9%A0%BC%E3%82%82%E3%81%97%E3%81%84,2026-08-19T00:31:52+0900,
w_c05faf8147f6c276,N2,N3,mismatch,題名,だいめい,題名,だいめい,JLPT 3,1f73d36007c54b30a8faef1ee86eb106,surface+reading,N3,https://ja.dict.naver.com/#/search?query=%E9%A1%8C%E5%90%8D,2026-08-19T00:31:52+0900,
w_3699afd43e0c0b78,N2,N4,mismatch,飾り,かざり,飾り,かざり,JLPT 4,e9a8d677c4c74b08b809c972a9ff8fca,surface+reading,N4,https://ja.dict.naver.com/#/search?query=%E9%A3%BE%E3%82%8A,2026-08-19T00:31:52+0900,
w_d987b1d8bd0c3c4e,N2,N1,mismatch,養う,やしなう,養う,やしなう,JLPT 1,e7f3b13eb8ad4ed9abc8b542244117b8,surface+reading,N1,https://ja.dict.naver.com/#/search?query=%E9%A4%8A%E3%81%86,2026-08-19T00:31:52+0900,
w_004f79db367ab175,N2,N3,mismatch,驚かす,おどろかす,驚かす,おどろかす,JLPT 3,f8e22288896245c9bff4b96d5e4c22b8,surface+reading,N3,https://ja.dict.naver.com/#/search?query=%E9%A9%9A%E3%81%8B%E3%81%99,2026-08-19T00:31:52+0900,
w_19f6a651ea00281d,N2,N3,mismatch,高める,たかめる,高める,たかめる,JLPT 3,19d2a9987b284816bcff5b38d561d050,surface+reading,N3,https://ja.dict.naver.com/#/search?query=%E9%AB%98%E3%82%81%E3%82%8B,2026-08-19T00:31:52+0900,
w_9d1276b961227354,N2,N3,mismatch,高等学校,こうとうがっこう,高等学校,こうとうがっこう,JLPT 3,7d7a37860acd4d1bac3863105f4fe438,surface+reading,N3,https://ja.dict.naver.com/#/search?query=%E9%AB%98%E7%AD%89%E5%AD%A6%E6%A0%A1,2026-08-19T00:31:52+0900,
w_5a7d649ad0251d9f,N2,N3,mismatch,高級,こうきゅう,高級,こうきゅう,JLPT 3,310ee513a84e48f5bd418c7b9123c279,surface+reading,N3,https://ja.dict.naver.com/#/search?query=%E9%AB%98%E7%B4%9A,2026-08-19T00:31:52+0900,
w_1ee9b85dab53107b,N2,N4,mismatch,鳴る,なる,鳴る,なる,JLPT 4,31f9132c348346b7a162aa23a40fd114,surface+reading,N4,https://ja.dict.naver.com/#/search?query=%E9%B3%B4%E3%82%8B,2026-08-19T00:31:52+0900,
w_2be090e750700206,N3,N2,mismatch,あいにく,あいにく,生憎,あいにく,JLPT 2,34bb10e67b9549a8bc0d52ed2cd67c8f,surface+reading,N2,https://ja.dict.naver.com/#/search?query=%E3%81%82%E3%81%84%E3%81%AB%E3%81%8F,2026-08-19T00:31:52+0900,
w_46383522b3acf1c9,N3,N2,mismatch,あらゆる,あらゆる,有らゆる,あらゆる,JLPT 2,7e4045440f624030a0f757bc75d3272f,surface+reading,N2,https://ja.dict.naver.com/#/search?query=%E3%81%82%E3%82%89%E3%82%86%E3%82%8B,2026-08-19T00:31:52+0900,
w_c41c1b47224d5c11,N3,N2,mismatch,ありがとう,ありがとう,有り難う,ありがとう,JLPT 2,fe8681efd6b9456d9829b946aec3f544,surface+reading,N2,https://ja.dict.naver.com/#/search?query=%E3%81%82%E3%82%8A%E3%81%8C%E3%81%A8%E3%81%86,2026-08-19T00:31:52+0900,
w_45ab19ce71cbb933,N3,N2,mismatch,あるいは,あるいは,或いは,あるいは,JLPT 2,e756fcee216242e0a74b2614a635a977,surface+reading,N2,https://ja.dict.naver.com/#/search?query=%E3%81%82%E3%82%8B%E3%81%84%E3%81%AF,2026-08-19T00:31:52+0900,
w_ff1cb7abea5c169d,N3,N2,mismatch,いずれ,いずれ,何れ·孰れ,いずれ,JLPT 2,6aaa59fa68394e9d92e86b53d01c45c7,surface+reading,N2,https://ja.dict.naver.com/#/search?query=%E3%81%84%E3%81%9A%E3%82%8C,2026-08-19T00:31:52+0900,
w_7af4c6f5925e6489,N3,N2,mismatch,いつまでも,いつまでも,何時迄も,いつまでも,JLPT 2,f24f4440ffa8461b9d5c1720b4ccb9c6,surface+reading,N2,https://ja.dict.naver.com/#/search?query=%E3%81%84%E3%81%A4%E3%81%BE%E3%81%A7%E3%82%82,2026-08-19T00:31:52+0900,
w_0eb7fb9f9547d8f1,N3,N5,mismatch,いつも,いつも,何時も,いつも,JLPT 5,31e3487347974a9c9f1a990ee4e63f8d,surface+reading,N5,https://ja.dict.naver.com/#/search?query=%E3%81%84%E3%81%A4%E3%82%82,2026-08-19T00:31:52+0900,
w_903e5145aa609f5d,N3,N2,mismatch,いらっしゃい,いらっしゃい,いらっしゃい,いらっしゃい,JLPT 2,81d5c461e69f492fa0f1512f5acfbfec,surface+reading,N2,https://ja.dict.naver.com/#/search?query=%E3%81%84%E3%82%89%E3%81%A3%E3%81%97%E3%82%83%E3%81%84,2026-08-19T00:31:52+0900,
w_0513d7c7e92231c6,N3,N2,mismatch,いわゆる,いわゆる,所謂,いわゆる,JLPT 2,0f0d7e99d3bd4eb593733c5c9fe93da1,surface+reading,N2,https://ja.dict.naver.com/#/search?query=%E3%81%84%E3%82%8F%E3%82%86%E3%82%8B,2026-08-19T00:31:52+0900,
w_672b201b0d3b2ec1,N3,N4,mismatch,おかしい,おかしい,可笑しい,おかしい,JLPT 4,9f94d019239144e8aaebf75a7d26a718,surface+reading,N4,https://ja.dict.naver.com/#/search?query=%E3%81%8A%E3%81%8B%E3%81%97%E3%81%84,2026-08-19T00:31:52+0900,
w_95d7bcec7e65c8e0,N3,N2,mismatch,おめでとう,おめでとう,御目出度う·御芽出度う,おめでとう,JLPT 2,21186f01f4d04e219d142c6cac04991f,surface+reading,N2,https://ja.dict.naver.com/#/search?query=%E3%81%8A%E3%82%81%E3%81%A7%E3%81%A8%E3%81%86,2026-08-19T00:31:52+0900,
w_1353ce210b23865a,N3,N2,mismatch,お前,おまえ,お前∙御前,おまえ,JLPT 2,986ca114c6644546962a5e3f1e82ce86,exact-search+reading,N2,https://ja.dict.naver.com/#/search?query=%E3%81%8A%E5%89%8D,2026-08-19T00:31:52+0900,
w_f007df3b1f8867ce,N3,N4,mismatch,かなり,かなり,可成り·可也,かなり,JLPT 4,1d0804b5a9f34797974d0b09fd9a366f,surface+reading,N4,https://ja.dict.naver.com/#/search?query=%E3%81%8B%E3%81%AA%E3%82%8A,2026-08-19T00:31:52+0900,
w_465e1dc0b70ccc7d,N3,N5,mismatch,こんにちは,こんにちは,今日は,こんにちは,JLPT 5,01164b49429f452e9470ce77a24b1c14,surface+reading,N5,https://ja.dict.naver.com/#/search?query=%E3%81%93%E3%82%93%E3%81%AB%E3%81%A1%E3%81%AF,2026-08-19T00:31:52+0900,
w_ca920ef451a01aa8,N3,N2,mismatch,さて,さて,扠·扨·偖·却説,さて,JLPT 2,8c6688bf2bf846e6851637d7f7ea6f41,surface+reading,N2,https://ja.dict.naver.com/#/search?query=%E3%81%95%E3%81%A6,2026-08-19T00:31:52+0900,
w_0fdee89d4ad3a5cd,N3,N2,mismatch,しかも,しかも,然も·而も,しかも,JLPT 2,7a52c02d9e93430094dd311e50c3466a,surface+reading,N2,https://ja.dict.naver.com/#/search?query=%E3%81%97%E3%81%8B%E3%82%82,2026-08-19T00:31:52+0900,
w_8aa654b726b3973b,N3,N4,mismatch,しまう,しまう,仕舞う·終う,しまう,JLPT 4,08c14ae274e14203aedee0aabd641adb,surface+reading,N4,https://ja.dict.naver.com/#/search?query=%E3%81%97%E3%81%BE%E3%81%86,2026-08-19T00:31:52+0900,
w_b9111f44a6cece15,N3,N2,mismatch,しゃべる,しゃべる,喋る,しゃべる,JLPT 2,d32165e85fb7459ea9506ef5889ea96e,surface+reading,N2,https://ja.dict.naver.com/#/search?query=%E3%81%97%E3%82%83%E3%81%B9%E3%82%8B,2026-08-19T00:31:52+0900,
w_7cd203c92785ebef,N3,N4,mismatch,ずっと,ずっと,ずっと,ずっと,JLPT 4,b948b594cede4af7ac16ee14d4f26e89,surface+reading,N4,https://ja.dict.naver.com/#/search?query=%E3%81%9A%E3%81%A3%E3%81%A8,2026-08-19T00:31:52+0900,
w_72a04a5001a1e85f,N3,N2,mismatch,ずれる,ずれる,ずれる,ずれる,JLPT 2,ac31d5aafcd04a20b4d4d8c11b032926,surface+reading,N2,https://ja.dict.naver.com/#/search?query=%E3%81%9A%E3%82%8C%E3%82%8B,2026-08-19T00:31:52+0900,
w_18a15a1c8844b218,N3,N2,mismatch,そのまま,そのまま,其の儘,そのまま,JLPT 2,6ccd1a8bae474f4aa8404c5c24f1e8d7,surface+reading,N2,https://ja.dict.naver.com/#/search?query=%E3%81%9D%E3%81%AE%E3%81%BE%E3%81%BE,2026-08-19T00:31:52+0900,
w_7a351a9f11bcc39f,N3,N4,mismatch,そろそろ,そろそろ,そろそろ,そろそろ,JLPT 4,c3515f9e5bef40558a168eabdddd0f33,surface+reading,N4,https://ja.dict.naver.com/#/search?query=%E3%81%9D%E3%82%8D%E3%81%9D%E3%82%8D,2026-08-19T00:31:52+0900,
w_3ad346e39e2ff177,N3,N2,mismatch,つまり,つまり,詰(ま)り,つまり,JLPT 2,d41aebad8b83457a98d99b1a2aad865a,surface+reading,N2,https://ja.dict.naver.com/#/search?query=%E3%81%A4%E3%81%BE%E3%82%8A,2026-08-19T00:31:52+0900,
w_ddc4c211ea049dc1,N3,N1,mismatch,ふらふら,ふらふら,ふらふら,ふらふら,JLPT 1,77b8034697524e24915a6e06595b218a,surface+reading,N1,https://ja.dict.naver.com/#/search?query=%E3%81%B5%E3%82%89%E3%81%B5%E3%82%89,2026-08-19T00:31:52+0900,
w_0786b0efd583cdb2,N3,N2,mismatch,まるで,まるで,丸で,まるで,JLPT 2,9a474e764c9642188872fbfc1815546e,surface+reading,N2,https://ja.dict.naver.com/#/search?query=%E3%81%BE%E3%82%8B%E3%81%A7,2026-08-19T00:31:52+0900,
w_e54a70b56626a03a,N3,N2,mismatch,もしも,もしも,若しも,もしも,JLPT 2,b9c8296ce5dc42bbb77ba76e44c57120,surface+reading,N2,https://ja.dict.naver.com/#/search?query=%E3%82%82%E3%81%97%E3%82%82,2026-08-19T00:31:52+0900,
w_bb0e4760b8f1abb5,N3,N2,mismatch,やがて,やがて,軈て,やがて,JLPT 2,6ee7b0242ca04efabe0003dcd39b8bdc,surface+reading,N2,https://ja.dict.naver.com/#/search?query=%E3%82%84%E3%81%8C%E3%81%A6,2026-08-19T00:31:52+0900,
w_6642ae5b80aa389c,N3,N2,mismatch,ウイスキー,ウイスキー,ウイスキー,ウイスキー,JLPT 2,8b580fdd74784de687182e3542db0643,surface+reading,N2,https://ja.dict.naver.com/#/search?query=%E3%82%A6%E3%82%A4%E3%82%B9%E3%82%AD%E3%83%BC,2026-08-19T00:31:52+0900,
w_776127b5e47c3418,N3,N2,mismatch,カー,カー,カー,カー,JLPT 2,0c30189eb95b47d39c7526de0a3f183c,surface+reading,N2,https://ja.dict.naver.com/#/search?query=%E3%82%AB%E3%83%BC,2026-08-19T00:31:52+0900,
w_062802327bbd983b,N3,N2,mismatch,キャプテン,キャプテン,キャプテン,キャプテン,JLPT 2,f0ef9146c1f94fb3a29190ffebc7b934,surface+reading,N2,https://ja.dict.naver.com/#/search?query=%E3%82%AD%E3%83%A3%E3%83%97%E3%83%86%E3%83%B3,2026-08-19T00:31:52+0900,
w_bb155fd3f44b4abd,N3,N2,mismatch,クリスマス,クリスマス,クリスマス,クリスマス,JLPT 2,8f1820b2d32e4fafaf5bda68dfde9b90,surface+reading,N2,https://ja.dict.naver.com/#/search?query=%E3%82%AF%E3%83%AA%E3%82%B9%E3%83%9E%E3%82%B9,2026-08-19T00:31:52+0900,
w_9a227b930a63af01,N3,N2,mismatch,コーチ,コーチ,コーチ,コーチ,JLPT 2,7081f0a077314f78ae15562b299b19ca,surface+reading,N2,https://ja.dict.naver.com/#/search?query=%E3%82%B3%E3%83%BC%E3%83%81,2026-08-19T00:31:52+0900,
w_d5f8141da5f9b6f9,N3,N2,mismatch,コード,コード,コード,コード,JLPT 2,dac63685877f4fd09b15989ed835a16a,surface+reading,N2,https://ja.dict.naver.com/#/search?query=%E3%82%B3%E3%83%BC%E3%83%89,2026-08-19T00:31:52+0900,
w_fec5985f6767757f,N3,N2,mismatch,ゴール,ゴール,ゴール,ゴール,JLPT 2,9030c49b840a409794029a149c9f6029,surface+reading,N2,https://ja.dict.naver.com/#/search?query=%E3%82%B4%E3%83%BC%E3%83%AB,2026-08-19T00:31:52+0900,
w_8ced55e5dccd8e1b,N3,N4,mismatch,サイン,サイン,サイン,サイン,JLPT 4,a2a5888f2a9c42bca7ff42801466e8c5,surface+reading,N4,https://ja.dict.naver.com/#/search?query=%E3%82%B5%E3%82%A4%E3%83%B3,2026-08-19T00:31:52+0900,
w_ad627d920f9f817c,N3,N2,mismatch,スイッチ,スイッチ,スイッチ,スイッチ,JLPT 2,b9046540d1d24495a5bda687a76d10e0,surface+reading,N2,https://ja.dict.naver.com/#/search?query=%E3%82%B9%E3%82%A4%E3%83%83%E3%83%81,2026-08-19T00:31:52+0900,
w_8fdcc4961a0171a0,N3,N2,mismatch,スター,スター,スター,スター,JLPT 2,dcada7f7b1a64145a33296c77e472afd,surface+reading,N2,https://ja.dict.naver.com/#/search?query=%E3%82%B9%E3%82%BF%E3%83%BC,2026-08-19T00:31:52+0900,
w_74ceac84fb765eab,N3,N4,mismatch,セット,セット,セット,セット,JLPT 4,255df0fb55bc4593880daf1f026b1fd1,surface+reading,N4,https://ja.dict.naver.com/#/search?query=%E3%82%BB%E3%83%83%E3%83%88,2026-08-19T00:31:52+0900,
w_25dd9dc478c947cd,N3,N2,mismatch,テーマ,テーマ,テーマ,テーマ,JLPT 2,9e58effc26ec46d1870dfe991ef20fcf,surface+reading,N2,https://ja.dict.naver.com/#/search?query=%E3%83%86%E3%83%BC%E3%83%9E,2026-08-19T00:31:52+0900,
w_31da48090d6c10eb,N3,N1,mismatch,ヒント,ヒント,ヒント,ヒント,JLPT 1,1f56095a273d4dcb883e03c306f8d6a1,surface+reading,N1,https://ja.dict.naver.com/#/search?query=%E3%83%92%E3%83%B3%E3%83%88,2026-08-19T00:31:52+0900,
w_66cc4fca408401b0,N3,N2,mismatch,ママ,ママ,ママ,ママ,JLPT 2,0a24349304f64a69a2fafee8aa9d677c,surface+reading,N2,https://ja.dict.naver.com/#/search?query=%E3%83%9E%E3%83%9E,2026-08-19T00:31:52+0900,
w_ad5cc82e7991ff51,N3,N2,mismatch,メモ,メモ,メモ,メモ,JLPT 2,be0682b5dd9540e19efded1775c93014,surface+reading,N2,https://ja.dict.naver.com/#/search?query=%E3%83%A1%E3%83%A2,2026-08-19T00:31:52+0900,
w_18dc98c1f1411b8b,N3,N2,mismatch,ユーモア,ユーモア,ユーモア,ユーモア,JLPT 2,c0c07dd1dc704333a1863dc050638587,surface+reading,N2,https://ja.dict.naver.com/#/search?query=%E3%83%A6%E3%83%BC%E3%83%A2%E3%82%A2,2026-08-19T00:31:52+0900,
w_9a6c909717bbca90,N3,N1,mismatch,一帯,いったい,一帯,いったい,JLPT 1,6af3bc575cac4a82b94fad816293d659,surface+reading,N1,https://ja.dict.naver.com/#/search?query=%E4%B8%80%E5%B8%AF,2026-08-19T00:31:52+0900,
w_674608db630a5167,N3,N2,mismatch,一方,いっぽう,一方,いっぽう,JLPT 2,8c6c325420e84e5da65346410bd869b6,surface+reading,N2,https://ja.dict.naver.com/#/search?query=%E4%B8%80%E6%96%B9,2026-08-19T00:31:52+0900,
w_f573f84de432f601,N3,N5,mismatch,一時,いちじ,一時,いちじ,JLPT 5,b50939b183cf4456a42cbe7e7b26310d,surface+reading,N5,https://ja.dict.naver.com/#/search?query=%E4%B8%80%E6%99%82,2026-08-19T00:31:52+0900,
w_62eae17ee0bb627f,N3,N2,mismatch,一瞬,いっしゅん,一瞬,いっしゅん,JLPT 2,37279a965e0e4e1e9d836e71b729ee6d,surface+reading,N2,https://ja.dict.naver.com/#/search?query=%E4%B8%80%E7%9E%AC,2026-08-19T00:31:52+0900,
w_56402bace5da76b9,N3,N2,mismatch,一種,いっしゅ,一種,いっしゅ,JLPT 2,ed6e161746044f41834931942e9576f2,surface+reading,N2,https://ja.dict.naver.com/#/search?query=%E4%B8%80%E7%A8%AE,2026-08-19T00:31:52+0900,
w_cbcf3ecb1866f04c,N3,N2,mismatch,一致,いっち,一致,いっち,JLPT 2,b0b9681454c748debe755174951c1496,surface+reading,N2,https://ja.dict.naver.com/#/search?query=%E4%B8%80%E8%87%B4,2026-08-19T00:31:52+0900,
w_c6900e0ec3be2de7,N3,N2,mismatch,一般,いっぱん,一般,いっぱん,JLPT 2,a972c11082e44e5688d021a409534255,surface+reading,N2,https://ja.dict.naver.com/#/search?query=%E4%B8%80%E8%88%AC,2026-08-19T00:31:52+0900,
w_d4f0e3db199d3b63,N3,N2,mismatch,一言,ひとこと,一言,ひとこと,JLPT 2,293601050652465ba206293062283e04,surface+reading,N2,https://ja.dict.naver.com/#/search?query=%E4%B8%80%E8%A8%80,2026-08-19T00:31:52+0900,
w_cd21637b9647fa3c,N3,N2,mismatch,上,うわ,上,うわ,JLPT 2,9812192039904627a17ddcaa60f4d67a,surface+reading,N2,https://ja.dict.naver.com/#/search?query=%E4%B8%8A,2026-08-19T00:31:52+0900,
w_151aa2184938fba6,N3,N2,mismatch,上,かみ,上,かみ,JLPT 2,908d6201b40745eaa0c52ea7d09c873a,surface+reading,N2,https://ja.dict.naver.com/#/search?query=%E4%B8%8A,2026-08-19T00:31:52+0900,
w_81c9dc74c01669b1,N3,N2,mismatch,上,じょう,上,じょう,JLPT 2,3213315a89724b6294ea40826905de2c,surface+reading,N2,https://ja.dict.naver.com/#/search?query=%E4%B8%8A,2026-08-19T00:31:52+0900,
w_92df87a3f9c7fcd0,N3,N2,mismatch,上等,じょうとう,上等,じょうとう,JLPT 2,79e8b8c9beca4d7680422faa76b5d0e7,surface+reading,N2,https://ja.dict.naver.com/#/search?query=%E4%B8%8A%E7%AD%89,2026-08-19T00:31:52+0900,
w_918c3022ec6cc0f1,N3,N2,mismatch,下,げ,下,げ,JLPT 2,be44fd4b33594c62b7c46f930999bd74,surface+reading,N2,https://ja.dict.naver.com/#/search?query=%E4%B8%8B,2026-08-19T00:31:52+0900,
w_dfb409211ee33e05,N3,N2,mismatch,下,しも,下,しも,JLPT 2,bf65fc768eed4e7aa1bdea4bf45d4025,surface+reading,N2,https://ja.dict.naver.com/#/search?query=%E4%B8%8B,2026-08-19T00:31:52+0900,
w_4260a0f864229b4b,N3,N2,mismatch,不利,ふり,不利,ふり,JLPT 2,76cdef6c1c794667af7ca52448aeb011,surface+reading,N2,https://ja.dict.naver.com/#/search?query=%E4%B8%8D%E5%88%A9,2026-08-19T00:31:52+0900,
w_1e7ffdddebe4c582,N3,N2,mismatch,不安,ふあん,不安,ふあん,JLPT 2,01600fa0ca8b4d47a91436fd506f3794,surface+reading,N2,https://ja.dict.naver.com/#/search?query=%E4%B8%8D%E5%AE%89,2026-08-19T00:31:52+0900,
w_b14c5f7eb90054ee,N3,N2,mismatch,不幸,ふこう,不幸,ふこう,JLPT 2,09e4b073013d4029b007ed63467d9132,surface+reading,N2,https://ja.dict.naver.com/#/search?query=%E4%B8%8D%E5%B9%B8,2026-08-19T00:31:52+0900,
w_ff046eb535486a13,N3,N2,mismatch,世紀,せいき,世紀,せいき,JLPT 2,4f085208ad6c4eb79dd279341923e68f,surface+reading,N2,https://ja.dict.naver.com/#/search?query=%E4%B8%96%E7%B4%80,2026-08-19T00:31:52+0900,
w_93056a7f4a0c5fb8,N3,N2,mismatch,世間,せけん,世間,せけん,JLPT 2,915a69aef0f148f1a8a53b12d14172a4,surface+reading,N2,https://ja.dict.naver.com/#/search?query=%E4%B8%96%E9%96%93,2026-08-19T00:31:52+0900,
w_5b8571e8cf553428,N3,N4,mismatch,並ぶ,ならぶ,並ぶ,ならぶ,JLPT 4,860a49fb3c5e467daf778bcd9650e972,surface+reading,N4,https://ja.dict.naver.com/#/search?query=%E4%B8%A6%E3%81%B6,2026-08-19T00:31:52+0900,
w_ea9b785ebaa89afa,N3,N2,mismatch,中身,なかみ,中身·中味,なかみ,JLPT 2,d4898b18c9e348c2843fa0979bbb70fe,surface+reading,N2,https://ja.dict.naver.com/#/search?query=%E4%B8%AD%E8%BA%AB,2026-08-19T00:31:52+0900,
w_c664ee879081d5a8,N3,N5,mismatch,丸い,まるい,丸い,まるい,JLPT 5,8b1f1214d7dc41cb9a0fea0e1d802670,surface+reading,N5,https://ja.dict.naver.com/#/search?query=%E4%B8%B8%E3%81%84,2026-08-19T00:31:52+0900,
w_8dca1d133a082183,N3,N2,mismatch,主に,おもに,主に,おもに,JLPT 2,fa433b032b5b4224ad1c342dfa0bc7cd,surface+reading,N2,https://ja.dict.naver.com/#/search?query=%E4%B8%BB%E3%81%AB,2026-08-19T00:31:52+0900,
w_3e183eeb7fd234e7,N3,N2,mismatch,主義,しゅぎ,主義,しゅぎ,JLPT 2,59d0bb1d00484a32ab56f3ad3e523472,surface+reading,N2,https://ja.dict.naver.com/#/search?query=%E4%B8%BB%E7%BE%A9,2026-08-19T00:31:52+0900,
w_5776e5bf61a8c089,N3,N2,mismatch,主要,しゅよう,主要,しゅよう,JLPT 2,d5319ecce90c456f83105532d6d8f291,surface+reading,N2,https://ja.dict.naver.com/#/search?query=%E4%B8%BB%E8%A6%81,2026-08-19T00:31:52+0900,
w_b480848a70c6cde2,N3,N4,mismatch,乾く,かわく,乾く,かわく,JLPT 4,59f4bc54944c4c889136c992b107c88d,surface+reading,N4,https://ja.dict.naver.com/#/search?query=%E4%B9%BE%E3%81%8F,2026-08-19T00:31:52+0900,
w_8850b3a80af81e01,N3,N4,mismatch,予定,よてい,予定,よてい,JLPT 4,4fe7fa1d6944482c9074da2ae2705aee,surface+reading,N4,https://ja.dict.naver.com/#/search?query=%E4%BA%88%E5%AE%9A,2026-08-19T00:31:52+0900,
w_3b2750d6e174b5b2,N3,N2,mismatch,予期,よき,予期,よき,JLPT 2,2a35aa6ce56e4860b41b3e9fd97f5f8e,surface+reading,N2,https://ja.dict.naver.com/#/search?query=%E4%BA%88%E6%9C%9F,2026-08-19T00:31:52+0900,
w_7e2ac95308acb1ab,N3,N2,mismatch,予測,よそく,予測,よそく,JLPT 2,e9c4643706d94289a64c0b4b92a02858,surface+reading,N2,https://ja.dict.naver.com/#/search?query=%E4%BA%88%E6%B8%AC,2026-08-19T00:31:52+0900,
w_d11ea70aee2232d9,N3,N2,mismatch,争う,あらそう,争う,あらそう,JLPT 2,833fe3b9a8234efda85c1a5e20448a50,surface+reading,N2,https://ja.dict.naver.com/#/search?query=%E4%BA%89%E3%81%86,2026-08-19T00:31:52+0900,
w_a3e9dc2961c9ba24,N3,N2,mismatch,事実,じじつ,事実,じじつ,JLPT 2,7f4260518d684bca967b8958c3169905,surface+reading,N2,https://ja.dict.naver.com/#/search?query=%E4%BA%8B%E5%AE%9F,2026-08-19T00:31:52+0900,
w_2f921837b379349c,N3,N2,mismatch,互い,たがい,互い,たがい,JLPT 2,c4e6863a2e174f3cb17d1ebb5e1b148e,surface+reading,N2,https://ja.dict.naver.com/#/search?query=%E4%BA%92%E3%81%84,2026-08-19T00:31:52+0900,
w_70ecb3468f47ed85,N3,N2,mismatch,交代,こうたい,交代·交替,こうたい,JLPT 2,9a0a3cc548624037aca206f624ba07ee,surface+reading,N2,https://ja.dict.naver.com/#/search?query=%E4%BA%A4%E4%BB%A3,2026-08-19T00:31:52+0900,
w_0394d6d5dc4a4946,N3,N2,mismatch,交換,こうかん,交換,こうかん,JLPT 2,ee3d22ee8e634aca9050c88646a10301,surface+reading,N2,https://ja.dict.naver.com/#/search?query=%E4%BA%A4%E6%8F%9B,2026-08-19T00:31:52+0900,
w_afe9492907d6e9b6,N3,N2,mismatch,交替,こうたい,交代·交替,こうたい,JLPT 2,9a0a3cc548624037aca206f624ba07ee,surface+reading,N2,https://ja.dict.naver.com/#/search?query=%E4%BA%A4%E6%9B%BF,2026-08-19T00:31:52+0900,
w_d5d3413f629d22e3,N3,N2,mismatch,交流,こうりゅう,交流,こうりゅう,JLPT 2,df77b511f02540d3897ecdae53bfb28b,surface+reading,N2,https://ja.dict.naver.com/#/search?query=%E4%BA%A4%E6%B5%81,2026-08-19T00:31:52+0900,
w_883e52ca16ce2b3e,N3,N2,mismatch,人工,じんこう,人工,じんこう,JLPT 2,fef3461b96c64691b9d8668dd9494226,surface+reading,N2,https://ja.dict.naver.com/#/search?query=%E4%BA%BA%E5%B7%A5,2026-08-19T00:31:52+0900,
w_c49b680bc6641cf8,N3,N2,mismatch,人物,じんぶつ,人物,じんぶつ,JLPT 2,60e0835c43c946f893662d7b3d04bd55,surface+reading,N2,https://ja.dict.naver.com/#/search?query=%E4%BA%BA%E7%89%A9,2026-08-19T00:31:52+0900,
w_d33bc9d542950232,N3,N2,mismatch,人類,じんるい,人類,じんるい,JLPT 2,102dd84024f641c78cbf503d6b562456,surface+reading,N2,https://ja.dict.naver.com/#/search?query=%E4%BA%BA%E9%A1%9E,2026-08-19T00:31:52+0900,
w_e39d867af8aca1a9,N3,N4,mismatch,今回,こんかい,今回,こんかい,JLPT 4,bae84a7f8f254345a908004f70e68d3e,surface+reading,N4,https://ja.dict.naver.com/#/search?query=%E4%BB%8A%E5%9B%9E,2026-08-19T00:31:52+0900,
w_6cebb24556eb94e7,N3,N2,mismatch,今日,こんにち,今日,こんにち,JLPT 2,40a66a70d85444c299d493f060795a98,surface+reading,N2,https://ja.dict.naver.com/#/search?query=%E4%BB%8A%E6%97%A5,2026-08-19T00:31:52+0900,
w_c4f487d93a8a5f0e,N3,N2,mismatch,他人,たにん,他人,たにん,JLPT 2,1ac0d1a3ab0c4c68908ccc3a0bf33f0b,surface+reading,N2,https://ja.dict.naver.com/#/search?query=%E4%BB%96%E4%BA%BA,2026-08-19T00:31:52+0900,
w_2ca7ad9ce611cac0,N3,N2,mismatch,付き合い,つきあい,付(き)合い,つきあい,JLPT 2,52ef87605a0e44b3bb89b6e8b81e5e52,exact-search+reading,N2,https://ja.dict.naver.com/#/search?query=%E4%BB%98%E3%81%8D%E5%90%88%E3%81%84,2026-08-19T00:31:52+0900,
w_6e84f692c669f6ac,N3,N4,mismatch,付ける,つける,付ける·附ける,つける,JLPT 4,5def8df288e44c99b71b0daf610963ad,surface+reading,N4,https://ja.dict.naver.com/#/search?query=%E4%BB%98%E3%81%91%E3%82%8B,2026-08-19T00:31:52+0900,
w_f3c36a6b1c35c8d8,N3,N2,mismatch,代える,かえる,代える,かえる,JLPT 2,7a4f185996d542c79e907d5235ab1d23,surface+reading,N2,https://ja.dict.naver.com/#/search?query=%E4%BB%A3%E3%81%88%E3%82%8B,2026-08-19T00:31:52+0900,
w_9bb1f149f4b18ae8,N3,N2,mismatch,以来,いらい,以来,いらい,JLPT 2,35a547fd7ea9441e8d7f1366c43048cd,surface+reading,N2,https://ja.dict.naver.com/#/search?query=%E4%BB%A5%E6%9D%A5,2026-08-19T00:31:52+0900,
w_cb97556a8bdb399c,N3,N2,mismatch,以降,いこう,以降·已降,いこう,JLPT 2,ba2f5a88fa2d498488822f64188bd2f1,surface+reading,N2,https://ja.dict.naver.com/#/search?query=%E4%BB%A5%E9%99%8D,2026-08-19T00:31:52+0900,
w_b9dfaa030a7cffff,N3,N2,mismatch,仮定,かてい,仮定,かてい,JLPT 2,bd6bccefee714adb89a51e2a66a260ee,surface+reading,N2,https://ja.dict.naver.com/#/search?query=%E4%BB%AE%E5%AE%9A,2026-08-19T00:31:52+0900,
w_41a6ec1ee5b4d390,N3,N2,mismatch,仲間,なかま,仲間,なかま,JLPT 2,48b36f78aada482a8053f3704af26ec1,surface+reading,N2,https://ja.dict.naver.com/#/search?query=%E4%BB%B2%E9%96%93,2026-08-19T00:31:52+0900,
w_261f4b9b11e4087d,N3,N1,mismatch,件,けん,件,けん,JLPT 1,53d5117e0c524c6a9aec3c88feb7e5e3,surface+reading,N1,https://ja.dict.naver.com/#/search?query=%E4%BB%B6,2026-08-19T00:31:52+0900,
w_ee805f9ed373cd7f,N3,N2,mismatch,会計,かいけい,会計,かいけい,JLPT 2,7f993814ac644e19964cf75623735f6a,surface+reading,N2,https://ja.dict.naver.com/#/search?query=%E4%BC%9A%E8%A8%88,2026-08-19T00:31:52+0900,
w_9db786096f7cde8d,N3,N5,mismatch,位,くらい,位,くらい,JLPT 5,fd4f18726b1840cd8172335e2da5059e,surface+reading,N5,https://ja.dict.naver.com/#/search?query=%E4%BD%8D,2026-08-19T00:31:52+0900,
w_1fcf9f9b492a04f0,N3,N2,mismatch,位置,いち,位置,いち,JLPT 2,f1915f886c974f1d918730d954fee1a1,surface+reading,N2,https://ja.dict.naver.com/#/search?query=%E4%BD%8D%E7%BD%AE,2026-08-19T00:31:52+0900,
w_7bd0f8eb9fa9a4e5,N3,N2,mismatch,住宅,じゅうたく,住宅,じゅうたく,JLPT 2,abf19680be344fae9e574fca988faf05,surface+reading,N2,https://ja.dict.naver.com/#/search?query=%E4%BD%8F%E5%AE%85,2026-08-19T00:31:52+0900,
w_fa49af9b638a1de5,N3,N2,mismatch,余る,あまる,余る,あまる,JLPT 2,a0a2a9252a5649ac908580b4d9cc95b6,surface+reading,N2,https://ja.dict.naver.com/#/search?query=%E4%BD%99%E3%82%8B,2026-08-19T00:31:52+0900,
w_a27b5dd1d87b6748,N3,N2,mismatch,余分,よぶん,余分,よぶん,JLPT 2,14f7f28d631b47e980ea15122753d91a,surface+reading,N2,https://ja.dict.naver.com/#/search?query=%E4%BD%99%E5%88%86,2026-08-19T00:31:52+0900,
w_93fd865020b1c1c6,N3,N1,mismatch,作,さく,作,さく,JLPT 1,d3c052d47e5845e8af133c49bb11f6fc,surface+reading,N1,https://ja.dict.naver.com/#/search?query=%E4%BD%9C,2026-08-19T00:31:52+0900,
w_5cb04f5c75aba8f6,N3,N4,mismatch,作品,さくひん,作品,さくひん,JLPT 4,d51872aea52445928986ac34cceaf2de,surface+reading,N4,https://ja.dict.naver.com/#/search?query=%E4%BD%9C%E5%93%81,2026-08-19T00:31:52+0900,
w_d1d646c78ad7e44b,N3,N2,mismatch,作物,さくもつ,作物,さくもつ,JLPT 2,fc94680ed291490fb679c60467ace0dd,surface+reading,N2,https://ja.dict.naver.com/#/search?query=%E4%BD%9C%E7%89%A9,2026-08-19T00:31:52+0900,
w_d35ec050ba7ed0f9,N3,N2,mismatch,使用,しよう,使用,しよう,JLPT 2,384a9cac3f9f4de487ff13c9c72a21fb,surface+reading,N2,https://ja.dict.naver.com/#/search?query=%E4%BD%BF%E7%94%A8,2026-08-19T00:31:52+0900,
w_72996c4b860ff337,N3,N2,mismatch,例,れい,例,れい,JLPT 2,f256d6dfec944e4b9bcf46131a0f1066,surface+reading,N2,https://ja.dict.naver.com/#/search?query=%E4%BE%8B,2026-08-19T00:31:52+0900,
w_61463a2ec97dc79e,N3,N2,mismatch,供給,きょうきゅう,供給,きょうきゅう,JLPT 2,72c1a1c7fb2f42e29e196d82fff317d4,surface+reading,N2,https://ja.dict.naver.com/#/search?query=%E4%BE%9B%E7%B5%A6,2026-08-19T00:31:52+0900,
w_45606d7aaaf2334b,N3,N2,mismatch,便り,たより,便り,たより,JLPT 2,bc5309c61611473894826af5420c7848,surface+reading,N2,https://ja.dict.naver.com/#/search?query=%E4%BE%BF%E3%82%8A,2026-08-19T00:31:52+0900,
w_5a88c9228acf3e6c,N3,N2,mismatch,信じる,しんじる,信じる,しんじる,JLPT 2,85f58c8be1154334a03663a4869da1a4,surface+reading,N2,https://ja.dict.naver.com/#/search?query=%E4%BF%A1%E3%81%98%E3%82%8B,2026-08-19T00:31:52+0900,
w_b5f39330d57b8eeb,N3,N2,mismatch,信仰,しんこう,信仰,しんこう,JLPT 2,f25bed7dfe9f4bd1a637486abcf467ff,surface+reading,N2,https://ja.dict.naver.com/#/search?query=%E4%BF%A1%E4%BB%B0,2026-08-19T00:31:52+0900,
w_af3901b562523664,N3,N2,mismatch,信用,しんよう,信用,しんよう,JLPT 2,b5d85862424c41c89f7f77dad72e2135,surface+reading,N2,https://ja.dict.naver.com/#/search?query=%E4%BF%A1%E7%94%A8,2026-08-19T00:31:52+0900,
w_b93b47ee69597a53,N3,N2,mismatch,修正,しゅうせい,修正,しゅうせい,JLPT 2,2e843c3a1d074c4a8c699fd32ee1e5e0,surface+reading,N2,https://ja.dict.naver.com/#/search?query=%E4%BF%AE%E6%AD%A3,2026-08-19T00:31:52+0900,
w_985ab4f324b42fe2,N3,N4,mismatch,個人,こじん,個人,こじん,JLPT 4,374c9f5788444a0d882da9dea002d12b,surface+reading,N4,https://ja.dict.naver.com/#/search?query=%E5%80%8B%E4%BA%BA,2026-08-19T00:31:52+0900,
w_d3d82a7140e0780e,N3,N4,mismatch,倒れる,たおれる,倒れる,たおれる,JLPT 4,123e05051db54f109f0c669826b6bd8d,surface+reading,N4,https://ja.dict.naver.com/#/search?query=%E5%80%92%E3%82%8C%E3%82%8B,2026-08-19T00:31:52+0900,
w_f0a22d478702efdc,N3,N2,mismatch,候補,こうほ,候補,こうほ,JLPT 2,0b970a5c905449c2b5cf176413bd4f4f,surface+reading,N2,https://ja.dict.naver.com/#/search?query=%E5%80%99%E8%A3%9C,2026-08-19T00:31:52+0900,
w_4fe77fe6e8850944,N3,N2,mismatch,借金,しゃっきん,借金,しゃっきん,JLPT 2,d4c23d06bc364d039c8fb34f3b784d5b,surface+reading,N2,https://ja.dict.naver.com/#/search?query=%E5%80%9F%E9%87%91,2026-08-19T00:31:52+0900,
w_d98d809b8fca7f44,N3,N4,mismatch,値段,ねだん,値段,ねだん,JLPT 4,f68855bad7f94259928bcb870155efc0,surface+reading,N4,https://ja.dict.naver.com/#/search?query=%E5%80%A4%E6%AE%B5,2026-08-19T00:31:52+0900,
w_c0b93f1ba47eb477,N3,N2,mismatch,偉い,えらい,偉い·豪い,えらい,JLPT 2,ea7e3f5ca65e497891c01fffdc054421,surface+reading,N2,https://ja.dict.naver.com/#/search?query=%E5%81%89%E3%81%84,2026-08-19T00:31:52+0900,
w_a5b82400443d3937,N3,N2,mismatch,偉大,いだい,偉大,いだい,JLPT 2,d43ad928da2a4cf88f2907cd60f174df,surface+reading,N2,https://ja.dict.naver.com/#/search?query=%E5%81%89%E5%A4%A7,2026-08-19T00:31:52+0900,
w_65c49a30d4017e92,N3,N2,mismatch,停留所,ていりゅうじょ,停留所,ていりゅうじょ,JLPT 2,887da75c1f3e4cadb0dab63dc312f8e5,surface+reading,N2,https://ja.dict.naver.com/#/search?query=%E5%81%9C%E7%95%99%E6%89%80,2026-08-19T00:31:52+0900,
w_f41a9ec3f11afa79,N3,N2,mismatch,僅か,わずか,僅か·纔か,わずか,JLPT 2,7a5cf89281ff4a6cbdb12d73d122d264,surface+reading,N2,https://ja.dict.naver.com/#/search?query=%E5%83%85%E3%81%8B,2026-08-19T00:31:52+0900,
w_36da68b6d78091b4,N3,N4,mismatch,優しい,やさしい,優しい,やさしい,JLPT 4,a1a5b3e743aa47ae8cc5b6ede1216b83,surface+reading,N4,https://ja.dict.naver.com/#/search?query=%E5%84%AA%E3%81%97%E3%81%84,2026-08-19T00:31:52+0900,
w_b0fd5af620232632,N3,N2,mismatch,優秀,ゆうしゅう,優秀,ゆうしゅう,JLPT 2,65b9f4d4543d4e2eb57fbfa9c8f73f5d,surface+reading,N2,https://ja.dict.naver.com/#/search?query=%E5%84%AA%E7%A7%80,2026-08-19T00:31:52+0900,
w_5c01d31526099a31,N3,N2,mismatch,元,もと,元·原,もと,JLPT 2,5a5e3ff898a74c3ab999bc79b929512f,surface+reading,N2,https://ja.dict.naver.com/#/search?query=%E5%85%83,2026-08-19T00:31:52+0900,
w_0c525cb56f2292d1,N3,N4,mismatch,光,ひかり,光,ひかり,JLPT 4,65959b437f1f4af7851371b011a38169,surface+reading,N4,https://ja.dict.naver.com/#/search?query=%E5%85%89,2026-08-19T00:31:52+0900,
w_8370b0f20a42b8f5,N3,N4,mismatch,光る,ひかる,光る,ひかる,JLPT 4,27cc701f3470455f96b3fe577f0aac7d,surface+reading,N4,https://ja.dict.naver.com/#/search?query=%E5%85%89%E3%82%8B,2026-08-19T00:31:52+0900,
w_07e4ad7c90c9f270,N3,N2,mismatch,光景,こうけい,光景,こうけい,JLPT 2,7ac5959c55c44f9da9cd2feb8ab9113e,surface+reading,N2,https://ja.dict.naver.com/#/search?query=%E5%85%89%E6%99%AF,2026-08-19T00:31:52+0900,
w_acab45e7fee67544,N3,N2,mismatch,児童,じどう,児童,じどう,JLPT 2,b860d9eca38d47c6b5741e11384ef8aa,surface+reading,N2,https://ja.dict.naver.com/#/search?query=%E5%85%90%E7%AB%A5,2026-08-19T00:31:52+0900,
w_cefba8d96d3392c2,N3,N2,mismatch,全て,すべて,全て∙凡て∙総て,すべて,JLPT 2,7a8766b8885944b385c4675d035aca52,exact-search+reading,N2,https://ja.dict.naver.com/#/search?query=%E5%85%A8%E3%81%A6,2026-08-19T00:31:52+0900,
w_82325ebe512fabf3,N3,N4,mismatch,全体,ぜんたい,全体,ぜんたい,JLPT 4,569b9acc8c4a49079abe46b47e2ff0c4,surface+reading,N4,https://ja.dict.naver.com/#/search?query=%E5%85%A8%E4%BD%93,2026-08-19T00:31:52+0900,
w_047ac62a3f93a983,N3,N4,mismatch,全国,ぜんこく,全国,ぜんこく,JLPT 4,c90827bce3324015ab1d5489cba7a0a1,surface+reading,N4,https://ja.dict.naver.com/#/search?query=%E5%85%A8%E5%9B%BD,2026-08-19T00:31:52+0900,
w_32843a7515d283bd,N3,N2,mismatch,公平,こうへい,公平,こうへい,JLPT 2,61f0dd1d94a646a18a30125265c10b49,surface+reading,N2,https://ja.dict.naver.com/#/search?query=%E5%85%AC%E5%B9%B3,2026-08-19T00:31:52+0900,
w_7c4d7c66127460f7,N3,N1,mismatch,公演,こうえん,公演,こうえん,JLPT 1,bd7021fd8b5b405fb13b7aa46100515d,surface+reading,N1,https://ja.dict.naver.com/#/search?query=%E5%85%AC%E6%BC%94,2026-08-19T00:31:52+0900,
w_e1171f8c540de0ae,N3,N2,mismatch,共同,きょうどう,共同,きょうどう,JLPT 2,2c772c2edb4042c3a85c0c171b017bef,surface+reading,N2,https://ja.dict.naver.com/#/search?query=%E5%85%B1%E5%90%8C,2026-08-19T00:31:52+0900,
w_545924358e61c3c5,N3,N2,mismatch,具体,ぐたい,具体,ぐたい,JLPT 2,8c6d5d9bbfda4fad874f8f2476066440,surface+reading,N2,https://ja.dict.naver.com/#/search?query=%E5%85%B7%E4%BD%93,2026-08-19T00:31:52+0900,
w_1af3413f09c7aca3,N3,N4,mismatch,内側,うちがわ,内側,うちがわ,JLPT 4,9e57479ada8c4af48963d8c52fdf3f1f,surface+reading,N4,https://ja.dict.naver.com/#/search?query=%E5%86%85%E5%81%B4,2026-08-19T00:31:52+0900,
w_82a8a19743899089,N3,N1,mismatch,内緒,ないしょ,内緒·内所·内証,ないしょ,JLPT 1,1abccfb3b554493887ad6b7ef5ee4d12,surface+reading,N1,https://ja.dict.naver.com/#/search?query=%E5%86%85%E7%B7%92,2026-08-19T00:31:52+0900,
w_8870a1086ece654b,N3,N5,mismatch,円,えん,円,えん,JLPT 5,48b32285ba00435688dd30957eea327a,surface+reading,N5,https://ja.dict.naver.com/#/search?query=%E5%86%86,2026-08-19T00:31:52+0900,
w_f3e4a89f3d1aafd4,N3,N2,mismatch,冒険,ぼうけん,冒険,ぼうけん,JLPT 2,c4d583aacfc14542bd0259b3f4cca216,surface+reading,N2,https://ja.dict.naver.com/#/search?query=%E5%86%92%E9%99%BA,2026-08-19T00:31:52+0900,
w_e31aefb75328a9e0,N3,N4,mismatch,冷える,ひえる,冷える,ひえる,JLPT 4,4b99e4685d1d49678173d14c5ffa6ac4,surface+reading,N4,https://ja.dict.naver.com/#/search?query=%E5%86%B7%E3%81%88%E3%82%8B,2026-08-19T00:31:52+0900,
w_5f26706bc397cbd9,N3,N2,mismatch,凍る,こおる,凍る·氷る,こおる,JLPT 2,17e3c941a4144f6ea46df36aab3eb3dc,surface+reading,N2,https://ja.dict.naver.com/#/search?query=%E5%87%8D%E3%82%8B,2026-08-19T00:31:52+0900,
w_c83f98ab01349fbc,N3,N2,mismatch,処理,しょり,処理,しょり,JLPT 2,8d030f15beda4e40a59692e7e9017fe0,surface+reading,N2,https://ja.dict.naver.com/#/search?query=%E5%87%A6%E7%90%86,2026-08-19T00:31:52+0900,
w_a9fb3d2dd91d9a82,N3,N2,mismatch,出張,しゅっちょう,出張,しゅっちょう,JLPT 2,ebbadedd1b8244b6bc624ab631b55ba0,surface+reading,N2,https://ja.dict.naver.com/#/search?query=%E5%87%BA%E5%BC%B5,2026-08-19T00:31:52+0900,
w_e1a658a7002ab27f,N3,N2,mismatch,刀,かたな,刀,かたな,JLPT 2,5c829fa686dc429f80a5252322ac749d,surface+reading,N2,https://ja.dict.naver.com/#/search?query=%E5%88%80,2026-08-19T00:31:52+0900,
w_d5299d70d4ce0679,N3,N2,mismatch,分類,ぶんるい,分類,ぶんるい,JLPT 2,ae92ccad03d748e38f707b86e151fc91,surface+reading,N2,https://ja.dict.naver.com/#/search?query=%E5%88%86%E9%A1%9E,2026-08-19T00:31:52+0900,
w_60f97a82adde5a1c,N3,N2,mismatch,切れ,きれ,切れ,きれ,JLPT 2,919173b8c48742cc966f41c71edda02e,surface+reading,N2,https://ja.dict.naver.com/#/search?query=%E5%88%87%E3%82%8C,2026-08-19T00:31:52+0900,
w_3954103ba15a0592,N3,N2,mismatch,切れる,きれる,切れる,きれる,JLPT 2,0432b23c464248fcb73a72f59e9497ae,surface+reading,N2,https://ja.dict.naver.com/#/search?query=%E5%88%87%E3%82%8C%E3%82%8B,2026-08-19T00:31:52+0900,
w_50bb9153fcefb747,N3,N5,mismatch,切手,きって,切手,きって,JLPT 5,0a091fc714d1494ba9685fd2d8fc5349,surface+reading,N5,https://ja.dict.naver.com/#/search?query=%E5%88%87%E6%89%8B,2026-08-19T00:31:52+0900,
w_bdc0a5d733d22e0e,N3,N2,mismatch,刈る,かる,刈る·苅る,かる,JLPT 2,430ecb0743c34f7cb79036c73b346e7a,surface+reading,N2,https://ja.dict.naver.com/#/search?query=%E5%88%88%E3%82%8B,2026-08-19T00:31:52+0900,
w_aa6936d2cce1710a,N3,N1,mismatch,刑,けい,刑,けい,JLPT 1,559f66fd1d06496aa0d2dc53072f3384,surface+reading,N1,https://ja.dict.naver.com/#/search?query=%E5%88%91,2026-08-19T00:31:52+0900,
w_3851379190deb541,N3,N2,mismatch,刑事,けいじ,刑事,けいじ,JLPT 2,2b756a955fcc41e2ab1db707b6a7cac7,surface+reading,N2,https://ja.dict.naver.com/#/search?query=%E5%88%91%E4%BA%8B,2026-08-19T00:31:52+0900,
w_aa6257a8717b498c,N3,N4,mismatch,列車,れっしゃ,列車,れっしゃ,JLPT 4,53e5600096a94d0992d7f4e966025038,surface+reading,N4,https://ja.dict.naver.com/#/search?query=%E5%88%97%E8%BB%8A,2026-08-19T00:31:52+0900,
w_2544e359134bd880,N3,N2,mismatch,制度,せいど,制度,せいど,JLPT 2,b08dfccc028a4fac8f5748cc744ad9e0,surface+reading,N2,https://ja.dict.naver.com/#/search?query=%E5%88%B6%E5%BA%A6,2026-08-19T00:31:52+0900,
w_3c507e90c1eba787,N3,N2,mismatch,制限,せいげん,制限,せいげん,JLPT 2,fb51739315fb431a990d82ec2a70b8c7,surface+reading,N2,https://ja.dict.naver.com/#/search?query=%E5%88%B6%E9%99%90,2026-08-19T00:31:52+0900,
w_6b23388275d4251c,N3,N2,mismatch,刷る,する,刷る·摺る,する,JLPT 2,ccd89f6a39524344a9a3a65b73642878,surface+reading,N2,https://ja.dict.naver.com/#/search?query=%E5%88%B7%E3%82%8B,2026-08-19T00:31:52+0900,
w_068aae44916bbad9,N3,N2,mismatch,券,けん,券,けん,JLPT 2,5214b0075e7e46ac97cb9a9ba4174d50,surface+reading,N2,https://ja.dict.naver.com/#/search?query=%E5%88%B8,2026-08-19T00:31:52+0900,
w_4310d03f373931d1,N3,N2,mismatch,前後,ぜんご,前後,ぜんご,JLPT 2,738a3bf9d1fa4defb57189949b44c57e,surface+reading,N2,https://ja.dict.naver.com/#/search?query=%E5%89%8D%E5%BE%8C,2026-08-19T00:31:52+0900,
w_22c556f29d789e94,N3,N2,mismatch,前者,ぜんしゃ,前者,ぜんしゃ,JLPT 2,98f1bb3b65f44f34a519172d2d837ec6,surface+reading,N2,https://ja.dict.naver.com/#/search?query=%E5%89%8D%E8%80%85,2026-08-19T00:31:52+0900,
w_9b9aa89be85120d6,N3,N2,mismatch,前進,ぜんしん,前進,ぜんしん,JLPT 2,4ce06861c6924f1db991d85e422b9b26,surface+reading,N2,https://ja.dict.naver.com/#/search?query=%E5%89%8D%E9%80%B2,2026-08-19T00:31:52+0900,
w_2df82aaddb5d7f94,N3,N4,mismatch,割る,わる,割る·破る,わる,JLPT 4,573d4aa245c246ca81a3eb6450600080,surface+reading,N4,https://ja.dict.naver.com/#/search?query=%E5%89%B2%E3%82%8B,2026-08-19T00:31:52+0900,
w_9e8f4ed3e49192bf,N3,N4,mismatch,割れる,われる,割れる·破れる,われる,JLPT 4,fbdb4dae7439480c89f86fa008d8173a,surface+reading,N4,https://ja.dict.naver.com/#/search?query=%E5%89%B2%E3%82%8C%E3%82%8B,2026-08-19T00:31:52+0900,
w_d75007a63197de40,N3,N2,mismatch,割合,わりあい,割合,わりあい,JLPT 2,08e187b539e240c8a140df99ec5fd43a,surface+reading,N2,https://ja.dict.naver.com/#/search?query=%E5%89%B2%E5%90%88,2026-08-19T00:31:52+0900,
w_d19dd4254588db34,N3,N1,mismatch,創造,そうぞう,創造,そうぞう,JLPT 1,a0903ee0976747a9aef1e437889500e6,surface+reading,N1,https://ja.dict.naver.com/#/search?query=%E5%89%B5%E9%80%A0,2026-08-19T00:31:52+0900,
w_7ff1a0006db154fb,N3,N2,mismatch,劇,げき,劇,げき,JLPT 2,9b6b85eb9d274d4ab0efd92020506d3f,surface+reading,N2,https://ja.dict.naver.com/#/search?query=%E5%8A%87,2026-08-19T00:31:52+0900,
w_a025d45cb8a51345,N3,N2,mismatch,劇場,げきじょう,劇場,げきじょう,JLPT 2,e9820729bcb34cd9bc01adf9e0ab55c9,surface+reading,N2,https://ja.dict.naver.com/#/search?query=%E5%8A%87%E5%A0%B4,2026-08-19T00:31:52+0900,
w_a489378444140b3b,N3,N2,mismatch,加減,かげん,加減,かげん,JLPT 2,7e90d0db89fd456c9649d09f0ce37d06,surface+reading,N2,https://ja.dict.naver.com/#/search?query=%E5%8A%A0%E6%B8%9B,2026-08-19T00:31:52+0900,
w_5bf9ba7979b6e9f8,N3,N2,mismatch,助手,じょしゅ,助手,じょしゅ,JLPT 2,eae8ac455ccc4f219c2d9c51a01e6bc5,surface+reading,N2,https://ja.dict.naver.com/#/search?query=%E5%8A%A9%E6%89%8B,2026-08-19T00:31:52+0900,
w_a8a65383106be7d7,N3,N2,mismatch,労働,ろうどう,労働,ろうどう,JLPT 2,69482e96bfb841bcb42f1b63447a4d70,surface+reading,N2,https://ja.dict.naver.com/#/search?query=%E5%8A%B4%E5%83%8D,2026-08-19T00:31:52+0900,
w_310fe54a491159a2,N3,N2,mismatch,動作,どうさ,動作,どうさ,JLPT 2,ab30081324c74503997b7784dbc04cc1,surface+reading,N2,https://ja.dict.naver.com/#/search?query=%E5%8B%95%E4%BD%9C,2026-08-19T00:31:52+0900,
w_910f292bbab2b9a8,N3,N1,mismatch,勘,かん,勘,かん,JLPT 1,635970a372cc4bdd8060857dbff8da96,surface+reading,N1,https://ja.dict.naver.com/#/search?query=%E5%8B%98,2026-08-19T00:31:52+0900,
w_666852a273a07512,N3,N2,mismatch,募集,ぼしゅう,募集,ぼしゅう,JLPT 2,b5c4baa190a14124a12e7caa7ab8fd98,surface+reading,N2,https://ja.dict.naver.com/#/search?query=%E5%8B%9F%E9%9B%86,2026-08-19T00:31:52+0900,
w_2b4e1d8e18afc8e6,N3,N2,mismatch,勤め,つとめ,勤め·務め,つとめ,JLPT 2,b94cdc907e41410b915366a04c9b4223,surface+reading,N2,https://ja.dict.naver.com/#/search?query=%E5%8B%A4%E3%82%81,2026-08-19T00:31:52+0900,
w_87abe3f691f2a5ec,N3,N4,mismatch,勤める,つとめる,勤める,つとめる,JLPT 4,5b9e0b1c9d05434aa2466e0f28830ac4,surface+reading,N4,https://ja.dict.naver.com/#/search?query=%E5%8B%A4%E3%82%81%E3%82%8B,2026-08-19T00:31:52+0900,
w_8c799d8b46187b9c,N3,N4,mismatch,包む,つつむ,包む·裏む,つつむ,JLPT 4,640cc7cbb2dd422296afdd1bc754489d,surface+reading,N4,https://ja.dict.naver.com/#/search?query=%E5%8C%85%E3%82%80,2026-08-19T00:31:52+0900,
w_db416cb2d98235ff,N3,N2,mismatch,区分,くぶん,区分,くぶん,JLPT 2,e2458c589906463598df609d023da84c,surface+reading,N2,https://ja.dict.naver.com/#/search?query=%E5%8C%BA%E5%88%86,2026-08-19T00:31:52+0900,
w_39db5415eb154620,N3,N2,mismatch,区切る,くぎる,区切る·句切る,くぎる,JLPT 2,ffe2cd9a6c0f4a4ba3d9fdf2efe5b739,surface+reading,N2,https://ja.dict.naver.com/#/search?query=%E5%8C%BA%E5%88%87%E3%82%8B,2026-08-19T00:31:52+0900,
w_91c6df1ecc084985,N3,N1,mismatch,医院,いいん,医院,いいん,JLPT 1,3dc95d0f85fe4cdcbd7c026d50d5de4f,surface+reading,N1,https://ja.dict.naver.com/#/search?query=%E5%8C%BB%E9%99%A2,2026-08-19T00:31:52+0900,
w_6faad024e90604f7,N3,N4,mismatch,卒業,そつぎょう,卒業,そつぎょう,JLPT 4,77360953978c4c409f8d7288d6c6f80f,surface+reading,N4,https://ja.dict.naver.com/#/search?query=%E5%8D%92%E6%A5%AD,2026-08-19T00:31:52+0900,
w_404087c42d32bfb2,N3,N1,mismatch,協議,きょうぎ,協議,きょうぎ,JLPT 1,acffbfb7e1ef4acdb34ba0000a876558,surface+reading,N1,https://ja.dict.naver.com/#/search?query=%E5%8D%94%E8%AD%B0,2026-08-19T00:31:52+0900,
w_332b2501172d4da8,N3,N2,mismatch,単位,たんい,単位,たんい,JLPT 2,e49361af49684cdca0182823dae3161a,surface+reading,N2,https://ja.dict.naver.com/#/search?query=%E5%8D%98%E4%BD%8D,2026-08-19T00:31:52+0900,
w_e5cb855b3be119ec,N3,N2,mismatch,単純,たんじゅん,単純,たんじゅん,JLPT 2,f0168188bdac4847bd790c05e746ca26,surface+reading,N2,https://ja.dict.naver.com/#/search?query=%E5%8D%98%E7%B4%94,2026-08-19T00:31:52+0900,
w_2202ff507f607805,N3,N2,mismatch,占める,しめる,占める,しめる,JLPT 2,244e165c8a6248e0a7ee87da5e93b3c4,surface+reading,N2,https://ja.dict.naver.com/#/search?query=%E5%8D%A0%E3%82%81%E3%82%8B,2026-08-19T00:31:52+0900,
w_1510d3a0df755ca7,N3,N2,mismatch,印刷,いんさつ,印刷,いんさつ,JLPT 2,02699ee27dec4e0da1c00086a18cf2b6,surface+reading,N2,https://ja.dict.naver.com/#/search?query=%E5%8D%B0%E5%88%B7,2026-08-19T00:31:52+0900,
w_27be111bcb85e67a,N3,N2,mismatch,卸す,おろす,卸す,おろす,JLPT 2,a2497d57f4fe4428bcd6967db819e52e,surface+reading,N2,https://ja.dict.naver.com/#/search?query=%E5%8D%B8%E3%81%99,2026-08-19T00:31:52+0900,
w_ef8fe7df0ce0ca60,N3,N4,mismatch,厚い,あつい,厚い,あつい,JLPT 4,27c53ed94b8c4e0fa97e0c2cad9e05be,surface+reading,N4,https://ja.dict.naver.com/#/search?query=%E5%8E%9A%E3%81%84,2026-08-19T00:31:52+0900,
w_f5cd0e6666771bd8,N3,N2,mismatch,原料,げんりょう,原料,げんりょう,JLPT 2,b03bf56a20004e12b3687df541386ba9,surface+reading,N2,https://ja.dict.naver.com/#/search?query=%E5%8E%9F%E6%96%99,2026-08-19T00:31:52+0900,
w_1b23bca76df0323b,N3,N4,mismatch,厳しい,きびしい,厳しい·酷しい,きびしい,JLPT 4,a4a61acddc4a4cfba17fac1a646a64d5,surface+reading,N4,https://ja.dict.naver.com/#/search?query=%E5%8E%B3%E3%81%97%E3%81%84,2026-08-19T00:31:52+0900,
w_61103b64737392a1,N3,N2,mismatch,参考,さんこう,参考,さんこう,JLPT 2,9fa8a636d6a6490a96171aa570692e7e,surface+reading,N2,https://ja.dict.naver.com/#/search?query=%E5%8F%82%E8%80%83,2026-08-19T00:31:52+0900,
w_36c3aa056ffdeb12,N3,N4,mismatch,反対,はんたい,反対,はんたい,JLPT 4,74b4f23b6a6e49649892f8ad59da9420,surface+reading,N4,https://ja.dict.naver.com/#/search?query=%E5%8F%8D%E5%AF%BE,2026-08-19T00:31:52+0900,
w_4174e39a940acafd,N3,N1,mismatch,収集,しゅうしゅう,収集·蒐集,しゅうしゅう,JLPT 1,cd48ac792ac849c1a1147f4addb909d8,surface+reading,N1,https://ja.dict.naver.com/#/search?query=%E5%8F%8E%E9%9B%86,2026-08-19T00:31:52+0900,
w_318b933aa9deca08,N3,N4,mismatch,取る,とる,取る,とる,JLPT 4,840f474aefa644bab593a14233cf7ddc,surface+reading,N4,https://ja.dict.naver.com/#/search?query=%E5%8F%96%E3%82%8B,2026-08-19T00:31:52+0900,
w_cdd4b1792b281e71,N3,N2,mismatch,可能,かのう,可能,かのう,JLPT 2,18e3cf833ef44f01ac428619471ebf93,surface+reading,N2,https://ja.dict.naver.com/#/search?query=%E5%8F%AF%E8%83%BD,2026-08-19T00:31:52+0900,
w_7c49a23489084fea,N3,N2,mismatch,各地,かくち,各地,かくち,JLPT 2,d4320daa802c444081f2c855a8dd9db3,surface+reading,N2,https://ja.dict.naver.com/#/search?query=%E5%90%84%E5%9C%B0,2026-08-19T00:31:52+0900,
w_7d3a71a0d0a23d3c,N3,N2,mismatch,各自,かくじ,各自,かくじ,JLPT 2,c4a9f235e518454ab00d26bcb8c4dc81,surface+reading,N2,https://ja.dict.naver.com/#/search?query=%E5%90%84%E8%87%AA,2026-08-19T00:31:52+0900,
w_ba27b1e74ae069dd,N3,N2,mismatch,合図,あいず,合図,あいず,JLPT 2,c85af6d1d996400ebf034d25d0075342,surface+reading,N2,https://ja.dict.naver.com/#/search?query=%E5%90%88%E5%9B%B3,2026-08-19T00:31:52+0900,
w_c3feece6a3a9549c,N3,N2,mismatch,合計,ごうけい,合計,ごうけい,JLPT 2,d8bb032b040b4143aec9d9808291e8b2,surface+reading,N2,https://ja.dict.naver.com/#/search?query=%E5%90%88%E8%A8%88,2026-08-19T00:31:52+0900,
w_353125e13035dad2,N3,N2,mismatch,向ける,むける,向ける,むける,JLPT 2,17c3e021e5ae420f9f29f603469387f7,surface+reading,N2,https://ja.dict.naver.com/#/search?query=%E5%90%91%E3%81%91%E3%82%8B,2026-08-19T00:31:52+0900,
w_93dce6f4e2f378fe,N3,N2,mismatch,否定,ひてい,否定,ひてい,JLPT 2,a95f769c393d44a88d5c4c167f9861e8,surface+reading,N2,https://ja.dict.naver.com/#/search?query=%E5%90%A6%E5%AE%9A,2026-08-19T00:31:52+0900,
w_448368a5feb9c924,N3,N2,mismatch,含める,ふくめる,含める,ふくめる,JLPT 2,d610d7f8a81b4e49aec4d4fd543ad125,surface+reading,N2,https://ja.dict.naver.com/#/search?query=%E5%90%AB%E3%82%81%E3%82%8B,2026-08-19T00:31:52+0900,
w_6e60f117b76df2bc,N3,N2,mismatch,吸収,きゅうしゅう,吸収,きゅうしゅう,JLPT 2,6c23bde2ab464722b65767de2ed56a42,surface+reading,N2,https://ja.dict.naver.com/#/search?query=%E5%90%B8%E5%8F%8E,2026-08-19T00:31:52+0900,
w_2a78a365c1e9575b,N3,N2,mismatch,呼び掛ける,よびかける,呼(び)掛ける,よびかける,JLPT 2,80d2c3dd650e42ffa5bd183e1f2dbe28,exact-search+reading,N2,https://ja.dict.naver.com/#/search?query=%E5%91%BC%E3%81%B3%E6%8E%9B%E3%81%91%E3%82%8B,2026-08-19T00:31:52+0900,
w_8d6bf3b328f7ed9d,N3,N2,mismatch,呼吸,こきゅう,呼吸,こきゅう,JLPT 2,bcc3a391fa024176a1c44e2b93689bb2,surface+reading,N2,https://ja.dict.naver.com/#/search?query=%E5%91%BC%E5%90%B8,2026-08-19T00:31:52+0900,
w_297c4d6550b90a97,N3,N4,mismatch,命,いのち,命,いのち,JLPT 4,64553d8753d341f78acc570f0d438e35,surface+reading,N4,https://ja.dict.naver.com/#/search?query=%E5%91%BD,2026-08-19T00:31:52+0900,
w_e39036bb3cd57b8d,N3,N2,mismatch,命令,めいれい,命令,めいれい,JLPT 2,78e623c063a342b3832845311b9cc27e,surface+reading,N2,https://ja.dict.naver.com/#/search?query=%E5%91%BD%E4%BB%A4,2026-08-19T00:31:52+0900,
w_9bdb6ec539a467d6,N3,N2,mismatch,哲学,てつがく,哲学,てつがく,JLPT 2,9135b73b45d84ddc9283515eaedc649d,surface+reading,N2,https://ja.dict.naver.com/#/search?query=%E5%93%B2%E5%AD%A6,2026-08-19T00:31:52+0900,
w_152b62b6dfffd521,N3,N2,mismatch,唯一,ゆいいつ,唯一,ゆいいつ,JLPT 2,0ae2b287668b48338b229250c6643db4,surface+reading,N2,https://ja.dict.naver.com/#/search?query=%E5%94%AF%E4%B8%80,2026-08-19T00:31:52+0900,
w_576098eca2c5c7c0,N3,N2,mismatch,唸る,うなる,唸る,うなる,JLPT 2,0bb842f41e3a490fb8bf932c4a554b05,surface+reading,N2,https://ja.dict.naver.com/#/search?query=%E5%94%B8%E3%82%8B,2026-08-19T00:31:52+0900,
w_b3738cf1f976c6c4,N3,N2,mismatch,商業,しょうぎょう,商業,しょうぎょう,JLPT 2,05a77261a0ec402a9218a72314ccc6f3,surface+reading,N2,https://ja.dict.naver.com/#/search?query=%E5%95%86%E6%A5%AD,2026-08-19T00:31:52+0900,
w_0b3d3a0074dcadb3,N3,N2,mismatch,善,ぜん,善,ぜん,JLPT 2,06a3b99b76084e488d078c274ad833f1,surface+reading,N2,https://ja.dict.naver.com/#/search?query=%E5%96%84,2026-08-19T00:31:52+0900,
w_f5b1f7107c0f562a,N3,N4,mismatch,営業,えいぎょう,営業,えいぎょう,JLPT 4,8eb5c89af5844d5abd7e4879b66e13c7,surface+reading,N4,https://ja.dict.naver.com/#/search?query=%E5%96%B6%E6%A5%AD,2026-08-19T00:31:52+0900,
w_667232720f7d8ddf,N3,N1,mismatch,器官,きかん,器官,きかん,JLPT 1,8d66d8ae603e40a88eef2b788f7ec679,surface+reading,N1,https://ja.dict.naver.com/#/search?query=%E5%99%A8%E5%AE%98,2026-08-19T00:31:52+0900,
w_3e244d7a11df3ed3,N3,N1,mismatch,器械,きかい,器械,きかい,JLPT 1,2e42547e9c804f2e988d8721a4539671,surface+reading,N1,https://ja.dict.naver.com/#/search?query=%E5%99%A8%E6%A2%B0,2026-08-19T00:31:52+0900,
w_28a0a4b3ffaf3efe,N3,N2,mismatch,回す,まわす,回す·廻す,まわす,JLPT 2,0b73a300e5244f17bee951d5fdd79131,surface+reading,N2,https://ja.dict.naver.com/#/search?query=%E5%9B%9E%E3%81%99,2026-08-19T00:31:52+0900,
w_4023d92b9a5c4baa,N3,N2,mismatch,回復,かいふく,回復·恢復,かいふく,JLPT 2,b94e4ab2f6f94ff4b22e95e99bad7131,surface+reading,N2,https://ja.dict.naver.com/#/search?query=%E5%9B%9E%E5%BE%A9,2026-08-19T00:31:52+0900,
w_00fd5c7d88fb19d3,N3,N5,mismatch,困る,こまる,困る,こまる,JLPT 5,0f5a37afa3ce41269fb4f9a81bfd7260,surface+reading,N5,https://ja.dict.naver.com/#/search?query=%E5%9B%B0%E3%82%8B,2026-08-19T00:31:52+0900,
w_e766fbe11add3b5e,N3,N2,mismatch,困難,こんなん,困難,こんなん,JLPT 2,b4758f4737e643aa815761ec241bbddb,surface+reading,N2,https://ja.dict.naver.com/#/search?query=%E5%9B%B0%E9%9B%A3,2026-08-19T00:31:52+0900,
w_8dd1ba850593bddc,N3,N2,mismatch,国境,こっきょう,国境,こっきょう,JLPT 2,4b4446a8a2914f118932bea891d5b80b,surface+reading,N2,https://ja.dict.naver.com/#/search?query=%E5%9B%BD%E5%A2%83,2026-08-19T00:31:52+0900,
w_efa5257f1c942f2c,N3,N2,mismatch,国家,こっか,国家,こっか,JLPT 2,cd3e4e3cb9bb4f14bc515be66f0b5969,surface+reading,N2,https://ja.dict.naver.com/#/search?query=%E5%9B%BD%E5%AE%B6,2026-08-19T00:31:52+0900,
w_648c48751f471607,N3,N4,mismatch,国民,こくみん,国民,こくみん,JLPT 4,f195286175d64708bc560321d73be985,surface+reading,N4,https://ja.dict.naver.com/#/search?query=%E5%9B%BD%E6%B0%91,2026-08-19T00:31:52+0900,
w_2f7be60f47f4f39e,N3,N2,mismatch,国籍,こくせき,国籍,こくせき,JLPT 2,b4848d4dc24941fa9350784d351a9b4e,surface+reading,N2,https://ja.dict.naver.com/#/search?query=%E5%9B%BD%E7%B1%8D,2026-08-19T00:31:52+0900,
w_2b03adb712b4c046,N3,N2,mismatch,地位,ちい,地位,ちい,JLPT 2,90b429de7f1f438b9aa5c47f385e07a4,surface+reading,N2,https://ja.dict.naver.com/#/search?query=%E5%9C%B0%E4%BD%8D,2026-08-19T00:31:52+0900,
w_047f09e5f690de59,N3,N1,mismatch,地元,じもと,地元,じもと,JLPT 1,e460aeb7ac0744708fcf9b0260102569,surface+reading,N1,https://ja.dict.naver.com/#/search?query=%E5%9C%B0%E5%85%83,2026-08-19T00:31:52+0900,
w_92082c1722cba560,N3,N2,mismatch,地区,ちく,地区,ちく,JLPT 2,3c9c678fe4234de38cf3ead0b98ed327,surface+reading,N2,https://ja.dict.naver.com/#/search?query=%E5%9C%B0%E5%8C%BA,2026-08-19T00:31:52+0900,
w_6bd3f9448ae0e3a2,N3,N2,mismatch,地味,じみ,地味,じみ,JLPT 2,29ed981d41b348588cb8c33094212fe4,surface+reading,N2,https://ja.dict.naver.com/#/search?query=%E5%9C%B0%E5%91%B3,2026-08-19T00:31:52+0900,
w_2af938c2f052fe1f,N3,N2,mismatch,地域,ちいき,地域,ちいき,JLPT 2,cd9276f000b645868317192d2eef633e,surface+reading,N2,https://ja.dict.naver.com/#/search?query=%E5%9C%B0%E5%9F%9F,2026-08-19T00:31:52+0900,
w_3bce37918e20b696,N3,N2,mismatch,型,かた,型,かた,JLPT 2,111daaaf84c04d9d8f6c25eeb94b72ee,surface+reading,N2,https://ja.dict.naver.com/#/search?query=%E5%9E%8B,2026-08-19T00:31:52+0900,
w_0cb3c4e2b583a065,N3,N2,mismatch,城,しろ,城,しろ,JLPT 2,701a916eb42d406f8a9623443b75783e,surface+reading,N2,https://ja.dict.naver.com/#/search?query=%E5%9F%8E,2026-08-19T00:31:52+0900,
w_f4b701a6d6be089d,N3,N2,mismatch,基本,きほん,基本,きほん,JLPT 2,33183fdcae444884be646e8ab0f080e5,surface+reading,N2,https://ja.dict.naver.com/#/search?query=%E5%9F%BA%E6%9C%AC,2026-08-19T00:31:52+0900,
w_db86cf0ffe2130a9,N3,N2,mismatch,基礎,きそ,基礎,きそ,JLPT 2,ed2011d12f7743cf8f040e45993ea00a,surface+reading,N2,https://ja.dict.naver.com/#/search?query=%E5%9F%BA%E7%A4%8E,2026-08-19T00:31:52+0900,
w_e1e5d18b1acfa419,N3,N4,mismatch,堅い,かたい,堅い·硬い·固い,かたい,JLPT 4,eb9e51f5a25a4a8fa5edaf07679f534e,surface+reading,N4,https://ja.dict.naver.com/#/search?query=%E5%A0%85%E3%81%84,2026-08-19T00:31:52+0900,
w_9f90bf6501647fbf,N3,N4,mismatch,場所,ばしょ,場所,ばしょ,JLPT 4,6231185dd7014978b24aae7e586c189d,surface+reading,N4,https://ja.dict.naver.com/#/search?query=%E5%A0%B4%E6%89%80,2026-08-19T00:31:52+0900,
w_acd3c9b31394526d,N3,N5,mismatch,塩,しお,塩,しお,JLPT 5,5ed369b88a8e446582c49be6aab9cbf4,surface+reading,N5,https://ja.dict.naver.com/#/search?query=%E5%A1%A9,2026-08-19T00:31:52+0900,
w_af0c35908a2a5483,N3,N2,mismatch,外交,がいこう,外交,がいこう,JLPT 2,c430631b03de453f809e4736dff1bcfc,surface+reading,N2,https://ja.dict.naver.com/#/search?query=%E5%A4%96%E4%BA%A4,2026-08-19T00:31:52+0900,
w_51b2118b5ba1fdd3,N3,N2,mismatch,外科,げか,外科,げか,JLPT 2,184c728a183244a8b7cfe791a0d462e5,surface+reading,N2,https://ja.dict.naver.com/#/search?query=%E5%A4%96%E7%A7%91,2026-08-19T00:31:52+0900,
w_d19dc140ba48f4e9,N3,N4,mismatch,外食,がいしょく,外食,がいしょく,JLPT 4,eef5337325184b61ae16d36588cac86f,surface+reading,N4,https://ja.dict.naver.com/#/search?query=%E5%A4%96%E9%A3%9F,2026-08-19T00:31:52+0900,
w_5c74df304f5bb6ef,N3,N2,mismatch,夜,よ,夜,よ,JLPT 2,90a39a7c51a14339932ee70e13783263,surface+reading,N2,https://ja.dict.naver.com/#/search?query=%E5%A4%9C,2026-08-19T00:31:52+0900,
w_e8bbcc5b4ee952cd,N3,N2,mismatch,大使,たいし,大使,たいし,JLPT 2,e51124aa25274efaac4783c03a0a9d84,surface+reading,N2,https://ja.dict.naver.com/#/search?query=%E5%A4%A7%E4%BD%BF,2026-08-19T00:31:52+0900,
w_c93e08df05ce5e77,N3,N2,mismatch,大半,たいはん,大半,たいはん,JLPT 2,2a7107eb5331405b8a83a361979ceefb,surface+reading,N2,https://ja.dict.naver.com/#/search?query=%E5%A4%A7%E5%8D%8A,2026-08-19T00:31:52+0900,
w_1961981a67e35472,N3,N2,mismatch,大戦,たいせん,大戦,たいせん,JLPT 2,363b0d120ff247798c8a298c9780dfe4,surface+reading,N2,https://ja.dict.naver.com/#/search?query=%E5%A4%A7%E6%88%A6,2026-08-19T00:31:52+0900,
w_d959c34ab8b38405,N3,N2,mismatch,大気,たいき,大気,たいき,JLPT 2,5400fc8e84014edebe8ca9bfd69f8bb1,surface+reading,N2,https://ja.dict.naver.com/#/search?query=%E5%A4%A7%E6%B0%97,2026-08-19T00:31:52+0900,
w_2048c0f58bb9dfe8,N3,N2,mismatch,大臣,だいじん,大臣,だいじん,JLPT 2,a089286240e043de9165f1c9f92e76dd,surface+reading,N2,https://ja.dict.naver.com/#/search?query=%E5%A4%A7%E8%87%A3,2026-08-19T00:31:52+0900,
w_4e20fcc5002a31c3,N3,N2,mismatch,大部分,だいぶぶん,大部分,だいぶぶん,JLPT 2,5cb91b82d0d84578bdc999cea431df17,surface+reading,N2,https://ja.dict.naver.com/#/search?query=%E5%A4%A7%E9%83%A8%E5%88%86,2026-08-19T00:31:52+0900,
w_25d15c994ad935f3,N3,N2,mismatch,大陸,たいりく,大陸,たいりく,JLPT 2,c5e7cf7e1f594817a6cde5d8550b4e0e,surface+reading,N2,https://ja.dict.naver.com/#/search?query=%E5%A4%A7%E9%99%B8,2026-08-19T00:31:52+0900,
w_dd7b8c99345902a0,N3,N2,mismatch,天井,てんじょう,天井,てんじょう,JLPT 2,fde5924ec1b747cd8501ca0d79dc9858,surface+reading,N2,https://ja.dict.naver.com/#/search?query=%E5%A4%A9%E4%BA%95,2026-08-19T00:31:52+0900,
w_d9c450e5128f3ec6,N3,N2,mismatch,天候,てんこう,天候,てんこう,JLPT 2,6f7d6e57a4354ef4af8f2ffd62606c4e,surface+reading,N2,https://ja.dict.naver.com/#/search?query=%E5%A4%A9%E5%80%99,2026-08-19T00:31:52+0900,
w_585dbeda1016a9b5,N3,N2,mismatch,天然,てんねん,天然,てんねん,JLPT 2,722e59ddfce94662b0ea7d3d694b3e6d,surface+reading,N2,https://ja.dict.naver.com/#/search?query=%E5%A4%A9%E7%84%B6,2026-08-19T00:31:52+0900,
w_ca1e0075e06a3471,N3,N2,mismatch,太陽,たいよう,太陽,たいよう,JLPT 2,5f0c5d0ebf1e4f51ad05f16be4dd22fe,surface+reading,N2,https://ja.dict.naver.com/#/search?query=%E5%A4%AA%E9%99%BD,2026-08-19T00:31:52+0900,
w_dd9e841a5617210f,N3,N2,mismatch,失望,しつぼう,失望,しつぼう,JLPT 2,97336bd149bb4f4db16e69417e3ed3d5,surface+reading,N2,https://ja.dict.naver.com/#/search?query=%E5%A4%B1%E6%9C%9B,2026-08-19T00:31:52+0900,
w_b67f8d3acfdaf493,N3,N2,mismatch,契機,けいき,契機,けいき,JLPT 2,ee12bff50f394101b4c97271bf6d565e,surface+reading,N2,https://ja.dict.naver.com/#/search?query=%E5%A5%91%E6%A9%9F,2026-08-19T00:31:52+0900,
w_833594898192c2a8,N3,N2,mismatch,奪う,うばう,奪う,うばう,JLPT 2,5f90bfd14ec749b2af46f9aea7d7eca0,surface+reading,N2,https://ja.dict.naver.com/#/search?query=%E5%A5%AA%E3%81%86,2026-08-19T00:31:52+0900,
w_7780dff936a1b788,N3,N2,mismatch,女王,じょおう,女王,じょおう,JLPT 2,a630a308813146d28adf5ab09b8e3890,surface+reading,N2,https://ja.dict.naver.com/#/search?query=%E5%A5%B3%E7%8E%8B,2026-08-19T00:31:52+0900,
w_d791648b4df44475,N3,N2,mismatch,妙,みょう,妙,みょう,JLPT 2,892f9660214d4ab49d8dbccd44ff1ad6,surface+reading,N2,https://ja.dict.naver.com/#/search?query=%E5%A6%99,2026-08-19T00:31:52+0900,
w_7396cdd8bd57eb1a,N3,N4,mismatch,姉妹,しまい,姉妹,しまい,JLPT 4,77f2fe5fe1d44e468bc981ab36e648cb,surface+reading,N4,https://ja.dict.naver.com/#/search?query=%E5%A7%89%E5%A6%B9,2026-08-19T00:31:52+0900,
w_58d810c81668d2f6,N3,N2,mismatch,委員,いいん,委員,いいん,JLPT 2,d9b7e8aa253445ecb26f3093089be924,surface+reading,N2,https://ja.dict.naver.com/#/search?query=%E5%A7%94%E5%93%A1,2026-08-19T00:31:52+0900,
w_6f83b4065f2eaf12,N3,N2,mismatch,姿,すがた,姿·相,すがた,JLPT 2,7df1660d0a2242beb70e7e2cb7ebfbb4,surface+reading,N2,https://ja.dict.naver.com/#/search?query=%E5%A7%BF,2026-08-19T00:31:52+0900,
w_7f34a8de8756e33b,N3,N2,mismatch,姿勢,しせい,姿勢,しせい,JLPT 2,bf301538c04541e49c184ff011d99f9b,surface+reading,N2,https://ja.dict.naver.com/#/search?query=%E5%A7%BF%E5%8B%A2,2026-08-19T00:31:52+0900,
w_64e4bfa0676c4ef0,N3,N2,mismatch,婚約,こんやく,婚約,こんやく,JLPT 2,ef257ff23ec34352a356e97c4182bd79,surface+reading,N2,https://ja.dict.naver.com/#/search?query=%E5%A9%9A%E7%B4%84,2026-08-19T00:31:52+0900,
w_69bed3ba8a071c30,N3,N2,mismatch,嫁,よめ,嫁,よめ,JLPT 2,bf1e652172e14acb9503e3c42513757c,surface+reading,N2,https://ja.dict.naver.com/#/search?query=%E5%AB%81,2026-08-19T00:31:52+0900,
w_209a4f5d036442e7,N3,N2,mismatch,嫌う,きらう,嫌う,きらう,JLPT 2,ba6a0723b14d45f49759ccf9bc004ac6,surface+reading,N2,https://ja.dict.naver.com/#/search?query=%E5%AB%8C%E3%81%86,2026-08-19T00:31:52+0900,
w_4761cf0171ef6fcb,N3,N2,mismatch,存在,そんざい,存在,そんざい,JLPT 2,accaff89c65f441c9c0aab3b53c9d135,surface+reading,N2,https://ja.dict.naver.com/#/search?query=%E5%AD%98%E5%9C%A8,2026-08-19T00:31:52+0900,
w_a592473a8fc31d54,N3,N2,mismatch,学,がく,学,がく,JLPT 2,8fd1a18dee984aa4897246789d875741,surface+reading,N2,https://ja.dict.naver.com/#/search?query=%E5%AD%A6,2026-08-19T00:31:52+0900,
w_ee6738f0789dbf8c,N3,N2,mismatch,学期,がっき,学期,がっき,JLPT 2,d7bedd06b903404996cadb588db18029,surface+reading,N2,https://ja.dict.naver.com/#/search?query=%E5%AD%A6%E6%9C%9F,2026-08-19T00:31:52+0900,
w_de4d8a065b94a050,N3,N1,mismatch,学歴,がくれき,学歴,がくれき,JLPT 1,77a7debaeeb548689866277637c175c8,surface+reading,N1,https://ja.dict.naver.com/#/search?query=%E5%AD%A6%E6%AD%B4,2026-08-19T00:31:52+0900,
w_67b726b2a8728054,N3,N4,mismatch,孫,まご,孫,まご,JLPT 4,184f3936879c429daa6dfe00e5eb735c,surface+reading,N4,https://ja.dict.naver.com/#/search?query=%E5%AD%AB,2026-08-19T00:31:52+0900,
w_3481ddb4df7073f3,N3,N2,mismatch,宅,たく,宅,たく,JLPT 2,76293aefb9994c43ae2cb3dad2c938cf,surface+reading,N2,https://ja.dict.naver.com/#/search?query=%E5%AE%85,2026-08-19T00:31:52+0900,
w_205c6f971b02fbda,N3,N2,mismatch,宇宙,うちゅう,宇宙,うちゅう,JLPT 2,cfcda19b0cd84561a48098b2b432f0cf,surface+reading,N2,https://ja.dict.naver.com/#/search?query=%E5%AE%87%E5%AE%99,2026-08-19T00:31:52+0900,
w_f9a133c30df4181e,N3,N4,mismatch,守る,まもる,守る·護る·衛る,まもる,JLPT 4,5895467c95d54b0ebdfccdff490b18c6,surface+reading,N4,https://ja.dict.naver.com/#/search?query=%E5%AE%88%E3%82%8B,2026-08-19T00:31:52+0900,
w_085413faa39fc34d,N3,N2,mismatch,安定,あんてい,安定,あんてい,JLPT 2,1d4abbbfbe6f47129d34b45c84934412,surface+reading,N2,https://ja.dict.naver.com/#/search?query=%E5%AE%89%E5%AE%9A,2026-08-19T00:31:52+0900,
w_791c47b0dfd9190e,N3,N2,mismatch,宗教,しゅうきょう,宗教,しゅうきょう,JLPT 2,94995d74752c4cb784faee28ee5e2927,surface+reading,N2,https://ja.dict.naver.com/#/search?query=%E5%AE%97%E6%95%99,2026-08-19T00:31:52+0900,
w_01bed74039556334,N3,N1,mismatch,官僚,かんりょう,官僚,かんりょう,JLPT 1,fb1850b6c7504ca4b9b3658952289b9b,surface+reading,N1,https://ja.dict.naver.com/#/search?query=%E5%AE%98%E5%83%9A,2026-08-19T00:31:52+0900,
w_fc1ef79be6cfc1d4,N3,N2,mismatch,実,み,実,み,JLPT 2,735854a4ec424425926268106a3cb523,surface+reading,N2,https://ja.dict.naver.com/#/search?query=%E5%AE%9F,2026-08-19T00:31:52+0900,
w_76fa724c51a7330f,N3,N2,mismatch,実施,じっし,実施,じっし,JLPT 2,f1615d4db0f849a0bd75686bca1aa3c2,surface+reading,N2,https://ja.dict.naver.com/#/search?query=%E5%AE%9F%E6%96%BD,2026-08-19T00:31:52+0900,
w_1b48454c6fbf20b4,N3,N2,mismatch,実際,じっさい,実際,じっさい,JLPT 2,9380d0eb224c46c8a4937e26e5f93983,surface+reading,N2,https://ja.dict.naver.com/#/search?query=%E5%AE%9F%E9%9A%9B,2026-08-19T00:31:52+0900,
w_8ce2c5af0672aca3,N3,N2,mismatch,実験,じっけん,実験,じっけん,JLPT 2,99d8776be9ef409383ef756ab51ac9a4,surface+reading,N2,https://ja.dict.naver.com/#/search?query=%E5%AE%9F%E9%A8%93,2026-08-19T00:31:52+0900,
w_20900a04b1c036c7,N3,N2,mismatch,家事,かじ,家事,かじ,JLPT 2,91154faf9a074d1d84aad3665d63fdc0,surface+reading,N2,https://ja.dict.naver.com/#/search?query=%E5%AE%B6%E4%BA%8B,2026-08-19T00:31:52+0900,
w_2724f8eec43b7d75,N3,N2,mismatch,容器,ようき,容器,ようき,JLPT 2,3256893331fc4963a9c9f7699e16f4d2,surface+reading,N2,https://ja.dict.naver.com/#/search?query=%E5%AE%B9%E5%99%A8,2026-08-19T00:31:52+0900,
w_4d8013ee4db5e4de,N3,N2,mismatch,容易,ようい,容易,ようい,JLPT 2,50a6368717d34de1a9d3a9d0915de162,surface+reading,N2,https://ja.dict.naver.com/#/search?query=%E5%AE%B9%E6%98%93,2026-08-19T00:31:52+0900,
w_bfb980ab8575a940,N3,N2,mismatch,宿,やど,宿·屋戸,やど,JLPT 2,1a79cf08e96d4d79aff9a9272925c0f7,surface+reading,N2,https://ja.dict.naver.com/#/search?query=%E5%AE%BF,2026-08-19T00:31:52+0900,
w_cdf80653a9d5986f,N3,N2,mismatch,寄付,きふ,寄付·寄附,きふ,JLPT 2,fc8c74fd70f04b08993805e47deee085,surface+reading,N2,https://ja.dict.naver.com/#/search?query=%E5%AF%84%E4%BB%98,2026-08-19T00:31:52+0900,
w_22ee51135ccc7440,N3,N2,mismatch,対する,たいする,対する,たいする,JLPT 2,57657060a1e246bda6509092d9379478,surface+reading,N2,https://ja.dict.naver.com/#/search?query=%E5%AF%BE%E3%81%99%E3%82%8B,2026-08-19T00:31:52+0900,
w_21ef424bae0fce6c,N3,N2,mismatch,対象,たいしょう,対象,たいしょう,JLPT 2,051e3bc0ad64448cbc90ad534739f253,surface+reading,N2,https://ja.dict.naver.com/#/search?query=%E5%AF%BE%E8%B1%A1,2026-08-19T00:31:52+0900,
w_ed65117a61843a54,N3,N4,mismatch,専門,せんもん,専門,せんもん,JLPT 4,9b081598af994fb4948c9754250c804d,surface+reading,N4,https://ja.dict.naver.com/#/search?query=%E5%B0%82%E9%96%80,2026-08-19T00:31:52+0900,
w_14c1ba1d71655887,N3,N2,mismatch,尊敬,そんけい,尊敬,そんけい,JLPT 2,b59f50eda0ba4e4688932ba597721cb8,surface+reading,N2,https://ja.dict.naver.com/#/search?query=%E5%B0%8A%E6%95%AC,2026-08-19T00:31:52+0900,
w_46ebc05fa0efcf36,N3,N2,mismatch,尊重,そんちょう,尊重,そんちょう,JLPT 2,60952e367ddb4c35ae8186044c6bebfc,surface+reading,N2,https://ja.dict.naver.com/#/search?query=%E5%B0%8A%E9%87%8D,2026-08-19T00:31:52+0900,
w_8a2a72a0b3302355,N3,N2,mismatch,小,しょう,小,しょう,JLPT 2,a17770ff55314dbda997fdeb08cb1169,surface+reading,N2,https://ja.dict.naver.com/#/search?query=%E5%B0%8F,2026-08-19T00:31:52+0900,
w_0d565bcb0b4cb4ab,N3,N1,mismatch,小銭,こぜに,小銭,こぜに,JLPT 1,1f18f302ec4e4776b2e7d321f28f763c,surface+reading,N1,https://ja.dict.naver.com/#/search?query=%E5%B0%8F%E9%8A%AD,2026-08-19T00:31:52+0900,
w_f4fc2fb6c6168b4b,N3,N2,mismatch,小麦,こむぎ,小麦,こむぎ,JLPT 2,b4da72a8a0dc479189cbf71def675d1b,surface+reading,N2,https://ja.dict.naver.com/#/search?query=%E5%B0%8F%E9%BA%A6,2026-08-19T00:31:52+0900,
w_69455c7a58be7c6a,N3,N2,mismatch,尻,しり,尻·臀·後,しり,JLPT 2,06fa512e2dbf4398bebc0a093e3e3d46,surface+reading,N2,https://ja.dict.naver.com/#/search?query=%E5%B0%BB,2026-08-19T00:31:52+0900,
w_73c8e960b2630561,N3,N1,mismatch,尾,お,尾,お,JLPT 1,0c1c004ffc8f4d0f9811f74438ed6ed7,surface+reading,N1,https://ja.dict.naver.com/#/search?query=%E5%B0%BE,2026-08-19T00:31:52+0900,
w_85539308d155e6d1,N3,N2,mismatch,局,きょく,局,きょく,JLPT 2,169769ed61924d52a1a807b0837f451c,surface+reading,N2,https://ja.dict.naver.com/#/search?query=%E5%B1%80,2026-08-19T00:31:52+0900,
w_3adbb5bf09e4b321,N3,N4,mismatch,届く,とどく,届く,とどく,JLPT 4,702a3c4183dd4105b00974f6cb91a67f,surface+reading,N4,https://ja.dict.naver.com/#/search?query=%E5%B1%8A%E3%81%8F,2026-08-19T00:31:52+0900,
w_2ba511e80b7518cd,N3,N4,mismatch,届ける,とどける,届ける,とどける,JLPT 4,35578308bb004d269d4ce1917c318aca,surface+reading,N4,https://ja.dict.naver.com/#/search?query=%E5%B1%8A%E3%81%91%E3%82%8B,2026-08-19T00:31:52+0900,
w_61a02683f8ec2596,N3,N2,mismatch,屋根,やね,屋根,やね,JLPT 2,e47addc05b2b45ea8858cbfe41b5f602,surface+reading,N2,https://ja.dict.naver.com/#/search?query=%E5%B1%8B%E6%A0%B9,2026-08-19T00:31:52+0900,
w_c64315d4b97b6060,N3,N4,mismatch,島,しま,島·嶋,しま,JLPT 4,cb917ef12d9d42d9836b4119146f1a34,surface+reading,N4,https://ja.dict.naver.com/#/search?query=%E5%B3%B6,2026-08-19T00:31:52+0900,
w_c86ea9aba15bf5bb,N3,N2,mismatch,嵐,あらし,嵐,あらし,JLPT 2,21e48f4481964c0cb12100af6ed174b6,surface+reading,N2,https://ja.dict.naver.com/#/search?query=%E5%B5%90,2026-08-19T00:31:52+0900,
w_19891162dc50898f,N3,N2,mismatch,州,しゅう,州,しゅう,JLPT 2,ad830f164634430487ee9dea03096703,surface+reading,N2,https://ja.dict.naver.com/#/search?query=%E5%B7%9E,2026-08-19T00:31:52+0900,
w_e79c8ba878e30a15,N3,N4,mismatch,工場,こうば,工場,こうば,JLPT 4,ed18b614febd41b98668055805bbbc87,surface+reading,N4,https://ja.dict.naver.com/#/search?query=%E5%B7%A5%E5%A0%B4,2026-08-19T00:31:52+0900,
w_be992c675e654065,N3,N2,mismatch,工夫,くふう,工夫·功夫,くふう,JLPT 2,c6449e3b6e684271a6fa3fa8742afaae,surface+reading,N2,https://ja.dict.naver.com/#/search?query=%E5%B7%A5%E5%A4%AB,2026-08-19T00:31:52+0900,
w_98a55855d6591a6a,N3,N2,mismatch,左右,さゆう,左右,さゆう,JLPT 2,35f6612af3474d4b8cce48ad25025dc2,surface+reading,N2,https://ja.dict.naver.com/#/search?query=%E5%B7%A6%E5%8F%B3,2026-08-19T00:31:52+0900,
w_439fc60ecf8733fc,N3,N2,mismatch,巨大,きょだい,巨大,きょだい,JLPT 2,907622b47b34476b93f1689adcd52588,surface+reading,N2,https://ja.dict.naver.com/#/search?query=%E5%B7%A8%E5%A4%A7,2026-08-19T00:31:52+0900,
w_81d0fb2f38986bab,N3,N2,mismatch,差別,さべつ,差別,さべつ,JLPT 2,282cbde0de0147378bd8d8b0a925f651,surface+reading,N2,https://ja.dict.naver.com/#/search?query=%E5%B7%AE%E5%88%A5,2026-08-19T00:31:52+0900,
w_6a07edea9cd806d6,N3,N1,mismatch,市,いち,市,いち,JLPT 1,798a17e0fb1f49adabf7c2de05ae7bd7,surface+reading,N1,https://ja.dict.naver.com/#/search?query=%E5%B8%82,2026-08-19T00:31:52+0900,
w_db9032d584009b9f,N3,N2,mismatch,布,ぬの,布,ぬの,JLPT 2,1f0a504539e84a75aceba958db6fc11c,surface+reading,N2,https://ja.dict.naver.com/#/search?query=%E5%B8%83,2026-08-19T00:31:52+0900,
w_8475c9dc0e09c60f,N3,N4,mismatch,布団,ふとん,布団·蒲団,ふとん,JLPT 4,186fd5c3f59d4246ae2e2426bc3507cd,surface+reading,N4,https://ja.dict.naver.com/#/search?query=%E5%B8%83%E5%9B%A3,2026-08-19T00:31:52+0900,
w_36f21c0494aa321c,N3,N4,mismatch,席,せき,席,せき,JLPT 4,f8028220599e43d88099596dbe7bdb40,surface+reading,N4,https://ja.dict.naver.com/#/search?query=%E5%B8%AD,2026-08-19T00:31:52+0900,
w_2eb74c7d957bb5e3,N3,N2,mismatch,帯,おび,帯,おび,JLPT 2,2e0cc0b90b894158ad29957b54d15a88,surface+reading,N2,https://ja.dict.naver.com/#/search?query=%E5%B8%AF,2026-08-19T00:31:52+0900,
w_4864cdd403be8cb0,N3,N2,mismatch,平ら,たいら,平ら,たいら,JLPT 2,7442479601564699bb17138e7dee7018,surface+reading,N2,https://ja.dict.naver.com/#/search?query=%E5%B9%B3%E3%82%89,2026-08-19T00:31:52+0900,
w_7a6db455dd659f98,N3,N4,mismatch,年代,ねんだい,年代,ねんだい,JLPT 4,4712a46588ee4c5badc859d91649b30f,surface+reading,N4,https://ja.dict.naver.com/#/search?query=%E5%B9%B4%E4%BB%A3,2026-08-19T00:31:52+0900,
w_199fa6a64b832089,N3,N2,mismatch,幸い,さいわい,幸い,さいわい,JLPT 2,b3c4b2c9ca4245a5961ffe503a224cc6,surface+reading,N2,https://ja.dict.naver.com/#/search?query=%E5%B9%B8%E3%81%84,2026-08-19T00:31:52+0900,
w_e149adc65ff081fc,N3,N2,mismatch,延期,えんき,延期,えんき,JLPT 2,18c2c348fd174cab80f9de82676e9245,surface+reading,N2,https://ja.dict.naver.com/#/search?query=%E5%BB%B6%E6%9C%9F,2026-08-19T00:31:52+0900,
w_3dbe98eed3bf0bae,N3,N2,mismatch,建築,けんちく,建築,けんちく,JLPT 2,16bf3f444bac41e493bcde50f755c9ad,surface+reading,N2,https://ja.dict.naver.com/#/search?query=%E5%BB%BA%E7%AF%89,2026-08-19T00:31:52+0900,
w_276efc9496b8701a,N3,N2,mismatch,引退,いんたい,引退,いんたい,JLPT 2,d19a57f6aa314d59953468c8c0aaa9b3,surface+reading,N2,https://ja.dict.naver.com/#/search?query=%E5%BC%95%E9%80%80,2026-08-19T00:31:52+0900,
w_ebfafde25a23e052,N3,N2,mismatch,強力,きょうりょく,強力,きょうりょく,JLPT 2,05275cc8842346f888be8f2ccabbe85c,surface+reading,N2,https://ja.dict.naver.com/#/search?query=%E5%BC%B7%E5%8A%9B,2026-08-19T00:31:52+0900,
w_aa10c9c854fbbf6a,N3,N2,mismatch,当日,とうじつ,当日,とうじつ,JLPT 2,c6d550cea902474aaa0d23dad6b206db,surface+reading,N2,https://ja.dict.naver.com/#/search?query=%E5%BD%93%E6%97%A5,2026-08-19T00:31:52+0900,
w_f4b494ab60c29bc5,N3,N2,mismatch,当時,とうじ,当時,とうじ,JLPT 2,2423a0bcac56435b85c38e5e6d46ed0a,surface+reading,N2,https://ja.dict.naver.com/#/search?query=%E5%BD%93%E6%99%82,2026-08-19T00:31:52+0900,
w_f385d0851d61d69b,N3,N4,mismatch,形,かたち,形,かたち,JLPT 4,c50c578c18204ab48e4d261df2483ff6,surface+reading,N4,https://ja.dict.naver.com/#/search?query=%E5%BD%A2,2026-08-19T00:31:52+0900,
w_27dc92faf3cbf0ed,N3,N1,mismatch,形態,けいたい,形態,けいたい,JLPT 1,f5b3e550d73f47bb869ecefb30fec417,surface+reading,N1,https://ja.dict.naver.com/#/search?query=%E5%BD%A2%E6%85%8B,2026-08-19T00:31:52+0900,
w_554c0ea216ecc414,N3,N2,mismatch,影,かげ,影,かげ,JLPT 2,a7f3e5eb61174bfcb75d280897303fc4,surface+reading,N2,https://ja.dict.naver.com/#/search?query=%E5%BD%B1,2026-08-19T00:31:52+0900,
w_d9e809ebe3cd1324,N3,N2,mismatch,影響,えいきょう,影響,えいきょう,JLPT 2,75bef0d2855e44c48415b2e56f77c50b,surface+reading,N2,https://ja.dict.naver.com/#/search?query=%E5%BD%B1%E9%9F%BF,2026-08-19T00:31:52+0900,
w_f06af9fbb03b953c,N3,N2,mismatch,役,やく,役,やく,JLPT 2,21fbca1d5820497285b99a49a95210b0,surface+reading,N2,https://ja.dict.naver.com/#/search?query=%E5%BD%B9,2026-08-19T00:31:52+0900,
w_857bd092ebb0243b,N3,N2,mismatch,役割,やくわり,役割,やくわり,JLPT 2,52b7c9d999d44eb583a776d07a5c7ffa,surface+reading,N2,https://ja.dict.naver.com/#/search?query=%E5%BD%B9%E5%89%B2,2026-08-19T00:31:52+0900,
w_18f12bf2797ac4e1,N3,N1,mismatch,後悔,こうかい,後悔,こうかい,JLPT 1,12e329a2a79742beb7189885b784b469,surface+reading,N1,https://ja.dict.naver.com/#/search?query=%E5%BE%8C%E6%82%94,2026-08-19T00:31:52+0900,
w_1ed87047896022bb,N3,N2,mismatch,後者,こうしゃ,後者,こうしゃ,JLPT 2,bfa336dda7aa43c68c7b763c93dc638e,surface+reading,N2,https://ja.dict.naver.com/#/search?query=%E5%BE%8C%E8%80%85,2026-08-19T00:31:52+0900,
w_7a92333a9b0ba186,N3,N2,mismatch,得る,うる,得る,うる,JLPT 2,94e2071d2fdf4a3283d5f7fbef2a08cf,surface+reading,N2,https://ja.dict.naver.com/#/search?query=%E5%BE%97%E3%82%8B,2026-08-19T00:31:52+0900,
w_576aea8913e12a4c,N3,N4,mismatch,復習,ふくしゅう,復習,ふくしゅう,JLPT 4,6af0ad70b4274a7a9b9751cba3719005,surface+reading,N4,https://ja.dict.naver.com/#/search?query=%E5%BE%A9%E7%BF%92,2026-08-19T00:31:52+0900,
w_b8cf78d04c04eab0,N3,N2,mismatch,徹底,てってい,徹底,てってい,JLPT 2,2fbac1ad38a844ba872340376be46206,surface+reading,N2,https://ja.dict.naver.com/#/search?query=%E5%BE%B9%E5%BA%95,2026-08-19T00:31:52+0900,
w_31a05fc36ded65eb,N3,N2,mismatch,心臓,しんぞう,心臓,しんぞう,JLPT 2,d619a87135e941dda6f11110e3526283,surface+reading,N2,https://ja.dict.naver.com/#/search?query=%E5%BF%83%E8%87%93,2026-08-19T00:31:52+0900,
w_37328bc83de7e43a,N3,N4,mismatch,必ず,かならず,必ず,かならず,JLPT 4,d12a8c4accc2499bbb0184c7a07bb164,surface+reading,N4,https://ja.dict.naver.com/#/search?query=%E5%BF%85%E3%81%9A,2026-08-19T00:31:52+0900,
w_0090d6475e3efe3f,N3,N2,mismatch,応じる,おうじる,応じる,おうじる,JLPT 2,5c36d3339e0e45008bf7f9637e28fa20,surface+reading,N2,https://ja.dict.naver.com/#/search?query=%E5%BF%9C%E3%81%98%E3%82%8B,2026-08-19T00:31:52+0900,
w_cb35e8f608f2c6be,N3,N2,mismatch,応援,おうえん,応援,おうえん,JLPT 2,841027ec00ae4daf85f61e16bd062eaa,surface+reading,N2,https://ja.dict.naver.com/#/search?query=%E5%BF%9C%E6%8F%B4,2026-08-19T00:31:52+0900,
w_e817f861b7eb79b7,N3,N2,mismatch,応用,おうよう,応用,おうよう,JLPT 2,3e9a2417dab643c38d9e9d73bb5319b5,surface+reading,N2,https://ja.dict.naver.com/#/search?query=%E5%BF%9C%E7%94%A8,2026-08-19T00:31:52+0900,
w_983ea53fbf2e83e5,N3,N2,mismatch,快適,かいてき,快適,かいてき,JLPT 2,741972b21d454f4e9ee7717892b4a6f0,surface+reading,N2,https://ja.dict.naver.com/#/search?query=%E5%BF%AB%E9%81%A9,2026-08-19T00:31:52+0900,
w_72943e17cc2418be,N3,N2,mismatch,怒鳴る,どなる,怒鳴る·呶鳴る,どなる,JLPT 2,23c79f07e8ee4643ad91a51290562442,surface+reading,N2,https://ja.dict.naver.com/#/search?query=%E6%80%92%E9%B3%B4%E3%82%8B,2026-08-19T00:31:52+0900,
w_2127e00194da302c,N3,N2,mismatch,思想,しそう,思想,しそう,JLPT 2,a6f189f51f604fd09e89ada4d2ca6e04,surface+reading,N2,https://ja.dict.naver.com/#/search?query=%E6%80%9D%E6%83%B3,2026-08-19T00:31:52+0900,
w_f6f9c7b88adfc6c6,N3,N2,mismatch,性,せい,性,せい,JLPT 2,b46879a504454dbba78cb2886bed32e8,surface+reading,N2,https://ja.dict.naver.com/#/search?query=%E6%80%A7,2026-08-19T00:31:52+0900,
w_cfd534caa1040223,N3,N2,mismatch,恋しい,こいしい,恋しい,こいしい,JLPT 2,48e21e2739964b85aba7dd868be38989,surface+reading,N2,https://ja.dict.naver.com/#/search?query=%E6%81%8B%E3%81%97%E3%81%84,2026-08-19T00:31:52+0900,
w_4c1661c06daf7f7a,N3,N2,mismatch,恐らく,おそらく,恐らく,おそらく,JLPT 2,4dbe4030da674cb09b52a8a894701ec5,surface+reading,N2,https://ja.dict.naver.com/#/search?query=%E6%81%90%E3%82%89%E3%81%8F,2026-08-19T00:31:52+0900,
w_a1ba8a79fd44c4b7,N3,N2,mismatch,恐怖,きょうふ,恐怖,きょうふ,JLPT 2,c2bc3f6afb224eeb9dfa4cd5465805fa,surface+reading,N2,https://ja.dict.naver.com/#/search?query=%E6%81%90%E6%80%96,2026-08-19T00:31:52+0900,
w_248c0daaca4a8b1d,N3,N2,mismatch,恩,おん,恩,おん,JLPT 2,fed4b37a6bc945688680fb47cb0bd413,surface+reading,N2,https://ja.dict.naver.com/#/search?query=%E6%81%A9,2026-08-19T00:31:52+0900,
w_f9b24979cc8d4767,N3,N2,mismatch,息,いき,息,いき,JLPT 2,9d93942a2305401a882b1e7ee185ca32,surface+reading,N2,https://ja.dict.naver.com/#/search?query=%E6%81%AF,2026-08-19T00:31:52+0900,
w_f1048c84e4c6ddcb,N3,N1,mismatch,悪,あく,悪,あく,JLPT 1,c235054cd55c469795a8a35167502f5b,surface+reading,N1,https://ja.dict.naver.com/#/search?query=%E6%82%AA,2026-08-19T00:31:52+0900,
w_8d3d04964a7354ef,N3,N2,mismatch,悪口,わるくち,悪口,わるくち,JLPT 2,a053225a957f4851848305bbb90c1bf4,surface+reading,N2,https://ja.dict.naver.com/#/search?query=%E6%82%AA%E5%8F%A3,2026-08-19T00:31:52+0900,
w_e53741dee87d1235,N3,N2,mismatch,悪魔,あくま,悪魔,あくま,JLPT 2,585f837cde594ef98856665b5db80324,surface+reading,N2,https://ja.dict.naver.com/#/search?query=%E6%82%AA%E9%AD%94,2026-08-19T00:31:52+0900,
w_3f73adb9174b2afa,N3,N4,mismatch,悲しい,かなしい,悲しい·哀しい,かなしい,JLPT 4,6ce9e08996014cd793e8235e11771601,surface+reading,N4,https://ja.dict.naver.com/#/search?query=%E6%82%B2%E3%81%97%E3%81%84,2026-08-19T00:31:52+0900,
w_019b02f5b9b7dc2f,N3,N2,mismatch,惜しい,おしい,惜しい,おしい,JLPT 2,a8e7d353e68b412d8dad1bd7bac326bb,surface+reading,N2,https://ja.dict.naver.com/#/search?query=%E6%83%9C%E3%81%97%E3%81%84,2026-08-19T00:31:52+0900,
w_36671521a2ef775b,N3,N2,mismatch,愉快,ゆかい,愉快,ゆかい,JLPT 2,72f8edbf7bed41818568a78d9ec03498,surface+reading,N2,https://ja.dict.naver.com/#/search?query=%E6%84%89%E5%BF%AB,2026-08-19T00:31:52+0900,
w_411ce59ee3a16025,N3,N2,mismatch,意外,いがい,意外,いがい,JLPT 2,a1d6bc03673541e5805f458450dfaa26,surface+reading,N2,https://ja.dict.naver.com/#/search?query=%E6%84%8F%E5%A4%96,2026-08-19T00:31:52+0900,
w_52a651979b9ad308,N3,N2,mismatch,意志,いし,意志,いし,JLPT 2,3dad406bcc354cab8c70c0754eb02005,surface+reading,N2,https://ja.dict.naver.com/#/search?query=%E6%84%8F%E5%BF%97,2026-08-19T00:31:52+0900,
w_304d495231ce46a4,N3,N2,mismatch,意思,いし,意思,いし,JLPT 2,e13cbf759f54436d939548f21c8274a7,surface+reading,N2,https://ja.dict.naver.com/#/search?query=%E6%84%8F%E6%80%9D,2026-08-19T00:31:52+0900,
w_1dc129f7a1d2cf75,N3,N2,mismatch,意識,いしき,意識,いしき,JLPT 2,cb8a379d7dc2410fbc25a61ff97ab9ff,surface+reading,N2,https://ja.dict.naver.com/#/search?query=%E6%84%8F%E8%AD%98,2026-08-19T00:31:52+0900,
w_211e9f9848d19129,N3,N2,mismatch,愛情,あいじょう,愛情,あいじょう,JLPT 2,1fb0a7ab7c02411b9ad75250a559ea64,surface+reading,N2,https://ja.dict.naver.com/#/search?query=%E6%84%9B%E6%83%85,2026-08-19T00:31:52+0900,
w_f7a7ffb3215c602c,N3,N2,mismatch,感激,かんげき,感激,かんげき,JLPT 2,d73fc65f9fa04237891ca364498f5dc0,surface+reading,N2,https://ja.dict.naver.com/#/search?query=%E6%84%9F%E6%BF%80,2026-08-19T00:31:52+0900,
w_5ed01d7a88c40360,N3,N2,mismatch,慎重,しんちょう,慎重,しんちょう,JLPT 2,59d6cbd6c897434aa04a4963aa4f255a,surface+reading,N2,https://ja.dict.naver.com/#/search?query=%E6%85%8E%E9%87%8D,2026-08-19T00:31:52+0900,
w_09a2b046aa57cee5,N3,N2,mismatch,慰める,なぐさめる,慰める,なぐさめる,JLPT 2,bdb7c6d2b0c44e1587579b0245f904fe,surface+reading,N2,https://ja.dict.naver.com/#/search?query=%E6%85%B0%E3%82%81%E3%82%8B,2026-08-19T00:31:52+0900,
w_5be7dc801b386a39,N3,N2,mismatch,憲法,けんぽう,憲法,けんぽう,JLPT 2,2f425e1af60f46a1a56d1a429e083a84,surface+reading,N2,https://ja.dict.naver.com/#/search?query=%E6%86%B2%E6%B3%95,2026-08-19T00:31:52+0900,
w_568660177b238b65,N3,N2,mismatch,懐かしい,なつかしい,懐かしい,なつかしい,JLPT 2,8555e00473a148ecbeac6ec9fe638af3,surface+reading,N2,https://ja.dict.naver.com/#/search?query=%E6%87%90%E3%81%8B%E3%81%97%E3%81%84,2026-08-19T00:31:52+0900,
w_0fd519f30d7ed2e9,N3,N2,mismatch,我慢,がまん,我慢,がまん,JLPT 2,fce238a4cba84283af66ad0839190dd1,surface+reading,N2,https://ja.dict.naver.com/#/search?query=%E6%88%91%E6%85%A2,2026-08-19T00:31:52+0900,
w_ccae99849468c640,N3,N2,mismatch,戦う,たたかう,戦う·闘う,たたかう,JLPT 2,29200bf63dfd42a7827cd96c26703236,surface+reading,N2,https://ja.dict.naver.com/#/search?query=%E6%88%A6%E3%81%86,2026-08-19T00:31:52+0900,
w_8458200d88dada3a,N3,N4,mismatch,払う,はらう,払う,はらう,JLPT 4,5e16c72c8d0a414eb7f5b0bd3c151fde,surface+reading,N4,https://ja.dict.naver.com/#/search?query=%E6%89%95%E3%81%86,2026-08-19T00:31:52+0900,
w_1473b754f2591b60,N3,N1,mismatch,抑える,おさえる,押(さ)える·抑える·圧える,おさえる,JLPT 1,fee891621f614d1eaaa13b021c8f7d91,surface+reading,N1,https://ja.dict.naver.com/#/search?query=%E6%8A%91%E3%81%88%E3%82%8B,2026-08-19T00:31:52+0900,
w_2b162e6f88d7024b,N3,N4,mismatch,投げる,なげる,投げる,なげる,JLPT 4,27cec24d8e32445991c7700968e97b69,surface+reading,N4,https://ja.dict.naver.com/#/search?query=%E6%8A%95%E3%81%92%E3%82%8B,2026-08-19T00:31:52+0900,
w_b3320b6b53454f2e,N3,N2,mismatch,抵抗,ていこう,抵抗,ていこう,JLPT 2,c89fe288a58a4b7b97854ca625293e6c,surface+reading,N2,https://ja.dict.naver.com/#/search?query=%E6%8A%B5%E6%8A%97,2026-08-19T00:31:52+0900,
w_b38cfcd67ff64a8e,N3,N5,mismatch,押す,おす,押す,おす,JLPT 5,c6262a20abd347e0ae34226907c0c2c6,surface+reading,N5,https://ja.dict.naver.com/#/search?query=%E6%8A%BC%E3%81%99,2026-08-19T00:31:52+0900,
w_ea8dcabd61bd3b6d,N3,N1,mismatch,拘束,こうそく,拘束,こうそく,JLPT 1,c3b7964bd6424d329c3320127abe6214,surface+reading,N1,https://ja.dict.naver.com/#/search?query=%E6%8B%98%E6%9D%9F,2026-08-19T00:31:52+0900,
w_041ac7863a71dd1a,N3,N4,mismatch,拾う,ひろう,拾う,ひろう,JLPT 4,11aacd0b973f4c63b4862b0be344fc7b,surface+reading,N4,https://ja.dict.naver.com/#/search?query=%E6%8B%BE%E3%81%86,2026-08-19T00:31:52+0900,
w_e13e432306ac2b38,N3,N1,mismatch,挑む,いどむ,挑む,いどむ,JLPT 1,43eebf2603dd46609eeb30ad936c1881,surface+reading,N1,https://ja.dict.naver.com/#/search?query=%E6%8C%91%E3%82%80,2026-08-19T00:31:52+0900,
w_1de92d6c02e86179,N3,N1,mismatch,採集,さいしゅう,採集,さいしゅう,JLPT 1,25ae131736f54100b92162f637d5d183,surface+reading,N1,https://ja.dict.naver.com/#/search?query=%E6%8E%A1%E9%9B%86,2026-08-19T00:31:52+0900,
w_fdb9df7731c17106,N3,N2,mismatch,推薦,すいせん,推薦,すいせん,JLPT 2,36f74036460d482393976f9ca74b00d7,surface+reading,N2,https://ja.dict.naver.com/#/search?query=%E6%8E%A8%E8%96%A6,2026-08-19T00:31:52+0900,
w_a2cf2915e143c029,N3,N2,mismatch,描く,えがく,描く·画く,えがく,JLPT 2,2e43af7d3eb448c1981881971986c418,surface+reading,N2,https://ja.dict.naver.com/#/search?query=%E6%8F%8F%E3%81%8F,2026-08-19T00:31:52+0900,
w_a1af5d3d26a5e7b2,N3,N2,mismatch,換える,かえる,替える·換える,かえる,JLPT 2,abbecc5a89d44933b480112683a6b9db,surface+reading,N2,https://ja.dict.naver.com/#/search?query=%E6%8F%9B%E3%81%88%E3%82%8B,2026-08-19T00:31:52+0900,
w_0b6a1d5b2fe36807,N3,N2,mismatch,援助,えんじょ,援助,えんじょ,JLPT 2,b4eaed3d8dd0430cb27fc9e4d014389a,surface+reading,N2,https://ja.dict.naver.com/#/search?query=%E6%8F%B4%E5%8A%A9,2026-08-19T00:31:52+0900,
w_f240542bd46ea7e7,N3,N4,mismatch,揺れる,ゆれる,揺れる,ゆれる,JLPT 4,9bdd9476ff3a46ea8d2f63b58dd4980c,surface+reading,N4,https://ja.dict.naver.com/#/search?query=%E6%8F%BA%E3%82%8C%E3%82%8B,2026-08-19T00:31:52+0900,
w_c79fbc89521090fe,N3,N2,mismatch,損,そん,損,そん,JLPT 2,32d49d68cbfa45d6bc7789cdf16ee2b4,surface+reading,N2,https://ja.dict.naver.com/#/search?query=%E6%90%8D,2026-08-19T00:31:52+0900,
w_52a21380cd77353c,N3,N2,mismatch,損害,そんがい,損害,そんがい,JLPT 2,8da4cc61c1d142c08ddd2ab15f88e4b8,surface+reading,N2,https://ja.dict.naver.com/#/search?query=%E6%90%8D%E5%AE%B3,2026-08-19T00:31:52+0900,
w_d84e0fc1174a7aa0,N3,N2,mismatch,撃つ,うつ,撃つ·射つ,うつ,JLPT 2,54889822795248c4b4d26e8014e3bfb3,surface+reading,N2,https://ja.dict.naver.com/#/search?query=%E6%92%83%E3%81%A4,2026-08-19T00:31:52+0900,
w_cf59a0dc1eeb8684,N3,N2,mismatch,操作,そうさ,操作,そうさ,JLPT 2,7658c171dc0c47ff997562e0f65004a5,surface+reading,N2,https://ja.dict.naver.com/#/search?query=%E6%93%8D%E4%BD%9C,2026-08-19T00:31:52+0900,
w_4e6c3f8f212f86bd,N3,N2,mismatch,支出,ししゅつ,支出,ししゅつ,JLPT 2,38b0e627fc5642d18fc8efa12bd780ff,surface+reading,N2,https://ja.dict.naver.com/#/search?query=%E6%94%AF%E5%87%BA,2026-08-19T00:31:52+0900,
w_04b3664c7a654719,N3,N2,mismatch,支給,しきゅう,支給,しきゅう,JLPT 2,e578f4e24a704a0aa49dee68e6771c18,surface+reading,N2,https://ja.dict.naver.com/#/search?query=%E6%94%AF%E7%B5%A6,2026-08-19T00:31:52+0900,
w_f1556abbcef53112,N3,N2,mismatch,支配,しはい,支配,しはい,JLPT 2,0518fef6a279417fbb802514a0f06838,surface+reading,N2,https://ja.dict.naver.com/#/search?query=%E6%94%AF%E9%85%8D,2026-08-19T00:31:52+0900,
w_5c083d1edd1a13de,N3,N2,mismatch,改善,かいぜん,改善,かいぜん,JLPT 2,bd7f833c359e4d2bb8818039642de482,surface+reading,N2,https://ja.dict.naver.com/#/search?query=%E6%94%B9%E5%96%84,2026-08-19T00:31:52+0900,
w_3b31d9445f56f49b,N3,N2,mismatch,改札,かいさつ,改札,かいさつ,JLPT 2,43b7a1f7c9a74076b4c30672fc04de12,surface+reading,N2,https://ja.dict.naver.com/#/search?query=%E6%94%B9%E6%9C%AD,2026-08-19T00:31:52+0900,
w_f3aa32d04d2ef7df,N3,N2,mismatch,攻撃,こうげき,攻撃,こうげき,JLPT 2,0e31fec6691b421cb00a33303d218d42,surface+reading,N2,https://ja.dict.naver.com/#/search?query=%E6%94%BB%E6%92%83,2026-08-19T00:31:52+0900,
w_0eeeb5dc240b7e35,N3,N2,mismatch,政府,せいふ,政府,せいふ,JLPT 2,7a06e3b37e9743cabcbe510c5d0a27be,surface+reading,N2,https://ja.dict.naver.com/#/search?query=%E6%94%BF%E5%BA%9C,2026-08-19T00:31:52+0900,
w_4be7816d416e60e6,N3,N1,mismatch,故人,こじん,故人,こじん,JLPT 1,b4f322f3ef18473898b51e81f7a087bf,surface+reading,N1,https://ja.dict.naver.com/#/search?query=%E6%95%85%E4%BA%BA,2026-08-19T00:31:52+0900,
w_f6682da3a2fe24f7,N3,N1,mismatch,教え,おしえ,教え,おしえ,JLPT 1,89a99d98f2544d0bb770c4a4bb27a527,surface+reading,N1,https://ja.dict.naver.com/#/search?query=%E6%95%99%E3%81%88,2026-08-19T00:31:52+0900,
w_4aedefd2578db74a,N3,N2,mismatch,数,かず,数,かず,JLPT 2,723130d4d0e846d5b5bd43f4d030fa97,surface+reading,N2,https://ja.dict.naver.com/#/search?query=%E6%95%B0,2026-08-19T00:31:52+0900,
w_ffbc6c7cd17b4eba,N3,N2,mismatch,数,すう,数,すう,JLPT 2,7117f058d32c4b40ad75b720ed52f836,surface+reading,N2,https://ja.dict.naver.com/#/search?query=%E6%95%B0,2026-08-19T00:31:52+0900,
w_0f1059ba8aef86ac,N3,N2,mismatch,数字,すうじ,数字,すうじ,JLPT 2,00ef257f2aa34ce88b8e1dcd86075df7,surface+reading,N2,https://ja.dict.naver.com/#/search?query=%E6%95%B0%E5%AD%97,2026-08-19T00:31:52+0900,
w_97c3e5fdafc473b5,N3,N2,mismatch,敵,てき,敵,てき,JLPT 2,7c498f20b139451c9249598c776b5c32,surface+reading,N2,https://ja.dict.naver.com/#/search?query=%E6%95%B5,2026-08-19T00:31:52+0900,
w_8ce7129fab26d810,N3,N2,mismatch,文明,ぶんめい,文明,ぶんめい,JLPT 2,7e92f0491a054b209099c3b18a79a394,surface+reading,N2,https://ja.dict.naver.com/#/search?query=%E6%96%87%E6%98%8E,2026-08-19T00:31:52+0900,
w_da408bc7f43d55bc,N3,N4,mismatch,文章,ぶんしょう,文章,ぶんしょう,JLPT 4,ab6bbc16e4444b8b94f62352a50db46e,surface+reading,N4,https://ja.dict.naver.com/#/search?query=%E6%96%87%E7%AB%A0,2026-08-19T00:31:52+0900,
w_93d81f41564b0400,N3,N2,mismatch,新た,あらた,新た,あらた,JLPT 2,88d0654aebb54ed4a1a4d584207e5b7f,surface+reading,N2,https://ja.dict.naver.com/#/search?query=%E6%96%B0%E3%81%9F,2026-08-19T00:31:52+0900,
w_ba335b8ea06374ef,N3,N2,mismatch,新鮮,しんせん,新鮮,しんせん,JLPT 2,08d520606ca9418686d7bfdedb46cd3d,surface+reading,N2,https://ja.dict.naver.com/#/search?query=%E6%96%B0%E9%AE%AE,2026-08-19T00:31:52+0900,
w_97fd38bc63ce46e6,N3,N2,mismatch,方向,ほうこう,方向,ほうこう,JLPT 2,2120a3701a1841d68c04a5ed2042a0fd,surface+reading,N2,https://ja.dict.naver.com/#/search?query=%E6%96%B9%E5%90%91,2026-08-19T00:31:52+0900,
w_36d68fb99fcb1514,N3,N2,mismatch,旧,きゅう,旧,きゅう,JLPT 2,a6095809958d407c9fc938c7bf19ffbd,surface+reading,N2,https://ja.dict.naver.com/#/search?query=%E6%97%A7,2026-08-19T00:31:52+0900,
w_582342dd56d6df96,N3,N4,mismatch,早退,そうたい,早退,そうたい,JLPT 4,6c793199db8a452087a26aba59df3386,surface+reading,N4,https://ja.dict.naver.com/#/search?query=%E6%97%A9%E9%80%80,2026-08-19T00:31:52+0900,
w_38eb7fd1b5e6182f,N3,N4,mismatch,易しい,やさしい,易しい,やさしい,JLPT 4,0be74e2e52cb470498e86d7b3ad27612,surface+reading,N4,https://ja.dict.naver.com/#/search?query=%E6%98%93%E3%81%97%E3%81%84,2026-08-19T00:31:52+0900,
w_01e6f55ee48161cf,N3,N2,mismatch,時期,じき,時期,じき,JLPT 2,fa6217e16e1542b581e61add6215a1c8,surface+reading,N2,https://ja.dict.naver.com/#/search?query=%E6%99%82%E6%9C%9F,2026-08-19T00:31:52+0900,
w_44803443852637ba,N3,N4,mismatch,景色,けしき,景色,けしき,JLPT 4,b126a59cfa344f039847d7f5eefb80e9,surface+reading,N4,https://ja.dict.naver.com/#/search?query=%E6%99%AF%E8%89%B2,2026-08-19T00:31:52+0900,
w_82154f69404ef3b3,N3,N2,mismatch,更に,さらに,更に,さらに,JLPT 2,10a7740ce7ae49859b253256cc148a25,surface+reading,N2,https://ja.dict.naver.com/#/search?query=%E6%9B%B4%E3%81%AB,2026-08-19T00:31:52+0900,
w_bb59d051bed3ec91,N3,N2,mismatch,替える,かえる,替える·換える,かえる,JLPT 2,abbecc5a89d44933b480112683a6b9db,surface+reading,N2,https://ja.dict.naver.com/#/search?query=%E6%9B%BF%E3%81%88%E3%82%8B,2026-08-19T00:31:52+0900,
w_7cd2a64b26436658,N3,N2,mismatch,最中,さいちゅう,最中,さいちゅう,JLPT 2,b378195cf7cf4ad088edaefedd7c9dd7,surface+reading,N2,https://ja.dict.naver.com/#/search?query=%E6%9C%80%E4%B8%AD,2026-08-19T00:31:52+0900,
w_f6e8f1e53e2d0bb1,N3,N2,mismatch,最新,さいしん,最新,さいしん,JLPT 2,9a6c12e5206b4cefb22a2848ef50e623,surface+reading,N2,https://ja.dict.naver.com/#/search?query=%E6%9C%80%E6%96%B0,2026-08-19T00:31:52+0900,
w_df11c8d6fbeda9c4,N3,N2,mismatch,最終,さいしゅう,最終,さいしゅう,JLPT 2,d0463ebca41a4cb39ab2fa1daad684cd,surface+reading,N2,https://ja.dict.naver.com/#/search?query=%E6%9C%80%E7%B5%82,2026-08-19T00:31:52+0900,
w_cc0e65b7459305bd,N3,N2,mismatch,有利,ゆうり,有利,ゆうり,JLPT 2,840e764c7a7e4f23b6eff895be6bdd24,surface+reading,N2,https://ja.dict.naver.com/#/search?query=%E6%9C%89%E5%88%A9,2026-08-19T00:31:52+0900,
w_37790ae71b47c383,N3,N2,mismatch,有能,ゆうのう,有能,ゆうのう,JLPT 2,72ec928da5ff446bacca56fd486d9ac7,surface+reading,N2,https://ja.dict.naver.com/#/search?query=%E6%9C%89%E8%83%BD,2026-08-19T00:31:52+0900,
w_6d35e6cdd1b1146c,N3,N2,mismatch,服装,ふくそう,服装,ふくそう,JLPT 2,cee2ae2593e944ea8696294c7a75e29c,surface+reading,N2,https://ja.dict.naver.com/#/search?query=%E6%9C%8D%E8%A3%85,2026-08-19T00:31:52+0900,
w_04bc14393c925c22,N3,N4,mismatch,期間,きかん,期間,きかん,JLPT 4,5b0d956d05184407b25e5806ce1fa32c,surface+reading,N4,https://ja.dict.naver.com/#/search?query=%E6%9C%9F%E9%96%93,2026-08-19T00:31:52+0900,
w_18029b7b40685dd0,N3,N2,mismatch,期限,きげん,期限,きげん,JLPT 2,ead583ff58454b849e3f59d52ee4dd1b,surface+reading,N2,https://ja.dict.naver.com/#/search?query=%E6%9C%9F%E9%99%90,2026-08-19T00:31:52+0900,
w_ec071a034c84fb09,N3,N2,mismatch,末,すえ,末,すえ,JLPT 2,7d23f6ff78994fceb0e6aceecf85fc0e,surface+reading,N2,https://ja.dict.naver.com/#/search?query=%E6%9C%AB,2026-08-19T00:31:52+0900,
w_4c66eb1b6b55b00c,N3,N2,mismatch,束,たば,束·把,たば,JLPT 2,dc18e4b22c4f4535a2117ad4f6366f1e,surface+reading,N2,https://ja.dict.naver.com/#/search?query=%E6%9D%9F,2026-08-19T00:31:52+0900,
w_d12691802ad18297,N3,N4,mismatch,枝,えだ,枝,えだ,JLPT 4,43d4f581d30c4a1698c3fbdb6279f10b,surface+reading,N4,https://ja.dict.naver.com/#/search?query=%E6%9E%9D,2026-08-19T00:31:52+0900,
w_eb9b511fcf637024,N3,N1,mismatch,柄,え,柄,え,JLPT 1,e89c80e9491645baaf2b48efbef24abe,surface+reading,N1,https://ja.dict.naver.com/#/search?query=%E6%9F%84,2026-08-19T00:31:52+0900,
w_428bf231379051b7,N3,N2,mismatch,株,かぶ,株,かぶ,JLPT 2,3c7de9eb50a04fc6adf30186f3da25f7,surface+reading,N2,https://ja.dict.naver.com/#/search?query=%E6%A0%AA,2026-08-19T00:31:52+0900,
w_faefc37f61256403,N3,N1,mismatch,核,かく,核,かく,JLPT 1,cfff94f3323c4afea404e4ec3c62b20a,surface+reading,N1,https://ja.dict.naver.com/#/search?query=%E6%A0%B8,2026-08-19T00:31:52+0900,
w_de531428e995cd74,N3,N2,mismatch,根,ね,根,ね,JLPT 2,f449a9657c9d41a4ac9c2acfffc1b89d,surface+reading,N2,https://ja.dict.naver.com/#/search?query=%E6%A0%B9,2026-08-19T00:31:52+0900,
w_7aa0e5b4b6672cb2,N3,N2,mismatch,案,あん,案,あん,JLPT 2,526b06f0ae044dff86788e00105af13f,surface+reading,N2,https://ja.dict.naver.com/#/search?query=%E6%A1%88,2026-08-19T00:31:52+0900,
w_c9c296f9e25ba1ca,N3,N4,mismatch,桜,さくら,桜,さくら,JLPT 4,ac86229c922341f1bcbe2cb13631f27c,surface+reading,N4,https://ja.dict.naver.com/#/search?query=%E6%A1%9C,2026-08-19T00:31:52+0900,
w_006a682a41241ada,N3,N4,mismatch,森,もり,森·杜,もり,JLPT 4,06ab2fbd0c99462dada2c02e126a4e49,surface+reading,N4,https://ja.dict.naver.com/#/search?query=%E6%A3%AE,2026-08-19T00:31:52+0900,
w_786135f68d952414,N3,N2,mismatch,極,ごく,極,ごく,JLPT 2,1544ba04dc4740c9b97bb17121ba98ab,surface+reading,N2,https://ja.dict.naver.com/#/search?query=%E6%A5%B5,2026-08-19T00:31:52+0900,
w_eb16b05f0fdc7144,N3,N2,mismatch,構成,こうせい,構成,こうせい,JLPT 2,c9f0826306874235ab40b4e1919bd87d,surface+reading,N2,https://ja.dict.naver.com/#/search?query=%E6%A7%8B%E6%88%90,2026-08-19T00:31:52+0900,
w_108e4060326d386d,N3,N2,mismatch,権利,けんり,権利,けんり,JLPT 2,065d0366a7364bc5a4d88fec09847749,surface+reading,N2,https://ja.dict.naver.com/#/search?query=%E6%A8%A9%E5%88%A9,2026-08-19T00:31:52+0900,
w_ace6c153896744f4,N3,N5,mismatch,横,よこ,横,よこ,JLPT 5,0ef0ba962c3e4a5b89e2bc9a50c89578,surface+reading,N5,https://ja.dict.naver.com/#/search?query=%E6%A8%AA,2026-08-19T00:31:52+0900,
w_a392e3edd73c3036,N3,N4,mismatch,機械,きかい,機械,きかい,JLPT 4,414f0a7ec15f4a0aa62792b73e570691,surface+reading,N4,https://ja.dict.naver.com/#/search?query=%E6%A9%9F%E6%A2%B0,2026-08-19T00:31:52+0900,
w_e5013cb3c919b9df,N3,N1,mismatch,機構,きこう,機構,きこう,JLPT 1,eb85c425cb634539a646a5321a32a455,surface+reading,N1,https://ja.dict.naver.com/#/search?query=%E6%A9%9F%E6%A7%8B,2026-08-19T00:31:52+0900,
w_a33c10498716c0dd,N3,N2,mismatch,機能,きのう,機能,きのう,JLPT 2,91cf65af88ae4371aa72c921d3381b30,surface+reading,N2,https://ja.dict.naver.com/#/search?query=%E6%A9%9F%E8%83%BD,2026-08-19T00:31:52+0900,
w_4b735c4aa65baf4a,N3,N2,mismatch,機関,きかん,機関,きかん,JLPT 2,e7530b948615434a910879ec1d1fbd27,surface+reading,N2,https://ja.dict.naver.com/#/search?query=%E6%A9%9F%E9%96%A2,2026-08-19T00:31:52+0900,
w_461435ba040bff96,N3,N2,mismatch,欠ける,かける,欠ける∙缺ける∙闕ける,かける,JLPT 2,d9e14e85bfe74724b965d92fb2e6f760,exact-search+reading,N2,https://ja.dict.naver.com/#/search?query=%E6%AC%A0%E3%81%91%E3%82%8B,2026-08-19T00:31:52+0900,
w_48a34178dbe1b9f3,N3,N4,mismatch,欠席,けっせき,欠席,けっせき,JLPT 4,bc4c49352c534ccc9e481893668cd97d,surface+reading,N4,https://ja.dict.naver.com/#/search?query=%E6%AC%A0%E5%B8%AD,2026-08-19T00:31:52+0900,
w_ee4f2a776bfcb2f5,N3,N2,mismatch,次第,しだい,次第,しだい,JLPT 2,2d41b13b222e44bb9ae6b8c699abc6e1,surface+reading,N2,https://ja.dict.naver.com/#/search?query=%E6%AC%A1%E7%AC%AC,2026-08-19T00:31:52+0900,
w_34a3c1fa78ad071c,N3,N4,mismatch,歌手,かしゅ,歌手,かしゅ,JLPT 4,c82da322d31b47718d5f09edbed8aa44,surface+reading,N4,https://ja.dict.naver.com/#/search?query=%E6%AD%8C%E6%89%8B,2026-08-19T00:31:52+0900,
w_2bc323b11801534c,N3,N1,mismatch,歓声,かんせい,歓声,かんせい,JLPT 1,36d33faadebd4cff839a46643210ea86,surface+reading,N1,https://ja.dict.naver.com/#/search?query=%E6%AD%93%E5%A3%B0,2026-08-19T00:31:52+0900,
w_a0c4ec0ed1a5912c,N3,N2,mismatch,正,せい,正,せい,JLPT 2,7fed48ebfaab4dee9c53d78664afb293,surface+reading,N2,https://ja.dict.naver.com/#/search?query=%E6%AD%A3,2026-08-19T00:31:52+0900,
w_1b303ccfb38c6b9e,N3,N2,mismatch,正解,せいかい,正解,せいかい,JLPT 2,8837f34d13ef4c2bb86de049b579b87c,surface+reading,N2,https://ja.dict.naver.com/#/search?query=%E6%AD%A3%E8%A7%A3,2026-08-19T00:31:52+0900,
w_8d824c9d68d1ee42,N3,N2,mismatch,武器,ぶき,武器,ぶき,JLPT 2,1f7d1e4b3d9e435ba739849a73542c5a,surface+reading,N2,https://ja.dict.naver.com/#/search?query=%E6%AD%A6%E5%99%A8,2026-08-19T00:31:52+0900,
w_b2fa264e37d747b7,N3,N4,mismatch,歯,は,歯,は,JLPT 4,482118624c384df99f98efca1a161254,surface+reading,N4,https://ja.dict.naver.com/#/search?query=%E6%AD%AF,2026-08-19T00:31:52+0900,
w_ba48bff47965823b,N3,N4,mismatch,残る,のこる,残る,のこる,JLPT 4,f9bd5bfdedc54666a4ee280f95bbdc0f,surface+reading,N4,https://ja.dict.naver.com/#/search?query=%E6%AE%8B%E3%82%8B,2026-08-19T00:31:52+0900,
w_4246c697f060d383,N3,N2,mismatch,段,だん,段,だん,JLPT 2,c6b57526e2f84edb9a9ceec08c449fd8,surface+reading,N2,https://ja.dict.naver.com/#/search?query=%E6%AE%B5,2026-08-19T00:31:52+0900,
w_5b75b72b00bbd908,N3,N2,mismatch,比較,ひかく,比較,ひかく,JLPT 2,526ce5a1ca0245df849d01086c2dd112,surface+reading,N2,https://ja.dict.naver.com/#/search?query=%E6%AF%94%E8%BC%83,2026-08-19T00:31:52+0900,
w_2469bcc59515558e,N3,N4,mismatch,気に入る,きにいる,気に入る,きにいる,JLPT 4,96fdc15b626f4faea177a10b61b5b95a,surface+reading,N4,https://ja.dict.naver.com/#/search?query=%E6%B0%97%E3%81%AB%E5%85%A5%E3%82%8B,2026-08-19T00:31:52+0900,
w_9ca53db146d1bf2c,N3,N2,mismatch,気味,きみ,気味,きみ,JLPT 2,6e001acc56134e058c9d4523ca40243a,surface+reading,N2,https://ja.dict.naver.com/#/search?query=%E6%B0%97%E5%91%B3,2026-08-19T00:31:52+0900,
w_1d28786c934401fb,N3,N4,mismatch,氷,こおり,氷·凍り,こおり,JLPT 4,7adfe1a113bc469fac0f60195111c0b0,surface+reading,N4,https://ja.dict.naver.com/#/search?query=%E6%B0%B7,2026-08-19T00:31:52+0900,
w_46a151be6d522ea0,N3,N2,mismatch,永久,えいきゅう,永久,えいきゅう,JLPT 2,5a8ca4dd21644a298bf6b6aa4d5192ce,surface+reading,N2,https://ja.dict.naver.com/#/search?query=%E6%B0%B8%E4%B9%85,2026-08-19T00:31:52+0900,
w_5ac97f7fa08e9044,N3,N4,mismatch,汗,あせ,汗,あせ,JLPT 4,9e88a284f9ec48d683ccf5a01f001b58,surface+reading,N4,https://ja.dict.naver.com/#/search?query=%E6%B1%97,2026-08-19T00:31:52+0900,
w_0577bd8fb5ad5060,N3,N5,mismatch,汚い,きたない,汚い·穢い,きたない,JLPT 5,8112570e0eac480a838e7cb897e92426,surface+reading,N5,https://ja.dict.naver.com/#/search?query=%E6%B1%9A%E3%81%84,2026-08-19T00:31:52+0900,
w_2e8d4f6d5083dc96,N3,N1,mismatch,汚れ,よごれ,汚れ,よごれ,JLPT 1,4724bef3e0b54c12a4a0628bed1c9962,surface+reading,N1,https://ja.dict.naver.com/#/search?query=%E6%B1%9A%E3%82%8C,2026-08-19T00:31:52+0900,
w_f42a4366c467382a,N3,N4,mismatch,汚れる,よごれる,汚れる,よごれる,JLPT 4,64117f19b3f242fb9993a4ea7f86e03f,surface+reading,N4,https://ja.dict.naver.com/#/search?query=%E6%B1%9A%E3%82%8C%E3%82%8B,2026-08-19T00:31:52+0900,
w_8794b1f76744af5d,N3,N2,mismatch,汚染,おせん,汚染,おせん,JLPT 2,1f66f152c9be449fbe707ca1e9ab6448,surface+reading,N2,https://ja.dict.naver.com/#/search?query=%E6%B1%9A%E6%9F%93,2026-08-19T00:31:52+0900,
w_798fdbcd46387384,N3,N1,mismatch,沸騰,ふっとう,沸騰,ふっとう,JLPT 1,3883468ec4614cf7b02fbe9d629e8dc9,surface+reading,N1,https://ja.dict.naver.com/#/search?query=%E6%B2%B8%E9%A8%B0,2026-08-19T00:31:52+0900,
w_0caf84e642264d6a,N3,N2,mismatch,泉,いずみ,泉,いずみ,JLPT 2,800634987e6f4964909870c2f6a7b913,surface+reading,N2,https://ja.dict.naver.com/#/search?query=%E6%B3%89,2026-08-19T00:31:52+0900,
w_5612ea7757a9a0fa,N3,N4,mismatch,法律,ほうりつ,法律,ほうりつ,JLPT 4,2f5b64a5691e4666bdf2ab45a2742b9e,surface+reading,N4,https://ja.dict.naver.com/#/search?query=%E6%B3%95%E5%BE%8B,2026-08-19T00:31:52+0900,
w_6f55665c44761da7,N3,N4,mismatch,泣く,なく,泣く,なく,JLPT 4,309f66d3f80449e08d4cd75b518dce61,surface+reading,N4,https://ja.dict.naver.com/#/search?query=%E6%B3%A3%E3%81%8F,2026-08-19T00:31:52+0900,
w_9ecd6d2a06e93c3c,N3,N2,mismatch,注ぐ,つぐ,注ぐ,つぐ,JLPT 2,561ce2d85be54fc192c5600346e8f05b,surface+reading,N2,https://ja.dict.naver.com/#/search?query=%E6%B3%A8%E3%81%90,2026-08-19T00:31:52+0900,
w_8c5ba27566d30169,N3,N2,mismatch,活用,かつよう,活用,かつよう,JLPT 2,af8ffe87ccf74265a957dc8456710376,surface+reading,N2,https://ja.dict.naver.com/#/search?query=%E6%B4%BB%E7%94%A8,2026-08-19T00:31:52+0900,
w_a190e772e12a363a,N3,N2,mismatch,流れ,ながれ,流れ,ながれ,JLPT 2,d8e78efcf3f64f0381eda65f596e2f86,surface+reading,N2,https://ja.dict.naver.com/#/search?query=%E6%B5%81%E3%82%8C,2026-08-19T00:31:52+0900,
w_b5029dc94f034021,N3,N4,mismatch,流れる,ながれる,流れる,ながれる,JLPT 4,11038d413be149e3a708d846036a8c9a,surface+reading,N4,https://ja.dict.naver.com/#/search?query=%E6%B5%81%E3%82%8C%E3%82%8B,2026-08-19T00:31:52+0900,
w_fb4ac5d5dc77f69f,N3,N4,mismatch,浅い,あさい,浅い,あさい,JLPT 4,9f643c40a12b4d1184fa45c2b20043ce,surface+reading,N4,https://ja.dict.naver.com/#/search?query=%E6%B5%85%E3%81%84,2026-08-19T00:31:52+0900,
w_31d63c4d5ffb7abe,N3,N5,mismatch,消える,きえる,消える,きえる,JLPT 5,5652f65bd66f45f5ac1b9c53d10d8110,surface+reading,N5,https://ja.dict.naver.com/#/search?query=%E6%B6%88%E3%81%88%E3%82%8B,2026-08-19T00:31:52+0900,
w_46f4a926941aa00f,N3,N5,mismatch,消す,けす,消す,けす,JLPT 5,a04d8126b1134a469b10e0d049eb16b4,surface+reading,N5,https://ja.dict.naver.com/#/search?query=%E6%B6%88%E3%81%99,2026-08-19T00:31:52+0900,
w_3e7498521a3fc873,N3,N4,mismatch,深い,ふかい,深い,ふかい,JLPT 4,d501115b1c264436bc0cc4097361d6eb,surface+reading,N4,https://ja.dict.naver.com/#/search?query=%E6%B7%B1%E3%81%84,2026-08-19T00:31:52+0900,
w_d3a58aebb4ab933c,N3,N2,mismatch,深刻,しんこく,深刻,しんこく,JLPT 2,fa74ca64f1124bb6a17085cff2ab2ade,surface+reading,N2,https://ja.dict.naver.com/#/search?query=%E6%B7%B1%E5%88%BB,2026-08-19T00:31:52+0900,
w_be7b504a9dae8c48,N3,N2,mismatch,混じる,まじる,混じる·交じる·雑じる,まじる,JLPT 2,9f44d36e1f644cc8ac212ce04b562110,surface+reading,N2,https://ja.dict.naver.com/#/search?query=%E6%B7%B7%E3%81%98%E3%82%8B,2026-08-19T00:31:52+0900,
w_073adca1c5d13d71,N3,N2,mismatch,渇く,かわく,渇く,かわく,JLPT 2,c92541574e3a4bd3abd69f502111cdc6,surface+reading,N2,https://ja.dict.naver.com/#/search?query=%E6%B8%87%E3%81%8F,2026-08-19T00:31:52+0900,
w_d2f22c5acd908d61,N3,N2,mismatch,渋滞,じゅうたい,渋滞,じゅうたい,JLPT 2,b208842fc7d54ba695780b4a991b3099,surface+reading,N2,https://ja.dict.naver.com/#/search?query=%E6%B8%8B%E6%BB%9E,2026-08-19T00:31:52+0900,
w_961062a857304d8b,N3,N1,mismatch,減少,げんしょう,減少,げんしょう,JLPT 1,3119cb2290434ba9b0684016b6ef9ab7,surface+reading,N1,https://ja.dict.naver.com/#/search?query=%E6%B8%9B%E5%B0%91,2026-08-19T00:31:52+0900,
w_b6ec99032db8c18a,N3,N4,mismatch,渡す,わたす,渡す,わたす,JLPT 4,4ff2101cbb484d57b04b3dee7165b62c,surface+reading,N4,https://ja.dict.naver.com/#/search?query=%E6%B8%A1%E3%81%99,2026-08-19T00:31:52+0900,
w_fb289ffeb85f19cd,N3,N2,mismatch,湾,わん,湾,わん,JLPT 2,07eed17ae14842a58fccf6ba18336210,surface+reading,N2,https://ja.dict.naver.com/#/search?query=%E6%B9%BE,2026-08-19T00:31:52+0900,
w_c8bb7abc970431b9,N3,N2,mismatch,満ちる,みちる,満ちる·充ちる,みちる,JLPT 2,feb84e11bb314858bd99afae3cd12009,surface+reading,N2,https://ja.dict.naver.com/#/search?query=%E6%BA%80%E3%81%A1%E3%82%8B,2026-08-19T00:31:52+0900,
w_6f1a72396ce02e7e,N3,N2,mismatch,溶ける,とける,溶ける·解ける·融ける,とける,JLPT 2,618d19b7a4014ae995c916cd26482959,surface+reading,N2,https://ja.dict.naver.com/#/search?query=%E6%BA%B6%E3%81%91%E3%82%8B,2026-08-19T00:31:52+0900,
w_4859ff46423d869b,N3,N2,mismatch,溺れる,おぼれる,溺れる,おぼれる,JLPT 2,0221c7213a9c43f681d1f110fba378f9,surface+reading,N2,https://ja.dict.naver.com/#/search?query=%E6%BA%BA%E3%82%8C%E3%82%8B,2026-08-19T00:31:52+0900,
w_22d673fdc51556a2,N3,N2,mismatch,滞在,たいざい,滞在,たいざい,JLPT 2,60891c3568d1430c90ca513d67cc26e9,surface+reading,N2,https://ja.dict.naver.com/#/search?query=%E6%BB%9E%E5%9C%A8,2026-08-19T00:31:52+0900,
w_b872479d7bbca66e,N3,N2,mismatch,演技,えんぎ,演技,えんぎ,JLPT 2,f1c564b8e6f54a63928598693f7e9443,surface+reading,N2,https://ja.dict.naver.com/#/search?query=%E6%BC%94%E6%8A%80,2026-08-19T00:31:52+0900,
w_0787d4f6eb05df72,N3,N1,mismatch,澄む,すむ,澄む·清む,すむ,JLPT 1,190a5b12b6744d6ba569297e4d5a2e72,surface+reading,N1,https://ja.dict.naver.com/#/search?query=%E6%BE%84%E3%82%80,2026-08-19T00:31:52+0900,
w_6112ce630d7428df,N3,N4,mismatch,濡れる,ぬれる,濡れる,ぬれる,JLPT 4,4af5239a1bc7466d964294c2fb6bf902,surface+reading,N4,https://ja.dict.naver.com/#/search?query=%E6%BF%A1%E3%82%8C%E3%82%8B,2026-08-19T00:31:52+0900,
w_fff5604ec94b9ba6,N3,N2,mismatch,炊く,たく,炊く,たく,JLPT 2,6998b9cfcbb44c5abf0a2c8cec8462bb,surface+reading,N2,https://ja.dict.naver.com/#/search?query=%E7%82%8A%E3%81%8F,2026-08-19T00:31:52+0900,
w_84a0c4c5c15256e3,N3,N1,mismatch,無駄,むだ,無駄·徒,むだ,JLPT 1,302fde0ad9634c21aeba977966ca4211,surface+reading,N1,https://ja.dict.naver.com/#/search?query=%E7%84%A1%E9%A7%84,2026-08-19T00:31:52+0900,
w_2ecf1448db674675,N3,N2,mismatch,焦げる,こげる,焦げる,こげる,JLPT 2,28f58108e87a456ea951eb22585f8009,surface+reading,N2,https://ja.dict.naver.com/#/search?query=%E7%84%A6%E3%81%92%E3%82%8B,2026-08-19T00:31:52+0900,
w_a5ce58d20c21e06c,N3,N4,mismatch,焼く,やく,焼く,やく,JLPT 4,528c6dad0ddc467dbeb477010fcb235a,surface+reading,N4,https://ja.dict.naver.com/#/search?query=%E7%84%BC%E3%81%8F,2026-08-19T00:31:52+0900,
w_6178068380b60a51,N3,N4,mismatch,父親,ちちおや,父親,ちちおや,JLPT 4,56615657a098491ab91a2ed36df80123,surface+reading,N4,https://ja.dict.naver.com/#/search?query=%E7%88%B6%E8%A6%AA,2026-08-19T00:31:52+0900,
w_e56f90b2c8ac2c7f,N3,N2,mismatch,片方,かたほう,片方,かたほう,JLPT 2,e31c155726664b80bb144ff4e2759039,surface+reading,N2,https://ja.dict.naver.com/#/search?query=%E7%89%87%E6%96%B9,2026-08-19T00:31:52+0900,
w_cc418ad688e4043f,N3,N2,mismatch,物質,ぶっしつ,物質,ぶっしつ,JLPT 2,76f6f24c8e194bcda30672c19b775c3f,surface+reading,N2,https://ja.dict.naver.com/#/search?query=%E7%89%A9%E8%B3%AA,2026-08-19T00:31:52+0900,
w_f071d7224bb06a7d,N3,N2,mismatch,特徴,とくちょう,特徴,とくちょう,JLPT 2,0fc31e2361fd4b43a46ff3c63c93adc2,surface+reading,N2,https://ja.dict.naver.com/#/search?query=%E7%89%B9%E5%BE%B4,2026-08-19T00:31:52+0900,
w_c0fa2c9662d17f0b,N3,N2,mismatch,特長,とくちょう,特長,とくちょう,JLPT 2,268813b68c9e497cb08a776f7f80b24f,surface+reading,N2,https://ja.dict.naver.com/#/search?query=%E7%89%B9%E9%95%B7,2026-08-19T00:31:52+0900,
w_06339cbe7e38fb2e,N3,N2,mismatch,状態,じょうたい,状態·情態,じょうたい,JLPT 2,d1b94bf3d92d4d4096eff84268ae783e,surface+reading,N2,https://ja.dict.naver.com/#/search?query=%E7%8A%B6%E6%85%8B,2026-08-19T00:31:52+0900,
w_c746f68cc397682a,N3,N2,mismatch,狂う,くるう,狂う,くるう,JLPT 2,382d67d040264b3385df0b24cde31f44,surface+reading,N2,https://ja.dict.naver.com/#/search?query=%E7%8B%82%E3%81%86,2026-08-19T00:31:52+0900,
w_3b9d9ce93ef60c2e,N3,N2,mismatch,玉,たま,玉,たま,JLPT 2,049229dec0034e42b0b841c4d3f114fa,surface+reading,N2,https://ja.dict.naver.com/#/search?query=%E7%8E%89,2026-08-19T00:31:52+0900,
w_ebbb148725183236,N3,N2,mismatch,王,おう,王,おう,JLPT 2,3a68556987cb46b5b2425023e0fb8ff2,surface+reading,N2,https://ja.dict.naver.com/#/search?query=%E7%8E%8B,2026-08-19T00:31:52+0900,
w_1ab054a0353cda9e,N3,N2,mismatch,現場,げんば,現場,げんば,JLPT 2,a30ea3249e0044e796c119e0b60eb785,surface+reading,N2,https://ja.dict.naver.com/#/search?query=%E7%8F%BE%E5%A0%B4,2026-08-19T00:31:52+0900,
w_cbacaace4d289bad,N3,N2,mismatch,現象,げんしょう,現象,げんしょう,JLPT 2,51b01ed7d10b426392fd2db82c267ff1,surface+reading,N2,https://ja.dict.naver.com/#/search?query=%E7%8F%BE%E8%B1%A1,2026-08-19T00:31:52+0900,
w_b2d64c62192e28cf,N3,N2,mismatch,球,きゅう,球,きゅう,JLPT 2,5edc0fbe17db4898be3e1757fe402695,surface+reading,N2,https://ja.dict.naver.com/#/search?query=%E7%90%83,2026-08-19T00:31:52+0900,
w_da6aa3cba0abe600,N3,N4,mismatch,理由,りゆう,理由,りゆう,JLPT 4,a7c5363e63914340a423dfb4875ba86b,surface+reading,N4,https://ja.dict.naver.com/#/search?query=%E7%90%86%E7%94%B1,2026-08-19T00:31:52+0900,
w_647a2930ace90822,N3,N2,mismatch,琴,こと,琴,こと,JLPT 2,6559d7afde9a455d93dd191f01414f31,surface+reading,N2,https://ja.dict.naver.com/#/search?query=%E7%90%B4,2026-08-19T00:31:52+0900,
w_c0cc225df4622838,N3,N5,mismatch,甘い,あまい,甘い,あまい,JLPT 5,6bc9b3a735f8484d80d8d898ebe24559,surface+reading,N5,https://ja.dict.naver.com/#/search?query=%E7%94%98%E3%81%84,2026-08-19T00:31:52+0900,
w_cda2e93a8ab6dfda,N3,N2,mismatch,生える,はえる,生える,はえる,JLPT 2,81ef734fe66543d3ac68d78a11c34e3d,surface+reading,N2,https://ja.dict.naver.com/#/search?query=%E7%94%9F%E3%81%88%E3%82%8B,2026-08-19T00:31:52+0900,
w_459b05f0dced24c0,N3,N2,mismatch,生じる,しょうじる,生じる,しょうじる,JLPT 2,28fdf531cce641b383c9d23fcbd3ce55,surface+reading,N2,https://ja.dict.naver.com/#/search?query=%E7%94%9F%E3%81%98%E3%82%8B,2026-08-19T00:31:52+0900,
w_c3e04c937bcd7643,N3,N2,mismatch,生命,せいめい,生命,せいめい,JLPT 2,df7939d4aa234f75857e29ef0a36b53b,surface+reading,N2,https://ja.dict.naver.com/#/search?query=%E7%94%9F%E5%91%BD,2026-08-19T00:31:52+0900,
w_8cff8c8ce2b28834,N3,N2,mismatch,生物,せいぶつ,生物,せいぶつ,JLPT 2,48aff204e4d8495eaf005d1cf586c8d9,surface+reading,N2,https://ja.dict.naver.com/#/search?query=%E7%94%9F%E7%89%A9,2026-08-19T00:31:52+0900,
w_654de4aa5b8a5a22,N3,N2,mismatch,生長,せいちょう,生長,せいちょう,JLPT 2,18bed78b0fde4d2ebd1546273c71b51e,surface+reading,N2,https://ja.dict.naver.com/#/search?query=%E7%94%9F%E9%95%B7,2026-08-19T00:31:52+0900,
w_76e966f0f6b78e86,N3,N2,mismatch,田,た,田,た,JLPT 2,2ce02433719346ffb5f3b0d59ba20c94,surface+reading,N2,https://ja.dict.naver.com/#/search?query=%E7%94%B0,2026-08-19T00:31:52+0900,
w_e45ff43f8b21a2ed,N3,N2,mismatch,申し訳,もうしわけ,申し訳,もうしわけ,JLPT 2,44230f70b7d84e77b3e21663bf1a21c5,surface+reading,N2,https://ja.dict.naver.com/#/search?query=%E7%94%B3%E3%81%97%E8%A8%B3,2026-08-19T00:31:52+0900,
w_7b745cc8400b935f,N3,N4,mismatch,留守,るす,留守,るす,JLPT 4,e7ba7377a522464f98b83504b3cf9b7b,surface+reading,N4,https://ja.dict.naver.com/#/search?query=%E7%95%99%E5%AE%88,2026-08-19T00:31:52+0900,
w_946f396d0893894e,N3,N2,mismatch,異常,いじょう,異常,いじょう,JLPT 2,f0b6efc609874013ad95966f95456aa0,surface+reading,N2,https://ja.dict.naver.com/#/search?query=%E7%95%B0%E5%B8%B8,2026-08-19T00:31:52+0900,
w_5701ed73ffb1244a,N3,N2,mismatch,疑う,うたがう,疑う,うたがう,JLPT 2,ef1ab399ecf94c6daa324fb410732689,surface+reading,N2,https://ja.dict.naver.com/#/search?query=%E7%96%91%E3%81%86,2026-08-19T00:31:52+0900,
w_e16d427ffd8ce7b1,N3,N2,mismatch,疲れ,つかれ,疲れ,つかれ,JLPT 2,8e45c0adfa4742979cc55bfed34c42f2,surface+reading,N2,https://ja.dict.naver.com/#/search?query=%E7%96%B2%E3%82%8C,2026-08-19T00:31:52+0900,
w_880411bf45f00ee7,N3,N4,mismatch,疲れる,つかれる,疲れる,つかれる,JLPT 4,b56c84494f124dbf9600c56b6c240a0b,surface+reading,N4,https://ja.dict.naver.com/#/search?query=%E7%96%B2%E3%82%8C%E3%82%8B,2026-08-19T00:31:52+0900,
w_03f1fbfb1a4e6d33,N3,N5,mismatch,痛い,いたい,痛い·甚い,いたい,JLPT 5,4deb2fa5723c4e7f98be3a3900ac456e,surface+reading,N5,https://ja.dict.naver.com/#/search?query=%E7%97%9B%E3%81%84,2026-08-19T00:31:52+0900,
w_35b4fa923a9c1473,N3,N2,mismatch,癌,がん,癌,がん,JLPT 2,dac4b71c9d2d4d03959ae18bc4bdc64f,surface+reading,N2,https://ja.dict.naver.com/#/search?query=%E7%99%8C,2026-08-19T00:31:52+0900,
w_5e7ef9138e00c433,N3,N1,mismatch,発生,はっせい,発生,はっせい,JLPT 1,846a58023fbf475e8943ccdb70b420ee,surface+reading,N1,https://ja.dict.naver.com/#/search?query=%E7%99%BA%E7%94%9F,2026-08-19T00:31:52+0900,
w_da208e23dc2ee46e,N3,N2,mismatch,登録,とうろく,登録,とうろく,JLPT 2,cca6cd9b73a24b6c9b5da4b84fe9f429,surface+reading,N2,https://ja.dict.naver.com/#/search?query=%E7%99%BB%E9%8C%B2,2026-08-19T00:31:52+0900,
w_8521e96fcc7c94e3,N3,N2,mismatch,皮,かわ,皮,かわ,JLPT 2,21c221bc44ad4facb67c040a9f459001,surface+reading,N2,https://ja.dict.naver.com/#/search?query=%E7%9A%AE,2026-08-19T00:31:52+0900,
w_52c6ca040bc47941,N3,N2,mismatch,盛り,さかり,盛り,さかり,JLPT 2,f72ebeb009bb4b61a94956e0320afed5,surface+reading,N2,https://ja.dict.naver.com/#/search?query=%E7%9B%9B%E3%82%8A,2026-08-19T00:31:52+0900,
w_1a8148ce57ed5c8b,N3,N2,mismatch,直,じき,直,じき,JLPT 2,62a69ba148f94fbca377654ea015bfa5,surface+reading,N2,https://ja.dict.naver.com/#/search?query=%E7%9B%B4,2026-08-19T00:31:52+0900,
w_b85ac81090221b63,N3,N2,mismatch,県,けん,県,けん,JLPT 2,4ed3aa6d2ef84c6fb865f39b62cea50c,surface+reading,N2,https://ja.dict.naver.com/#/search?query=%E7%9C%8C,2026-08-19T00:31:52+0900,
w_8aa0aa313013de56,N3,N2,mismatch,真剣,しんけん,真剣,しんけん,JLPT 2,7894c598c5494c938b48cfe1579732e5,surface+reading,N2,https://ja.dict.naver.com/#/search?query=%E7%9C%9F%E5%89%A3,2026-08-19T00:31:52+0900,
w_2cf49c44204772b3,N3,N1,mismatch,真理,しんり,真理,しんり,JLPT 1,e2d01356934e48f494045c5830121286,surface+reading,N1,https://ja.dict.naver.com/#/search?query=%E7%9C%9F%E7%90%86,2026-08-19T00:31:52+0900,
w_0cc9640d33061e53,N3,N4,mismatch,眠る,ねむる,眠る·睡る,ねむる,JLPT 4,62541b1e6fc34892b2f044e576047a18,surface+reading,N4,https://ja.dict.naver.com/#/search?query=%E7%9C%A0%E3%82%8B,2026-08-19T00:31:52+0900,
w_3d012c768a6f2e01,N3,N2,mismatch,瞬間,しゅんかん,瞬間,しゅんかん,JLPT 2,0b6ce5aa8e3f4c14a760336d2244d431,surface+reading,N2,https://ja.dict.naver.com/#/search?query=%E7%9E%AC%E9%96%93,2026-08-19T00:31:52+0900,
w_5b7e92b0ddbfa4ef,N3,N2,mismatch,知事,ちじ,知事,ちじ,JLPT 2,4216df3da9714c93beb5442488edd714,surface+reading,N2,https://ja.dict.naver.com/#/search?query=%E7%9F%A5%E4%BA%8B,2026-08-19T00:31:52+0900,
w_e0ba8e76d1d08ff0,N3,N2,mismatch,知恵,ちえ,知恵·智慧,ちえ,JLPT 2,bb5fa947767f400aae320e91a89b3a14,surface+reading,N2,https://ja.dict.naver.com/#/search?query=%E7%9F%A5%E6%81%B5,2026-08-19T00:31:52+0900,
w_ae1ea9c2d11e51b1,N3,N2,mismatch,知能,ちのう,知能·智能,ちのう,JLPT 2,cb935ecae26d4081801c6ea18e0aeb5b,surface+reading,N2,https://ja.dict.naver.com/#/search?query=%E7%9F%A5%E8%83%BD,2026-08-19T00:31:52+0900,
w_0ce39d8845484a2c,N3,N2,mismatch,知識,ちしき,知識,ちしき,JLPT 2,7856417fcec54e6a83a2fbbe4fe262a1,surface+reading,N2,https://ja.dict.naver.com/#/search?query=%E7%9F%A5%E8%AD%98,2026-08-19T00:31:52+0900,
w_5d43a43a022e32bd,N3,N5,mismatch,短い,みじかい,短い,みじかい,JLPT 5,79512f0468cd498782d1dc4bd92d51ad,surface+reading,N5,https://ja.dict.naver.com/#/search?query=%E7%9F%AD%E3%81%84,2026-08-19T00:31:52+0900,
w_e9402e6f1b7d30b9,N3,N4,mismatch,砂,すな,砂·沙,すな,JLPT 4,18c3e19ce0c54889b81ffe05c4ce571c,surface+reading,N4,https://ja.dict.naver.com/#/search?query=%E7%A0%82,2026-08-19T00:31:52+0900,
w_aba65ebe49d8bf77,N3,N2,mismatch,硬貨,こうか,硬貨,こうか,JLPT 2,307941b4ceed49418615fe5589c8cd84,surface+reading,N2,https://ja.dict.naver.com/#/search?query=%E7%A1%AC%E8%B2%A8,2026-08-19T00:31:52+0900,
w_ab13f32de1071010,N3,N2,mismatch,確実,かくじつ,確実,かくじつ,JLPT 2,805cec5464174c038d4dc352ba13dae9,surface+reading,N2,https://ja.dict.naver.com/#/search?query=%E7%A2%BA%E5%AE%9F,2026-08-19T00:31:52+0900,
w_721dd563bfb9228e,N3,N2,mismatch,礼,れい,礼,れい,JLPT 2,25ec2c784ede4410a509387bedca4260,surface+reading,N2,https://ja.dict.naver.com/#/search?query=%E7%A4%BC,2026-08-19T00:31:52+0900,
w_d4f4a076b2130216,N3,N2,mismatch,礼儀,れいぎ,礼儀,れいぎ,JLPT 2,6e359a49570f466685d41018aedcd07c,surface+reading,N2,https://ja.dict.naver.com/#/search?query=%E7%A4%BC%E5%84%80,2026-08-19T00:31:52+0900,
w_b7b3a2854f531e06,N3,N2,mismatch,神経,しんけい,神経,しんけい,JLPT 2,abb4eca447bc4593b98299f2f2318477,surface+reading,N2,https://ja.dict.naver.com/#/search?query=%E7%A5%9E%E7%B5%8C,2026-08-19T00:31:52+0900,
w_be8a356fbf83bc2f,N3,N4,mismatch,秒,びょう,秒,びょう,JLPT 4,d0e40f92569d4331ad54fbd2f4ef3a77,surface+reading,N4,https://ja.dict.naver.com/#/search?query=%E7%A7%92,2026-08-19T00:31:52+0900,
w_aae9f462edd86029,N3,N2,mismatch,秘密,ひみつ,秘密,ひみつ,JLPT 2,95632cb6b5f741ed91bc536909ebae4c,surface+reading,N2,https://ja.dict.naver.com/#/search?query=%E7%A7%98%E5%AF%86,2026-08-19T00:31:52+0900,
w_39d289e48105128b,N3,N2,mismatch,移動,いどう,移動,いどう,JLPT 2,991cca3fbfe84307904f3835b1464e92,surface+reading,N2,https://ja.dict.naver.com/#/search?query=%E7%A7%BB%E5%8B%95,2026-08-19T00:31:52+0900,
w_9cb2612322433f7c,N3,N2,mismatch,移転,いてん,移転,いてん,JLPT 2,a26d3e6942eb497f9ea6eea5bdcc1482,surface+reading,N2,https://ja.dict.naver.com/#/search?query=%E7%A7%BB%E8%BB%A2,2026-08-19T00:31:52+0900,
w_a76063510dd40287,N3,N2,mismatch,程度,ていど,程度,ていど,JLPT 2,062ca7938abf4c2cb9e0fd26545a30fe,surface+reading,N2,https://ja.dict.naver.com/#/search?query=%E7%A8%8B%E5%BA%A6,2026-08-19T00:31:52+0900,
w_b5599a01177fd473,N3,N2,mismatch,積極的,せっきょくてき,積極的,せっきょくてき,JLPT 2,9de27639f0ad4e76b1b4aa48d954e0bc,surface+reading,N2,https://ja.dict.naver.com/#/search?query=%E7%A9%8D%E6%A5%B5%E7%9A%84,2026-08-19T00:31:52+0900,
w_5ad84e6efba38e04,N3,N2,mismatch,穏やか,おだやか,穏やか,おだやか,JLPT 2,e5da1f5ee3b04edaa66c723fcc7e6d1e,surface+reading,N2,https://ja.dict.naver.com/#/search?query=%E7%A9%8F%E3%82%84%E3%81%8B,2026-08-19T00:31:52+0900,
w_ed780300268e3ffa,N3,N2,mismatch,穴,あな,穴·孔,あな,JLPT 2,67dbe01dd6f54498aa7c163c47cf87aa,surface+reading,N2,https://ja.dict.naver.com/#/search?query=%E7%A9%B4,2026-08-19T00:31:52+0900,
w_b6b89b808d6ae0ec,N3,N2,mismatch,立場,たちば,立場,たちば,JLPT 2,12a24ce3525e475188c65aaedfc8d253,surface+reading,N2,https://ja.dict.naver.com/#/search?query=%E7%AB%8B%E5%A0%B4,2026-08-19T00:31:52+0900,
w_ef2563c7e603a58c,N3,N4,mismatch,笑う,わらう,笑う,わらう,JLPT 4,2b4f0fc3975d4dfb8ba5c081f75aaef8,surface+reading,N4,https://ja.dict.naver.com/#/search?query=%E7%AC%91%E3%81%86,2026-08-19T00:31:52+0900,
w_eeb0e52f2d1d28e6,N3,N2,mismatch,筋,すじ,筋,すじ,JLPT 2,ffb43eef5b014bf086538b414b57db14,surface+reading,N2,https://ja.dict.naver.com/#/search?query=%E7%AD%8B,2026-08-19T00:31:52+0900,
w_505ee2dd6338bd92,N3,N2,mismatch,筋肉,きんにく,筋肉,きんにく,JLPT 2,1c0fdd48712c4c5aa4fa59e68a1172c2,surface+reading,N2,https://ja.dict.naver.com/#/search?query=%E7%AD%8B%E8%82%89,2026-08-19T00:31:52+0900,
w_f1bcbabd2d5da52a,N3,N1,mismatch,策,さく,策,さく,JLPT 1,0f3ff079f6d74b63be4df9a5db35f56d,surface+reading,N1,https://ja.dict.naver.com/#/search?query=%E7%AD%96,2026-08-19T00:31:52+0900,
w_6bb43eb1e2c8a14b,N3,N2,mismatch,管,くだ,管,くだ,JLPT 2,97dc506c1d394648b9ac7e08d5609613,surface+reading,N2,https://ja.dict.naver.com/#/search?query=%E7%AE%A1,2026-08-19T00:31:52+0900,
w_3641979f0bd2de45,N3,N2,mismatch,管理,かんり,管理,かんり,JLPT 2,bce1cad53a2646539b95c42084f0745f,surface+reading,N2,https://ja.dict.naver.com/#/search?query=%E7%AE%A1%E7%90%86,2026-08-19T00:31:52+0900,
w_f0b6de04875cd249,N3,N4,mismatch,米,こめ,米,こめ,JLPT 4,f6a2feb2749541efaa240d119183f615,surface+reading,N4,https://ja.dict.naver.com/#/search?query=%E7%B1%B3,2026-08-19T00:31:52+0900,
w_c917cac20c144255,N3,N2,mismatch,粉,こな,粉,こな,JLPT 2,f2f8c9e3452640128fe3013d28a77c1b,surface+reading,N2,https://ja.dict.naver.com/#/search?query=%E7%B2%89,2026-08-19T00:31:52+0900,
w_03df4391d73554e1,N3,N2,mismatch,粗末,そまつ,粗末,そまつ,JLPT 2,fc4fbc627fbb4eb780ef2357098fb992,surface+reading,N2,https://ja.dict.naver.com/#/search?query=%E7%B2%97%E6%9C%AB,2026-08-19T00:31:52+0900,
w_3739cd25bcd8730d,N3,N2,mismatch,精神,せいしん,精神,せいしん,JLPT 2,d6921826507b468893bc88ca85e807b4,surface+reading,N2,https://ja.dict.naver.com/#/search?query=%E7%B2%BE%E7%A5%9E,2026-08-19T00:31:52+0900,
w_f939a326910de40b,N3,N2,mismatch,約,やく,約,やく,JLPT 2,c6a3b1a76fab4184a2ba592ab6d6c8c4,surface+reading,N2,https://ja.dict.naver.com/#/search?query=%E7%B4%84,2026-08-19T00:31:52+0900,
w_cdfd3ad35d10efc4,N3,N2,mismatch,級,きゅう,級,きゅう,JLPT 2,17d13e0f444a415d99766dfa67d4253f,surface+reading,N2,https://ja.dict.naver.com/#/search?query=%E7%B4%9A,2026-08-19T00:31:52+0900,
w_e928239923f76996,N3,N4,mismatch,細い,ほそい,細い,ほそい,JLPT 4,7e3e095dc87845978651a1c4bb18362e,surface+reading,N4,https://ja.dict.naver.com/#/search?query=%E7%B4%B0%E3%81%84,2026-08-19T00:31:52+0900,
w_7f53fd4686c9cbf8,N3,N4,mismatch,紹介,しょうかい,紹介,しょうかい,JLPT 4,80a24fdc619d485bb5371465c4726c3e,surface+reading,N4,https://ja.dict.naver.com/#/search?query=%E7%B4%B9%E4%BB%8B,2026-08-19T00:31:52+0900,
w_2d72e70d3c4799bb,N3,N2,mismatch,組,くみ,組,くみ,JLPT 2,75efbcaf2dee46538add19ef7a2a2100,surface+reading,N2,https://ja.dict.naver.com/#/search?query=%E7%B5%84,2026-08-19T00:31:52+0900,
w_d15e0f07b88902ba,N3,N2,mismatch,組む,くむ,組む,くむ,JLPT 2,c8183cd2a40f4dbe87ad254ce1784c9f,surface+reading,N2,https://ja.dict.naver.com/#/search?query=%E7%B5%84%E3%82%80,2026-08-19T00:31:52+0900,
w_78325dbdfa5e2da6,N3,N2,mismatch,組合,くみあい,組合,くみあい,JLPT 2,c9e7a6456b714b6a99275065e2ab2605,surface+reading,N2,https://ja.dict.naver.com/#/search?query=%E7%B5%84%E5%90%88,2026-08-19T00:31:52+0900,
w_61a4f08497dfdf71,N3,N2,mismatch,組織,そしき,組織,そしき,JLPT 2,59710ae3d6b8416d85ce4ad058cefe51,surface+reading,N2,https://ja.dict.naver.com/#/search?query=%E7%B5%84%E7%B9%94,2026-08-19T00:31:52+0900,
w_f9cbb66f95c14ac7,N3,N2,mismatch,経つ,たつ,経つ,たつ,JLPT 2,3c7cb7e188e24deb81e169b8e8424f6f,surface+reading,N2,https://ja.dict.naver.com/#/search?query=%E7%B5%8C%E3%81%A4,2026-08-19T00:31:52+0900,
w_c934ee01e7f1e3d3,N3,N4,mismatch,経済,けいざい,経済,けいざい,JLPT 4,296d61873e9341649afc975a00184b22,surface+reading,N4,https://ja.dict.naver.com/#/search?query=%E7%B5%8C%E6%B8%88,2026-08-19T00:31:52+0900,
w_7f712c88f379ba3e,N3,N2,mismatch,経由,けいゆ,経由,けいゆ,JLPT 2,87fad0b452d2403a9d687ed8b997d844,surface+reading,N2,https://ja.dict.naver.com/#/search?query=%E7%B5%8C%E7%94%B1,2026-08-19T00:31:52+0900,
w_e5a71b733bb0d80c,N3,N4,mismatch,経験,けいけん,経験,けいけん,JLPT 4,69ef31b8e5904268a7be2b3f8e573968,surface+reading,N4,https://ja.dict.naver.com/#/search?query=%E7%B5%8C%E9%A8%93,2026-08-19T00:31:52+0900,
w_5eb91e972061c9b7,N3,N2,mismatch,絞る,しぼる,絞る·搾る,しぼる,JLPT 2,a89bf09258bd468298dd0c79ee8d4f65,surface+reading,N2,https://ja.dict.naver.com/#/search?query=%E7%B5%9E%E3%82%8B,2026-08-19T00:31:52+0900,
w_7087b27273d496b5,N3,N2,mismatch,絶対,ぜったい,絶対,ぜったい,JLPT 2,533ea821a2c24baeb0f72300955f205c,surface+reading,N2,https://ja.dict.naver.com/#/search?query=%E7%B5%B6%E5%AF%BE,2026-08-19T00:31:52+0900,
w_dca31e9e662b9045,N3,N2,mismatch,続き,つづき,続き,つづき,JLPT 2,5d027faa7a7642d2af80f6b224ea5269,surface+reading,N2,https://ja.dict.naver.com/#/search?query=%E7%B6%9A%E3%81%8D,2026-08-19T00:31:52+0900,
w_4bde209c56d07180,N3,N2,mismatch,維持,いじ,維持,いじ,JLPT 2,932c7e7586e74c5097fb8bb82fdc8c9c,surface+reading,N2,https://ja.dict.naver.com/#/search?query=%E7%B6%AD%E6%8C%81,2026-08-19T00:31:52+0900,
w_530598fd40ead000,N3,N2,mismatch,綿,めん,綿,めん,JLPT 2,b58fa1a331104e34b13c52c0f0efb141,surface+reading,N2,https://ja.dict.naver.com/#/search?query=%E7%B6%BF,2026-08-19T00:31:52+0900,
w_e7be2fda7a0f6f5c,N3,N2,mismatch,緊張,きんちょう,緊張,きんちょう,JLPT 2,47cf0927b72443f1a6bbe107b9b9cb60,surface+reading,N2,https://ja.dict.naver.com/#/search?query=%E7%B7%8A%E5%BC%B5,2026-08-19T00:31:52+0900,
w_c3ca12414597b866,N3,N5,mismatch,緑,みどり,緑·翠,みどり,JLPT 5,a83b1325fcc14ae086eed6e0e58d8cb9,surface+reading,N5,https://ja.dict.naver.com/#/search?query=%E7%B7%91,2026-08-19T00:31:52+0900,
w_880c807fbde1f75f,N3,N5,mismatch,締める,しめる,締める,しめる,JLPT 5,db408676e50e48949aea5a1fc4228934,surface+reading,N5,https://ja.dict.naver.com/#/search?query=%E7%B7%A0%E3%82%81%E3%82%8B,2026-08-19T00:31:52+0900,
w_257d75d3ceb98dfd,N3,N2,mismatch,編む,あむ,編む,あむ,JLPT 2,474a8022556b4adea654c7e06077c026,surface+reading,N2,https://ja.dict.naver.com/#/search?query=%E7%B7%A8%E3%82%80,2026-08-19T00:31:52+0900,
w_4153aa92df832b8f,N3,N1,mismatch,織る,おる,織る,おる,JLPT 1,34e248c91d294b469c2dc2a7f84cd1cb,surface+reading,N1,https://ja.dict.naver.com/#/search?query=%E7%B9%94%E3%82%8B,2026-08-19T00:31:52+0900,
w_f761a641dc383df1,N3,N2,mismatch,罪,つみ,罪,つみ,JLPT 2,5a7aa87479ce4e8cb7f9b21c2beb30c5,surface+reading,N2,https://ja.dict.naver.com/#/search?query=%E7%BD%AA,2026-08-19T00:31:52+0900,
w_98908e2e6cc64cae,N3,N4,mismatch,美しい,うつくしい,美しい,うつくしい,JLPT 4,1615a54cdb364f0091fbc3ff64252acf,surface+reading,N4,https://ja.dict.naver.com/#/search?query=%E7%BE%8E%E3%81%97%E3%81%84,2026-08-19T00:31:52+0900,
w_e9655622d7a0c74f,N3,N1,mismatch,群,ぐん,群,ぐん,JLPT 1,bc894c3a3b2342749606e143f0131589,surface+reading,N1,https://ja.dict.naver.com/#/search?query=%E7%BE%A4,2026-08-19T00:31:52+0900,
w_605a664633749ddf,N3,N2,mismatch,義務,ぎむ,義務,ぎむ,JLPT 2,6f0601ac2c2b4abf85d116e9a7951675,surface+reading,N2,https://ja.dict.naver.com/#/search?query=%E7%BE%A9%E5%8B%99,2026-08-19T00:31:52+0900,
w_de834a2f25042951,N3,N2,mismatch,翼,つばさ,翼,つばさ,JLPT 2,6c3b042ff5a44f00b7f2d6f19c0031b5,surface+reading,N2,https://ja.dict.naver.com/#/search?query=%E7%BF%BC,2026-08-19T00:31:52+0900,
w_e1d7916bd0e86083,N3,N4,mismatch,老人,ろうじん,老人,ろうじん,JLPT 4,6bb2632c56ef48088b9f2fbc3cc1f3cc,surface+reading,N4,https://ja.dict.naver.com/#/search?query=%E8%80%81%E4%BA%BA,2026-08-19T00:31:52+0900,
w_c7a422ab60dc14eb,N3,N2,mismatch,職,しょく,職,しょく,JLPT 2,0a315f36b1d74075ab2450b209292a3a,surface+reading,N2,https://ja.dict.naver.com/#/search?query=%E8%81%B7,2026-08-19T00:31:52+0900,
w_bb5d07df5b47b4db,N3,N4,mismatch,肩,かた,肩,かた,JLPT 4,8214519caa07491e8e46a04dd30e439d,surface+reading,N4,https://ja.dict.naver.com/#/search?query=%E8%82%A9,2026-08-19T00:31:52+0900,
w_8dc5e508d14ff10e,N3,N2,mismatch,胡椒,こしょう,胡椒,こしょう,JLPT 2,b384680231fa4e128a447dfb1e5553bd,surface+reading,N2,https://ja.dict.naver.com/#/search?query=%E8%83%A1%E6%A4%92,2026-08-19T00:31:52+0900,
w_29549f663bb73d32,N3,N4,mismatch,自動,じどう,自動,じどう,JLPT 4,6e28e650e05441c3969f110d5f2f7dfe,surface+reading,N4,https://ja.dict.naver.com/#/search?query=%E8%87%AA%E5%8B%95,2026-08-19T00:31:52+0900,
w_51db49451a2a4472,N3,N2,mismatch,自殺,じさつ,自殺,じさつ,JLPT 2,02c455e83b234f9d881caac1189847de,surface+reading,N2,https://ja.dict.naver.com/#/search?query=%E8%87%AA%E6%AE%BA,2026-08-19T00:31:52+0900,
w_e0d3a7078e5be6d4,N3,N4,mismatch,自由,じゆう,自由,じゆう,JLPT 4,9e246e9335214d3582c9dd2f31f1c786,surface+reading,N4,https://ja.dict.naver.com/#/search?query=%E8%87%AA%E7%94%B1,2026-08-19T00:31:52+0900,
w_ae421e588e80aae9,N3,N2,mismatch,自身,じしん,自身,じしん,JLPT 2,ee1049c263494fe38390cba37f506dc8,surface+reading,N2,https://ja.dict.naver.com/#/search?query=%E8%87%AA%E8%BA%AB,2026-08-19T00:31:52+0900,
w_5f27597e3aad6fd9,N3,N4,mismatch,舌,した,舌,した,JLPT 4,0ba59c8bf17e4c8e99b50f9fcf2bddfc,surface+reading,N4,https://ja.dict.naver.com/#/search?query=%E8%88%8C,2026-08-19T00:31:52+0900,
w_1bd0787c41d1b35b,N3,N2,mismatch,航空,こうくう,航空,こうくう,JLPT 2,e23a336ce31a4592abc2fb276a0d7943,surface+reading,N2,https://ja.dict.naver.com/#/search?query=%E8%88%AA%E7%A9%BA,2026-08-19T00:31:52+0900,
w_664972e7c1fa3bf3,N3,N2,mismatch,芝居,しばい,芝居,しばい,JLPT 2,b659dc4802eb4dae8aab2124ea493096,surface+reading,N2,https://ja.dict.naver.com/#/search?query=%E8%8A%9D%E5%B1%85,2026-08-19T00:31:52+0900,
w_12939f589a0b61a0,N3,N2,mismatch,芝生,しばふ,芝生,しばふ,JLPT 2,ae5ab5f2cc7e45b8a9b4ddbcf0da9f26,surface+reading,N2,https://ja.dict.naver.com/#/search?query=%E8%8A%9D%E7%94%9F,2026-08-19T00:31:52+0900,
w_2db1201fde171bd0,N3,N2,mismatch,芽,め,芽,め,JLPT 2,12a46c8e363248d9a258b8366440b536,surface+reading,N2,https://ja.dict.naver.com/#/search?query=%E8%8A%BD,2026-08-19T00:31:52+0900,
w_4358ae52c7f1b4d8,N3,N4,mismatch,若い,わかい,若い,わかい,JLPT 4,5ca9c3ef0a1541c9855f90caef6de521,surface+reading,N4,https://ja.dict.naver.com/#/search?query=%E8%8B%A5%E3%81%84,2026-08-19T00:31:52+0900,
w_c56e9a474a473deb,N3,N4,mismatch,苦しい,くるしい,苦しい,くるしい,JLPT 4,7ddfa3fe8953497bb82e4dec2dec1bc6,surface+reading,N4,https://ja.dict.naver.com/#/search?query=%E8%8B%A6%E3%81%97%E3%81%84,2026-08-19T00:31:52+0900,
w_a16b95b44bbcf3e2,N3,N2,mismatch,苦手,にがて,苦手,にがて,JLPT 2,e8928bdc1dae47bd8fe5d6d455d4b9b3,surface+reading,N2,https://ja.dict.naver.com/#/search?query=%E8%8B%A6%E6%89%8B,2026-08-19T00:31:52+0900,
w_fa32e441f4e88dfd,N3,N2,mismatch,茶,ちゃ,茶,ちゃ,JLPT 2,896e2919c2394638b410f042410a367e,surface+reading,N2,https://ja.dict.naver.com/#/search?query=%E8%8C%B6,2026-08-19T00:31:52+0900,
w_903dae423c5d9b47,N3,N4,mismatch,荷物,にもつ,荷物,にもつ,JLPT 4,ed18cf6c829840d9bb5a4a8f00b4045e,surface+reading,N4,https://ja.dict.naver.com/#/search?query=%E8%8D%B7%E7%89%A9,2026-08-19T00:31:52+0900,
w_274cb8a04b355279,N3,N1,mismatch,菌,きん,菌,きん,JLPT 1,c2df6f10b6564a2e8100997027750446,surface+reading,N1,https://ja.dict.naver.com/#/search?query=%E8%8F%8C,2026-08-19T00:31:52+0900,
w_6dfda8594b43ecbe,N3,N4,mismatch,葉,は,葉,は,JLPT 4,aa0329191d014ccb94320d7fc5e7ae8d,surface+reading,N4,https://ja.dict.naver.com/#/search?query=%E8%91%89,2026-08-19T00:31:52+0900,
w_fd49b18efb2d7565,N3,N2,mismatch,著者,ちょしゃ,著者,ちょしゃ,JLPT 2,9d2f177f4ce941d2b715e22639fbc823,surface+reading,N2,https://ja.dict.naver.com/#/search?query=%E8%91%97%E8%80%85,2026-08-19T00:31:52+0900,
w_d18208a487d10453,N3,N5,mismatch,薄い,うすい,薄い,うすい,JLPT 5,f446e97ac42243d48aa9cf35be26b12d,surface+reading,N5,https://ja.dict.naver.com/#/search?query=%E8%96%84%E3%81%84,2026-08-19T00:31:52+0900,
w_dd6b054ebbd68ac7,N3,N1,mismatch,血管,けっかん,血管,けっかん,JLPT 1,c5bd5d2c76b44047b4e9f2121c964172,surface+reading,N1,https://ja.dict.naver.com/#/search?query=%E8%A1%80%E7%AE%A1,2026-08-19T00:31:52+0900,
w_9d58fe77f2febc18,N3,N2,mismatch,衛星,えいせい,衛星,えいせい,JLPT 2,3a7c89bb31414685b910625c16ca3a56,surface+reading,N2,https://ja.dict.naver.com/#/search?query=%E8%A1%9B%E6%98%9F,2026-08-19T00:31:52+0900,
w_f117986fa15363e2,N3,N2,mismatch,衝突,しょうとつ,衝突,しょうとつ,JLPT 2,6a9e87d6bef64dbc9000424e9f156c69,surface+reading,N2,https://ja.dict.naver.com/#/search?query=%E8%A1%9D%E7%AA%81,2026-08-19T00:31:52+0900,
w_972809631c546eec,N3,N1,mismatch,衣料,いりょう,衣料,いりょう,JLPT 1,65382b037d034340b4c813b2a1fb8b25,surface+reading,N1,https://ja.dict.naver.com/#/search?query=%E8%A1%A3%E6%96%99,2026-08-19T00:31:52+0900,
w_1e117be4893ad01e,N3,N2,mismatch,袋,ふくろ,袋·囊,ふくろ,JLPT 2,8998d8f732964c4da8073e2b2468a016,surface+reading,N2,https://ja.dict.naver.com/#/search?query=%E8%A2%8B,2026-08-19T00:31:52+0900,
w_a89a3400861519f5,N3,N5,mismatch,被る,かぶる,被る,かぶる,JLPT 5,a9f29bce23464a62944e48a18815a7fb,surface+reading,N5,https://ja.dict.naver.com/#/search?query=%E8%A2%AB%E3%82%8B,2026-08-19T00:31:52+0900,
w_66453c69a00be5b6,N3,N2,mismatch,裁判,さいばん,裁判,さいばん,JLPT 2,460c8dc7945c4ccba542813ccc187d73,surface+reading,N2,https://ja.dict.naver.com/#/search?query=%E8%A3%81%E5%88%A4,2026-08-19T00:31:52+0900,
w_8573df1d0c5d173d,N3,N2,mismatch,装置,そうち,装置,そうち,JLPT 2,0b2d1a329df249588266709f66a15fbc,surface+reading,N2,https://ja.dict.naver.com/#/search?query=%E8%A3%85%E7%BD%AE,2026-08-19T00:31:52+0900,
w_1887309301625b95,N3,N2,mismatch,複数,ふくすう,複数,ふくすう,JLPT 2,fb6c8990921f4308be06fbc2d8ee2b41,surface+reading,N2,https://ja.dict.naver.com/#/search?query=%E8%A4%87%E6%95%B0,2026-08-19T00:31:52+0900,
w_d9a7b66c1e434392,N3,N2,mismatch,要するに,ようするに,要するに,ようするに,JLPT 2,31993e17ca774e5182a0c1ef66944b40,surface+reading,N2,https://ja.dict.naver.com/#/search?query=%E8%A6%81%E3%81%99%E3%82%8B%E3%81%AB,2026-08-19T00:31:52+0900,
w_d3adb0703685078f,N3,N2,mismatch,要点,ようてん,要点,ようてん,JLPT 2,629da3ba963d446b945512d46cc89b68,surface+reading,N2,https://ja.dict.naver.com/#/search?query=%E8%A6%81%E7%82%B9,2026-08-19T00:31:52+0900,
w_b3452d6389203549,N3,N2,mismatch,要素,ようそ,要素,ようそ,JLPT 2,53997f316ca74fc4b1fcf455fbe26895,surface+reading,N2,https://ja.dict.naver.com/#/search?query=%E8%A6%81%E7%B4%A0,2026-08-19T00:31:52+0900,
w_ead502a5864a1373,N3,N4,mismatch,見つける,みつける,見つける·見付ける,みつける,JLPT 4,e061becd52d0493a9b7070db26562316,surface+reading,N4,https://ja.dict.naver.com/#/search?query=%E8%A6%8B%E3%81%A4%E3%81%91%E3%82%8B,2026-08-19T00:31:52+0900,
w_ac31b882227640d1,N3,N2,mismatch,見事,みごと,見事·美事,みごと,JLPT 2,37d6cce776c4407d95373b9da4c40db6,surface+reading,N2,https://ja.dict.naver.com/#/search?query=%E8%A6%8B%E4%BA%8B,2026-08-19T00:31:52+0900,
w_4958994aa64ad7df,N3,N4,mismatch,見物,けんぶつ,見物,けんぶつ,JLPT 4,e60991ffbadb4aeebf8c72302a73874a,surface+reading,N4,https://ja.dict.naver.com/#/search?query=%E8%A6%8B%E7%89%A9,2026-08-19T00:31:52+0900,
w_e54ff186509d6479,N3,N2,mismatch,見解,けんかい,見解,けんかい,JLPT 2,a1e80c9e6f884d3da15df1c29aab40d0,surface+reading,N2,https://ja.dict.naver.com/#/search?query=%E8%A6%8B%E8%A7%A3,2026-08-19T00:31:52+0900,
w_da1fc48e9a617b67,N3,N4,mismatch,規則,きそく,規則,きそく,JLPT 4,18c4700c83154afe8d43bcf31bebdcd5,surface+reading,N4,https://ja.dict.naver.com/#/search?query=%E8%A6%8F%E5%89%87,2026-08-19T00:31:52+0900,
w_c19e856353cf049c,N3,N5,mismatch,覚える,おぼえる,覚える,おぼえる,JLPT 5,898bc1e6d187412da2bb13ed87ea6e19,surface+reading,N5,https://ja.dict.naver.com/#/search?query=%E8%A6%9A%E3%81%88%E3%82%8B,2026-08-19T00:31:52+0900,
w_93c900fb1e912749,N3,N4,mismatch,親しい,したしい,親しい,したしい,JLPT 4,eef108d3434a4009a6c815ea85d275ff,surface+reading,N4,https://ja.dict.naver.com/#/search?query=%E8%A6%AA%E3%81%97%E3%81%84,2026-08-19T00:31:52+0900,
w_d9e1649a37516793,N3,N4,mismatch,観光,かんこう,観光,かんこう,JLPT 4,3387a117f3584b2986a2f1c66f411b1d,surface+reading,N4,https://ja.dict.naver.com/#/search?query=%E8%A6%B3%E5%85%89,2026-08-19T00:31:52+0900,
w_5493970b4c093627,N3,N2,mismatch,観客,かんきゃく,観客·看客,かんきゃく,JLPT 2,975fc1690d464000a684918d4595a026,surface+reading,N2,https://ja.dict.naver.com/#/search?query=%E8%A6%B3%E5%AE%A2,2026-08-19T00:31:52+0900,
w_d4b3dd90a3c30d44,N3,N2,mismatch,観察,かんさつ,観察,かんさつ,JLPT 2,b261d64afc464858a1e664276bb07f8e,surface+reading,N2,https://ja.dict.naver.com/#/search?query=%E8%A6%B3%E5%AF%9F,2026-08-19T00:31:52+0900,
w_615da3adb56a4017,N3,N2,mismatch,解ける,とける,解ける,とける,JLPT 2,e76e9fb6c5d7415cb2cf924a4f8c1c25,surface+reading,N2,https://ja.dict.naver.com/#/search?query=%E8%A7%A3%E3%81%91%E3%82%8B,2026-08-19T00:31:52+0900,
w_09602466e20ff5e2,N3,N2,mismatch,解釈,かいしゃく,解釈,かいしゃく,JLPT 2,d51ed34f4a654344ab415a347d831486,surface+reading,N2,https://ja.dict.naver.com/#/search?query=%E8%A7%A3%E9%87%88,2026-08-19T00:31:52+0900,
w_4f760a65cfd9f001,N3,N2,mismatch,触れる,ふれる,触れる,ふれる,JLPT 2,6bc7c1d01d82484195e56e3d9744ed2d,surface+reading,N2,https://ja.dict.naver.com/#/search?query=%E8%A7%A6%E3%82%8C%E3%82%8B,2026-08-19T00:31:52+0900,
w_0bbd4ebc717405a8,N3,N2,mismatch,計,けい,計,けい,JLPT 2,8a1f0c58670e4fd8bc94d29701b5737e,surface+reading,N2,https://ja.dict.naver.com/#/search?query=%E8%A8%88,2026-08-19T00:31:52+0900,
w_42b5ce2223232e9f,N3,N2,mismatch,討つ,うつ,討つ,うつ,JLPT 2,efd97cd5c94c44aa91b518a5af230e08,surface+reading,N2,https://ja.dict.naver.com/#/search?query=%E8%A8%8E%E3%81%A4,2026-08-19T00:31:52+0900,
w_30ccaa0f8014c7d4,N3,N2,mismatch,訓,くん,訓,くん,JLPT 2,654fe08373864bcea5079c8fbad993eb,surface+reading,N2,https://ja.dict.naver.com/#/search?query=%E8%A8%93,2026-08-19T00:31:52+0900,
w_5167ba006eeee157,N3,N2,mismatch,訓練,くんれん,訓練,くんれん,JLPT 2,b3dc4cc0d7114542b7883a80b1df466c,surface+reading,N2,https://ja.dict.naver.com/#/search?query=%E8%A8%93%E7%B7%B4,2026-08-19T00:31:52+0900,
w_361de96e73094161,N3,N2,mismatch,記憶,きおく,記憶,きおく,JLPT 2,163729de983e4ae19b8341198a1469d3,surface+reading,N2,https://ja.dict.naver.com/#/search?query=%E8%A8%98%E6%86%B6,2026-08-19T00:31:52+0900,
w_8ef9522c11586dbe,N3,N4,mismatch,記者,きしゃ,記者,きしゃ,JLPT 4,e2c5f3a71350458cb407ce9d0fafaf40,surface+reading,N4,https://ja.dict.naver.com/#/search?query=%E8%A8%98%E8%80%85,2026-08-19T00:31:52+0900,
w_f1d281e9c1ee87d0,N3,N2,mismatch,訪問,ほうもん,訪問,ほうもん,JLPT 2,689b50a2a391474fb59b2b71c3c92a84,surface+reading,N2,https://ja.dict.naver.com/#/search?query=%E8%A8%AA%E5%95%8F,2026-08-19T00:31:52+0900,
w_f9acaed32a6c51a0,N3,N2,mismatch,設備,せつび,設備,せつび,JLPT 2,bb929c7b89e34e9c9f5db8b6bfaf6d54,surface+reading,N2,https://ja.dict.naver.com/#/search?query=%E8%A8%AD%E5%82%99,2026-08-19T00:31:52+0900,
w_01a9d78eec02aa15,N3,N2,mismatch,設計,せっけい,設計,せっけい,JLPT 2,d475c179b4ce4523b1074b5e9f71002e,surface+reading,N2,https://ja.dict.naver.com/#/search?query=%E8%A8%AD%E8%A8%88,2026-08-19T00:31:52+0900,
w_83ae7074dc030eb4,N3,N4,mismatch,訳,わけ,訳,わけ,JLPT 4,1edf5648e6c348e9926ff3302d2165f6,surface+reading,N4,https://ja.dict.naver.com/#/search?query=%E8%A8%B3,2026-08-19T00:31:52+0900,
w_2efe5d573760555c,N3,N2,mismatch,訳す,やくす,訳す,やくす,JLPT 2,58932c4a64564dd5acc51beaf580b7d5,surface+reading,N2,https://ja.dict.naver.com/#/search?query=%E8%A8%B3%E3%81%99,2026-08-19T00:31:52+0900,
w_75b5ed766ff3f8c1,N3,N2,mismatch,評判,ひょうばん,評判,ひょうばん,JLPT 2,2e5bb9af04ec48258b7ba07d9072a132,surface+reading,N2,https://ja.dict.naver.com/#/search?query=%E8%A9%95%E5%88%A4,2026-08-19T00:31:52+0900,
w_dd4d24da268be655,N3,N2,mismatch,試す,ためす,試す,ためす,JLPT 2,c18f6b25a8fc4d29943ad28538c9ef0a,surface+reading,N2,https://ja.dict.naver.com/#/search?query=%E8%A9%A6%E3%81%99,2026-08-19T00:31:52+0900,
w_5bb0b7b627f66dd7,N3,N2,mismatch,詰める,つめる,詰める,つめる,JLPT 2,4097b5d78e964a84a8535f58c6a2ff0a,surface+reading,N2,https://ja.dict.naver.com/#/search?query=%E8%A9%B0%E3%82%81%E3%82%8B,2026-08-19T00:31:52+0900,
w_1138a558fc818ae2,N3,N2,mismatch,話し掛ける,はなしかける,話しかける·話し掛ける,はなしかける,JLPT 2,7ceb7c6627bc482684087281f3dfee61,surface+reading,N2,https://ja.dict.naver.com/#/search?query=%E8%A9%B1%E3%81%97%E6%8E%9B%E3%81%91%E3%82%8B,2026-08-19T00:31:52+0900,
w_237599d740aa15b0,N3,N5,mismatch,話す,はなす,話す·咄す,はなす,JLPT 5,34575492d1244e429e75cae0e6dc2994,surface+reading,N5,https://ja.dict.naver.com/#/search?query=%E8%A9%B1%E3%81%99,2026-08-19T00:31:52+0900,
w_b9a0edf685c6c0f7,N3,N2,mismatch,認める,みとめる,認める,みとめる,JLPT 2,7320a684f4844347ae5ea266889c5652,surface+reading,N2,https://ja.dict.naver.com/#/search?query=%E8%AA%8D%E3%82%81%E3%82%8B,2026-08-19T00:31:52+0900,
w_e659e4ac5ad90dff,N3,N2,mismatch,説,せつ,説,せつ,JLPT 2,8c8dd763f27e4d1890178e5dbb1c9f9c,surface+reading,N2,https://ja.dict.naver.com/#/search?query=%E8%AA%AC,2026-08-19T00:31:52+0900,
w_051dd373a408b265,N3,N2,mismatch,読み,よみ,読み,よみ,JLPT 2,4f3b525ea2af444eaeea528955f707ff,surface+reading,N2,https://ja.dict.naver.com/#/search?query=%E8%AA%AD%E3%81%BF,2026-08-19T00:31:52+0900,
w_409923fce9a73aa0,N3,N1,mismatch,論じる,ろんじる,論じる,ろんじる,JLPT 1,78c546e43d3548288aa627b76552e8cc,surface+reading,N1,https://ja.dict.naver.com/#/search?query=%E8%AB%96%E3%81%98%E3%82%8B,2026-08-19T00:31:52+0900,
w_d42576c0575df2b8,N3,N2,mismatch,論争,ろんそう,論争,ろんそう,JLPT 2,068a29a75f924a84b1819239d484cbe3,surface+reading,N2,https://ja.dict.naver.com/#/search?query=%E8%AB%96%E4%BA%89,2026-08-19T00:31:52+0900,
w_6d7730f5ea03b02e,N3,N2,mismatch,論文,ろんぶん,論文,ろんぶん,JLPT 2,21755d36348e40e1a2f8dbd26f561139,surface+reading,N2,https://ja.dict.naver.com/#/search?query=%E8%AB%96%E6%96%87,2026-08-19T00:31:52+0900,
w_f729135a5520c2fe,N3,N2,mismatch,講演,こうえん,講演,こうえん,JLPT 2,0733e9599ae442d6bea11321c7bfc0c4,surface+reading,N2,https://ja.dict.naver.com/#/search?query=%E8%AC%9B%E6%BC%94,2026-08-19T00:31:52+0900,
w_1efbbd0a483ff9d0,N3,N2,mismatch,警告,けいこく,警告,けいこく,JLPT 2,5340f29dfd784b1fb07ef0a468fdf9de,surface+reading,N2,https://ja.dict.naver.com/#/search?query=%E8%AD%A6%E5%91%8A,2026-08-19T00:31:52+0900,
w_4affd4250e067b9d,N3,N2,mismatch,議会,ぎかい,議会,ぎかい,JLPT 2,7b6b6f98749f428da2e6889cc8ce5a20,surface+reading,N2,https://ja.dict.naver.com/#/search?query=%E8%AD%B0%E4%BC%9A,2026-08-19T00:31:52+0900,
w_560e5af5ac747e2a,N3,N2,mismatch,議員,ぎいん,議員,ぎいん,JLPT 2,9756aeb4f2e84e27b09d1f292dc6e626,surface+reading,N2,https://ja.dict.naver.com/#/search?query=%E8%AD%B0%E5%93%A1,2026-08-19T00:31:52+0900,
w_c713e3c2b88024fa,N3,N2,mismatch,議長,ぎちょう,議長,ぎちょう,JLPT 2,1efad1b42cb144949e0e3ee5c93e8583,surface+reading,N2,https://ja.dict.naver.com/#/search?query=%E8%AD%B0%E9%95%B7,2026-08-19T00:31:52+0900,
w_3b3ade7f79b33d9c,N3,N2,mismatch,谷,たに,谷·渓·谿,たに,JLPT 2,5a6db847dce34b698124ffbf146d9fe2,surface+reading,N2,https://ja.dict.naver.com/#/search?query=%E8%B0%B7,2026-08-19T00:31:52+0900,
w_066e002247100e63,N3,N2,mismatch,豊か,ゆたか,豊か,ゆたか,JLPT 2,373a5643769343788c8a156ad77a40fc,surface+reading,N2,https://ja.dict.naver.com/#/search?query=%E8%B1%8A%E3%81%8B,2026-08-19T00:31:52+0900,
w_1b8df6558c35bea4,N3,N2,mismatch,豊富,ほうふ,豊富,ほうふ,JLPT 2,54848c53fa8e4e8689201c864814d6b9,surface+reading,N2,https://ja.dict.naver.com/#/search?query=%E8%B1%8A%E5%AF%8C,2026-08-19T00:31:52+0900,
w_1c8f7a6eb0fd745f,N3,N2,mismatch,象,ぞう,象,ぞう,JLPT 2,de131d4148424b20b4c2cf48a5744fa9,surface+reading,N2,https://ja.dict.naver.com/#/search?query=%E8%B1%A1,2026-08-19T00:31:52+0900,
w_d16eddc3944c223d,N3,N2,mismatch,豪華,ごうか,豪華,ごうか,JLPT 2,6b372d9b6838445782d006ed19b26b85,surface+reading,N2,https://ja.dict.naver.com/#/search?query=%E8%B1%AA%E8%8F%AF,2026-08-19T00:31:52+0900,
w_f784d2f1ef5ae0cb,N3,N1,mismatch,負う,おう,負う,おう,JLPT 1,649f18ff3db94ec384f84f36a6cc45e9,surface+reading,N1,https://ja.dict.naver.com/#/search?query=%E8%B2%A0%E3%81%86,2026-08-19T00:31:52+0900,
w_6cb0c4507d8308c1,N3,N2,mismatch,財産,ざいさん,財産,ざいさん,JLPT 2,e8555b9e2d7c49a6b41f6cbbaf926881,surface+reading,N2,https://ja.dict.naver.com/#/search?query=%E8%B2%A1%E7%94%A3,2026-08-19T00:31:52+0900,
w_09e847bec6604294,N3,N2,mismatch,責める,せめる,責める,せめる,JLPT 2,768467169e8b41ea82f063e0f6ee742e,surface+reading,N2,https://ja.dict.naver.com/#/search?query=%E8%B2%AC%E3%82%81%E3%82%8B,2026-08-19T00:31:52+0900,
w_f52c956469dac353,N3,N2,mismatch,貴重,きちょう,貴重,きちょう,JLPT 2,05a53dd7a7f2445ab7ae22eb503cd27d,surface+reading,N2,https://ja.dict.naver.com/#/search?query=%E8%B2%B4%E9%87%8D,2026-08-19T00:31:52+0900,
w_af84d28aba699b3e,N3,N2,mismatch,貸し,かし,貸し,かし,JLPT 2,2a233ac6bb1045908a759a4b5f9c5245,surface+reading,N2,https://ja.dict.naver.com/#/search?query=%E8%B2%B8%E3%81%97,2026-08-19T00:31:52+0900,
w_2295861af36e10f4,N3,N2,mismatch,資本,しほん,資本,しほん,JLPT 2,06c27f8512594f0fb3802e4ea1be7a61,surface+reading,N2,https://ja.dict.naver.com/#/search?query=%E8%B3%87%E6%9C%AC,2026-08-19T00:31:52+0900,
w_fc525b21ed5fd442,N3,N2,mismatch,資源,しげん,資源,しげん,JLPT 2,8beae1ad74b4492cae0a357ee43d3f0c,surface+reading,N2,https://ja.dict.naver.com/#/search?query=%E8%B3%87%E6%BA%90,2026-08-19T00:31:52+0900,
w_c85f41f33070ec9e,N3,N4,mismatch,賛成,さんせい,賛成,さんせい,JLPT 4,c33129951dd34f7a867337d5b7804579,surface+reading,N4,https://ja.dict.naver.com/#/search?query=%E8%B3%9B%E6%88%90,2026-08-19T00:31:52+0900,
w_53e60de5cc9bcd78,N3,N2,mismatch,賞,しょう,賞,しょう,JLPT 2,edf6b3af8bc842c78410340d1a430f2e,surface+reading,N2,https://ja.dict.naver.com/#/search?query=%E8%B3%9E,2026-08-19T00:31:52+0900,
w_9fa827c41de0987b,N3,N2,mismatch,質,しつ,質,しつ,JLPT 2,9aa6b36d7cc449a7960c7e8aebba7cec,surface+reading,N2,https://ja.dict.naver.com/#/search?query=%E8%B3%AA,2026-08-19T00:31:52+0900,
w_14fa71598df21aa7,N3,N1,mismatch,賭ける,かける,賭ける,かける,JLPT 1,492aaef587354bf58c2f7a06e707fff6,surface+reading,N1,https://ja.dict.naver.com/#/search?query=%E8%B3%AD%E3%81%91%E3%82%8B,2026-08-19T00:31:52+0900,
w_7ee3ae2a7f928c64,N3,N2,mismatch,贅沢,ぜいたく,贅沢,ぜいたく,JLPT 2,516fb6cb9a5242ef9da9e146fc04ce33,surface+reading,N2,https://ja.dict.naver.com/#/search?query=%E8%B4%85%E6%B2%A2,2026-08-19T00:31:52+0900,
w_7c7f209d65254f78,N3,N1,mismatch,起源,きげん,起源·起原,きげん,JLPT 1,ff313b9fc1674b8f9b8983116b1f7213,surface+reading,N1,https://ja.dict.naver.com/#/search?query=%E8%B5%B7%E6%BA%90,2026-08-19T00:31:52+0900,
w_a607d0d4b4d7b1a2,N3,N2,mismatch,越える,こえる,越える,こえる,JLPT 2,58186295df9e4a1992940c8c3ea4b5ae,surface+reading,N2,https://ja.dict.naver.com/#/search?query=%E8%B6%8A%E3%81%88%E3%82%8B,2026-08-19T00:31:52+0900,
w_d4c49a2343b8feb2,N3,N2,mismatch,越す,こす,越す,こす,JLPT 2,06721be6cf9649da8a6af1fdee0ddcd4,surface+reading,N2,https://ja.dict.naver.com/#/search?query=%E8%B6%8A%E3%81%99,2026-08-19T00:31:52+0900,
w_c1e70e96c07b6797,N3,N4,mismatch,趣味,しゅみ,趣味,しゅみ,JLPT 4,0f898045e30147e9b834e5d6bd6fcaab,surface+reading,N4,https://ja.dict.naver.com/#/search?query=%E8%B6%A3%E5%91%B3,2026-08-19T00:31:52+0900,
w_4fda0545546c2eb9,N3,N2,mismatch,跡,あと,跡,あと,JLPT 2,79d8c48faccf4e3bb74aa1357cb07e80,surface+reading,N2,https://ja.dict.naver.com/#/search?query=%E8%B7%A1,2026-08-19T00:31:52+0900,
w_43862bf95fbf02dd,N3,N2,mismatch,身体,しんたい,身体,しんたい,JLPT 2,3a475cdccb394ee0ac34b10ba13c9d8b,surface+reading,N2,https://ja.dict.naver.com/#/search?query=%E8%BA%AB%E4%BD%93,2026-08-19T00:31:52+0900,
w_8348344251cc1290,N3,N2,mismatch,軍,ぐん,軍,ぐん,JLPT 2,2a633f4de37e471db2a1731956543d01,surface+reading,N2,https://ja.dict.naver.com/#/search?query=%E8%BB%8D,2026-08-19T00:31:52+0900,
w_6a14f4fb1bf8c167,N3,N2,mismatch,軍隊,ぐんたい,軍隊,ぐんたい,JLPT 2,0c2fbcb4c81840de87db02831480214d,surface+reading,N2,https://ja.dict.naver.com/#/search?query=%E8%BB%8D%E9%9A%8A,2026-08-19T00:31:52+0900,
w_523564dca147c289,N3,N4,mismatch,転ぶ,ころぶ,転ぶ,ころぶ,JLPT 4,f5dac6ec15a646bcbf1ed57b096c7778,surface+reading,N4,https://ja.dict.naver.com/#/search?query=%E8%BB%A2%E3%81%B6,2026-08-19T00:31:52+0900,
w_a6fb1f5c372c20c0,N3,N4,mismatch,輸入,ゆにゅう,輸入,ゆにゅう,JLPT 4,4a33819fbedb4f0fb7a984e97c2da3e6,surface+reading,N4,https://ja.dict.naver.com/#/search?query=%E8%BC%B8%E5%85%A5,2026-08-19T00:31:52+0900,
w_35c74d487d407e1d,N3,N4,mismatch,輸出,ゆしゅつ,輸出,ゆしゅつ,JLPT 4,50d3f6b4e3a54691ae3cfd5a68b90306,surface+reading,N4,https://ja.dict.naver.com/#/search?query=%E8%BC%B8%E5%87%BA,2026-08-19T00:31:52+0900,
w_73af8c94eaaf7836,N3,N5,mismatch,辛い,からい,辛い·鹹い,からい,JLPT 5,28cdac6f93774f5192e4ae71c2269410,surface+reading,N5,https://ja.dict.naver.com/#/search?query=%E8%BE%9B%E3%81%84,2026-08-19T00:31:52+0900,
w_da535a991def07ed,N3,N2,mismatch,辞める,やめる,辞める·罷める,やめる,JLPT 2,58ed11e0bef3407a8f535ac5f41d21cd,surface+reading,N2,https://ja.dict.naver.com/#/search?query=%E8%BE%9E%E3%82%81%E3%82%8B,2026-08-19T00:31:52+0900,
w_1e6961ce3411cb4b,N3,N2,mismatch,農業,のうぎょう,農業,のうぎょう,JLPT 2,b11b095b1eeb43c2ad5d35d6b5e8ba91,surface+reading,N2,https://ja.dict.naver.com/#/search?query=%E8%BE%B2%E6%A5%AD,2026-08-19T00:31:52+0900,
w_b4b1196005d58498,N3,N2,mismatch,辺り,あたり,辺り,あたり,JLPT 2,3999539ea5614384a5e921f7e126f251,surface+reading,N2,https://ja.dict.naver.com/#/search?query=%E8%BE%BA%E3%82%8A,2026-08-19T00:31:52+0900,
w_4158c8e11b965544,N3,N2,mismatch,近代,きんだい,近代,きんだい,JLPT 2,49d528c15ffa40449f606f4655e3a7af,surface+reading,N2,https://ja.dict.naver.com/#/search?query=%E8%BF%91%E4%BB%A3,2026-08-19T00:31:52+0900,
w_a7a8db8a8ce2c024,N3,N2,mismatch,近頃,ちかごろ,近頃,ちかごろ,JLPT 2,afe8d84f779245b4ab2f422e0a905e95,surface+reading,N2,https://ja.dict.naver.com/#/search?query=%E8%BF%91%E9%A0%83,2026-08-19T00:31:52+0900,
w_717479e0869c099f,N3,N2,mismatch,追いつく,おいつく,追(い)付く·追(い)着く,おいつく,JLPT 2,d52c077da1444b369ddcdd1ecfa11787,exact-search+reading,N2,https://ja.dict.naver.com/#/search?query=%E8%BF%BD%E3%81%84%E3%81%A4%E3%81%8F,2026-08-19T00:31:52+0900,
w_9424ad8f5a008305,N3,N2,mismatch,退屈,たいくつ,退屈,たいくつ,JLPT 2,d45eab48cc7b47d4a5cc0165afba7feb,surface+reading,N2,https://ja.dict.naver.com/#/search?query=%E9%80%80%E5%B1%88,2026-08-19T00:31:52+0900,
w_cfaabede8d015780,N3,N4,mismatch,逃げる,にげる,逃げる,にげる,JLPT 4,6ed8643e6b9f4875b3b132048882f5c6,surface+reading,N4,https://ja.dict.naver.com/#/search?query=%E9%80%83%E3%81%92%E3%82%8B,2026-08-19T00:31:52+0900,
w_85439e59d33a20df,N3,N2,mismatch,通学,つうがく,通学,つうがく,JLPT 2,a7c38381347f4743b4349f064087a1de,surface+reading,N2,https://ja.dict.naver.com/#/search?query=%E9%80%9A%E5%AD%A6,2026-08-19T00:31:52+0900,
w_9bbf7800b045571e,N3,N2,mismatch,通知,つうち,通知,つうち,JLPT 2,d2f42bc5be9e409cb3878da9137cdfcf,surface+reading,N2,https://ja.dict.naver.com/#/search?query=%E9%80%9A%E7%9F%A5,2026-08-19T00:31:52+0900,
w_5781c5411e11ee7a,N3,N2,mismatch,通貨,つうか,通貨,つうか,JLPT 2,36ffd4a7cc074a39a0993ad59484f29c,surface+reading,N2,https://ja.dict.naver.com/#/search?query=%E9%80%9A%E8%B2%A8,2026-08-19T00:31:52+0900,
w_b21962ab319c95c0,N3,N2,mismatch,連れ,つれ,連れ,つれ,JLPT 2,99750c2ce4934e7b808a27f84a5f3a7e,surface+reading,N2,https://ja.dict.naver.com/#/search?query=%E9%80%A3%E3%82%8C,2026-08-19T00:31:52+0900,
w_359308a43cda16ed,N3,N2,mismatch,連想,れんそう,連想·聯想,れんそう,JLPT 2,f8349211b25949e1a8e9a0d757102c34,surface+reading,N2,https://ja.dict.naver.com/#/search?query=%E9%80%A3%E6%83%B3,2026-08-19T00:31:52+0900,
w_1b9d3bcf609903b7,N3,N2,mismatch,連続,れんぞく,連続,れんぞく,JLPT 2,daee59457c124b8e9dbb9c36e2bc68f4,surface+reading,N2,https://ja.dict.naver.com/#/search?query=%E9%80%A3%E7%B6%9A,2026-08-19T00:31:52+0900,
w_17801056c96e4a77,N3,N2,mismatch,週,しゅう,週,しゅう,JLPT 2,d0383ac7223c485dbb272bca9e52fa2c,surface+reading,N2,https://ja.dict.naver.com/#/search?query=%E9%80%B1,2026-08-19T00:31:52+0900,
w_88b0d32b9dabc7ec,N3,N2,mismatch,進行,しんこう,進行,しんこう,JLPT 2,f901d7675e7741cebd8adbce8486b1d4,surface+reading,N2,https://ja.dict.naver.com/#/search?query=%E9%80%B2%E8%A1%8C,2026-08-19T00:31:52+0900,
w_12acadbc6530ce41,N3,N5,mismatch,遅い,おそい,遅い,おそい,JLPT 5,7d655bc1f7104d218c6f2db7809fdce3,surface+reading,N5,https://ja.dict.naver.com/#/search?query=%E9%81%85%E3%81%84,2026-08-19T00:31:52+0900,
w_3363fa1b13be8978,N3,N1,mismatch,遅れ,おくれ,遅れ·後れ,おくれ,JLPT 1,36015cb1de3b48fb89e9c77b7e99bbdb,surface+reading,N1,https://ja.dict.naver.com/#/search?query=%E9%81%85%E3%82%8C,2026-08-19T00:31:52+0900,
w_75463e15ecd9d0bd,N3,N4,mismatch,遅れる,おくれる,遅れる,おくれる,JLPT 4,7d6f78e147b643b987a37db6b89f8e46,surface+reading,N4,https://ja.dict.naver.com/#/search?query=%E9%81%85%E3%82%8C%E3%82%8B,2026-08-19T00:31:52+0900,
w_00b1716ef6ef3781,N3,N4,mismatch,運,うん,運,うん,JLPT 4,ec37a5489c364940a6b2a9b9b7b1df9a,surface+reading,N4,https://ja.dict.naver.com/#/search?query=%E9%81%8B,2026-08-19T00:31:52+0900,
w_85bb20751a1c4720,N3,N4,mismatch,運転,うんてん,運転,うんてん,JLPT 4,a2492810ad4b429f9e9f22210adfff02,surface+reading,N4,https://ja.dict.naver.com/#/search?query=%E9%81%8B%E8%BB%A2,2026-08-19T00:31:52+0900,
w_6a6073dfdd680835,N3,N4,mismatch,過ぎる,すぎる,過ぎる,すぎる,JLPT 4,27d7c2c31aca47b0b3e1ef46f21aef99,surface+reading,N4,https://ja.dict.naver.com/#/search?query=%E9%81%8E%E3%81%8E%E3%82%8B,2026-08-19T00:31:52+0900,
w_2ded2da7677ec792,N3,N2,mismatch,過去,かこ,過去,かこ,JLPT 2,3d4b7f18e170471d8a9191745a6684c0,surface+reading,N2,https://ja.dict.naver.com/#/search?query=%E9%81%8E%E5%8E%BB,2026-08-19T00:31:52+0900,
w_9c03966434e4d456,N3,N2,mismatch,過程,かてい,過程,かてい,JLPT 2,a61c7592a59b4aa7a9205c8b8887365c,surface+reading,N2,https://ja.dict.naver.com/#/search?query=%E9%81%8E%E7%A8%8B,2026-08-19T00:31:52+0900,
w_d402cdb52c5943e6,N3,N2,mismatch,違いない,ちがいない,違いない,ちがいない,JLPT 2,28f53d6bd6ba4db8acbcc3eea069d53a,surface+reading,N2,https://ja.dict.naver.com/#/search?query=%E9%81%95%E3%81%84%E3%81%AA%E3%81%84,2026-08-19T00:31:52+0900,
w_90141350e04c96e6,N3,N2,mismatch,適する,てきする,適する,てきする,JLPT 2,ccc90f061c38461c959a1af4abf59ec3,surface+reading,N2,https://ja.dict.naver.com/#/search?query=%E9%81%A9%E3%81%99%E3%82%8B,2026-08-19T00:31:52+0900,
w_22a55073734acb78,N3,N2,mismatch,適切,てきせつ,適切,てきせつ,JLPT 2,354452825ca24fa2b1f44bdb46b52e90,surface+reading,N2,https://ja.dict.naver.com/#/search?query=%E9%81%A9%E5%88%87,2026-08-19T00:31:52+0900,
w_58fd4cfc348b8dcd,N3,N2,mismatch,適度,てきど,適度,てきど,JLPT 2,0985a0c2dd3f420bbba7063fe1b0ebb9,surface+reading,N2,https://ja.dict.naver.com/#/search?query=%E9%81%A9%E5%BA%A6,2026-08-19T00:31:52+0900,
w_8a8cd2d7dcc31cab,N3,N2,mismatch,適用,てきよう,適用,てきよう,JLPT 2,16f6daeef84f4538829e5166904035d7,surface+reading,N2,https://ja.dict.naver.com/#/search?query=%E9%81%A9%E7%94%A8,2026-08-19T00:31:52+0900,
w_443402a561d02022,N3,N4,mismatch,選手,せんしゅ,選手,せんしゅ,JLPT 4,89433c50bed64395931a9fd674c27753,surface+reading,N4,https://ja.dict.naver.com/#/search?query=%E9%81%B8%E6%89%8B,2026-08-19T00:31:52+0900,
w_bc56f024009bc290,N3,N2,mismatch,都,みやこ,都·京,みやこ,JLPT 2,dec25cbd96fd41bc8516c8954c35ac05,surface+reading,N2,https://ja.dict.naver.com/#/search?query=%E9%83%BD,2026-08-19T00:31:52+0900,
w_1acdb3d6e3e0e8ad,N3,N4,mismatch,都合,つごう,都合,つごう,JLPT 4,4ab901caaa84430a8088560087eec3bc,surface+reading,N4,https://ja.dict.naver.com/#/search?query=%E9%83%BD%E5%90%88,2026-08-19T00:31:52+0900,
w_f8af1abd32dbfe9d,N3,N2,mismatch,酸素,さんそ,酸素,さんそ,JLPT 2,140bd8f27eda4cf9a71a61f55df91028,surface+reading,N2,https://ja.dict.naver.com/#/search?query=%E9%85%B8%E7%B4%A0,2026-08-19T00:31:52+0900,
w_d1f54303e542d1ed,N3,N2,mismatch,重大,じゅうだい,重大,じゅうだい,JLPT 2,b9082aa07ac34b0e837dff4253a3fcba,surface+reading,N2,https://ja.dict.naver.com/#/search?query=%E9%87%8D%E5%A4%A7,2026-08-19T00:31:52+0900,
w_cf7f44baa51e9324,N3,N2,mismatch,金属,きんぞく,金属,きんぞく,JLPT 2,bb5e9064d1a9437d9723ea5222f94871,surface+reading,N2,https://ja.dict.naver.com/#/search?query=%E9%87%91%E5%B1%9E,2026-08-19T00:31:52+0900,
w_0fcf2842c88f49c4,N3,N2,mismatch,金融,きんゆう,金融,きんゆう,JLPT 2,ab4571f9dc2541409088d9fcba6b12d7,surface+reading,N2,https://ja.dict.naver.com/#/search?query=%E9%87%91%E8%9E%8D,2026-08-19T00:31:52+0900,
w_75d178314514b3ed,N3,N2,mismatch,金額,きんがく,金額,きんがく,JLPT 2,a0a1ed658998447181b25a054e2b5896,surface+reading,N2,https://ja.dict.naver.com/#/search?query=%E9%87%91%E9%A1%8D,2026-08-19T00:31:52+0900,
w_031eab674a83af74,N3,N2,mismatch,鉄,てつ,鉄,てつ,JLPT 2,a50225d6118947f1b22002469e7ebee7,surface+reading,N2,https://ja.dict.naver.com/#/search?query=%E9%89%84,2026-08-19T00:31:52+0900,
w_2d7412e01044c905,N3,N2,mismatch,銀,ぎん,銀,ぎん,JLPT 2,e5471167b90f498a9e5ceaa309f50ae9,surface+reading,N2,https://ja.dict.naver.com/#/search?query=%E9%8A%80,2026-08-19T00:31:52+0900,
w_992c1cacff9001b6,N3,N2,mismatch,銃,じゅう,銃,じゅう,JLPT 2,dd235b79b64a4be29bd4b826a86facfb,surface+reading,N2,https://ja.dict.naver.com/#/search?query=%E9%8A%83,2026-08-19T00:31:52+0900,
w_9c9c02fa9b24aa78,N3,N2,mismatch,長期,ちょうき,長期,ちょうき,JLPT 2,795818922dff4ec582b21bff087b5f6d,surface+reading,N2,https://ja.dict.naver.com/#/search?query=%E9%95%B7%E6%9C%9F,2026-08-19T00:31:52+0900,
w_903895183827ef59,N3,N4,mismatch,閉じる,とじる,閉じる,とじる,JLPT 4,a3be098351674a8a87aa9c387997aa23,surface+reading,N4,https://ja.dict.naver.com/#/search?query=%E9%96%89%E3%81%98%E3%82%8B,2026-08-19T00:31:52+0900,
w_fd0b48318b16468c,N3,N2,mismatch,開始,かいし,開始,かいし,JLPT 2,ba31a44ef7a04d4ea97fa648065323bb,surface+reading,N2,https://ja.dict.naver.com/#/search?query=%E9%96%8B%E5%A7%8B,2026-08-19T00:31:52+0900,
w_dd71d876b5defe3a,N3,N1,mismatch,間隔,かんかく,間隔,かんかく,JLPT 1,8b1f8bbebc544c8ca09ff704c6901af8,surface+reading,N1,https://ja.dict.naver.com/#/search?query=%E9%96%93%E9%9A%94,2026-08-19T00:31:52+0900,
w_db4ada3a43693b59,N3,N2,mismatch,関する,かんする,関する,かんする,JLPT 2,e8cdd7cc96ca4e1baee09bb2d0074a67,surface+reading,N2,https://ja.dict.naver.com/#/search?query=%E9%96%A2%E3%81%99%E3%82%8B,2026-08-19T00:31:52+0900,
w_433698874cf665b7,N3,N2,mismatch,関連,かんれん,関連·関聯,かんれん,JLPT 2,00e4ced4481c470799ba71c4c5fa571d,surface+reading,N2,https://ja.dict.naver.com/#/search?query=%E9%96%A2%E9%80%A3,2026-08-19T00:31:52+0900,
w_98ab7b2cbcdd104e,N3,N2,mismatch,防ぐ,ふせぐ,防ぐ·禦ぐ·拒ぐ,ふせぐ,JLPT 2,73f7ee452d9147acac72de44d6d23b0e,surface+reading,N2,https://ja.dict.naver.com/#/search?query=%E9%98%B2%E3%81%90,2026-08-19T00:31:52+0900,
w_1273adff4059ede1,N3,N1,mismatch,降伏,こうふく,降伏·降服,こうふく,JLPT 1,38e7bb05964b47d1b9176733c3cdde93,surface+reading,N1,https://ja.dict.naver.com/#/search?query=%E9%99%8D%E4%BC%8F,2026-08-19T00:31:52+0900,
w_51b95d78d41ec7ac,N3,N2,mismatch,陰,かげ,陰·蔭·翳,かげ,JLPT 2,b898fc0c7bd84a9dba12e2d168d2e03a,surface+reading,N2,https://ja.dict.naver.com/#/search?query=%E9%99%B0,2026-08-19T00:31:52+0900,
w_22036247bd55329f,N3,N2,mismatch,陸,りく,陸,りく,JLPT 2,ab82ec8c04b94ceb8b3b0fea62cd9da6,surface+reading,N2,https://ja.dict.naver.com/#/search?query=%E9%99%B8,2026-08-19T00:31:52+0900,
w_65b3a10861c208c1,N3,N2,mismatch,陽気,ようき,陽気,ようき,JLPT 2,a240391aefc040239343303bb88efce1,surface+reading,N2,https://ja.dict.naver.com/#/search?query=%E9%99%BD%E6%B0%97,2026-08-19T00:31:52+0900,
w_61c4be0ce9d305d2,N3,N2,mismatch,障害,しょうがい,障害·障碍·障礙,しょうがい,JLPT 2,c9296f62f08e4c378b64d522641d701a,surface+reading,N2,https://ja.dict.naver.com/#/search?query=%E9%9A%9C%E5%AE%B3,2026-08-19T00:31:52+0900,
w_bb593fe8f64edd85,N3,N2,mismatch,集中,しゅうちゅう,集中,しゅうちゅう,JLPT 2,34cea7eb0ca34aa49a6260eb312f19ac,surface+reading,N2,https://ja.dict.naver.com/#/search?query=%E9%9B%86%E4%B8%AD,2026-08-19T00:31:52+0900,
w_ba6cea0e762a9b40,N3,N2,mismatch,集合,しゅうごう,集合,しゅうごう,JLPT 2,04bd49c648404a58b261f82188f42db5,surface+reading,N2,https://ja.dict.naver.com/#/search?query=%E9%9B%86%E5%90%88,2026-08-19T00:31:52+0900,
w_8e74a11a20baa606,N3,N2,mismatch,集団,しゅうだん,集団,しゅうだん,JLPT 2,56a391e91b7d45c7a2d9ba2ae5bb6aa8,surface+reading,N2,https://ja.dict.naver.com/#/search?query=%E9%9B%86%E5%9B%A3,2026-08-19T00:31:52+0900,
w_d20456aa5e0912bc,N3,N2,mismatch,雇う,やとう,雇う·傭う,やとう,JLPT 2,bbe50e77961947babd19001e68db3704,surface+reading,N2,https://ja.dict.naver.com/#/search?query=%E9%9B%87%E3%81%86,2026-08-19T00:31:52+0900,
w_8c283dd526f4e58f,N3,N5,mismatch,雑誌,ざっし,雑誌,ざっし,JLPT 5,7ec66d0508064666979dbfe8c675eaa7,surface+reading,N5,https://ja.dict.naver.com/#/search?query=%E9%9B%91%E8%AA%8C,2026-08-19T00:31:52+0900,
w_922cf062f49b5d26,N3,N2,mismatch,離す,はなす,離す,はなす,JLPT 2,d8265c284def4bf5a0394d0a65cbe682,surface+reading,N2,https://ja.dict.naver.com/#/search?query=%E9%9B%A2%E3%81%99,2026-08-19T00:31:52+0900,
w_66a3dd3f6aefad4d,N3,N2,mismatch,雷,かみなり,雷,かみなり,JLPT 2,09547a2896184ca5bbf7e23ed10b979c,surface+reading,N2,https://ja.dict.naver.com/#/search?query=%E9%9B%B7,2026-08-19T00:31:52+0900,
w_0b6968f3aa701bde,N3,N2,mismatch,霧,きり,霧,きり,JLPT 2,ade721a82d114ed6a6d39b5ab4dc039e,surface+reading,N2,https://ja.dict.naver.com/#/search?query=%E9%9C%A7,2026-08-19T00:31:52+0900,
w_6c5c7d9334b38f48,N3,N2,mismatch,非常,ひじょう,非常,ひじょう,JLPT 2,510c02af72c041748f3f8e8567b15f03,surface+reading,N2,https://ja.dict.naver.com/#/search?query=%E9%9D%9E%E5%B8%B8,2026-08-19T00:31:52+0900,
w_6e28f342151c94e8,N3,N2,mismatch,面,めん,面,めん,JLPT 2,7004b61506d747108b6d6dff8ec1e070,surface+reading,N2,https://ja.dict.naver.com/#/search?query=%E9%9D%A2,2026-08-19T00:31:52+0900,
w_e8527e876dc06d94,N3,N2,mismatch,音,おん,音,おん,JLPT 2,141e5f9652d44281bd907fdcc327cbeb,surface+reading,N2,https://ja.dict.naver.com/#/search?query=%E9%9F%B3,2026-08-19T00:31:52+0900,
w_08df3edd8f40439c,N3,N2,mismatch,頂上,ちょうじょう,頂上,ちょうじょう,JLPT 2,3d83a9451041428fabe1b8600979362c,surface+reading,N2,https://ja.dict.naver.com/#/search?query=%E9%A0%82%E4%B8%8A,2026-08-19T00:31:52+0900,
w_27a721e78687b340,N3,N2,mismatch,順調,じゅんちょう,順調,じゅんちょう,JLPT 2,d264957afacc4bf7abed4a18549ade2a,surface+reading,N2,https://ja.dict.naver.com/#/search?query=%E9%A0%86%E8%AA%BF,2026-08-19T00:31:52+0900,
w_b1a157bd60c9f520,N3,N2,mismatch,頭痛,ずつう,頭痛,ずつう,JLPT 2,a8df2a6f147f4bdcbd04c1ac8fe9042e,surface+reading,N2,https://ja.dict.naver.com/#/search?query=%E9%A0%AD%E7%97%9B,2026-08-19T00:31:52+0900,
w_a68d1d31629a25ca,N3,N4,mismatch,頼む,たのむ,頼む,たのむ,JLPT 4,e0911ee44a37402889192ca16779b3e5,surface+reading,N4,https://ja.dict.naver.com/#/search?query=%E9%A0%BC%E3%82%80,2026-08-19T00:31:52+0900,
w_beba51ed42057271,N3,N2,mismatch,頼る,たよる,頼る·便る,たよる,JLPT 2,b9360e0d7bad46d3a8dd09d248ed6db8,surface+reading,N2,https://ja.dict.naver.com/#/search?query=%E9%A0%BC%E3%82%8B,2026-08-19T00:31:52+0900,
w_589a52918b01d7d5,N3,N2,mismatch,題,だい,題,だい,JLPT 2,053f7328139f414086d23fadfa402afb,surface+reading,N2,https://ja.dict.naver.com/#/search?query=%E9%A1%8C,2026-08-19T00:31:52+0900,
w_3cf0e4c9fa08b8de,N3,N1,mismatch,額,がく,額,がく,JLPT 1,9d49660b5e0e41f0938b7feb1f6e2b14,surface+reading,N1,https://ja.dict.naver.com/#/search?query=%E9%A1%8D,2026-08-19T00:31:52+0900,
w_6388a0edfae62aee,N3,N4,mismatch,願う,ねがう,願う,ねがう,JLPT 4,0a63997b584b4a4fadd9470cf112e966,surface+reading,N4,https://ja.dict.naver.com/#/search?query=%E9%A1%98%E3%81%86,2026-08-19T00:31:52+0900,
w_0f26111535f0210a,N3,N5,mismatch,飛ぶ,とぶ,飛ぶ,とぶ,JLPT 5,8a7c08d72f344dc4afe5631e4ff9e97d,surface+reading,N5,https://ja.dict.naver.com/#/search?query=%E9%A3%9B%E3%81%B6,2026-08-19T00:31:52+0900,
w_36f3f15969358bd0,N3,N2,mismatch,食う,くう,食う·喰う,くう,JLPT 2,2c1e2c31a24d4d1da9dc47a536335a32,surface+reading,N2,https://ja.dict.naver.com/#/search?query=%E9%A3%9F%E3%81%86,2026-08-19T00:31:52+0900,
w_5ffc295476ebec82,N3,N2,mismatch,食卓,しょくたく,食卓,しょくたく,JLPT 2,4e0da45b108b49a7a77fd26626cf09b6,surface+reading,N2,https://ja.dict.naver.com/#/search?query=%E9%A3%9F%E5%8D%93,2026-08-19T00:31:52+0900,
w_a82850c81b2924f3,N3,N2,mismatch,食料,しょくりょう,食料,しょくりょう,JLPT 2,870318b912634a9c932570c0c7fcecaa,surface+reading,N2,https://ja.dict.naver.com/#/search?query=%E9%A3%9F%E6%96%99,2026-08-19T00:31:52+0900,
w_7f9d4dd28599f445,N3,N4,mismatch,飼う,かう,飼う,かう,JLPT 4,71570d4d0a7a436397c97439134322cd,surface+reading,N4,https://ja.dict.naver.com/#/search?query=%E9%A3%BC%E3%81%86,2026-08-19T00:31:52+0900,
w_4a1b1e17774facb5,N3,N4,mismatch,飾る,かざる,飾る,かざる,JLPT 4,80b4ba8cac1841f48dfde6473b0ee0a0,surface+reading,N4,https://ja.dict.naver.com/#/search?query=%E9%A3%BE%E3%82%8B,2026-08-19T00:31:52+0900,
w_f4d6136e926e4de7,N3,N4,mismatch,首,くび,首,くび,JLPT 4,8496407c85024a9a91fb2d095aaaa1f4,surface+reading,N4,https://ja.dict.naver.com/#/search?query=%E9%A6%96,2026-08-19T00:31:52+0900,
w_b67e9f01ecf28a70,N3,N2,mismatch,首相,しゅしょう,首相,しゅしょう,JLPT 2,f964cf6dd1e24840a3d9e225f6ec25f1,surface+reading,N2,https://ja.dict.naver.com/#/search?query=%E9%A6%96%E7%9B%B8,2026-08-19T00:31:52+0900,
w_436286d59eff0278,N3,N2,mismatch,香り,かおり,香り·薫り,かおり,JLPT 2,622a388ca1a945ee972bf32326e8d342,surface+reading,N2,https://ja.dict.naver.com/#/search?query=%E9%A6%99%E3%82%8A,2026-08-19T00:31:52+0900,
w_576ccbc5751f2876,N3,N1,mismatch,駆ける,かける,駆ける·駈ける,かける,JLPT 1,766b70f27f554c20814e313479e727fb,surface+reading,N1,https://ja.dict.naver.com/#/search?query=%E9%A7%86%E3%81%91%E3%82%8B,2026-08-19T00:31:52+0900,
w_0947cb28c1efc935,N3,N4,mismatch,駐車,ちゅうしゃ,駐車,ちゅうしゃ,JLPT 4,192326fcc7854bb9844adef593690257,surface+reading,N4,https://ja.dict.naver.com/#/search?query=%E9%A7%90%E8%BB%8A,2026-08-19T00:31:52+0900,
w_297d3596bc4a7b3e,N3,N4,mismatch,騒ぐ,さわぐ,騒ぐ,さわぐ,JLPT 4,d6fa0d050385485bb14d47a2f08885de,surface+reading,N4,https://ja.dict.naver.com/#/search?query=%E9%A8%92%E3%81%90,2026-08-19T00:31:52+0900,
w_9da2e123dfafec2a,N3,N1,mismatch,驚き,おどろき,驚き·愕き,おどろき,JLPT 1,476b479b343e4f1eb3c196aa59e3f52b,surface+reading,N1,https://ja.dict.naver.com/#/search?query=%E9%A9%9A%E3%81%8D,2026-08-19T00:31:52+0900,
w_4561f66e5adfae2f,N3,N4,mismatch,骨,ほね,骨,ほね,JLPT 4,bcf61e109bcb4f1db47ab26a792aaab0,surface+reading,N4,https://ja.dict.naver.com/#/search?query=%E9%AA%A8,2026-08-19T00:31:52+0900,
w_1e32a0b6db4888e1,N3,N2,mismatch,骨折,こっせつ,骨折,こっせつ,JLPT 2,5fa1fe6b51ef418ab56118334d777815,surface+reading,N2,https://ja.dict.naver.com/#/search?query=%E9%AA%A8%E6%8A%98,2026-08-19T00:31:52+0900,
w_bd700acc193e173f,N3,N2,mismatch,高速,こうそく,高速,こうそく,JLPT 2,02b906700f62428ca4e3ec91f291ad6c,surface+reading,N2,https://ja.dict.naver.com/#/search?query=%E9%AB%98%E9%80%9F,2026-08-19T00:31:52+0900,
w_29d959eaa87e0919,N3,N2,mismatch,髪の毛,かみのけ,髪の毛,かみのけ,JLPT 2,7fec05245e7c4e139fb295a976f998db,surface+reading,N2,https://ja.dict.naver.com/#/search?query=%E9%AB%AA%E3%81%AE%E6%AF%9B,2026-08-19T00:31:52+0900,
w_2b45b6d1637cf51e,N3,N2,mismatch,鬼,おに,鬼,おに,JLPT 2,d156b481292b461e89ba4f7eda06d4cd,surface+reading,N2,https://ja.dict.naver.com/#/search?query=%E9%AC%BC,2026-08-19T00:31:52+0900,
w_82adb6170ea8495c,N3,N2,mismatch,魚,うお,魚,うお,JLPT 2,d6a8517dd6844fa5bb4a49d149a69bd2,surface+reading,N2,https://ja.dict.naver.com/#/search?query=%E9%AD%9A,2026-08-19T00:31:52+0900,
w_ca75d89cd5674c1a,N3,N2,mismatch,黙る,だまる,黙る,だまる,JLPT 2,717cc1c66fa94fb29a81c1c51dd53791,surface+reading,N2,https://ja.dict.naver.com/#/search?query=%E9%BB%99%E3%82%8B,2026-08-19T00:31:52+0900,
w_2951147aa8426cc8,N4,N3,mismatch,お礼,おれい,お礼·御礼,おれい,JLPT 3,de026110608e4294bf80a01d00585e90,surface+reading,N3,https://ja.dict.naver.com/#/search?query=%E3%81%8A%E7%A4%BC,2026-08-19T00:31:52+0900,
w_082b84701552dac0,N4,N3,mismatch,けれど,けれど,けれど,けれど,JLPT 3,f528c1fee122406a829a6fbc7b89e1dc,surface+reading,N3,https://ja.dict.naver.com/#/search?query=%E3%81%91%E3%82%8C%E3%81%A9,2026-08-19T00:31:52+0900,
w_dba5ddfd94c5dbca,N4,N2,mismatch,すっと,すっと,すっと,すっと,JLPT 2,2c2b226c9a0b4faaaf79b8af094cec0d,surface+reading,N2,https://ja.dict.naver.com/#/search?query=%E3%81%99%E3%81%A3%E3%81%A8,2026-08-19T00:31:52+0900,
w_3ec592997b865dca,N4,N3,mismatch,やっぱり,やっぱり,矢っ張り,やっぱり,JLPT 3,48414736ec18451b9ee5e51e0c27ece2,surface+reading,N3,https://ja.dict.naver.com/#/search?query=%E3%82%84%E3%81%A3%E3%81%B1%E3%82%8A,2026-08-19T00:31:52+0900,
w_16699f6292844bcd,N4,N2,mismatch,オーバー,オーバー,オーバー,オーバー,JLPT 2,00393c0acc854846ad971663751fe6c2,surface+reading,N2,https://ja.dict.naver.com/#/search?query=%E3%82%AA%E3%83%BC%E3%83%90%E3%83%BC,2026-08-19T00:31:52+0900,
w_8be88d55282fef3e,N4,N1,mismatch,パパ,パパ,パパ,パパ,JLPT 1,d96472780ec848f9b05a8e90a017256d,surface+reading,N1,https://ja.dict.naver.com/#/search?query=%E3%83%91%E3%83%91,2026-08-19T00:31:52+0900,
w_1ae8c4e5ec07e559,N4,N3,mismatch,ビル,ビル,ビル,ビル,JLPT 3,3fe36c58b3c34415a487b0911952de0d,surface+reading,N3,https://ja.dict.naver.com/#/search?query=%E3%83%93%E3%83%AB,2026-08-19T00:31:52+0900,
w_c574304948c39b5e,N4,N3,mismatch,ファックス,ファックス,ファックス,ファックス,JLPT 3,e4ddd49816f440038c8aad6a48b5ceff,surface+reading,N3,https://ja.dict.naver.com/#/search?query=%E3%83%95%E3%82%A1%E3%83%83%E3%82%AF%E3%82%B9,2026-08-19T00:31:52+0900,
w_4510524eb66d1877,N4,N5,mismatch,上がる,あがる,上がる,あがる,JLPT 5,b4b6e4fbbaee4b93b9d4384104fde655,surface+reading,N5,https://ja.dict.naver.com/#/search?query=%E4%B8%8A%E3%81%8C%E3%82%8B,2026-08-19T00:31:52+0900,
w_a2adf1cb9c70191e,N4,N5,mismatch,上げる,あげる,上げる,あげる,JLPT 5,6ecdd8383df041959c2ce020fed4a98e,surface+reading,N5,https://ja.dict.naver.com/#/search?query=%E4%B8%8A%E3%81%92%E3%82%8B,2026-08-19T00:31:52+0900,
w_a2d0ec99952a034a,N4,N5,mismatch,仕事,しごと,仕事,しごと,JLPT 5,6c71bd27b44f4b5b8013cfece710a34c,surface+reading,N5,https://ja.dict.naver.com/#/search?query=%E4%BB%95%E4%BA%8B,2026-08-19T00:31:52+0900,
w_32e9e6b68a78d461,N4,N5,mismatch,住む,すむ,住む∙棲む∙栖む,すむ,JLPT 5,6f0abb4fc4994fc0a9965ac429e475b4,exact-search+reading,N5,https://ja.dict.naver.com/#/search?query=%E4%BD%8F%E3%82%80,2026-08-19T00:31:52+0900,
w_aa000a65e6fbc744,N4,N5,mismatch,体,からだ,体·躰·軀·身体,からだ,JLPT 5,10c860a592d5477bbcef0da7deb5779e,surface+reading,N5,https://ja.dict.naver.com/#/search?query=%E4%BD%93,2026-08-19T00:31:52+0900,
w_d4c2e0e758843e78,N4,N5,mismatch,作る,つくる,作る·造る,つくる,JLPT 5,a169f4141d8e4e1ba8ffcbab27e9dcbd,surface+reading,N5,https://ja.dict.naver.com/#/search?query=%E4%BD%9C%E3%82%8B,2026-08-19T00:31:52+0900,
w_922465604dc39d60,N4,N5,mismatch,使う,つかう,使う,つかう,JLPT 5,d090e287c8914a0ca39b09b1acd84688,surface+reading,N5,https://ja.dict.naver.com/#/search?query=%E4%BD%BF%E3%81%86,2026-08-19T00:31:52+0900,
w_59160bec6027260a,N4,N3,mismatch,倍,ばい,倍,ばい,JLPT 3,da93948739394ab5800987ae4dd6c719,surface+reading,N3,https://ja.dict.naver.com/#/search?query=%E5%80%8D,2026-08-19T00:31:52+0900,
w_9439a2cee60f4d2e,N4,N5,mismatch,借りる,かりる,借りる,かりる,JLPT 5,4803b56bdf03409cb4ed31238bfd0b20,surface+reading,N5,https://ja.dict.naver.com/#/search?query=%E5%80%9F%E3%82%8A%E3%82%8B,2026-08-19T00:31:52+0900,
w_3c23adf18899bec0,N4,N5,mismatch,元気,げんき,元気,げんき,JLPT 5,1324ad3e595445a0bb041dc5f0c97ede,surface+reading,N5,https://ja.dict.naver.com/#/search?query=%E5%85%83%E6%B0%97,2026-08-19T00:31:52+0900,
w_0868c5b03add8f4b,N4,N5,mismatch,公園,こうえん,公園,こうえん,JLPT 5,311c9755d518431b858ca6d69c4f3c7b,surface+reading,N5,https://ja.dict.naver.com/#/search?query=%E5%85%AC%E5%9C%92,2026-08-19T00:31:52+0900,
w_80121247ba5c6668,N4,N5,mismatch,勉強,べんきょう,勉強,べんきょう,JLPT 5,03cc2db50fc444099b811de658c1da80,surface+reading,N5,https://ja.dict.naver.com/#/search?query=%E5%8B%89%E5%BC%B7,2026-08-19T00:31:52+0900,
w_f88777c9431a4158,N4,N5,mismatch,医者,いしゃ,医者,いしゃ,JLPT 5,a0ab016f0f0343e29045c110e4bbd6c9,surface+reading,N5,https://ja.dict.naver.com/#/search?query=%E5%8C%BB%E8%80%85,2026-08-19T00:31:52+0900,
w_f13ff200945fa25c,N4,N5,mismatch,去年,きょねん,去年,きょねん,JLPT 5,0b9e80dbea3d42fcbe0dc56841ed8896,surface+reading,N5,https://ja.dict.naver.com/#/search?query=%E5%8E%BB%E5%B9%B4,2026-08-19T00:31:52+0900,
w_29fd13f6f877956f,N4,N5,mismatch,台所,だいどころ,台所,だいどころ,JLPT 5,6d18dd500cb64551b1e72d2567e12892,surface+reading,N5,https://ja.dict.naver.com/#/search?query=%E5%8F%B0%E6%89%80,2026-08-19T00:31:52+0900,
w_fc1b38b22097ee9b,N4,N5,mismatch,同じ,おなじ,同じ,おなじ,JLPT 5,27639b01854b4f81b1e9271d4ae74dd0,surface+reading,N5,https://ja.dict.naver.com/#/search?query=%E5%90%8C%E3%81%98,2026-08-19T00:31:52+0900,
w_4adaac0770478b95,N4,N2,mismatch,向かう,むかう,向かう,むかう,JLPT 2,e7315578185148679cf0abb42941c938,surface+reading,N2,https://ja.dict.naver.com/#/search?query=%E5%90%91%E3%81%8B%E3%81%86,2026-08-19T00:31:52+0900,
w_63f40bfa09f32a80,N4,N2,mismatch,味噌,みそ,味噌,みそ,JLPT 2,2c19a4a5109c43f68008ac09a0270aa2,surface+reading,N2,https://ja.dict.naver.com/#/search?query=%E5%91%B3%E5%99%8C,2026-08-19T00:31:52+0900,
w_15616b41437aee25,N4,N5,mismatch,図書館,としょかん,図書館,としょかん,JLPT 5,1b7e5a1dc32b49e9b4359ee797b95764,surface+reading,N5,https://ja.dict.naver.com/#/search?query=%E5%9B%B3%E6%9B%B8%E9%A4%A8,2026-08-19T00:31:52+0900,
w_df378927cc7ca748,N4,N5,mismatch,声,こえ,声,こえ,JLPT 5,5432f2fec18a44c995268799b5935866,surface+reading,N5,https://ja.dict.naver.com/#/search?query=%E5%A3%B0,2026-08-19T00:31:52+0900,
w_5172b1665f9af516,N4,N5,mismatch,売る,うる,売る,うる,JLPT 5,1ec9b1d389a0490fb40e1c7b20e7fafd,surface+reading,N5,https://ja.dict.naver.com/#/search?query=%E5%A3%B2%E3%82%8B,2026-08-19T00:31:52+0900,
w_246ecd1df45ca078,N4,N5,mismatch,夏,なつ,夏,なつ,JLPT 5,57fefa6508be483a8922b68ad8cca576,surface+reading,N5,https://ja.dict.naver.com/#/search?query=%E5%A4%8F,2026-08-19T00:31:52+0900,
w_9d6fc0a786122b00,N4,N5,mismatch,夕方,ゆうがた,夕方,ゆうがた,JLPT 5,9e985bc23b70411f9f2b64aef59d1278,surface+reading,N5,https://ja.dict.naver.com/#/search?query=%E5%A4%95%E6%96%B9,2026-08-19T00:31:52+0900,
w_33531b76799297b3,N4,N5,mismatch,夕飯,ゆうはん,夕飯,ゆうはん,JLPT 5,380165a2ec8740178332c2758fce5d40,surface+reading,N5,https://ja.dict.naver.com/#/search?query=%E5%A4%95%E9%A3%AF,2026-08-19T00:31:52+0900,
w_4d2ace818d1c6875,N4,N5,mismatch,夜,よる,夜,よる,JLPT 5,d6efa31a64304faabbae631b9273e10d,surface+reading,N5,https://ja.dict.naver.com/#/search?query=%E5%A4%9C,2026-08-19T00:31:52+0900,
w_0611fb1bc235a05e,N4,N5,mismatch,妹,いもうと,妹,いもうと,JLPT 5,b3cf49736aa64fd78b40622d19c1a4e7,surface+reading,N5,https://ja.dict.naver.com/#/search?query=%E5%A6%B9,2026-08-19T00:31:52+0900,
w_cf3e5eef92626820,N4,N5,mismatch,姉,あね,姉,あね,JLPT 5,f4838675a0ea461290e3666345dae5b5,surface+reading,N5,https://ja.dict.naver.com/#/search?query=%E5%A7%89,2026-08-19T00:31:52+0900,
w_67a0aa7719932f47,N4,N5,mismatch,家族,かぞく,家族,かぞく,JLPT 5,4c5ab35af6d14ec882afb646807cbcd3,surface+reading,N5,https://ja.dict.naver.com/#/search?query=%E5%AE%B6%E6%97%8F,2026-08-19T00:31:52+0900,
w_8b1142698566e2a1,N4,N5,mismatch,寒い,さむい,寒い,さむい,JLPT 5,8fd62628fb71402a84f7d15759981b31,surface+reading,N5,https://ja.dict.naver.com/#/search?query=%E5%AF%92%E3%81%84,2026-08-19T00:31:52+0900,
w_3491a0f98f0f0310,N4,N2,mismatch,尋ねる,たずねる,尋ねる∙訊ねる,たずねる,JLPT 2,cc265e24794f4d869bccd71e2b37d79d,exact-search+reading,N2,https://ja.dict.naver.com/#/search?query=%E5%B0%8B%E3%81%AD%E3%82%8B,2026-08-19T00:31:52+0900,
w_120144f6fe5e6500,N4,N5,mismatch,帰る,かえる,帰る·還る,かえる,JLPT 5,8993e92952f745d58a7ef1b99871528e,surface+reading,N5,https://ja.dict.naver.com/#/search?query=%E5%B8%B0%E3%82%8B,2026-08-19T00:31:52+0900,
w_ebc09b03cd09c23d,N4,N5,mismatch,広い,ひろい,広い,ひろい,JLPT 5,5c59927df2df42d4b378e819e4d5d6a4,surface+reading,N5,https://ja.dict.naver.com/#/search?query=%E5%BA%83%E3%81%84,2026-08-19T00:31:52+0900,
w_d86b7b1d350ddc0e,N4,N5,mismatch,建物,たてもの,建物,たてもの,JLPT 5,73e263f098334eed9915574f6dd10794,surface+reading,N5,https://ja.dict.naver.com/#/search?query=%E5%BB%BA%E7%89%A9,2026-08-19T00:31:52+0900,
w_c1704a9998ae7783,N4,N5,mismatch,弟,おとうと,弟,おとうと,JLPT 5,b0f8b5b1beea46a19a07b11ff24110b5,surface+reading,N5,https://ja.dict.naver.com/#/search?query=%E5%BC%9F,2026-08-19T00:31:52+0900,
w_242bf20f46ca8a31,N4,N5,mismatch,弱い,よわい,弱い,よわい,JLPT 5,a85ddf01a8d04dfc8ba348e66541a5ae,surface+reading,N5,https://ja.dict.naver.com/#/search?query=%E5%BC%B1%E3%81%84,2026-08-19T00:31:52+0900,
w_f0b5618bdca7c0ae,N4,N5,mismatch,強い,つよい,強い,つよい,JLPT 5,f58982d8047a401193b66619ce4f580e,surface+reading,N5,https://ja.dict.naver.com/#/search?query=%E5%BC%B7%E3%81%84,2026-08-19T00:31:52+0900,
w_610cccf8116412db,N4,N5,mismatch,待つ,まつ,待つ,まつ,JLPT 5,011febf5aeb3454d9f66aae29dd7163f,surface+reading,N5,https://ja.dict.naver.com/#/search?query=%E5%BE%85%E3%81%A4,2026-08-19T00:31:52+0900,
w_8c1622f59350a023,N4,N3,mismatch,息子,むすこ,息子,むすこ,JLPT 3,6690789ec76e467da7054ef9fdcaea70,surface+reading,N3,https://ja.dict.naver.com/#/search?query=%E6%81%AF%E5%AD%90,2026-08-19T00:31:52+0900,
w_e35c50f0e29bf03b,N4,N5,mismatch,悪い,わるい,悪い,わるい,JLPT 5,aa11c5acf93e464e98b2d33137782560,surface+reading,N5,https://ja.dict.naver.com/#/search?query=%E6%82%AA%E3%81%84,2026-08-19T00:31:52+0900,
w_65ff00fa44851c46,N4,N3,mismatch,成功,せいこう,成功,せいこう,JLPT 3,f60c4de4c80c4f42a9fd6d2f319e7ee5,surface+reading,N3,https://ja.dict.naver.com/#/search?query=%E6%88%90%E5%8A%9F,2026-08-19T00:31:52+0900,
w_21fd16f73e1ad0b7,N4,N5,mismatch,持つ,もつ,持つ,もつ,JLPT 5,62826f38fd1c42758e30e9e779c8303a,surface+reading,N5,https://ja.dict.naver.com/#/search?query=%E6%8C%81%E3%81%A4,2026-08-19T00:31:52+0900,
w_d5962a44ebfdac96,N4,N5,mismatch,教える,おしえる,教える,おしえる,JLPT 5,bda71452196c494f8efdc31833aa4da7,surface+reading,N5,https://ja.dict.naver.com/#/search?query=%E6%95%99%E3%81%88%E3%82%8B,2026-08-19T00:31:52+0900,
w_b5ddcfc1093c0a25,N4,N5,mismatch,教室,きょうしつ,教室,きょうしつ,JLPT 5,9b1d1f1e53b640fb8f2de08be35a8c51,surface+reading,N5,https://ja.dict.naver.com/#/search?query=%E6%95%99%E5%AE%A4,2026-08-19T00:31:52+0900,
w_afca84ce3be3c5e2,N4,N5,mismatch,料理,りょうり,料理,りょうり,JLPT 5,ae79790f0e5145fea61de1bffa99931b,surface+reading,N5,https://ja.dict.naver.com/#/search?query=%E6%96%99%E7%90%86,2026-08-19T00:31:52+0900,
w_b1f3838130aea336,N4,N5,mismatch,早い,はやい,早い,はやい,JLPT 5,1fed9d6072014cb08b39bbd35c093496,surface+reading,N5,https://ja.dict.naver.com/#/search?query=%E6%97%A9%E3%81%84,2026-08-19T00:31:52+0900,
w_64d7f2701ad55caf,N4,N5,mismatch,明るい,あかるい,明るい,あかるい,JLPT 5,f0111d43a24c4a6c92969e430730d808,surface+reading,N5,https://ja.dict.naver.com/#/search?query=%E6%98%8E%E3%82%8B%E3%81%84,2026-08-19T00:31:52+0900,
w_d50cec7f098a628f,N4,N5,mismatch,春,はる,春,はる,JLPT 5,7f8676d4c52d484d9a74442d305be658,surface+reading,N5,https://ja.dict.naver.com/#/search?query=%E6%98%A5,2026-08-19T00:31:52+0900,
w_57e25dbd1d97ec2a,N4,N3,mismatch,是非,ぜひ,是非,ぜひ,JLPT 3,ebfbc1d4a55c4c288456db5f52771391,surface+reading,N3,https://ja.dict.naver.com/#/search?query=%E6%98%AF%E9%9D%9E,2026-08-19T00:31:52+0900,
w_22cceba4a8a12ced,N4,N5,mismatch,時計,とけい,時計,とけい,JLPT 5,a31685fafe0f4698aaa53b5cf6d44605,surface+reading,N5,https://ja.dict.naver.com/#/search?query=%E6%99%82%E8%A8%88,2026-08-19T00:31:52+0900,
w_df800d38380b4325,N4,N5,mismatch,暑い,あつい,暑い,あつい,JLPT 5,5ed8c4e625bf44e08af967ccaaa1474f,surface+reading,N5,https://ja.dict.naver.com/#/search?query=%E6%9A%91%E3%81%84,2026-08-19T00:31:52+0900,
w_7a4013968ca9088b,N4,N3,mismatch,暖房,だんぼう,暖房·煖房,だんぼう,JLPT 3,cf082786514647d09277a160161a5867,surface+reading,N3,https://ja.dict.naver.com/#/search?query=%E6%9A%96%E6%88%BF,2026-08-19T00:31:52+0900,
w_871d839872345899,N4,N5,mismatch,暗い,くらい,暗い,くらい,JLPT 5,e9cfa1eb974b4de4985069da3098eeed,surface+reading,N5,https://ja.dict.naver.com/#/search?query=%E6%9A%97%E3%81%84,2026-08-19T00:31:52+0900,
w_020d0976fb3b52e1,N4,N5,mismatch,服,ふく,服,ふく,JLPT 5,1382f34992884c50b63d0e08ede711a3,surface+reading,N5,https://ja.dict.naver.com/#/search?query=%E6%9C%8D,2026-08-19T00:31:52+0900,
w_8d526aa1c09b62a2,N4,N5,mismatch,楽しい,たのしい,楽しい,たのしい,JLPT 5,1559c32f4e4748df8446b5c58de22109,surface+reading,N5,https://ja.dict.naver.com/#/search?query=%E6%A5%BD%E3%81%97%E3%81%84,2026-08-19T00:31:52+0900,
w_40ff60b085bf706e,N4,N3,mismatch,楽しむ,たのしむ,楽しむ,たのしむ,JLPT 3,a12834c05dda4efc9a5b85c860b9f050,surface+reading,N3,https://ja.dict.naver.com/#/search?query=%E6%A5%BD%E3%81%97%E3%82%80,2026-08-19T00:31:52+0900,
w_9621a9869de29b8f,N4,N2,mismatch,様,よう,様,よう,JLPT 2,05a3bfed76b24f26bdf914cad87f55be,surface+reading,N2,https://ja.dict.naver.com/#/search?query=%E6%A7%98,2026-08-19T00:31:52+0900,
w_c1320ed4f7e412d5,N4,N3,mismatch,機会,きかい,機会,きかい,JLPT 3,feeba1cd65d24aa8801a88c0539aebed,surface+reading,N3,https://ja.dict.naver.com/#/search?query=%E6%A9%9F%E4%BC%9A,2026-08-19T00:31:52+0900,
w_01fbc4d975317826,N4,N5,mismatch,歌,うた,歌·唄,うた,JLPT 5,00842b046c53435885453de670f74fc3,surface+reading,N5,https://ja.dict.naver.com/#/search?query=%E6%AD%8C,2026-08-19T00:31:52+0900,
w_a8ec89206d4fff44,N4,N5,mismatch,歩く,あるく,歩く,あるく,JLPT 5,43ab1dba2a1d43f283aa2d7514e435c3,surface+reading,N5,https://ja.dict.naver.com/#/search?query=%E6%AD%A9%E3%81%8F,2026-08-19T00:31:52+0900,
w_add93d927612cd8c,N4,N5,mismatch,死ぬ,しぬ,死ぬ,しぬ,JLPT 5,204056f1d83944f5a3b36fed409b0fec,surface+reading,N5,https://ja.dict.naver.com/#/search?query=%E6%AD%BB%E3%81%AC,2026-08-19T00:31:52+0900,
w_4e58298752ee2215,N4,N5,mismatch,毎朝,まいあさ,毎朝,まいあさ,JLPT 5,85908d41ecba49b28cf24728de716828,surface+reading,N5,https://ja.dict.naver.com/#/search?query=%E6%AF%8E%E6%9C%9D,2026-08-19T00:31:52+0900,
w_a93adb84663bb23a,N4,N5,mismatch,池,いけ,池,いけ,JLPT 5,54e8fba7ca2a4fa5a3c526d9838b5d59,surface+reading,N5,https://ja.dict.naver.com/#/search?query=%E6%B1%A0,2026-08-19T00:31:52+0900,
w_e51a76a81c37896b,N4,N3,mismatch,注射,ちゅうしゃ,注射,ちゅうしゃ,JLPT 3,af39f3b6a8e643428aaaa7f95600be38,surface+reading,N3,https://ja.dict.naver.com/#/search?query=%E6%B3%A8%E5%B0%84,2026-08-19T00:31:52+0900,
w_8eb8b9611ad0e755,N4,N5,mismatch,洋服,ようふく,洋服,ようふく,JLPT 5,4b2b46e5d3e5497ea024784c56852b16,surface+reading,N5,https://ja.dict.naver.com/#/search?query=%E6%B4%8B%E6%9C%8D,2026-08-19T00:31:52+0900,
w_336db92caf7feb12,N4,N5,mismatch,洗う,あらう,洗う,あらう,JLPT 5,81914f0b2b9c4c37a0b71404b2b409df,surface+reading,N5,https://ja.dict.naver.com/#/search?query=%E6%B4%97%E3%81%86,2026-08-19T00:31:52+0900,
w_5a94cb733d2667ae,N4,N5,mismatch,海,うみ,海,うみ,JLPT 5,24172f7b64c244088d6bf09e38bccec4,surface+reading,N5,https://ja.dict.naver.com/#/search?query=%E6%B5%B7,2026-08-19T00:31:52+0900,
w_42d9aaff2ae0c5bb,N4,N3,mismatch,火,ひ,火,ひ,JLPT 3,a30313e1771740e0b3773a22b708221c,surface+reading,N3,https://ja.dict.naver.com/#/search?query=%E7%81%AB,2026-08-19T00:31:52+0900,
w_7ae36e87130d5564,N4,N3,mismatch,熱心,ねっしん,熱心,ねっしん,JLPT 3,7ea02f67fecd4a12ba6ad19833e416a8,surface+reading,N3,https://ja.dict.naver.com/#/search?query=%E7%86%B1%E5%BF%83,2026-08-19T00:31:52+0900,
w_18784069462d1c2d,N4,N5,mismatch,牛肉,ぎゅうにく,牛肉,ぎゅうにく,JLPT 5,b218bc5c691a41f5baa56bbf6fd879fd,surface+reading,N5,https://ja.dict.naver.com/#/search?query=%E7%89%9B%E8%82%89,2026-08-19T00:31:52+0900,
w_0eb0f469760ebd47,N4,N5,mismatch,犬,いぬ,犬·狗,いぬ,JLPT 5,5da13c6f47ee450cb6eaa65b536b9dc0,surface+reading,N5,https://ja.dict.naver.com/#/search?query=%E7%8A%AC,2026-08-19T00:31:52+0900,
w_68798e99810a2d2b,N4,N3,mismatch,用,よう,用,よう,JLPT 3,36277b7afab84877a8bfe9167fdc6790,surface+reading,N3,https://ja.dict.naver.com/#/search?query=%E7%94%A8,2026-08-19T00:31:52+0900,
w_9f1844144a87d5f8,N4,N5,mismatch,町,まち,町,まち,JLPT 5,72f6fb3d39324f57be1dc4cff93de065,surface+reading,N5,https://ja.dict.naver.com/#/search?query=%E7%94%BA,2026-08-19T00:31:52+0900,
w_094490be80a547d0,N4,N5,mismatch,病院,びょういん,病院,びょういん,JLPT 5,4994545368b64675b38ca9dca8a14f6c,surface+reading,N5,https://ja.dict.naver.com/#/search?query=%E7%97%85%E9%99%A2,2026-08-19T00:31:52+0900,
w_c21c1b329b0be0d0,N4,N3,mismatch,看護婦,かんごふ,看護婦,かんごふ,JLPT 3,57ec55046e5545ef94178ae76d40b868,surface+reading,N3,https://ja.dict.naver.com/#/search?query=%E7%9C%8B%E8%AD%B7%E5%A9%A6,2026-08-19T00:31:52+0900,
w_884fb9d7d1dd7e29,N4,N3,mismatch,研究,けんきゅう,研究,けんきゅう,JLPT 3,acc2a899ac864e1cb8e608aa56b70535,surface+reading,N3,https://ja.dict.naver.com/#/search?query=%E7%A0%94%E7%A9%B6,2026-08-19T00:31:52+0900,
w_92cdd1203bd7bf3f,N4,N5,mismatch,秋,あき,秋,あき,JLPT 5,cbbc047d8782416595bf4a7b1a4b4ad4,surface+reading,N5,https://ja.dict.naver.com/#/search?query=%E7%A7%8B,2026-08-19T00:31:52+0900,
w_b244afc15234ffcb,N4,N2,mismatch,程,ほど,程,ほど,JLPT 2,a0247835e36b42e2b5831e8f834a5df9,surface+reading,N2,https://ja.dict.naver.com/#/search?query=%E7%A8%8B,2026-08-19T00:31:52+0900,
w_c81aeef5708271ba,N4,N3,mismatch,立てる,たてる,立てる,たてる,JLPT 3,ac36e7fe97d34aea85e6801d7a4be712,surface+reading,N3,https://ja.dict.naver.com/#/search?query=%E7%AB%8B%E3%81%A6%E3%82%8B,2026-08-19T00:31:52+0900,
w_8a2c9ff3016d5fdb,N4,N3,mismatch,競争,きょうそう,競争,きょうそう,JLPT 3,ac417091aefc4d4681f0bdb556651e1a,surface+reading,N3,https://ja.dict.naver.com/#/search?query=%E7%AB%B6%E4%BA%89,2026-08-19T00:31:52+0900,
w_ae7c649b01299fea,N4,N2,mismatch,競技,きょうぎ,競技,きょうぎ,JLPT 2,4b451ddae3a84f54af1ac126516c3202,surface+reading,N2,https://ja.dict.naver.com/#/search?query=%E7%AB%B6%E6%8A%80,2026-08-19T00:31:52+0900,
w_3dd3079113fb323d,N4,N5,mismatch,答える,こたえる,答える,こたえる,JLPT 5,411b73aa0f684c10974ac2a09efbd9a2,surface+reading,N5,https://ja.dict.naver.com/#/search?query=%E7%AD%94%E3%81%88%E3%82%8B,2026-08-19T00:31:52+0900,
w_a0c558d30a7b5279,N4,N5,mismatch,習う,ならう,習う,ならう,JLPT 5,b9df6a4431e347eaa7d25ed79dcaf89b,surface+reading,N5,https://ja.dict.naver.com/#/search?query=%E7%BF%92%E3%81%86,2026-08-19T00:31:52+0900,
w_340c87e39330e2f2,N4,N3,mismatch,翻訳,ほんやく,翻訳,ほんやく,JLPT 3,866eeb50f52c4ec4ac7e57baafe226d7,surface+reading,N3,https://ja.dict.naver.com/#/search?query=%E7%BF%BB%E8%A8%B3,2026-08-19T00:31:52+0900,
w_fda788e47b26a124,N4,N5,mismatch,色,いろ,色,いろ,JLPT 5,e7d377ea90ba47baa946459c46bb14a3,surface+reading,N5,https://ja.dict.naver.com/#/search?query=%E8%89%B2,2026-08-19T00:31:52+0900,
w_1fc5c18bb5cc7a10,N4,N5,mismatch,英語,えいご,英語,えいご,JLPT 5,4045d0f89f4c4260b06a4768f7636ac5,surface+reading,N5,https://ja.dict.naver.com/#/search?query=%E8%8B%B1%E8%AA%9E,2026-08-19T00:31:52+0900,
w_dfec77fc34d8d6ce,N4,N2,mismatch,親,おや,親·祖,おや,JLPT 2,870ba6717a894078b6a52ae050292612,surface+reading,N2,https://ja.dict.naver.com/#/search?query=%E8%A6%AA,2026-08-19T00:31:52+0900,
w_1f00487cc5220d0a,N4,N3,mismatch,親切,しんせつ,親切,しんせつ,JLPT 3,44528973a58f445f945213ae9dba38cd,surface+reading,N3,https://ja.dict.naver.com/#/search?query=%E8%A6%AA%E5%88%87,2026-08-19T00:31:52+0900,
w_9c014cb5652a4679,N4,N2,mismatch,請求,せいきゅう,請求,せいきゅう,JLPT 2,760a3f4fc8914205b17c8ea5b332a4ed,surface+reading,N2,https://ja.dict.naver.com/#/search?query=%E8%AB%8B%E6%B1%82,2026-08-19T00:31:52+0900,
w_86fe8e891a4c6756,N4,N5,mismatch,貸す,かす,貸す,かす,JLPT 5,2dc5a21fa93b4e8198081679cab49edd,surface+reading,N5,https://ja.dict.naver.com/#/search?query=%E8%B2%B8%E3%81%99,2026-08-19T00:31:52+0900,
w_af6de100aaa3567e,N4,N3,mismatch,赤ん坊,あかんぼう,赤ん坊,あかんぼう,JLPT 3,4ed72437d62d47039fedb1a1db27c1bd,surface+reading,N3,https://ja.dict.naver.com/#/search?query=%E8%B5%A4%E3%82%93%E5%9D%8A,2026-08-19T00:31:52+0900,
w_39a427c6dee763c4,N4,N5,mismatch,起きる,おきる,起きる,おきる,JLPT 5,6cc3b426fa4c48578a82c6500d73a643,surface+reading,N5,https://ja.dict.naver.com/#/search?query=%E8%B5%B7%E3%81%8D%E3%82%8B,2026-08-19T00:31:52+0900,
w_113c116f7b2b3d71,N4,N5,mismatch,返す,かえす,返す,かえす,JLPT 5,02c39ff22186437b85767b82d5f759de,surface+reading,N5,https://ja.dict.naver.com/#/search?query=%E8%BF%94%E3%81%99,2026-08-19T00:31:52+0900,
w_adae290052f83c94,N4,N3,mismatch,適当,てきとう,適当,てきとう,JLPT 3,3a08c7cecee54e96aac8e06ffda2a111,surface+reading,N3,https://ja.dict.naver.com/#/search?query=%E9%81%A9%E5%BD%93,2026-08-19T00:31:52+0900,
w_6544e85ecab8bd79,N4,N5,mismatch,重い,おもい,重い,おもい,JLPT 5,7eeb0327514240e0bd5bee691b9c66c7,surface+reading,N5,https://ja.dict.naver.com/#/search?query=%E9%87%8D%E3%81%84,2026-08-19T00:31:52+0900,
w_e506759b6040f2fd,N4,N5,mismatch,野菜,やさい,野菜,やさい,JLPT 5,72c72bc3d18d48299130a977264c3dfa,surface+reading,N5,https://ja.dict.naver.com/#/search?query=%E9%87%8E%E8%8F%9C,2026-08-19T00:31:52+0900,
w_5785856236145c11,N4,N5,mismatch,開ける,あける,開ける,あける,JLPT 5,05b8edb503994326b120f9899b2f4511,surface+reading,N5,https://ja.dict.naver.com/#/search?query=%E9%96%8B%E3%81%91%E3%82%8B,2026-08-19T00:31:52+0900,
w_f0f96d3189ba7c95,N4,N3,mismatch,隅,すみ,隅·角,すみ,JLPT 3,6a04c9a121694e7ab626f29084e72833,surface+reading,N3,https://ja.dict.naver.com/#/search?query=%E9%9A%85,2026-08-19T00:31:52+0900,
w_323bbf9fb6ca0752,N4,N5,mismatch,青い,あおい,青い·蒼い,あおい,JLPT 5,a922737407f9496db77ae3fcb8e7226d,surface+reading,N5,https://ja.dict.naver.com/#/search?query=%E9%9D%92%E3%81%84,2026-08-19T00:31:52+0900,
w_f32855470372dcd0,N4,N5,mismatch,音楽,おんがく,音楽,おんがく,JLPT 5,9a1a72a13b234da9a49f3e26e6c3fcc3,surface+reading,N5,https://ja.dict.naver.com/#/search?query=%E9%9F%B3%E6%A5%BD,2026-08-19T00:31:52+0900,
w_8c7c6614e2b0593f,N4,N5,mismatch,頭,あたま,頭,あたま,JLPT 5,0803f31acb1e4f04b14f343c6c589a8d,surface+reading,N5,https://ja.dict.naver.com/#/search?query=%E9%A0%AD,2026-08-19T00:31:52+0900,
w_fbe07544be5be2f0,N4,N5,mismatch,風,かぜ,風,かぜ,JLPT 5,6605d2b6ae1944bba34e017fd09cf609,surface+reading,N5,https://ja.dict.naver.com/#/search?query=%E9%A2%A8,2026-08-19T00:31:52+0900,
w_37d0dcee2c2f3bf8,N4,N5,mismatch,食堂,しょくどう,食堂,しょくどう,JLPT 5,cfb71bd26e6c40daa42530e1e21dd7ca,surface+reading,N5,https://ja.dict.naver.com/#/search?query=%E9%A3%9F%E5%A0%82,2026-08-19T00:31:52+0900,
w_ce7c50d428db9045,N4,N5,mismatch,鳥,とり,鳥·鶏,とり,JLPT 5,fe6d5b0e49ca4622a6f7e378c784119e,surface+reading,N5,https://ja.dict.naver.com/#/search?query=%E9%B3%A5,2026-08-19T00:31:52+0900,
w_b417cbebc32725ac,N4,N5,mismatch,黒い,くろい,黒い,くろい,JLPT 5,f885f94c2f6545eaa70ed297628e49a1,surface+reading,N5,https://ja.dict.naver.com/#/search?query=%E9%BB%92%E3%81%84,2026-08-19T00:31:52+0900,
w_7b2c455e4c556f13,N5,N4,mismatch,あれ,あれ,彼,あれ,JLPT 4,e6db29a9b0e841fcaee27576a9510fb7,surface+reading,N4,https://ja.dict.naver.com/#/search?query=%E3%81%82%E3%82%8C,2026-08-19T00:31:52+0900,
w_9061acd53d01a8dc,N5,N4,mismatch,いかが,いかが,如何,いかが,JLPT 4,af17dbdb18074adeb27052e8d72cc715,surface+reading,N4,https://ja.dict.naver.com/#/search?query=%E3%81%84%E3%81%8B%E3%81%8C,2026-08-19T00:31:52+0900,
w_5ff89213fed134bb,N5,N4,mismatch,さあ,さあ,さあ,さあ,JLPT 4,b6f1dfd45cd544538f3a4de9aec0912c,surface+reading,N4,https://ja.dict.naver.com/#/search?query=%E3%81%95%E3%81%82,2026-08-19T00:31:52+0900,
w_f89e0ddb634dd390,N5,N4,mismatch,しかし,しかし,然し·併し,しかし,JLPT 4,73972a7994a142869824cf7098245027,surface+reading,N4,https://ja.dict.naver.com/#/search?query=%E3%81%97%E3%81%8B%E3%81%97,2026-08-19T00:31:52+0900,
w_035875c57095c84d,N5,N4,mismatch,それでは,それでは,それでは,それでは,JLPT 4,2bd178d8ba824b4397e532edc088a323,surface+reading,N4,https://ja.dict.naver.com/#/search?query=%E3%81%9D%E3%82%8C%E3%81%A7%E3%81%AF,2026-08-19T00:31:52+0900,
w_2e32da28a51f6d33,N5,N4,mismatch,カレー,カレー,カレー,カレー,JLPT 4,84c6afa968ea49ebaf829961e417679c,surface+reading,N4,https://ja.dict.naver.com/#/search?query=%E3%82%AB%E3%83%AC%E3%83%BC,2026-08-19T00:31:52+0900,
w_7f9a8043eb6590ca,N5,N4,mismatch,キロメートル,キロメートル,キロメートル,キロメートル,JLPT 4,8f92b6b66ec944539da2862a8f93813c,surface+reading,N4,https://ja.dict.naver.com/#/search?query=%E3%82%AD%E3%83%AD%E3%83%A1%E3%83%BC%E3%83%88%E3%83%AB,2026-08-19T00:31:52+0900,
w_52ef4188ae3fa48d,N5,N4,mismatch,グラム,グラム,グラム,グラム,JLPT 4,e127f20f430e489dad9f5d484edb8eca,surface+reading,N4,https://ja.dict.naver.com/#/search?query=%E3%82%B0%E3%83%A9%E3%83%A0,2026-08-19T00:31:52+0900,
w_09b924ace3343845,N5,N2,mismatch,スキー,スキー,スキー,スキー,JLPT 2,15dc7d5152064517b2b216937d9d743f,surface+reading,N2,https://ja.dict.naver.com/#/search?query=%E3%82%B9%E3%82%AD%E3%83%BC,2026-08-19T00:31:52+0900,
w_99b6b975daf6a3ba,N5,N4,mismatch,パーティー,パーティー,パーティー,パーティー,JLPT 4,04ab78027a574d38a92af9485c22a49d,surface+reading,N4,https://ja.dict.naver.com/#/search?query=%E3%83%91%E3%83%BC%E3%83%86%E3%82%A3%E3%83%BC,2026-08-19T00:31:52+0900,
w_426a6ad568579abe,N5,N4,mismatch,ピアノ,ピアノ,ピアノ,ピアノ,JLPT 4,2bea492dd4e34040bb265b3de60ea994,surface+reading,N4,https://ja.dict.naver.com/#/search?query=%E3%83%94%E3%82%A2%E3%83%8E,2026-08-19T00:31:52+0900,
w_25cb652a0907a58a,N5,N4,mismatch,プール,プール,プール,プール,JLPT 4,ea0e7a5ac1434644b9f4ed63fcd54935,surface+reading,N4,https://ja.dict.naver.com/#/search?query=%E3%83%97%E3%83%BC%E3%83%AB,2026-08-19T00:31:52+0900,
w_4fdd9f73dd3e62a1,N5,N4,mismatch,ページ,ページ,ページ,ページ,JLPT 4,d93e06d7c0744adb9e12f2f46a30b8b2,surface+reading,N4,https://ja.dict.naver.com/#/search?query=%E3%83%9A%E3%83%BC%E3%82%B8,2026-08-19T00:31:52+0900,
w_9151b8dab19698cd,N5,N4,mismatch,一緒,いっしょ,一緒,いっしょ,JLPT 4,41b7a98242434ad88d742b41c8eef9b2,surface+reading,N4,https://ja.dict.naver.com/#/search?query=%E4%B8%80%E7%B7%92,2026-08-19T00:31:52+0900,
w_417e0e04947ef7f1,N5,N4,mismatch,丁度,ちょうど,丁度·恰度,ちょうど,JLPT 4,140d6e0d8a744879b19f3963c5832f46,surface+reading,N4,https://ja.dict.naver.com/#/search?query=%E4%B8%81%E5%BA%A6,2026-08-19T00:31:52+0900,
w_498cfa7744858240,N5,N4,mismatch,下さい,ください,下さい,ください,JLPT 4,b4babeda79b94f7a8269077ac8210788,surface+reading,N4,https://ja.dict.naver.com/#/search?query=%E4%B8%8B%E3%81%95%E3%81%84,2026-08-19T00:31:52+0900,
w_d75a2128ac2e3e18,N5,N4,mismatch,並べる,ならべる,並べる,ならべる,JLPT 4,ddfb6a29f65d431bbf9f989b4aefd7ce,surface+reading,N4,https://ja.dict.naver.com/#/search?query=%E4%B8%A6%E3%81%B9%E3%82%8B,2026-08-19T00:31:52+0900,
w_923e439a3ee8ba0c,N5,N4,mismatch,冷たい,つめたい,冷たい,つめたい,JLPT 4,8e7f70916a7743bdac55c0a6ce623b42,surface+reading,N4,https://ja.dict.naver.com/#/search?query=%E5%86%B7%E3%81%9F%E3%81%84,2026-08-19T00:31:52+0900,
w_fa01e280023d6933,N5,N4,mismatch,切る,きる,切る,きる,JLPT 4,bb18d33bc37148ea989ce9b188e960c0,surface+reading,N4,https://ja.dict.naver.com/#/search?query=%E5%88%87%E3%82%8B,2026-08-19T00:31:52+0900,
w_e8bf101d5d035c24,N5,N4,mismatch,初めて,はじめて,初めて·始めて,はじめて,JLPT 4,44b493eaafe44c59a2b83d3824c10928,surface+reading,N4,https://ja.dict.naver.com/#/search?query=%E5%88%9D%E3%82%81%E3%81%A6,2026-08-19T00:31:52+0900,
w_6c3f9917b7508c8c,N5,N4,mismatch,半分,はんぶん,半分,はんぶん,JLPT 4,1e230ba596ea4b6ba9f8270c1b21b725,surface+reading,N4,https://ja.dict.naver.com/#/search?query=%E5%8D%8A%E5%88%86,2026-08-19T00:31:52+0900,
w_f7dcb52b9848b040,N5,N4,mismatch,吹く,ふく,吹く,ふく,JLPT 4,ea868e372c7849f6add07684c5bc5fa5,surface+reading,N4,https://ja.dict.naver.com/#/search?query=%E5%90%B9%E3%81%8F,2026-08-19T00:31:52+0900,
w_6d28963c45f76f38,N5,N2,mismatch,在る,ある,在る,ある,JLPT 2,dd937dbdda994c4ba08fdae6215bdf39,surface+reading,N2,https://ja.dict.naver.com/#/search?query=%E5%9C%A8%E3%82%8B,2026-08-19T00:31:52+0900,
w_30e056cdd59a9a19,N5,N4,mismatch,外国,がいこく,外国,がいこく,JLPT 4,a61cfa994ecc480c854a8db9012a53b2,surface+reading,N4,https://ja.dict.naver.com/#/search?query=%E5%A4%96%E5%9B%BD,2026-08-19T00:31:52+0900,
w_579247e75349eed1,N5,N4,mismatch,多分,たぶん,多分,たぶん,JLPT 4,a7c4028062d74bf1becd63fa9db25058,surface+reading,N4,https://ja.dict.naver.com/#/search?query=%E5%A4%9A%E5%88%86,2026-08-19T00:31:52+0900,
w_655c49430ab10602,N5,N4,mismatch,大切,たいせつ,大切,たいせつ,JLPT 4,fd6b5346fa1446bd921b384d21de8817,surface+reading,N4,https://ja.dict.naver.com/#/search?query=%E5%A4%A7%E5%88%87,2026-08-19T00:31:52+0900,
w_d05df9f6622b759b,N5,N4,mismatch,家庭,かてい,家庭,かてい,JLPT 4,72c15722db744975a99c0941efcbeb11,surface+reading,N4,https://ja.dict.naver.com/#/search?query=%E5%AE%B6%E5%BA%AD,2026-08-19T00:31:52+0900,
w_b47d6fe4e0d8b6b3,N5,N4,mismatch,左,ひだり,左,ひだり,JLPT 4,21aab9bd30b6477aa73343cae2d50989,surface+reading,N4,https://ja.dict.naver.com/#/search?query=%E5%B7%A6,2026-08-19T00:31:52+0900,
w_40998838c1d8464a,N5,N4,mismatch,差す,さす,差す,さす,JLPT 4,49f91fef8d4b4733a9ca8a2e91969d50,surface+reading,N4,https://ja.dict.naver.com/#/search?query=%E5%B7%AE%E3%81%99,2026-08-19T00:31:52+0900,
w_ac9371491b36f6a2,N5,N4,mismatch,帽子,ぼうし,帽子,ぼうし,JLPT 4,fea4f5ebefeb4f39aac06c032d76740f,surface+reading,N4,https://ja.dict.naver.com/#/search?query=%E5%B8%BD%E5%AD%90,2026-08-19T00:31:52+0900,
w_2f41bf48aae2a583,N5,N4,mismatch,忘れる,わすれる,忘れる,わすれる,JLPT 4,78c40cb7c3b74a5eae6d6f31fc1f3015,surface+reading,N4,https://ja.dict.naver.com/#/search?query=%E5%BF%98%E3%82%8C%E3%82%8B,2026-08-19T00:31:52+0900,
w_d4ac44f271250862,N5,N4,mismatch,授業,じゅぎょう,授業,じゅぎょう,JLPT 4,04d7b58793d7405986288382b96e8c4c,surface+reading,N4,https://ja.dict.naver.com/#/search?query=%E6%8E%88%E6%A5%AD,2026-08-19T00:31:52+0900,
w_44191f7e02bdbca4,N5,N4,mismatch,掛ける,かける,掛ける,かける,JLPT 4,78a7de22ccf848278dabcdfec1ca39d7,surface+reading,N4,https://ja.dict.naver.com/#/search?query=%E6%8E%9B%E3%81%91%E3%82%8B,2026-08-19T00:31:52+0900,
w_a98005804f7e62f0,N5,N4,mismatch,映画,えいが,映画,えいが,JLPT 4,1927ca65e0af4fd3a66db99f0cd2dc14,surface+reading,N4,https://ja.dict.naver.com/#/search?query=%E6%98%A0%E7%94%BB,2026-08-19T00:31:52+0900,
w_9c2d3700794d4e08,N5,N4,mismatch,昨夜,ゆうべ,昨夜,ゆうべ,JLPT 4,1bf870586f0a4436a061048a942f0ee5,surface+reading,N4,https://ja.dict.naver.com/#/search?query=%E6%98%A8%E5%A4%9C,2026-08-19T00:31:52+0900,
w_cc7c486ee55f4e80,N5,N3,mismatch,暖かい,あたたかい,暖かい·温かい,あたたかい,JLPT 3,affc1aadc33b4f90b0b06edec1f9faf1,surface+reading,N3,https://ja.dict.naver.com/#/search?query=%E6%9A%96%E3%81%8B%E3%81%84,2026-08-19T00:31:52+0900,
w_36d22dc998793dad,N5,N4,mismatch,曇る,くもる,曇る,くもる,JLPT 4,728f9cfa3cd2407ebcf71dedaa45d1d3,surface+reading,N4,https://ja.dict.naver.com/#/search?query=%E6%9B%87%E3%82%8B,2026-08-19T00:31:52+0900,
w_6a5b1a27a6d99bbe,N5,N4,mismatch,有名,ゆうめい,有名,ゆうめい,JLPT 4,09c1a7e8a2274295bbfb7caa8ca65fd6,surface+reading,N4,https://ja.dict.naver.com/#/search?query=%E6%9C%89%E5%90%8D,2026-08-19T00:31:52+0900,
w_ab8f966f8b3fb171,N5,N4,mismatch,本屋,ほんや,本屋,ほんや,JLPT 4,869163e4093848c1956aeae53f8c67ac,surface+reading,N4,https://ja.dict.naver.com/#/search?query=%E6%9C%AC%E5%B1%8B,2026-08-19T00:31:52+0900,
w_92515fbd8be28da0,N5,N4,mismatch,橋,はし,橋,はし,JLPT 4,d7d2e5e442e440fa8e4b3300c3a61e60,surface+reading,N4,https://ja.dict.naver.com/#/search?query=%E6%A9%8B,2026-08-19T00:31:52+0900,
w_38856be7d8a54293,N5,N4,mismatch,欲しい,ほしい,欲しい,ほしい,JLPT 4,5aa8578af1364180907ee5b678710511,surface+reading,N4,https://ja.dict.naver.com/#/search?query=%E6%AC%B2%E3%81%97%E3%81%84,2026-08-19T00:31:52+0900,
w_4d20e94fde998e57,N5,N4,mismatch,熱い,あつい,熱い,あつい,JLPT 4,954379aa730f4b0591fbbf6f9aa216be,surface+reading,N4,https://ja.dict.naver.com/#/search?query=%E7%86%B1%E3%81%84,2026-08-19T00:31:52+0900,
w_03de143ddf3b2084,N5,N4,mismatch,玄関,げんかん,玄関,げんかん,JLPT 4,9ad88cf9b2cb456cb6c82c0098f37208,surface+reading,N4,https://ja.dict.naver.com/#/search?query=%E7%8E%84%E9%96%A2,2026-08-19T00:31:52+0900,
w_aee488186f66c2a2,N5,N2,mismatch,白,しろ,白,しろ,JLPT 2,7428dbf36ab747189f9039c25e000408,surface+reading,N2,https://ja.dict.naver.com/#/search?query=%E7%99%BD,2026-08-19T00:31:52+0900,
w_825bad35884b199b,N5,N4,mismatch,直ぐに,すぐに,直ぐに,すぐに,JLPT 4,dbfe7ce271f6401499215f36cf85195c,surface+reading,N4,https://ja.dict.naver.com/#/search?query=%E7%9B%B4%E3%81%90%E3%81%AB,2026-08-19T00:31:52+0900,
w_d97131dc7962498d,N5,N4,mismatch,立派,りっぱ,立派,りっぱ,JLPT 4,609b67bfd8e245b0843dcaef7c86a650,surface+reading,N4,https://ja.dict.naver.com/#/search?query=%E7%AB%8B%E6%B4%BE,2026-08-19T00:31:52+0900,
w_139be75fa16ee36c,N5,N4,mismatch,結構,けっこう,結構,けっこう,JLPT 4,85e5af2d6162447fb37620cce16564a1,surface+reading,N4,https://ja.dict.naver.com/#/search?query=%E7%B5%90%E6%A7%8B,2026-08-19T00:31:52+0900,
w_683ae504f2109d6a,N5,N4,mismatch,自動車,じどうしゃ,自動車,じどうしゃ,JLPT 4,81f794ad158c4255b1fdbf4b68fb64ce,surface+reading,N4,https://ja.dict.naver.com/#/search?query=%E8%87%AA%E5%8B%95%E8%BB%8A,2026-08-19T00:31:52+0900,
w_bb99d72b569d623b,N5,N4,mismatch,言葉,ことば,言葉·詞·辞,ことば,JLPT 4,17c8d3e63cb74cd0943c91106a522091,surface+reading,N4,https://ja.dict.naver.com/#/search?query=%E8%A8%80%E8%91%89,2026-08-19T00:31:52+0900,
w_c8d120064fb5fe5a,N5,N4,mismatch,違う,ちがう,違う,ちがう,JLPT 4,825e83c5692f4820a315fa9e86937ede,surface+reading,N4,https://ja.dict.naver.com/#/search?query=%E9%81%95%E3%81%86,2026-08-19T00:31:52+0900,
w_de1206f531e9733d,N5,N4,mismatch,飴,あめ,飴,あめ,JLPT 4,1bc0a472d5ce4b6a9427c1179752abe2,surface+reading,N4,https://ja.dict.naver.com/#/search?query=%E9%A3%B4,2026-08-19T00:31:52+0900,
w_84c3e99d20916362,N5,N2,mismatch,黄色,きいろ,黄色,きいろ,JLPT 2,5ce109988ea4433b9f1f25ded77c9b64,surface+reading,N2,https://ja.dict.naver.com/#/search?query=%E9%BB%84%E8%89%B2,2026-08-19T00:31:52+0900,
