id,app_level,naver_level,status,surface,reading_kana,naver_entry,naver_reading,naver_frequency_add,naver_entry_id,match_basis,candidate_levels,source_url,checked_at,note
w_d6fcc4d9c768c61a,N1,,manual_review,ありのまま,ありのまま,,,,,surface+reading,N1,https://ja.dict.naver.com/#/search?query=%E3%81%82%E3%82%8A%E3%81%AE%E3%81%BE%E3%81%BE,2026-09-01T23:33:29+0900,"part of speech not confirmed: app=adjective NAVER=명사,부사"
w_329523c22c66774b,N1,,manual_review,いびき,いびき,,,,,surface+reading,N1,https://ja.dict.naver.com/#/search?query=%E3%81%84%E3%81%B3%E3%81%8D,2026-09-01T23:33:29+0900,Korean meaning not confidently aligned
w_1e3f18b11c856182,N1,,manual_review,いやらしい,いやらしい,,,,,surface+reading,N1,https://ja.dict.naver.com/#/search?query=%E3%81%84%E3%82%84%E3%82%89%E3%81%97%E3%81%84,2026-09-01T23:33:29+0900,Korean meaning not confidently aligned
w_a172145e6a7a76d8,N1,,manual_review,うたた寝,うたたね,,,,,surface+reading,N1,https://ja.dict.naver.com/#/search?query=%E3%81%86%E3%81%9F%E3%81%9F%E5%AF%9D,2026-09-01T23:33:29+0900,Korean meaning not confidently aligned
w_1be5ccd3605af1b6,N1,,manual_review,うんざり,うんざり,,,,,surface+reading,N1,https://ja.dict.naver.com/#/search?query=%E3%81%86%E3%82%93%E3%81%96%E3%82%8A,2026-09-01T23:33:29+0900,part of speech not confirmed: app=adverb NAVER=동사
w_62ca309fa490e070,N1,,manual_review,おいて,おいて,,,,,surface+reading,N1,https://ja.dict.naver.com/#/search?query=%E3%81%8A%E3%81%84%E3%81%A6,2026-09-01T23:33:29+0900,part of speech not confirmed: app=expression NAVER=기타
w_df60e1135524e494,N1,,manual_review,おだてる,おだてる,,,,,surface+reading,N1,https://ja.dict.naver.com/#/search?query=%E3%81%8A%E3%81%A0%E3%81%A6%E3%82%8B,2026-09-01T23:33:29+0900,Korean meaning not confidently aligned
w_2c61bc52b20456a8,N1,,manual_review,お世辞,おせじ,,,,,surface+reading,N1,https://ja.dict.naver.com/#/search?query=%E3%81%8A%E4%B8%96%E8%BE%9E,2026-09-01T23:33:29+0900,Korean meaning not confidently aligned
w_2e4639b9ed99174c,N1,,manual_review,お使い,おつかい,,,,,,N1,https://ja.dict.naver.com/#/search?query=%E3%81%8A%E4%BD%BF%E3%81%84,2026-09-01T23:33:29+0900,"JLPT-tagged search results exist, but none matched both form and reading"
w_2b26724b2b319010,N1,,manual_review,お供,おとも,,,,,surface+reading,N1,https://ja.dict.naver.com/#/search?query=%E3%81%8A%E4%BE%9B,2026-09-01T23:33:29+0900,Korean meaning not confidently aligned
w_f469985af279b23f,N1,,manual_review,お手上げ,おてあげ,,,,,surface+reading,N1,https://ja.dict.naver.com/#/search?query=%E3%81%8A%E6%89%8B%E4%B8%8A%E3%81%92,2026-09-01T23:33:29+0900,Korean meaning not confidently aligned
w_6a8b9fc35622cafd,N1,,manual_review,かつて,かつて,,,,,surface+reading,N1,https://ja.dict.naver.com/#/search?query=%E3%81%8B%E3%81%A4%E3%81%A6,2026-09-01T23:33:29+0900,Korean meaning not confidently aligned
w_303e927f2052e96a,N1,,manual_review,がっちり,がっちり,,,,,surface+reading,N1,https://ja.dict.naver.com/#/search?query=%E3%81%8C%E3%81%A3%E3%81%A1%E3%82%8A,2026-09-01T23:33:29+0900,Korean meaning not confidently aligned
w_a691689e7604b569,N1,,manual_review,きっちり,きっちり,,,,,surface+reading,N1,https://ja.dict.naver.com/#/search?query=%E3%81%8D%E3%81%A3%E3%81%A1%E3%82%8A,2026-09-01T23:33:29+0900,Korean meaning not confidently aligned
w_92d9523033611e3a,N1,,manual_review,くっきり,くっきり,,,,,surface+reading,N1,https://ja.dict.naver.com/#/search?query=%E3%81%8F%E3%81%A3%E3%81%8D%E3%82%8A,2026-09-01T23:33:29+0900,Korean meaning not confidently aligned
w_94819b8faa3d17a8,N1,,manual_review,くよくよ,くよくよ,,,,,surface+reading,N1,https://ja.dict.naver.com/#/search?query=%E3%81%8F%E3%82%88%E3%81%8F%E3%82%88,2026-09-01T23:33:29+0900,part of speech not confirmed: app=verb NAVER=부사
w_dadb6a6af0c8c1e7,N1,,manual_review,げっそり,げっそり,,,,,surface+reading,N1,https://ja.dict.naver.com/#/search?query=%E3%81%92%E3%81%A3%E3%81%9D%E3%82%8A,2026-09-01T23:33:29+0900,part of speech not confirmed: app=verb NAVER=부사
w_d8a0ad165c123102,N1,,manual_review,ことごとく,ことごとく,,,,,surface+reading,N1,https://ja.dict.naver.com/#/search?query=%E3%81%93%E3%81%A8%E3%81%94%E3%81%A8%E3%81%8F,2026-09-01T23:33:29+0900,Korean meaning not confidently aligned
w_b9c641f6b95aab47,N1,,manual_review,さっと,さっと,,,,,surface+reading,N1,https://ja.dict.naver.com/#/search?query=%E3%81%95%E3%81%A3%E3%81%A8,2026-09-01T23:33:29+0900,Korean meaning not confidently aligned
w_e8b4e8eb9ffea033,N1,,manual_review,しかしながら,しかしながら,,,,,surface+reading,N1,https://ja.dict.naver.com/#/search?query=%E3%81%97%E3%81%8B%E3%81%97%E3%81%AA%E3%81%8C%E3%82%89,2026-09-01T23:33:29+0900,Korean meaning not confidently aligned
w_904cfeab89219814,N1,,manual_review,しなやか,しなやか,,,,,surface+reading,N1,https://ja.dict.naver.com/#/search?query=%E3%81%97%E3%81%AA%E3%82%84%E3%81%8B,2026-09-01T23:33:29+0900,Korean meaning not confidently aligned
w_b6d1d9cff527ba72,N1,,manual_review,しょっちゅう,しょっちゅう,,,,,surface+reading,N1,https://ja.dict.naver.com/#/search?query=%E3%81%97%E3%82%87%E3%81%A3%E3%81%A1%E3%82%85%E3%81%86,2026-09-01T23:33:29+0900,Korean meaning not confidently aligned
w_07fdd31838199aaa,N1,,manual_review,ずばり,ずばり,,,,,surface+reading,N1,https://ja.dict.naver.com/#/search?query=%E3%81%9A%E3%81%B0%E3%82%8A,2026-09-01T23:33:29+0900,Korean meaning not confidently aligned
w_7b77229d7578e77d,N1,,manual_review,そっぽ,そっぽ,,,,,surface+reading,N1,https://ja.dict.naver.com/#/search?query=%E3%81%9D%E3%81%A3%E3%81%BD,2026-09-01T23:33:29+0900,Korean meaning not confidently aligned
w_27a3e7cf4b5f70f5,N1,,manual_review,だったら,だったら,,,,,surface+reading,N1,https://ja.dict.naver.com/#/search?query=%E3%81%A0%E3%81%A3%E3%81%9F%E3%82%89,2026-09-01T23:33:29+0900,part of speech not confirmed: app=conjunction NAVER=기타
w_dea6f8d689f5815b,N1,,manual_review,ちょくちょく,ちょくちょく,,,,,surface+reading,N1,https://ja.dict.naver.com/#/search?query=%E3%81%A1%E3%82%87%E3%81%8F%E3%81%A1%E3%82%87%E3%81%8F,2026-09-01T23:33:29+0900,Korean meaning not confidently aligned
w_7096f81dd3d5b54f,N1,,manual_review,つくづく,つくづく,,,,,surface+reading,N1,https://ja.dict.naver.com/#/search?query=%E3%81%A4%E3%81%8F%E3%81%A5%E3%81%8F,2026-09-01T23:33:29+0900,Korean meaning not confidently aligned
w_e87b81cd80809eea,N1,,manual_review,でかい,でかい,,,,,surface+reading,N1,https://ja.dict.naver.com/#/search?query=%E3%81%A7%E3%81%8B%E3%81%84,2026-09-01T23:33:29+0900,Korean meaning not confidently aligned
w_d7cc90918debafeb,N1,,manual_review,とかく,とかく,,,,,surface+reading,N1,https://ja.dict.naver.com/#/search?query=%E3%81%A8%E3%81%8B%E3%81%8F,2026-09-01T23:33:29+0900,Korean meaning not confidently aligned
w_451bf26dd3bcf2e0,N1,,manual_review,とぼける,とぼける,,,,,surface+reading,N1,https://ja.dict.naver.com/#/search?query=%E3%81%A8%E3%81%BC%E3%81%91%E3%82%8B,2026-09-01T23:33:29+0900,Korean meaning not confidently aligned
w_59f80d4dc5e14879,N1,,manual_review,とんだ,とんだ,,,,,surface+reading,N1,https://ja.dict.naver.com/#/search?query=%E3%81%A8%E3%82%93%E3%81%A0,2026-09-01T23:33:29+0900,part of speech not confirmed: app=adjective NAVER=기타
w_9e69d4aff30c5d9e,N1,,manual_review,どうにか,どうにか,,,,,surface+reading,N1,https://ja.dict.naver.com/#/search?query=%E3%81%A9%E3%81%86%E3%81%AB%E3%81%8B,2026-09-01T23:33:29+0900,part of speech not confirmed: app=adverb NAVER=기타
w_42155d89616e9893,N1,,manual_review,なんだかんだ,なんだかんだ,,,,,surface+reading,N1,https://ja.dict.naver.com/#/search?query=%E3%81%AA%E3%82%93%E3%81%A0%E3%81%8B%E3%82%93%E3%81%A0,2026-09-01T23:33:29+0900,part of speech not confirmed: app=adverb NAVER=기타
w_dc26375ace00a7ae,N1,,manual_review,のどか,のどか,,,,,surface+reading,N1,https://ja.dict.naver.com/#/search?query=%E3%81%AE%E3%81%A9%E3%81%8B,2026-09-01T23:33:29+0900,Korean meaning not confidently aligned
w_8788e2b0c8701669,N1,,manual_review,ばい菌,ばいきん,,,,,surface+reading,N1,https://ja.dict.naver.com/#/search?query=%E3%81%B0%E3%81%84%E8%8F%8C,2026-09-01T23:33:29+0900,Korean meaning not confidently aligned
w_ddc4c211ea049dc1,N1,,manual_review,ふらふら,ふらふら,,,,,surface+reading,N1,https://ja.dict.naver.com/#/search?query=%E3%81%B5%E3%82%89%E3%81%B5%E3%82%89,2026-09-01T23:33:29+0900,Korean meaning not confidently aligned
w_a6b82112020af822,N1,,manual_review,ふんだん,ふんだん,,,,,,N1,https://ja.dict.naver.com/#/search?query=%E3%81%B5%E3%82%93%E3%81%A0%E3%82%93,2026-09-01T23:33:29+0900,"JLPT-tagged search results exist, but none matched both form and reading"
w_58e7dc3697f3b7ef,N1,,manual_review,へりくだる,へりくだる,,,,,surface+reading,N1,https://ja.dict.naver.com/#/search?query=%E3%81%B8%E3%82%8A%E3%81%8F%E3%81%A0%E3%82%8B,2026-09-01T23:33:29+0900,Korean meaning not confidently aligned
w_3cf40d8a4082b925,N1,,manual_review,ぼやく,ぼやく,,,,,surface+reading,N1,https://ja.dict.naver.com/#/search?query=%E3%81%BC%E3%82%84%E3%81%8F,2026-09-01T23:33:29+0900,Korean meaning not confidently aligned
w_79707d3c49949938,N1,,manual_review,まして,まして,,,,,,N1,https://ja.dict.naver.com/#/search?query=%E3%81%BE%E3%81%97%E3%81%A6,2026-09-01T23:33:29+0900,"JLPT-tagged search results exist, but none matched both form and reading"
w_d61e38acb4bac891,N1,,manual_review,まちまち,まちまち,,,,,surface+reading,N1,https://ja.dict.naver.com/#/search?query=%E3%81%BE%E3%81%A1%E3%81%BE%E3%81%A1,2026-09-01T23:33:29+0900,Korean meaning not confidently aligned
w_ed2a4c274e00e2cf,N1,,manual_review,まとまり,まとまり,,,,,surface+reading,N1,https://ja.dict.naver.com/#/search?query=%E3%81%BE%E3%81%A8%E3%81%BE%E3%82%8A,2026-09-01T23:33:29+0900,Korean meaning not confidently aligned
w_1739219b9edbbe14,N1,,manual_review,まとめ,まとめ,,,,,surface+reading,N1,https://ja.dict.naver.com/#/search?query=%E3%81%BE%E3%81%A8%E3%82%81,2026-09-01T23:33:29+0900,Korean meaning not confidently aligned
w_8bfb0e290d3d8ef0,N1,,manual_review,まみれ,まみれ,,,,,surface+reading,N1,https://ja.dict.naver.com/#/search?query=%E3%81%BE%E3%81%BF%E3%82%8C,2026-09-01T23:33:29+0900,part of speech not confirmed: app=noun NAVER=-
w_abbb0d75fda64d06,N1,,manual_review,もしくは,もしくは,,,,,surface+reading,N1,https://ja.dict.naver.com/#/search?query=%E3%82%82%E3%81%97%E3%81%8F%E3%81%AF,2026-09-01T23:33:29+0900,part of speech not confirmed: app=conjunction NAVER=기타
w_3b772f7542f495bf,N1,,manual_review,インターナショナル,インターナショナル,,,,,surface+reading,N1,https://ja.dict.naver.com/#/search?query=%E3%82%A4%E3%83%B3%E3%82%BF%E3%83%BC%E3%83%8A%E3%82%B7%E3%83%A7%E3%83%8A%E3%83%AB,2026-09-01T23:33:29+0900,part of speech not confirmed: app=adjective NAVER=명사
w_bc0f323b1130aac3,N1,,manual_review,インテリ,インテリ,,,,,surface+reading,N1,https://ja.dict.naver.com/#/search?query=%E3%82%A4%E3%83%B3%E3%83%86%E3%83%AA,2026-09-01T23:33:29+0900,Korean meaning not confidently aligned
w_87847c4cb7198c80,N1,,manual_review,インフレ,インフレ,,,,,surface+reading,N1,https://ja.dict.naver.com/#/search?query=%E3%82%A4%E3%83%B3%E3%83%95%E3%83%AC,2026-09-01T23:33:29+0900,Korean meaning not confidently aligned
w_a36fccc77c3aab60,N1,,manual_review,オートマチック,オートマチック,,,,,surface+reading,N1,https://ja.dict.naver.com/#/search?query=%E3%82%AA%E3%83%BC%E3%83%88%E3%83%9E%E3%83%81%E3%83%83%E3%82%AF,2026-09-01T23:33:29+0900,Korean meaning not confidently aligned
w_eb411740fdd65b19,N1,,manual_review,カット,カット,,,,,surface+reading,N1,https://ja.dict.naver.com/#/search?query=%E3%82%AB%E3%83%83%E3%83%88,2026-09-01T23:33:29+0900,Korean meaning not confidently aligned
w_a7ae5b11d7ef3475,N1,,manual_review,コマーシャル,コマーシャル,,,,,surface+reading,N1,https://ja.dict.naver.com/#/search?query=%E3%82%B3%E3%83%9E%E3%83%BC%E3%82%B7%E3%83%A3%E3%83%AB,2026-09-01T23:33:29+0900,Korean meaning not confidently aligned
w_0783dd396f0d364e,N1,,manual_review,サンキュー,サンキュー,,,,,surface+reading,N1,https://ja.dict.naver.com/#/search?query=%E3%82%B5%E3%83%B3%E3%82%AD%E3%83%A5%E3%83%BC,2026-09-01T23:33:29+0900,Korean meaning not confidently aligned
w_2cf691cf183ad9c9,N1,,manual_review,シック,シック,,,,,surface+reading,N1,https://ja.dict.naver.com/#/search?query=%E3%82%B7%E3%83%83%E3%82%AF,2026-09-01T23:33:29+0900,Korean meaning not confidently aligned
w_d83dcb838b42ae21,N1,,manual_review,ショー,ショー,,,,,surface+reading,N1,https://ja.dict.naver.com/#/search?query=%E3%82%B7%E3%83%A7%E3%83%BC,2026-09-01T23:33:29+0900,Korean meaning not confidently aligned
w_9e6355e686a5d64f,N1,,manual_review,ジャンボ,ジャンボ,,,,,surface+reading,N1,https://ja.dict.naver.com/#/search?query=%E3%82%B8%E3%83%A3%E3%83%B3%E3%83%9C,2026-09-01T23:33:29+0900,part of speech not confirmed: app=adjective NAVER=명사
w_e3fe85feaff71b45,N1,,manual_review,スト,スト,,,,,,N1,https://ja.dict.naver.com/#/search?query=%E3%82%B9%E3%83%88,2026-09-01T23:33:29+0900,"JLPT-tagged search results exist, but none matched both form and reading"
w_f7b7f5d841f3ee1c,N1,,manual_review,ストロー,ストロー,,,,,surface+reading,N1,https://ja.dict.naver.com/#/search?query=%E3%82%B9%E3%83%88%E3%83%AD%E3%83%BC,2026-09-01T23:33:29+0900,Korean meaning not confidently aligned
w_8cd59a37580c63ca,N1,,manual_review,セックス,セックス,,,,,surface+reading,N1,https://ja.dict.naver.com/#/search?query=%E3%82%BB%E3%83%83%E3%82%AF%E3%82%B9,2026-09-01T23:33:29+0900,Korean meaning not confidently aligned
w_a4f5956737afa7f1,N1,,manual_review,タイムリー,タイムリー,,,,,surface+reading,N1,https://ja.dict.naver.com/#/search?query=%E3%82%BF%E3%82%A4%E3%83%A0%E3%83%AA%E3%83%BC,2026-09-01T23:33:29+0900,Korean meaning not confidently aligned
w_2f551203846ddcc2,N1,,manual_review,デモンストレーション,デモンストレーション,,,,,surface+reading,N1,https://ja.dict.naver.com/#/search?query=%E3%83%87%E3%83%A2%E3%83%B3%E3%82%B9%E3%83%88%E3%83%AC%E3%83%BC%E3%82%B7%E3%83%A7%E3%83%B3,2026-09-01T23:33:29+0900,Korean meaning not confidently aligned
w_382569a75d62f02d,N1,,manual_review,トラブル,トラブル,,,,,surface+reading,N1,https://ja.dict.naver.com/#/search?query=%E3%83%88%E3%83%A9%E3%83%96%E3%83%AB,2026-09-01T23:33:29+0900,Korean meaning not confidently aligned
w_02a2c34d787b06bb,N1,,manual_review,ニュー,ニュー,,,,,surface+reading,N1,https://ja.dict.naver.com/#/search?query=%E3%83%8B%E3%83%A5%E3%83%BC,2026-09-01T23:33:29+0900,part of speech not confirmed: app=adjective NAVER=명사
w_382846b85737478b,N1,,manual_review,ネガ,ネガ,,,,,surface+reading,N1,https://ja.dict.naver.com/#/search?query=%E3%83%8D%E3%82%AC,2026-09-01T23:33:29+0900,Korean meaning not confidently aligned
w_2466f73e99a3755f,N1,,manual_review,バー,バー,,,,,surface+reading,N1,https://ja.dict.naver.com/#/search?query=%E3%83%90%E3%83%BC,2026-09-01T23:33:29+0900,Korean meaning not confidently aligned
w_416fe10aba191688,N1,,manual_review,パチンコ,パチンコ,,,,,,N1,https://ja.dict.naver.com/#/search?query=%E3%83%91%E3%83%81%E3%83%B3%E3%82%B3,2026-09-01T23:33:29+0900,"JLPT-tagged search results exist, but none matched both form and reading"
w_4e62d76c327ed8cd,N1,,manual_review,ファン,ファン,,,,,,N1|N2,https://ja.dict.naver.com/#/search?query=%E3%83%95%E3%82%A1%E3%83%B3,2026-09-01T23:33:29+0900,multiple NAVER entries match surface+reading
w_6a188b6ea4873c0b,N1,,manual_review,フォーム,フォーム,,,,,surface+reading,N1,https://ja.dict.naver.com/#/search?query=%E3%83%95%E3%82%A9%E3%83%BC%E3%83%A0,2026-09-01T23:33:29+0900,Korean meaning not confidently aligned
w_331f176fbc68df97,N1,,manual_review,ブル,ブル,,,,,surface+reading,N1,https://ja.dict.naver.com/#/search?query=%E3%83%96%E3%83%AB,2026-09-01T23:33:29+0900,Korean meaning not confidently aligned
w_ed8aae9d747d05eb,N1,,manual_review,ベスト,ベスト,,,,,surface+reading,N1,https://ja.dict.naver.com/#/search?query=%E3%83%99%E3%82%B9%E3%83%88,2026-09-01T23:33:29+0900,part of speech not confirmed: app=adjective NAVER=명사
w_8e7a4e8b18d76953,N1,,manual_review,ポット,ポット,,,,,surface+reading,N1,https://ja.dict.naver.com/#/search?query=%E3%83%9D%E3%83%83%E3%83%88,2026-09-01T23:33:29+0900,Korean meaning not confidently aligned
w_44789e3583d7ac80,N1,,manual_review,マーク,マーク,,,,,surface+reading,N1,https://ja.dict.naver.com/#/search?query=%E3%83%9E%E3%83%BC%E3%82%AF,2026-09-01T23:33:29+0900,Korean meaning not confidently aligned
w_b4ee8499a1eb6ef3,N1,,manual_review,ミセス,ミセス,,,,,surface+reading,N1,https://ja.dict.naver.com/#/search?query=%E3%83%9F%E3%82%BB%E3%82%B9,2026-09-01T23:33:29+0900,Korean meaning not confidently aligned
w_d03f95e5561a135e,N1,,manual_review,ミュージック,ミュージック,,,,,surface+reading,N1,https://ja.dict.naver.com/#/search?query=%E3%83%9F%E3%83%A5%E3%83%BC%E3%82%B8%E3%83%83%E3%82%AF,2026-09-01T23:33:29+0900,Korean meaning not confidently aligned
w_4275cf566052b54f,N1,,manual_review,ヤング,ヤング,,,,,surface+reading,N1,https://ja.dict.naver.com/#/search?query=%E3%83%A4%E3%83%B3%E3%82%B0,2026-09-01T23:33:29+0900,"part of speech not confirmed: app=adjective NAVER=명사,접사"
w_709425fc55e51f1b,N1,,manual_review,ユニーク,ユニーク,,,,,surface+reading,N1,https://ja.dict.naver.com/#/search?query=%E3%83%A6%E3%83%8B%E3%83%BC%E3%82%AF,2026-09-01T23:33:29+0900,Korean meaning not confidently aligned
w_b2a3b09ad2a0ada9,N1,,manual_review,レントゲン,レントゲン,,,,,surface+reading,N1,https://ja.dict.naver.com/#/search?query=%E3%83%AC%E3%83%B3%E3%83%88%E3%82%B2%E3%83%B3,2026-09-01T23:33:29+0900,Korean meaning not confidently aligned
w_bbba9ae3b615e898,N1,,manual_review,レース,レース,,,,,,N1,https://ja.dict.naver.com/#/search?query=%E3%83%AC%E3%83%BC%E3%82%B9,2026-09-01T23:33:29+0900,"JLPT-tagged search results exist, but none matched both form and reading"
w_3982a512355b27f5,N1,,manual_review,一心,いっしん,,,,,surface+reading,N1,https://ja.dict.naver.com/#/search?query=%E4%B8%80%E5%BF%83,2026-09-01T23:33:29+0900,part of speech not confirmed: app=adverb NAVER=명사
w_ef464edeb0e0b963,N1,,manual_review,一括,いっかつ,,,,,surface+reading,N1,https://ja.dict.naver.com/#/search?query=%E4%B8%80%E6%8B%AC,2026-09-01T23:33:29+0900,Korean meaning not confidently aligned
w_b25eb50be6ea3deb,N1,,manual_review,一気,いっき,,,,,surface+reading,N1,https://ja.dict.naver.com/#/search?query=%E4%B8%80%E6%B0%97,2026-09-01T23:33:29+0900,Korean meaning not confidently aligned
w_b273e474ca178895,N1,,manual_review,上回る,うわまわる,,,,,surface+reading,N1,https://ja.dict.naver.com/#/search?query=%E4%B8%8A%E5%9B%9E%E3%82%8B,2026-09-01T23:33:29+0900,Korean meaning not confidently aligned
w_80fbcf016fe63b12,N1,,manual_review,上陸,じょうりく,,,,,surface+reading,N1,https://ja.dict.naver.com/#/search?query=%E4%B8%8A%E9%99%B8,2026-09-01T23:33:29+0900,Korean meaning not confidently aligned
w_f20da6f229fe3a4f,N1,,manual_review,不備,ふび,,,,,surface+reading,N1,https://ja.dict.naver.com/#/search?query=%E4%B8%8D%E5%82%99,2026-09-01T23:33:29+0900,Korean meaning not confidently aligned
w_4fcd672fe0131c49,N1,,manual_review,不吉,ふきつ,,,,,surface+reading,N1,https://ja.dict.naver.com/#/search?query=%E4%B8%8D%E5%90%89,2026-09-01T23:33:29+0900,part of speech not confirmed: app=adjective NAVER=명사
w_ca5803c204ca5c67,N1,,manual_review,不審,ふしん,,,,,surface+reading,N1,https://ja.dict.naver.com/#/search?query=%E4%B8%8D%E5%AF%A9,2026-09-01T23:33:29+0900,Korean meaning not confidently aligned
w_6b58ee0417f901a8,N1,,manual_review,不当,ふとう,,,,,surface+reading,N1,https://ja.dict.naver.com/#/search?query=%E4%B8%8D%E5%BD%93,2026-09-01T23:33:29+0900,Korean meaning not confidently aligned
w_6e0a10172950a4d4,N1,,manual_review,不振,ふしん,,,,,surface+reading,N1,https://ja.dict.naver.com/#/search?query=%E4%B8%8D%E6%8C%AF,2026-09-01T23:33:29+0900,Korean meaning not confidently aligned
w_e31e728f291ab123,N1,,manual_review,不明,ふめい,,,,,surface+reading,N1,https://ja.dict.naver.com/#/search?query=%E4%B8%8D%E6%98%8E,2026-09-01T23:33:29+0900,part of speech not confirmed: app=adjective NAVER=명사
w_c15b62b2bcf35a83,N1,,manual_review,不良,ふりょう,,,,,surface+reading,N1,https://ja.dict.naver.com/#/search?query=%E4%B8%8D%E8%89%AF,2026-09-01T23:33:29+0900,part of speech not confirmed: app=adjective NAVER=명사
w_77a9e1ec6c651702,N1,,manual_review,不調,ふちょう,,,,,surface+reading,N1,https://ja.dict.naver.com/#/search?query=%E4%B8%8D%E8%AA%BF,2026-09-01T23:33:29+0900,Korean meaning not confidently aligned
w_d4d33e519f3c27f5,N1,,manual_review,且つ,かつ,,,,,surface+reading,N1,https://ja.dict.naver.com/#/search?query=%E4%B8%94%E3%81%A4,2026-09-01T23:33:29+0900,"part of speech not confirmed: app=conjunction NAVER=기타,부사"
w_df40eb9087b51ff0,N1,,manual_review,世論,よろん,,,,,,N1,https://ja.dict.naver.com/#/search?query=%E4%B8%96%E8%AB%96,2026-09-01T23:33:29+0900,"JLPT-tagged search results exist, but none matched both form and reading"
w_f6a5dec8e420f557,N1,,manual_review,世辞,せじ,,,,,surface+reading,N1,https://ja.dict.naver.com/#/search?query=%E4%B8%96%E8%BE%9E,2026-09-01T23:33:29+0900,Korean meaning not confidently aligned
w_49bd1b1bf3c234c4,N1,,manual_review,並びに,ならびに,,,,,surface+reading,N1,https://ja.dict.naver.com/#/search?query=%E4%B8%A6%E3%81%B3%E3%81%AB,2026-09-01T23:33:29+0900,part of speech not confirmed: app=conjunction NAVER=기타
w_cc273d48add3d042,N1,,manual_review,丹念,たんねん,,,,,surface+reading,N1,https://ja.dict.naver.com/#/search?query=%E4%B8%B9%E5%BF%B5,2026-09-01T23:33:29+0900,Korean meaning not confidently aligned
w_dd3bd874418fc855,N1,,manual_review,主,しゅ,,,,,surface+reading,N1,https://ja.dict.naver.com/#/search?query=%E4%B8%BB,2026-09-01T23:33:29+0900,Korean meaning not confidently aligned
w_b70614b8f8eeabd9,N1,,manual_review,乃至,ないし,,,,,surface+reading,N1,https://ja.dict.naver.com/#/search?query=%E4%B9%83%E8%87%B3,2026-09-01T23:33:29+0900,part of speech not confirmed: app=conjunction NAVER=기타
w_bd9dfc9a6227a650,N1,,manual_review,乏しい,とぼしい,,,,,surface+reading,N1,https://ja.dict.naver.com/#/search?query=%E4%B9%8F%E3%81%97%E3%81%84,2026-09-01T23:33:29+0900,Korean meaning not confidently aligned
w_b588b68dea2f8c0e,N1,,manual_review,乗っ取る,のっとる,,,,,surface+reading,N1,https://ja.dict.naver.com/#/search?query=%E4%B9%97%E3%81%A3%E5%8F%96%E3%82%8B,2026-09-01T23:33:29+0900,Korean meaning not confidently aligned
w_9e8acb6258c3a894,N1,,manual_review,乙,おつ,,,,,surface+reading,N1,https://ja.dict.naver.com/#/search?query=%E4%B9%99,2026-09-01T23:33:29+0900,Korean meaning not confidently aligned
w_d1effe589d89584b,N1,,manual_review,交互,こうご,,,,,surface+reading,N1,https://ja.dict.naver.com/#/search?query=%E4%BA%A4%E4%BA%92,2026-09-01T23:33:29+0900,part of speech not confirmed: app=adjective NAVER=명사
w_4f9b62e5e17e6111,N1,,manual_review,交渉,こうしょう,,,,,surface+reading,N1,https://ja.dict.naver.com/#/search?query=%E4%BA%A4%E6%B8%89,2026-09-01T23:33:29+0900,Korean meaning not confidently aligned
w_d06f4fb273f350f4,N1,,manual_review,享受,きょうじゅ,,,,,surface+reading,N1,https://ja.dict.naver.com/#/search?query=%E4%BA%AB%E5%8F%97,2026-09-01T23:33:29+0900,Korean meaning not confidently aligned
w_0a8accc59621e4b6,N1,,manual_review,今更,いまさら,,,,,surface+reading,N1,https://ja.dict.naver.com/#/search?query=%E4%BB%8A%E6%9B%B4,2026-09-01T23:33:29+0900,part of speech not confirmed: app=adverb NAVER=명사
w_320315fd9d2fb637,N1,,manual_review,企画,きかく,,,,,surface+reading,N1,https://ja.dict.naver.com/#/search?query=%E4%BC%81%E7%94%BB,2026-09-01T23:33:29+0900,Korean meaning not confidently aligned
w_45c755b6dfb20d9b,N1,,manual_review,休める,やすめる,,,,,surface+reading,N1,https://ja.dict.naver.com/#/search?query=%E4%BC%91%E3%82%81%E3%82%8B,2026-09-01T23:33:29+0900,Korean meaning not confidently aligned
w_4db97d49645a7a4a,N1,,manual_review,何だか,なんだか,,,,,surface+reading,N1,https://ja.dict.naver.com/#/search?query=%E4%BD%95%E3%81%A0%E3%81%8B,2026-09-01T23:33:29+0900,part of speech not confirmed: app=adverb NAVER=기타
w_ece3fbaf654b9a73,N1,,manual_review,何より,なにより,,,,,surface+reading,N1,https://ja.dict.naver.com/#/search?query=%E4%BD%95%E3%82%88%E3%82%8A,2026-09-01T23:33:29+0900,part of speech not confirmed: app=adverb NAVER=기타
w_93fd865020b1c1c6,N1,,manual_review,作,さく,,,,,surface+reading,N1,https://ja.dict.naver.com/#/search?query=%E4%BD%9C,2026-09-01T23:33:29+0900,Korean meaning not confidently aligned
w_da1e3d3738f4241e,N1,,manual_review,使用人,しようにん,,,,,surface+reading,N1,https://ja.dict.naver.com/#/search?query=%E4%BD%BF%E7%94%A8%E4%BA%BA,2026-09-01T23:33:29+0900,Korean meaning not confidently aligned
w_e8d685bc3b564ddd,N1,,manual_review,侍,さむらい,,,,,surface+reading,N1,https://ja.dict.naver.com/#/search?query=%E4%BE%8D,2026-09-01T23:33:29+0900,Korean meaning not confidently aligned
w_5b8ddfb46d714f92,N1,,manual_review,依存,いぞん,,,,,,N1,https://ja.dict.naver.com/#/search?query=%E4%BE%9D%E5%AD%98,2026-09-01T23:33:29+0900,"JLPT-tagged search results exist, but none matched both form and reading"
w_e1947d121eacb34e,N1,,manual_review,俄,にわか,,,,,surface+reading,N1,https://ja.dict.naver.com/#/search?query=%E4%BF%84,2026-09-01T23:33:29+0900,Korean meaning not confidently aligned
w_c2668e4001e32c8e,N1,,manual_review,保つ,たもつ,,,,,surface+reading,N1,https://ja.dict.naver.com/#/search?query=%E4%BF%9D%E3%81%A4,2026-09-01T23:33:29+0900,Korean meaning not confidently aligned
w_a83a8727b29133b5,N1,,manual_review,保守,ほしゅ,,,,,surface+reading,N1,https://ja.dict.naver.com/#/search?query=%E4%BF%9D%E5%AE%88,2026-09-01T23:33:29+0900,Korean meaning not confidently aligned
w_10685e8325afcf42,N1,,manual_review,個別,こべつ,,,,,surface+reading,N1,https://ja.dict.naver.com/#/search?query=%E5%80%8B%E5%88%A5,2026-09-01T23:33:29+0900,part of speech not confirmed: app=adjective NAVER=명사
w_86f0fc18128fe1bc,N1,,manual_review,健在,けんざい,,,,,surface+reading,N1,https://ja.dict.naver.com/#/search?query=%E5%81%A5%E5%9C%A8,2026-09-01T23:33:29+0900,part of speech not confirmed: app=adjective NAVER=명사
w_63970429b89c7bf0,N1,,manual_review,傍ら,かたわら,,,,,surface+reading,N1,https://ja.dict.naver.com/#/search?query=%E5%82%8D%E3%82%89,2026-09-01T23:33:29+0900,"part of speech not confirmed: app=adjective NAVER=명사,부사"
w_141bffd3783912a5,N1,,manual_review,備わる,そなわる,,,,,surface+reading,N1,https://ja.dict.naver.com/#/search?query=%E5%82%99%E3%82%8F%E3%82%8B,2026-09-01T23:33:29+0900,Korean meaning not confidently aligned
w_b55ea7d669adae14,N1,,manual_review,傾ける,かたむける,,,,,surface+reading,N1,https://ja.dict.naver.com/#/search?query=%E5%82%BE%E3%81%91%E3%82%8B,2026-09-01T23:33:29+0900,Korean meaning not confidently aligned
w_a53cb0b0b149d943,N1,,manual_review,優美,ゆうび,,,,,surface+reading,N1,https://ja.dict.naver.com/#/search?query=%E5%84%AA%E7%BE%8E,2026-09-01T23:33:29+0900,Korean meaning not confidently aligned
w_b90ef8a20b902fd6,N1,,manual_review,免れる,まぬかれる,,,,,,N1,https://ja.dict.naver.com/#/search?query=%E5%85%8D%E3%82%8C%E3%82%8B,2026-09-01T23:33:29+0900,"JLPT-tagged search results exist, but none matched both form and reading"
w_c14a80974b96c924,N1,,manual_review,公,おおやけ,,,,,surface+reading,N1,https://ja.dict.naver.com/#/search?query=%E5%85%AC,2026-09-01T23:33:29+0900,part of speech not confirmed: app=adjective NAVER=명사
w_08bfa9f95f00d44d,N1,,manual_review,公然,こうぜん,,,,,surface+reading,N1,https://ja.dict.naver.com/#/search?query=%E5%85%AC%E7%84%B6,2026-09-01T23:33:29+0900,part of speech not confirmed: app=adjective NAVER=기타
w_05c1883b474f2434,N1,,manual_review,共和,きょうわ,,,,,,N1,https://ja.dict.naver.com/#/search?query=%E5%85%B1%E5%92%8C,2026-09-01T23:33:29+0900,"JLPT-tagged search results exist, but none matched both form and reading"
w_7e5efe5cd8b22071,N1,,manual_review,共存,きょうぞん,,,,,,N1,https://ja.dict.naver.com/#/search?query=%E5%85%B1%E5%AD%98,2026-09-01T23:33:29+0900,"JLPT-tagged search results exist, but none matched both form and reading"
w_82a8a19743899089,N1,,manual_review,内緒,ないしょ,,,,,surface+reading,N1,https://ja.dict.naver.com/#/search?query=%E5%86%85%E7%B7%92,2026-09-01T23:33:29+0900,Korean meaning not confidently aligned
w_dd8642cc4b9791a8,N1,,manual_review,内蔵,ないぞう,,,,,surface+reading,N1,https://ja.dict.naver.com/#/search?query=%E5%86%85%E8%94%B5,2026-09-01T23:33:29+0900,"part of speech not confirmed: app=adjective NAVER=동사,명사"
w_f37295bbc32b7c75,N1,,manual_review,円満,えんまん,,,,,surface+reading,N1,https://ja.dict.naver.com/#/search?query=%E5%86%86%E6%BA%80,2026-09-01T23:33:29+0900,Korean meaning not confidently aligned
w_58fd365ae7616e0c,N1,,manual_review,冷淡,れいたん,,,,,surface+reading,N1,https://ja.dict.naver.com/#/search?query=%E5%86%B7%E6%B7%A1,2026-09-01T23:33:29+0900,Korean meaning not confidently aligned
w_d58a497c2cb77558,N1,,manual_review,凝らす,こらす,,,,,surface+reading,N1,https://ja.dict.naver.com/#/search?query=%E5%87%9D%E3%82%89%E3%81%99,2026-09-01T23:33:29+0900,Korean meaning not confidently aligned
w_704c7a2065904636,N1,,manual_review,凝る,こる,,,,,surface+reading,N1,https://ja.dict.naver.com/#/search?query=%E5%87%9D%E3%82%8B,2026-09-01T23:33:29+0900,Korean meaning not confidently aligned
w_dc5c65175e51fda2,N1,,manual_review,出生,しゅっせい,,,,,surface+reading,N1,https://ja.dict.naver.com/#/search?query=%E5%87%BA%E7%94%9F,2026-09-01T23:33:29+0900,Korean meaning not confidently aligned
w_193714d1969df2b6,N1,,manual_review,出社,しゅっしゃ,,,,,surface+reading,N1,https://ja.dict.naver.com/#/search?query=%E5%87%BA%E7%A4%BE,2026-09-01T23:33:29+0900,Korean meaning not confidently aligned
w_75205a17731b4a26,N1,,manual_review,切実,せつじつ,,,,,surface+reading,N1,https://ja.dict.naver.com/#/search?query=%E5%88%87%E5%AE%9F,2026-09-01T23:33:29+0900,Korean meaning not confidently aligned
w_7c46a6f6431772cc,N1,,manual_review,到達,とうたつ,,,,,surface+reading,N1,https://ja.dict.naver.com/#/search?query=%E5%88%B0%E9%81%94,2026-09-01T23:33:29+0900,Korean meaning not confidently aligned
w_6f6291c512a7bd9c,N1,,manual_review,前途,ぜんと,,,,,surface+reading,N1,https://ja.dict.naver.com/#/search?query=%E5%89%8D%E9%80%94,2026-09-01T23:33:29+0900,Korean meaning not confidently aligned
w_910f292bbab2b9a8,N1,,manual_review,勘,かん,,,,,surface+reading,N1,https://ja.dict.naver.com/#/search?query=%E5%8B%98,2026-09-01T23:33:29+0900,Korean meaning not confidently aligned
w_74f7e87454f7a2e7,N1,,manual_review,勘弁,かんべん,,,,,surface+reading,N1,https://ja.dict.naver.com/#/search?query=%E5%8B%98%E5%BC%81,2026-09-01T23:33:29+0900,Korean meaning not confidently aligned
w_d248a770c78a788e,N1,,manual_review,勝る,まさる,,,,,surface+reading,N1,https://ja.dict.naver.com/#/search?query=%E5%8B%9D%E3%82%8B,2026-09-01T23:33:29+0900,Korean meaning not confidently aligned
w_6011aa3363e8f65e,N1,,manual_review,卑しい,いやしい,,,,,surface+reading,N1,https://ja.dict.naver.com/#/search?query=%E5%8D%91%E3%81%97%E3%81%84,2026-09-01T23:33:29+0900,Korean meaning not confidently aligned
w_67f33868920eb72f,N1,,manual_review,単一,たんいつ,,,,,surface+reading,N1,https://ja.dict.naver.com/#/search?query=%E5%8D%98%E4%B8%80,2026-09-01T23:33:29+0900,part of speech not confirmed: app=adjective NAVER=명사
w_89e88050a60546d8,N1,,manual_review,単独,たんどく,,,,,surface+reading,N1,https://ja.dict.naver.com/#/search?query=%E5%8D%98%E7%8B%AC,2026-09-01T23:33:29+0900,part of speech not confirmed: app=adjective NAVER=명사
w_709b7a3d0384863d,N1,,manual_review,危ぶむ,あやぶむ,,,,,surface+reading,N1,https://ja.dict.naver.com/#/search?query=%E5%8D%B1%E3%81%B6%E3%82%80,2026-09-01T23:33:29+0900,Korean meaning not confidently aligned
w_cb2bca15a098de65,N1,,manual_review,即座に,そくざに,,,,,,N1,https://ja.dict.naver.com/#/search?query=%E5%8D%B3%E5%BA%A7%E3%81%AB,2026-09-01T23:33:29+0900,"JLPT-tagged search results exist, but none matched both form and reading"
w_11fe0e66acd093cc,N1,,manual_review,及び,および,,,,,surface+reading,N1,https://ja.dict.naver.com/#/search?query=%E5%8F%8A%E3%81%B3,2026-09-01T23:33:29+0900,part of speech not confirmed: app=conjunction NAVER=기타
w_0e25c0ea9143aa5a,N1,,manual_review,取り分け,とりわけ,,,,,,N1,https://ja.dict.naver.com/#/search?query=%E5%8F%96%E3%82%8A%E5%88%86%E3%81%91,2026-09-01T23:33:29+0900,"JLPT-tagged search results exist, but none matched both form and reading"
w_18904ffc4733404c,N1,,manual_review,取り扱う,とりあつかう,,,,,surface+reading,N1,https://ja.dict.naver.com/#/search?query=%E5%8F%96%E3%82%8A%E6%89%B1%E3%81%86,2026-09-01T23:33:29+0900,Korean meaning not confidently aligned
w_59d2a347099020fb,N1,,manual_review,口頭,こうとう,,,,,surface+reading,N1,https://ja.dict.naver.com/#/search?query=%E5%8F%A3%E9%A0%AD,2026-09-01T23:33:29+0900,part of speech not confirmed: app=adjective NAVER=명사
w_742cd942953ffea7,N1,,manual_review,叶える,かなえる,,,,,,N1,https://ja.dict.naver.com/#/search?query=%E5%8F%B6%E3%81%88%E3%82%8B,2026-09-01T23:33:29+0900,"JLPT-tagged search results exist, but none matched both form and reading"
w_9a33906589fa3218,N1,,manual_review,合間,あいま,,,,,surface+reading,N1,https://ja.dict.naver.com/#/search?query=%E5%90%88%E9%96%93,2026-09-01T23:33:29+0900,Korean meaning not confidently aligned
w_bec94d47e76f2246,N1,,manual_review,同等,どうとう,,,,,surface+reading,N1,https://ja.dict.naver.com/#/search?query=%E5%90%8C%E7%AD%89,2026-09-01T23:33:29+0900,part of speech not confirmed: app=adjective NAVER=명사
w_18cc307de3cc1e14,N1,,manual_review,同調,どうちょう,,,,,surface+reading,N1,https://ja.dict.naver.com/#/search?query=%E5%90%8C%E8%AA%BF,2026-09-01T23:33:29+0900,Korean meaning not confidently aligned
w_8d691c6743afec92,N1,,manual_review,嗜好,しこう,,,,,surface+reading,N1,https://ja.dict.naver.com/#/search?query=%E5%97%9C%E5%A5%BD,2026-09-01T23:33:29+0900,Korean meaning not confidently aligned
w_3e244d7a11df3ed3,N1,,manual_review,器械,きかい,,,,,surface+reading,N1,https://ja.dict.naver.com/#/search?query=%E5%99%A8%E6%A2%B0,2026-09-01T23:33:29+0900,Korean meaning not confidently aligned
w_350719a3291176e4,N1,,manual_review,団扇,うちわ,,,,,surface+reading,N1,https://ja.dict.naver.com/#/search?query=%E5%9B%A3%E6%89%87,2026-09-01T23:33:29+0900,Korean meaning not confidently aligned
w_ccc6fca5d20f754a,N1,,manual_review,固める,かためる,,,,,surface+reading,N1,https://ja.dict.naver.com/#/search?query=%E5%9B%BA%E3%82%81%E3%82%8B,2026-09-01T23:33:29+0900,Korean meaning not confidently aligned
w_369e521cbb40d997,N1,,manual_review,固有,こゆう,,,,,surface+reading,N1,https://ja.dict.naver.com/#/search?query=%E5%9B%BA%E6%9C%89,2026-09-01T23:33:29+0900,part of speech not confirmed: app=adjective NAVER=명사
w_cf95e539e7da05db,N1,,manual_review,国連,こくれん,,,,,surface+reading,N1,https://ja.dict.naver.com/#/search?query=%E5%9B%BD%E9%80%A3,2026-09-01T23:33:29+0900,Korean meaning not confidently aligned
w_f9e4e26cd67e15c8,N1,,manual_review,垢,あか,,,,,surface+reading,N1,https://ja.dict.naver.com/#/search?query=%E5%9E%A2,2026-09-01T23:33:29+0900,Korean meaning not confidently aligned
w_c5d684ffdbd001f8,N1,,manual_review,報じる,ほうじる,,,,,surface+reading,N1,https://ja.dict.naver.com/#/search?query=%E5%A0%B1%E3%81%98%E3%82%8B,2026-09-01T23:33:29+0900,Korean meaning not confidently aligned
w_a0aa509058c2107f,N1,,manual_review,壮大,そうだい,,,,,surface+reading,N1,https://ja.dict.naver.com/#/search?query=%E5%A3%AE%E5%A4%A7,2026-09-01T23:33:29+0900,Korean meaning not confidently aligned
w_898c2a45aa7e52a6,N1,,manual_review,外来,がいらい,,,,,surface+reading,N1,https://ja.dict.naver.com/#/search?query=%E5%A4%96%E6%9D%A5,2026-09-01T23:33:29+0900,part of speech not confirmed: app=adjective NAVER=명사
w_9092ea68f72469c1,N1,,manual_review,多忙,たぼう,,,,,surface+reading,N1,https://ja.dict.naver.com/#/search?query=%E5%A4%9A%E5%BF%99,2026-09-01T23:33:29+0900,Korean meaning not confidently aligned
w_d10439ce737d3db9,N1,,manual_review,大幅,おおはば,,,,,surface+reading,N1,https://ja.dict.naver.com/#/search?query=%E5%A4%A7%E5%B9%85,2026-09-01T23:33:29+0900,Korean meaning not confidently aligned
w_24a90701ee32e2fb,N1,,manual_review,大方,おおかた,,,,,surface+reading,N1,https://ja.dict.naver.com/#/search?query=%E5%A4%A7%E6%96%B9,2026-09-01T23:33:29+0900,part of speech not confirmed: app=noun NAVER=부사
w_419b24bb86a146ef,N1,,manual_review,大柄,おおがら,,,,,surface+reading,N1,https://ja.dict.naver.com/#/search?query=%E5%A4%A7%E6%9F%84,2026-09-01T23:33:29+0900,part of speech not confirmed: app=adjective NAVER=명사
w_c432f234118ad2d5,N1,,manual_review,好ましい,このましい,,,,,surface+reading,N1,https://ja.dict.naver.com/#/search?query=%E5%A5%BD%E3%81%BE%E3%81%97%E3%81%84,2026-09-01T23:33:29+0900,Korean meaning not confidently aligned
w_7853c7bb0dec1579,N1,,manual_review,始発,しはつ,,,,,surface+reading,N1,https://ja.dict.naver.com/#/search?query=%E5%A7%8B%E7%99%BA,2026-09-01T23:33:29+0900,Korean meaning not confidently aligned
w_ad0baca85d14c03b,N1,,manual_review,実,じつ,,,,,surface+reading,N1,https://ja.dict.naver.com/#/search?query=%E5%AE%9F,2026-09-01T23:33:29+0900,Korean meaning not confidently aligned
w_99849b153132ee40,N1,,manual_review,実家,じっか,,,,,surface+reading,N1,https://ja.dict.naver.com/#/search?query=%E5%AE%9F%E5%AE%B6,2026-09-01T23:33:29+0900,Korean meaning not confidently aligned
w_d959e50fd73c68bc,N1,,manual_review,寄贈,きぞう,,,,,surface+reading,N1,https://ja.dict.naver.com/#/search?query=%E5%AF%84%E8%B4%88,2026-09-01T23:33:29+0900,Korean meaning not confidently aligned
w_b7818753cbabeecc,N1,,manual_review,密か,ひそか,,,,,surface+reading,N1,https://ja.dict.naver.com/#/search?query=%E5%AF%86%E3%81%8B,2026-09-01T23:33:29+0900,Korean meaning not confidently aligned
w_4f7610296f86f1f2,N1,,manual_review,密接,みっせつ,,,,,surface+reading,N1,https://ja.dict.naver.com/#/search?query=%E5%AF%86%E6%8E%A5,2026-09-01T23:33:29+0900,Korean meaning not confidently aligned
w_7fe34f3d3b9ceed6,N1,,manual_review,寝かせる,ねかせる,,,,,surface+reading,N1,https://ja.dict.naver.com/#/search?query=%E5%AF%9D%E3%81%8B%E3%81%9B%E3%82%8B,2026-09-01T23:33:29+0900,Korean meaning not confidently aligned
w_2eb465bf2fbf4e1a,N1,,manual_review,察知,さっち,,,,,surface+reading,N1,https://ja.dict.naver.com/#/search?query=%E5%AF%9F%E7%9F%A5,2026-09-01T23:33:29+0900,Korean meaning not confidently aligned
w_35c25e176d8f0a74,N1,,manual_review,審査,しんさ,,,,,surface+reading,N1,https://ja.dict.naver.com/#/search?query=%E5%AF%A9%E6%9F%BB,2026-09-01T23:33:29+0900,Korean meaning not confidently aligned
w_72334ead34fc9c05,N1,,manual_review,対等,たいとう,,,,,surface+reading,N1,https://ja.dict.naver.com/#/search?query=%E5%AF%BE%E7%AD%89,2026-09-01T23:33:29+0900,part of speech not confirmed: app=noun NAVER=형용동사
w_64fc8e4d71c126f1,N1,,manual_review,小柄,こがら,,,,,surface+reading,N1,https://ja.dict.naver.com/#/search?query=%E5%B0%8F%E6%9F%84,2026-09-01T23:33:29+0900,part of speech not confirmed: app=adjective NAVER=명사
w_2c3f3b5d1f0e15fa,N1,,manual_review,巧み,たくみ,,,,,,N1,https://ja.dict.naver.com/#/search?query=%E5%B7%A7%E3%81%BF,2026-09-01T23:33:29+0900,"JLPT-tagged search results exist, but none matched both form and reading"
w_45d31ebbd1fb2705,N1,,manual_review,帯びる,おびる,,,,,surface+reading,N1,https://ja.dict.naver.com/#/search?query=%E5%B8%AF%E3%81%B3%E3%82%8B,2026-09-01T23:33:29+0900,Korean meaning not confidently aligned
w_758edf41a91c026a,N1,,manual_review,平常,へいじょう,,,,,surface+reading,N1,https://ja.dict.naver.com/#/search?query=%E5%B9%B3%E5%B8%B8,2026-09-01T23:33:29+0900,part of speech not confirmed: app=adjective NAVER=명사
w_46a99159861c215e,N1,,manual_review,年長,ねんちょう,,,,,surface+reading,N1,https://ja.dict.naver.com/#/search?query=%E5%B9%B4%E9%95%B7,2026-09-01T23:33:29+0900,part of speech not confirmed: app=adjective NAVER=명사
w_4938026596d27e3b,N1,,manual_review,庶民,しょみん,,,,,surface+reading,N1,https://ja.dict.naver.com/#/search?query=%E5%BA%B6%E6%B0%91,2026-09-01T23:33:29+0900,Korean meaning not confidently aligned
w_7061dda23169d7e4,N1,,manual_review,廃れる,すたれる,,,,,surface+reading,N1,https://ja.dict.naver.com/#/search?query=%E5%BB%83%E3%82%8C%E3%82%8B,2026-09-01T23:33:29+0900,Korean meaning not confidently aligned
w_e51e2c633a8c0010,N1,,manual_review,役職,やくしょく,,,,,surface+reading,N1,https://ja.dict.naver.com/#/search?query=%E5%BD%B9%E8%81%B7,2026-09-01T23:33:29+0900,Korean meaning not confidently aligned
w_f4e7b697d7baf427,N1,,manual_review,従業員,じゅうぎょういん,,,,,,N1,https://ja.dict.naver.com/#/search?query=%E5%BE%93%E6%A5%AD%E5%93%A1,2026-09-01T23:33:29+0900,"JLPT-tagged search results exist, but none matched both form and reading"
w_08efa531bbf9c3e6,N1,,manual_review,心得,こころえ,,,,,surface+reading,N1,https://ja.dict.naver.com/#/search?query=%E5%BF%83%E5%BE%97,2026-09-01T23:33:29+0900,Korean meaning not confidently aligned
w_f63eeaa8c539fb4b,N1,,manual_review,心掛け,こころがけ,,,,,surface+reading,N1,https://ja.dict.naver.com/#/search?query=%E5%BF%83%E6%8E%9B%E3%81%91,2026-09-01T23:33:29+0900,Korean meaning not confidently aligned
w_2e76df4b694cf4fd,N1,,manual_review,心構え,こころがまえ,,,,,surface+reading,N1,https://ja.dict.naver.com/#/search?query=%E5%BF%83%E6%A7%8B%E3%81%88,2026-09-01T23:33:29+0900,Korean meaning not confidently aligned
w_fa56a66e87411a7f,N1,,manual_review,志,こころざし,,,,,surface+reading,N1,https://ja.dict.naver.com/#/search?query=%E5%BF%97,2026-09-01T23:33:29+0900,Korean meaning not confidently aligned
w_f437d8b4eaba350b,N1,,manual_review,志向,しこう,,,,,surface+reading,N1,https://ja.dict.naver.com/#/search?query=%E5%BF%97%E5%90%91,2026-09-01T23:33:29+0900,Korean meaning not confidently aligned
w_fa51706c048bb954,N1,,manual_review,忠実,ちゅうじつ,,,,,,N1,https://ja.dict.naver.com/#/search?query=%E5%BF%A0%E5%AE%9F,2026-09-01T23:33:29+0900,"JLPT-tagged search results exist, but none matched both form and reading"
w_31f4845c87d90b85,N1,,manual_review,怠る,おこたる,,,,,surface+reading,N1,https://ja.dict.naver.com/#/search?query=%E6%80%A0%E3%82%8B,2026-09-01T23:33:29+0900,Korean meaning not confidently aligned
w_44c0bcb9bd3fe519,N1,,manual_review,急かす,せかす,,,,,surface+reading,N1,https://ja.dict.naver.com/#/search?query=%E6%80%A5%E3%81%8B%E3%81%99,2026-09-01T23:33:29+0900,Korean meaning not confidently aligned
w_87e4eb8400560adc,N1,,manual_review,怯える,おびえる,,,,,surface+reading,N1,https://ja.dict.naver.com/#/search?query=%E6%80%AF%E3%81%88%E3%82%8B,2026-09-01T23:33:29+0900,Korean meaning not confidently aligned
w_ed3b692c35933354,N1,,manual_review,恐れ入る,おそれいる,,,,,surface+reading,N1,https://ja.dict.naver.com/#/search?query=%E6%81%90%E3%82%8C%E5%85%A5%E3%82%8B,2026-09-01T23:33:29+0900,Korean meaning not confidently aligned
w_9921e55a23770d4a,N1,,manual_review,情け,なさけ,,,,,surface+reading,N1,https://ja.dict.naver.com/#/search?query=%E6%83%85%E3%81%91,2026-09-01T23:33:29+0900,Korean meaning not confidently aligned
w_24f8546b661f5549,N1,,manual_review,愚か,おろか,,,,,surface+reading,N1,https://ja.dict.naver.com/#/search?query=%E6%84%9A%E3%81%8B,2026-09-01T23:33:29+0900,part of speech not confirmed: app=adjective NAVER=명사
w_f697536ea7782442,N1,,manual_review,慣れ,なれ,,,,,surface+reading,N1,https://ja.dict.naver.com/#/search?query=%E6%85%A3%E3%82%8C,2026-09-01T23:33:29+0900,Korean meaning not confidently aligned
w_71b3c2fa37f0e870,N1,,manual_review,戸惑う,とまどう,,,,,surface+reading,N1,https://ja.dict.naver.com/#/search?query=%E6%88%B8%E6%83%91%E3%81%86,2026-09-01T23:33:29+0900,Korean meaning not confidently aligned
w_e662da8e9deb3398,N1,,manual_review,所定,しょてい,,,,,surface+reading,N1,https://ja.dict.naver.com/#/search?query=%E6%89%80%E5%AE%9A,2026-09-01T23:33:29+0900,part of speech not confirmed: app=adjective NAVER=명사
w_5bba410a9f58c9b9,N1,,manual_review,所得,しょとく,,,,,surface+reading,N1,https://ja.dict.naver.com/#/search?query=%E6%89%80%E5%BE%97,2026-09-01T23:33:29+0900,Korean meaning not confidently aligned
w_4ef2af90123264d7,N1,,manual_review,手数,てかず,,,,,surface+reading,N1,https://ja.dict.naver.com/#/search?query=%E6%89%8B%E6%95%B0,2026-09-01T23:33:29+0900,Korean meaning not confidently aligned
w_a5ce3b77487ce09f,N1,,manual_review,手筈,てはず,,,,,surface+reading,N1,https://ja.dict.naver.com/#/search?query=%E6%89%8B%E7%AD%88,2026-09-01T23:33:29+0900,Korean meaning not confidently aligned
w_a8962f2ceb682753,N1,,manual_review,手薄,てうす,,,,,surface+reading,N1,https://ja.dict.naver.com/#/search?query=%E6%89%8B%E8%96%84,2026-09-01T23:33:29+0900,part of speech not confirmed: app=adjective NAVER=명사
w_40bbce70edec5cdb,N1,,manual_review,手軽,てがる,,,,,surface+reading,N1,https://ja.dict.naver.com/#/search?query=%E6%89%8B%E8%BB%BD,2026-09-01T23:33:29+0900,Korean meaning not confidently aligned
w_2aa26c83fc7cbe5c,N1,,manual_review,手際,てぎわ,,,,,surface+reading,N1,https://ja.dict.naver.com/#/search?query=%E6%89%8B%E9%9A%9B,2026-09-01T23:33:29+0900,Korean meaning not confidently aligned
w_5306465650e71486,N1,,manual_review,手頃,てごろ,,,,,surface+reading,N1,https://ja.dict.naver.com/#/search?query=%E6%89%8B%E9%A0%83,2026-09-01T23:33:29+0900,part of speech not confirmed: app=adjective NAVER=명사
w_1473b754f2591b60,N1,,manual_review,抑える,おさえる,,,,,surface+reading,N1,https://ja.dict.naver.com/#/search?query=%E6%8A%91%E3%81%88%E3%82%8B,2026-09-01T23:33:29+0900,Korean meaning not confidently aligned
w_317804e3c0be31ce,N1,,manual_review,折,おり,,,,,surface+reading,N1,https://ja.dict.naver.com/#/search?query=%E6%8A%98,2026-09-01T23:33:29+0900,Korean meaning not confidently aligned
w_d598d3286558b75c,N1,,manual_review,抜け出す,ぬけだす,,,,,surface+reading,N1,https://ja.dict.naver.com/#/search?query=%E6%8A%9C%E3%81%91%E5%87%BA%E3%81%99,2026-09-01T23:33:29+0900,Korean meaning not confidently aligned
w_d4d82b85d2c0b91a,N1,,manual_review,拒否,きょひ,,,,,surface+reading,N1,https://ja.dict.naver.com/#/search?query=%E6%8B%92%E5%90%A6,2026-09-01T23:33:29+0900,Korean meaning not confidently aligned
w_95eff4982a9ae779,N1,,manual_review,拗れる,こじれる,,,,,surface+reading,N1,https://ja.dict.naver.com/#/search?query=%E6%8B%97%E3%82%8C%E3%82%8B,2026-09-01T23:33:29+0900,Korean meaning not confidently aligned
w_e1224f159d5c953d,N1,,manual_review,拘る,こだわる,,,,,surface+reading,N1,https://ja.dict.naver.com/#/search?query=%E6%8B%98%E3%82%8B,2026-09-01T23:33:29+0900,Korean meaning not confidently aligned
w_b28063107a5a4485,N1,,manual_review,拝借,はいしゃく,,,,,surface+reading,N1,https://ja.dict.naver.com/#/search?query=%E6%8B%9D%E5%80%9F,2026-09-01T23:33:29+0900,Korean meaning not confidently aligned
w_443c071edfd389f9,N1,,manual_review,拝啓,はいけい,,,,,surface+reading,N1,https://ja.dict.naver.com/#/search?query=%E6%8B%9D%E5%95%93,2026-09-01T23:33:29+0900,Korean meaning not confidently aligned
w_d174ba214e5b7441,N1,,manual_review,指令,しれい,,,,,surface+reading,N1,https://ja.dict.naver.com/#/search?query=%E6%8C%87%E4%BB%A4,2026-09-01T23:33:29+0900,Korean meaning not confidently aligned
w_366b4df014f1ce9e,N1,,manual_review,捗る,はかどる,,,,,surface+reading,N1,https://ja.dict.naver.com/#/search?query=%E6%8D%97%E3%82%8B,2026-09-01T23:33:29+0900,Korean meaning not confidently aligned
w_863ee6ef1cf05126,N1,,manual_review,採る,とる,,,,,,N1,https://ja.dict.naver.com/#/search?query=%E6%8E%A1%E3%82%8B,2026-09-01T23:33:29+0900,"JLPT-tagged search results exist, but none matched both form and reading"
w_87b3315a96692cd0,N1,,manual_review,控える,ひかえる,,,,,surface+reading,N1,https://ja.dict.naver.com/#/search?query=%E6%8E%A7%E3%81%88%E3%82%8B,2026-09-01T23:33:29+0900,Korean meaning not confidently aligned
w_c36280d2912eaabe,N1,,manual_review,掬う,すくう,,,,,surface+reading,N1,https://ja.dict.naver.com/#/search?query=%E6%8E%AC%E3%81%86,2026-09-01T23:33:29+0900,Korean meaning not confidently aligned
w_012a3956391c7abf,N1,,manual_review,揃い,そろい,,,,,surface+reading,N1,https://ja.dict.naver.com/#/search?query=%E6%8F%83%E3%81%84,2026-09-01T23:33:29+0900,Korean meaning not confidently aligned
w_5dcb43ede1c974c9,N1,,manual_review,擦れる,すれる,,,,,surface+reading,N1,https://ja.dict.naver.com/#/search?query=%E6%93%A6%E3%82%8C%E3%82%8B,2026-09-01T23:33:29+0900,Korean meaning not confidently aligned
w_438b4e3738285666,N1,,manual_review,改良,かいりょう,,,,,surface+reading,N1,https://ja.dict.naver.com/#/search?query=%E6%94%B9%E8%89%AF,2026-09-01T23:33:29+0900,Korean meaning not confidently aligned
w_52944f5e09c396f2,N1,,manual_review,放り出す,ほうりだす,,,,,surface+reading,N1,https://ja.dict.naver.com/#/search?query=%E6%94%BE%E3%82%8A%E5%87%BA%E3%81%99,2026-09-01T23:33:29+0900,Korean meaning not confidently aligned
w_2119dd3cac2a55fa,N1,,manual_review,救い,すくい,,,,,surface+reading,N1,https://ja.dict.naver.com/#/search?query=%E6%95%91%E3%81%84,2026-09-01T23:33:29+0900,Korean meaning not confidently aligned
w_ad224f3567422630,N1,,manual_review,新婚,しんこん,,,,,surface+reading,N1,https://ja.dict.naver.com/#/search?query=%E6%96%B0%E5%A9%9A,2026-09-01T23:33:29+0900,part of speech not confirmed: app=adjective NAVER=명사
w_a81cb16799433bef,N1,,manual_review,既婚,きこん,,,,,surface+reading,N1,https://ja.dict.naver.com/#/search?query=%E6%97%A2%E5%A9%9A,2026-09-01T23:33:29+0900,part of speech not confirmed: app=adjective NAVER=명사
w_09e23b6f9018545a,N1,,manual_review,早急,さっきゅう,,,,,surface+reading,N1,https://ja.dict.naver.com/#/search?query=%E6%97%A9%E6%80%A5,2026-09-01T23:33:29+0900,Korean meaning not confidently aligned
w_1ef4822a952c095f,N1,,manual_review,早急,そうきゅう,,,,,surface+reading,N1,https://ja.dict.naver.com/#/search?query=%E6%97%A9%E6%80%A5,2026-09-01T23:33:29+0900,Korean meaning not confidently aligned
w_bec47400cd9df368,N1,,manual_review,明瞭,めいりょう,,,,,surface+reading,N1,https://ja.dict.naver.com/#/search?query=%E6%98%8E%E7%9E%AD,2026-09-01T23:33:29+0900,Korean meaning not confidently aligned
w_a63a119a03ed4e7f,N1,,manual_review,普遍,ふへん,,,,,surface+reading,N1,https://ja.dict.naver.com/#/search?query=%E6%99%AE%E9%81%8D,2026-09-01T23:33:29+0900,part of speech not confirmed: app=adjective NAVER=명사
w_e99a3d245db86373,N1,,manual_review,最中,さなか,,,,,surface+reading,N1,https://ja.dict.naver.com/#/search?query=%E6%9C%80%E4%B8%AD,2026-09-01T23:33:29+0900,Korean meaning not confidently aligned
w_5f7842ca702cfe0f,N1,,manual_review,有望,ゆうぼう,,,,,surface+reading,N1,https://ja.dict.naver.com/#/search?query=%E6%9C%89%E6%9C%9B,2026-09-01T23:33:29+0900,part of speech not confirmed: app=adjective NAVER=명사
w_6dd99133579e92a8,N1,,manual_review,未婚,みこん,,,,,surface+reading,N1,https://ja.dict.naver.com/#/search?query=%E6%9C%AA%E5%A9%9A,2026-09-01T23:33:29+0900,part of speech not confirmed: app=adjective NAVER=명사
w_08697f0dbbcca846,N1,,manual_review,未定,みてい,,,,,surface+reading,N1,https://ja.dict.naver.com/#/search?query=%E6%9C%AA%E5%AE%9A,2026-09-01T23:33:29+0900,part of speech not confirmed: app=adjective NAVER=명사
w_e3643823050e5d97,N1,,manual_review,未熟,みじゅく,,,,,surface+reading,N1,https://ja.dict.naver.com/#/search?query=%E6%9C%AA%E7%86%9F,2026-09-01T23:33:29+0900,part of speech not confirmed: app=adjective NAVER=명사
w_5d563043a5a585a6,N1,,manual_review,未知,みち,,,,,surface+reading,N1,https://ja.dict.naver.com/#/search?query=%E6%9C%AA%E7%9F%A5,2026-09-01T23:33:29+0900,part of speech not confirmed: app=adjective NAVER=명사
w_7259ebed7e8b12f2,N1,,manual_review,未開,みかい,,,,,surface+reading,N1,https://ja.dict.naver.com/#/search?query=%E6%9C%AA%E9%96%8B,2026-09-01T23:33:29+0900,part of speech not confirmed: app=adjective NAVER=명사
w_06f956dc9fbbb0bd,N1,,manual_review,本音,ほんね,,,,,surface+reading,N1,https://ja.dict.naver.com/#/search?query=%E6%9C%AC%E9%9F%B3,2026-09-01T23:33:29+0900,Korean meaning not confidently aligned
w_d45464af66ced061,N1,,manual_review,札,ふだ,,,,,surface+reading,N1,https://ja.dict.naver.com/#/search?query=%E6%9C%AD,2026-09-01T23:33:29+0900,Korean meaning not confidently aligned
w_07b3929512d229c4,N1,,manual_review,来場,らいじょう,,,,,surface+reading,N1,https://ja.dict.naver.com/#/search?query=%E6%9D%A5%E5%A0%B4,2026-09-01T23:33:29+0900,Korean meaning not confidently aligned
w_8dec04ac32a62cd8,N1,,manual_review,株式,かぶしき,,,,,,N1,https://ja.dict.naver.com/#/search?query=%E6%A0%AA%E5%BC%8F,2026-09-01T23:33:29+0900,"JLPT-tagged search results exist, but none matched both form and reading"
w_da17dad9ad94d35c,N1,,manual_review,根気,こんき,,,,,surface+reading,N1,https://ja.dict.naver.com/#/search?query=%E6%A0%B9%E6%B0%97,2026-09-01T23:33:29+0900,Korean meaning not confidently aligned
w_5ab85d7ac7d33bf8,N1,,manual_review,格別,かくべつ,,,,,surface+reading,N1,https://ja.dict.naver.com/#/search?query=%E6%A0%BC%E5%88%A5,2026-09-01T23:33:29+0900,Korean meaning not confidently aligned
w_0dd1265be1f3b283,N1,,manual_review,案の定,あんのじょう,,,,,surface+reading,N1,https://ja.dict.naver.com/#/search?query=%E6%A1%88%E3%81%AE%E5%AE%9A,2026-09-01T23:33:29+0900,part of speech not confirmed: app=adverb NAVER=명사
w_a8a244619250a753,N1,,manual_review,桟橋,さんばし,,,,,surface+reading,N1,https://ja.dict.naver.com/#/search?query=%E6%A1%9F%E6%A9%8B,2026-09-01T23:33:29+0900,Korean meaning not confidently aligned
w_ed86d3d08d22d18b,N1,,manual_review,梢,こずえ,,,,,surface+reading,N1,https://ja.dict.naver.com/#/search?query=%E6%A2%A2,2026-09-01T23:33:29+0900,Korean meaning not confidently aligned
w_aea6e104360336b5,N1,,manual_review,植わる,うわる,,,,,surface+reading,N1,https://ja.dict.naver.com/#/search?query=%E6%A4%8D%E3%82%8F%E3%82%8B,2026-09-01T23:33:29+0900,Korean meaning not confidently aligned
w_65741a2d9cd1b73b,N1,,manual_review,構える,かまえる,,,,,surface+reading,N1,https://ja.dict.naver.com/#/search?query=%E6%A7%8B%E3%81%88%E3%82%8B,2026-09-01T23:33:29+0900,Korean meaning not confidently aligned
w_24ee4c054105c72b,N1,,manual_review,横綱,よこづな,,,,,surface+reading,N1,https://ja.dict.naver.com/#/search?query=%E6%A8%AA%E7%B6%B1,2026-09-01T23:33:29+0900,Korean meaning not confidently aligned
w_8e8e619883455076,N1,,manual_review,橋渡し,はしわたし,,,,,surface+reading,N1,https://ja.dict.naver.com/#/search?query=%E6%A9%8B%E6%B8%A1%E3%81%97,2026-09-01T23:33:29+0900,Korean meaning not confidently aligned
w_ec9e607fc8bac604,N1,,manual_review,欲深い,よくふかい,,,,,,N1,https://ja.dict.naver.com/#/search?query=%E6%AC%B2%E6%B7%B1%E3%81%84,2026-09-01T23:33:29+0900,"JLPT-tagged search results exist, but none matched both form and reading"
w_e3179dcdcdadcc4d,N1,,manual_review,残酷,ざんこく,,,,,surface+reading,N1,https://ja.dict.naver.com/#/search?query=%E6%AE%8B%E9%85%B7,2026-09-01T23:33:29+0900,Korean meaning not confidently aligned
w_e55eba201d97a458,N1,,manual_review,気軽,きがる,,,,,surface+reading,N1,https://ja.dict.naver.com/#/search?query=%E6%B0%97%E8%BB%BD,2026-09-01T23:33:29+0900,Korean meaning not confidently aligned
w_986228d6da6d8d7b,N1,,manual_review,気障,きざ,,,,,surface+reading,N1,https://ja.dict.naver.com/#/search?query=%E6%B0%97%E9%9A%9C,2026-09-01T23:33:29+0900,Korean meaning not confidently aligned
w_737884237fe81fd0,N1,,manual_review,決断,けつだん,,,,,surface+reading,N1,https://ja.dict.naver.com/#/search?query=%E6%B1%BA%E6%96%AD,2026-09-01T23:33:29+0900,Korean meaning not confidently aligned
w_4b67eea89d41e4b8,N1,,manual_review,沿岸,えんがん,,,,,surface+reading,N1,https://ja.dict.naver.com/#/search?query=%E6%B2%BF%E5%B2%B8,2026-09-01T23:33:29+0900,Korean meaning not confidently aligned
w_1cf739ec3b28e24d,N1,,manual_review,津波,つなみ,,,,,surface+reading,N1,https://ja.dict.naver.com/#/search?query=%E6%B4%A5%E6%B3%A2,2026-09-01T23:33:29+0900,Korean meaning not confidently aligned
w_80d1fde9c12ec7bb,N1,,manual_review,活発,かっぱつ,,,,,surface+reading,N1,https://ja.dict.naver.com/#/search?query=%E6%B4%BB%E7%99%BA,2026-09-01T23:33:29+0900,part of speech not confirmed: app=noun NAVER=형용동사
w_a634c297cfa679d5,N1,,manual_review,流し,ながし,,,,,surface+reading,N1,https://ja.dict.naver.com/#/search?query=%E6%B5%81%E3%81%97,2026-09-01T23:33:29+0900,Korean meaning not confidently aligned
w_2cda741d566b6ed7,N1,,manual_review,温和,おんわ,,,,,surface+reading,N1,https://ja.dict.naver.com/#/search?query=%E6%B8%A9%E5%92%8C,2026-09-01T23:33:29+0900,Korean meaning not confidently aligned
w_1d13264e7f8e8113,N1,,manual_review,湿気る,しける,,,,,surface+reading,N1,https://ja.dict.naver.com/#/search?query=%E6%B9%BF%E6%B0%97%E3%82%8B,2026-09-01T23:33:29+0900,Korean meaning not confidently aligned
w_7ea1acd07319c07b,N1,,manual_review,滅ぼす,ほろぼす,,,,,surface+reading,N1,https://ja.dict.naver.com/#/search?query=%E6%BB%85%E3%81%BC%E3%81%99,2026-09-01T23:33:29+0900,Korean meaning not confidently aligned
w_c5f898f357666203,N1,,manual_review,滑らか,なめらか,,,,,surface+reading,N1,https://ja.dict.naver.com/#/search?query=%E6%BB%91%E3%82%89%E3%81%8B,2026-09-01T23:33:29+0900,Korean meaning not confidently aligned
w_1f60e45cab79ba62,N1,,manual_review,演ずる,えんずる,,,,,surface+reading,N1,https://ja.dict.naver.com/#/search?query=%E6%BC%94%E3%81%9A%E3%82%8B,2026-09-01T23:33:29+0900,Korean meaning not confidently aligned
w_ad278162220ff848,N1,,manual_review,漠然と,ばくぜんと,,,,,,N1,https://ja.dict.naver.com/#/search?query=%E6%BC%A0%E7%84%B6%E3%81%A8,2026-09-01T23:33:29+0900,"JLPT-tagged search results exist, but none matched both form and reading"
w_359545c599729c7a,N1,,manual_review,災害,さいがい,,,,,surface+reading,N1,https://ja.dict.naver.com/#/search?query=%E7%81%BD%E5%AE%B3,2026-09-01T23:33:29+0900,Korean meaning not confidently aligned
w_8dc15742d3e128af,N1,,manual_review,炬燵,こたつ,,,,,surface+reading,N1,https://ja.dict.naver.com/#/search?query=%E7%82%AC%E7%87%B5,2026-09-01T23:33:29+0900,Korean meaning not confidently aligned
w_60f0df77a7c73dbf,N1,,manual_review,無効,むこう,,,,,surface+reading,N1,https://ja.dict.naver.com/#/search?query=%E7%84%A1%E5%8A%B9,2026-09-01T23:33:29+0900,part of speech not confirmed: app=adjective NAVER=명사
w_afa1bc1548512e99,N1,,manual_review,無口,むくち,,,,,surface+reading,N1,https://ja.dict.naver.com/#/search?query=%E7%84%A1%E5%8F%A3,2026-09-01T23:33:29+0900,part of speech not confirmed: app=adjective NAVER=명사
w_67a4d891463851c1,N1,,manual_review,無意味,むいみ,,,,,surface+reading,N1,https://ja.dict.naver.com/#/search?query=%E7%84%A1%E6%84%8F%E5%91%B3,2026-09-01T23:33:29+0900,Korean meaning not confidently aligned
w_edd9dbd57627094a,N1,,manual_review,無用,むよう,,,,,surface+reading,N1,https://ja.dict.naver.com/#/search?query=%E7%84%A1%E7%94%A8,2026-09-01T23:33:29+0900,part of speech not confirmed: app=adjective NAVER=명사
w_74f4b03d86a9823b,N1,,manual_review,無礼,ぶれい,,,,,surface+reading,N1,https://ja.dict.naver.com/#/search?query=%E7%84%A1%E7%A4%BC,2026-09-01T23:33:29+0900,Korean meaning not confidently aligned
w_aca6c6f278456770,N1,,manual_review,無茶,むちゃ,,,,,surface+reading,N1,https://ja.dict.naver.com/#/search?query=%E7%84%A1%E8%8C%B6,2026-09-01T23:33:29+0900,Korean meaning not confidently aligned
w_7f42cd1407c111d4,N1,,manual_review,無邪気,むじゃき,,,,,surface+reading,N1,https://ja.dict.naver.com/#/search?query=%E7%84%A1%E9%82%AA%E6%B0%97,2026-09-01T23:33:29+0900,Korean meaning not confidently aligned
w_84a0c4c5c15256e3,N1,,manual_review,無駄,むだ,,,,,surface+reading,N1,https://ja.dict.naver.com/#/search?query=%E7%84%A1%E9%A7%84,2026-09-01T23:33:29+0900,Korean meaning not confidently aligned
w_1c7becc3389625c1,N1,,manual_review,猛烈,もうれつ,,,,,surface+reading,N1,https://ja.dict.naver.com/#/search?query=%E7%8C%9B%E7%83%88,2026-09-01T23:33:29+0900,Korean meaning not confidently aligned
w_2fb46588020ac25a,N1,,manual_review,獲物,えもの,,,,,surface+reading,N1,https://ja.dict.naver.com/#/search?query=%E7%8D%B2%E7%89%A9,2026-09-01T23:33:29+0900,Korean meaning not confidently aligned
w_b6d2da01ed4eaeb2,N1,,manual_review,現地,げんち,,,,,surface+reading,N1,https://ja.dict.naver.com/#/search?query=%E7%8F%BE%E5%9C%B0,2026-09-01T23:33:29+0900,Korean meaning not confidently aligned
w_ce94554fe76bd18c,N1,,manual_review,甘える,あまえる,,,,,surface+reading,N1,https://ja.dict.naver.com/#/search?query=%E7%94%98%E3%81%88%E3%82%8B,2026-09-01T23:33:29+0900,Korean meaning not confidently aligned
w_39df16b92ce5c529,N1,,manual_review,生身,なまみ,,,,,surface+reading,N1,https://ja.dict.naver.com/#/search?query=%E7%94%9F%E8%BA%AB,2026-09-01T23:33:29+0900,Korean meaning not confidently aligned
w_20d9cf004faafa35,N1,,manual_review,産休,さんきゅう,,,,,surface+reading,N1,https://ja.dict.naver.com/#/search?query=%E7%94%A3%E4%BC%91,2026-09-01T23:33:29+0900,Korean meaning not confidently aligned
w_3e90b62deae13711,N1,,manual_review,産後,さんご,,,,,surface+reading,N1,https://ja.dict.naver.com/#/search?query=%E7%94%A3%E5%BE%8C,2026-09-01T23:33:29+0900,part of speech not confirmed: app=adjective NAVER=명사
w_3157aa07368dd300,N1,,manual_review,甲,こう,,,,,surface+reading,N1,https://ja.dict.naver.com/#/search?query=%E7%94%B2,2026-09-01T23:33:29+0900,Korean meaning not confidently aligned
w_bca9ba5568af3559,N1,,manual_review,畜生,ちくしょう,,,,,surface+reading,N1,https://ja.dict.naver.com/#/search?query=%E7%95%9C%E7%94%9F,2026-09-01T23:33:29+0900,part of speech not confirmed: app=interjection NAVER=명사
w_f33b1779542ae443,N1,,manual_review,疎か,おろそか,,,,,surface+reading,N1,https://ja.dict.naver.com/#/search?query=%E7%96%8E%E3%81%8B,2026-09-01T23:33:29+0900,Korean meaning not confidently aligned
w_7d949c15be3cc09b,N1,,manual_review,真っ二つ,まっぷたつ,,,,,surface+reading,N1,https://ja.dict.naver.com/#/search?query=%E7%9C%9F%E3%81%A3%E4%BA%8C%E3%81%A4,2026-09-01T23:33:29+0900,Korean meaning not confidently aligned
w_b8c80d155447f46a,N1,,manual_review,真ん丸い,まんまるい,,,,,surface+reading,N1,https://ja.dict.naver.com/#/search?query=%E7%9C%9F%E3%82%93%E4%B8%B8%E3%81%84,2026-09-01T23:33:29+0900,Korean meaning not confidently aligned
w_a8116b6aadf7fe18,N1,,manual_review,真ん前,まんまえ,,,,,surface+reading,N1,https://ja.dict.naver.com/#/search?query=%E7%9C%9F%E3%82%93%E5%89%8D,2026-09-01T23:33:29+0900,part of speech not confirmed: app=adjective NAVER=명사
w_36d95d84c3b6f948,N1,,manual_review,短大,たんだい,,,,,surface+reading,N1,https://ja.dict.naver.com/#/search?query=%E7%9F%AD%E5%A4%A7,2026-09-01T23:33:29+0900,Korean meaning not confidently aligned
w_72b3908f46cdf2c4,N1,,manual_review,稲光,いなびかり,,,,,surface+reading,N1,https://ja.dict.naver.com/#/search?query=%E7%A8%B2%E5%85%89,2026-09-01T23:33:29+0900,Korean meaning not confidently aligned
w_c774f9b47e10c2ec,N1,,manual_review,究極,きゅうきょく,,,,,surface+reading,N1,https://ja.dict.naver.com/#/search?query=%E7%A9%B6%E6%A5%B5,2026-09-01T23:33:29+0900,part of speech not confirmed: app=adjective NAVER=명사
w_7235caa24ef89705,N1,,manual_review,筒,つつ,,,,,surface+reading,N1,https://ja.dict.naver.com/#/search?query=%E7%AD%92,2026-09-01T23:33:29+0900,Korean meaning not confidently aligned
w_955f496f0673fc78,N1,,manual_review,粋,すい,,,,,surface+reading,N1,https://ja.dict.naver.com/#/search?query=%E7%B2%8B,2026-09-01T23:33:29+0900,Korean meaning not confidently aligned
w_e4f0523661954e9b,N1,,manual_review,納入,のうにゅう,,,,,surface+reading,N1,https://ja.dict.naver.com/#/search?query=%E7%B4%8D%E5%85%A5,2026-09-01T23:33:29+0900,Korean meaning not confidently aligned
w_75b449355fb3b1d9,N1,,manual_review,紛らわしい,まぎらわしい,,,,,surface+reading,N1,https://ja.dict.naver.com/#/search?query=%E7%B4%9B%E3%82%89%E3%82%8F%E3%81%97%E3%81%84,2026-09-01T23:33:29+0900,Korean meaning not confidently aligned
w_f4f59b085b066bf8,N1,,manual_review,紛れる,まぎれる,,,,,surface+reading,N1,https://ja.dict.naver.com/#/search?query=%E7%B4%9B%E3%82%8C%E3%82%8B,2026-09-01T23:33:29+0900,Korean meaning not confidently aligned
w_24f78b7b84fbad86,N1,,manual_review,細やか,こまやか,,,,,surface+reading,N1,https://ja.dict.naver.com/#/search?query=%E7%B4%B0%E3%82%84%E3%81%8B,2026-09-01T23:33:29+0900,Korean meaning not confidently aligned
w_4c590aa8b5d01bae,N1,,manual_review,細心,さいしん,,,,,surface+reading,N1,https://ja.dict.naver.com/#/search?query=%E7%B4%B0%E5%BF%83,2026-09-01T23:33:29+0900,part of speech not confirmed: app=noun NAVER=형용동사
w_a611c1b0cbf6a205,N1,,manual_review,終始,しゅうし,,,,,surface+reading,N1,https://ja.dict.naver.com/#/search?query=%E7%B5%82%E5%A7%8B,2026-09-01T23:33:29+0900,"part of speech not confirmed: app=noun NAVER=동사,부사"
w_0c8892e8786a0ea9,N1,,manual_review,綿密,めんみつ,,,,,surface+reading,N1,https://ja.dict.naver.com/#/search?query=%E7%B6%BF%E5%AF%86,2026-09-01T23:33:29+0900,Korean meaning not confidently aligned
w_fca5ec33c5cd28f4,N1,,manual_review,緩める,ゆるめる,,,,,surface+reading,N1,https://ja.dict.naver.com/#/search?query=%E7%B7%A9%E3%82%81%E3%82%8B,2026-09-01T23:33:29+0900,Korean meaning not confidently aligned
w_04c77a5abf4b153b,N1,,manual_review,緩やか,ゆるやか,,,,,surface+reading,N1,https://ja.dict.naver.com/#/search?query=%E7%B7%A9%E3%82%84%E3%81%8B,2026-09-01T23:33:29+0900,Korean meaning not confidently aligned
w_17f0f7e5b8a97bb2,N1,,manual_review,縮まる,ちぢまる,,,,,surface+reading,N1,https://ja.dict.naver.com/#/search?query=%E7%B8%AE%E3%81%BE%E3%82%8B,2026-09-01T23:33:29+0900,Korean meaning not confidently aligned
w_c1d96f9e53c5c773,N1,,manual_review,肝心,かんじん,,,,,surface+reading,N1,https://ja.dict.naver.com/#/search?query=%E8%82%9D%E5%BF%83,2026-09-01T23:33:29+0900,part of speech not confirmed: app=adjective NAVER=명사
w_9da5d3e318f2c437,N1,,manual_review,股,もも,,,,,surface+reading,N1,https://ja.dict.naver.com/#/search?query=%E8%82%A1,2026-09-01T23:33:29+0900,Korean meaning not confidently aligned
w_4b6c5f6b362085b4,N1,,manual_review,胴,どう,,,,,surface+reading,N1,https://ja.dict.naver.com/#/search?query=%E8%83%B4,2026-09-01T23:33:29+0900,Korean meaning not confidently aligned
w_78fe9f7628a7a2fb,N1,,manual_review,臆病,おくびょう,,,,,surface+reading,N1,https://ja.dict.naver.com/#/search?query=%E8%87%86%E7%97%85,2026-09-01T23:33:29+0900,part of speech not confirmed: app=adjective NAVER=명사
w_25dc46a0c87b3106,N1,,manual_review,自主,じしゅ,,,,,surface+reading,N1,https://ja.dict.naver.com/#/search?query=%E8%87%AA%E4%B8%BB,2026-09-01T23:33:29+0900,Korean meaning not confidently aligned
w_21e49ca5c92a8c5b,N1,,manual_review,自在,じざい,,,,,surface+reading,N1,https://ja.dict.naver.com/#/search?query=%E8%87%AA%E5%9C%A8,2026-09-01T23:33:29+0900,Korean meaning not confidently aligned
w_82f52f595b1292d7,N1,,manual_review,至って,いたって,,,,,surface+reading,N1,https://ja.dict.naver.com/#/search?query=%E8%87%B3%E3%81%A3%E3%81%A6,2026-09-01T23:33:29+0900,Korean meaning not confidently aligned
w_5e43e0cb458f8a0d,N1,,manual_review,船舶,せんぱく,,,,,surface+reading,N1,https://ja.dict.naver.com/#/search?query=%E8%88%B9%E8%88%B6,2026-09-01T23:33:29+0900,Korean meaning not confidently aligned
w_1c381ad6f26542d9,N1,,manual_review,若干,じゃっかん,,,,,surface+reading,N1,https://ja.dict.naver.com/#/search?query=%E8%8B%A5%E5%B9%B2,2026-09-01T23:33:29+0900,"part of speech not confirmed: app=adjective NAVER=명사,부사"
w_452bc6078da69d6b,N1,,manual_review,苦,く,,,,,,N1,https://ja.dict.naver.com/#/search?query=%E8%8B%A6,2026-09-01T23:33:29+0900,"JLPT-tagged search results exist, but none matched both form and reading"
w_fb4934c89048adc0,N1,,manual_review,著名,ちょめい,,,,,surface+reading,N1,https://ja.dict.naver.com/#/search?query=%E8%91%97%E5%90%8D,2026-09-01T23:33:29+0900,part of speech not confirmed: app=adjective NAVER=명사
w_8cc2ed324ee1f9d0,N1,,manual_review,術,すべ,,,,,,N1,https://ja.dict.naver.com/#/search?query=%E8%A1%93,2026-09-01T23:33:29+0900,"JLPT-tagged search results exist, but none matched both form and reading"
w_972809631c546eec,N1,,manual_review,衣料,いりょう,,,,,surface+reading,N1,https://ja.dict.naver.com/#/search?query=%E8%A1%A3%E6%96%99,2026-09-01T23:33:29+0900,Korean meaning not confidently aligned
w_4686de6e7b7bbd40,N1,,manual_review,衣類,いるい,,,,,surface+reading,N1,https://ja.dict.naver.com/#/search?query=%E8%A1%A3%E9%A1%9E,2026-09-01T23:33:29+0900,Korean meaning not confidently aligned
w_e68fa4d312c425c5,N1,,manual_review,衰える,おとろえる,,,,,surface+reading,N1,https://ja.dict.naver.com/#/search?query=%E8%A1%B0%E3%81%88%E3%82%8B,2026-09-01T23:33:29+0900,Korean meaning not confidently aligned
w_0c26cac896c6bac7,N1,,manual_review,補給,ほきゅう,,,,,surface+reading,N1,https://ja.dict.naver.com/#/search?query=%E8%A3%9C%E7%B5%A6,2026-09-01T23:33:29+0900,Korean meaning not confidently aligned
w_6ed74d9ae056d361,N1,,manual_review,補足,ほそく,,,,,surface+reading,N1,https://ja.dict.naver.com/#/search?query=%E8%A3%9C%E8%B6%B3,2026-09-01T23:33:29+0900,Korean meaning not confidently aligned
w_30ea5e91ec5794d6,N1,,manual_review,西日,にしび,,,,,surface+reading,N1,https://ja.dict.naver.com/#/search?query=%E8%A5%BF%E6%97%A5,2026-09-01T23:33:29+0900,Korean meaning not confidently aligned
w_f1d351fe8f52981c,N1,,manual_review,覆す,くつがえす,,,,,surface+reading,N1,https://ja.dict.naver.com/#/search?query=%E8%A6%86%E3%81%99,2026-09-01T23:33:29+0900,Korean meaning not confidently aligned
w_fbd95950b1b3f213,N1,,manual_review,見た目,みため,,,,,surface+reading,N1,https://ja.dict.naver.com/#/search?query=%E8%A6%8B%E3%81%9F%E7%9B%AE,2026-09-01T23:33:29+0900,Korean meaning not confidently aligned
w_2510258ff83a03f2,N1,,manual_review,見渡す,みわたす,,,,,surface+reading,N1,https://ja.dict.naver.com/#/search?query=%E8%A6%8B%E6%B8%A1%E3%81%99,2026-09-01T23:33:29+0900,Korean meaning not confidently aligned
w_6e71f536abfacdec,N1,,manual_review,親しむ,したしむ,,,,,surface+reading,N1,https://ja.dict.naver.com/#/search?query=%E8%A6%AA%E3%81%97%E3%82%80,2026-09-01T23:33:29+0900,Korean meaning not confidently aligned
w_6264fe80f7f3616d,N1,,manual_review,親父,おやじ,,,,,surface+reading,N1,https://ja.dict.naver.com/#/search?query=%E8%A6%AA%E7%88%B6,2026-09-01T23:33:29+0900,part of speech not confirmed: app=noun NAVER=-
w_f25835b153fd2a07,N1,,manual_review,解ける,ほどける,,,,,surface+reading,N1,https://ja.dict.naver.com/#/search?query=%E8%A7%A3%E3%81%91%E3%82%8B,2026-09-01T23:33:29+0900,Korean meaning not confidently aligned
w_409923fce9a73aa0,N1,,manual_review,論じる,ろんじる,,,,,surface+reading,N1,https://ja.dict.naver.com/#/search?query=%E8%AB%96%E3%81%98%E3%82%8B,2026-09-01T23:33:29+0900,Korean meaning not confidently aligned
w_01189f1cea47322f,N1,,manual_review,諸君,しょくん,,,,,surface+reading,N1,https://ja.dict.naver.com/#/search?query=%E8%AB%B8%E5%90%9B,2026-09-01T23:33:29+0900,part of speech not confirmed: app=noun NAVER=대명사
w_edb035ccb5afe706,N1,,manual_review,譲歩,じょうほ,,,,,surface+reading,N1,https://ja.dict.naver.com/#/search?query=%E8%AD%B2%E6%AD%A9,2026-09-01T23:33:29+0900,Korean meaning not confidently aligned
w_43d087b1c0eedde3,N1,,manual_review,貧乏,びんぼう,,,,,surface+reading,N1,https://ja.dict.naver.com/#/search?query=%E8%B2%A7%E4%B9%8F,2026-09-01T23:33:29+0900,"part of speech not confirmed: app=adjective NAVER=동사,명사"
w_83460d4f1892199d,N1,,manual_review,貧弱,ひんじゃく,,,,,surface+reading,N1,https://ja.dict.naver.com/#/search?query=%E8%B2%A7%E5%BC%B1,2026-09-01T23:33:29+0900,Korean meaning not confidently aligned
w_d44e9dee9505bfdc,N1,,manual_review,責務,せきむ,,,,,surface+reading,N1,https://ja.dict.naver.com/#/search?query=%E8%B2%AC%E5%8B%99,2026-09-01T23:33:29+0900,Korean meaning not confidently aligned
w_f1e8d7483ee776ca,N1,,manual_review,貴い,とうとい,,,,,surface+reading,N1,https://ja.dict.naver.com/#/search?query=%E8%B2%B4%E3%81%84,2026-09-01T23:33:29+0900,Korean meaning not confidently aligned
w_5c2a64f1bb1fb091,N1,,manual_review,費やす,ついやす,,,,,surface+reading,N1,https://ja.dict.naver.com/#/search?query=%E8%B2%BB%E3%82%84%E3%81%99,2026-09-01T23:33:29+0900,Korean meaning not confidently aligned
w_1ef4f939d961be2f,N1,,manual_review,質素,しっそ,,,,,surface+reading,N1,https://ja.dict.naver.com/#/search?query=%E8%B3%AA%E7%B4%A0,2026-09-01T23:33:29+0900,Korean meaning not confidently aligned
w_ea7788211d151183,N1,,manual_review,超,ちょう,,,,,surface+reading,N1,https://ja.dict.naver.com/#/search?query=%E8%B6%85,2026-09-01T23:33:29+0900,part of speech not confirmed: app=prefix NAVER=-
w_9eff2ff9e0ed4972,N1,,manual_review,身の回り,みのまわり,,,,,surface+reading,N1,https://ja.dict.naver.com/#/search?query=%E8%BA%AB%E3%81%AE%E5%9B%9E%E3%82%8A,2026-09-01T23:33:29+0900,Korean meaning not confidently aligned
w_cf3403f54f35fc2a,N1,,manual_review,身近,みぢか,,,,,surface+reading,N1,https://ja.dict.naver.com/#/search?query=%E8%BA%AB%E8%BF%91,2026-09-01T23:33:29+0900,Korean meaning not confidently aligned
w_749c0a779d203409,N1,,manual_review,転じる,てんじる,,,,,surface+reading,N1,https://ja.dict.naver.com/#/search?query=%E8%BB%A2%E3%81%98%E3%82%8B,2026-09-01T23:33:29+0900,Korean meaning not confidently aligned
w_957c15a482f8f1d6,N1,,manual_review,軽快,けいかい,,,,,surface+reading,N1,https://ja.dict.naver.com/#/search?query=%E8%BB%BD%E5%BF%AB,2026-09-01T23:33:29+0900,Korean meaning not confidently aligned
w_75252b005a217653,N1,,manual_review,辛抱,しんぼう,,,,,surface+reading,N1,https://ja.dict.naver.com/#/search?query=%E8%BE%9B%E6%8A%B1,2026-09-01T23:33:29+0900,Korean meaning not confidently aligned
w_82006a0380f398bc,N1,,manual_review,農地,のうち,,,,,surface+reading,N1,https://ja.dict.naver.com/#/search?query=%E8%BE%B2%E5%9C%B0,2026-09-01T23:33:29+0900,Korean meaning not confidently aligned
w_a50bbcc9a7941af3,N1,,manual_review,農耕,のうこう,,,,,surface+reading,N1,https://ja.dict.naver.com/#/search?query=%E8%BE%B2%E8%80%95,2026-09-01T23:33:29+0900,Korean meaning not confidently aligned
w_3621bac29aa78e5c,N1,,manual_review,迅速,じんそく,,,,,surface+reading,N1,https://ja.dict.naver.com/#/search?query=%E8%BF%85%E9%80%9F,2026-09-01T23:33:29+0900,Korean meaning not confidently aligned
w_3697bd90de43ad31,N1,,manual_review,近郊,きんこう,,,,,surface+reading,N1,https://ja.dict.naver.com/#/search?query=%E8%BF%91%E9%83%8A,2026-09-01T23:33:29+0900,Korean meaning not confidently aligned
w_b079d83f72c9dfe8,N1,,manual_review,返済,へんさい,,,,,surface+reading,N1,https://ja.dict.naver.com/#/search?query=%E8%BF%94%E6%B8%88,2026-09-01T23:33:29+0900,Korean meaning not confidently aligned
w_019d3a6a26abbe92,N1,,manual_review,逃亡,とうぼう,,,,,surface+reading,N1,https://ja.dict.naver.com/#/search?query=%E9%80%83%E4%BA%A1,2026-09-01T23:33:29+0900,Korean meaning not confidently aligned
w_844d5a2ccd0a4dad,N1,,manual_review,逃走,とうそう,,,,,surface+reading,N1,https://ja.dict.naver.com/#/search?query=%E9%80%83%E8%B5%B0,2026-09-01T23:33:29+0900,Korean meaning not confidently aligned
w_b02fafe1984dfd35,N1,,manual_review,途絶える,とだえる,,,,,surface+reading,N1,https://ja.dict.naver.com/#/search?query=%E9%80%94%E7%B5%B6%E3%81%88%E3%82%8B,2026-09-01T23:33:29+0900,Korean meaning not confidently aligned
w_39fa4ef8e4e3ce8c,N1,,manual_review,通常,つうじょう,,,,,surface+reading,N1,https://ja.dict.naver.com/#/search?query=%E9%80%9A%E5%B8%B8,2026-09-01T23:33:29+0900,part of speech not confirmed: app=adjective NAVER=명사
w_468daccd2ae26a2c,N1,,manual_review,速やか,すみやか,,,,,surface+reading,N1,https://ja.dict.naver.com/#/search?query=%E9%80%9F%E3%82%84%E3%81%8B,2026-09-01T23:33:29+0900,Korean meaning not confidently aligned
w_409e38e96ec7712e,N1,,manual_review,連なる,つらなる,,,,,surface+reading,N1,https://ja.dict.naver.com/#/search?query=%E9%80%A3%E3%81%AA%E3%82%8B,2026-09-01T23:33:29+0900,Korean meaning not confidently aligned
w_14bbda47125227ce,N1,,manual_review,連中,れんちゅう,,,,,surface+reading,N1,https://ja.dict.naver.com/#/search?query=%E9%80%A3%E4%B8%AD,2026-09-01T23:33:29+0900,Korean meaning not confidently aligned
w_efec26d68c59a114,N1,,manual_review,連日,れんじつ,,,,,surface+reading,N1,https://ja.dict.naver.com/#/search?query=%E9%80%A3%E6%97%A5,2026-09-01T23:33:29+0900,Korean meaning not confidently aligned
w_345ca182c883fb30,N1,,manual_review,進化,しんか,,,,,surface+reading,N1,https://ja.dict.naver.com/#/search?query=%E9%80%B2%E5%8C%96,2026-09-01T23:33:29+0900,Korean meaning not confidently aligned
w_44938819516246ad,N1,,manual_review,進呈,しんてい,,,,,surface+reading,N1,https://ja.dict.naver.com/#/search?query=%E9%80%B2%E5%91%88,2026-09-01T23:33:29+0900,Korean meaning not confidently aligned
w_146652d464bf10c9,N1,,manual_review,過労,かろう,,,,,surface+reading,N1,https://ja.dict.naver.com/#/search?query=%E9%81%8E%E5%8A%B4,2026-09-01T23:33:29+0900,Korean meaning not confidently aligned
w_b471a6d865228b50,N1,,manual_review,遭難,そうなん,,,,,surface+reading,N1,https://ja.dict.naver.com/#/search?query=%E9%81%AD%E9%9B%A3,2026-09-01T23:33:29+0900,Korean meaning not confidently aligned
w_9230feb8615094e1,N1,,manual_review,重宝,ちょうほう,,,,,surface+reading,N1,https://ja.dict.naver.com/#/search?query=%E9%87%8D%E5%AE%9D,2026-09-01T23:33:29+0900,Korean meaning not confidently aligned
w_1f9d72dd90f2c78b,N1,,manual_review,鈍感,どんかん,,,,,surface+reading,N1,https://ja.dict.naver.com/#/search?query=%E9%88%8D%E6%84%9F,2026-09-01T23:33:29+0900,part of speech not confirmed: app=adjective NAVER=명사
w_cee06effcee6dc7e,N1,,manual_review,長編,ちょうへん,,,,,surface+reading,N1,https://ja.dict.naver.com/#/search?query=%E9%95%B7%E7%B7%A8,2026-09-01T23:33:29+0900,Korean meaning not confidently aligned
w_f0f4ba316c41c57e,N1,,manual_review,限定,げんてい,,,,,surface+reading,N1,https://ja.dict.naver.com/#/search?query=%E9%99%90%E5%AE%9A,2026-09-01T23:33:29+0900,Korean meaning not confidently aligned
w_cb0e8479fc8ba086,N1,,manual_review,除外,じょがい,,,,,surface+reading,N1,https://ja.dict.naver.com/#/search?query=%E9%99%A4%E5%A4%96,2026-09-01T23:33:29+0900,Korean meaning not confidently aligned
w_70835bbbaf6be418,N1,,manual_review,陰気,いんき,,,,,surface+reading,N1,https://ja.dict.naver.com/#/search?query=%E9%99%B0%E6%B0%97,2026-09-01T23:33:29+0900,Korean meaning not confidently aligned
w_8a1f28478addb8a9,N1,,manual_review,雪崩,なだれ,,,,,surface+reading,N1,https://ja.dict.naver.com/#/search?query=%E9%9B%AA%E5%B4%A9,2026-09-01T23:33:29+0900,Korean meaning not confidently aligned
w_af0b21362a37916f,N1,,manual_review,震わせる,ふるわせる,,,,,surface+reading,N1,https://ja.dict.naver.com/#/search?query=%E9%9C%87%E3%82%8F%E3%81%9B%E3%82%8B,2026-09-01T23:33:29+0900,Korean meaning not confidently aligned
w_e4e05a9889537531,N1,,manual_review,面する,めんする,,,,,surface+reading,N1,https://ja.dict.naver.com/#/search?query=%E9%9D%A2%E3%81%99%E3%82%8B,2026-09-01T23:33:29+0900,Korean meaning not confidently aligned
w_d91ab097e9b1fc5f,N1,,manual_review,面目,めんもく,,,,,surface+reading,N1,https://ja.dict.naver.com/#/search?query=%E9%9D%A2%E7%9B%AE,2026-09-01T23:33:29+0900,Korean meaning not confidently aligned
w_2bd9770e75820794,N1,,manual_review,頑丈,がんじょう,,,,,surface+reading,N1,https://ja.dict.naver.com/#/search?query=%E9%A0%91%E4%B8%88,2026-09-01T23:33:29+0900,Korean meaning not confidently aligned
w_3a2cd77463547262,N1,,manual_review,頑固,がんこ,,,,,surface+reading,N1,https://ja.dict.naver.com/#/search?query=%E9%A0%91%E5%9B%BA,2026-09-01T23:33:29+0900,Korean meaning not confidently aligned
w_e4296f4107742e4b,N1,,manual_review,頻繁,ひんぱん,,,,,surface+reading,N1,https://ja.dict.naver.com/#/search?query=%E9%A0%BB%E7%B9%81,2026-09-01T23:33:29+0900,Korean meaning not confidently aligned
w_9da2e123dfafec2a,N1,,manual_review,驚き,おどろき,,,,,surface+reading,N1,https://ja.dict.naver.com/#/search?query=%E9%A9%9A%E3%81%8D,2026-09-01T23:33:29+0900,Korean meaning not confidently aligned
w_7544daa0e9ec639c,N1,,manual_review,骨董品,こっとうひん,,,,,,N1,https://ja.dict.naver.com/#/search?query=%E9%AA%A8%E8%91%A3%E5%93%81,2026-09-01T23:33:29+0900,"JLPT-tagged search results exist, but none matched both form and reading"
w_ae5ee65174d10084,N1,,manual_review,高尚,こうしょう,,,,,surface+reading,N1,https://ja.dict.naver.com/#/search?query=%E9%AB%98%E5%B0%9A,2026-09-01T23:33:29+0900,part of speech not confirmed: app=adjective NAVER=명사
w_8ca9f1dd07be21d5,N1,,manual_review,麻,あさ,,,,,surface+reading,N1,https://ja.dict.naver.com/#/search?query=%E9%BA%BB,2026-09-01T23:33:29+0900,Korean meaning not confidently aligned
w_2be090e750700206,N2,,manual_review,あいにく,あいにく,,,,,surface+reading,N2,https://ja.dict.naver.com/#/search?query=%E3%81%82%E3%81%84%E3%81%AB%E3%81%8F,2026-09-01T23:33:29+0900,Korean meaning not confidently aligned
w_46383522b3acf1c9,N2,,manual_review,あらゆる,あらゆる,,,,,surface+reading,N2,https://ja.dict.naver.com/#/search?query=%E3%81%82%E3%82%89%E3%82%86%E3%82%8B,2026-09-01T23:33:29+0900,part of speech not confirmed: app=adjective NAVER=기타
w_c41c1b47224d5c11,N2,,manual_review,ありがとう,ありがとう,,,,,surface+reading,N2,https://ja.dict.naver.com/#/search?query=%E3%81%82%E3%82%8A%E3%81%8C%E3%81%A8%E3%81%86,2026-09-01T23:33:29+0900,Korean meaning not confidently aligned
w_45ab19ce71cbb933,N2,,manual_review,あるいは,あるいは,,,,,surface+reading,N2,https://ja.dict.naver.com/#/search?query=%E3%81%82%E3%82%8B%E3%81%84%E3%81%AF,2026-09-01T23:33:29+0900,"part of speech not confirmed: app=conjunction NAVER=기타,부사"
w_903e5145aa609f5d,N2,,manual_review,いらっしゃい,いらっしゃい,,,,,surface+reading,N2,https://ja.dict.naver.com/#/search?query=%E3%81%84%E3%82%89%E3%81%A3%E3%81%97%E3%82%83%E3%81%84,2026-09-01T23:33:29+0900,Korean meaning not confidently aligned
w_0513d7c7e92231c6,N2,,manual_review,いわゆる,いわゆる,,,,,surface+reading,N2,https://ja.dict.naver.com/#/search?query=%E3%81%84%E3%82%8F%E3%82%86%E3%82%8B,2026-09-01T23:33:29+0900,part of speech not confirmed: app=adjective NAVER=기타
w_6bd4411a881b3eb1,N2,,manual_review,おおげさ,おおげさ,,,,,surface+reading,N2,https://ja.dict.naver.com/#/search?query=%E3%81%8A%E3%81%8A%E3%81%92%E3%81%95,2026-09-01T23:33:29+0900,Korean meaning not confidently aligned
w_0f985655aefb7416,N2,,manual_review,おはよう,おはよう,,,,,surface+reading,N2,https://ja.dict.naver.com/#/search?query=%E3%81%8A%E3%81%AF%E3%82%88%E3%81%86,2026-09-01T23:33:29+0900,Korean meaning not confidently aligned
w_36103f319bbb1adc,N2,,manual_review,おまけ,おまけ,,,,,surface+reading,N2,https://ja.dict.naver.com/#/search?query=%E3%81%8A%E3%81%BE%E3%81%91,2026-09-01T23:33:29+0900,Korean meaning not confidently aligned
w_06c389cc9e75a252,N2,,manual_review,お休み,おやすみ,,,,,surface+reading,N2,https://ja.dict.naver.com/#/search?query=%E3%81%8A%E4%BC%91%E3%81%BF,2026-09-01T23:33:29+0900,Korean meaning not confidently aligned
w_1353ce210b23865a,N2,,manual_review,お前,おまえ,,,,,surface+reading,N2,https://ja.dict.naver.com/#/search?query=%E3%81%8A%E5%89%8D,2026-09-01T23:33:29+0900,Korean meaning not confidently aligned
w_b1c2aa5444f0f1c7,N2,,manual_review,くるむ,くるむ,,,,,surface+reading,N2,https://ja.dict.naver.com/#/search?query=%E3%81%8F%E3%82%8B%E3%82%80,2026-09-01T23:33:29+0900,Korean meaning not confidently aligned
w_ee8feeec8a1af066,N2,,manual_review,これら,これら,,,,,,N2,https://ja.dict.naver.com/#/search?query=%E3%81%93%E3%82%8C%E3%82%89,2026-09-01T23:33:29+0900,"JLPT-tagged search results exist, but none matched both form and reading"
w_ca920ef451a01aa8,N2,,manual_review,さて,さて,,,,,surface+reading,N2,https://ja.dict.naver.com/#/search?query=%E3%81%95%E3%81%A6,2026-09-01T23:33:29+0900,"part of speech not confirmed: app=conjunction NAVER=감동사,기타,부사"
w_0fdee89d4ad3a5cd,N2,,manual_review,しかも,しかも,,,,,surface+reading,N2,https://ja.dict.naver.com/#/search?query=%E3%81%97%E3%81%8B%E3%82%82,2026-09-01T23:33:29+0900,part of speech not confirmed: app=conjunction NAVER=기타
w_4f69ef1d9fc91046,N2,,manual_review,すっきり,すっきり,,,,,surface+reading,N2,https://ja.dict.naver.com/#/search?query=%E3%81%99%E3%81%A3%E3%81%8D%E3%82%8A,2026-09-01T23:33:29+0900,part of speech not confirmed: app=adverb NAVER=동사
w_dba5ddfd94c5dbca,N2,,manual_review,すっと,すっと,,,,,surface+reading,N2,https://ja.dict.naver.com/#/search?query=%E3%81%99%E3%81%A3%E3%81%A8,2026-09-01T23:33:29+0900,Korean meaning not confidently aligned
w_6e944754268c9b91,N2,,manual_review,ずらす,ずらす,,,,,surface+reading,N2,https://ja.dict.naver.com/#/search?query=%E3%81%9A%E3%82%89%E3%81%99,2026-09-01T23:33:29+0900,Korean meaning not confidently aligned
w_d3d2b10204204a0d,N2,,manual_review,ずらり,ずらり,,,,,,N2,https://ja.dict.naver.com/#/search?query=%E3%81%9A%E3%82%89%E3%82%8A,2026-09-01T23:33:29+0900,"JLPT-tagged search results exist, but none matched both form and reading"
w_dd6cfb328dbd2400,N2,,manual_review,せい,せい,,,,,,N1|N2|N4,https://ja.dict.naver.com/#/search?query=%E3%81%9B%E3%81%84,2026-09-01T23:33:29+0900,multiple NAVER entries match surface+reading
w_74124cfa141496e3,N2,,manual_review,せめて,せめて,,,,,surface+reading,N2,https://ja.dict.naver.com/#/search?query=%E3%81%9B%E3%82%81%E3%81%A6,2026-09-01T23:33:29+0900,Korean meaning not confidently aligned
w_5c91c9030e80a0f2,N2,,manual_review,そのため,そのため,,,,,,N2,https://ja.dict.naver.com/#/search?query=%E3%81%9D%E3%81%AE%E3%81%9F%E3%82%81,2026-09-01T23:33:29+0900,"JLPT-tagged search results exist, but none matched both form and reading"
w_18a15a1c8844b218,N2,,manual_review,そのまま,そのまま,,,,,surface+reading,N2,https://ja.dict.naver.com/#/search?query=%E3%81%9D%E3%81%AE%E3%81%BE%E3%81%BE,2026-09-01T23:33:29+0900,part of speech not confirmed: app=adverb NAVER=기타
w_2c0a491e51162b7d,N2,,manual_review,だらしない,だらしない,,,,,surface+reading,N2,https://ja.dict.naver.com/#/search?query=%E3%81%A0%E3%82%89%E3%81%97%E3%81%AA%E3%81%84,2026-09-01T23:33:29+0900,Korean meaning not confidently aligned
w_3ad346e39e2ff177,N2,,manual_review,つまり,つまり,,,,,surface+reading,N2,https://ja.dict.naver.com/#/search?query=%E3%81%A4%E3%81%BE%E3%82%8A,2026-09-01T23:33:29+0900,part of speech not confirmed: app=adverb NAVER=명사
w_f9324df0df5b99e7,N2,,manual_review,どっと,どっと,,,,,surface+reading,N2,https://ja.dict.naver.com/#/search?query=%E3%81%A9%E3%81%A3%E3%81%A8,2026-09-01T23:33:29+0900,Korean meaning not confidently aligned
w_1c76154de61ebf76,N2,,manual_review,まあまあ,まあまあ,,,,,surface+reading,N2,https://ja.dict.naver.com/#/search?query=%E3%81%BE%E3%81%82%E3%81%BE%E3%81%82,2026-09-01T23:33:29+0900,"part of speech not confirmed: app=adjective NAVER=감동사,부사"
w_dd2e5667291d8b49,N2,,manual_review,もしかして,もしかして,,,,,surface+reading,N2,https://ja.dict.naver.com/#/search?query=%E3%82%82%E3%81%97%E3%81%8B%E3%81%97%E3%81%A6,2026-09-01T23:33:29+0900,part of speech not confirmed: app=adverb NAVER=-
w_e54a70b56626a03a,N2,,manual_review,もしも,もしも,,,,,surface+reading,N2,https://ja.dict.naver.com/#/search?query=%E3%82%82%E3%81%97%E3%82%82,2026-09-01T23:33:29+0900,part of speech not confirmed: app=adverb NAVER=기타
w_68b2b28244f5b063,N2,,manual_review,やや,やや,,,,,,N2,https://ja.dict.naver.com/#/search?query=%E3%82%84%E3%82%84,2026-09-01T23:33:29+0900,"JLPT-tagged search results exist, but none matched both form and reading"
w_0e85c73b6c150596,N2,,manual_review,アイデア,アイデア,,,,,,N2,https://ja.dict.naver.com/#/search?query=%E3%82%A2%E3%82%A4%E3%83%87%E3%82%A2,2026-09-01T23:33:29+0900,"JLPT-tagged search results exist, but none matched both form and reading"
w_99375e60fdeb18f4,N2,,manual_review,オートメーション,オートメーション,,,,,surface+reading,N2,https://ja.dict.naver.com/#/search?query=%E3%82%AA%E3%83%BC%E3%83%88%E3%83%A1%E3%83%BC%E3%82%B7%E3%83%A7%E3%83%B3,2026-09-01T23:33:29+0900,Korean meaning not confidently aligned
w_16699f6292844bcd,N2,,manual_review,オーバー,オーバー,,,,,surface+reading,N2,https://ja.dict.naver.com/#/search?query=%E3%82%AA%E3%83%BC%E3%83%90%E3%83%BC,2026-09-01T23:33:29+0900,Korean meaning not confidently aligned
w_776127b5e47c3418,N2,,manual_review,カー,カー,,,,,surface+reading,N2,https://ja.dict.naver.com/#/search?query=%E3%82%AB%E3%83%BC,2026-09-01T23:33:29+0900,Korean meaning not confidently aligned
w_3193085fb0c6152e,N2,,manual_review,ガム,ガム,,,,,surface+reading,N2,https://ja.dict.naver.com/#/search?query=%E3%82%AC%E3%83%A0,2026-09-01T23:33:29+0900,Korean meaning not confidently aligned
w_c704423c36ddc196,N2,,manual_review,ギャング,ギャング,,,,,surface+reading,N2,https://ja.dict.naver.com/#/search?query=%E3%82%AE%E3%83%A3%E3%83%B3%E3%82%B0,2026-09-01T23:33:29+0900,Korean meaning not confidently aligned
w_ef1462a5b69b7bd2,N2,,manual_review,コック,コック,,,,,surface+reading,N2,https://ja.dict.naver.com/#/search?query=%E3%82%B3%E3%83%83%E3%82%AF,2026-09-01T23:33:29+0900,Korean meaning not confidently aligned
w_6e41549e5b443d35,N2,,manual_review,コンスタント,コンスタント,,,,,,N2,https://ja.dict.naver.com/#/search?query=%E3%82%B3%E3%83%B3%E3%82%B9%E3%82%BF%E3%83%B3%E3%83%88,2026-09-01T23:33:29+0900,"JLPT-tagged search results exist, but none matched both form and reading"
w_acc876653588012b,N2,,manual_review,コーラス,コーラス,,,,,surface+reading,N2,https://ja.dict.naver.com/#/search?query=%E3%82%B3%E3%83%BC%E3%83%A9%E3%82%B9,2026-09-01T23:33:29+0900,Korean meaning not confidently aligned
w_308e4771b0c7c2e0,N2,,manual_review,サークル,サークル,,,,,surface+reading,N2,https://ja.dict.naver.com/#/search?query=%E3%82%B5%E3%83%BC%E3%82%AF%E3%83%AB,2026-09-01T23:33:29+0900,Korean meaning not confidently aligned
w_8fdcc4961a0171a0,N2,,manual_review,スター,スター,,,,,surface+reading,N2,https://ja.dict.naver.com/#/search?query=%E3%82%B9%E3%82%BF%E3%83%BC,2026-09-01T23:33:29+0900,Korean meaning not confidently aligned
w_e45322b4b76efeda,N2,,manual_review,スマート,スマート,,,,,surface+reading,N2,https://ja.dict.naver.com/#/search?query=%E3%82%B9%E3%83%9E%E3%83%BC%E3%83%88,2026-09-01T23:33:29+0900,Korean meaning not confidently aligned
w_bd1879a3f57c209a,N2,,manual_review,ゼミ,ゼミ,,,,,surface+reading,N2,https://ja.dict.naver.com/#/search?query=%E3%82%BC%E3%83%9F,2026-09-01T23:33:29+0900,Korean meaning not confidently aligned
w_2256b19c727c08a4,N2,,manual_review,パターン,パターン,,,,,surface+reading,N2,https://ja.dict.naver.com/#/search?query=%E3%83%91%E3%82%BF%E3%83%BC%E3%83%B3,2026-09-01T23:33:29+0900,Korean meaning not confidently aligned
w_41ff05de9ac088d2,N2,,manual_review,パンツ,パンツ,,,,,surface+reading,N2,https://ja.dict.naver.com/#/search?query=%E3%83%91%E3%83%B3%E3%83%84,2026-09-01T23:33:29+0900,Korean meaning not confidently aligned
w_781b744ff9b2998d,N2,,manual_review,ビルディング,ビルディング,,,,,surface+reading,N2,https://ja.dict.naver.com/#/search?query=%E3%83%93%E3%83%AB%E3%83%87%E3%82%A3%E3%83%B3%E3%82%B0,2026-09-01T23:33:29+0900,Korean meaning not confidently aligned
w_11d04976f3550bcb,N2,,manual_review,ペンチ,ペンチ,,,,,surface+reading,N2,https://ja.dict.naver.com/#/search?query=%E3%83%9A%E3%83%B3%E3%83%81,2026-09-01T23:33:29+0900,Korean meaning not confidently aligned
w_a154922af913a212,N2,,manual_review,一応,いちおう,,,,,surface+reading,N2,https://ja.dict.naver.com/#/search?query=%E4%B8%80%E5%BF%9C,2026-09-01T23:33:29+0900,Korean meaning not confidently aligned
w_4ef84fcf2ec9cfeb,N2,,manual_review,一昨年,いっさくねん,,,,,,N5,https://ja.dict.naver.com/#/search?query=%E4%B8%80%E6%98%A8%E5%B9%B4,2026-09-01T23:33:29+0900,"JLPT-tagged search results exist, but none matched both form and reading"
w_33687b5b97477220,N2,,manual_review,一昨日,いっさくじつ,,,,,,N5,https://ja.dict.naver.com/#/search?query=%E4%B8%80%E6%98%A8%E6%97%A5,2026-09-01T23:33:29+0900,"JLPT-tagged search results exist, but none matched both form and reading"
w_9f5d305308f04941,N2,,manual_review,一流,いちりゅう,,,,,surface+reading,N2,https://ja.dict.naver.com/#/search?query=%E4%B8%80%E6%B5%81,2026-09-01T23:33:29+0900,part of speech not confirmed: app=adjective NAVER=명사
w_c6900e0ec3be2de7,N2,,manual_review,一般,いっぱん,,,,,surface+reading,N2,https://ja.dict.naver.com/#/search?query=%E4%B8%80%E8%88%AC,2026-09-01T23:33:29+0900,part of speech not confirmed: app=adjective NAVER=명사
w_82b7621ef70eb0d5,N2,,manual_review,一通り,ひととおり,,,,,surface+reading,N2,https://ja.dict.naver.com/#/search?query=%E4%B8%80%E9%80%9A%E3%82%8A,2026-09-01T23:33:29+0900,Korean meaning not confidently aligned
w_cd21637b9647fa3c,N2,,manual_review,上,うわ,,,,,surface+reading,N2,https://ja.dict.naver.com/#/search?query=%E4%B8%8A,2026-09-01T23:33:29+0900,part of speech not confirmed: app=noun NAVER=-
w_81c9dc74c01669b1,N2,,manual_review,上,じょう,,,,,surface+reading,N2,https://ja.dict.naver.com/#/search?query=%E4%B8%8A,2026-09-01T23:33:29+0900,Korean meaning not confidently aligned
w_92df87a3f9c7fcd0,N2,,manual_review,上等,じょうとう,,,,,surface+reading,N2,https://ja.dict.naver.com/#/search?query=%E4%B8%8A%E7%AD%89,2026-09-01T23:33:29+0900,part of speech not confirmed: app=adjective NAVER=명사
w_55e83c7e5a6bea6a,N2,,manual_review,上達,じょうたつ,,,,,surface+reading,N2,https://ja.dict.naver.com/#/search?query=%E4%B8%8A%E9%81%94,2026-09-01T23:33:29+0900,Korean meaning not confidently aligned
w_a01e69880a602b6e,N2,,manual_review,下町,したまち,,,,,surface+reading,N2,https://ja.dict.naver.com/#/search?query=%E4%B8%8B%E7%94%BA,2026-09-01T23:33:29+0900,Korean meaning not confidently aligned
w_831c5e9a87f0c027,N2,,manual_review,下線,かせん,,,,,,N2,https://ja.dict.naver.com/#/search?query=%E4%B8%8B%E7%B7%9A,2026-09-01T23:33:29+0900,"JLPT-tagged search results exist, but none matched both form and reading"
w_5abb5170699e2df0,N2,,manual_review,不思議,ふしぎ,,,,,surface+reading,N2,https://ja.dict.naver.com/#/search?query=%E4%B8%8D%E6%80%9D%E8%AD%B0,2026-09-01T23:33:29+0900,Korean meaning not confidently aligned
w_634085b8ca61db50,N2,,manual_review,不潔,ふけつ,,,,,surface+reading,N2,https://ja.dict.naver.com/#/search?query=%E4%B8%8D%E6%BD%94,2026-09-01T23:33:29+0900,part of speech not confirmed: app=adjective NAVER=명사
w_5776e5bf61a8c089,N2,,manual_review,主要,しゅよう,,,,,surface+reading,N2,https://ja.dict.naver.com/#/search?query=%E4%B8%BB%E8%A6%81,2026-09-01T23:33:29+0900,part of speech not confirmed: app=adjective NAVER=명사
w_4920b45f25b1c4a0,N2,,manual_review,乱暴,らんぼう,,,,,surface+reading,N2,https://ja.dict.naver.com/#/search?query=%E4%B9%B1%E6%9A%B4,2026-09-01T23:33:29+0900,Korean meaning not confidently aligned
w_a3e9dc2961c9ba24,N2,,manual_review,事実,じじつ,,,,,surface+reading,N2,https://ja.dict.naver.com/#/search?query=%E4%BA%8B%E5%AE%9F,2026-09-01T23:33:29+0900,part of speech not confirmed: app=adverb NAVER=명사
w_8c9397dee5f57aaf,N2,,manual_review,五十音,ごじゅうおん,,,,,surface+reading,N2,https://ja.dict.naver.com/#/search?query=%E4%BA%94%E5%8D%81%E9%9F%B3,2026-09-01T23:33:29+0900,Korean meaning not confidently aligned
w_70ecb3468f47ed85,N2,,manual_review,交代,こうたい,,,,,surface+reading,N2,https://ja.dict.naver.com/#/search?query=%E4%BA%A4%E4%BB%A3,2026-09-01T23:33:29+0900,Korean meaning not confidently aligned
w_851bdd054a068b96,N2,,manual_review,交差,こうさ,,,,,surface+reading,N2,https://ja.dict.naver.com/#/search?query=%E4%BA%A4%E5%B7%AE,2026-09-01T23:33:29+0900,Korean meaning not confidently aligned
w_afe9492907d6e9b6,N2,,manual_review,交替,こうたい,,,,,surface+reading,N2,https://ja.dict.naver.com/#/search?query=%E4%BA%A4%E6%9B%BF,2026-09-01T23:33:29+0900,Korean meaning not confidently aligned
w_926f4771fcecf598,N2,,manual_review,人込み,ひとごみ,,,,,surface+reading,N2,https://ja.dict.naver.com/#/search?query=%E4%BA%BA%E8%BE%BC%E3%81%BF,2026-09-01T23:33:29+0900,Korean meaning not confidently aligned
w_e42a22cf4c7a4df7,N2,,manual_review,仕方がない,しかたがない,,,,,,N2,https://ja.dict.naver.com/#/search?query=%E4%BB%95%E6%96%B9%E3%81%8C%E3%81%AA%E3%81%84,2026-09-01T23:33:29+0900,"JLPT-tagged search results exist, but none matched both form and reading"
w_2ca7ad9ce611cac0,N2,,manual_review,付き合い,つきあい,,,,,surface+reading,N2,https://ja.dict.naver.com/#/search?query=%E4%BB%98%E3%81%8D%E5%90%88%E3%81%84,2026-09-01T23:33:29+0900,Korean meaning not confidently aligned
w_9bb1f149f4b18ae8,N2,,manual_review,以来,いらい,,,,,surface+reading,N2,https://ja.dict.naver.com/#/search?query=%E4%BB%A5%E6%9D%A5,2026-09-01T23:33:29+0900,part of speech not confirmed: app=suffix NAVER=명사
w_3376541ac6deeaa1,N2,,manual_review,仮名,かな,,,,,surface+reading,N2,https://ja.dict.naver.com/#/search?query=%E4%BB%AE%E5%90%8D,2026-09-01T23:33:29+0900,Korean meaning not confidently aligned
w_41a6ec1ee5b4d390,N2,,manual_review,仲間,なかま,,,,,surface+reading,N2,https://ja.dict.naver.com/#/search?query=%E4%BB%B2%E9%96%93,2026-09-01T23:33:29+0900,Korean meaning not confidently aligned
w_e4fd38db232623ef,N2,,manual_review,伴う,ともなう,,,,,surface+reading,N2,https://ja.dict.naver.com/#/search?query=%E4%BC%B4%E3%81%86,2026-09-01T23:33:29+0900,Korean meaning not confidently aligned
w_59dcfb8bdc4b8459,N2,,manual_review,但し,ただし,,,,,surface+reading,N2,https://ja.dict.naver.com/#/search?query=%E4%BD%86%E3%81%97,2026-09-01T23:33:29+0900,part of speech not confirmed: app=conjunction NAVER=기타
w_e52fe2cf56e0b566,N2,,manual_review,何とか,なんとか,,,,,surface+reading,N2,https://ja.dict.naver.com/#/search?query=%E4%BD%95%E3%81%A8%E3%81%8B,2026-09-01T23:33:29+0900,part of speech not confirmed: app=adverb NAVER=기타
w_a27b5dd1d87b6748,N2,,manual_review,余分,よぶん,,,,,surface+reading,N2,https://ja.dict.naver.com/#/search?query=%E4%BD%99%E5%88%86,2026-09-01T23:33:29+0900,part of speech not confirmed: app=adjective NAVER=명사
w_fb814a90534c9dec,N2,,manual_review,余所,よそ,,,,,surface+reading,N2,https://ja.dict.naver.com/#/search?query=%E4%BD%99%E6%89%80,2026-09-01T23:33:29+0900,Korean meaning not confidently aligned
w_309d73ee1815db12,N2,,manual_review,作製,さくせい,,,,,surface+reading,N2,https://ja.dict.naver.com/#/search?query=%E4%BD%9C%E8%A3%BD,2026-09-01T23:33:29+0900,Korean meaning not confidently aligned
w_72996c4b860ff337,N2,,manual_review,例,れい,,,,,surface+reading,N2,https://ja.dict.naver.com/#/search?query=%E4%BE%8B,2026-09-01T23:33:29+0900,Korean meaning not confidently aligned
w_3158a94e86cfa686,N2,,manual_review,便所,べんじょ,,,,,surface+reading,N2,https://ja.dict.naver.com/#/search?query=%E4%BE%BF%E6%89%80,2026-09-01T23:33:29+0900,Korean meaning not confidently aligned
w_e4b9103a3d8c4690,N2,,manual_review,俳句,はいく,,,,,surface+reading,N2,https://ja.dict.naver.com/#/search?query=%E4%BF%B3%E5%8F%A5,2026-09-01T23:33:29+0900,Korean meaning not confidently aligned
w_4fe77fe6e8850944,N2,,manual_review,借金,しゃっきん,,,,,surface+reading,N2,https://ja.dict.naver.com/#/search?query=%E5%80%9F%E9%87%91,2026-09-01T23:33:29+0900,Korean meaning not confidently aligned
w_cc460923fb09d8e9,N2,,manual_review,値引き,ねびき,,,,,surface+reading,N2,https://ja.dict.naver.com/#/search?query=%E5%80%A4%E5%BC%95%E3%81%8D,2026-09-01T23:33:29+0900,Korean meaning not confidently aligned
w_a5b82400443d3937,N2,,manual_review,偉大,いだい,,,,,surface+reading,N2,https://ja.dict.naver.com/#/search?query=%E5%81%89%E5%A4%A7,2026-09-01T23:33:29+0900,part of speech not confirmed: app=adjective NAVER=명사
w_845be39184cdc39f,N2,,manual_review,催し,もよおし,,,,,surface+reading,N2,https://ja.dict.naver.com/#/search?query=%E5%82%AC%E3%81%97,2026-09-01T23:33:29+0900,Korean meaning not confidently aligned
w_b0fd5af620232632,N2,,manual_review,優秀,ゆうしゅう,,,,,surface+reading,N2,https://ja.dict.naver.com/#/search?query=%E5%84%AA%E7%A7%80,2026-09-01T23:33:29+0900,part of speech not confirmed: app=adjective NAVER=명사
w_5c01d31526099a31,N2,,manual_review,元,もと,,,,,surface+reading,N2,https://ja.dict.naver.com/#/search?query=%E5%85%83,2026-09-01T23:33:29+0900,Korean meaning not confidently aligned
w_dc9e68a1700899e0,N2,,manual_review,先程,さきほど,,,,,surface+reading,N2,https://ja.dict.naver.com/#/search?query=%E5%85%88%E7%A8%8B,2026-09-01T23:33:29+0900,part of speech not confirmed: app=adverb NAVER=명사
w_2c314e0899617574,N2,,manual_review,全く,まったく,,,,,surface+reading,N2,https://ja.dict.naver.com/#/search?query=%E5%85%A8%E3%81%8F,2026-09-01T23:33:29+0900,Korean meaning not confidently aligned
w_626f64111904cbe0,N2,,manual_review,全般,ぜんぱん,,,,,surface+reading,N2,https://ja.dict.naver.com/#/search?query=%E5%85%A8%E8%88%AC,2026-09-01T23:33:29+0900,Korean meaning not confidently aligned
w_53c0cfb5989ae1a3,N2,,manual_review,公共,こうきょう,,,,,surface+reading,N2,https://ja.dict.naver.com/#/search?query=%E5%85%AC%E5%85%B1,2026-09-01T23:33:29+0900,part of speech not confirmed: app=adjective NAVER=명사
w_4f4b097909723992,N2,,manual_review,公式,こうしき,,,,,surface+reading,N2,https://ja.dict.naver.com/#/search?query=%E5%85%AC%E5%BC%8F,2026-09-01T23:33:29+0900,part of speech not confirmed: app=adjective NAVER=명사
w_1cc5575c4d1ea6e8,N2,,manual_review,公衆,こうしゅう,,,,,surface+reading,N2,https://ja.dict.naver.com/#/search?query=%E5%85%AC%E8%A1%86,2026-09-01T23:33:29+0900,Korean meaning not confidently aligned
w_d36360bc88c65d29,N2,,manual_review,兵隊,へいたい,,,,,surface+reading,N2,https://ja.dict.naver.com/#/search?query=%E5%85%B5%E9%9A%8A,2026-09-01T23:33:29+0900,Korean meaning not confidently aligned
w_59a3b2aab617c972,N2,,manual_review,兼ねる,かねる,,,,,surface+reading,N2,https://ja.dict.naver.com/#/search?query=%E5%85%BC%E3%81%AD%E3%82%8B,2026-09-01T23:33:29+0900,part of speech not confirmed: app=suffix NAVER=동사
w_d2eb49bdaa446761,N2,,manual_review,再三,さいさん,,,,,surface+reading,N2,https://ja.dict.naver.com/#/search?query=%E5%86%8D%E4%B8%89,2026-09-01T23:33:29+0900,Korean meaning not confidently aligned
w_28afc4f45d6c5ebc,N2,,manual_review,冠,かんむり,,,,,surface+reading,N2,https://ja.dict.naver.com/#/search?query=%E5%86%A0,2026-09-01T23:33:29+0900,Korean meaning not confidently aligned
w_acb5911b27094bb4,N2,,manual_review,凍える,こごえる,,,,,surface+reading,N2,https://ja.dict.naver.com/#/search?query=%E5%87%8D%E3%81%88%E3%82%8B,2026-09-01T23:33:29+0900,Korean meaning not confidently aligned
w_e5f9eb4036986d13,N2,,manual_review,初旬,しょじゅん,,,,,surface+reading,N2,https://ja.dict.naver.com/#/search?query=%E5%88%9D%E6%97%AC,2026-09-01T23:33:29+0900,part of speech not confirmed: app=adverb NAVER=명사
w_068aae44916bbad9,N2,,manual_review,券,けん,,,,,surface+reading,N2,https://ja.dict.naver.com/#/search?query=%E5%88%B8,2026-09-01T23:33:29+0900,Korean meaning not confidently aligned
w_538523d6296c7778,N2,,manual_review,務め,つとめ,,,,,,N2,https://ja.dict.naver.com/#/search?query=%E5%8B%99%E3%82%81,2026-09-01T23:33:29+0900,"JLPT-tagged search results exist, but none matched both form and reading"
w_c78091c846e50438,N2,,manual_review,勝手,かって,,,,,surface+reading,N2,https://ja.dict.naver.com/#/search?query=%E5%8B%9D%E6%89%8B,2026-09-01T23:33:29+0900,Korean meaning not confidently aligned
w_56f89fc8f56a94c8,N2,,manual_review,匂う,におう,,,,,surface+reading,N2,https://ja.dict.naver.com/#/search?query=%E5%8C%82%E3%81%86,2026-09-01T23:33:29+0900,Korean meaning not confidently aligned
w_39db5415eb154620,N2,,manual_review,区切る,くぎる,,,,,surface+reading,N2,https://ja.dict.naver.com/#/search?query=%E5%8C%BA%E5%88%87%E3%82%8B,2026-09-01T23:33:29+0900,Korean meaning not confidently aligned
w_bc4e8e2c9bcbaef7,N2,,manual_review,卑怯,ひきょう,,,,,surface+reading,N2,https://ja.dict.naver.com/#/search?query=%E5%8D%91%E6%80%AF,2026-09-01T23:33:29+0900,part of speech not confirmed: app=adjective NAVER=명사
w_c804e191ffa9046c,N2,,manual_review,単なる,たんなる,,,,,surface+reading,N2,https://ja.dict.naver.com/#/search?query=%E5%8D%98%E3%81%AA%E3%82%8B,2026-09-01T23:33:29+0900,part of speech not confirmed: app=adjective NAVER=기타
w_7bd70840a87aa407,N2,,manual_review,単数,たんすう,,,,,surface+reading,N2,https://ja.dict.naver.com/#/search?query=%E5%8D%98%E6%95%B0,2026-09-01T23:33:29+0900,part of speech not confirmed: app=adjective NAVER=명사
w_08ca1df6137e84ac,N2,,manual_review,厚かましい,あつかましい,,,,,surface+reading,N2,https://ja.dict.naver.com/#/search?query=%E5%8E%9A%E3%81%8B%E3%81%BE%E3%81%97%E3%81%84,2026-09-01T23:33:29+0900,Korean meaning not confidently aligned
w_bcc0efdd6b74a1bd,N2,,manual_review,及ぼす,およぼす,,,,,surface+reading,N2,https://ja.dict.naver.com/#/search?query=%E5%8F%8A%E3%81%BC%E3%81%99,2026-09-01T23:33:29+0900,Korean meaning not confidently aligned
w_a88976287b450da4,N2,,manual_review,反る,かえる,,,,,,N1|N2,https://ja.dict.naver.com/#/search?query=%E5%8F%8D%E3%82%8B,2026-09-01T23:33:29+0900,"JLPT-tagged search results exist, but none matched both form and reading"
w_9ed1b4268fcd2857,N2,,manual_review,口実,こうじつ,,,,,surface+reading,N2,https://ja.dict.naver.com/#/search?query=%E5%8F%A3%E5%AE%9F,2026-09-01T23:33:29+0900,Korean meaning not confidently aligned
w_221fdc111bb0a9d6,N2,,manual_review,可,か,,,,,,N2,https://ja.dict.naver.com/#/search?query=%E5%8F%AF,2026-09-01T23:33:29+0900,"JLPT-tagged search results exist, but none matched both form and reading"
w_cdd4b1792b281e71,N2,,manual_review,可能,かのう,,,,,surface+reading,N2,https://ja.dict.naver.com/#/search?query=%E5%8F%AF%E8%83%BD,2026-09-01T23:33:29+0900,part of speech not confirmed: app=adjective NAVER=명사
w_b550b37b661afe05,N2,,manual_review,吊る,つる,,,,,surface+reading,N2,https://ja.dict.naver.com/#/search?query=%E5%90%8A%E3%82%8B,2026-09-01T23:33:29+0900,Korean meaning not confidently aligned
w_c102821ca017163e,N2,,manual_review,同格,どうかく,,,,,surface+reading,N2,https://ja.dict.naver.com/#/search?query=%E5%90%8C%E6%A0%BC,2026-09-01T23:33:29+0900,Korean meaning not confidently aligned
w_038fa447a2ae4dc6,N2,,manual_review,同様,どうよう,,,,,surface+reading,N2,https://ja.dict.naver.com/#/search?query=%E5%90%8C%E6%A7%98,2026-09-01T23:33:29+0900,Korean meaning not confidently aligned
w_4b97050bc4886e8e,N2,,manual_review,呆れる,あきれる,,,,,surface+reading,N2,https://ja.dict.naver.com/#/search?query=%E5%91%86%E3%82%8C%E3%82%8B,2026-09-01T23:33:29+0900,Korean meaning not confidently aligned
w_b7b4488b521400e9,N2,,manual_review,呑気,のんき,,,,,surface+reading,N2,https://ja.dict.naver.com/#/search?query=%E5%91%91%E6%B0%97,2026-09-01T23:33:29+0900,Korean meaning not confidently aligned
w_2a78a365c1e9575b,N2,,manual_review,呼び掛ける,よびかける,,,,,surface+reading,N2,https://ja.dict.naver.com/#/search?query=%E5%91%BC%E3%81%B3%E6%8E%9B%E3%81%91%E3%82%8B,2026-09-01T23:33:29+0900,Korean meaning not confidently aligned
w_b758ad930f65cd3b,N2,,manual_review,和服,わふく,,,,,surface+reading,N2,https://ja.dict.naver.com/#/search?query=%E5%92%8C%E6%9C%8D,2026-09-01T23:33:29+0900,Korean meaning not confidently aligned
w_152b62b6dfffd521,N2,,manual_review,唯一,ゆいいつ,,,,,surface+reading,N2,https://ja.dict.naver.com/#/search?query=%E5%94%AF%E4%B8%80,2026-09-01T23:33:29+0900,part of speech not confirmed: app=adjective NAVER=명사
w_fe2638e2b65eff32,N2,,manual_review,図,ず,,,,,,N2,https://ja.dict.naver.com/#/search?query=%E5%9B%B3,2026-09-01T23:33:29+0900,"JLPT-tagged search results exist, but none matched both form and reading"
w_a2c616cd8bde68c9,N2,,manual_review,固まる,かたまる,,,,,surface+reading,N2,https://ja.dict.naver.com/#/search?query=%E5%9B%BA%E3%81%BE%E3%82%8B,2026-09-01T23:33:29+0900,Korean meaning not confidently aligned
w_2051986d08da1c3e,N2,,manual_review,地,ち,,,,,,N2,https://ja.dict.naver.com/#/search?query=%E5%9C%B0,2026-09-01T23:33:29+0900,"JLPT-tagged search results exist, but none matched both form and reading"
w_23b918ab85d1f8ae,N2,,manual_review,地盤,じばん,,,,,surface+reading,N2,https://ja.dict.naver.com/#/search?query=%E5%9C%B0%E7%9B%A4,2026-09-01T23:33:29+0900,Korean meaning not confidently aligned
w_88c2161baa29b75f,N2,,manual_review,坊さん,ぼうさん,,,,,surface+reading,N2,https://ja.dict.naver.com/#/search?query=%E5%9D%8A%E3%81%95%E3%82%93,2026-09-01T23:33:29+0900,Korean meaning not confidently aligned
w_d060a6e4dbed8ad5,N2,,manual_review,坊や,ぼうや,,,,,surface+reading,N2,https://ja.dict.naver.com/#/search?query=%E5%9D%8A%E3%82%84,2026-09-01T23:33:29+0900,Korean meaning not confidently aligned
w_3bce37918e20b696,N2,,manual_review,型,かた,,,,,surface+reading,N2,https://ja.dict.naver.com/#/search?query=%E5%9E%8B,2026-09-01T23:33:29+0900,Korean meaning not confidently aligned
w_c764decd3f5b167e,N2,,manual_review,基,もと,,,,,,N2,https://ja.dict.naver.com/#/search?query=%E5%9F%BA,2026-09-01T23:33:29+0900,"JLPT-tagged search results exist, but none matched both form and reading"
w_457687f9198bb11e,N2,,manual_review,基づく,もとづく,,,,,surface+reading,N2,https://ja.dict.naver.com/#/search?query=%E5%9F%BA%E3%81%A5%E3%81%8F,2026-09-01T23:33:29+0900,Korean meaning not confidently aligned
w_aa5f16deb290d54a,N2,,manual_review,夜行,やこう,,,,,surface+reading,N2,https://ja.dict.naver.com/#/search?query=%E5%A4%9C%E8%A1%8C,2026-09-01T23:33:29+0900,Korean meaning not confidently aligned
w_5dbb6ffd4db86074,N2,,manual_review,大げさ,おおげさ,,,,,surface+reading,N2,https://ja.dict.naver.com/#/search?query=%E5%A4%A7%E3%81%92%E3%81%95,2026-09-01T23:33:29+0900,Korean meaning not confidently aligned
w_8ac4eada4258fbd5,N2,,manual_review,大分,だいぶん,,,,,surface+reading,N2,https://ja.dict.naver.com/#/search?query=%E5%A4%A7%E5%88%86,2026-09-01T23:33:29+0900,Korean meaning not confidently aligned
w_817fb1a64de6de6f,N2,,manual_review,太鼓,たいこ,,,,,surface+reading,N2,https://ja.dict.naver.com/#/search?query=%E5%A4%AA%E9%BC%93,2026-09-01T23:33:29+0900,Korean meaning not confidently aligned
w_6db6dd90c68d20b7,N2,,manual_review,奇妙,きみょう,,,,,surface+reading,N2,https://ja.dict.naver.com/#/search?query=%E5%A5%87%E5%A6%99,2026-09-01T23:33:29+0900,Korean meaning not confidently aligned
w_c5eb0c79a85d68d5,N2,,manual_review,奨学金,しょうがくきん,,,,,,N2,https://ja.dict.naver.com/#/search?query=%E5%A5%A8%E5%AD%A6%E9%87%91,2026-09-01T23:33:29+0900,"JLPT-tagged search results exist, but none matched both form and reading"
w_40045e94473d50e1,N2,,manual_review,女房,にょうぼう,,,,,surface+reading,N2,https://ja.dict.naver.com/#/search?query=%E5%A5%B3%E6%88%BF,2026-09-01T23:33:29+0900,Korean meaning not confidently aligned
w_1097fa4be73c97bf,N2,,manual_review,妥当,だとう,,,,,surface+reading,N2,https://ja.dict.naver.com/#/search?query=%E5%A6%A5%E5%BD%93,2026-09-01T23:33:29+0900,"part of speech not confirmed: app=adjective NAVER=동사,명사"
w_b69f8cd19581f34a,N2,,manual_review,始終,しじゅう,,,,,surface+reading,N2,https://ja.dict.naver.com/#/search?query=%E5%A7%8B%E7%B5%82,2026-09-01T23:33:29+0900,part of speech not confirmed: app=adverb NAVER=명사
w_20e260bdc5ab8c7f,N2,,manual_review,存ずる,ぞんずる,,,,,surface+reading,N2,https://ja.dict.naver.com/#/search?query=%E5%AD%98%E3%81%9A%E3%82%8B,2026-09-01T23:33:29+0900,Korean meaning not confidently aligned
w_3481ddb4df7073f3,N2,,manual_review,宅,たく,,,,,surface+reading,N2,https://ja.dict.naver.com/#/search?query=%E5%AE%85,2026-09-01T23:33:29+0900,Korean meaning not confidently aligned
w_205c6f971b02fbda,N2,,manual_review,宇宙,うちゅう,,,,,surface+reading,N2,https://ja.dict.naver.com/#/search?query=%E5%AE%87%E5%AE%99,2026-09-01T23:33:29+0900,part of speech not confirmed: app=noun NAVER=-
w_d401990e8b1b1c19,N2,,manual_review,定休日,ていきゅうび,,,,,,N2,https://ja.dict.naver.com/#/search?query=%E5%AE%9A%E4%BC%91%E6%97%A5,2026-09-01T23:33:29+0900,"JLPT-tagged search results exist, but none matched both form and reading"
w_c5eee0af43aa0714,N2,,manual_review,定規,じょうぎ,,,,,surface+reading,N2,https://ja.dict.naver.com/#/search?query=%E5%AE%9A%E8%A6%8F,2026-09-01T23:33:29+0900,Korean meaning not confidently aligned
w_25445796060f4e71,N2,,manual_review,宛名,あてな,,,,,surface+reading,N2,https://ja.dict.naver.com/#/search?query=%E5%AE%9B%E5%90%8D,2026-09-01T23:33:29+0900,Korean meaning not confidently aligned
w_2de3e45eed19bba2,N2,,manual_review,実に,じつに,,,,,surface+reading,N2,https://ja.dict.naver.com/#/search?query=%E5%AE%9F%E3%81%AB,2026-09-01T23:33:29+0900,Korean meaning not confidently aligned
w_b3bb02da7d1995b7,N2,,manual_review,実例,じつれい,,,,,surface+reading,N2,https://ja.dict.naver.com/#/search?query=%E5%AE%9F%E4%BE%8B,2026-09-01T23:33:29+0900,Korean meaning not confidently aligned
w_cc389444c878df15,N2,,manual_review,実物,じつぶつ,,,,,surface+reading,N2,https://ja.dict.naver.com/#/search?query=%E5%AE%9F%E7%89%A9,2026-09-01T23:33:29+0900,Korean meaning not confidently aligned
w_f5f7a04bbbead719,N2,,manual_review,実習,じっしゅう,,,,,surface+reading,N2,https://ja.dict.naver.com/#/search?query=%E5%AE%9F%E7%BF%92,2026-09-01T23:33:29+0900,Korean meaning not confidently aligned
w_4d8013ee4db5e4de,N2,,manual_review,容易,ようい,,,,,surface+reading,N2,https://ja.dict.naver.com/#/search?query=%E5%AE%B9%E6%98%93,2026-09-01T23:33:29+0900,Korean meaning not confidently aligned
w_3491a0f98f0f0310,N2,,manual_review,尋ねる,たずねる,,,,,surface+reading,N2,https://ja.dict.naver.com/#/search?query=%E5%B0%8B%E3%81%AD%E3%82%8B,2026-09-01T23:33:29+0900,Korean meaning not confidently aligned
w_8a2a72a0b3302355,N2,,manual_review,小,しょう,,,,,,N2,https://ja.dict.naver.com/#/search?query=%E5%B0%8F,2026-09-01T23:33:29+0900,"JLPT-tagged search results exist, but none matched both form and reading"
w_6c6795428ff92908,N2,,manual_review,小学生,しょうがくせい,,,,,surface+reading,N2,https://ja.dict.naver.com/#/search?query=%E5%B0%8F%E5%AD%A6%E7%94%9F,2026-09-01T23:33:29+0900,Korean meaning not confidently aligned
w_c9624a11c7f3b950,N2,,manual_review,尤も,もっとも,,,,,,N2|N3,https://ja.dict.naver.com/#/search?query=%E5%B0%A4%E3%82%82,2026-09-01T23:33:29+0900,multiple NAVER entries match surface+reading
w_85539308d155e6d1,N2,,manual_review,局,きょく,,,,,surface+reading,N2,https://ja.dict.naver.com/#/search?query=%E5%B1%80,2026-09-01T23:33:29+0900,Korean meaning not confidently aligned
w_ae85dbaaa55f38f2,N2,,manual_review,山林,さんりん,,,,,surface+reading,N2,https://ja.dict.naver.com/#/search?query=%E5%B1%B1%E6%9E%97,2026-09-01T23:33:29+0900,Korean meaning not confidently aligned
w_ccd6aaad19c556be,N2,,manual_review,岬,みさき,,,,,surface+reading,N2,https://ja.dict.naver.com/#/search?query=%E5%B2%AC,2026-09-01T23:33:29+0900,Korean meaning not confidently aligned
w_19891162dc50898f,N2,,manual_review,州,しゅう,,,,,surface+reading,N2,https://ja.dict.naver.com/#/search?query=%E5%B7%9E,2026-09-01T23:33:29+0900,Korean meaning not confidently aligned
w_348f9fe2c48c6f73,N2,,manual_review,工員,こういん,,,,,surface+reading,N2,https://ja.dict.naver.com/#/search?query=%E5%B7%A5%E5%93%A1,2026-09-01T23:33:29+0900,Korean meaning not confidently aligned
w_be992c675e654065,N2,,manual_review,工夫,くふう,,,,,surface+reading,N2,https://ja.dict.naver.com/#/search?query=%E5%B7%A5%E5%A4%AB,2026-09-01T23:33:29+0900,Korean meaning not confidently aligned
w_439fc60ecf8733fc,N2,,manual_review,巨大,きょだい,,,,,surface+reading,N2,https://ja.dict.naver.com/#/search?query=%E5%B7%A8%E5%A4%A7,2026-09-01T23:33:29+0900,part of speech not confirmed: app=adjective NAVER=명사
w_5a886b7121ed4a02,N2,,manual_review,差,さ,,,,,,N2,https://ja.dict.naver.com/#/search?query=%E5%B7%AE,2026-09-01T23:33:29+0900,"JLPT-tagged search results exist, but none matched both form and reading"
w_db9032d584009b9f,N2,,manual_review,布,ぬの,,,,,surface+reading,N2,https://ja.dict.naver.com/#/search?query=%E5%B8%83,2026-09-01T23:33:29+0900,Korean meaning not confidently aligned
w_2eb74c7d957bb5e3,N2,,manual_review,帯,おび,,,,,surface+reading,N2,https://ja.dict.naver.com/#/search?query=%E5%B8%AF,2026-09-01T23:33:29+0900,Korean meaning not confidently aligned
w_4864cdd403be8cb0,N2,,manual_review,平ら,たいら,,,,,surface+reading,N2,https://ja.dict.naver.com/#/search?query=%E5%B9%B3%E3%82%89,2026-09-01T23:33:29+0900,Korean meaning not confidently aligned
w_8b45c9a91bda16bb,N2,,manual_review,幾分,いくぶん,,,,,surface+reading,N2,https://ja.dict.naver.com/#/search?query=%E5%B9%BE%E5%88%86,2026-09-01T23:33:29+0900,Korean meaning not confidently aligned
w_e7d28b54b17334c9,N2,,manual_review,張り切る,はりきる,,,,,surface+reading,N2,https://ja.dict.naver.com/#/search?query=%E5%BC%B5%E3%82%8A%E5%88%87%E3%82%8B,2026-09-01T23:33:29+0900,Korean meaning not confidently aligned
w_ebfafde25a23e052,N2,,manual_review,強力,きょうりょく,,,,,surface+reading,N2,https://ja.dict.naver.com/#/search?query=%E5%BC%B7%E5%8A%9B,2026-09-01T23:33:29+0900,Korean meaning not confidently aligned
w_4b0366329a709317,N2,,manual_review,強引,ごういん,,,,,surface+reading,N2,https://ja.dict.naver.com/#/search?query=%E5%BC%B7%E5%BC%95,2026-09-01T23:33:29+0900,Korean meaning not confidently aligned
w_b7f0aa451c1a2218,N2,,manual_review,強気,つよき,,,,,surface+reading,N2,https://ja.dict.naver.com/#/search?query=%E5%BC%B7%E6%B0%97,2026-09-01T23:33:29+0900,part of speech not confirmed: app=adjective NAVER=명사
w_9a0f257e7a6a025d,N2,,manual_review,弾,たま,,,,,,N2,https://ja.dict.naver.com/#/search?query=%E5%BC%BE,2026-09-01T23:33:29+0900,"JLPT-tagged search results exist, but none matched both form and reading"
w_fa06f5ed120b721a,N2,,manual_review,当てはめる,あてはめる,,,,,surface+reading,N2,https://ja.dict.naver.com/#/search?query=%E5%BD%93%E3%81%A6%E3%81%AF%E3%82%81%E3%82%8B,2026-09-01T23:33:29+0900,Korean meaning not confidently aligned
w_6668fecab3a1e17c,N2,,manual_review,待合室,まちあいしつ,,,,,surface+reading,N2,https://ja.dict.naver.com/#/search?query=%E5%BE%85%E5%90%88%E5%AE%A4,2026-09-01T23:33:29+0900,Korean meaning not confidently aligned
w_08ce685bcb19f6e1,N2,,manual_review,後,ご,,,,,,N2|N5,https://ja.dict.naver.com/#/search?query=%E5%BE%8C,2026-09-01T23:33:29+0900,"JLPT-tagged search results exist, but none matched both form and reading"
w_7a92333a9b0ba186,N2,,manual_review,得る,うる,,,,,surface+reading,N2,https://ja.dict.naver.com/#/search?query=%E5%BE%97%E3%82%8B,2026-09-01T23:33:29+0900,Korean meaning not confidently aligned
w_a3bc697a0cbfade0,N2,,manual_review,御中,おんちゅう,,,,,surface+reading,N2,https://ja.dict.naver.com/#/search?query=%E5%BE%A1%E4%B8%AD,2026-09-01T23:33:29+0900,part of speech not confirmed: app=suffix NAVER=명사
w_1bd8c7ba99a1e77f,N2,,manual_review,御免,ごめん,,,,,surface+reading,N2,https://ja.dict.naver.com/#/search?query=%E5%BE%A1%E5%85%8D,2026-09-01T23:33:29+0900,part of speech not confirmed: app=interjection NAVER=명사
w_26e555c5d4a1d9f8,N2,,manual_review,御無沙汰,ごぶさた,,,,,surface+reading,N2,https://ja.dict.naver.com/#/search?query=%E5%BE%A1%E7%84%A1%E6%B2%99%E6%B1%B0,2026-09-01T23:33:29+0900,Korean meaning not confidently aligned
w_d8ba8bb341546b0b,N2,,manual_review,心得る,こころえる,,,,,surface+reading,N2,https://ja.dict.naver.com/#/search?query=%E5%BF%83%E5%BE%97%E3%82%8B,2026-09-01T23:33:29+0900,Korean meaning not confidently aligned
w_d129be83027447d1,N2,,manual_review,必死,ひっし,,,,,surface+reading,N2,https://ja.dict.naver.com/#/search?query=%E5%BF%85%E6%AD%BB,2026-09-01T23:33:29+0900,Korean meaning not confidently aligned
w_0ad13c94c1b3dbe4,N2,,manual_review,応接,おうせつ,,,,,surface+reading,N2,https://ja.dict.naver.com/#/search?query=%E5%BF%9C%E6%8E%A5,2026-09-01T23:33:29+0900,Korean meaning not confidently aligned
w_2127e00194da302c,N2,,manual_review,思想,しそう,,,,,surface+reading,N2,https://ja.dict.naver.com/#/search?query=%E6%80%9D%E6%83%B3,2026-09-01T23:33:29+0900,Korean meaning not confidently aligned
w_f6f9c7b88adfc6c6,N2,,manual_review,性,せい,,,,,surface+reading,N2,https://ja.dict.naver.com/#/search?query=%E6%80%A7,2026-09-01T23:33:29+0900,Korean meaning not confidently aligned
w_a1ba8a79fd44c4b7,N2,,manual_review,恐怖,きょうふ,,,,,surface+reading,N2,https://ja.dict.naver.com/#/search?query=%E6%81%90%E6%80%96,2026-09-01T23:33:29+0900,Korean meaning not confidently aligned
w_7fa1415b0a1da35b,N2,,manual_review,恐縮,きょうしゅく,,,,,surface+reading,N2,https://ja.dict.naver.com/#/search?query=%E6%81%90%E7%B8%AE,2026-09-01T23:33:29+0900,Korean meaning not confidently aligned
w_411ce59ee3a16025,N2,,manual_review,意外,いがい,,,,,surface+reading,N2,https://ja.dict.naver.com/#/search?query=%E6%84%8F%E5%A4%96,2026-09-01T23:33:29+0900,Korean meaning not confidently aligned
w_304d495231ce46a4,N2,,manual_review,意思,いし,,,,,,N2,https://ja.dict.naver.com/#/search?query=%E6%84%8F%E6%80%9D,2026-09-01T23:33:29+0900,multiple NAVER entries match surface+reading
w_7f446e56ccf4f51c,N2,,manual_review,懸命,けんめい,,,,,surface+reading,N2,https://ja.dict.naver.com/#/search?query=%E6%87%B8%E5%91%BD,2026-09-01T23:33:29+0900,Korean meaning not confidently aligned
w_e71e6a86aaaa99f2,N2,,manual_review,手入れ,ていれ,,,,,surface+reading,N2,https://ja.dict.naver.com/#/search?query=%E6%89%8B%E5%85%A5%E3%82%8C,2026-09-01T23:33:29+0900,Korean meaning not confidently aligned
w_e5a63fa4d7fc9648,N2,,manual_review,承る,うけたまわる,,,,,surface+reading,N2,https://ja.dict.naver.com/#/search?query=%E6%89%BF%E3%82%8B,2026-09-01T23:33:29+0900,Korean meaning not confidently aligned
w_069b6847fe6b8089,N2,,manual_review,承知,しょうち,,,,,surface+reading,N2,https://ja.dict.naver.com/#/search?query=%E6%89%BF%E7%9F%A5,2026-09-01T23:33:29+0900,Korean meaning not confidently aligned
w_b2ffb2cd28ae320d,N2,,manual_review,挟む,はさむ,,,,,surface+reading,N2,https://ja.dict.naver.com/#/search?query=%E6%8C%9F%E3%82%80,2026-09-01T23:33:29+0900,Korean meaning not confidently aligned
w_4b4a110c5f535581,N2,,manual_review,捕る,とる,,,,,,N2,https://ja.dict.naver.com/#/search?query=%E6%8D%95%E3%82%8B,2026-09-01T23:33:29+0900,"JLPT-tagged search results exist, but none matched both form and reading"
w_c34cf13bb75d6d66,N2,,manual_review,描く,かく,,,,,,N2,https://ja.dict.naver.com/#/search?query=%E6%8F%8F%E3%81%8F,2026-09-01T23:33:29+0900,"JLPT-tagged search results exist, but none matched both form and reading"
w_bd42e10de1277320,N2,,manual_review,敬う,うやまう,,,,,surface+reading,N2,https://ja.dict.naver.com/#/search?query=%E6%95%AC%E3%81%86,2026-09-01T23:33:29+0900,Korean meaning not confidently aligned
w_4aedefd2578db74a,N2,,manual_review,数,かず,,,,,surface+reading,N2,https://ja.dict.naver.com/#/search?query=%E6%95%B0,2026-09-01T23:33:29+0900,Korean meaning not confidently aligned
w_ffbc6c7cd17b4eba,N2,,manual_review,数,すう,,,,,surface+reading,N2,https://ja.dict.naver.com/#/search?query=%E6%95%B0,2026-09-01T23:33:29+0900,Korean meaning not confidently aligned
w_93d81f41564b0400,N2,,manual_review,新た,あらた,,,,,surface+reading,N2,https://ja.dict.naver.com/#/search?query=%E6%96%B0%E3%81%9F,2026-09-01T23:33:29+0900,Korean meaning not confidently aligned
w_ba335b8ea06374ef,N2,,manual_review,新鮮,しんせん,,,,,surface+reading,N2,https://ja.dict.naver.com/#/search?query=%E6%96%B0%E9%AE%AE,2026-09-01T23:33:29+0900,part of speech not confirmed: app=adjective NAVER=명사
w_010de61c084c7cf1,N2,,manual_review,日陰,ひかげ,,,,,surface+reading,N2,https://ja.dict.naver.com/#/search?query=%E6%97%A5%E9%99%B0,2026-09-01T23:33:29+0900,Korean meaning not confidently aligned
w_36d68fb99fcb1514,N2,,manual_review,旧,きゅう,,,,,surface+reading,N2,https://ja.dict.naver.com/#/search?query=%E6%97%A7,2026-09-01T23:33:29+0900,Korean meaning not confidently aligned
w_b685e7abbe1567a6,N2,,manual_review,昇る,のぼる,,,,,,N2,https://ja.dict.naver.com/#/search?query=%E6%98%87%E3%82%8B,2026-09-01T23:33:29+0900,"JLPT-tagged search results exist, but none matched both form and reading"
w_8be0e84ce471c919,N2,,manual_review,曖昧,あいまい,,,,,surface+reading,N2,https://ja.dict.naver.com/#/search?query=%E6%9B%96%E6%98%A7,2026-09-01T23:33:29+0900,Korean meaning not confidently aligned
w_82154f69404ef3b3,N2,,manual_review,更に,さらに,,,,,surface+reading,N2,https://ja.dict.naver.com/#/search?query=%E6%9B%B4%E3%81%AB,2026-09-01T23:33:29+0900,Korean meaning not confidently aligned
w_7cd2a64b26436658,N2,,manual_review,最中,さいちゅう,,,,,surface+reading,N2,https://ja.dict.naver.com/#/search?query=%E6%9C%80%E4%B8%AD,2026-09-01T23:33:29+0900,Korean meaning not confidently aligned
w_dba478dc4a817522,N2,,manual_review,有効,ゆうこう,,,,,surface+reading,N2,https://ja.dict.naver.com/#/search?query=%E6%9C%89%E5%8A%B9,2026-09-01T23:33:29+0900,part of speech not confirmed: app=noun NAVER=형용동사
w_37790ae71b47c383,N2,,manual_review,有能,ゆうのう,,,,,surface+reading,N2,https://ja.dict.naver.com/#/search?query=%E6%9C%89%E8%83%BD,2026-09-01T23:33:29+0900,part of speech not confirmed: app=adjective NAVER=명사
w_a3f5e6e7275bce2f,N2,,manual_review,朗らか,ほがらか,,,,,surface+reading,N2,https://ja.dict.naver.com/#/search?query=%E6%9C%97%E3%82%89%E3%81%8B,2026-09-01T23:33:29+0900,Korean meaning not confidently aligned
w_38bf36a4ecaedf29,N2,,manual_review,未満,みまん,,,,,surface+reading,N2,https://ja.dict.naver.com/#/search?query=%E6%9C%AA%E6%BA%80,2026-09-01T23:33:29+0900,part of speech not confirmed: app=suffix NAVER=명사
w_ec071a034c84fb09,N2,,manual_review,末,すえ,,,,,surface+reading,N2,https://ja.dict.naver.com/#/search?query=%E6%9C%AB,2026-09-01T23:33:29+0900,Korean meaning not confidently aligned
w_0232fcc1bc79d47c,N2,,manual_review,杉,すぎ,,,,,surface+reading,N2,https://ja.dict.naver.com/#/search?query=%E6%9D%89,2026-09-01T23:33:29+0900,Korean meaning not confidently aligned
w_ac1f7e7fd5dc7e12,N2,,manual_review,架空,かくう,,,,,surface+reading,N2,https://ja.dict.naver.com/#/search?query=%E6%9E%B6%E7%A9%BA,2026-09-01T23:33:29+0900,part of speech not confirmed: app=adjective NAVER=명사
w_2a0630bd0ce6da50,N2,,manual_review,校舎,こうしゃ,,,,,surface+reading,N2,https://ja.dict.naver.com/#/search?query=%E6%A0%A1%E8%88%8E,2026-09-01T23:33:29+0900,Korean meaning not confidently aligned
w_7aa0e5b4b6672cb2,N2,,manual_review,案,あん,,,,,surface+reading,N2,https://ja.dict.naver.com/#/search?query=%E6%A1%88,2026-09-01T23:33:29+0900,Korean meaning not confidently aligned
w_786135f68d952414,N2,,manual_review,極,ごく,,,,,surface+reading,N2,https://ja.dict.naver.com/#/search?query=%E6%A5%B5,2026-09-01T23:33:29+0900,Korean meaning not confidently aligned
w_9621a9869de29b8f,N2,,manual_review,様,よう,,,,,surface+reading,N2,https://ja.dict.naver.com/#/search?query=%E6%A7%98,2026-09-01T23:33:29+0900,"part of speech not confirmed: app=suffix NAVER=명사,형용동사"
w_ba0fe8fbd3ab9da6,N2,,manual_review,欄,らん,,,,,surface+reading,N2,https://ja.dict.naver.com/#/search?query=%E6%AC%84,2026-09-01T23:33:29+0900,Korean meaning not confidently aligned
w_461435ba040bff96,N2,,manual_review,欠ける,かける,,,,,surface+reading,N2,https://ja.dict.naver.com/#/search?query=%E6%AC%A0%E3%81%91%E3%82%8B,2026-09-01T23:33:29+0900,Korean meaning not confidently aligned
w_a0c4ec0ed1a5912c,N2,,manual_review,正,せい,,,,,surface+reading,N2,https://ja.dict.naver.com/#/search?query=%E6%AD%A3,2026-09-01T23:33:29+0900,Korean meaning not confidently aligned
w_fb56ee0f5fb82c5c,N2,,manual_review,正味,しょうみ,,,,,surface+reading,N2,https://ja.dict.naver.com/#/search?query=%E6%AD%A3%E5%91%B3,2026-09-01T23:33:29+0900,part of speech not confirmed: app=adjective NAVER=명사
w_1b303ccfb38c6b9e,N2,,manual_review,正解,せいかい,,,,,surface+reading,N2,https://ja.dict.naver.com/#/search?query=%E6%AD%A3%E8%A7%A3,2026-09-01T23:33:29+0900,Korean meaning not confidently aligned
w_e10f6ff23a39176c,N2,,manual_review,残らず,のこらず,,,,,surface+reading,N2,https://ja.dict.naver.com/#/search?query=%E6%AE%8B%E3%82%89%E3%81%9A,2026-09-01T23:33:29+0900,Korean meaning not confidently aligned
w_27abc5fe46f0f810,N2,,manual_review,殿,どの,,,,,surface+reading,N2,https://ja.dict.naver.com/#/search?query=%E6%AE%BF,2026-09-01T23:33:29+0900,part of speech not confirmed: app=suffix NAVER=-
w_a4116bf6cc58ca05,N2,,manual_review,氏,し,,,,,,N2,https://ja.dict.naver.com/#/search?query=%E6%B0%8F,2026-09-01T23:33:29+0900,"JLPT-tagged search results exist, but none matched both form and reading"
w_135216268a27c0f3,N2,,manual_review,水蒸気,すいじょうき,,,,,surface+reading,N2,https://ja.dict.naver.com/#/search?query=%E6%B0%B4%E8%92%B8%E6%B0%97,2026-09-01T23:33:29+0900,Korean meaning not confidently aligned
w_08831dedef62a3f7,N2,,manual_review,汁,しる,,,,,surface+reading,N2,https://ja.dict.naver.com/#/search?query=%E6%B1%81,2026-09-01T23:33:29+0900,Korean meaning not confidently aligned
w_0caf84e642264d6a,N2,,manual_review,泉,いずみ,,,,,surface+reading,N2,https://ja.dict.naver.com/#/search?query=%E6%B3%89,2026-09-01T23:33:29+0900,Korean meaning not confidently aligned
w_980d66f98bbc895c,N2,,manual_review,派手,はで,,,,,surface+reading,N2,https://ja.dict.naver.com/#/search?query=%E6%B4%BE%E6%89%8B,2026-09-01T23:33:29+0900,Korean meaning not confidently aligned
w_bc277d58a6bbd7ec,N2,,manual_review,浴衣,ゆかた,,,,,surface+reading,N2,https://ja.dict.naver.com/#/search?query=%E6%B5%B4%E8%A1%A3,2026-09-01T23:33:29+0900,Korean meaning not confidently aligned
w_a02bcf3ec853fef2,N2,,manual_review,淡い,あわい,,,,,surface+reading,N2,https://ja.dict.naver.com/#/search?query=%E6%B7%A1%E3%81%84,2026-09-01T23:33:29+0900,Korean meaning not confidently aligned
w_d3a58aebb4ab933c,N2,,manual_review,深刻,しんこく,,,,,surface+reading,N2,https://ja.dict.naver.com/#/search?query=%E6%B7%B1%E5%88%BB,2026-09-01T23:33:29+0900,Korean meaning not confidently aligned
w_073adca1c5d13d71,N2,,manual_review,渇く,かわく,,,,,surface+reading,N2,https://ja.dict.naver.com/#/search?query=%E6%B8%87%E3%81%8F,2026-09-01T23:33:29+0900,Korean meaning not confidently aligned
w_d3225d0f89f945b4,N2,,manual_review,激増,げきぞう,,,,,surface+reading,N2,https://ja.dict.naver.com/#/search?query=%E6%BF%80%E5%A2%97,2026-09-01T23:33:29+0900,Korean meaning not confidently aligned
w_1fb1432fdae5690a,N2,,manual_review,点く,つく,,,,,,N2,https://ja.dict.naver.com/#/search?query=%E7%82%B9%E3%81%8F,2026-09-01T23:33:29+0900,"JLPT-tagged search results exist, but none matched both form and reading"
w_ae2efffdfc2183d7,N2,,manual_review,為替,かわせ,,,,,surface+reading,N2,https://ja.dict.naver.com/#/search?query=%E7%82%BA%E6%9B%BF,2026-09-01T23:33:29+0900,Korean meaning not confidently aligned
w_d627e3baa1fd6350,N2,,manual_review,無事,ぶじ,,,,,surface+reading,N2,https://ja.dict.naver.com/#/search?query=%E7%84%A1%E4%BA%8B,2026-09-01T23:33:29+0900,Korean meaning not confidently aligned
w_1e9f921233a4335f,N2,,manual_review,無沙汰,ぶさた,,,,,surface+reading,N2,https://ja.dict.naver.com/#/search?query=%E7%84%A1%E6%B2%99%E6%B1%B0,2026-09-01T23:33:29+0900,Korean meaning not confidently aligned
w_e4f3c3a8106b0228,N2,,manual_review,焦る,あせる,,,,,surface+reading,N2,https://ja.dict.naver.com/#/search?query=%E7%84%A6%E3%82%8B,2026-09-01T23:33:29+0900,Korean meaning not confidently aligned
w_8a99250feb972dd9,N2,,manual_review,熱する,ねっする,,,,,surface+reading,N2,https://ja.dict.naver.com/#/search?query=%E7%86%B1%E3%81%99%E3%82%8B,2026-09-01T23:33:29+0900,Korean meaning not confidently aligned
w_5faf4ca0caa19395,N2,,manual_review,物凄い,ものすごい,,,,,surface+reading,N2,https://ja.dict.naver.com/#/search?query=%E7%89%A9%E5%87%84%E3%81%84,2026-09-01T23:33:29+0900,Korean meaning not confidently aligned
w_81f5329294ad5f0f,N2,,manual_review,物騒,ぶっそう,,,,,surface+reading,N2,https://ja.dict.naver.com/#/search?query=%E7%89%A9%E9%A8%92,2026-09-01T23:33:29+0900,part of speech not confirmed: app=adjective NAVER=명사
w_7f8e160aa6dd96f4,N2,,manual_review,狙い,ねらい,,,,,surface+reading,N2,https://ja.dict.naver.com/#/search?query=%E7%8B%99%E3%81%84,2026-09-01T23:33:29+0900,Korean meaning not confidently aligned
w_7467bcab452dd8de,N2,,manual_review,狙う,ねらう,,,,,surface+reading,N2,https://ja.dict.naver.com/#/search?query=%E7%8B%99%E3%81%86,2026-09-01T23:33:29+0900,Korean meaning not confidently aligned
w_3b9d9ce93ef60c2e,N2,,manual_review,玉,たま,,,,,surface+reading,N2,https://ja.dict.naver.com/#/search?query=%E7%8E%89,2026-09-01T23:33:29+0900,Korean meaning not confidently aligned
w_b2d64c62192e28cf,N2,,manual_review,球,きゅう,,,,,surface+reading,N2,https://ja.dict.naver.com/#/search?query=%E7%90%83,2026-09-01T23:33:29+0900,Korean meaning not confidently aligned
w_647a2930ace90822,N2,,manual_review,琴,こと,,,,,surface+reading,N2,https://ja.dict.naver.com/#/search?query=%E7%90%B4,2026-09-01T23:33:29+0900,Korean meaning not confidently aligned
w_459b05f0dced24c0,N2,,manual_review,生じる,しょうじる,,,,,surface+reading,N2,https://ja.dict.naver.com/#/search?query=%E7%94%9F%E3%81%98%E3%82%8B,2026-09-01T23:33:29+0900,Korean meaning not confidently aligned
w_2291d0d74ed86e30,N2,,manual_review,生意気,なまいき,,,,,surface+reading,N2,https://ja.dict.naver.com/#/search?query=%E7%94%9F%E6%84%8F%E6%B0%97,2026-09-01T23:33:29+0900,Korean meaning not confidently aligned
w_1ab91c15a18c1764,N2,,manual_review,留まる,とまる,,,,,,N2,https://ja.dict.naver.com/#/search?query=%E7%95%99%E3%81%BE%E3%82%8B,2026-09-01T23:33:29+0900,"JLPT-tagged search results exist, but none matched both form and reading"
w_2ddfd4e670f83009,N2,,manual_review,発,はつ,,,,,surface+reading,N2,https://ja.dict.naver.com/#/search?query=%E7%99%BA,2026-09-01T23:33:29+0900,part of speech not confirmed: app=suffix NAVER=-
w_bae098e6bbe74e8f,N2,,manual_review,的確,てきかく,,,,,surface+reading,N2,https://ja.dict.naver.com/#/search?query=%E7%9A%84%E7%A2%BA,2026-09-01T23:33:29+0900,Korean meaning not confidently aligned
w_68acf7cb1529e491,N2,,manual_review,盗難,とうなん,,,,,surface+reading,N2,https://ja.dict.naver.com/#/search?query=%E7%9B%97%E9%9B%A3,2026-09-01T23:33:29+0900,Korean meaning not confidently aligned
w_52c6ca040bc47941,N2,,manual_review,盛り,さかり,,,,,surface+reading,N2,https://ja.dict.naver.com/#/search?query=%E7%9B%9B%E3%82%8A,2026-09-01T23:33:29+0900,Korean meaning not confidently aligned
w_8d7af061a77f823e,N2,,manual_review,目印,めじるし,,,,,surface+reading,N2,https://ja.dict.naver.com/#/search?query=%E7%9B%AE%E5%8D%B0,2026-09-01T23:33:29+0900,Korean meaning not confidently aligned
w_1a8148ce57ed5c8b,N2,,manual_review,直,じき,,,,,surface+reading,N2,https://ja.dict.naver.com/#/search?query=%E7%9B%B4,2026-09-01T23:33:29+0900,"part of speech not confirmed: app=adjective NAVER=명사,부사,접사"
w_90b4dd79bc0d9463,N2,,manual_review,直ちに,ただちに,,,,,surface+reading,N2,https://ja.dict.naver.com/#/search?query=%E7%9B%B4%E3%81%A1%E3%81%AB,2026-09-01T23:33:29+0900,Korean meaning not confidently aligned
w_d912c948c6516c29,N2,,manual_review,相次いで,あいついで,,,,,,N2,https://ja.dict.naver.com/#/search?query=%E7%9B%B8%E6%AC%A1%E3%81%84%E3%81%A7,2026-09-01T23:33:29+0900,"JLPT-tagged search results exist, but none matched both form and reading"
w_af3429f7e6a5a61e,N2,,manual_review,相違,そうい,,,,,surface+reading,N2,https://ja.dict.naver.com/#/search?query=%E7%9B%B8%E9%81%95,2026-09-01T23:33:29+0900,Korean meaning not confidently aligned
w_8aa0aa313013de56,N2,,manual_review,真剣,しんけん,,,,,surface+reading,N2,https://ja.dict.naver.com/#/search?query=%E7%9C%9F%E5%89%A3,2026-09-01T23:33:29+0900,Korean meaning not confidently aligned
w_fe085757fc9fa210,N2,,manual_review,着替える,きがえる,,,,,,N2,https://ja.dict.naver.com/#/search?query=%E7%9D%80%E6%9B%BF%E3%81%88%E3%82%8B,2026-09-01T23:33:29+0900,"JLPT-tagged search results exist, but none matched both form and reading"
w_2ad3a99db025ae7b,N2,,manual_review,研修,けんしゅう,,,,,surface+reading,N2,https://ja.dict.naver.com/#/search?query=%E7%A0%94%E4%BF%AE,2026-09-01T23:33:29+0900,Korean meaning not confidently aligned
w_e2cb3cddc979a9ac,N2,,manual_review,研究所,けんきゅうじょ,,,,,,N2,https://ja.dict.naver.com/#/search?query=%E7%A0%94%E7%A9%B6%E6%89%80,2026-09-01T23:33:29+0900,"JLPT-tagged search results exist, but none matched both form and reading"
w_aba65ebe49d8bf77,N2,,manual_review,硬貨,こうか,,,,,surface+reading,N2,https://ja.dict.naver.com/#/search?query=%E7%A1%AC%E8%B2%A8,2026-09-01T23:33:29+0900,Korean meaning not confidently aligned
w_d59a9029ddc91532,N2,,manual_review,碁,ご,,,,,,N2,https://ja.dict.naver.com/#/search?query=%E7%A2%81,2026-09-01T23:33:29+0900,"JLPT-tagged search results exist, but none matched both form and reading"
w_48434db8ebe195e3,N2,,manual_review,禁じる,きんじる,,,,,surface+reading,N2,https://ja.dict.naver.com/#/search?query=%E7%A6%81%E3%81%98%E3%82%8B,2026-09-01T23:33:29+0900,Korean meaning not confidently aligned
w_ab1ed34f923be3ea,N2,,manual_review,稽古,けいこ,,,,,surface+reading,N2,https://ja.dict.naver.com/#/search?query=%E7%A8%BD%E5%8F%A4,2026-09-01T23:33:29+0900,Korean meaning not confidently aligned
w_b5599a01177fd473,N2,,manual_review,積極的,せっきょくてき,,,,,surface+reading,N2,https://ja.dict.naver.com/#/search?query=%E7%A9%8D%E6%A5%B5%E7%9A%84,2026-09-01T23:33:29+0900,Korean meaning not confidently aligned
w_e0df08ddb28286a4,N2,,manual_review,突っ込む,つっこむ,,,,,surface+reading,N2,https://ja.dict.naver.com/#/search?query=%E7%AA%81%E3%81%A3%E8%BE%BC%E3%82%80,2026-09-01T23:33:29+0900,Korean meaning not confidently aligned
w_3520e0c2956a5ddc,N2,,manual_review,箇所,かしょ,,,,,surface+reading,N2,https://ja.dict.naver.com/#/search?query=%E7%AE%87%E6%89%80,2026-09-01T23:33:29+0900,Korean meaning not confidently aligned
w_15b39e3bc856b825,N2,,manual_review,箒,ほうき,,,,,surface+reading,N2,https://ja.dict.naver.com/#/search?query=%E7%AE%92,2026-09-01T23:33:29+0900,Korean meaning not confidently aligned
w_6bb43eb1e2c8a14b,N2,,manual_review,管,くだ,,,,,surface+reading,N2,https://ja.dict.naver.com/#/search?query=%E7%AE%A1,2026-09-01T23:33:29+0900,Korean meaning not confidently aligned
w_cd408b0b451d9102,N2,,manual_review,粒,つぶ,,,,,surface+reading,N2,https://ja.dict.naver.com/#/search?query=%E7%B2%92,2026-09-01T23:33:29+0900,Korean meaning not confidently aligned
w_03df4391d73554e1,N2,,manual_review,粗末,そまつ,,,,,surface+reading,N2,https://ja.dict.naver.com/#/search?query=%E7%B2%97%E6%9C%AB,2026-09-01T23:33:29+0900,Korean meaning not confidently aligned
w_016ef21c6de7dbf3,N2,,manual_review,素,もと,,,,,,N2,https://ja.dict.naver.com/#/search?query=%E7%B4%A0,2026-09-01T23:33:29+0900,"JLPT-tagged search results exist, but none matched both form and reading"
w_4e5460d95355783c,N2,,manual_review,素朴,そぼく,,,,,surface+reading,N2,https://ja.dict.naver.com/#/search?query=%E7%B4%A0%E6%9C%B4,2026-09-01T23:33:29+0900,part of speech not confirmed: app=adjective NAVER=명사
w_5b2ece359f1ebcc6,N2,,manual_review,紫,むらさき,,,,,surface+reading,N2,https://ja.dict.naver.com/#/search?query=%E7%B4%AB,2026-09-01T23:33:29+0900,Korean meaning not confidently aligned
w_8f924af4a9ea06b9,N2,,manual_review,紺,こん,,,,,surface+reading,N2,https://ja.dict.naver.com/#/search?query=%E7%B4%BA,2026-09-01T23:33:29+0900,Korean meaning not confidently aligned
w_2d72e70d3c4799bb,N2,,manual_review,組,くみ,,,,,surface+reading,N2,https://ja.dict.naver.com/#/search?query=%E7%B5%84,2026-09-01T23:33:29+0900,Korean meaning not confidently aligned
w_fcfcfef3d180e141,N2,,manual_review,結婚式,けっこんしき,,,,,,N2,https://ja.dict.naver.com/#/search?query=%E7%B5%90%E5%A9%9A%E5%BC%8F,2026-09-01T23:33:29+0900,"JLPT-tagged search results exist, but none matched both form and reading"
w_639c06072aff12f4,N2,,manual_review,絶えず,たえず,,,,,surface+reading,N2,https://ja.dict.naver.com/#/search?query=%E7%B5%B6%E3%81%88%E3%81%9A,2026-09-01T23:33:29+0900,part of speech not confirmed: app=adverb NAVER=기타
w_7087b27273d496b5,N2,,manual_review,絶対,ぜったい,,,,,surface+reading,N2,https://ja.dict.naver.com/#/search?query=%E7%B5%B6%E5%AF%BE,2026-09-01T23:33:29+0900,part of speech not confirmed: app=adverb NAVER=명사
w_530598fd40ead000,N2,,manual_review,綿,めん,,,,,surface+reading,N2,https://ja.dict.naver.com/#/search?query=%E7%B6%BF,2026-09-01T23:33:29+0900,Korean meaning not confidently aligned
w_73c3d353971a6a85,N2,,manual_review,総理大臣,そうりだいじん,,,,,,N2,https://ja.dict.naver.com/#/search?query=%E7%B7%8F%E7%90%86%E5%A4%A7%E8%87%A3,2026-09-01T23:33:29+0900,"JLPT-tagged search results exist, but none matched both form and reading"
w_c81940dd6cdbf237,N2,,manual_review,縮める,ちぢめる,,,,,surface+reading,N2,https://ja.dict.naver.com/#/search?query=%E7%B8%AE%E3%82%81%E3%82%8B,2026-09-01T23:33:29+0900,Korean meaning not confidently aligned
w_c7a422ab60dc14eb,N2,,manual_review,職,しょく,,,,,surface+reading,N2,https://ja.dict.naver.com/#/search?query=%E8%81%B7,2026-09-01T23:33:29+0900,Korean meaning not confidently aligned
w_1880cff468d0c144,N2,,manual_review,職人,しょくにん,,,,,surface+reading,N2,https://ja.dict.naver.com/#/search?query=%E8%81%B7%E4%BA%BA,2026-09-01T23:33:29+0900,Korean meaning not confidently aligned
w_4c934f2120b1a7b8,N2,,manual_review,胃,い,,,,,,N2,https://ja.dict.naver.com/#/search?query=%E8%83%83,2026-09-01T23:33:29+0900,"JLPT-tagged search results exist, but none matched both form and reading"
w_6675bb365919e175,N2,,manual_review,腰掛ける,こしかける,,,,,surface+reading,N2,https://ja.dict.naver.com/#/search?query=%E8%85%B0%E6%8E%9B%E3%81%91%E3%82%8B,2026-09-01T23:33:29+0900,Korean meaning not confidently aligned
w_5031ba90364d3c9e,N2,,manual_review,膨らます,ふくらます,,,,,surface+reading,N2,https://ja.dict.naver.com/#/search?query=%E8%86%A8%E3%82%89%E3%81%BE%E3%81%99,2026-09-01T23:33:29+0900,Korean meaning not confidently aligned
w_cdd36c8e21d95a50,N2,,manual_review,膨大,ぼうだい,,,,,surface+reading,N2,https://ja.dict.naver.com/#/search?query=%E8%86%A8%E5%A4%A7,2026-09-01T23:33:29+0900,part of speech not confirmed: app=adjective NAVER=명사
w_79e1728cf910bc3c,N2,,manual_review,臨時,りんじ,,,,,surface+reading,N2,https://ja.dict.naver.com/#/search?query=%E8%87%A8%E6%99%82,2026-09-01T23:33:29+0900,part of speech not confirmed: app=adjective NAVER=명사
w_9ad32563f9a847c6,N2,,manual_review,自衛,じえい,,,,,surface+reading,N2,https://ja.dict.naver.com/#/search?query=%E8%87%AA%E8%A1%9B,2026-09-01T23:33:29+0900,Korean meaning not confidently aligned
w_431a5827fcff4945,N2,,manual_review,芯,しん,,,,,surface+reading,N2,https://ja.dict.naver.com/#/search?query=%E8%8A%AF,2026-09-01T23:33:29+0900,Korean meaning not confidently aligned
w_6543785f3fd2fb49,N2,,manual_review,芸能人,げいのうじん,,,,,surface+reading,N2,https://ja.dict.naver.com/#/search?query=%E8%8A%B8%E8%83%BD%E4%BA%BA,2026-09-01T23:33:29+0900,Korean meaning not confidently aligned
w_2db1201fde171bd0,N2,,manual_review,芽,め,,,,,surface+reading,N2,https://ja.dict.naver.com/#/search?query=%E8%8A%BD,2026-09-01T23:33:29+0900,Korean meaning not confidently aligned
w_a16b95b44bbcf3e2,N2,,manual_review,苦手,にがて,,,,,surface+reading,N2,https://ja.dict.naver.com/#/search?query=%E8%8B%A6%E6%89%8B,2026-09-01T23:33:29+0900,part of speech not confirmed: app=adjective NAVER=명사
w_2eb85eb0002d712b,N2,,manual_review,蓄える,たくわえる,,,,,surface+reading,N2,https://ja.dict.naver.com/#/search?query=%E8%93%84%E3%81%88%E3%82%8B,2026-09-01T23:33:29+0900,Korean meaning not confidently aligned
w_53ae1816aa456be5,N2,,manual_review,衣食住,いしょくじゅう,,,,,surface+reading,N2,https://ja.dict.naver.com/#/search?query=%E8%A1%A3%E9%A3%9F%E4%BD%8F,2026-09-01T23:33:29+0900,Korean meaning not confidently aligned
w_d9a7b66c1e434392,N2,,manual_review,要するに,ようするに,,,,,surface+reading,N2,https://ja.dict.naver.com/#/search?query=%E8%A6%81%E3%81%99%E3%82%8B%E3%81%AB,2026-09-01T23:33:29+0900,part of speech not confirmed: app=adverb NAVER=기타
w_ac31b882227640d1,N2,,manual_review,見事,みごと,,,,,surface+reading,N2,https://ja.dict.naver.com/#/search?query=%E8%A6%8B%E4%BA%8B,2026-09-01T23:33:29+0900,Korean meaning not confidently aligned
w_8452ac29c02b0af6,N2,,manual_review,見慣れる,みなれる,,,,,surface+reading,N2,https://ja.dict.naver.com/#/search?query=%E8%A6%8B%E6%85%A3%E3%82%8C%E3%82%8B,2026-09-01T23:33:29+0900,Korean meaning not confidently aligned
w_615da3adb56a4017,N2,,manual_review,解ける,とける,,,,,,N2,https://ja.dict.naver.com/#/search?query=%E8%A7%A3%E3%81%91%E3%82%8B,2026-09-01T23:33:29+0900,multiple NAVER entries match surface+reading
w_4f760a65cfd9f001,N2,,manual_review,触れる,ふれる,,,,,surface+reading,N2,https://ja.dict.naver.com/#/search?query=%E8%A7%A6%E3%82%8C%E3%82%8B,2026-09-01T23:33:29+0900,Korean meaning not confidently aligned
w_42b5ce2223232e9f,N2,,manual_review,討つ,うつ,,,,,surface+reading,N2,https://ja.dict.naver.com/#/search?query=%E8%A8%8E%E3%81%A4,2026-09-01T23:33:29+0900,Korean meaning not confidently aligned
w_30ccaa0f8014c7d4,N2,,manual_review,訓,くん,,,,,surface+reading,N2,https://ja.dict.naver.com/#/search?query=%E8%A8%93,2026-09-01T23:33:29+0900,Korean meaning not confidently aligned
w_75b5ed766ff3f8c1,N2,,manual_review,評判,ひょうばん,,,,,surface+reading,N2,https://ja.dict.naver.com/#/search?query=%E8%A9%95%E5%88%A4,2026-09-01T23:33:29+0900,Korean meaning not confidently aligned
w_e659e4ac5ad90dff,N2,,manual_review,説,せつ,,,,,surface+reading,N2,https://ja.dict.naver.com/#/search?query=%E8%AA%AC,2026-09-01T23:33:29+0900,Korean meaning not confidently aligned
w_3482cf4b6eccd4f4,N2,,manual_review,謙虚,けんきょ,,,,,surface+reading,N2,https://ja.dict.naver.com/#/search?query=%E8%AC%99%E8%99%9A,2026-09-01T23:33:29+0900,Korean meaning not confidently aligned
w_8611333337cadd0b,N2,,manual_review,議論,ぎろん,,,,,surface+reading,N2,https://ja.dict.naver.com/#/search?query=%E8%AD%B0%E8%AB%96,2026-09-01T23:33:29+0900,Korean meaning not confidently aligned
w_066e002247100e63,N2,,manual_review,豊か,ゆたか,,,,,surface+reading,N2,https://ja.dict.naver.com/#/search?query=%E8%B1%8A%E3%81%8B,2026-09-01T23:33:29+0900,Korean meaning not confidently aligned
w_f52c956469dac353,N2,,manual_review,貴重,きちょう,,,,,surface+reading,N2,https://ja.dict.naver.com/#/search?query=%E8%B2%B4%E9%87%8D,2026-09-01T23:33:29+0900,part of speech not confirmed: app=adjective NAVER=명사
w_af84d28aba699b3e,N2,,manual_review,貸し,かし,,,,,surface+reading,N2,https://ja.dict.naver.com/#/search?query=%E8%B2%B8%E3%81%97,2026-09-01T23:33:29+0900,Korean meaning not confidently aligned
w_cfc4edffed67fa1b,N2,,manual_review,賞味期限,しょうみきげん,,,,,,N2,https://ja.dict.naver.com/#/search?query=%E8%B3%9E%E5%91%B3%E6%9C%9F%E9%99%90,2026-09-01T23:33:29+0900,"JLPT-tagged search results exist, but none matched both form and reading"
w_0b14b532ad37813f,N2,,manual_review,贈る,おくる,,,,,surface+reading,N2,https://ja.dict.naver.com/#/search?query=%E8%B4%88%E3%82%8B,2026-09-01T23:33:29+0900,Korean meaning not confidently aligned
w_f7ccae9d8e37b9be,N2,,manual_review,超す,こす,,,,,,N2,https://ja.dict.naver.com/#/search?query=%E8%B6%85%E3%81%99,2026-09-01T23:33:29+0900,"JLPT-tagged search results exist, but none matched both form and reading"
w_5f6ea2989af856a3,N2,,manual_review,足る,たる,,,,,surface+reading,N2,https://ja.dict.naver.com/#/search?query=%E8%B6%B3%E3%82%8B,2026-09-01T23:33:29+0900,Korean meaning not confidently aligned
w_c7ffd392215f6fce,N2,,manual_review,跨ぐ,またぐ,,,,,surface+reading,N2,https://ja.dict.naver.com/#/search?query=%E8%B7%A8%E3%81%90,2026-09-01T23:33:29+0900,Korean meaning not confidently aligned
w_c89b127c78bed917,N2,,manual_review,込める,こめる,,,,,surface+reading,N2,https://ja.dict.naver.com/#/search?query=%E8%BE%BC%E3%82%81%E3%82%8B,2026-09-01T23:33:29+0900,Korean meaning not confidently aligned
w_a7a8db8a8ce2c024,N2,,manual_review,近頃,ちかごろ,,,,,surface+reading,N2,https://ja.dict.naver.com/#/search?query=%E8%BF%91%E9%A0%83,2026-09-01T23:33:29+0900,Korean meaning not confidently aligned
w_83b53144d6b86393,N2,,manual_review,追いかける,おいかける,,,,,surface+reading,N2,https://ja.dict.naver.com/#/search?query=%E8%BF%BD%E3%81%84%E3%81%8B%E3%81%91%E3%82%8B,2026-09-01T23:33:29+0900,Korean meaning not confidently aligned
w_9424ad8f5a008305,N2,,manual_review,退屈,たいくつ,,,,,surface+reading,N2,https://ja.dict.naver.com/#/search?query=%E9%80%80%E5%B1%88,2026-09-01T23:33:29+0900,"part of speech not confirmed: app=adjective NAVER=동사,명사"
w_54b907b4edcebc12,N2,,manual_review,逆さ,さかさ,,,,,surface+reading,N2,https://ja.dict.naver.com/#/search?query=%E9%80%86%E3%81%95,2026-09-01T23:33:29+0900,part of speech not confirmed: app=adjective NAVER=명사
w_504086cd552f2336,N2,,manual_review,透き通る,すきとおる,,,,,surface+reading,N2,https://ja.dict.naver.com/#/search?query=%E9%80%8F%E3%81%8D%E9%80%9A%E3%82%8B,2026-09-01T23:33:29+0900,Korean meaning not confidently aligned
w_27e53d2fe9730371,N2,,manual_review,透明,とうめい,,,,,surface+reading,N2,https://ja.dict.naver.com/#/search?query=%E9%80%8F%E6%98%8E,2026-09-01T23:33:29+0900,part of speech not confirmed: app=adjective NAVER=명사
w_3f7be39781ba3513,N2,,manual_review,通ずる,つうずる,,,,,surface+reading,N2,https://ja.dict.naver.com/#/search?query=%E9%80%9A%E3%81%9A%E3%82%8B,2026-09-01T23:33:29+0900,Korean meaning not confidently aligned
w_8e5fc40297a3d335,N2,,manual_review,速力,そくりょく,,,,,surface+reading,N2,https://ja.dict.naver.com/#/search?query=%E9%80%9F%E5%8A%9B,2026-09-01T23:33:29+0900,Korean meaning not confidently aligned
w_17801056c96e4a77,N2,,manual_review,週,しゅう,,,,,surface+reading,N2,https://ja.dict.naver.com/#/search?query=%E9%80%B1,2026-09-01T23:33:29+0900,Korean meaning not confidently aligned
w_241f60923bd76a1e,N2,,manual_review,過半数,かはんすう,,,,,surface+reading,N2,https://ja.dict.naver.com/#/search?query=%E9%81%8E%E5%8D%8A%E6%95%B0,2026-09-01T23:33:29+0900,Korean meaning not confidently aligned
w_e11e41390192530a,N2,,manual_review,過失,かしつ,,,,,surface+reading,N2,https://ja.dict.naver.com/#/search?query=%E9%81%8E%E5%A4%B1,2026-09-01T23:33:29+0900,Korean meaning not confidently aligned
w_d402cdb52c5943e6,N2,,manual_review,違いない,ちがいない,,,,,surface+reading,N2,https://ja.dict.naver.com/#/search?query=%E9%81%95%E3%81%84%E3%81%AA%E3%81%84,2026-09-01T23:33:29+0900,part of speech not confirmed: app=adjective NAVER=기타
w_90141350e04c96e6,N2,,manual_review,適する,てきする,,,,,surface+reading,N2,https://ja.dict.naver.com/#/search?query=%E9%81%A9%E3%81%99%E3%82%8B,2026-09-01T23:33:29+0900,Korean meaning not confidently aligned
w_58fd4cfc348b8dcd,N2,,manual_review,適度,てきど,,,,,surface+reading,N2,https://ja.dict.naver.com/#/search?query=%E9%81%A9%E5%BA%A6,2026-09-01T23:33:29+0900,Korean meaning not confidently aligned
w_d728d1f32a31b6f6,N2,,manual_review,遭う,あう,,,,,,N2,https://ja.dict.naver.com/#/search?query=%E9%81%AD%E3%81%86,2026-09-01T23:33:29+0900,"JLPT-tagged search results exist, but none matched both form and reading"
w_db25c865abdbfb17,N2,,manual_review,酌む,くむ,,,,,,N2,https://ja.dict.naver.com/#/search?query=%E9%85%8C%E3%82%80,2026-09-01T23:33:29+0900,"JLPT-tagged search results exist, but none matched both form and reading"
w_d1f54303e542d1ed,N2,,manual_review,重大,じゅうだい,,,,,surface+reading,N2,https://ja.dict.naver.com/#/search?query=%E9%87%8D%E5%A4%A7,2026-09-01T23:33:29+0900,part of speech not confirmed: app=adjective NAVER=명사
w_efd8b475538a990a,N2,,manual_review,野生,やせい,,,,,surface+reading,N2,https://ja.dict.naver.com/#/search?query=%E9%87%8E%E7%94%9F,2026-09-01T23:33:29+0900,"part of speech not confirmed: app=adjective NAVER=대명사,동사,명사"
w_a0e4074c8afd6f6c,N2,,manual_review,釜,かま,,,,,surface+reading,N2,https://ja.dict.naver.com/#/search?query=%E9%87%9C,2026-09-01T23:33:29+0900,Korean meaning not confidently aligned
w_db5972303b7da2bd,N2,,manual_review,針路,しんろ,,,,,surface+reading,N2,https://ja.dict.naver.com/#/search?query=%E9%87%9D%E8%B7%AF,2026-09-01T23:33:29+0900,Korean meaning not confidently aligned
w_d85bd3ccf1d15f75,N2,,manual_review,鈴,すず,,,,,surface+reading,N2,https://ja.dict.naver.com/#/search?query=%E9%88%B4,2026-09-01T23:33:29+0900,Korean meaning not confidently aligned
w_13410f75a0bcc919,N2,,manual_review,鉄砲,てっぽう,,,,,surface+reading,N2,https://ja.dict.naver.com/#/search?query=%E9%89%84%E7%A0%B2,2026-09-01T23:33:29+0900,Korean meaning not confidently aligned
w_0aeea70132137e86,N2,,manual_review,錆,さび,,,,,surface+reading,N2,https://ja.dict.naver.com/#/search?query=%E9%8C%86,2026-09-01T23:33:29+0900,Korean meaning not confidently aligned
w_9c9c02fa9b24aa78,N2,,manual_review,長期,ちょうき,,,,,surface+reading,N2,https://ja.dict.naver.com/#/search?query=%E9%95%B7%E6%9C%9F,2026-09-01T23:33:29+0900,part of speech not confirmed: app=adjective NAVER=명사
w_56fcbb8f224de1b9,N2,,manual_review,開通,かいつう,,,,,surface+reading,N2,https://ja.dict.naver.com/#/search?query=%E9%96%8B%E9%80%9A,2026-09-01T23:33:29+0900,Korean meaning not confidently aligned
w_db4ada3a43693b59,N2,,manual_review,関する,かんする,,,,,surface+reading,N2,https://ja.dict.naver.com/#/search?query=%E9%96%A2%E3%81%99%E3%82%8B,2026-09-01T23:33:29+0900,Korean meaning not confidently aligned
w_58b2028580ef2763,N2,,manual_review,関東,かんとう,,,,,surface+reading,N2,https://ja.dict.naver.com/#/search?query=%E9%96%A2%E6%9D%B1,2026-09-01T23:33:29+0900,Korean meaning not confidently aligned
w_3e0107ae64d9e941,N2,,manual_review,関西,かんさい,,,,,surface+reading,N2,https://ja.dict.naver.com/#/search?query=%E9%96%A2%E8%A5%BF,2026-09-01T23:33:29+0900,Korean meaning not confidently aligned
w_791163fa079b4991,N2,,manual_review,限る,かぎる,,,,,surface+reading,N2,https://ja.dict.naver.com/#/search?query=%E9%99%90%E3%82%8B,2026-09-01T23:33:29+0900,Korean meaning not confidently aligned
w_65b3a10861c208c1,N2,,manual_review,陽気,ようき,,,,,surface+reading,N2,https://ja.dict.naver.com/#/search?query=%E9%99%BD%E6%B0%97,2026-09-01T23:33:29+0900,Korean meaning not confidently aligned
w_c3999c5c14ebdf53,N2,,manual_review,隔てる,へだてる,,,,,surface+reading,N2,https://ja.dict.naver.com/#/search?query=%E9%9A%94%E3%81%A6%E3%82%8B,2026-09-01T23:33:29+0900,Korean meaning not confidently aligned
w_7e100c7bf0b9cc3a,N2,,manual_review,隙間,すきま,,,,,surface+reading,N2,https://ja.dict.naver.com/#/search?query=%E9%9A%99%E9%96%93,2026-09-01T23:33:29+0900,Korean meaning not confidently aligned
w_2e22b9e812873fab,N2,,manual_review,際,さい,,,,,surface+reading,N2,https://ja.dict.naver.com/#/search?query=%E9%9A%9B,2026-09-01T23:33:29+0900,Korean meaning not confidently aligned
w_7314e7fd53838b7a,N2,,manual_review,障子,しょうじ,,,,,surface+reading,N2,https://ja.dict.naver.com/#/search?query=%E9%9A%9C%E5%AD%90,2026-09-01T23:33:29+0900,Korean meaning not confidently aligned
w_4b91c461392670d4,N2,,manual_review,頻りに,しきりに,,,,,surface+reading,N2,https://ja.dict.naver.com/#/search?query=%E9%A0%BB%E3%82%8A%E3%81%AB,2026-09-01T23:33:29+0900,Korean meaning not confidently aligned
w_8a3d05736b928329,N2,,manual_review,高層,こうそう,,,,,surface+reading,N2,https://ja.dict.naver.com/#/search?query=%E9%AB%98%E5%B1%A4,2026-09-01T23:33:29+0900,part of speech not confirmed: app=adjective NAVER=명사
w_0d0edf1425764d3c,N2,,manual_review,高度,こうど,,,,,surface+reading,N2,https://ja.dict.naver.com/#/search?query=%E9%AB%98%E5%BA%A6,2026-09-01T23:33:29+0900,Korean meaning not confidently aligned
w_cdf11db34e0daa74,N2,,manual_review,高等,こうとう,,,,,surface+reading,N2,https://ja.dict.naver.com/#/search?query=%E9%AB%98%E7%AD%89,2026-09-01T23:33:29+0900,part of speech not confirmed: app=adjective NAVER=명사
w_bd700acc193e173f,N2,,manual_review,高速,こうそく,,,,,surface+reading,N2,https://ja.dict.naver.com/#/search?query=%E9%AB%98%E9%80%9F,2026-09-01T23:33:29+0900,part of speech not confirmed: app=adjective NAVER=명사
w_2b45b6d1637cf51e,N2,,manual_review,鬼,おに,,,,,surface+reading,N2,https://ja.dict.naver.com/#/search?query=%E9%AC%BC,2026-09-01T23:33:29+0900,Korean meaning not confidently aligned
w_84c3e99d20916362,N2,,manual_review,黄色,きいろ,,,,,surface+reading,N2,https://ja.dict.naver.com/#/search?query=%E9%BB%84%E8%89%B2,2026-09-01T23:33:29+0900,Korean meaning not confidently aligned
w_ca75d89cd5674c1a,N2,,manual_review,黙る,だまる,,,,,surface+reading,N2,https://ja.dict.naver.com/#/search?query=%E9%BB%99%E3%82%8B,2026-09-01T23:33:29+0900,Korean meaning not confidently aligned
w_92cd7422677f07f7,N3,,manual_review,あっという間に,あっというまに,,,,,,N3,https://ja.dict.naver.com/#/search?query=%E3%81%82%E3%81%A3%E3%81%A8%E3%81%84%E3%81%86%E9%96%93%E3%81%AB,2026-09-01T23:33:29+0900,"JLPT-tagged search results exist, but none matched both form and reading"
w_847eb8c2c66cca90,N3,,manual_review,あれこれ,あれこれ,,,,,surface+reading,N3,https://ja.dict.naver.com/#/search?query=%E3%81%82%E3%82%8C%E3%81%93%E3%82%8C,2026-09-01T23:33:29+0900,part of speech not confirmed: app=adverb NAVER=명사
w_4e51e8951d15d3dc,N3,,manual_review,いっぱんに,いっぱんに,,,,,,N3,https://ja.dict.naver.com/#/search?query=%E3%81%84%E3%81%A3%E3%81%B1%E3%82%93%E3%81%AB,2026-09-01T23:33:29+0900,"JLPT-tagged search results exist, but none matched both form and reading"
w_e6a69e3b92f4266a,N3,,manual_review,いつの間にか,いつのまにか,,,,,,N3,https://ja.dict.naver.com/#/search?query=%E3%81%84%E3%81%A4%E3%81%AE%E9%96%93%E3%81%AB%E3%81%8B,2026-09-01T23:33:29+0900,"JLPT-tagged search results exist, but none matched both form and reading"
w_a819a4776c13596c,N3,,manual_review,いらいら,いらいら,,,,,surface+reading,N3,https://ja.dict.naver.com/#/search?query=%E3%81%84%E3%82%89%E3%81%84%E3%82%89,2026-09-01T23:33:29+0900,Korean meaning not confidently aligned
w_d42b384ab852fd1e,N3,,manual_review,うろうろ,うろうろ,,,,,surface+reading,N3,https://ja.dict.naver.com/#/search?query=%E3%81%86%E3%82%8D%E3%81%86%E3%82%8D,2026-09-01T23:33:29+0900,Korean meaning not confidently aligned
w_cd94ea8ce1292469,N3,,manual_review,およそ,およそ,,,,,surface+reading,N3,https://ja.dict.naver.com/#/search?query=%E3%81%8A%E3%82%88%E3%81%9D,2026-09-01T23:33:29+0900,Korean meaning not confidently aligned
w_83d7e9a89b603bbb,N3,,manual_review,おんぶ,おんぶ,,,,,surface+reading,N3,https://ja.dict.naver.com/#/search?query=%E3%81%8A%E3%82%93%E3%81%B6,2026-09-01T23:33:29+0900,Korean meaning not confidently aligned
w_e431b1a6abf799bf,N3,,manual_review,お互い,おたがい,,,,,,N3,https://ja.dict.naver.com/#/search?query=%E3%81%8A%E4%BA%92%E3%81%84,2026-09-01T23:33:29+0900,"JLPT-tagged search results exist, but none matched both form and reading"
w_86fa3ff38f45c9f6,N3,,manual_review,お先に,おさきに,,,,,,N3,https://ja.dict.naver.com/#/search?query=%E3%81%8A%E5%85%88%E3%81%AB,2026-09-01T23:33:29+0900,"JLPT-tagged search results exist, but none matched both form and reading"
w_fe14460b003b1ec2,N3,,manual_review,お勧め,おすすめ,,,,,,N3,https://ja.dict.naver.com/#/search?query=%E3%81%8A%E5%8B%A7%E3%82%81,2026-09-01T23:33:29+0900,"JLPT-tagged search results exist, but none matched both form and reading"
w_7cd5627d3ce20c1e,N3,,manual_review,お尻,おしり,,,,,,N3,https://ja.dict.naver.com/#/search?query=%E3%81%8A%E5%B0%BB,2026-09-01T23:33:29+0900,"JLPT-tagged search results exist, but none matched both form and reading"
w_2951147aa8426cc8,N3,,manual_review,お礼,おれい,,,,,surface+reading,N3,https://ja.dict.naver.com/#/search?query=%E3%81%8A%E7%A4%BC,2026-09-01T23:33:29+0900,Korean meaning not confidently aligned
w_40f815ae6b0111b0,N3,,manual_review,お見合い,おみあい,,,,,,N3,https://ja.dict.naver.com/#/search?query=%E3%81%8A%E8%A6%8B%E5%90%88%E3%81%84,2026-09-01T23:33:29+0900,"JLPT-tagged search results exist, but none matched both form and reading"
w_fc603d292698586c,N3,,manual_review,かむ,かむ,,,,,,N3|N4,https://ja.dict.naver.com/#/search?query=%E3%81%8B%E3%82%80,2026-09-01T23:33:29+0900,multiple NAVER entries match surface+reading
w_a5a0b52f993172ca,N3,,manual_review,からから,からから,,,,,surface+reading,N3,https://ja.dict.naver.com/#/search?query=%E3%81%8B%E3%82%89%E3%81%8B%E3%82%89,2026-09-01T23:33:29+0900,part of speech not confirmed: app=adjective NAVER=부사
w_72b1dd2e3e407693,N3,,manual_review,がっかり,がっかり,,,,,surface+reading,N3,https://ja.dict.naver.com/#/search?query=%E3%81%8C%E3%81%A3%E3%81%8B%E3%82%8A,2026-09-01T23:33:29+0900,part of speech not confirmed: app=verb NAVER=부사
w_03d47d9381223e3a,N3,,manual_review,きつい,きつい,,,,,surface+reading,N3,https://ja.dict.naver.com/#/search?query=%E3%81%8D%E3%81%A4%E3%81%84,2026-09-01T23:33:29+0900,Korean meaning not confidently aligned
w_d3d86f4ea708b113,N3,,manual_review,ぎっしり,ぎっしり,,,,,surface+reading,N3,https://ja.dict.naver.com/#/search?query=%E3%81%8E%E3%81%A3%E3%81%97%E3%82%8A,2026-09-01T23:33:29+0900,Korean meaning not confidently aligned
w_082b84701552dac0,N3,,manual_review,けれど,けれど,,,,,surface+reading,N3,https://ja.dict.naver.com/#/search?query=%E3%81%91%E3%82%8C%E3%81%A9,2026-09-01T23:33:29+0900,"part of speech not confirmed: app=conjunction NAVER=기타,조사"
w_98ef0c87ce249536,N3,,manual_review,さっさと,さっさと,,,,,surface+reading,N3,https://ja.dict.naver.com/#/search?query=%E3%81%95%E3%81%A3%E3%81%95%E3%81%A8,2026-09-01T23:33:29+0900,Korean meaning not confidently aligned
w_2d3607c509de64a2,N3,,manual_review,さっぱり,さっぱり,,,,,surface+reading,N3,https://ja.dict.naver.com/#/search?query=%E3%81%95%E3%81%A3%E3%81%B1%E3%82%8A,2026-09-01T23:33:29+0900,Korean meaning not confidently aligned
w_f1a8679b2fc50a6c,N3,,manual_review,しゃがむ,しゃがむ,,,,,surface+reading,N3,https://ja.dict.naver.com/#/search?query=%E3%81%97%E3%82%83%E3%81%8C%E3%82%80,2026-09-01T23:33:29+0900,Korean meaning not confidently aligned
w_74ae6b79324143f2,N3,,manual_review,そそっかしい,そそっかしい,,,,,surface+reading,N3,https://ja.dict.naver.com/#/search?query=%E3%81%9D%E3%81%9D%E3%81%A3%E3%81%8B%E3%81%97%E3%81%84,2026-09-01T23:33:29+0900,Korean meaning not confidently aligned
w_6137a9f052a73aa2,N3,,manual_review,そっくり,そっくり,,,,,surface+reading,N3,https://ja.dict.naver.com/#/search?query=%E3%81%9D%E3%81%A3%E3%81%8F%E3%82%8A,2026-09-01T23:33:29+0900,Korean meaning not confidently aligned
w_f9780db0237f4603,N3,,manual_review,どうじに,どうじに,,,,,,N3,https://ja.dict.naver.com/#/search?query=%E3%81%A9%E3%81%86%E3%81%98%E3%81%AB,2026-09-01T23:33:29+0900,"JLPT-tagged search results exist, but none matched both form and reading"
w_2ffd011aa9bc9035,N3,,manual_review,どっち,どっち,,,,,surface+reading,N3,https://ja.dict.naver.com/#/search?query=%E3%81%A9%E3%81%A3%E3%81%A1,2026-09-01T23:33:29+0900,Korean meaning not confidently aligned
w_2bac7e5120c4dcfa,N3,,manual_review,のろのろ,のろのろ,,,,,surface+reading,N3,https://ja.dict.naver.com/#/search?query=%E3%81%AE%E3%82%8D%E3%81%AE%E3%82%8D,2026-09-01T23:33:29+0900,Korean meaning not confidently aligned
w_927fd41084037694,N3,,manual_review,はきはき,はきはき,,,,,surface+reading,N3,https://ja.dict.naver.com/#/search?query=%E3%81%AF%E3%81%8D%E3%81%AF%E3%81%8D,2026-09-01T23:33:29+0900,Korean meaning not confidently aligned
w_feade8e1757f1108,N3,,manual_review,ぴかぴか,ぴかぴか,,,,,surface+reading,N3,https://ja.dict.naver.com/#/search?query=%E3%81%B4%E3%81%8B%E3%81%B4%E3%81%8B,2026-09-01T23:33:29+0900,Korean meaning not confidently aligned
w_a1d24bae2917d6bb,N3,,manual_review,ぴったり,ぴったり,,,,,surface+reading,N3,https://ja.dict.naver.com/#/search?query=%E3%81%B4%E3%81%A3%E3%81%9F%E3%82%8A,2026-09-01T23:33:29+0900,Korean meaning not confidently aligned
w_3ec592997b865dca,N3,,manual_review,やっぱり,やっぱり,,,,,surface+reading,N3,https://ja.dict.naver.com/#/search?query=%E3%82%84%E3%81%A3%E3%81%B1%E3%82%8A,2026-09-01T23:33:29+0900,Korean meaning not confidently aligned
w_d6cdae83a7b060cb,N3,,manual_review,やむを得ない,やむをえない,,,,,surface+reading,N3,https://ja.dict.naver.com/#/search?query=%E3%82%84%E3%82%80%E3%82%92%E5%BE%97%E3%81%AA%E3%81%84,2026-09-01T23:33:29+0900,part of speech not confirmed: app=adjective NAVER=기타
w_4f74e9af3f4010e5,N3,,manual_review,やる気,やるき,,,,,surface+reading,N3,https://ja.dict.naver.com/#/search?query=%E3%82%84%E3%82%8B%E6%B0%97,2026-09-01T23:33:29+0900,Korean meaning not confidently aligned
w_e43a3b7917307e71,N3,,manual_review,アルミホイル,アルミホイル,,,,,,N3,https://ja.dict.naver.com/#/search?query=%E3%82%A2%E3%83%AB%E3%83%9F%E3%83%9B%E3%82%A4%E3%83%AB,2026-09-01T23:33:29+0900,"JLPT-tagged search results exist, but none matched both form and reading"
w_d672b7ae7476d950,N3,,manual_review,イコール,イコール,,,,,surface+reading,N3,https://ja.dict.naver.com/#/search?query=%E3%82%A4%E3%82%B3%E3%83%BC%E3%83%AB,2026-09-01T23:33:29+0900,Korean meaning not confidently aligned
w_fb74b253e1c3abf5,N3,,manual_review,インク,インク,,,,,surface+reading,N3,https://ja.dict.naver.com/#/search?query=%E3%82%A4%E3%83%B3%E3%82%AF,2026-09-01T23:33:29+0900,Korean meaning not confidently aligned
w_fc1994f9fa849063,N3,,manual_review,オフィス,オフィス,,,,,surface+reading,N3,https://ja.dict.naver.com/#/search?query=%E3%82%AA%E3%83%95%E3%82%A3%E3%82%B9,2026-09-01T23:33:29+0900,Korean meaning not confidently aligned
w_e5e4f2ad1b7b422a,N3,,manual_review,クーラー,クーラー,,,,,surface+reading,N3,https://ja.dict.naver.com/#/search?query=%E3%82%AF%E3%83%BC%E3%83%A9%E3%83%BC,2026-09-01T23:33:29+0900,Korean meaning not confidently aligned
w_070f23eaf200c13e,N3,,manual_review,サラリーマン,サラリーマン,,,,,surface+reading,N3,https://ja.dict.naver.com/#/search?query=%E3%82%B5%E3%83%A9%E3%83%AA%E3%83%BC%E3%83%9E%E3%83%B3,2026-09-01T23:33:29+0900,Korean meaning not confidently aligned
w_c222e1855f3b5056,N3,,manual_review,チップ,チップ,,,,,surface+reading,N3,https://ja.dict.naver.com/#/search?query=%E3%83%81%E3%83%83%E3%83%97,2026-09-01T23:33:29+0900,Korean meaning not confidently aligned
w_e97f640cc6f0be72,N3,,manual_review,バス停,バスてい,,,,,,N3,https://ja.dict.naver.com/#/search?query=%E3%83%90%E3%82%B9%E5%81%9C,2026-09-01T23:33:29+0900,"JLPT-tagged search results exist, but none matched both form and reading"
w_1ae8c4e5ec07e559,N3,,manual_review,ビル,ビル,,,,,surface+reading,N3,https://ja.dict.naver.com/#/search?query=%E3%83%93%E3%83%AB,2026-09-01T23:33:29+0900,Korean meaning not confidently aligned
w_42e866c37406b5ad,N3,,manual_review,メンバー,メンバー,,,,,surface+reading,N3,https://ja.dict.naver.com/#/search?query=%E3%83%A1%E3%83%B3%E3%83%90%E3%83%BC,2026-09-01T23:33:29+0900,Korean meaning not confidently aligned
w_b40f9c063be59826,N3,,manual_review,レインコート,レインコート,,,,,,N3,https://ja.dict.naver.com/#/search?query=%E3%83%AC%E3%82%A4%E3%83%B3%E3%82%B3%E3%83%BC%E3%83%88,2026-09-01T23:33:29+0900,"JLPT-tagged search results exist, but none matched both form and reading"
w_b978baf68d3eeddd,N3,,manual_review,一斉,いっせい,,,,,surface+reading,N3,https://ja.dict.naver.com/#/search?query=%E4%B8%80%E6%96%89,2026-09-01T23:33:29+0900,part of speech not confirmed: app=adverb NAVER=명사
w_dcfa52b3bae6d879,N3,,manual_review,一箇月,いっかげつ,,,,,,N3,https://ja.dict.naver.com/#/search?query=%E4%B8%80%E7%AE%87%E6%9C%88,2026-09-01T23:33:29+0900,"JLPT-tagged search results exist, but none matched both form and reading"
w_24a323997a9c1464,N3,,manual_review,上旬,じょうじゅん,,,,,surface+reading,N3,https://ja.dict.naver.com/#/search?query=%E4%B8%8A%E6%97%AC,2026-09-01T23:33:29+0900,Korean meaning not confidently aligned
w_0425c1ca413261f8,N3,,manual_review,下り,くだり,,,,,surface+reading,N3,https://ja.dict.naver.com/#/search?query=%E4%B8%8B%E3%82%8A,2026-09-01T23:33:29+0900,Korean meaning not confidently aligned
w_5a894a4a97c0a617,N3,,manual_review,下品,げひん,,,,,surface+reading,N3,https://ja.dict.naver.com/#/search?query=%E4%B8%8B%E5%93%81,2026-09-01T23:33:29+0900,Korean meaning not confidently aligned
w_365a613a3b141295,N3,,manual_review,中学,ちゅうがく,,,,,surface+reading,N3,https://ja.dict.naver.com/#/search?query=%E4%B8%AD%E5%AD%A6,2026-09-01T23:33:29+0900,Korean meaning not confidently aligned
w_d756fba89a4b704b,N3,,manual_review,中指,なかゆび,,,,,surface+reading,N3,https://ja.dict.naver.com/#/search?query=%E4%B8%AD%E6%8C%87,2026-09-01T23:33:29+0900,Korean meaning not confidently aligned
w_a85e91e780f1675c,N3,,manual_review,主,おも,,,,,,N1,https://ja.dict.naver.com/#/search?query=%E4%B8%BB,2026-09-01T23:33:29+0900,"JLPT-tagged search results exist, but none matched both form and reading"
w_449e25030287bfef,N3,,manual_review,乾杯,かんぱい,,,,,surface+reading,N3,https://ja.dict.naver.com/#/search?query=%E4%B9%BE%E6%9D%AF,2026-09-01T23:33:29+0900,"part of speech not confirmed: app=interjection NAVER=동사,명사"
w_72f8baa2f8921677,N3,,manual_review,事前,じぜん,,,,,surface+reading,N3,https://ja.dict.naver.com/#/search?query=%E4%BA%8B%E5%89%8D,2026-09-01T23:33:29+0900,part of speech not confirmed: app=adjective NAVER=명사
w_f1b2618969d9c32c,N3,,manual_review,互いに,たがいに,,,,,,N3,https://ja.dict.naver.com/#/search?query=%E4%BA%92%E3%81%84%E3%81%AB,2026-09-01T23:33:29+0900,"JLPT-tagged search results exist, but none matched both form and reading"
w_807594583ec14400,N3,,manual_review,交通費,こうつうひ,,,,,,N3,https://ja.dict.naver.com/#/search?query=%E4%BA%A4%E9%80%9A%E8%B2%BB,2026-09-01T23:33:29+0900,"JLPT-tagged search results exist, but none matched both form and reading"
w_5e0e7dbaa8b12775,N3,,manual_review,今にも,いまにも,,,,,surface+reading,N3,https://ja.dict.naver.com/#/search?query=%E4%BB%8A%E3%81%AB%E3%82%82,2026-09-01T23:33:29+0900,part of speech not confirmed: app=adverb NAVER=-
w_75ea01f594223beb,N3,,manual_review,以前,いぜん,,,,,surface+reading,N3,https://ja.dict.naver.com/#/search?query=%E4%BB%A5%E5%89%8D,2026-09-01T23:33:29+0900,part of speech not confirmed: app=suffix NAVER=명사
w_d172542569aa68c6,N3,,manual_review,伸ばす,のばす,,,,,surface+reading,N3,https://ja.dict.naver.com/#/search?query=%E4%BC%B8%E3%81%B0%E3%81%99,2026-09-01T23:33:29+0900,Korean meaning not confidently aligned
w_59160bec6027260a,N3,,manual_review,倍,ばい,,,,,surface+reading,N3,https://ja.dict.naver.com/#/search?query=%E5%80%8D,2026-09-01T23:33:29+0900,Korean meaning not confidently aligned
w_0ac2f47e2fe8c201,N3,,manual_review,入場料,にゅうじょうりょう,,,,,,N3,https://ja.dict.naver.com/#/search?query=%E5%85%A5%E5%A0%B4%E6%96%99,2026-09-01T23:33:29+0900,"JLPT-tagged search results exist, but none matched both form and reading"
w_b142ed2d5447ef25,N3,,manual_review,入浴,にゅうよく,,,,,surface+reading,N3,https://ja.dict.naver.com/#/search?query=%E5%85%A5%E6%B5%B4,2026-09-01T23:33:29+0900,Korean meaning not confidently aligned
w_6367079e41ada72a,N3,,manual_review,全,ぜん,,,,,surface+reading,N3,https://ja.dict.naver.com/#/search?query=%E5%85%A8,2026-09-01T23:33:29+0900,part of speech not confirmed: app=prefix NAVER=-
w_15718e31fcdc97da,N3,,manual_review,再利用,さいりよう,,,,,,N3,https://ja.dict.naver.com/#/search?query=%E5%86%8D%E5%88%A9%E7%94%A8,2026-09-01T23:33:29+0900,"JLPT-tagged search results exist, but none matched both form and reading"
w_ab818ec254662f4c,N3,,manual_review,出場,しゅつじょう,,,,,surface+reading,N3,https://ja.dict.naver.com/#/search?query=%E5%87%BA%E5%A0%B4,2026-09-01T23:33:29+0900,Korean meaning not confidently aligned
w_dd23ab623b85f108,N3,,manual_review,出迎える,でむかえる,,,,,surface+reading,N3,https://ja.dict.naver.com/#/search?query=%E5%87%BA%E8%BF%8E%E3%81%88%E3%82%8B,2026-09-01T23:33:29+0900,Korean meaning not confidently aligned
w_75f690ec603e0f73,N3,,manual_review,列,れつ,,,,,surface+reading,N3,https://ja.dict.naver.com/#/search?query=%E5%88%97,2026-09-01T23:33:29+0900,Korean meaning not confidently aligned
w_c9d43ad9370c1ef1,N3,,manual_review,初心者,しょしんしゃ,,,,,,N3,https://ja.dict.naver.com/#/search?query=%E5%88%9D%E5%BF%83%E8%80%85,2026-09-01T23:33:29+0900,"JLPT-tagged search results exist, but none matched both form and reading"
w_eba671649a932b5a,N3,,manual_review,利口,りこう,,,,,surface+reading,N3,https://ja.dict.naver.com/#/search?query=%E5%88%A9%E5%8F%A3,2026-09-01T23:33:29+0900,Korean meaning not confidently aligned
w_d1112eb8dc71b9f8,N3,,manual_review,効く,きく,,,,,,N3,https://ja.dict.naver.com/#/search?query=%E5%8A%B9%E3%81%8F,2026-09-01T23:33:29+0900,"JLPT-tagged search results exist, but none matched both form and reading"
w_b8f2e1cf1ad91ae5,N3,,manual_review,半日,はんにち,,,,,surface+reading,N3,https://ja.dict.naver.com/#/search?query=%E5%8D%8A%E6%97%A5,2026-09-01T23:33:29+0900,part of speech not confirmed: app=adverb NAVER=명사
w_76be21b9985810d8,N3,,manual_review,卒業式,そつぎょうしき,,,,,,N3,https://ja.dict.naver.com/#/search?query=%E5%8D%92%E6%A5%AD%E5%BC%8F,2026-09-01T23:33:29+0900,"JLPT-tagged search results exist, but none matched both form and reading"
w_f97189ac58417d0b,N3,,manual_review,印,しるし,,,,,surface+reading,N3,https://ja.dict.naver.com/#/search?query=%E5%8D%B0,2026-09-01T23:33:29+0900,Korean meaning not confidently aligned
w_1c744b6ac9024a7f,N3,,manual_review,受かる,うかる,,,,,surface+reading,N3,https://ja.dict.naver.com/#/search?query=%E5%8F%97%E3%81%8B%E3%82%8B,2026-09-01T23:33:29+0900,Korean meaning not confidently aligned
w_3fdb6246f1e9c47f,N3,,manual_review,只,ただ,,,,,,N2|N3,https://ja.dict.naver.com/#/search?query=%E5%8F%AA,2026-09-01T23:33:29+0900,multiple NAVER entries match surface+reading
w_72dae8f988010901,N3,,manual_review,周り,まわり,,,,,,N3,https://ja.dict.naver.com/#/search?query=%E5%91%A8%E3%82%8A,2026-09-01T23:33:29+0900,"JLPT-tagged search results exist, but none matched both form and reading"
w_97a4b4b110d91439,N3,,manual_review,味見,あじみ,,,,,surface+reading,N3,https://ja.dict.naver.com/#/search?query=%E5%91%B3%E8%A6%8B,2026-09-01T23:33:29+0900,Korean meaning not confidently aligned
w_ab837ffdcb213f58,N3,,manual_review,喫煙席,きつえんせき,,,,,,N3,https://ja.dict.naver.com/#/search?query=%E5%96%AB%E7%85%99%E5%B8%AD,2026-09-01T23:33:29+0900,"JLPT-tagged search results exist, but none matched both form and reading"
w_48edbcd9cc1bd313,N3,,manual_review,噂,うわさ,,,,,surface+reading,N3,https://ja.dict.naver.com/#/search?query=%E5%99%82,2026-09-01T23:33:29+0900,Korean meaning not confidently aligned
w_2f256f75a63c5742,N3,,manual_review,四季,しき,,,,,surface+reading,N3,https://ja.dict.naver.com/#/search?query=%E5%9B%9B%E5%AD%A3,2026-09-01T23:33:29+0900,Korean meaning not confidently aligned
w_b7e605e82426b997,N3,,manual_review,回り道,まわりみち,,,,,surface+reading,N3,https://ja.dict.naver.com/#/search?query=%E5%9B%9E%E3%82%8A%E9%81%93,2026-09-01T23:33:29+0900,Korean meaning not confidently aligned
w_3bee9848854c9f45,N3,,manual_review,土産,みやげ,,,,,surface+reading,N3,https://ja.dict.naver.com/#/search?query=%E5%9C%9F%E7%94%A3,2026-09-01T23:33:29+0900,Korean meaning not confidently aligned
w_c1e457a4cf73812b,N3,,manual_review,基本的,きほんてき,,,,,,N3,https://ja.dict.naver.com/#/search?query=%E5%9F%BA%E6%9C%AC%E7%9A%84,2026-09-01T23:33:29+0900,"JLPT-tagged search results exist, but none matched both form and reading"
w_5dd2f4e161a8911c,N3,,manual_review,塩辛い,しおからい,,,,,surface+reading,N3,https://ja.dict.naver.com/#/search?query=%E5%A1%A9%E8%BE%9B%E3%81%84,2026-09-01T23:33:29+0900,Korean meaning not confidently aligned
w_e3819b3a806f61d1,N3,,manual_review,多少,たしょう,,,,,surface+reading,N3,https://ja.dict.naver.com/#/search?query=%E5%A4%9A%E5%B0%91,2026-09-01T23:33:29+0900,Korean meaning not confidently aligned
w_087c7e202018fd52,N3,,manual_review,夢中,むちゅう,,,,,surface+reading,N3,https://ja.dict.naver.com/#/search?query=%E5%A4%A2%E4%B8%AD,2026-09-01T23:33:29+0900,part of speech not confirmed: app=adjective NAVER=명사
w_d458d92926941071,N3,,manual_review,大した,たいした,,,,,surface+reading,N3,https://ja.dict.naver.com/#/search?query=%E5%A4%A7%E3%81%97%E3%81%9F,2026-09-01T23:33:29+0900,part of speech not confirmed: app=adjective NAVER=기타
w_41251cda052c6ddc,N3,,manual_review,大量,たいりょう,,,,,surface+reading,N3,https://ja.dict.naver.com/#/search?query=%E5%A4%A7%E9%87%8F,2026-09-01T23:33:29+0900,part of speech not confirmed: app=adjective NAVER=명사
w_43832edeed9e8d99,N3,,manual_review,奥,おく,,,,,surface+reading,N3,https://ja.dict.naver.com/#/search?query=%E5%A5%A5,2026-09-01T23:33:29+0900,Korean meaning not confidently aligned
w_f9ad8893fe4738c0,N3,,manual_review,始発駅,しはつえき,,,,,,N3,https://ja.dict.naver.com/#/search?query=%E5%A7%8B%E7%99%BA%E9%A7%85,2026-09-01T23:33:29+0900,"JLPT-tagged search results exist, but none matched both form and reading"
w_3fb9fd1e1e58bd0b,N3,,manual_review,子育て,こそだて,,,,,,N3,https://ja.dict.naver.com/#/search?query=%E5%AD%90%E8%82%B2%E3%81%A6,2026-09-01T23:33:29+0900,"JLPT-tagged search results exist, but none matched both form and reading"
w_86c0f674f3083159,N3,,manual_review,定期券,ていきけん,,,,,surface+reading,N3,https://ja.dict.naver.com/#/search?query=%E5%AE%9A%E6%9C%9F%E5%88%B8,2026-09-01T23:33:29+0900,Korean meaning not confidently aligned
w_6c01f9b8ffce1271,N3,,manual_review,実は,じつは,,,,,surface+reading,N3,https://ja.dict.naver.com/#/search?query=%E5%AE%9F%E3%81%AF,2026-09-01T23:33:29+0900,part of speech not confirmed: app=adverb NAVER=기타
w_31b66e1b4c819fea,N3,,manual_review,小指,こゆび,,,,,surface+reading,N3,https://ja.dict.naver.com/#/search?query=%E5%B0%8F%E6%8C%87,2026-09-01T23:33:29+0900,Korean meaning not confidently aligned
w_4a5f0928867e842c,N3,,manual_review,平日,へいじつ,,,,,surface+reading,N3,https://ja.dict.naver.com/#/search?query=%E5%B9%B3%E6%97%A5,2026-09-01T23:33:29+0900,part of speech not confirmed: app=adverb NAVER=명사
w_e42ff9a33ffea453,N3,,manual_review,平気,へいき,,,,,surface+reading,N3,https://ja.dict.naver.com/#/search?query=%E5%B9%B3%E6%B0%97,2026-09-01T23:33:29+0900,part of speech not confirmed: app=adjective NAVER=명사
w_04def49b63f9f607,N3,,manual_review,幸せ,しあわせ,,,,,surface+reading,N3,https://ja.dict.naver.com/#/search?query=%E5%B9%B8%E3%81%9B,2026-09-01T23:33:29+0900,Korean meaning not confidently aligned
w_011830febbff62c7,N3,,manual_review,床の間,とこのま,,,,,surface+reading,N3,https://ja.dict.naver.com/#/search?query=%E5%BA%8A%E3%81%AE%E9%96%93,2026-09-01T23:33:29+0900,Korean meaning not confidently aligned
w_1b29dad1ad887a74,N3,,manual_review,必ずしも,かならずしも,,,,,surface+reading,N3,https://ja.dict.naver.com/#/search?query=%E5%BF%85%E3%81%9A%E3%81%97%E3%82%82,2026-09-01T23:33:29+0900,part of speech not confirmed: app=adverb NAVER=기타
w_4319c8721cd1feed,N3,,manual_review,思わず,おもわず,,,,,surface+reading,N3,https://ja.dict.naver.com/#/search?query=%E6%80%9D%E3%82%8F%E3%81%9A,2026-09-01T23:33:29+0900,part of speech not confirmed: app=adverb NAVER=기타
w_da5d97115c037cf6,N3,,manual_review,急ブレーキ,きゅうブレーキ,,,,,,N3,https://ja.dict.naver.com/#/search?query=%E6%80%A5%E3%83%96%E3%83%AC%E3%83%BC%E3%82%AD,2026-09-01T23:33:29+0900,"JLPT-tagged search results exist, but none matched both form and reading"
w_b5fa5c2c5bc57064,N3,,manual_review,感じる,かんじる,,,,,surface+reading,N3,https://ja.dict.naver.com/#/search?query=%E6%84%9F%E3%81%98%E3%82%8B,2026-09-01T23:33:29+0900,Korean meaning not confidently aligned
w_cbbd2119fe22bd2a,N3,,manual_review,感想,かんそう,,,,,surface+reading,N3,https://ja.dict.naver.com/#/search?query=%E6%84%9F%E6%83%B3,2026-09-01T23:33:29+0900,Korean meaning not confidently aligned
w_75d0356f92a02e26,N3,,manual_review,手伝い,てつだい,,,,,surface+reading,N3,https://ja.dict.naver.com/#/search?query=%E6%89%8B%E4%BC%9D%E3%81%84,2026-09-01T23:33:29+0900,Korean meaning not confidently aligned
w_bba00f8268df586d,N3,,manual_review,抱っこ,だっこ,,,,,surface+reading,N3,https://ja.dict.naver.com/#/search?query=%E6%8A%B1%E3%81%A3%E3%81%93,2026-09-01T23:33:29+0900,Korean meaning not confidently aligned
w_25ad527c17b87073,N3,,manual_review,指定席,していせき,,,,,,N3,https://ja.dict.naver.com/#/search?query=%E6%8C%87%E5%AE%9A%E5%B8%AD,2026-09-01T23:33:29+0900,"JLPT-tagged search results exist, but none matched both form and reading"
w_3ae7dab8808c71d4,N3,,manual_review,掃除機,そうじき,,,,,,N3,https://ja.dict.naver.com/#/search?query=%E6%8E%83%E9%99%A4%E6%A9%9F,2026-09-01T23:33:29+0900,"JLPT-tagged search results exist, but none matched both form and reading"
w_ca9b5a8932d7de1c,N3,,manual_review,散らかる,ちらかる,,,,,surface+reading,N3,https://ja.dict.naver.com/#/search?query=%E6%95%A3%E3%82%89%E3%81%8B%E3%82%8B,2026-09-01T23:33:29+0900,Korean meaning not confidently aligned
w_d95c38708b61d79d,N3,,manual_review,斜め,ななめ,,,,,surface+reading,N3,https://ja.dict.naver.com/#/search?query=%E6%96%9C%E3%82%81,2026-09-01T23:33:29+0900,Korean meaning not confidently aligned
w_024149bd2ab0a1c2,N3,,manual_review,新幹線,しんかんせん,,,,,surface+reading,N3,https://ja.dict.naver.com/#/search?query=%E6%96%B0%E5%B9%B9%E7%B7%9A,2026-09-01T23:33:29+0900,Korean meaning not confidently aligned
w_7f6511191d75c0ef,N3,,manual_review,日帰り,ひがえり,,,,,surface+reading,N3,https://ja.dict.naver.com/#/search?query=%E6%97%A5%E5%B8%B0%E3%82%8A,2026-09-01T23:33:29+0900,Korean meaning not confidently aligned
w_e9062aa16e1de6ff,N3,,manual_review,日時,にちじ,,,,,surface+reading,N3,https://ja.dict.naver.com/#/search?query=%E6%97%A5%E6%99%82,2026-09-01T23:33:29+0900,Korean meaning not confidently aligned
w_826d107c46a2192e,N3,,manual_review,日用品,にちようひん,,,,,,N3,https://ja.dict.naver.com/#/search?query=%E6%97%A5%E7%94%A8%E5%93%81,2026-09-01T23:33:29+0900,"JLPT-tagged search results exist, but none matched both form and reading"
w_e10ae2eb65ba49a7,N3,,manual_review,早めに,はやめに,,,,,,N3,https://ja.dict.naver.com/#/search?query=%E6%97%A9%E3%82%81%E3%81%AB,2026-09-01T23:33:29+0900,"JLPT-tagged search results exist, but none matched both form and reading"
w_96e9370be29e25e9,N3,,manual_review,早口,はやくち,,,,,surface+reading,N3,https://ja.dict.naver.com/#/search?query=%E6%97%A9%E5%8F%A3,2026-09-01T23:33:29+0900,Korean meaning not confidently aligned
w_9d9e7e9d82eafb85,N3,,manual_review,明白,めいはく,,,,,surface+reading,N3,https://ja.dict.naver.com/#/search?query=%E6%98%8E%E7%99%BD,2026-09-01T23:33:29+0900,Korean meaning not confidently aligned
w_15a6650a2cae6bde,N3,,manual_review,映す,うつす,,,,,surface+reading,N3,https://ja.dict.naver.com/#/search?query=%E6%98%A0%E3%81%99,2026-09-01T23:33:29+0900,Korean meaning not confidently aligned
w_57e25dbd1d97ec2a,N3,,manual_review,是非,ぜひ,,,,,surface+reading,N3,https://ja.dict.naver.com/#/search?query=%E6%98%AF%E9%9D%9E,2026-09-01T23:33:29+0900,"part of speech not confirmed: app=adverb NAVER=동사,명사"
w_9a63e40ea88a885c,N3,,manual_review,暫く,しばらく,,,,,surface+reading,N3,https://ja.dict.naver.com/#/search?query=%E6%9A%AB%E3%81%8F,2026-09-01T23:33:29+0900,Korean meaning not confidently aligned
w_8518c3195cf69801,N3,,manual_review,書留,かきとめ,,,,,surface+reading,N3,https://ja.dict.naver.com/#/search?query=%E6%9B%B8%E7%95%99,2026-09-01T23:33:29+0900,Korean meaning not confidently aligned
w_46fb2b57d977dac7,N3,,manual_review,最低,さいてい,,,,,surface+reading,N3,https://ja.dict.naver.com/#/search?query=%E6%9C%80%E4%BD%8E,2026-09-01T23:33:29+0900,part of speech not confirmed: app=adjective NAVER=명사
w_d8022dd5600059e9,N3,,manual_review,最高,さいこう,,,,,surface+reading,N3,https://ja.dict.naver.com/#/search?query=%E6%9C%80%E9%AB%98,2026-09-01T23:33:29+0900,part of speech not confirmed: app=adjective NAVER=명사
w_6cdfc8fded29f805,N3,,manual_review,有料,ゆうりょう,,,,,surface+reading,N3,https://ja.dict.naver.com/#/search?query=%E6%9C%89%E6%96%99,2026-09-01T23:33:29+0900,part of speech not confirmed: app=adjective NAVER=명사
w_185bd766c346483b,N3,,manual_review,朝寝坊,あさねぼう,,,,,surface+reading,N3,https://ja.dict.naver.com/#/search?query=%E6%9C%9D%E5%AF%9D%E5%9D%8A,2026-09-01T23:33:29+0900,Korean meaning not confidently aligned
w_f389319f7406b3c7,N3,,manual_review,東南アジア,とうなんアジア,,,,,,N3,https://ja.dict.naver.com/#/search?query=%E6%9D%B1%E5%8D%97%E3%82%A2%E3%82%B8%E3%82%A2,2026-09-01T23:33:29+0900,"JLPT-tagged search results exist, but none matched both form and reading"
w_39a7c4844064243e,N3,,manual_review,案外,あんがい,,,,,surface+reading,N3,https://ja.dict.naver.com/#/search?query=%E6%A1%88%E5%A4%96,2026-09-01T23:33:29+0900,Korean meaning not confidently aligned
w_ee97b83f3e2097b9,N3,,manual_review,楽,らく,,,,,surface+reading,N3,https://ja.dict.naver.com/#/search?query=%E6%A5%BD,2026-09-01T23:33:29+0900,Korean meaning not confidently aligned
w_586e411248fa6b12,N3,,manual_review,欲張り,よくばり,,,,,surface+reading,N3,https://ja.dict.naver.com/#/search?query=%E6%AC%B2%E5%BC%B5%E3%82%8A,2026-09-01T23:33:29+0900,Korean meaning not confidently aligned
w_8941d0103c6f732e,N3,,manual_review,歓迎会,かんげいかい,,,,,,N3,https://ja.dict.naver.com/#/search?query=%E6%AD%93%E8%BF%8E%E4%BC%9A,2026-09-01T23:33:29+0900,"JLPT-tagged search results exist, but none matched both form and reading"
w_ccd2b4eaea0787d9,N3,,manual_review,死亡,しぼう,,,,,surface+reading,N3,https://ja.dict.naver.com/#/search?query=%E6%AD%BB%E4%BA%A1,2026-09-01T23:33:29+0900,Korean meaning not confidently aligned
w_6e972e5259a8389f,N3,,manual_review,毎度,まいど,,,,,surface+reading,N3,https://ja.dict.naver.com/#/search?query=%E6%AF%8E%E5%BA%A6,2026-09-01T23:33:29+0900,part of speech not confirmed: app=adverb NAVER=명사
w_2ebcf0920b4f9808,N3,,manual_review,毒,どく,,,,,surface+reading,N3,https://ja.dict.naver.com/#/search?query=%E6%AF%92,2026-09-01T23:33:29+0900,Korean meaning not confidently aligned
w_fbedb932ca763420,N3,,manual_review,民間,みんかん,,,,,surface+reading,N3,https://ja.dict.naver.com/#/search?query=%E6%B0%91%E9%96%93,2026-09-01T23:33:29+0900,part of speech not confirmed: app=adjective NAVER=명사
w_38d11f2617f9653b,N3,,manual_review,水道料金,すいどうりょうきん,,,,,,N3,https://ja.dict.naver.com/#/search?query=%E6%B0%B4%E9%81%93%E6%96%99%E9%87%91,2026-09-01T23:33:29+0900,"JLPT-tagged search results exist, but none matched both form and reading"
w_91a64089e0258a6c,N3,,manual_review,河川,かせん,,,,,surface+reading,N3,https://ja.dict.naver.com/#/search?query=%E6%B2%B3%E5%B7%9D,2026-09-01T23:33:29+0900,Korean meaning not confidently aligned
w_6ce589b12ce48f89,N3,,manual_review,法則,ほうそく,,,,,surface+reading,N3,https://ja.dict.naver.com/#/search?query=%E6%B3%95%E5%89%87,2026-09-01T23:33:29+0900,Korean meaning not confidently aligned
w_57e7566f95a2f1e7,N3,,manual_review,注ぐ,そそぐ,,,,,surface+reading,N3,https://ja.dict.naver.com/#/search?query=%E6%B3%A8%E3%81%90,2026-09-01T23:33:29+0900,Korean meaning not confidently aligned
w_5f790e7fb78d3d53,N3,,manual_review,洗濯機,せんたくき,,,,,,N3,https://ja.dict.naver.com/#/search?query=%E6%B4%97%E6%BF%AF%E6%A9%9F,2026-09-01T23:33:29+0900,"JLPT-tagged search results exist, but none matched both form and reading"
w_e5aa4df3ce7fe68a,N3,,manual_review,洗濯物,せんたくもの,,,,,,N3,https://ja.dict.naver.com/#/search?query=%E6%B4%97%E6%BF%AF%E7%89%A9,2026-09-01T23:33:29+0900,"JLPT-tagged search results exist, but none matched both form and reading"
w_8b888dc109fd5ddb,N3,,manual_review,消極的,しょうきょくてき,,,,,surface+reading,N3,https://ja.dict.naver.com/#/search?query=%E6%B6%88%E6%A5%B5%E7%9A%84,2026-09-01T23:33:29+0900,Korean meaning not confidently aligned
w_d03ca2302a067932,N3,,manual_review,済ませる,すませる,,,,,surface+reading,N3,https://ja.dict.naver.com/#/search?query=%E6%B8%88%E3%81%BE%E3%81%9B%E3%82%8B,2026-09-01T23:33:29+0900,Korean meaning not confidently aligned
w_743a4812f556804d,N3,,manual_review,温かい,あたたかい,,,,,surface+reading,N3,https://ja.dict.naver.com/#/search?query=%E6%B8%A9%E3%81%8B%E3%81%84,2026-09-01T23:33:29+0900,Korean meaning not confidently aligned
w_35d4a46f36f62a2d,N3,,manual_review,温める,あたためる,,,,,surface+reading,N3,https://ja.dict.naver.com/#/search?query=%E6%B8%A9%E3%82%81%E3%82%8B,2026-09-01T23:33:29+0900,Korean meaning not confidently aligned
w_e7f479187f36afac,N3,,manual_review,測る,はかる,,,,,,N3,https://ja.dict.naver.com/#/search?query=%E6%B8%AC%E3%82%8B,2026-09-01T23:33:29+0900,"JLPT-tagged search results exist, but none matched both form and reading"
w_0eb3b96a3fff2eb9,N3,,manual_review,測量,そくりょう,,,,,surface+reading,N3,https://ja.dict.naver.com/#/search?query=%E6%B8%AC%E9%87%8F,2026-09-01T23:33:29+0900,Korean meaning not confidently aligned
w_e96cd2c8c01e51c7,N3,,manual_review,溢れる,あふれる,,,,,surface+reading,N3,https://ja.dict.naver.com/#/search?query=%E6%BA%A2%E3%82%8C%E3%82%8B,2026-09-01T23:33:29+0900,Korean meaning not confidently aligned
w_52b71369ec5db591,N3,,manual_review,漬ける,つける,,,,,,N3,https://ja.dict.naver.com/#/search?query=%E6%BC%AC%E3%81%91%E3%82%8B,2026-09-01T23:33:29+0900,"JLPT-tagged search results exist, but none matched both form and reading"
w_9367aa76c7221dc9,N3,,manual_review,潰す,つぶす,,,,,surface+reading,N3,https://ja.dict.naver.com/#/search?query=%E6%BD%B0%E3%81%99,2026-09-01T23:33:29+0900,Korean meaning not confidently aligned
w_6938639d4b376bd1,N3,,manual_review,激しい,はげしい,,,,,surface+reading,N3,https://ja.dict.naver.com/#/search?query=%E6%BF%80%E3%81%97%E3%81%84,2026-09-01T23:33:29+0900,Korean meaning not confidently aligned
w_15e58e756cd4e695,N3,,manual_review,無,む,,,,,,N2|N3,https://ja.dict.naver.com/#/search?query=%E7%84%A1,2026-09-01T23:33:29+0900,"JLPT-tagged search results exist, but none matched both form and reading"
w_3dac687712e088b4,N3,,manual_review,無地,むじ,,,,,surface+reading,N3,https://ja.dict.naver.com/#/search?query=%E7%84%A1%E5%9C%B0,2026-09-01T23:33:29+0900,part of speech not confirmed: app=adjective NAVER=명사
w_0329ed8ca2291f8f,N3,,manual_review,無料,むりょう,,,,,surface+reading,N3,https://ja.dict.naver.com/#/search?query=%E7%84%A1%E6%96%99,2026-09-01T23:33:29+0900,part of speech not confirmed: app=adjective NAVER=명사
w_d95b69108024e354,N3,,manual_review,物置,ものおき,,,,,surface+reading,N3,https://ja.dict.naver.com/#/search?query=%E7%89%A9%E7%BD%AE,2026-09-01T23:33:29+0900,Korean meaning not confidently aligned
w_7e013b4361fc5a2b,N3,,manual_review,特色,とくしょく,,,,,surface+reading,N3,https://ja.dict.naver.com/#/search?query=%E7%89%B9%E8%89%B2,2026-09-01T23:33:29+0900,Korean meaning not confidently aligned
w_ac2d5b64509678ba,N3,,manual_review,生き生き,いきいき,,,,,surface+reading,N3,https://ja.dict.naver.com/#/search?query=%E7%94%9F%E3%81%8D%E7%94%9F%E3%81%8D,2026-09-01T23:33:29+0900,part of speech not confirmed: app=adverb NAVER=동사
w_f73c0b2d09afc744,N3,,manual_review,申込者,もうしこみしゃ,,,,,,N3,https://ja.dict.naver.com/#/search?query=%E7%94%B3%E8%BE%BC%E8%80%85,2026-09-01T23:33:29+0900,"JLPT-tagged search results exist, but none matched both form and reading"
w_c3081384f8d76b72,N3,,manual_review,留守番,るすばん,,,,,surface+reading,N3,https://ja.dict.naver.com/#/search?query=%E7%95%99%E5%AE%88%E7%95%AA,2026-09-01T23:33:29+0900,Korean meaning not confidently aligned
w_9877b30eabb42027,N3,,manual_review,痛み,いたみ,,,,,surface+reading,N3,https://ja.dict.naver.com/#/search?query=%E7%97%9B%E3%81%BF,2026-09-01T23:33:29+0900,Korean meaning not confidently aligned
w_39676d57873ef0ae,N3,,manual_review,目下,めした,,,,,surface+reading,N3,https://ja.dict.naver.com/#/search?query=%E7%9B%AE%E4%B8%8B,2026-09-01T23:33:29+0900,Korean meaning not confidently aligned
w_03eba004293715ee,N3,,manual_review,相変わらず,あいかわらず,,,,,surface+reading,N3,https://ja.dict.naver.com/#/search?query=%E7%9B%B8%E5%A4%89%E3%82%8F%E3%82%89%E3%81%9A,2026-09-01T23:33:29+0900,part of speech not confirmed: app=adverb NAVER=기타
w_4e47e651e4a63ce2,N3,,manual_review,相手,あいて,,,,,surface+reading,N3,https://ja.dict.naver.com/#/search?query=%E7%9B%B8%E6%89%8B,2026-09-01T23:33:29+0900,Korean meaning not confidently aligned
w_821fed5874da04da,N3,,manual_review,真っ暗,まっくら,,,,,surface+reading,N3,https://ja.dict.naver.com/#/search?query=%E7%9C%9F%E3%81%A3%E6%9A%97,2026-09-01T23:33:29+0900,part of speech not confirmed: app=adjective NAVER=명사
w_baf5d793108b9806,N3,,manual_review,真っ白,まっしろ,,,,,surface+reading,N3,https://ja.dict.naver.com/#/search?query=%E7%9C%9F%E3%81%A3%E7%99%BD,2026-09-01T23:33:29+0900,part of speech not confirmed: app=adjective NAVER=명사
w_9514f99a94cece27,N3,,manual_review,真っ青,まっさお,,,,,surface+reading,N3,https://ja.dict.naver.com/#/search?query=%E7%9C%9F%E3%81%A3%E9%9D%92,2026-09-01T23:33:29+0900,part of speech not confirmed: app=adjective NAVER=명사
w_43bd10828a16e822,N3,,manual_review,真っ黒,まっくろ,,,,,surface+reading,N3,https://ja.dict.naver.com/#/search?query=%E7%9C%9F%E3%81%A3%E9%BB%92,2026-09-01T23:33:29+0900,part of speech not confirmed: app=adjective NAVER=명사
w_bc0c5e569189dc9e,N3,,manual_review,睡眠,すいみん,,,,,surface+reading,N3,https://ja.dict.naver.com/#/search?query=%E7%9D%A1%E7%9C%A0,2026-09-01T23:33:29+0900,Korean meaning not confidently aligned
w_6a90a5c50dd135be,N3,,manual_review,短期,たんき,,,,,surface+reading,N3,https://ja.dict.naver.com/#/search?query=%E7%9F%AD%E6%9C%9F,2026-09-01T23:33:29+0900,part of speech not confirmed: app=adjective NAVER=명사
w_f96ea90a260ddcf2,N3,,manual_review,祭日,さいじつ,,,,,surface+reading,N3,https://ja.dict.naver.com/#/search?query=%E7%A5%AD%E6%97%A5,2026-09-01T23:33:29+0900,Korean meaning not confidently aligned
w_92c1bf226f8b0b25,N3,,manual_review,禁煙席,きんえんせき,,,,,,N3,https://ja.dict.naver.com/#/search?query=%E7%A6%81%E7%85%99%E5%B8%AD,2026-09-01T23:33:29+0900,"JLPT-tagged search results exist, but none matched both form and reading"
w_99419e7665c01de8,N3,,manual_review,空っぽ,からっぽ,,,,,surface+reading,N3,https://ja.dict.naver.com/#/search?query=%E7%A9%BA%E3%81%A3%E3%81%BD,2026-09-01T23:33:29+0900,part of speech not confirmed: app=adjective NAVER=명사
w_0bdbd4b7a3daa576,N3,,manual_review,素直,すなお,,,,,surface+reading,N3,https://ja.dict.naver.com/#/search?query=%E7%B4%A0%E7%9B%B4,2026-09-01T23:33:29+0900,Korean meaning not confidently aligned
w_9ec2fa50b449acf5,N3,,manual_review,結局,けっきょく,,,,,surface+reading,N3,https://ja.dict.naver.com/#/search?query=%E7%B5%90%E5%B1%80,2026-09-01T23:33:29+0900,part of speech not confirmed: app=adverb NAVER=명사
w_bde99110cd646595,N3,,manual_review,給料,きゅうりょう,,,,,surface+reading,N3,https://ja.dict.naver.com/#/search?query=%E7%B5%A6%E6%96%99,2026-09-01T23:33:29+0900,Korean meaning not confidently aligned
w_6a6e331edd9cf1e0,N3,,manual_review,自由席,じゆうせき,,,,,,N3,https://ja.dict.naver.com/#/search?query=%E8%87%AA%E7%94%B1%E5%B8%AD,2026-09-01T23:33:29+0900,"JLPT-tagged search results exist, but none matched both form and reading"
w_8043ffa9c3c383a9,N3,,manual_review,花火,はなび,,,,,surface+reading,N3,https://ja.dict.naver.com/#/search?query=%E8%8A%B1%E7%81%AB,2026-09-01T23:33:29+0900,Korean meaning not confidently aligned
w_c12c4efe43384aa2,N3,,manual_review,茶色い,ちゃいろい,,,,,,N3,https://ja.dict.naver.com/#/search?query=%E8%8C%B6%E8%89%B2%E3%81%84,2026-09-01T23:33:29+0900,"JLPT-tagged search results exist, but none matched both form and reading"
w_3758fb41bc01f78c,N3,,manual_review,薄暗い,うすぐらい,,,,,surface+reading,N3,https://ja.dict.naver.com/#/search?query=%E8%96%84%E6%9A%97%E3%81%84,2026-09-01T23:33:29+0900,Korean meaning not confidently aligned
w_73e0fb95b7f90273,N3,,manual_review,行き,いき,,,,,surface+reading,N3,https://ja.dict.naver.com/#/search?query=%E8%A1%8C%E3%81%8D,2026-09-01T23:33:29+0900,Korean meaning not confidently aligned
w_fe4beb5b2e0412ed,N3,,manual_review,行き,ゆき,,,,,surface+reading,N3,https://ja.dict.naver.com/#/search?query=%E8%A1%8C%E3%81%8D,2026-09-01T23:33:29+0900,Korean meaning not confidently aligned
w_06e7e51d003ac3e4,N3,,manual_review,街,まち,,,,,,N1|N3,https://ja.dict.naver.com/#/search?query=%E8%A1%97,2026-09-01T23:33:29+0900,"JLPT-tagged search results exist, but none matched both form and reading"
w_f4bb0c8ad65b1823,N3,,manual_review,街角,まちかど,,,,,surface+reading,N3,https://ja.dict.naver.com/#/search?query=%E8%A1%97%E8%A7%92,2026-09-01T23:33:29+0900,Korean meaning not confidently aligned
w_613ea62518d530c6,N3,,manual_review,見かける,みかける,,,,,surface+reading,N3,https://ja.dict.naver.com/#/search?query=%E8%A6%8B%E3%81%8B%E3%81%91%E3%82%8B,2026-09-01T23:33:29+0900,Korean meaning not confidently aligned
w_57dc67846440017b,N3,,manual_review,見上げる,みあげる,,,,,surface+reading,N3,https://ja.dict.naver.com/#/search?query=%E8%A6%8B%E4%B8%8A%E3%81%92%E3%82%8B,2026-09-01T23:33:29+0900,Korean meaning not confidently aligned
w_a778d189c9324e93,N3,,manual_review,見舞う,みまう,,,,,surface+reading,N3,https://ja.dict.naver.com/#/search?query=%E8%A6%8B%E8%88%9E%E3%81%86,2026-09-01T23:33:29+0900,Korean meaning not confidently aligned
w_6a2d2eeb6bbc54ca,N3,,manual_review,解説,かいせつ,,,,,surface+reading,N3,https://ja.dict.naver.com/#/search?query=%E8%A7%A3%E8%AA%AC,2026-09-01T23:33:29+0900,Korean meaning not confidently aligned
w_2042955fbd7ed6b5,N3,,manual_review,話し中,はなしちゅう,,,,,,N3,https://ja.dict.naver.com/#/search?query=%E8%A9%B1%E3%81%97%E4%B8%AD,2026-09-01T23:33:29+0900,"JLPT-tagged search results exist, but none matched both form and reading"
w_bdbfd5b05c365db7,N3,,manual_review,誘う,さそう,,,,,surface+reading,N3,https://ja.dict.naver.com/#/search?query=%E8%AA%98%E3%81%86,2026-09-01T23:33:29+0900,Korean meaning not confidently aligned
w_f8828c1e725c917d,N3,,manual_review,諦める,あきらめる,,,,,surface+reading,N3,https://ja.dict.naver.com/#/search?query=%E8%AB%A6%E3%82%81%E3%82%8B,2026-09-01T23:33:29+0900,Korean meaning not confidently aligned
w_2f2f67017e8dc74a,N3,,manual_review,賢い,かしこい,,,,,surface+reading,N3,https://ja.dict.naver.com/#/search?query=%E8%B3%A2%E3%81%84,2026-09-01T23:33:29+0900,Korean meaning not confidently aligned
w_b56a7a188579be5f,N3,,manual_review,車輪,しゃりん,,,,,surface+reading,N3,https://ja.dict.naver.com/#/search?query=%E8%BB%8A%E8%BC%AA,2026-09-01T23:33:29+0900,Korean meaning not confidently aligned
w_1e011eae0fde99bc,N3,,manual_review,載せる,のせる,,,,,,N3,https://ja.dict.naver.com/#/search?query=%E8%BC%89%E3%81%9B%E3%82%8B,2026-09-01T23:33:29+0900,"JLPT-tagged search results exist, but none matched both form and reading"
w_f563105b26cfef26,N3,,manual_review,近づく,ちかづく,,,,,surface+reading,N3,https://ja.dict.naver.com/#/search?query=%E8%BF%91%E3%81%A5%E3%81%8F,2026-09-01T23:33:29+0900,Korean meaning not confidently aligned
w_b577ee62ff687d65,N3,,manual_review,迷惑,めいわく,,,,,surface+reading,N3,https://ja.dict.naver.com/#/search?query=%E8%BF%B7%E6%83%91,2026-09-01T23:33:29+0900,Korean meaning not confidently aligned
w_1cac16c6ed17b461,N3,,manual_review,送別会,そうべつかい,,,,,,N3,https://ja.dict.naver.com/#/search?query=%E9%80%81%E5%88%A5%E4%BC%9A,2026-09-01T23:33:29+0900,"JLPT-tagged search results exist, but none matched both form and reading"
w_1f5af2236d8c0f07,N3,,manual_review,週刊誌,しゅうかんし,,,,,,N3,https://ja.dict.naver.com/#/search?query=%E9%80%B1%E5%88%8A%E8%AA%8C,2026-09-01T23:33:29+0900,"JLPT-tagged search results exist, but none matched both form and reading"
w_cfab928983935376,N3,,manual_review,進める,すすめる,,,,,surface+reading,N3,https://ja.dict.naver.com/#/search?query=%E9%80%B2%E3%82%81%E3%82%8B,2026-09-01T23:33:29+0900,Korean meaning not confidently aligned
w_cad8582b7a300d32,N3,,manual_review,運転席,うんてんせき,,,,,,N3,https://ja.dict.naver.com/#/search?query=%E9%81%8B%E8%BB%A2%E5%B8%AD,2026-09-01T23:33:29+0900,"JLPT-tagged search results exist, but none matched both form and reading"
w_990d58d36ae4be0b,N3,,manual_review,遠回り,とおまわり,,,,,surface+reading,N3,https://ja.dict.naver.com/#/search?query=%E9%81%A0%E5%9B%9E%E3%82%8A,2026-09-01T23:33:29+0900,Korean meaning not confidently aligned
w_adae290052f83c94,N3,,manual_review,適当,てきとう,,,,,surface+reading,N3,https://ja.dict.naver.com/#/search?query=%E9%81%A9%E5%BD%93,2026-09-01T23:33:29+0900,Korean meaning not confidently aligned
w_1954b22e948706ba,N3,,manual_review,配る,くばる,,,,,surface+reading,N3,https://ja.dict.naver.com/#/search?query=%E9%85%8D%E3%82%8B,2026-09-01T23:33:29+0900,Korean meaning not confidently aligned
w_bd181301cc7c5324,N3,,manual_review,酒,さけ,,,,,,N2,https://ja.dict.naver.com/#/search?query=%E9%85%92,2026-09-01T23:33:29+0900,"JLPT-tagged search results exist, but none matched both form and reading"
w_46e160b32b3969b2,N3,,manual_review,重たい,おもたい,,,,,surface+reading,N3,https://ja.dict.naver.com/#/search?query=%E9%87%8D%E3%81%9F%E3%81%84,2026-09-01T23:33:29+0900,Korean meaning not confidently aligned
w_60f6e19fe71ab31c,N3,,manual_review,重要,じゅうよう,,,,,surface+reading,N3,https://ja.dict.naver.com/#/search?query=%E9%87%8D%E8%A6%81,2026-09-01T23:33:29+0900,part of speech not confirmed: app=adjective NAVER=명사
w_950944eda8002bbc,N3,,manual_review,量る,はかる,,,,,,N3,https://ja.dict.naver.com/#/search?query=%E9%87%8F%E3%82%8B,2026-09-01T23:33:29+0900,"JLPT-tagged search results exist, but none matched both form and reading"
w_f5cca211654fc134,N3,,manual_review,間接,かんせつ,,,,,surface+reading,N3,https://ja.dict.naver.com/#/search?query=%E9%96%93%E6%8E%A5,2026-09-01T23:33:29+0900,Korean meaning not confidently aligned
w_45e4b652a83edbaa,N3,,manual_review,電気料金,でんきりょうきん,,,,,,N3,https://ja.dict.naver.com/#/search?query=%E9%9B%BB%E6%B0%97%E6%96%99%E9%87%91,2026-09-01T23:33:29+0900,"JLPT-tagged search results exist, but none matched both form and reading"
w_2f41805574cc25b6,N3,,manual_review,電話代,でんわだい,,,,,,N3,https://ja.dict.naver.com/#/search?query=%E9%9B%BB%E8%A9%B1%E4%BB%A3,2026-09-01T23:33:29+0900,"JLPT-tagged search results exist, but none matched both form and reading"
w_8df0fff24f94cc63,N3,,manual_review,電車代,でんしゃだい,,,,,,N3,https://ja.dict.naver.com/#/search?query=%E9%9B%BB%E8%BB%8A%E4%BB%A3,2026-09-01T23:33:29+0900,"JLPT-tagged search results exist, but none matched both form and reading"
w_41aca0c015c1811d,N3,,manual_review,青白い,あおじろい,,,,,surface+reading,N3,https://ja.dict.naver.com/#/search?query=%E9%9D%92%E7%99%BD%E3%81%84,2026-09-01T23:33:29+0900,Korean meaning not confidently aligned
w_ea9d5a7abc96492d,N3,,manual_review,非,ひ,,,,,,N3,https://ja.dict.naver.com/#/search?query=%E9%9D%9E,2026-09-01T23:33:29+0900,"JLPT-tagged search results exist, but none matched both form and reading"
w_ee206212d9b2a50d,N3,,manual_review,頼もしい,たのもしい,,,,,surface+reading,N3,https://ja.dict.naver.com/#/search?query=%E9%A0%BC%E3%82%82%E3%81%97%E3%81%84,2026-09-01T23:33:29+0900,Korean meaning not confidently aligned
w_991452a6e6c60fe6,N3,,manual_review,食事代,しょくじだい,,,,,,N3,https://ja.dict.naver.com/#/search?query=%E9%A3%9F%E4%BA%8B%E4%BB%A3,2026-09-01T23:33:29+0900,"JLPT-tagged search results exist, but none matched both form and reading"
w_bf7fa8a5f239ea51,N3,,manual_review,飲み会,のみかい,,,,,,N3,https://ja.dict.naver.com/#/search?query=%E9%A3%B2%E3%81%BF%E4%BC%9A,2026-09-01T23:33:29+0900,"JLPT-tagged search results exist, but none matched both form and reading"
w_975ea22574786aff,N3,,manual_review,駐車違反,ちゅうしゃいはん,,,,,,N3,https://ja.dict.naver.com/#/search?query=%E9%A7%90%E8%BB%8A%E9%81%95%E5%8F%8D,2026-09-01T23:33:29+0900,"JLPT-tagged search results exist, but none matched both form and reading"
w_5a7d649ad0251d9f,N3,,manual_review,高級,こうきゅう,,,,,surface+reading,N3,https://ja.dict.naver.com/#/search?query=%E9%AB%98%E7%B4%9A,2026-09-01T23:33:29+0900,part of speech not confirmed: app=adjective NAVER=명사
w_c5819037abc1c6a0,N3,,manual_review,高齢者,こうれいしゃ,,,,,,N3,https://ja.dict.naver.com/#/search?query=%E9%AB%98%E9%BD%A2%E8%80%85,2026-09-01T23:33:29+0900,"JLPT-tagged search results exist, but none matched both form and reading"
w_44f5a21a231cf355,N4,,manual_review,いつか,いつか,,,,,,N4|N5,https://ja.dict.naver.com/#/search?query=%E3%81%84%E3%81%A4%E3%81%8B,2026-09-01T23:33:29+0900,multiple NAVER entries match surface+reading
w_04d5f5cb597c1c62,N4,,manual_review,いらっしゃる,いらっしゃる,,,,,surface+reading,N4,https://ja.dict.naver.com/#/search?query=%E3%81%84%E3%82%89%E3%81%A3%E3%81%97%E3%82%83%E3%82%8B,2026-09-01T23:33:29+0900,Korean meaning not confidently aligned
w_8055df2a8ee6ed9e,N4,,manual_review,うかがう,うかがう,,,,,,N4,https://ja.dict.naver.com/#/search?query=%E3%81%86%E3%81%8B%E3%81%8C%E3%81%86,2026-09-01T23:33:29+0900,multiple NAVER entries match surface+reading
w_98601c5f9fe56540,N4,,manual_review,うまい,うまい,,,,,,N2|N4,https://ja.dict.naver.com/#/search?query=%E3%81%86%E3%81%BE%E3%81%84,2026-09-01T23:33:29+0900,multiple NAVER entries match surface+reading
w_54ca74d64604579c,N4,,manual_review,おいでになる,おいでになる,,,,,,N4,https://ja.dict.naver.com/#/search?query=%E3%81%8A%E3%81%84%E3%81%A7%E3%81%AB%E3%81%AA%E3%82%8B,2026-09-01T23:33:29+0900,"JLPT-tagged search results exist, but none matched both form and reading"
w_66c87676a778f34f,N4,,manual_review,おや,おや,,,,,,N2|N4,https://ja.dict.naver.com/#/search?query=%E3%81%8A%E3%82%84,2026-09-01T23:33:29+0900,multiple NAVER entries match surface+reading
w_eecc0929f62999d6,N4,,manual_review,お出かけ,おでかけ,,,,,,N4,https://ja.dict.naver.com/#/search?query=%E3%81%8A%E5%87%BA%E3%81%8B%E3%81%91,2026-09-01T23:33:29+0900,"JLPT-tagged search results exist, but none matched both form and reading"
w_999820e48d7ba848,N4,,manual_review,お嬢さん,おじょうさん,,,,,,N4,https://ja.dict.naver.com/#/search?query=%E3%81%8A%E5%AC%A2%E3%81%95%E3%82%93,2026-09-01T23:33:29+0900,"JLPT-tagged search results exist, but none matched both form and reading"
w_187aa2adfb841e8c,N4,,manual_review,お子さん,おこさん,,,,,,N4,https://ja.dict.naver.com/#/search?query=%E3%81%8A%E5%AD%90%E3%81%95%E3%82%93,2026-09-01T23:33:29+0900,"JLPT-tagged search results exist, but none matched both form and reading"
w_0659c968341e9291,N4,,manual_review,お宅,おたく,,,,,surface+reading,N4,https://ja.dict.naver.com/#/search?query=%E3%81%8A%E5%AE%85,2026-09-01T23:33:29+0900,Korean meaning not confidently aligned
w_47d515589fa58fd2,N4,,manual_review,お待たせしました,おまたせしました,,,,,,N4,https://ja.dict.naver.com/#/search?query=%E3%81%8A%E5%BE%85%E3%81%9F%E3%81%9B%E3%81%97%E3%81%BE%E3%81%97%E3%81%9F,2026-09-01T23:33:29+0900,"JLPT-tagged search results exist, but none matched both form and reading"
w_25d246fcafff391e,N4,,manual_review,お手洗い,おてあらい,,,,,,N4,https://ja.dict.naver.com/#/search?query=%E3%81%8A%E6%89%8B%E6%B4%97%E3%81%84,2026-09-01T23:33:29+0900,"JLPT-tagged search results exist, but none matched both form and reading"
w_03fde61be0f26975,N4,,manual_review,お祝い,おいわい,,,,,,N4,https://ja.dict.naver.com/#/search?query=%E3%81%8A%E7%A5%9D%E3%81%84,2026-09-01T23:33:29+0900,"JLPT-tagged search results exist, but none matched both form and reading"
w_31fee479fd2a573b,N4,,manual_review,お見舞い,おみまい,,,,,,N4,https://ja.dict.naver.com/#/search?query=%E3%81%8A%E8%A6%8B%E8%88%9E%E3%81%84,2026-09-01T23:33:29+0900,"JLPT-tagged search results exist, but none matched both form and reading"
w_061c9a2227408a77,N4,,manual_review,かたかな,かたかな,,,,,surface+reading,N4,https://ja.dict.naver.com/#/search?query=%E3%81%8B%E3%81%9F%E3%81%8B%E3%81%AA,2026-09-01T23:33:29+0900,Korean meaning not confidently aligned
w_64df6e045aa7c770,N4,,manual_review,きっと,きっと,,,,,surface+reading,N4,https://ja.dict.naver.com/#/search?query=%E3%81%8D%E3%81%A3%E3%81%A8,2026-09-01T23:33:29+0900,Korean meaning not confidently aligned
w_fe954a6bef42344a,N4,,manual_review,くれる,くれる,,,,,,N4,https://ja.dict.naver.com/#/search?query=%E3%81%8F%E3%82%8C%E3%82%8B,2026-09-01T23:33:29+0900,multiple NAVER entries match surface+reading
w_7bbc01295f752849,N4,,manual_review,ごみ,ごみ,,,,,,N3|N4,https://ja.dict.naver.com/#/search?query=%E3%81%94%E3%81%BF,2026-09-01T23:33:29+0900,multiple NAVER entries match surface+reading
w_232fd4c69bca3059,N4,,manual_review,さす,さす,,,,,,N2|N4,https://ja.dict.naver.com/#/search?query=%E3%81%95%E3%81%99,2026-09-01T23:33:29+0900,multiple NAVER entries match surface+reading
w_f89e0ddb634dd390,N4,,manual_review,しかし,しかし,,,,,surface+reading,N4,https://ja.dict.naver.com/#/search?query=%E3%81%97%E3%81%8B%E3%81%97,2026-09-01T23:33:29+0900,part of speech not confirmed: app=conjunction NAVER=기타
w_8aa654b726b3973b,N4,,manual_review,しまう,しまう,,,,,surface+reading,N4,https://ja.dict.naver.com/#/search?query=%E3%81%97%E3%81%BE%E3%81%86,2026-09-01T23:33:29+0900,Korean meaning not confidently aligned
w_cb46428b5693ae56,N4,,manual_review,すると,すると,,,,,surface+reading,N4,https://ja.dict.naver.com/#/search?query=%E3%81%99%E3%82%8B%E3%81%A8,2026-09-01T23:33:29+0900,part of speech not confirmed: app=conjunction NAVER=기타
w_1f3b58708b016b7f,N4,,manual_review,そば,そば,,,,,,N4|N5,https://ja.dict.naver.com/#/search?query=%E3%81%9D%E3%81%B0,2026-09-01T23:33:29+0900,multiple NAVER entries match surface+reading
w_7a32f316cd4a9222,N4,,manual_review,それで,それで,,,,,surface+reading,N4,https://ja.dict.naver.com/#/search?query=%E3%81%9D%E3%82%8C%E3%81%A7,2026-09-01T23:33:29+0900,part of speech not confirmed: app=conjunction NAVER=기타
w_035875c57095c84d,N4,,manual_review,それでは,それでは,,,,,surface+reading,N4,https://ja.dict.naver.com/#/search?query=%E3%81%9D%E3%82%8C%E3%81%A7%E3%81%AF,2026-09-01T23:33:29+0900,part of speech not confirmed: app=conjunction NAVER=기타
w_306ddbd039779417,N4,,manual_review,それに,それに,,,,,surface+reading,N4,https://ja.dict.naver.com/#/search?query=%E3%81%9D%E3%82%8C%E3%81%AB,2026-09-01T23:33:29+0900,part of speech not confirmed: app=conjunction NAVER=기타
w_d6a5cf39dd557c41,N4,,manual_review,それほど,それほど,,,,,surface+reading,N4,https://ja.dict.naver.com/#/search?query=%E3%81%9D%E3%82%8C%E3%81%BB%E3%81%A9,2026-09-01T23:33:29+0900,Korean meaning not confidently aligned
w_cb00cd37f1c38658,N4,,manual_review,だから,だから,,,,,surface+reading,N4,https://ja.dict.naver.com/#/search?query=%E3%81%A0%E3%81%8B%E3%82%89,2026-09-01T23:33:29+0900,part of speech not confirmed: app=conjunction NAVER=기타
w_ae771b4fd6bc8a90,N4,,manual_review,だめ,だめ,,,,,surface+reading,N4,https://ja.dict.naver.com/#/search?query=%E3%81%A0%E3%82%81,2026-09-01T23:33:29+0900,part of speech not confirmed: app=adjective NAVER=명사
w_0e193c3cc307bb6f,N4,,manual_review,ちっとも,ちっとも,,,,,surface+reading,N4,https://ja.dict.naver.com/#/search?query=%E3%81%A1%E3%81%A3%E3%81%A8%E3%82%82,2026-09-01T23:33:29+0900,Korean meaning not confidently aligned
w_d709df1abacda2e3,N4,,manual_review,つもり,つもり,,,,,surface+reading,N4,https://ja.dict.naver.com/#/search?query=%E3%81%A4%E3%82%82%E3%82%8A,2026-09-01T23:33:29+0900,Korean meaning not confidently aligned
w_dba8fad4ae9dcab9,N4,,manual_review,できるだけ,できるだけ,,,,,,N4,https://ja.dict.naver.com/#/search?query=%E3%81%A7%E3%81%8D%E3%82%8B%E3%81%A0%E3%81%91,2026-09-01T23:33:29+0900,"JLPT-tagged search results exist, but none matched both form and reading"
w_e4bb87bdfaec5058,N4,,manual_review,どんどん,どんどん,,,,,surface+reading,N4,https://ja.dict.naver.com/#/search?query=%E3%81%A9%E3%82%93%E3%81%A9%E3%82%93,2026-09-01T23:33:29+0900,Korean meaning not confidently aligned
w_33e620d8eaf9dd33,N4,,manual_review,はっきり,はっきり,,,,,surface+reading,N4,https://ja.dict.naver.com/#/search?query=%E3%81%AF%E3%81%A3%E3%81%8D%E3%82%8A,2026-09-01T23:33:29+0900,Korean meaning not confidently aligned
w_98c5ecbe9b1af8f0,N4,,manual_review,ひげ,ひげ,,,,,,N3|N4,https://ja.dict.naver.com/#/search?query=%E3%81%B2%E3%81%92,2026-09-01T23:33:29+0900,multiple NAVER entries match surface+reading
w_6f016ba1c9fb2b8d,N4,,manual_review,もうすぐ,もうすぐ,,,,,,N4,https://ja.dict.naver.com/#/search?query=%E3%82%82%E3%81%86%E3%81%99%E3%81%90,2026-09-01T23:33:29+0900,"JLPT-tagged search results exist, but none matched both form and reading"
w_97e7d7c923d83b1c,N4,,manual_review,アイディア,アイディア,,,,,,N4,https://ja.dict.naver.com/#/search?query=%E3%82%A2%E3%82%A4%E3%83%87%E3%82%A3%E3%82%A2,2026-09-01T23:33:29+0900,"JLPT-tagged search results exist, but none matched both form and reading"
w_16f928e8de2043ff,N4,,manual_review,アルバイト,アルバイト,,,,,surface+reading,N4,https://ja.dict.naver.com/#/search?query=%E3%82%A2%E3%83%AB%E3%83%90%E3%82%A4%E3%83%88,2026-09-01T23:33:29+0900,Korean meaning not confidently aligned
w_27f194a34e98e0b0,N4,,manual_review,ゲーム,ゲーム,,,,,,N2|N4,https://ja.dict.naver.com/#/search?query=%E3%82%B2%E3%83%BC%E3%83%A0,2026-09-01T23:33:29+0900,multiple NAVER entries match surface+reading
w_339aec6708f5b601,N4,,manual_review,スーツケース,スーツケース,,,,,surface+reading,N4,https://ja.dict.naver.com/#/search?query=%E3%82%B9%E3%83%BC%E3%83%84%E3%82%B1%E3%83%BC%E3%82%B9,2026-09-01T23:33:29+0900,Korean meaning not confidently aligned
w_8a50b9d0ef8fb7b7,N4,,manual_review,ハンバーグ,ハンバーグ,,,,,surface+reading,N4,https://ja.dict.naver.com/#/search?query=%E3%83%8F%E3%83%B3%E3%83%90%E3%83%BC%E3%82%B0,2026-09-01T23:33:29+0900,Korean meaning not confidently aligned
w_4407cb271d83b95a,N4,,manual_review,パソコン,パソコン,,,,,surface+reading,N4,https://ja.dict.naver.com/#/search?query=%E3%83%91%E3%82%BD%E3%82%B3%E3%83%B3,2026-09-01T23:33:29+0900,Korean meaning not confidently aligned
w_5b83a0c147418419,N4,,manual_review,ピンク,ピンク,,,,,surface+reading,N4,https://ja.dict.naver.com/#/search?query=%E3%83%94%E3%83%B3%E3%82%AF,2026-09-01T23:33:29+0900,Korean meaning not confidently aligned
w_b4d23f4f4fb20992,N4,,manual_review,ベル,ベル,,,,,surface+reading,N4,https://ja.dict.naver.com/#/search?query=%E3%83%99%E3%83%AB,2026-09-01T23:33:29+0900,Korean meaning not confidently aligned
w_32b6716e6d619778,N4,,manual_review,レジ,レジ,,,,,surface+reading,N4,https://ja.dict.naver.com/#/search?query=%E3%83%AC%E3%82%B8,2026-09-01T23:33:29+0900,Korean meaning not confidently aligned
w_dbe3e7e377657834,N4,,manual_review,ワープロ,ワープロ,,,,,surface+reading,N4,https://ja.dict.naver.com/#/search?query=%E3%83%AF%E3%83%BC%E3%83%97%E3%83%AD,2026-09-01T23:33:29+0900,Korean meaning not confidently aligned
w_01e3fc0965037397,N4,,manual_review,一度,いちど,,,,,surface+reading,N4,https://ja.dict.naver.com/#/search?query=%E4%B8%80%E5%BA%A6,2026-09-01T23:33:29+0900,Korean meaning not confidently aligned
w_e12f8a407f734e3c,N4,,manual_review,一杯,いっぱい,,,,,,N4|N5,https://ja.dict.naver.com/#/search?query=%E4%B8%80%E6%9D%AF,2026-09-01T23:33:29+0900,multiple NAVER entries match surface+reading
w_b8c392e0ced001dc,N4,,manual_review,一生懸命,いっしょうけんめい,,,,,surface+reading,N4,https://ja.dict.naver.com/#/search?query=%E4%B8%80%E7%94%9F%E6%87%B8%E5%91%BD,2026-09-01T23:33:29+0900,"part of speech not confirmed: app=adverb NAVER=명사,형용동사"
w_498cfa7744858240,N4,,manual_review,下さい,ください,,,,,surface+reading,N4,https://ja.dict.naver.com/#/search?query=%E4%B8%8B%E3%81%95%E3%81%84,2026-09-01T23:33:29+0900,part of speech not confirmed: app=expression NAVER=-
w_2b0b8a7029f57000,N4,,manual_review,両方,りょうほう,,,,,surface+reading,N4,https://ja.dict.naver.com/#/search?query=%E4%B8%A1%E6%96%B9,2026-09-01T23:33:29+0900,Korean meaning not confidently aligned
w_d75a2128ac2e3e18,N4,,manual_review,並べる,ならべる,,,,,surface+reading,N4,https://ja.dict.naver.com/#/search?query=%E4%B8%A6%E3%81%B9%E3%82%8B,2026-09-01T23:33:29+0900,Korean meaning not confidently aligned
w_8074ae18a3c6cc0d,N4,,manual_review,久しぶり,ひさしぶり,,,,,surface+reading,N4,https://ja.dict.naver.com/#/search?query=%E4%B9%85%E3%81%97%E3%81%B6%E3%82%8A,2026-09-01T23:33:29+0900,part of speech not confirmed: app=adjective NAVER=명사
w_a4b6746fd51194f3,N4,,manual_review,事務所,じむしょ,,,,,surface+reading,N4,https://ja.dict.naver.com/#/search?query=%E4%BA%8B%E5%8B%99%E6%89%80,2026-09-01T23:33:29+0900,Korean meaning not confidently aligned
w_422094ff0a79b584,N4,,manual_review,付く,つく,,,,,surface+reading,N2,https://ja.dict.naver.com/#/search?query=%E4%BB%98%E3%81%8F,2026-09-01T23:33:29+0900,part of speech not confirmed: app=verb NAVER=명사
w_3b51f654e9bee9da,N4,,manual_review,以上,いじょう,,,,,surface+reading,N4,https://ja.dict.naver.com/#/search?query=%E4%BB%A5%E4%B8%8A,2026-09-01T23:33:29+0900,part of speech not confirmed: app=suffix NAVER=명사
w_060f1114c79315a0,N4,,manual_review,以外,いがい,,,,,surface+reading,N4,https://ja.dict.naver.com/#/search?query=%E4%BB%A5%E5%A4%96,2026-09-01T23:33:29+0900,part of speech not confirmed: app=suffix NAVER=명사
w_82fd13b0c7f6a810,N4,,manual_review,会話,かいわ,,,,,surface+reading,N4,https://ja.dict.naver.com/#/search?query=%E4%BC%9A%E8%A9%B1,2026-09-01T23:33:29+0900,Korean meaning not confidently aligned
w_69eae3aacf3ba4e7,N4,,manual_review,会議室,かいぎしつ,,,,,,N4,https://ja.dict.naver.com/#/search?query=%E4%BC%9A%E8%AD%B0%E5%AE%A4,2026-09-01T23:33:29+0900,"JLPT-tagged search results exist, but none matched both form and reading"
w_671b868a471a9e6f,N4,,manual_review,伺う,うかがう,,,,,surface+reading,N4,https://ja.dict.naver.com/#/search?query=%E4%BC%BA%E3%81%86,2026-09-01T23:33:29+0900,Korean meaning not confidently aligned
w_1a8145055259b59e,N4,,manual_review,働く,はたらく,,,,,surface+reading,N4,https://ja.dict.naver.com/#/search?query=%E5%83%8D%E3%81%8F,2026-09-01T23:33:29+0900,Korean meaning not confidently aligned
w_67865e352d55a3b9,N4,,manual_review,僕,ぼく,,,,,surface+reading,N4,https://ja.dict.naver.com/#/search?query=%E5%83%95,2026-09-01T23:33:29+0900,Korean meaning not confidently aligned
w_36da68b6d78091b4,N4,,manual_review,優しい,やさしい,,,,,surface+reading,N4,https://ja.dict.naver.com/#/search?query=%E5%84%AA%E3%81%97%E3%81%84,2026-09-01T23:33:29+0900,Korean meaning not confidently aligned
w_393a2f780ea3a234,N4,,manual_review,先々月,せんせんげつ,,,,,,N4,https://ja.dict.naver.com/#/search?query=%E5%85%88%E3%80%85%E6%9C%88,2026-09-01T23:33:29+0900,"JLPT-tagged search results exist, but none matched both form and reading"
w_efac32fc7e566446,N4,,manual_review,先々週,せんせんしゅう,,,,,,N4,https://ja.dict.naver.com/#/search?query=%E5%85%88%E3%80%85%E9%80%B1,2026-09-01T23:33:29+0900,"JLPT-tagged search results exist, but none matched both form and reading"
w_9e65776bfd50eecb,N4,,manual_review,内,うち,,,,,,N4,https://ja.dict.naver.com/#/search?query=%E5%86%85,2026-09-01T23:33:29+0900,multiple NAVER entries match surface+reading
w_bfd7b53f174d103d,N4,,manual_review,再来年,さらいねん,,,,,,N4,https://ja.dict.naver.com/#/search?query=%E5%86%8D%E6%9D%A5%E5%B9%B4,2026-09-01T23:33:29+0900,"JLPT-tagged search results exist, but none matched both form and reading"
w_6664db39ad60f3e9,N4,,manual_review,再来月,さらいげつ,,,,,,N4,https://ja.dict.naver.com/#/search?query=%E5%86%8D%E6%9D%A5%E6%9C%88,2026-09-01T23:33:29+0900,"JLPT-tagged search results exist, but none matched both form and reading"
w_0cc60591ba0b7b66,N4,,manual_review,再来週,さらいしゅう,,,,,,N4,https://ja.dict.naver.com/#/search?query=%E5%86%8D%E6%9D%A5%E9%80%B1,2026-09-01T23:33:29+0900,"JLPT-tagged search results exist, but none matched both form and reading"
w_013e176627a827e0,N4,,manual_review,凄い,すごい,,,,,surface+reading,N4,https://ja.dict.naver.com/#/search?query=%E5%87%84%E3%81%84,2026-09-01T23:33:29+0900,Korean meaning not confidently aligned
w_e8bf101d5d035c24,N4,,manual_review,初めて,はじめて,,,,,surface+reading,N4,https://ja.dict.naver.com/#/search?query=%E5%88%9D%E3%82%81%E3%81%A6,2026-09-01T23:33:29+0900,Korean meaning not confidently aligned
w_9e8f4ed3e49192bf,N4,,manual_review,割れる,われる,,,,,surface+reading,N4,https://ja.dict.naver.com/#/search?query=%E5%89%B2%E3%82%8C%E3%82%8B,2026-09-01T23:33:29+0900,Korean meaning not confidently aligned
w_6c3f9917b7508c8c,N4,,manual_review,半分,はんぶん,,,,,surface+reading,N4,https://ja.dict.naver.com/#/search?query=%E5%8D%8A%E5%88%86,2026-09-01T23:33:29+0900,part of speech not confirmed: app=adverb NAVER=명사
w_328b3a4907a4cb55,N4,,manual_review,又は,または,,,,,surface+reading,N4,https://ja.dict.naver.com/#/search?query=%E5%8F%88%E3%81%AF,2026-09-01T23:33:29+0900,part of speech not confirmed: app=conjunction NAVER=기타
w_a8147229995301d5,N4,,manual_review,合う,あう,,,,,surface+reading,N4,https://ja.dict.naver.com/#/search?query=%E5%90%88%E3%81%86,2026-09-01T23:33:29+0900,Korean meaning not confidently aligned
w_f7dcb52b9848b040,N4,,manual_review,吹く,ふく,,,,,surface+reading,N4,https://ja.dict.naver.com/#/search?query=%E5%90%B9%E3%81%8F,2026-09-01T23:33:29+0900,part of speech not confirmed: app=noun NAVER=동사
w_a7a6ba2dbf9c7091,N4,,manual_review,国産,こくさん,,,,,surface+reading,N4,https://ja.dict.naver.com/#/search?query=%E5%9B%BD%E7%94%A3,2026-09-01T23:33:29+0900,part of speech not confirmed: app=adjective NAVER=명사
w_efefb3917b528b1a,N4,,manual_review,国立,こくりつ,,,,,surface+reading,N4,https://ja.dict.naver.com/#/search?query=%E5%9B%BD%E7%AB%8B,2026-09-01T23:33:29+0900,part of speech not confirmed: app=adjective NAVER=명사
w_3ccc1f94cff4f17a,N4,,manual_review,国際,こくさい,,,,,surface+reading,N4,https://ja.dict.naver.com/#/search?query=%E5%9B%BD%E9%9A%9B,2026-09-01T23:33:29+0900,part of speech not confirmed: app=adjective NAVER=명사
w_f7f9155e0d8b6c02,N4,,manual_review,坂,さか,,,,,surface+reading,N4,https://ja.dict.naver.com/#/search?query=%E5%9D%82,2026-09-01T23:33:29+0900,Korean meaning not confidently aligned
w_0374043b664b7979,N4,,manual_review,変,へん,,,,,surface+reading,N4,https://ja.dict.naver.com/#/search?query=%E5%A4%89,2026-09-01T23:33:29+0900,Korean meaning not confidently aligned
w_e2165c4745c4e5fa,N4,,manual_review,大人しい,おとなしい,,,,,,N4,https://ja.dict.naver.com/#/search?query=%E5%A4%A7%E4%BA%BA%E3%81%97%E3%81%84,2026-09-01T23:33:29+0900,"JLPT-tagged search results exist, but none matched both form and reading"
w_ce2b7c1de446f647,N4,,manual_review,大体,だいたい,,,,,surface+reading,N4,https://ja.dict.naver.com/#/search?query=%E5%A4%A7%E4%BD%93,2026-09-01T23:33:29+0900,Korean meaning not confidently aligned
w_655c49430ab10602,N4,,manual_review,大切,たいせつ,,,,,surface+reading,N4,https://ja.dict.naver.com/#/search?query=%E5%A4%A7%E5%88%87,2026-09-01T23:33:29+0900,Korean meaning not confidently aligned
w_1182994be4352c46,N4,,manual_review,大学生,だいがくせい,,,,,,N4,https://ja.dict.naver.com/#/search?query=%E5%A4%A7%E5%AD%A6%E7%94%9F,2026-09-01T23:33:29+0900,"JLPT-tagged search results exist, but none matched both form and reading"
w_ff87bb6908adb37e,N4,,manual_review,大抵,たいてい,,,,,surface+reading,N4,https://ja.dict.naver.com/#/search?query=%E5%A4%A7%E6%8A%B5,2026-09-01T23:33:29+0900,Korean meaning not confidently aligned
w_c74a66c4365c71f2,N4,,manual_review,太る,ふとる,,,,,surface+reading,N4,https://ja.dict.naver.com/#/search?query=%E5%A4%AA%E3%82%8B,2026-09-01T23:33:29+0900,Korean meaning not confidently aligned
w_1744f91eeb9a3305,N4,,manual_review,失礼,しつれい,,,,,surface+reading,N4,https://ja.dict.naver.com/#/search?query=%E5%A4%B1%E7%A4%BC,2026-09-01T23:33:29+0900,Korean meaning not confidently aligned
w_acf85d4a1e63e240,N4,,manual_review,字,じ,,,,,,N4,https://ja.dict.naver.com/#/search?query=%E5%AD%97,2026-09-01T23:33:29+0900,"JLPT-tagged search results exist, but none matched both form and reading"
w_ac21ad66d2a3ae57,N4,,manual_review,寄る,よる,,,,,surface+reading,N4,https://ja.dict.naver.com/#/search?query=%E5%AF%84%E3%82%8B,2026-09-01T23:33:29+0900,Korean meaning not confidently aligned
w_140b5feb626ef7fa,N4,,manual_review,寺,てら,,,,,surface+reading,N4,https://ja.dict.naver.com/#/search?query=%E5%AF%BA,2026-09-01T23:33:29+0900,Korean meaning not confidently aligned
w_dbc2c3c7b675aaf1,N4,,manual_review,展覧会,てんらんかい,,,,,surface+reading,N4,https://ja.dict.naver.com/#/search?query=%E5%B1%95%E8%A6%A7%E4%BC%9A,2026-09-01T23:33:29+0900,Korean meaning not confidently aligned
w_9a8ba75c78bfbd6d,N4,,manual_review,工事,こうじ,,,,,surface+reading,N4,https://ja.dict.naver.com/#/search?query=%E5%B7%A5%E4%BA%8B,2026-09-01T23:33:29+0900,Korean meaning not confidently aligned
w_40998838c1d8464a,N4,,manual_review,差す,さす,,,,,surface+reading,N4,https://ja.dict.naver.com/#/search?query=%E5%B7%AE%E3%81%99,2026-09-01T23:33:29+0900,Korean meaning not confidently aligned
w_c2ab2560b6e5692b,N4,,manual_review,市,し,,,,,,N1|N4,https://ja.dict.naver.com/#/search?query=%E5%B8%82,2026-09-01T23:33:29+0900,"JLPT-tagged search results exist, but none matched both form and reading"
w_6831fdc03f7272dd,N4,,manual_review,建つ,たつ,,,,,,N4,https://ja.dict.naver.com/#/search?query=%E5%BB%BA%E3%81%A4,2026-09-01T23:33:29+0900,"JLPT-tagged search results exist, but none matched both form and reading"
w_49e199d4cfd26179,N4,,manual_review,建てる,たてる,,,,,,N4,https://ja.dict.naver.com/#/search?query=%E5%BB%BA%E3%81%A6%E3%82%8B,2026-09-01T23:33:29+0900,"JLPT-tagged search results exist, but none matched both form and reading"
w_f0a58113830dd425,N4,,manual_review,彼,かれ,,,,,surface+reading,N4,https://ja.dict.naver.com/#/search?query=%E5%BD%BC,2026-09-01T23:33:29+0900,Korean meaning not confidently aligned
w_be676aa82c6cb605,N4,,manual_review,必要,ひつよう,,,,,surface+reading,N4,https://ja.dict.naver.com/#/search?query=%E5%BF%85%E8%A6%81,2026-09-01T23:33:29+0900,part of speech not confirmed: app=adjective NAVER=명사
w_d57280b80350a7dc,N4,,manual_review,急に,きゅうに,,,,,,N4,https://ja.dict.naver.com/#/search?query=%E6%80%A5%E3%81%AB,2026-09-01T23:33:29+0900,"JLPT-tagged search results exist, but none matched both form and reading"
w_3b7bb6f69b70efcf,N4,,manual_review,慣れる,なれる,,,,,surface+reading,N4,https://ja.dict.naver.com/#/search?query=%E6%85%A3%E3%82%8C%E3%82%8B,2026-09-01T23:33:29+0900,Korean meaning not confidently aligned
w_1057d99059bd7d2c,N4,,manual_review,手伝う,てつだう,,,,,surface+reading,N4,https://ja.dict.naver.com/#/search?query=%E6%89%8B%E4%BC%9D%E3%81%86,2026-09-01T23:33:29+0900,Korean meaning not confidently aligned
w_02b500228c129778,N4,,manual_review,手元,てもと,,,,,surface+reading,N4,https://ja.dict.naver.com/#/search?query=%E6%89%8B%E5%85%83,2026-09-01T23:33:29+0900,part of speech not confirmed: app=adverb NAVER=명사
w_f3ad58fce513b0df,N4,,manual_review,手前,てまえ,,,,,surface+reading,N4,https://ja.dict.naver.com/#/search?query=%E6%89%8B%E5%89%8D,2026-09-01T23:33:29+0900,part of speech not confirmed: app=noun NAVER=대명사
w_8458200d88dada3a,N4,,manual_review,払う,はらう,,,,,surface+reading,N4,https://ja.dict.naver.com/#/search?query=%E6%89%95%E3%81%86,2026-09-01T23:33:29+0900,Korean meaning not confidently aligned
w_9032a2333ecae65f,N4,,manual_review,拝見する,はいけんする,,,,,,N4,https://ja.dict.naver.com/#/search?query=%E6%8B%9D%E8%A6%8B%E3%81%99%E3%82%8B,2026-09-01T23:33:29+0900,"JLPT-tagged search results exist, but none matched both form and reading"
w_79747208908ad501,N4,,manual_review,捕まえる,つかまえる,,,,,surface+reading,N4,https://ja.dict.naver.com/#/search?query=%E6%8D%95%E3%81%BE%E3%81%88%E3%82%8B,2026-09-01T23:33:29+0900,Korean meaning not confidently aligned
w_e74097848962e54a,N4,,manual_review,捜す,さがす,,,,,surface+reading,N4,https://ja.dict.naver.com/#/search?query=%E6%8D%9C%E3%81%99,2026-09-01T23:33:29+0900,Korean meaning not confidently aligned
w_44191f7e02bdbca4,N4,,manual_review,掛ける,かける,,,,,surface+reading,N4,https://ja.dict.naver.com/#/search?query=%E6%8E%9B%E3%81%91%E3%82%8B,2026-09-01T23:33:29+0900,Korean meaning not confidently aligned
w_5d637bb50ef6df34,N4,,manual_review,新聞社,しんぶんしゃ,,,,,,N4,https://ja.dict.naver.com/#/search?query=%E6%96%B0%E8%81%9E%E7%A4%BE,2026-09-01T23:33:29+0900,"JLPT-tagged search results exist, but none matched both form and reading"
w_9c2d3700794d4e08,N4,,manual_review,昨夜,ゆうべ,,,,,surface+reading,N4,https://ja.dict.naver.com/#/search?query=%E6%98%A8%E5%A4%9C,2026-09-01T23:33:29+0900,part of speech not confirmed: app=adverb NAVER=명사
w_40f7ebaffcb34b8b,N4,,manual_review,昼間,ひるま,,,,,surface+reading,N4,https://ja.dict.naver.com/#/search?query=%E6%98%BC%E9%96%93,2026-09-01T23:33:29+0900,Korean meaning not confidently aligned
w_032c6ca5e1a3261e,N4,,manual_review,普通,ふつう,,,,,surface+reading,N4,https://ja.dict.naver.com/#/search?query=%E6%99%AE%E9%80%9A,2026-09-01T23:33:29+0900,part of speech not confirmed: app=adjective NAVER=부사
w_a527d5563a90508b,N4,,manual_review,最初,さいしょ,,,,,surface+reading,N4,https://ja.dict.naver.com/#/search?query=%E6%9C%80%E5%88%9D,2026-09-01T23:33:29+0900,part of speech not confirmed: app=adjective NAVER=명사
w_6a5b1a27a6d99bbe,N4,,manual_review,有名,ゆうめい,,,,,surface+reading,N4,https://ja.dict.naver.com/#/search?query=%E6%9C%89%E5%90%8D,2026-09-01T23:33:29+0900,part of speech not confirmed: app=adjective NAVER=명사
w_642d83633b6a8bbe,N4,,manual_review,林,はやし,,,,,surface+reading,N4,https://ja.dict.naver.com/#/search?query=%E6%9E%97,2026-09-01T23:33:29+0900,Korean meaning not confidently aligned
w_55384eab47324e75,N4,,manual_review,様,さま,,,,,surface+reading,N4,https://ja.dict.naver.com/#/search?query=%E6%A7%98,2026-09-01T23:33:29+0900,Korean meaning not confidently aligned
w_ac4a28f37332b6a0,N4,,manual_review,止まる,とまる,,,,,,N2,https://ja.dict.naver.com/#/search?query=%E6%AD%A2%E3%81%BE%E3%82%8B,2026-09-01T23:33:29+0900,"JLPT-tagged search results exist, but none matched both form and reading"
w_fc15014ae9465b42,N4,,manual_review,止める,やめる,,,,,surface+reading,N4,https://ja.dict.naver.com/#/search?query=%E6%AD%A2%E3%82%81%E3%82%8B,2026-09-01T23:33:29+0900,Korean meaning not confidently aligned
w_06906c6329eb5d6f,N4,,manual_review,正月,しょうがつ,,,,,surface+reading,N4,https://ja.dict.naver.com/#/search?query=%E6%AD%A3%E6%9C%88,2026-09-01T23:33:29+0900,Korean meaning not confidently aligned
w_b2fa264e37d747b7,N4,,manual_review,歯,は,,,,,surface+reading,N4,https://ja.dict.naver.com/#/search?query=%E6%AD%AF,2026-09-01T23:33:29+0900,Korean meaning not confidently aligned
w_6c5961195e358c1a,N4,,manual_review,残念,ざんねん,,,,,surface+reading,N4,https://ja.dict.naver.com/#/search?query=%E6%AE%8B%E5%BF%B5,2026-09-01T23:33:29+0900,part of speech not confirmed: app=adjective NAVER=명사
w_f23590c345447218,N4,,manual_review,毛,け,,,,,surface+reading,N4,https://ja.dict.naver.com/#/search?query=%E6%AF%9B,2026-09-01T23:33:29+0900,Korean meaning not confidently aligned
w_26e38968134aeb56,N4,,manual_review,気,き,,,,,,N4,https://ja.dict.naver.com/#/search?query=%E6%B0%97,2026-09-01T23:33:29+0900,"JLPT-tagged search results exist, but none matched both form and reading"
w_2469bcc59515558e,N4,,manual_review,気に入る,きにいる,,,,,surface+reading,N4,https://ja.dict.naver.com/#/search?query=%E6%B0%97%E3%81%AB%E5%85%A5%E3%82%8B,2026-09-01T23:33:29+0900,part of speech not confirmed: app=verb NAVER=-
w_07c535ca309cce2e,N4,,manual_review,治る,なおる,,,,,,N4,https://ja.dict.naver.com/#/search?query=%E6%B2%BB%E3%82%8B,2026-09-01T23:33:29+0900,"JLPT-tagged search results exist, but none matched both form and reading"
w_f63439d78b1f0ae2,N4,,manual_review,泊める,とめる,,,,,surface+reading,N4,https://ja.dict.naver.com/#/search?query=%E6%B3%8A%E3%82%81%E3%82%8B,2026-09-01T23:33:29+0900,Korean meaning not confidently aligned
w_b6ec99032db8c18a,N4,,manual_review,渡す,わたす,,,,,surface+reading,N4,https://ja.dict.naver.com/#/search?query=%E6%B8%A1%E3%81%99,2026-09-01T23:33:29+0900,Korean meaning not confidently aligned
w_5139386aa9913af5,N4,,manual_review,無理,むり,,,,,surface+reading,N4,https://ja.dict.naver.com/#/search?query=%E7%84%A1%E7%90%86,2026-09-01T23:33:29+0900,Korean meaning not confidently aligned
w_a5ce58d20c21e06c,N4,,manual_review,焼く,やく,,,,,surface+reading,N4,https://ja.dict.naver.com/#/search?query=%E7%84%BC%E3%81%8F,2026-09-01T23:33:29+0900,Korean meaning not confidently aligned
w_6178068380b60a51,N4,,manual_review,父親,ちちおや,,,,,surface+reading,N4,https://ja.dict.naver.com/#/search?query=%E7%88%B6%E8%A6%AA,2026-09-01T23:33:29+0900,Korean meaning not confidently aligned
w_5fde11c622132f70,N4,,manual_review,特別,とくべつ,,,,,surface+reading,N4,https://ja.dict.naver.com/#/search?query=%E7%89%B9%E5%88%A5,2026-09-01T23:33:29+0900,"part of speech not confirmed: app=noun NAVER=부사,형용동사"
w_e476c794892e338d,N4,,manual_review,特急,とっきゅう,,,,,surface+reading,N4,https://ja.dict.naver.com/#/search?query=%E7%89%B9%E6%80%A5,2026-09-01T23:33:29+0900,Korean meaning not confidently aligned
w_b459360382d1d575,N4,,manual_review,珍しい,めずらしい,,,,,surface+reading,N4,https://ja.dict.naver.com/#/search?query=%E7%8F%8D%E3%81%97%E3%81%84,2026-09-01T23:33:29+0900,Korean meaning not confidently aligned
w_27f918b6c1f30a9b,N4,,manual_review,申す,もうす,,,,,surface+reading,N4,https://ja.dict.naver.com/#/search?query=%E7%94%B3%E3%81%99,2026-09-01T23:33:29+0900,Korean meaning not confidently aligned
w_4841355112710c1b,N4,,manual_review,盛ん,さかん,,,,,surface+reading,N4,https://ja.dict.naver.com/#/search?query=%E7%9B%9B%E3%82%93,2026-09-01T23:33:29+0900,Korean meaning not confidently aligned
w_961875f62e8b117b,N4,,manual_review,直る,なおる,,,,,surface+reading,N4,https://ja.dict.naver.com/#/search?query=%E7%9B%B4%E3%82%8B,2026-09-01T23:33:29+0900,Korean meaning not confidently aligned
w_85657fb868a076d0,N4,,manual_review,眠たい,ねむたい,,,,,surface+reading,N4,https://ja.dict.naver.com/#/search?query=%E7%9C%A0%E3%81%9F%E3%81%84,2026-09-01T23:33:29+0900,Korean meaning not confidently aligned
w_d1d8955a6c320edc,N4,,manual_review,着物,きもの,,,,,surface+reading,N4,https://ja.dict.naver.com/#/search?query=%E7%9D%80%E7%89%A9,2026-09-01T23:33:29+0900,Korean meaning not confidently aligned
w_41e59bb106177593,N4,,manual_review,研究室,けんきゅうしつ,,,,,,N4,https://ja.dict.naver.com/#/search?query=%E7%A0%94%E7%A9%B6%E5%AE%A4,2026-09-01T23:33:29+0900,"JLPT-tagged search results exist, but none matched both form and reading"
w_3f7cd0c1898ad235,N4,,manual_review,空く,あく,,,,,,N3|N4,https://ja.dict.naver.com/#/search?query=%E7%A9%BA%E3%81%8F,2026-09-01T23:33:29+0900,"JLPT-tagged search results exist, but none matched both form and reading"
w_8510568b02e96bd2,N4,,manual_review,空く,すく,,,,,,N3|N4,https://ja.dict.naver.com/#/search?query=%E7%A9%BA%E3%81%8F,2026-09-01T23:33:29+0900,multiple NAVER entries match surface+reading
w_486d794e67b43b00,N4,,manual_review,筈,はず,,,,,surface+reading,N4,https://ja.dict.naver.com/#/search?query=%E7%AD%88,2026-09-01T23:33:29+0900,Korean meaning not confidently aligned
w_1ff8649446ee107d,N4,,manual_review,素晴らしい,すばらしい,,,,,surface+reading,N4,https://ja.dict.naver.com/#/search?query=%E7%B4%A0%E6%99%B4%E3%82%89%E3%81%97%E3%81%84,2026-09-01T23:33:29+0900,Korean meaning not confidently aligned
w_139be75fa16ee36c,N4,,manual_review,結構,けっこう,,,,,surface+reading,N4,https://ja.dict.naver.com/#/search?query=%E7%B5%90%E6%A7%8B,2026-09-01T23:33:29+0900,Korean meaning not confidently aligned
w_f85fa063af3bde85,N4,,manual_review,線,せん,,,,,surface+reading,N4,https://ja.dict.naver.com/#/search?query=%E7%B7%9A,2026-09-01T23:33:29+0900,Korean meaning not confidently aligned
w_eb14ca91b9690264,N4,,manual_review,美術館,びじゅつかん,,,,,,N4,https://ja.dict.naver.com/#/search?query=%E7%BE%8E%E8%A1%93%E9%A4%A8,2026-09-01T23:33:29+0900,"JLPT-tagged search results exist, but none matched both form and reading"
w_29549f663bb73d32,N4,,manual_review,自動,じどう,,,,,surface+reading,N4,https://ja.dict.naver.com/#/search?query=%E8%87%AA%E5%8B%95,2026-09-01T23:33:29+0900,part of speech not confirmed: app=adjective NAVER=명사
w_c10a94ad3bf74d6b,N4,,manual_review,致す,いたす,,,,,surface+reading,N4,https://ja.dict.naver.com/#/search?query=%E8%87%B4%E3%81%99,2026-09-01T23:33:29+0900,Korean meaning not confidently aligned
w_c56e9a474a473deb,N4,,manual_review,苦しい,くるしい,,,,,surface+reading,N4,https://ja.dict.naver.com/#/search?query=%E8%8B%A6%E3%81%97%E3%81%84,2026-09-01T23:33:29+0900,Korean meaning not confidently aligned
w_8e7a61c6eaeb6fa5,N4,,manual_review,草,くさ,,,,,surface+reading,N4,https://ja.dict.naver.com/#/search?query=%E8%8D%89,2026-09-01T23:33:29+0900,Korean meaning not confidently aligned
w_54c71aa5ccbde2f4,N4,,manual_review,行ってらっしゃい,いってらっしゃい,,,,,,N4,https://ja.dict.naver.com/#/search?query=%E8%A1%8C%E3%81%A3%E3%81%A6%E3%82%89%E3%81%A3%E3%81%97%E3%82%83%E3%81%84,2026-09-01T23:33:29+0900,"JLPT-tagged search results exist, but none matched both form and reading"
w_ae678ec4c5e2d5a2,N4,,manual_review,触る,さわる,,,,,surface+reading,N4,https://ja.dict.naver.com/#/search?query=%E8%A7%A6%E3%82%8B,2026-09-01T23:33:29+0900,Korean meaning not confidently aligned
w_bb99d72b569d623b,N4,,manual_review,言葉,ことば,,,,,surface+reading,N4,https://ja.dict.naver.com/#/search?query=%E8%A8%80%E8%91%89,2026-09-01T23:33:29+0900,Korean meaning not confidently aligned
w_1b922901901cad9a,N4,,manual_review,訪ねる,たずねる,,,,,,N4,https://ja.dict.naver.com/#/search?query=%E8%A8%AA%E3%81%AD%E3%82%8B,2026-09-01T23:33:29+0900,"JLPT-tagged search results exist, but none matched both form and reading"
w_83ae7074dc030eb4,N4,,manual_review,訳,わけ,,,,,surface+reading,N4,https://ja.dict.naver.com/#/search?query=%E8%A8%B3,2026-09-01T23:33:29+0900,Korean meaning not confidently aligned
w_55a336819a78594b,N4,,manual_review,通り,とおり,,,,,surface+reading,N4,https://ja.dict.naver.com/#/search?query=%E9%80%9A%E3%82%8A,2026-09-01T23:33:29+0900,Korean meaning not confidently aligned
w_392f5e6a2191934f,N4,,manual_review,通る,とおる,,,,,surface+reading,N4,https://ja.dict.naver.com/#/search?query=%E9%80%9A%E3%82%8B,2026-09-01T23:33:29+0900,Korean meaning not confidently aligned
w_ca0283f59a673c34,N4,,manual_review,連れる,つれる,,,,,surface+reading,N4,https://ja.dict.naver.com/#/search?query=%E9%80%A3%E3%82%8C%E3%82%8B,2026-09-01T23:33:29+0900,Korean meaning not confidently aligned
w_a354f6b57eb0c2ec,N4,,manual_review,遊び,あそび,,,,,surface+reading,N4,https://ja.dict.naver.com/#/search?query=%E9%81%8A%E3%81%B3,2026-09-01T23:33:29+0900,Korean meaning not confidently aligned
w_ea89d536a2fc0879,N4,,manual_review,邪魔,じゃま,,,,,surface+reading,N4,https://ja.dict.naver.com/#/search?query=%E9%82%AA%E9%AD%94,2026-09-01T23:33:29+0900,Korean meaning not confidently aligned
w_7f53883dfec13912,N4,,manual_review,都,と,,,,,,N2|N4,https://ja.dict.naver.com/#/search?query=%E9%83%BD,2026-09-01T23:33:29+0900,"JLPT-tagged search results exist, but none matched both form and reading"
w_abe8ce16dbbe2552,N4,,manual_review,酷い,ひどい,,,,,surface+reading,N4,https://ja.dict.naver.com/#/search?query=%E9%85%B7%E3%81%84,2026-09-01T23:33:29+0900,Korean meaning not confidently aligned
w_a0f941ae0bae045f,N4,,manual_review,釣る,つる,,,,,,N4,https://ja.dict.naver.com/#/search?query=%E9%87%A3%E3%82%8B,2026-09-01T23:33:29+0900,"JLPT-tagged search results exist, but none matched both form and reading"
w_1a836696f48bfa62,N4,,manual_review,間に合う,まにあう,,,,,surface+reading,N4,https://ja.dict.naver.com/#/search?query=%E9%96%93%E3%81%AB%E5%90%88%E3%81%86,2026-09-01T23:33:29+0900,Korean meaning not confidently aligned
w_40163c62d3d73c22,N4,,manual_review,間違える,まちがえる,,,,,surface+reading,N4,https://ja.dict.naver.com/#/search?query=%E9%96%93%E9%81%95%E3%81%88%E3%82%8B,2026-09-01T23:33:29+0900,Korean meaning not confidently aligned
w_b0fa73f425bb6383,N4,,manual_review,随分,ずいぶん,,,,,surface+reading,N4,https://ja.dict.naver.com/#/search?query=%E9%9A%8F%E5%88%86,2026-09-01T23:33:29+0900,Korean meaning not confidently aligned
w_e19bb44678c7262b,N4,,manual_review,非常に,ひじょうに,,,,,,N4,https://ja.dict.naver.com/#/search?query=%E9%9D%9E%E5%B8%B8%E3%81%AB,2026-09-01T23:33:29+0900,"JLPT-tagged search results exist, but none matched both form and reading"
w_a43f22035d66a1ba,N4,,manual_review,飛行場,ひこうじょう,,,,,surface+reading,N4,https://ja.dict.naver.com/#/search?query=%E9%A3%9B%E8%A1%8C%E5%A0%B4,2026-09-01T23:33:29+0900,Korean meaning not confidently aligned
w_de1206f531e9733d,N4,,manual_review,飴,あめ,,,,,surface+reading,N4,https://ja.dict.naver.com/#/search?query=%E9%A3%B4,2026-09-01T23:33:29+0900,Korean meaning not confidently aligned
w_16afef6fcc1d2e6d,N4,,manual_review,高校,こうこう,,,,,surface+reading,N4,https://ja.dict.naver.com/#/search?query=%E9%AB%98%E6%A0%A1,2026-09-01T23:33:29+0900,Korean meaning not confidently aligned
w_f74414ba058d9492,N4,,manual_review,高校生,こうこうせい,,,,,,N4,https://ja.dict.naver.com/#/search?query=%E9%AB%98%E6%A0%A1%E7%94%9F,2026-09-01T23:33:29+0900,"JLPT-tagged search results exist, but none matched both form and reading"
w_7023cf63269f952d,N4,,manual_review,髪,かみ,,,,,surface+reading,N4,https://ja.dict.naver.com/#/search?query=%E9%AB%AA,2026-09-01T23:33:29+0900,Korean meaning not confidently aligned
w_55a89ec42223f73e,N5,,manual_review,いい,いい,,,,,surface+reading,N5,https://ja.dict.naver.com/#/search?query=%E3%81%84%E3%81%84,2026-09-01T23:33:29+0900,Korean meaning not confidently aligned
w_77c93537e7c5e4fd,N5,,manual_review,いくつ,いくつ,,,,,surface+reading,N5,https://ja.dict.naver.com/#/search?query=%E3%81%84%E3%81%8F%E3%81%A4,2026-09-01T23:33:29+0900,part of speech not confirmed: app=adverb NAVER=명사
w_0385d7c8467b50dd,N5,,manual_review,いつ,いつ,,,,,surface+reading,N5,https://ja.dict.naver.com/#/search?query=%E3%81%84%E3%81%A4,2026-09-01T23:33:29+0900,"part of speech not confirmed: app=pronoun NAVER=명사,부사"
w_0eb7fb9f9547d8f1,N5,,manual_review,いつも,いつも,,,,,surface+reading,N5,https://ja.dict.naver.com/#/search?query=%E3%81%84%E3%81%A4%E3%82%82,2026-09-01T23:33:29+0900,Korean meaning not confidently aligned
w_a9ecc3b353d6e247,N5,,manual_review,いる,いる,,,,,,N2|N5,https://ja.dict.naver.com/#/search?query=%E3%81%84%E3%82%8B,2026-09-01T23:33:29+0900,multiple NAVER entries match surface+reading
w_1bb41e64364f894d,N5,,manual_review,うるさい,うるさい,,,,,surface+reading,N5,https://ja.dict.naver.com/#/search?query=%E3%81%86%E3%82%8B%E3%81%95%E3%81%84,2026-09-01T23:33:29+0900,Korean meaning not confidently aligned
w_5b637076c1aa0e76,N5,,manual_review,お兄さん,おにいさん,,,,,,N5,https://ja.dict.naver.com/#/search?query=%E3%81%8A%E5%85%84%E3%81%95%E3%82%93,2026-09-01T23:33:29+0900,"JLPT-tagged search results exist, but none matched both form and reading"
w_f8664ab5d676e9fa,N5,,manual_review,お弁当,おべんとう,,,,,,N5,https://ja.dict.naver.com/#/search?query=%E3%81%8A%E5%BC%81%E5%BD%93,2026-09-01T23:33:29+0900,"JLPT-tagged search results exist, but none matched both form and reading"
w_81692f3ef0c299c7,N5,,manual_review,お皿,おさら,,,,,,N5,https://ja.dict.naver.com/#/search?query=%E3%81%8A%E7%9A%BF,2026-09-01T23:33:29+0900,"JLPT-tagged search results exist, but none matched both form and reading"
w_7aa37a17271d254c,N5,,manual_review,お菓子,おかし,,,,,,N5,https://ja.dict.naver.com/#/search?query=%E3%81%8A%E8%8F%93%E5%AD%90,2026-09-01T23:33:29+0900,"JLPT-tagged search results exist, but none matched both form and reading"
w_623d9f78e8f3f7cf,N5,,manual_review,お酒,おさけ,,,,,,N5,https://ja.dict.naver.com/#/search?query=%E3%81%8A%E9%85%92,2026-09-01T23:33:29+0900,"JLPT-tagged search results exist, but none matched both form and reading"
w_5774ff04f7f580b5,N5,,manual_review,お願いします,おねがいします,,,,,,N5,https://ja.dict.naver.com/#/search?query=%E3%81%8A%E9%A1%98%E3%81%84%E3%81%97%E3%81%BE%E3%81%99,2026-09-01T23:33:29+0900,"JLPT-tagged search results exist, but none matched both form and reading"
w_c650245fe94b2d55,N5,,manual_review,お風呂,おふろ,,,,,,N5,https://ja.dict.naver.com/#/search?query=%E3%81%8A%E9%A2%A8%E5%91%82,2026-09-01T23:33:29+0900,"JLPT-tagged search results exist, but none matched both form and reading"
w_98e68681f275b2c8,N5,,manual_review,ここ,ここ,,,,,,N1|N5,https://ja.dict.naver.com/#/search?query=%E3%81%93%E3%81%93,2026-09-01T23:33:29+0900,multiple NAVER entries match surface+reading
w_b685581646830d57,N5,,manual_review,こちらこそ,こちらこそ,,,,,,N5,https://ja.dict.naver.com/#/search?query=%E3%81%93%E3%81%A1%E3%82%89%E3%81%93%E3%81%9D,2026-09-01T23:33:29+0900,"JLPT-tagged search results exist, but none matched both form and reading"
w_465e1dc0b70ccc7d,N5,,manual_review,こんにちは,こんにちは,,,,,surface+reading,N5,https://ja.dict.naver.com/#/search?query=%E3%81%93%E3%82%93%E3%81%AB%E3%81%A1%E3%81%AF,2026-09-01T23:33:29+0900,part of speech not confirmed: app=interjection NAVER=기타
w_92eb50477a0ece80,N5,,manual_review,ごめんなさい,ごめんなさい,,,,,,N5,https://ja.dict.naver.com/#/search?query=%E3%81%94%E3%82%81%E3%82%93%E3%81%AA%E3%81%95%E3%81%84,2026-09-01T23:33:29+0900,"JLPT-tagged search results exist, but none matched both form and reading"
w_25b648bf778c94cd,N5,,manual_review,する,する,,,,,,N1|N2|N4|N5,https://ja.dict.naver.com/#/search?query=%E3%81%99%E3%82%8B,2026-09-01T23:33:29+0900,multiple NAVER entries match surface+reading
w_e1f8cbd438805e5e,N5,,manual_review,だんだん,だんだん,,,,,surface+reading,N5,https://ja.dict.naver.com/#/search?query=%E3%81%A0%E3%82%93%E3%81%A0%E3%82%93,2026-09-01T23:33:29+0900,part of speech not confirmed: app=interjection NAVER=부사
w_1da8dde639dcee40,N5,,manual_review,でも,でも,,,,,surface+reading,N5,https://ja.dict.naver.com/#/search?query=%E3%81%A7%E3%82%82,2026-09-01T23:33:29+0900,"part of speech not confirmed: app=conjunction NAVER=기타,조사"
w_901e9473e86b14cd,N5,,manual_review,また,また,,,,,,N1|N5,https://ja.dict.naver.com/#/search?query=%E3%81%BE%E3%81%9F,2026-09-01T23:33:29+0900,multiple NAVER entries match surface+reading
w_01658ab2cabde4e9,N5,,manual_review,もっと,もっと,,,,,surface+reading,N5,https://ja.dict.naver.com/#/search?query=%E3%82%82%E3%81%A3%E3%81%A8,2026-09-01T23:33:29+0900,Korean meaning not confidently aligned
w_6b2eba28cfff51ce,N5,,manual_review,デパート,デパート,,,,,surface+reading,N5,https://ja.dict.naver.com/#/search?query=%E3%83%87%E3%83%91%E3%83%BC%E3%83%88,2026-09-01T23:33:29+0900,Korean meaning not confidently aligned
w_0bbed65bbab68eb4,N5,,manual_review,一,いち,,,,,surface+reading,N5,https://ja.dict.naver.com/#/search?query=%E4%B8%80,2026-09-01T23:33:29+0900,part of speech not confirmed: app=numeral NAVER=명사
w_5c2a9218aaab8bf9,N5,,manual_review,七時,しちじ,,,,,,N5,https://ja.dict.naver.com/#/search?query=%E4%B8%83%E6%99%82,2026-09-01T23:33:29+0900,"JLPT-tagged search results exist, but none matched both form and reading"
w_85f9dd6060389151,N5,,manual_review,丈夫,じょうぶ,,,,,surface+reading,N5,https://ja.dict.naver.com/#/search?query=%E4%B8%88%E5%A4%AB,2026-09-01T23:33:29+0900,part of speech not confirmed: app=noun NAVER=형용동사
w_7ce478d1c4361987,N5,,manual_review,三回,さんかい,,,,,,N5,https://ja.dict.naver.com/#/search?query=%E4%B8%89%E5%9B%9E,2026-09-01T23:33:29+0900,"JLPT-tagged search results exist, but none matched both form and reading"
w_a2adf1cb9c70191e,N5,,manual_review,上げる,あげる,,,,,surface+reading,N5,https://ja.dict.naver.com/#/search?query=%E4%B8%8A%E3%81%92%E3%82%8B,2026-09-01T23:33:29+0900,Korean meaning not confidently aligned
w_412d7a3479a4f8a3,N5,,manual_review,二匹,にひき,,,,,,N5,https://ja.dict.naver.com/#/search?query=%E4%BA%8C%E5%8C%B9,2026-09-01T23:33:29+0900,"JLPT-tagged search results exist, but none matched both form and reading"
w_50ffd2ba2cc08cff,N5,,manual_review,二日,ふつか,,,,,surface+reading,N5,https://ja.dict.naver.com/#/search?query=%E4%BA%8C%E6%97%A5,2026-09-01T23:33:29+0900,Korean meaning not confidently aligned
w_dd5441408bb2d6e5,N5,,manual_review,五つ,いつつ,,,,,surface+reading,N5,https://ja.dict.naver.com/#/search?query=%E4%BA%94%E3%81%A4,2026-09-01T23:33:29+0900,part of speech not confirmed: app=numeral NAVER=명사
w_f633b5d4edaf65e3,N5,,manual_review,交番,こうばん,,,,,surface+reading,N5,https://ja.dict.naver.com/#/search?query=%E4%BA%A4%E7%95%AA,2026-09-01T23:33:29+0900,Korean meaning not confidently aligned
w_a2b086e8e8b12875,N5,,manual_review,今月,こんげつ,,,,,surface+reading,N5,https://ja.dict.naver.com/#/search?query=%E4%BB%8A%E6%9C%88,2026-09-01T23:33:29+0900,Korean meaning not confidently aligned
w_9db786096f7cde8d,N5,,manual_review,位,くらい,,,,,surface+reading,N5,https://ja.dict.naver.com/#/search?query=%E4%BD%8D,2026-09-01T23:33:29+0900,"part of speech not confirmed: app=suffix NAVER=명사,조사"
w_db9e3cee735c2e2a,N5,,manual_review,何人,なんにん,,,,,surface+reading,N5,https://ja.dict.naver.com/#/search?query=%E4%BD%95%E4%BA%BA,2026-09-01T23:33:29+0900,Korean meaning not confidently aligned
w_a086fdbd8376013f,N5,,manual_review,余り,あまり,,,,,surface+reading,N5,https://ja.dict.naver.com/#/search?query=%E4%BD%99%E3%82%8A,2026-09-01T23:33:29+0900,Korean meaning not confidently aligned
w_6331df76a706ca58,N5,,manual_review,便利,べんり,,,,,surface+reading,N5,https://ja.dict.naver.com/#/search?query=%E4%BE%BF%E5%88%A9,2026-09-01T23:33:29+0900,part of speech not confirmed: app=adjective NAVER=명사
w_3c23adf18899bec0,N5,,manual_review,元気,げんき,,,,,surface+reading,N5,https://ja.dict.naver.com/#/search?query=%E5%85%83%E6%B0%97,2026-09-01T23:33:29+0900,Korean meaning not confidently aligned
w_98d17bf25edfe4cf,N5,,manual_review,先,さき,,,,,surface+reading,N5,https://ja.dict.naver.com/#/search?query=%E5%85%88,2026-09-01T23:33:29+0900,Korean meaning not confidently aligned
w_9e78a27c5f2d6452,N5,,manual_review,先生,せんせい,,,,,surface+reading,N5,https://ja.dict.naver.com/#/search?query=%E5%85%88%E7%94%9F,2026-09-01T23:33:29+0900,Korean meaning not confidently aligned
w_8b48398f0e097160,N5,,manual_review,入る,はいる,,,,,surface+reading,N5,https://ja.dict.naver.com/#/search?query=%E5%85%A5%E3%82%8B,2026-09-01T23:33:29+0900,Korean meaning not confidently aligned
w_4c739feaedcd1de0,N5,,manual_review,八日,ようか,,,,,surface+reading,N5,https://ja.dict.naver.com/#/search?query=%E5%85%AB%E6%97%A5,2026-09-01T23:33:29+0900,Korean meaning not confidently aligned
w_8870a1086ece654b,N5,,manual_review,円,えん,,,,,surface+reading,N5,https://ja.dict.naver.com/#/search?query=%E5%86%86,2026-09-01T23:33:29+0900,Korean meaning not confidently aligned
w_52ca205b3d7f3971,N5,,manual_review,出る,でる,,,,,surface+reading,N5,https://ja.dict.naver.com/#/search?query=%E5%87%BA%E3%82%8B,2026-09-01T23:33:29+0900,Korean meaning not confidently aligned
w_50bb9153fcefb747,N5,,manual_review,切手,きって,,,,,surface+reading,N5,https://ja.dict.naver.com/#/search?query=%E5%88%87%E6%89%8B,2026-09-01T23:33:29+0900,Korean meaning not confidently aligned
w_80ceb9fc02428991,N5,,manual_review,十,じゅう,,,,,surface+reading,N5,https://ja.dict.naver.com/#/search?query=%E5%8D%81,2026-09-01T23:33:29+0900,part of speech not confirmed: app=numeral NAVER=명사
w_e7f652ae64d8d30e,N5,,manual_review,吸う,すう,,,,,surface+reading,N5,https://ja.dict.naver.com/#/search?query=%E5%90%B8%E3%81%86,2026-09-01T23:33:29+0900,Korean meaning not confidently aligned
w_078c37ed2c920c51,N5,,manual_review,土曜日,どようび,,,,,surface+reading,N5,https://ja.dict.naver.com/#/search?query=%E5%9C%9F%E6%9B%9C%E6%97%A5,2026-09-01T23:33:29+0900,part of speech not confirmed: app=adverb NAVER=명사
w_df378927cc7ca748,N5,,manual_review,声,こえ,,,,,surface+reading,N5,https://ja.dict.naver.com/#/search?query=%E5%A3%B0,2026-09-01T23:33:29+0900,Korean meaning not confidently aligned
w_246ecd1df45ca078,N5,,manual_review,夏,なつ,,,,,surface+reading,N5,https://ja.dict.naver.com/#/search?query=%E5%A4%8F,2026-09-01T23:33:29+0900,part of speech not confirmed: app=adverb NAVER=명사
w_9d6fc0a786122b00,N5,,manual_review,夕方,ゆうがた,,,,,surface+reading,N5,https://ja.dict.naver.com/#/search?query=%E5%A4%95%E6%96%B9,2026-09-01T23:33:29+0900,part of speech not confirmed: app=adverb NAVER=명사
w_33531b76799297b3,N5,,manual_review,夕飯,ゆうはん,,,,,surface+reading,N5,https://ja.dict.naver.com/#/search?query=%E5%A4%95%E9%A3%AF,2026-09-01T23:33:29+0900,Korean meaning not confidently aligned
w_4d2ace818d1c6875,N5,,manual_review,夜,よる,,,,,surface+reading,N5,https://ja.dict.naver.com/#/search?query=%E5%A4%9C,2026-09-01T23:33:29+0900,part of speech not confirmed: app=adverb NAVER=명사
w_e2505ce2fcaf3d73,N5,,manual_review,大人,おとな,,,,,surface+reading,N5,https://ja.dict.naver.com/#/search?query=%E5%A4%A7%E4%BA%BA,2026-09-01T23:33:29+0900,part of speech not confirmed: app=adjective NAVER=명사
w_b44959bb47bfe991,N5,,manual_review,大勢,おおぜい,,,,,surface+reading,N5,https://ja.dict.naver.com/#/search?query=%E5%A4%A7%E5%8B%A2,2026-09-01T23:33:29+0900,Korean meaning not confidently aligned
w_d631fd55fbc45d65,N5,,manual_review,大変,たいへん,,,,,,N4|N5,https://ja.dict.naver.com/#/search?query=%E5%A4%A7%E5%A4%89,2026-09-01T23:33:29+0900,multiple NAVER entries match surface+reading
w_9462c592fc28b4a7,N5,,manual_review,女の人,おんなのひと,,,,,,N5,https://ja.dict.naver.com/#/search?query=%E5%A5%B3%E3%81%AE%E4%BA%BA,2026-09-01T23:33:29+0900,"JLPT-tagged search results exist, but none matched both form and reading"
w_0611fb1bc235a05e,N5,,manual_review,妹,いもうと,,,,,surface+reading,N5,https://ja.dict.naver.com/#/search?query=%E5%A6%B9,2026-09-01T23:33:29+0900,Korean meaning not confidently aligned
w_5fea848de2213d5f,N5,,manual_review,嫌い,きらい,,,,,surface+reading,N5,https://ja.dict.naver.com/#/search?query=%E5%AB%8C%E3%81%84,2026-09-01T23:33:29+0900,part of speech not confirmed: app=adjective NAVER=명사
w_120144f6fe5e6500,N5,,manual_review,帰る,かえる,,,,,surface+reading,N5,https://ja.dict.naver.com/#/search?query=%E5%B8%B0%E3%82%8B,2026-09-01T23:33:29+0900,Korean meaning not confidently aligned
w_d5f25dace331d783,N5,,manual_review,後,あと,,,,,surface+reading,N5,https://ja.dict.naver.com/#/search?query=%E5%BE%8C,2026-09-01T23:33:29+0900,Korean meaning not confidently aligned
w_83c36d0b9febe099,N5,,manual_review,御飯,ごはん,,,,,surface+reading,N5,https://ja.dict.naver.com/#/search?query=%E5%BE%A1%E9%A3%AF,2026-09-01T23:33:29+0900,Korean meaning not confidently aligned
w_de95050774bb705b,N5,,manual_review,映画館,えいがかん,,,,,,N5,https://ja.dict.naver.com/#/search?query=%E6%98%A0%E7%94%BB%E9%A4%A8,2026-09-01T23:33:29+0900,"JLPT-tagged search results exist, but none matched both form and reading"
w_d50cec7f098a628f,N5,,manual_review,春,はる,,,,,surface+reading,N5,https://ja.dict.naver.com/#/search?query=%E6%98%A5,2026-09-01T23:33:29+0900,part of speech not confirmed: app=adverb NAVER=명사
w_aef420c79bbeb170,N5,,manual_review,暇,ひま,,,,,surface+reading,N5,https://ja.dict.naver.com/#/search?query=%E6%9A%87,2026-09-01T23:33:29+0900,Korean meaning not confidently aligned
w_53c860c03d92179a,N5,,manual_review,月曜日,げつようび,,,,,,N5,https://ja.dict.naver.com/#/search?query=%E6%9C%88%E6%9B%9C%E6%97%A5,2026-09-01T23:33:29+0900,"JLPT-tagged search results exist, but none matched both form and reading"
w_333b217f32bb9f91,N5,,manual_review,朝ご飯,あさごはん,,,,,,N5,https://ja.dict.naver.com/#/search?query=%E6%9C%9D%E3%81%94%E9%A3%AF,2026-09-01T23:33:29+0900,"JLPT-tagged search results exist, but none matched both form and reading"
w_716e7b794dbcaf51,N5,,manual_review,木曜日,もくようび,,,,,,N5,https://ja.dict.naver.com/#/search?query=%E6%9C%A8%E6%9B%9C%E6%97%A5,2026-09-01T23:33:29+0900,"JLPT-tagged search results exist, but none matched both form and reading"
w_cc0f0e309f1d1703,N5,,manual_review,来週,らいしゅう,,,,,surface+reading,N5,https://ja.dict.naver.com/#/search?query=%E6%9D%A5%E9%80%B1,2026-09-01T23:33:29+0900,part of speech not confirmed: app=adverb NAVER=명사
w_0363b4d7e46c0a57,N5,,manual_review,歌う,うたう,,,,,surface+reading,N5,https://ja.dict.naver.com/#/search?query=%E6%AD%8C%E3%81%86,2026-09-01T23:33:29+0900,Korean meaning not confidently aligned
w_13a157c458bf7731,N5,,manual_review,母,はは,,,,,surface+reading,N5,https://ja.dict.naver.com/#/search?query=%E6%AF%8D,2026-09-01T23:33:29+0900,Korean meaning not confidently aligned
w_da5a628fb9113ea9,N5,,manual_review,毎日,まいにち,,,,,surface+reading,N5,https://ja.dict.naver.com/#/search?query=%E6%AF%8E%E6%97%A5,2026-09-01T23:33:29+0900,part of speech not confirmed: app=adverb NAVER=명사
w_4e58298752ee2215,N5,,manual_review,毎朝,まいあさ,,,,,surface+reading,N5,https://ja.dict.naver.com/#/search?query=%E6%AF%8E%E6%9C%9D,2026-09-01T23:33:29+0900,part of speech not confirmed: app=adverb NAVER=명사
w_9b26b06b04353c7e,N5,,manual_review,毎週,まいしゅう,,,,,surface+reading,N5,https://ja.dict.naver.com/#/search?query=%E6%AF%8E%E9%80%B1,2026-09-01T23:33:29+0900,part of speech not confirmed: app=adverb NAVER=명사
w_4c61acba86c4d604,N5,,manual_review,水曜日,すいようび,,,,,,N5,https://ja.dict.naver.com/#/search?query=%E6%B0%B4%E6%9B%9C%E6%97%A5,2026-09-01T23:33:29+0900,"JLPT-tagged search results exist, but none matched both form and reading"
w_a93adb84663bb23a,N5,,manual_review,池,いけ,,,,,surface+reading,N5,https://ja.dict.naver.com/#/search?query=%E6%B1%A0,2026-09-01T23:33:29+0900,Korean meaning not confidently aligned
w_35b6d26ef3b6e9a4,N5,,manual_review,沢山,たくさん,,,,,surface+reading,N5,https://ja.dict.naver.com/#/search?query=%E6%B2%A2%E5%B1%B1,2026-09-01T23:33:29+0900,Korean meaning not confidently aligned
w_b69623c9f42326bc,N5,,manual_review,浴びる,あびる,,,,,surface+reading,N5,https://ja.dict.naver.com/#/search?query=%E6%B5%B4%E3%81%B3%E3%82%8B,2026-09-01T23:33:29+0900,Korean meaning not confidently aligned
w_245d63ae14dc7240,N5,,manual_review,火曜日,かようび,,,,,surface+reading,N5,https://ja.dict.naver.com/#/search?query=%E7%81%AB%E6%9B%9C%E6%97%A5,2026-09-01T23:33:29+0900,part of speech not confirmed: app=adverb NAVER=명사
w_c62caa4afa7e342b,N5,,manual_review,男の人,おとこのひと,,,,,,N5,https://ja.dict.naver.com/#/search?query=%E7%94%B7%E3%81%AE%E4%BA%BA,2026-09-01T23:33:29+0900,"JLPT-tagged search results exist, but none matched both form and reading"
w_e00ba9d4a48f9387,N5,,manual_review,男の子,おとこのこ,,,,,surface+reading,N5,https://ja.dict.naver.com/#/search?query=%E7%94%B7%E3%81%AE%E5%AD%90,2026-09-01T23:33:29+0900,Korean meaning not confidently aligned
w_9f1844144a87d5f8,N5,,manual_review,町,まち,,,,,surface+reading,N5,https://ja.dict.naver.com/#/search?query=%E7%94%BA,2026-09-01T23:33:29+0900,Korean meaning not confidently aligned
w_4e9ce7da04c4774f,N5,,manual_review,登る,のぼる,,,,,,N5,https://ja.dict.naver.com/#/search?query=%E7%99%BB%E3%82%8B,2026-09-01T23:33:29+0900,"JLPT-tagged search results exist, but none matched both form and reading"
w_3b99165f45748b41,N5,,manual_review,綺麗,きれい,,,,,surface+reading,N5,https://ja.dict.naver.com/#/search?query=%E7%B6%BA%E9%BA%97,2026-09-01T23:33:29+0900,Korean meaning not confidently aligned
w_880c807fbde1f75f,N5,,manual_review,締める,しめる,,,,,surface+reading,N5,https://ja.dict.naver.com/#/search?query=%E7%B7%A0%E3%82%81%E3%82%8B,2026-09-01T23:33:29+0900,Korean meaning not confidently aligned
w_794b4334a01909b6,N5,,manual_review,置く,おく,,,,,surface+reading,N5,https://ja.dict.naver.com/#/search?query=%E7%BD%AE%E3%81%8F,2026-09-01T23:33:29+0900,part of speech not confirmed: app=noun NAVER=동사
w_58075cd1141bf75e,N5,,manual_review,角,かど,,,,,surface+reading,N5,https://ja.dict.naver.com/#/search?query=%E8%A7%92,2026-09-01T23:33:29+0900,part of speech not confirmed: app=adjective NAVER=명사
w_fb5cbbf9ac77e220,N5,,manual_review,賑やか,にぎやか,,,,,surface+reading,N5,https://ja.dict.naver.com/#/search?query=%E8%B3%91%E3%82%84%E3%81%8B,2026-09-01T23:33:29+0900,Korean meaning not confidently aligned
w_ea3d8a4e6ed4bc82,N5,,manual_review,足,あし,,,,,surface+reading,N5,https://ja.dict.naver.com/#/search?query=%E8%B6%B3,2026-09-01T23:33:29+0900,Korean meaning not confidently aligned
w_a9a5a7b5fbe0a750,N5,,manual_review,車,くるま,,,,,surface+reading,N5,https://ja.dict.naver.com/#/search?query=%E8%BB%8A,2026-09-01T23:33:29+0900,Korean meaning not confidently aligned
w_113c116f7b2b3d71,N5,,manual_review,返す,かえす,,,,,surface+reading,N5,https://ja.dict.naver.com/#/search?query=%E8%BF%94%E3%81%99,2026-09-01T23:33:29+0900,Korean meaning not confidently aligned
w_6c762964f34abbe1,N5,,manual_review,速い,はやい,,,,,,N5,https://ja.dict.naver.com/#/search?query=%E9%80%9F%E3%81%84,2026-09-01T23:33:29+0900,"JLPT-tagged search results exist, but none matched both form and reading"
w_2cd841d468cc927a,N5,,manual_review,金曜日,きんようび,,,,,,N5,https://ja.dict.naver.com/#/search?query=%E9%87%91%E6%9B%9C%E6%97%A5,2026-09-01T23:33:29+0900,"JLPT-tagged search results exist, but none matched both form and reading"
w_eff8aedd9cddd1a9,N5,,manual_review,閉める,しめる,,,,,,N5,https://ja.dict.naver.com/#/search?query=%E9%96%89%E3%82%81%E3%82%8B,2026-09-01T23:33:29+0900,"JLPT-tagged search results exist, but none matched both form and reading"
w_8d9de57898fcd69d,N5,,manual_review,電車,でんしゃ,,,,,surface+reading,N5,https://ja.dict.naver.com/#/search?query=%E9%9B%BB%E8%BB%8A,2026-09-01T23:33:29+0900,Korean meaning not confidently aligned
w_0e507343bb54e8a0,N5,,manual_review,静か,しずか,,,,,surface+reading,N5,https://ja.dict.naver.com/#/search?query=%E9%9D%99%E3%81%8B,2026-09-01T23:33:29+0900,Korean meaning not confidently aligned
w_e08e5b558857d76c,N5,,manual_review,風邪,かぜ,,,,,,N5,https://ja.dict.naver.com/#/search?query=%E9%A2%A8%E9%82%AA,2026-09-01T23:33:29+0900,"JLPT-tagged search results exist, but none matched both form and reading"
w_43ee33fb295d1f1e,N1,,naver_level_missing,いとも,いとも,,,,,,,https://ja.dict.naver.com/#/search?query=%E3%81%84%E3%81%A8%E3%82%82,2026-09-01T23:33:29+0900,No JLPT-tagged NAVER entry found
w_c530d263e6c6b918,N1,,naver_level_missing,うずうず,うずうず,,,,,,,https://ja.dict.naver.com/#/search?query=%E3%81%86%E3%81%9A%E3%81%86%E3%81%9A,2026-09-01T23:33:29+0900,No JLPT-tagged NAVER entry found
w_9e9920009cc9ad91,N1,,naver_level_missing,がやがや,がやがや,,,,,,,https://ja.dict.naver.com/#/search?query=%E3%81%8C%E3%82%84%E3%81%8C%E3%82%84,2026-09-01T23:33:29+0900,No JLPT-tagged NAVER entry found
w_0e945f50fef8ccd1,N1,,naver_level_missing,ぎくしゃくする,ぎくしゃくする,,,,,,,https://ja.dict.naver.com/#/search?query=%E3%81%8E%E3%81%8F%E3%81%97%E3%82%83%E3%81%8F%E3%81%99%E3%82%8B,2026-09-01T23:33:29+0900,No JLPT-tagged NAVER entry found
w_862d6a9a85c61cfc,N1,,naver_level_missing,さっぱりする,さっぱりする,,,,,,,https://ja.dict.naver.com/#/search?query=%E3%81%95%E3%81%A3%E3%81%B1%E3%82%8A%E3%81%99%E3%82%8B,2026-09-01T23:33:29+0900,No JLPT-tagged NAVER entry found
w_f7150303f9f13754,N1,,naver_level_missing,じめじめする,じめじめする,,,,,,,https://ja.dict.naver.com/#/search?query=%E3%81%98%E3%82%81%E3%81%98%E3%82%81%E3%81%99%E3%82%8B,2026-09-01T23:33:29+0900,No JLPT-tagged NAVER entry found
w_bc10256c90a28adf,N1,,naver_level_missing,すべすべ,すべすべ,,,,,,,https://ja.dict.naver.com/#/search?query=%E3%81%99%E3%81%B9%E3%81%99%E3%81%B9,2026-09-01T23:33:29+0900,No JLPT-tagged NAVER entry found
w_5e7dc6e83da2cf4d,N1,,naver_level_missing,すれ違い,すれちがい,,,,,,,https://ja.dict.naver.com/#/search?query=%E3%81%99%E3%82%8C%E9%81%95%E3%81%84,2026-09-01T23:33:29+0900,No JLPT-tagged NAVER entry found
w_d21273e09a47a3a6,N1,,naver_level_missing,ずっしり,ずっしり,,,,,,,https://ja.dict.naver.com/#/search?query=%E3%81%9A%E3%81%A3%E3%81%97%E3%82%8A,2026-09-01T23:33:29+0900,No JLPT-tagged NAVER entry found
w_fdb8587ac0d4a801,N1,,naver_level_missing,せかせか,せかせか,,,,,,,https://ja.dict.naver.com/#/search?query=%E3%81%9B%E3%81%8B%E3%81%9B%E3%81%8B,2026-09-01T23:33:29+0900,No JLPT-tagged NAVER entry found
w_00fdfc96ba99bd53,N1,,naver_level_missing,そわそわ,そわそわ,,,,,,,https://ja.dict.naver.com/#/search?query=%E3%81%9D%E3%82%8F%E3%81%9D%E3%82%8F,2026-09-01T23:33:29+0900,No JLPT-tagged NAVER entry found
w_be035463f7a68af0,N1,,naver_level_missing,つかの間,つかのま,,,,,,,https://ja.dict.naver.com/#/search?query=%E3%81%A4%E3%81%8B%E3%81%AE%E9%96%93,2026-09-01T23:33:29+0900,No JLPT-tagged NAVER entry found
w_47edcddb0f1d2f8d,N1,,naver_level_missing,てきぱき,てきぱき,,,,,,,https://ja.dict.naver.com/#/search?query=%E3%81%A6%E3%81%8D%E3%81%B1%E3%81%8D,2026-09-01T23:33:29+0900,No JLPT-tagged NAVER entry found
w_e46e25b8f8c8a88c,N1,,naver_level_missing,にも関わらず,にもかかわらず,,,,,,,https://ja.dict.naver.com/#/search?query=%E3%81%AB%E3%82%82%E9%96%A2%E3%82%8F%E3%82%89%E3%81%9A,2026-09-01T23:33:29+0900,No JLPT-tagged NAVER entry found
w_560e1f4a183fad1d,N1,,naver_level_missing,ひしひし,ひしひし,,,,,,,https://ja.dict.naver.com/#/search?query=%E3%81%B2%E3%81%97%E3%81%B2%E3%81%97,2026-09-01T23:33:29+0900,No JLPT-tagged NAVER entry found
w_f2ad7e17b7d9da41,N1,,naver_level_missing,へとへと,へとへと,,,,,,,https://ja.dict.naver.com/#/search?query=%E3%81%B8%E3%81%A8%E3%81%B8%E3%81%A8,2026-09-01T23:33:29+0900,No JLPT-tagged NAVER entry found
w_fc60d1c406caed4b,N1,,naver_level_missing,みっちり,みっちり,,,,,,,https://ja.dict.naver.com/#/search?query=%E3%81%BF%E3%81%A3%E3%81%A1%E3%82%8A,2026-09-01T23:33:29+0900,No JLPT-tagged NAVER entry found
w_790cf4bdda0645fb,N1,,naver_level_missing,もどかしい,もどかしい,,,,,,,https://ja.dict.naver.com/#/search?query=%E3%82%82%E3%81%A9%E3%81%8B%E3%81%97%E3%81%84,2026-09-01T23:33:29+0900,No JLPT-tagged NAVER entry found
w_d8f9e2302104e892,N1,,naver_level_missing,やむを得ず,やむをえず,,,,,,,https://ja.dict.naver.com/#/search?query=%E3%82%84%E3%82%80%E3%82%92%E5%BE%97%E3%81%9A,2026-09-01T23:33:29+0900,No JLPT-tagged NAVER entry found
w_2f80515abdd9d298,N1,,naver_level_missing,インターフォン,インターフォン,,,,,,,https://ja.dict.naver.com/#/search?query=%E3%82%A4%E3%83%B3%E3%82%BF%E3%83%BC%E3%83%95%E3%82%A9%E3%83%B3,2026-09-01T23:33:29+0900,No JLPT-tagged NAVER entry found
w_76cd61803b197a73,N1,,naver_level_missing,ウエイト,ウエイト,,,,,,,https://ja.dict.naver.com/#/search?query=%E3%82%A6%E3%82%A8%E3%82%A4%E3%83%88,2026-09-01T23:33:29+0900,No JLPT-tagged NAVER entry found
w_5f17979c49bed7c4,N1,,naver_level_missing,クレーム,クレーム,,,,,,,https://ja.dict.naver.com/#/search?query=%E3%82%AF%E3%83%AC%E3%83%BC%E3%83%A0,2026-09-01T23:33:29+0900,No JLPT-tagged NAVER entry found
w_61a461e00a21af9a,N1,,naver_level_missing,センサー,センサー,,,,,,,https://ja.dict.naver.com/#/search?query=%E3%82%BB%E3%83%B3%E3%82%B5%E3%83%BC,2026-09-01T23:33:29+0900,No JLPT-tagged NAVER entry found
w_2a768ef5dc0abdb7,N1,,naver_level_missing,タンパク質,たんぱくしつ,,,,,,,https://ja.dict.naver.com/#/search?query=%E3%82%BF%E3%83%B3%E3%83%91%E3%82%AF%E8%B3%AA,2026-09-01T23:33:29+0900,No JLPT-tagged NAVER entry found
w_ef69d226c0ff5071,N1,,naver_level_missing,ダンプ,ダンプ,,,,,,,https://ja.dict.naver.com/#/search?query=%E3%83%80%E3%83%B3%E3%83%97,2026-09-01T23:33:29+0900,No JLPT-tagged NAVER entry found
w_44db7429578a8638,N1,,naver_level_missing,ティッシュペーパー,ティッシュペーパー,,,,,,,https://ja.dict.naver.com/#/search?query=%E3%83%86%E3%82%A3%E3%83%83%E3%82%B7%E3%83%A5%E3%83%9A%E3%83%BC%E3%83%91%E3%83%BC,2026-09-01T23:33:29+0900,No JLPT-tagged NAVER entry found
w_ac480dfae7f71b45,N1,,naver_level_missing,ネック,ネック,,,,,,,https://ja.dict.naver.com/#/search?query=%E3%83%8D%E3%83%83%E3%82%AF,2026-09-01T23:33:29+0900,No JLPT-tagged NAVER entry found
w_92b609a19a2d5bb5,N1,,naver_level_missing,ノウハウ,ノウハウ,,,,,,,https://ja.dict.naver.com/#/search?query=%E3%83%8E%E3%82%A6%E3%83%8F%E3%82%A6,2026-09-01T23:33:29+0900,No JLPT-tagged NAVER entry found
w_2ecea75442206e84,N1,,naver_level_missing,ノルマ,ノルマ,,,,,,,https://ja.dict.naver.com/#/search?query=%E3%83%8E%E3%83%AB%E3%83%9E,2026-09-01T23:33:29+0900,No JLPT-tagged NAVER entry found
w_ae70c9f3987fc920,N1,,naver_level_missing,ハードル,ハードル,,,,,,,https://ja.dict.naver.com/#/search?query=%E3%83%8F%E3%83%BC%E3%83%89%E3%83%AB,2026-09-01T23:33:29+0900,No JLPT-tagged NAVER entry found
w_a3e4b1cc3e60aae9,N1,,naver_level_missing,ピント,ピント,,,,,,,https://ja.dict.naver.com/#/search?query=%E3%83%94%E3%83%B3%E3%83%88,2026-09-01T23:33:29+0900,No JLPT-tagged NAVER entry found
w_be8f9e3b572d5ccc,N1,,naver_level_missing,フォローする,フォローする,,,,,,,https://ja.dict.naver.com/#/search?query=%E3%83%95%E3%82%A9%E3%83%AD%E3%83%BC%E3%81%99%E3%82%8B,2026-09-01T23:33:29+0900,No JLPT-tagged NAVER entry found
w_d893936600008bb3,N1,,naver_level_missing,ユニフォーム,ユニフォーム,,,,,,,https://ja.dict.naver.com/#/search?query=%E3%83%A6%E3%83%8B%E3%83%95%E3%82%A9%E3%83%BC%E3%83%A0,2026-09-01T23:33:29+0900,No JLPT-tagged NAVER entry found
w_11f44b191e516e20,N1,,naver_level_missing,リスク,リスク,,,,,,,https://ja.dict.naver.com/#/search?query=%E3%83%AA%E3%82%B9%E3%82%AF,2026-09-01T23:33:29+0900,No JLPT-tagged NAVER entry found
w_67b9ee16274ff79d,N1,,naver_level_missing,リストアップ,リストアップ,,,,,,,https://ja.dict.naver.com/#/search?query=%E3%83%AA%E3%82%B9%E3%83%88%E3%82%A2%E3%83%83%E3%83%97,2026-09-01T23:33:29+0900,No JLPT-tagged NAVER entry found
w_c73145fc9684b446,N1,,naver_level_missing,レイアウト,レイアウト,,,,,,,https://ja.dict.naver.com/#/search?query=%E3%83%AC%E3%82%A4%E3%82%A2%E3%82%A6%E3%83%88,2026-09-01T23:33:29+0900,No JLPT-tagged NAVER entry found
w_150dcbd2b6dcb160,N1,,naver_level_missing,ロープウェイ,ロープウェイ,,,,,,,https://ja.dict.naver.com/#/search?query=%E3%83%AD%E3%83%BC%E3%83%97%E3%82%A6%E3%82%A7%E3%82%A4,2026-09-01T23:33:29+0900,No JLPT-tagged NAVER entry found
w_c8414f11df443a17,N1,,naver_level_missing,一任,いちにん,,,,,,,https://ja.dict.naver.com/#/search?query=%E4%B8%80%E4%BB%BB,2026-09-01T23:33:29+0900,No JLPT-tagged NAVER entry found
w_dfadcb81869cc16a,N1,,naver_level_missing,一掃,いっそう,,,,,,,https://ja.dict.naver.com/#/search?query=%E4%B8%80%E6%8E%83,2026-09-01T23:33:29+0900,No JLPT-tagged NAVER entry found
w_ac73764019110133,N1,,naver_level_missing,一環,いっかん,,,,,,,https://ja.dict.naver.com/#/search?query=%E4%B8%80%E7%92%B0,2026-09-01T23:33:29+0900,No JLPT-tagged NAVER entry found
w_ab222fb1839b50be,N1,,naver_level_missing,不意に,ふいに,,,,,,,https://ja.dict.naver.com/#/search?query=%E4%B8%8D%E6%84%8F%E3%81%AB,2026-09-01T23:33:29+0900,No JLPT-tagged NAVER entry found
w_ec215b5de5951a23,N1,,naver_level_missing,不用意,ふようい,,,,,,,https://ja.dict.naver.com/#/search?query=%E4%B8%8D%E7%94%A8%E6%84%8F,2026-09-01T23:33:29+0900,No JLPT-tagged NAVER entry found
w_f10d56d8651e9bba,N1,,naver_level_missing,丸々,まるまる,,,,,,,https://ja.dict.naver.com/#/search?query=%E4%B8%B8%E3%80%85,2026-09-01T23:33:29+0900,No JLPT-tagged NAVER entry found
w_a70263ff88911e3e,N1,,naver_level_missing,乗り出す,のりだす,,,,,,,https://ja.dict.naver.com/#/search?query=%E4%B9%97%E3%82%8A%E5%87%BA%E3%81%99,2026-09-01T23:33:29+0900,No JLPT-tagged NAVER entry found
w_a231f59f86279dcb,N1,,naver_level_missing,乗り込む,のりこむ,,,,,,,https://ja.dict.naver.com/#/search?query=%E4%B9%97%E3%82%8A%E8%BE%BC%E3%82%80,2026-09-01T23:33:29+0900,No JLPT-tagged NAVER entry found
w_fe5fee1184b27dda,N1,,naver_level_missing,予断,よだん,,,,,,,https://ja.dict.naver.com/#/search?query=%E4%BA%88%E6%96%AD,2026-09-01T23:33:29+0900,No JLPT-tagged NAVER entry found
w_73b7994c2eb747bd,N1,,naver_level_missing,云々,うんぬん,,,,,,,https://ja.dict.naver.com/#/search?query=%E4%BA%91%E3%80%85,2026-09-01T23:33:29+0900,No JLPT-tagged NAVER entry found
w_be6c610da5c1ab8d,N1,,naver_level_missing,互角,ごかく,,,,,,,https://ja.dict.naver.com/#/search?query=%E4%BA%92%E8%A7%92,2026-09-01T23:33:29+0900,No JLPT-tagged NAVER entry found
w_83a1a233497a6a27,N1,,naver_level_missing,些細,ささい,,,,,,,https://ja.dict.naver.com/#/search?query=%E4%BA%9B%E7%B4%B0,2026-09-01T23:33:29+0900,No JLPT-tagged NAVER entry found
w_59e50bf36e18a412,N1,,naver_level_missing,交わす,かわす,,,,,,,https://ja.dict.naver.com/#/search?query=%E4%BA%A4%E3%82%8F%E3%81%99,2026-09-01T23:33:29+0900,No JLPT-tagged NAVER entry found
w_3301d891bd6f4186,N1,,naver_level_missing,交錯する,こうさくする,,,,,,,https://ja.dict.naver.com/#/search?query=%E4%BA%A4%E9%8C%AF%E3%81%99%E3%82%8B,2026-09-01T23:33:29+0900,No JLPT-tagged NAVER entry found
w_913e70a1a243c809,N1,,naver_level_missing,人一倍,ひといちばい,,,,,,,https://ja.dict.naver.com/#/search?query=%E4%BA%BA%E4%B8%80%E5%80%8D,2026-09-01T23:33:29+0900,No JLPT-tagged NAVER entry found
w_88c43259bfb6ff51,N1,,naver_level_missing,人出,ひとで,,,,,,,https://ja.dict.naver.com/#/search?query=%E4%BA%BA%E5%87%BA,2026-09-01T23:33:29+0900,No JLPT-tagged NAVER entry found
w_376c24e325210ddf,N1,,naver_level_missing,人手,ひとで,,,,,,,https://ja.dict.naver.com/#/search?query=%E4%BA%BA%E6%89%8B,2026-09-01T23:33:29+0900,No JLPT-tagged NAVER entry found
w_73d48198071da2ca,N1,,naver_level_missing,人波,ひとなみ,,,,,,,https://ja.dict.naver.com/#/search?query=%E4%BA%BA%E6%B3%A2,2026-09-01T23:33:29+0900,No JLPT-tagged NAVER entry found
w_eca9d06a477ba945,N1,,naver_level_missing,人脈,じんみゃく,,,,,,,https://ja.dict.naver.com/#/search?query=%E4%BA%BA%E8%84%88,2026-09-01T23:33:29+0900,No JLPT-tagged NAVER entry found
w_ef28884111a886f1,N1,,naver_level_missing,仕上がり,しあがり,,,,,,,https://ja.dict.naver.com/#/search?query=%E4%BB%95%E4%B8%8A%E3%81%8C%E3%82%8A,2026-09-01T23:33:29+0900,No JLPT-tagged NAVER entry found
w_edaaa51fc020be6e,N1,,naver_level_missing,仕上げ,しあげ,,,,,,,https://ja.dict.naver.com/#/search?query=%E4%BB%95%E4%B8%8A%E3%81%92,2026-09-01T23:33:29+0900,No JLPT-tagged NAVER entry found
w_b87f291dcfcaefd7,N1,,naver_level_missing,仕掛け,しかけ,,,,,,,https://ja.dict.naver.com/#/search?query=%E4%BB%95%E6%8E%9B%E3%81%91,2026-09-01T23:33:29+0900,No JLPT-tagged NAVER entry found
w_2a5bde6cf8e65b4d,N1,,naver_level_missing,仕業,しわざ,,,,,,,https://ja.dict.naver.com/#/search?query=%E4%BB%95%E6%A5%AD,2026-09-01T23:33:29+0900,No JLPT-tagged NAVER entry found
w_b025d61bd92053cb,N1,,naver_level_missing,仕組み,しくみ,,,,,,,https://ja.dict.naver.com/#/search?query=%E4%BB%95%E7%B5%84%E3%81%BF,2026-09-01T23:33:29+0900,No JLPT-tagged NAVER entry found
w_8a0b553b954aa944,N1,,naver_level_missing,仰天,ぎょうてん,,,,,,,https://ja.dict.naver.com/#/search?query=%E4%BB%B0%E5%A4%A9,2026-09-01T23:33:29+0900,No JLPT-tagged NAVER entry found
w_12a8e8485deb3e3b,N1,,naver_level_missing,仲裁,ちゅうさい,,,,,,,https://ja.dict.naver.com/#/search?query=%E4%BB%B2%E8%A3%81,2026-09-01T23:33:29+0900,No JLPT-tagged NAVER entry found
w_6e5945c0cdea6719,N1,,naver_level_missing,会心,かいしん,,,,,,,https://ja.dict.naver.com/#/search?query=%E4%BC%9A%E5%BF%83,2026-09-01T23:33:29+0900,No JLPT-tagged NAVER entry found
w_c766896a204faa81,N1,,naver_level_missing,体付き,からだつき,,,,,,,https://ja.dict.naver.com/#/search?query=%E4%BD%93%E4%BB%98%E3%81%8D,2026-09-01T23:33:29+0900,No JLPT-tagged NAVER entry found
w_8fceccfb0b0413c3,N1,,naver_level_missing,何なり,なんなり,,,,,,,https://ja.dict.naver.com/#/search?query=%E4%BD%95%E3%81%AA%E3%82%8A,2026-09-01T23:33:29+0900,No JLPT-tagged NAVER entry found
w_371f1a41edd2c949,N1,,naver_level_missing,何気ない,なにげない,,,,,,,https://ja.dict.naver.com/#/search?query=%E4%BD%95%E6%B0%97%E3%81%AA%E3%81%84,2026-09-01T23:33:29+0900,No JLPT-tagged NAVER entry found
w_e7491fca55f36dfd,N1,,naver_level_missing,余波,よは,,,,,,,https://ja.dict.naver.com/#/search?query=%E4%BD%99%E6%B3%A2,2026-09-01T23:33:29+0900,No JLPT-tagged NAVER entry found
w_d349c1895296e908,N1,,naver_level_missing,供与,きょうよ,,,,,,,https://ja.dict.naver.com/#/search?query=%E4%BE%9B%E4%B8%8E,2026-09-01T23:33:29+0900,No JLPT-tagged NAVER entry found
w_f8e92c4c88241b90,N1,,naver_level_missing,侮る,あなどる,,,,,,,https://ja.dict.naver.com/#/search?query=%E4%BE%AE%E3%82%8B,2026-09-01T23:33:29+0900,No JLPT-tagged NAVER entry found
w_6273ce23fa23feb8,N1,,naver_level_missing,倍率,ばいりつ,,,,,,,https://ja.dict.naver.com/#/search?query=%E5%80%8D%E7%8E%87,2026-09-01T23:33:29+0900,No JLPT-tagged NAVER entry found
w_cdbd72d7aa724c5d,N1,,naver_level_missing,偏り,かたより,,,,,,,https://ja.dict.naver.com/#/search?query=%E5%81%8F%E3%82%8A,2026-09-01T23:33:29+0900,No JLPT-tagged NAVER entry found
w_1447cd157d5f61da,N1,,naver_level_missing,偽り,いつわり,,,,,,,https://ja.dict.naver.com/#/search?query=%E5%81%BD%E3%82%8A,2026-09-01T23:33:29+0900,No JLPT-tagged NAVER entry found
w_0d06dadc29388677,N1,,naver_level_missing,債務,さいむ,,,,,,,https://ja.dict.naver.com/#/search?query=%E5%82%B5%E5%8B%99,2026-09-01T23:33:29+0900,No JLPT-tagged NAVER entry found
w_253d6fd37766266d,N1,,naver_level_missing,億劫,おっくう,,,,,,,https://ja.dict.naver.com/#/search?query=%E5%84%84%E5%8A%AB,2026-09-01T23:33:29+0900,No JLPT-tagged NAVER entry found
w_107011573571e52d,N1,,naver_level_missing,克明,こくめい,,,,,,,https://ja.dict.naver.com/#/search?query=%E5%85%8B%E6%98%8E,2026-09-01T23:33:29+0900,No JLPT-tagged NAVER entry found
w_7ecad84d963bf598,N1,,naver_level_missing,入念,にゅうねん,,,,,,,https://ja.dict.naver.com/#/search?query=%E5%85%A5%E5%BF%B5,2026-09-01T23:33:29+0900,No JLPT-tagged NAVER entry found
w_4a6400c61a33361e,N1,,naver_level_missing,全うする,まっとうする,,,,,,,https://ja.dict.naver.com/#/search?query=%E5%85%A8%E3%81%86%E3%81%99%E3%82%8B,2026-09-01T23:33:29+0900,No JLPT-tagged NAVER entry found
w_a2e6614246e92396,N1,,naver_level_missing,凄まじい,すさまじい,,,,,,,https://ja.dict.naver.com/#/search?query=%E5%87%84%E3%81%BE%E3%81%98%E3%81%84,2026-09-01T23:33:29+0900,No JLPT-tagged NAVER entry found
w_fd90b6084996b24c,N1,,naver_level_missing,凝縮,ぎょうしゅく,,,,,,,https://ja.dict.naver.com/#/search?query=%E5%87%9D%E7%B8%AE,2026-09-01T23:33:29+0900,No JLPT-tagged NAVER entry found
w_0c07b0a96399d66d,N1,,naver_level_missing,出没,しゅつぼつ,,,,,,,https://ja.dict.naver.com/#/search?query=%E5%87%BA%E6%B2%A1,2026-09-01T23:33:29+0900,No JLPT-tagged NAVER entry found
w_8bdc1679feec4bca,N1,,naver_level_missing,分厚い,ぶあつい,,,,,,,https://ja.dict.naver.com/#/search?query=%E5%88%86%E5%8E%9A%E3%81%84,2026-09-01T23:33:29+0900,No JLPT-tagged NAVER entry found
w_cf8ca12b18f7c25c,N1,,naver_level_missing,分裂,ぶんれつ,,,,,,,https://ja.dict.naver.com/#/search?query=%E5%88%86%E8%A3%82,2026-09-01T23:33:29+0900,No JLPT-tagged NAVER entry found
w_4be7d80710b29123,N1,,naver_level_missing,切り出す,きりだす,,,,,,,https://ja.dict.naver.com/#/search?query=%E5%88%87%E3%82%8A%E5%87%BA%E3%81%99,2026-09-01T23:33:29+0900,No JLPT-tagged NAVER entry found
w_fa131223d290a13b,N1,,naver_level_missing,切り替え,きりかえ,,,,,,,https://ja.dict.naver.com/#/search?query=%E5%88%87%E3%82%8A%E6%9B%BF%E3%81%88,2026-09-01T23:33:29+0900,No JLPT-tagged NAVER entry found
w_0a1f3e39861eacb0,N1,,naver_level_missing,判別,はんべつ,,,,,,,https://ja.dict.naver.com/#/search?query=%E5%88%A4%E5%88%A5,2026-09-01T23:33:29+0900,No JLPT-tagged NAVER entry found
w_19ab8c60598cee59,N1,,naver_level_missing,割り込む,わりこむ,,,,,,,https://ja.dict.naver.com/#/search?query=%E5%89%B2%E3%82%8A%E8%BE%BC%E3%82%80,2026-09-01T23:33:29+0900,No JLPT-tagged NAVER entry found
w_cadb4275463fc36e,N1,,naver_level_missing,加工する,かこうする,,,,,,,https://ja.dict.naver.com/#/search?query=%E5%8A%A0%E5%B7%A5%E3%81%99%E3%82%8B,2026-09-01T23:33:29+0900,No JLPT-tagged NAVER entry found
w_c75bde47bdbbaeb1,N1,,naver_level_missing,助長,じょちょう,,,,,,,https://ja.dict.naver.com/#/search?query=%E5%8A%A9%E9%95%B7,2026-09-01T23:33:29+0900,No JLPT-tagged NAVER entry found
w_058dd20d817eb3da,N1,,naver_level_missing,効率,こうりつ,,,,,,,https://ja.dict.naver.com/#/search?query=%E5%8A%B9%E7%8E%87,2026-09-01T23:33:29+0900,No JLPT-tagged NAVER entry found
w_a3e3254fcf9f8bf7,N1,,naver_level_missing,即刻,そっこく,,,,,,,https://ja.dict.naver.com/#/search?query=%E5%8D%B3%E5%88%BB,2026-09-01T23:33:29+0900,No JLPT-tagged NAVER entry found
w_eea6908afcbc875c,N1,,naver_level_missing,却下する,きゃっかする,,,,,,,https://ja.dict.naver.com/#/search?query=%E5%8D%B4%E4%B8%8B%E3%81%99%E3%82%8B,2026-09-01T23:33:29+0900,No JLPT-tagged NAVER entry found
w_26e3bc9cd7829f31,N1,,naver_level_missing,厳正,げんせい,,,,,,,https://ja.dict.naver.com/#/search?query=%E5%8E%B3%E6%AD%A3,2026-09-01T23:33:29+0900,No JLPT-tagged NAVER entry found
w_dbc9be61b1093e8f,N1,,naver_level_missing,収まる,おさまる,,,,,,,https://ja.dict.naver.com/#/search?query=%E5%8F%8E%E3%81%BE%E3%82%8B,2026-09-01T23:33:29+0900,No JLPT-tagged NAVER entry found
w_6cbc49324d4cfd5f,N1,,naver_level_missing,収束,しゅうそく,,,,,,,https://ja.dict.naver.com/#/search?query=%E5%8F%8E%E6%9D%9F,2026-09-01T23:33:29+0900,No JLPT-tagged NAVER entry found
w_ef7c2b36a078abcb,N1,,naver_level_missing,取っ手,とって,,,,,,,https://ja.dict.naver.com/#/search?query=%E5%8F%96%E3%81%A3%E6%89%8B,2026-09-01T23:33:29+0900,No JLPT-tagged NAVER entry found
w_fc4b1b2a9b67e073,N1,,naver_level_missing,取り付ける,とりつける,,,,,,,https://ja.dict.naver.com/#/search?query=%E5%8F%96%E3%82%8A%E4%BB%98%E3%81%91%E3%82%8B,2026-09-01T23:33:29+0900,No JLPT-tagged NAVER entry found
w_ae4e376d4b46a091,N1,,naver_level_missing,取り巻く,とりまく,,,,,,,https://ja.dict.naver.com/#/search?query=%E5%8F%96%E3%82%8A%E5%B7%BB%E3%81%8F,2026-09-01T23:33:29+0900,No JLPT-tagged NAVER entry found
w_53f5a11a43999634,N1,,naver_level_missing,取り扱い,とりあつかい,,,,,,,https://ja.dict.naver.com/#/search?query=%E5%8F%96%E3%82%8A%E6%89%B1%E3%81%84,2026-09-01T23:33:29+0900,No JLPT-tagged NAVER entry found
w_d6a47632d886cffc,N1,,naver_level_missing,取り替え,とりかえ,,,,,,,https://ja.dict.naver.com/#/search?query=%E5%8F%96%E3%82%8A%E6%9B%BF%E3%81%88,2026-09-01T23:33:29+0900,No JLPT-tagged NAVER entry found
w_a938db468d00df23,N1,,naver_level_missing,取り次ぐ,とりつぐ,,,,,,,https://ja.dict.naver.com/#/search?query=%E5%8F%96%E3%82%8A%E6%AC%A1%E3%81%90,2026-09-01T23:33:29+0900,No JLPT-tagged NAVER entry found
w_95dcaf9c2e9062b9,N1,,naver_level_missing,取り立てる,とりたてる,,,,,,,https://ja.dict.naver.com/#/search?query=%E5%8F%96%E3%82%8A%E7%AB%8B%E3%81%A6%E3%82%8B,2026-09-01T23:33:29+0900,No JLPT-tagged NAVER entry found
w_51492880f4ff54fb,N1,,naver_level_missing,取り組む,とりくむ,,,,,,,https://ja.dict.naver.com/#/search?query=%E5%8F%96%E3%82%8A%E7%B5%84%E3%82%80,2026-09-01T23:33:29+0900,No JLPT-tagged NAVER entry found
w_4a507c2b9903c25a,N1,,naver_level_missing,取り締まり,とりしまり,,,,,,,https://ja.dict.naver.com/#/search?query=%E5%8F%96%E3%82%8A%E7%B7%A0%E3%81%BE%E3%82%8A,2026-09-01T23:33:29+0900,No JLPT-tagged NAVER entry found
w_639832d611535cb3,N1,,naver_level_missing,取り締まる,とりしまる,,,,,,,https://ja.dict.naver.com/#/search?query=%E5%8F%96%E3%82%8A%E7%B7%A0%E3%81%BE%E3%82%8B,2026-09-01T23:33:29+0900,No JLPT-tagged NAVER entry found
w_bedd038e5370599e,N1,,naver_level_missing,取り除く,とりのぞく,,,,,,,https://ja.dict.naver.com/#/search?query=%E5%8F%96%E3%82%8A%E9%99%A4%E3%81%8F,2026-09-01T23:33:29+0900,No JLPT-tagged NAVER entry found
w_ee13be5cc30d87aa,N1,,naver_level_missing,受け付ける,うけつける,,,,,,,https://ja.dict.naver.com/#/search?query=%E5%8F%97%E3%81%91%E4%BB%98%E3%81%91%E3%82%8B,2026-09-01T23:33:29+0900,No JLPT-tagged NAVER entry found
w_8ac4bdc55f734e09,N1,,naver_level_missing,受け入れ,うけいれ,,,,,,,https://ja.dict.naver.com/#/search?query=%E5%8F%97%E3%81%91%E5%85%A5%E3%82%8C,2026-09-01T23:33:29+0900,No JLPT-tagged NAVER entry found
w_6642cbf9235eb71d,N1,,naver_level_missing,受け入れる,うけいれる,,,,,,,https://ja.dict.naver.com/#/search?query=%E5%8F%97%E3%81%91%E5%85%A5%E3%82%8C%E3%82%8B,2026-09-01T23:33:29+0900,No JLPT-tagged NAVER entry found
w_70d444f0b75ce53c,N1,,naver_level_missing,受け持つ,うけもつ,,,,,,,https://ja.dict.naver.com/#/search?query=%E5%8F%97%E3%81%91%E6%8C%81%E3%81%A4,2026-09-01T23:33:29+0900,No JLPT-tagged NAVER entry found
w_3275bf86431f78a7,N1,,naver_level_missing,受け止める,うけとめる,,,,,,,https://ja.dict.naver.com/#/search?query=%E5%8F%97%E3%81%91%E6%AD%A2%E3%82%81%E3%82%8B,2026-09-01T23:33:29+0900,No JLPT-tagged NAVER entry found
w_1a17fb3ec82e2dfe,N1,,naver_level_missing,受け継ぐ,うけつぐ,,,,,,,https://ja.dict.naver.com/#/search?query=%E5%8F%97%E3%81%91%E7%B6%99%E3%81%90,2026-09-01T23:33:29+0900,No JLPT-tagged NAVER entry found
w_9ab1e43c1a5da994,N1,,naver_level_missing,受け身,うけみ,,,,,,,https://ja.dict.naver.com/#/search?query=%E5%8F%97%E3%81%91%E8%BA%AB,2026-09-01T23:33:29+0900,No JLPT-tagged NAVER entry found
w_1bbdac2276d06c29,N1,,naver_level_missing,受持ち,うけもち,,,,,,,https://ja.dict.naver.com/#/search?query=%E5%8F%97%E6%8C%81%E3%81%A1,2026-09-01T23:33:29+0900,No JLPT-tagged NAVER entry found
w_ab86e857aea44aa8,N1,,naver_level_missing,受賞,じゅしょう,,,,,,,https://ja.dict.naver.com/#/search?query=%E5%8F%97%E8%B3%9E,2026-09-01T23:33:29+0900,No JLPT-tagged NAVER entry found
w_27014025f17eabd5,N1,,naver_level_missing,同伴,どうはん,,,,,,,https://ja.dict.naver.com/#/search?query=%E5%90%8C%E4%BC%B4,2026-09-01T23:33:29+0900,No JLPT-tagged NAVER entry found
w_161922e34fc9dd4e,N1,,naver_level_missing,否む,いなむ,,,,,,,https://ja.dict.naver.com/#/search?query=%E5%90%A6%E3%82%80,2026-09-01T23:33:29+0900,No JLPT-tagged NAVER entry found
w_bfe63e6d42715b15,N1,,naver_level_missing,否めない,いなめない,,,,,,,https://ja.dict.naver.com/#/search?query=%E5%90%A6%E3%82%81%E3%81%AA%E3%81%84,2026-09-01T23:33:29+0900,No JLPT-tagged NAVER entry found
w_9375044e7571e8e4,N1,,naver_level_missing,呼び止める,よびとめる,,,,,,,https://ja.dict.naver.com/#/search?query=%E5%91%BC%E3%81%B3%E6%AD%A2%E3%82%81%E3%82%8B,2026-09-01T23:33:29+0900,No JLPT-tagged NAVER entry found
w_08149ad39d83534d,N1,,naver_level_missing,咄嗟に,とっさに,,,,,,,https://ja.dict.naver.com/#/search?query=%E5%92%84%E5%97%9F%E3%81%AB,2026-09-01T23:33:29+0900,No JLPT-tagged NAVER entry found
w_75a1c52f3188946d,N1,,naver_level_missing,和らぐ,やわらぐ,,,,,,,https://ja.dict.naver.com/#/search?query=%E5%92%8C%E3%82%89%E3%81%90,2026-09-01T23:33:29+0900,No JLPT-tagged NAVER entry found
w_ea9f48642acb9689,N1,,naver_level_missing,和解,わかい,,,,,,,https://ja.dict.naver.com/#/search?query=%E5%92%8C%E8%A7%A3,2026-09-01T23:33:29+0900,No JLPT-tagged NAVER entry found
w_8fa803c957f558d8,N1,,naver_level_missing,商う,あきなう,,,,,,,https://ja.dict.naver.com/#/search?query=%E5%95%86%E3%81%86,2026-09-01T23:33:29+0900,No JLPT-tagged NAVER entry found
w_be45bc6bb7ee0f57,N1,,naver_level_missing,問い合わせる,といあわせる,,,,,,,https://ja.dict.naver.com/#/search?query=%E5%95%8F%E3%81%84%E5%90%88%E3%82%8F%E3%81%9B%E3%82%8B,2026-09-01T23:33:29+0900,No JLPT-tagged NAVER entry found
w_57f97ee9e78b95de,N1,,naver_level_missing,嘘つき,うそつき,,,,,,,https://ja.dict.naver.com/#/search?query=%E5%98%98%E3%81%A4%E3%81%8D,2026-09-01T23:33:29+0900,No JLPT-tagged NAVER entry found
w_aa07ddb4c44be3e9,N1,,naver_level_missing,回顧,かいこ,,,,,,,https://ja.dict.naver.com/#/search?query=%E5%9B%9E%E9%A1%A7,2026-09-01T23:33:29+0900,No JLPT-tagged NAVER entry found
w_3129de0be21afd27,N1,,naver_level_missing,埋め込む,うめこむ,,,,,,,https://ja.dict.naver.com/#/search?query=%E5%9F%8B%E3%82%81%E8%BE%BC%E3%82%80,2026-09-01T23:33:29+0900,No JLPT-tagged NAVER entry found
w_b1c88bc724915375,N1,,naver_level_missing,執着する,しゅうちゃくする,,,,,,,https://ja.dict.naver.com/#/search?query=%E5%9F%B7%E7%9D%80%E3%81%99%E3%82%8B,2026-09-01T23:33:29+0900,No JLPT-tagged NAVER entry found
w_bfb7067491b01b15,N1,,naver_level_missing,培う,つちかう,,,,,,,https://ja.dict.naver.com/#/search?query=%E5%9F%B9%E3%81%86,2026-09-01T23:33:29+0900,No JLPT-tagged NAVER entry found
w_9575469881a845d9,N1,,naver_level_missing,堂々,どうどう,,,,,,,https://ja.dict.naver.com/#/search?query=%E5%A0%82%E3%80%85,2026-09-01T23:33:29+0900,No JLPT-tagged NAVER entry found
w_d1b4e9d1855d96a8,N1,,naver_level_missing,塊,かたまり,,,,,,,https://ja.dict.naver.com/#/search?query=%E5%A1%8A,2026-09-01T23:33:29+0900,No JLPT-tagged NAVER entry found
w_ab78cac2ab65c97c,N1,,naver_level_missing,塵取り,ちりとり,,,,,,,https://ja.dict.naver.com/#/search?query=%E5%A1%B5%E5%8F%96%E3%82%8A,2026-09-01T23:33:29+0900,No JLPT-tagged NAVER entry found
w_c05a879fd3e3ce99,N1,,naver_level_missing,売り出し,うりだし,,,,,,,https://ja.dict.naver.com/#/search?query=%E5%A3%B2%E3%82%8A%E5%87%BA%E3%81%97,2026-09-01T23:33:29+0900,No JLPT-tagged NAVER entry found
w_c96c011ca817b487,N1,,naver_level_missing,売り出す,うりだす,,,,,,,https://ja.dict.naver.com/#/search?query=%E5%A3%B2%E3%82%8A%E5%87%BA%E3%81%99,2026-09-01T23:33:29+0900,No JLPT-tagged NAVER entry found
w_1cf06df0896303c4,N1,,naver_level_missing,夕暮れ,ゆうぐれ,,,,,,,https://ja.dict.naver.com/#/search?query=%E5%A4%95%E6%9A%AE%E3%82%8C,2026-09-01T23:33:29+0900,No JLPT-tagged NAVER entry found
w_ad7b7731718d0f45,N1,,naver_level_missing,夕焼け,ゆうやけ,,,,,,,https://ja.dict.naver.com/#/search?query=%E5%A4%95%E7%84%BC%E3%81%91,2026-09-01T23:33:29+0900,No JLPT-tagged NAVER entry found
w_df535218b21a0742,N1,,naver_level_missing,多岐,たき,,,,,,,https://ja.dict.naver.com/#/search?query=%E5%A4%9A%E5%B2%90,2026-09-01T23:33:29+0900,No JLPT-tagged NAVER entry found
w_b944223a52d313a5,N1,,naver_level_missing,多角的,たかくてき,,,,,,,https://ja.dict.naver.com/#/search?query=%E5%A4%9A%E8%A7%92%E7%9A%84,2026-09-01T23:33:29+0900,No JLPT-tagged NAVER entry found
w_8be696a8d9b00b88,N1,,naver_level_missing,夜更かし,よふかし,,,,,,,https://ja.dict.naver.com/#/search?query=%E5%A4%9C%E6%9B%B4%E3%81%8B%E3%81%97,2026-09-01T23:33:29+0900,No JLPT-tagged NAVER entry found
w_6be80965290001db,N1,,naver_level_missing,大ざっぱ,おおざっぱ,,,,,,,https://ja.dict.naver.com/#/search?query=%E5%A4%A7%E3%81%96%E3%81%A3%E3%81%B1,2026-09-01T23:33:29+0900,No JLPT-tagged NAVER entry found
w_f900d3041a0c73b6,N1,,naver_level_missing,奔放,ほんぽう,,,,,,,https://ja.dict.naver.com/#/search?query=%E5%A5%94%E6%94%BE,2026-09-01T23:33:29+0900,No JLPT-tagged NAVER entry found
w_2305ca44b5049a16,N1,,naver_level_missing,如実,にょじつ,,,,,,,https://ja.dict.naver.com/#/search?query=%E5%A6%82%E5%AE%9F,2026-09-01T23:33:29+0900,No JLPT-tagged NAVER entry found
w_894a68158d207560,N1,,naver_level_missing,嫌々,いやいや,,,,,,,https://ja.dict.naver.com/#/search?query=%E5%AB%8C%E3%80%85,2026-09-01T23:33:29+0900,No JLPT-tagged NAVER entry found
w_0ac774f928c1e0ad,N1,,naver_level_missing,嫌み,いやみ,,,,,,,https://ja.dict.naver.com/#/search?query=%E5%AB%8C%E3%81%BF,2026-09-01T23:33:29+0900,No JLPT-tagged NAVER entry found
w_8e2653e7ffbebf1e,N1,,naver_level_missing,嫌悪感,けんおかん,,,,,,,https://ja.dict.naver.com/#/search?query=%E5%AB%8C%E6%82%AA%E6%84%9F,2026-09-01T23:33:29+0900,No JLPT-tagged NAVER entry found
w_c6154fb9cdd3820f,N1,,naver_level_missing,安らぐ,やすらぐ,,,,,,,https://ja.dict.naver.com/#/search?query=%E5%AE%89%E3%82%89%E3%81%90,2026-09-01T23:33:29+0900,No JLPT-tagged NAVER entry found
w_b63b20e8363c2e3b,N1,,naver_level_missing,実権,じっけん,,,,,,,https://ja.dict.naver.com/#/search?query=%E5%AE%9F%E6%A8%A9,2026-09-01T23:33:29+0900,No JLPT-tagged NAVER entry found
w_a5aecb63abc015f0,N1,,naver_level_missing,宥める,なだめる,,,,,,,https://ja.dict.naver.com/#/search?query=%E5%AE%A5%E3%82%81%E3%82%8B,2026-09-01T23:33:29+0900,No JLPT-tagged NAVER entry found
w_990e018f811afeb0,N1,,naver_level_missing,寄り掛かる,よりかかる,,,,,,,https://ja.dict.naver.com/#/search?query=%E5%AF%84%E3%82%8A%E6%8E%9B%E3%81%8B%E3%82%8B,2026-09-01T23:33:29+0900,No JLPT-tagged NAVER entry found
w_26d81f5679705394,N1,,naver_level_missing,寛ぐ,くつろぐ,,,,,,,https://ja.dict.naver.com/#/search?query=%E5%AF%9B%E3%81%90,2026-09-01T23:33:29+0900,No JLPT-tagged NAVER entry found
w_364206e8ac9cd095,N1,,naver_level_missing,小売,こうり,,,,,,,https://ja.dict.naver.com/#/search?query=%E5%B0%8F%E5%A3%B2,2026-09-01T23:33:29+0900,No JLPT-tagged NAVER entry found
w_a60b6753a0d75ab2,N1,,naver_level_missing,尽くす,つくす,,,,,,,https://ja.dict.naver.com/#/search?query=%E5%B0%BD%E3%81%8F%E3%81%99,2026-09-01T23:33:29+0900,No JLPT-tagged NAVER entry found
w_fe869f63d9660ff6,N1,,naver_level_missing,届,とどけ,,,,,,,https://ja.dict.naver.com/#/search?query=%E5%B1%8A,2026-09-01T23:33:29+0900,No JLPT-tagged NAVER entry found
w_114da5ca2ccf6d0b,N1,,naver_level_missing,巡り,めぐり,,,,,,,https://ja.dict.naver.com/#/search?query=%E5%B7%A1%E3%82%8A,2026-09-01T23:33:29+0900,No JLPT-tagged NAVER entry found
w_bd3290eca50bee3f,N1,,naver_level_missing,工面,くめん,,,,,,,https://ja.dict.naver.com/#/search?query=%E5%B7%A5%E9%9D%A2,2026-09-01T23:33:29+0900,No JLPT-tagged NAVER entry found
w_33559741a1aa5cd4,N1,,naver_level_missing,巨匠,きょしょう,,,,,,,https://ja.dict.naver.com/#/search?query=%E5%B7%A8%E5%8C%A0,2026-09-01T23:33:29+0900,No JLPT-tagged NAVER entry found
w_5059c36f92c76981,N1,,naver_level_missing,差し出す,さしだす,,,,,,,https://ja.dict.naver.com/#/search?query=%E5%B7%AE%E3%81%97%E5%87%BA%E3%81%99,2026-09-01T23:33:29+0900,No JLPT-tagged NAVER entry found
w_98ff2ee683f77e8d,N1,,naver_level_missing,差し引き,さしひき,,,,,,,https://ja.dict.naver.com/#/search?query=%E5%B7%AE%E3%81%97%E5%BC%95%E3%81%8D,2026-09-01T23:33:29+0900,No JLPT-tagged NAVER entry found
w_85e027b82c699ab9,N1,,naver_level_missing,差し掛かる,さしかかる,,,,,,,https://ja.dict.naver.com/#/search?query=%E5%B7%AE%E3%81%97%E6%8E%9B%E3%81%8B%E3%82%8B,2026-09-01T23:33:29+0900,No JLPT-tagged NAVER entry found
w_661ff696389aa9c8,N1,,naver_level_missing,差し支える,さしつかえる,,,,,,,https://ja.dict.naver.com/#/search?query=%E5%B7%AE%E3%81%97%E6%94%AF%E3%81%88%E3%82%8B,2026-09-01T23:33:29+0900,No JLPT-tagged NAVER entry found
w_c2204e71da059bfd,N1,,naver_level_missing,干渉する,かんしょうする,,,,,,,https://ja.dict.naver.com/#/search?query=%E5%B9%B2%E6%B8%89%E3%81%99%E3%82%8B,2026-09-01T23:33:29+0900,No JLPT-tagged NAVER entry found
w_3aa224fccadbe8cb,N1,,naver_level_missing,平行,へいこう,,,,,,,https://ja.dict.naver.com/#/search?query=%E5%B9%B3%E8%A1%8C,2026-09-01T23:33:29+0900,No JLPT-tagged NAVER entry found
w_d3853ae5a233cdbf,N1,,naver_level_missing,幾つか,いくつか,,,,,,,https://ja.dict.naver.com/#/search?query=%E5%B9%BE%E3%81%A4%E3%81%8B,2026-09-01T23:33:29+0900,No JLPT-tagged NAVER entry found
w_677edbc10074357c,N1,,naver_level_missing,建前,たてまえ,,,,,,,https://ja.dict.naver.com/#/search?query=%E5%BB%BA%E5%89%8D,2026-09-01T23:33:29+0900,No JLPT-tagged NAVER entry found
w_80a418653d9aa915,N1,,naver_level_missing,引き寄せる,ひきよせる,,,,,,,https://ja.dict.naver.com/#/search?query=%E5%BC%95%E3%81%8D%E5%AF%84%E3%81%9B%E3%82%8B,2026-09-01T23:33:29+0900,No JLPT-tagged NAVER entry found
w_245a981f2fa2fed1,N1,,naver_level_missing,引き落とす,ひきおとす,,,,,,,https://ja.dict.naver.com/#/search?query=%E5%BC%95%E3%81%8D%E8%90%BD%E3%81%A8%E3%81%99,2026-09-01T23:33:29+0900,No JLPT-tagged NAVER entry found
w_f5b42e7ccb49c9c7,N1,,naver_level_missing,張り合う,はりあう,,,,,,,https://ja.dict.naver.com/#/search?query=%E5%BC%B5%E3%82%8A%E5%90%88%E3%81%86,2026-09-01T23:33:29+0900,No JLPT-tagged NAVER entry found
w_22182bc9f10e87a7,N1,,naver_level_missing,強大,きょうだい,,,,,,,https://ja.dict.naver.com/#/search?query=%E5%BC%B7%E5%A4%A7,2026-09-01T23:33:29+0900,No JLPT-tagged NAVER entry found
w_38b95f3d0288dfda,N1,,naver_level_missing,当たり,あたり,,,,,,,https://ja.dict.naver.com/#/search?query=%E5%BD%93%E3%81%9F%E3%82%8A,2026-09-01T23:33:29+0900,No JLPT-tagged NAVER entry found
w_374d0d2dd3cc9f74,N1,,naver_level_missing,当面,とうめん,,,,,,,https://ja.dict.naver.com/#/search?query=%E5%BD%93%E9%9D%A2,2026-09-01T23:33:29+0900,No JLPT-tagged NAVER entry found
w_da75dc366007d543,N1,,naver_level_missing,待ち遠しい,まちどおしい,,,,,,,https://ja.dict.naver.com/#/search?query=%E5%BE%85%E3%81%A1%E9%81%A0%E3%81%97%E3%81%84,2026-09-01T23:33:29+0900,No JLPT-tagged NAVER entry found
w_1f45eb00e24b3e52,N1,,naver_level_missing,後援,こうえん,,,,,,,https://ja.dict.naver.com/#/search?query=%E5%BE%8C%E6%8F%B4,2026-09-01T23:33:29+0900,No JLPT-tagged NAVER entry found
w_cb71de767a5e76d3,N1,,naver_level_missing,従属,じゅうぞく,,,,,,,https://ja.dict.naver.com/#/search?query=%E5%BE%93%E5%B1%9E,2026-09-01T23:33:29+0900,No JLPT-tagged NAVER entry found
w_fb563ffa4a981ae4,N1,,naver_level_missing,微笑ましい,ほほえましい,,,,,,,https://ja.dict.naver.com/#/search?query=%E5%BE%AE%E7%AC%91%E3%81%BE%E3%81%97%E3%81%84,2026-09-01T23:33:29+0900,No JLPT-tagged NAVER entry found
w_e84847a82950de49,N1,,naver_level_missing,心地よい,ここちよい,,,,,,,https://ja.dict.naver.com/#/search?query=%E5%BF%83%E5%9C%B0%E3%82%88%E3%81%84,2026-09-01T23:33:29+0900,No JLPT-tagged NAVER entry found
w_7e95c5f151ec1f1e,N1,,naver_level_missing,心無い,こころない,,,,,,,https://ja.dict.naver.com/#/search?query=%E5%BF%83%E7%84%A1%E3%81%84,2026-09-01T23:33:29+0900,No JLPT-tagged NAVER entry found
w_3761b61031805586,N1,,naver_level_missing,心遣い,こころづかい,,,,,,,https://ja.dict.naver.com/#/search?query=%E5%BF%83%E9%81%A3%E3%81%84,2026-09-01T23:33:29+0900,No JLPT-tagged NAVER entry found
w_04b273485f341a91,N1,,naver_level_missing,忍ぶ,しのぶ,,,,,,,https://ja.dict.naver.com/#/search?query=%E5%BF%8D%E3%81%B6,2026-09-01T23:33:29+0900,No JLPT-tagged NAVER entry found
w_74b1090c1011badd,N1,,naver_level_missing,快挙,かいきょ,,,,,,,https://ja.dict.naver.com/#/search?query=%E5%BF%AB%E6%8C%99,2026-09-01T23:33:29+0900,No JLPT-tagged NAVER entry found
w_d3d8586dcfb08d99,N1,,naver_level_missing,念頭,ねんとう,,,,,,,https://ja.dict.naver.com/#/search?query=%E5%BF%B5%E9%A0%AD,2026-09-01T23:33:29+0900,No JLPT-tagged NAVER entry found
w_e557218ae2dc353f,N1,,naver_level_missing,思い詰める,おもいつめる,,,,,,,https://ja.dict.naver.com/#/search?query=%E6%80%9D%E3%81%84%E8%A9%B0%E3%82%81%E3%82%8B,2026-09-01T23:33:29+0900,No JLPT-tagged NAVER entry found
w_266cc2957a7a7159,N1,,naver_level_missing,思い返す,おもいかえす,,,,,,,https://ja.dict.naver.com/#/search?query=%E6%80%9D%E3%81%84%E8%BF%94%E3%81%99,2026-09-01T23:33:29+0900,No JLPT-tagged NAVER entry found
w_ead7e4690ccf4617,N1,,naver_level_missing,急遽,きゅうきょ,,,,,,,https://ja.dict.naver.com/#/search?query=%E6%80%A5%E9%81%BD,2026-09-01T23:33:29+0900,No JLPT-tagged NAVER entry found
w_21052c70db251a9c,N1,,naver_level_missing,性急,せいきゅう,,,,,,,https://ja.dict.naver.com/#/search?query=%E6%80%A7%E6%80%A5,2026-09-01T23:33:29+0900,No JLPT-tagged NAVER entry found
w_cfd45df00e8918fe,N1,,naver_level_missing,意気込み,いきごみ,,,,,,,https://ja.dict.naver.com/#/search?query=%E6%84%8F%E6%B0%97%E8%BE%BC%E3%81%BF,2026-09-01T23:33:29+0900,No JLPT-tagged NAVER entry found
w_02556a9f75b82a91,N1,,naver_level_missing,愛着,あいちゃく,,,,,,,https://ja.dict.naver.com/#/search?query=%E6%84%9B%E7%9D%80,2026-09-01T23:33:29+0900,No JLPT-tagged NAVER entry found
w_9ee9519d3d6e7bd7,N1,,naver_level_missing,慣習,かんしゅう,,,,,,,https://ja.dict.naver.com/#/search?query=%E6%85%A3%E7%BF%92,2026-09-01T23:33:29+0900,No JLPT-tagged NAVER entry found
w_4fa49d0da0a0bfd0,N1,,naver_level_missing,憤り,いきどおり,,,,,,,https://ja.dict.naver.com/#/search?query=%E6%86%A4%E3%82%8A,2026-09-01T23:33:29+0900,No JLPT-tagged NAVER entry found
w_b0a6a9e3176bf9e1,N1,,naver_level_missing,憤る,いきどおる,,,,,,,https://ja.dict.naver.com/#/search?query=%E6%86%A4%E3%82%8B,2026-09-01T23:33:29+0900,No JLPT-tagged NAVER entry found
w_e5e322f5b3efb2db,N1,,naver_level_missing,憩い,いこい,,,,,,,https://ja.dict.naver.com/#/search?query=%E6%86%A9%E3%81%84,2026-09-01T23:33:29+0900,No JLPT-tagged NAVER entry found
w_70d82b1cc2aa178a,N1,,naver_level_missing,成り立つ,なりたつ,,,,,,,https://ja.dict.naver.com/#/search?query=%E6%88%90%E3%82%8A%E7%AB%8B%E3%81%A4,2026-09-01T23:33:29+0900,No JLPT-tagged NAVER entry found
w_67e9a28d0777853f,N1,,naver_level_missing,戸締まり,とじまり,,,,,,,https://ja.dict.naver.com/#/search?query=%E6%88%B8%E7%B7%A0%E3%81%BE%E3%82%8A,2026-09-01T23:33:29+0900,No JLPT-tagged NAVER entry found
w_abc611c14f035fc6,N1,,naver_level_missing,手掛かり,てがかり,,,,,,,https://ja.dict.naver.com/#/search?query=%E6%89%8B%E6%8E%9B%E3%81%8B%E3%82%8A,2026-09-01T23:33:29+0900,No JLPT-tagged NAVER entry found
w_b632b45f0b30d03e,N1,,naver_level_missing,打ち切る,うちきる,,,,,,,https://ja.dict.naver.com/#/search?query=%E6%89%93%E3%81%A1%E5%88%87%E3%82%8B,2026-09-01T23:33:29+0900,No JLPT-tagged NAVER entry found
w_f948982919ee8a7a,N1,,naver_level_missing,打ち明ける,うちあける,,,,,,,https://ja.dict.naver.com/#/search?query=%E6%89%93%E3%81%A1%E6%98%8E%E3%81%91%E3%82%8B,2026-09-01T23:33:29+0900,No JLPT-tagged NAVER entry found
w_76ee119df1959c53,N1,,naver_level_missing,打ち消し,うちけし,,,,,,,https://ja.dict.naver.com/#/search?query=%E6%89%93%E3%81%A1%E6%B6%88%E3%81%97,2026-09-01T23:33:29+0900,No JLPT-tagged NAVER entry found
w_f5b156d34a2300a2,N1,,naver_level_missing,打ち込む,うちこむ,,,,,,,https://ja.dict.naver.com/#/search?query=%E6%89%93%E3%81%A1%E8%BE%BC%E3%82%80,2026-09-01T23:33:29+0900,No JLPT-tagged NAVER entry found
w_19b870ba56899b62,N1,,naver_level_missing,打診,だしん,,,,,,,https://ja.dict.naver.com/#/search?query=%E6%89%93%E8%A8%BA,2026-09-01T23:33:29+0900,No JLPT-tagged NAVER entry found
w_47b09358d1cef743,N1,,naver_level_missing,払拭,ふっしょく,,,,,,,https://ja.dict.naver.com/#/search?query=%E6%89%95%E6%8B%AD,2026-09-01T23:33:29+0900,No JLPT-tagged NAVER entry found
w_31f4692464cdb99c,N1,,naver_level_missing,投げ出す,なげだす,,,,,,,https://ja.dict.naver.com/#/search?query=%E6%8A%95%E3%81%92%E5%87%BA%E3%81%99,2026-09-01T23:33:29+0900,No JLPT-tagged NAVER entry found
w_3875cd9260023e61,N1,,naver_level_missing,折り返す,おりかえす,,,,,,,https://ja.dict.naver.com/#/search?query=%E6%8A%98%E3%82%8A%E8%BF%94%E3%81%99,2026-09-01T23:33:29+0900,No JLPT-tagged NAVER entry found
w_3f1c2701ee4d167c,N1,,naver_level_missing,披露する,ひろうする,,,,,,,https://ja.dict.naver.com/#/search?query=%E6%8A%AB%E9%9C%B2%E3%81%99%E3%82%8B,2026-09-01T23:33:29+0900,No JLPT-tagged NAVER entry found
w_8883080375d6fc63,N1,,naver_level_missing,抱負,ほうふ,,,,,,,https://ja.dict.naver.com/#/search?query=%E6%8A%B1%E8%B2%A0,2026-09-01T23:33:29+0900,No JLPT-tagged NAVER entry found
w_1c1342a535c8057b,N1,,naver_level_missing,押さえる,おさえる,,,,,,,https://ja.dict.naver.com/#/search?query=%E6%8A%BC%E3%81%95%E3%81%88%E3%82%8B,2026-09-01T23:33:29+0900,No JLPT-tagged NAVER entry found
w_7227e9235d383269,N1,,naver_level_missing,押し切る,おしきる,,,,,,,https://ja.dict.naver.com/#/search?query=%E6%8A%BC%E3%81%97%E5%88%87%E3%82%8B,2026-09-01T23:33:29+0900,No JLPT-tagged NAVER entry found
w_daaafc2c103ac13d,N1,,naver_level_missing,押し寄せる,おしよせる,,,,,,,https://ja.dict.naver.com/#/search?query=%E6%8A%BC%E3%81%97%E5%AF%84%E3%81%9B%E3%82%8B,2026-09-01T23:33:29+0900,No JLPT-tagged NAVER entry found
w_853cd2683b5ec7b5,N1,,naver_level_missing,押し込む,おしこむ,,,,,,,https://ja.dict.naver.com/#/search?query=%E6%8A%BC%E3%81%97%E8%BE%BC%E3%82%80,2026-09-01T23:33:29+0900,No JLPT-tagged NAVER entry found
w_ea296c8603d64657,N1,,naver_level_missing,拒む,こばむ,,,,,,,https://ja.dict.naver.com/#/search?query=%E6%8B%92%E3%82%80,2026-09-01T23:33:29+0900,No JLPT-tagged NAVER entry found
w_0968a3e2189db9bd,N1,,naver_level_missing,振り出し,ふりだし,,,,,,,https://ja.dict.naver.com/#/search?query=%E6%8C%AF%E3%82%8A%E5%87%BA%E3%81%97,2026-09-01T23:33:29+0900,No JLPT-tagged NAVER entry found
w_fe5aa65deefa4fd4,N1,,naver_level_missing,振り返る,ふりかえる,,,,,,,https://ja.dict.naver.com/#/search?query=%E6%8C%AF%E3%82%8A%E8%BF%94%E3%82%8B,2026-09-01T23:33:29+0900,No JLPT-tagged NAVER entry found
w_342aea3d60285ee1,N1,,naver_level_missing,採取,さいしゅ,,,,,,,https://ja.dict.naver.com/#/search?query=%E6%8E%A1%E5%8F%96,2026-09-01T23:33:29+0900,No JLPT-tagged NAVER entry found
w_93385bed8dd915a2,N1,,naver_level_missing,探知,たんち,,,,,,,https://ja.dict.naver.com/#/search?query=%E6%8E%A2%E7%9F%A5,2026-09-01T23:33:29+0900,No JLPT-tagged NAVER entry found
w_f2cbcefac0f33503,N1,,naver_level_missing,提起,ていき,,,,,,,https://ja.dict.naver.com/#/search?query=%E6%8F%90%E8%B5%B7,2026-09-01T23:33:29+0900,No JLPT-tagged NAVER entry found
w_c663ddeed757b29f,N1,,naver_level_missing,揺るがす,ゆるがす,,,,,,,https://ja.dict.naver.com/#/search?query=%E6%8F%BA%E3%82%8B%E3%81%8C%E3%81%99,2026-09-01T23:33:29+0900,No JLPT-tagged NAVER entry found
w_1ca8ab161ef50a7f,N1,,naver_level_missing,摂取,せっしゅ,,,,,,,https://ja.dict.naver.com/#/search?query=%E6%91%82%E5%8F%96,2026-09-01T23:33:29+0900,No JLPT-tagged NAVER entry found
w_4068afd4fe6ce634,N1,,naver_level_missing,撤去,てっきょ,,,,,,,https://ja.dict.naver.com/#/search?query=%E6%92%A4%E5%8E%BB,2026-09-01T23:33:29+0900,No JLPT-tagged NAVER entry found
w_fa9a779280995563,N1,,naver_level_missing,支援,しえん,,,,,,,https://ja.dict.naver.com/#/search?query=%E6%94%AF%E6%8F%B4,2026-09-01T23:33:29+0900,No JLPT-tagged NAVER entry found
w_37e6f0d1357abdd1,N1,,naver_level_missing,支障,ししょう,,,,,,,https://ja.dict.naver.com/#/search?query=%E6%94%AF%E9%9A%9C,2026-09-01T23:33:29+0900,No JLPT-tagged NAVER entry found
w_bcf5aa0b13df70fa,N1,,naver_level_missing,改訂版,かいていばん,,,,,,,https://ja.dict.naver.com/#/search?query=%E6%94%B9%E8%A8%82%E7%89%88,2026-09-01T23:33:29+0900,No JLPT-tagged NAVER entry found
w_7a93e86c2017c8e2,N1,,naver_level_missing,断念,だんねん,,,,,,,https://ja.dict.naver.com/#/search?query=%E6%96%AD%E5%BF%B5,2026-09-01T23:33:29+0900,No JLPT-tagged NAVER entry found
w_8d440df94f874e3d,N1,,naver_level_missing,新入生,しんにゅうせい,,,,,,,https://ja.dict.naver.com/#/search?query=%E6%96%B0%E5%85%A5%E7%94%9F,2026-09-01T23:33:29+0900,No JLPT-tagged NAVER entry found
w_ed7afa22b6d758dd,N1,,naver_level_missing,施錠する,せじょうする,,,,,,,https://ja.dict.naver.com/#/search?query=%E6%96%BD%E9%8C%A0%E3%81%99%E3%82%8B,2026-09-01T23:33:29+0900,No JLPT-tagged NAVER entry found
w_0f4547ab8f088f70,N1,,naver_level_missing,明かす,あかす,,,,,,,https://ja.dict.naver.com/#/search?query=%E6%98%8E%E3%81%8B%E3%81%99,2026-09-01T23:33:29+0900,No JLPT-tagged NAVER entry found
w_d06270d2100b5a7c,N1,,naver_level_missing,暗闇,くらやみ,,,,,,,https://ja.dict.naver.com/#/search?query=%E6%9A%97%E9%97%87,2026-09-01T23:33:29+0900,No JLPT-tagged NAVER entry found
w_f9a87c871b488d2d,N1,,naver_level_missing,有数,ゆうすう,,,,,,,https://ja.dict.naver.com/#/search?query=%E6%9C%89%E6%95%B0,2026-09-01T23:33:29+0900,No JLPT-tagged NAVER entry found
w_5ef5b3d11ace52b7,N1,,naver_level_missing,有耶無耶,うやむや,,,,,,,https://ja.dict.naver.com/#/search?query=%E6%9C%89%E8%80%B6%E7%84%A1%E8%80%B6,2026-09-01T23:33:29+0900,No JLPT-tagged NAVER entry found
w_2c35f32f454702d8,N1,,naver_level_missing,枯渇,こかつ,,,,,,,https://ja.dict.naver.com/#/search?query=%E6%9E%AF%E6%B8%87,2026-09-01T23:33:29+0900,No JLPT-tagged NAVER entry found
w_aa81044e5f00e4d2,N1,,naver_level_missing,染まる,そまる,,,,,,,https://ja.dict.naver.com/#/search?query=%E6%9F%93%E3%81%BE%E3%82%8B,2026-09-01T23:33:29+0900,No JLPT-tagged NAVER entry found
w_53f4f7debcf5ea99,N1,,naver_level_missing,根源,こんげん,,,,,,,https://ja.dict.naver.com/#/search?query=%E6%A0%B9%E6%BA%90,2026-09-01T23:33:29+0900,No JLPT-tagged NAVER entry found
w_9bbd560585f647bf,N1,,naver_level_missing,格段,かくだん,,,,,,,https://ja.dict.naver.com/#/search?query=%E6%A0%BC%E6%AE%B5,2026-09-01T23:33:29+0900,No JLPT-tagged NAVER entry found
w_ffaf9aa1ba0a06fa,N1,,naver_level_missing,梅干し,うめぼし,,,,,,,https://ja.dict.naver.com/#/search?query=%E6%A2%85%E5%B9%B2%E3%81%97,2026-09-01T23:33:29+0900,No JLPT-tagged NAVER entry found
w_52019f7d0cd6186e,N1,,naver_level_missing,概ね,おおむね,,,,,,,https://ja.dict.naver.com/#/search?query=%E6%A6%82%E3%81%AD,2026-09-01T23:33:29+0900,No JLPT-tagged NAVER entry found
w_c2571abcaf5ce378,N1,,naver_level_missing,歴然,れきぜん,,,,,,,https://ja.dict.naver.com/#/search?query=%E6%AD%B4%E7%84%B6,2026-09-01T23:33:29+0900,No JLPT-tagged NAVER entry found
w_9bbd819821229982,N1,,naver_level_missing,殺到,さっとう,,,,,,,https://ja.dict.naver.com/#/search?query=%E6%AE%BA%E5%88%B0,2026-09-01T23:33:29+0900,No JLPT-tagged NAVER entry found
w_52a2392ec6f56422,N1,,naver_level_missing,気兼ね,きがね,,,,,,,https://ja.dict.naver.com/#/search?query=%E6%B0%97%E5%85%BC%E3%81%AD,2026-09-01T23:33:29+0900,No JLPT-tagged NAVER entry found
w_e680ce9adf7c863a,N1,,naver_level_missing,気掛かり,きがかり,,,,,,,https://ja.dict.naver.com/#/search?query=%E6%B0%97%E6%8E%9B%E3%81%8B%E3%82%8A,2026-09-01T23:33:29+0900,No JLPT-tagged NAVER entry found
w_8cb3134b514d1a2f,N1,,naver_level_missing,沈下,ちんか,,,,,,,https://ja.dict.naver.com/#/search?query=%E6%B2%88%E4%B8%8B,2026-09-01T23:33:29+0900,No JLPT-tagged NAVER entry found
w_72357ee8a9309684,N1,,naver_level_missing,没頭,ぼっとう,,,,,,,https://ja.dict.naver.com/#/search?query=%E6%B2%A1%E9%A0%AD,2026-09-01T23:33:29+0900,No JLPT-tagged NAVER entry found
w_efa6b163ce61f14d,N1,,naver_level_missing,治まる,おさまる,,,,,,,https://ja.dict.naver.com/#/search?query=%E6%B2%BB%E3%81%BE%E3%82%8B,2026-09-01T23:33:29+0900,No JLPT-tagged NAVER entry found
w_75c0133793da000e,N1,,naver_level_missing,治癒する,ちゆする,,,,,,,https://ja.dict.naver.com/#/search?query=%E6%B2%BB%E7%99%92%E3%81%99%E3%82%8B,2026-09-01T23:33:29+0900,No JLPT-tagged NAVER entry found
w_f6c6f0f0cad6ce74,N1,,naver_level_missing,注意深い,ちゅういぶかい,,,,,,,https://ja.dict.naver.com/#/search?query=%E6%B3%A8%E6%84%8F%E6%B7%B1%E3%81%84,2026-09-01T23:33:29+0900,No JLPT-tagged NAVER entry found
w_4150da4853e06dc8,N1,,naver_level_missing,派生,はせい,,,,,,,https://ja.dict.naver.com/#/search?query=%E6%B4%BE%E7%94%9F,2026-09-01T23:33:29+0900,No JLPT-tagged NAVER entry found
w_5f62730ecca73845,N1,,naver_level_missing,流出,りゅうしゅつ,,,,,,,https://ja.dict.naver.com/#/search?query=%E6%B5%81%E5%87%BA,2026-09-01T23:33:29+0900,No JLPT-tagged NAVER entry found
w_dd5d74cfd523e4b5,N1,,naver_level_missing,浮かれる,うかれる,,,,,,,https://ja.dict.naver.com/#/search?query=%E6%B5%AE%E3%81%8B%E3%82%8C%E3%82%8B,2026-09-01T23:33:29+0900,No JLPT-tagged NAVER entry found
w_690a4fa3e51077a6,N1,,naver_level_missing,清々しい,すがすがしい,,,,,,,https://ja.dict.naver.com/#/search?query=%E6%B8%85%E3%80%85%E3%81%97%E3%81%84,2026-09-01T23:33:29+0900,No JLPT-tagged NAVER entry found
w_32af6bb00d20cb83,N1,,naver_level_missing,潜伏,せんぷく,,,,,,,https://ja.dict.naver.com/#/search?query=%E6%BD%9C%E4%BC%8F,2026-09-01T23:33:29+0900,No JLPT-tagged NAVER entry found
w_6b948cdc85f0fd17,N1,,naver_level_missing,潤す,うるおす,,,,,,,https://ja.dict.naver.com/#/search?query=%E6%BD%A4%E3%81%99,2026-09-01T23:33:29+0900,No JLPT-tagged NAVER entry found
w_a5a10027ead73ad9,N1,,naver_level_missing,焚き火,たきび,,,,,,,https://ja.dict.naver.com/#/search?query=%E7%84%9A%E3%81%8D%E7%81%AB,2026-09-01T23:33:29+0900,No JLPT-tagged NAVER entry found
w_048074699d6d5d73,N1,,naver_level_missing,無償,むしょう,,,,,,,https://ja.dict.naver.com/#/search?query=%E7%84%A1%E5%84%9F,2026-09-01T23:33:29+0900,No JLPT-tagged NAVER entry found
w_2e34312a94672c4c,N1,,naver_level_missing,無実,むじつ,,,,,,,https://ja.dict.naver.com/#/search?query=%E7%84%A1%E5%AE%9F,2026-09-01T23:33:29+0900,No JLPT-tagged NAVER entry found
w_658206ce4783caaf,N1,,naver_level_missing,無性に,むしょうに,,,,,,,https://ja.dict.naver.com/#/search?query=%E7%84%A1%E6%80%A7%E3%81%AB,2026-09-01T23:33:29+0900,No JLPT-tagged NAVER entry found
w_2b3f9865d1fead1e,N1,,naver_level_missing,無残,むざん,,,,,,,https://ja.dict.naver.com/#/search?query=%E7%84%A1%E6%AE%8B,2026-09-01T23:33:29+0900,No JLPT-tagged NAVER entry found
w_5f8d9c8b49934159,N1,,naver_level_missing,無謀,むぼう,,,,,,,https://ja.dict.naver.com/#/search?query=%E7%84%A1%E8%AC%80,2026-09-01T23:33:29+0900,No JLPT-tagged NAVER entry found
w_801a4ef078453053,N1,,naver_level_missing,無闇に,むやみに,,,,,,,https://ja.dict.naver.com/#/search?query=%E7%84%A1%E9%97%87%E3%81%AB,2026-09-01T23:33:29+0900,No JLPT-tagged NAVER entry found
w_76936c9c142f0a2c,N1,,naver_level_missing,焦げ茶,こげちゃ,,,,,,,https://ja.dict.naver.com/#/search?query=%E7%84%A6%E3%81%92%E8%8C%B6,2026-09-01T23:33:29+0900,No JLPT-tagged NAVER entry found
w_afb78f5d4ab6ca30,N1,,naver_level_missing,煌々,こうこう,,,,,,,https://ja.dict.naver.com/#/search?query=%E7%85%8C%E3%80%85,2026-09-01T23:33:29+0900,No JLPT-tagged NAVER entry found
w_5e5058232b1bd8cc,N1,,naver_level_missing,照り返す,てりかえす,,,,,,,https://ja.dict.naver.com/#/search?query=%E7%85%A7%E3%82%8A%E8%BF%94%E3%81%99,2026-09-01T23:33:29+0900,No JLPT-tagged NAVER entry found
w_3349217a7fbfee6e,N1,,naver_level_missing,照会,しょうかい,,,,,,,https://ja.dict.naver.com/#/search?query=%E7%85%A7%E4%BC%9A,2026-09-01T23:33:29+0900,No JLPT-tagged NAVER entry found
w_1bf1bea47f8def42,N1,,naver_level_missing,煩雑,はんざつ,,,,,,,https://ja.dict.naver.com/#/search?query=%E7%85%A9%E9%9B%91,2026-09-01T23:33:29+0900,No JLPT-tagged NAVER entry found
w_14b30bc2b09fa244,N1,,naver_level_missing,熟知,じゅくち,,,,,,,https://ja.dict.naver.com/#/search?query=%E7%86%9F%E7%9F%A5,2026-09-01T23:33:29+0900,No JLPT-tagged NAVER entry found
w_fda9a7c006a71d7e,N1,,naver_level_missing,物々しい,ものものしい,,,,,,,https://ja.dict.naver.com/#/search?query=%E7%89%A9%E3%80%85%E3%81%97%E3%81%84,2026-09-01T23:33:29+0900,No JLPT-tagged NAVER entry found
w_ddfdbf73a036f947,N1,,naver_level_missing,猛反対,もうはんたい,,,,,,,https://ja.dict.naver.com/#/search?query=%E7%8C%9B%E5%8F%8D%E5%AF%BE,2026-09-01T23:33:29+0900,No JLPT-tagged NAVER entry found
w_515c6f495c4206e0,N1,,naver_level_missing,率いる,ひきいる,,,,,,,https://ja.dict.naver.com/#/search?query=%E7%8E%87%E3%81%84%E3%82%8B,2026-09-01T23:33:29+0900,No JLPT-tagged NAVER entry found
w_e231cd88a2b8f92c,N1,,naver_level_missing,生ぬるい,なまぬるい,,,,,,,https://ja.dict.naver.com/#/search?query=%E7%94%9F%E3%81%AC%E3%82%8B%E3%81%84,2026-09-01T23:33:29+0900,No JLPT-tagged NAVER entry found
w_57e5725548ac0fbc,N1,,naver_level_missing,生まれつき,うまれつき,,,,,,,https://ja.dict.naver.com/#/search?query=%E7%94%9F%E3%81%BE%E3%82%8C%E3%81%A4%E3%81%8D,2026-09-01T23:33:29+0900,No JLPT-tagged NAVER entry found
w_c421e3bbf7d5230b,N1,,naver_level_missing,由緒,ゆいしょ,,,,,,,https://ja.dict.naver.com/#/search?query=%E7%94%B1%E7%B7%92,2026-09-01T23:33:29+0900,No JLPT-tagged NAVER entry found
w_fa227e48ff825a7e,N1,,naver_level_missing,申し込み,もうしこみ,,,,,,,https://ja.dict.naver.com/#/search?query=%E7%94%B3%E3%81%97%E8%BE%BC%E3%81%BF,2026-09-01T23:33:29+0900,No JLPT-tagged NAVER entry found
w_fd482acc7e9071f5,N1,,naver_level_missing,画一的,かくいつてき,,,,,,,https://ja.dict.naver.com/#/search?query=%E7%94%BB%E4%B8%80%E7%9A%84,2026-09-01T23:33:29+0900,No JLPT-tagged NAVER entry found
w_244b759283766aa0,N1,,naver_level_missing,異色,いしょく,,,,,,,https://ja.dict.naver.com/#/search?query=%E7%95%B0%E8%89%B2,2026-09-01T23:33:29+0900,No JLPT-tagged NAVER entry found
w_545a88c322c4486a,N1,,naver_level_missing,疎ら,まばら,,,,,,,https://ja.dict.naver.com/#/search?query=%E7%96%8E%E3%82%89,2026-09-01T23:33:29+0900,No JLPT-tagged NAVER entry found
w_499fed73ee22323e,N1,,naver_level_missing,疑わしい,うたがわしい,,,,,,,https://ja.dict.naver.com/#/search?query=%E7%96%91%E3%82%8F%E3%81%97%E3%81%84,2026-09-01T23:33:29+0900,No JLPT-tagged NAVER entry found
w_6082f998d6e8518e,N1,,naver_level_missing,発散,はっさん,,,,,,,https://ja.dict.naver.com/#/search?query=%E7%99%BA%E6%95%A3,2026-09-01T23:33:29+0900,No JLPT-tagged NAVER entry found
w_3179fd8048e18999,N1,,naver_level_missing,発覚,はっかく,,,,,,,https://ja.dict.naver.com/#/search?query=%E7%99%BA%E8%A6%9A,2026-09-01T23:33:29+0900,No JLPT-tagged NAVER entry found
w_a9aa64177475f988,N1,,naver_level_missing,目覚ましい,めざましい,,,,,,,https://ja.dict.naver.com/#/search?query=%E7%9B%AE%E8%A6%9A%E3%81%BE%E3%81%97%E3%81%84,2026-09-01T23:33:29+0900,No JLPT-tagged NAVER entry found
w_964a437b76d2daca,N1,,naver_level_missing,目論む,もくろむ,,,,,,,https://ja.dict.naver.com/#/search?query=%E7%9B%AE%E8%AB%96%E3%82%80,2026-09-01T23:33:29+0900,No JLPT-tagged NAVER entry found
w_fcc8ca420b4bd989,N1,,naver_level_missing,直面する,ちょくめんする,,,,,,,https://ja.dict.naver.com/#/search?query=%E7%9B%B4%E9%9D%A2%E3%81%99%E3%82%8B,2026-09-01T23:33:29+0900,No JLPT-tagged NAVER entry found
w_3ef542ab80d5d7a6,N1,,naver_level_missing,督促,とくそく,,,,,,,https://ja.dict.naver.com/#/search?query=%E7%9D%A3%E4%BF%83,2026-09-01T23:33:29+0900,No JLPT-tagged NAVER entry found
w_2c8d1ad60751c042,N1,,naver_level_missing,秘める,ひめる,,,,,,,https://ja.dict.naver.com/#/search?query=%E7%A7%98%E3%82%81%E3%82%8B,2026-09-01T23:33:29+0900,No JLPT-tagged NAVER entry found
w_7fb6d2487bdbf821,N1,,naver_level_missing,積み立てる,つみたてる,,,,,,,https://ja.dict.naver.com/#/search?query=%E7%A9%8D%E3%81%BF%E7%AB%8B%E3%81%A6%E3%82%8B,2026-09-01T23:33:29+0900,No JLPT-tagged NAVER entry found
w_7aceeb2bd1d9b5fd,N1,,naver_level_missing,究明,きゅうめい,,,,,,,https://ja.dict.naver.com/#/search?query=%E7%A9%B6%E6%98%8E,2026-09-01T23:33:29+0900,No JLPT-tagged NAVER entry found
w_87d7f6a57f6aac81,N1,,naver_level_missing,究明する,きゅうめいする,,,,,,,https://ja.dict.naver.com/#/search?query=%E7%A9%B6%E6%98%8E%E3%81%99%E3%82%8B,2026-09-01T23:33:29+0900,No JLPT-tagged NAVER entry found
w_363d405acaaef34e,N1,,naver_level_missing,突き止める,つきとめる,,,,,,,https://ja.dict.naver.com/#/search?query=%E7%AA%81%E3%81%8D%E6%AD%A2%E3%82%81%E3%82%8B,2026-09-01T23:33:29+0900,No JLPT-tagged NAVER entry found
w_4ee4c1f82fd80d23,N1,,naver_level_missing,立ち寄る,たちよる,,,,,,,https://ja.dict.naver.com/#/search?query=%E7%AB%8B%E3%81%A1%E5%AF%84%E3%82%8B,2026-09-01T23:33:29+0900,No JLPT-tagged NAVER entry found
w_a1fb7fc7bbf38f49,N1,,naver_level_missing,立て替える,たてかえる,,,,,,,https://ja.dict.naver.com/#/search?query=%E7%AB%8B%E3%81%A6%E6%9B%BF%E3%81%88%E3%82%8B,2026-09-01T23:33:29+0900,No JLPT-tagged NAVER entry found
w_35a3b3ff903aca56,N1,,naver_level_missing,筋道,すじみち,,,,,,,https://ja.dict.naver.com/#/search?query=%E7%AD%8B%E9%81%93,2026-09-01T23:33:29+0900,No JLPT-tagged NAVER entry found
w_a8598bbe62279f0d,N1,,naver_level_missing,箇条書き,かじょうがき,,,,,,,https://ja.dict.naver.com/#/search?query=%E7%AE%87%E6%9D%A1%E6%9B%B8%E3%81%8D,2026-09-01T23:33:29+0900,No JLPT-tagged NAVER entry found
w_68438d9afaf144c8,N1,,naver_level_missing,籠もる,こもる,,,,,,,https://ja.dict.naver.com/#/search?query=%E7%B1%A0%E3%82%82%E3%82%8B,2026-09-01T23:33:29+0900,No JLPT-tagged NAVER entry found
w_0008d0b93f394410,N1,,naver_level_missing,粉々,こなごな,,,,,,,https://ja.dict.naver.com/#/search?query=%E7%B2%89%E3%80%85,2026-09-01T23:33:29+0900,No JLPT-tagged NAVER entry found
w_824169b48644bb9e,N1,,naver_level_missing,粘り強い,ねばりづよい,,,,,,,https://ja.dict.naver.com/#/search?query=%E7%B2%98%E3%82%8A%E5%BC%B7%E3%81%84,2026-09-01T23:33:29+0900,No JLPT-tagged NAVER entry found
w_f9d306a7c3abbf0c,N1,,naver_level_missing,粘膜,ねんまく,,,,,,,https://ja.dict.naver.com/#/search?query=%E7%B2%98%E8%86%9C,2026-09-01T23:33:29+0900,No JLPT-tagged NAVER entry found
w_08d10dee086ef695,N1,,naver_level_missing,粥,かゆ,,,,,,,https://ja.dict.naver.com/#/search?query=%E7%B2%A5,2026-09-01T23:33:29+0900,No JLPT-tagged NAVER entry found
w_453a651e8bd0ed54,N1,,naver_level_missing,精力的,せいりょくてき,,,,,,,https://ja.dict.naver.com/#/search?query=%E7%B2%BE%E5%8A%9B%E7%9A%84,2026-09-01T23:33:29+0900,No JLPT-tagged NAVER entry found
w_53d640902274eca8,N1,,naver_level_missing,糸口,いとぐち,,,,,,,https://ja.dict.naver.com/#/search?query=%E7%B3%B8%E5%8F%A3,2026-09-01T23:33:29+0900,No JLPT-tagged NAVER entry found
w_57c108f507b24abb,N1,,naver_level_missing,納まる,おさまる,,,,,,,https://ja.dict.naver.com/#/search?query=%E7%B4%8D%E3%81%BE%E3%82%8B,2026-09-01T23:33:29+0900,No JLPT-tagged NAVER entry found
w_5199b70d07105436,N1,,naver_level_missing,素振り,そぶり,,,,,,,https://ja.dict.naver.com/#/search?query=%E7%B4%A0%E6%8C%AF%E3%82%8A,2026-09-01T23:33:29+0900,No JLPT-tagged NAVER entry found
w_9d6dc8ee8bdac291,N1,,naver_level_missing,細胞,さいぼう,,,,,,,https://ja.dict.naver.com/#/search?query=%E7%B4%B0%E8%83%9E,2026-09-01T23:33:29+0900,No JLPT-tagged NAVER entry found
w_69e2159df1fe1017,N1,,naver_level_missing,組み合わせる,くみあわせる,,,,,,,https://ja.dict.naver.com/#/search?query=%E7%B5%84%E3%81%BF%E5%90%88%E3%82%8F%E3%81%9B%E3%82%8B,2026-09-01T23:33:29+0900,No JLPT-tagged NAVER entry found
w_68f52b5bc51583b2,N1,,naver_level_missing,絶叫,ぜっきょう,,,,,,,https://ja.dict.naver.com/#/search?query=%E7%B5%B6%E5%8F%AB,2026-09-01T23:33:29+0900,No JLPT-tagged NAVER entry found
w_d284bcfadb7a57bc,N1,,naver_level_missing,網羅,もうら,,,,,,,https://ja.dict.naver.com/#/search?query=%E7%B6%B2%E7%BE%85,2026-09-01T23:33:29+0900,No JLPT-tagged NAVER entry found
w_9c2e1818c1662acf,N1,,naver_level_missing,緊迫する,きんぱくする,,,,,,,https://ja.dict.naver.com/#/search?query=%E7%B7%8A%E8%BF%AB%E3%81%99%E3%82%8B,2026-09-01T23:33:29+0900,No JLPT-tagged NAVER entry found
w_ff1437e0b026574c,N1,,naver_level_missing,総じて,そうじて,,,,,,,https://ja.dict.naver.com/#/search?query=%E7%B7%8F%E3%81%98%E3%81%A6,2026-09-01T23:33:29+0900,No JLPT-tagged NAVER entry found
w_837b1cb6497a4abe,N1,,naver_level_missing,繊細,せんさい,,,,,,,https://ja.dict.naver.com/#/search?query=%E7%B9%8A%E7%B4%B0,2026-09-01T23:33:29+0900,No JLPT-tagged NAVER entry found
w_b397fc5e0430c55b,N1,,naver_level_missing,繋ぐ,つなぐ,,,,,,,https://ja.dict.naver.com/#/search?query=%E7%B9%8B%E3%81%90,2026-09-01T23:33:29+0900,No JLPT-tagged NAVER entry found
w_e0dadf78d7783865,N1,,naver_level_missing,翻す,ひるがえす,,,,,,,https://ja.dict.naver.com/#/search?query=%E7%BF%BB%E3%81%99,2026-09-01T23:33:29+0900,No JLPT-tagged NAVER entry found
w_117206f59982bdc8,N1,,naver_level_missing,耳鼻科,じびか,,,,,,,https://ja.dict.naver.com/#/search?query=%E8%80%B3%E9%BC%BB%E7%A7%91,2026-09-01T23:33:29+0900,No JLPT-tagged NAVER entry found
w_26c9a265e9fbed9e,N1,,naver_level_missing,自ずから,おのずから,,,,,,,https://ja.dict.naver.com/#/search?query=%E8%87%AA%E3%81%9A%E3%81%8B%E3%82%89,2026-09-01T23:33:29+0900,No JLPT-tagged NAVER entry found
w_2f612443ccb862f7,N1,,naver_level_missing,自ずと,おのずと,,,,,,,https://ja.dict.naver.com/#/search?query=%E8%87%AA%E3%81%9A%E3%81%A8,2026-09-01T23:33:29+0900,No JLPT-tagged NAVER entry found
w_f5fafa9df9d8a23f,N1,,naver_level_missing,自粛,じしゅく,,,,,,,https://ja.dict.naver.com/#/search?query=%E8%87%AA%E7%B2%9B,2026-09-01T23:33:29+0900,No JLPT-tagged NAVER entry found
w_777b8ee6d356461a,N1,,naver_level_missing,苦境,くきょう,,,,,,,https://ja.dict.naver.com/#/search?query=%E8%8B%A6%E5%A2%83,2026-09-01T23:33:29+0900,No JLPT-tagged NAVER entry found
w_78478b3ede1095de,N1,,naver_level_missing,荷造り,にづくり,,,,,,,https://ja.dict.naver.com/#/search?query=%E8%8D%B7%E9%80%A0%E3%82%8A,2026-09-01T23:33:29+0900,No JLPT-tagged NAVER entry found
w_e94ee9b4c7e51003,N1,,naver_level_missing,華々しい,はなばなしい,,,,,,,https://ja.dict.naver.com/#/search?query=%E8%8F%AF%E3%80%85%E3%81%97%E3%81%84,2026-09-01T23:33:29+0900,No JLPT-tagged NAVER entry found
w_daea8f15b2ecf7cd,N1,,naver_level_missing,落ち着き,おちつき,,,,,,,https://ja.dict.naver.com/#/search?query=%E8%90%BD%E3%81%A1%E7%9D%80%E3%81%8D,2026-09-01T23:33:29+0900,No JLPT-tagged NAVER entry found
w_aa48ce494d700458,N1,,naver_level_missing,落ち込む,おちこむ,,,,,,,https://ja.dict.naver.com/#/search?query=%E8%90%BD%E3%81%A1%E8%BE%BC%E3%82%80,2026-09-01T23:33:29+0900,No JLPT-tagged NAVER entry found
w_ae0a2c3980f5c9fe,N1,,naver_level_missing,落胆,らくたん,,,,,,,https://ja.dict.naver.com/#/search?query=%E8%90%BD%E8%83%86,2026-09-01T23:33:29+0900,No JLPT-tagged NAVER entry found
w_a6eec0b6c22ca7ad,N1,,naver_level_missing,薄々,うすうす,,,,,,,https://ja.dict.naver.com/#/search?query=%E8%96%84%E3%80%85,2026-09-01T23:33:29+0900,No JLPT-tagged NAVER entry found
w_f59c7a97db34004b,N1,,naver_level_missing,融合,ゆうごう,,,,,,,https://ja.dict.naver.com/#/search?query=%E8%9E%8D%E5%90%88,2026-09-01T23:33:29+0900,No JLPT-tagged NAVER entry found
w_ce14fb103a34164a,N1,,naver_level_missing,行い,おこない,,,,,,,https://ja.dict.naver.com/#/search?query=%E8%A1%8C%E3%81%84,2026-09-01T23:33:29+0900,No JLPT-tagged NAVER entry found
w_b44f6e2cbf845631,N1,,naver_level_missing,行き届く,ゆきとどく,,,,,,,https://ja.dict.naver.com/#/search?query=%E8%A1%8C%E3%81%8D%E5%B1%8A%E3%81%8F,2026-09-01T23:33:29+0900,No JLPT-tagged NAVER entry found
w_d079920a759bfe4b,N1,,naver_level_missing,表明,ひょうめい,,,,,,,https://ja.dict.naver.com/#/search?query=%E8%A1%A8%E6%98%8E,2026-09-01T23:33:29+0900,No JLPT-tagged NAVER entry found
w_bada5a71b14fde36,N1,,naver_level_missing,装う,よそおう,,,,,,,https://ja.dict.naver.com/#/search?query=%E8%A3%85%E3%81%86,2026-09-01T23:33:29+0900,No JLPT-tagged NAVER entry found
w_cf782b6f2e06a5cc,N1,,naver_level_missing,裏付け,うらづけ,,,,,,,https://ja.dict.naver.com/#/search?query=%E8%A3%8F%E4%BB%98%E3%81%91,2026-09-01T23:33:29+0900,No JLPT-tagged NAVER entry found
w_b898a19a0dbc5b7c,N1,,naver_level_missing,裏腹,うらはら,,,,,,,https://ja.dict.naver.com/#/search?query=%E8%A3%8F%E8%85%B9,2026-09-01T23:33:29+0900,No JLPT-tagged NAVER entry found
w_fd3cdf3e57d25a81,N1,,naver_level_missing,裏返し,うらがえし,,,,,,,https://ja.dict.naver.com/#/search?query=%E8%A3%8F%E8%BF%94%E3%81%97,2026-09-01T23:33:29+0900,No JLPT-tagged NAVER entry found
w_36f154723e771234,N1,,naver_level_missing,見合い,みあい,,,,,,,https://ja.dict.naver.com/#/search?query=%E8%A6%8B%E5%90%88%E3%81%84,2026-09-01T23:33:29+0900,No JLPT-tagged NAVER entry found
w_66f9326ae7b0b791,N1,,naver_level_missing,見合わせる,みあわせる,,,,,,,https://ja.dict.naver.com/#/search?query=%E8%A6%8B%E5%90%88%E3%82%8F%E3%81%9B%E3%82%8B,2026-09-01T23:33:29+0900,No JLPT-tagged NAVER entry found
w_5f96659e4595eaf7,N1,,naver_level_missing,見失う,みうしなう,,,,,,,https://ja.dict.naver.com/#/search?query=%E8%A6%8B%E5%A4%B1%E3%81%86,2026-09-01T23:33:29+0900,No JLPT-tagged NAVER entry found
w_ad972bb9cdd76f87,N1,,naver_level_missing,見積もり,みつもり,,,,,,,https://ja.dict.naver.com/#/search?query=%E8%A6%8B%E7%A9%8D%E3%82%82%E3%82%8A,2026-09-01T23:33:29+0900,No JLPT-tagged NAVER entry found
w_d81776d517d67f96,N1,,naver_level_missing,見落とす,みおとす,,,,,,,https://ja.dict.naver.com/#/search?query=%E8%A6%8B%E8%90%BD%E3%81%A8%E3%81%99,2026-09-01T23:33:29+0900,No JLPT-tagged NAVER entry found
w_83f116b04611812d,N1,,naver_level_missing,見込み,みこみ,,,,,,,https://ja.dict.naver.com/#/search?query=%E8%A6%8B%E8%BE%BC%E3%81%BF,2026-09-01T23:33:29+0900,No JLPT-tagged NAVER entry found
w_e286654d0db7e531,N1,,naver_level_missing,見返り,みかえり,,,,,,,https://ja.dict.naver.com/#/search?query=%E8%A6%8B%E8%BF%94%E3%82%8A,2026-09-01T23:33:29+0900,No JLPT-tagged NAVER entry found
w_de38f40ed9a6b750,N1,,naver_level_missing,解れる,ほぐれる,,,,,,,https://ja.dict.naver.com/#/search?query=%E8%A7%A3%E3%82%8C%E3%82%8B,2026-09-01T23:33:29+0900,No JLPT-tagged NAVER entry found
w_fb689de73bf56585,N1,,naver_level_missing,触発,しょくはつ,,,,,,,https://ja.dict.naver.com/#/search?query=%E8%A7%A6%E7%99%BA,2026-09-01T23:33:29+0900,No JLPT-tagged NAVER entry found
w_1fa85c551770799d,N1,,naver_level_missing,言い張る,いいはる,,,,,,,https://ja.dict.naver.com/#/search?query=%E8%A8%80%E3%81%84%E5%BC%B5%E3%82%8B,2026-09-01T23:33:29+0900,No JLPT-tagged NAVER entry found
w_bd50cfaac12b766b,N1,,naver_level_missing,言い訳,いいわけ,,,,,,,https://ja.dict.naver.com/#/search?query=%E8%A8%80%E3%81%84%E8%A8%B3,2026-09-01T23:33:29+0900,No JLPT-tagged NAVER entry found
w_2878b79b65d9ba90,N1,,naver_level_missing,言及,げんきゅう,,,,,,,https://ja.dict.naver.com/#/search?query=%E8%A8%80%E5%8F%8A,2026-09-01T23:33:29+0900,No JLPT-tagged NAVER entry found
w_5e2ecb6d05171925,N1,,naver_level_missing,託す,たくす,,,,,,,https://ja.dict.naver.com/#/search?query=%E8%A8%97%E3%81%99,2026-09-01T23:33:29+0900,No JLPT-tagged NAVER entry found
w_9ac4f42499748226,N1,,naver_level_missing,該当する,がいとうする,,,,,,,https://ja.dict.naver.com/#/search?query=%E8%A9%B2%E5%BD%93%E3%81%99%E3%82%8B,2026-09-01T23:33:29+0900,No JLPT-tagged NAVER entry found
w_9685f69e4b25e5e5,N1,,naver_level_missing,誇張する,こちょうする,,,,,,,https://ja.dict.naver.com/#/search?query=%E8%AA%87%E5%BC%B5%E3%81%99%E3%82%8B,2026-09-01T23:33:29+0900,No JLPT-tagged NAVER entry found
w_d3242fdeadefff0c,N1,,naver_level_missing,誓約書,せいやくしょ,,,,,,,https://ja.dict.naver.com/#/search?query=%E8%AA%93%E7%B4%84%E6%9B%B8,2026-09-01T23:33:29+0900,No JLPT-tagged NAVER entry found
w_c5477b139f36b1c2,N1,,naver_level_missing,誠に,まことに,,,,,,,https://ja.dict.naver.com/#/search?query=%E8%AA%A0%E3%81%AB,2026-09-01T23:33:29+0900,No JLPT-tagged NAVER entry found
w_a1d9755cc987ac8b,N1,,naver_level_missing,諭す,さとす,,,,,,,https://ja.dict.naver.com/#/search?query=%E8%AB%AD%E3%81%99,2026-09-01T23:33:29+0900,No JLPT-tagged NAVER entry found
w_d56204ae722b4b30,N1,,naver_level_missing,豪快,ごうかい,,,,,,,https://ja.dict.naver.com/#/search?query=%E8%B1%AA%E5%BF%AB,2026-09-01T23:33:29+0900,No JLPT-tagged NAVER entry found
w_b3c086e0282accc3,N1,,naver_level_missing,貧富,ひんぷ,,,,,,,https://ja.dict.naver.com/#/search?query=%E8%B2%A7%E5%AF%8C,2026-09-01T23:33:29+0900,No JLPT-tagged NAVER entry found
w_c062f1fced55c802,N1,,naver_level_missing,賜る,たまわる,,,,,,,https://ja.dict.naver.com/#/search?query=%E8%B3%9C%E3%82%8B,2026-09-01T23:33:29+0900,No JLPT-tagged NAVER entry found
w_70798e83d847617c,N1,,naver_level_missing,起動,きどう,,,,,,,https://ja.dict.naver.com/#/search?query=%E8%B5%B7%E5%8B%95,2026-09-01T23:33:29+0900,No JLPT-tagged NAVER entry found
w_92a68475082567cc,N1,,naver_level_missing,起用,きよう,,,,,,,https://ja.dict.naver.com/#/search?query=%E8%B5%B7%E7%94%A8,2026-09-01T23:33:29+0900,No JLPT-tagged NAVER entry found
w_2a2702f1f74ccfdc,N1,,naver_level_missing,足手まとい,あしでまとい,,,,,,,https://ja.dict.naver.com/#/search?query=%E8%B6%B3%E6%89%8B%E3%81%BE%E3%81%A8%E3%81%84,2026-09-01T23:33:29+0900,No JLPT-tagged NAVER entry found
w_a4e53d86fe0aeca1,N1,,naver_level_missing,足止め,あしどめ,,,,,,,https://ja.dict.naver.com/#/search?query=%E8%B6%B3%E6%AD%A2%E3%82%81,2026-09-01T23:33:29+0900,No JLPT-tagged NAVER entry found
w_aa132fab9dcd35ac,N1,,naver_level_missing,跡地,あとち,,,,,,,https://ja.dict.naver.com/#/search?query=%E8%B7%A1%E5%9C%B0,2026-09-01T23:33:29+0900,No JLPT-tagged NAVER entry found
w_44df893bc2c36040,N1,,naver_level_missing,踏まえる,ふまえる,,,,,,,https://ja.dict.naver.com/#/search?query=%E8%B8%8F%E3%81%BE%E3%81%88%E3%82%8B,2026-09-01T23:33:29+0900,No JLPT-tagged NAVER entry found
w_0e696b95974c3504,N1,,naver_level_missing,踏襲,とうしゅう,,,,,,,https://ja.dict.naver.com/#/search?query=%E8%B8%8F%E8%A5%B2,2026-09-01T23:33:29+0900,No JLPT-tagged NAVER entry found
w_f747cebca560cfd8,N1,,naver_level_missing,踏襲する,とうしゅうする,,,,,,,https://ja.dict.naver.com/#/search?query=%E8%B8%8F%E8%A5%B2%E3%81%99%E3%82%8B,2026-09-01T23:33:29+0900,No JLPT-tagged NAVER entry found
w_51bc2bfe246d05ec,N1,,naver_level_missing,躍進,やくしん,,,,,,,https://ja.dict.naver.com/#/search?query=%E8%BA%8D%E9%80%B2,2026-09-01T23:33:29+0900,No JLPT-tagged NAVER entry found
w_78527b9c49a89cb7,N1,,naver_level_missing,身振り,みぶり,,,,,,,https://ja.dict.naver.com/#/search?query=%E8%BA%AB%E6%8C%AF%E3%82%8A,2026-09-01T23:33:29+0900,No JLPT-tagged NAVER entry found
w_37cbfb44f295325b,N1,,naver_level_missing,軌跡,きせき,,,,,,,https://ja.dict.naver.com/#/search?query=%E8%BB%8C%E8%B7%A1,2026-09-01T23:33:29+0900,No JLPT-tagged NAVER entry found
w_bcce1a49a9bd524d,N1,,naver_level_missing,軽率,けいそつ,,,,,,,https://ja.dict.naver.com/#/search?query=%E8%BB%BD%E7%8E%87,2026-09-01T23:33:29+0900,No JLPT-tagged NAVER entry found
w_014d4039b31991f6,N1,,naver_level_missing,近接,きんせつ,,,,,,,https://ja.dict.naver.com/#/search?query=%E8%BF%91%E6%8E%A5,2026-09-01T23:33:29+0900,No JLPT-tagged NAVER entry found
w_baf2db7849d10864,N1,,naver_level_missing,返上,へんじょう,,,,,,,https://ja.dict.naver.com/#/search?query=%E8%BF%94%E4%B8%8A,2026-09-01T23:33:29+0900,No JLPT-tagged NAVER entry found
w_1e6bf25c700ea4c1,N1,,naver_level_missing,追い出す,おいだす,,,,,,,https://ja.dict.naver.com/#/search?query=%E8%BF%BD%E3%81%84%E5%87%BA%E3%81%99,2026-09-01T23:33:29+0900,No JLPT-tagged NAVER entry found
w_68ee24050b7e44cf,N1,,naver_level_missing,追い込む,おいこむ,,,,,,,https://ja.dict.naver.com/#/search?query=%E8%BF%BD%E3%81%84%E8%BE%BC%E3%82%80,2026-09-01T23:33:29+0900,No JLPT-tagged NAVER entry found
w_6849f7ccff68603a,N1,,naver_level_missing,逃げ出す,にげだす,,,,,,,https://ja.dict.naver.com/#/search?query=%E9%80%83%E3%81%92%E5%87%BA%E3%81%99,2026-09-01T23:33:29+0900,No JLPT-tagged NAVER entry found
w_f16e08d56012f2ec,N1,,naver_level_missing,透ける,すける,,,,,,,https://ja.dict.naver.com/#/search?query=%E9%80%8F%E3%81%91%E3%82%8B,2026-09-01T23:33:29+0900,No JLPT-tagged NAVER entry found
w_4f3c623502b2e1fc,N1,,naver_level_missing,速やかに,すみやかに,,,,,,,https://ja.dict.naver.com/#/search?query=%E9%80%9F%E3%82%84%E3%81%8B%E3%81%AB,2026-09-01T23:33:29+0900,No JLPT-tagged NAVER entry found
w_5be62d71deeeebf2,N1,,naver_level_missing,造り,つくり,,,,,,,https://ja.dict.naver.com/#/search?query=%E9%80%A0%E3%82%8A,2026-09-01T23:33:29+0900,No JLPT-tagged NAVER entry found
w_c20b2306c8671162,N1,,naver_level_missing,逸脱,いつだつ,,,,,,,https://ja.dict.naver.com/#/search?query=%E9%80%B8%E8%84%B1,2026-09-01T23:33:29+0900,No JLPT-tagged NAVER entry found
w_1dd1c3e9f6671f9b,N1,,naver_level_missing,遂行,すいこう,,,,,,,https://ja.dict.naver.com/#/search?query=%E9%81%82%E8%A1%8C,2026-09-01T23:33:29+0900,No JLPT-tagged NAVER entry found
w_12dfafb0839591a3,N1,,naver_level_missing,遅らす,おくらす,,,,,,,https://ja.dict.naver.com/#/search?query=%E9%81%85%E3%82%89%E3%81%99,2026-09-01T23:33:29+0900,No JLPT-tagged NAVER entry found
w_032f55da8fa8b6a4,N1,,naver_level_missing,遠ざける,とおざける,,,,,,,https://ja.dict.naver.com/#/search?query=%E9%81%A0%E3%81%96%E3%81%91%E3%82%8B,2026-09-01T23:33:29+0900,No JLPT-tagged NAVER entry found
w_7057dbb83c84f383,N1,,naver_level_missing,遠隔,えんかく,,,,,,,https://ja.dict.naver.com/#/search?query=%E9%81%A0%E9%9A%94,2026-09-01T23:33:29+0900,No JLPT-tagged NAVER entry found
w_8aac9f125a925e22,N1,,naver_level_missing,遮断,しゃだん,,,,,,,https://ja.dict.naver.com/#/search?query=%E9%81%AE%E6%96%AD,2026-09-01T23:33:29+0900,No JLPT-tagged NAVER entry found
w_d2cf58fa31a4ba2e,N1,,naver_level_missing,選出,せんしゅつ,,,,,,,https://ja.dict.naver.com/#/search?query=%E9%81%B8%E5%87%BA,2026-09-01T23:33:29+0900,No JLPT-tagged NAVER entry found
w_628691a446bfd8e5,N1,,naver_level_missing,邪魔する,じゃまする,,,,,,,https://ja.dict.naver.com/#/search?query=%E9%82%AA%E9%AD%94%E3%81%99%E3%82%8B,2026-09-01T23:33:29+0900,No JLPT-tagged NAVER entry found
w_3ee09f596d4c7b39,N1,,naver_level_missing,郡,ぐん,,,,,,,https://ja.dict.naver.com/#/search?query=%E9%83%A1,2026-09-01T23:33:29+0900,No JLPT-tagged NAVER entry found
w_0f6c52aadf78216b,N1,,naver_level_missing,配属,はいぞく,,,,,,,https://ja.dict.naver.com/#/search?query=%E9%85%8D%E5%B1%9E,2026-09-01T23:33:29+0900,No JLPT-tagged NAVER entry found
w_cd0b7fe939579edc,N1,,naver_level_missing,釈明,しゃくめい,,,,,,,https://ja.dict.naver.com/#/search?query=%E9%87%88%E6%98%8E,2026-09-01T23:33:29+0900,No JLPT-tagged NAVER entry found
w_ffa6380de41f7285,N1,,naver_level_missing,重々しい,おもおもしい,,,,,,,https://ja.dict.naver.com/#/search?query=%E9%87%8D%E3%80%85%E3%81%97%E3%81%84,2026-09-01T23:33:29+0900,No JLPT-tagged NAVER entry found
w_7910d8061bbd6cd2,N1,,naver_level_missing,鑑定,かんてい,,,,,,,https://ja.dict.naver.com/#/search?query=%E9%91%91%E5%AE%9A,2026-09-01T23:33:29+0900,No JLPT-tagged NAVER entry found
w_91817427730be04c,N1,,naver_level_missing,閉鎖する,へいさする,,,,,,,https://ja.dict.naver.com/#/search?query=%E9%96%89%E9%8E%96%E3%81%99%E3%82%8B,2026-09-01T23:33:29+0900,No JLPT-tagged NAVER entry found
w_47316c016fe8cdab,N1,,naver_level_missing,閑静,かんせい,,,,,,,https://ja.dict.naver.com/#/search?query=%E9%96%91%E9%9D%99,2026-09-01T23:33:29+0900,No JLPT-tagged NAVER entry found
w_9025c655eedd7094,N1,,naver_level_missing,陥る,おちいる,,,,,,,https://ja.dict.naver.com/#/search?query=%E9%99%A5%E3%82%8B,2026-09-01T23:33:29+0900,No JLPT-tagged NAVER entry found
w_06c9da1f5d3ef9b3,N1,,naver_level_missing,隈なく,くまなく,,,,,,,https://ja.dict.naver.com/#/search?query=%E9%9A%88%E3%81%AA%E3%81%8F,2026-09-01T23:33:29+0900,No JLPT-tagged NAVER entry found
w_dcc7d16b02ee510f,N1,,naver_level_missing,随時,ずいじ,,,,,,,https://ja.dict.naver.com/#/search?query=%E9%9A%8F%E6%99%82,2026-09-01T23:33:29+0900,No JLPT-tagged NAVER entry found
w_e4574496ed6f6394,N1,,naver_level_missing,集う,つどう,,,,,,,https://ja.dict.naver.com/#/search?query=%E9%9B%86%E3%81%86,2026-09-01T23:33:29+0900,No JLPT-tagged NAVER entry found
w_172fd92e8ecb7d1a,N1,,naver_level_missing,雑踏,ざっとう,,,,,,,https://ja.dict.naver.com/#/search?query=%E9%9B%91%E8%B8%8F,2026-09-01T23:33:29+0900,No JLPT-tagged NAVER entry found
w_6803e7402a3d2c0a,N1,,naver_level_missing,難点,なんてん,,,,,,,https://ja.dict.naver.com/#/search?query=%E9%9B%A3%E7%82%B9,2026-09-01T23:33:29+0900,No JLPT-tagged NAVER entry found
w_0b80ed475f7435e9,N1,,naver_level_missing,難航,なんこう,,,,,,,https://ja.dict.naver.com/#/search?query=%E9%9B%A3%E8%88%AA,2026-09-01T23:33:29+0900,No JLPT-tagged NAVER entry found
w_1e3ba36a0b44a926,N1,,naver_level_missing,面識,めんしき,,,,,,,https://ja.dict.naver.com/#/search?query=%E9%9D%A2%E8%AD%98,2026-09-01T23:33:29+0900,No JLPT-tagged NAVER entry found
w_ad7ed509ea55b5fa,N1,,naver_level_missing,順応,じゅんのう,,,,,,,https://ja.dict.naver.com/#/search?query=%E9%A0%86%E5%BF%9C,2026-09-01T23:33:29+0900,No JLPT-tagged NAVER entry found
w_322183b8b0fa5b40,N1,,naver_level_missing,頑な,かたくな,,,,,,,https://ja.dict.naver.com/#/search?query=%E9%A0%91%E3%81%AA,2026-09-01T23:33:29+0900,No JLPT-tagged NAVER entry found
w_7ddf08329a5a46e2,N1,,naver_level_missing,顕著,けんちょ,,,,,,,https://ja.dict.naver.com/#/search?query=%E9%A1%95%E8%91%97,2026-09-01T23:33:29+0900,No JLPT-tagged NAVER entry found
w_1518527546bff440,N1,,naver_level_missing,食い止める,くいとめる,,,,,,,https://ja.dict.naver.com/#/search?query=%E9%A3%9F%E3%81%84%E6%AD%A2%E3%82%81%E3%82%8B,2026-09-01T23:33:29+0900,No JLPT-tagged NAVER entry found
w_d50fdb2a764e035e,N1,,naver_level_missing,食い込む,くいこむ,,,,,,,https://ja.dict.naver.com/#/search?query=%E9%A3%9F%E3%81%84%E8%BE%BC%E3%82%80,2026-09-01T23:33:29+0900,No JLPT-tagged NAVER entry found
w_fac3d8bca8a39cc2,N1,,naver_level_missing,食い違う,くいちがう,,,,,,,https://ja.dict.naver.com/#/search?query=%E9%A3%9F%E3%81%84%E9%81%95%E3%81%86,2026-09-01T23:33:29+0900,No JLPT-tagged NAVER entry found
w_6ed0282468b646e4,N1,,naver_level_missing,飲み込む,のみこむ,,,,,,,https://ja.dict.naver.com/#/search?query=%E9%A3%B2%E3%81%BF%E8%BE%BC%E3%82%80,2026-09-01T23:33:29+0900,No JLPT-tagged NAVER entry found
w_cbe6b7e061ecd2aa,N1,,naver_level_missing,駆けつける,かけつける,,,,,,,https://ja.dict.naver.com/#/search?query=%E9%A7%86%E3%81%91%E3%81%A4%E3%81%91%E3%82%8B,2026-09-01T23:33:29+0900,No JLPT-tagged NAVER entry found
w_e5d1719d8babc945,N1,,naver_level_missing,駆使,くし,,,,,,,https://ja.dict.naver.com/#/search?query=%E9%A7%86%E4%BD%BF,2026-09-01T23:33:29+0900,No JLPT-tagged NAVER entry found
w_7db134f843d661c4,N1,,naver_level_missing,駆使する,くしする,,,,,,,https://ja.dict.naver.com/#/search?query=%E9%A7%86%E4%BD%BF%E3%81%99%E3%82%8B,2026-09-01T23:33:29+0900,No JLPT-tagged NAVER entry found
w_38ff51ccea9145d2,N1,,naver_level_missing,騒然,そうぜん,,,,,,,https://ja.dict.naver.com/#/search?query=%E9%A8%92%E7%84%B6,2026-09-01T23:33:29+0900,No JLPT-tagged NAVER entry found
w_22fa9db764d33512,N1,,naver_level_missing,驚嘆する,きょうたんする,,,,,,,https://ja.dict.naver.com/#/search?query=%E9%A9%9A%E5%98%86%E3%81%99%E3%82%8B,2026-09-01T23:33:29+0900,No JLPT-tagged NAVER entry found
w_a8eeca9225026b13,N2,,naver_level_missing,お代わり,おかわり,,,,,,,https://ja.dict.naver.com/#/search?query=%E3%81%8A%E4%BB%A3%E3%82%8F%E3%82%8A,2026-09-01T23:33:29+0900,No JLPT-tagged NAVER entry found
w_0145c52bf4cc5814,N2,,naver_level_missing,お帰り,おかえり,,,,,,,https://ja.dict.naver.com/#/search?query=%E3%81%8A%E5%B8%B0%E3%82%8A,2026-09-01T23:33:29+0900,No JLPT-tagged NAVER entry found
w_8add1200b733272e,N2,,naver_level_missing,お邪魔します,おじゃまします,,,,,,,https://ja.dict.naver.com/#/search?query=%E3%81%8A%E9%82%AA%E9%AD%94%E3%81%97%E3%81%BE%E3%81%99,2026-09-01T23:33:29+0900,No JLPT-tagged NAVER entry found
w_53cc9946cf9a22e6,N2,,naver_level_missing,ごめんください,ごめんください,,,,,,,https://ja.dict.naver.com/#/search?query=%E3%81%94%E3%82%81%E3%82%93%E3%81%8F%E3%81%A0%E3%81%95%E3%81%84,2026-09-01T23:33:29+0900,No JLPT-tagged NAVER entry found
w_295d47ac323c9139,N2,,naver_level_missing,ご苦労さま,ごくろうさま,,,,,,,https://ja.dict.naver.com/#/search?query=%E3%81%94%E8%8B%A6%E5%8A%B4%E3%81%95%E3%81%BE,2026-09-01T23:33:29+0900,No JLPT-tagged NAVER entry found
w_f619074e36479304,N2,,naver_level_missing,ご覧,ごらん,,,,,,,https://ja.dict.naver.com/#/search?query=%E3%81%94%E8%A6%A7,2026-09-01T23:33:29+0900,No JLPT-tagged NAVER entry found
w_946af014ad2b6ee1,N2,,naver_level_missing,ご馳走様,ごちそうさま,,,,,,,https://ja.dict.naver.com/#/search?query=%E3%81%94%E9%A6%B3%E8%B5%B0%E6%A7%98,2026-09-01T23:33:29+0900,No JLPT-tagged NAVER entry found
w_2903ad5dfafa9ef5,N2,,naver_level_missing,そう言えば,そういえば,,,,,,,https://ja.dict.naver.com/#/search?query=%E3%81%9D%E3%81%86%E8%A8%80%E3%81%88%E3%81%B0,2026-09-01T23:33:29+0900,No JLPT-tagged NAVER entry found
w_2ae90bd5eccd679e,N2,,naver_level_missing,その他,そのた,,,,,,,https://ja.dict.naver.com/#/search?query=%E3%81%9D%E3%81%AE%E4%BB%96,2026-09-01T23:33:29+0900,No JLPT-tagged NAVER entry found
w_16b5e002c7a1d2f2,N2,,naver_level_missing,その内,そのうち,,,,,,,https://ja.dict.naver.com/#/search?query=%E3%81%9D%E3%81%AE%E5%86%85,2026-09-01T23:33:29+0900,No JLPT-tagged NAVER entry found
w_7be7b280d00ddd2e,N2,,naver_level_missing,その頃,そのころ,,,,,,,https://ja.dict.naver.com/#/search?query=%E3%81%9D%E3%81%AE%E9%A0%83,2026-09-01T23:33:29+0900,No JLPT-tagged NAVER entry found
w_ea00e32ec502493b,N2,,naver_level_missing,ひっくり返す,ひっくりかえす,,,,,,,https://ja.dict.naver.com/#/search?query=%E3%81%B2%E3%81%A3%E3%81%8F%E3%82%8A%E8%BF%94%E3%81%99,2026-09-01T23:33:29+0900,No JLPT-tagged NAVER entry found
w_308680a8ffac242b,N2,,naver_level_missing,ぴたり,ぴたり,,,,,,,https://ja.dict.naver.com/#/search?query=%E3%81%B4%E3%81%9F%E3%82%8A,2026-09-01T23:33:29+0900,No JLPT-tagged NAVER entry found
w_6aeb9c1f5df61e28,N2,,naver_level_missing,ウェイトレス,ウェイトレス,,,,,,,https://ja.dict.naver.com/#/search?query=%E3%82%A6%E3%82%A7%E3%82%A4%E3%83%88%E3%83%AC%E3%82%B9,2026-09-01T23:33:29+0900,No JLPT-tagged NAVER entry found
w_87d6d130008c550c,N2,,naver_level_missing,プラットホーム,プラットホーム,,,,,,,https://ja.dict.naver.com/#/search?query=%E3%83%97%E3%83%A9%E3%83%83%E3%83%88%E3%83%9B%E3%83%BC%E3%83%A0,2026-09-01T23:33:29+0900,No JLPT-tagged NAVER entry found
w_657c15849a6ea25b,N2,,naver_level_missing,一致する,いっちする,,,,,,,https://ja.dict.naver.com/#/search?query=%E4%B8%80%E8%87%B4%E3%81%99%E3%82%8B,2026-09-01T23:33:29+0900,No JLPT-tagged NAVER entry found
w_7e06d636660c15e5,N2,,naver_level_missing,下書き,したがき,,,,,,,https://ja.dict.naver.com/#/search?query=%E4%B8%8B%E6%9B%B8%E3%81%8D,2026-09-01T23:33:29+0900,No JLPT-tagged NAVER entry found
w_bbb971bd1ab8792b,N2,,naver_level_missing,不良品,ふりょうひん,,,,,,,https://ja.dict.naver.com/#/search?query=%E4%B8%8D%E8%89%AF%E5%93%81,2026-09-01T23:33:29+0900,No JLPT-tagged NAVER entry found
w_968e30c4387b6852,N2,,naver_level_missing,乾燥する,かんそうする,,,,,,,https://ja.dict.naver.com/#/search?query=%E4%B9%BE%E7%87%A5%E3%81%99%E3%82%8B,2026-09-01T23:33:29+0900,No JLPT-tagged NAVER entry found
w_17f948120f29942a,N2,,naver_level_missing,代る,かわる,,,,,,,https://ja.dict.naver.com/#/search?query=%E4%BB%A3%E3%82%8B,2026-09-01T23:33:29+0900,No JLPT-tagged NAVER entry found
w_f49cc52552a99478,N2,,naver_level_missing,仮名遣い,かなづかい,,,,,,,https://ja.dict.naver.com/#/search?query=%E4%BB%AE%E5%90%8D%E9%81%A3%E3%81%84,2026-09-01T23:33:29+0900,No JLPT-tagged NAVER entry found
w_60c6493c03cb7ac9,N2,,naver_level_missing,伝染する,でんせんする,,,,,,,https://ja.dict.naver.com/#/search?query=%E4%BC%9D%E6%9F%93%E3%81%99%E3%82%8B,2026-09-01T23:33:29+0900,No JLPT-tagged NAVER entry found
w_97db66ffd893f4b5,N2,,naver_level_missing,伯母,おば,,,,,,,https://ja.dict.naver.com/#/search?query=%E4%BC%AF%E6%AF%8D,2026-09-01T23:33:29+0900,No JLPT-tagged NAVER entry found
w_4948be9f9aed94b0,N2,,naver_level_missing,何々,なになに,,,,,,,https://ja.dict.naver.com/#/search?query=%E4%BD%95%E3%80%85,2026-09-01T23:33:29+0900,No JLPT-tagged NAVER entry found
w_9ab22525169e4b3d,N2,,naver_level_missing,何となく,なんとなく,,,,,,,https://ja.dict.naver.com/#/search?query=%E4%BD%95%E3%81%A8%E3%81%AA%E3%81%8F,2026-09-01T23:33:29+0900,No JLPT-tagged NAVER entry found
w_3a1f87a38c518af5,N2,,naver_level_missing,何とも,なんとも,,,,,,,https://ja.dict.naver.com/#/search?query=%E4%BD%95%E3%81%A8%E3%82%82,2026-09-01T23:33:29+0900,No JLPT-tagged NAVER entry found
w_6fd430be227e0cac,N2,,naver_level_missing,保存する,ほぞんする,,,,,,,https://ja.dict.naver.com/#/search?query=%E4%BF%9D%E5%AD%98%E3%81%99%E3%82%8B,2026-09-01T23:33:29+0900,No JLPT-tagged NAVER entry found
w_4d3a36e26a851fda,N2,,naver_level_missing,保護者,ほごしゃ,,,,,,,https://ja.dict.naver.com/#/search?query=%E4%BF%9D%E8%AD%B7%E8%80%85,2026-09-01T23:33:29+0900,No JLPT-tagged NAVER entry found
w_e504525a3bc6bc12,N2,,naver_level_missing,元々,もともと,,,,,,,https://ja.dict.naver.com/#/search?query=%E5%85%83%E3%80%85,2026-09-01T23:33:29+0900,No JLPT-tagged NAVER entry found
w_615d55cb467f5f8a,N2,,naver_level_missing,克服する,こくふくする,,,,,,,https://ja.dict.naver.com/#/search?query=%E5%85%8B%E6%9C%8D%E3%81%99%E3%82%8B,2026-09-01T23:33:29+0900,No JLPT-tagged NAVER entry found
w_c61d08b46212d3f6,N2,,naver_level_missing,入れ物,いれもの,,,,,,,https://ja.dict.naver.com/#/search?query=%E5%85%A5%E3%82%8C%E7%89%A9,2026-09-01T23:33:29+0900,No JLPT-tagged NAVER entry found
w_12cea3640e3f95bb,N2,,naver_level_missing,出入り口,でいりぐち,,,,,,,https://ja.dict.naver.com/#/search?query=%E5%87%BA%E5%85%A5%E3%82%8A%E5%8F%A3,2026-09-01T23:33:29+0900,No JLPT-tagged NAVER entry found
w_5b59837a9072ecf0,N2,,naver_level_missing,出来上がり,できあがり,,,,,,,https://ja.dict.naver.com/#/search?query=%E5%87%BA%E6%9D%A5%E4%B8%8A%E3%81%8C%E3%82%8A,2026-09-01T23:33:29+0900,No JLPT-tagged NAVER entry found
w_b6692781d912a8ce,N2,,naver_level_missing,初めに,はじめに,,,,,,,https://ja.dict.naver.com/#/search?query=%E5%88%9D%E3%82%81%E3%81%AB,2026-09-01T23:33:29+0900,No JLPT-tagged NAVER entry found
w_391805e8adb3ac8e,N2,,naver_level_missing,刺身,さしみ,,,,,,,https://ja.dict.naver.com/#/search?query=%E5%88%BA%E8%BA%AB,2026-09-01T23:33:29+0900,No JLPT-tagged NAVER entry found
w_0ea31b98d247240b,N2,,naver_level_missing,剥がす,はがす,,,,,,,https://ja.dict.naver.com/#/search?query=%E5%89%A5%E3%81%8C%E3%81%99,2026-09-01T23:33:29+0900,No JLPT-tagged NAVER entry found
w_a61620b169657c43,N2,,naver_level_missing,剥く,むく,,,,,,,https://ja.dict.naver.com/#/search?query=%E5%89%A5%E3%81%8F,2026-09-01T23:33:29+0900,No JLPT-tagged NAVER entry found
w_26d7ff3366e29b42,N2,,naver_level_missing,割合に,わりあいに,,,,,,,https://ja.dict.naver.com/#/search?query=%E5%89%B2%E5%90%88%E3%81%AB,2026-09-01T23:33:29+0900,No JLPT-tagged NAVER entry found
w_d760d012aa3df7a5,N2,,naver_level_missing,勝手に,かってに,,,,,,,https://ja.dict.naver.com/#/search?query=%E5%8B%9D%E6%89%8B%E3%81%AB,2026-09-01T23:33:29+0900,No JLPT-tagged NAVER entry found
w_306216717f196919,N2,,naver_level_missing,半減,はんげん,,,,,,,https://ja.dict.naver.com/#/search?query=%E5%8D%8A%E6%B8%9B,2026-09-01T23:33:29+0900,No JLPT-tagged NAVER entry found
w_9ea346dbfdc4c768,N2,,naver_level_missing,叔母,おば,,,,,,,https://ja.dict.naver.com/#/search?query=%E5%8F%94%E6%AF%8D,2026-09-01T23:33:29+0900,No JLPT-tagged NAVER entry found
w_06502f590cb6c6fe,N2,,naver_level_missing,取り上げる,とりあげる,,,,,,,https://ja.dict.naver.com/#/search?query=%E5%8F%96%E3%82%8A%E4%B8%8A%E3%81%92%E3%82%8B,2026-09-01T23:33:29+0900,No JLPT-tagged NAVER entry found
w_728f3fff42bfc4e5,N2,,naver_level_missing,取り入れる,とりいれる,,,,,,,https://ja.dict.naver.com/#/search?query=%E5%8F%96%E3%82%8A%E5%85%A5%E3%82%8C%E3%82%8B,2026-09-01T23:33:29+0900,No JLPT-tagged NAVER entry found
w_8ff22e997b700b80,N2,,naver_level_missing,受け取り,うけとり,,,,,,,https://ja.dict.naver.com/#/search?query=%E5%8F%97%E3%81%91%E5%8F%96%E3%82%8A,2026-09-01T23:33:29+0900,No JLPT-tagged NAVER entry found
w_01c8260054b32da5,N2,,naver_level_missing,各々,おのおの,,,,,,,https://ja.dict.naver.com/#/search?query=%E5%90%84%E3%80%85,2026-09-01T23:33:29+0900,No JLPT-tagged NAVER entry found
w_afe0b47bfa0921be,N2,,naver_level_missing,吐き出す,はきだす,,,,,,,https://ja.dict.naver.com/#/search?query=%E5%90%90%E3%81%8D%E5%87%BA%E3%81%99,2026-09-01T23:33:29+0900,No JLPT-tagged NAVER entry found
w_cc1a7419426c2c4a,N2,,naver_level_missing,四角い,しかくい,,,,,,,https://ja.dict.naver.com/#/search?query=%E5%9B%9B%E8%A7%92%E3%81%84,2026-09-01T23:33:29+0900,No JLPT-tagged NAVER entry found
w_e4f54ea798784465,N2,,naver_level_missing,坊っちゃん,ぼっちゃん,,,,,,,https://ja.dict.naver.com/#/search?query=%E5%9D%8A%E3%81%A3%E3%81%A1%E3%82%83%E3%82%93,2026-09-01T23:33:29+0900,No JLPT-tagged NAVER entry found
w_ea1fe9d8bd4bfedb,N2,,naver_level_missing,塩辛,しおから,,,,,,,https://ja.dict.naver.com/#/search?query=%E5%A1%A9%E8%BE%9B,2026-09-01T23:33:29+0900,No JLPT-tagged NAVER entry found
w_3f46b28da139c16c,N2,,naver_level_missing,売り切れる,うりきれる,,,,,,,https://ja.dict.naver.com/#/search?query=%E5%A3%B2%E3%82%8A%E5%88%87%E3%82%8C%E3%82%8B,2026-09-01T23:33:29+0900,No JLPT-tagged NAVER entry found
w_0d74e407f9afe5a5,N2,,naver_level_missing,売れ行き,うれゆき,,,,,,,https://ja.dict.naver.com/#/search?query=%E5%A3%B2%E3%82%8C%E8%A1%8C%E3%81%8D,2026-09-01T23:33:29+0900,No JLPT-tagged NAVER entry found
w_a28378d63f77e2a2,N2,,naver_level_missing,変換,へんかん,,,,,,,https://ja.dict.naver.com/#/search?query=%E5%A4%89%E6%8F%9B,2026-09-01T23:33:29+0900,No JLPT-tagged NAVER entry found
w_6b83167e0af43277,N2,,naver_level_missing,多大,ただい,,,,,,,https://ja.dict.naver.com/#/search?query=%E5%A4%9A%E5%A4%A7,2026-09-01T23:33:29+0900,No JLPT-tagged NAVER entry found
w_213905929b42e976,N2,,naver_level_missing,始めに,はじめに,,,,,,,https://ja.dict.naver.com/#/search?query=%E5%A7%8B%E3%82%81%E3%81%AB,2026-09-01T23:33:29+0900,No JLPT-tagged NAVER entry found
w_4fe45e0c31984a3b,N2,,naver_level_missing,小遣い,こづかい,,,,,,,https://ja.dict.naver.com/#/search?query=%E5%B0%8F%E9%81%A3%E3%81%84,2026-09-01T23:33:29+0900,No JLPT-tagged NAVER entry found
w_26dddb87b1e72021,N2,,naver_level_missing,差し引く,さしひく,,,,,,,https://ja.dict.naver.com/#/search?query=%E5%B7%AE%E3%81%97%E5%BC%95%E3%81%8F,2026-09-01T23:33:29+0900,No JLPT-tagged NAVER entry found
w_aec4831204ef2426,N2,,naver_level_missing,差し支え,さしつかえ,,,,,,,https://ja.dict.naver.com/#/search?query=%E5%B7%AE%E3%81%97%E6%94%AF%E3%81%88,2026-09-01T23:33:29+0900,No JLPT-tagged NAVER entry found
w_76a0eb1e41436ab7,N2,,naver_level_missing,平らげる,たいらげる,,,,,,,https://ja.dict.naver.com/#/search?query=%E5%B9%B3%E3%82%89%E3%81%92%E3%82%8B,2026-09-01T23:33:29+0900,No JLPT-tagged NAVER entry found
w_1eae6eda7c09f13c,N2,,naver_level_missing,幸いに,さいわいに,,,,,,,https://ja.dict.naver.com/#/search?query=%E5%B9%B8%E3%81%84%E3%81%AB,2026-09-01T23:33:29+0900,No JLPT-tagged NAVER entry found
w_f6a2e20f749791eb,N2,,naver_level_missing,広々,ひろびろ,,,,,,,https://ja.dict.naver.com/#/search?query=%E5%BA%83%E3%80%85,2026-09-01T23:33:29+0900,No JLPT-tagged NAVER entry found
w_14b7a7565fa9e8f4,N2,,naver_level_missing,度々,たびたび,,,,,,,https://ja.dict.naver.com/#/search?query=%E5%BA%A6%E3%80%85,2026-09-01T23:33:29+0900,No JLPT-tagged NAVER entry found
w_0ff95f9278e7d4c0,N2,,naver_level_missing,弊社,へいしゃ,,,,,,,https://ja.dict.naver.com/#/search?query=%E5%BC%8A%E7%A4%BE,2026-09-01T23:33:29+0900,No JLPT-tagged NAVER entry found
w_0551f83e2464e885,N2,,naver_level_missing,引き分け,ひきわけ,,,,,,,https://ja.dict.naver.com/#/search?query=%E5%BC%95%E3%81%8D%E5%88%86%E3%81%91,2026-09-01T23:33:29+0900,No JLPT-tagged NAVER entry found
w_f9a9fd5b8dca1f64,N2,,naver_level_missing,引き渡す,ひきわたす,,,,,,,https://ja.dict.naver.com/#/search?query=%E5%BC%95%E3%81%8D%E6%B8%A1%E3%81%99,2026-09-01T23:33:29+0900,No JLPT-tagged NAVER entry found
w_e69af88fb6e6c9dc,N2,,naver_level_missing,引き返す,ひきかえす,,,,,,,https://ja.dict.naver.com/#/search?query=%E5%BC%95%E3%81%8D%E8%BF%94%E3%81%99,2026-09-01T23:33:29+0900,No JLPT-tagged NAVER entry found
w_6a5dccbb62da65b7,N2,,naver_level_missing,引っ込む,ひっこむ,,,,,,,https://ja.dict.naver.com/#/search?query=%E5%BC%95%E3%81%A3%E8%BE%BC%E3%82%80,2026-09-01T23:33:29+0900,No JLPT-tagged NAVER entry found
w_8260701b3bb8776f,N2,,naver_level_missing,当たる,あたる,,,,,,,https://ja.dict.naver.com/#/search?query=%E5%BD%93%E3%81%9F%E3%82%8B,2026-09-01T23:33:29+0900,No JLPT-tagged NAVER entry found
w_d6eed39e186a071d,N2,,naver_level_missing,待ち合わせる,まちあわせる,,,,,,,https://ja.dict.naver.com/#/search?query=%E5%BE%85%E3%81%A1%E5%90%88%E3%82%8F%E3%81%9B%E3%82%8B,2026-09-01T23:33:29+0900,No JLPT-tagged NAVER entry found
w_2eb416150973f88d,N2,,naver_level_missing,徐々,じょじょ,,,,,,,https://ja.dict.naver.com/#/search?query=%E5%BE%90%E3%80%85,2026-09-01T23:33:29+0900,No JLPT-tagged NAVER entry found
w_18a5d02537f4ccc4,N2,,naver_level_missing,徹底する,てっていする,,,,,,,https://ja.dict.naver.com/#/search?query=%E5%BE%B9%E5%BA%95%E3%81%99%E3%82%8B,2026-09-01T23:33:29+0900,No JLPT-tagged NAVER entry found
w_826d95074900597b,N2,,naver_level_missing,心当たり,こころあたり,,,,,,,https://ja.dict.naver.com/#/search?query=%E5%BF%83%E5%BD%93%E3%81%9F%E3%82%8A,2026-09-01T23:33:29+0900,No JLPT-tagged NAVER entry found
w_938006f867662636,N2,,naver_level_missing,急増する,きゅうぞうする,,,,,,,https://ja.dict.naver.com/#/search?query=%E6%80%A5%E5%A2%97%E3%81%99%E3%82%8B,2026-09-01T23:33:29+0900,No JLPT-tagged NAVER entry found
w_08d04d7ffcce53c1,N2,,naver_level_missing,悔やむ,くやむ,,,,,,,https://ja.dict.naver.com/#/search?query=%E6%82%94%E3%82%84%E3%82%80,2026-09-01T23:33:29+0900,No JLPT-tagged NAVER entry found
w_8e980f9ef22d1661,N2,,naver_level_missing,悠々,ゆうゆう,,,,,,,https://ja.dict.naver.com/#/search?query=%E6%82%A0%E3%80%85,2026-09-01T23:33:29+0900,No JLPT-tagged NAVER entry found
w_fcba82e2406eee81,N2,,naver_level_missing,惑わす,まどわす,,,,,,,https://ja.dict.naver.com/#/search?query=%E6%83%91%E3%82%8F%E3%81%99,2026-09-01T23:33:29+0900,No JLPT-tagged NAVER entry found
w_3a8617b339bdbba6,N2,,naver_level_missing,愛用,あいよう,,,,,,,https://ja.dict.naver.com/#/search?query=%E6%84%9B%E7%94%A8,2026-09-01T23:33:29+0900,No JLPT-tagged NAVER entry found
w_124b8bc840f69c1e,N2,,naver_level_missing,我々,われわれ,,,,,,,https://ja.dict.naver.com/#/search?query=%E6%88%91%E3%80%85,2026-09-01T23:33:29+0900,No JLPT-tagged NAVER entry found
w_f3100e7c17b3e26c,N2,,naver_level_missing,所々,ところどころ,,,,,,,https://ja.dict.naver.com/#/search?query=%E6%89%80%E3%80%85,2026-09-01T23:33:29+0900,No JLPT-tagged NAVER entry found
w_2647ebc555c9e05a,N2,,naver_level_missing,手拭い,てぬぐい,,,,,,,https://ja.dict.naver.com/#/search?query=%E6%89%8B%E6%8B%AD%E3%81%84,2026-09-01T23:33:29+0900,No JLPT-tagged NAVER entry found
w_4dbe5a61e64d2816,N2,,naver_level_missing,手洗い,てあらい,,,,,,,https://ja.dict.naver.com/#/search?query=%E6%89%8B%E6%B4%97%E3%81%84,2026-09-01T23:33:29+0900,No JLPT-tagged NAVER entry found
w_2f45942de23dda55,N2,,naver_level_missing,手続き,てつづき,,,,,,,https://ja.dict.naver.com/#/search?query=%E6%89%8B%E7%B6%9A%E3%81%8D,2026-09-01T23:33:29+0900,No JLPT-tagged NAVER entry found
w_8066bc7c46e1fbb1,N2,,naver_level_missing,打ち消す,うちけす,,,,,,,https://ja.dict.naver.com/#/search?query=%E6%89%93%E3%81%A1%E6%B6%88%E3%81%99,2026-09-01T23:33:29+0900,No JLPT-tagged NAVER entry found
w_a9f7302f18a082a7,N2,,naver_level_missing,招待する,しょうたいする,,,,,,,https://ja.dict.naver.com/#/search?query=%E6%8B%9B%E5%BE%85%E3%81%99%E3%82%8B,2026-09-01T23:33:29+0900,No JLPT-tagged NAVER entry found
w_c811f5af75378dc5,N2,,naver_level_missing,持参する,じさんする,,,,,,,https://ja.dict.naver.com/#/search?query=%E6%8C%81%E5%8F%82%E3%81%99%E3%82%8B,2026-09-01T23:33:29+0900,No JLPT-tagged NAVER entry found
w_326b5e103bd2d893,N2,,naver_level_missing,振り仮名,ふりがな,,,,,,,https://ja.dict.naver.com/#/search?query=%E6%8C%AF%E3%82%8A%E4%BB%AE%E5%90%8D,2026-09-01T23:33:29+0900,No JLPT-tagged NAVER entry found
w_d18953f3f8dc760f,N2,,naver_level_missing,振り向く,ふりむく,,,,,,,https://ja.dict.naver.com/#/search?query=%E6%8C%AF%E3%82%8A%E5%90%91%E3%81%8F,2026-09-01T23:33:29+0900,No JLPT-tagged NAVER entry found
w_22b57ca13e715d81,N2,,naver_level_missing,振る舞う,ふるまう,,,,,,,https://ja.dict.naver.com/#/search?query=%E6%8C%AF%E3%82%8B%E8%88%9E%E3%81%86,2026-09-01T23:33:29+0900,No JLPT-tagged NAVER entry found
w_8065e96840fda82b,N2,,naver_level_missing,捕らえる,とらえる,,,,,,,https://ja.dict.naver.com/#/search?query=%E6%8D%95%E3%82%89%E3%81%88%E3%82%8B,2026-09-01T23:33:29+0900,No JLPT-tagged NAVER entry found
w_b634948494be7e44,N2,,naver_level_missing,斬る,きる,,,,,,,https://ja.dict.naver.com/#/search?query=%E6%96%AC%E3%82%8B,2026-09-01T23:33:29+0900,No JLPT-tagged NAVER entry found
w_011337c673b66fbe,N2,,naver_level_missing,日にち,ひにち,,,,,,,https://ja.dict.naver.com/#/search?query=%E6%97%A5%E3%81%AB%E3%81%A1,2026-09-01T23:33:29+0900,No JLPT-tagged NAVER entry found
w_d69788977c20d14c,N2,,naver_level_missing,日差し,ひざし,,,,,,,https://ja.dict.naver.com/#/search?query=%E6%97%A5%E5%B7%AE%E3%81%97,2026-09-01T23:33:29+0900,No JLPT-tagged NAVER entry found
w_1926f7032260e4dd,N2,,naver_level_missing,明かり,あかり,,,,,,,https://ja.dict.naver.com/#/search?query=%E6%98%8E%E3%81%8B%E3%82%8A,2026-09-01T23:33:29+0900,No JLPT-tagged NAVER entry found
w_1fd4c250a90b93a7,N2,,naver_level_missing,普遍的,ふへんてき,,,,,,,https://ja.dict.naver.com/#/search?query=%E6%99%AE%E9%81%8D%E7%9A%84,2026-09-01T23:33:29+0900,No JLPT-tagged NAVER entry found
w_bdef0744a164ce01,N2,,naver_level_missing,果たして,はたして,,,,,,,https://ja.dict.naver.com/#/search?query=%E6%9E%9C%E3%81%9F%E3%81%97%E3%81%A6,2026-09-01T23:33:29+0900,No JLPT-tagged NAVER entry found
w_ef34615da3e743ca,N2,,naver_level_missing,楽天的,らくてんてき,,,,,,,https://ja.dict.naver.com/#/search?query=%E6%A5%BD%E5%A4%A9%E7%9A%84,2026-09-01T23:33:29+0900,No JLPT-tagged NAVER entry found
w_ce285518225afb6d,N2,,naver_level_missing,構いません,かまいません,,,,,,,https://ja.dict.naver.com/#/search?query=%E6%A7%8B%E3%81%84%E3%81%BE%E3%81%9B%E3%82%93,2026-09-01T23:33:29+0900,No JLPT-tagged NAVER entry found
w_39dd02a5b61887c0,N2,,naver_level_missing,様々,さまざま,,,,,,,https://ja.dict.naver.com/#/search?query=%E6%A7%98%E3%80%85,2026-09-01T23:33:29+0900,No JLPT-tagged NAVER entry found
w_a7b14d3e8de85b78,N2,,naver_level_missing,歯磨き,はみがき,,,,,,,https://ja.dict.naver.com/#/search?query=%E6%AD%AF%E7%A3%A8%E3%81%8D,2026-09-01T23:33:29+0900,No JLPT-tagged NAVER entry found
w_8ed0bef131adb294,N2,,naver_level_missing,浮かぶ,うかぶ,,,,,,,https://ja.dict.naver.com/#/search?query=%E6%B5%AE%E3%81%8B%E3%81%B6,2026-09-01T23:33:29+0900,No JLPT-tagged NAVER entry found
w_93a96281b83e6194,N2,,naver_level_missing,温もり,ぬくもり,,,,,,,https://ja.dict.naver.com/#/search?query=%E6%B8%A9%E3%82%82%E3%82%8A,2026-09-01T23:33:29+0900,No JLPT-tagged NAVER entry found
w_1471aa8114e77f9f,N2,,naver_level_missing,溜息,ためいき,,,,,,,https://ja.dict.naver.com/#/search?query=%E6%BA%9C%E6%81%AF,2026-09-01T23:33:29+0900,No JLPT-tagged NAVER entry found
w_1e2a728f9fcabb4d,N2,,naver_level_missing,溶け込む,とけこむ,,,,,,,https://ja.dict.naver.com/#/search?query=%E6%BA%B6%E3%81%91%E8%BE%BC%E3%82%80,2026-09-01T23:33:29+0900,No JLPT-tagged NAVER entry found
w_de05e8614dcecdb5,N2,,naver_level_missing,滅多に,めったに,,,,,,,https://ja.dict.naver.com/#/search?query=%E6%BB%85%E5%A4%9A%E3%81%AB,2026-09-01T23:33:29+0900,No JLPT-tagged NAVER entry found
w_e858d46c7109c9cd,N2,,naver_level_missing,照らす,てらす,,,,,,,https://ja.dict.naver.com/#/search?query=%E7%85%A7%E3%82%89%E3%81%99,2026-09-01T23:33:29+0900,No JLPT-tagged NAVER entry found
w_e00dbe6126a8bcff,N2,,naver_level_missing,物差し,ものさし,,,,,,,https://ja.dict.naver.com/#/search?query=%E7%89%A9%E5%B7%AE%E3%81%97,2026-09-01T23:33:29+0900,No JLPT-tagged NAVER entry found
w_1e3238f741e99a6a,N2,,naver_level_missing,狭める,せばめる,,,,,,,https://ja.dict.naver.com/#/search?query=%E7%8B%AD%E3%82%81%E3%82%8B,2026-09-01T23:33:29+0900,No JLPT-tagged NAVER entry found
w_e6e34cd099dad65c,N2,,naver_level_missing,率,りつ,,,,,,,https://ja.dict.naver.com/#/search?query=%E7%8E%87,2026-09-01T23:33:29+0900,No JLPT-tagged NAVER entry found
w_c754546c7b68fe8e,N2,,naver_level_missing,率直,そっちょく,,,,,,,https://ja.dict.naver.com/#/search?query=%E7%8E%87%E7%9B%B4,2026-09-01T23:33:29+0900,No JLPT-tagged NAVER entry found
w_f372d394a0a4c4e1,N2,,naver_level_missing,現す,あらわす,,,,,,,https://ja.dict.naver.com/#/search?query=%E7%8F%BE%E3%81%99,2026-09-01T23:33:29+0900,No JLPT-tagged NAVER entry found
w_58ae1bd95dca9642,N2,,naver_level_missing,現れ,あらわれ,,,,,,,https://ja.dict.naver.com/#/search?query=%E7%8F%BE%E3%82%8C,2026-09-01T23:33:29+0900,No JLPT-tagged NAVER entry found
w_94e5e900e99061d0,N2,,naver_level_missing,生け花,いけばな,,,,,,,https://ja.dict.naver.com/#/search?query=%E7%94%9F%E3%81%91%E8%8A%B1,2026-09-01T23:33:29+0900,No JLPT-tagged NAVER entry found
w_518f5d6a41328c85,N2,,naver_level_missing,生み出す,うみだす,,,,,,,https://ja.dict.naver.com/#/search?query=%E7%94%9F%E3%81%BF%E5%87%BA%E3%81%99,2026-09-01T23:33:29+0900,No JLPT-tagged NAVER entry found
w_b59c4e111c8e5426,N2,,naver_level_missing,田植え,たうえ,,,,,,,https://ja.dict.naver.com/#/search?query=%E7%94%B0%E6%A4%8D%E3%81%88,2026-09-01T23:33:29+0900,No JLPT-tagged NAVER entry found
w_261d08aef7008630,N2,,naver_level_missing,痛ましい,いたましい,,,,,,,https://ja.dict.naver.com/#/search?query=%E7%97%9B%E3%81%BE%E3%81%97%E3%81%84,2026-09-01T23:33:29+0900,No JLPT-tagged NAVER entry found
w_a6ac744584fd12de,N2,,naver_level_missing,発送,はっそう,,,,,,,https://ja.dict.naver.com/#/search?query=%E7%99%BA%E9%80%81,2026-09-01T23:33:29+0900,No JLPT-tagged NAVER entry found
w_957e9ad1cc2a5cc6,N2,,naver_level_missing,着々,ちゃくちゃく,,,,,,,https://ja.dict.naver.com/#/search?query=%E7%9D%80%E3%80%85,2026-09-01T23:33:29+0900,No JLPT-tagged NAVER entry found
w_8bbc04e399eb7ef7,N2,,naver_level_missing,確率,かくりつ,,,,,,,https://ja.dict.naver.com/#/search?query=%E7%A2%BA%E7%8E%87,2026-09-01T23:33:29+0900,No JLPT-tagged NAVER entry found
w_dc6a45628d836fe4,N2,,naver_level_missing,積み重ねる,つみかさねる,,,,,,,https://ja.dict.naver.com/#/search?query=%E7%A9%8D%E3%81%BF%E9%87%8D%E3%81%AD%E3%82%8B,2026-09-01T23:33:29+0900,No JLPT-tagged NAVER entry found
w_36777d1c0b4ca241,N2,,naver_level_missing,突き当たり,つきあたり,,,,,,,https://ja.dict.naver.com/#/search?query=%E7%AA%81%E3%81%8D%E5%BD%93%E3%81%9F%E3%82%8A,2026-09-01T23:33:29+0900,No JLPT-tagged NAVER entry found
w_239002bff34f6f02,N2,,naver_level_missing,突き当たる,つきあたる,,,,,,,https://ja.dict.naver.com/#/search?query=%E7%AA%81%E3%81%8D%E5%BD%93%E3%81%9F%E3%82%8B,2026-09-01T23:33:29+0900,No JLPT-tagged NAVER entry found
w_01e82a3b4d12f965,N2,,naver_level_missing,簡略,かんりゃく,,,,,,,https://ja.dict.naver.com/#/search?query=%E7%B0%A1%E7%95%A5,2026-09-01T23:33:29+0900,No JLPT-tagged NAVER entry found
w_9c08a614ebb31c33,N2,,naver_level_missing,納得する,なっとくする,,,,,,,https://ja.dict.naver.com/#/search?query=%E7%B4%8D%E5%BE%97%E3%81%99%E3%82%8B,2026-09-01T23:33:29+0900,No JLPT-tagged NAVER entry found
w_2ccccc5ce470df89,N2,,naver_level_missing,組み立てる,くみたてる,,,,,,,https://ja.dict.naver.com/#/search?query=%E7%B5%84%E3%81%BF%E7%AB%8B%E3%81%A6%E3%82%8B,2026-09-01T23:33:29+0900,No JLPT-tagged NAVER entry found
w_901d2f293b5d66be,N2,,naver_level_missing,組合せ,くみあわせ,,,,,,,https://ja.dict.naver.com/#/search?query=%E7%B5%84%E5%90%88%E3%81%9B,2026-09-01T23:33:29+0900,No JLPT-tagged NAVER entry found
w_07d6a6a90e27f147,N2,,naver_level_missing,維持する,いじする,,,,,,,https://ja.dict.naver.com/#/search?query=%E7%B6%AD%E6%8C%81%E3%81%99%E3%82%8B,2026-09-01T23:33:29+0900,No JLPT-tagged NAVER entry found
w_2385034ec0aae4d5,N2,,naver_level_missing,締め切る,しめきる,,,,,,,https://ja.dict.naver.com/#/search?query=%E7%B7%A0%E3%82%81%E5%88%87%E3%82%8B,2026-09-01T23:33:29+0900,No JLPT-tagged NAVER entry found
w_38ec64286bb042f9,N2,,naver_level_missing,編み物,あみもの,,,,,,,https://ja.dict.naver.com/#/search?query=%E7%B7%A8%E3%81%BF%E7%89%A9,2026-09-01T23:33:29+0900,No JLPT-tagged NAVER entry found
w_dbd3956009c2603f,N2,,naver_level_missing,繋がり,つながり,,,,,,,https://ja.dict.naver.com/#/search?query=%E7%B9%8B%E3%81%8C%E3%82%8A,2026-09-01T23:33:29+0900,No JLPT-tagged NAVER entry found
w_55e59b27b382a2f6,N2,,naver_level_missing,缶詰,かんづめ,,,,,,,https://ja.dict.naver.com/#/search?query=%E7%BC%B6%E8%A9%B0,2026-09-01T23:33:29+0900,No JLPT-tagged NAVER entry found
w_0660726936f3cd12,N2,,naver_level_missing,群れ,むれ,,,,,,,https://ja.dict.naver.com/#/search?query=%E7%BE%A4%E3%82%8C,2026-09-01T23:33:29+0900,No JLPT-tagged NAVER entry found
w_e06b11a0ce81c89c,N2,,naver_level_missing,能率,のうりつ,,,,,,,https://ja.dict.naver.com/#/search?query=%E8%83%BD%E7%8E%87,2026-09-01T23:33:29+0900,No JLPT-tagged NAVER entry found
w_1d6479a34c016b7b,N2,,naver_level_missing,腰掛け,こしかけ,,,,,,,https://ja.dict.naver.com/#/search?query=%E8%85%B0%E6%8E%9B%E3%81%91,2026-09-01T23:33:29+0900,No JLPT-tagged NAVER entry found
w_2e9a5e2228dedf84,N2,,naver_level_missing,薄れる,うすれる,,,,,,,https://ja.dict.naver.com/#/search?query=%E8%96%84%E3%82%8C%E3%82%8B,2026-09-01T23:33:29+0900,No JLPT-tagged NAVER entry found
w_becbe89dce937f34,N2,,naver_level_missing,行ってきます,いってきます,,,,,,,https://ja.dict.naver.com/#/search?query=%E8%A1%8C%E3%81%A3%E3%81%A6%E3%81%8D%E3%81%BE%E3%81%99,2026-09-01T23:33:29+0900,No JLPT-tagged NAVER entry found
w_0014ac027b7eefb9,N2,,naver_level_missing,見かけ,みかけ,,,,,,,https://ja.dict.naver.com/#/search?query=%E8%A6%8B%E3%81%8B%E3%81%91,2026-09-01T23:33:29+0900,No JLPT-tagged NAVER entry found
w_687ee1900b005fd1,N2,,naver_level_missing,見つめる,みつめる,,,,,,,https://ja.dict.naver.com/#/search?query=%E8%A6%8B%E3%81%A4%E3%82%81%E3%82%8B,2026-09-01T23:33:29+0900,No JLPT-tagged NAVER entry found
w_2c3933bd8ef5180a,N2,,naver_level_missing,見出す,みいだす,,,,,,,https://ja.dict.naver.com/#/search?query=%E8%A6%8B%E5%87%BA%E3%81%99,2026-09-01T23:33:29+0900,No JLPT-tagged NAVER entry found
w_70ff370b9207cebb,N2,,naver_level_missing,観察する,かんさつする,,,,,,,https://ja.dict.naver.com/#/search?query=%E8%A6%B3%E5%AF%9F%E3%81%99%E3%82%8B,2026-09-01T23:33:29+0900,No JLPT-tagged NAVER entry found
w_8abfd2bb2953f1cf,N2,,naver_level_missing,解消,かいしょう,,,,,,,https://ja.dict.naver.com/#/search?query=%E8%A7%A3%E6%B6%88,2026-09-01T23:33:29+0900,No JLPT-tagged NAVER entry found
w_25c295e6bfa0e5ae,N2,,naver_level_missing,詰まる,つまる,,,,,,,https://ja.dict.naver.com/#/search?query=%E8%A9%B0%E3%81%BE%E3%82%8B,2026-09-01T23:33:29+0900,No JLPT-tagged NAVER entry found
w_ba2d55654486780d,N2,,naver_level_missing,詰め込む,つめこむ,,,,,,,https://ja.dict.naver.com/#/search?query=%E8%A9%B0%E3%82%81%E8%BE%BC%E3%82%80,2026-09-01T23:33:29+0900,No JLPT-tagged NAVER entry found
w_14e067fde838f088,N2,,naver_level_missing,課,か,,,,,,,https://ja.dict.naver.com/#/search?query=%E8%AA%B2,2026-09-01T23:33:29+0900,No JLPT-tagged NAVER entry found
w_ebab9cbea8ee8c2a,N2,,naver_level_missing,貢献する,こうけんする,,,,,,,https://ja.dict.naver.com/#/search?query=%E8%B2%A2%E7%8C%AE%E3%81%99%E3%82%8B,2026-09-01T23:33:29+0900,No JLPT-tagged NAVER entry found
w_43a17bcc35ccbf97,N2,,naver_level_missing,貸し出す,かしだす,,,,,,,https://ja.dict.naver.com/#/search?query=%E8%B2%B8%E3%81%97%E5%87%BA%E3%81%99,2026-09-01T23:33:29+0900,No JLPT-tagged NAVER entry found
w_185d35831c7080a5,N2,,naver_level_missing,踏み出す,ふみだす,,,,,,,https://ja.dict.naver.com/#/search?query=%E8%B8%8F%E3%81%BF%E5%87%BA%E3%81%99,2026-09-01T23:33:29+0900,No JLPT-tagged NAVER entry found
w_a5d4c58d6109165f,N2,,naver_level_missing,踏切,ふみきり,,,,,,,https://ja.dict.naver.com/#/search?query=%E8%B8%8F%E5%88%87,2026-09-01T23:33:29+0900,No JLPT-tagged NAVER entry found
w_6dafd4f1d41998c0,N2,,naver_level_missing,転々,てんてん,,,,,,,https://ja.dict.naver.com/#/search?query=%E8%BB%A2%E3%80%85,2026-09-01T23:33:29+0900,No JLPT-tagged NAVER entry found
w_905560521db40adf,N2,,naver_level_missing,輸入する,ゆにゅうする,,,,,,,https://ja.dict.naver.com/#/search?query=%E8%BC%B8%E5%85%A5%E3%81%99%E3%82%8B,2026-09-01T23:33:29+0900,No JLPT-tagged NAVER entry found
w_3167b7f68f1448f2,N2,,naver_level_missing,近々,ちかぢか,,,,,,,https://ja.dict.naver.com/#/search?query=%E8%BF%91%E3%80%85,2026-09-01T23:33:29+0900,No JLPT-tagged NAVER entry found
w_bd93ffd2acbd4da4,N2,,naver_level_missing,送り仮名,おくりがな,,,,,,,https://ja.dict.naver.com/#/search?query=%E9%80%81%E3%82%8A%E4%BB%AE%E5%90%8D,2026-09-01T23:33:29+0900,No JLPT-tagged NAVER entry found
w_1340936be90e14b2,N2,,naver_level_missing,逃がす,にがす,,,,,,,https://ja.dict.naver.com/#/search?query=%E9%80%83%E3%81%8C%E3%81%99,2026-09-01T23:33:29+0900,No JLPT-tagged NAVER entry found
w_b7e08adc23fd8e21,N2,,naver_level_missing,逆さま,さかさま,,,,,,,https://ja.dict.naver.com/#/search?query=%E9%80%86%E3%81%95%E3%81%BE,2026-09-01T23:33:29+0900,No JLPT-tagged NAVER entry found
w_862fd53a302dc121,N2,,naver_level_missing,適応する,てきおうする,,,,,,,https://ja.dict.naver.com/#/search?query=%E9%81%A9%E5%BF%9C%E3%81%99%E3%82%8B,2026-09-01T23:33:29+0900,No JLPT-tagged NAVER entry found
w_f28b61c97c036a7c,N2,,naver_level_missing,遭遇する,そうぐうする,,,,,,,https://ja.dict.naver.com/#/search?query=%E9%81%AD%E9%81%87%E3%81%99%E3%82%8B,2026-09-01T23:33:29+0900,No JLPT-tagged NAVER entry found
w_6ca1354f895002f3,N2,,naver_level_missing,酔っ払い,よっぱらい,,,,,,,https://ja.dict.naver.com/#/search?query=%E9%85%94%E3%81%A3%E6%89%95%E3%81%84,2026-09-01T23:33:29+0900,No JLPT-tagged NAVER entry found
w_ae56013338fc1207,N2,,naver_level_missing,重苦しい,おもくるしい,,,,,,,https://ja.dict.naver.com/#/search?query=%E9%87%8D%E8%8B%A6%E3%81%97%E3%81%84,2026-09-01T23:33:29+0900,No JLPT-tagged NAVER entry found
w_3fdb71882ab12ba8,N2,,naver_level_missing,釣り合う,つりあう,,,,,,,https://ja.dict.naver.com/#/search?query=%E9%87%A3%E3%82%8A%E5%90%88%E3%81%86,2026-09-01T23:33:29+0900,No JLPT-tagged NAVER entry found
w_7dbaaf931093de54,N2,,naver_level_missing,銘々,めいめい,,,,,,,https://ja.dict.naver.com/#/search?query=%E9%8A%98%E3%80%85,2026-09-01T23:33:29+0900,No JLPT-tagged NAVER entry found
w_00c99649445717dd,N2,,naver_level_missing,間もなく,まもなく,,,,,,,https://ja.dict.naver.com/#/search?query=%E9%96%93%E3%82%82%E3%81%AA%E3%81%8F,2026-09-01T23:33:29+0900,No JLPT-tagged NAVER entry found
w_157443e88683e1c9,N2,,naver_level_missing,関わる,かかわる,,,,,,,https://ja.dict.naver.com/#/search?query=%E9%96%A2%E3%82%8F%E3%82%8B,2026-09-01T23:33:29+0900,No JLPT-tagged NAVER entry found
w_9cd37964a8b53096,N2,,naver_level_missing,隙,すき,,,,,,,https://ja.dict.naver.com/#/search?query=%E9%9A%99,2026-09-01T23:33:29+0900,No JLPT-tagged NAVER entry found
w_e1858aa5a7439d43,N2,,naver_level_missing,順々,じゅんじゅん,,,,,,,https://ja.dict.naver.com/#/search?query=%E9%A0%86%E3%80%85,2026-09-01T23:33:29+0900,No JLPT-tagged NAVER entry found
w_6e87ca2dff877ff4,N2,,naver_level_missing,飛躍的,ひやくてき,,,,,,,https://ja.dict.naver.com/#/search?query=%E9%A3%9B%E8%BA%8D%E7%9A%84,2026-09-01T23:33:29+0900,No JLPT-tagged NAVER entry found
w_e71ff358a5a5b2cf,N2,,naver_level_missing,飼い主,かいぬし,,,,,,,https://ja.dict.naver.com/#/search?query=%E9%A3%BC%E3%81%84%E4%B8%BB,2026-09-01T23:33:29+0900,No JLPT-tagged NAVER entry found
w_64d64dc24b94b658,N2,,naver_level_missing,餅,もち,,,,,,,https://ja.dict.naver.com/#/search?query=%E9%A4%85,2026-09-01T23:33:29+0900,No JLPT-tagged NAVER entry found
w_75780c2794106632,N2,,naver_level_missing,騒々しい,そうぞうしい,,,,,,,https://ja.dict.naver.com/#/search?query=%E9%A8%92%E3%80%85%E3%81%97%E3%81%84,2026-09-01T23:33:29+0900,No JLPT-tagged NAVER entry found
w_155335c07d28c16f,N3,,naver_level_missing,いつでも,いつでも,,,,,,,https://ja.dict.naver.com/#/search?query=%E3%81%84%E3%81%A4%E3%81%A7%E3%82%82,2026-09-01T23:33:29+0900,No JLPT-tagged NAVER entry found
w_06c3d7fabba14770,N3,,naver_level_missing,お土産,おみやげ,,,,,,,https://ja.dict.naver.com/#/search?query=%E3%81%8A%E5%9C%9F%E7%94%A3,2026-09-01T23:33:29+0900,No JLPT-tagged NAVER entry found
w_c0a74a5ceeba2335,N3,,naver_level_missing,お洒落,おしゃれ,,,,,,,https://ja.dict.naver.com/#/search?query=%E3%81%8A%E6%B4%92%E8%90%BD,2026-09-01T23:33:29+0900,No JLPT-tagged NAVER entry found
w_7324984adc736a5d,N3,,naver_level_missing,がっかりする,がっかりする,,,,,,,https://ja.dict.naver.com/#/search?query=%E3%81%8C%E3%81%A3%E3%81%8B%E3%82%8A%E3%81%99%E3%82%8B,2026-09-01T23:33:29+0900,No JLPT-tagged NAVER entry found
w_cf44989e0ac5563a,N3,,naver_level_missing,チェックする,チェックする,,,,,,,https://ja.dict.naver.com/#/search?query=%E3%83%81%E3%82%A7%E3%83%83%E3%82%AF%E3%81%99%E3%82%8B,2026-09-01T23:33:29+0900,No JLPT-tagged NAVER entry found
w_92f2cceffefa8a7e,N3,,naver_level_missing,チャレンジ,チャレンジ,,,,,,,https://ja.dict.naver.com/#/search?query=%E3%83%81%E3%83%A3%E3%83%AC%E3%83%B3%E3%82%B8,2026-09-01T23:33:29+0900,No JLPT-tagged NAVER entry found
w_7ca8064312bdb7b2,N3,,naver_level_missing,パンフレット,パンフレット,,,,,,,https://ja.dict.naver.com/#/search?query=%E3%83%91%E3%83%B3%E3%83%95%E3%83%AC%E3%83%83%E3%83%88,2026-09-01T23:33:29+0900,No JLPT-tagged NAVER entry found
w_c4183df97780a7e1,N3,,naver_level_missing,マナー,マナー,,,,,,,https://ja.dict.naver.com/#/search?query=%E3%83%9E%E3%83%8A%E3%83%BC,2026-09-01T23:33:29+0900,No JLPT-tagged NAVER entry found
w_dac2ed0ed0290865,N3,,naver_level_missing,一度に,いちどに,,,,,,,https://ja.dict.naver.com/#/search?query=%E4%B8%80%E5%BA%A6%E3%81%AB,2026-09-01T23:33:29+0900,No JLPT-tagged NAVER entry found
w_066f479d049724ea,N3,,naver_level_missing,一秒,いちびょう,,,,,,,https://ja.dict.naver.com/#/search?query=%E4%B8%80%E7%A7%92,2026-09-01T23:33:29+0900,No JLPT-tagged NAVER entry found
w_0e7b2b386c68b627,N3,,naver_level_missing,一般的,いっぱんてき,,,,,,,https://ja.dict.naver.com/#/search?query=%E4%B8%80%E8%88%AC%E7%9A%84,2026-09-01T23:33:29+0900,No JLPT-tagged NAVER entry found
w_b0e70ed0be91dd53,N3,,naver_level_missing,一般的な,いっぱんてきな,,,,,,,https://ja.dict.naver.com/#/search?query=%E4%B8%80%E8%88%AC%E7%9A%84%E3%81%AA,2026-09-01T23:33:29+0900,No JLPT-tagged NAVER entry found
w_3b8bf0b034f0d82f,N3,,naver_level_missing,下ろす,おろす,,,,,,,https://ja.dict.naver.com/#/search?query=%E4%B8%8B%E3%82%8D%E3%81%99,2026-09-01T23:33:29+0900,No JLPT-tagged NAVER entry found
w_40a6caa2efc2a517,N3,,naver_level_missing,乗り越し,のりこし,,,,,,,https://ja.dict.naver.com/#/search?query=%E4%B9%97%E3%82%8A%E8%B6%8A%E3%81%97,2026-09-01T23:33:29+0900,No JLPT-tagged NAVER entry found
w_901baf132bb76fff,N3,,naver_level_missing,乗り越す,のりこす,,,,,,,https://ja.dict.naver.com/#/search?query=%E4%B9%97%E3%82%8A%E8%B6%8A%E3%81%99,2026-09-01T23:33:29+0900,No JLPT-tagged NAVER entry found
w_b6ef07b6f1141a3b,N3,,naver_level_missing,乗り遅れる,のりおくれる,,,,,,,https://ja.dict.naver.com/#/search?query=%E4%B9%97%E3%82%8A%E9%81%85%E3%82%8C%E3%82%8B,2026-09-01T23:33:29+0900,No JLPT-tagged NAVER entry found
w_3843ee4af423301d,N3,,naver_level_missing,人々,ひとびと,,,,,,,https://ja.dict.naver.com/#/search?query=%E4%BA%BA%E3%80%85,2026-09-01T23:33:29+0900,No JLPT-tagged NAVER entry found
w_6e2910d8d4a26c4c,N3,,naver_level_missing,仕上がる,しあがる,,,,,,,https://ja.dict.naver.com/#/search?query=%E4%BB%95%E4%B8%8A%E3%81%8C%E3%82%8B,2026-09-01T23:33:29+0900,No JLPT-tagged NAVER entry found
w_ab29dc806d2eef26,N3,,naver_level_missing,代表的,だいひょうてき,,,,,,,https://ja.dict.naver.com/#/search?query=%E4%BB%A3%E8%A1%A8%E7%9A%84,2026-09-01T23:33:29+0900,No JLPT-tagged NAVER entry found
w_f8708ad17ed70251,N3,,naver_level_missing,仮定する,かていする,,,,,,,https://ja.dict.naver.com/#/search?query=%E4%BB%AE%E5%AE%9A%E3%81%99%E3%82%8B,2026-09-01T23:33:29+0900,No JLPT-tagged NAVER entry found
w_eeecb96d165064d7,N3,,naver_level_missing,住まい,すまい,,,,,,,https://ja.dict.naver.com/#/search?query=%E4%BD%8F%E3%81%BE%E3%81%84,2026-09-01T23:33:29+0900,No JLPT-tagged NAVER entry found
w_856ccf82759db1db,N3,,naver_level_missing,係,かかり,,,,,,,https://ja.dict.naver.com/#/search?query=%E4%BF%82,2026-09-01T23:33:29+0900,No JLPT-tagged NAVER entry found
w_0f8fc5c6ab696d73,N3,,naver_level_missing,出会い,であい,,,,,,,https://ja.dict.naver.com/#/search?query=%E5%87%BA%E4%BC%9A%E3%81%84,2026-09-01T23:33:29+0900,No JLPT-tagged NAVER entry found
w_45f7f8d1891332c0,N3,,naver_level_missing,出来上がる,できあがる,,,,,,,https://ja.dict.naver.com/#/search?query=%E5%87%BA%E6%9D%A5%E4%B8%8A%E3%81%8C%E3%82%8B,2026-09-01T23:33:29+0900,No JLPT-tagged NAVER entry found
w_368c112172721eda,N3,,naver_level_missing,分かれる,わかれる,,,,,,,https://ja.dict.naver.com/#/search?query=%E5%88%86%E3%81%8B%E3%82%8C%E3%82%8B,2026-09-01T23:33:29+0900,No JLPT-tagged NAVER entry found
w_cbaa90d9cde4ed8e,N3,,naver_level_missing,別々,べつべつ,,,,,,,https://ja.dict.naver.com/#/search?query=%E5%88%A5%E3%80%85,2026-09-01T23:33:29+0900,No JLPT-tagged NAVER entry found
w_1da66dbffe066645,N3,,naver_level_missing,割り算,わりざん,,,,,,,https://ja.dict.naver.com/#/search?query=%E5%89%B2%E3%82%8A%E7%AE%97,2026-09-01T23:33:29+0900,No JLPT-tagged NAVER entry found
w_70e5d41647427aa4,N3,,naver_level_missing,包み,つつみ,,,,,,,https://ja.dict.naver.com/#/search?query=%E5%8C%85%E3%81%BF,2026-09-01T23:33:29+0900,No JLPT-tagged NAVER entry found
w_107bd50a48d02b70,N3,,naver_level_missing,取り出す,とりだす,,,,,,,https://ja.dict.naver.com/#/search?query=%E5%8F%96%E3%82%8A%E5%87%BA%E3%81%99,2026-09-01T23:33:29+0900,No JLPT-tagged NAVER entry found
w_27b4eb4ed5d3fe45,N3,,naver_level_missing,取り消す,とりけす,,,,,,,https://ja.dict.naver.com/#/search?query=%E5%8F%96%E3%82%8A%E6%B6%88%E3%81%99,2026-09-01T23:33:29+0900,No JLPT-tagged NAVER entry found
w_6c6a8a5d86d0f377,N3,,naver_level_missing,受け取る,うけとる,,,,,,,https://ja.dict.naver.com/#/search?query=%E5%8F%97%E3%81%91%E5%8F%96%E3%82%8B,2026-09-01T23:33:29+0900,No JLPT-tagged NAVER entry found
w_c2cb813bbf10739d,N3,,naver_level_missing,合わせる,あわせる,,,,,,,https://ja.dict.naver.com/#/search?query=%E5%90%88%E3%82%8F%E3%81%9B%E3%82%8B,2026-09-01T23:33:29+0900,No JLPT-tagged NAVER entry found
w_662fb4e58f069c2b,N3,,naver_level_missing,向かい,むかい,,,,,,,https://ja.dict.naver.com/#/search?query=%E5%90%91%E3%81%8B%E3%81%84,2026-09-01T23:33:29+0900,No JLPT-tagged NAVER entry found
w_dd0669298f0d3f54,N3,,naver_level_missing,呼び出す,よびだす,,,,,,,https://ja.dict.naver.com/#/search?query=%E5%91%BC%E3%81%B3%E5%87%BA%E3%81%99,2026-09-01T23:33:29+0900,No JLPT-tagged NAVER entry found
w_ad3291b74df870f2,N3,,naver_level_missing,咥える,くわえる,,,,,,,https://ja.dict.naver.com/#/search?query=%E5%92%A5%E3%81%88%E3%82%8B,2026-09-01T23:33:29+0900,No JLPT-tagged NAVER entry found
w_69051b86844ecf4a,N3,,naver_level_missing,問い合わせ,といあわせ,,,,,,,https://ja.dict.naver.com/#/search?query=%E5%95%8F%E3%81%84%E5%90%88%E3%82%8F%E3%81%9B,2026-09-01T23:33:29+0900,No JLPT-tagged NAVER entry found
w_269ddebb94cfa099,N3,,naver_level_missing,図々しい,ずうずうしい,,,,,,,https://ja.dict.naver.com/#/search?query=%E5%9B%B3%E3%80%85%E3%81%97%E3%81%84,2026-09-01T23:33:29+0900,No JLPT-tagged NAVER entry found
w_09666ce27c774b76,N3,,naver_level_missing,坂道,さかみち,,,,,,,https://ja.dict.naver.com/#/search?query=%E5%9D%82%E9%81%93,2026-09-01T23:33:29+0900,No JLPT-tagged NAVER entry found
w_be9b5179d67a9ef9,N3,,naver_level_missing,埋まる,うまる,,,,,,,https://ja.dict.naver.com/#/search?query=%E5%9F%8B%E3%81%BE%E3%82%8B,2026-09-01T23:33:29+0900,No JLPT-tagged NAVER entry found
w_dcf81ee7c767ed7f,N3,,naver_level_missing,売り上げ,うりあげ,,,,,,,https://ja.dict.naver.com/#/search?query=%E5%A3%B2%E3%82%8A%E4%B8%8A%E3%81%92,2026-09-01T23:33:29+0900,No JLPT-tagged NAVER entry found
w_0dc203c1fa44a8dd,N3,,naver_level_missing,売り切れ,うりきれ,,,,,,,https://ja.dict.naver.com/#/search?query=%E5%A3%B2%E3%82%8A%E5%88%87%E3%82%8C,2026-09-01T23:33:29+0900,No JLPT-tagged NAVER entry found
w_f343caab14e0094d,N3,,naver_level_missing,実用的,じつようてき,,,,,,,https://ja.dict.naver.com/#/search?query=%E5%AE%9F%E7%94%A8%E7%9A%84,2026-09-01T23:33:29+0900,No JLPT-tagged NAVER entry found
w_e6793fec12862789,N3,,naver_level_missing,少々,しょうしょう,,,,,,,https://ja.dict.naver.com/#/search?query=%E5%B0%91%E3%80%85,2026-09-01T23:33:29+0900,No JLPT-tagged NAVER entry found
w_60a3f114cea727ed,N3,,naver_level_missing,居眠り,いねむり,,,,,,,https://ja.dict.naver.com/#/search?query=%E5%B1%85%E7%9C%A0%E3%82%8A,2026-09-01T23:33:29+0900,No JLPT-tagged NAVER entry found
w_cc4e34db111baec1,N3,,naver_level_missing,年寄り,としより,,,,,,,https://ja.dict.naver.com/#/search?query=%E5%B9%B4%E5%AF%84%E3%82%8A,2026-09-01T23:33:29+0900,No JLPT-tagged NAVER entry found
w_af33311448c78e64,N3,,naver_level_missing,弁当,べんとう,,,,,,,https://ja.dict.naver.com/#/search?query=%E5%BC%81%E5%BD%93,2026-09-01T23:33:29+0900,No JLPT-tagged NAVER entry found
w_81096075fb7901d9,N3,,naver_level_missing,引き出す,ひきだす,,,,,,,https://ja.dict.naver.com/#/search?query=%E5%BC%95%E3%81%8D%E5%87%BA%E3%81%99,2026-09-01T23:33:29+0900,No JLPT-tagged NAVER entry found
w_1c9b1884724ebe13,N3,,naver_level_missing,引き受ける,ひきうける,,,,,,,https://ja.dict.naver.com/#/search?query=%E5%BC%95%E3%81%8D%E5%8F%97%E3%81%91%E3%82%8B,2026-09-01T23:33:29+0900,No JLPT-tagged NAVER entry found
w_a66198a344df39a0,N3,,naver_level_missing,引き算,ひきざん,,,,,,,https://ja.dict.naver.com/#/search?query=%E5%BC%95%E3%81%8D%E7%AE%97,2026-09-01T23:33:29+0900,No JLPT-tagged NAVER entry found
w_2cb1c7848a99643f,N3,,naver_level_missing,引っ越し,ひっこし,,,,,,,https://ja.dict.naver.com/#/search?query=%E5%BC%95%E3%81%A3%E8%B6%8A%E3%81%97,2026-09-01T23:33:29+0900,No JLPT-tagged NAVER entry found
w_d810a54c905e8820,N3,,naver_level_missing,当たり前,あたりまえ,,,,,,,https://ja.dict.naver.com/#/search?query=%E5%BD%93%E3%81%9F%E3%82%8A%E5%89%8D,2026-09-01T23:33:29+0900,No JLPT-tagged NAVER entry found
w_3f031ca942fa7e3c,N3,,naver_level_missing,待ち合わせ,まちあわせ,,,,,,,https://ja.dict.naver.com/#/search?query=%E5%BE%85%E3%81%A1%E5%90%88%E3%82%8F%E3%81%9B,2026-09-01T23:33:29+0900,No JLPT-tagged NAVER entry found
w_e0c797218bacf3a1,N3,,naver_level_missing,怖がる,こわがる,,,,,,,https://ja.dict.naver.com/#/search?query=%E6%80%96%E3%81%8C%E3%82%8B,2026-09-01T23:33:29+0900,No JLPT-tagged NAVER entry found
w_37166f9c256c6542,N3,,naver_level_missing,感情的,かんじょうてき,,,,,,,https://ja.dict.naver.com/#/search?query=%E6%84%9F%E6%83%85%E7%9A%84,2026-09-01T23:33:29+0900,No JLPT-tagged NAVER entry found
w_a11eede38f3c2f74,N3,,naver_level_missing,我慢する,がまんする,,,,,,,https://ja.dict.naver.com/#/search?query=%E6%88%91%E6%85%A2%E3%81%99%E3%82%8B,2026-09-01T23:33:29+0900,No JLPT-tagged NAVER entry found
w_5135dd81e7fcc848,N3,,naver_level_missing,払い戻す,はらいもどす,,,,,,,https://ja.dict.naver.com/#/search?query=%E6%89%95%E3%81%84%E6%88%BB%E3%81%99,2026-09-01T23:33:29+0900,No JLPT-tagged NAVER entry found
w_dcaabdcb8c29b760,N3,,naver_level_missing,振り込み,ふりこみ,,,,,,,https://ja.dict.naver.com/#/search?query=%E6%8C%AF%E3%82%8A%E8%BE%BC%E3%81%BF,2026-09-01T23:33:29+0900,No JLPT-tagged NAVER entry found
w_cdddc6fbf00c4cf5,N3,,naver_level_missing,振り込む,ふりこむ,,,,,,,https://ja.dict.naver.com/#/search?query=%E6%8C%AF%E3%82%8A%E8%BE%BC%E3%82%80,2026-09-01T23:33:29+0900,No JLPT-tagged NAVER entry found
w_c482266ac0be4b91,N3,,naver_level_missing,掛け算,かけざん,,,,,,,https://ja.dict.naver.com/#/search?query=%E6%8E%9B%E3%81%91%E7%AE%97,2026-09-01T23:33:29+0900,No JLPT-tagged NAVER entry found
w_a2ca14c5418e955f,N3,,naver_level_missing,掴む,つかむ,,,,,,,https://ja.dict.naver.com/#/search?query=%E6%8E%B4%E3%82%80,2026-09-01T23:33:29+0900,No JLPT-tagged NAVER entry found
w_1db1591aae191a26,N3,,naver_level_missing,支給する,しきゅうする,,,,,,,https://ja.dict.naver.com/#/search?query=%E6%94%AF%E7%B5%A6%E3%81%99%E3%82%8B,2026-09-01T23:33:29+0900,No JLPT-tagged NAVER entry found
w_6ee69fae4031725c,N3,,naver_level_missing,断る,ことわる,,,,,,,https://ja.dict.naver.com/#/search?query=%E6%96%AD%E3%82%8B,2026-09-01T23:33:29+0900,No JLPT-tagged NAVER entry found
w_3023fac95c244530,N3,,naver_level_missing,方々,かたがた,,,,,,,https://ja.dict.naver.com/#/search?query=%E6%96%B9%E3%80%85,2026-09-01T23:33:29+0900,No JLPT-tagged NAVER entry found
w_d9e121c9f74a30b8,N3,,naver_level_missing,日当たり,ひあたり,,,,,,,https://ja.dict.naver.com/#/search?query=%E6%97%A5%E5%BD%93%E3%81%9F%E3%82%8A,2026-09-01T23:33:29+0900,No JLPT-tagged NAVER entry found
w_a029f97e41adcce1,N3,,naver_level_missing,時間割,じかんわり,,,,,,,https://ja.dict.naver.com/#/search?query=%E6%99%82%E9%96%93%E5%89%B2,2026-09-01T23:33:29+0900,No JLPT-tagged NAVER entry found
w_1bdbcc339487204a,N3,,naver_level_missing,暮らし,くらし,,,,,,,https://ja.dict.naver.com/#/search?query=%E6%9A%AE%E3%82%89%E3%81%97,2026-09-01T23:33:29+0900,No JLPT-tagged NAVER entry found
w_af296f1fffff86f4,N3,,naver_level_missing,暮らす,くらす,,,,,,,https://ja.dict.naver.com/#/search?query=%E6%9A%AE%E3%82%89%E3%81%99,2026-09-01T23:33:29+0900,No JLPT-tagged NAVER entry found
w_bf6addb52711a0ca,N3,,naver_level_missing,書き取り,かきとり,,,,,,,https://ja.dict.naver.com/#/search?query=%E6%9B%B8%E3%81%8D%E5%8F%96%E3%82%8A,2026-09-01T23:33:29+0900,No JLPT-tagged NAVER entry found
w_decc1190e2155c6d,N3,,naver_level_missing,最上,さいじょう,,,,,,,https://ja.dict.naver.com/#/search?query=%E6%9C%80%E4%B8%8A,2026-09-01T23:33:29+0900,No JLPT-tagged NAVER entry found
w_927239de110ba25e,N3,,naver_level_missing,有難い,ありがたい,,,,,,,https://ja.dict.naver.com/#/search?query=%E6%9C%89%E9%9B%A3%E3%81%84,2026-09-01T23:33:29+0900,No JLPT-tagged NAVER entry found
w_d272a4d8a2801bf1,N3,,naver_level_missing,朝食,ちょうしょく,,,,,,,https://ja.dict.naver.com/#/search?query=%E6%9C%9D%E9%A3%9F,2026-09-01T23:33:29+0900,No JLPT-tagged NAVER entry found
w_ab8422702cbd9111,N3,,naver_level_missing,染み,しみ,,,,,,,https://ja.dict.naver.com/#/search?query=%E6%9F%93%E3%81%BF,2026-09-01T23:33:29+0900,No JLPT-tagged NAVER entry found
w_f00c9d1b6516e4f2,N3,,naver_level_missing,次々,つぎつぎ,,,,,,,https://ja.dict.naver.com/#/search?query=%E6%AC%A1%E3%80%85,2026-09-01T23:33:29+0900,No JLPT-tagged NAVER entry found
w_5fef87c18620fa3e,N3,,naver_level_missing,次第に,しだいに,,,,,,,https://ja.dict.naver.com/#/search?query=%E6%AC%A1%E7%AC%AC%E3%81%AB,2026-09-01T23:33:29+0900,No JLPT-tagged NAVER entry found
w_9c02e2c234a205df,N3,,naver_level_missing,決まり,きまり,,,,,,,https://ja.dict.naver.com/#/search?query=%E6%B1%BA%E3%81%BE%E3%82%8A,2026-09-01T23:33:29+0900,No JLPT-tagged NAVER entry found
w_56e22b4b34e6b4e6,N3,,naver_level_missing,浮かべる,うかべる,,,,,,,https://ja.dict.naver.com/#/search?query=%E6%B5%AE%E3%81%8B%E3%81%B9%E3%82%8B,2026-09-01T23:33:29+0900,No JLPT-tagged NAVER entry found
w_6b0957aff77a0feb,N3,,naver_level_missing,現れる,あらわれる,,,,,,,https://ja.dict.naver.com/#/search?query=%E7%8F%BE%E3%82%8C%E3%82%8B,2026-09-01T23:33:29+0900,No JLPT-tagged NAVER entry found
w_5ca2ac72fa6c8d99,N3,,naver_level_missing,瓶詰,びんづめ,,,,,,,https://ja.dict.naver.com/#/search?query=%E7%93%B6%E8%A9%B0,2026-09-01T23:33:29+0900,No JLPT-tagged NAVER entry found
w_84d9d692e8fc1ee1,N3,,naver_level_missing,生まれ,うまれ,,,,,,,https://ja.dict.naver.com/#/search?query=%E7%94%9F%E3%81%BE%E3%82%8C,2026-09-01T23:33:29+0900,No JLPT-tagged NAVER entry found
w_272e0931b59a9581,N3,,naver_level_missing,申し訳ない,もうしわけない,,,,,,,https://ja.dict.naver.com/#/search?query=%E7%94%B3%E3%81%97%E8%A8%B3%E3%81%AA%E3%81%84,2026-09-01T23:33:29+0900,No JLPT-tagged NAVER entry found
w_ccca30f58d1cf953,N3,,naver_level_missing,申し込む,もうしこむ,,,,,,,https://ja.dict.naver.com/#/search?query=%E7%94%B3%E3%81%97%E8%BE%BC%E3%82%80,2026-09-01T23:33:29+0900,No JLPT-tagged NAVER entry found
w_a78d96d6d5f872cb,N3,,naver_level_missing,申込書,もうしこみしょ,,,,,,,https://ja.dict.naver.com/#/search?query=%E7%94%B3%E8%BE%BC%E6%9B%B8,2026-09-01T23:33:29+0900,No JLPT-tagged NAVER entry found
w_e4c9461baa503259,N3,,naver_level_missing,目覚まし,めざまし,,,,,,,https://ja.dict.naver.com/#/search?query=%E7%9B%AE%E8%A6%9A%E3%81%BE%E3%81%97,2026-09-01T23:33:29+0900,No JLPT-tagged NAVER entry found
w_56afecb4ab165d9c,N3,,naver_level_missing,知り合い,しりあい,,,,,,,https://ja.dict.naver.com/#/search?query=%E7%9F%A5%E3%82%8A%E5%90%88%E3%81%84,2026-09-01T23:33:29+0900,No JLPT-tagged NAVER entry found
w_4af9f6c0aa9f9f51,N3,,naver_level_missing,祭り,まつり,,,,,,,https://ja.dict.naver.com/#/search?query=%E7%A5%AD%E3%82%8A,2026-09-01T23:33:29+0900,No JLPT-tagged NAVER entry found
w_465fe84232149662,N3,,naver_level_missing,税込み,ぜいこみ,,,,,,,https://ja.dict.naver.com/#/search?query=%E7%A8%8E%E8%BE%BC%E3%81%BF,2026-09-01T23:33:29+0900,No JLPT-tagged NAVER entry found
w_4c354cb8ef216dc4,N3,,naver_level_missing,空き地,あきち,,,,,,,https://ja.dict.naver.com/#/search?query=%E7%A9%BA%E3%81%8D%E5%9C%B0,2026-09-01T23:33:29+0900,No JLPT-tagged NAVER entry found
w_a20295fb863710b7,N3,,naver_level_missing,立ち上がる,たちあがる,,,,,,,https://ja.dict.naver.com/#/search?query=%E7%AB%8B%E3%81%A1%E4%B8%8A%E3%81%8C%E3%82%8B,2026-09-01T23:33:29+0900,No JLPT-tagged NAVER entry found
w_6ba0372f290b6408,N3,,naver_level_missing,立ち止まる,たちどまる,,,,,,,https://ja.dict.naver.com/#/search?query=%E7%AB%8B%E3%81%A1%E6%AD%A2%E3%81%BE%E3%82%8B,2026-09-01T23:33:29+0900,No JLPT-tagged NAVER entry found
w_63b763a2dcc93ada,N3,,naver_level_missing,経営学,けいえいがく,,,,,,,https://ja.dict.naver.com/#/search?query=%E7%B5%8C%E5%96%B6%E5%AD%A6,2026-09-01T23:33:29+0900,No JLPT-tagged NAVER entry found
w_fe5026000bdbdfdf,N3,,naver_level_missing,続々,ぞくぞく,,,,,,,https://ja.dict.naver.com/#/search?query=%E7%B6%9A%E3%80%85,2026-09-01T23:33:29+0900,No JLPT-tagged NAVER entry found
w_14516c3905712f5d,N3,,naver_level_missing,締め切り,しめきり,,,,,,,https://ja.dict.naver.com/#/search?query=%E7%B7%A0%E3%82%81%E5%88%87%E3%82%8A,2026-09-01T23:33:29+0900,No JLPT-tagged NAVER entry found
w_e12c57237323c262,N3,,naver_level_missing,繰り返し,くりかえし,,,,,,,https://ja.dict.naver.com/#/search?query=%E7%B9%B0%E3%82%8A%E8%BF%94%E3%81%97,2026-09-01T23:33:29+0900,No JLPT-tagged NAVER entry found
w_38adf495daec31a4,N3,,naver_level_missing,繰り返す,くりかえす,,,,,,,https://ja.dict.naver.com/#/search?query=%E7%B9%B0%E3%82%8A%E8%BF%94%E3%81%99,2026-09-01T23:33:29+0900,No JLPT-tagged NAVER entry found
w_d387124aff2d8230,N3,,naver_level_missing,聞き直す,ききなおす,,,,,,,https://ja.dict.naver.com/#/search?query=%E8%81%9E%E3%81%8D%E7%9B%B4%E3%81%99,2026-09-01T23:33:29+0900,No JLPT-tagged NAVER entry found
w_7f8ba58bb4b898e8,N3,,naver_level_missing,自動的,じどうてき,,,,,,,https://ja.dict.naver.com/#/search?query=%E8%87%AA%E5%8B%95%E7%9A%84,2026-09-01T23:33:29+0900,No JLPT-tagged NAVER entry found
w_bb711d71f6478d68,N3,,naver_level_missing,自慢する,じまんする,,,,,,,https://ja.dict.naver.com/#/search?query=%E8%87%AA%E6%85%A2%E3%81%99%E3%82%8B,2026-09-01T23:33:29+0900,No JLPT-tagged NAVER entry found
w_b846d60ec7ea8a3a,N3,,naver_level_missing,若々しい,わかわかしい,,,,,,,https://ja.dict.naver.com/#/search?query=%E8%8B%A5%E3%80%85%E3%81%97%E3%81%84,2026-09-01T23:33:29+0900,No JLPT-tagged NAVER entry found
w_85fc5f056fd49807,N3,,naver_level_missing,落ち着く,おちつく,,,,,,,https://ja.dict.naver.com/#/search?query=%E8%90%BD%E3%81%A1%E7%9D%80%E3%81%8F,2026-09-01T23:33:29+0900,No JLPT-tagged NAVER entry found
w_39b26f179dfbec94,N3,,naver_level_missing,蒸し暑い,むしあつい,,,,,,,https://ja.dict.naver.com/#/search?query=%E8%92%B8%E3%81%97%E6%9A%91%E3%81%84,2026-09-01T23:33:29+0900,No JLPT-tagged NAVER entry found
w_d9fe865603020b40,N3,,naver_level_missing,血液型,けつえきがた,,,,,,,https://ja.dict.naver.com/#/search?query=%E8%A1%80%E6%B6%B2%E5%9E%8B,2026-09-01T23:33:29+0900,No JLPT-tagged NAVER entry found
w_a65dc597ed6e7ba0,N3,,naver_level_missing,行う,おこなう,,,,,,,https://ja.dict.naver.com/#/search?query=%E8%A1%8C%E3%81%86,2026-09-01T23:33:29+0900,No JLPT-tagged NAVER entry found
w_fe9815fef183b04b,N3,,naver_level_missing,行き先,いきさき,,,,,,,https://ja.dict.naver.com/#/search?query=%E8%A1%8C%E3%81%8D%E5%85%88,2026-09-01T23:33:29+0900,No JLPT-tagged NAVER entry found
w_df7a287483888d5b,N3,,naver_level_missing,表す,あらわす,,,,,,,https://ja.dict.naver.com/#/search?query=%E8%A1%A8%E3%81%99,2026-09-01T23:33:29+0900,No JLPT-tagged NAVER entry found
w_5a44a3609e05efcb,N3,,naver_level_missing,表示,ひょうじ,,,,,,,https://ja.dict.naver.com/#/search?query=%E8%A1%A8%E7%A4%BA,2026-09-01T23:33:29+0900,No JLPT-tagged NAVER entry found
w_16e5391cf5819f4f,N3,,naver_level_missing,裏側,うらがわ,,,,,,,https://ja.dict.naver.com/#/search?query=%E8%A3%8F%E5%81%B4,2026-09-01T23:33:29+0900,No JLPT-tagged NAVER entry found
w_b8826ad96888f972,N3,,naver_level_missing,見舞い,みまい,,,,,,,https://ja.dict.naver.com/#/search?query=%E8%A6%8B%E8%88%9E%E3%81%84,2026-09-01T23:33:29+0900,No JLPT-tagged NAVER entry found
w_a55e9120cc78ffa5,N3,,naver_level_missing,言い出す,いいだす,,,,,,,https://ja.dict.naver.com/#/search?query=%E8%A8%80%E3%81%84%E5%87%BA%E3%81%99,2026-09-01T23:33:29+0900,No JLPT-tagged NAVER entry found
w_c83fe07fb32b63ab,N3,,naver_level_missing,話し合い,はなしあい,,,,,,,https://ja.dict.naver.com/#/search?query=%E8%A9%B1%E3%81%97%E5%90%88%E3%81%84,2026-09-01T23:33:29+0900,No JLPT-tagged NAVER entry found
w_f2283357a892d08d,N3,,naver_level_missing,話し合う,はなしあう,,,,,,,https://ja.dict.naver.com/#/search?query=%E8%A9%B1%E3%81%97%E5%90%88%E3%81%86,2026-09-01T23:33:29+0900,No JLPT-tagged NAVER entry found
w_9e7fe6cba58b9d20,N3,,naver_level_missing,貸し出し,かしだし,,,,,,,https://ja.dict.naver.com/#/search?query=%E8%B2%B8%E3%81%97%E5%87%BA%E3%81%97,2026-09-01T23:33:29+0900,No JLPT-tagged NAVER entry found
w_f182cfd13fb0fa48,N3,,naver_level_missing,起こる,おこる,,,,,,,https://ja.dict.naver.com/#/search?query=%E8%B5%B7%E3%81%93%E3%82%8B,2026-09-01T23:33:29+0900,No JLPT-tagged NAVER entry found
w_a1262f0a18c41630,N3,,naver_level_missing,追い越す,おいこす,,,,,,,https://ja.dict.naver.com/#/search?query=%E8%BF%BD%E3%81%84%E8%B6%8A%E3%81%99,2026-09-01T23:33:29+0900,No JLPT-tagged NAVER entry found
w_58977f544ab1d50a,N3,,naver_level_missing,過ごす,すごす,,,,,,,https://ja.dict.naver.com/#/search?query=%E9%81%8E%E3%81%94%E3%81%99,2026-09-01T23:33:29+0900,No JLPT-tagged NAVER entry found
w_50e4cda93620aedd,N3,,naver_level_missing,酔っ払う,よっぱらう,,,,,,,https://ja.dict.naver.com/#/search?query=%E9%85%94%E3%81%A3%E6%89%95%E3%81%86,2026-09-01T23:33:29+0900,No JLPT-tagged NAVER entry found
w_775de805c9d17855,N3,,naver_level_missing,金,かね,,,,,,,https://ja.dict.naver.com/#/search?query=%E9%87%91,2026-09-01T23:33:29+0900,No JLPT-tagged NAVER entry found
w_eca4f0ccde642c46,N3,,naver_level_missing,金,きん,,,,,,,https://ja.dict.naver.com/#/search?query=%E9%87%91,2026-09-01T23:33:29+0900,No JLPT-tagged NAVER entry found
w_7e841837b10f6c95,N3,,naver_level_missing,長々,ながなが,,,,,,,https://ja.dict.naver.com/#/search?query=%E9%95%B7%E3%80%85,2026-09-01T23:33:29+0900,No JLPT-tagged NAVER entry found
w_471352b7953c55a4,N3,,naver_level_missing,集まり,あつまり,,,,,,,https://ja.dict.naver.com/#/search?query=%E9%9B%86%E3%81%BE%E3%82%8A,2026-09-01T23:33:29+0900,No JLPT-tagged NAVER entry found
w_4afc49c52138c0b2,N3,,naver_level_missing,静かに,しずかに,,,,,,,https://ja.dict.naver.com/#/search?query=%E9%9D%99%E3%81%8B%E3%81%AB,2026-09-01T23:33:29+0900,No JLPT-tagged NAVER entry found
w_881a9059caa55f11,N3,,naver_level_missing,預かる,あずかる,,,,,,,https://ja.dict.naver.com/#/search?query=%E9%A0%90%E3%81%8B%E3%82%8B,2026-09-01T23:33:29+0900,No JLPT-tagged NAVER entry found
w_f63a718c1327f6c8,N3,,naver_level_missing,願い,ねがい,,,,,,,https://ja.dict.naver.com/#/search?query=%E9%A1%98%E3%81%84,2026-09-01T23:33:29+0900,No JLPT-tagged NAVER entry found
w_06e9d5004a46e142,N3,,naver_level_missing,飛び出す,とびだす,,,,,,,https://ja.dict.naver.com/#/search?query=%E9%A3%9B%E3%81%B3%E5%87%BA%E3%81%99,2026-09-01T23:33:29+0900,No JLPT-tagged NAVER entry found
w_6b4d60a6eb54e06f,N3,,naver_level_missing,飛び込む,とびこむ,,,,,,,https://ja.dict.naver.com/#/search?query=%E9%A3%9B%E3%81%B3%E8%BE%BC%E3%82%80,2026-09-01T23:33:29+0900,No JLPT-tagged NAVER entry found
w_4fd11cf4f5345777,N4,,naver_level_missing,お大事に,おだいじに,,,,,,,https://ja.dict.naver.com/#/search?query=%E3%81%8A%E5%A4%A7%E4%BA%8B%E3%81%AB,2026-09-01T23:33:29+0900,No JLPT-tagged NAVER entry found
w_3fb531f80eb37d45,N4,,naver_level_missing,お祭り,おまつり,,,,,,,https://ja.dict.naver.com/#/search?query=%E3%81%8A%E7%A5%AD%E3%82%8A,2026-09-01T23:33:29+0900,No JLPT-tagged NAVER entry found
w_867190723b874b1e,N4,,naver_level_missing,お釣り,おつり,,,,,,,https://ja.dict.naver.com/#/search?query=%E3%81%8A%E9%87%A3%E3%82%8A,2026-09-01T23:33:29+0900,No JLPT-tagged NAVER entry found
w_512fde07bc888caa,N4,,naver_level_missing,けんかする,けんかする,,,,,,,https://ja.dict.naver.com/#/search?query=%E3%81%91%E3%82%93%E3%81%8B%E3%81%99%E3%82%8B,2026-09-01T23:33:29+0900,No JLPT-tagged NAVER entry found
w_aae7ac3f2729716f,N4,,naver_level_missing,この頃,このごろ,,,,,,,https://ja.dict.naver.com/#/search?query=%E3%81%93%E3%81%AE%E9%A0%83,2026-09-01T23:33:29+0900,No JLPT-tagged NAVER entry found
w_1e72aa50becbc835,N4,,naver_level_missing,ご存じ,ごぞんじ,,,,,,,https://ja.dict.naver.com/#/search?query=%E3%81%94%E5%AD%98%E3%81%98,2026-09-01T23:33:29+0900,No JLPT-tagged NAVER entry found
w_8794ea0733093080,N4,,naver_level_missing,びっくりする,びっくりする,,,,,,,https://ja.dict.naver.com/#/search?query=%E3%81%B3%E3%81%A3%E3%81%8F%E3%82%8A%E3%81%99%E3%82%8B,2026-09-01T23:33:29+0900,No JLPT-tagged NAVER entry found
w_ec8e542da036aeea,N4,,naver_level_missing,一軒,いっけん,,,,,,,https://ja.dict.naver.com/#/search?query=%E4%B8%80%E8%BB%92,2026-09-01T23:33:29+0900,No JLPT-tagged NAVER entry found
w_82d2d40c223c0fc0,N4,,naver_level_missing,中々,なかなか,,,,,,,https://ja.dict.naver.com/#/search?query=%E4%B8%AD%E3%80%85,2026-09-01T23:33:29+0900,No JLPT-tagged NAVER entry found
w_fbd02e3a324e16c5,N4,,naver_level_missing,乗り換え,のりかえ,,,,,,,https://ja.dict.naver.com/#/search?query=%E4%B9%97%E3%82%8A%E6%8F%9B%E3%81%88,2026-09-01T23:33:29+0900,No JLPT-tagged NAVER entry found
w_14a67e82973f6a3b,N4,,naver_level_missing,乗り換える,のりかえる,,,,,,,https://ja.dict.naver.com/#/search?query=%E4%B9%97%E3%82%8A%E6%8F%9B%E3%81%88%E3%82%8B,2026-09-01T23:33:29+0900,No JLPT-tagged NAVER entry found
w_a8e0c824516c8044,N4,,naver_level_missing,乗り物,のりもの,,,,,,,https://ja.dict.naver.com/#/search?query=%E4%B9%97%E3%82%8A%E7%89%A9,2026-09-01T23:33:29+0900,No JLPT-tagged NAVER entry found
w_3e5c61e8a0dce5c9,N4,,naver_level_missing,仕方ない,しかたない,,,,,,,https://ja.dict.naver.com/#/search?query=%E4%BB%95%E6%96%B9%E3%81%AA%E3%81%84,2026-09-01T23:33:29+0900,No JLPT-tagged NAVER entry found
w_d4ee661eeb6fa516,N4,,naver_level_missing,代わり,かわり,,,,,,,https://ja.dict.naver.com/#/search?query=%E4%BB%A3%E3%82%8F%E3%82%8A,2026-09-01T23:33:29+0900,No JLPT-tagged NAVER entry found
w_188378c15d9c641d,N4,,naver_level_missing,伯父,おじ,,,,,,,https://ja.dict.naver.com/#/search?query=%E4%BC%AF%E7%88%B6,2026-09-01T23:33:29+0900,No JLPT-tagged NAVER entry found
w_e788698d1bb0ba86,N4,,naver_level_missing,写真家,しゃしんか,,,,,,,https://ja.dict.naver.com/#/search?query=%E5%86%99%E7%9C%9F%E5%AE%B6,2026-09-01T23:33:29+0900,No JLPT-tagged NAVER entry found
w_713aaa51e13cbeed,N4,,naver_level_missing,叔父,おじ,,,,,,,https://ja.dict.naver.com/#/search?query=%E5%8F%94%E7%88%B6,2026-09-01T23:33:29+0900,No JLPT-tagged NAVER entry found
w_4e68adf3b15aecc4,N4,,naver_level_missing,取り替える,とりかえる,,,,,,,https://ja.dict.naver.com/#/search?query=%E5%8F%96%E3%82%8A%E6%9B%BF%E3%81%88%E3%82%8B,2026-09-01T23:33:29+0900,No JLPT-tagged NAVER entry found
w_440e556ac9a1c6e4,N4,,naver_level_missing,召し上がる,めしあがる,,,,,,,https://ja.dict.naver.com/#/search?query=%E5%8F%AC%E3%81%97%E4%B8%8A%E3%81%8C%E3%82%8B,2026-09-01T23:33:29+0900,No JLPT-tagged NAVER entry found
w_a81ed89f2576bc17,N4,,naver_level_missing,噛む,かむ,,,,,,,https://ja.dict.naver.com/#/search?query=%E5%99%9B%E3%82%80,2026-09-01T23:33:29+0900,No JLPT-tagged NAVER entry found
w_ffefb3b5ec05aab1,N4,,naver_level_missing,増える,ふえる,,,,,,,https://ja.dict.naver.com/#/search?query=%E5%A2%97%E3%81%88%E3%82%8B,2026-09-01T23:33:29+0900,No JLPT-tagged NAVER entry found
w_6fcafb10964dff68,N4,,naver_level_missing,売り場,うりば,,,,,,,https://ja.dict.naver.com/#/search?query=%E5%A3%B2%E3%82%8A%E5%A0%B4,2026-09-01T23:33:29+0900,No JLPT-tagged NAVER entry found
w_3e81e925549791a4,N4,,naver_level_missing,変わる,かわる,,,,,,,https://ja.dict.naver.com/#/search?query=%E5%A4%89%E3%82%8F%E3%82%8B,2026-09-01T23:33:29+0900,No JLPT-tagged NAVER entry found
w_97a3b823f67674e9,N4,,naver_level_missing,差し上げる,さしあげる,,,,,,,https://ja.dict.naver.com/#/search?query=%E5%B7%AE%E3%81%97%E4%B8%8A%E3%81%92%E3%82%8B,2026-09-01T23:33:29+0900,No JLPT-tagged NAVER entry found
w_a73aed42cd32a397,N4,,naver_level_missing,引き出し,ひきだし,,,,,,,https://ja.dict.naver.com/#/search?query=%E5%BC%95%E3%81%8D%E5%87%BA%E3%81%97,2026-09-01T23:33:29+0900,No JLPT-tagged NAVER entry found
w_de2f393da5970f45,N4,,naver_level_missing,引っ越す,ひっこす,,,,,,,https://ja.dict.naver.com/#/search?query=%E5%BC%95%E3%81%A3%E8%B6%8A%E3%81%99,2026-09-01T23:33:29+0900,No JLPT-tagged NAVER entry found
w_941cab42122d160a,N4,,naver_level_missing,押し入れ,おしいれ,,,,,,,https://ja.dict.naver.com/#/search?query=%E6%8A%BC%E3%81%97%E5%85%A5%E3%82%8C,2026-09-01T23:33:29+0900,No JLPT-tagged NAVER entry found
w_5b55a10a5d6814d6,N4,,naver_level_missing,日本製,にほんせい,,,,,,,https://ja.dict.naver.com/#/search?query=%E6%97%A5%E6%9C%AC%E8%A3%BD,2026-09-01T23:33:29+0900,No JLPT-tagged NAVER entry found
w_26b1c6419970fa60,N4,,naver_level_missing,早く,はやく,,,,,,,https://ja.dict.naver.com/#/search?query=%E6%97%A9%E3%81%8F,2026-09-01T23:33:29+0900,No JLPT-tagged NAVER entry found
w_a7aa783483eb1022,N4,,naver_level_missing,曇り,くもり,,,,,,,https://ja.dict.naver.com/#/search?query=%E6%9B%87%E3%82%8A,2026-09-01T23:33:29+0900,No JLPT-tagged NAVER entry found
w_c6b8fa6c4f3b37b1,N4,,naver_level_missing,気持ち,きもち,,,,,,,https://ja.dict.naver.com/#/search?query=%E6%B0%97%E6%8C%81%E3%81%A1,2026-09-01T23:33:29+0900,No JLPT-tagged NAVER entry found
w_a9c3e6ac32a1315a,N4,,naver_level_missing,決まる,きまる,,,,,,,https://ja.dict.naver.com/#/search?query=%E6%B1%BA%E3%81%BE%E3%82%8B,2026-09-01T23:33:29+0900,No JLPT-tagged NAVER entry found
w_bb26b4219e1e1215,N4,,naver_level_missing,泊まる,とまる,,,,,,,https://ja.dict.naver.com/#/search?query=%E6%B3%8A%E3%81%BE%E3%82%8B,2026-09-01T23:33:29+0900,No JLPT-tagged NAVER entry found
w_c206a8fc4ff2a0e5,N4,,naver_level_missing,申し上げる,もうしあげる,,,,,,,https://ja.dict.naver.com/#/search?query=%E7%94%B3%E3%81%97%E4%B8%8A%E3%81%92%E3%82%8B,2026-09-01T23:33:29+0900,No JLPT-tagged NAVER entry found
w_4265c3f9772eff26,N4,,naver_level_missing,積もる,つもる,,,,,,,https://ja.dict.naver.com/#/search?query=%E7%A9%8D%E3%82%82%E3%82%8B,2026-09-01T23:33:29+0900,No JLPT-tagged NAVER entry found
w_bb5fea9b072bbd3e,N4,,naver_level_missing,答え,こたえ,,,,,,,https://ja.dict.naver.com/#/search?query=%E7%AD%94%E3%81%88,2026-09-01T23:33:29+0900,No JLPT-tagged NAVER entry found
w_20a6593be7f32866,N4,,naver_level_missing,終わり,おわり,,,,,,,https://ja.dict.naver.com/#/search?query=%E7%B5%82%E3%82%8F%E3%82%8A,2026-09-01T23:33:29+0900,No JLPT-tagged NAVER entry found
w_7b8922533fb71c49,N4,,naver_level_missing,聞き取り,ききとり,,,,,,,https://ja.dict.naver.com/#/search?query=%E8%81%9E%E3%81%8D%E5%8F%96%E3%82%8A,2026-09-01T23:33:29+0900,No JLPT-tagged NAVER entry found
w_377825a40acb43c0,N4,,naver_level_missing,聞こえる,きこえる,,,,,,,https://ja.dict.naver.com/#/search?query=%E8%81%9E%E3%81%93%E3%81%88%E3%82%8B,2026-09-01T23:33:29+0900,No JLPT-tagged NAVER entry found
w_09d31b5d3e96cc64,N4,,naver_level_missing,落し物,おとしもの,,,,,,,https://ja.dict.naver.com/#/search?query=%E8%90%BD%E3%81%97%E7%89%A9,2026-09-01T23:33:29+0900,No JLPT-tagged NAVER entry found
w_0bfe4152b243c799,N4,,naver_level_missing,落とす,おとす,,,,,,,https://ja.dict.naver.com/#/search?query=%E8%90%BD%E3%81%A8%E3%81%99,2026-09-01T23:33:29+0900,No JLPT-tagged NAVER entry found
w_c510d4ba666ff0d0,N4,,naver_level_missing,見つかる,みつかる,,,,,,,https://ja.dict.naver.com/#/search?query=%E8%A6%8B%E3%81%A4%E3%81%8B%E3%82%8B,2026-09-01T23:33:29+0900,No JLPT-tagged NAVER entry found
w_4414661a2b5d631d,N4,,naver_level_missing,贈り物,おくりもの,,,,,,,https://ja.dict.naver.com/#/search?query=%E8%B4%88%E3%82%8A%E7%89%A9,2026-09-01T23:33:29+0900,No JLPT-tagged NAVER entry found
w_593dc0421f4fe2a6,N4,,naver_level_missing,起こす,おこす,,,,,,,https://ja.dict.naver.com/#/search?query=%E8%B5%B7%E3%81%93%E3%81%99,2026-09-01T23:33:29+0900,No JLPT-tagged NAVER entry found
w_f84013f3855be75b,N4,,naver_level_missing,踊り,おどり,,,,,,,https://ja.dict.naver.com/#/search?query=%E8%B8%8A%E3%82%8A,2026-09-01T23:33:29+0900,No JLPT-tagged NAVER entry found
w_11a2c660fd649dc1,N5,,naver_level_missing,お姉さん,おねえさん,,,,,,,https://ja.dict.naver.com/#/search?query=%E3%81%8A%E5%A7%89%E3%81%95%E3%82%93,2026-09-01T23:33:29+0900,No JLPT-tagged NAVER entry found
w_b064045ef64d646b,N5,,naver_level_missing,お母さん,おかあさん,,,,,,,https://ja.dict.naver.com/#/search?query=%E3%81%8A%E6%AF%8D%E3%81%95%E3%82%93,2026-09-01T23:33:29+0900,No JLPT-tagged NAVER entry found
w_ea6f68c218e562a7,N5,,naver_level_missing,お腹,おなか,,,,,,,https://ja.dict.naver.com/#/search?query=%E3%81%8A%E8%85%B9,2026-09-01T23:33:29+0900,No JLPT-tagged NAVER entry found
w_d8dcbb01e7e6526f,N5,,naver_level_missing,どう致しまして,どういたしまして,,,,,,,https://ja.dict.naver.com/#/search?query=%E3%81%A9%E3%81%86%E8%87%B4%E3%81%97%E3%81%BE%E3%81%97%E3%81%A6,2026-09-01T23:33:29+0900,No JLPT-tagged NAVER entry found
w_df6f8bed5b534092,N5,,naver_level_missing,にだい,にだい,,,,,,,https://ja.dict.naver.com/#/search?query=%E3%81%AB%E3%81%A0%E3%81%84,2026-09-01T23:33:29+0900,No JLPT-tagged NAVER entry found
w_6313f9284b018464,N5,,naver_level_missing,一台,いちだい,,,,,,,https://ja.dict.naver.com/#/search?query=%E4%B8%80%E5%8F%B0,2026-09-01T23:33:29+0900,No JLPT-tagged NAVER entry found
w_b24621b76259caa8,N5,,naver_level_missing,三冊,さんさつ,,,,,,,https://ja.dict.naver.com/#/search?query=%E4%B8%89%E5%86%8A,2026-09-01T23:33:29+0900,No JLPT-tagged NAVER entry found
w_e3d3cc0b38f77224,N5,,naver_level_missing,二キロ,にキロ,,,,,,,https://ja.dict.naver.com/#/search?query=%E4%BA%8C%E3%82%AD%E3%83%AD,2026-09-01T23:33:29+0900,No JLPT-tagged NAVER entry found
w_5284226e672d96c5,N5,,naver_level_missing,二冊,にさつ,,,,,,,https://ja.dict.naver.com/#/search?query=%E4%BA%8C%E5%86%8A,2026-09-01T23:33:29+0900,No JLPT-tagged NAVER entry found
w_3473a458725f217a,N5,,naver_level_missing,交差点,こうさてん,,,,,,,https://ja.dict.naver.com/#/search?query=%E4%BA%A4%E5%B7%AE%E7%82%B9,2026-09-01T23:33:29+0900,No JLPT-tagged NAVER entry found
w_01f119facf6e9d97,N5,,naver_level_missing,伯父さん,おじさん,,,,,,,https://ja.dict.naver.com/#/search?query=%E4%BC%AF%E7%88%B6%E3%81%95%E3%82%93,2026-09-01T23:33:29+0900,No JLPT-tagged NAVER entry found
w_2528221ac1c4f279,N5,,naver_level_missing,入り口,いりぐち,,,,,,,https://ja.dict.naver.com/#/search?query=%E5%85%A5%E3%82%8A%E5%8F%A3,2026-09-01T23:33:29+0900,No JLPT-tagged NAVER entry found
w_a1a38e164f0a3264,N5,,naver_level_missing,八十円,はちじゅうえん,,,,,,,https://ja.dict.naver.com/#/search?query=%E5%85%AB%E5%8D%81%E5%86%86,2026-09-01T23:33:29+0900,No JLPT-tagged NAVER entry found
w_d5e8dc868e6a7029,N5,,naver_level_missing,分かる,わかる,,,,,,,https://ja.dict.naver.com/#/search?query=%E5%88%86%E3%81%8B%E3%82%8B,2026-09-01T23:33:29+0900,No JLPT-tagged NAVER entry found
w_5877b188cb058939,N5,,naver_level_missing,千円,せんえん,,,,,,,https://ja.dict.naver.com/#/search?query=%E5%8D%83%E5%86%86,2026-09-01T23:33:29+0900,No JLPT-tagged NAVER entry found
w_69c992c9db76a823,N5,,naver_level_missing,叔父さん,おじさん,,,,,,,https://ja.dict.naver.com/#/search?query=%E5%8F%94%E7%88%B6%E3%81%95%E3%82%93,2026-09-01T23:33:29+0900,No JLPT-tagged NAVER entry found
w_9965df3c9edf91a3,N5,,naver_level_missing,始まる,はじまる,,,,,,,https://ja.dict.naver.com/#/search?query=%E5%A7%8B%E3%81%BE%E3%82%8B,2026-09-01T23:33:29+0900,No JLPT-tagged NAVER entry found
w_a430acefffcd0bfe,N5,,naver_level_missing,小父さん,おじさん,,,,,,,https://ja.dict.naver.com/#/search?query=%E5%B0%8F%E7%88%B6%E3%81%95%E3%82%93,2026-09-01T23:33:29+0900,No JLPT-tagged NAVER entry found
w_728f59d1c6f9c5f4,N5,,naver_level_missing,履く,はく,,,,,,,https://ja.dict.naver.com/#/search?query=%E5%B1%A5%E3%81%8F,2026-09-01T23:33:29+0900,No JLPT-tagged NAVER entry found
w_3c9e0c4d130ffe55,N5,,naver_level_missing,掛かる,かかる,,,,,,,https://ja.dict.naver.com/#/search?query=%E6%8E%9B%E3%81%8B%E3%82%8B,2026-09-01T23:33:29+0900,No JLPT-tagged NAVER entry found
w_87351a3c5f2160a9,N5,,naver_level_missing,時々,ときどき,,,,,,,https://ja.dict.naver.com/#/search?query=%E6%99%82%E3%80%85,2026-09-01T23:33:29+0900,No JLPT-tagged NAVER entry found
w_991b3f178bb17c4b,N5,,naver_level_missing,曲がる,まがる,,,,,,,https://ja.dict.naver.com/#/search?query=%E6%9B%B2%E3%81%8C%E3%82%8B,2026-09-01T23:33:29+0900,No JLPT-tagged NAVER entry found
w_9f48fc575582aa14,N5,,naver_level_missing,生まれる,うまれる,,,,,,,https://ja.dict.naver.com/#/search?query=%E7%94%9F%E3%81%BE%E3%82%8C%E3%82%8B,2026-09-01T23:33:29+0900,No JLPT-tagged NAVER entry found
w_2e1c725abcc5c203,N5,,naver_level_missing,終わる,おわる,,,,,,,https://ja.dict.naver.com/#/search?query=%E7%B5%82%E3%82%8F%E3%82%8B,2026-09-01T23:33:29+0900,No JLPT-tagged NAVER entry found
w_44bc31f10823f315,N5,,naver_level_missing,結婚する,けっこんする,,,,,,,https://ja.dict.naver.com/#/search?query=%E7%B5%90%E5%A9%9A%E3%81%99%E3%82%8B,2026-09-01T23:33:29+0900,No JLPT-tagged NAVER entry found
w_1cd9d956ac65ad3e,N5,,naver_level_missing,色々,いろいろ,,,,,,,https://ja.dict.naver.com/#/search?query=%E8%89%B2%E3%80%85,2026-09-01T23:33:29+0900,No JLPT-tagged NAVER entry found
w_a4f86ff3aa7df0b8,N5,,naver_level_missing,買い物,かいもの,,,,,,,https://ja.dict.naver.com/#/search?query=%E8%B2%B7%E3%81%84%E7%89%A9,2026-09-01T23:33:29+0900,No JLPT-tagged NAVER entry found
w_f12b7cd5ea51cf7a,N5,,naver_level_missing,貼る,はる,,,,,,,https://ja.dict.naver.com/#/search?query=%E8%B2%BC%E3%82%8B,2026-09-01T23:33:29+0900,No JLPT-tagged NAVER entry found
w_59c56506badd0309,N5,,naver_level_missing,質問する,しつもんする,,,,,,,https://ja.dict.naver.com/#/search?query=%E8%B3%AA%E5%95%8F%E3%81%99%E3%82%8B,2026-09-01T23:33:29+0900,No JLPT-tagged NAVER entry found
w_95504292f83e24e8,N5,,naver_level_missing,閉まる,しまる,,,,,,,https://ja.dict.naver.com/#/search?query=%E9%96%89%E3%81%BE%E3%82%8B,2026-09-01T23:33:29+0900,No JLPT-tagged NAVER entry found
w_4dd00aad4051c89d,N5,,naver_level_missing,飲み物,のみもの,,,,,,,https://ja.dict.naver.com/#/search?query=%E9%A3%B2%E3%81%BF%E7%89%A9,2026-09-01T23:33:29+0900,No JLPT-tagged NAVER entry found
