word_id,jp,ko,source,source_url,license,permission_status,attribution,captured_at,qa_status,sort_order,naver_example_id,naver_source_cid,naver_source_name,query,qa_note
w_008815ea901fd7ca,年上の女性と恋仲になる,연상의 여자와 사랑하는 사이가 되다,naver-ja-dict,https://ja.dict.naver.com/#/search?query=%E5%B9%B4%E4%B8%8A,owner-confirmed-cleared,cleared,NAVER 일본어사전 · 교학사 일한사전,1787106475433,auto,0,66ff1bedeeb641cfb95aa8c3f9a83ff6,080004F6,교학사 일한사전,年上 연상 연장,auto-selected score=127 meaning_hits=1 target_match=surface; query=年上 연상 연장
w_029324ed8af6da1b,今日のプランは台なしになった.,오늘 계획은 완전히 멍들었다,naver-ja-dict,https://ja.dict.naver.com/#/search?query=%E3%83%97%E3%83%A9%E3%83%B3,owner-confirmed-cleared,cleared,NAVER 일본어사전 · 민중서림 엣센스 한일사전,1787106456955,auto,0,7a92082b42d544178017fd29c3dbb0c1,881982a8,민중서림 엣센스 한일사전,プラン,auto-selected score=134 meaning_hits=1 target_match=surface; query=プラン
w_032a0c62cdb473fb,数式をかっこでくくる,수식을 괄호로 묶다,naver-ja-dict,https://ja.dict.naver.com/#/search?query=%E6%95%B0%E5%BC%8F,owner-confirmed-cleared,cleared,NAVER 일본어사전 · 민중서림 엣센스 한일사전,1787106562085,auto,0,d268c22a13f04b91bfc4bdaed38c8c06,881982a8,민중서림 엣센스 한일사전,数式 수식,auto-selected score=129 meaning_hits=1 target_match=surface; query=数式 수식
w_0377fcb25325b843,父の名代で会合に出る,아버지의 대리인으로 회합에 나가다.,naver-ja-dict,https://ja.dict.naver.com/#/search?query=%E4%BC%9A%E5%90%88,owner-confirmed-cleared,cleared,NAVER 일본어사전 · 민중서림 엣센스 일한사전,1787106480271,auto,0,7d7f0928d805409fa76136c94311ce86,081341B9,민중서림 엣센스 일한사전,会合 회합,auto-selected score=129 meaning_hits=1 target_match=surface; query=会合 회합
w_0426d9d6ce355d7e,事務を簡捷にする,(a)사무를 간결 민첩하게 처리하다; (b)사무를 간소화하다.,naver-ja-dict,https://ja.dict.naver.com/#/search?query=%E4%BA%8B%E5%8B%99,owner-confirmed-cleared,cleared,NAVER 일본어사전 · 민중서림 엣센스 일한사전,1787106442472,auto,0,02e205982f884fcd978130c5e0cd546d,081341B9,민중서림 엣센스 일한사전,事務 사무,auto-selected score=129 meaning_hits=1 target_match=surface; query=事務 사무
w_0446723521e4de20,そのビジネスは衰退の途中にある.,그 사업은 사양길을 걷고 있다,naver-ja-dict,https://ja.dict.naver.com/#/search?query=%E3%83%93%E3%82%B8%E3%83%8D%E3%82%B9,owner-confirmed-cleared,cleared,NAVER 일본어사전 · 민중서림 엣센스 한일사전,1787106578815,auto,0,060fc0014e8c4c78a92803ae775ffbfd,881982a8,민중서림 엣센스 한일사전,ビジネス,auto-selected score=134 meaning_hits=1 target_match=surface; query=ビジネス
w_0460db429f72be26,イントロダクションや本文の前半を読めば，なんとなくはわかるのだけれど，やっぱりよくはわからない,서문이나 본문의 전반을 읽으면 그런대로 알게 되것만 역시 잘 모르겠다.,naver-ja-dict,https://ja.dict.naver.com/#/search?query=%E5%89%8D%E5%8D%8A,owner-confirmed-cleared,cleared,NAVER 일본어사전 · 민중서림 엣센스 외래어사전,1787106446764,auto,0,5b90eb1c2ef247c2827c1150cd44467b,8800047F,민중서림 엣센스 외래어사전,前半 전반,auto-selected score=134 meaning_hits=1 target_match=surface; query=前半 전반
w_053746c071b630d7,ボールをぽんと蹴る.,공을 뻥 차다,naver-ja-dict,https://ja.dict.naver.com/#/search?query=%E8%B9%B4%E3%82%8B,owner-confirmed-cleared,cleared,NAVER 일본어사전 · 민중서림 엣센스 한일사전,1787106507064,auto,0,0ee6d441591849b0937065c38a8263fa,881982a8,민중서림 엣센스 한일사전,蹴る,auto-selected score=134 meaning_hits=1 target_match=surface; query=蹴る
w_055e00f614a87306,ユーザー生成コンテンツの著作権ガイドラインを策定する,유저 생성 콘텐츠의 저작권 가이드라인을 책정하다,naver-ja-dict,https://ja.dict.naver.com/#/search?query=%E8%91%97%E4%BD%9C%E6%A8%A9,owner-confirmed-cleared,cleared,NAVER 일본어사전 · 민중서림 엣센스 일한사전,1787106589673,auto,0,2a55e0d103f44970bd2c5a6fa0dbf20a,081341B9,민중서림 엣센스 일한사전,著作権 저작권,auto-selected score=101 meaning_hits=1 target_match=surface; query=著作権 저작권
w_059edb30d5dd03f4,無言の[言わず語らずの]うちに了解ができて[ついて]いた.,무언중에 서로 양해가 되어 있었다,naver-ja-dict,https://ja.dict.naver.com/#/search?query=%E4%BA%86%E8%A7%A3,owner-confirmed-cleared,cleared,NAVER 일본어사전 · 민중서림 엣센스 한일사전,1787106588950,auto,0,4f08fd617dab480a8f9d9e88471d7f2c,881982a8,민중서림 엣센스 한일사전,了解 양해,auto-selected score=134 meaning_hits=1 target_match=surface; query=了解 양해
w_0638a2da01f40b98,"山登りは,人を熱中させる魔力がある.",등산은 사람을 열중케 하는 마력이 있다,naver-ja-dict,https://ja.dict.naver.com/#/search?query=%E7%86%B1%E4%B8%AD,owner-confirmed-cleared,cleared,NAVER 일본어사전 · 민중서림 엣센스 한일사전,1787106477998,auto,0,1fe831a4a72847afb5f88b03da59ee9b,881982a8,민중서림 엣센스 한일사전,熱中 열중,auto-selected score=134 meaning_hits=1 target_match=surface; query=熱中 열중
w_063930ee04c299ec,理念に反する行為を罰する,이념에 반하는 행위를 벌하다,naver-ja-dict,https://ja.dict.naver.com/#/search?query=%E5%8F%8D%E3%81%99%E3%82%8B,owner-confirmed-cleared,cleared,NAVER 일본어사전 · 민중서림 엣센스 일한사전,1787106492715,auto,0,0b9351fbedc14efaa0e2eb5598e18c5d,081341B9,민중서림 엣센스 일한사전,反する,auto-selected score=117 meaning_hits=0 target_match=surface; query=反する
w_065f92ea94a4c7a7,なかなか決心がつかない.,좀처럼 결심이 안 선다,naver-ja-dict,https://ja.dict.naver.com/#/search?query=%E6%B1%BA%E5%BF%83,owner-confirmed-cleared,cleared,NAVER 일본어사전 · 민중서림 엣센스 한일사전,1787106497488,auto,0,142764bf6d78454a96d3203efbb225f0,881982a8,민중서림 엣센스 한일사전,決心 결심,auto-selected score=134 meaning_hits=1 target_match=surface; query=決心 결심
w_06b5fba55a4e9231,軍の一部が反乱を起こした.,군의 일부가 반란을 일으켰다,naver-ja-dict,https://ja.dict.naver.com/#/search?query=%E4%B8%80%E9%83%A8,owner-confirmed-cleared,cleared,NAVER 일본어사전 · 민중서림 엣센스 한일사전,1787106414268,auto,0,18fecb97862048b1b092deb974b90365,881982a8,민중서림 엣센스 한일사전,一部,auto-selected score=134 meaning_hits=1 target_match=surface; query=一部
w_079dc6ecaa76219a,貴簡つつしんで拝見しました,귀한은 삼가 배견하였습니다.,naver-ja-dict,https://ja.dict.naver.com/#/search?query=%E6%8B%9D%E8%A6%8B,owner-confirmed-cleared,cleared,NAVER 일본어사전 · 민중서림 엣센스 일한사전,1787106487176,auto,0,cb42072485764538b69f3652a2bff2b1,081341B9,민중서림 엣센스 일한사전,拝見 배견 삼가 봄,auto-selected score=141 meaning_hits=2 target_match=surface; query=拝見 배견 삼가 봄
w_089bc8f446b1e711,窓に網戸を嵌める,창에 망창을 끼우다,naver-ja-dict,https://ja.dict.naver.com/#/search?query=%E7%B6%B2%E6%88%B8,owner-confirmed-cleared,cleared,NAVER 일본어사전 · 교학사 일한사전,1787106520162,auto,0,4699c7905c9348bda58fe037b2c79e28,080004F6,교학사 일한사전,網戸,auto-selected score=127 meaning_hits=1 target_match=surface; query=網戸
w_08cdbe4932bb3c07,チャンスを見逃した,찬스[기회]를 놓쳤다,naver-ja-dict,https://ja.dict.naver.com/#/search?query=%E3%83%81%E3%83%A3%E3%83%B3%E3%82%B9,owner-confirmed-cleared,cleared,NAVER 일본어사전 · 민중서림 엣센스 일한사전,1787106421163,auto,0,fe7034ba9c5b450aa1c5acd759ac312d,081341B9,민중서림 엣센스 일한사전,チャンス 찬스 기회 호기,auto-selected score=141 meaning_hits=2 target_match=surface; query=チャンス 찬스 기회 호기
w_0ac2f47e2fe8c201,入場料はいくらですか。,입장료는 얼마예요? (관광>관광정보>비용 문의),naver-ja-dict,https://ja.dict.naver.com/#/search?query=%E5%85%A5%E5%A0%B4%E6%96%99,owner-confirmed-cleared,cleared,NAVER 일본어사전 · 글로벌회화,1787106568569,auto,0,36a2b8e567e344fea00150ed7bbcf92a,0011CF26,글로벌회화,入場料 입장료,auto-selected score=116 meaning_hits=1 target_match=surface; query=入場料 입장료
w_0bb9f8c92986e323,本日、金メダルが期待される男子チームパシュート決勝が行われる,오늘 금메달이 기대되는 남자 팀 추월 결승전이 펼쳐진다,naver-ja-dict,https://ja.dict.naver.com/#/search?query=%E6%9C%AC%E6%97%A5,owner-confirmed-cleared,cleared,NAVER 일본어사전 · 민중서림 엣센스 일한사전,1787106427273,auto,0,0f974cafcef3438794a9790b7bf0f08b,081341B9,민중서림 엣센스 일한사전,本日,auto-selected score=134 meaning_hits=1 target_match=surface; query=本日
w_0e49dcf55b580868,細巻きは、その黒く細長い形から鉄砲巻きとも呼ばれます。,호소마키는 그 검고 날씬한 모양에서 텐포(총포)미키라고도 부릅니다.,naver-ja-dict,https://ja.dict.naver.com/#/search?query=%E7%B4%B0%E9%95%B7%E3%81%84,owner-confirmed-cleared,cleared,NAVER 일본어사전 · 연세대학교 한국어학당 국가별 대표음식,1787106516984,auto,0,a83a491ce75142caac0e33e5d2dfa1aa,8017959b,연세대학교 한국어학당 국가별 대표음식,細長い,auto-selected score=114 meaning_hits=0 target_match=surface; query=細長い
w_0f9314b5a0db563c,家族を連れて村を去る.,식솔들을 데리고 마을을 떠나다,naver-ja-dict,https://ja.dict.naver.com/#/search?query=%E5%8E%BB%E3%82%8B,owner-confirmed-cleared,cleared,NAVER 일본어사전 · 민중서림 엣센스 한일사전,1787106484246,auto,0,c0b7d008d32249e3945dea3829ebc148,881982a8,민중서림 엣센스 한일사전,去る,auto-selected score=134 meaning_hits=1 target_match=surface; query=去る
w_0faffdd7c1bb61ad,月給[使用料]を取る,월급을[사용료를] 받다,naver-ja-dict,https://ja.dict.naver.com/#/search?query=%E4%BD%BF%E7%94%A8%E6%96%99,owner-confirmed-cleared,cleared,NAVER 일본어사전 · 민중서림 엣센스 한일사전,1787106425725,auto,0,b6ccb5fe5cfd4897b81ebd22e4f85c1e,881982a8,민중서림 엣센스 한일사전,使用料 사용료,auto-selected score=121 meaning_hits=1 target_match=surface; query=使用料 사용료
w_1008cfaff3782782,とんだ可愛らしい,대단히 사랑스럽다,naver-ja-dict,https://ja.dict.naver.com/#/search?query=%E5%8F%AF%E6%84%9B%E3%82%89%E3%81%97%E3%81%84,owner-confirmed-cleared,cleared,NAVER 일본어사전 · 민중서림 엣센스 일한사전,1787106495025,auto,0,41639ae7788242099c3fd392a3062d94,081341B9,민중서림 엣센스 일한사전,可愛らしい,auto-selected score=121 meaning_hits=1 target_match=surface; query=可愛らしい
w_1038fdc3e444b5d1,月収は千万ウォンを下らない.,월수입이 적어도 천만 원은 된다,naver-ja-dict,https://ja.dict.naver.com/#/search?query=%E4%B8%8B%E3%82%89%E3%81%AA%E3%81%84,owner-confirmed-cleared,cleared,NAVER 일본어사전 · 민중서림 엣센스 한일사전,1787106512813,auto,0,bb66894bd0554d4ea636b13fc197d710,881982a8,민중서림 엣센스 한일사전,下らない,auto-selected score=122 meaning_hits=0 target_match=surface; query=下らない
w_11283524c61043b6,舞台に穴をあける,무대 진행에 차질이 생기다.,naver-ja-dict,https://ja.dict.naver.com/#/search?query=%E8%88%9E%E5%8F%B0,owner-confirmed-cleared,cleared,NAVER 일본어사전 · 민중서림 엣센스 일한사전,1787106420526,auto,0,780ff9a63c064d129d4c90ceeb09fe2d,081341B9,민중서림 엣센스 일한사전,舞台 무대,auto-selected score=129 meaning_hits=1 target_match=surface; query=舞台 무대
w_15718e31fcdc97da,一度使われた製品を回収して再利用する，PCR商品に関心が集まっている,한 번 쓰고 난 제품을 회수하여 재활용하는 PCR 상품에 관심이 집중되고 있다.,naver-ja-dict,https://ja.dict.naver.com/#/search?query=%E5%86%8D%E5%88%A9%E7%94%A8,owner-confirmed-cleared,cleared,NAVER 일본어사전 · 민중서림 엣센스 외래어사전,1787106565275,auto,0,2079f62472be485787ff38bf1e2b79b1,8800047F,민중서림 엣센스 외래어사전,再利用 재활용,auto-selected score=106 meaning_hits=1 target_match=surface; query=再利用 재활용
w_1632528f965aa8ca,昼食代を負んぶする,점심값을 남에게 물리다,naver-ja-dict,https://ja.dict.naver.com/#/search?query=%E8%B2%A0%E3%82%93%E3%81%B6,owner-confirmed-cleared,cleared,NAVER 일본어사전 · 민중서림 엣센스 일한사전,1787106491345,auto,0,28c84673c9af4649900cec5c3746f5b4,081341B9,민중서림 엣센스 일한사전,負んぶ,auto-selected score=121 meaning_hits=1 target_match=surface; query=負んぶ
w_166d9f94036397f8,匿名の投書をする.,익명으로 투서하다,naver-ja-dict,https://ja.dict.naver.com/#/search?query=%E5%8C%BF%E5%90%8D,owner-confirmed-cleared,cleared,NAVER 일본어사전 · 민중서림 엣센스 한일사전,1787106588655,auto,0,5c3e6e5c2bb9471f9081259699f4bdb8,881982a8,민중서림 엣센스 한일사전,匿名 익명,auto-selected score=134 meaning_hits=1 target_match=surface; query=匿名 익명
w_16bc27b031413df0,マス一匹がびくともしないで、流れる水の中でじっと止まっていた。,송어 한 마리가 꼼짝도 하지 않고 흐르는 물에서 가만히 멈춰 있었다,naver-ja-dict,https://ja.dict.naver.com/#/search?query=%E3%81%98%E3%81%A3%E3%81%A8,owner-confirmed-cleared,cleared,NAVER 일본어사전 · 국립국어원 한국어-일본어 학습사전,1787106488259,auto,0,e6873773ff98483284baaf401293fda3,8819cr4o,국립국어원 한국어-일본어 학습사전,じっと 꼼짝 않고 가만히 꾹,auto-selected score=158 meaning_hits=3 target_match=surface; query=じっと 꼼짝 않고 가만히 꾹
w_17798d8879a69967,随筆とは気が向くままに書くものだ.,수필이란 마음이 가는 대로 쓰는 글이다,naver-ja-dict,https://ja.dict.naver.com/#/search?query=%E5%90%91%E3%81%8F,owner-confirmed-cleared,cleared,NAVER 일본어사전 · 민중서림 엣센스 한일사전,1787106500147,auto,0,6ff120485de64aee837e49e68f8cb9fd,881982a8,민중서림 엣센스 한일사전,向く,auto-selected score=122 meaning_hits=0 target_match=surface; query=向く
w_1818c016f250e0bb,沈着に事後の処理をする.,차근히 사후 처리를 하다,naver-ja-dict,https://ja.dict.naver.com/#/search?query=%E4%BA%8B%E5%BE%8C,owner-confirmed-cleared,cleared,NAVER 일본어사전 · 민중서림 엣센스 한일사전,1787106503125,auto,0,6c607f71eb864f0cb2b7883cae19af1b,881982a8,민중서림 엣센스 한일사전,事後 사후,auto-selected score=134 meaning_hits=1 target_match=surface; query=事後 사후
w_189a9d135b871422,批判的に聞くだけで、信じない,비판적으로 들을 뿐 믿지 않는다.,naver-ja-dict,https://ja.dict.naver.com/#/search?query=%E6%89%B9%E5%88%A4%E7%9A%84,owner-confirmed-cleared,cleared,NAVER 일본어사전 · 민중서림 엣센스 일한사전,1787106577153,auto,0,4f991c460a504ca79fc0b517b35f0c08,081341B9,민중서림 엣센스 일한사전,批判的 비판적,auto-selected score=126 meaning_hits=1 target_match=surface; query=批判的 비판적
w_192050c8d9b09ee5,ボールをパスする,공을 패스하다.,naver-ja-dict,https://ja.dict.naver.com/#/search?query=%E3%83%91%E3%82%B9,owner-confirmed-cleared,cleared,NAVER 일본어사전 · 민중서림 엣센스 일한사전,1787106448119,auto,0,af1e7739f1fc427cadb2fd34974cb020,081341B9,민중서림 엣센스 일한사전,パス,auto-selected score=129 meaning_hits=1 target_match=surface; query=パス
w_192fb2efb59fdd8a,卒業を前後して父が帰国なさった.,졸업을 전후해서 아버지가 귀국하셨다,naver-ja-dict,https://ja.dict.naver.com/#/search?query=%E5%B8%B0%E5%9B%BD,owner-confirmed-cleared,cleared,NAVER 일본어사전 · 민중서림 엣센스 한일사전,1787106472454,auto,0,7ceee25707784dc884499cd779a19350,881982a8,민중서림 엣센스 한일사전,帰国 귀국 귀향,auto-selected score=134 meaning_hits=1 target_match=surface; query=帰国 귀국 귀향
w_197dd1dc59aa70ea,奇跡をまのあたりにして発心する.,기적을 실지로 보고 발심하다,naver-ja-dict,https://ja.dict.naver.com/#/search?query=%E5%A5%87%E8%B7%A1,owner-confirmed-cleared,cleared,NAVER 일본어사전 · 민중서림 엣센스 한일사전,1787106585998,auto,0,3556193d9e514083a2bf349655f07507,881982a8,민중서림 엣센스 한일사전,奇跡 기적,auto-selected score=134 meaning_hits=1 target_match=surface; query=奇跡 기적
w_19c9dccb2d9566cd,サッカーの指導を始めることにした,축구 지도를 시작하기로 하였다.,naver-ja-dict,https://ja.dict.naver.com/#/search?query=%E3%82%B5%E3%83%83%E3%82%AB%E3%83%BC,owner-confirmed-cleared,cleared,NAVER 일본어사전 · 민중서림 엣센스 외래어사전,1787106419932,auto,0,0a904a062984404db28d0c2ab141b869,8800047F,민중서림 엣센스 외래어사전,サッカー,auto-selected score=117 meaning_hits=0 target_match=surface; query=サッカー
w_19d69a6a3206fdc9,法の前には万人が平等である.,법 앞에서는 만인이 평등하다,naver-ja-dict,https://ja.dict.naver.com/#/search?query=%E4%B8%87%E4%BA%BA,owner-confirmed-cleared,cleared,NAVER 일본어사전 · 민중서림 엣센스 한일사전,1787106570705,auto,0,077f30c5ba3446a4b35c5f7037af8e42,881982a8,민중서림 엣센스 한일사전,万人 만인,auto-selected score=134 meaning_hits=1 target_match=surface; query=万人 만인
w_19e9ee3ef8522e50,ハンバーガーやピザのようなファーストフードは健康に有害だ。,"햄버거, 피자와 같은 패스트푸드는 건강에 해롭다.",naver-ja-dict,https://ja.dict.naver.com/#/search?query=%E3%83%95%E3%82%A1%E3%83%BC%E3%82%B9%E3%83%88%E3%83%95%E3%83%BC%E3%83%89,owner-confirmed-cleared,cleared,NAVER 일본어사전 · 국립국어원 한국어-일본어 학습사전,1787106570412,auto,0,adc346377a0643aeb9c792118b40b037,8819cr4o,국립국어원 한국어-일본어 학습사전,ファーストフード 패스트 푸드 즉석 식품,auto-selected score=146 meaning_hits=2 target_match=surface; query=ファーストフード 패스트 푸드 즉석 식품
w_1a855f53327b9ade,やくざ同士の大きな出入りがあった,깡패들끼리의 큰 싸움이 있었다,naver-ja-dict,https://ja.dict.naver.com/#/search?query=%E5%90%8C%E5%A3%AB,owner-confirmed-cleared,cleared,NAVER 일본어사전 · 민중서림 엣센스 일한사전,1787106576857,auto,0,cfb7c576c1e44e548222f43b5a278a81,081341B9,민중서림 엣센스 일한사전,同士,auto-selected score=129 meaning_hits=1 target_match=surface; query=同士
w_1a9f2d1908baab4e,彼の兄は政治家で弟は芸術家だ.,그의 형은 정치가이며 동생은 예술가다,naver-ja-dict,https://ja.dict.naver.com/#/search?query=%E6%94%BF%E6%B2%BB%E5%AE%B6,owner-confirmed-cleared,cleared,NAVER 일본어사전 · 민중서림 엣센스 한일사전,1787106415108,auto,0,bb33f5646e994c75abbc553734db3626,881982a8,민중서림 엣센스 한일사전,政治家,auto-selected score=126 meaning_hits=1 target_match=surface; query=政治家
w_1bd286204cc5a209,あの方は語学の生き字引だ.,저이는 어학의 산자전이다,naver-ja-dict,https://ja.dict.naver.com/#/search?query=%E8%AA%9E%E5%AD%A6,owner-confirmed-cleared,cleared,NAVER 일본어사전 · 민중서림 엣센스 한일사전,1787106497200,auto,0,4c841246a9584d12b12bb50cc1dadbc2,881982a8,민중서림 엣센스 한일사전,語学 어학,auto-selected score=134 meaning_hits=1 target_match=surface; query=語学 어학
w_1cac16c6ed17b461,送別会が催される.,송별회가 열리다,naver-ja-dict,https://ja.dict.naver.com/#/search?query=%E9%80%81%E5%88%A5%E4%BC%9A,owner-confirmed-cleared,cleared,NAVER 일본어사전 · 민중서림 엣센스 한일사전,1787106516217,auto,0,c9d22e5ef05a4e82b66838dd3ac3d64a,881982a8,민중서림 엣센스 한일사전,送別会 송별회,auto-selected score=126 meaning_hits=1 target_match=surface; query=送別会 송별회
w_1da66dbffe066645,イ：お姉さん、割り算できる？,"가: 누나, 나눗셈 할 줄 알아?",naver-ja-dict,https://ja.dict.naver.com/#/search?query=%E5%89%B2%E3%82%8A%E7%AE%97,owner-confirmed-cleared,cleared,NAVER 일본어사전 · 국립국어원 한국어-일본어 학습사전,1787106537152,auto,0,bda3895b69ee402584ae22f044a2b9c5,8819cr4o,국립국어원 한국어-일본어 학습사전,割り算 나눗셈,auto-selected score=114 meaning_hits=1 target_match=surface; query=割り算 나눗셈
w_1e011eae0fde99bc,紙の上に文鎮を載せる.,종이 위에 문진을 올려놓다,naver-ja-dict,https://ja.dict.naver.com/#/search?query=%E8%BC%89%E3%81%9B%E3%82%8B,owner-confirmed-cleared,cleared,NAVER 일본어사전 · 민중서림 엣센스 한일사전,1787106487955,auto,0,0699abfbf5cb4f408f3ac00451086a39,881982a8,민중서림 엣센스 한일사전,載せる,auto-selected score=146 meaning_hits=2 target_match=surface; query=載せる
w_1eb7d8b8374f4f94,このキャンプ場に屋内テニス場はありますか?,이 캠프 안에 실내 테니스장이 있습니까?,naver-ja-dict,https://ja.dict.naver.com/#/search?query=%E5%B1%8B%E5%86%85,owner-confirmed-cleared,cleared,NAVER 일본어사전 · 사전연구사,1787106491636,auto,0,88b1970f647c435590ecb49f2ee22a0a,881985c7,사전연구사,屋内 옥내 집의 안 실내,auto-selected score=124 meaning_hits=1 target_match=surface; query=屋内 옥내 집의 안 실내
w_1f21cc0d2b2212c5,世界で第一番といわれる音楽家.,세계에서 첫손으로 꼽히는 음악가,naver-ja-dict,https://ja.dict.naver.com/#/search?query=%E9%9F%B3%E6%A5%BD%E5%AE%B6,owner-confirmed-cleared,cleared,NAVER 일본어사전 · 민중서림 엣센스 한일사전,1787106506003,auto,0,3ebd147cff0f46c6a197457cec8e874c,881982a8,민중서림 엣센스 한일사전,音楽家 음악가,auto-selected score=118 meaning_hits=1 target_match=surface; query=音楽家 음악가
w_1f3f7e6475d1dbe1,子を認知する.,자식을 인지하다,naver-ja-dict,https://ja.dict.naver.com/#/search?query=%E8%AA%8D%E7%9F%A5,owner-confirmed-cleared,cleared,NAVER 일본어사전 · 민중서림 엣센스 한일사전,1787106591329,auto,0,d0ea24165759488c9b2e198d582f35a4,881982a8,민중서림 엣센스 한일사전,認知 인지,auto-selected score=134 meaning_hits=1 target_match=surface; query=認知 인지
w_1fa5edac827143d1,ホームページを作り変える,홈페이지를 (고쳐) 다시 만들다,naver-ja-dict,https://ja.dict.naver.com/#/search?query=%E3%83%9B%E3%83%BC%E3%83%A0%E3%83%9A%E3%83%BC%E3%82%B8,owner-confirmed-cleared,cleared,NAVER 일본어사전 · 민중서림 엣센스 일한사전,1787106449084,auto,0,0b6ec9434f294040a4c0a830b3d9620b,081341B9,민중서림 엣센스 일한사전,ホームページ,auto-selected score=129 meaning_hits=1 target_match=surface; query=ホームページ
w_210c64d85d44fb49,仏壇に向って正座する,불단을 향해서 정좌하다.,naver-ja-dict,https://ja.dict.naver.com/#/search?query=%E6%AD%A3%E5%BA%A7,owner-confirmed-cleared,cleared,NAVER 일본어사전 · 민중서림 엣센스 일한사전,1787106514165,auto,0,fc25613bd8cd4d72810c41e43d1abcb5,081341B9,민중서림 엣센스 일한사전,正座,auto-selected score=129 meaning_hits=1 target_match=surface; query=正座
w_23bedc6d7e06a52a,長い年月を経る,오랜 세월이 지나다,naver-ja-dict,https://ja.dict.naver.com/#/search?query=%E5%B9%B4%E6%9C%88,owner-confirmed-cleared,cleared,NAVER 일본어사전 · 민중서림 엣센스 일한사전,1787106497779,auto,0,536afe7c9a5e45209ce28d1045e811e3,081341B9,민중서림 엣센스 일한사전,年月 연월 세월,auto-selected score=129 meaning_hits=1 target_match=surface; query=年月 연월 세월
w_243a8d4f69f4bd5a,フランスでは，メートルが「発明」されるまで長さの単位が地方ごとに違っていた,프랑스에서는 미터가 ‘발명’되기까지 길이의 단위가 지방마다 달랐다.,naver-ja-dict,https://ja.dict.naver.com/#/search?query=%E7%99%BA%E6%98%8E,owner-confirmed-cleared,cleared,NAVER 일본어사전 · 민중서림 엣센스 외래어사전,1787106467957,auto,0,883e6b86670b4ddcb269e45e825af5e9,8800047F,민중서림 엣센스 외래어사전,発明,auto-selected score=134 meaning_hits=1 target_match=surface; query=発明
w_25ad527c17b87073,ロ：別途に指定席が用意されていないので、どこにでも気に入った席にお座りください。,나: 따로 지정석이 없으니 아무 데나 마음에 드는 자리에 앉으시면 돼요.,naver-ja-dict,https://ja.dict.naver.com/#/search?query=%E6%8C%87%E5%AE%9A%E5%B8%AD,owner-confirmed-cleared,cleared,NAVER 일본어사전 · 국립국어원 한국어-일본어 학습사전,1787106567382,auto,0,246319ebc4af4e679cc87cad581311e3,8819cr4o,국립국어원 한국어-일본어 학습사전,指定席 지정석,auto-selected score=106 meaning_hits=1 target_match=surface; query=指定席 지정석
w_274b5f1e61b3ee7e,僕は毎食、味付け海苔を食べている,나는 매끼 조미김을 먹고 있다,naver-ja-dict,https://ja.dict.naver.com/#/search?query=%E6%B5%B7%E8%8B%94,owner-confirmed-cleared,cleared,NAVER 일본어사전 · 민중서림 엣센스 일한사전,1787106498478,auto,0,96412b17856344969525aaa935319e57,081341B9,민중서림 엣센스 일한사전,海苔,auto-selected score=122 meaning_hits=0 target_match=surface; query=海苔
w_275c1a0a5b10d1cf,会長の座が空位になる.,회장 자리가 공석이 되다,naver-ja-dict,https://ja.dict.naver.com/#/search?query=%E4%BC%9A%E9%95%B7,owner-confirmed-cleared,cleared,NAVER 일본어사전 · 민중서림 엣센스 한일사전,1787106440368,auto,0,b787b800c0d34f09af50aa5f6a1bdace,881982a8,민중서림 엣센스 한일사전,会長 회장,auto-selected score=134 meaning_hits=1 target_match=surface; query=会長 회장
w_28d2921e86daacc1,ソウル本社から辺地へ追いやられる.,서울 본사에서 벽지로 내밀리다,naver-ja-dict,https://ja.dict.naver.com/#/search?query=%E6%9C%AC%E7%A4%BE,owner-confirmed-cleared,cleared,NAVER 일본어사전 · 민중서림 엣센스 한일사전,1787106455100,auto,0,7189a061ced34c51a29522976cb8cd21,881982a8,민중서림 엣센스 한일사전,本社,auto-selected score=134 meaning_hits=1 target_match=surface; query=本社
w_2901dd31bf072352,気体が膨張する,기체가 팽창하다,naver-ja-dict,https://ja.dict.naver.com/#/search?query=%E6%B0%97%E4%BD%93,owner-confirmed-cleared,cleared,NAVER 일본어사전 · 민중서림 엣센스 일한사전,1787106519739,auto,0,59e7a40d9fa348e7aabd2ce72140d54c,081341B9,민중서림 엣센스 일한사전,気体 기체 →じょうき,auto-selected score=129 meaning_hits=1 target_match=surface; query=気体 기체 →じょうき
w_2aa39eb735d84826,請求書を送つける,청구서를 보내다[송부하다].,naver-ja-dict,https://ja.dict.naver.com/#/search?query=%E8%AB%8B%E6%B1%82%E6%9B%B8,owner-confirmed-cleared,cleared,NAVER 일본어사전 · 민중서림 엣센스 일한사전,1787106451829,auto,0,bb95f87253db41c4929e98205fd718fe,081341B9,민중서림 엣센스 일한사전,請求書 청구서,auto-selected score=121 meaning_hits=1 target_match=surface; query=請求書 청구서
w_2aebd535fefb8f34,名は会長だが実はロボットだ,명색은 회장이나 실은 허수아비다.,naver-ja-dict,https://ja.dict.naver.com/#/search?query=%E3%83%AD%E3%83%9C%E3%83%83%E3%83%88,owner-confirmed-cleared,cleared,NAVER 일본어사전 · 민중서림 엣센스 일한사전,1787106423295,auto,0,9ef0691286414369934cab2ae6207dc0,081341B9,민중서림 엣센스 일한사전,ロボット,auto-selected score=129 meaning_hits=1 target_match=surface; query=ロボット
w_2d58a6ef63d38cbe,可哀相な気がする,불쌍한 생각이 들다,naver-ja-dict,https://ja.dict.naver.com/#/search?query=%E5%8F%AF%E5%93%80%E7%9B%B8,owner-confirmed-cleared,cleared,NAVER 일본어사전 · 민중서림 엣센스 일한사전,1787106521788,auto,0,0af5f392225b4358a3de29c590ecf386,081341B9,민중서림 엣센스 일한사전,可哀相,auto-selected score=101 meaning_hits=1 target_match=surface; query=可哀相
w_2e30dbb687af7001,一時的な精神的ストレスを緩和する,일시적인 정신적 스트레스를 완화하다,naver-ja-dict,https://ja.dict.naver.com/#/search?query=%E3%82%B9%E3%83%88%E3%83%AC%E3%82%B9,owner-confirmed-cleared,cleared,NAVER 일본어사전 · 민중서림 엣센스 일한사전,1787106426513,auto,0,c8bbf565017443e4a661f4ad51041555,081341B9,민중서림 엣센스 일한사전,ストレス,auto-selected score=133 meaning_hits=2 target_match=surface; query=ストレス
w_2e554527c376687e,値下げ交渉を受ける,가격 인하 교섭을 받다,naver-ja-dict,https://ja.dict.naver.com/#/search?query=%E5%80%A4%E4%B8%8B%E3%81%92,owner-confirmed-cleared,cleared,NAVER 일본어사전 · 민중서림 엣센스 일한사전,1787106490073,auto,0,ffe8a87e66c747339ce1a00a2f1e13ff,081341B9,민중서림 엣센스 일한사전,値下げ,auto-selected score=183 meaning_hits=2 target_match=surface; query=値下げ
w_2f41805574cc25b6,電話代も馬鹿にならない,전화 요금[통신비]도 무시할 수 없다,naver-ja-dict,https://ja.dict.naver.com/#/search?query=%E9%9B%BB%E8%A9%B1%E4%BB%A3,owner-confirmed-cleared,cleared,NAVER 일본어사전 · 민중서림 엣센스 일한사전,1787106564973,auto,0,2df672dcc13d40b49af361bbb04ed889,081341B9,민중서림 엣센스 일한사전,電話代 전화 요금,auto-selected score=113 meaning_hits=2 target_match=surface; query=電話代 전화 요금
w_30ab4fe5decb454b,缶コーヒーは、自動販売機やコンビニエンスストアで販売されていますが、スーパで買えばもっと安く買えます。,칸코히는 자동판매기와 편의점에서 판매되고 있지만 슈퍼에서 사면 더 싸게 살 수 있다.,naver-ja-dict,https://ja.dict.naver.com/#/search?query=%E8%87%AA%E5%8B%95%E8%B2%A9%E5%A3%B2%E6%A9%9F,owner-confirmed-cleared,cleared,NAVER 일본어사전 · 연세대학교 한국어학당 국가별 대표음식,1787106424856,auto,0,394cf4e1ca144f2cacd49280bafa8e93,8017959b,연세대학교 한국어학당 국가별 대표음식,自動販売機 자동 판매기,auto-selected score=106 meaning_hits=2 target_match=surface; query=自動販売機 자동 판매기
w_3160899e14f3c2dc,ショックでがっくりきた,쇼크로[충격으로] 맥이 탁 풀렸다,naver-ja-dict,https://ja.dict.naver.com/#/search?query=%E3%82%B7%E3%83%A7%E3%83%83%E3%82%AF,owner-confirmed-cleared,cleared,NAVER 일본어사전 · 민중서림 엣센스 일한사전,1787106583742,auto,0,436a10079a64403cb7e7aa2dc3a291e2,081341B9,민중서림 엣센스 일한사전,ショック 쇼크 충격 충격 증세,auto-selected score=141 meaning_hits=2 target_match=surface; query=ショック 쇼크 충격 충격 증세
w_317792be93026082,入場券のないお客様は、如何なる事情があっても入場できません,입장권이 없는 고객은 어떠한 사정이 있어도 입장하실 수 없습니다,naver-ja-dict,https://ja.dict.naver.com/#/search?query=%E5%85%A5%E5%A0%B4,owner-confirmed-cleared,cleared,NAVER 일본어사전 · 민중서림 엣센스 일한사전,1787106467252,auto,0,37e03aee49c04f759294edebca37c70e,081341B9,민중서림 엣센스 일한사전,入場 입장,auto-selected score=126 meaning_hits=1 target_match=surface; query=入場 입장
w_32145f98e15511ab,一人息子を玉無しにする,외아들을 망치다,naver-ja-dict,https://ja.dict.naver.com/#/search?query=%E4%B8%80%E4%BA%BA%E6%81%AF%E5%AD%90,owner-confirmed-cleared,cleared,NAVER 일본어사전 · 교학사 일한사전,1787106418405,auto,0,3bb28ea37fac4be1b79368f2971d9442,080004F6,교학사 일한사전,一人息子 외아들,auto-selected score=109 meaning_hits=1 target_match=surface; query=一人息子 외아들
w_336acc19e23dffd9,食後に薬を飲めとの[言う]医者からの指示があった.,식후에 약을 먹으란 의사의 지시가 있었다,naver-ja-dict,https://ja.dict.naver.com/#/search?query=%E6%8C%87%E7%A4%BA,owner-confirmed-cleared,cleared,NAVER 일본어사전 · 민중서림 엣센스 한일사전,1787106438935,auto,0,339ed8e401504a038ee13a38d0faa95e,881982a8,민중서림 엣센스 한일사전,指示 지시,auto-selected score=134 meaning_hits=1 target_match=surface; query=指示 지시
w_336c7a453b67331c,気楽に話しかける,스스럼없이 말을 꺼내다,naver-ja-dict,https://ja.dict.naver.com/#/search?query=%E6%B0%97%E6%A5%BD,owner-confirmed-cleared,cleared,NAVER 일본어사전 · 민중서림 엣센스 일한사전,1787106480737,auto,0,d1930fb3c9c34c9e8b1a9e171fd6f722,081341B9,민중서림 엣센스 일한사전,気楽,auto-selected score=117 meaning_hits=0 target_match=surface; query=気楽
w_33cfba1e84d73914,彼は心から謝罪している,그는 진심으로 사죄하고 있다,naver-ja-dict,https://ja.dict.naver.com/#/search?query=%E8%AC%9D%E7%BD%AA,owner-confirmed-cleared,cleared,NAVER 일본어사전 · 민중서림 엣센스 한일사전,1787106591945,auto,0,93a500e89d2e43d0beeee3350995420f,881982a8,민중서림 엣센스 한일사전,謝罪 사죄,auto-selected score=129 meaning_hits=1 target_match=surface; query=謝罪 사죄
w_33f458c8522b4b2a,彼は列車を逃さないため、急いで改札口までかき分けていった。,그는 기차를 놓치지 않기 위해 분주하게 개찰구까지 헤어 나갔다.,naver-ja-dict,https://ja.dict.naver.com/#/search?query=%E6%94%B9%E6%9C%AD%E5%8F%A3,owner-confirmed-cleared,cleared,NAVER 일본어사전 · 국립국어원 한국어-일본어 학습사전,1787106490355,auto,0,cffc3982c052425a88efc5c84c9e0e88,8819cr4o,국립국어원 한국어-일본어 학습사전,改札口 개찰구,auto-selected score=106 meaning_hits=1 target_match=surface; query=改札口 개찰구
w_345c57114d03fb8a,先週、オペラの椿姫を見てきた,지난주 오페라 춘희를 보고 왔다,naver-ja-dict,https://ja.dict.naver.com/#/search?query=%E3%82%AA%E3%83%9A%E3%83%A9,owner-confirmed-cleared,cleared,NAVER 일본어사전 · 민중서림 엣센스 일한사전,1787106482299,auto,0,f013b8d9a37f4dfe9c2532b7aa7224b0,081341B9,민중서림 엣센스 일한사전,オペラ 오페라 가극,auto-selected score=134 meaning_hits=1 target_match=surface; query=オペラ 오페라 가극
w_34630cc55c103526,A(エー)の問題よりB(ビー)の問題が先行する.,A 문제보다 B의 문제가 선행된다,naver-ja-dict,https://ja.dict.naver.com/#/search?query=%E5%85%88%E8%A1%8C,owner-confirmed-cleared,cleared,NAVER 일본어사전 · 민중서림 엣센스 한일사전,1787106588350,auto,0,55f7501073e14ca69f269c6159bf9c83,881982a8,민중서림 엣센스 한일사전,先行 선행,auto-selected score=134 meaning_hits=1 target_match=surface; query=先行 선행
w_3560a3f58ab3e02f,急に思いつく,갑자기 생각이 떠오르다,naver-ja-dict,https://ja.dict.naver.com/#/search?query=%E6%80%9D%E3%81%84%E3%81%A4%E3%81%8F,owner-confirmed-cleared,cleared,NAVER 일본어사전 · 민중서림 엣센스 일한사전,1787106500809,auto,0,678707a426774c27984e37f70e143742,081341B9,민중서림 엣센스 일한사전,思いつく 문득 생각이 떠오르다 →おもいだす,auto-selected score=133 meaning_hits=2 target_match=surface; query=思いつく 문득 생각이 떠오르다 →おもいだす
w_35984210ef00a75d,視点をずらして考える,시점을 조금 바꾸어 생각하다,naver-ja-dict,https://ja.dict.naver.com/#/search?query=%E8%A6%96%E7%82%B9,owner-confirmed-cleared,cleared,NAVER 일본어사전 · 민중서림 엣센스 일한사전,1787106589370,auto,0,c7a6820ba2b24b04bc1123c2270b64bb,081341B9,민중서림 엣센스 일한사전,視点,auto-selected score=129 meaning_hits=1 target_match=surface; query=視点
w_364f241dbd011498,変化球を綺麗にセンター前へ打ち返す,변화구를 센터[중견수] 앞으로 시원스레[제대로] 받아치다,naver-ja-dict,https://ja.dict.naver.com/#/search?query=%E3%82%BB%E3%83%B3%E3%82%BF%E3%83%BC,owner-confirmed-cleared,cleared,NAVER 일본어사전 · 민중서림 엣센스 일한사전,1787106416768,auto,0,89c6453b83b44285af3bd34d8a1140f5,081341B9,민중서림 엣센스 일한사전,センター 센터 중앙 중심 중견 중견수,auto-selected score=137 meaning_hits=3 target_match=surface; query=センター 센터 중앙 중심 중견 중견수
w_36c37a7b06560440,まかり間違うと命がない.,아차 잘못하면 목숨을 잃는다,naver-ja-dict,https://ja.dict.naver.com/#/search?query=%E9%96%93%E9%81%95%E3%81%86,owner-confirmed-cleared,cleared,NAVER 일본어사전 · 민중서림 엣센스 한일사전,1787106512414,auto,0,6e85a0968bb64860a287cfd00e573917,881982a8,민중서림 엣센스 한일사전,間違う,auto-selected score=122 meaning_hits=0 target_match=surface; query=間違う
w_36e68594c223ca15,失敗した仕事をやり直す,실패한 일을 다시 하다,naver-ja-dict,https://ja.dict.naver.com/#/search?query=%E3%82%84%E3%82%8A%E7%9B%B4%E3%81%99,owner-confirmed-cleared,cleared,NAVER 일본어사전 · 민중서림 엣센스 일한사전,1787106511363,auto,0,6d56bc7d76584cf687bfc1593216a395,081341B9,민중서림 엣센스 일한사전,やり直す 다시 하다,auto-selected score=101 meaning_hits=1 target_match=surface; query=やり直す 다시 하다
w_38b95f3d0288dfda,当たりをつける,(본격적인 착수에 앞서) 겨냥을 짚어 보다; 가늠해 보다,naver-ja-dict,https://ja.dict.naver.com/#/search?query=%E5%BD%93%E3%81%9F%E3%82%8A,owner-confirmed-cleared,cleared,NAVER 일본어사전 · 민중서림 엣센스 일한사전,1787106582274,auto,0,df48936c32074df4ba1ccaadd980c4fb,081341B9,민중서림 엣센스 일한사전,当たり,auto-selected score=129 meaning_hits=1 target_match=surface; query=当たり
w_38d11f2617f9653b,水道料金を口座から引き落とす.,수도 요금을 계좌에서 자동 이체하다,naver-ja-dict,https://ja.dict.naver.com/#/search?query=%E6%B0%B4%E9%81%93%E6%96%99%E9%87%91,owner-confirmed-cleared,cleared,NAVER 일본어사전 · 민중서림 엣센스 한일사전,1787106569451,auto,0,3f9ea1113b2e4b22b93e8e44dfdd2164,881982a8,민중서림 엣센스 한일사전,水道料金 수도 요금,auto-selected score=98 meaning_hits=2 target_match=surface; query=水道料金 수도 요금
w_390e7c320dc77120,眩暈を感ずる,현기증을 느끼다.,naver-ja-dict,https://ja.dict.naver.com/#/search?query=%E7%9C%A9%E6%9A%88,owner-confirmed-cleared,cleared,NAVER 일본어사전 · 민중서림 엣센스 일한사전,1787106524606,auto,0,c7add1465909449a91017b44af5a02f8,081341B9,민중서림 엣센스 일한사전,眩暈,auto-selected score=109 meaning_hits=1 target_match=surface; query=眩暈
w_39b26f179dfbec94,イ：今日はずっと蒸し暑いね。,가: 오늘은 종일 무덥네.,naver-ja-dict,https://ja.dict.naver.com/#/search?query=%E8%92%B8%E3%81%97%E6%9A%91%E3%81%84,owner-confirmed-cleared,cleared,NAVER 일본어사전 · 국립국어원 한국어-일본어 학습사전,1787106518060,auto,0,4c2b26c02b3a478fbc79d3b4870dd9e8,8819cr4o,국립국어원 한국어-일본어 학습사전,蒸し暑い 무덥다,auto-selected score=94 meaning_hits=0 target_match=surface; query=蒸し暑い 무덥다
w_3a5dd609aecfecf8,イ：コンピュータにプログラムがダウンロードできない。,가: 컴퓨터에 프로그램이 다운이 되지 않아.,naver-ja-dict,https://ja.dict.naver.com/#/search?query=%E3%83%80%E3%82%A6%E3%83%B3%E3%83%AD%E3%83%BC%E3%83%89,owner-confirmed-cleared,cleared,NAVER 일본어사전 · 국립국어원 한국어-일본어 학습사전,1787106582860,auto,0,9827e4a4b1814053ab35787ae4920b0a,8819cr4o,국립국어원 한국어-일본어 학습사전,ダウンロード 다운 로드,auto-selected score=134 meaning_hits=1 target_match=surface; query=ダウンロード 다운 로드
w_3a72d73bbabf8202,沈酔して正体を知らない,몹시 취해 제정신을 못차리다.,naver-ja-dict,https://ja.dict.naver.com/#/search?query=%E6%AD%A3%E4%BD%93,owner-confirmed-cleared,cleared,NAVER 일본어사전 · 민중서림 엣센스 일한사전,1787106590392,auto,0,ef74652e56f846d19efdd32fdb576f99,081341B9,민중서림 엣센스 일한사전,正体,auto-selected score=129 meaning_hits=1 target_match=surface; query=正体
w_3a9541bbdbc84ed4,母親の面影がある,어머니의 얼굴 모습이 있다,naver-ja-dict,https://ja.dict.naver.com/#/search?query=%E6%AF%8D%E8%A6%AA,owner-confirmed-cleared,cleared,NAVER 일본어사전 · 민중서림 엣센스 일한사전,1787106422210,auto,0,7a379032b2ec4da88391447d66eae150,081341B9,민중서림 엣센스 일한사전,母親 모친 어머니,auto-selected score=129 meaning_hits=1 target_match=surface; query=母親 모친 어머니
w_3adf371ace681d98,死去の知らせに愕然とする.,사망 통지에 악연히 놀라다,naver-ja-dict,https://ja.dict.naver.com/#/search?query=%E7%9F%A5%E3%82%89%E3%81%9B,owner-confirmed-cleared,cleared,NAVER 일본어사전 · 민중서림 엣센스 한일사전,1787106486171,auto,0,88f202d40d1e4b709ae0635023cf7c05,881982a8,민중서림 엣센스 한일사전,知らせ,auto-selected score=134 meaning_hits=1 target_match=surface; query=知らせ
w_3ae7dab8808c71d4,だけど、掃除機が故障してる。,그런데 청소기가 고장이군요. (생활/가정>가정생활>집 안 청소),naver-ja-dict,https://ja.dict.naver.com/#/search?query=%E6%8E%83%E9%99%A4%E6%A9%9F,owner-confirmed-cleared,cleared,NAVER 일본어사전 · 글로벌회화,1787106440071,auto,0,59a1028d3a5c43f29e1ceb8b6bb780ae,0011CF26,글로벌회화,掃除機 청소기,auto-selected score=124 meaning_hits=1 target_match=surface; query=掃除機 청소기
w_3b15134f599453e6,当選者が出ない場合は、賞金が次回に持ち越される,당첨자가 나오지 않을 경우는 상금이 다음 회로 이월된다,naver-ja-dict,https://ja.dict.naver.com/#/search?query=%E6%AC%A1%E5%9B%9E,owner-confirmed-cleared,cleared,NAVER 일본어사전 · 민중서림 엣센스 일한사전,1787106448398,auto,0,b6161f724cde411db01c65a13bcf6aba,081341B9,민중서림 엣센스 일한사전,次回 차회 다음 회,auto-selected score=126 meaning_hits=1 target_match=surface; query=次回 차회 다음 회
w_3c28024a9d9eb6f8,不安でぐっすり眠れない,불안해서 잠을 푹 잘 수 없다,naver-ja-dict,https://ja.dict.naver.com/#/search?query=%E3%81%90%E3%81%A3%E3%81%99%E3%82%8A,owner-confirmed-cleared,cleared,NAVER 일본어사전 · 민중서림 엣센스 일한사전,1787106501390,auto,0,25e118dd905e40e981297fbe570842d6,081341B9,민중서림 엣센스 일한사전,ぐっすり 푹,auto-selected score=117 meaning_hits=0 target_match=surface; query=ぐっすり 푹
w_3c48fef59f901cb5,近視の度が進む,근시의 도수가 점점 심해지다,naver-ja-dict,https://ja.dict.naver.com/#/search?query=%E8%BF%91%E8%A6%96,owner-confirmed-cleared,cleared,NAVER 일본어사전 · 민중서림 엣센스 일한사전,1787106522083,auto,0,661fd66bf82648c8be00cd7a340e8d4a,081341B9,민중서림 엣센스 일한사전,近視 근시,auto-selected score=121 meaning_hits=1 target_match=surface; query=近視 근시
w_3cf8a59fa4a831ad,真逆そうするわけにもいかないね,(아무리) 그렇다 하더라도 그렇게 할 수는 없지,naver-ja-dict,https://ja.dict.naver.com/#/search?query=%E7%9C%9F%E9%80%86,owner-confirmed-cleared,cleared,NAVER 일본어사전 · 민중서림 엣센스 일한사전,1787106422903,auto,0,299b8051ee0043938923a3de8288ee24,081341B9,민중서림 엣센스 일한사전,真逆,auto-selected score=133 meaning_hits=2 target_match=surface; query=真逆
w_3d696e97d5f71d65,おくめんもなくまた頼みに来る.,뻔뻔스럽게 또 부탁하러 온다,naver-ja-dict,https://ja.dict.naver.com/#/search?query=%E9%A0%BC%E3%81%BF,owner-confirmed-cleared,cleared,NAVER 일본어사전 · 민중서림 엣센스 한일사전,1787106481435,auto,0,914ef35909464217931cc661c99b234f,881982a8,민중서림 엣센스 한일사전,頼み,auto-selected score=134 meaning_hits=1 target_match=surface; query=頼み
w_3da50ab136ce3fe8,絶望のどん底にいる.,절망의 구렁텅이에 빠져 있다,naver-ja-dict,https://ja.dict.naver.com/#/search?query=%E7%B5%B6%E6%9C%9B,owner-confirmed-cleared,cleared,NAVER 일본어사전 · 민중서림 엣센스 한일사전,1787106585699,auto,0,52e1956905634212a3af0a838983bc5d,881982a8,민중서림 엣센스 한일사전,絶望 절망,auto-selected score=134 meaning_hits=1 target_match=surface; query=絶望 절망
w_3df7a9eea459d79b,歩道橋を越えて行き来する.,육교를 건너다니다,naver-ja-dict,https://ja.dict.naver.com/#/search?query=%E6%AD%A9%E9%81%93%E6%A9%8B,owner-confirmed-cleared,cleared,NAVER 일본어사전 · 민중서림 엣센스 한일사전,1787106564135,auto,0,5954c40963aa4470b4d9aa8f28ba1a1c,881982a8,민중서림 엣센스 한일사전,歩道橋 인도교 육교,auto-selected score=126 meaning_hits=1 target_match=surface; query=歩道橋 인도교 육교
w_3fb9fd1e1e58bd0b,今、スマホ子育てが注目を集めている,요즘 스마트폰 육아가 주목을 모으고 있다,naver-ja-dict,https://ja.dict.naver.com/#/search?query=%E5%AD%90%E8%82%B2%E3%81%A6,owner-confirmed-cleared,cleared,NAVER 일본어사전 · 민중서림 엣센스 일한사전,1787106473451,auto,0,3dee029b12d34a4a87aed6b1e8d3413a,081341B9,민중서림 엣센스 일한사전,子育て 육아,auto-selected score=134 meaning_hits=1 target_match=surface; query=子育て 육아
w_406c6e23203539b1,広告のクリック数を増やす,광고 클릭 수를 늘리다,naver-ja-dict,https://ja.dict.naver.com/#/search?query=%E3%81%B5%E3%82%84%E3%81%99,owner-confirmed-cleared,cleared,NAVER 일본어사전 · 민중서림 엣센스 일한사전,1787106549275,auto,0,888ec72e0f60411385dcb2931e502a27,081341B9,민중서림 엣센스 일한사전,ふやす,auto-selected score=163 meaning_hits=1 target_match=surface; query=ふやす
w_408145006405c646,貧者を悲しむ,가난한 사람을 마음 아파하다,naver-ja-dict,https://ja.dict.naver.com/#/search?query=%E6%82%B2%E3%81%97%E3%82%80,owner-confirmed-cleared,cleared,NAVER 일본어사전 · 민중서림 엣센스 일한사전,1787106511065,auto,0,d15cbe02e191420a8a1e270f18f8e237,081341B9,민중서림 엣센스 일한사전,悲しむ,auto-selected score=133 meaning_hits=2 target_match=surface; query=悲しむ
w_40b6cfaec8790170,どろぼうは警察官を見るや仰天して逃げ出した.,도둑은 경찰관을 보자 기겁을 하여 도망쳤다,naver-ja-dict,https://ja.dict.naver.com/#/search?query=%E8%AD%A6%E5%AF%9F%E5%AE%98,owner-confirmed-cleared,cleared,NAVER 일본어사전 · 민중서림 엣센스 한일사전,1787106472751,auto,0,881e64e6b236419ca8e8b1139d4b9c6a,881982a8,민중서림 엣센스 한일사전,警察官 경찰관,auto-selected score=126 meaning_hits=1 target_match=surface; query=警察官 경찰관
w_40d502792bf0f664,当初の心配をよそに、まずまずのスタートを切った,당초의 걱정과 달리 (그런대로) 괜찮은[순조로운] 출발을 보였다,naver-ja-dict,https://ja.dict.naver.com/#/search?query=%E5%BD%93%E5%88%9D,owner-confirmed-cleared,cleared,NAVER 일본어사전 · 민중서림 엣센스 일한사전,1787106585411,auto,0,aea666a96e4c463e9f3d29dd6ef6b899,081341B9,민중서림 엣센스 일한사전,当初 당초 최초,auto-selected score=134 meaning_hits=1 target_match=surface; query=当初 당초 최초
w_40f815ae6b0111b0,お見合いは初めてだという彼はすっかり固くなりまともに話もできなかった.,맞선이 처음이라는 그는 바싹 얼어서 제대로 말도 못했다,naver-ja-dict,https://ja.dict.naver.com/#/search?query=%E3%81%8A%E8%A6%8B%E5%90%88%E3%81%84,owner-confirmed-cleared,cleared,NAVER 일본어사전 · 민중서림 엣센스 한일사전,1787106664697,auto,0,8c85c480f7aa4efb97e8aefb3aab984b,881982a8,민중서림 엣센스 한일사전,お見合い 맞선,auto-selected score=156 meaning_hits=1 target_match=surface; query=お見合い 맞선
w_42a879ca7151f125,見て見ぬ振りをする,보고도 못 본 체하다,naver-ja-dict,https://ja.dict.naver.com/#/search?query=%E6%8C%AF%E3%82%8A,owner-confirmed-cleared,cleared,NAVER 일본어사전 · 민중서림 엣센스 일한사전,1787106587409,auto,0,d0d1ca02a1e245bfb8553730d6873ead,081341B9,민중서림 엣센스 일한사전,振り,auto-selected score=117 meaning_hits=0 target_match=surface; query=振り
w_42ee4b6410cff0d3,具材を別別に炒める,속 재료를 따로따로 볶다,naver-ja-dict,https://ja.dict.naver.com/#/search?query=%E7%82%92%E3%82%81%E3%82%8B,owner-confirmed-cleared,cleared,NAVER 일본어사전 · 민중서림 엣센스 일한사전,1787106519442,auto,0,c1b5727225dd4d0f8d14e33318559128,081341B9,민중서림 엣센스 일한사전,炒める,auto-selected score=129 meaning_hits=1 target_match=surface; query=炒める
w_4358f6ba08fb7068,厳かな雰囲気の中で行われる,엄숙한 분위기 속에서 거행되다,naver-ja-dict,https://ja.dict.naver.com/#/search?query=%E9%9B%B0%E5%9B%B2%E6%B0%97,owner-confirmed-cleared,cleared,NAVER 일본어사전 · 민중서림 엣센스 일한사전,1787106420226,auto,0,f314f9bd891a475ab670e49b9f2806ea,081341B9,민중서림 엣센스 일한사전,雰囲気 분위기,auto-selected score=143 meaning_hits=1 target_match=surface; query=雰囲気 분위기
w_4375a22652fee48c,学生の間に野球が盛んだ.,학생들 간에 야구가 성행한다,naver-ja-dict,https://ja.dict.naver.com/#/search?query=%E9%87%8E%E7%90%83,owner-confirmed-cleared,cleared,NAVER 일본어사전 · 민중서림 엣센스 한일사전,1787106418115,auto,0,37ee913639434ee2be6f6243547ae20e,881982a8,민중서림 엣센스 한일사전,野球 야구,auto-selected score=134 meaning_hits=1 target_match=surface; query=野球 야구
w_43d5fb0823532797,戦争のため田舎に避難する.,전쟁 때문에 시골로 피난하다,naver-ja-dict,https://ja.dict.naver.com/#/search?query=%E9%81%BF%E9%9B%A3,owner-confirmed-cleared,cleared,NAVER 일본어사전 · 민중서림 엣센스 한일사전,1787106583161,auto,0,6cf142d21a3a4b05b82bd0ec054bc6c8,881982a8,민중서림 엣센스 한일사전,避難 피난,auto-selected score=134 meaning_hits=1 target_match=surface; query=避難 피난
w_44fb13841425f309,農民から地代を収奪する.,농민으로부터 지대를 수탈하다,naver-ja-dict,https://ja.dict.naver.com/#/search?query=%E8%BE%B2%E6%B0%91,owner-confirmed-cleared,cleared,NAVER 일본어사전 · 민중서림 엣센스 한일사전,1787106493949,auto,0,2ef2c53ca49b4dd48d5314f40659e42f,881982a8,민중서림 엣센스 한일사전,農民 농민,auto-selected score=134 meaning_hits=1 target_match=surface; query=農民 농민
w_452f995f1a0a566e,責任者である彼の免責は不可能だ.,책임자인 그의 면책은 불가능하다,naver-ja-dict,https://ja.dict.naver.com/#/search?query=%E4%B8%8D%E5%8F%AF%E8%83%BD,owner-confirmed-cleared,cleared,NAVER 일본어사전 · 민중서림 엣센스 한일사전,1787106440659,auto,0,e718862cab404c78918ae4ea5b1f7032,881982a8,민중서림 엣센스 한일사전,不可能 불가능,auto-selected score=126 meaning_hits=1 target_match=surface; query=不可能 불가능
w_45e4b652a83edbaa,電気料金を3ヶ月間未払いしたら今日家に電気が止まった。,전기 요금을 석 달 동안 체불했더니 오늘 집에 전기가 끊겼다.,naver-ja-dict,https://ja.dict.naver.com/#/search?query=%E9%9B%BB%E6%B0%97%E6%96%99%E9%87%91,owner-confirmed-cleared,cleared,NAVER 일본어사전 · 국립국어원 한국어-일본어 학습사전,1787106567979,auto,0,4dcad24f5a864e2ba10de3f0132b001f,8819cr4o,국립국어원 한국어-일본어 학습사전,電気料金 전기 요금,auto-selected score=86 meaning_hits=2 target_match=surface; query=電気料金 전기 요금
w_460afbba17b5ad92,鼻アレルギーの主な症状はくしゃみ、鼻水、鼻づまりである,"알레르기 비염의 주된 증상은 재채기, 콧물, 코 막힘이다",naver-ja-dict,https://ja.dict.naver.com/#/search?query=%E9%BC%BB%E6%B0%B4,owner-confirmed-cleared,cleared,NAVER 일본어사전 · 민중서림 엣센스 일한사전,1787106503419,auto,0,0b4e4286e260475f866f4943948df0bc,081341B9,민중서림 엣센스 일한사전,鼻水 콧물,auto-selected score=134 meaning_hits=1 target_match=surface; query=鼻水 콧물
w_465fe84232149662,かしこまりました。税込で90ドルです。お支払いは現金ですか? それともカードですか?,"알겠습니다. 세금 포함해서 90달러입니다. 현금으로 지불하시겠습니까, 신용 카드로 지불하시겠습니까?",naver-ja-dict,https://ja.dict.naver.com/#/search?query=%E7%A8%8E%E8%BE%BC%E3%81%BF,owner-confirmed-cleared,cleared,NAVER 일본어사전 · 사전연구사,1787106515148,auto,0,d5b42b419e8e4b0eb341aa44c93e7cee,881985c7,사전연구사,税込み 세금을 포함한 액수,auto-selected score=104 meaning_hits=0 target_match=reading; query=税込み 세금을 포함한 액수
w_46c5807f452ae20a,外野手がゴロをトンネルする,외야수가 땅볼을 놓치다.,naver-ja-dict,https://ja.dict.naver.com/#/search?query=%E3%83%88%E3%83%B3%E3%83%8D%E3%83%AB,owner-confirmed-cleared,cleared,NAVER 일본어사전 · 민중서림 엣센스 일한사전,1787106470394,auto,0,fd9701682bf843c98509f58757a49509,081341B9,민중서림 엣센스 일한사전,トンネル,auto-selected score=133 meaning_hits=2 target_match=surface; query=トンネル
w_46f246234a2bfe34,サービスエリア,서비스 에어리어; (방송국의) 가청(可聽)[가시] 지역.,naver-ja-dict,https://ja.dict.naver.com/#/search?query=%E3%82%A8%E3%83%AA%E3%82%A2,owner-confirmed-cleared,cleared,NAVER 일본어사전 · 민중서림 엣센스 일한사전,1787106581874,auto,0,695f6559bf7d4ae387a4c10718d33deb,081341B9,민중서림 엣센스 일한사전,エリア 에어리어 지대 지역,auto-selected score=111 meaning_hits=2 target_match=surface; query=エリア 에어리어 지대 지역
w_480bd88d6ef8a1da,詳細な事はまだ報告がない,상세한 것은 아직 보고가 없다,naver-ja-dict,https://ja.dict.naver.com/#/search?query=%E5%A0%B1%E5%91%8A,owner-confirmed-cleared,cleared,NAVER 일본어사전 · 민중서림 엣센스 일한사전,1787106416169,auto,0,74ad1135d3494740b2e1a63e1a16e4d4,081341B9,민중서림 엣센스 일한사전,報告 보고 복명,auto-selected score=129 meaning_hits=1 target_match=surface; query=報告 보고 복명
w_4959210f247babec,この鉄道は国境まで延びている.,이 철도는 국경까지 뻗어 있다,naver-ja-dict,https://ja.dict.naver.com/#/search?query=%E9%89%84%E9%81%93,owner-confirmed-cleared,cleared,NAVER 일본어사전 · 민중서림 엣센스 한일사전,1787106443563,auto,0,ce00b480de6a4668965df65313eed46b,881982a8,민중서림 엣센스 한일사전,鉄道 철도,auto-selected score=134 meaning_hits=1 target_match=surface; query=鉄道 철도
w_4a7bb7faa8a4b6b4,彼は交通事故で横死を遂げた.,그는 교통사고로 비명에 갔다,naver-ja-dict,https://ja.dict.naver.com/#/search?query=%E4%BA%A4%E9%80%9A%E4%BA%8B%E6%95%85,owner-confirmed-cleared,cleared,NAVER 일본어사전 · 민중서림 엣센스 한일사전,1787106438627,auto,0,d80b9b9d6f2746feaea12e6f9f01a9d1,881982a8,민중서림 엣센스 한일사전,交通事故 교통사고,auto-selected score=94 meaning_hits=1 target_match=surface; query=交通事故 교통사고
w_4abddafb7881f1bb,問題を一気に解決する,문제를 일거에 해결하다,naver-ja-dict,https://ja.dict.naver.com/#/search?query=%E3%81%84%E3%81%A3%E3%81%8D%E3%81%AB,owner-confirmed-cleared,cleared,NAVER 일본어사전 · 민중서림 엣센스 일한사전,1787106536485,auto,0,4591666f7844426f9793fcbc8ba16242,081341B9,민중서림 엣센스 일한사전,いっきに 단숨에 일거에,auto-selected score=171 meaning_hits=1 target_match=surface; query=いっきに 단숨에 일거에
w_4af0c2f10c04a32a,格安の出物,(품질에 비해) 값이 싼 매물.,naver-ja-dict,https://ja.dict.naver.com/#/search?query=%E6%A0%BC%E5%AE%89,owner-confirmed-cleared,cleared,NAVER 일본어사전 · 민중서림 엣센스 일한사전,1787106478853,auto,0,edb2617ea7aa48ad95b0038e6c18a72e,081341B9,민중서림 엣센스 일한사전,格安 품질에 비해서 값이 쌈,auto-selected score=96 meaning_hits=2 target_match=surface; query=格安 품질에 비해서 값이 쌈
w_4af9f6c0aa9f9f51,お祭り気分に浮かれている.,축제 기분으로 들떠 있다,naver-ja-dict,https://ja.dict.naver.com/#/search?query=%E7%A5%AD%E3%82%8A,owner-confirmed-cleared,cleared,NAVER 일본어사전 · 민중서림 엣센스 한일사전,1787106426109,auto,0,88fffb233cb24f42ab6dd6deafbb4cdb,881982a8,민중서림 엣센스 한일사전,祭り,auto-selected score=176 meaning_hits=1 target_match=surface; query=祭り
w_4be92fd74f04cd19,私は左折信号が変わる前に、急いでハンドルを左側に切った。,나는 좌회전 신호가 바뀌기 전에 급히 핸들을 왼쪽으로 꺾었다.,naver-ja-dict,https://ja.dict.naver.com/#/search?query=%E5%B7%A6%E6%8A%98,owner-confirmed-cleared,cleared,NAVER 일본어사전 · 국립국어원 한국어-일본어 학습사전,1787106510353,auto,0,0614d5a264b64b6cb3970c21dae02c5b,8819cr4o,국립국어원 한국어-일본어 학습사전,左折 좌회전 진로를 왼쪽으로 꺾음,auto-selected score=86 meaning_hits=2 target_match=surface; query=左折 좌회전 진로를 왼쪽으로 꺾음
w_4c60e236bd6d1610,トップを走る,선두를 달리다,naver-ja-dict,https://ja.dict.naver.com/#/search?query=%E3%83%88%E3%83%83%E3%83%97,owner-confirmed-cleared,cleared,NAVER 일본어사전 · 민중서림 엣센스 일한사전,1787106417139,auto,0,aa0e2ba554124341b8835e58ebed5217,081341B9,민중서림 엣센스 일한사전,トップ,auto-selected score=129 meaning_hits=1 target_match=surface; query=トップ
w_4c840db2e6b15ebd,表現の自由が保障されている,표현의 자유가 보장되어 있다,naver-ja-dict,https://ja.dict.naver.com/#/search?query=%E4%BF%9D%E9%9A%9C,owner-confirmed-cleared,cleared,NAVER 일본어사전 · 민중서림 엣센스 일한사전,1787106583457,auto,0,7fe675461c6745788a23db0f5a1cb457,081341B9,민중서림 엣센스 일한사전,保障 보장,auto-selected score=129 meaning_hits=1 target_match=surface; query=保障 보장
w_4e51e8951d15d3dc,一般に「蒲焼」といえば「ウナギの蒲焼」を指すことが多いです。,일반적으로 카바야키라고 하면 장어의 카바야키를 가리키는 경우가 많다.,naver-ja-dict,https://ja.dict.naver.com/#/search?query=%E3%81%84%E3%81%A3%E3%81%B1%E3%82%93%E3%81%AB,owner-confirmed-cleared,cleared,NAVER 일본어사전 · 연세대학교 한국어학당 국가별 대표음식,1787106561443,auto,0,0b6bdc0425514d0bad76657d07afd4e8,8017959b,연세대학교 한국어학당 국가별 대표음식,いっぱんに 대체로 일반적으로,auto-selected score=176 meaning_hits=1 target_match=surface; query=いっぱんに 대체로 일반적으로
w_4e8d13242ef23139,次男を別家に住ませる.,차남을 별가에서 살게 하다,naver-ja-dict,https://ja.dict.naver.com/#/search?query=%E6%AC%A1%E7%94%B7,owner-confirmed-cleared,cleared,NAVER 일본어사전 · 민중서림 엣센스 한일사전,1787106489043,auto,0,5cec56f90f974249ae140af19cab07a2,881982a8,민중서림 엣센스 한일사전,次男,auto-selected score=134 meaning_hits=1 target_match=surface; query=次男
w_4f5c7ee58ff9b12e,飛行機のスケジュールを立て直してください。,비행기 스케줄을 새로 잡아 주세요. (공항/비행기>비행기 환승/연착>비행기를 놓쳤을 때),naver-ja-dict,https://ja.dict.naver.com/#/search?query=%E9%A3%9B%E8%A1%8C,owner-confirmed-cleared,cleared,NAVER 일본어사전 · 글로벌회화,1787106447648,auto,0,71eb7a9cf4044eafb2da8d942f177c7d,0011CF26,글로벌회화,飛行 비행,auto-selected score=124 meaning_hits=1 target_match=surface; query=飛行 비행
w_4f5ce9923ef3c61a,週末のデパートの中はたいへん込み合っている.,주말의 백화점 안은 매우 복잡하다,naver-ja-dict,https://ja.dict.naver.com/#/search?query=%E9%80%B1%E6%9C%AB,owner-confirmed-cleared,cleared,NAVER 일본어사전 · 민중서림 엣센스 한일사전,1787106445694,auto,0,7f865c26b1f74747ab7392a6dd3bd722,881982a8,민중서림 엣센스 한일사전,週末 주말,auto-selected score=134 meaning_hits=1 target_match=surface; query=週末 주말
w_50e4cda93620aedd,焼酎で酔っ払う。,소주로 만취하다.,naver-ja-dict,https://ja.dict.naver.com/#/search?query=%E9%85%94%E3%81%A3%E6%89%95%E3%81%86,owner-confirmed-cleared,cleared,NAVER 일본어사전 · 국립국어원 한국어-일본어 학습사전,1787106525425,auto,0,a185e90be6d54ecabe84d225f3f272f9,8819cr4o,국립국어원 한국어-일본어 학습사전,酔っ払う,auto-selected score=106 meaning_hits=1 target_match=surface; query=酔っ払う
w_513a7788fa9f15fd,キャズム理論の前提となるのがイノベーター理論である,캐즘 이론의 전제가 되는 것이 이노베이터 이론이다,naver-ja-dict,https://ja.dict.naver.com/#/search?query=%E7%90%86%E8%AB%96,owner-confirmed-cleared,cleared,NAVER 일본어사전 · 민중서림 엣센스 일한사전,1787106582583,auto,0,1dde38c18dc14d8e905190f54bfaaa6d,081341B9,민중서림 엣센스 일한사전,理論 이론,auto-selected score=129 meaning_hits=1 target_match=surface; query=理論 이론
w_521ece313e4b1f4c,哀切なストーリーに胸をうたれた.,애절한 스토리에 가슴이 뭉클했다,naver-ja-dict,https://ja.dict.naver.com/#/search?query=%E3%82%B9%E3%83%88%E3%83%BC%E3%83%AA%E3%83%BC,owner-confirmed-cleared,cleared,NAVER 일본어사전 · 민중서림 엣센스 한일사전,1787106421923,auto,0,c077cc163644457992ecc5cff4119047,881982a8,민중서림 엣센스 한일사전,ストーリー,auto-selected score=134 meaning_hits=1 target_match=surface; query=ストーリー
w_52ccfc6e9f30e042,この会社のインスタントラーメンは、麺を即席でこしらえたようにコシのある麺が特徴だ。,이 회사의 인스턴트 라면은 면을 즉석에서 빚은 것처럼 탱탱한 면발이 특징이다.,naver-ja-dict,https://ja.dict.naver.com/#/search?query=%E3%82%A4%E3%83%B3%E3%82%B9%E3%82%BF%E3%83%B3%E3%83%88,owner-confirmed-cleared,cleared,NAVER 일본어사전 · 국립국어원 한국어-일본어 학습사전,1787106498072,auto,0,804b230f52dd4ca3bc02ccbccca5802d,8819cr4o,국립국어원 한국어-일본어 학습사전,インスタント 인스턴트 즉석,auto-selected score=146 meaning_hits=2 target_match=surface; query=インスタント 인스턴트 즉석
w_530bffa167a3ccc9,ボクシングのパートナー.,권투의 연습 상대,naver-ja-dict,https://ja.dict.naver.com/#/search?query=%E3%83%91%E3%83%BC%E3%83%88%E3%83%8A%E3%83%BC,owner-confirmed-cleared,cleared,NAVER 일본어사전 · 민중서림 엣센스 한일사전,1787106587696,auto,0,3779dffd01604a61a145c99683248fd3,881982a8,민중서림 엣센스 한일사전,パートナー 파트너 상대 연습 상대,auto-selected score=116 meaning_hits=2 target_match=surface; query=パートナー 파트너 상대 연습 상대
w_579a63aeda1caca3,背丈が足りなくて不合格になった.,키가 모자라서 불합격되었다,naver-ja-dict,https://ja.dict.naver.com/#/search?query=%E4%B8%8D%E5%90%88%E6%A0%BC,owner-confirmed-cleared,cleared,NAVER 일본어사전 · 민중서림 엣센스 한일사전,1787106452710,auto,0,15b25809d3ea4a17941386a90be5c43e,881982a8,민중서림 엣센스 한일사전,不合格 불합격,auto-selected score=126 meaning_hits=1 target_match=surface; query=不合格 불합격
w_584f02a79e9ceeab,この作家の小説には暗くて陰気な性格のキャラクターがいつも登場する。,이 작가의 소설 속에는 어둡고 음침한 성격의 캐릭터가 항상 등장한다.,naver-ja-dict,https://ja.dict.naver.com/#/search?query=%E3%82%AD%E3%83%A3%E3%83%A9%E3%82%AF%E3%82%BF%E3%83%BC,owner-confirmed-cleared,cleared,NAVER 일본어사전 · 국립국어원 한국어-일본어 학습사전,1787106577787,auto,0,cee2b5b0b6434a4c9d0be7bb13a43bef,8819cr4o,국립국어원 한국어-일본어 학습사전,キャラクター 캐릭터 성격 특성 특질,auto-selected score=146 meaning_hits=2 target_match=surface; query=キャラクター 캐릭터 성격 특성 특질
w_59beaabf23b455e5,別に変わったところはない,특별히[별로] 달라진 점은 없다,naver-ja-dict,https://ja.dict.naver.com/#/search?query=%E5%88%A5%E3%81%AB,owner-confirmed-cleared,cleared,NAVER 일본어사전 · 민중서림 엣센스 일한사전,1787106421456,auto,0,e4be4558074347cfa78543d0ba9dfdf8,081341B9,민중서림 엣센스 일한사전,別に 별로 특별히 따로,auto-selected score=141 meaning_hits=2 target_match=surface; query=別に 별로 특별히 따로
w_59dbb186d860adc9,家を空ける,집을 비우다; 출타하다,naver-ja-dict,https://ja.dict.naver.com/#/search?query=%E7%A9%BA%E3%81%91%E3%82%8B,owner-confirmed-cleared,cleared,NAVER 일본어사전 · 민중서림 엣센스 일한사전,1787106518436,auto,0,cbf3cb4b761842ca9546dea07c41d5fb,081341B9,민중서림 엣센스 일한사전,空ける,auto-selected score=141 meaning_hits=2 target_match=surface; query=空ける
w_5a0c146e1f62fe06,彼此と結合せて,이것저것 하나로 묶어서.,naver-ja-dict,https://ja.dict.naver.com/#/search?query=%E5%BD%BC%E6%AD%A4,owner-confirmed-cleared,cleared,NAVER 일본어사전 · 민중서림 엣센스 일한사전,1787106551121,auto,0,1048cd876fb74570ae43830c516ba3ba,081341B9,민중서림 엣센스 일한사전,彼此 이것저것 여러 가지로,auto-selected score=121 meaning_hits=1 target_match=surface; query=彼此 이것저것 여러 가지로
w_5aa4086555c6ed05,オールジャパン体制を構築する,전 일본 체제를 구축하다,naver-ja-dict,https://ja.dict.naver.com/#/search?query=%E6%A7%8B%E7%AF%89,owner-confirmed-cleared,cleared,NAVER 일본어사전 · 민중서림 엣센스 일한사전,1787106589982,auto,0,2f362df5cd6942058282baa2aac22678,081341B9,민중서림 엣센스 일한사전,構築 구축 축조,auto-selected score=129 meaning_hits=1 target_match=surface; query=構築 구축 축조
w_5ae0744fedd4669f,警察署に押送される.,경찰서에 압송되다,naver-ja-dict,https://ja.dict.naver.com/#/search?query=%E8%AD%A6%E5%AF%9F%E7%BD%B2,owner-confirmed-cleared,cleared,NAVER 일본어사전 · 민중서림 엣센스 한일사전,1787106454423,auto,0,1b0f42307925428394ced69b8021129a,881982a8,민중서림 엣센스 한일사전,警察署 경찰서,auto-selected score=126 meaning_hits=1 target_match=surface; query=警察署 경찰서
w_5b38f7cc76271b6d,ジスはダイエットすると言っていたのに、ご飯も半分だけ食べて食後にデザートも食べなかった。,지수는 살을 뺀다고 하더니 밥도 반 공기만 먹고 식후에 디저트도 먹지 않았다.,naver-ja-dict,https://ja.dict.naver.com/#/search?query=%E3%83%87%E3%82%B6%E3%83%BC%E3%83%88,owner-confirmed-cleared,cleared,NAVER 일본어사전 · 국립국어원 한국어-일본어 학습사전,1787106482579,auto,0,ca0837469cf9447d8fe557fa10a42f70,8819cr4o,국립국어원 한국어-일본어 학습사전,デザート 디저트 식후의 다과,auto-selected score=134 meaning_hits=1 target_match=surface; query=デザート 디저트 식후의 다과
w_5b78b82bbe49e4d3,日本の横浜にはカップヌードルの博物館があるそうなの一度行ってみたいと思っています。,일본 요코하마에는 컵누들 박물관이 있는데 한번 가 보고 싶습니다.,naver-ja-dict,https://ja.dict.naver.com/#/search?query=%E5%8D%9A%E7%89%A9%E9%A4%A8,owner-confirmed-cleared,cleared,NAVER 일본어사전 · 연세대학교 한국어학당 국가별 대표음식,1787106467564,auto,0,df0c4cbdb7dd407fae9516a3fbe36906,8017959b,연세대학교 한국어학당 국가별 대표음식,博物館 박물관,auto-selected score=126 meaning_hits=1 target_match=surface; query=博物館 박물관
w_5d4e75e12267ce98,物理学の泰斗と称される,물리학의 태두로 불리다,naver-ja-dict,https://ja.dict.naver.com/#/search?query=%E7%89%A9%E7%90%86,owner-confirmed-cleared,cleared,NAVER 일본어사전 · 민중서림 엣센스 한일사전,1787106447053,auto,0,d4c9a9a4f4b048b981e124e6957e7cb0,881982a8,민중서림 엣센스 한일사전,物理 물리,auto-selected score=121 meaning_hits=1 target_match=surface; query=物理 물리
w_5ddd4dccbda61ecd,…パンタロンで闊歩する彼女たちは，あの頃の私やクラスメートとほとんど同じ格好をしている,…판탈롱으로 활보하는 그녀들은 그 무렵의 나나 동급생과 거의 같은 모양을 하고 있다.,naver-ja-dict,https://ja.dict.naver.com/#/search?query=%E3%82%AF%E3%83%A9%E3%82%B9%E3%83%A1%E3%83%BC%E3%83%88,owner-confirmed-cleared,cleared,NAVER 일본어사전 · 민중서림 엣센스 외래어사전,1787106517777,auto,0,ac49fe4b40ef4576862765aa004934dc,8800047F,민중서림 엣센스 외래어사전,クラスメート,auto-selected score=134 meaning_hits=1 target_match=surface; query=クラスメート
w_5eba7c1114cfa1cd,凡そ人として親を思わぬものはない,무릇 사람으로서 부모를 생각하지 않는 사람은 없다,naver-ja-dict,https://ja.dict.naver.com/#/search?query=%E5%87%A1%E3%81%9D,owner-confirmed-cleared,cleared,NAVER 일본어사전 · 민중서림 엣센스 일한사전,1787106536865,auto,0,5942202eef4a42bcadcb6109955a0801,081341B9,민중서림 엣센스 일한사전,凡そ,auto-selected score=129 meaning_hits=1 target_match=surface; query=凡そ
w_5efd9e3cbc6cf086,コップの水が零れる,컵의 물이 흘러넘치다,naver-ja-dict,https://ja.dict.naver.com/#/search?query=%E9%9B%B6%E3%82%8C%E3%82%8B,owner-confirmed-cleared,cleared,NAVER 일본어사전 · 민중서림 엣센스 일한사전,1787106550427,auto,0,2e7e712a7aed4b838aba22f3c6c4a110,081341B9,민중서림 엣센스 일한사전,零れる,auto-selected score=129 meaning_hits=1 target_match=surface; query=零れる
w_5f790e7fb78d3d53,ワンタッチで全自動の洗濯機.,원터치 전자동 세탁기,naver-ja-dict,https://ja.dict.naver.com/#/search?query=%E6%B4%97%E6%BF%AF%E6%A9%9F,owner-confirmed-cleared,cleared,NAVER 일본어사전 · 민중서림 엣센스 한일사전,1787106452121,auto,0,9c24f9b0b19e47fa99a0a41add91b4a6,881982a8,민중서림 엣센스 한일사전,洗濯機 세탁기,auto-selected score=118 meaning_hits=1 target_match=surface; query=洗濯機 세탁기
w_5f92b55cf7a443a5,子を亡くす,아이를 잃다[여의다],naver-ja-dict,https://ja.dict.naver.com/#/search?query=%E4%BA%A1%E3%81%8F%E3%81%99,owner-confirmed-cleared,cleared,NAVER 일본어사전 · 민중서림 엣센스 일한사전,1787106526599,auto,0,6ff94094b1a842c38a38e613b13cc167,081341B9,민중서림 엣센스 일한사전,亡くす,auto-selected score=133 meaning_hits=2 target_match=surface; query=亡くす
w_5fde8f29d55abaf9,羊の群れがのんびりと草を食んでいる,양 떼가 한가로이 풀을 뜯고 있다,naver-ja-dict,https://ja.dict.naver.com/#/search?query=%E3%81%AE%E3%82%93%E3%81%B3%E3%82%8A,owner-confirmed-cleared,cleared,NAVER 일본어사전 · 민중서림 엣센스 일한사전,1787106474450,auto,0,d5f8003192464b1fa893d5a3d34b0737,081341B9,민중서림 엣센스 일한사전,のんびり,auto-selected score=129 meaning_hits=1 target_match=surface; query=のんびり
w_6003a54b8f26e37d,百年の恋も一時に冷める,백 년을 맹세했던 사랑도 일시에 식다,naver-ja-dict,https://ja.dict.naver.com/#/search?query=%E5%86%B7%E3%82%81%E3%82%8B,owner-confirmed-cleared,cleared,NAVER 일본어사전 · 민중서림 엣센스 일한사전,1787106514873,auto,0,0a0fc880fd1d45baa791e9c2ec17a0df,081341B9,민중서림 엣센스 일한사전,冷める 식다,auto-selected score=129 meaning_hits=1 target_match=surface; query=冷める 식다
w_60779b60f849e3bc,最悪の事態を回避する,최악의 사태를 회피하다,naver-ja-dict,https://ja.dict.naver.com/#/search?query=%E5%9B%9E%E9%81%BF,owner-confirmed-cleared,cleared,NAVER 일본어사전 · 민중서림 엣센스 일한사전,1787106586601,auto,0,fcb2c4ba8a17471e90d459d635f39c2b,081341B9,민중서림 엣센스 일한사전,回避 회피,auto-selected score=129 meaning_hits=1 target_match=surface; query=回避 회피
w_60b00113405bfd55,食費をきりつめる.,식비를 줄이다,naver-ja-dict,https://ja.dict.naver.com/#/search?query=%E9%A3%9F%E8%B2%BB,owner-confirmed-cleared,cleared,NAVER 일본어사전 · 민중서림 엣센스 한일사전,1787106509619,auto,0,b20d1346b94a409b8f1d7a307b28c455,881982a8,민중서림 엣센스 한일사전,食費 식비,auto-selected score=134 meaning_hits=1 target_match=surface; query=食費 식비
w_6268d1779fcf3862,リスクを取って果敢に挑戦する,위험을 무릅쓰고 과감히 도전하다,naver-ja-dict,https://ja.dict.naver.com/#/search?query=%E6%8C%91%E6%88%A6,owner-confirmed-cleared,cleared,NAVER 일본어사전 · 민중서림 엣센스 일한사전,1787106576412,auto,0,4bf28654dac14702b4873261bd0b43f4,081341B9,민중서림 엣센스 일한사전,挑戦 도전,auto-selected score=129 meaning_hits=1 target_match=surface; query=挑戦 도전
w_65811af5fa2ae4e9,街は年末で雑踏していた.,거리는 연말이라 붐비고 있었다,naver-ja-dict,https://ja.dict.naver.com/#/search?query=%E5%B9%B4%E6%9C%AB,owner-confirmed-cleared,cleared,NAVER 일본어사전 · 민중서림 엣센스 한일사전,1787106475135,auto,0,667c1138abc54b1b80d697c8e8bdac03,881982a8,민중서림 엣센스 한일사전,年末 연말 세말,auto-selected score=134 meaning_hits=1 target_match=surface; query=年末 연말 세말
w_659f1fe5da48cb3e,半年ぶりに床離れする,반년 만에 병상을 떠나다,naver-ja-dict,https://ja.dict.naver.com/#/search?query=%E5%8D%8A%E5%B9%B4,owner-confirmed-cleared,cleared,NAVER 일본어사전 · 교학사 일한사전,1787106449700,auto,0,7472e749b83d4f8eb1bad2865d93ced8,080004F6,교학사 일한사전,半年 반년,auto-selected score=127 meaning_hits=1 target_match=surface; query=半年 반년
w_674d39fd94cde326,出版界にとって昨年は受難の1年であった.,"출판계에 있어서, 작년은 수난의 한 해였다",naver-ja-dict,https://ja.dict.naver.com/#/search?query=%E6%98%A8%E5%B9%B4,owner-confirmed-cleared,cleared,NAVER 일본어사전 · 민중서림 엣센스 한일사전,1787106453733,auto,0,87e3f8a0d39340b8b9da8d32c82eea3e,881982a8,민중서림 엣센스 한일사전,昨年 작년 지난 해,auto-selected score=126 meaning_hits=1 target_match=surface; query=昨年 작년 지난 해
w_699769f779e42b20,コルクコンタクトで打ちやすいストロークはヘアピン、レシーブのネットリターン、ハーフショットである。,"코르크 콘택트로 치기 쉬운 스트로크는 헤어핀, 리시브의 네트 리턴, 하프 샷이다.",naver-ja-dict,https://ja.dict.naver.com/#/search?query=%E3%83%8D%E3%83%83%E3%83%88,owner-confirmed-cleared,cleared,NAVER 일본어사전 · 플리토,1787106413520,auto,0,56cf329f2c1b490da546fce04178be30,88222sj2,플리토,ネット 네트 그물 헤어네트,auto-selected score=132 meaning_hits=1 target_match=surface; query=ネット 네트 그물 헤어네트
w_69eda9773a03779e,空地に雑草が繁茂する,빈터에 잡초가 우거지다.,naver-ja-dict,https://ja.dict.naver.com/#/search?query=%E7%A9%BA%E5%9C%B0,owner-confirmed-cleared,cleared,NAVER 일본어사전 · 민중서림 엣센스 일한사전,1787106526175,auto,0,933913f043f942be9d4eb20b1aacb2ab,081341B9,민중서림 엣센스 일한사전,空地,auto-selected score=129 meaning_hits=1 target_match=surface; query=空地
w_6b83769aa2331e1c,大人の運賃の10パーセントです。,성인 요금의 십 퍼센트를 내야 합니다. (공항/비행기>항공권 예약>요금 문의),naver-ja-dict,https://ja.dict.naver.com/#/search?query=%E3%83%91%E3%83%BC%E3%82%BB%E3%83%B3%E3%83%88,owner-confirmed-cleared,cleared,NAVER 일본어사전 · 글로벌회화,1787106479920,auto,0,38c8205133ab40a781d38432aea3a9bd,0011CF26,글로벌회화,パーセント 퍼센트 백분율,auto-selected score=132 meaning_hits=1 target_match=surface; query=パーセント 퍼센트 백분율
w_6db7537a51983d45,学問と常識は別物だ.,학문과 상식은 별개의 것이다,naver-ja-dict,https://ja.dict.naver.com/#/search?query=%E5%AD%A6%E5%95%8F,owner-confirmed-cleared,cleared,NAVER 일본어사전 · 민중서림 엣센스 한일사전,1787106482862,auto,0,ee3f298a052f4ef1be38ee1267e455e9,881982a8,민중서림 엣센스 한일사전,学問 학문,auto-selected score=134 meaning_hits=1 target_match=surface; query=学問 학문
w_6ffcf985b9b42e22,月給のほかにプラスアルファがある.,봉급 외에 플러스알파가 있다,naver-ja-dict,https://ja.dict.naver.com/#/search?query=%E3%83%97%E3%83%A9%E3%82%B9,owner-confirmed-cleared,cleared,NAVER 일본어사전 · 민중서림 엣센스 한일사전,1787106443264,auto,0,74e59360fa5f4f6a9607a33af1877d8d,881982a8,민중서림 엣센스 한일사전,プラス,auto-selected score=134 meaning_hits=1 target_match=surface; query=プラス
w_7089a2ca742d7dff,商人の生命は信用にある.,상인의 생명은 신용에 있다,naver-ja-dict,https://ja.dict.naver.com/#/search?query=%E5%95%86%E4%BA%BA,owner-confirmed-cleared,cleared,NAVER 일본어사전 · 민중서림 엣센스 한일사전,1787106483491,auto,0,e40c3adfb73041d9a63e859cb3b85aba,881982a8,민중서림 엣센스 한일사전,商人 상인 장사꾼,auto-selected score=134 meaning_hits=1 target_match=surface; query=商人 상인 장사꾼
w_71b4fe597f4ac2ed,計画が再転してもとに返る,계획이 바뀌어 원점으로 돌아가다,naver-ja-dict,https://ja.dict.naver.com/#/search?query=%E8%BF%94%E3%82%8B,owner-confirmed-cleared,cleared,NAVER 일본어사전 · 민중서림 엣센스 한일사전,1787106523507,auto,0,2be167eaf698477f93afda9dc8c6c280,881982a8,민중서림 엣센스 한일사전,返る,auto-selected score=129 meaning_hits=1 target_match=surface; query=返る
w_731936f7b4f79ba3,機械のベルトが外れる,기계의 벨트가 벗겨지다,naver-ja-dict,https://ja.dict.naver.com/#/search?query=%E3%83%99%E3%83%AB%E3%83%88,owner-confirmed-cleared,cleared,NAVER 일본어사전 · 민중서림 엣센스 한일사전,1787106457344,auto,0,831b7ae1448f4b02abb89fd99852737f,881982a8,민중서림 엣센스 한일사전,ベルト,auto-selected score=141 meaning_hits=2 target_match=surface; query=ベルト
w_736589948cfebd9c,報道陣のライトがまぶしいのか，目を時折，しばたたかせる,"보도진의 라이트가 눈부신지, 눈을 이따금 끔쩍인다.",naver-ja-dict,https://ja.dict.naver.com/#/search?query=%E3%83%A9%E3%82%A4%E3%83%88,owner-confirmed-cleared,cleared,NAVER 일본어사전 · 민중서림 엣센스 외래어사전,1787106426883,auto,0,a0a6666ec1da4bceaa8f86ff2ec11a8e,8800047F,민중서림 엣센스 외래어사전,ライト,auto-selected score=126 meaning_hits=1 target_match=surface; query=ライト
w_738d1a4c1ddf8965,タオルをもう少しください。,수건을 더 주세요. (숙박>서비스>불만/요청),naver-ja-dict,https://ja.dict.naver.com/#/search?query=%E3%82%BF%E3%82%AA%E3%83%AB,owner-confirmed-cleared,cleared,NAVER 일본어사전 · 글로벌회화,1787106455477,auto,0,9d24700cfbb54dadb079c8ea137b8e48,0011CF26,글로벌회화,タオル,auto-selected score=132 meaning_hits=1 target_match=surface; query=タオル
w_7476fab8c017b6b3,涙で枕を濡らす,눈물로 베개를 적시다,naver-ja-dict,https://ja.dict.naver.com/#/search?query=%E6%BF%A1%E3%82%89%E3%81%99,owner-confirmed-cleared,cleared,NAVER 일본어사전 · 민중서림 엣센스 일한사전,1787106523795,auto,0,f326f3a5dd8345699daf1c80a203c29c,081341B9,민중서림 엣센스 일한사전,濡らす 적시다,auto-selected score=121 meaning_hits=1 target_match=surface; query=濡らす 적시다
w_74a03ffaa0764779,引き出しを整理した。 そうしたら、昔のパスポートが出てきた,서랍을 정리했다. 그랬더니 옛날 여권이 나왔다,naver-ja-dict,https://ja.dict.naver.com/#/search?query=%E3%83%91%E3%82%B9%E3%83%9D%E3%83%BC%E3%83%88,owner-confirmed-cleared,cleared,NAVER 일본어사전 · 민중서림 엣센스 일한사전,1787106485789,auto,0,83a65c024e164067b8482bb68b3903f3,081341B9,민중서림 엣센스 일한사전,パスポート 패스포트 여권,auto-selected score=134 meaning_hits=1 target_match=surface; query=パスポート 패스포트 여권
w_76be21b9985810d8,卒業式は式次どおりに進行された.,졸업식은 식순대로 진행되었다,naver-ja-dict,https://ja.dict.naver.com/#/search?query=%E5%8D%92%E6%A5%AD%E5%BC%8F,owner-confirmed-cleared,cleared,NAVER 일본어사전 · 민중서림 엣센스 한일사전,1787106420814,auto,0,e9c0277b18bf4671bdb7b79145e92a7f,881982a8,민중서림 엣센스 한일사전,卒業式 졸업식,auto-selected score=126 meaning_hits=1 target_match=surface; query=卒業式 졸업식
w_776f7e525c801a87,語気を強める,말투를 세게 하다; 언성을 높이다,naver-ja-dict,https://ja.dict.naver.com/#/search?query=%E5%BC%B7%E3%82%81%E3%82%8B,owner-confirmed-cleared,cleared,NAVER 일본어사전 · 민중서림 엣센스 일한사전,1787106514546,auto,0,153fc4160f9f41dabdb05e5336988479,081341B9,민중서림 엣센스 일한사전,強める,auto-selected score=129 meaning_hits=1 target_match=surface; query=強める
w_78fce96c9ce0d63b,私は手紙の封筒の表に差出人と受取人の住所を書いた。,나는 편지 봉투의 앞면에 보내는 사람과 받는 사람의 주소를 적었다.,naver-ja-dict,https://ja.dict.naver.com/#/search?query=%E5%8F%97%E5%8F%96%E4%BA%BA,owner-confirmed-cleared,cleared,NAVER 일본어사전 · 국립국어원 한국어-일본어 학습사전,1787106511942,auto,0,1b10aaa5ad004480a085e1bbb17a7f77,8819cr4o,국립국어원 한국어-일본어 학습사전,受取人 받는 사람 수취인,auto-selected score=118 meaning_hits=2 target_match=surface; query=受取人 받는 사람 수취인
w_79432e694266d46b,それは素敵な考えですね,그거 아주 멋진 생각이군요,naver-ja-dict,https://ja.dict.naver.com/#/search?query=%E7%B4%A0%E6%95%B5,owner-confirmed-cleared,cleared,NAVER 일본어사전 · 민중서림 엣센스 일한사전,1787106417530,auto,0,ed71805b45bc444492afa141093b2e40,081341B9,민중서림 엣센스 일한사전,素敵,auto-selected score=121 meaning_hits=1 target_match=surface; query=素敵
w_796c50230e94e006,ズービキティは新たな医療の領域である,주비퀴티는 새로운 의료 영역이다,naver-ja-dict,https://ja.dict.naver.com/#/search?query=%E9%A0%98%E5%9F%9F,owner-confirmed-cleared,cleared,NAVER 일본어사전 · 민중서림 엣센스 일한사전,1787106586912,auto,0,0d598d6c1cbe41e7a68173f3691da523,081341B9,민중서림 엣센스 일한사전,領域 영역,auto-selected score=129 meaning_hits=1 target_match=surface; query=領域 영역
w_7a39d41f9dbb6323,アレルギー反応,알레르기 반응,naver-ja-dict,https://ja.dict.naver.com/#/search?query=%E3%82%A2%E3%83%AC%E3%83%AB%E3%82%AE%E3%83%BC,owner-confirmed-cleared,cleared,NAVER 일본어사전 · 교학사 일한사전,1787106474084,auto,0,8226c3b455bc446fbc679fb4611739f1,080004F6,교학사 일한사전,アレルギー 알레르기 앨러지 거부 반응,auto-selected score=109 meaning_hits=2 target_match=surface; query=アレルギー 알레르기 앨러지 거부 반응
w_7cd5627d3ce20c1e,イ：お母さん、お尻に土がたくさんついています。,"가: 엄마, 엉덩이에 흙이 많이 묻었어요.",naver-ja-dict,https://ja.dict.naver.com/#/search?query=%E3%81%8A%E5%B0%BB,owner-confirmed-cleared,cleared,NAVER 일본어사전 · 국립국어원 한국어-일본어 학습사전,1787106566153,auto,0,bd2fb2416a5f49eeb5630301a9376154,8819cr4o,국립국어원 한국어-일본어 학습사전,お尻 엉덩이,auto-selected score=114 meaning_hits=1 target_match=surface; query=お尻 엉덩이
w_7d014ed8d66614c4,出来はこちらがずっと下だ,만듦새는 이쪽이 훨씬 못하다,naver-ja-dict,https://ja.dict.naver.com/#/search?query=%E5%87%BA%E6%9D%A5,owner-confirmed-cleared,cleared,NAVER 일본어사전 · 민중서림 엣센스 일한사전,1787106571093,auto,0,de6d9a2487734e1198b3a1506396960d,081341B9,민중서림 엣센스 일한사전,出来,auto-selected score=129 meaning_hits=1 target_match=surface; query=出来
w_7da89b0ae3f818ac,約束を破ってまったく申しわけない,약속을 어겨서 정말로 미안하다,naver-ja-dict,https://ja.dict.naver.com/#/search?query=%E3%82%82%E3%81%86%E3%81%97%E3%82%8F%E3%81%91%E3%81%AA%E3%81%84,owner-confirmed-cleared,cleared,NAVER 일본어사전 · 민중서림 엣센스 한일사전,1787106526986,auto,0,aff9bb65d27d4f7b86e66c3250a3a8f5,881982a8,민중서림 엣센스 한일사전,もうしわけない,auto-selected score=171 meaning_hits=1 target_match=surface; query=もうしわけない
w_7edcc46953726ae3,生活費の足しに内職をする.,생활비에 보태기 위해 부업을 하다,naver-ja-dict,https://ja.dict.naver.com/#/search?query=%E7%94%9F%E6%B4%BB%E8%B2%BB,owner-confirmed-cleared,cleared,NAVER 일본어사전 · 민중서림 엣센스 한일사전,1787106422509,auto,0,6b79ea7ddef9435d91a984513eaa1a8a,881982a8,민중서림 엣센스 한일사전,生活費 생활비,auto-selected score=126 meaning_hits=1 target_match=surface; query=生活費 생활비
w_7fa18ee0d9a11405,文句をいって寄越す,불평을 말해 오다,naver-ja-dict,https://ja.dict.naver.com/#/search?query=%E5%AF%84%E8%B6%8A%E3%81%99,owner-confirmed-cleared,cleared,NAVER 일본어사전 · 교학사 일한사전,1787106549669,auto,0,d33e90a442f34d949361406f266db703,080004F6,교학사 일한사전,寄越す,auto-selected score=119 meaning_hits=1 target_match=surface; query=寄越す
w_7ff3608b37fa8ce7,履歴書を提出してください。,이력서를 제출하세요. (직장>구직>지원),naver-ja-dict,https://ja.dict.naver.com/#/search?query=%E5%B1%A5%E6%AD%B4%E6%9B%B8,owner-confirmed-cleared,cleared,NAVER 일본어사전 · 글로벌회화,1787106470001,auto,0,6327c9629efb467f8ea708ef3436f561,0011CF26,글로벌회화,履歴書 이력서,auto-selected score=124 meaning_hits=1 target_match=surface; query=履歴書 이력서
w_80733a73005afb5d,魚屋のおばさんはまな板に刀を突きさしておいた。,생선 가게 아주머니는 도마에 칼을 내리꽂아 두셨다.,naver-ja-dict,https://ja.dict.naver.com/#/search?query=%E3%81%BE%E3%81%AA%E6%9D%BF,owner-confirmed-cleared,cleared,NAVER 일본어사전 · 국립국어원 한국어-일본어 학습사전,1787106513493,auto,0,3cc957afb0ca43d2abc019a5ef9cf60d,8819cr4o,국립국어원 한국어-일본어 학습사전,まな板 도마,auto-selected score=114 meaning_hits=1 target_match=surface; query=まな板 도마
w_807594583ec14400,交通費を別封する.,교통비를 별봉하다,naver-ja-dict,https://ja.dict.naver.com/#/search?query=%E4%BA%A4%E9%80%9A%E8%B2%BB,owner-confirmed-cleared,cleared,NAVER 일본어사전 · 민중서림 엣센스 한일사전,1787106444279,auto,0,d0e4359bdfac4037beac3eb5acbe6e38,881982a8,민중서림 엣센스 한일사전,交通費 교통비,auto-selected score=126 meaning_hits=1 target_match=surface; query=交通費 교통비
w_8141a07617372b89,主に大臀筋と大腿四頭筋に刺激を与えるのがランジだ。,주로 대둔근과 대퇴사두근에 자극을 주는 것이 런지다.,naver-ja-dict,https://ja.dict.naver.com/#/search?query=%E5%A4%A7%E8%85%BF,owner-confirmed-cleared,cleared,NAVER 일본어사전 · 플리토,1787106562366,auto,0,3224fa8e98d84c17b0dc14ebbebd834e,88222sj2,플리토,大腿 대퇴 넓적다리,auto-selected score=72 meaning_hits=1 target_match=surface; query=大腿 대퇴 넓적다리
w_817f58d5b7a591e1,美人ではあるが心掛けが美しくない.,미인이건만 마음씨가 곱지 않다,naver-ja-dict,https://ja.dict.naver.com/#/search?query=%E7%BE%8E%E4%BA%BA,owner-confirmed-cleared,cleared,NAVER 일본어사전 · 민중서림 엣센스 한일사전,1787106427662,auto,0,178f69536b1447719cb4fd29e028f899,881982a8,민중서림 엣센스 한일사전,美人,auto-selected score=134 meaning_hits=1 target_match=surface; query=美人
w_850aeaa11ff534fd,政府は教育施設の問題だけに重点を置き、教育目標や内容の実質には関心がない。,정부는 교육 시설 문제에만 치중하고 교육 목표 및 내용의 실질에는 관심이 없다.,naver-ja-dict,https://ja.dict.naver.com/#/search?query=%E5%AE%9F%E8%B3%AA,owner-confirmed-cleared,cleared,NAVER 일본어사전 · 국립국어원 한국어-일본어 학습사전,1787106590748,auto,0,e29580e6af094bb783b0ea751f581b30,8819cr4o,국립국어원 한국어-일본어 학습사전,実質 실질 실제 내용,auto-selected score=86 meaning_hits=2 target_match=surface; query=実質 실질 실제 내용
w_853872080e0990a8,初審で有罪の判決を受ける.,초심에서 유죄 판결을 받다,naver-ja-dict,https://ja.dict.naver.com/#/search?query=%E5%88%A4%E6%B1%BA,owner-confirmed-cleared,cleared,NAVER 일본어사전 · 민중서림 엣센스 한일사전,1787106591637,auto,0,da0866ed30dd4ab0a12e407035abe76d,881982a8,민중서림 엣센스 한일사전,判決 판결,auto-selected score=134 meaning_hits=1 target_match=surface; query=判決 판결
w_859894e02790a4e2,デパートではその店の全部の品ぞろえを見ることができないので本店や支店に行く,백화점에서는 그 가게[본사] 전체의 상품을 갖추어 놓은 것을 볼 수 없으므로 본점이나 지점으로 간다.,naver-ja-dict,https://ja.dict.naver.com/#/search?query=%E6%9C%AC%E5%BA%97,owner-confirmed-cleared,cleared,NAVER 일본어사전 · 민중서림 엣센스 외래어사전,1787106474837,auto,0,6b1a165798e04cf093dfb94b1b28ee71,8800047F,민중서림 엣센스 외래어사전,本店,auto-selected score=133 meaning_hits=2 target_match=surface; query=本店
w_85e93af730e6e4e6,この科目は必修だから必ず履修しなければならない.,이 과목은 필수이므로 꼭 이수해야만 한다,naver-ja-dict,https://ja.dict.naver.com/#/search?query=%E7%A7%91%E7%9B%AE,owner-confirmed-cleared,cleared,NAVER 일본어사전 · 민중서림 엣센스 한일사전,1787106478295,auto,0,b52763c6e6884789978130f9fcf70ea9,881982a8,민중서림 엣센스 한일사전,科目 과목,auto-selected score=134 meaning_hits=1 target_match=surface; query=科目 과목
w_865b155a62e48600,無意識(的)に手を引っこめる,무의식적으로 손을 움츠리다,naver-ja-dict,https://ja.dict.naver.com/#/search?query=%E7%84%A1%E6%84%8F%E8%AD%98,owner-confirmed-cleared,cleared,NAVER 일본어사전 · 민중서림 엣센스 한일사전,1787106574145,auto,0,042b59708a3f448c85572aa973410662,881982a8,민중서림 엣센스 한일사전,無意識 무의식,auto-selected score=121 meaning_hits=1 target_match=surface; query=無意識 무의식
w_86bd0e3a1c89ead2,彼は何を言われても無神経だ,그는 무슨 말을 들어도 무신경이다.,naver-ja-dict,https://ja.dict.naver.com/#/search?query=%E7%84%A1%E7%A5%9E%E7%B5%8C,owner-confirmed-cleared,cleared,NAVER 일본어사전 · 민중서림 엣센스 일한사전,1787106584409,auto,0,04f2d6e21e6a4178a078bcb36f5364c2,081341B9,민중서림 엣센스 일한사전,無神経 무신경,auto-selected score=121 meaning_hits=1 target_match=surface; query=無神経 무신경
w_878b871f0e14bc7c,鼻を擤む,코를 풀다,naver-ja-dict,https://ja.dict.naver.com/#/search?query=%E6%93%A4%E3%82%80,owner-confirmed-cleared,cleared,NAVER 일본어사전 · 민중서림 엣센스 일한사전,1787106518704,auto,0,ab1247c5b3404df58050c4100d855def,081341B9,민중서림 엣센스 일한사전,擤む 풀다,auto-selected score=121 meaning_hits=1 target_match=surface; query=擤む 풀다
w_885bb758c6d85607,ロ：またミンジュンがいじめたみたいです。本当に意地悪な子だよ。,나: 또 민준이가 괴롭혔나 봐요. 정말 못 말리는 심술꾸러기야.,naver-ja-dict,https://ja.dict.naver.com/#/search?query=%E6%84%8F%E5%9C%B0%E6%82%AA,owner-confirmed-cleared,cleared,NAVER 일본어사전 · 국립국어원 한국어-일본어 학습사전,1787106503699,auto,0,ec296602b6464f2d8aa799ee76f22dda,8819cr4o,국립국어원 한국어-일본어 학습사전,意地悪 심술궂음 짓궂음 또 심술쟁이,auto-selected score=86 meaning_hits=0 target_match=surface; query=意地悪 심술궂음 짓궂음 또 심술쟁이
w_8941d0103c6f732e,斯くも盛大な歓迎会を催していただき…,이처럼 성대한 환영회를 베풀어 주시어….,naver-ja-dict,https://ja.dict.naver.com/#/search?query=%E6%AD%93%E8%BF%8E%E4%BC%9A,owner-confirmed-cleared,cleared,NAVER 일본어사전 · 민중서림 엣센스 일한사전,1787106567103,auto,0,25b8116f7f7a4924a61cd321b48d7886,081341B9,민중서림 엣센스 일한사전,歓迎会 환영회,auto-selected score=113 meaning_hits=1 target_match=surface; query=歓迎会 환영회
w_897354651262a70a,荷物を膝に乗せる,짐을 무릎 위에 올려놓다,naver-ja-dict,https://ja.dict.naver.com/#/search?query=%E4%B9%97%E3%81%9B%E3%82%8B,owner-confirmed-cleared,cleared,NAVER 일본어사전 · 민중서림 엣센스 일한사전,1787106496218,auto,0,d802f9fcd9e04aff98357d5b40a4f801,081341B9,민중서림 엣센스 일한사전,乗せる,auto-selected score=129 meaning_hits=1 target_match=surface; query=乗せる
w_8a317ca83abc92a2,初級クラスで基礎をしっかり固めたおかげで、中級クラスの授業は思ったより楽だった。,초급반에서 기초를 잘 닦은 덕분에 중급반 수업은 생각보다 수월했다.,naver-ja-dict,https://ja.dict.naver.com/#/search?query=%E4%B8%AD%E7%B4%9A,owner-confirmed-cleared,cleared,NAVER 일본어사전 · 국립국어원 한국어-일본어 학습사전,1787106501675,auto,0,43ee422809e4468dbed50b0ed5e955b6,8819cr4o,국립국어원 한국어-일본어 학습사전,中級 중급,auto-selected score=114 meaning_hits=1 target_match=surface; query=中級 중급
w_8ad7ee0207cdd841,値上げ案を否とする,가격 인상안을 찬성하지 않다,naver-ja-dict,https://ja.dict.naver.com/#/search?query=%E5%80%A4%E4%B8%8A%E3%81%92,owner-confirmed-cleared,cleared,NAVER 일본어사전 · 민중서림 엣센스 일한사전,1787106493370,auto,0,37518ba02e6c4eb3bdb8f2bd65ebf3fd,081341B9,민중서림 엣센스 일한사전,値上げ,auto-selected score=183 meaning_hits=2 target_match=surface; query=値上げ
w_8c2410fadd8e3d7b,晴雨にかかわらず決行する.,청우에 관계없이 결행하다,naver-ja-dict,https://ja.dict.naver.com/#/search?query=%E6%B1%BA%E8%A1%8C,owner-confirmed-cleared,cleared,NAVER 일본어사전 · 민중서림 엣센스 한일사전,1787106561780,auto,0,c5db1b6799f14ad39dfecdb98d10e92b,881982a8,민중서림 엣센스 한일사전,決行 결행,auto-selected score=134 meaning_hits=1 target_match=surface; query=決行 결행
w_8c41b24023a906a6,メッセージをスレッド別に整理する,메시지를 관련 댓글별로 정리하다,naver-ja-dict,https://ja.dict.naver.com/#/search?query=%E3%83%A1%E3%83%83%E3%82%BB%E3%83%BC%E3%82%B8,owner-confirmed-cleared,cleared,NAVER 일본어사전 · 민중서림 엣센스 일한사전,1787106573849,auto,0,af21a6eb416f4c0a8e7ef085520677e3,081341B9,민중서림 엣센스 일한사전,メッセージ 메시지,auto-selected score=129 meaning_hits=1 target_match=surface; query=メッセージ 메시지
w_8c83a0eadc0c4e3d,免状が取れる,면허장을 얻을 수 있다,naver-ja-dict,https://ja.dict.naver.com/#/search?query=%E5%8F%96%E3%82%8C%E3%82%8B,owner-confirmed-cleared,cleared,NAVER 일본어사전 · 민중서림 엣센스 일한사전,1787106469319,auto,0,4c308b6380624260b71f758e7de4fe8f,081341B9,민중서림 엣센스 일한사전,取れる,auto-selected score=117 meaning_hits=0 target_match=surface; query=取れる
w_8cedc021083f2b75,この地震の場面はトリックだ.,이 지진 장면은 트릭이다,naver-ja-dict,https://ja.dict.naver.com/#/search?query=%E5%A0%B4%E9%9D%A2,owner-confirmed-cleared,cleared,NAVER 일본어사전 · 민중서림 엣센스 한일사전,1787106443974,auto,0,4fb2c041efff4d94ab80d7346fcddaae,881982a8,민중서림 엣센스 한일사전,場面,auto-selected score=134 meaning_hits=1 target_match=surface; query=場面
w_8d174bfc2f12fead,二桁の足し算をする,두 자릿수 덧셈을 하다,naver-ja-dict,https://ja.dict.naver.com/#/search?query=%E8%B6%B3%E3%81%97%E7%AE%97,owner-confirmed-cleared,cleared,NAVER 일본어사전 · 민중서림 엣센스 일한사전,1787106522751,auto,0,50ae778ada5a4d79b1a199ee1b093d2d,081341B9,민중서림 엣센스 일한사전,足し算,auto-selected score=151 meaning_hits=1 target_match=surface; query=足し算
w_8df0fff24f94cc63,ローカル電車の料金。,경전철 요금.,naver-ja-dict,https://ja.dict.naver.com/#/search?query=%E9%9B%BB%E8%BB%8A%E4%BB%A3,owner-confirmed-cleared,cleared,NAVER 일본어사전 · 국립국어원 한국어-일본어 학습사전,1787106565554,auto,0,09c46c61de4440a29acae21ab415a03f,8819cr4o,국립국어원 한국어-일본어 학습사전,電車代 전철 요금,auto-selected score=54 meaning_hits=2 target_match=stem; query=電車代 전철 요금
w_8df43d0e2bde2027,クリック数を水増しする,클릭 수를 (실제 이상으로) 부풀리다,naver-ja-dict,https://ja.dict.naver.com/#/search?query=%E3%82%AF%E3%83%AA%E3%83%83%E3%82%AF,owner-confirmed-cleared,cleared,NAVER 일본어사전 · 민중서림 엣센스 일한사전,1787106450482,auto,0,e71bfba58a194d8fb56b37ce7173631b,081341B9,민중서림 엣센스 일한사전,クリック,auto-selected score=129 meaning_hits=1 target_match=surface; query=クリック
w_8f025218e0340104,フィランソロピーが，大学の正規の科目に採り入れられ始め，注目されている,필랜스로피가 대학의 정규 과목으로 채택되기 시작하여 주목을 끌고 있다.,naver-ja-dict,https://ja.dict.naver.com/#/search?query=%E6%AD%A3%E8%A6%8F,owner-confirmed-cleared,cleared,NAVER 일본어사전 · 민중서림 엣센스 외래어사전,1787106588013,auto,0,66af6757297d4ab58f9155c315faed92,8800047F,민중서림 엣센스 외래어사전,正規 정규,auto-selected score=134 meaning_hits=1 target_match=surface; query=正規 정규
w_900a6457bdb10eef,"住所が分からないので,連絡の仕様がございません.",주소를 모르기 때문에 연락할 방법이 없습니다,naver-ja-dict,https://ja.dict.naver.com/#/search?query=%E4%BB%95%E6%A7%98,owner-confirmed-cleared,cleared,NAVER 일본어사전 · 민중서림 엣센스 한일사전,1787106575727,auto,0,bfd1b997081841488d97e47a9522e599,881982a8,민중서림 엣센스 한일사전,仕様,auto-selected score=134 meaning_hits=1 target_match=surface; query=仕様
w_901baf132bb76fff,酔い潰れて終点まで乗り越す,곤드레만드레 되어 종점까지 가버리다,naver-ja-dict,https://ja.dict.naver.com/#/search?query=%E4%B9%97%E3%82%8A%E8%B6%8A%E3%81%99,owner-confirmed-cleared,cleared,NAVER 일본어사전 · 교학사 일한사전,1787106551901,auto,0,718bc193801c4cd8837679bbf953a58a,080004F6,교학사 일한사전,乗り越す,auto-selected score=107 meaning_hits=0 target_match=surface; query=乗り越す
w_903e8fadc198294e,会社，大学，業界などが現代日本の代表的な「世間」で，それは西欧��「社会」とはたしかに別ものだから，先人はソサエティーの訳語に苦慮したのである,회사·대학·업계 등이 현대 일본의 대표적인 ‘세상’이며 그것은 서유럽의 ‘사회’와는 분명히 다른 것이므로 선인은 소사이어티의 역어에 고심하였던 것이다.,naver-ja-dict,https://ja.dict.naver.com/#/search?query=%E6%A5%AD%E7%95%8C,owner-confirmed-cleared,cleared,NAVER 일본어사전 · 민중서림 엣센스 외래어사전,1787106575239,auto,0,c1b0d8c891514d669b98fbd25f1f3156,8800047F,민중서림 엣센스 외래어사전,業界 업계 동업자의 사회,auto-selected score=106 meaning_hits=2 target_match=surface; query=業界 업계 동업자의 사회
w_90627cfb32049799,一杯の酒に陶然と酔う.,한잔 술에 도연히 취하다,naver-ja-dict,https://ja.dict.naver.com/#/search?query=%E9%85%94%E3%81%86,owner-confirmed-cleared,cleared,NAVER 일본어사전 · 민중서림 엣센스 한일사전,1787106508654,auto,0,6eee0c8bdd334443ab641ddb404b48bd,881982a8,민중서림 엣센스 한일사전,酔う,auto-selected score=138 meaning_hits=2 target_match=surface; query=酔う
w_912077e7d389ea18,データを集める,데이터를 모으다.,naver-ja-dict,https://ja.dict.naver.com/#/search?query=%E3%83%87%E3%83%BC%E3%82%BF,owner-confirmed-cleared,cleared,NAVER 일본어사전 · 민중서림 엣센스 일한사전,1787106414653,auto,0,f90e0237dac448ee90ef0724428eb4d9,081341B9,민중서림 엣센스 일한사전,データ,auto-selected score=129 meaning_hits=1 target_match=surface; query=データ
w_91502520df626c4a,恩師には必ず年賀状を送る.,은사에게는 연하장을 꼭꼭 보낸다,naver-ja-dict,https://ja.dict.naver.com/#/search?query=%E5%B9%B4%E8%B3%80%E7%8A%B6,owner-confirmed-cleared,cleared,NAVER 일본어사전 · 민중서림 엣센스 한일사전,1787106504376,auto,0,1628ba093716472c9762883813c088fe,881982a8,민중서림 엣센스 한일사전,年賀状 연하장,auto-selected score=126 meaning_hits=1 target_match=surface; query=年賀状 연하장
w_9157caf6064335c2,画面が出ない。,화면이 안 나와요. (생활/가정>가정생활>거실),naver-ja-dict,https://ja.dict.naver.com/#/search?query=%E7%94%BB%E9%9D%A2,owner-confirmed-cleared,cleared,NAVER 일본어사전 · 글로벌회화,1787106419280,auto,0,127e652191764b1a8e8cc613fd246545,0011CF26,글로벌회화,画面 화면,auto-selected score=132 meaning_hits=1 target_match=surface; query=画面 화면
w_917a5aa0d0db391b,私は差出人の住所が書かれていない郵便物を受け取った。,나는 발신인 주소가 적혀 있지 않은 우편물을 받았다.,naver-ja-dict,https://ja.dict.naver.com/#/search?query=%E5%B7%AE%E5%87%BA%E4%BA%BA,owner-confirmed-cleared,cleared,NAVER 일본어사전 · 국립국어원 한국어-일본어 학습사전,1787106522365,auto,0,73cf6ea95eb1437aa189461820d8f30f,8819cr4o,국립국어원 한국어-일본어 학습사전,差出人 발신인 발송인,auto-selected score=106 meaning_hits=1 target_match=surface; query=差出人 발신인 발송인
w_91f7c8e5993ca22b,指の節を鳴らす,손가락 마디를 꺾어 (딱딱) 소리를 내다,naver-ja-dict,https://ja.dict.naver.com/#/search?query=%E9%B3%B4%E3%82%89%E3%81%99,owner-confirmed-cleared,cleared,NAVER 일본어사전 · 민중서림 엣센스 일한사전,1787106504089,auto,0,c5ef81027c7349d2b063d90188c93b84,081341B9,민중서림 엣센스 일한사전,鳴らす,auto-selected score=133 meaning_hits=2 target_match=surface; query=鳴らす
w_9201aad98ba6cd1a,今度は僕が奢る番だ,이번에는 내가 한턱낼 차례다,naver-ja-dict,https://ja.dict.naver.com/#/search?query=%E5%A5%A2%E3%82%8B,owner-confirmed-cleared,cleared,NAVER 일본어사전 · 민중서림 엣센스 일한사전,1787106520553,auto,0,3fd23b56fdaa4393b90a44beb34c4245,081341B9,민중서림 엣센스 일한사전,奢る,auto-selected score=117 meaning_hits=0 target_match=surface; query=奢る
w_9208dc812cc78585,船の向きを変える,배의 방향을 바꾸다,naver-ja-dict,https://ja.dict.naver.com/#/search?query=%E5%90%91%E3%81%8D,owner-confirmed-cleared,cleared,NAVER 일본어사전 · 민중서림 엣센스 일한사전,1787106456572,auto,0,839a0c575dcd42dbb5f1f4d9e6746c0c,081341B9,민중서림 엣센스 일한사전,向き,auto-selected score=129 meaning_hits=1 target_match=surface; query=向き
w_92c1bf226f8b0b25,私は煙草のにおいが嫌いで禁煙席に座った。,나는 담배 냄새를 싫어해서 금연석에 앉았다.,naver-ja-dict,https://ja.dict.naver.com/#/search?query=%E7%A6%81%E7%85%99%E5%B8%AD,owner-confirmed-cleared,cleared,NAVER 일본어사전 · 국립국어원 한국어-일본어 학습사전,1787106570120,auto,0,0c9816131bcf441087312e9a04678feb,8819cr4o,국립국어원 한국어-일본어 학습사전,禁煙席 금연석,auto-selected score=106 meaning_hits=1 target_match=surface; query=禁煙席 금연석
w_92cd7422677f07f7,ロ:そうだね。あっという間に人がいなくなるなんて。驚くべき手品だ。,나: 그러게. 눈 깜짝할 사이에 사람이 사라지다니. 놀라운 마술이다.,naver-ja-dict,https://ja.dict.naver.com/#/search?query=%E3%81%82%E3%81%A3%E3%81%A8%E3%81%84%E3%81%86%E9%96%93%E3%81%AB,owner-confirmed-cleared,cleared,NAVER 일본어사전 · 국립국어원 한국어-일본어 학습사전,1787106483194,auto,0,28f2a43e9de34242b29bddc9396abd3b,8819cr4o,국립국어원 한국어-일본어 학습사전,あっという間に 눈 깜짝할 사이에,auto-selected score=126 meaning_hits=2 target_match=surface; query=あっという間に 눈 깜짝할 사이에
w_9514667d4870df09,紅茶にミルクを少し入れてください。,홍차에 넣을 우유 좀 주세요. (식당>주문>추가 주문/요청),naver-ja-dict,https://ja.dict.naver.com/#/search?query=%E3%83%9F%E3%83%AB%E3%82%AF,owner-confirmed-cleared,cleared,NAVER 일본어사전 · 글로벌회화,1787106457740,auto,0,07fb148c69c04e5abd01e7d78fbdadcf,0011CF26,글로벌회화,ミルク,auto-selected score=132 meaning_hits=1 target_match=surface; query=ミルク
w_96f283bc16791012,家の内外を帚できれいに掃く.,집 안팎을 깨끗이 쓸다,naver-ja-dict,https://ja.dict.naver.com/#/search?query=%E6%8E%83%E3%81%8F,owner-confirmed-cleared,cleared,NAVER 일본어사전 · 민중서림 엣센스 한일사전,1787106550044,auto,0,6e0dac880e084d5ab925b6dba50f3e69,881982a8,민중서림 엣센스 한일사전,掃く,auto-selected score=126 meaning_hits=1 target_match=surface; query=掃く
w_970ee6cf459f0f76,その語は辞書に収録されている.,그 말은 사전에 수록되어 있다,naver-ja-dict,https://ja.dict.naver.com/#/search?query=%E5%8F%8E%E9%8C%B2,owner-confirmed-cleared,cleared,NAVER 일본어사전 · 민중서림 엣센스 한일사전,1787106579261,auto,0,f4f2f237935946078002954750c8d790,881982a8,민중서림 엣센스 한일사전,収録,auto-selected score=134 meaning_hits=1 target_match=surface; query=収録
w_975ea22574786aff,駐車違反[横流し]を取り締まる,주차 위반[부정 유출]을 단속하다,naver-ja-dict,https://ja.dict.naver.com/#/search?query=%E9%A7%90%E8%BB%8A%E9%81%95%E5%8F%8D,owner-confirmed-cleared,cleared,NAVER 일본어사전 · 민중서림 엣센스 한일사전,1787106568272,auto,0,ebe9b397d0934bfd924a8ec350805c86,881982a8,민중서림 엣센스 한일사전,駐車違反 주차 위반,auto-selected score=101 meaning_hits=2 target_match=surface; query=駐車違反 주차 위반
w_991452a6e6c60fe6,この飲食店は食事代に10％の税金を加算する。,이 음식점은 식사비에 십 퍼센트의 세금을 가산을 한다.,naver-ja-dict,https://ja.dict.naver.com/#/search?query=%E9%A3%9F%E4%BA%8B%E4%BB%A3,owner-confirmed-cleared,cleared,NAVER 일본어사전 · 국립국어원 한국어-일본어 학습사전,1787106565834,auto,0,02cee9148b94485ba918df5a89bc88ad,8819cr4o,국립국어원 한국어-일본어 학습사전,食事代 식사비,auto-selected score=106 meaning_hits=1 target_match=surface; query=食事代 식사비
w_9c0ee208eb69c126,正午に幕開きした.,정오에 개막했다,naver-ja-dict,https://ja.dict.naver.com/#/search?query=%E6%AD%A3%E5%8D%88,owner-confirmed-cleared,cleared,NAVER 일본어사전 · 민중서림 엣센스 한일사전,1787106493656,auto,0,cf09c846b39e441eb27a934c5e3a3974,881982a8,민중서림 엣센스 한일사전,正午 정오 한낮,auto-selected score=134 meaning_hits=1 target_match=surface; query=正午 정오 한낮
w_9cee50c6958aca3b,彼が学者だなんてとんでもない,그 사람이 학자라니 당치도 않다,naver-ja-dict,https://ja.dict.naver.com/#/search?query=%E3%81%A8%E3%82%93%E3%81%A7%E3%82%82%E3%81%AA%E3%81%84,owner-confirmed-cleared,cleared,NAVER 일본어사전 · 민중서림 엣센스 일한사전,1787106442876,auto,0,aaa2ce8b8fef406cbfe60c317d62b165,081341B9,민중서림 엣센스 일한사전,とんでもない,auto-selected score=141 meaning_hits=2 target_match=surface; query=とんでもない
w_9d7c3ebab21d40e5,メールアドレス検索ロボットにメールアドレスが集められた,스팸 봇에게 메일 주소를 도난당했다,naver-ja-dict,https://ja.dict.naver.com/#/search?query=%E3%82%A2%E3%83%89%E3%83%AC%E3%82%B9,owner-confirmed-cleared,cleared,NAVER 일본어사전 · 민중서림 엣센스 일한사전,1787106473161,auto,0,988e7165cc1646b2b764ef63adeea447,081341B9,민중서림 엣센스 일한사전,アドレス,auto-selected score=129 meaning_hits=1 target_match=surface; query=アドレス
w_9f213362f8616cbc,SU-MIMOは複数のアンテナでデータの送信∙受信を行う無線LAN技術である,싱글 유저 마이모(MIMO)는 복수의 안테나로 데이터를 송수신하는 무선 랜(LAN) 기술이다,naver-ja-dict,https://ja.dict.naver.com/#/search?query=%E5%8F%97%E4%BF%A1,owner-confirmed-cleared,cleared,NAVER 일본어사전 · 민중서림 엣센스 일한사전,1787106451251,auto,0,1442ff4587554aff868c48561af5c9da,081341B9,민중서림 엣센스 일한사전,受信,auto-selected score=141 meaning_hits=2 target_match=surface; query=受信
w_9ff1fb32b264a360,免職される前に私が先に会社を辞めるつもりだ.,해직당하기 전에 내가 먼저 회사를 그만둘 작정이다,naver-ja-dict,https://ja.dict.naver.com/#/search?query=%E5%85%88%E3%81%AB,owner-confirmed-cleared,cleared,NAVER 일본어사전 · 민중서림 엣센스 한일사전,1787106571406,auto,0,14fd60d871b14cfc9cc1f1f93f16c932,881982a8,민중서림 엣센스 한일사전,先に 이전에 전에 먼저,auto-selected score=146 meaning_hits=2 target_match=surface; query=先に 이전에 전에 먼저
w_a01a9ab33f0b5cd3,次女が嫁ぐ,둘째 딸이 시집가다,naver-ja-dict,https://ja.dict.naver.com/#/search?query=%E6%AC%A1%E5%A5%B3,owner-confirmed-cleared,cleared,NAVER 일본어사전 · 민중서림 엣센스 일한사전,1787106504664,auto,0,f3d4f3ab07d64881b89971fdce372755,081341B9,민중서림 엣센스 일한사전,次女 차녀 둘째 딸,auto-selected score=121 meaning_hits=1 target_match=surface; query=次女 차녀 둘째 딸
w_a0f1150e0d1731e6,電気代をはじめとする公共料金が来月から値上げする。,전기 요금을 비롯한 공공요금이 다음 달부터 오른다.,naver-ja-dict,https://ja.dict.naver.com/#/search?query=%E5%85%AC%E5%85%B1%E6%96%99%E9%87%91,owner-confirmed-cleared,cleared,NAVER 일본어사전 · 국립국어원 한국어-일본어 학습사전,1787106470678,auto,0,acacfee5ec2644a7899b40d9cb0c8501,8819cr4o,국립국어원 한국어-일본어 학습사전,公共料金 공공 요금,auto-selected score=86 meaning_hits=2 target_match=surface; query=公共料金 공공 요금
w_a15f5b004f81041c,意思伝達が一方通行にだけ行われる.,의사 전달이 일방통행으로만 이루어진다,naver-ja-dict,https://ja.dict.naver.com/#/search?query=%E4%B8%80%E6%96%B9%E9%80%9A%E8%A1%8C,owner-confirmed-cleared,cleared,NAVER 일본어사전 · 민중서림 엣센스 한일사전,1787106486462,auto,0,e6a9674b5e2e4fc4b5acb53f7924e6cf,881982a8,민중서림 엣센스 한일사전,一方通行 일방통행,auto-selected score=74 meaning_hits=1 target_match=surface; query=一方通行 일방통행
w_a284cec72b51a5a5,一か月でアップする,한 달 만에 크랭크 업 하다,naver-ja-dict,https://ja.dict.naver.com/#/search?query=%E3%82%A2%E3%83%83%E3%83%97,owner-confirmed-cleared,cleared,NAVER 일본어사전 · 민중서림 엣센스 일한사전,1787106572469,auto,0,1e5d17abaf034b37b231de1541158047,081341B9,민중서림 엣센스 일한사전,アップ,auto-selected score=117 meaning_hits=0 target_match=surface; query=アップ
w_a28d57020f8d50d5,ほっと一息つく,후유 하고 한숨 쉬다,naver-ja-dict,https://ja.dict.naver.com/#/search?query=%E3%81%BB%E3%81%A3%E3%81%A8,owner-confirmed-cleared,cleared,NAVER 일본어사전 · 민중서림 엣센스 한일사전,1787106482000,auto,0,2b883a1e509a496c8272ba19cc3dde43,881982a8,민중서림 엣센스 한일사전,ほっと 한숨 쉬는 모양 후유,auto-selected score=133 meaning_hits=2 target_match=surface; query=ほっと 한숨 쉬는 모양 후유
w_a2fca14da5c57bc2,人気TVアニメがデジタルリマスターで復活!,인기 TV 애니메이션이 디지털 리마스터링으로 부활!,naver-ja-dict,https://ja.dict.naver.com/#/search?query=%E3%83%87%E3%82%B8%E3%82%BF%E3%83%AB,owner-confirmed-cleared,cleared,NAVER 일본어사전 · 민중서림 엣센스 일한사전,1787106580423,auto,0,e6d910f96c5d4eb8b4514b2781b5610c,081341B9,민중서림 엣센스 일한사전,デジタル,auto-selected score=126 meaning_hits=1 target_match=surface; query=デジタル
w_a38229b70528562f,企業が倒産せず雇用を維持する,기업이 도산하지 않고 고용을 유지하다,naver-ja-dict,https://ja.dict.naver.com/#/search?query=%E9%9B%87%E7%94%A8,owner-confirmed-cleared,cleared,NAVER 일본어사전 · 민중서림 엣센스 일한사전,1787106586302,auto,0,79ff88be4850471eae29347f1cdb54e1,081341B9,민중서림 엣센스 일한사전,雇用 고용,auto-selected score=129 meaning_hits=1 target_match=surface; query=雇用 고용
w_a464a0e959c484ff,その友達に借りがある.,그 친구에게 빚진 일이 있다,naver-ja-dict,https://ja.dict.naver.com/#/search?query=%E5%80%9F%E3%82%8A,owner-confirmed-cleared,cleared,NAVER 일본어사전 · 민중서림 엣센스 한일사전,1787106574953,auto,0,caafb2451b9f40eea875d6c598140876,881982a8,민중서림 엣센스 한일사전,借り,auto-selected score=122 meaning_hits=0 target_match=surface; query=借り
w_a47a9be72b6619cb,オバマケアの見直しを巡って世論が二分される,오바마 케어 재검토를 놓고 여론이 양분되다,naver-ja-dict,https://ja.dict.naver.com/#/search?query=%E8%A6%8B%E7%9B%B4%E3%81%97,owner-confirmed-cleared,cleared,NAVER 일본어사전 · 민중서림 엣센스 일한사전,1787106469719,auto,0,0465142c8ecd4273a85239a2d8fb5e45,081341B9,민중서림 엣센스 일한사전,見直し,auto-selected score=129 meaning_hits=1 target_match=surface; query=見直し
w_a48819c062afec6a,体調が崩れる,몸의 컨디션이 흐트러지다,naver-ja-dict,https://ja.dict.naver.com/#/search?query=%E4%BD%93%E8%AA%BF,owner-confirmed-cleared,cleared,NAVER 일본어사전 · 교학사 일한사전,1787106591036,auto,0,7d14a75a3ce243008dc03e1712235a69,080004F6,교학사 일한사전,体調 몸의 상태 컨디션,auto-selected score=139 meaning_hits=2 target_match=surface; query=体調 몸의 상태 컨디션
w_a5252fa05b76f54c,ドライブをかける.,(탁구 등에서) 드라이브를 걸다,naver-ja-dict,https://ja.dict.naver.com/#/search?query=%E3%83%89%E3%83%A9%E3%82%A4%E3%83%96,owner-confirmed-cleared,cleared,NAVER 일본어사전 · 민중서림 엣센스 한일사전,1787106444691,auto,0,b3af0a189fbc497188b802023f20cd51,881982a8,민중서림 엣센스 한일사전,ドライブ,auto-selected score=134 meaning_hits=1 target_match=surface; query=ドライブ
w_a54f4e27644053dd,梅雨で湿っぽい日が続いた.,장마로 축축한 날이 계속되었다,naver-ja-dict,https://ja.dict.naver.com/#/search?query=%E6%A2%85%E9%9B%A8,owner-confirmed-cleared,cleared,NAVER 일본어사전 · 민중서림 엣센스 한일사전,1787106493006,auto,0,47893de763a9424b98169959b5a7fc42,881982a8,민중서림 엣센스 한일사전,梅雨 장마,auto-selected score=114 meaning_hits=1 target_match=surface; query=梅雨 장마
w_a5b688e347f54b9e,洗面所などの水周りを点検する,화장실 등의 배수 설비를 점검하다,naver-ja-dict,https://ja.dict.naver.com/#/search?query=%E6%B4%97%E9%9D%A2%E6%89%80,owner-confirmed-cleared,cleared,NAVER 일본어사전 · 교학사 일한사전,1787106504941,auto,0,d84091891fad4690810af002b7d53cbb,080004F6,교학사 일한사전,洗面所 세면소 화장실,auto-selected score=99 meaning_hits=1 target_match=surface; query=洗面所 세면소 화장실
w_a60660cfd2ee094a,外来語の氾濫で国語が汚染される,외래어의 범람으로 국어가 오염되다,naver-ja-dict,https://ja.dict.naver.com/#/search?query=%E5%9B%BD%E8%AA%9E,owner-confirmed-cleared,cleared,NAVER 일본어사전 · 민중서림 엣센스 한일사전,1787106481722,auto,0,1abf4ddeb5b242d081b69b555a774460,881982a8,민중서림 엣센스 한일사전,国語 국어,auto-selected score=121 meaning_hits=1 target_match=surface; query=国語 국어
w_a6fc90c39ec76a29,発車すれすれに飛び乗る.,발차하려는 차에 간신히 뛰어오르다,naver-ja-dict,https://ja.dict.naver.com/#/search?query=%E7%99%BA%E8%BB%8A,owner-confirmed-cleared,cleared,NAVER 일본어사전 · 민중서림 엣센스 한일사전,1787106491920,auto,0,2d9c169d3ff84fb9bb16832c120bf3d3,881982a8,민중서림 엣센스 한일사전,発車 발차,auto-selected score=134 meaning_hits=1 target_match=surface; query=発車 발차
w_a9223280c33261e0,"はっきりしない態度の基底には,なにか思わくがありそうだ.",분명치 않은 태도의 밑바닥에는 무언가 의도가 깔려 있는 것 같다,naver-ja-dict,https://ja.dict.naver.com/#/search?query=%E6%80%9D%E3%82%8F%E3%81%8F,owner-confirmed-cleared,cleared,NAVER 일본어사전 · 민중서림 엣센스 한일사전,1787106572861,auto,0,7b45d7d29c1547fd82e3ffbe4bbd944b,881982a8,민중서림 엣센스 한일사전,思わく,auto-selected score=134 meaning_hits=1 target_match=surface; query=思わく
w_a9c35cc31c89b310,多くのエイシアンは，母国よりも英国の国籍を選び，大量に英国に移住した,"많은 아시아계인은 모국보다 영국 국적을 선택하고 대량으로 영국에 이주하였다((1960년대 케냐에서 아시아계인 (주로 인도계, 파키스탄계)의 퇴거를 요구했을 때)).",naver-ja-dict,https://ja.dict.naver.com/#/search?query=%E8%8B%B1%E5%9B%BD,owner-confirmed-cleared,cleared,NAVER 일본어사전 · 민중서림 엣센스 외래어사전,1787106449390,auto,0,eeefa1e5f3034ab3bbc77580eb449f18,8800047F,민중서림 엣센스 외래어사전,英国 영국,auto-selected score=134 meaning_hits=1 target_match=surface; query=英国 영국
w_aa663c1128a62d22,真っ赤な嘘に騙される,새빨간 거짓말에 속아 넘어가다,naver-ja-dict,https://ja.dict.naver.com/#/search?query=%E7%9C%9F%E3%81%A3%E8%B5%A4,owner-confirmed-cleared,cleared,NAVER 일본어사전 · 민중서림 엣센스 일한사전,1787106485118,auto,0,acea99b96e3749f0be26f33042ee41bc,081341B9,민중서림 엣센스 일한사전,真っ赤,auto-selected score=139 meaning_hits=0 target_match=surface; query=真っ赤
w_aad2de1a4d279541,不快な表情を露にする,불쾌한 표정을 노골적으로 드러내다,naver-ja-dict,https://ja.dict.naver.com/#/search?query=%E8%A1%A8%E6%83%85,owner-confirmed-cleared,cleared,NAVER 일본어사전 · 민중서림 엣센스 일한사전,1787106446092,auto,0,e9b8a1adc346415ba3abaa27245f78d7,081341B9,민중서림 엣센스 일한사전,表情,auto-selected score=129 meaning_hits=1 target_match=surface; query=表情
w_ab2ba14d300db44a,あなたは、弁護士を雇用することができます。,당신은 변호사를 고용할 수 있습니다. (긴급상황(SOS)>분실/범죄>체포),naver-ja-dict,https://ja.dict.naver.com/#/search?query=%E5%BC%81%E8%AD%B7%E5%A3%AB,owner-confirmed-cleared,cleared,NAVER 일본어사전 · 글로벌회화,1787106418700,auto,0,d154381c2e0c43229f70af55b3ab3aec,0011CF26,글로벌회화,弁護士 변호사,auto-selected score=124 meaning_hits=1 target_match=surface; query=弁護士 변호사
w_ab5dfb5fb4d58c89,本の正確な題名を入力してください.,책의 정확한 제호를 입력하십시오,naver-ja-dict,https://ja.dict.naver.com/#/search?query=%E5%85%A5%E5%8A%9B,owner-confirmed-cleared,cleared,NAVER 일본어사전 · 민중서림 엣센스 한일사전,1787106442168,auto,0,a7e38502080c42d6a87500474855f891,881982a8,민중서림 엣센스 한일사전,入力,auto-selected score=134 meaning_hits=1 target_match=surface; query=入力
w_ab837ffdcb213f58,ロ：いいえ、喫煙席に座ります。,나: 아니요. 흡연석에 앉을게요.,naver-ja-dict,https://ja.dict.naver.com/#/search?query=%E5%96%AB%E7%85%99%E5%B8%AD,owner-confirmed-cleared,cleared,NAVER 일본어사전 · 국립국어원 한국어-일본어 학습사전,1787106569160,auto,0,0a5a60534d3e46df8c45275a3bd1c945,8819cr4o,국립국어원 한국어-일본어 학습사전,喫煙席 흡연석,auto-selected score=106 meaning_hits=1 target_match=surface; query=喫煙席 흡연석
w_abc2c04534e50286,ひとまずこれで切りをつけよう,우선 이것으로 일단락을 짓자,naver-ja-dict,https://ja.dict.naver.com/#/search?query=%E5%88%87%E3%82%8A,owner-confirmed-cleared,cleared,NAVER 일본어사전 · 민중서림 엣센스 일한사전,1787106585120,auto,0,338e86ecdb6b401d89d4536d94994364,081341B9,민중서림 엣센스 일한사전,切り,auto-selected score=175 meaning_hits=2 target_match=surface; query=切り
w_ac84cdb2b57cc77d,この商売は完全にマイナスだ.,이 장사는 완전히 마이너스다,naver-ja-dict,https://ja.dict.naver.com/#/search?query=%E3%83%9E%E3%82%A4%E3%83%8A%E3%82%B9,owner-confirmed-cleared,cleared,NAVER 일본어사전 · 민중서림 엣센스 한일사전,1787106453440,auto,0,9f486c14ee984e8dbfc8c12335a25cd8,881982a8,민중서림 엣센스 한일사전,マイナス,auto-selected score=134 meaning_hits=1 target_match=surface; query=マイナス
w_ac883acf0bc657c3,あの劇場は、アメリカのある劇場のデザインをそっくりにコピーして設計していたことが明らかになった。,그 극장은 미국의 한 극장 디자인을 똑같이 베껴 설계된 것으로 밝혀졌다.,naver-ja-dict,https://ja.dict.naver.com/#/search?query=%E3%83%87%E3%82%B6%E3%82%A4%E3%83%B3,owner-confirmed-cleared,cleared,NAVER 일본어사전 · 국립국어원 한국어-일본어 학습사전,1787106571681,auto,0,ff775b1a461848a289616a93e2d57dac,8819cr4o,국립국어원 한국어-일본어 학습사전,デザイン 디자인 설계 도안,auto-selected score=146 meaning_hits=2 target_match=surface; query=デザイン 디자인 설계 도안
w_acceac562af169c6,私は乗車券を列車の改札機に入れて通った。,나는 승차권을 열차 개찰구에 넣고 통과했다.,naver-ja-dict,https://ja.dict.naver.com/#/search?query=%E4%B9%97%E8%BB%8A%E5%88%B8,owner-confirmed-cleared,cleared,NAVER 일본어사전 · 국립국어원 한국어-일본어 학습사전,1787106481033,auto,0,2f1c1491c4d84bcabfc410ffc2f818f0,8819cr4o,국립국어원 한국어-일본어 학습사전,乗車券 승차권,auto-selected score=106 meaning_hits=1 target_match=surface; query=乗車券 승차권
w_ad6f9dff272c5145,車をぎりぎり隅に寄せる.,차를 바싹 구석으로 대다,naver-ja-dict,https://ja.dict.naver.com/#/search?query=%E3%81%8E%E3%82%8A%E3%81%8E%E3%82%8A,owner-confirmed-cleared,cleared,NAVER 일본어사전 · 민중서림 엣센스 한일사전,1787106498909,auto,0,00a7d67b49c24c1e81a338a1425e9229,881982a8,민중서림 엣센스 한일사전,ぎりぎり,auto-selected score=134 meaning_hits=1 target_match=surface; query=ぎりぎり
w_ae5afff2b1493d53,このドライヤーは風の強さを調整できる。,이 드라이어는 바람의 세기를 조절할 수 있다.,naver-ja-dict,https://ja.dict.naver.com/#/search?query=%E3%83%89%E3%83%A9%E3%82%A4%E3%83%A4%E3%83%BC,owner-confirmed-cleared,cleared,NAVER 일본어사전 · 국립국어원 한국어-일본어 학습사전,1787106511655,auto,0,d2741c2eeaa44110b5ed0a3d0b46f797,8819cr4o,국립국어원 한국어-일본어 학습사전,ドライヤー 드라이어 건조기,auto-selected score=134 meaning_hits=1 target_match=surface; query=ドライヤー 드라이어 건조기
w_af296f1fffff86f4,地味に暮らす,검소하게 살다; 조용히 살다,naver-ja-dict,https://ja.dict.naver.com/#/search?query=%E6%9A%AE%E3%82%89%E3%81%99,owner-confirmed-cleared,cleared,NAVER 일본어사전 · 민중서림 엣센스 일한사전,1787106471861,auto,0,e2c484decb2042fcb55cc7ddeb4a131c,081341B9,민중서림 엣센스 일한사전,暮らす,auto-selected score=121 meaning_hits=1 target_match=surface; query=暮らす
w_af4d9a1696d026b1,そもそものなれ初めはハイキングであった.,애초에 친해진 계기는 하이킹이었다,naver-ja-dict,https://ja.dict.naver.com/#/search?query=%E3%83%8F%E3%82%A4%E3%82%AD%E3%83%B3%E3%82%B0,owner-confirmed-cleared,cleared,NAVER 일본어사전 · 민중서림 엣센스 한일사전,1787106506689,auto,0,2cf2909c7bbc484aa124db0663996618,881982a8,민중서림 엣센스 한일사전,ハイキング 하이킹,auto-selected score=134 meaning_hits=1 target_match=surface; query=ハイキング 하이킹
w_b067d20df32cb5bc,年を取るに従って、物忘れがひどくなった,나이가 들어 갈수록 건망증이 심해졌다,naver-ja-dict,https://ja.dict.naver.com/#/search?query=%E7%89%A9%E5%BF%98%E3%82%8C,owner-confirmed-cleared,cleared,NAVER 일본어사전 · 민중서림 엣센스 일한사전,1787106564672,auto,0,f4584c1af5774f14aabbfc23ec0cdf6e,081341B9,민중서림 엣센스 일한사전,物忘れ,auto-selected score=176 meaning_hits=1 target_match=surface; query=物忘れ
w_b0b8b627bd923922,イ：ブレーキを踏むと、変な音がするし、制動がうまくできません。,가: 브레이크를 밟으면 이상한 소리가 나고 제동이 잘 안 돼요.,naver-ja-dict,https://ja.dict.naver.com/#/search?query=%E3%83%96%E3%83%AC%E3%83%BC%E3%82%AD,owner-confirmed-cleared,cleared,NAVER 일본어사전 · 국립국어원 한국어-일본어 학습사전,1787106468623,auto,0,9aad143a131c4d2ba55114fde58f14d4,8819cr4o,국립국어원 한국어-일본어 학습사전,ブレーキ 브레이크 제동,auto-selected score=146 meaning_hits=2 target_match=surface; query=ブレーキ 브레이크 제동
w_b1ec4390176f6bca,池を一回りする,연못을 한 바퀴 돌다,naver-ja-dict,https://ja.dict.naver.com/#/search?query=%E5%9B%9E%E3%82%8A,owner-confirmed-cleared,cleared,NAVER 일본어사전 · 민중서림 엣센스 일한사전,1787106456174,auto,0,705b0abf66f94496a8debab6051edf7f,081341B9,민중서림 엣센스 일한사전,回り,auto-selected score=117 meaning_hits=0 target_match=surface; query=回り
w_b242f196895e1c82,平和への望みが高まる.,평화를 바라는 열도가 높아지다,naver-ja-dict,https://ja.dict.naver.com/#/search?query=%E9%AB%98%E3%81%BE%E3%82%8B,owner-confirmed-cleared,cleared,NAVER 일본어사전 · 민중서림 엣센스 한일사전,1787106486847,auto,0,8ef68a161595463d8e4d3a361a855d04,881982a8,민중서림 엣센스 한일사전,高まる,auto-selected score=134 meaning_hits=1 target_match=surface; query=高まる
w_b262fb776c86e62c,宝石を散りばめたように美しかった.,보석을 여기저기 박은 듯이 아름다웠다,naver-ja-dict,https://ja.dict.naver.com/#/search?query=%E5%AE%9D%E7%9F%B3,owner-confirmed-cleared,cleared,NAVER 일본어사전 · 민중서림 엣센스 한일사전,1787106455776,auto,0,72eb824385944dd0a81c7358185710ad,881982a8,민중서림 엣센스 한일사전,宝石 보석,auto-selected score=134 meaning_hits=1 target_match=surface; query=宝石 보석
w_b46a8559c80c637b,上役に色目を使う嫌らしいやつだ.,상관에게 알랑거리는 비루한 녀석이다,naver-ja-dict,https://ja.dict.naver.com/#/search?query=%E5%AB%8C%E3%82%89%E3%81%97%E3%81%84,owner-confirmed-cleared,cleared,NAVER 일본어사전 · 민중서림 엣센스 한일사전,1787106573557,auto,0,ef2931d6f63f4f35a2d738f382826f73,881982a8,민중서림 엣센스 한일사전,嫌らしい,auto-selected score=122 meaning_hits=0 target_match=surface; query=嫌らしい
w_b56ce0a298fa5c9a,彼は手でハートマークを作るゴールパフォーマンスで観衆を沸かせた,그는 손으로 하트 모양을 만드는 골 퍼포먼스로 관중을 열광시켰다,naver-ja-dict,https://ja.dict.naver.com/#/search?query=%E3%83%8F%E3%83%BC%E3%83%88,owner-confirmed-cleared,cleared,NAVER 일본어사전 · 민중서림 엣센스 일한사전,1787106445100,auto,0,2fac4395f59e46eb9582a7975a06816d,081341B9,민중서림 엣센스 일한사전,ハート,auto-selected score=141 meaning_hits=2 target_match=surface; query=ハート
w_b698ec250ee3cd81,絵画は無韻の詩である.,회화는 운(韻)이 없는 시다,naver-ja-dict,https://ja.dict.naver.com/#/search?query=%E7%B5%B5%E7%94%BB,owner-confirmed-cleared,cleared,NAVER 일본어사전 · 민중서림 엣센스 한일사전,1787106477709,auto,0,af038d32b1bc4cacb3b6be22349b81b5,881982a8,민중서림 엣센스 한일사전,絵画 회화 그림,auto-selected score=134 meaning_hits=1 target_match=surface; query=絵画 회화 그림
w_b6ef07b6f1141a3b,終発に乗り遅れる,(시간이 늦어) 막차를 놓치다,naver-ja-dict,https://ja.dict.naver.com/#/search?query=%E4%B9%97%E3%82%8A%E9%81%85%E3%82%8C%E3%82%8B,owner-confirmed-cleared,cleared,NAVER 일본어사전 · 민중서림 엣센스 일한사전,1787106524189,auto,0,50f44d6ec5c2497fac5d16ffa717a56a,081341B9,민중서림 엣센스 일한사전,乗り遅れる,auto-selected score=133 meaning_hits=3 target_match=surface; query=乗り遅れる
w_b6f93a9e16717109,この事実を王様に奏する.,이 사실을 임금님께 아뢰다,naver-ja-dict,https://ja.dict.naver.com/#/search?query=%E7%8E%8B%E6%A7%98,owner-confirmed-cleared,cleared,NAVER 일본어사전 · 민중서림 엣센스 한일사전,1787106477016,auto,0,6845cae80c074793b81645dc36f235b1,881982a8,민중서림 엣센스 한일사전,王様 임금님 왕,auto-selected score=134 meaning_hits=1 target_match=surface; query=王様 임금님 왕
w_b80542d469baeda7,病気に寄せて怠ける,병을 핑계 삼아 게으름 피우다,naver-ja-dict,https://ja.dict.naver.com/#/search?query=%E6%80%A0%E3%81%91%E3%82%8B,owner-confirmed-cleared,cleared,NAVER 일본어사전 · 민중서림 엣센스 일한사전,1787106537807,auto,0,b509cce31dc44c91ab6b7ed87a917d73,081341B9,민중서림 엣센스 일한사전,怠ける,auto-selected score=141 meaning_hits=2 target_match=surface; query=怠ける
w_b81fe45450ba536b,ソファーに深深と座り，一人でウイスキーのグラスを傾けていた,소파에 깊숙이 앉아 혼자서 위스키 잔을 기울이고 있었다.,naver-ja-dict,https://ja.dict.naver.com/#/search?query=%E3%82%BD%E3%83%95%E3%82%A1%E3%83%BC,owner-confirmed-cleared,cleared,NAVER 일본어사전 · 민중서림 엣센스 외래어사전,1787106499283,auto,0,11f6ae9ef38d417ba2bc20d6f9fa73bd,8800047F,민중서림 엣센스 외래어사전,ソファー,auto-selected score=134 meaning_hits=1 target_match=surface; query=ソファー
w_b8b8dc406c71bc75,マルチモニター機能を利用[搭載]する,멀티 모니터 기능을 이용[탑재]하다,naver-ja-dict,https://ja.dict.naver.com/#/search?query=%E6%90%AD%E8%BC%89,owner-confirmed-cleared,cleared,NAVER 일본어사전 · 민중서림 엣센스 일한사전,1787106581308,auto,0,21439a93285a40bab36386b128d36b32,081341B9,민중서림 엣센스 일한사전,搭載 탑재,auto-selected score=129 meaning_hits=1 target_match=surface; query=搭載 탑재
w_b8e30b6ab1b08d47,日中は暖かい,낮에는 따뜻하다,naver-ja-dict,https://ja.dict.naver.com/#/search?query=%E6%97%A5%E4%B8%AD,owner-confirmed-cleared,cleared,NAVER 일본어사전 · 민중서림 엣센스 일한사전,1787106412788,auto,0,49fc4dacf0b64b499e8a9f85e15d8950,081341B9,민중서림 엣센스 일한사전,日中 주간 낮,auto-selected score=109 meaning_hits=0 target_match=surface; query=日中 주간 낮
w_bab515a12d17bdab,彼女は鮮烈なデビューを飾った後、世界でもっとも有名なピアニストに浮上した。,그녀는 성공적인 데뷔 무대를 마친 뒤에 세계에서 가장 유명한 피아니스트로 부상하였다.,naver-ja-dict,https://ja.dict.naver.com/#/search?query=%E3%83%87%E3%83%93%E3%83%A5%E3%83%BC,owner-confirmed-cleared,cleared,NAVER 일본어사전 · 국립국어원 한국어-일본어 학습사전,1787106579566,auto,0,a4f018fb750048ae9773051ec7be7727,8819cr4o,국립국어원 한국어-일본어 학습사전,デビュー 데뷔 첫 무대 첫 출연,auto-selected score=146 meaning_hits=2 target_match=surface; query=デビュー 데뷔 첫 무대 첫 출연
w_bae790c2f19f1f82,ハードなトレーニングを積んで、練習を重ねるのは、こういったポジションに自分を置くためだ。,"하드 트레이닝을 쌓여, 연습을 거듭하는 것은, 이런 포지션에 자신을 두기 위해이다.",naver-ja-dict,https://ja.dict.naver.com/#/search?query=%E3%83%88%E3%83%AC%E3%83%BC%E3%83%8B%E3%83%B3%E3%82%B0,owner-confirmed-cleared,cleared,NAVER 일본어사전 · 플리토,1787106468259,auto,0,37b9876983294034b1309a8c3bcd65c7,88222sj2,플리토,トレーニング 트레이닝 훈련 연습,auto-selected score=144 meaning_hits=2 target_match=surface; query=トレーニング 트레이닝 훈련 연습
w_bb726edd4f482daf,畑の中を近道して帰った.,밭 가운데를 지름길 삼아 돌아왔다,naver-ja-dict,https://ja.dict.naver.com/#/search?query=%E8%BF%91%E9%81%93,owner-confirmed-cleared,cleared,NAVER 일본어사전 · 민중서림 엣센스 한일사전,1787106505325,auto,0,00ba2695536b40fa8a5f8edb49f96b44,881982a8,민중서림 엣센스 한일사전,近道,auto-selected score=134 meaning_hits=1 target_match=surface; query=近道
w_bbba9ae3b615e898,そで口にレースをつける.,소매 끝에 레이스를 달다,naver-ja-dict,https://ja.dict.naver.com/#/search?query=%E3%83%AC%E3%83%BC%E3%82%B9,owner-confirmed-cleared,cleared,NAVER 일본어사전 · 민중서림 엣센스 한일사전,1787106577448,auto,0,2d769dfa66d541eda8f1dc971c37449a,881982a8,민중서림 엣센스 한일사전,レース 레이스 인종,auto-selected score=134 meaning_hits=1 target_match=surface; query=レース 레이스 인종
w_bc726cbb6e46691b,ロ：アナウンスで名前を呼びましたら入ってきてください。,나: 방송으로 호명을 하면 들어오시면 됩니다.,naver-ja-dict,https://ja.dict.naver.com/#/search?query=%E3%82%A2%E3%83%8A%E3%82%A6%E3%83%B3%E3%82%B9,owner-confirmed-cleared,cleared,NAVER 일본어사전 · 국립국어원 한국어-일본어 학습사전,1787106483858,auto,0,bc9bd088d45344edb597d93f8d5b37ee,8819cr4o,국립국어원 한국어-일본어 학습사전,アナウンス 아나운스 방송함,auto-selected score=122 meaning_hits=0 target_match=surface; query=アナウンス 아나운스 방송함
w_bcfe289c976505a4,バイトなのにノルマあるって、それブラックバイトじゃない？,아르바이트인데 할당량까지 있다니 그거 악덕 아르바이트 아니야?,naver-ja-dict,https://ja.dict.naver.com/#/search?query=%E3%83%90%E3%82%A4%E3%83%88,owner-confirmed-cleared,cleared,NAVER 일본어사전 · 민중서림 엣센스 일한사전,1787106424557,auto,0,a34d1f54bdf84638aa6d0ff20a05c33f,081341B9,민중서림 엣센스 일한사전,バイト,auto-selected score=122 meaning_hits=0 target_match=surface; query=バイト
w_bd960bb319ab4a2a,(集いに)五名が欠する,(모임에) 다섯 명이 빠지다,naver-ja-dict,https://ja.dict.naver.com/#/search?query=%E6%AC%A0,owner-confirmed-cleared,cleared,NAVER 일본어사전 · 민중서림 엣센스 한일사전,1787106485495,auto,0,0be5f964b52447268edfa81989f3a696,881982a8,민중서림 엣센스 한일사전,欠,auto-selected score=97 meaning_hits=0 target_match=surface; query=欠
w_be04838ac5846041,コンビニでお握りを買ってきた,편의점에서 주먹밥을 사 왔다,naver-ja-dict,https://ja.dict.naver.com/#/search?query=%E3%82%B3%E3%83%B3%E3%83%93%E3%83%8B,owner-confirmed-cleared,cleared,NAVER 일본어사전 · 민중서림 엣센스 일한사전,1787106439376,auto,0,647663fbf63c4acd84fe2cc870e0933f,081341B9,민중서림 엣센스 일한사전,コンビニ,auto-selected score=117 meaning_hits=0 target_match=surface; query=コンビニ
w_be511030acba8780,図面を二分の一に縮写する,도면을 2분의 1로 축사하다,naver-ja-dict,https://ja.dict.naver.com/#/search?query=%E5%9B%B3%E9%9D%A2,owner-confirmed-cleared,cleared,NAVER 일본어사전 · 교학사 일한사전,1787106508952,auto,0,7b7e1a7aec544c059e6ac36507ffa7f9,080004F6,교학사 일한사전,図面 도면 설계도,auto-selected score=127 meaning_hits=1 target_match=surface; query=図面 도면 설계도
w_be658c4d81035130,イ：米国をアメリカ合衆国と呼んでいる理由は何ですか。,가: 미국을 아메리카 합중국이라고 부르는 이유가 뭐예요?,naver-ja-dict,https://ja.dict.naver.com/#/search?query=%E7%B1%B3%E5%9B%BD,owner-confirmed-cleared,cleared,NAVER 일본어사전 · 국립국어원 한국어-일본어 학습사전,1787106419552,auto,0,b39f275c2dc54e56a3e0ee61cd7f55a0,8819cr4o,국립국어원 한국어-일본어 학습사전,米国 미국 미합중국,auto-selected score=98 meaning_hits=1 target_match=surface; query=米国 미국 미합중국
w_bf378fe457dfcf7a,クラミジアは，肺炎やトラコーマなどを引き起こす病原体で，細菌とウイルスの中間の大きさである,클라미디아는 폐렴과 트라코마 등을 일으키는 병원체로서 세균과 바이러스의 중간 크기이다.,naver-ja-dict,https://ja.dict.naver.com/#/search?query=%E3%82%A6%E3%82%A4%E3%83%AB%E3%82%B9,owner-confirmed-cleared,cleared,NAVER 일본어사전 · 민중서림 엣센스 외래어사전,1787106449995,auto,0,43fc59e27b154042b6bba04fa4dceca1,8800047F,민중서림 엣센스 외래어사전,ウイルス 비루스 바이러스 여과성 병원체,auto-selected score=138 meaning_hits=2 target_match=surface; query=ウイルス 비루스 바이러스 여과성 병원체
w_bf6addb52711a0ca,英語の書き取りをさせる.,영어 받아쓰기를 시키다,naver-ja-dict,https://ja.dict.naver.com/#/search?query=%E6%9B%B8%E3%81%8D%E5%8F%96%E3%82%8A,owner-confirmed-cleared,cleared,NAVER 일본어사전 · 민중서림 엣센스 한일사전,1787106538476,auto,0,51179b4b5269468a94b46524d4d19d46,881982a8,민중서림 엣센스 한일사전,書き取り,auto-selected score=114 meaning_hits=1 target_match=surface; query=書き取り
w_bf7fa8a5f239ea51,イ：君、この前の飲み会にはなぜ来なかった？,"가: 자네, 지난 번 회식 때 왜 안 나왔나?",naver-ja-dict,https://ja.dict.naver.com/#/search?query=%E9%A3%B2%E3%81%BF%E4%BC%9A,owner-confirmed-cleared,cleared,NAVER 일본어사전 · 국립국어원 한국어-일본어 학습사전,1787106417828,auto,0,2db1054325a1438db5f51b09de285bac,8819cr4o,국립국어원 한국어-일본어 학습사전,飲み会 회식,auto-selected score=114 meaning_hits=1 target_match=surface; query=飲み会 회식
w_bf8d4c2e6d0d64f9,熱湯を冷ます,뜨거운 물을 식히다,naver-ja-dict,https://ja.dict.naver.com/#/search?query=%E5%86%B7%E3%81%BE%E3%81%99,owner-confirmed-cleared,cleared,NAVER 일본어사전 · 민중서림 엣센스 일한사전,1787106537442,auto,0,4b05de5f8890446084aff1c71ca5746a,081341B9,민중서림 엣센스 일한사전,冷ます 식히다,auto-selected score=129 meaning_hits=1 target_match=surface; query=冷ます 식히다
w_bfb66de43d6df143,料金を仮想通貨で支払らう,요금을 가상 통화로 지불하다,naver-ja-dict,https://ja.dict.naver.com/#/search?query=%E6%94%AF%E6%89%95%E3%81%86,owner-confirmed-cleared,cleared,NAVER 일본어사전 · 민중서림 엣센스 일한사전,1787106478570,auto,0,464ada61927b43b485c534468757892c,081341B9,민중서림 엣센스 일한사전,支払う 지불하다 치르다,auto-selected score=16 meaning_hits=1 target_match=reading; query=支払う 지불하다 치르다
w_c1238728a9185594,お腹が痛くてごろごろ転がった.,배가 아파서 데굴데굴 굴렀다,naver-ja-dict,https://ja.dict.naver.com/#/search?query=%E3%81%94%E3%82%8D%E3%81%94%E3%82%8D,owner-confirmed-cleared,cleared,NAVER 일본어사전 · 민중서림 엣센스 한일사전,1787106517386,auto,0,d07c1565edbc4bfdb0950f0069e18077,881982a8,민중서림 엣센스 한일사전,ごろごろ,auto-selected score=134 meaning_hits=1 target_match=surface; query=ごろごろ
w_c1a6444d464cf4f1,アンチスパムフィルターを使って、ユーザーの受信トレイにスパムが送信されないようにする,안티스팸 필터를 이용하여 사용자의 수신 메일함에 스팸 메일이 송신되지 않도록 하다,naver-ja-dict,https://ja.dict.naver.com/#/search?query=%E9%80%81%E4%BF%A1,owner-confirmed-cleared,cleared,NAVER 일본어사전 · 민중서림 엣센스 일한사전,1787106447348,auto,0,c6be50c749aa47c8839fc4dfcdf293c9,081341B9,민중서림 엣센스 일한사전,送信 송신,auto-selected score=134 meaning_hits=1 target_match=surface; query=送信 송신
w_c1e457a4cf73812b,基本的には終わったことになる.,기본적으로는 끝난 셈이다,naver-ja-dict,https://ja.dict.naver.com/#/search?query=%E5%9F%BA%E6%9C%AC%E7%9A%84,owner-confirmed-cleared,cleared,NAVER 일본어사전 · 민중서림 엣센스 한일사전,1787106413823,auto,0,5c0b5a89e8b44140be9ce704ba2e8017,881982a8,민중서림 엣센스 한일사전,基本的 기본적,auto-selected score=126 meaning_hits=1 target_match=surface; query=基本的 기본적
w_c1e56e687da5a762,爆音に驚かされて目を覚ます.,폭음에 놀라서 잠을 깨다,naver-ja-dict,https://ja.dict.naver.com/#/search?query=%E8%A6%9A%E3%81%BE%E3%81%99,owner-confirmed-cleared,cleared,NAVER 일본어사전 · 민중서림 엣센스 한일사전,1787106515932,auto,0,df165c541b364c93a633c380f28e451d,881982a8,민중서림 엣센스 한일사전,覚ます,auto-selected score=134 meaning_hits=1 target_match=surface; query=覚ます
w_c33169a9a372be32,食後に薬を飲めとの[言う]医者からの指示があった.,식후에 약을 먹으란 의사의 지시가 있었다,naver-ja-dict,https://ja.dict.naver.com/#/search?query=%E9%A3%9F%E5%BE%8C,owner-confirmed-cleared,cleared,NAVER 일본어사전 · 민중서림 엣센스 한일사전,1787106510643,auto,0,339ed8e401504a038ee13a38d0faa95e,881982a8,민중서림 엣센스 한일사전,食後 식후,auto-selected score=134 meaning_hits=1 target_match=surface; query=食後 식후
w_c3f1957fd54e0cec,録画した1時間の番組を1.5倍速で見る,녹화한 1시간짜리 프로그램을 1.5배속으로 보다,naver-ja-dict,https://ja.dict.naver.com/#/search?query=%E9%8C%B2%E7%94%BB,owner-confirmed-cleared,cleared,NAVER 일본어사전 · 민중서림 엣센스 일한사전,1787106452410,auto,0,cfe2384f4d2e435f9cff2c7143990fbe,081341B9,민중서림 엣센스 일한사전,録画 녹화,auto-selected score=134 meaning_hits=1 target_match=surface; query=録画 녹화
w_c41eee18ef321c5f,ピレスロイドは虫の皮膚から体内に入り，神経の働きを妨害する,"피레트로이드는 벌레의 피부를 통해 체내에 들어가, 신경 작용을 방해한다.",naver-ja-dict,https://ja.dict.naver.com/#/search?query=%E5%83%8D%E3%81%8D,owner-confirmed-cleared,cleared,NAVER 일본어사전 · 민중서림 엣센스 외래어사전,1787106441076,auto,0,b6be95a69cb044848385bfbcb91c7d83,8800047F,민중서림 엣센스 외래어사전,働き,auto-selected score=134 meaning_hits=1 target_match=surface; query=働き
w_c5456fe6a3cb85c8,急速に事態は収拾に向かった.,사태는 급속히 수습되어 갔다,naver-ja-dict,https://ja.dict.naver.com/#/search?query=%E4%BA%8B%E6%85%8B,owner-confirmed-cleared,cleared,NAVER 일본어사전 · 민중서림 엣센스 한일사전,1787106580715,auto,0,9c193241ca874057ba3b639c1f3fac97,881982a8,민중서림 엣센스 한일사전,事態 사태,auto-selected score=134 meaning_hits=1 target_match=surface; query=事態 사태
w_c5615ac412de6b64,台本を書き直す,대본을 고쳐[다시] 쓰다.,naver-ja-dict,https://ja.dict.naver.com/#/search?query=%E6%9B%B8%E3%81%8D%E7%9B%B4%E3%81%99,owner-confirmed-cleared,cleared,NAVER 일본어사전 · 민중서림 엣센스 일한사전,1787106525799,auto,0,3f2bb0e29965410a92d34749ad662fbe,081341B9,민중서림 엣센스 일한사전,書き直す,auto-selected score=113 meaning_hits=2 target_match=surface; query=書き直す
w_c56f799a1d41599e,今回は特別ルールで行われるため、それではルールを確認しておく。,"이번에는 특별 룰로 진행되니, 규칙을 확인해 보겠다.",naver-ja-dict,https://ja.dict.naver.com/#/search?query=%E3%83%AB%E3%83%BC%E3%83%AB,owner-confirmed-cleared,cleared,NAVER 일본어사전 · 플리토,1787106578362,auto,0,0002cf4f6a9047d787299dec29da7033,88222sj2,플리토,ルール 룰 규칙 자,auto-selected score=124 meaning_hits=1 target_match=surface; query=ルール 룰 규칙 자
w_c5774c8d300e66ca,答案を出す前に験算する.,답안을 내기 전에 검산하다,naver-ja-dict,https://ja.dict.naver.com/#/search?query=%E7%AD%94%E6%A1%88,owner-confirmed-cleared,cleared,NAVER 일본어사전 · 민중서림 엣센스 한일사전,1787106520840,auto,0,6db4df563789434495de4afac32011be,881982a8,민중서림 엣센스 한일사전,答案 답안,auto-selected score=134 meaning_hits=1 target_match=surface; query=答案 답안
w_c5819037abc1c6a0,高齢者のQOL改善に貢献する,고령자의 삶의 질 개선에 공헌하다,naver-ja-dict,https://ja.dict.naver.com/#/search?query=%E9%AB%98%E9%BD%A2%E8%80%85,owner-confirmed-cleared,cleared,NAVER 일본어사전 · 민중서림 엣센스 일한사전,1787106445404,auto,0,c02436695dd048278fe174e2de63c627,081341B9,민중서림 엣센스 일한사전,高齢者 고령자,auto-selected score=101 meaning_hits=1 target_match=surface; query=高齢者 고령자
w_c58699ef273c3ff5,慣例により[基づいて]式を挙げる.,관례에 인하여 식을 올리다,naver-ja-dict,https://ja.dict.naver.com/#/search?query=%E6%8C%99%E3%81%92%E3%82%8B,owner-confirmed-cleared,cleared,NAVER 일본어사전 · 민중서림 엣센스 한일사전,1787106631936,auto,0,b01fae13cc0c4c26ab02bfd341543303,881982a8,민중서림 엣센스 한일사전,挙げる,auto-selected score=122 meaning_hits=0 target_match=surface; query=挙げる
w_c5c0c494ea4f9173,その事件が週報に載る.,그 사건이 주보에 실리다,naver-ja-dict,https://ja.dict.naver.com/#/search?query=%E8%BC%89%E3%82%8B,owner-confirmed-cleared,cleared,NAVER 일본어사전 · 민중서림 엣센스 한일사전,1787106509998,auto,0,9717c7382ff34adf8c7626e7d6141fb9,881982a8,민중서림 엣센스 한일사전,載る,auto-selected score=134 meaning_hits=1 target_match=surface; query=載る
w_c5f69fdab7e56d26,君側の奸を除く,군주 곁의 간신을 제거하다,naver-ja-dict,https://ja.dict.naver.com/#/search?query=%E9%99%A4%E3%81%8F,owner-confirmed-cleared,cleared,NAVER 일본어사전 · 민중서림 엣센스 일한사전,1787106454136,auto,0,1dda951e06f34ae0b582e5285f46f446,081341B9,민중서림 엣센스 일한사전,除く,auto-selected score=121 meaning_hits=1 target_match=surface; query=除く
w_c83e310329478e0f,美術に対する目がある,미술에 대한 눈이 있다,naver-ja-dict,https://ja.dict.naver.com/#/search?query=%E7%BE%8E%E8%A1%93,owner-confirmed-cleared,cleared,NAVER 일본어사전 · 민중서림 엣센스 한일사전,1787106454719,auto,0,2d22887b4ee24e6695ddff4b0af6c97d,881982a8,민중서림 엣센스 한일사전,美術 미술,auto-selected score=129 meaning_hits=1 target_match=surface; query=美術 미술
w_c9d43ad9370c1ef1,初心者にアユ釣りのこつを伝授する.,초심자에게 은어 낚시의 요령을 전수하다,naver-ja-dict,https://ja.dict.naver.com/#/search?query=%E5%88%9D%E5%BF%83%E8%80%85,owner-confirmed-cleared,cleared,NAVER 일본어사전 · 민중서림 엣센스 한일사전,1787106441679,auto,0,76ebeff9f8964ba2bdd894c7736f3bb0,881982a8,민중서림 엣센스 한일사전,初心者 초심자 초보자,auto-selected score=126 meaning_hits=1 target_match=surface; query=初心者 초심자 초보자
w_ca440ce4b8447f12,腹が錐でもむように痛む.,배가 송곳으로 쑤시는 듯이 아프다,naver-ja-dict,https://ja.dict.naver.com/#/search?query=%E7%97%9B%E3%82%80,owner-confirmed-cleared,cleared,NAVER 일본어사전 · 민중서림 엣센스 한일사전,1787106502836,auto,0,b07315904f354d479561475f95fd6c1e,881982a8,민중서림 엣센스 한일사전,痛む,auto-selected score=126 meaning_hits=1 target_match=surface; query=痛む
w_ca9c095f915a5363,食事の量を減らしたり朝食を抜くなど，ダイエットの方法にも問題があった,식사량을 줄이거나 아침 식사를 거르는 등 다이어트 방법에도 문제가 있었다.,naver-ja-dict,https://ja.dict.naver.com/#/search?query=%E3%83%80%E3%82%A4%E3%82%A8%E3%83%83%E3%83%88,owner-confirmed-cleared,cleared,NAVER 일본어사전 · 민중서림 엣센스 외래어사전,1787106428038,auto,0,1b8e11054dd2483ba5c5e5325fa35287,8800047F,민중서림 엣센스 외래어사전,ダイエット,auto-selected score=134 meaning_hits=1 target_match=surface; query=ダイエット
w_cad8582b7a300d32,"運転席からは死角をなしているので,歩行者が見えない.",운전석에서는 사각을 이루고 있어서 보행자가 보이지 않는다,naver-ja-dict,https://ja.dict.naver.com/#/search?query=%E9%81%8B%E8%BB%A2%E5%B8%AD,owner-confirmed-cleared,cleared,NAVER 일본어사전 · 민중서림 엣센스 한일사전,1787106566813,auto,0,223125af8bc74b93b3fdcbd8ee537342,881982a8,민중서림 엣센스 한일사전,運転席 운전석,auto-selected score=126 meaning_hits=1 target_match=surface; query=運転席 운전석
w_cb129e00b314dadb,うちの工場はいつも注文が多くて1年ずっと無休で稼働する。,우리 공장은 항상 주문이 밀려 있어서 일 년 내내 무휴로 가동된다.,naver-ja-dict,https://ja.dict.naver.com/#/search?query=%E7%84%A1%E4%BC%91,owner-confirmed-cleared,cleared,NAVER 일본어사전 · 국립국어원 한국어-일본어 학습사전,1787106516547,auto,0,af4ff7935d3f4d379e216358ca6e6bc9,8819cr4o,국립국어원 한국어-일본어 학습사전,無休 무휴,auto-selected score=114 meaning_hits=1 target_match=surface; query=無休 무휴
w_cc4e34db111baec1,年寄りの役をつとめる.,노인 역을 맡아 하다,naver-ja-dict,https://ja.dict.naver.com/#/search?query=%E5%B9%B4%E5%AF%84%E3%82%8A,owner-confirmed-cleared,cleared,NAVER 일본어사전 · 민중서림 엣센스 한일사전,1787106476313,auto,0,69664f3e154d4487971e01ade81fe88a,881982a8,민중서림 엣센스 한일사전,年寄り,auto-selected score=176 meaning_hits=1 target_match=surface; query=年寄り
w_cd8f0f97b64b50c1,何方に転んでもうれしくない,(사태가) 어떻게 되든[바뀌든] 달갑지 않다.,naver-ja-dict,https://ja.dict.naver.com/#/search?query=%E4%BD%95%E6%96%B9,owner-confirmed-cleared,cleared,NAVER 일본어사전 · 민중서림 엣센스 일한사전,1787106525035,auto,0,214b848ffac044598f72f98f9038a2c2,081341B9,민중서림 엣센스 일한사전,何方,auto-selected score=117 meaning_hits=0 target_match=surface; query=何方
w_cf2a4cf526e52539,退学[放校]処分を受ける,퇴학 처분을 받다,naver-ja-dict,https://ja.dict.naver.com/#/search?query=%E9%80%80%E5%AD%A6,owner-confirmed-cleared,cleared,NAVER 일본어사전 · 민중서림 엣센스 한일사전,1787106490965,auto,0,6aa92d79431146c0bbf2e5bde4e4ef31,881982a8,민중서림 엣센스 한일사전,退学 퇴학,auto-selected score=129 meaning_hits=1 target_match=surface; query=退学 퇴학
w_cfdd0fb257b0c8af,未来は若者の双肩にかかっている,미래는 젊은이[청년]의 양어깨에 달려 있다,naver-ja-dict,https://ja.dict.naver.com/#/search?query=%E8%8B%A5%E8%80%85,owner-confirmed-cleared,cleared,NAVER 일본어사전 · 민중서림 엣센스 일한사전,1787106441375,auto,0,ddb00df8e676418793e087ffc2e10dd3,081341B9,민중서림 엣센스 일한사전,若者 젊은이 청년,auto-selected score=141 meaning_hits=2 target_match=surface; query=若者 젊은이 청년
w_d0683c1373c27189,(鶏が)卵を抱く.,닭이 알을 품다,naver-ja-dict,https://ja.dict.naver.com/#/search?query=%E6%8A%B1%E3%81%8F,owner-confirmed-cleared,cleared,NAVER 일본어사전 · 민중서림 엣센스 한일사전,1787106484643,auto,0,f4af57e2380543e9a70345e30ccb55e6,881982a8,민중서림 엣센스 한일사전,抱く,auto-selected score=126 meaning_hits=1 target_match=surface; query=抱く
w_d0c5de51a55d62d4,学問とは偶然に成就するものではない。それは情熱を持って探し求められ、不断の努力を持って対応されなければならいない。(アビゲイル・アダムズ),"배움은 우연히 얻어지는 것이 아니라 열성을 다해 갈구하고 부지런히 집중해야 얻을 수 있는 것이다. (애비게일 애덤스, 공부명언)",naver-ja-dict,https://ja.dict.naver.com/#/search?query=%E4%B8%8D%E6%96%AD,owner-confirmed-cleared,cleared,NAVER 일본어사전 · 명언/속담,1787106523130,auto,0,a06ba7a8862942a6908ab0ccb58af541,0010891C,명언/속담,不断,auto-selected score=112 meaning_hits=0 target_match=surface; query=不断
w_d11646e16d3756f0,日常をありのままに描いた,일상을 있는 그대로 묘사했다,naver-ja-dict,https://ja.dict.naver.com/#/search?query=%E6%97%A5%E5%B8%B8,owner-confirmed-cleared,cleared,NAVER 일본어사전 · 민중서림 엣센스 일한사전,1787106425148,auto,0,14fd2681b0364e499c0648ae62fe9c5b,081341B9,민중서림 엣센스 일한사전,日常 일상,auto-selected score=129 meaning_hits=1 target_match=surface; query=日常 일상
w_d14478866102d5ab,ライオンのほえ声を聞いてひやりとした.,사자가 우는 소리를 듣고 오싹했다,naver-ja-dict,https://ja.dict.naver.com/#/search?query=%E3%83%A9%E3%82%A4%E3%82%AA%E3%83%B3,owner-confirmed-cleared,cleared,NAVER 일본어사전 · 민중서림 엣센스 한일사전,1787106468930,auto,0,416c826f831e49d39707915cead0da53,881982a8,민중서림 엣센스 한일사전,ライオン 라이온 사자,auto-selected score=134 meaning_hits=1 target_match=surface; query=ライオン 라이온 사자
w_d387124aff2d8230,同じ曲を聞き直す,같은 곡을 다시 듣다,naver-ja-dict,https://ja.dict.naver.com/#/search?query=%E8%81%9E%E3%81%8D%E7%9B%B4%E3%81%99,owner-confirmed-cleared,cleared,NAVER 일본어사전 · 교학사 일한사전,1787106569831,auto,0,06af82759c6844a29db113213d583449,080004F6,교학사 일한사전,聞き直す,auto-selected score=119 meaning_hits=1 target_match=surface; query=聞き直す
w_d3c59b685ddd1a06,悲しみの影が消えない.,슬픔의 그림자가 가시지 않는다,naver-ja-dict,https://ja.dict.naver.com/#/search?query=%E6%82%B2%E3%81%97%E3%81%BF,owner-confirmed-cleared,cleared,NAVER 일본어사전 · 민중서림 엣센스 한일사전,1787106471060,auto,0,cf2254cc27af4e239bc370a537c17a3f,881982a8,민중서림 엣센스 한일사전,悲しみ,auto-selected score=134 meaning_hits=1 target_match=surface; query=悲しみ
w_d3eccf02a19fbacf,アパートの広告を見るや電話を掛け，アポイントメントをとる,아파트의 광고를 보자마자 전화를 걸어 약속을 한다.,naver-ja-dict,https://ja.dict.naver.com/#/search?query=%E6%8E%9B%E3%81%91,owner-confirmed-cleared,cleared,NAVER 일본어사전 · 민중서림 엣센스 외래어사전,1787106580044,auto,0,a18c3e56f3c4450ab9d35970343e4831,8800047F,민중서림 엣센스 외래어사전,掛け,auto-selected score=164 meaning_hits=0 target_match=surface; query=掛け
w_d43586a42ab501c0,従兄弟の兄は満期で軍から除隊した。,사촌 형은 만기로 군에서 제대하였다.,naver-ja-dict,https://ja.dict.naver.com/#/search?query=%E5%BE%93%E5%85%84%E5%BC%9F,owner-confirmed-cleared,cleared,NAVER 일본어사전 · 국립국어원 한국어-일본어 학습사전,1787106500528,auto,0,7d34c12f6f2541c3a509db400ac4b98f,8819cr4o,국립국어원 한국어-일본어 학습사전,従兄弟,auto-selected score=148 meaning_hits=1 target_match=surface; query=従兄弟
w_d4b0c385a06e569e,何の意味もなくにっこりする.,아무 까닭도 없이 생긋 웃다,naver-ja-dict,https://ja.dict.naver.com/#/search?query=%E3%81%AB%E3%81%A3%E3%81%93%E3%82%8A,owner-confirmed-cleared,cleared,NAVER 일본어사전 · 민중서림 엣센스 한일사전,1787106513786,auto,0,2ee4779f6b97481ebcfb6cacfb043e59,881982a8,민중서림 엣센스 한일사전,にっこり 생긋 방긋,auto-selected score=134 meaning_hits=1 target_match=surface; query=にっこり 생긋 방긋
w_d50b7c04a498ae55,彼はアンダードッグだったのか，タイトル挑戦を恐れていた,"그는 낙오자였는지, 타이틀 도전을 겁내고 있었다.",naver-ja-dict,https://ja.dict.naver.com/#/search?query=%E3%82%BF%E3%82%A4%E3%83%88%E3%83%AB,owner-confirmed-cleared,cleared,NAVER 일본어사전 · 민중서림 엣센스 외래어사전,1787106572066,auto,0,1e3447d0f3c449858c4915258ede1301,8800047F,민중서림 엣센스 외래어사전,タイトル,auto-selected score=134 meaning_hits=1 target_match=surface; query=タイトル
w_d6c067ad1ac83bec,試合は後半になってから逆転した.,경기는 후반에 가서 역전되었다,naver-ja-dict,https://ja.dict.naver.com/#/search?query=%E5%BE%8C%E5%8D%8A,owner-confirmed-cleared,cleared,NAVER 일본어사전 · 민중서림 엣센스 한일사전,1787106425442,auto,0,3b3f6bbf9c2b40cdadd2e0815447681b,881982a8,민중서림 엣센스 한일사전,後半 후반,auto-selected score=134 meaning_hits=1 target_match=surface; query=後半 후반
w_d6ec9a493cd36ce2,明確な日付が思い出せない,명확한 날짜가 생각나지 않는다.,naver-ja-dict,https://ja.dict.naver.com/#/search?query=%E6%97%A5%E4%BB%98,owner-confirmed-cleared,cleared,NAVER 일본어사전 · 민중서림 엣센스 일한사전,1787106471468,auto,0,e6ec552d29614c909d8247b4cc8c2a06,081341B9,민중서림 엣센스 일한사전,日付,auto-selected score=129 meaning_hits=1 target_match=surface; query=日付
w_d75e7b9fb0b1413b,授業料は月額15万ウォンだ.,수업료는 월액 15만 원이다,naver-ja-dict,https://ja.dict.naver.com/#/search?query=%E6%8E%88%E6%A5%AD%E6%96%99,owner-confirmed-cleared,cleared,NAVER 일본어사전 · 민중서림 엣센스 한일사전,1787106448685,auto,0,39559ba509c147939b5acbf5a2351b2f,881982a8,민중서림 엣센스 한일사전,授業料 수업료,auto-selected score=126 meaning_hits=1 target_match=surface; query=授業料 수업료
w_d77f137891d73cca,思いがけない大金を摑む,뜻하지 않은 큰돈을 손에 넣다,naver-ja-dict,https://ja.dict.naver.com/#/search?query=%E6%91%91%E3%82%80,owner-confirmed-cleared,cleared,NAVER 일본어사전 · 교학사 일한사전,1787106539314,auto,0,35612b2d7777450b86971352047dd512,080004F6,교학사 일한사전,摑む,auto-selected score=131 meaning_hits=2 target_match=surface; query=摑む
w_d9d2a4da8711a1ad,親戚の子を養子にする.,친척 집 아이를 양자로 삼다,naver-ja-dict,https://ja.dict.naver.com/#/search?query=%E8%A6%AA%E6%88%9A,owner-confirmed-cleared,cleared,NAVER 일본어사전 · 민중서림 엣센스 한일사전,1787106473741,auto,0,0b93f064dd7b41b9852c1911028df494,881982a8,민중서림 엣센스 한일사전,親戚 친척 집안,auto-selected score=134 meaning_hits=1 target_match=surface; query=親戚 친척 집안
w_da401be519fa13ba,勢い込んで上司に詰め寄る.,기세 있게 상사에게 들이대다,naver-ja-dict,https://ja.dict.naver.com/#/search?query=%E4%B8%8A%E5%8F%B8,owner-confirmed-cleared,cleared,NAVER 일본어사전 · 민중서림 엣센스 한일사전,1787106439765,auto,0,9a3af3c919c34748ad536a6633938907,881982a8,민중서림 엣센스 한일사전,上司,auto-selected score=134 meaning_hits=1 target_match=surface; query=上司
w_da5d97115c037cf6,急ブレーキをかける.,급브레이크를 밟다[걸다],naver-ja-dict,https://ja.dict.naver.com/#/search?query=%E6%80%A5%E3%83%96%E3%83%AC%E3%83%BC%E3%82%AD,owner-confirmed-cleared,cleared,NAVER 일본어사전 · 민중서림 엣센스 한일사전,1787106568857,auto,0,92d55784affb4f7c8a0c35f4b7174e2e,881982a8,민중서림 엣센스 한일사전,急ブレーキ 급브레이크,auto-selected score=134 meaning_hits=1 target_match=surface; query=急ブレーキ 급브레이크
w_dba72914468266c9,一人娘を手放す,외딸을 시집보내다,naver-ja-dict,https://ja.dict.naver.com/#/search?query=%E4%B8%80%E4%BA%BA%E5%A8%98,owner-confirmed-cleared,cleared,NAVER 일본어사전 · 민중서림 엣센스 일한사전,1787106521417,auto,0,9c0ffac1ddae4cb584e9b8be4500a57e,081341B9,민중서림 엣센스 일한사전,一人娘 외딸,auto-selected score=120 meaning_hits=1 target_match=surface; query=一人娘 외딸
w_dc9763857b02bb07,支社に転属になる.,지사에 전속되다,naver-ja-dict,https://ja.dict.naver.com/#/search?query=%E6%94%AF%E7%A4%BE,owner-confirmed-cleared,cleared,NAVER 일본어사전 · 민중서림 엣센스 한일사전,1787106507444,auto,0,d621cd1a2b324246876aa666ddaede25,881982a8,민중서림 엣센스 한일사전,支社,auto-selected score=134 meaning_hits=1 target_match=surface; query=支社
w_dcaabdcb8c29b760,代金の振り込みを求める,대금의 계좌 납입을 요구하다,naver-ja-dict,https://ja.dict.naver.com/#/search?query=%E6%8C%AF%E3%82%8A%E8%BE%BC%E3%81%BF,owner-confirmed-cleared,cleared,NAVER 일본어사전 · 민중서림 엣센스 일한사전,1787106513193,auto,0,22be663cfa1d44669c6554c21dd8ea20,081341B9,민중서림 엣센스 일한사전,振り込み,auto-selected score=109 meaning_hits=1 target_match=surface; query=振り込み
w_dce7799bec2f3e5c,構想が纏まる,구상이 서다[끝나다],naver-ja-dict,https://ja.dict.naver.com/#/search?query=%E7%BA%8F%E3%81%BE%E3%82%8B,owner-confirmed-cleared,cleared,NAVER 일본어사전 · 민중서림 엣센스 일한사전,1787106550825,auto,0,807d1679c66f4dd0b6a862d5f26867a2,081341B9,민중서림 엣센스 일한사전,纏まる,auto-selected score=129 meaning_hits=1 target_match=surface; query=纏まる
w_dcfa52b3bae6d879,一箇月の静養を要する.,일 개월의 정양을 요하다,naver-ja-dict,https://ja.dict.naver.com/#/search?query=%E4%B8%80%E7%AE%87%E6%9C%88,owner-confirmed-cleared,cleared,NAVER 일본어사전 · 민중서림 엣센스 한일사전,1787106538099,auto,0,c462dd63621e4d69ad1059571db0f095,881982a8,민중서림 엣센스 한일사전,一箇月 일개월 한 달,auto-selected score=126 meaning_hits=1 target_match=surface; query=一箇月 일개월 한 달
w_dd457a580a11531b,名人の芸には遊びがある,명인의 기예에는 여유가 있다,naver-ja-dict,https://ja.dict.naver.com/#/search?query=%E5%90%8D%E4%BA%BA,owner-confirmed-cleared,cleared,NAVER 일본어사전 · 민중서림 엣센스 일한사전,1787106496904,auto,0,7019dd5e26684759915d0472feb1a13c,081341B9,민중서림 엣센스 일한사전,名人,auto-selected score=129 meaning_hits=1 target_match=surface; query=名人
w_dde7cc1c8a84f6f6,恋愛が実を結んで結婚した.,연애가 결실을 해서 결혼했다,naver-ja-dict,https://ja.dict.naver.com/#/search?query=%E6%81%8B%E6%84%9B,owner-confirmed-cleared,cleared,NAVER 일본어사전 · 민중서림 엣센스 한일사전,1787106578084,auto,0,6b992df9bdb8419c92893a9c64496cee,881982a8,민중서림 엣센스 한일사전,恋愛 연애,auto-selected score=134 meaning_hits=1 target_match=surface; query=恋愛 연애
w_de8870d2dd7e2401,役立つと期待している,도움이 될 것으로 기대하고 있다,naver-ja-dict,https://ja.dict.naver.com/#/search?query=%E5%BD%B9%E7%AB%8B%E3%81%A4,owner-confirmed-cleared,cleared,NAVER 일본어사전 · 민중서림 엣센스 일한사전,1787106476717,auto,0,f69794c0d0494dc1babf6b677857f60d,081341B9,민중서림 엣센스 일한사전,役立つ,auto-selected score=129 meaning_hits=1 target_match=surface; query=役立つ
w_de9503f6e657850e,この葬儀には亡くなった人の魂を死後の世界に奉送する儀式がある。,이 장례 절차 중에는 죽은 사람의 영혼을 사후 세계로 봉송하는 의식이 있다.,naver-ja-dict,https://ja.dict.naver.com/#/search?query=%E6%AD%BB%E5%BE%8C,owner-confirmed-cleared,cleared,NAVER 일본어사전 · 국립국어원 한국어-일본어 학습사전,1787106479616,auto,0,be252ad4429044cfaefdb5da11a5b440,8819cr4o,국립국어원 한국어-일본어 학습사전,死後 사후 죽은 뒤,auto-selected score=126 meaning_hits=2 target_match=surface; query=死後 사후 죽은 뒤
w_df9b224a20a0f6ad,"彼は働き者なので,いつも朝6時に起きる",그는 부지런한 사람이라서 늘 아침 6시에 일어난다,naver-ja-dict,https://ja.dict.naver.com/#/search?query=%E5%83%8D%E3%81%8D%E8%80%85,owner-confirmed-cleared,cleared,NAVER 일본어사전 · 민중서림 엣센스 한일사전,1787106563198,auto,0,ab1c8a5c222c49c6ac6660fff27a063d,881982a8,민중서림 엣센스 한일사전,働き者,auto-selected score=126 meaning_hits=2 target_match=surface; query=働き者
w_e03a4f35d60c82b8,新しい高速道路が広広と走っている.,새 고속 도로가 널찍하게 나 있다,naver-ja-dict,https://ja.dict.naver.com/#/search?query=%E9%AB%98%E9%80%9F%E9%81%93%E8%B7%AF,owner-confirmed-cleared,cleared,NAVER 일본어사전 · 민중서림 엣센스 한일사전,1787106450783,auto,0,c585a5416ea042408a1795a664bc2bac,881982a8,민중서림 엣센스 한일사전,高速道路 고속도로,auto-selected score=94 meaning_hits=1 target_match=surface; query=高速道路 고속도로
w_e04695b03865adc5,火急の用件で上阪する,화급한 용건으로 大阪에 가다.,naver-ja-dict,https://ja.dict.naver.com/#/search?query=%E7%94%A8%E4%BB%B6,owner-confirmed-cleared,cleared,NAVER 일본어사전 · 민중서림 엣센스 일한사전,1787106518992,auto,0,0c183ffe00994015ae45f98647f04ffa,081341B9,민중서림 엣센스 일한사전,用件 용건,auto-selected score=129 meaning_hits=1 target_match=surface; query=用件 용건
w_e0b4071a2a37d8ed,"選挙[就職, 野外]運動をする.","선거[취직, 야외] 운동을 하다",naver-ja-dict,https://ja.dict.naver.com/#/search?query=%E9%81%B8%E6%8C%99,owner-confirmed-cleared,cleared,NAVER 일본어사전 · 민중서림 엣센스 한일사전,1787106415405,auto,0,c4c8b0310a45496f878ffd54ad3e5ac6,881982a8,민중서림 엣센스 한일사전,選挙 선거,auto-selected score=134 meaning_hits=1 target_match=surface; query=選挙 선거
w_e0e3c42113efaff5,私人の資格で参加する,한 개인의 자격으로 참가하다,naver-ja-dict,https://ja.dict.naver.com/#/search?query=%E8%B3%87%E6%A0%BC,owner-confirmed-cleared,cleared,NAVER 일본어사전 · 민중서림 엣센스 한일사전,1787106581600,auto,0,93ec6e0e68b54a97b7fd66f071b57289,881982a8,민중서림 엣센스 한일사전,資格 자격,auto-selected score=129 meaning_hits=1 target_match=surface; query=資格 자격
w_e12c57237323c262,ジスは絵を描く時、繰り返しと変奏を活用する。,지수는 그림을 그릴 때 반복과 변주를 활용한다.,naver-ja-dict,https://ja.dict.naver.com/#/search?query=%E7%B9%B0%E3%82%8A%E8%BF%94%E3%81%97,owner-confirmed-cleared,cleared,NAVER 일본어사전 · 국립국어원 한국어-일본어 학습사전,1787106428428,auto,0,7618bf4c04354b229c3e703cecc658a9,8819cr4o,국립국어원 한국어-일본어 학습사전,繰り返し,auto-selected score=102 meaning_hits=0 target_match=surface; query=繰り返し
w_e17ea15496eb154b,本に目を近づける,책에 눈을 가까이 대다,naver-ja-dict,https://ja.dict.naver.com/#/search?query=%E8%BF%91%E3%81%A5%E3%81%91%E3%82%8B,owner-confirmed-cleared,cleared,NAVER 일본어사전 · 민중서림 엣센스 일한사전,1787106506391,auto,0,c9ea8394ae7f4faea091d6999d7188c1,081341B9,민중서림 엣센스 일한사전,近づける,auto-selected score=141 meaning_hits=2 target_match=surface; query=近づける
w_e19dc791338b72ca,"昔,中国では纏足の風俗があった.",예전에 중국에서는 전족의 풍습이 있었다,naver-ja-dict,https://ja.dict.naver.com/#/search?query=%E4%B8%AD%E5%9B%BD,owner-confirmed-cleared,cleared,NAVER 일본어사전 · 민중서림 엣센스 한일사전,1787106413247,auto,0,71d9cf17c00443bc816cb0b9bf16feed,881982a8,민중서림 엣센스 한일사전,中国,auto-selected score=134 meaning_hits=1 target_match=surface; query=中国
w_e1c3d69fb48c2215,街乗りするために原付バイクを購入する,동네에서 타기 위해 원동기 장치 자전거를 구입하다,naver-ja-dict,https://ja.dict.naver.com/#/search?query=%E3%83%90%E3%82%A4%E3%82%AF,owner-confirmed-cleared,cleared,NAVER 일본어사전 · 민중서림 엣센스 일한사전,1787106438057,auto,0,2bd2943420ca4005b03cc09311923e3a,081341B9,민중서림 엣센스 일한사전,バイク,auto-selected score=129 meaning_hits=1 target_match=surface; query=バイク
w_e3298fa913836f90,今回は見送りとする,이번에는 보류하기로 한다,naver-ja-dict,https://ja.dict.naver.com/#/search?query=%E8%A6%8B%E9%80%81%E3%82%8A,owner-confirmed-cleared,cleared,NAVER 일본어사전 · 민중서림 엣센스 일한사전,1787106499764,auto,0,e2d20c0e65dc4eccbb5437c520fd4a94,081341B9,민중서림 엣센스 일한사전,見送り,auto-selected score=129 meaning_hits=1 target_match=surface; query=見送り
w_e39e84b6a36f611f,最悪な結果になってしまった,최악의 결과가 되고 말았다,naver-ja-dict,https://ja.dict.naver.com/#/search?query=%E6%9C%80%E6%82%AA,owner-confirmed-cleared,cleared,NAVER 일본어사전 · 민중서림 엣센스 일한사전,1787106581007,auto,0,2a291c3358524714a2d630a1fb0ed765,081341B9,민중서림 엣센스 일한사전,最悪 최악,auto-selected score=129 meaning_hits=1 target_match=surface; query=最悪 최악
w_e43a3b7917307e71,ハンバーガー屋では作ったハンバーガーをアルミホイルで包んで販売した。,햄버거 가게에서는 만든 햄버거를 은박지로 싸서 판매하였다.,naver-ja-dict,https://ja.dict.naver.com/#/search?query=%E3%82%A2%E3%83%AB%E3%83%9F%E3%83%9B%E3%82%A4%E3%83%AB,owner-confirmed-cleared,cleared,NAVER 일본어사전 · 국립국어원 한국어-일본어 학습사전,1787106563573,auto,0,70d7b32fa91e4ad0b53dc40dfc2061f9,8819cr4o,국립국어원 한국어-일본어 학습사전,アルミホイル,auto-selected score=122 meaning_hits=0 target_match=surface; query=アルミホイル
w_e4c9292a85cf139b,柱の根方が腐る.,기둥의 밑동이 썩다,naver-ja-dict,https://ja.dict.naver.com/#/search?query=%E8%85%90%E3%82%8B,owner-confirmed-cleared,cleared,NAVER 일본어사전 · 민중서림 엣센스 한일사전,1787106509330,auto,0,0c8e26c3df374f2ea4ba0d9378405a12,881982a8,민중서림 엣센스 한일사전,腐る,auto-selected score=134 meaning_hits=1 target_match=surface; query=腐る
w_e4f2d01897bef251,合格しても学費が続かない,합격해도 학비를 댈 수 없다,naver-ja-dict,https://ja.dict.naver.com/#/search?query=%E5%AD%A6%E8%B2%BB,owner-confirmed-cleared,cleared,NAVER 일본어사전 · 민중서림 엣센스 일한사전,1787106501103,auto,0,3c31de0cf9ba4383bd8ed23e3bead4af,081341B9,민중서림 엣센스 일한사전,学費 학비,auto-selected score=129 meaning_hits=1 target_match=surface; query=学費 학비
w_e5aa4df3ce7fe68a,洗濯物が風でぱさぱさとなる.,세탁물이 바람에 구덕구덕 마르다,naver-ja-dict,https://ja.dict.naver.com/#/search?query=%E6%B4%97%E6%BF%AF%E7%89%A9,owner-confirmed-cleared,cleared,NAVER 일본어사전 · 민중서림 엣센스 한일사전,1787106451542,auto,0,d3dd374bb9b14d8e88b60f067623d90a,881982a8,민중서림 엣센스 한일사전,洗濯物 세탁물,auto-selected score=126 meaning_hits=1 target_match=surface; query=洗濯物 세탁물
w_e60384ddb682ed53,体重を減らすために減食する.,체중을 줄이기 위해서 감식하다,naver-ja-dict,https://ja.dict.naver.com/#/search?query=%E6%B8%9B%E3%82%89%E3%81%99,owner-confirmed-cleared,cleared,NAVER 일본어사전 · 민중서림 엣센스 한일사전,1787106477396,auto,0,bf6cd8a7a441423d9d69b848ca2b7510,881982a8,민중서림 엣센스 한일사전,減らす,auto-selected score=122 meaning_hits=0 target_match=surface; query=減らす
w_e623add8575d25cd,かっぱらいがハンドバッグをひったくって行った.,날치기가 핸드백을 채 갔다,naver-ja-dict,https://ja.dict.naver.com/#/search?query=%E3%83%8F%E3%83%B3%E3%83%89%E3%83%90%E3%83%83%E3%82%B0,owner-confirmed-cleared,cleared,NAVER 일본어사전 · 민중서림 엣센스 한일사전,1787106521132,auto,0,7189c3f216ab416f89cdca8aa1fa4f32,881982a8,민중서림 엣센스 한일사전,ハンドバッグ 핸드백,auto-selected score=134 meaning_hits=1 target_match=surface; query=ハンドバッグ 핸드백
w_e6399fe1d1efe9bf,太鼓を叩く,남의 말에 맞장구치며 비위를 맞추다; 북을 치다,naver-ja-dict,https://ja.dict.naver.com/#/search?query=%E5%8F%A9%E3%81%8F,owner-confirmed-cleared,cleared,NAVER 일본어사전 · 민중서림 엣센스 일한사전,1787106475839,auto,0,650d32bd86de47af8820068737528632,081341B9,민중서림 엣센스 일한사전,叩く,auto-selected score=121 meaning_hits=1 target_match=surface; query=叩く
w_e79a2a68bb81370e,傷に包帯をぐるぐると巻く.,상처에 붕대를 둘둘 감다,naver-ja-dict,https://ja.dict.naver.com/#/search?query=%E5%B7%BB%E3%81%8F,owner-confirmed-cleared,cleared,NAVER 일본어사전 · 민중서림 엣센스 한일사전,1787106508180,auto,0,63df6c99102346908e88afa1c0433919,881982a8,민중서림 엣센스 한일사전,巻く,auto-selected score=126 meaning_hits=1 target_match=surface; query=巻く
w_e7a6ad36430d0338,刷りがきれいだ,인쇄가 곱게 됐다.,naver-ja-dict,https://ja.dict.naver.com/#/search?query=%E5%88%B7%E3%82%8A,owner-confirmed-cleared,cleared,NAVER 일본어사전 · 민중서림 엣센스 일한사전,1787106562818,auto,0,a218239ec0d94cb08e7ba3a97126aa5a,081341B9,민중서림 엣센스 일한사전,刷り,auto-selected score=171 meaning_hits=1 target_match=surface; query=刷り
w_e7e25fb62d71ef5e,風当たりが強まる,바람이 세지다; 바람을 세게 타다,naver-ja-dict,https://ja.dict.naver.com/#/search?query=%E5%BC%B7%E3%81%BE%E3%82%8B,owner-confirmed-cleared,cleared,NAVER 일본어사전 · 민중서림 엣센스 일한사전,1787106515530,auto,0,f225b6891bd7403a9e9e40a8df63369f,081341B9,민중서림 엣센스 일한사전,強まる,auto-selected score=129 meaning_hits=1 target_match=surface; query=強まる
w_e8742697788ad4b4,道路の穴を埋める,도로에 파인 구멍을 메우다,naver-ja-dict,https://ja.dict.naver.com/#/search?query=%E9%81%93%E8%B7%AF,owner-confirmed-cleared,cleared,NAVER 일본어사전 · 민중서림 엣센스 일한사전,1787106423595,auto,0,9a654ca98de745e0bff4a6b6e870b075,081341B9,민중서림 엣센스 일한사전,道路 도로,auto-selected score=129 meaning_hits=1 target_match=surface; query=道路 도로
w_e97f640cc6f0be72,私はバスで眠ってしまっても降りなければならないバス停の前々のバス停か前のバス停で目が覚める。,나는 버스에서 잠이 들어도 내려야 할 정류장의 전전 정류장이나 전 정류장에서 눈이 떠진다.,naver-ja-dict,https://ja.dict.naver.com/#/search?query=%E3%83%90%E3%82%B9%E5%81%9C,owner-confirmed-cleared,cleared,NAVER 일본어사전 · 국립국어원 한국어-일본어 학습사전,1787106494241,auto,0,f304bed570fd4e16846d4d8870b763b4,8819cr4o,국립국어원 한국어-일본어 학습사전,バス停 버스 정류장,auto-selected score=126 meaning_hits=2 target_match=surface; query=バス停 버스 정류장
w_ea74f46423e1342a,ダウンを奪う,다운을 빼앗다.,naver-ja-dict,https://ja.dict.naver.com/#/search?query=%E3%83%80%E3%82%A6%E3%83%B3,owner-confirmed-cleared,cleared,NAVER 일본어사전 · 민중서림 엣센스 일한사전,1787106584122,auto,0,7d185bcb4a2046d3987613f8703009a9,081341B9,민중서림 엣센스 일한사전,ダウン,auto-selected score=121 meaning_hits=1 target_match=surface; query=ダウン
w_ea8d85daa22e9b11,スメハラに関するアンケート調査を実施する,냄새 괴롭힘에 관한 앙케트 조사를 실시하다,naver-ja-dict,https://ja.dict.naver.com/#/search?query=%E3%82%A2%E3%83%B3%E3%82%B1%E3%83%BC%E3%83%88,owner-confirmed-cleared,cleared,NAVER 일본어사전 · 민중서림 엣센스 일한사전,1787106453050,auto,0,6a02c39395b74b9aa6ff67b0c6f1667a,081341B9,민중서림 엣센스 일한사전,アンケート 앙케트 질문 조사,auto-selected score=141 meaning_hits=2 target_match=surface; query=アンケート 앙케트 질문 조사
w_eb465933500327f3,百から一まであべこべに数える.,100에서 1까지 거꾸로 세다,naver-ja-dict,https://ja.dict.naver.com/#/search?query=%E6%95%B0%E3%81%88%E3%82%8B,owner-confirmed-cleared,cleared,NAVER 일본어사전 · 민중서림 엣센스 한일사전,1787106495836,auto,0,a75605d61e844455bc0631d3e9aaca67,881982a8,민중서림 엣센스 한일사전,数える,auto-selected score=134 meaning_hits=1 target_match=surface; query=数える
w_eb8e0fe8ad252dbe,夜るに入って寒さが加わる,밤이 되어 추위가 더해지다,naver-ja-dict,https://ja.dict.naver.com/#/search?query=%E5%8A%A0%E3%82%8F%E3%82%8B,owner-confirmed-cleared,cleared,NAVER 일본어사전 · 민중서림 엣센스 일한사전,1787106488657,auto,0,397e803108c74380bbdc455f86ad140e,081341B9,민중서림 엣센스 일한사전,加わる,auto-selected score=129 meaning_hits=1 target_match=surface; query=加わる
w_ec04d6fa6e64036f,この試合は頂きだ,이 시합은 (내가) 이겼다,naver-ja-dict,https://ja.dict.naver.com/#/search?query=%E9%A0%82%E3%81%8D,owner-confirmed-cleared,cleared,NAVER 일본어사전 · 민중서림 엣센스 일한사전,1787106574549,auto,0,f76d382ad61245cfb51897ecc25544c3,081341B9,민중서림 엣센스 일한사전,頂き,auto-selected score=159 meaning_hits=0 target_match=surface; query=頂き
w_ed06ba8504d655d3,それがリーダーの使命なのだ,그것이 리더[지도자]의 사명인 것이다,naver-ja-dict,https://ja.dict.naver.com/#/search?query=%E3%83%AA%E3%83%BC%E3%83%80%E3%83%BC,owner-confirmed-cleared,cleared,NAVER 일본어사전 · 민중서림 엣센스 일한사전,1787106438330,auto,0,71618fad4db64930b7154d81ff2a1898,081341B9,민중서림 엣센스 일한사전,リーダー 리더 지도자 점선,auto-selected score=141 meaning_hits=2 target_match=surface; query=リーダー 리더 지도자 점선
w_edb63dc93f747a3a,路面の氷がスパイクで傷つけられることがなくなり，ミラー・バーンといわれる，鏡のようにつるつるの路面が多く出現するようになった,노면의 얼음이 스파이크로 상하는 일이 없어 ‘거울 도로’라고 하는 거울처럼 미끄러운 노면이 많이 출현하게 되었다.,naver-ja-dict,https://ja.dict.naver.com/#/search?query=%E8%B7%AF%E9%9D%A2,owner-confirmed-cleared,cleared,NAVER 일본어사전 · 민중서림 엣센스 외래어사전,1787106496501,auto,0,f14d649fc80f4b558a5a635c69927afe,8800047F,민중서림 엣센스 외래어사전,路面 노면 도로 위,auto-selected score=146 meaning_hits=2 target_match=surface; query=路面 노면 도로 위
w_ef32bf366e06c49f,右の上の歯に、虫歯があります。,오른쪽 윗니에 충치가 있어요. (병원/약국>안과/치과>치과),naver-ja-dict,https://ja.dict.naver.com/#/search?query=%E8%99%AB%E6%AD%AF,owner-confirmed-cleared,cleared,NAVER 일본어사전 · 글로벌회화,1787106502012,auto,0,147401c1343f43d1859d346972d6e171,0011CF26,글로벌회화,虫歯 충치,auto-selected score=132 meaning_hits=1 target_match=surface; query=虫歯 충치
w_f1b2618969d9c32c,互いに相対の関係にある.,서로 상대되는 관계에 있다,naver-ja-dict,https://ja.dict.naver.com/#/search?query=%E4%BA%92%E3%81%84%E3%81%AB,owner-confirmed-cleared,cleared,NAVER 일본어사전 · 민중서림 엣센스 한일사전,1787106472146,auto,0,c7cdcb7dccfe4456b88cc2503bde7d96,881982a8,민중서림 엣센스 한일사전,互いに 서로,auto-selected score=134 meaning_hits=1 target_match=surface; query=互いに 서로
w_f2283357a892d08d,互いに解けて話し合う,서로 격의 없이 이야기하다,naver-ja-dict,https://ja.dict.naver.com/#/search?query=%E8%A9%B1%E3%81%97%E5%90%88%E3%81%86,owner-confirmed-cleared,cleared,NAVER 일본어사전 · 민중서림 엣센스 일한사전,1787106505708,auto,0,d03085e9077e417ea0cbe66b089fc3f0,081341B9,민중서림 엣센스 일한사전,話し合う,auto-selected score=113 meaning_hits=2 target_match=surface; query=話し合う
w_f389319f7406b3c7,ミヤンマーは，一日も早く，孤立から脱して，東南アジア・南アジアのメーンストリームを認識せねばならない,미얀마는 하루라도 빨리 고립에서 벗어나 동남아시아·남아시아의 대세를 인식해야 한다.,naver-ja-dict,https://ja.dict.naver.com/#/search?query=%E6%9D%B1%E5%8D%97%E3%82%A2%E3%82%B8%E3%82%A2,owner-confirmed-cleared,cleared,NAVER 일본어사전 · 민중서림 엣센스 외래어사전,1787106631511,auto,0,6017b61bcc8e471d8888d83c34579dda,8800047F,민중서림 엣센스 외래어사전,東南アジア 동남 아시아,auto-selected score=146 meaning_hits=2 target_match=surface; query=東南アジア 동남 아시아
w_f3b245a5fa5717b0,昨夜は一睡もしなかった.,어젯밤은 한잠도 안 잤다,naver-ja-dict,https://ja.dict.naver.com/#/search?query=%E6%98%A8%E5%A4%9C,owner-confirmed-cleared,cleared,NAVER 일본어사전 · 민중서림 엣센스 한일사전,1787106479303,auto,0,ebf74501ddca41d898dfa2bc00dc5577,881982a8,민중서림 엣센스 한일사전,昨夜,auto-selected score=134 meaning_hits=1 target_match=surface; query=昨夜
w_f4a2a90c98d69852,自己に不利な供述をする,자기에게 불리한 진술을 하다,naver-ja-dict,https://ja.dict.naver.com/#/search?query=%E8%87%AA%E5%B7%B1,owner-confirmed-cleared,cleared,NAVER 일본어사전 · 민중서림 엣센스 일한사전,1787106573164,auto,0,f97fd2a31cfc4162a71352075a694d18,081341B9,민중서림 엣센스 일한사전,自己 자기,auto-selected score=129 meaning_hits=1 target_match=surface; query=自己 자기
w_f518c6afed6e6aaa,本人はよく知らないようだ.,본인은 잘 모르는 것 같더라,naver-ja-dict,https://ja.dict.naver.com/#/search?query=%E6%9C%AC%E4%BA%BA,owner-confirmed-cleared,cleared,NAVER 일본어사전 · 민중서림 엣센스 한일사전,1787106416487,auto,0,822c00ab0a204caa9779baa5b2c55984,881982a8,민중서림 엣센스 한일사전,本人 본인 당자,auto-selected score=134 meaning_hits=1 target_match=surface; query=本人 본인 당자
w_f60ab9ff118b00dd,大手スーパーが実験店をオープンした,대형 슈퍼점이 실험 가게를 개점하였다.,naver-ja-dict,https://ja.dict.naver.com/#/search?query=%E3%82%AA%E3%83%BC%E3%83%97%E3%83%B3,owner-confirmed-cleared,cleared,NAVER 일본어사전 · 민중서림 엣센스 외래어사전,1787106576109,auto,0,d6344499663e41bda81f4e3f035ae56e,8800047F,민중서림 엣센스 외래어사전,オープン,auto-selected score=121 meaning_hits=1 target_match=surface; query=オープン
w_f63a718c1327f6c8,願いがかなって王様に謁見した.,소원이 이루어져 임금님을 알현했다,naver-ja-dict,https://ja.dict.naver.com/#/search?query=%E9%A1%98%E3%81%84,owner-confirmed-cleared,cleared,NAVER 일본어사전 · 민중서림 엣센스 한일사전,1787106446468,auto,0,b3efe8f23c9b4b52aa40851fac27c3aa,881982a8,민중서림 엣센스 한일사전,願い,auto-selected score=176 meaning_hits=1 target_match=surface; query=願い
w_f70092950abf9c5c,円高ドル安の進行が予想される.,엔고 달러화의 약세 진행이 예상된다,naver-ja-dict,https://ja.dict.naver.com/#/search?query=%E4%BA%88%E6%83%B3,owner-confirmed-cleared,cleared,NAVER 일본어사전 · 민중서림 엣센스 한일사전,1787106418991,auto,0,c437e95a61d24fa0b1ad37a5a67b6ce9,881982a8,민중서림 엣센스 한일사전,予想 예상,auto-selected score=134 meaning_hits=1 target_match=surface; query=予想 예상
w_f73c0b2d09afc744,申込者が溢れる。,신청자가 넘치다.,naver-ja-dict,https://ja.dict.naver.com/#/search?query=%E7%94%B3%E8%BE%BC%E8%80%85,owner-confirmed-cleared,cleared,NAVER 일본어사전 · 국립국어원 한국어-일본어 학습사전,1787106632609,auto,0,f0b191c0ca96401a8add01013a33b0ac,8819cr4o,국립국어원 한국어-일본어 학습사전,申込者 신청자,auto-selected score=106 meaning_hits=1 target_match=surface; query=申込者 신청자
w_f803c2590c1f9226,生物の全課を終える,생물의 전 과목을 마치다.,naver-ja-dict,https://ja.dict.naver.com/#/search?query=%E7%B5%82%E3%81%88%E3%82%8B,owner-confirmed-cleared,cleared,NAVER 일본어사전 · 민중서림 엣센스 일한사전,1787106492312,auto,0,1c34f7b9a5874b3e83b83813c983853b,081341B9,민중서림 엣센스 일한사전,終える,auto-selected score=129 meaning_hits=1 target_match=surface; query=終える
w_f81356f1b427b49f,艦長がブリッジに立って指揮する.,함장이 함교에 서서 지휘하다,naver-ja-dict,https://ja.dict.naver.com/#/search?query=%E6%8C%87%E6%8F%AE,owner-confirmed-cleared,cleared,NAVER 일본어사전 · 민중서림 엣센스 한일사전,1787106584722,auto,0,d7fccde1125941339cc428c7100c9efe,881982a8,민중서림 엣센스 한일사전,指揮 지휘,auto-selected score=134 meaning_hits=1 target_match=surface; query=指揮 지휘
w_f8360fc94c2aa4c7,手が震えるのを見てください。,손 떨리는 것 좀 봐요. (감정/의견 표현>긴장/두려움),naver-ja-dict,https://ja.dict.naver.com/#/search?query=%E9%9C%87%E3%81%88%E3%82%8B,owner-confirmed-cleared,cleared,NAVER 일본어사전 · 글로벌회화,1787106494636,auto,0,ab3bf75dd5dc4da9a8eab107761942e6,0011CF26,글로벌회화,震える,auto-selected score=144 meaning_hits=2 target_match=surface; query=震える
w_f9780db0237f4603,二人が同時に発言した,두 사람이 동시에 발언했다,naver-ja-dict,https://ja.dict.naver.com/#/search?query=%E3%81%A9%E3%81%86%E3%81%98%E3%81%AB,owner-confirmed-cleared,cleared,NAVER 일본어사전 · 민중서림 엣센스 일한사전,1787106538858,auto,0,642c79b2495e4989b8528775000edda4,081341B9,민중서림 엣센스 일한사전,どうじに,auto-selected score=171 meaning_hits=1 target_match=surface; query=どうじに
w_fa4f3be9c4d53d86,そんなに卑下する必要はない,그렇게 겸비[비하]할 필요는 없다,naver-ja-dict,https://ja.dict.naver.com/#/search?query=%E5%8D%91%E4%B8%8B,owner-confirmed-cleared,cleared,NAVER 일본어사전 · 민중서림 엣센스 일한사전,1787106563843,auto,0,d43546919e744b83a4075c91c3c7d407,081341B9,민중서림 엣센스 일한사전,卑下 비하 스스로를 낮춤 겸비,auto-selected score=141 meaning_hits=2 target_match=surface; query=卑下 비하 스스로를 낮춤 겸비
w_fb57b52f760bcbf2,ビデオ判定の末、判定が覆った,비디오 판독 끝에 판정이 뒤집혔다,naver-ja-dict,https://ja.dict.naver.com/#/search?query=%E3%83%93%E3%83%87%E3%82%AA,owner-confirmed-cleared,cleared,NAVER 일본어사전 · 민중서림 엣센스 일한사전,1787106424179,auto,0,e1b4a41d745c446dbcc1b49175623645,081341B9,민중서림 엣센스 일한사전,ビデオ 비디오,auto-selected score=134 meaning_hits=1 target_match=surface; query=ビデオ 비디오
w_fb74b253e1c3abf5,黒または青色のインクで書いてください.,검정 혹은 청색 잉크로 써 주십시오,naver-ja-dict,https://ja.dict.naver.com/#/search?query=%E3%82%A4%E3%83%B3%E3%82%AF,owner-confirmed-cleared,cleared,NAVER 일본어사전 · 민중서림 엣센스 한일사전,1787106487550,auto,0,8eda8331d3c547eba92b09e989c98a79,881982a8,민중서림 엣센스 한일사전,インク,auto-selected score=122 meaning_hits=0 target_match=surface; query=インク
w_fc012acbaccee97e,診察を受けにきました。,진찰 받으러 왔어요. (병원/약국>예약/진찰>접수),naver-ja-dict,https://ja.dict.naver.com/#/search?query=%E8%A8%BA%E5%AF%9F,owner-confirmed-cleared,cleared,NAVER 일본어사전 · 글로벌회화,1787106490674,auto,0,eda4fe3a32d9454e8b357624880e712b,0011CF26,글로벌회화,診察 진찰,auto-selected score=132 meaning_hits=1 target_match=surface; query=診察 진찰
w_fce7ea98384bf63a,溜めに落ちる,거름 구덩이에 빠지다,naver-ja-dict,https://ja.dict.naver.com/#/search?query=%E6%BA%9C%E3%82%81,owner-confirmed-cleared,cleared,NAVER 일본어사전 · 민중서림 엣센스 일한사전,1787106633069,auto,0,e227a49109364e9ab4c6019feba4b483,081341B9,민중서림 엣센스 일한사전,溜め,auto-selected score=117 meaning_hits=0 target_match=surface; query=溜め
w_fd22d60449406f5e,真夜中に切り裂くような悲鳴が聞こえてきた.,한밤중에 날카로운 비명 소리가 들려왔다,naver-ja-dict,https://ja.dict.naver.com/#/search?query=%E7%9C%9F%E5%A4%9C%E4%B8%AD,owner-confirmed-cleared,cleared,NAVER 일본어사전 · 민중서림 엣센스 한일사전,1787106489336,auto,0,45dbb55aa3be4a529d094e372de074c1,881982a8,민중서림 엣센스 한일사전,真夜中 한밤중 심야,auto-selected score=126 meaning_hits=1 target_match=surface; query=真夜中 한밤중 심야
w_fd442e90246340ce,インターネットが遅すぎます。,인터넷이 너무 느려요. (편의시설>컴퓨터/인터넷>인터넷 접속 문제),naver-ja-dict,https://ja.dict.naver.com/#/search?query=%E3%82%A4%E3%83%B3%E3%82%BF%E3%83%BC%E3%83%8D%E3%83%83%E3%83%88,owner-confirmed-cleared,cleared,NAVER 일본어사전 · 글로벌회화,1787106423888,auto,0,b93b1f2c6b5e42889799b24edf9defba,0011CF26,글로벌회화,インターネット 인터넷,auto-selected score=132 meaning_hits=1 target_match=surface; query=インターネット 인터넷
w_fdbc3df88542031b,10年間コンマスとして活躍する,10년 동안 콘서트마스터로 활약하다,naver-ja-dict,https://ja.dict.naver.com/#/search?query=%E5%B9%B4%E9%96%93,owner-confirmed-cleared,cleared,NAVER 일본어사전 · 민중서림 엣센스 일한사전,1787106415799,auto,0,5ac0ebde46a5447c88fa72e2aeb5c190,081341B9,민중서림 엣센스 일한사전,年間,auto-selected score=129 meaning_hits=1 target_match=surface; query=年間
w_fdd19be90f73a48b,情炎を燃やす.,정염을 불태우다,naver-ja-dict,https://ja.dict.naver.com/#/search?query=%E7%87%83%E3%82%84%E3%81%99,owner-confirmed-cleared,cleared,NAVER 일본어사전 · 민중서림 엣센스 한일사전,1787106502406,auto,0,eebb94693d0241a982e6227c20624cff,881982a8,민중서림 엣센스 한일사전,燃やす,auto-selected score=126 meaning_hits=1 target_match=surface; query=燃やす
w_fe14460b003b1ec2,ところでさ、この近くにお勧めのレストランある？,"그런데 말야, 이 근처에 추천할 만한 식당 있니?",naver-ja-dict,https://ja.dict.naver.com/#/search?query=%E3%81%8A%E5%8B%A7%E3%82%81,owner-confirmed-cleared,cleared,NAVER 일본어사전 · 국립국어원 한국어-일본어 학습사전,1787106567683,auto,0,28de3d00b8bb48b2bb496658f28d4336,8819cr4o,국립국어원 한국어-일본어 학습사전,お勧め 추천,auto-selected score=114 meaning_hits=1 target_match=surface; query=お勧め 추천
w_ff718bd01c312a9a,ミンジュンは年末に同窓生たちと集まり忘年会を開いた。,민준이는 연말에 동창들과 모여 송년회를 열었다.,naver-ja-dict,https://ja.dict.naver.com/#/search?query=%E5%BF%98%E5%B9%B4%E4%BC%9A,owner-confirmed-cleared,cleared,NAVER 일본어사전 · 국립국어원 한국어-일본어 학습사전,1787106507788,auto,0,f247e61cbc65456790f9438413f66128,8819cr4o,국립국어원 한국어-일본어 학습사전,忘年会 망년회 송년회,auto-selected score=106 meaning_hits=1 target_match=surface; query=忘年会 망년회 송년회
