id,level,surface,reading_kana,meaning_ko,issues,catalog_status,catalog_level,catalog_pron,catalog_entry,search_status,search_level,search_entry,jmdict_issue,jmdict_detail,example_source,example_contain_basis,example_jp,spelling_note,naver_means,source_url
w_a9ecc3b353d6e247,N5,いる,いる,있다,level-ambiguous,manual_review,N2,煎る·炒る·熬る,いる,manual_review,N5,居る,,,self,surface,教室には学生が三人いる。,,볶다;지지다,https://ja.dict.naver.com/#/search?query=%E3%81%84%E3%82%8B
w_1da8dde639dcee40,N5,でも,でも,"하지만, 그렇지만",level-ambiguous,manual_review,N2,,デモ,match,N5,でも,,,naver,surface,ロ：でも勝手に使わせるようにはしないでください。,,데모;‘デモンストレーション’의 준말,https://ja.dict.naver.com/#/search?query=%E3%81%A7%E3%82%82
w_37ce577d9573c9b7,N5,方,かた,"분, 방향, 방법",level-ambiguous,manual_review,N2,方·片,%E3%81%8B%E3%81%9F,manual_review,N3,方,,,naver,surface,話し方と同様に聞き方も大切だ.,,결말;처리,https://ja.dict.naver.com/#/search?query=%E6%96%B9
w_901e9473e86b14cd,N5,また,また,또,level-ambiguous,manual_review,N1,,また,manual_review,N5,又·復·亦,,,naver,surface,また悪をした,,아귀;갈래;가랑이;샅;갈림길,https://ja.dict.naver.com/#/search?query=%E3%81%BE%E3%81%9F
w_98e68681f275b2c8,N5,ここ,ここ,여기,level-ambiguous,manual_review,N1,個個·箇箇,ここ,manual_review,N5,此処·此所,,,self,surface,ここに名前を書いてください。,,개개;낱낱;하나하나,https://ja.dict.naver.com/#/search?query=%E3%81%93%E3%81%93
w_44bc31f10823f315,N5,結婚する,けっこんする,결혼하다,naver-level-missing;naver-search-unmatched,naver_level_missing,,,,search_unmatched,,,derived-form,base=結婚 suffix=する,naver,surface,良縁を得て結婚する.,,,https://ja.dict.naver.com/#/search?query=%E7%B5%90%E5%A9%9A%E3%81%99%E3%82%8B
w_d631fd55fbc45d65,N5,大変,たいへん,"힘듦, 큰일임",level-ambiguous,manual_review,N4,大変,たいへん,manual_review,N5,大変,,,naver,surface,その節は大変お世話になりました,,대변;큰일;대사건,https://ja.dict.naver.com/#/search?query=%E5%A4%A7%E5%A4%89
w_59c56506badd0309,N5,質問する,しつもんする,질문하다,naver-level-missing;naver-search-unmatched,naver_level_missing,,,,search_unmatched,,,derived-form,base=質問 suffix=する,naver,surface,何でもないように質問する,,,https://ja.dict.naver.com/#/search?query=%E8%B3%AA%E5%95%8F%E3%81%99%E3%82%8B
w_5b4445d187ac74c5,N5,二十歳,はたち,"20세, 스무 살",example-headword-missing,match,N5,二十·二十歳,はたち,,,,,,naver,missing,来年は二十になる,,20세;스무 살;20;스물,https://ja.dict.naver.com/#/search?query=%E4%BA%8C%E5%8D%81%E6%AD%B3
w_6313f9284b018464,N5,一台,いちだい,한 대(자전거),naver-level-missing;naver-search-unmatched,naver_level_missing,,,,search_unmatched,,,,,naver,surface,学生である私は車どころか、自転車一台を買うお金もない。,,,https://ja.dict.naver.com/#/search?query=%E4%B8%80%E5%8F%B0
w_1cd9d956ac65ad3e,N5,色々,いろいろ,다양한; 여러 가지임,naver-level-missing;naver-search-unmatched,naver_level_missing,,,,search_unmatched,,,,,naver,surface,色々な文化が混ざる,,,https://ja.dict.naver.com/#/search?query=%E8%89%B2%E3%80%85
w_5877b188cb058939,N5,千円,せんえん,1000엔,naver-level-missing;naver-search-unmatched,naver_level_missing,,,,search_unmatched,,,,,naver,surface,千円に値する,,,https://ja.dict.naver.com/#/search?query=%E5%8D%83%E5%86%86
w_d5e8dc868e6a7029,N5,分かる,わかる,"알다, 이해하다",naver-level-missing,naver_level_missing,,,,search_no_jlpt,,分(か)る,,,naver,surface,苦心の程が分かる,,,https://ja.dict.naver.com/#/search?query=%E5%88%86%E3%81%8B%E3%82%8B
w_df6f8bed5b534092,N5,にだい,にだい,두 대(자전거),naver-level-missing;example-headword-missing,naver_level_missing,,,,search_no_jlpt,,二大,,,naver,missing,電気バス2台を導入する,,,https://ja.dict.naver.com/#/search?query=%E3%81%AB%E3%81%A0%E3%81%84
w_d8dcbb01e7e6526f,N5,どう致しまして,どういたしまして,천만에요,naver-level-missing;naver-search-unmatched,naver_level_missing,,,,search_unmatched,,,,,naver,reading,昨日は失礼しました。どういたしまして、こちらこそ失礼いたしました,,,https://ja.dict.naver.com/#/search?query=%E3%81%A9%E3%81%86%E8%87%B4%E3%81%97%E3%81%BE%E3%81%97%E3%81%A6
w_a1a38e164f0a3264,N5,八十円,はちじゅうえん,80엔,naver-level-missing;spelling-surface-not-in-jmdict;naver-search-unmatched,naver_level_missing,,,,search_unmatched,,,surface-not-in-jmdict,no JMdict kanji form matches this surface,self,surface,この鉛筆は八十円です。,,,https://ja.dict.naver.com/#/search?query=%E5%85%AB%E5%8D%81%E5%86%86
w_9f4bac962871acc8,N5,おじさん,おじさん,"아저씨, 삼촌",example-headword-missing,match,N5,,おじさん,,,,,,naver,missing,少禿げの小父さん,,아저씨;백부·숙부의 높임말,https://ja.dict.naver.com/#/search?query=%E3%81%8A%E3%81%98%E3%81%95%E3%82%93
w_ea6f68c218e562a7,N5,お腹,おなか,배,naver-level-missing,naver_level_missing,,,,match,N5,御中·御腹,,,naver,surface,お腹が痛くてごろごろ転がった.,,,https://ja.dict.naver.com/#/search?query=%E3%81%8A%E8%85%B9
w_1f3b58708b016b7f,N5,そば,そば,"옆, 곁",level-ambiguous,manual_review,N4,稜,そば,manual_review,N5,蕎麦,,,naver,surface,私のそばにいてください。,,귀퉁이;모서리;はかま나 指貫의 옆구리를 튼 데,https://ja.dict.naver.com/#/search?query=%E3%81%9D%E3%81%B0
w_e3d3cc0b38f77224,N5,二キロ,にキロ,2킬로미터,naver-level-missing;spelling-surface-not-in-jmdict;naver-search-unmatched,naver_level_missing,,,,search_unmatched,,,surface-not-in-jmdict,no JMdict kanji form matches this surface,naver,surface,学校から半径二キロ以内にある.,,,https://ja.dict.naver.com/#/search?query=%E4%BA%8C%E3%82%AD%E3%83%AD
w_b064045ef64d646b,N5,お母さん,おかあさん,어머니,naver-level-missing,naver_level_missing,,,,match,N5,お母さん∙御母さん,,,naver,surface,"お母さん,うちの人はまだ帰りません.",,,https://ja.dict.naver.com/#/search?query=%E3%81%8A%E6%AF%8D%E3%81%95%E3%82%93
w_412d7a3479a4f8a3,N5,二匹,にひき,두 마리(고양이),spelling-surface-not-in-jmdict,match,N5,二匹,%E3%81%AB%E3%81%B2%E3%81%8D,,,,surface-not-in-jmdict,no JMdict kanji form matches this surface,naver,surface,二匹の猫がベランダで日向ぼっこをしている,,2마리,https://ja.dict.naver.com/#/search?query=%E4%BA%8C%E5%8C%B9
w_a4f86ff3aa7df0b8,N5,買い物,かいもの,"쇼핑, 장보기",naver-level-missing,naver_level_missing,,,,match,N5,買(い)物,,,naver,surface,買い物かごを持って買い物へ行った,,,https://ja.dict.naver.com/#/search?query=%E8%B2%B7%E3%81%84%E7%89%A9
w_11a2c660fd649dc1,N5,お姉さん,おねえさん,누나/언니,naver-level-missing,naver_level_missing,,,,match,N5,お姉さん·御姉さん,,,naver,surface,お姉さんとわたしは三歳ちがいだ.,,,https://ja.dict.naver.com/#/search?query=%E3%81%8A%E5%A7%89%E3%81%95%E3%82%93
w_87351a3c5f2160a9,N5,時々,ときどき,때때로,naver-level-missing,naver_level_missing,,,,search_no_jlpt,,東京タワー〜オカンとボクと、時々、オトン〜,,,naver,surface,時々、皮膚にちくっとした痛みを感じる,,,https://ja.dict.naver.com/#/search?query=%E6%99%82%E3%80%85
w_5284226e672d96c5,N5,二冊,にさつ,두 권(잡지),naver-level-missing;spelling-surface-not-in-jmdict,naver_level_missing,,,,search_no_jlpt,,二冊,surface-not-in-jmdict,no JMdict kanji form matches this surface,self,surface,この雑誌を二冊買いました。,,,https://ja.dict.naver.com/#/search?query=%E4%BA%8C%E5%86%8A
w_b24621b76259caa8,N5,三冊,さんさつ,세 권(책),naver-level-missing;spelling-surface-not-in-jmdict,naver_level_missing,,,,search_no_jlpt,,三冊,surface-not-in-jmdict,no JMdict kanji form matches this surface,self,surface,図書館で本を三冊借りました。,,,https://ja.dict.naver.com/#/search?query=%E4%B8%89%E5%86%8A
w_9f48fc575582aa14,N5,生まれる,うまれる,태어나다,naver-level-missing,naver_level_missing,,,,match,N5,生(ま)れる·産(ま)れる,,,naver,surface,山川の精気を受けて生まれる.,,,https://ja.dict.naver.com/#/search?query=%E7%94%9F%E3%81%BE%E3%82%8C%E3%82%8B
w_b44959bb47bfe991,N5,大勢,おおぜい,많이,example-headword-missing,match,N5,大ぜい·大勢,おおぜい,,,,,,naver,missing,客が大ぜい押しかける.,,많은 사람;여럿,https://ja.dict.naver.com/#/search?query=%E5%A4%A7%E5%8B%A2
w_4dd00aad4051c89d,N5,飲み物,のみもの,마실 것,naver-level-missing,naver_level_missing,,,,match,N5,飲(み)物,,,naver,surface,飲み物をご用意しましょうか?,,,https://ja.dict.naver.com/#/search?query=%E9%A3%B2%E3%81%BF%E7%89%A9
w_e1f8cbd438805e5e,N5,だんだん,だんだん,"점점, 점차",example-headword-missing,match,N5,段段,だんだん,,,,,,naver,missing,段段と夜が明けてくる,,차차;점점,https://ja.dict.naver.com/#/search?query=%E3%81%A0%E3%82%93%E3%81%A0%E3%82%93
w_2528221ac1c4f279,N5,入り口,いりぐち,입구,naver-level-missing,naver_level_missing,,,,match,N5,入(り)口,,,naver,surface,ロッククライミング場として知られる芦屋ロック・ガーデンの入り口,,,https://ja.dict.naver.com/#/search?query=%E5%85%A5%E3%82%8A%E5%8F%A3
w_3c9e0c4d130ffe55,N5,掛かる,かかる,"(시간·비용이) 들다, 걸리다",naver-level-missing,naver_level_missing,,,,match,N5,掛(か)る,,,naver,surface,気に掛かる,,,https://ja.dict.naver.com/#/search?query=%E6%8E%9B%E3%81%8B%E3%82%8B
w_3473a458725f217a,N5,交差点,こうさてん,교차로,naver-level-missing,naver_level_missing,,,,search_no_jlpt,,交差点·交叉点,,,naver,surface,次の交差点で降ろして[右折して]ください.,,,https://ja.dict.naver.com/#/search?query=%E4%BA%A4%E5%B7%AE%E7%82%B9
w_f12b7cd5ea51cf7a,N5,貼る,はる,붙이다,naver-level-missing;example-headword-missing,naver_level_missing,,,,search_no_jlpt,,貼る,,,naver,missing,ポスターを張る[はがす].,,,https://ja.dict.naver.com/#/search?query=%E8%B2%BC%E3%82%8B
w_a7aa783483eb1022,N5,曇り,くもり,흐림,naver-level-missing;level-mismatch-confirmed,naver_level_missing,,,,mismatch,N4,曇(り),,,naver,surface,秋の空は一点の曇りもなく晴れてうららかだった。,,,https://ja.dict.naver.com/#/search?query=%E6%9B%87%E3%82%8A
w_232fd4c69bca3059,N5,さす,さす,"(우산을) 쓰다, 받다",level-ambiguous;example-headword-missing,manual_review,N2,注す,さす,manual_review,N4,差す,,,naver,missing,雨傘を差す,,붓다;따르다;도장을 찍다;칠하다,https://ja.dict.naver.com/#/search?query=%E3%81%95%E3%81%99
w_728f59d1c6f9c5f4,N5,履く,はく,"(바지를) 입다, (신발·양말을) 신다",naver-level-missing;example-headword-missing,naver_level_missing,,,,search_no_jlpt,,履く,,,self,missing,出かける前に靴を履きます。,,,https://ja.dict.naver.com/#/search?query=%E5%B1%A5%E3%81%8F
w_25d246fcafff391e,N5,お手洗い,おてあらい,화장실,level-mismatch,mismatch,N4,お手洗い,%E3%81%8A%E3%81%A6%E3%81%82%E3%82%89%E3%81%84,search_no_jlpt,,お手洗い,,,naver,surface,お手洗いのタオルを使い捨てのペーパータオルに変更する,,화장실,https://ja.dict.naver.com/#/search?query=%E3%81%8A%E6%89%8B%E6%B4%97%E3%81%84
w_69c992c9db76a823,N5,叔父さん,おじさん,부모보다 나이가 어린 삼촌; 아저씨,naver-level-missing,naver_level_missing,,,,match,N5,伯父さん·叔父さん·小父さん,,,naver,surface,イ：ジス、今日は伯父さんの家に挨拶に行ったから、明日は叔父さんの家に行こう。,,,https://ja.dict.naver.com/#/search?query=%E5%8F%94%E7%88%B6%E3%81%95%E3%82%93
w_95504292f83e24e8,N5,閉まる,しまる,닫히다,naver-level-missing,naver_level_missing,,,,match,N5,閉(ま)る,,,naver,surface,窓ががちゃりと閉まる.,,,https://ja.dict.naver.com/#/search?query=%E9%96%89%E3%81%BE%E3%82%8B
w_bfd7b53f174d103d,N5,再来年,さらいねん,내후년,level-mismatch;level-mismatch-confirmed,mismatch,N4,再来年,%E3%81%95%E3%82%89%E3%81%84%E3%81%AD%E3%82%93,mismatch,N4,再来年,,,naver,surface,来年か再来年に結婚するつもりです.,,"다다음 해, 후년",https://ja.dict.naver.com/#/search?query=%E5%86%8D%E6%9D%A5%E5%B9%B4
w_946af014ad2b6ee1,N5,ご馳走様,ごちそうさま,잘 먹었습니다,naver-level-missing;level-mismatch-confirmed,naver_level_missing,,,,mismatch,N2,ご馳走様‧御馳走様,,,naver,reading,ロ：はい、ごちそうさまでした。,,,https://ja.dict.naver.com/#/search?query=%E3%81%94%E9%A6%B3%E8%B5%B0%E6%A7%98
w_27f194a34e98e0b0,N4,ゲーム,ゲーム,게임,level-ambiguous,manual_review,N2,,ゲーム,manual_review,N4,ゲーム,,,naver,surface,これ以上に糞ゲームってある？,,놀이. 유희;경기. 시합;계략. 전략,https://ja.dict.naver.com/#/search?query=%E3%82%B2%E3%83%BC%E3%83%A0
w_8aa654b726b3973b,N4,しまう,しまう,"치우다, 안에 넣다",example-headword-missing,match,N4,仕舞う·終う,しまう,,,,,,naver,missing,おもちゃを仕舞う,,파하다;끝나다;끝내다;마치다,https://ja.dict.naver.com/#/search?query=%E3%81%97%E3%81%BE%E3%81%86
w_aae7ac3f2729716f,N4,この頃,このごろ,"요즘, 최근; 요즈음",naver-level-missing,naver_level_missing,,,,match,N4,この頃·此の頃,,,naver,surface,この頃疲れていて会社によく遅刻する。,,,https://ja.dict.naver.com/#/search?query=%E3%81%93%E3%81%AE%E9%A0%83
w_e788698d1bb0ba86,N4,写真家,しゃしんか,사진가,naver-level-missing,naver_level_missing,,,,search_no_jlpt,,写真家,,,naver,surface,あの写真家は人が動く瞬間を早く捉えるスナップ写真で有名だった。,,,https://ja.dict.naver.com/#/search?query=%E5%86%99%E7%9C%9F%E5%AE%B6
w_c6b8fa6c4f3b37b1,N4,気持ち,きもち,"기분, 느낌",naver-level-missing,naver_level_missing,,,,match,N4,気持(ち),,,naver,surface,誇らしい気持ちになる,,,https://ja.dict.naver.com/#/search?query=%E6%B0%97%E6%8C%81%E3%81%A1
w_26b1c6419970fa60,N4,早く,はやく,"일찍, 빨리",naver-level-missing,naver_level_missing,,,,search_no_jlpt,,早く,,,naver,surface,朝早く目が覚める.,,,https://ja.dict.naver.com/#/search?query=%E6%97%A9%E3%81%8F
w_ba8a5ec7e21618b0,N4,確かに,たしかに,"분명히, 확실하게",naver-level-missing;naver-search-unmatched,naver_level_missing,,,,search_unmatched,,,,,naver,surface,確かに叫び声を聞いた,,,https://ja.dict.naver.com/#/search?query=%E7%A2%BA%E3%81%8B%E3%81%AB
w_20a6593be7f32866,N4,終わり,おわり,끝,naver-level-missing,naver_level_missing,,,,match,N4,終(わ)り,,,naver,surface,私の話はこれで終わりだ,,,https://ja.dict.naver.com/#/search?query=%E7%B5%82%E3%82%8F%E3%82%8A
w_a65dc597ed6e7ba0,N4,行う,おこなう,"행하다, 실시하다",naver-level-missing;level-mismatch-confirmed,naver_level_missing,,,,mismatch,N3,行(な)う,,,naver,surface,ネット心中を行う,,,https://ja.dict.naver.com/#/search?query=%E8%A1%8C%E3%81%86
w_82d2d40c223c0fc0,N4,中々,なかなか,"매우, 상당히, 꽤",naver-level-missing;naver-search-unmatched,naver_level_missing,,,,search_unmatched,,,,,naver,surface,将来的にエアピストルをやりたいので、ハンドライフルを始めましが、中々難しいです。,,,https://ja.dict.naver.com/#/search?query=%E4%B8%AD%E3%80%85
w_bb5fea9b072bbd3e,N4,答え,こたえ,"답, 대답",naver-level-missing,naver_level_missing,,,,match,N4,答(え),,,naver,surface,答えが返ってこない,,,https://ja.dict.naver.com/#/search?query=%E7%AD%94%E3%81%88
w_72dae8f988010901,N4,周り,まわり,주변,level-mismatch;level-mismatch-confirmed,mismatch,N3,周り·回り,%E3%81%BE%E3%82%8F%E3%82%8A,mismatch,N3,周り·回り,,,naver,surface,開発のため周りの景色が一変してしまった,,사물의 둘레;주위;주변,https://ja.dict.naver.com/#/search?query=%E5%91%A8%E3%82%8A
w_5b55a10a5d6814d6,N4,日本製,にほんせい,일본제(품),naver-level-missing;naver-search-unmatched,naver_level_missing,,,,search_unmatched,,,,,naver,surface,接着剤の材料に使われる日本製ポリビニール・アルコールが米国でダンピングされていると認められている,,,https://ja.dict.naver.com/#/search?query=%E6%97%A5%E6%9C%AC%E8%A3%BD
w_d4ee661eeb6fa516,N4,代わり,かわり,"대신, 대체",naver-level-missing,naver_level_missing,,,,match,N4,代(わ)り·替(わ)り·換(わ)り,,,naver,surface,印章の代わりにサインをする.,,,https://ja.dict.naver.com/#/search?query=%E4%BB%A3%E3%82%8F%E3%82%8A
w_ae771b4fd6bc8a90,N4,だめ,だめ,"쓸모없는, 좋지 않음, 가망 없는",example-headword-missing,match,N4,駄目,だめ,,,,,,naver,missing,機械が駄目になる,,"바둑의 공배;연극 따위에서, 연출상의 지시·주문;소용없음;효과가 없음",https://ja.dict.naver.com/#/search?query=%E3%81%A0%E3%82%81
w_3e81e925549791a4,N4,変わる,かわる,"바꾸다, 변하다, 변형되다, 다양하다",naver-level-missing,naver_level_missing,,,,match,N4,変(わ)る,,,naver,surface,気候が変わると植生も変わる,,,https://ja.dict.naver.com/#/search?query=%E5%A4%89%E3%82%8F%E3%82%8B
w_e12f8a407f734e3c,N4,一杯,いっぱい,"가득 찬, 최대한의",level-ambiguous,manual_review,N4,一杯,いっぱい,manual_review,N5,一杯,,,naver,surface,ロ：うん。私はごみで一杯になったゴミ箱から空にするね。,,가득;있는 한도를 다하는 모양;…껏,https://ja.dict.naver.com/#/search?query=%E4%B8%80%E6%9D%AF
w_2e1c725abcc5c203,N4,終わる,おわる,끝나다,naver-level-missing;level-mismatch-confirmed,naver_level_missing,,,,mismatch,N5,終(わ)る,,,naver,surface,スコアレスドローで終わる,,,https://ja.dict.naver.com/#/search?query=%E7%B5%82%E3%82%8F%E3%82%8B
w_e431b1a6abf799bf,N4,お互い,おたがい,"서로, 상호",level-mismatch;level-mismatch-confirmed,mismatch,N3,お互い,%E3%81%8A%E3%81%9F%E3%81%8C%E3%81%84,mismatch,N3,お互い,,,naver,surface,イ：お互い信じて支え合い、生きていくことを願います。,,"서로, 상호간",https://ja.dict.naver.com/#/search?query=%E3%81%8A%E4%BA%92%E3%81%84
w_9965df3c9edf91a3,N4,始まる,はじまる,시작되다,naver-level-missing;level-mismatch-confirmed,naver_level_missing,,,,mismatch,N5,始まる,,,naver,surface,鰹船の出港が始まる,,,https://ja.dict.naver.com/#/search?query=%E5%A7%8B%E3%81%BE%E3%82%8B
w_3fb531f80eb37d45,N4,お祭り,おまつり,축제,naver-level-missing,naver_level_missing,,,,match,N4,お祭り·御祭り,,,naver,surface,お祭り気分に浮かれている.,,,https://ja.dict.naver.com/#/search?query=%E3%81%8A%E7%A5%AD%E3%82%8A
w_98601c5f9fe56540,N4,うまい,うまい,"(1) 맛있다, (2) 능숙하다",level-ambiguous,manual_review,N2,上手い·巧い,うまい,manual_review,N4,旨い·甘い·美味い·上手い·巧い,,,naver,surface,初めての挑戦ですが、1ラウンドと2ラウンドチャンピオンがうまいです。,,솜씨가 뛰어나다;좋다;잘하다,https://ja.dict.naver.com/#/search?query=%E3%81%86%E3%81%BE%E3%81%84
w_8794ea0733093080,N4,びっくりする,びっくりする,놀라다,naver-level-missing;spelling-kana-not-in-jmdict;naver-search-unmatched,naver_level_missing,,,,search_unmatched,,,kana-not-in-jmdict,kana form absent from JMdict readings,naver,surface,身がすくむほどびっくりする.,,,https://ja.dict.naver.com/#/search?query=%E3%81%B3%E3%81%A3%E3%81%8F%E3%82%8A%E3%81%99%E3%82%8B
w_17ea17f7f7fd6d2b,N4,落ちる,おちる,"떨어지다, 떨어뜨리다",example-headword-missing,match,N4,落ちる·墜ちる,おちる,,,,,,naver,missing,瞼が落る。,,떨어지다;낙하하다;내리다;오다,https://ja.dict.naver.com/#/search?query=%E8%90%BD%E3%81%A1%E3%82%8B
w_98c5ecbe9b1af8f0,N4,ひげ,ひげ,수염,level-ambiguous,manual_review,N3,卑下,ひげ,manual_review,N4,髭·鬚·髯,,,self,surface,父は毎朝ひげをそります。,,비하;스스로를 낮춤;겸비,https://ja.dict.naver.com/#/search?query=%E3%81%B2%E3%81%92
w_bd712479a72069fd,N4,ご主人,ごしゅじん,남편(당신의 그녀의),naver-level-missing;naver-search-unmatched,naver_level_missing,,,,search_unmatched,,,,,naver,surface,長男のＫ君が着ていたオーバーオールも，ご主人のチノパンツをリフォームしたもの,,,https://ja.dict.naver.com/#/search?query=%E3%81%94%E4%B8%BB%E4%BA%BA
w_593dc0421f4fe2a6,N4,起こす,おこす,"일어나다, 깨다(누군가)",naver-level-missing,naver_level_missing,,,,match,N4,起(こ)す,,,naver,surface,敷石を起こす,,,https://ja.dict.naver.com/#/search?query=%E8%B5%B7%E3%81%93%E3%81%99
w_f84013f3855be75b,N4,踊り,おどり,춤,naver-level-missing,naver_level_missing,,,,match,N4,踊り·躍り,,,naver,surface,歌と踊りに鳴り物が加わる.,,,https://ja.dict.naver.com/#/search?query=%E8%B8%8A%E3%82%8A
w_377825a40acb43c0,N4,聞こえる,きこえる,들리다,naver-level-missing,naver_level_missing,,,,match,N4,聞(こ)える,,,naver,surface,草むらから虫の音が聞こえる.,,,https://ja.dict.naver.com/#/search?query=%E8%81%9E%E3%81%93%E3%81%88%E3%82%8B
w_0bfe4152b243c799,N4,落とす,おとす,"떨어뜨리다, 잃다",naver-level-missing,naver_level_missing,,,,match,N4,落(と)す,,,naver,surface,栗の実を揺り落とす,,,https://ja.dict.naver.com/#/search?query=%E8%90%BD%E3%81%A8%E3%81%99
w_66c87676a778f34f,N4,おや,おや,어라!,level-ambiguous;example-headword-missing,manual_review,N2,親,おや,manual_review,N4,おや,,,naver,missing,親に死なれる,,어버이;부모;선조;원조;사물의 근본,https://ja.dict.naver.com/#/search?query=%E3%81%8A%E3%82%84
w_c510d4ba666ff0d0,N4,見つかる,みつかる,발견되다,naver-level-missing,naver_level_missing,,,,match,N4,見つかる·見付かる,,,naver,surface,遺構から多くの銅鐸が見つかる.,,,https://ja.dict.naver.com/#/search?query=%E8%A6%8B%E3%81%A4%E3%81%8B%E3%82%8B
w_06c3d7fabba14770,N4,お土産,おみやげ,가족이나 친지에게 선물할 목적으로 여행지에서 사 오는 그 지방의 특산 물이나 지인의 집을 방문할 때 고마 움을 표하려고 가지고 가는 물건,naver-level-missing;level-mismatch-confirmed,naver_level_missing,,,,mismatch,N3,お土産∙御土産,,,naver,surface,現地のお土産を買い忘れた,,,https://ja.dict.naver.com/#/search?query=%E3%81%8A%E5%9C%9F%E7%94%A3
w_ec8e542da036aeea,N4,一軒,いっけん,"한 채, 한 동(집을 세는 단위)",naver-level-missing,naver_level_missing,,,,search_no_jlpt,,一軒,,,self,surface,駅の近くに小さな店が一軒あります。,,,https://ja.dict.naver.com/#/search?query=%E4%B8%80%E8%BB%92
w_4414661a2b5d631d,N4,贈り物,おくりもの,선물,naver-level-missing,naver_level_missing,,,,search_no_jlpt,,贈り物,,,naver,surface,上役の家に贈り物を届ける.,,,https://ja.dict.naver.com/#/search?query=%E8%B4%88%E3%82%8A%E7%89%A9
w_16a8437b706000b6,N4,運ぶ,はこぶ,운반하다,example-headword-missing,match,N4,運ぶ,はこぶ,,,,,,naver,missing,早くここへ運ばっし,,운반하다;옮기다;진행시키다;추진하다;진척되다,https://ja.dict.naver.com/#/search?query=%E9%81%8B%E3%81%B6
w_a9c3e6ac32a1315a,N4,決まる,きまる,정해지다,naver-level-missing,naver_level_missing,,,,match,N4,決(ま)る·極る,,,naver,surface,この一戦で運命が決まる.,,,https://ja.dict.naver.com/#/search?query=%E6%B1%BA%E3%81%BE%E3%82%8B
w_ac4a28f37332b6a0,N4,止まる,とまる,멈추다,level-mismatch;catalog-mismatch-search-match,mismatch,N2,止まる·留まる·停まる,とどまる,match,N4,止(ま)る·停まる,,,naver,surface,心臓の鼓動が止まる.,,움직이지 않다;머물다;체재하다;머무르다;뒤에 남다,https://ja.dict.naver.com/#/search?query=%E6%AD%A2%E3%81%BE%E3%82%8B
w_a73aed42cd32a397,N4,引き出し,ひきだし,서랍,naver-level-missing,naver_level_missing,,,,match,N4,引(き)出し·抽き出し,,,naver,surface,引き出しを開けっ放しにする,,,https://ja.dict.naver.com/#/search?query=%E5%BC%95%E3%81%8D%E5%87%BA%E3%81%97
w_9c2d3700794d4e08,N4,昨夜,ゆうべ,어젯밤,example-headword-missing,match,N4,昨夜,ゆうべ,,,,,,naver,missing,夕べの火事で村が灰の山と化した.,,어제 저녁;어젯밤,https://ja.dict.naver.com/#/search?query=%E6%98%A8%E5%A4%9C
w_7bbc01295f752849,N4,ごみ,ごみ,쓰레기,level-ambiguous,manual_review,N3,五味,ごみ,manual_review,N4,塵·芥·埃,,,naver,surface,ごみの捨て所がない.,,오미,https://ja.dict.naver.com/#/search?query=%E3%81%94%E3%81%BF
w_a8e0c824516c8044,N4,乗り物,のりもの,탈것,naver-level-missing,naver_level_missing,,,,search_no_jlpt,,乗り物,,,naver,surface,天気はよかったというものの乗り物でひどい目にあった.,,,https://ja.dict.naver.com/#/search?query=%E4%B9%97%E3%82%8A%E7%89%A9
w_05fd1eca6f1886bd,N4,祝う,いわう,축하하다,example-headword-missing,match,N4,祝う,いわう,,,,,,naver,missing,祝の品品,,축하하다;축복하다;축복의 선물을 하다;행운을 기원하다,https://ja.dict.naver.com/#/search?query=%E7%A5%9D%E3%81%86
w_6fcafb10964dff68,N4,売り場,うりば,"매장, 판매장",naver-level-missing,naver_level_missing,,,,match,N4,売(り)場,,,naver,surface,売り場の商品が冬物から春物に入れ替わった,,,https://ja.dict.naver.com/#/search?query=%E5%A3%B2%E3%82%8A%E5%A0%B4
w_1e72aa50becbc835,N4,ご存じ,ごぞんじ,"아심, 알고 계심",naver-level-missing,naver_level_missing,,,,match,N4,御存じ·御存知,,,naver,surface,この花の名前をご存じでしたら教えてください,,,https://ja.dict.naver.com/#/search?query=%E3%81%94%E5%AD%98%E3%81%98
w_a81ed89f2576bc17,N4,噛む,かむ,씹다,naver-level-missing,naver_level_missing,,,,match,N4,噛む·嚙む·咬む·嚼む,,,naver,surface,噛めば噛むほど旨みがでる,,,https://ja.dict.naver.com/#/search?query=%E5%99%9B%E3%82%80
w_bb26b4219e1e1215,N4,泊まる,とまる,"묵다, 숙박하다",naver-level-missing,naver_level_missing,,,,match,N4,泊(ま)る,,,naver,surface,駅前の旅館に泊まる,,,https://ja.dict.naver.com/#/search?query=%E6%B3%8A%E3%81%BE%E3%82%8B
w_de2f393da5970f45,N4,引っ越す,ひっこす,이사하다,naver-level-missing,naver_level_missing,,,,match,N4,引っ越す,,,naver,surface,東京に引っ越す,,,https://ja.dict.naver.com/#/search?query=%E5%BC%95%E3%81%A3%E8%B6%8A%E3%81%99
w_14a67e82973f6a3b,N4,乗り換える,のりかえる,갈아타다,naver-level-missing,naver_level_missing,,,,match,N4,乗(り)換える·乗(り)替える,,,naver,surface,次の駅で乗り換える,,,https://ja.dict.naver.com/#/search?query=%E4%B9%97%E3%82%8A%E6%8F%9B%E3%81%88%E3%82%8B
w_867190723b874b1e,N4,お釣り,おつり,거스름돈,naver-level-missing,naver_level_missing,,,,match,N4,お釣(り)∙御釣(り),,,naver,surface,イ：さあ、お釣り、ここにございます。,,,https://ja.dict.naver.com/#/search?query=%E3%81%8A%E9%87%A3%E3%82%8A
w_e31aefb75328a9e0,N4,冷える,ひえる,차가워지다,example-headword-missing,match,N4,冷える,ひえる,,,,,,naver,missing,寒さで体が冷切る,,차가워지다;차갑게 느껴지다;식다,https://ja.dict.naver.com/#/search?query=%E5%86%B7%E3%81%88%E3%82%8B
w_512fde07bc888caa,N4,けんかする,けんかする,싸움,naver-level-missing;spelling-kana-not-in-jmdict,naver_level_missing,,,,search_no_jlpt,,けん化する,kana-not-in-jmdict,kana form absent from JMdict readings,naver,surface,どたどた(と)とっ組んでけんかする.,,,https://ja.dict.naver.com/#/search?query=%E3%81%91%E3%82%93%E3%81%8B%E3%81%99%E3%82%8B
w_8510568b02e96bd2,N4,空く,すく,"비다, 한산해지다",level-ambiguous,manual_review,N3,透く·空く,すく,manual_review,N4,空く,,,naver,surface,食べなかったのでお腹が空く,,틈이 나다;틈새가 벌다;성기다;들여다보이다,https://ja.dict.naver.com/#/search?query=%E7%A9%BA%E3%81%8F
w_eff8aedd9cddd1a9,N4,閉める,しめる,(문 따위를) 닫다; (문을) 닫다,level-mismatch;level-mismatch-confirmed,mismatch,N5,閉める,%E3%81%97%E3%82%81%E3%82%8B,mismatch,N5,閉める,,,naver,surface,店は夜10時に閉めるそうです.,,닫다,https://ja.dict.naver.com/#/search?query=%E9%96%89%E3%82%81%E3%82%8B
w_56bc469e9f329a49,N4,叱る,しかる,꾸짖다,example-headword-missing,match,N4,叱る,しかる,,,,,,naver,missing,憤然と𠮟る。,,꾸짖다;야단치다,https://ja.dict.naver.com/#/search?query=%E5%8F%B1%E3%82%8B
w_941cab42122d160a,N4,押し入れ,おしいれ,벽장,naver-level-missing,naver_level_missing,,,,match,N4,押(し)入れ,,,naver,surface,押し入れに隠れる,,,https://ja.dict.naver.com/#/search?query=%E6%8A%BC%E3%81%97%E5%85%A5%E3%82%8C
w_4e68adf3b15aecc4,N4,取り替える,とりかえる,"교환하다, 바꾸다",naver-level-missing,naver_level_missing,,,,match,N4,取(り)替える·取(り)換える,,,naver,surface,古くなったものを新しいものに取り替えると，それは「奇麗」になったという。奇麗というのは単に古くなったものがサニタリーになったことに過ぎない。それに対し，「美」には芸術としての心のかかわり合いがある。,,,https://ja.dict.naver.com/#/search?query=%E5%8F%96%E3%82%8A%E6%9B%BF%E3%81%88%E3%82%8B
w_52b71369ec5db591,N4,漬ける,つける,"담그다, 적시다, 절이다",level-mismatch,mismatch,N3,漬ける,%E3%81%A4%E3%81%91%E3%82%8B,manual_review,N3,漬ける,,,naver,surface,大根を刻んで酢と醤油に漬ける,,담그다;절이다,https://ja.dict.naver.com/#/search?query=%E6%BC%AC%E3%81%91%E3%82%8B
w_1fb1432fdae5690a,N4,点く,つく,"켜지다, 불이 붙다; (전기가) 켜지다",level-mismatch;example-headword-missing;level-mismatch-confirmed,mismatch,N2,点く,%E3%81%A4%E3%81%8F,mismatch,N2,点く,,,naver,missing,火が付く,,불이 켜지다;붙다;점화되다,https://ja.dict.naver.com/#/search?query=%E7%82%B9%E3%81%8F
w_440e556ac9a1c6e4,N4,召し上がる,めしあがる,드시다(존경어),naver-level-missing,naver_level_missing,,,,match,N4,召し上(が)る,,,naver,surface,「食べる」という単語の敬語は「お食べになる」と「召し上がる」である。,,,https://ja.dict.naver.com/#/search?query=%E5%8F%AC%E3%81%97%E4%B8%8A%E3%81%8C%E3%82%8B
w_25b648bf778c94cd,N3,する,する,하다,level-ambiguous,manual_review,N1,擦る,する,manual_review,N5,為る,,,naver,surface,10分の1に縮尺する.,,문지르다;비비다;닦다;→すれる,https://ja.dict.naver.com/#/search?query=%E3%81%99%E3%82%8B
w_08ce685bcb19f6e1,N3,後,ご,"뒤, 나중",level-mismatch;level-mismatch-confirmed,mismatch,N2,後,%E3%81%94,mismatch,N2,後,,,naver,surface,後から来て前に出る,,후;뒤;…후,https://ja.dict.naver.com/#/search?query=%E5%BE%8C
w_775de805c9d17855,N3,金,かね,돈; 금속,naver-level-missing,naver_level_missing,,,,search_no_jlpt,,金·鉄,,,naver,surface,金を吸取られる,,,https://ja.dict.naver.com/#/search?query=%E9%87%91
w_eca4f0ccde642c46,N3,金,きん,금; 돈,naver-level-missing,naver_level_missing,,,,search_no_jlpt,,金,,,naver,surface,指輪に薄く金を着せる.,,,https://ja.dict.naver.com/#/search?query=%E9%87%91
w_c62caa4afa7e342b,N3,男の人,おとこのひと,남자,level-mismatch;level-mismatch-confirmed,mismatch,N5,男の人,%E3%81%8A%E3%81%A8%E3%81%93%E3%81%AE%E3%81%B2%E3%81%A8,mismatch,N5,男の人,,,naver,surface,去年からその男の人とつきあうようになった.,,남자,https://ja.dict.naver.com/#/search?query=%E7%94%B7%E3%81%AE%E4%BA%BA
w_dac2ed0ed0290865,N3,一度に,いちどに,"한꺼번에, 동시에",naver-level-missing;naver-search-unmatched,naver_level_missing,,,,search_unmatched,,,,,naver,surface,一度に疲れが出る.,,,https://ja.dict.naver.com/#/search?query=%E4%B8%80%E5%BA%A6%E3%81%AB
w_16b5e002c7a1d2f2,N3,その内,そのうち,머지않아,naver-level-missing;level-mismatch-confirmed,naver_level_missing,,,,mismatch,N2,その内·其の内,,,naver,reading,男は「イエスの再臨が近づいてきて、世界はそのうち終焉に至る」と言った。,,,https://ja.dict.naver.com/#/search?query=%E3%81%9D%E3%81%AE%E5%86%85
w_a4116bf6cc58ca05,N3,氏,し,"성씨, 씨",level-mismatch,mismatch,N2,氏,%E3%81%97,manual_review,N1,氏,,,naver,surface,私の畏友A(エー)氏を紹介します,,씨;…씨;성에 붙이는 존칭,https://ja.dict.naver.com/#/search?query=%E6%B0%8F
w_bfe33b63e03b0fd8,N3,簡単だ,かんたんだ,간단하다,naver-level-missing;naver-search-unmatched,naver_level_missing,,,,search_unmatched,,,derived-form,base=簡単 suffix=だ,naver,surface,話せば簡単だ.と言って誰にも実行できることではない,,,https://ja.dict.naver.com/#/search?query=%E7%B0%A1%E5%8D%98%E3%81%A0
w_dd6cfb328dbd2400,N3,せい,せい,"원인, 이유, 잘못, 결함",level-ambiguous;example-headword-missing,manual_review,N1,制,せい,manual_review,N4,背,,,naver,missing,習い、性となる,,제;제도;천자의 명령,https://ja.dict.naver.com/#/search?query=%E3%81%9B%E3%81%84
w_155335c07d28c16f,N3,いつでも,いつでも,"언제든지(에서), 항상",naver-level-missing,naver_level_missing,,,,search_no_jlpt,,何時でも,,,self,surface,困ったときはいつでも電話してください。,,,https://ja.dict.naver.com/#/search?query=%E3%81%84%E3%81%A4%E3%81%A7%E3%82%82
w_9823331a4460e715,N3,重要だ,じゅうようだ,중요하다,naver-level-missing;naver-search-unmatched,naver_level_missing,,,,search_unmatched,,,derived-form,base=重要 suffix=だ,naver,surface,外見も重要だが、それに劣らず性格も重要だ。,,,https://ja.dict.naver.com/#/search?query=%E9%87%8D%E8%A6%81%E3%81%A0
w_2e22b9e812873fab,N3,際,さい,"때, 경우, 상황",naver-level-missing;level-mismatch-confirmed,naver_level_missing,,,,mismatch,N2,際,,,naver,surface,Aチームに在籍していた際はアシストに従事することが多かった。,,,https://ja.dict.naver.com/#/search?query=%E9%9A%9B
w_2051986d08da1c3e,N3,地,ち,"땅, 지면",level-mismatch;level-mismatch-confirmed,mismatch,N2,地,%E3%81%A1,mismatch,N2,地,,,naver,surface,足が地を離れない.,,땅;지;지면;지상;토지;지방,https://ja.dict.naver.com/#/search?query=%E5%9C%B0
w_09de41ea9efbccdb,N3,一般的だ,いっぱんてきだ,일반적이다,naver-level-missing;naver-search-unmatched,naver_level_missing,,,,search_unmatched,,,derived-form,base=一般的 suffix=だ,naver,surface,カセット・テープも，Ａ面に「Ａ」の文字を刻んで，Ｂ面と区別するのが一般的だ,,,https://ja.dict.naver.com/#/search?query=%E4%B8%80%E8%88%AC%E7%9A%84%E3%81%A0
w_b0e70ed0be91dd53,N3,一般的な,いっぱんてきな,일반적인,naver-level-missing,naver_level_missing,,,,search_no_jlpt,,一般的な,derived-form,base=一般的 suffix=な,naver,surface,ところがアラムートでは，暗殺がきわめて一般的な戦い方とされていたのである。モンゴルに限らず，どんな集団でもアラムートの狂信者たちを憎んでいた,,,https://ja.dict.naver.com/#/search?query=%E4%B8%80%E8%88%AC%E7%9A%84%E3%81%AA
w_e6e34cd099dad65c,N3,率,りつ,비율,naver-level-missing;level-mismatch-confirmed,naver_level_missing,,,,mismatch,N2,率,,,naver,surface,フェアウェイキープは40%、パーオン率も50%と低迷した。,,,https://ja.dict.naver.com/#/search?query=%E7%8E%87
w_06e7e51d003ac3e4,N3,街,まち,"번화가, 거리",example-headword-missing,match,N3,街,%E3%81%BE%E3%81%A1,,,,,,naver,missing,下町のとある店に立ち寄る,,상가 따위가 밀집된 곳;번화한 거리,https://ja.dict.naver.com/#/search?query=%E8%A1%97
w_0182f61cfb3d14c2,N3,主だ,おもだ,주되다,naver-level-missing;naver-search-unmatched,naver_level_missing,,,,search_unmatched,,,derived-form,base=主 suffix=だ,naver,surface,ジスは会社を運営する実権を握っている実質的な主だ。,,,https://ja.dict.naver.com/#/search?query=%E4%B8%BB%E3%81%A0
w_84d9d692e8fc1ee1,N3,生まれ,うまれ,"출생, 출생 장소",naver-level-missing,naver_level_missing,,,,match,N3,生(ま)れ,,,naver,surface,彼はきっすいのソウル生まれだ.,,,https://ja.dict.naver.com/#/search?query=%E7%94%9F%E3%81%BE%E3%82%8C
w_bd181301cc7c5324,N3,酒,さけ,"술, 사케",level-mismatch,mismatch,N2,酒,-しゅ,search_no_jlpt,,酒,,,naver,surface,酒と鮭は同じ発音ですがアクセントの位置が異なります。,,…주;…술,https://ja.dict.naver.com/#/search?query=%E9%85%92
w_5a44a3609e05efcb,N3,表示,ひょうじ,표시,naver-level-missing,naver_level_missing,,,,search_no_jlpt,,表示,,,naver,surface,オンマウスで下線が表示される,,,https://ja.dict.naver.com/#/search?query=%E8%A1%A8%E7%A4%BA
w_7f8b1efcd206d4ac,N3,代表的だ,だいひょうてきだ,대표적이다,naver-level-missing;naver-search-unmatched,naver_level_missing,,,,search_unmatched,,,derived-form,base=代表的 suffix=だ,naver,stem,漢江(ハンガン)は、ソウルの代表的な顔だ。,,,https://ja.dict.naver.com/#/search?query=%E4%BB%A3%E8%A1%A8%E7%9A%84%E3%81%A0
w_d864b851061da4e7,N3,代表的な,だいひょうてきな,대표적인,naver-level-missing;naver-search-unmatched,naver_level_missing,,,,search_unmatched,,,derived-form,base=代表的 suffix=な,naver,surface,鯛焼きは日本の代表的な庶民のお菓子です。,,,https://ja.dict.naver.com/#/search?query=%E4%BB%A3%E8%A1%A8%E7%9A%84%E3%81%AA
w_cf44989e0ac5563a,N3,チェックする,チェックする,체크하다,naver-level-missing;spelling-kana-not-in-jmdict;naver-search-unmatched,naver_level_missing,,,,search_unmatched,,,kana-not-in-jmdict,kana form absent from JMdict readings,naver,surface,出席をチェックする。,,,https://ja.dict.naver.com/#/search?query=%E3%83%81%E3%82%A7%E3%83%83%E3%82%AF%E3%81%99%E3%82%8B
w_066f479d049724ea,N3,一秒,いちびょう,1초,naver-level-missing,naver_level_missing,,,,search_no_jlpt,,一秒,,,naver,surface,一秒の狂いもない.,,,https://ja.dict.naver.com/#/search?query=%E4%B8%80%E7%A7%92
w_0f8fc5c6ab696d73,N3,出会い,であい,만남,naver-level-missing,naver_level_missing,,,,match,N3,出会(い)·出合(い),,,naver,surface,出会いの切っ掛けを提供する,,,https://ja.dict.naver.com/#/search?query=%E5%87%BA%E4%BC%9A%E3%81%84
w_84353701d56138e4,N3,正直だ,しょうじきだ,정직하다,naver-level-missing;naver-search-unmatched,naver_level_missing,,,,search_unmatched,,,derived-form,base=正直 suffix=だ,naver,surface,あの人は正直だ,,,https://ja.dict.naver.com/#/search?query=%E6%AD%A3%E7%9B%B4%E3%81%A0
w_5a886b7121ed4a02,N3,差,さ,"차이, 차",level-mismatch;level-mismatch-confirmed,mismatch,N2,差,%E3%81%95,mismatch,N2,差,,,naver,surface,勝ち点５差で追っている,,차;차이;차등;뺄셈의 답,https://ja.dict.naver.com/#/search?query=%E5%B7%AE
w_9a0f257e7a6a025d,N3,弾,たま,"총알, 탄환",level-mismatch;level-mismatch-confirmed,mismatch,N2,弾,%E3%81%9F%E3%81%BE,mismatch,N2,弾,,,naver,surface,弾[弾丸]が肩を貫通する,,총알;탄알,https://ja.dict.naver.com/#/search?query=%E5%BC%BE
w_d2920b329afac048,N3,当然,とうぜん,당연히,level-ambiguous,manual_review,N2,当然,とうぜん,manual_review,N2,当然,,,naver,surface,ベニスのゴンドリエは当然ベニスの歌を歌いたがる,,당연,https://ja.dict.naver.com/#/search?query=%E5%BD%93%E7%84%B6
w_ee8feeec8a1af066,N3,これら,これら,이것들,level-mismatch;level-mismatch-confirmed,mismatch,N2,此等·是等,%E3%81%93%E3%82%8C%E3%82%89,mismatch,N2,此等·是等,,,self,surface,これらの資料を確認してください。,,이들;이것들,https://ja.dict.naver.com/#/search?query=%E3%81%93%E3%82%8C%E3%82%89
w_bcdf6ba0c3132683,N3,不安だ,ふあんだ,불안하다,naver-level-missing;naver-search-unmatched,naver_level_missing,,,,search_unmatched,,,derived-form,base=不安 suffix=だ,naver,surface,夫と私は一定の月収がないので、暮らしがいつも不安だ。,,,https://ja.dict.naver.com/#/search?query=%E4%B8%8D%E5%AE%89%E3%81%A0
w_a8eeca9225026b13,N3,お代わり,おかわり,"한그릇더먹음,리필",naver-level-missing;level-mismatch-confirmed,naver_level_missing,,,,mismatch,N2,お代(わ)り·御代(わ)り,,,naver,surface,弟はまだ足りないのか母にお代わりを頼んだ。,,,https://ja.dict.naver.com/#/search?query=%E3%81%8A%E4%BB%A3%E3%82%8F%E3%82%8A
w_8df0fff24f94cc63,N3,電車代,でんしゃだい,전철 요금,example-headword-missing,match,N3,電車代,%E3%81%A7%E3%82%93%E3%81%97%E3%82%83%E3%81%A0%E3%81%84,,,,,,naver,missing,ローカル電車の料金。,,전철 요금,https://ja.dict.naver.com/#/search?query=%E9%9B%BB%E8%BB%8A%E4%BB%A3
w_4dd46de7774b3d5b,N3,確実だ,かくじつだ,확실하다,naver-level-missing;naver-search-unmatched,naver_level_missing,,,,search_unmatched,,,derived-form,base=確実 suffix=だ,naver,surface,今までの結果からすると、今回の試合はうちのチームの勝利が確実だ。,,,https://ja.dict.naver.com/#/search?query=%E7%A2%BA%E5%AE%9F%E3%81%A0
w_92eb50477a0ece80,N3,ごめんなさい,ごめんなさい,"미안합니다, 실례합니다",level-mismatch,mismatch,N5,,%E3%81%94%E3%82%81%E3%82%93%E3%81%AA%E3%81%95%E3%81%84,search_no_jlpt,,御免なさい·ご免なさい,,,naver,surface,ごめんなさい。仕方がなかった。,,미안합니다,https://ja.dict.naver.com/#/search?query=%E3%81%94%E3%82%81%E3%82%93%E3%81%AA%E3%81%95%E3%81%84
w_6e533b465b02e2aa,N3,感情的だ,かんじょうてきだ,감정적이다,naver-level-missing;naver-search-unmatched,naver_level_missing,,,,search_unmatched,,,derived-form,base=感情的 suffix=だ,naver,stem,その問題は感情的に持っていっては[扱っては]ならない.,,,https://ja.dict.naver.com/#/search?query=%E6%84%9F%E6%83%85%E7%9A%84%E3%81%A0
w_44f5a21a231cf355,N3,いつか,いつか,언젠가; 어느 날,level-ambiguous,manual_review,N4,何時か,いつか,manual_review,N5,五日,,,self,surface,いつか日本で働きたい。,,"언젠가;전하여, 이전에;조만간에;언젠가는;어느 사이에",https://ja.dict.naver.com/#/search?query=%E3%81%84%E3%81%A4%E3%81%8B
w_a11eede38f3c2f74,N3,我慢する,がまんする,참다,naver-level-missing,naver_level_missing,,,,search_no_jlpt,,我慢する,derived-form,base=我慢 suffix=する,naver,surface,歯をきゅっと[ぎゅっと]食いしばって[かみしめて]我慢する.,,,https://ja.dict.naver.com/#/search?query=%E6%88%91%E6%85%A2%E3%81%99%E3%82%8B
w_316bbdf74fcc8447,N3,無事だ,ぶじだ,무사하다,naver-level-missing;naver-search-unmatched,naver_level_missing,,,,search_unmatched,,,derived-form,base=無事 suffix=だ,naver,surface,これだけでも無事だ。,,,https://ja.dict.naver.com/#/search?query=%E7%84%A1%E4%BA%8B%E3%81%A0
w_3cf8a59fa4a831ad,N3,真逆,まさか,"위급한 사태에 직면함, 설마;아무리 그렇다고 하더라도, 아무려면;아무리",spelling-flagged-form,match,N3,真逆,まさか,,,,flagged-form,ke_inf=['rarely used kanji form'] re_inf=[] seq=1363540,naver,surface,真逆そうするわけにもいかないね,,위급한 사태에 직면함;설마;아무리 그렇다고 하더라도;아무려면;아무리,https://ja.dict.naver.com/#/search?query=%E7%9C%9F%E9%80%86
w_124b8bc840f69c1e,N3,我々,われわれ,우리,naver-level-missing;naver-search-unmatched,naver_level_missing,,,,search_unmatched,,,,,naver,surface,責任の一端は我々にもある,,,https://ja.dict.naver.com/#/search?query=%E6%88%91%E3%80%85
w_1bdbcc339487204a,N3,暮らし,くらし,"생활, 살림",naver-level-missing,naver_level_missing,,,,match,N3,暮(ら)し,,,naver,surface,生活[暮らし]が立行かない,,,https://ja.dict.naver.com/#/search?query=%E6%9A%AE%E3%82%89%E3%81%97
w_58ae1bd95dca9642,N3,現れ,あらわれ,"표현, 표시, 징후",naver-level-missing;level-mismatch-confirmed,naver_level_missing,,,,mismatch,N2,現(わ)れ·表(わ)れ·顕(わ)れ,,,naver,surface,実は好意の現れだ,,,https://ja.dict.naver.com/#/search?query=%E7%8F%BE%E3%82%8C
w_4af9f6c0aa9f9f51,N3,祭り,まつり,"제사, 축제;잔치, 京都의 賀茂 신사의 제사",naver-level-missing,naver_level_missing,,,,search_no_jlpt,,祭り,,,naver,surface,お祭り気分に浮かれている.,,,https://ja.dict.naver.com/#/search?query=%E7%A5%AD%E3%82%8A
w_fe2638e2b65eff32,N3,図,ず,"그림, 도표",level-mismatch;level-mismatch-confirmed,mismatch,N2,図,%E3%81%9A,mismatch,N2,図,,,naver,surface,一枚の図に収める,,그림;회화;도면;도형;꼴;모양·광경,https://ja.dict.naver.com/#/search?query=%E5%9B%B3
w_d810a54c905e8820,N3,当たり前,あたりまえ,당연함,naver-level-missing,naver_level_missing,,,,match,N3,当(た)り前,,,naver,surface,それ相応の[当たり前の]値段で売る.,,,https://ja.dict.naver.com/#/search?query=%E5%BD%93%E3%81%9F%E3%82%8A%E5%89%8D
w_b5725ff47ab0fb15,N3,正確だ,せいかくだ,정확하다,naver-level-missing;naver-search-unmatched,naver_level_missing,,,,search_unmatched,,,derived-form,base=正確 suffix=だ,naver,surface,複雑な計算は電卓でやると正確だ。,,,https://ja.dict.naver.com/#/search?query=%E6%AD%A3%E7%A2%BA%E3%81%A0
w_c81f4bf131afb227,N3,章,しょう,장; 훈장,naver-level-missing;level-mismatch-confirmed,naver_level_missing,,,,mismatch,N2,章,,,naver,surface,その論文は二つの章から成っている.,,,https://ja.dict.naver.com/#/search?query=%E7%AB%A0
w_63b763a2dcc93ada,N3,経営学,けいえいがく,경영학,naver-level-missing,naver_level_missing,,,,search_no_jlpt,,経営学,,,naver,surface,経営学を勉強しています。,,,https://ja.dict.naver.com/#/search?query=%E7%B5%8C%E5%96%B6%E5%AD%A6
w_69678bee044d584a,N3,得意だ,とくいだ,"잘한다,숙련되다",naver-level-missing;naver-search-unmatched,naver_level_missing,,,,search_unmatched,,,derived-form,base=得意 suffix=だ,naver,surface,ジスは国語が得意だ。 しかし、数学は苦手だ。,,,https://ja.dict.naver.com/#/search?query=%E5%BE%97%E6%84%8F%E3%81%A0
w_e12c57237323c262,N3,繰り返し,くりかえし,"반복함;되풀이함, 후렴",naver-level-missing,naver_level_missing,,,,match,N3,繰(り)返し,,,naver,surface,ジスは絵を描く時、繰り返しと変奏を活用する。,,,https://ja.dict.naver.com/#/search?query=%E7%B9%B0%E3%82%8A%E8%BF%94%E3%81%97
w_0e0c5375da546bc6,N3,苦手だ,にがてだ,"서투르다,질색이다",naver-level-missing;naver-search-unmatched,naver_level_missing,,,,search_unmatched,,,derived-form,base=苦手 suffix=だ,naver,surface,引き算が苦手だ。,,,https://ja.dict.naver.com/#/search?query=%E8%8B%A6%E6%89%8B%E3%81%A0
w_dea383b5805990d4,N3,具体的だ,ぐたいてきだ,구체적이다,naver-level-missing;naver-search-unmatched,naver_level_missing,,,,search_unmatched,,,derived-form,base=具体的 suffix=だ,naver,stem,その件に関して、何回も会議をしたが、まだ具体的な計画は未定だ。,,,https://ja.dict.naver.com/#/search?query=%E5%85%B7%E4%BD%93%E7%9A%84%E3%81%A0
w_5d840d71a8117da4,N3,単純だ,たんじゅんだ,단순하다,naver-level-missing;naver-search-unmatched,naver_level_missing,,,,search_unmatched,,,derived-form,base=単純 suffix=だ,naver,surface,考え方が単純だ。,,,https://ja.dict.naver.com/#/search?query=%E5%8D%98%E7%B4%94%E3%81%A0
w_98957c0209937275,N3,積極的だ,せっきょくてきだ,적극적이다,naver-level-missing;naver-search-unmatched,naver_level_missing,,,,search_unmatched,,,derived-form,base=積極的 suffix=だ,naver,surface,キムさんは性格が消極的なのに対して、ソンさんは積極的だ。,,,https://ja.dict.naver.com/#/search?query=%E7%A9%8D%E6%A5%B5%E7%9A%84%E3%81%A0
w_ce41f501d88787f7,N3,複雑だ,ふくざつだ,복잡하다,naver-level-missing;naver-search-unmatched,naver_level_missing,,,,search_unmatched,,,derived-form,base=複雑 suffix=だ,naver,surface,話が複雑だ。,,,https://ja.dict.naver.com/#/search?query=%E8%A4%87%E9%9B%91%E3%81%A0
w_c34cf13bb75d6d66,N3,描く,かく,"그리다, 묘사하다",level-mismatch;level-mismatch-confirmed,mismatch,N2,描く·画く,%E3%81%8B%E3%81%8F,mismatch,N2,描く·画く,,,naver,surface,4コマ漫画を描く,,그리다,https://ja.dict.naver.com/#/search?query=%E6%8F%8F%E3%81%8F
w_f182cfd13fb0fa48,N3,起こる,おこる,일어나다,naver-level-missing,naver_level_missing,,,,match,N3,起(こ)る,,,naver,surface,番狂わせが起こる,,,https://ja.dict.naver.com/#/search?query=%E8%B5%B7%E3%81%93%E3%82%8B
w_221fdc111bb0a9d6,N3,可,か,"가함, 가능",level-mismatch;level-mismatch-confirmed,mismatch,N2,可,%E3%81%8B,mismatch,N2,可,,,naver,surface,万年筆で書くこと。また、ボールペンでも可,,"가;좋음;또, 좋다고 평가함",https://ja.dict.naver.com/#/search?query=%E5%8F%AF
w_8260701b3bb8776f,N3,当たる,あたる,"맞다,적중하다",naver-level-missing;level-mismatch-confirmed,naver_level_missing,,,,mismatch,N2,当(た)る,,,naver,surface,奇妙に勘が当たる,,,https://ja.dict.naver.com/#/search?query=%E5%BD%93%E3%81%9F%E3%82%8B
w_4afc49c52138c0b2,N3,静かに,しずかに,조용하게; 조용히,naver-level-missing,naver_level_missing,,,,search_no_jlpt,,静かに,,,naver,surface,心静かに日々を送る,,,https://ja.dict.naver.com/#/search?query=%E9%9D%99%E3%81%8B%E3%81%AB
w_f63a718c1327f6c8,N3,願い,ねがい,"원함;소원, 바라는 바, 부탁함",naver-level-missing,naver_level_missing,,,,match,N3,願(い),,,naver,surface,願いがかなって王様に謁見した.,,,https://ja.dict.naver.com/#/search?query=%E9%A1%98%E3%81%84
w_d9fe865603020b40,N3,血液型,けつえきがた,혈액형,naver-level-missing,naver_level_missing,,,,search_no_jlpt,,血液型,,,naver,surface,血を少し採って血液型を検査する.,,,https://ja.dict.naver.com/#/search?query=%E8%A1%80%E6%B6%B2%E5%9E%8B
w_68b2b28244f5b063,N3,やや,やや,"약간, 다소",level-mismatch;level-mismatch-confirmed,mismatch,N2,,%E3%82%84%E3%82%84,mismatch,N2,やや,,,self,surface,今日は昨日よりやや暖かい。,,어유,https://ja.dict.naver.com/#/search?query=%E3%82%84%E3%82%84
w_92f2cceffefa8a7e,N3,チャレンジ,チャレンジ,"챌린지, 도전",naver-level-missing,naver_level_missing,,,,search_no_jlpt,,チャレンジ,,,naver,surface,ユーチューブを通じてアイスバケツチャレンジに挑戦した映像を公開した女優,,,https://ja.dict.naver.com/#/search?query=%E3%83%81%E3%83%A3%E3%83%AC%E3%83%B3%E3%82%B8
w_3023fac95c244530,N3,方々,かたがた,"여러분, 분들",naver-level-missing;naver-search-unmatched,naver_level_missing,,,,search_unmatched,,,,,naver,surface,お世話になった方々を招いてホームパーティーをする,,,https://ja.dict.naver.com/#/search?query=%E6%96%B9%E3%80%85
w_bb711d71f6478d68,N3,自慢する,じまんする,자랑하다,naver-level-missing;naver-search-unmatched,naver_level_missing,,,,search_unmatched,,,derived-form,base=自慢 suffix=する,naver,surface,ほっそりしたからだつきを自慢する.,,,https://ja.dict.naver.com/#/search?query=%E8%87%AA%E6%85%A2%E3%81%99%E3%82%8B
w_af33311448c78e64,N3,弁当,べんとう,도시락,naver-level-missing,naver_level_missing,,,,search_no_jlpt,,弁当,,,naver,surface,日本の弁当は.家庭で作る手作りの弁当と市販されている弁当に大きく分けることができます。,,,https://ja.dict.naver.com/#/search?query=%E5%BC%81%E5%BD%93
w_802a758e118ccb95,N3,立派だ,りっぱだ,훌륭하다,naver-level-missing;naver-search-unmatched,naver_level_missing,,,,search_unmatched,,,derived-form,base=立派 suffix=だ,naver,surface,人柄が立派だ。,,,https://ja.dict.naver.com/#/search?query=%E7%AB%8B%E6%B4%BE%E3%81%A0
w_0e85c73b6c150596,N3,アイデア,アイデア,아이디어,level-mismatch;level-mismatch-confirmed,mismatch,N2,,%E3%82%A2%E3%82%A4%E3%83%87%E3%82%A2,mismatch,N2,アイデア,,,naver,surface,"年を取って頭が働かなくなり,いいアイデアが浮かばない.",,아이디어;이상;생각;착상,https://ja.dict.naver.com/#/search?query=%E3%82%A2%E3%82%A4%E3%83%87%E3%82%A2
w_c764decd3f5b167e,N3,基,もと,"기초, 근거",level-mismatch;level-mismatch-confirmed,mismatch,N2,基,%E3%82%82%E3%81%A8,mismatch,N2,基,,,naver,surface,基をしっかりさせる,,근본;토대;기초,https://ja.dict.naver.com/#/search?query=%E5%9F%BA
w_016ef21c6de7dbf3,N3,素,もと,"본질, 바탕",level-mismatch;level-mismatch-confirmed,mismatch,N2,素,%E3%82%82%E3%81%A8,mismatch,N2,素,,,naver,surface,日本の家庭では、固形状の「コンソメスープの素」を溶かしてコンソメ味を作ることがほとんどです。,,만물이 생기는 바탕;원질;원료,https://ja.dict.naver.com/#/search?query=%E7%B4%A0
w_6b0957aff77a0feb,N3,現れる,あらわれる,"나타나다, 되다 보이는, 표현하다",naver-level-missing,naver_level_missing,,,,match,N3,現(わ)れる·表(わ)れる·顕(わ)れる,,,naver,surface,異相の男が忽然と現れる,,,https://ja.dict.naver.com/#/search?query=%E7%8F%BE%E3%82%8C%E3%82%8B
w_2cb5b752ea9143b1,N3,主要だ,しゅようだ,주요하다,naver-level-missing;naver-search-unmatched,naver_level_missing,,,,search_unmatched,,,derived-form,base=主要 suffix=だ,naver,surface,シングルスではオープンスペースを作って狙う作戦が主要だ。,,,https://ja.dict.naver.com/#/search?query=%E4%B8%BB%E8%A6%81%E3%81%A0
w_727d286948e9b3eb,N3,実用的だ,じつようてきだ,실용적이다,naver-level-missing;naver-search-unmatched,naver_level_missing,,,,search_unmatched,,,derived-form,base=実用的 suffix=だ,naver,stem,この発明は以前にはなかったもので、独創力が優れているだけでなく実用的である。,,,https://ja.dict.naver.com/#/search?query=%E5%AE%9F%E7%94%A8%E7%9A%84%E3%81%A0
w_9c02e2c234a205df,N3,決まり,きまり,"규칙, 정해진 것",naver-level-missing,naver_level_missing,,,,match,N3,決(ま)り·極(ま)り,,,naver,surface,決まりに従って行動する,,,https://ja.dict.naver.com/#/search?query=%E6%B1%BA%E3%81%BE%E3%82%8A
w_14e067fde838f088,N3,課,か,"과, 부서",naver-level-missing;level-mismatch-confirmed,naver_level_missing,,,,mismatch,N2,課,,,naver,surface,初授業だから教科書の1課から順番に沿って勉強しましょう。,,,https://ja.dict.naver.com/#/search?query=%E8%AA%B2
w_c4183df97780a7e1,N3,マナー,マナー,매너,naver-level-missing,naver_level_missing,,,,search_no_jlpt,,マナー,,,naver,surface,マナーの悪さに眉を顰める,,,https://ja.dict.naver.com/#/search?query=%E3%83%9E%E3%83%8A%E3%83%BC
w_58977f544ab1d50a,N3,過ごす,すごす,"지내다, 보내다",naver-level-missing,naver_level_missing,,,,match,N3,過(ご)す,,,naver,surface,海で夏休みを過ごす.,,,https://ja.dict.naver.com/#/search?query=%E9%81%8E%E3%81%94%E3%81%99
w_471352b7953c55a4,N3,集まり,あつまり,"모임, 집합",naver-level-missing,naver_level_missing,,,,match,N3,集(ま)り,,,naver,surface,今日はコミセンで集まりがある,,,https://ja.dict.naver.com/#/search?query=%E9%9B%86%E3%81%BE%E3%82%8A
w_662fb4e58f069c2b,N3,向かい,むかい,맞은편,naver-level-missing,naver_level_missing,,,,match,N3,向(か)い·対い,,,naver,surface,お向かいさんに一声かける,,,https://ja.dict.naver.com/#/search?query=%E5%90%91%E3%81%8B%E3%81%84
w_38adf495daec31a4,N3,繰り返す,くりかえす,반복하다,naver-level-missing,naver_level_missing,,,,match,N3,繰(り)返す,,,naver,surface,リダイヤルを繰り返す,,,https://ja.dict.naver.com/#/search?query=%E7%B9%B0%E3%82%8A%E8%BF%94%E3%81%99
w_f00c9d1b6516e4f2,N3,次々,つぎつぎ,잇따라,naver-level-missing;naver-search-unmatched,naver_level_missing,,,,search_unmatched,,,,,naver,surface,鉄道を皮切りに、次々とストに突入した,,,https://ja.dict.naver.com/#/search?query=%E6%AC%A1%E3%80%85
w_5ffb2566a90f4567,N3,新鮮だ,しんせんだ,신선하다,naver-level-missing;naver-search-unmatched,naver_level_missing,,,,search_unmatched,,,derived-form,base=新鮮 suffix=だ,naver,surface,完成度はいまひとつでも，オーソドックスなドラマを聞き慣れた耳には新鮮だ,,,https://ja.dict.naver.com/#/search?query=%E6%96%B0%E9%AE%AE%E3%81%A0
w_4c934f2120b1a7b8,N3,胃,い,위(장기),level-mismatch;level-mismatch-confirmed,mismatch,N2,胃,%E3%81%84,mismatch,N2,胃,,,self,surface,食べ過ぎて胃が痛い。,,위,https://ja.dict.naver.com/#/search?query=%E8%83%83
w_856ccf82759db1db,N3,係,かかり,"담당자, 담당",naver-level-missing,naver_level_missing,,,,match,N3,係(り),,,naver,surface,係の者を呼んで来ます,,,https://ja.dict.naver.com/#/search?query=%E4%BF%82
w_538523d6296c7778,N3,務め,つとめ,"임무, 직무",level-mismatch;level-mismatch-confirmed,mismatch,N2,務め,%E3%81%A4%E3%81%A8%E3%82%81,mismatch,N2,勤め·務め,,,naver,surface,法を守ることは国民の務めだ.,,할 일;의무;임무,https://ja.dict.naver.com/#/search?query=%E5%8B%99%E3%82%81
w_d272a4d8a2801bf1,N3,朝食,ちょうしょく,조식,naver-level-missing,naver_level_missing,,,,search_no_jlpt,,朝食,,,naver,surface,朝食はABFのビュッフェで提供される,,,https://ja.dict.naver.com/#/search?query=%E6%9C%9D%E9%A3%9F
w_422094ff0a79b584,N3,付く,つく,"붙다, 달리다",level-ambiguous,manual_review,N2,付く·附く,-つく,manual_review,N4,付く·附く,,,naver,surface,目に付く所に広告を張る.,,소리·동작·모양이 그렇게 됨을 나타냄,https://ja.dict.naver.com/#/search?query=%E4%BB%98%E3%81%8F
w_6c762964f34abbe1,N3,速い,はやい,빠르다,level-mismatch;level-mismatch-confirmed,mismatch,N5,速い·疾い,%E3%81%AF%E3%82%84%E3%81%84,mismatch,N5,速い·疾い,,,naver,surface,理解が速い,,빠르다;세차다;거칠다,https://ja.dict.naver.com/#/search?query=%E9%80%9F%E3%81%84
w_e6793fec12862789,N3,少々,しょうしょう,"조금, 잠시",naver-level-missing;naver-search-unmatched,naver_level_missing,,,,search_unmatched,,,,,naver,surface,電話を切らないで、少々お待ちください。,,,https://ja.dict.naver.com/#/search?query=%E5%B0%91%E3%80%85
w_b98718b6acb95599,N3,派手だ,はでだ,화려하다,naver-level-missing,naver_level_missing,,,,search_no_jlpt,,派手だ,derived-form,base=派手 suffix=だ,naver,surface,文体が派手だ。,,,https://ja.dict.naver.com/#/search?query=%E6%B4%BE%E6%89%8B%E3%81%A0
w_af296f1fffff86f4,N3,暮らす,くらす,"하루를 보내다, 살다;세월을 보내다, 살아가다;지내다",naver-level-missing,naver_level_missing,,,,match,N3,暮(ら)す,,,naver,surface,地味に暮らす,,,https://ja.dict.naver.com/#/search?query=%E6%9A%AE%E3%82%89%E3%81%99
w_c2cb813bbf10739d,N3,合わせる,あわせる,합치다,naver-level-missing,naver_level_missing,,,,match,N3,合(わ)せる,,,naver,surface,「肌を合わせる」というのは，エッチなイミもあるけれど，もとは「心を合わせる」とか「示し合わせる」ということだ,,,https://ja.dict.naver.com/#/search?query=%E5%90%88%E3%82%8F%E3%81%9B%E3%82%8B
w_df7a287483888d5b,N3,表す,あらわす,"나타내다,표현하다",naver-level-missing,naver_level_missing,,,,manual_review,N3,表(わ)す,,,naver,surface,カステラの本場として有名なのは長崎であるが、長崎カステラという名前は、地域の名物を表す名前ではなくカステラの製法の一つを表すものだそうだ。,,,https://ja.dict.naver.com/#/search?query=%E8%A1%A8%E3%81%99
w_6642cbf9235eb71d,N3,受け入れる,うけいれる,받아들이다,naver-level-missing;level-mismatch-confirmed,naver_level_missing,,,,mismatch,N1,受(け)入れる·受(け)容れる,,,naver,surface,この原則を受け入れる用意がある.,,,https://ja.dict.naver.com/#/search?query=%E5%8F%97%E3%81%91%E5%85%A5%E3%82%8C%E3%82%8B
w_cc4e34db111baec1,N3,年寄り,としより,"늙은이;노인, 무가 시대에 정무에 참여한 중신, 江戸幕府大奥를 단속하던 여관의 중직",naver-level-missing,naver_level_missing,,,,match,N3,年寄(り),,,naver,surface,年寄りの役をつとめる.,,,https://ja.dict.naver.com/#/search?query=%E5%B9%B4%E5%AF%84%E3%82%8A
w_1db1591aae191a26,N3,支給する,しきゅうする,지급하다,naver-level-missing;naver-search-unmatched,naver_level_missing,,,,search_unmatched,,,derived-form,base=支給 suffix=する,naver,surface,官服を支給する.,,,https://ja.dict.naver.com/#/search?query=%E6%94%AF%E7%B5%A6%E3%81%99%E3%82%8B
w_85fc5f056fd49807,N3,落ち着く,おちつく,"침착하다,차분해지다",naver-level-missing;naver-search-unmatched,naver_level_missing,,,,search_unmatched,,,,,naver,surface,宿を取る; 宿屋に落ち着く.,,,https://ja.dict.naver.com/#/search?query=%E8%90%BD%E3%81%A1%E7%9D%80%E3%81%8F
w_bfb66de43d6df143,N3,支払う,しはらう,지불하다;치르다,example-headword-missing,match,N3,支払う·仕払う,しはらう,,,,,,naver,missing,料金を仮想通貨で支払らう,,지불하다;치르다,https://ja.dict.naver.com/#/search?query=%E6%94%AF%E6%89%95%E3%81%86
w_5444ad9790d180e8,N3,いい加減,いいかげん,"적당함, 무책임함",example-headword-missing,match,N3,いい加減·好い加減,いいかげん,,,,,,naver,missing,好い加減なことを言うな,,적당함;알맞음;꽤;상당히;무책임한 모양;엉터리,https://ja.dict.naver.com/#/search?query=%E3%81%84%E3%81%84%E5%8A%A0%E6%B8%9B
w_d387124aff2d8230,N3,聞き直す,ききなおす,되묻다;다시 물어 보다,naver-level-missing,naver_level_missing,,,,match,N3,聞(き)直す,,,naver,surface,同じ曲を聞き直す,,,https://ja.dict.naver.com/#/search?query=%E8%81%9E%E3%81%8D%E7%9B%B4%E3%81%99
w_292833139acbd808,N3,自動的な,じどうてきな,자동적인,naver-level-missing;naver-search-unmatched,naver_level_missing,,,,search_unmatched,,,derived-form,base=自動的 suffix=な,naver,surface,自動的な放棄。,,,https://ja.dict.naver.com/#/search?query=%E8%87%AA%E5%8B%95%E7%9A%84%E3%81%AA
w_7324984adc736a5d,N3,がっかりする,がっかりする,낙심하다,naver-level-missing;spelling-kana-not-in-jmdict;naver-search-unmatched,naver_level_missing,,,,search_unmatched,,,kana-not-in-jmdict,kana form absent from JMdict readings,naver,surface,落選の報を聞いてがっかりする,,,https://ja.dict.naver.com/#/search?query=%E3%81%8C%E3%81%A3%E3%81%8B%E3%82%8A%E3%81%99%E3%82%8B
w_6c6a8a5d86d0f377,N3,受け取る,うけとる,"수취하다,받다",naver-level-missing,naver_level_missing,,,,match,N3,受(け)取る·請(け)取る,,,naver,surface,スロット・マシン業界のボスからわいろを受け取る,,,https://ja.dict.naver.com/#/search?query=%E5%8F%97%E3%81%91%E5%8F%96%E3%82%8B
w_5fef87c18620fa3e,N3,次第に,しだいに,"점점,서서히",naver-level-missing,naver_level_missing,,,,search_no_jlpt,,次第に,,,naver,surface,二人の仲が次第にへだたる.,,,https://ja.dict.naver.com/#/search?query=%E6%AC%A1%E7%AC%AC%E3%81%AB
w_c0a74a5ceeba2335,N3,お洒落,おしゃれ,"멋쟁이, 세련됨",naver-level-missing,naver_level_missing,,,,match,N3,お洒落∙御洒落,,,naver,surface,お洒落な若者が集まる街,,,https://ja.dict.naver.com/#/search?query=%E3%81%8A%E6%B4%92%E8%90%BD
w_f8708ad17ed70251,N3,仮定する,かていする,가정하다,naver-level-missing;naver-search-unmatched,naver_level_missing,,,,search_unmatched,,,derived-form,base=仮定 suffix=する,naver,surface,最悪の場合を仮定する。,,,https://ja.dict.naver.com/#/search?query=%E4%BB%AE%E5%AE%9A%E3%81%99%E3%82%8B
w_fa227e48ff825a7e,N3,申し込み,もうしこみ,신청,naver-level-missing;level-mismatch-confirmed,naver_level_missing,,,,mismatch,N1,申(し)込み·申込,,,naver,surface,求職の申し込みが殺到する.,,,https://ja.dict.naver.com/#/search?query=%E7%94%B3%E3%81%97%E8%BE%BC%E3%81%BF
w_bd960bb319ab4a2a,N3,欠,あくび,하품,spelling-flagged-form,match,N3,欠·欠伸,あくび,,,,flagged-form,ke_inf=['rarely used kanji form'] re_inf=[] seq=1254010,naver,surface,(集いに)五名が欠する,,하품,https://ja.dict.naver.com/#/search?query=%E6%AC%A0
w_369fbf1ebe03897b,N3,盛んだ,さかんだ,"활발하다,성행하다",naver-level-missing;naver-search-unmatched,naver_level_missing,,,,search_unmatched,,,derived-form,base=盛ん suffix=だ,naver,surface,この高校はアメフトやサッカーなどの部活も盛んだ,,,https://ja.dict.naver.com/#/search?query=%E7%9B%9B%E3%82%93%E3%81%A0
w_3ebfa99829fc4257,N3,退屈だ,たいくつだ,따분하다,naver-level-missing;naver-search-unmatched,naver_level_missing,,,,search_unmatched,,,derived-form,base=退屈 suffix=だ,naver,surface,毎日がいつも同じことの続きなので退屈だ。,,,https://ja.dict.naver.com/#/search?query=%E9%80%80%E5%B1%88%E3%81%A0
w_cb99bdc6be468a11,N3,うがい,うがい,"가글, 양치질",example-headword-missing,match,N3,嗽·含嗽,うがい,,,,,,naver,missing,外から帰ったら必ず嗽(を)する,,양치질,https://ja.dict.naver.com/#/search?query=%E3%81%86%E3%81%8C%E3%81%84
w_08fb3f57661da121,N3,硬い,かたい,물질이 딱딱하다; 표정이 굳다,level-mismatch,mismatch,N2,硬い,かたい,manual_review,N4,堅い·硬い·固い,,,naver,surface,鉄のように硬い.,,딱딱하다;단단하다;생경하다,https://ja.dict.naver.com/#/search?query=%E7%A1%AC%E3%81%84
w_31fee479fd2a573b,N3,お見舞い,おみまい,병문안,level-mismatch;level-mismatch-confirmed,mismatch,N4,お見舞い,%E3%81%8A%E3%81%BF%E3%81%BE%E3%81%84,mismatch,N4,お見舞い,,,naver,surface,お見舞いを兼ねて立ち寄って帰った.,,문병,https://ja.dict.naver.com/#/search?query=%E3%81%8A%E8%A6%8B%E8%88%9E%E3%81%84
w_b8826ad96888f972,N3,見舞い,みまい,"문병, 위문",naver-level-missing,naver_level_missing,,,,match,N3,見舞(い),,,naver,surface,"友達が入院しているので,見舞いに行ってきた.",,,https://ja.dict.naver.com/#/search?query=%E8%A6%8B%E8%88%9E%E3%81%84
w_16e5391cf5819f4f,N3,裏側,うらがわ,"뒤쪽,안쪽",naver-level-missing,naver_level_missing,,,,search_no_jlpt,,裏側,,,naver,surface,イ：袋の裏側に穴があって、そこから漏れている。,,,https://ja.dict.naver.com/#/search?query=%E8%A3%8F%E5%81%B4
w_631cf27db2365483,N3,降りる,おりる,내리다,level-mismatch,mismatch,N5,降りる,おりる,manual_review,N5,降りる,,,naver,surface,鶴が舞降りる,,"내리다;참가할 권리를 포기하다;전하여, 그때까지 관계했던 일 따위를 개인적인 이유로 도중에서 포기하다",https://ja.dict.naver.com/#/search?query=%E9%99%8D%E3%82%8A%E3%82%8B
w_6ee69fae4031725c,N3,断る,ことわる,거절하다,naver-level-missing,naver_level_missing,,,,match,N3,断(わ)る·辞わる·謝わる,,,naver,surface,せっかくの申し立てを断るなんて、分かっちゃいない,,,https://ja.dict.naver.com/#/search?query=%E6%96%AD%E3%82%8B
w_452bc6078da69d6b,N3,苦,く,"고생, 괴로움",level-mismatch,mismatch,N1,苦,%E3%81%8F,manual_review,N2,苦,,,naver,surface,苦は楽の種とはよく言ったもので、ミンジュンは浪人しながら勉強に励み医大に合格した。,,고생;괴로움;근심;걱정,https://ja.dict.naver.com/#/search?query=%E8%8B%A6
w_1632528f965aa8ca,N3,負んぶ,おんぶ,"어부바;업음, 남에게 의지함;특히 비용을 부담시킴",spelling-flagged-form,match,N3,負んぶ,おんぶ,,,,flagged-form,ke_inf=['rarely used kanji form'] re_inf=[] seq=1498040,naver,surface,昼食代を負んぶする,,어부바;업음;남에게 의지함;특히 비용을 부담시킴,https://ja.dict.naver.com/#/search?query=%E8%B2%A0%E3%82%93%E3%81%B6
w_5087ca0f2f02704e,N3,握る,にぎる,(손에꽉)쥐다; 움켜쥐다,example-headword-missing,match,N3,握る,にぎる,,,,,,naver,missing,思わず手を握り締める,,쥐다;잡다;자기 것으로 하다;장악하다,https://ja.dict.naver.com/#/search?query=%E6%8F%A1%E3%82%8B
w_8b72c9b24335ad9b,N3,清潔だ,せいけつだ,청결하다,naver-level-missing;naver-search-unmatched,naver_level_missing,,,,search_unmatched,,,derived-form,base=清潔 suffix=だ,naver,surface,室内が清潔だ。,,,https://ja.dict.naver.com/#/search?query=%E6%B8%85%E6%BD%94%E3%81%A0
w_aa7684a0c44271a6,N3,清潔な,せいけつな,청결한,naver-level-missing;naver-search-unmatched,naver_level_missing,,,,search_unmatched,,,derived-form,base=清潔 suffix=な,naver,surface,清潔な環境を維持することで細菌の転移を防ぐことができる。,,,https://ja.dict.naver.com/#/search?query=%E6%B8%85%E6%BD%94%E3%81%AA
w_fb160661fb2916da,N3,移す,うつす,옮기다,naver-level-missing,naver_level_missing,,,,match,N3,移す,,,naver,surface,作業を次の段階に移す.,,,https://ja.dict.naver.com/#/search?query=%E7%A7%BB%E3%81%99
w_a78d96d6d5f872cb,N3,申込書,もうしこみしょ,신청서,naver-level-missing,naver_level_missing,,,,search_no_jlpt,,申込書,,,naver,surface,ロ：ここの申込書を書いてください。,,,https://ja.dict.naver.com/#/search?query=%E7%94%B3%E8%BE%BC%E6%9B%B8
w_7ca8064312bdb7b2,N3,パンフレット,パンフレット,"팸플릿, 소책자",naver-level-missing,naver_level_missing,,,,search_no_jlpt,,パンフレット,,,naver,surface,パンフレットをガリ版で刷る.,,,https://ja.dict.naver.com/#/search?query=%E3%83%91%E3%83%B3%E3%83%95%E3%83%AC%E3%83%83%E3%83%88
w_14b7a7565fa9e8f4,N3,度々,たびたび,"자주, 여러 번",naver-level-missing,naver_level_missing,,,,search_no_jlpt,,度々,,,naver,reading,基本に忠実な激しいタックルで，たびたびＭ大のファンブルを誘った,,,https://ja.dict.naver.com/#/search?query=%E5%BA%A6%E3%80%85
w_b397fc5e0430c55b,N3,繋ぐ,つなぐ,"잇다, 연결하다",naver-level-missing;level-mismatch-confirmed,naver_level_missing,,,,mismatch,N1,繋ぐ·繫ぐ,,,naver,surface,無線LAN親機を繋ぐ,,,https://ja.dict.naver.com/#/search?query=%E7%B9%8B%E3%81%90
w_14516c3905712f5d,N3,締め切り,しめきり,마감,naver-level-missing,naver_level_missing,,,,search_no_jlpt,,締め切り,,,naver,surface,締め切りが明日の晩に迫る,,,https://ja.dict.naver.com/#/search?query=%E7%B7%A0%E3%82%81%E5%88%87%E3%82%8A
w_70e5d41647427aa4,N3,包み,つつみ,"꾸러미, 보따리",naver-level-missing,naver_level_missing,,,,match,N3,包(み),,,naver,surface,小物をまとめて包みにする,,,https://ja.dict.naver.com/#/search?query=%E5%8C%85%E3%81%BF
w_a2ca14c5418e955f,N3,掴む,つかむ,움켜쥐다,naver-level-missing,naver_level_missing,,,,match,N3,掴む·摑む·攫む,,,naver,surface,雲を掴むような話,,,https://ja.dict.naver.com/#/search?query=%E6%8E%B4%E3%82%80
w_09666ce27c774b76,N3,坂道,さかみち,비탈길,naver-level-missing,naver_level_missing,,,,search_no_jlpt,,坂道,,,naver,surface,舗装されていない道路や坂道などの悪路でも荷物を積んで走行できる,,,https://ja.dict.naver.com/#/search?query=%E5%9D%82%E9%81%93
w_ab8422702cbd9111,N3,染み,しみ,얼룩,naver-level-missing,naver_level_missing,,,,search_no_jlpt,,染み,,,naver,surface,この染みは洗っても落ちない.,,,https://ja.dict.naver.com/#/search?query=%E6%9F%93%E3%81%BF
w_d728d1f32a31b6f6,N3,遭う,あう,"마주치다, 당하다",level-mismatch,mismatch,N2,遭う,%E3%81%82%E3%81%86,search_no_jlpt,,遭う,,,naver,surface,幾程もしないうちに、また事故に遭う,,"당하다, 겪다",https://ja.dict.naver.com/#/search?query=%E9%81%AD%E3%81%86
w_decc1190e2155c6d,N3,最上,さいじょう,최상,naver-level-missing,naver_level_missing,,,,search_no_jlpt,,最上,,,naver,surface,からし漬けの食材としては、ナス、ことに秋ナスが最上であるとされています。,,,https://ja.dict.naver.com/#/search?query=%E6%9C%80%E4%B8%8A
w_60a3f114cea727ed,N3,居眠り,いねむり,"졸음, 졸기",naver-level-missing,naver_level_missing,,,,match,N3,居眠り,,,naver,surface,居眠り運転をしないでください。,,,https://ja.dict.naver.com/#/search?query=%E5%B1%85%E7%9C%A0%E3%82%8A
w_ad3291b74df870f2,N3,咥える,くわえる,입에 물다,naver-level-missing,naver_level_missing,,,,search_no_jlpt,,咥える,,,naver,surface,タバコを口に咥える,,,https://ja.dict.naver.com/#/search?query=%E5%92%A5%E3%81%88%E3%82%8B
w_f2283357a892d08d,N3,話し合う,はなしあう,서로 이야기하다,naver-level-missing,naver_level_missing,,,,match,N3,話(し)合う,,,naver,surface,互いに解けて話し合う,,,https://ja.dict.naver.com/#/search?query=%E8%A9%B1%E3%81%97%E5%90%88%E3%81%86
w_a20295fb863710b7,N3,立ち上がる,たちあがる,일어서다,naver-level-missing,naver_level_missing,,,,match,N3,立(ち)上がる,,,naver,surface,励ましの言葉に力づいて再び立ち上がる.,,,https://ja.dict.naver.com/#/search?query=%E7%AB%8B%E3%81%A1%E4%B8%8A%E3%81%8C%E3%82%8B
w_991b3f178bb17c4b,N3,曲がる,まがる,"돌다, (방향을) 틀다",naver-level-missing;level-mismatch-confirmed,naver_level_missing,,,,mismatch,N5,曲(が)る,,,naver,surface,路地を突き当たって右に曲がる.,,,https://ja.dict.naver.com/#/search?query=%E6%9B%B2%E3%81%8C%E3%82%8B
w_fe90c06cc5136491,N3,ぶつける,ぶつける,"부딪다, 들이받다",example-headword-missing,match,N3,打付ける,ぶつける,,,,,,naver,missing,頭を戸に打付ける,,부딪다;던지다;던져 맞히다;맞부딪치다;대전시키다,https://ja.dict.naver.com/#/search?query=%E3%81%B6%E3%81%A4%E3%81%91%E3%82%8B
w_1c9b1884724ebe13,N3,引き受ける,ひきうける,받아들이다,naver-level-missing,naver_level_missing,,,,match,N3,引(き)受ける,,,naver,surface,本気で引き受ける,,,https://ja.dict.naver.com/#/search?query=%E5%BC%95%E3%81%8D%E5%8F%97%E3%81%91%E3%82%8B
w_fe9815fef183b04b,N3,行き先,いきさき,"목적지,행선지",naver-level-missing,naver_level_missing,,,,search_no_jlpt,,行(き)先,,,naver,surface,電話局の交換機はインターチェンジだ。さまざまな車が積んできた荷物をそこで行き先別に積み替えるわけだが，あて名のついた積み荷を自動的に読み取り，積み替える,,,https://ja.dict.naver.com/#/search?query=%E8%A1%8C%E3%81%8D%E5%85%88
w_06e9d5004a46e142,N3,飛び出す,とびだす,뛰쳐나가다,naver-level-missing,naver_level_missing,,,,match,N3,飛(び)出す,,,naver,surface,普通の物質では，中に飛び出すことのできる電子があっても，熱を加えたり光を当てないと出てこないが，ダイヤモンドは，中の電子が飛び出しやすい性質があることが知られている,,,https://ja.dict.naver.com/#/search?query=%E9%A3%9B%E3%81%B3%E5%87%BA%E3%81%99
w_3b8bf0b034f0d82f,N3,下ろす,おろす,"내리다, (판단을) 내리다",naver-level-missing,naver_level_missing,,,,search_no_jlpt,,下ろす·降ろす,,,naver,surface,幕を下ろす,,,https://ja.dict.naver.com/#/search?query=%E4%B8%8B%E3%82%8D%E3%81%99
w_1926f7032260e4dd,N3,明かり,あかり,"불빛, 빛",naver-level-missing;level-mismatch-confirmed,naver_level_missing,,,,mismatch,N2,明(か)り,,,naver,surface,窓の外に明かりが漏れる.,,,https://ja.dict.naver.com/#/search?query=%E6%98%8E%E3%81%8B%E3%82%8A
w_7dbf258739ff034a,N3,かゆい,かゆい,가렵다,example-headword-missing,match,N3,痒い,かゆい,,,,,,naver,missing,蚊に刺された跡が痒い,,가렵다,https://ja.dict.naver.com/#/search?query=%E3%81%8B%E3%82%86%E3%81%84
w_cf691fc505c3c55d,N3,短気だ,たんきだ,성미가급하다,naver-level-missing;naver-search-unmatched,naver_level_missing,,,,search_unmatched,,,derived-form,base=短気 suffix=だ,naver,surface,男が短気だ。,,,https://ja.dict.naver.com/#/search?query=%E7%9F%AD%E6%B0%97%E3%81%A0
w_f372d394a0a4c4e1,N3,現す,あらわす,"보여주다, 나타나다, 드러내다",naver-level-missing,naver_level_missing,,,,manual_review,N2,現(わ)す,,,naver,surface,おそらく恋に落ちているときに私たちが感じている気持ちが、正常な状態なのでしょう。恋しているときは、その人のあるべき姿を現すのですから。(アントン・チェーホフ),,,https://ja.dict.naver.com/#/search?query=%E7%8F%BE%E3%81%99
w_5907660844c2b516,N3,汚す,よごす,더럽히다,example-headword-missing,match,N3,汚す,よごす,,,,,,naver,missing,親の名を汚·(けが)す.,,더럽히다;푸성귀를 무치다,https://ja.dict.naver.com/#/search?query=%E6%B1%9A%E3%81%99
w_b685e7abbe1567a6,N3,昇る,のぼる,"(해가) 뜨다, 오르다",level-mismatch;level-mismatch-confirmed,mismatch,N2,昇る,%E3%81%AE%E3%81%BC%E3%82%8B,mismatch,N2,昇る,,,naver,surface,太陽が西から昇ることはあり得ない,,"높이 올라가다;지위가 오르다;또, 승급하다;떠오르다",https://ja.dict.naver.com/#/search?query=%E6%98%87%E3%82%8B
w_dcaabdcb8c29b760,N3,振り込み,ふりこみ,"납입, 남이 이기게 되는 패를 내놓음",naver-level-missing,naver_level_missing,,,,match,N3,振(り)込み·振込,,,naver,surface,代金の振り込みを求める,,,https://ja.dict.naver.com/#/search?query=%E6%8C%AF%E3%82%8A%E8%BE%BC%E3%81%BF
w_ccca30f58d1cf953,N3,申し込む,もうしこむ,신청하다,naver-level-missing,naver_level_missing,,,,match,N3,申(し)込む,,,naver,surface,ナンバーディスプレーを申し込む,,,https://ja.dict.naver.com/#/search?query=%E7%94%B3%E3%81%97%E8%BE%BC%E3%82%80
w_be9b5179d67a9ef9,N3,埋まる,うまる,"메워지다, 묻히다",naver-level-missing,naver_level_missing,,,,match,N3,埋まる,,,naver,surface,家が土砂に埋まる,,,https://ja.dict.naver.com/#/search?query=%E5%9F%8B%E3%81%BE%E3%82%8B
w_465fe84232149662,N3,税込み,ぜいこみ,세금을 포함한 액수,naver-level-missing;example-headword-missing,naver_level_missing,,,,match,N3,税込(み),,,naver,missing,かしこまりました。税込で90ドルです。お支払いは現金ですか? それともカードですか?,,,https://ja.dict.naver.com/#/search?query=%E7%A8%8E%E8%BE%BC%E3%81%BF
w_2ccccc5ce470df89,N3,組み立てる,くみたてる,조립하다,naver-level-missing;level-mismatch-confirmed,naver_level_missing,,,,mismatch,N2,組(み)立てる,,,naver,surface,プラモデルを組み立てる,,,https://ja.dict.naver.com/#/search?query=%E7%B5%84%E3%81%BF%E7%AB%8B%E3%81%A6%E3%82%8B
w_27b4eb4ed5d3fe45,N3,取り消す,とりけす,취소하다,naver-level-missing,naver_level_missing,,,,match,N3,取(り)消す,,,naver,surface,失言を取り消す,,,https://ja.dict.naver.com/#/search?query=%E5%8F%96%E3%82%8A%E6%B6%88%E3%81%99
w_e0c797218bacf3a1,N3,怖がる,こわがる,무서워하다,naver-level-missing,naver_level_missing,,,,search_no_jlpt,,怖がる·恐がる,,,naver,surface,蛇を怖がる。,,,https://ja.dict.naver.com/#/search?query=%E6%80%96%E3%81%8C%E3%82%8B
w_39b26f179dfbec94,N3,蒸し暑い,むしあつい,무덥다,naver-level-missing,naver_level_missing,,,,match,N3,蒸(し)暑い,,,naver,surface,イ：今日はずっと蒸し暑いね。,,,https://ja.dict.naver.com/#/search?query=%E8%92%B8%E3%81%97%E6%9A%91%E3%81%84
w_878b871f0e14bc7c,N3,擤む,かむ,풀다,spelling-flagged-form,match,N3,擤む·挗む,かむ,,,,flagged-form,ke_inf=['rarely used kanji form'] re_inf=[] seq=1632670,naver,surface,鼻を擤む,,풀다,https://ja.dict.naver.com/#/search?query=%E6%93%A4%E3%82%80
w_a819a4776c13596c,N3,いらいら,いらいら,"초조함, 짜증",example-headword-missing,match,N3,苛苛,いらいら,,,,,,naver,missing,町の騒音に苛苛する,,안달복달하는 모양;까칫까칫;따끔따끔;조바심;안달,https://ja.dict.naver.com/#/search?query=%E3%81%84%E3%82%89%E3%81%84%E3%82%89
w_de05e8614dcecdb5,N3,滅多に,めったに,좀처럼~않다,naver-level-missing;level-mismatch-confirmed,naver_level_missing,,,,mismatch,N2,滅多に,,,naver,surface,忙しくて、滅多に休みが取れない,,,https://ja.dict.naver.com/#/search?query=%E6%BB%85%E5%A4%9A%E3%81%AB
w_949c210aa0e199be,N3,明ける,あける,"날이 새다, 끝나다",example-headword-missing,match,N3,明ける,あける,,,,,,naver,missing,夜が明渡る,,새다;밝다;새해가 되다;기간이 끝나다,https://ja.dict.naver.com/#/search?query=%E6%98%8E%E3%81%91%E3%82%8B
w_df2d3b2184646be9,N3,別々に,べつべつに,따로따로,naver-level-missing;naver-search-unmatched,naver_level_missing,,,,search_unmatched,,,,,naver,surface,別々に包装してください。,,,https://ja.dict.naver.com/#/search?query=%E5%88%A5%E3%80%85%E3%81%AB
w_f7ccae9d8e37b9be,N3,超す,こす,"넘다, 넘어서다",level-mismatch;level-mismatch-confirmed,mismatch,N2,超す,%E3%81%93%E3%81%99,mismatch,N2,超す,,,naver,surface,60の坂を超す,,넘다;초과하다,https://ja.dict.naver.com/#/search?query=%E8%B6%85%E3%81%99
w_bf7d5c4f25bd15e8,N3,こぼす,こぼす,"쏟다, 엎지르다",example-headword-missing,match,N3,零す·溢す,こぼす,,,,,,naver,missing,バケツの水を少し零す,,흘리다;엎지르다;불평하다;투덜대다;비어져 나오게 하다,https://ja.dict.naver.com/#/search?query=%E3%81%93%E3%81%BC%E3%81%99
w_a61620b169657c43,N3,剥く,むく,(껍질을) 벗기다,naver-level-missing;example-headword-missing;level-mismatch-confirmed,naver_level_missing,,,,mismatch,N2,剥く·剝く,,,naver,missing,バナナの皮をさっと剝く.,,,https://ja.dict.naver.com/#/search?query=%E5%89%A5%E3%81%8F
w_4265c3f9772eff26,N3,積もる,つもる,쌓이다,naver-level-missing;level-mismatch-confirmed,naver_level_missing,,,,mismatch,N4,積(も)る,,,naver,surface,雪がうず高く積もる.,,,https://ja.dict.naver.com/#/search?query=%E7%A9%8D%E3%82%82%E3%82%8B
w_c9624a11c7f3b950,N3,尤も,もっとも,"지당함, 당연함",level-ambiguous;level-mismatch-confirmed,manual_review,N2,尤も,もっとも,mismatch,N2,尤も,,,naver,surface,尤も、全部が全部そうだというわけではない,,지당함;사리에 맞음;그렇다고는 하지만;하긴,https://ja.dict.naver.com/#/search?query=%E5%B0%A4%E3%82%82
w_b6ef07b6f1141a3b,N3,乗り遅れる,のりおくれる,"놓치다;시간이 늦어 못 타다, 시류에 뒤떨어지다",naver-level-missing,naver_level_missing,,,,match,N3,乗(り)遅れる·乗(り)後れる,,,naver,surface,終発に乗り遅れる,,,https://ja.dict.naver.com/#/search?query=%E4%B9%97%E3%82%8A%E9%81%85%E3%82%8C%E3%82%8B
w_cd8f0f97b64b50c1,N3,何方,どっち,‘どちら’의 막된 말씨,spelling-flagged-form,match,N3,何方,どっち,,,,flagged-form,ke_inf=['rarely used kanji form'] re_inf=[] seq=1189360,naver,surface,何方に転んでもうれしくない,,‘どちら’의 막된 말씨,https://ja.dict.naver.com/#/search?query=%E4%BD%95%E6%96%B9
w_50e4cda93620aedd,N3,酔っ払う,よっぱらう,몹시 취하다,naver-level-missing,naver_level_missing,,,,match,N3,酔(っ)払う,,,naver,surface,焼酎で酔っ払う。,,,https://ja.dict.naver.com/#/search?query=%E9%85%94%E3%81%A3%E6%89%95%E3%81%86
w_69eda9773a03779e,N3,空地,あきち,공지;빈터;공터,spelling-flagged-form,match,N3,明地·空地,あきち,,,,flagged-form,ke_inf=['irregular okurigana usage'] re_inf=[] seq=1245340,naver,surface,空地に雑草が繁茂する,,공지;빈터;공터,https://ja.dict.naver.com/#/search?query=%E7%A9%BA%E5%9C%B0
w_3f46b28da139c16c,N3,売り切れる,うりきれる,"다팔리다,매진되다",naver-level-missing;level-mismatch-confirmed,naver_level_missing,,,,mismatch,N2,売(り)切れる,,,naver,surface,またたく間に売り切れる,,,https://ja.dict.naver.com/#/search?query=%E5%A3%B2%E3%82%8A%E5%88%87%E3%82%8C%E3%82%8B
w_7da89b0ae3f818ac,N3,もうしわけない,もうしわけない,변명할 여지가 없다;미안하다,example-headword-missing,match,N3,,もうしわけない,,,,,,naver,missing,約束を破ってまったく申しわけない,,변명할 여지가 없다;미안하다,https://ja.dict.naver.com/#/search?query=%E3%82%82%E3%81%86%E3%81%97%E3%82%8F%E3%81%91%E3%81%AA%E3%81%84
w_4abddafb7881f1bb,N3,いっきに,いっきに,단숨에;일거에,example-headword-missing,match,N3,,いっきに,,,,,,naver,missing,問題を一気に解決する,,단숨에;일거에,https://ja.dict.naver.com/#/search?query=%E3%81%84%E3%81%A3%E3%81%8D%E3%81%AB
w_1da66dbffe066645,N3,割り算,わりざん,나눗셈,naver-level-missing,naver_level_missing,,,,match,N3,割(り)算,,,naver,surface,イ：お姉さん、割り算できる？,,,https://ja.dict.naver.com/#/search?query=%E5%89%B2%E3%82%8A%E7%AE%97
w_831c5e9a87f0c027,N3,下線,かせん,밑줄,level-mismatch;level-mismatch-confirmed,mismatch,N2,下線,%E3%81%8B%E3%81%9B%E3%82%93,mismatch,N2,下線,,,naver,surface,オンマウスで下線が表示される,,밑줄,https://ja.dict.naver.com/#/search?query=%E4%B8%8B%E7%B7%9A
w_a88976287b450da4,N3,反る,かえる,"휘다, 뒤틀리다",level-mismatch;level-mismatch-confirmed,mismatch,N2,反る,%E3%81%8B%E3%81%88%E3%82%8B,mismatch,N2,反る,,,naver,surface,ボートが反る,,뒤집히다;젖혀지다;거꾸로 되다,https://ja.dict.naver.com/#/search?query=%E5%8F%8D%E3%82%8B
w_bf6addb52711a0ca,N3,書き取り,かきとり,"베껴 씀;또, 그 글, 받아쓰기",naver-level-missing,naver_level_missing,,,,match,N3,書(き)取り,,,naver,surface,英語の書き取りをさせる.,,,https://ja.dict.naver.com/#/search?query=%E6%9B%B8%E3%81%8D%E5%8F%96%E3%82%8A
w_f9780db0237f4603,N3,どうじに,どうじに,"동시에, 한꺼번에;일시에, 바로 그때에",example-headword-missing,match,N3,,%E3%81%A9%E3%81%86%E3%81%98%E3%81%AB,,,,,,naver,missing,二人が同時に発言した,,동시에;한꺼번에;일시에;바로 그때에,https://ja.dict.naver.com/#/search?query=%E3%81%A9%E3%81%86%E3%81%98%E3%81%AB
w_d77f137891d73cca,N3,摑む,つかむ,"잡다, 쥐다;붙잡다, 손에 넣다;수중에 거두다",spelling-flagged-form,match,N3,摑む·攫む,つかむ,,,,flagged-form,ke_inf=['rarely used kanji form'] re_inf=[] seq=1433650,naver,surface,思いがけない大金を摑む,,잡다;쥐다;붙잡다;손에 넣다;수중에 거두다,https://ja.dict.naver.com/#/search?query=%E6%91%91%E3%82%80
w_406c6e23203539b1,N3,ふやす,ふやす,"늘리다, 불리다;증식시키다",example-headword-missing,match,N3,,ふやす,,,,,,naver,missing,広告のクリック数を増やす,,늘리다;불리다;증식시키다,https://ja.dict.naver.com/#/search?query=%E3%81%B5%E3%82%84%E3%81%99
w_d6eed39e186a071d,N3,待ち合わせる,まちあわせる,"(장소,시간을정하고)만나기로하다",naver-level-missing;level-mismatch-confirmed,naver_level_missing,,,,mismatch,N2,待ち合(わ)せる·待合せる,,,naver,surface,駅の南口で待ち合わせる,,,https://ja.dict.naver.com/#/search?query=%E5%BE%85%E3%81%A1%E5%90%88%E3%82%8F%E3%81%9B%E3%82%8B
w_17f948120f29942a,N3,代る,かわる,"대신하다, 교대하다",naver-level-missing;example-headword-missing;level-mismatch-confirmed,naver_level_missing,,,,mismatch,N2,代(わ)る·替(わ)る·換(わ)る,,,naver,missing,寝ずの番を代り合う,,,https://ja.dict.naver.com/#/search?query=%E4%BB%A3%E3%82%8B
w_db25c865abdbfb17,N3,酌む,くむ,(술을) 따르다,level-mismatch;level-mismatch-confirmed,mismatch,N2,酌む,%E3%81%8F%E3%82%80,mismatch,N2,酌む,,,naver,surface,クライアントの意向をしっかり酌む,,따라서 마시다;추측하다;참작하다,https://ja.dict.naver.com/#/search?query=%E9%85%8C%E3%82%80
w_5a0c146e1f62fe06,N3,彼此,あれこれ,"이것저것, 여러 가지로",spelling-flagged-form,match,N3,彼此·彼是,あれこれ,,,,flagged-form,ke_inf=['rarely used kanji form'] re_inf=[] seq=1612650,naver,surface,彼此と結合せて,,이것저것;여러 가지로,https://ja.dict.naver.com/#/search?query=%E5%BD%BC%E6%AD%A4
w_1acadab0e96ab9d7,N3,くたびれる,くたびれる,지치다,example-headword-missing,match,N3,草臥れる,くたびれる,,,,,,naver,missing,長旅をしてすっかり草臥れる,,지치다;피로하다;지쳐서 싫증날 정도로 …하다,https://ja.dict.naver.com/#/search?query=%E3%81%8F%E3%81%9F%E3%81%B3%E3%82%8C%E3%82%8B
w_901baf132bb76fff,N3,乗り越す,のりこす,"타고 가다가 지나치다, →のりこえる",naver-level-missing,naver_level_missing,,,,match,N3,乗(り)越す,,,naver,surface,酔い潰れて終点まで乗り越す,,,https://ja.dict.naver.com/#/search?query=%E4%B9%97%E3%82%8A%E8%B6%8A%E3%81%99
w_4e51e8951d15d3dc,N3,いっぱんに,いっぱんに,대체로;일반적으로,example-headword-missing,match,N3,,%E3%81%84%E3%81%A3%E3%81%B1%E3%82%93%E3%81%AB,,,,,,naver,missing,一般に「蒲焼」といえば「ウナギの蒲焼」を指すことが多いです。,,대체로;일반적으로,https://ja.dict.naver.com/#/search?query=%E3%81%84%E3%81%A3%E3%81%B1%E3%82%93%E3%81%AB
w_becbe89dce937f34,N2,行ってきます,いってきます,다녀오겠습니다,naver-level-missing;naver-search-unmatched,naver_level_missing,,,,search_unmatched,,,,,naver,surface,ちょっとトイレ行ってきます。,,,https://ja.dict.naver.com/#/search?query=%E8%A1%8C%E3%81%A3%E3%81%A6%E3%81%8D%E3%81%BE%E3%81%99
w_9462c592fc28b4a7,N2,女の人,おんなのひと,여자,level-mismatch;level-mismatch-confirmed,mismatch,N5,女の人,%E3%81%8A%E3%82%93%E3%81%AA%E3%81%AE%E3%81%B2%E3%81%A8,mismatch,N5,女の人,,,naver,surface,イ：見た？あの女の人が私に少し笑いをこぼしていった。,,여자,https://ja.dict.naver.com/#/search?query=%E5%A5%B3%E3%81%AE%E4%BA%BA
w_5774ff04f7f580b5,N2,お願いします,おねがいします,"부디, 제발(직역 나 요청, 부탁)",level-mismatch;level-mismatch-confirmed,mismatch,N5,お願いします,%E3%81%8A%E3%81%AD%E3%81%8C%E3%81%84%E3%81%97%E3%81%BE%E3%81%99,mismatch,N5,お願いします,,,naver,surface,伝言をお願いします。,,부탁드립니다;부탁합니다,https://ja.dict.naver.com/#/search?query=%E3%81%8A%E9%A1%98%E3%81%84%E3%81%97%E3%81%BE%E3%81%99
w_213905929b42e976,N2,始めに,はじめに,"일을 시작할 때, 시작 부분에",naver-level-missing;naver-search-unmatched,naver_level_missing,,,,search_unmatched,,,,,naver,surface,今年は我が家が村で一番始めに種をまいた.,,,https://ja.dict.naver.com/#/search?query=%E5%A7%8B%E3%82%81%E3%81%AB
w_3ab16e565cd75205,N2,絶対に,ぜったいに,절대로,naver-level-missing;naver-search-unmatched,naver_level_missing,,,,search_unmatched,,,,,naver,surface,絶対に負けないと豪語する.,,,https://ja.dict.naver.com/#/search?query=%E7%B5%B6%E5%AF%BE%E3%81%AB
w_7be7b280d00ddd2e,N2,その頃,そのころ,"그 무렵, 그때",naver-level-missing;naver-search-unmatched,naver_level_missing,,,,search_unmatched,,,,,naver,reading,そのころ，私の声は今より一オクターブぐらい高くて，本当にかわいらしい感じで歌いました,,,https://ja.dict.naver.com/#/search?query=%E3%81%9D%E3%81%AE%E9%A0%83
w_2903ad5dfafa9ef5,N2,そう言えば,そういえば,"그러고 보니, 말하자면",naver-level-missing,naver_level_missing,,,,search_no_jlpt,,そう言えば·然う言えば,,,naver,reading,ロ：古くなったからかな。そういえば弾力が感じられない。,,,https://ja.dict.naver.com/#/search?query=%E3%81%9D%E3%81%86%E8%A8%80%E3%81%88%E3%81%B0
w_938608c46fd00ac2,N2,確かだ,たしかだ,확실하다,naver-level-missing;example-headword-missing;naver-search-unmatched,naver_level_missing,,,,search_unmatched,,,derived-form,base=確か suffix=だ,naver,missing,ほぼ確の情報,,,https://ja.dict.naver.com/#/search?query=%E7%A2%BA%E3%81%8B%E3%81%A0
w_4fd11cf4f5345777,N2,お大事に,おだいじに,"몸조심하세요, 쾌차하세요",naver-level-missing;level-mismatch-confirmed,naver_level_missing,,,,mismatch,N4,お大事に·御大事に,,,naver,surface,くれぐれも[どうぞ]、お大事に,,,https://ja.dict.naver.com/#/search?query=%E3%81%8A%E5%A4%A7%E4%BA%8B%E3%81%AB
w_2042955fbd7ed6b5,N2,話し中,はなしちゅう,통화 중,level-mismatch;level-mismatch-confirmed,mismatch,N3,話し中,%E3%81%AF%E3%81%AA%E3%81%97%E3%81%A1%E3%82%85%E3%81%86,mismatch,N3,話し中,,,self,surface,電話をかけたが、相手は話し中だった。,,한창 이야기하고 있는 중;면담 중;통화 중,https://ja.dict.naver.com/#/search?query=%E8%A9%B1%E3%81%97%E4%B8%AD
w_909e868e3f108baa,N2,残念だ,ざんねんだ,유감이다,naver-level-missing,naver_level_missing,,,,search_no_jlpt,,残念だ,derived-form,base=残念 suffix=だ,naver,surface,会えなくて残念だ,,,https://ja.dict.naver.com/#/search?query=%E6%AE%8B%E5%BF%B5%E3%81%A0
w_f6461fe50fbc18a7,N2,その他,そのほか,"그 외, 그 밖",naver-level-missing;naver-search-unmatched,naver_level_missing,,,,search_unmatched,,,,,naver,surface,彼は与えられた通りに働くばかりで、その他には何も知らない素人の下男だった。,,,https://ja.dict.naver.com/#/search?query=%E3%81%9D%E3%81%AE%E4%BB%96
w_4948be9f9aed94b0,N2,何々,なになに,"그런, 이러한 그런, 이러한, 무엇",naver-level-missing;naver-search-unmatched,naver_level_missing,,,,search_unmatched,,,,,self,surface,箱の中に何々を入れたか、順番に説明してください。,,,https://ja.dict.naver.com/#/search?query=%E4%BD%95%E3%80%85
w_4d3a36e26a851fda,N2,保護者,ほごしゃ,보호자,naver-level-missing,naver_level_missing,,,,search_no_jlpt,,保護者,,,naver,surface,保護者ないしはそれに準ずるもの,,,https://ja.dict.naver.com/#/search?query=%E4%BF%9D%E8%AD%B7%E8%80%85
w_e421aae9647d50d9,N2,危険だ,きけんだ,위험하다,naver-level-missing;naver-search-unmatched,naver_level_missing,,,,search_unmatched,,,derived-form,base=危険 suffix=だ,naver,surface,騒ぎ立てない人は危険だ。,,,https://ja.dict.naver.com/#/search?query=%E5%8D%B1%E9%99%BA%E3%81%A0
w_7d3d19122f39f85d,N2,明らかだ,あきらかだ,"명백하다,뚜렷하다",naver-level-missing;naver-search-unmatched,naver_level_missing,,,,search_unmatched,,,derived-form,base=明らか suffix=だ,naver,surface,薬の効き目が明らかだ.,,,https://ja.dict.naver.com/#/search?query=%E6%98%8E%E3%82%89%E3%81%8B%E3%81%A0
w_9ef6ae47fbeea384,N2,勝手だ,かってだ,제멋대로다,naver-level-missing;naver-search-unmatched,naver_level_missing,,,,search_unmatched,,,derived-form,base=勝手 suffix=だ,naver,surface,自分勝手だ; 自ままだ,,,https://ja.dict.naver.com/#/search?query=%E5%8B%9D%E6%89%8B%E3%81%A0
w_d760d012aa3df7a5,N2,勝手に,かってに,"제멋대로, 마음대로",naver-level-missing,naver_level_missing,,,,search_no_jlpt,,勝手に,,,naver,surface,勝手に発言して会議をかき回した,,,https://ja.dict.naver.com/#/search?query=%E5%8B%9D%E6%89%8B%E3%81%AB
w_cbaa90d9cde4ed8e,N2,別々,べつべつ,따로따로,naver-level-missing;naver-search-unmatched,naver_level_missing,,,,search_unmatched,,,,,naver,surface,別々に包装してください。,,,https://ja.dict.naver.com/#/search?query=%E5%88%A5%E3%80%85
w_bd727591cdd86a06,N2,無駄だ,むだだ,"쓸데없다,허비하다",naver-level-missing;naver-search-unmatched,naver_level_missing,,,,search_unmatched,,,derived-form,base=無駄 suffix=だ,naver,stem,このようなスクラムは譲れないが、追うチームの立場では時間を無駄に使いたくない時だ。,,,https://ja.dict.naver.com/#/search?query=%E7%84%A1%E9%A7%84%E3%81%A0
w_3ee09f596d4c7b39,N2,郡,ぐん,군(행정구역),naver-level-missing;level-mismatch-confirmed,naver_level_missing,,,,mismatch,N1,郡,,,naver,surface,昔そこは郡庁だったんだよ,,,https://ja.dict.naver.com/#/search?query=%E9%83%A1
w_a844546befebc416,N2,新ただ,あらただ,새롭다,naver-level-missing;naver-search-unmatched,naver_level_missing,,,,search_unmatched,,,derived-form,base=新た suffix=だ,naver,stem,新たなBIS規制が施行される,,,https://ja.dict.naver.com/#/search?query=%E6%96%B0%E3%81%9F%E3%81%A0
w_947ee10c7c753bf7,N2,同様だ,どうようだ,"다름없다,마찬가지다",naver-level-missing;naver-search-unmatched,naver_level_missing,,,,search_unmatched,,,derived-form,base=同様 suffix=だ,naver,surface,守銭奴はお金が多くても生産的に活用しないので乞食と同様だ。,,,https://ja.dict.naver.com/#/search?query=%E5%90%8C%E6%A7%98%E3%81%A0
w_39dd02a5b61887c0,N2,様々,さまざま,여러가지,naver-level-missing;naver-search-unmatched,naver_level_missing,,,,search_unmatched,,,,,naver,surface,押し寿司には、地域によって様々なものがあります。,,,https://ja.dict.naver.com/#/search?query=%E6%A7%98%E3%80%85
w_272e0931b59a9581,N2,申し訳ない,もうしわけない,죄송하다,naver-level-missing;level-mismatch-confirmed,naver_level_missing,,,,mismatch,N3,申し訳ない,,,naver,surface,両親に申し訳ない。,,,https://ja.dict.naver.com/#/search?query=%E7%94%B3%E3%81%97%E8%A8%B3%E3%81%AA%E3%81%84
w_0145c52bf4cc5814,N2,お帰り,おかえり,(어서) 돌아옴; 어서 와요,naver-level-missing,naver_level_missing,,,,search_no_jlpt,,お帰り,,,naver,surface,家に帰って来ても‘お帰り'と言ってくれる人がいない,,,https://ja.dict.naver.com/#/search?query=%E3%81%8A%E5%B8%B0%E3%82%8A
w_07d6a6a90e27f147,N2,維持する,いじする,유지하다,naver-level-missing;naver-search-unmatched,naver_level_missing,,,,search_unmatched,,,derived-form,base=維持 suffix=する,naver,surface,社会の安寧を維持する.,,,https://ja.dict.naver.com/#/search?query=%E7%B6%AD%E6%8C%81%E3%81%99%E3%82%8B
w_bafcd079b8e69d45,N2,不思議だ,ふしぎだ,"이상하다,불가사의하다",naver-level-missing;naver-search-unmatched,naver_level_missing,,,,search_unmatched,,,derived-form,base=不思議 suffix=だ,naver,surface,心が不思議だ。,,,https://ja.dict.naver.com/#/search?query=%E4%B8%8D%E6%80%9D%E8%AD%B0%E3%81%A0
w_6fd430be227e0cac,N2,保存する,ほぞんする,보존하다,naver-level-missing,naver_level_missing,,,,search_no_jlpt,,保存する,derived-form,base=保存 suffix=する,naver,surface,エクセル(Excel)ファイルをCSV形式で保存する,,,https://ja.dict.naver.com/#/search?query=%E4%BF%9D%E5%AD%98%E3%81%99%E3%82%8B
w_01c8260054b32da5,N2,各々,おのおの,각각,naver-level-missing;naver-search-unmatched,naver_level_missing,,,,search_unmatched,,,,,naver,surface,童話では現実を各々の細密な具象で表すことなく、特徴だけをまとめて表現することが多い。,,,https://ja.dict.naver.com/#/search?query=%E5%90%84%E3%80%85
w_0ef1fde5b83dce55,N2,面倒だ,めんどうだ,귀찮다,naver-level-missing;naver-search-unmatched,naver_level_missing,,,,search_unmatched,,,derived-form,base=面倒 suffix=だ,naver,surface,疲れきって口をきくのも面倒だ,,,https://ja.dict.naver.com/#/search?query=%E9%9D%A2%E5%80%92%E3%81%A0
w_9c08a614ebb31c33,N2,納得する,なっとくする,납득하다,naver-level-missing;naver-search-unmatched,naver_level_missing,,,,search_unmatched,,,derived-form,base=納得 suffix=する,naver,surface,皆が納得する,,,https://ja.dict.naver.com/#/search?query=%E7%B4%8D%E5%BE%97%E3%81%99%E3%82%8B
w_35b37c5e42fc006d,N2,迷惑だ,めいわくだ,민폐이다,naver-level-missing;naver-search-unmatched,naver_level_missing,,,,search_unmatched,,,derived-form,base=迷惑 suffix=だ,naver,surface,ジスは「手伝う」と言うけど、邪魔になるから逆に迷惑だ。,,,https://ja.dict.naver.com/#/search?query=%E8%BF%B7%E6%83%91%E3%81%A0
w_f619074e36479304,N2,ご覧,ごらん,보심(존경어),naver-level-missing,naver_level_missing,,,,match,N2,御覧,,,naver,surface,親しく手に取ってご覧になる,,,https://ja.dict.naver.com/#/search?query=%E3%81%94%E8%A6%A7
w_8add1200b733272e,N2,お邪魔します,おじゃまします,실례합니다,naver-level-missing,naver_level_missing,,,,search_no_jlpt,,お邪魔します,,,naver,surface,こんばんは。お邪魔します,,,https://ja.dict.naver.com/#/search?query=%E3%81%8A%E9%82%AA%E9%AD%94%E3%81%97%E3%81%BE%E3%81%99
w_b6692781d912a8ce,N2,初めに,はじめに,"처음에, 우선",naver-level-missing;naver-search-unmatched,naver_level_missing,,,,search_unmatched,,,,,naver,surface,これまで公にされなかった秘技を初めに公開した,,,https://ja.dict.naver.com/#/search?query=%E5%88%9D%E3%82%81%E3%81%AB
w_8bbc04e399eb7ef7,N2,確率,かくりつ,확률,naver-level-missing,naver_level_missing,,,,search_no_jlpt,,確率,,,naver,surface,確率が5割近くに達した,,,https://ja.dict.naver.com/#/search?query=%E7%A2%BA%E7%8E%87
w_0014ac027b7eefb9,N2,見かけ,みかけ,"겉모습, 외관",naver-level-missing,naver_level_missing,,,,match,N2,見掛け,,,naver,surface,人は見かけによらない,,,https://ja.dict.naver.com/#/search?query=%E8%A6%8B%E3%81%8B%E3%81%91
w_e504525a3bc6bc12,N2,元々,もともと,원래,naver-level-missing;naver-search-unmatched,naver_level_missing,,,,search_unmatched,,,,,naver,surface,ひよこは元々福岡のお菓子ですが、東京のお菓子だと思っている人が多くいます。,,,https://ja.dict.naver.com/#/search?query=%E5%85%83%E3%80%85
w_a9f7302f18a082a7,N2,招待する,しょうたいする,초대하다,naver-level-missing;naver-search-unmatched,naver_level_missing,,,,search_unmatched,,,derived-form,base=招待 suffix=する,naver,surface,身銭を切って招待する,,,https://ja.dict.naver.com/#/search?query=%E6%8B%9B%E5%BE%85%E3%81%99%E3%82%8B
w_ffefb3b5ec05aab1,N2,増える,ふえる,"늘다,증가하다",naver-level-missing;level-mismatch-confirmed,naver_level_missing,,,,mismatch,N4,増える∙殖える,,,naver,surface,美ジョガー人口が増える,,,https://ja.dict.naver.com/#/search?query=%E5%A2%97%E3%81%88%E3%82%8B
w_56afecb4ab165d9c,N2,知り合い,しりあい,"아는 사람, 지인",naver-level-missing;level-mismatch-confirmed,naver_level_missing,,,,mismatch,N3,知(り)合い·知合,,,naver,surface,ホテルは生きた空間ですから，何回か泊まれば知り合いのホテルマンができて，ちょっとしたわがままが通ったりもします,,,https://ja.dict.naver.com/#/search?query=%E7%9F%A5%E3%82%8A%E5%90%88%E3%81%84
w_8abfd2bb2953f1cf,N2,解消,かいしょう,해소,naver-level-missing,naver_level_missing,,,,search_no_jlpt,,解消,,,naver,surface,市民の不満を解消する政策を掲げる,,,https://ja.dict.naver.com/#/search?query=%E8%A7%A3%E6%B6%88
w_a28378d63f77e2a2,N2,変換,へんかん,변환,naver-level-missing,naver_level_missing,,,,search_no_jlpt,,変換,,,naver,surface,太陽エネルギーを電気に変換する.,,,https://ja.dict.naver.com/#/search?query=%E5%A4%89%E6%8F%9B
w_621f8b3878cefe4d,N2,見事だ,みごとだ,훌륭하다,naver-level-missing;naver-search-unmatched,naver_level_missing,,,,search_unmatched,,,derived-form,base=見事 suffix=だ,naver,surface,キム画伯の絵はいつも色味が非常に見事だ。,,,https://ja.dict.naver.com/#/search?query=%E8%A6%8B%E4%BA%8B%E3%81%A0
w_2171d900f3fc843c,N2,平気だ,へいきだ,"태연하다,아무렇지않다",naver-level-missing;naver-search-unmatched,naver_level_missing,,,,search_unmatched,,,derived-form,base=平気 suffix=だ,naver,surface,今は慢性になって平気だ.,,,https://ja.dict.naver.com/#/search?query=%E5%B9%B3%E6%B0%97%E3%81%A0
w_fff5cbed5362cf4a,N2,貴重だ,きちょうだ,귀중하다,naver-level-missing;naver-search-unmatched,naver_level_missing,,,,search_unmatched,,,derived-form,base=貴重 suffix=だ,naver,surface,宝物が貴重だ。,,,https://ja.dict.naver.com/#/search?query=%E8%B2%B4%E9%87%8D%E3%81%A0
w_a1a771e92d694b1e,N2,余計だ,よけいだ,쓸데없다,naver-level-missing;naver-search-unmatched,naver_level_missing,,,,search_unmatched,,,derived-form,base=余計 suffix=だ,naver,stem,ロ:それは君の誤解だよ。余計な迷信だ。,,,https://ja.dict.naver.com/#/search?query=%E4%BD%99%E8%A8%88%E3%81%A0
w_905560521db40adf,N2,輸入する,ゆにゅうする,수입하다,naver-level-missing;naver-search-unmatched,naver_level_missing,,,,search_unmatched,,,derived-form,base=輸入 suffix=する,naver,surface,外国から麦を輸入する.,,,https://ja.dict.naver.com/#/search?query=%E8%BC%B8%E5%85%A5%E3%81%99%E3%82%8B
w_f34b615f0ac07e07,N2,素直だ,すなおだ,"고분고분하다,순하다,솔직하다",naver-level-missing;naver-search-unmatched,naver_level_missing,,,,search_unmatched,,,derived-form,base=素直 suffix=だ,naver,surface,品性が素直だ。,,,https://ja.dict.naver.com/#/search?query=%E7%B4%A0%E7%9B%B4%E3%81%A0
w_ebab9cbea8ee8c2a,N2,貢献する,こうけんする,공헌하다,naver-level-missing;naver-search-unmatched,naver_level_missing,,,,search_unmatched,,,derived-form,base=貢献 suffix=する,naver,surface,社会に貢献する.,,,https://ja.dict.naver.com/#/search?query=%E8%B2%A2%E7%8C%AE%E3%81%99%E3%82%8B
w_70ff370b9207cebb,N2,観察する,かんさつする,관찰하다,naver-level-missing;naver-search-unmatched,naver_level_missing,,,,search_unmatched,,,derived-form,base=観察 suffix=する,naver,surface,昆虫の生態を観察する.,,,https://ja.dict.naver.com/#/search?query=%E8%A6%B3%E5%AF%9F%E3%81%99%E3%82%8B
w_657c15849a6ea25b,N2,一致する,いっちする,일치하다,naver-level-missing;naver-search-unmatched,naver_level_missing,,,,search_unmatched,,,derived-form,base=一致 suffix=する,naver,surface,符節を合わせたように一致する.,,,https://ja.dict.naver.com/#/search?query=%E4%B8%80%E8%87%B4%E3%81%99%E3%82%8B
w_61aa0aa46f4f634a,N2,多様だ,たようだ,다양하다,naver-level-missing;naver-search-unmatched,naver_level_missing,,,,search_unmatched,,,derived-form,base=多様 suffix=だ,naver,surface,ホイッスルは簡単な道具だが、使い道は実に多様だ。,,,https://ja.dict.naver.com/#/search?query=%E5%A4%9A%E6%A7%98%E3%81%A0
w_dbd3956009c2603f,N2,繋がり,つながり,"연결, 관계; (1) 연계, 관계 (2) 연결",naver-level-missing;naver-search-unmatched,naver_level_missing,,,,search_unmatched,,,,,naver,surface,繋がりが断ち切れる,,,https://ja.dict.naver.com/#/search?query=%E7%B9%8B%E3%81%8C%E3%82%8A
w_157443e88683e1c9,N2,関わる,かかわる,"관련되다,관여하다",naver-level-missing,naver_level_missing,,,,match,N2,係わる·関わる·拘わる,,,self,surface,環境に関わる問題について話し合った。,,,https://ja.dict.naver.com/#/search?query=%E9%96%A2%E3%82%8F%E3%82%8B
w_b046193862632af9,N2,冷静だ,れいせいだ,"냉철하다,이성적이다",naver-level-missing;naver-search-unmatched,naver_level_missing,,,,search_unmatched,,,derived-form,base=冷静 suffix=だ,naver,stem,冷静さを失わないことが大切だ.,,,https://ja.dict.naver.com/#/search?query=%E5%86%B7%E9%9D%99%E3%81%A0
w_de9c93232af3bdba,N2,妙だ,みょうだ,묘하다,naver-level-missing;naver-search-unmatched,naver_level_missing,,,,search_unmatched,,,derived-form,base=妙 suffix=だ,naver,surface,姿勢が妙だ。,,,https://ja.dict.naver.com/#/search?query=%E5%A6%99%E3%81%A0
w_fe073d5a5810c4e1,N2,適切だ,てきせつだ,적절하다,naver-level-missing;naver-search-unmatched,naver_level_missing,,,,search_unmatched,,,derived-form,base=適切 suffix=だ,naver,surface,状況が適切だ。,,,https://ja.dict.naver.com/#/search?query=%E9%81%A9%E5%88%87%E3%81%A0
w_98d155aeefba6339,N2,丁寧だ,ていねいだ,정중하다,naver-level-missing;naver-search-unmatched,naver_level_missing,,,,search_unmatched,,,derived-form,base=丁寧 suffix=だ,naver,surface,仕事は丁寧だ。其の代わり時間がかかる,,,https://ja.dict.naver.com/#/search?query=%E4%B8%81%E5%AF%A7%E3%81%A0
w_f170b63846a5ec48,N2,幸いだ,さいわいだ,다행이다,naver-level-missing;naver-search-unmatched,naver_level_missing,,,,search_unmatched,,,derived-form,base=幸い suffix=だ,naver,surface,あれでもあるから幸いだ.,,,https://ja.dict.naver.com/#/search?query=%E5%B9%B8%E3%81%84%E3%81%A0
w_1eae6eda7c09f13c,N2,幸いに,さいわいに,다행히,naver-level-missing,naver_level_missing,,,,search_no_jlpt,,幸いに,derived-form,base=幸い suffix=に,naver,surface,幸いにいい職場を得た.,,,https://ja.dict.naver.com/#/search?query=%E5%B9%B8%E3%81%84%E3%81%AB
w_19b5d2b2dd1e8ed7,N2,深刻だ,しんこくだ,심각하다,naver-level-missing;naver-search-unmatched,naver_level_missing,,,,search_unmatched,,,derived-form,base=深刻 suffix=だ,naver,surface,大きな山崩れで山の周りの建物が崩れてしまって被害が深刻だ。,,,https://ja.dict.naver.com/#/search?query=%E6%B7%B1%E5%88%BB%E3%81%A0
w_102014e53e4e6fb1,N2,豊かだ,ゆたかだ,"풍족하다,풍부하다",naver-level-missing;naver-search-unmatched,naver_level_missing,,,,search_unmatched,,,derived-form,base=豊か suffix=だ,naver,surface,彼女は声量が豊かだ.,,,https://ja.dict.naver.com/#/search?query=%E8%B1%8A%E3%81%8B%E3%81%A0
w_26d7ff3366e29b42,N2,割合に,わりあいに,"비교적, 상대적으로",naver-level-missing;naver-search-unmatched,naver_level_missing,,,,search_unmatched,,,,,naver,surface,手術の経過は割合に良好だ,,,https://ja.dict.naver.com/#/search?query=%E5%89%B2%E5%90%88%E3%81%AB
w_14d43505e1a91b15,N2,徐々に,じょじょに,서서히,naver-level-missing;naver-search-unmatched,naver_level_missing,,,,search_unmatched,,,,,naver,surface,最近、ハンドキャリーの需要が徐々に増え始めている,,,https://ja.dict.naver.com/#/search?query=%E5%BE%90%E3%80%85%E3%81%AB
w_2f45942de23dda55,N2,手続き,てつづき,"절차, 수속",naver-level-missing,naver_level_missing,,,,match,N2,手続(き),,,naver,surface,その手続きは違式だ,,,https://ja.dict.naver.com/#/search?query=%E6%89%8B%E7%B6%9A%E3%81%8D
w_47d515589fa58fd2,N2,お待たせしました,おまたせしました,"미안한 가지다, 있다 유지된 당신, 너 기다리다",level-mismatch,mismatch,N4,お待たせしました,%E3%81%8A%E3%81%BE%E3%81%9F%E3%81%9B%E3%81%97%E3%81%BE%E3%81%97%E3%81%9F,search_no_jlpt,,お待たせしました,,,naver,surface,お待たせしました。ただいまから受付を開始します,,오래 기다렸습니다,https://ja.dict.naver.com/#/search?query=%E3%81%8A%E5%BE%85%E3%81%9F%E3%81%9B%E3%81%97%E3%81%BE%E3%81%97%E3%81%9F
w_69051b86844ecf4a,N2,問い合わせ,といあわせ,문의,naver-level-missing;level-mismatch-confirmed,naver_level_missing,,,,mismatch,N3,問い合(わ)せ·問合せ,,,naver,surface,飲料メーカー，Ｋの電話は，五万件あまりの問い合わせでパンクしてしまった,,,https://ja.dict.naver.com/#/search?query=%E5%95%8F%E3%81%84%E5%90%88%E3%82%8F%E3%81%9B
w_569abb1450e0ce46,N2,豊富だ,ほうふだ,풍부하다,naver-level-missing;naver-search-unmatched,naver_level_missing,,,,search_unmatched,,,derived-form,base=豊富 suffix=だ,naver,surface,最近は雨が少しずつ頻繁に降るため、水が豊富だ。,,,https://ja.dict.naver.com/#/search?query=%E8%B1%8A%E5%AF%8C%E3%81%A0
w_3c648280458c6258,N2,あくまで,あくまで,"어디까지나, 끝까지",example-headword-missing,match,N2,飽く迄,あくまで,,,,,,naver,missing,それは飽くまで個人的な意見に過ぎない,,어디까지나;철저하게;끝까지,https://ja.dict.naver.com/#/search?query=%E3%81%82%E3%81%8F%E3%81%BE%E3%81%A7
w_2cb1c7848a99643f,N2,引っ越し,ひっこし,이사,naver-level-missing;level-mismatch-confirmed,naver_level_missing,,,,mismatch,N3,引(っ)越し,,,naver,surface,引っ越ししてから6個月になる.,,,https://ja.dict.naver.com/#/search?query=%E5%BC%95%E3%81%A3%E8%B6%8A%E3%81%97
w_f28b61c97c036a7c,N2,遭遇する,そうぐうする,"조우하다,우연히만나다",naver-level-missing;naver-search-unmatched,naver_level_missing,,,,search_unmatched,,,derived-form,base=遭遇 suffix=する,naver,surface,敵の伏兵に遭遇する.,,,https://ja.dict.naver.com/#/search?query=%E9%81%AD%E9%81%87%E3%81%99%E3%82%8B
w_b5b7c2170e22ae1a,N2,地味だ,じみだ,수수하다,naver-level-missing;naver-search-unmatched,naver_level_missing,,,,search_unmatched,,,derived-form,base=地味 suffix=だ,naver,surface,このワンピースは前の様子は派手だが、後ろの様子は地味だ。,,,https://ja.dict.naver.com/#/search?query=%E5%9C%B0%E5%91%B3%E3%81%A0
w_18a5d02537f4ccc4,N2,徹底する,てっていする,철저하다,naver-level-missing;naver-search-unmatched,naver_level_missing,,,,search_unmatched,,,derived-form,base=徹底 suffix=する,naver,surface,指令が末端にまで徹底する,,,https://ja.dict.naver.com/#/search?query=%E5%BE%B9%E5%BA%95%E3%81%99%E3%82%8B
w_1dca83e335d8d37c,N2,慎重だ,しんちょうだ,신중하다,naver-level-missing;naver-search-unmatched,naver_level_missing,,,,search_unmatched,,,derived-form,base=慎重 suffix=だ,naver,surface,裁断に慎重だ。,,,https://ja.dict.naver.com/#/search?query=%E6%85%8E%E9%87%8D%E3%81%A0
w_968e30c4387b6852,N2,乾燥する,かんそうする,건조하다,naver-level-missing;naver-search-unmatched,naver_level_missing,,,,search_unmatched,,,derived-form,base=乾燥 suffix=する,naver,surface,唇が乾燥する。,,,https://ja.dict.naver.com/#/search?query=%E4%B9%BE%E7%87%A5%E3%81%99%E3%82%8B
w_3a8617b339bdbba6,N2,愛用,あいよう,애용,naver-level-missing,naver_level_missing,,,,search_no_jlpt,,愛用,,,naver,surface,校具を愛用する.,,,https://ja.dict.naver.com/#/search?query=%E6%84%9B%E7%94%A8
w_a6ac744584fd12de,N2,発送,はっそう,발송,naver-level-missing,naver_level_missing,,,,search_no_jlpt,,発送,,,naver,surface,製品を発送する.,,,https://ja.dict.naver.com/#/search?query=%E7%99%BA%E9%80%81
w_b8fbaded141b29eb,N2,曖昧だ,あいまいだ,애매하다,naver-level-missing;naver-search-unmatched,naver_level_missing,,,,search_unmatched,,,derived-form,base=曖昧 suffix=だ,naver,surface,長い年月が立ち、私は幼い頃、友達と一緒に遊び回った記憶すら曖昧だ。,,,https://ja.dict.naver.com/#/search?query=%E6%9B%96%E6%98%A7%E3%81%A0
w_9069da5ba5d0cf3e,N2,穏やかだ,おだやかだ,온화하다,naver-level-missing;naver-search-unmatched,naver_level_missing,,,,search_unmatched,,,derived-form,base=穏やか suffix=だ,naver,surface,気候が穏やかだ,,,https://ja.dict.naver.com/#/search?query=%E7%A9%8F%E3%82%84%E3%81%8B%E3%81%A0
w_fbd02e3a324e16c5,N2,乗り換え,のりかえ,"환승, 갈아탐",naver-level-missing;level-mismatch-confirmed,naver_level_missing,,,,mismatch,N4,乗(り)換え·乗換·乗(り)替え,,,naver,surface,乗り換え駅[乗換駅]にあるデパート,,,https://ja.dict.naver.com/#/search?query=%E4%B9%97%E3%82%8A%E6%8F%9B%E3%81%88
w_dcf81ee7c767ed7f,N2,売り上げ,うりあげ,매상,naver-level-missing;level-mismatch-confirmed,naver_level_missing,,,,mismatch,N3,売(り)上げ·売上,,,naver,surface,売り上げの勘定を合わせる,,,https://ja.dict.naver.com/#/search?query=%E5%A3%B2%E3%82%8A%E4%B8%8A%E3%81%92
w_826d107c46a2192e,N2,日用品,にちようひん,일용품,level-mismatch;level-mismatch-confirmed,mismatch,N3,日用品,%E3%81%AB%E3%81%A1%E3%82%88%E3%81%86%E3%81%B2%E3%82%93,mismatch,N3,日用品,,,naver,surface,日用品を廉売する.,,일용품,https://ja.dict.naver.com/#/search?query=%E6%97%A5%E7%94%A8%E5%93%81
w_80d1fde9c12ec7bb,N2,活発,かっぱつ,활발,level-mismatch;naver-search-unmatched,mismatch,N1,活発·活溌,かっぱつ,search_unmatched,,,,,naver,surface,最近の商況[商状]は活発でない.,,활발,https://ja.dict.naver.com/#/search?query=%E6%B4%BB%E7%99%BA
w_8ff22e997b700b80,N2,受け取り,うけとり,"수령, 영수증",naver-level-missing,naver_level_missing,,,,match,N2,受(け)取り,,,naver,surface,家賃をはらって受け取りをもらう,,,https://ja.dict.naver.com/#/search?query=%E5%8F%97%E3%81%91%E5%8F%96%E3%82%8A
w_28a0a4b3ffaf3efe,N2,回す,まわす,돌리다,example-headword-missing,match,N2,回す·廻す,まわす,,,,,,naver,missing,数回にわたって掲載する.,,돌리다;회전시키다;차례로 돌리다,https://ja.dict.naver.com/#/search?query=%E5%9B%9E%E3%81%99
w_64d64dc24b94b658,N2,餅,もち,떡,naver-level-missing,naver_level_missing,,,,search_no_jlpt,,餅,,,naver,surface,餅を山と盛ってくる.,,,https://ja.dict.naver.com/#/search?query=%E9%A4%85
w_e5e74884551c96f2,N2,強烈だ,きょうれつだ,강렬하다,naver-level-missing;naver-search-unmatched,naver_level_missing,,,,search_unmatched,,,derived-form,base=強烈 suffix=だ,naver,surface,色が強烈だ。,,,https://ja.dict.naver.com/#/search?query=%E5%BC%B7%E7%83%88%E3%81%A0
w_862fd53a302dc121,N2,適応する,てきおうする,적응하다,naver-level-missing;naver-search-unmatched,naver_level_missing,,,,search_unmatched,,,derived-form,base=適応 suffix=する,naver,surface,新しい環境に適応する.,,,https://ja.dict.naver.com/#/search?query=%E9%81%A9%E5%BF%9C%E3%81%99%E3%82%8B
w_d1b4e9d1855d96a8,N2,塊,かたまり,덩어리,naver-level-missing;level-mismatch-confirmed,naver_level_missing,,,,mismatch,N1,塊,,,naver,surface,梱包された廃プラの塊がびっしりと敷地を埋め尽くしている,,,https://ja.dict.naver.com/#/search?query=%E5%A1%8A
w_bdef0744a164ce01,N2,果たして,はたして,과연,naver-level-missing,naver_level_missing,,,,match,N2,果(た)して,,,naver,surface,それが果たして彼の本心から出た言葉だろうか.,,,https://ja.dict.naver.com/#/search?query=%E6%9E%9C%E3%81%9F%E3%81%97%E3%81%A6
w_c83fe07fb32b63ab,N2,話し合い,はなしあい,"논의, 말하다, 회의",naver-level-missing;level-mismatch-confirmed,naver_level_missing,,,,mismatch,N3,話(し)合い,,,naver,surface,今は話し合いの素地ができあがっていない.,,,https://ja.dict.naver.com/#/search?query=%E8%A9%B1%E3%81%97%E5%90%88%E3%81%84
w_3a1f87a38c518af5,N2,何とも,なんとも,"정말, 뭐라 할 수 없이, 전혀",naver-level-missing,naver_level_missing,,,,match,N2,何とも,,,naver,surface,着物の色合いが何とも言えずよい,,,https://ja.dict.naver.com/#/search?query=%E4%BD%95%E3%81%A8%E3%82%82
w_163c875e106e915a,N2,一斉に,いっせいに,일제히,naver-level-missing;naver-search-unmatched,naver_level_missing,,,,search_unmatched,,,,,naver,surface,町のよた者を一斉に検挙する.,,,https://ja.dict.naver.com/#/search?query=%E4%B8%80%E6%96%89%E3%81%AB
w_b0aa7ab8e4300e43,N2,気楽だ,きらくだ,마음편하다,naver-level-missing;naver-search-unmatched,naver_level_missing,,,,search_unmatched,,,derived-form,base=気楽 suffix=だ,naver,surface,年上が気楽だ。,,,https://ja.dict.naver.com/#/search?query=%E6%B0%97%E6%A5%BD%E3%81%A0
w_9cd37964a8b53096,N2,隙,すき,"틈, 빈틈",naver-level-missing,naver_level_missing,,,,search_no_jlpt,,隙,,,naver,surface,敵に立ち直る隙を与えない,,,https://ja.dict.naver.com/#/search?query=%E9%9A%99
w_713aaa51e13cbeed,N2,叔父,おじ,"작은아버지, 숙부",naver-level-missing;level-mismatch-confirmed,naver_level_missing,,,,mismatch,N4,伯父·叔父,,,naver,surface,叔父と私は久しぶりに会って食事をしながら、おじと姪の間の情を交わした。,,,https://ja.dict.naver.com/#/search?query=%E5%8F%94%E7%88%B6
w_8ed0bef131adb294,N2,浮かぶ,うかぶ,"뜨다, 떠오르다",naver-level-missing,naver_level_missing,,,,match,N2,浮(か)ぶ,,,naver,surface,浮かぶ瀬がない.,,,https://ja.dict.naver.com/#/search?query=%E6%B5%AE%E3%81%8B%E3%81%B6
w_615d55cb467f5f8a,N2,克服する,こくふくする,극복하다,naver-level-missing;naver-search-unmatched,naver_level_missing,,,,search_unmatched,,,derived-form,base=克服 suffix=する,naver,surface,言語の障壁を克服する.,,,https://ja.dict.naver.com/#/search?query=%E5%85%8B%E6%9C%8D%E3%81%99%E3%82%8B
w_c5ab894cc1ca5bbb,N2,思いっきり,おもいっきり,"마음껏, 힘껏",naver-level-missing;naver-search-unmatched,naver_level_missing,,,,search_unmatched,,,,,naver,surface,げんこつで思いっきりぶんなぐる,,,https://ja.dict.naver.com/#/search?query=%E6%80%9D%E3%81%84%E3%81%A3%E3%81%8D%E3%82%8A
w_0660726936f3cd12,N2,群れ,むれ,"무리, 떼",naver-level-missing,naver_level_missing,,,,search_no_jlpt,,群れ,,,naver,surface,雀が群れを成している,,,https://ja.dict.naver.com/#/search?query=%E7%BE%A4%E3%82%8C
w_00c99649445717dd,N2,間もなく,まもなく,"머지않아, 곧",naver-level-missing,naver_level_missing,,,,match,N2,間もなく·間も無く,,,naver,surface,彼は間もなくアメリカへ行くと言ってたよ.,,,https://ja.dict.naver.com/#/search?query=%E9%96%93%E3%82%82%E3%81%AA%E3%81%8F
w_4fe45e0c31984a3b,N2,小遣い,こづかい,용돈,naver-level-missing,naver_level_missing,,,,match,N2,小遣い,,,naver,surface,小遣いのくれ手がない.,,,https://ja.dict.naver.com/#/search?query=%E5%B0%8F%E9%81%A3%E3%81%84
w_fe5026000bdbdfdf,N2,続々,ぞくぞく,"속속,계속해서",naver-level-missing;naver-search-unmatched,naver_level_missing,,,,search_unmatched,,,,,naver,surface,最近、食べ物をテーマとしたフードテーマパークが続々オープンしている,,,https://ja.dict.naver.com/#/search?query=%E7%B6%9A%E3%80%85
w_9032a2333ecae65f,N2,拝見する,はいけんする,"'보다,읽다'의겸양",level-mismatch;level-mismatch-confirmed,mismatch,N4,拝見する,%E3%81%AF%E3%81%84%E3%81%91%E3%82%93%E3%81%99%E3%82%8B,mismatch,N4,拝見する,derived-form,base=拝見 suffix=する,naver,surface,篤と拝見する,,"보다, 읽다",https://ja.dict.naver.com/#/search?query=%E6%8B%9D%E8%A6%8B%E3%81%99%E3%82%8B
w_ce285518225afb6d,N2,構いません,かまいません,괜찮습니다,naver-level-missing;naver-search-unmatched,naver_level_missing,,,,search_unmatched,,,,,naver,surface,ロ:認印を押しても構いません。,,,https://ja.dict.naver.com/#/search?query=%E6%A7%8B%E3%81%84%E3%81%BE%E3%81%9B%E3%82%93
w_9a69e415985ac07b,N2,柔らかい,やわらかい,부드럽다,level-mismatch,mismatch,N4,柔らかい,やわらかい,manual_review,N4,柔らかい,,,naver,surface,おだやかな[柔らかい]物腰で人に接する.,,몰랑하다;부드럽다;따지지 않다;순순하다,https://ja.dict.naver.com/#/search?query=%E6%9F%94%E3%82%89%E3%81%8B%E3%81%84
w_391805e8adb3ac8e,N2,刺身,さしみ,"회, 생선회",naver-level-missing,naver_level_missing,,,,search_no_jlpt,,刺身,,,naver,surface,種種の刺身を盛り付ける.,,,https://ja.dict.naver.com/#/search?query=%E5%88%BA%E8%BA%AB
w_938006f867662636,N2,急増する,きゅうぞうする,급증하다,naver-level-missing;naver-search-unmatched,naver_level_missing,,,,search_unmatched,,,derived-form,base=急増 suffix=する,naver,surface,4Kテレビの販売が急増する,,,https://ja.dict.naver.com/#/search?query=%E6%80%A5%E5%A2%97%E3%81%99%E3%82%8B
w_059cf1ada7c04d02,N2,不調だ,ふちょうだ,"상태가나쁘다,부진하다",naver-level-missing;naver-search-unmatched,naver_level_missing,,,,search_unmatched,,,derived-form,base=不調 suffix=だ,naver,surface,エンジンが不調だ,,,https://ja.dict.naver.com/#/search?query=%E4%B8%8D%E8%AA%BF%E3%81%A0
w_0dc203c1fa44a8dd,N2,売り切れ,うりきれ,매진,naver-level-missing;level-mismatch-confirmed,naver_level_missing,,,,mismatch,N3,売(り)切れ,,,naver,surface,早くも売り切れになった,,,https://ja.dict.naver.com/#/search?query=%E5%A3%B2%E3%82%8A%E5%88%87%E3%82%8C
w_fe5aa65deefa4fd4,N2,振り返る,ふりかえる,"뒤돌아보다,돌이켜보다",naver-level-missing;level-mismatch-confirmed,naver_level_missing,,,,mismatch,N1,振(り)返る,,,naver,surface,過ぎし一年を振り返る.,,,https://ja.dict.naver.com/#/search?query=%E6%8C%AF%E3%82%8A%E8%BF%94%E3%82%8B
w_e5a9e98ae4eb0fd9,N2,安易だ,あんいだ,안이하다,naver-level-missing;naver-search-unmatched,naver_level_missing,,,,search_unmatched,,,derived-form,base=安易 suffix=だ,naver,surface,性格が安易だ。,,,https://ja.dict.naver.com/#/search?query=%E5%AE%89%E6%98%93%E3%81%A0
w_54c71aa5ccbde2f4,N2,行ってらっしゃい,いってらっしゃい,"잘 다녀오세요, 또 봐요",level-mismatch,mismatch,N4,行ってらっしゃい,%E3%81%84%E3%81%A3%E3%81%A6%E3%82%89%E3%81%A3%E3%81%97%E3%82%83%E3%81%84,search_no_jlpt,,行ってらっしゃい,,,naver,surface,行ってらっしゃい、気をつけてね,,다녀오세요,https://ja.dict.naver.com/#/search?query=%E8%A1%8C%E3%81%A3%E3%81%A6%E3%82%89%E3%81%A3%E3%81%97%E3%82%83%E3%81%84
w_6e87ca2dff877ff4,N2,飛躍的,ひやくてき,비약적,naver-level-missing,naver_level_missing,,,,search_no_jlpt,,飛躍的,,,naver,surface,生産が飛躍的に伸びる,,,https://ja.dict.naver.com/#/search?query=%E9%A3%9B%E8%BA%8D%E7%9A%84
w_395b901e45fc4d16,N2,好調だ,こうちょうだ,"호조를보이다,순조롭다",naver-level-missing;naver-search-unmatched,naver_level_missing,,,,search_unmatched,,,derived-form,base=好調 suffix=だ,naver,surface,最近はインターネットで品物を注文する人が多く、インターネットショッピング事業が好調だ。,,,https://ja.dict.naver.com/#/search?query=%E5%A5%BD%E8%AA%BF%E3%81%A0
w_c811f5af75378dc5,N2,持参する,じさんする,지참하다,naver-level-missing;naver-search-unmatched,naver_level_missing,,,,search_unmatched,,,derived-form,base=持参 suffix=する,naver,surface,弁当を持参する,,,https://ja.dict.naver.com/#/search?query=%E6%8C%81%E5%8F%82%E3%81%99%E3%82%8B
w_eeecb96d165064d7,N2,住まい,すまい,"주거, 거처, 집",naver-level-missing;level-mismatch-confirmed,naver_level_missing,,,,mismatch,N3,住(ま)い,,,naver,surface,住まいの貧困層のための居場所を確保する,,,https://ja.dict.naver.com/#/search?query=%E4%BD%8F%E3%81%BE%E3%81%84
w_44a892d1b564fc20,N2,多大だ,ただいだ,많고크다,naver-level-missing;naver-search-unmatched,naver_level_missing,,,,search_unmatched,,,derived-form,base=多大 suffix=だ,naver,surface,環境への影響が多大だ,,,https://ja.dict.naver.com/#/search?query=%E5%A4%9A%E5%A4%A7%E3%81%A0
w_51492880f4ff54fb,N2,取り組む,とりくむ,"맞붙다,몰두하다",naver-level-missing;level-mismatch-confirmed,naver_level_missing,,,,mismatch,N1,取(り)組む,,,naver,surface,彼は強い相手と取り組むことになった.,,,https://ja.dict.naver.com/#/search?query=%E5%8F%96%E3%82%8A%E7%B5%84%E3%82%80
w_0084c15661be04e0,N2,平凡だ,へいぼんだ,평범하다,naver-level-missing;naver-search-unmatched,naver_level_missing,,,,search_unmatched,,,derived-form,base=平凡 suffix=だ,naver,surface,練習してはいるが、記録は平凡だ,,,https://ja.dict.naver.com/#/search?query=%E5%B9%B3%E5%87%A1%E3%81%A0
w_0ff95f9278e7d4c0,N2,弊社,へいしゃ,자기회사의겸칭,naver-level-missing,naver_level_missing,,,,search_no_jlpt,,弊社,,,naver,surface,弊社の団子は、手間を惜しまず昔からの製法を守って製造しております,,,https://ja.dict.naver.com/#/search?query=%E5%BC%8A%E7%A4%BE
w_3cec12d0a3adcf69,N2,頑丈だ,がんじょうだ,튼튼하다,naver-level-missing;naver-search-unmatched,naver_level_missing,,,,search_unmatched,,,derived-form,base=頑丈 suffix=だ,naver,surface,支えが頑丈だ。,,,https://ja.dict.naver.com/#/search?query=%E9%A0%91%E4%B8%88%E3%81%A0
w_8559a98168a9de12,N2,お出掛け,おでかけ,외출,naver-level-missing;naver-search-unmatched,naver_level_missing,,,,search_unmatched,,,,,naver,surface,一家がお揃いでお出掛けになる,,,https://ja.dict.naver.com/#/search?query=%E3%81%8A%E5%87%BA%E6%8E%9B%E3%81%91
w_368c112172721eda,N2,分かれる,わかれる,"갈라지다, 나뉘다",naver-level-missing;level-mismatch-confirmed,naver_level_missing,,,,mismatch,N3,分(か)れる,,,naver,surface,川が二またに分かれる,,,https://ja.dict.naver.com/#/search?query=%E5%88%86%E3%81%8B%E3%82%8C%E3%82%8B
w_1fd4c250a90b93a7,N2,普遍的,ふへんてき,보편적,naver-level-missing,naver_level_missing,,,,search_no_jlpt,,普遍的,,,naver,surface,道徳の本質は、われわれの欲求を普遍的な法則に従わせるところにある,,,https://ja.dict.naver.com/#/search?query=%E6%99%AE%E9%81%8D%E7%9A%84
w_c5438a2dab2c8feb,N2,ずるい,ずるい,"교활하다, 치사하다",example-headword-missing,match,N2,狡い,ずるい,,,,,,naver,missing,狡い事をする,,교활하다;능글맞다;뺀들거리다,https://ja.dict.naver.com/#/search?query=%E3%81%9A%E3%82%8B%E3%81%84
w_306216717f196919,N2,半減,はんげん,반감,naver-level-missing,naver_level_missing,,,,search_no_jlpt,,半減,,,naver,surface,薬の効き目が半減した.,,,https://ja.dict.naver.com/#/search?query=%E5%8D%8A%E6%B8%9B
w_33687b5b97477220,N2,一昨日,いっさくじつ,그저께,level-mismatch,mismatch,N5,一昨日,おととい,search_no_jlpt,,一昨日,,,naver,surface,一昨日の怪火の原因が判明した,,그저께;재작일,https://ja.dict.naver.com/#/search?query=%E4%B8%80%E6%98%A8%E6%97%A5
w_06502f590cb6c6fe,N2,取り上げる,とりあげる,"집어들다,채택하다",naver-level-missing,naver_level_missing,,,,match,N2,取(り)上げる,,,naver,surface,今まさに活動している，スポンティニアスなアーチストを取り上げる雑誌,,,https://ja.dict.naver.com/#/search?query=%E5%8F%96%E3%82%8A%E4%B8%8A%E3%81%92%E3%82%8B
w_c8ffec9cad93ecf4,N2,大げさだ,おおげさだ,과장되다,naver-level-missing;naver-search-unmatched,naver_level_missing,,,,search_unmatched,,,derived-form,base=大げさ suffix=だ,naver,surface,あの人の話はちょっと大げさだ,,,https://ja.dict.naver.com/#/search?query=%E5%A4%A7%E3%81%92%E3%81%95%E3%81%A0
w_81096075fb7901d9,N2,引き出す,ひきだす,"끌어내다, 인출하다",naver-level-missing;level-mismatch-confirmed,naver_level_missing,,,,mismatch,N3,引(き)出す,,,naver,surface,キャッシュ・カードを使用して現金を引き出す,,,https://ja.dict.naver.com/#/search?query=%E5%BC%95%E3%81%8D%E5%87%BA%E3%81%99
w_c754546c7b68fe8e,N2,率直,そっちょく,솔직함,naver-level-missing,naver_level_missing,,,,match,N2,率直,,,naver,surface,お前の父親は全く率直な人であった.,,,https://ja.dict.naver.com/#/search?query=%E7%8E%87%E7%9B%B4
w_6ee8504b8ab97680,N2,率直だ,そっちょくだ,솔직하다,naver-level-missing;naver-search-unmatched,naver_level_missing,,,,search_unmatched,,,derived-form,base=率直 suffix=だ,naver,stem,新世代らしく率直で開放的だ.,,,https://ja.dict.naver.com/#/search?query=%E7%8E%87%E7%9B%B4%E3%81%A0
w_55e59b27b382a2f6,N2,缶詰,かんづめ,통조림,naver-level-missing,naver_level_missing,,,,search_no_jlpt,,缶詰,,,naver,surface,缶切りで缶詰をあける.,,,https://ja.dict.naver.com/#/search?query=%E7%BC%B6%E8%A9%B0
w_6ca1354f895002f3,N2,酔っ払い,よっぱらい,술 취한 사람,naver-level-missing,naver_level_missing,,,,match,N2,酔(っ)払い,,,naver,surface,統計とは、街灯柱に寄りかかる酔っ払いのようなものである。照明というよりも、支えとして利用されているのだ。(サー・ウィンストン・チャーチル),,,https://ja.dict.naver.com/#/search?query=%E9%85%94%E3%81%A3%E6%89%95%E3%81%84
w_927239de110ba25e,N2,有難い,ありがたい,"고맙다, 감사하다",naver-level-missing;level-mismatch-confirmed,naver_level_missing,,,,mismatch,N3,有(り)難い,,,naver,surface,そう言ってくださって有難いです。,,,https://ja.dict.naver.com/#/search?query=%E6%9C%89%E9%9B%A3%E3%81%84
w_b9111f44a6cece15,N2,しゃべる,しゃべる,"말하다, 수다 떨다",example-headword-missing,match,N2,喋る,しゃべる,,,,,,naver,missing,誰にも喋るなよ,,지껄이다;재잘거리다;입 밖에 내다;말하다;수다떨다,https://ja.dict.naver.com/#/search?query=%E3%81%97%E3%82%83%E3%81%B9%E3%82%8B
w_bedd038e5370599e,N2,取り除く,とりのぞく,"제거하다,없애다",naver-level-missing;level-mismatch-confirmed,naver_level_missing,,,,mismatch,N1,取(り)除く,,,naver,surface,脅威を取り除くのに必死にならざるを得えなかった,,,https://ja.dict.naver.com/#/search?query=%E5%8F%96%E3%82%8A%E9%99%A4%E3%81%8F
w_c5334ff5f3430794,N2,対等だ,たいとうだ,대등하다,naver-level-missing;naver-search-unmatched,naver_level_missing,,,,search_unmatched,,,derived-form,base=対等 suffix=だ,naver,surface,実力が対等だ。,,,https://ja.dict.naver.com/#/search?query=%E5%AF%BE%E7%AD%89%E3%81%A0
w_a7b14d3e8de85b78,N2,歯磨き,はみがき,"양치질, 치약",naver-level-missing,naver_level_missing,,,,search_no_jlpt,,歯磨き,,,naver,surface,歯磨きの時に歯茎から出血する,,,https://ja.dict.naver.com/#/search?query=%E6%AD%AF%E7%A3%A8%E3%81%8D
w_107bd50a48d02b70,N2,取り出す,とりだす,꺼내다,naver-level-missing;level-mismatch-confirmed,naver_level_missing,,,,mismatch,N3,取(り)出す,,,naver,surface,アイスボックスから冷えたビールを取り出す,,,https://ja.dict.naver.com/#/search?query=%E5%8F%96%E3%82%8A%E5%87%BA%E3%81%99
w_60c6493c03cb7ac9,N2,伝染する,でんせんする,전염되다,naver-level-missing;naver-search-unmatched,naver_level_missing,,,,search_unmatched,,,derived-form,base=伝染 suffix=する,naver,surface,流感に[はしかが]伝染する,,,https://ja.dict.naver.com/#/search?query=%E4%BC%9D%E6%9F%93%E3%81%99%E3%82%8B
w_a430acefffcd0bfe,N2,小父さん,おじさん,아저씨,naver-level-missing;level-mismatch-confirmed,naver_level_missing,,,,mismatch,N5,伯父さん·叔父さん·小父さん,,,naver,surface,イ：小父さん、急ぎの用なので、もっと早く行って下さい。,,,https://ja.dict.naver.com/#/search?query=%E5%B0%8F%E7%88%B6%E3%81%95%E3%82%93
w_df44e7a299cf0dc4,N2,簡潔だ,かんけつだ,간결하다,naver-level-missing;naver-search-unmatched,naver_level_missing,,,,search_unmatched,,,derived-form,base=簡潔 suffix=だ,naver,surface,文が簡潔だ。,,,https://ja.dict.naver.com/#/search?query=%E7%B0%A1%E6%BD%94%E3%81%A0
w_9ea346dbfdc4c768,N2,叔母,おば,부모보다 나이가 어린 아주머니,naver-level-missing,naver_level_missing,,,,search_no_jlpt,,伯母·叔母,,,naver,surface,ロ：祖母と祖父から叔母、外叔、叔母など、家族全員が一緒に行くんだ。,,,https://ja.dict.naver.com/#/search?query=%E5%8F%94%E6%AF%8D
w_5b59837a9072ecf0,N2,出来上がり,できあがり,"완성, 준비 완료",naver-level-missing,naver_level_missing,,,,match,N2,出来上(が)り,,,naver,surface,ラードまたはショートニングを常温に戻し、ボウルに入れて薄力粉をふるってクリーム状になるまでよく混ぜ合わせ砂糖または黒糖を入れて混ぜ合わせたあと、整形してオーブンで焼きあげれば、ちんすこうの出来上がりです。,,,https://ja.dict.naver.com/#/search?query=%E5%87%BA%E6%9D%A5%E4%B8%8A%E3%81%8C%E3%82%8A
w_687ee1900b005fd1,N2,見つめる,みつめる,"응시하다, 바라보다",naver-level-missing,naver_level_missing,,,,match,N2,見つめる·見詰める,,,naver,surface,じっと正面を見つめる.,,,https://ja.dict.naver.com/#/search?query=%E8%A6%8B%E3%81%A4%E3%82%81%E3%82%8B
w_3e3b911293ac6f59,N2,おおよそ,おおよそ,"대략, 관한",example-headword-missing,match,N2,大凡,おおよそ,,,,,,naver,missing,大凡の筋を説明する,,대강;대략;보통;세상 일반;대체로;약,https://ja.dict.naver.com/#/search?query=%E3%81%8A%E3%81%8A%E3%82%88%E3%81%9D
w_d20456aa5e0912bc,N2,雇う,やとう,고용하다,example-headword-missing,match,N2,雇う·傭う,やとう,,,,,,naver,missing,運転手を雇入れる,,고용하다;세내다,https://ja.dict.naver.com/#/search?query=%E9%9B%87%E3%81%86
w_e4c9461baa503259,N2,目覚まし,めざまし,"자명종, 알람",naver-level-missing;level-mismatch-confirmed,naver_level_missing,,,,mismatch,N3,目覚(ま)し,,,self,surface,目覚ましを六時にセットして寝た。,,,https://ja.dict.naver.com/#/search?query=%E7%9B%AE%E8%A6%9A%E3%81%BE%E3%81%97
w_188378c15d9c641d,N2,伯父,おじ,"큰아버지, 백부",naver-level-missing;level-mismatch-confirmed,naver_level_missing,,,,mismatch,N4,伯父·叔父,,,naver,surface,伯父の家に寄宿する,,,https://ja.dict.naver.com/#/search?query=%E4%BC%AF%E7%88%B6
w_01f119facf6e9d97,N2,伯父さん,おじさん,부모보다 나이가 많은 삼촌; 아저씨,naver-level-missing;level-mismatch-confirmed,naver_level_missing,,,,mismatch,N5,伯父さん·叔父さん·小父さん,,,naver,surface,イ：伯父さん、お母さんが幼い頃はどうでしたか。,,,https://ja.dict.naver.com/#/search?query=%E4%BC%AF%E7%88%B6%E3%81%95%E3%82%93
w_a5d4c58d6109165f,N2,踏切,ふみきり,건널목; (도약의) 발구르기,naver-level-missing;example-headword-missing,naver_level_missing,,,,search_no_jlpt,,踏切,,,naver,missing,踏み切りのタイミングが合わない,,,https://ja.dict.naver.com/#/search?query=%E8%B8%8F%E5%88%87
w_a55e9120cc78ffa5,N2,言い出す,いいだす,"시작하다 말하다, 제안하다, 암시하다",naver-level-missing;level-mismatch-confirmed,naver_level_missing,,,,mismatch,N3,言(い)出す,,,naver,surface,彼が何を言い出すのかと気をもんだ.,,,https://ja.dict.naver.com/#/search?query=%E8%A8%80%E3%81%84%E5%87%BA%E3%81%99
w_119e27f14484f811,N2,賑やかだ,にぎやかだ,번화하다,naver-level-missing,naver_level_missing,,,,search_no_jlpt,,賑やかだ,derived-form,base=賑やか suffix=だ,naver,surface,商店街が賑やかだ,,,https://ja.dict.naver.com/#/search?query=%E8%B3%91%E3%82%84%E3%81%8B%E3%81%A0
w_4ef84fcf2ec9cfeb,N2,一昨年,いっさくねん,재작년,level-mismatch,mismatch,N5,一昨年,おととし,search_no_jlpt,,一昨年,,,naver,surface,昨年よりは一昨年のほうが全般的に天気がよかった。,,그러께;재작년,https://ja.dict.naver.com/#/search?query=%E4%B8%80%E6%98%A8%E5%B9%B4
w_0551f83e2464e885,N2,引き分け,ひきわけ,"무승부, 비김",naver-level-missing,naver_level_missing,,,,search_no_jlpt,,引き分け,,,naver,surface,引き分けになる,,,https://ja.dict.naver.com/#/search?query=%E5%BC%95%E3%81%8D%E5%88%86%E3%81%91
w_d1b5e8dd16233996,N2,誓う,ちかう,맹세하다,example-headword-missing,match,N2,誓う,ちかう,,,,,,naver,missing,誓を立てる,,맹세하다;서약하다,https://ja.dict.naver.com/#/search?query=%E8%AA%93%E3%81%86
w_3167b7f68f1448f2,N2,近々,ちかぢか,"머지않아, 곧",naver-level-missing,naver_level_missing,,,,search_no_jlpt,,近々,,,naver,surface,近々ソウルに引越します,,,https://ja.dict.naver.com/#/search?query=%E8%BF%91%E3%80%85
w_011337c673b66fbe,N2,日にち,ひにち,"날짜, 날",naver-level-missing,naver_level_missing,,,,match,N2,日日,,,naver,surface,ご覧になる日にち、作品、時間を選び、次に予約したい座席をお選びください,,,https://ja.dict.naver.com/#/search?query=%E6%97%A5%E3%81%AB%E3%81%A1
w_d69788977c20d14c,N2,日差し,ひざし,햇살,naver-level-missing,naver_level_missing,,,,match,N2,日差(し)·陽射し,,,naver,surface,真昼の日差しを受けてひなたぼっこ(を)する.,,,https://ja.dict.naver.com/#/search?query=%E6%97%A5%E5%B7%AE%E3%81%97
w_01e82a3b4d12f965,N2,簡略,かんりゃく,간략,naver-level-missing,naver_level_missing,,,,search_no_jlpt,,簡略,,,naver,surface,説明を簡略にする,,,https://ja.dict.naver.com/#/search?query=%E7%B0%A1%E7%95%A5
w_4ab83868ea322f8a,N2,簡略だ,かんりゃくだ,간략하다,naver-level-missing;naver-search-unmatched,naver_level_missing,,,,search_unmatched,,,derived-form,base=簡略 suffix=だ,naver,surface,内容が簡略だ。,,,https://ja.dict.naver.com/#/search?query=%E7%B0%A1%E7%95%A5%E3%81%A0
w_4dbe5a61e64d2816,N2,手洗い,てあらい,화장실,naver-level-missing,naver_level_missing,,,,match,N2,手洗(い),,,naver,surface,お手洗いのタオルを使い捨てのペーパータオルに変更する,,,https://ja.dict.naver.com/#/search?query=%E6%89%8B%E6%B4%97%E3%81%84
w_d726939774ab6189,N2,粗末だ,そまつだ,허술하다,naver-level-missing;naver-search-unmatched,naver_level_missing,,,,search_unmatched,,,derived-form,base=粗末 suffix=だ,naver,surface,建物はお粗末だ,,,https://ja.dict.naver.com/#/search?query=%E7%B2%97%E6%9C%AB%E3%81%A0
w_bd93ffd2acbd4da4,N2,送り仮名,おくりがな,오쿠리가나,naver-level-missing,naver_level_missing,,,,match,N2,送り仮名,,,naver,surface,漢文を読む時、送り仮名をつけて読むと、その意味がより正確に理解できる。,,,https://ja.dict.naver.com/#/search?query=%E9%80%81%E3%82%8A%E4%BB%AE%E5%90%8D
w_86fa3ff38f45c9f6,N2,お先に,おさきに,"전, 후 당신, 너",level-mismatch;level-mismatch-confirmed,mismatch,N3,お先に,%E3%81%8A%E3%81%95%E3%81%8D%E3%81%AB,mismatch,N3,お先に,,,naver,surface,用事があるので、お先に失礼します,,먼저,https://ja.dict.naver.com/#/search?query=%E3%81%8A%E5%85%88%E3%81%AB
w_326b5e103bd2d893,N2,振り仮名,ふりがな,후리가나(읽기 표기),naver-level-missing,naver_level_missing,,,,search_no_jlpt,,振り仮名,,,naver,surface,文章に振り仮名を付ける,,,https://ja.dict.naver.com/#/search?query=%E6%8C%AF%E3%82%8A%E4%BB%AE%E5%90%8D
w_6a9fb9a643e41d9f,N2,逆らう,さからう,거스르다,example-headword-missing,match,N2,逆らう,さからう,,,,,,naver,missing,王命に逆う,,거스르다;거슬러 나아가다;거역하다;반항하다,https://ja.dict.naver.com/#/search?query=%E9%80%86%E3%82%89%E3%81%86
w_bbb971bd1ab8792b,N2,不良品,ふりょうひん,불량품,naver-level-missing,naver_level_missing,,,,search_no_jlpt,,不良品,,,naver,surface,不良品はのける.,,,https://ja.dict.naver.com/#/search?query=%E4%B8%8D%E8%89%AF%E5%93%81
w_728f3fff42bfc4e5,N2,取り入れる,とりいれる,받아들이다,naver-level-missing,naver_level_missing,,,,match,N2,取(り)入れる,,,naver,surface,西洋の文物を取り入れる,,,https://ja.dict.naver.com/#/search?query=%E5%8F%96%E3%82%8A%E5%85%A5%E3%82%8C%E3%82%8B
w_dd0669298f0d3f54,N2,呼び出す,よびだす,"불러내다, 호출하다",naver-level-missing;level-mismatch-confirmed,naver_level_missing,,,,mismatch,N3,呼(び)出す,,,naver,surface,ＬＡＮが構築されリモートアクセスができるオフィスなら，サーバーにアクセスしてデータを呼び出す,,,https://ja.dict.naver.com/#/search?query=%E5%91%BC%E3%81%B3%E5%87%BA%E3%81%99
w_6831fdc03f7272dd,N2,建つ,たつ,"세워지다, 지어지다",level-mismatch;level-mismatch-confirmed,mismatch,N4,建つ,%E3%81%9F%E3%81%A4,mismatch,N4,建つ,,,naver,surface,銅像が立つ[建つ],,세워지다,https://ja.dict.naver.com/#/search?query=%E5%BB%BA%E3%81%A4
w_b634948494be7e44,N2,斬る,きる,(칼로) 베다,naver-level-missing;naver-search-unmatched,naver_level_missing,,,,search_unmatched,,,,,naver,surface,泣いて馬謖を斬る心情で友を告発する.,,,https://ja.dict.naver.com/#/search?query=%E6%96%AC%E3%82%8B
w_e858d46c7109c9cd,N2,照らす,てらす,비추다,naver-level-missing,naver_level_missing,,,,match,N2,照らす,,,naver,surface,電灯が室内を照らす.,,,https://ja.dict.naver.com/#/search?query=%E7%85%A7%E3%82%89%E3%81%99
w_9e7fe6cba58b9d20,N2,貸し出し,かしだし,"대출, 빌려줌, 빌린 것",naver-level-missing;level-mismatch-confirmed,naver_level_missing,,,,mismatch,N3,貸(し)出し,,,naver,surface,館外の貸し出しはお断りいたします.,,,https://ja.dict.naver.com/#/search?query=%E8%B2%B8%E3%81%97%E5%87%BA%E3%81%97
w_54b907b4edcebc12,N2,逆さ,さかさ,"거꾸로, 반대",example-headword-missing,match,N2,逆さ,さかさ,,,,,,naver,missing,逆になる,,‘さかさま’의 준말,https://ja.dict.naver.com/#/search?query=%E9%80%86%E3%81%95
w_22b57ca13e715d81,N2,振る舞う,ふるまう,"행동하다, 대접하다",naver-level-missing,naver_level_missing,,,,match,N2,振(る)舞う,,,naver,surface,母は私にどこへ行っても、行儀よく振る舞うよう言った。,,,https://ja.dict.naver.com/#/search?query=%E6%8C%AF%E3%82%8B%E8%88%9E%E3%81%86
w_957e9ad1cc2a5cc6,N2,着々,ちゃくちゃく,착착,naver-level-missing;naver-search-unmatched,naver_level_missing,,,,search_unmatched,,,,,naver,surface,工事は着々と進んでいる,,,https://ja.dict.naver.com/#/search?query=%E7%9D%80%E3%80%85
w_68ee24050b7e44cf,N2,追い込む,おいこむ,몰아넣다,naver-level-missing;level-mismatch-confirmed,naver_level_missing,,,,mismatch,N1,追(い)込む,,,naver,surface,馬を柵の中に追い込む.,,,https://ja.dict.naver.com/#/search?query=%E8%BF%BD%E3%81%84%E8%BE%BC%E3%82%80
w_6b4d60a6eb54e06f,N2,飛び込む,とびこむ,뛰어들다,naver-level-missing;level-mismatch-confirmed,naver_level_missing,,,,mismatch,N3,飛(び)込む·跳(び)込む,,,naver,surface,服を着たままざぶんと水に飛び込む.,,,https://ja.dict.naver.com/#/search?query=%E9%A3%9B%E3%81%B3%E8%BE%BC%E3%82%80
w_2c3933bd8ef5180a,N2,見出す,みいだす,"찾아내다,발견하다",naver-level-missing,naver_level_missing,,,,search_no_jlpt,,見出す,,,naver,surface,終焉の地を見出す,,,https://ja.dict.naver.com/#/search?query=%E8%A6%8B%E5%87%BA%E3%81%99
w_f3100e7c17b3e26c,N2,所々,ところどころ,"여기저기, 군데군데",naver-level-missing,naver_level_missing,,,,search_no_jlpt,,所々,,,naver,surface,障子を所々切り張りする,,,https://ja.dict.naver.com/#/search?query=%E6%89%80%E3%80%85
w_393a2f780ea3a234,N2,先々月,せんせんげつ,지지난달,level-mismatch;level-mismatch-confirmed,mismatch,N4,先々月,%E3%81%9B%E3%82%93%E3%81%9B%E3%82%93%E3%81%92%E3%81%A4,mismatch,N4,先々月,,,self,surface,先々月、日本へ出張しました。,,지지난 달,https://ja.dict.naver.com/#/search?query=%E5%85%88%E3%80%85%E6%9C%88
w_1c687c8fbeb668eb,N2,物騒だ,ぶっそうだ,"어수선하다,뒤숭숭하다",naver-level-missing;naver-search-unmatched,naver_level_missing,,,,search_unmatched,,,derived-form,base=物騒 suffix=だ,naver,surface,夜道は物騒だ,,,https://ja.dict.naver.com/#/search?query=%E7%89%A9%E9%A8%92%E3%81%A0
w_efac32fc7e566446,N2,先々週,せんせんしゅう,지지난주,level-mismatch;level-mismatch-confirmed,mismatch,N4,先々週,%E3%81%9B%E3%82%93%E3%81%9B%E3%82%93%E3%81%97%E3%82%85%E3%81%86,mismatch,N4,先々週,,,self,surface,先々週からこの本を読んでいます。,,지지난 주,https://ja.dict.naver.com/#/search?query=%E5%85%88%E3%80%85%E9%80%B1
w_80f8172b3e531738,N2,快晴だ,かいせいだ,쾌청하다,naver-level-missing;naver-search-unmatched,naver_level_missing,,,,search_unmatched,,,derived-form,base=快晴 suffix=だ,naver,surface,翌日は快晴だった,,,https://ja.dict.naver.com/#/search?query=%E5%BF%AB%E6%99%B4%E3%81%A0
w_6d6bafe5d5efdeba,N2,利口だ,りこうだ,영리하다,naver-level-missing;naver-search-unmatched,naver_level_missing,,,,search_unmatched,,,derived-form,base=利口 suffix=だ,naver,surface,犬が利口だ。,,,https://ja.dict.naver.com/#/search?query=%E5%88%A9%E5%8F%A3%E3%81%A0
w_aec4831204ef2426,N2,差し支え,さしつかえ,"방해, 장애",naver-level-missing,naver_level_missing,,,,match,N2,差(し)支え,,,naver,surface,差し支えがあって行けません,,,https://ja.dict.naver.com/#/search?query=%E5%B7%AE%E3%81%97%E6%94%AF%E3%81%88
w_93a96281b83e6194,N2,温もり,ぬくもり,"온기,따스함,체온",naver-level-missing,naver_level_missing,,,,search_no_jlpt,,温もり,,,naver,surface,心の温もりが伝わる,,,https://ja.dict.naver.com/#/search?query=%E6%B8%A9%E3%82%82%E3%82%8A
w_185d35831c7080a5,N2,踏み出す,ふみだす,"내딛다,착수하다",naver-level-missing,naver_level_missing,,,,search_no_jlpt,,踏(み)出す,,,naver,surface,再生の道を歩む[踏み出す].,,,https://ja.dict.naver.com/#/search?query=%E8%B8%8F%E3%81%BF%E5%87%BA%E3%81%99
w_1c1342a535c8057b,N2,押さえる,おさえる,"누르다, 붙잡다, 확보하다",naver-level-missing;level-mismatch-confirmed,naver_level_missing,,,,mismatch,N1,押(さ)える·抑える·圧える,,,naver,surface,手で患部をそっと押さえる,,,https://ja.dict.naver.com/#/search?query=%E6%8A%BC%E3%81%95%E3%81%88%E3%82%8B
w_d59a9029ddc91532,N2,碁,ご,바둑,naver-level-missing,naver_level_missing,,,,manual_review,N1,碁,,,naver,surface,碁は弱いが将棋は強い.,,,https://ja.dict.naver.com/#/search?query=%E7%A2%81
w_25c295e6bfa0e5ae,N2,詰まる,つまる,"막히다,꽉차다",naver-level-missing,naver_level_missing,,,,match,N2,詰(ま)る,,,naver,surface,流しのはけ口が詰まる.,,,https://ja.dict.naver.com/#/search?query=%E8%A9%B0%E3%81%BE%E3%82%8B
w_cc1a7419426c2c4a,N2,四角い,しかくい,네모나다,naver-level-missing,naver_level_missing,,,,match,N2,四角い,,,naver,stem,イ：窓が四角じゃなくて丸いね。,,,https://ja.dict.naver.com/#/search?query=%E5%9B%9B%E8%A7%92%E3%81%84
w_901d2f293b5d66be,N2,組合せ,くみあわせ,조합,naver-level-missing,naver_level_missing,,,,search_no_jlpt,,組合せ,,,self,surface,配色の組合せを変えると、印象も変わります。,,,https://ja.dict.naver.com/#/search?query=%E7%B5%84%E5%90%88%E3%81%9B
w_afe0b47bfa0921be,N2,吐き出す,はきだす,"토해내다,내뱉다",naver-level-missing,naver_level_missing,,,,search_no_jlpt,,吐き出す,,,naver,surface,彼は吐き出すように言い捨てて行ってしまった.,,,https://ja.dict.naver.com/#/search?query=%E5%90%90%E3%81%8D%E5%87%BA%E3%81%99
w_0d74e407f9afe5a5,N2,売れ行き,うれゆき,"팔림새, 매출",naver-level-missing,naver_level_missing,,,,match,N2,売(れ)行き,,,naver,surface,売れ行きが毎年，5コンスタント10%の割でコンスタントに伸びている,,,https://ja.dict.naver.com/#/search?query=%E5%A3%B2%E3%82%8C%E8%A1%8C%E3%81%8D
w_c206a8fc4ff2a0e5,N2,申し上げる,もうしあげる,말씀드리다('言う'의 겸양),naver-level-missing;level-mismatch-confirmed,naver_level_missing,,,,mismatch,N4,申(し)上げる,,,naver,surface,御前に平伏して申し上げる.,,,https://ja.dict.naver.com/#/search?query=%E7%94%B3%E3%81%97%E4%B8%8A%E3%81%92%E3%82%8B
w_87d6d130008c550c,N2,プラットホーム,プラットホーム,"플랫폼, 승강장",naver-level-missing,naver_level_missing,,,,search_no_jlpt,,プラットホーム,,,naver,surface,プラットホームまで兄を出迎える.,,,https://ja.dict.naver.com/#/search?query=%E3%83%97%E3%83%A9%E3%83%83%E3%83%88%E3%83%9B%E3%83%BC%E3%83%A0
w_6aeb9c1f5df61e28,N2,ウェイトレス,ウェイトレス,웨이트리스,naver-level-missing;naver-search-unmatched,naver_level_missing,,,,search_unmatched,,,,,self,surface,そのウェイトレスは笑顔で注文を取った。,,,https://ja.dict.naver.com/#/search?query=%E3%82%A6%E3%82%A7%E3%82%A4%E3%83%88%E3%83%AC%E3%82%B9
w_45f7f8d1891332c0,N2,出来上がる,できあがる,완성되다,naver-level-missing;level-mismatch-confirmed,naver_level_missing,,,,mismatch,N3,出来上(が)る,,,naver,surface,注文した洋服が出来上がる,,,https://ja.dict.naver.com/#/search?query=%E5%87%BA%E6%9D%A5%E4%B8%8A%E3%81%8C%E3%82%8B
w_1340936be90e14b2,N2,逃がす,にがす,"놓아주다, 놓치다",naver-level-missing,naver_level_missing,,,,match,N2,逃がす,,,naver,surface,盗人[釣った魚]を逃がす,,,https://ja.dict.naver.com/#/search?query=%E9%80%83%E3%81%8C%E3%81%99
w_881a9059caa55f11,N2,預かる,あずかる,맡다,naver-level-missing;level-mismatch-confirmed,naver_level_missing,,,,mismatch,N3,預(か)る,,,naver,surface,身柄を預かる.,,,https://ja.dict.naver.com/#/search?query=%E9%A0%90%E3%81%8B%E3%82%8B
w_6dafd4f1d41998c0,N2,転々,てんてん,"여기저기 옮김, 전전",naver-level-missing;naver-search-unmatched,naver_level_missing,,,,search_unmatched,,,,,naver,surface,遠い異郷を転々としている,,,https://ja.dict.naver.com/#/search?query=%E8%BB%A2%E3%80%85
w_12cea3640e3f95bb,N2,出入り口,でいりぐち,출구 입구,naver-level-missing,naver_level_missing,,,,search_no_jlpt,,出入り口,,,naver,surface,海岸に接してひろがるラグーンの出入り口は，まさに天然の良港である,,,https://ja.dict.naver.com/#/search?query=%E5%87%BA%E5%85%A5%E3%82%8A%E5%8F%A3
w_863ee6ef1cf05126,N2,採る,とる,채택하다; (열매를) 따다,level-mismatch;level-mismatch-confirmed,mismatch,N1,採る,%E3%81%A8%E3%82%8B,mismatch,N1,採る,,,naver,surface,きのこを採る,,뽑다;채집하다;채용하다,https://ja.dict.naver.com/#/search?query=%E6%8E%A1%E3%82%8B
w_8065e96840fda82b,N2,捕らえる,とらえる,"붙잡다, 포착하다, 체포하다",naver-level-missing,naver_level_missing,,,,match,N2,捕(ら)える·捉える,,,naver,surface,手回しをして犯人を捕らえる,,,https://ja.dict.naver.com/#/search?query=%E6%8D%95%E3%82%89%E3%81%88%E3%82%8B
w_e06b11a0ce81c89c,N2,能率,のうりつ,능률,naver-level-missing,naver_level_missing,,,,match,N2,能率,,,naver,surface,能率が上がらない,,,https://ja.dict.naver.com/#/search?query=%E8%83%BD%E7%8E%87
w_c12c4efe43384aa2,N2,茶色い,ちゃいろい,갈색의,level-mismatch;level-mismatch-confirmed,mismatch,N3,茶色い,%E3%81%A1%E3%82%83%E3%81%84%E3%82%8D%E3%81%84,mismatch,N3,茶色い,,,self,surface,茶色い靴を買いました。,,갈색이다,https://ja.dict.naver.com/#/search?query=%E8%8C%B6%E8%89%B2%E3%81%84
w_97db66ffd893f4b5,N2,伯母,おば,부모보다 나이가 많은 아주머니,naver-level-missing,naver_level_missing,,,,search_no_jlpt,,伯母·叔母,,,naver,surface,伯母の宅に寝泊りする,,,https://ja.dict.naver.com/#/search?query=%E4%BC%AF%E6%AF%8D
w_38ec64286bb042f9,N2,編み物,あみもの,뜨개질,naver-level-missing,naver_level_missing,,,,search_no_jlpt,,編み物,,,naver,surface,内職に編み物をする.,,,https://ja.dict.naver.com/#/search?query=%E7%B7%A8%E3%81%BF%E7%89%A9
w_7e06d636660c15e5,N2,下書き,したがき,"초고, 초안",naver-level-missing,naver_level_missing,,,,search_no_jlpt,,下書き,,,naver,surface,下書きをしてから清書した,,,https://ja.dict.naver.com/#/search?query=%E4%B8%8B%E6%9B%B8%E3%81%8D
w_b7e08adc23fd8e21,N2,逆さま,さかさま,"거꾸로, 반대",naver-level-missing,naver_level_missing,,,,match,N2,逆様·倒,,,naver,surface,上を下にする; 逆さまにする.,,,https://ja.dict.naver.com/#/search?query=%E9%80%86%E3%81%95%E3%81%BE
w_ea00e32ec502493b,N2,ひっくり返す,ひっくりかえす,"뒤집다, 엎다",naver-level-missing,naver_level_missing,,,,match,N2,引っ繰り返す,,,naver,surface,ポケットをひっくり返す。,,,https://ja.dict.naver.com/#/search?query=%E3%81%B2%E3%81%A3%E3%81%8F%E3%82%8A%E8%BF%94%E3%81%99
w_f948982919ee8a7a,N2,打ち明ける,うちあける,고백하다,naver-level-missing;level-mismatch-confirmed,naver_level_missing,,,,mismatch,N1,打(ち)明ける,,,naver,surface,自分の罪を洗いざらい打ち明ける.,,,https://ja.dict.naver.com/#/search?query=%E6%89%93%E3%81%A1%E6%98%8E%E3%81%91%E3%82%8B
w_f9a9fd5b8dca1f64,N2,引き渡す,ひきわたす,"넘겨주다,인도하다",naver-level-missing,naver_level_missing,,,,search_no_jlpt,,引(き)渡す,,,naver,surface,犯人を引き渡す,,,https://ja.dict.naver.com/#/search?query=%E5%BC%95%E3%81%8D%E6%B8%A1%E3%81%99
w_3f7be39781ba3513,N2,通ずる,つうずる,"통하다, 이어지다",example-headword-missing,match,N2,通ずる,つうずる,,,,,,self,missing,この道は駅に通じている。,,→つうじる,https://ja.dict.naver.com/#/search?query=%E9%80%9A%E3%81%9A%E3%82%8B
w_ea1fe9d8bd4bfedb,N2,塩辛,しおから,짠(맛),naver-level-missing,naver_level_missing,,,,search_no_jlpt,,塩辛,,,naver,surface,私はチゲが塩辛いと思って水を入れて味を薄めた。,,,https://ja.dict.naver.com/#/search?query=%E5%A1%A9%E8%BE%9B
w_56e22b4b34e6b4e6,N2,浮かべる,うかべる,"뜨다, 표현하다",naver-level-missing;level-mismatch-confirmed,naver_level_missing,,,,mismatch,N3,浮(か)べる,,,naver,surface,若き日の姿[思い出]を心に浮かべる.,,,https://ja.dict.naver.com/#/search?query=%E6%B5%AE%E3%81%8B%E3%81%B9%E3%82%8B
w_1d6479a34c016b7b,N2,腰掛け,こしかけ,"좌석, 벤치",naver-level-missing,naver_level_missing,,,,match,N2,腰掛(け),,,naver,surface,かまどに腰掛け一杯(の飯を)かき込んで飛びだした.,,,https://ja.dict.naver.com/#/search?query=%E8%85%B0%E6%8E%9B%E3%81%91
w_2e9a5e2228dedf84,N2,薄れる,うすれる,"엷어지다,약해지다",naver-level-missing,naver_level_missing,,,,search_no_jlpt,,薄れる,,,naver,surface,カーテンの色が薄れる,,,https://ja.dict.naver.com/#/search?query=%E8%96%84%E3%82%8C%E3%82%8B
w_ba2d55654486780d,N2,詰め込む,つめこむ,채워넣다,naver-level-missing,naver_level_missing,,,,search_no_jlpt,,詰(め)込む,,,naver,surface,俵に詰め込む.,,,https://ja.dict.naver.com/#/search?query=%E8%A9%B0%E3%82%81%E8%BE%BC%E3%82%80
w_261d08aef7008630,N2,痛ましい,いたましい,"가엽다,애처롭다",naver-level-missing,naver_level_missing,,,,search_no_jlpt,,痛ましい·傷ましい,,,naver,surface,痛ましい事故が繰り返されてはならない,,,https://ja.dict.naver.com/#/search?query=%E7%97%9B%E3%81%BE%E3%81%97%E3%81%84
w_b40f9c063be59826,N2,レインコート,レインコート,"레인코트, 비옷",level-mismatch;level-mismatch-confirmed,mismatch,N3,,%E3%83%AC%E3%82%A4%E3%83%B3%E3%82%B3%E3%83%BC%E3%83%88,mismatch,N3,レインコート,,,naver,surface,私は雨の日には子供にレインコートを着せる。,,레인코트,https://ja.dict.naver.com/#/search?query=%E3%83%AC%E3%82%A4%E3%83%B3%E3%82%B3%E3%83%BC%E3%83%88
w_d18953f3f8dc760f,N2,振り向く,ふりむく,뒤돌아보다,naver-level-missing,naver_level_missing,,,,match,N2,振(り)向く,,,naver,surface,ぐるりと振り向く,,,https://ja.dict.naver.com/#/search?query=%E6%8C%AF%E3%82%8A%E5%90%91%E3%81%8F
w_1471aa8114e77f9f,N2,溜息,ためいき,한숨,naver-level-missing,naver_level_missing,,,,match,N2,ため息·溜(め)息,,,naver,surface,ロ：どうかした？何で溜息を吐いているの？,,,https://ja.dict.naver.com/#/search?query=%E6%BA%9C%E6%81%AF
w_c61d08b46212d3f6,N2,入れ物,いれもの,"그릇, 용기",naver-level-missing,naver_level_missing,,,,match,N2,入れ物·容れ物,,,naver,surface,この入れ物は傷付きやすい,,,https://ja.dict.naver.com/#/search?query=%E5%85%A5%E3%82%8C%E7%89%A9
w_f6a2e20f749791eb,N2,広々,ひろびろ,널찍함,naver-level-missing,naver_level_missing,,,,search_no_jlpt,,広々,,,naver,surface,広々とした間取りの客室に泊まる,,,https://ja.dict.naver.com/#/search?query=%E5%BA%83%E3%80%85
w_b59c4e111c8e5426,N2,田植え,たうえ,모내기,naver-level-missing,naver_level_missing,,,,match,N2,田植(え),,,naver,surface,田をすき返して田植えの準備をする.,,,https://ja.dict.naver.com/#/search?query=%E7%94%B0%E6%A4%8D%E3%81%88
w_08d04d7ffcce53c1,N2,悔やむ,くやむ,"분하게여기다,후회하다",naver-level-missing,naver_level_missing,,,,match,N2,悔(や)む,,,naver,surface,失言を悔やむ,,,https://ja.dict.naver.com/#/search?query=%E6%82%94%E3%82%84%E3%82%80
w_1e2a728f9fcabb4d,N2,溶け込む,とけこむ,"녹다 안으로, 되다 부분 의",naver-level-missing,naver_level_missing,,,,match,N2,溶(け)込む·解(け)込む·融け込む,,,naver,surface,トウガラシの粉が溶け込むと、水が赤い色に変わった。,,,https://ja.dict.naver.com/#/search?query=%E6%BA%B6%E3%81%91%E8%BE%BC%E3%82%80
w_e69af88fb6e6c9dc,N2,引き返す,ひきかえす,되돌아가다,naver-level-missing,naver_level_missing,,,,match,N2,引(き)返す,,,naver,surface,途中で引き返す,,,https://ja.dict.naver.com/#/search?query=%E5%BC%95%E3%81%8D%E8%BF%94%E3%81%99
w_a029f97e41adcce1,N2,時間割,じかんわり,"시간표, 일정",naver-level-missing;level-mismatch-confirmed,naver_level_missing,,,,mismatch,N3,時間割り,,,naver,surface,青少年キャンプに入ったジスは、日々の時間割に従って動いた。,,,https://ja.dict.naver.com/#/search?query=%E6%99%82%E9%96%93%E5%89%B2
w_b846d60ec7ea8a3a,N2,若々しい,わかわかしい,"아주젊다,생기발랄하다",naver-level-missing;naver-search-unmatched,naver_level_missing,,,,search_unmatched,,,,,naver,surface,肌が艶艶として若々しい,,,https://ja.dict.naver.com/#/search?query=%E8%8B%A5%E3%80%85%E3%81%97%E3%81%84
w_6ba0372f290b6408,N2,立ち止まる,たちどまる,멈춰 서다,naver-level-missing;level-mismatch-confirmed,naver_level_missing,,,,mismatch,N3,立ち止(ま)る,,,naver,surface,店先に立ち止まる,,,https://ja.dict.naver.com/#/search?query=%E7%AB%8B%E3%81%A1%E6%AD%A2%E3%81%BE%E3%82%8B
w_8e980f9ef22d1661,N2,悠々,ゆうゆう,"유유히, 여유롭게",naver-level-missing,naver_level_missing,,,,search_no_jlpt,,悠々,,,naver,surface,鷹が悠々と空を舞っている,,,https://ja.dict.naver.com/#/search?query=%E6%82%A0%E3%80%85
w_d9e121c9f74a30b8,N2,日当たり,ひあたり,"햇볕이 잘 듦, 양지",naver-level-missing;level-mismatch-confirmed,naver_level_missing,,,,mismatch,N3,日当(た)り·陽当たり,,,naver,surface,日当たりのよい丘に安らかに葬られる.,,,https://ja.dict.naver.com/#/search?query=%E6%97%A5%E5%BD%93%E3%81%9F%E3%82%8A
w_269ddebb94cfa099,N2,図々しい,ずうずうしい,뻔뻔한,naver-level-missing,naver_level_missing,,,,search_no_jlpt,,図々しい,,,naver,surface,スンギュはチスの図々しい嘘に唖然とした。,,,https://ja.dict.naver.com/#/search?query=%E5%9B%B3%E3%80%85%E3%81%97%E3%81%84
w_cc99714ece4e3402,N2,実る,みのる,"열매를 맺다, 결실하다",example-headword-missing,match,N2,実る·稔る,みのる,,,,,,naver,missing,年来の悲願が実のる,,열매를 맺다;여물다;결실하다,https://ja.dict.naver.com/#/search?query=%E5%AE%9F%E3%82%8B
w_8066bc7c46e1fbb1,N2,打ち消す,うちけす,"부정하다, 지우다",naver-level-missing,naver_level_missing,,,,match,N2,打(ち)消す,,,naver,surface,騒音が話し声を打ち消す,,,https://ja.dict.naver.com/#/search?query=%E6%89%93%E3%81%A1%E6%B6%88%E3%81%99
w_19ab8c60598cee59,N2,割り込む,わりこむ,끼어들다,naver-level-missing;level-mismatch-confirmed,naver_level_missing,,,,mismatch,N1,割(り)込む,,,naver,surface,人の話に割り込む,,,https://ja.dict.naver.com/#/search?query=%E5%89%B2%E3%82%8A%E8%BE%BC%E3%82%80
w_fcba82e2406eee81,N2,惑わす,まどわす,"현혹시키다,유혹하다",naver-level-missing,naver_level_missing,,,,search_no_jlpt,,惑わす,,,naver,surface,策略[詭計]を使って敵を惑わす.,,,https://ja.dict.naver.com/#/search?query=%E6%83%91%E3%82%8F%E3%81%99
w_09d31b5d3e96cc64,N2,落し物,おとしもの,분실물,naver-level-missing;level-mismatch-confirmed,naver_level_missing,,,,mismatch,N4,落(と)し物,,,naver,surface,落し物を取り戻す,,,https://ja.dict.naver.com/#/search?query=%E8%90%BD%E3%81%97%E7%89%A9
w_c482266ac0be4b91,N2,掛け算,かけざん,곱셈,naver-level-missing;level-mismatch-confirmed,naver_level_missing,,,,mismatch,N3,掛(け)算,,,naver,surface,掛け算をする,,,https://ja.dict.naver.com/#/search?query=%E6%8E%9B%E3%81%91%E7%AE%97
w_70d444f0b75ce53c,N2,受け持つ,うけもつ,"맡다, 담당하다",naver-level-missing;level-mismatch-confirmed,naver_level_missing,,,,mismatch,N1,受(け)持つ,,,naver,surface,チームで重要なパートを受け持つ,,,https://ja.dict.naver.com/#/search?query=%E5%8F%97%E3%81%91%E6%8C%81%E3%81%A4
w_cdddc6fbf00c4cf5,N2,振り込む,ふりこむ,"납입하다,불입하다",naver-level-missing;level-mismatch-confirmed,naver_level_missing,,,,mismatch,N3,振(り)込む,,,naver,surface,口座に振り込む,,,https://ja.dict.naver.com/#/search?query=%E6%8C%AF%E3%82%8A%E8%BE%BC%E3%82%80
w_be45bc6bb7ee0f57,N2,問い合わせる,といあわせる,문의하다,naver-level-missing;level-mismatch-confirmed,naver_level_missing,,,,mismatch,N1,問い合(わ)せる·問合せる,,,naver,surface,在庫の有無を問い合わせる,,,https://ja.dict.naver.com/#/search?query=%E5%95%8F%E3%81%84%E5%90%88%E3%82%8F%E3%81%9B%E3%82%8B
w_e4f54ea798784465,N2,坊っちゃん,ぼっちゃん,"도련님, 아드님",naver-level-missing,naver_level_missing,,,,search_no_jlpt,,坊っちゃん,,,naver,surface,坊っちゃんは各章の韻律をいかして時調を書いた。,,,https://ja.dict.naver.com/#/search?query=%E5%9D%8A%E3%81%A3%E3%81%A1%E3%82%83%E3%82%93
w_97a3b823f67674e9,N2,差し上げる,さしあげる,"드리다,바치다; 드리다(경어)",naver-level-missing;level-mismatch-confirmed,naver_level_missing,,,,mismatch,N4,差(し)上げる,,,naver,surface,お礼の手紙を差し上げる,,,https://ja.dict.naver.com/#/search?query=%E5%B7%AE%E3%81%97%E4%B8%8A%E3%81%92%E3%82%8B
w_f1fcc99d67415f95,N2,羨む,うらやむ,부러워하다,example-headword-missing,match,N2,羨む,うらやむ,,,,,,self,missing,他人の成功を羨んでも仕方がない。,,부러워하다;샘하다;선망하다,https://ja.dict.naver.com/#/search?query=%E7%BE%A8%E3%82%80
w_e00dbe6126a8bcff,N2,物差し,ものさし,"자, 기준",naver-level-missing,naver_level_missing,,,,match,N2,物指(し)·物差(し),,,naver,surface,考え方の物差しがちがう,,,https://ja.dict.naver.com/#/search?query=%E7%89%A9%E5%B7%AE%E3%81%97
w_dc6a45628d836fe4,N2,積み重ねる,つみかさねる,"겹겹이쌓다,쌓아올리다",naver-level-missing,naver_level_missing,,,,search_no_jlpt,,積(み)重ねる,,,naver,surface,煉瓦を積み重ねる,,,https://ja.dict.naver.com/#/search?query=%E7%A9%8D%E3%81%BF%E9%87%8D%E3%81%AD%E3%82%8B
w_43a17bcc35ccbf97,N2,貸し出す,かしだす,대출하다,naver-level-missing,naver_level_missing,,,,match,N2,貸(し)出す,,,naver,surface,銀行から金を貸し出す.,,,https://ja.dict.naver.com/#/search?query=%E8%B2%B8%E3%81%97%E5%87%BA%E3%81%99
w_a66198a344df39a0,N2,引き算,ひきざん,뺄셈,naver-level-missing;level-mismatch-confirmed,naver_level_missing,,,,mismatch,N3,引(き)算,,,self,surface,引き算の答えをノートに書いた。,,,https://ja.dict.naver.com/#/search?query=%E5%BC%95%E3%81%8D%E7%AE%97
w_ef34615da3e743ca,N2,楽天的,らくてんてき,낙천적,naver-level-missing,naver_level_missing,,,,search_no_jlpt,,楽天的,,,naver,surface,私は、楽天的なほうです。,,,https://ja.dict.naver.com/#/search?query=%E6%A5%BD%E5%A4%A9%E7%9A%84
w_75780c2794106632,N2,騒々しい,そうぞうしい,"시끄럽다,떠들썩하다",naver-level-missing;naver-search-unmatched,naver_level_missing,,,,search_unmatched,,,,,naver,surface,謀は密なるを貴ぶ。(騒々しい鳥撃ちは鳥を逃がしてしまう),,,https://ja.dict.naver.com/#/search?query=%E9%A8%92%E3%80%85%E3%81%97%E3%81%84
w_3fdb71882ab12ba8,N2,釣り合う,つりあう,"균형이 맞다, 어울리다",naver-level-missing,naver_level_missing,,,,match,N2,釣(り)合う,,,naver,surface,左右が釣り合う,,,https://ja.dict.naver.com/#/search?query=%E9%87%A3%E3%82%8A%E5%90%88%E3%81%86
w_98ff2ee683f77e8d,N2,差し引き,さしひき,"차감, 공제; 잔액",naver-level-missing;level-mismatch-confirmed,naver_level_missing,,,,mismatch,N1,差(し)引き·差引,,,naver,surface,収入から支出を差し引きする,,,https://ja.dict.naver.com/#/search?query=%E5%B7%AE%E3%81%97%E5%BC%95%E3%81%8D
w_94e5e900e99061d0,N2,生け花,いけばな,꽃꽂이,naver-level-missing,naver_level_missing,,,,match,N2,生(け)花·活け花,,,naver,surface,生け花も一通りは心得ている,,,https://ja.dict.naver.com/#/search?query=%E7%94%9F%E3%81%91%E8%8A%B1
w_ae56013338fc1207,N2,重苦しい,おもくるしい,"답답하다,숨막히다",naver-level-missing,naver_level_missing,,,,search_no_jlpt,,重苦しい,,,naver,surface,"その瞬間,重苦しい静寂が流れた.",,,https://ja.dict.naver.com/#/search?query=%E9%87%8D%E8%8B%A6%E3%81%97%E3%81%84
w_6a5dccbb62da65b7,N2,引っ込む,ひっこむ,"물러나다, 들어가다",naver-level-missing,naver_level_missing,,,,match,N2,引(っ)込む,,,naver,surface,会長をやめて引っ込む,,,https://ja.dict.naver.com/#/search?query=%E5%BC%95%E3%81%A3%E8%BE%BC%E3%82%80
w_a1262f0a18c41630,N2,追い越す,おいこす,"지나다, 합격하다(차), 앞지르다",naver-level-missing;level-mismatch-confirmed,naver_level_missing,,,,mismatch,N3,追(い)越す,,,naver,surface,先進国に追いつき追い越す,,,https://ja.dict.naver.com/#/search?query=%E8%BF%BD%E3%81%84%E8%B6%8A%E3%81%99
w_740c00b0639ea524,N2,しゃっくり,しゃっくり,딸꾹질,example-headword-missing,match,N2,吃逆·噦り,しゃっくり,,,,,,naver,missing,吃逆が止まらない,,딸꾹질,https://ja.dict.naver.com/#/search?query=%E3%81%97%E3%82%83%E3%81%A3%E3%81%8F%E3%82%8A
w_1e3238f741e99a6a,N2,狭める,せばめる,좁히다,naver-level-missing,naver_level_missing,,,,search_no_jlpt,,狭める,,,naver,surface,お互いの立場の違いを狭める,,,https://ja.dict.naver.com/#/search?query=%E7%8B%AD%E3%82%81%E3%82%8B
w_2647ebc555c9e05a,N2,手拭い,てぬぐい,수건(손),naver-level-missing,naver_level_missing,,,,match,N2,手ぬぐい·手拭(い),,,naver,surface,手拭いを捩った,,,https://ja.dict.naver.com/#/search?query=%E6%89%8B%E6%8B%AD%E3%81%84
w_295d47ac323c9139,N2,ご苦労さま,ごくろうさま,수고하셨습니다,naver-level-missing;naver-search-unmatched,naver_level_missing,,,,search_unmatched,,,,,naver,surface,ロ：全て日本語に変えたんですね。ご苦労さまでした。,,,https://ja.dict.naver.com/#/search?query=%E3%81%94%E8%8B%A6%E5%8A%B4%E3%81%95%E3%81%BE
w_6be80965290001db,N2,大ざっぱ,おおざっぱ,"대략적인, 엉성한",naver-level-missing;level-mismatch-confirmed,naver_level_missing,,,,mismatch,N1,大雑把,,,naver,surface,大ざっぱな見積り,,,https://ja.dict.naver.com/#/search?query=%E5%A4%A7%E3%81%96%E3%81%A3%E3%81%B1
w_e15c90e6e968062b,N2,大ざっぱだ,おおざっぱだ,대충이다,naver-level-missing;naver-search-unmatched,naver_level_missing,,,,search_unmatched,,,derived-form,base=大ざっぱ suffix=だ,naver,stem,大ざっぱに見積もって百万ウォンぐらいある.,,,https://ja.dict.naver.com/#/search?query=%E5%A4%A7%E3%81%96%E3%81%A3%E3%81%B1%E3%81%A0
w_5ca2ac72fa6c8d99,N2,瓶詰,びんづめ,"병조림, 병에 담음",naver-level-missing;level-mismatch-confirmed,naver_level_missing,,,,mismatch,N3,瓶詰(め)·壜詰(め),,,naver,surface,缶詰は、瓶詰の品質を改善する過程で発明された。,,,https://ja.dict.naver.com/#/search?query=%E7%93%B6%E8%A9%B0
w_590d55e05e5f7b6c,N2,躓く,つまずく,발이 걸려 넘어지다,example-headword-missing,match,N2,躓く,つまずく,,,,,,naver,missing,つまずいて転がる,,발이 걸려 넘어지다;발이 무엇에 채이다;좌절하다;실패하다,https://ja.dict.naver.com/#/search?query=%E8%BA%93%E3%81%8F
w_e1858aa5a7439d43,N2,順々,じゅんじゅん,"차례차례, 순서대로",naver-level-missing;naver-search-unmatched,naver_level_missing,,,,search_unmatched,,,,,naver,surface,仕事を順々に片づける,,,https://ja.dict.naver.com/#/search?query=%E9%A0%86%E3%80%85
w_f49cc52552a99478,N2,仮名遣い,かなづかい,가나 표기법,naver-level-missing,naver_level_missing,,,,match,N2,仮名遣(い)·仮字遣(い),,,naver,surface,現代仮名遣い,,,https://ja.dict.naver.com/#/search?query=%E4%BB%AE%E5%90%8D%E9%81%A3%E3%81%84
w_239002bff34f6f02,N2,突き当たる,つきあたる,"맞부딪히다, 부딪치다",naver-level-missing,naver_level_missing,,,,match,N2,突き当(た)る,,,naver,surface,態と人に突き当たる,,,https://ja.dict.naver.com/#/search?query=%E7%AA%81%E3%81%8D%E5%BD%93%E3%81%9F%E3%82%8B
w_36777d1c0b4ca241,N2,突き当たり,つきあたり,끝(의 거리),naver-level-missing,naver_level_missing,,,,match,N2,突き当(た)り·突当り,,,naver,surface,路地の突き当たりにある家,,,https://ja.dict.naver.com/#/search?query=%E7%AA%81%E3%81%8D%E5%BD%93%E3%81%9F%E3%82%8A
w_308680a8ffac242b,N2,ぴたり,ぴたり,"딱, 꼭 맞게",naver-level-missing,naver_level_missing,,,,search_no_jlpt,,ぴたり,,,naver,surface,残り94ydで50度のウェッジを振り抜くと、ピン右1mにぴたりになる。,,,https://ja.dict.naver.com/#/search?query=%E3%81%B4%E3%81%9F%E3%82%8A
w_2385034ec0aae4d5,N2,締め切る,しめきる,"마감하다, 마감 짓다",naver-level-missing,naver_level_missing,,,,match,N2,締(め)切る·閉(め)切る,,,naver,surface,先着２０名で締め切る,,,https://ja.dict.naver.com/#/search?query=%E7%B7%A0%E3%82%81%E5%88%87%E3%82%8B
w_b1c2aa5444f0f1c7,N2,くるむ,くるむ,"싸다, 감싸다",example-headword-missing,match,N2,包む,くるむ,,,,,,naver,missing,体をバスタオルで包む,,휩싸다;둘러싸다;→くるめる,https://ja.dict.naver.com/#/search?query=%E3%81%8F%E3%82%8B%E3%82%80
w_76a0eb1e41436ab7,N2,平らげる,たいらげる,"다 먹어 치우다, 평정하다",naver-level-missing,naver_level_missing,,,,search_no_jlpt,,平らげる,,,self,stem,彼は寿司を三人前平らげた。,,,https://ja.dict.naver.com/#/search?query=%E5%B9%B3%E3%82%89%E3%81%92%E3%82%8B
w_5135dd81e7fcc848,N2,払い戻す,はらいもどす,환불하다,naver-level-missing;level-mismatch-confirmed,naver_level_missing,,,,mismatch,N3,払(い)戻す,,,naver,surface,税金を払い戻す,,,https://ja.dict.naver.com/#/search?query=%E6%89%95%E3%81%84%E6%88%BB%E3%81%99
w_40a6caa2efc2a517,N2,乗り越し,のりこし,지나쳐 탐,naver-level-missing;level-mismatch-confirmed,naver_level_missing,,,,mismatch,N3,乗(り)越し,,,naver,surface,会話に夢中になって乗り越しする,,,https://ja.dict.naver.com/#/search?query=%E4%B9%97%E3%82%8A%E8%B6%8A%E3%81%97
w_7dbaaf931093de54,N2,銘々,めいめい,"각자, 각각",naver-level-missing;naver-search-unmatched,naver_level_missing,,,,search_unmatched,,,,,self,surface,参加者は銘々好きな席に座った。,,,https://ja.dict.naver.com/#/search?query=%E9%8A%98%E3%80%85
w_53cc9946cf9a22e6,N2,ごめんください,ごめんください,"실례합니다, 계십니까",naver-level-missing,naver_level_missing,,,,search_no_jlpt,,御免下さい,,,naver,surface,ごめんください((訪問の時)),,,https://ja.dict.naver.com/#/search?query=%E3%81%94%E3%82%81%E3%82%93%E3%81%8F%E3%81%A0%E3%81%95%E3%81%84
w_560fcad7938d0b0c,N2,つねる,つねる,꼬집다,example-headword-missing,match,N2,抓る,つねる,,,,,,naver,missing,ももを抓る,,꼬집다,https://ja.dict.naver.com/#/search?query=%E3%81%A4%E3%81%AD%E3%82%8B
w_4c88110f6a425af8,N2,あぶる,あぶる,"태우다, 그슬리다, 굽다, 볶다",example-headword-missing,match,N2,炙る·焙る·燔る,あぶる,,,,,,naver,missing,アジの干物を軽く炙る,,쬐어 굽다;말리다;덥게 하다,https://ja.dict.naver.com/#/search?query=%E3%81%82%E3%81%B6%E3%82%8B
w_9375044e7571e8e4,N2,呼び止める,よびとめる,불러세우다,naver-level-missing;level-mismatch-confirmed,naver_level_missing,,,,mismatch,N1,呼(び)止める,,,naver,surface,通行人を呼び止める,,,https://ja.dict.naver.com/#/search?query=%E5%91%BC%E3%81%B3%E6%AD%A2%E3%82%81%E3%82%8B
w_8fceccfb0b0413c3,N1,何なり,なんなり,무엇이든,naver-level-missing;naver-search-unmatched,naver_level_missing,,,,search_unmatched,,,,,naver,reading,ロ：もちろんです。なんなりと仰せつけください。,,,https://ja.dict.naver.com/#/search?query=%E4%BD%95%E3%81%AA%E3%82%8A
w_cc78ebd8b2b6037f,N1,大らかな,おおらかな,대범한,naver-level-missing;naver-search-unmatched,naver_level_missing,,,,search_unmatched,,,derived-form,base=大らか suffix=な,naver,reading,どうか私の過ちをおおらかなに理解してください。,,,https://ja.dict.naver.com/#/search?query=%E5%A4%A7%E3%82%89%E3%81%8B%E3%81%AA
w_62ca309fa490e070,N1,おいて,おいて,"~에 있어서, ~에서",example-headword-missing,match,N1,於いて,おいて,,,,,,naver,missing,人物に於いて彼に劣る,,…에서;…에 있어서;…에 관하여;…으로,https://ja.dict.naver.com/#/search?query=%E3%81%8A%E3%81%84%E3%81%A6
w_1739219b9edbbe14,N1,まとめ,まとめ,"정리, 종합",example-headword-missing,match,N1,纏め·纒め,まとめ,,,,,,naver,missing,学習の纏めをする,,"중점만을 모아서 정리함;또, 그렇게 한 것;분쟁을 조정함;수습",https://ja.dict.naver.com/#/search?query=%E3%81%BE%E3%81%A8%E3%82%81
w_4e62d76c327ed8cd,N1,ファン,ファン,"팬, 선풍기",level-ambiguous,manual_review,N1,,ファン,match,N1,ファン,,,naver,surface,ファンの声援に力を得る.,,팬;부채;선풍기,https://ja.dict.naver.com/#/search?query=%E3%83%95%E3%82%A1%E3%83%B3
w_fa9a779280995563,N1,支援,しえん,지원,naver-level-missing,naver_level_missing,,,,search_no_jlpt,,支援,,,naver,surface,難病と戦う人達を支援する,,,https://ja.dict.naver.com/#/search?query=%E6%94%AF%E6%8F%B4
w_e19bb44678c7262b,N1,非常に,ひじょうに,"매우, 몹시",level-mismatch,mismatch,N4,非常に,%E3%81%B2%E3%81%98%E3%82%87%E3%81%86%E3%81%AB,search_no_jlpt,,非常に,,,naver,surface,非常に大事な話をする,,"매우, 상당히",https://ja.dict.naver.com/#/search?query=%E9%9D%9E%E5%B8%B8%E3%81%AB
w_ea9d5a7abc96492d,N1,非,ひ,"비, 잘못, 부정",level-mismatch,mismatch,N3,非,%E3%81%B2,manual_review,N2,非,,,naver,surface,当方の非は否定すべくもない,,비;좋지 않음;나쁨;비…;부정을 나타냄,https://ja.dict.naver.com/#/search?query=%E9%9D%9E
w_990e018f811afeb0,N1,寄り掛かる,よりかかる,"기대다, 의지하다",naver-level-missing,naver_level_missing,,,,match,N1,寄(り)掛かる·倚り掛る·凭り掛かる,,,naver,surface,土壁に寄り掛かる。,,,https://ja.dict.naver.com/#/search?query=%E5%AF%84%E3%82%8A%E6%8E%9B%E3%81%8B%E3%82%8B
w_00b6d9661826f4ca,N1,仕方なく,しかたなく,어쩔 수 없이,naver-level-missing,naver_level_missing,,,,search_no_jlpt,,仕方なく·仕方無く,,,naver,surface,仕方なく諦める,,,https://ja.dict.naver.com/#/search?query=%E4%BB%95%E6%96%B9%E3%81%AA%E3%81%8F
w_c766896a204faa81,N1,体付き,からだつき,"몸매, 체격",naver-level-missing,naver_level_missing,,,,search_no_jlpt,,体付き,,,naver,surface,体付きががりがりだ.,,,https://ja.dict.naver.com/#/search?query=%E4%BD%93%E4%BB%98%E3%81%8D
w_894a68158d207560,N1,嫌々,いやいや,"마지못해, 싫어하며",naver-level-missing,naver_level_missing,,,,search_no_jlpt,,嫌々,,,naver,surface,私はまずくて嫌々ながら食べるふりをした。,,,https://ja.dict.naver.com/#/search?query=%E5%AB%8C%E3%80%85
w_ce14fb103a34164a,N1,行い,おこない,"행실, 행동",naver-level-missing,naver_level_missing,,,,match,N1,行(な)い,,,naver,surface,ＪＲは，線区ごとにマーケット・リサーチを行い，デザインにも反映させている,,,https://ja.dict.naver.com/#/search?query=%E8%A1%8C%E3%81%84
w_9d6dc8ee8bdac291,N1,細胞,さいぼう,세포,naver-level-missing,naver_level_missing,,,,search_no_jlpt,,細胞,,,naver,surface,癌細胞が外の部分に転移する.,,,https://ja.dict.naver.com/#/search?query=%E7%B4%B0%E8%83%9E
w_11f44b191e516e20,N1,リスク,リスク,"리스크, 위험",naver-level-missing,naver_level_missing,,,,search_no_jlpt,,リスク,,,naver,surface,‘長生きリスクへの対応'というテーマで講演する,,,https://ja.dict.naver.com/#/search?query=%E3%83%AA%E3%82%B9%E3%82%AF
w_8ac4bdc55f734e09,N1,受け入れ,うけいれ,"수령, 수신, 수락, 수용",naver-level-missing,naver_level_missing,,,,match,N1,受(け)入れ,,,naver,surface,受け入れの素地を作る,,,https://ja.dict.naver.com/#/search?query=%E5%8F%97%E3%81%91%E5%85%A5%E3%82%8C
w_628691a446bfd8e5,N1,邪魔する,じゃまする,"방해하다, 훼방 놓다",naver-level-missing,naver_level_missing,,,,search_no_jlpt,,邪魔する,derived-form,base=邪魔 suffix=する,self,surface,勉強中の弟を邪魔するのはやめなさい。,,,https://ja.dict.naver.com/#/search?query=%E9%82%AA%E9%AD%94%E3%81%99%E3%82%8B
w_38b95f3d0288dfda,N1,当たり,あたり,"촉감;감촉, 사귀는 품;붙임성, 짚어 봄",naver-level-missing,naver_level_missing,,,,match,N1,当(た)り,,,naver,surface,当たりをつける,,,https://ja.dict.naver.com/#/search?query=%E5%BD%93%E3%81%9F%E3%82%8A
w_cadb4275463fc36e,N1,加工する,かこうする,가공하다,naver-level-missing;naver-search-unmatched,naver_level_missing,,,,search_unmatched,,,derived-form,base=加工 suffix=する,naver,surface,宝石を精巧に加工する.,,,https://ja.dict.naver.com/#/search?query=%E5%8A%A0%E5%B7%A5%E3%81%99%E3%82%8B
w_058dd20d817eb3da,N1,効率,こうりつ,효율,naver-level-missing,naver_level_missing,,,,search_no_jlpt,,効率,,,naver,surface,スマホノートで仕事を効率化する,,,https://ja.dict.naver.com/#/search?query=%E5%8A%B9%E7%8E%87
w_70798e83d847617c,N1,起動,きどう,"기동,시동",naver-level-missing,naver_level_missing,,,,search_no_jlpt,,起動,,,naver,surface,異物の噛み込みによりポンプの起動ができなくなる,,,https://ja.dict.naver.com/#/search?query=%E8%B5%B7%E5%8B%95
w_ab86e857aea44aa8,N1,受賞,じゅしょう,수상,naver-level-missing,naver_level_missing,,,,search_no_jlpt,,受賞,,,naver,surface,通算３度目のMVP受賞を果たした,,,https://ja.dict.naver.com/#/search?query=%E5%8F%97%E8%B3%9E
w_b025d61bd92053cb,N1,仕組み,しくみ,"구조,원리",naver-level-missing,naver_level_missing,,,,match,N1,仕組(み),,,naver,surface,"仕組みが簡単で,値段がやすく故障も少ない.",,,https://ja.dict.naver.com/#/search?query=%E4%BB%95%E7%B5%84%E3%81%BF
w_3f1c2701ee4d167c,N1,披露する,ひろうする,"피로하다, 공개하다",naver-level-missing;naver-search-unmatched,naver_level_missing,,,,search_unmatched,,,derived-form,base=披露 suffix=する,naver,surface,結婚を披露する.,,,https://ja.dict.naver.com/#/search?query=%E6%8A%AB%E9%9C%B2%E3%81%99%E3%82%8B
w_91817427730be04c,N1,閉鎖する,へいさする,폐쇄하다,naver-level-missing;naver-search-unmatched,naver_level_missing,,,,search_unmatched,,,derived-form,base=閉鎖 suffix=する,naver,surface,門を閉鎖する.,,,https://ja.dict.naver.com/#/search?query=%E9%96%89%E9%8E%96%E3%81%99%E3%82%8B
w_fe869f63d9660ff6,N1,届,とどけ,신고(서),naver-level-missing,naver_level_missing,,,,match,N1,届(け),,,naver,surface,転出[転入]届を出し忘れる,,,https://ja.dict.naver.com/#/search?query=%E5%B1%8A
w_9ac4f42499748226,N1,該当する,がいとうする,해당하다,naver-level-missing;naver-search-unmatched,naver_level_missing,,,,search_unmatched,,,derived-form,base=該当 suffix=する,naver,surface,10万ウォン相当に該当する。,,,https://ja.dict.naver.com/#/search?query=%E8%A9%B2%E5%BD%93%E3%81%99%E3%82%8B
w_e46e25b8f8c8a88c,N1,にも関わらず,にもかかわらず,~에도 불구하고,naver-level-missing;naver-search-unmatched,naver_level_missing,,,,search_unmatched,,,,,naver,surface,兄の反省にも関わらず、父の御怒りは簡単に収まらなかった。,,,https://ja.dict.naver.com/#/search?query=%E3%81%AB%E3%82%82%E9%96%A2%E3%82%8F%E3%82%89%E3%81%9A
w_5f62730ecca73845,N1,流出,りゅうしゅつ,유출,naver-level-missing,naver_level_missing,,,,search_no_jlpt,,流出,,,naver,surface,タンカーが座礁して原油が流出している,,,https://ja.dict.naver.com/#/search?query=%E6%B5%81%E5%87%BA
w_b87f291dcfcaefd7,N1,仕掛け,しかけ,"장치, 장치된 것",naver-level-missing,naver_level_missing,,,,match,N1,仕掛(け)·仕懸(け),,,naver,surface,この器具は簡単な仕掛けだ,,,https://ja.dict.naver.com/#/search?query=%E4%BB%95%E6%8E%9B%E3%81%91
w_ce70656918f80907,N1,いい加減に,いいかげんに,대충,naver-level-missing;naver-search-unmatched,naver_level_missing,,,,search_unmatched,,,derived-form,base=いい加減 suffix=に,naver,reading,いいかげんに切り上げろ.,,,https://ja.dict.naver.com/#/search?query=%E3%81%84%E3%81%84%E5%8A%A0%E6%B8%9B%E3%81%AB
w_be8f9e3b572d5ccc,N1,フォローする,フォローする,"보조하다, 지원하다",naver-level-missing;spelling-kana-not-in-jmdict;naver-search-unmatched,naver_level_missing,,,,search_unmatched,,,kana-not-in-jmdict,kana form absent from JMdict readings,naver,surface,新入社員の業務をフォローする,,,https://ja.dict.naver.com/#/search?query=%E3%83%95%E3%82%A9%E3%83%AD%E3%83%BC%E3%81%99%E3%82%8B
w_fa131223d290a13b,N1,切り替え,きりかえ,"전환, 교체",naver-level-missing,naver_level_missing,,,,match,N1,切(り)替え·切(り)換え,,,naver,surface,切り替えのところで漏れちゃって、戻りが遅れて抜けられた。,,,https://ja.dict.naver.com/#/search?query=%E5%88%87%E3%82%8A%E6%9B%BF%E3%81%88
w_3179fd8048e18999,N1,発覚,はっかく,발각,naver-level-missing,naver_level_missing,,,,search_no_jlpt,,発覚,,,naver,surface,逆謀が発覚される.,,,https://ja.dict.naver.com/#/search?query=%E7%99%BA%E8%A6%9A
w_d079920a759bfe4b,N1,表明,ひょうめい,표명,naver-level-missing,naver_level_missing,,,,search_no_jlpt,,表明,,,naver,surface,我らはここに固い意志を表明するところである.,,,https://ja.dict.naver.com/#/search?query=%E8%A1%A8%E6%98%8E
w_bd50cfaac12b766b,N1,言い訳,いいわけ,"변명, 해명",naver-level-missing,naver_level_missing,,,,match,N1,言(い)訳·言(い)分け,,,naver,surface,そんな言い訳をしたって通らない.,,,https://ja.dict.naver.com/#/search?query=%E8%A8%80%E3%81%84%E8%A8%B3
w_2878b79b65d9ba90,N1,言及,げんきゅう,언급,naver-level-missing,naver_level_missing,,,,search_no_jlpt,,言及,,,naver,surface,言及を避ける.,,,https://ja.dict.naver.com/#/search?query=%E8%A8%80%E5%8F%8A
w_d6fdf33d0925e453,N1,頻繁に,ひんぱんに,빈번하게,naver-level-missing;naver-search-unmatched,naver_level_missing,,,,search_unmatched,,,derived-form,base=頻繁 suffix=に,naver,surface,頻繁に船が出る,,,https://ja.dict.naver.com/#/search?query=%E9%A0%BB%E7%B9%81%E3%81%AB
w_1ca8ab161ef50a7f,N1,摂取,せっしゅ,섭취,naver-level-missing,naver_level_missing,,,,search_no_jlpt,,摂取,,,naver,surface,黒酢は健康に良いといわれていますが、過剰に摂取することは禁物です。,,,https://ja.dict.naver.com/#/search?query=%E6%91%82%E5%8F%96
w_862d6a9a85c61cfc,N1,さっぱりする,さっぱりする,"상쾌해지다, 산뜻해지다",naver-level-missing;spelling-kana-not-in-jmdict;naver-search-unmatched,naver_level_missing,,,,search_unmatched,,,kana-not-in-jmdict,kana form absent from JMdict readings,naver,surface,ピーナッツを皮ごと食べると香ばしく、後味もさっぱりする。,,,https://ja.dict.naver.com/#/search?query=%E3%81%95%E3%81%A3%E3%81%B1%E3%82%8A%E3%81%99%E3%82%8B
w_048074699d6d5d73,N1,無償,むしょう,"무상,무료",naver-level-missing,naver_level_missing,,,,search_no_jlpt,,無償,,,naver,surface,無償で与える,,,https://ja.dict.naver.com/#/search?query=%E7%84%A1%E5%84%9F
w_f59c7a97db34004b,N1,融合,ゆうごう,융합,naver-level-missing,naver_level_missing,,,,search_no_jlpt,,融合,,,naver,surface,老舗の伝統と新しい感性が融合する,,,https://ja.dict.naver.com/#/search?query=%E8%9E%8D%E5%90%88
w_61a461e00a21af9a,N1,センサー,センサー,센서,naver-level-missing,naver_level_missing,,,,search_no_jlpt,,センサー,,,naver,surface,車速センサーが壊れる,,,https://ja.dict.naver.com/#/search?query=%E3%82%BB%E3%83%B3%E3%82%B5%E3%83%BC
w_fb689f67f99328fc,N1,曖昧に,あいまいに,애매하게,naver-level-missing;naver-search-unmatched,naver_level_missing,,,,search_unmatched,,,derived-form,base=曖昧 suffix=に,naver,surface,事実を曖昧に暈して言う,,,https://ja.dict.naver.com/#/search?query=%E6%9B%96%E6%98%A7%E3%81%AB
w_9575469881a845d9,N1,堂々,どうどう,"훌륭한, 웅장한",naver-level-missing;naver-search-unmatched,naver_level_missing,,,,search_unmatched,,,,,naver,surface,々は人々·正々堂々·是々非々などの表記に使われる,,,https://ja.dict.naver.com/#/search?query=%E5%A0%82%E3%80%85
w_edaaa51fc020be6e,N1,仕上げ,しあげ,"마무리, 완성",naver-level-missing,naver_level_missing,,,,match,N1,仕上げ,,,naver,surface,もうすぐ仕上げにかかる,,,https://ja.dict.naver.com/#/search?query=%E4%BB%95%E4%B8%8A%E3%81%92
w_d3853ae5a233cdbf,N1,幾つか,いくつか,"몇 개쯤, 조금",naver-level-missing;naver-search-unmatched,naver_level_missing,,,,search_unmatched,,,,,naver,surface,解明された点は幾つかありますが，その一つはクロモソム・トランスロケーションです,,,https://ja.dict.naver.com/#/search?query=%E5%B9%BE%E3%81%A4%E3%81%8B
w_7910d8061bbd6cd2,N1,鑑定,かんてい,감정(판정),naver-level-missing,naver_level_missing,,,,search_no_jlpt,,鑑定,,,naver,surface,故人の手跡を鑑定する.,,,https://ja.dict.naver.com/#/search?query=%E9%91%91%E5%AE%9A
w_114da5ca2ccf6d0b,N1,巡り,めぐり,순회,naver-level-missing,naver_level_missing,,,,search_no_jlpt,,巡り·回り·廻り·周り,,,naver,surface,巡りに出る。,,,https://ja.dict.naver.com/#/search?query=%E5%B7%A1%E3%82%8A
w_187ac653f45445ca,N1,偽物,にせもの,"가짜, 모조품",example-headword-missing,match,N1,偽物·贋物,にせもの,,,,,,naver,missing,にせ物であれ本物であれ私は要らない.,,가짜;위조품,https://ja.dict.naver.com/#/search?query=%E5%81%BD%E7%89%A9
w_57f97ee9e78b95de,N1,嘘つき,うそつき,거짓말쟁이,naver-level-missing,naver_level_missing,,,,match,N1,嘘つき·嘘吐き,,,naver,surface,ロ:どうしていつも私が嘘つき扱いされるのか分からない。,,,https://ja.dict.naver.com/#/search?query=%E5%98%98%E3%81%A4%E3%81%8D
w_c2204e71da059bfd,N1,干渉する,かんしょうする,간섭하다,naver-level-missing;naver-search-unmatched,naver_level_missing,,,,search_unmatched,,,derived-form,base=干渉 suffix=する,naver,surface,財力によって政治に干渉する.,,,https://ja.dict.naver.com/#/search?query=%E5%B9%B2%E6%B8%89%E3%81%99%E3%82%8B
w_8f5e3ff7fef5ff0c,N1,忠実に,ちゅうじつに,충실히,naver-level-missing;naver-search-unmatched,naver_level_missing,,,,search_unmatched,,,derived-form,base=忠実 suffix=に,naver,surface,いいつけを忠実に守る,,,https://ja.dict.naver.com/#/search?query=%E5%BF%A0%E5%AE%9F%E3%81%AB
w_cf8ca12b18f7c25c,N1,分裂,ぶんれつ,분열,naver-level-missing,naver_level_missing,,,,search_no_jlpt,,分裂,,,self,surface,意見の対立で組織が分裂した。,,,https://ja.dict.naver.com/#/search?query=%E5%88%86%E8%A3%82
w_ea9f48642acb9689,N1,和解,わかい,화해,naver-level-missing,naver_level_missing,,,,search_no_jlpt,,和解,,,naver,surface,紛争を和解させる.,,,https://ja.dict.naver.com/#/search?query=%E5%92%8C%E8%A7%A3
w_83f116b04611812d,N1,見込み,みこみ,"예상,전망",naver-level-missing,naver_level_missing,,,,match,N1,見込(み),,,naver,surface,３年ぶりにマイナス成長となる見込みだ,,,https://ja.dict.naver.com/#/search?query=%E8%A6%8B%E8%BE%BC%E3%81%BF
w_ae70c9f3987fc920,N1,ハードル,ハードル,"허들, 장애물",naver-level-missing,naver_level_missing,,,,search_no_jlpt,,ハードル,,,naver,surface,ハードルは思ったよりかなり高い障害だ。,,,https://ja.dict.naver.com/#/search?query=%E3%83%8F%E3%83%BC%E3%83%89%E3%83%AB
w_ac73764019110133,N1,一環,いっかん,일환,naver-level-missing,naver_level_missing,,,,search_no_jlpt,,一環,,,naver,surface,村興しの一環として色々なイベントを催す,,,https://ja.dict.naver.com/#/search?query=%E4%B8%80%E7%92%B0
w_2a768ef5dc0abdb7,N1,タンパク質,たんぱくしつ,단백질,naver-level-missing,naver_level_missing,,,,search_no_jlpt,,タンパク質,,,self,surface,豆腐にはタンパク質が多く含まれている。,,,https://ja.dict.naver.com/#/search?query=%E3%82%BF%E3%83%B3%E3%83%91%E3%82%AF%E8%B3%AA
w_9ab22525169e4b3d,N1,何となく,なんとなく,"왠지 모르게, 어쩐지",naver-level-missing;level-mismatch-confirmed,naver_level_missing,,,,mismatch,N2,何と無く,,,naver,surface,何となく気に食わない,,,https://ja.dict.naver.com/#/search?query=%E4%BD%95%E3%81%A8%E3%81%AA%E3%81%8F
w_4068afd4fe6ce634,N1,撤去,てっきょ,철거,naver-level-missing,naver_level_missing,,,,search_no_jlpt,,撤去,,,naver,surface,大量の瓦礫を撤去する,,,https://ja.dict.naver.com/#/search?query=%E6%92%A4%E5%8E%BB
w_c7a2b0e5ff4b6e30,N1,爽やかだ,さわやかだ,"상쾌하다, 산뜻하다",naver-level-missing;naver-search-unmatched,naver_level_missing,,,,search_unmatched,,,derived-form,base=爽やか suffix=だ,naver,reading,木の葉から水分と酸素が発散され、朝の森はしっとりしてさわやかだ。,,,https://ja.dict.naver.com/#/search?query=%E7%88%BD%E3%82%84%E3%81%8B%E3%81%A0
w_7057dbb83c84f383,N1,遠隔,えんかく,원격,naver-level-missing,naver_level_missing,,,,search_no_jlpt,,遠隔,,,naver,surface,オペレーターが顧客の端末を遠隔で操作する,,,https://ja.dict.naver.com/#/search?query=%E9%81%A0%E9%9A%94
w_213731a026f67078,N1,厳正な,げんせいな,엄정한,naver-level-missing;naver-search-unmatched,naver_level_missing,,,,search_unmatched,,,derived-form,base=厳正 suffix=な,naver,surface,厳正な態度を持する,,,https://ja.dict.naver.com/#/search?query=%E5%8E%B3%E6%AD%A3%E3%81%AA
w_39666a9625efe874,N1,密かな,ひそかな,은밀한,naver-level-missing;naver-search-unmatched,naver_level_missing,,,,search_unmatched,,,derived-form,base=密か suffix=な,naver,surface,密かな場所に隠匿される。,,,https://ja.dict.naver.com/#/search?query=%E5%AF%86%E3%81%8B%E3%81%AA
w_92a68475082567cc,N1,起用,きよう,기용,naver-level-missing,naver_level_missing,,,,search_no_jlpt,,起用,,,naver,surface,その選手はオフェンシブハーフとして起用されたけど、これといった活躍を見せなかった,,,https://ja.dict.naver.com/#/search?query=%E8%B5%B7%E7%94%A8
w_53f5a11a43999634,N1,取り扱い,とりあつかい,"취급, 다룸",naver-level-missing,naver_level_missing,,,,match,N1,取(り)扱い·取扱,,,naver,surface,ロ：傷みやすい食べ物の取り扱いに格別の注意が必要です。,,,https://ja.dict.naver.com/#/search?query=%E5%8F%96%E3%82%8A%E6%89%B1%E3%81%84
w_5f17979c49bed7c4,N1,クレーム,クレーム,"클레임, 불만",naver-level-missing,naver_level_missing,,,,search_no_jlpt,,クレーム,,,naver,surface,クレームを付ける.,,,https://ja.dict.naver.com/#/search?query=%E3%82%AF%E3%83%AC%E3%83%BC%E3%83%A0
w_0d06dadc29388677,N1,債務,さいむ,채무,naver-level-missing,naver_level_missing,,,,search_no_jlpt,,債務,,,naver,surface,債権と債務を相殺する.,,,https://ja.dict.naver.com/#/search?query=%E5%82%B5%E5%8B%99
w_826d95074900597b,N1,心当たり,こころあたり,"짐작가는 데, 마음 짚이는 곳",naver-level-missing;level-mismatch-confirmed,naver_level_missing,,,,mismatch,N2,心当(た)り,,,naver,surface,心当たりがある,,,https://ja.dict.naver.com/#/search?query=%E5%BF%83%E5%BD%93%E3%81%9F%E3%82%8A
w_ddfdbf73a036f947,N1,猛反対,もうはんたい,맹렬한반대,naver-level-missing,naver_level_missing,,,,search_no_jlpt,,猛反対,,,naver,surface,猛反対に遭って撤回される,,,https://ja.dict.naver.com/#/search?query=%E7%8C%9B%E5%8F%8D%E5%AF%BE
w_e5d1719d8babc945,N1,駆使,くし,"구사,능숙하게사용함",naver-level-missing,naver_level_missing,,,,search_no_jlpt,,駆使,,,naver,surface,大ヒットした映画ジュラシック・パークは，ハイテクを駆使してつくりあげられた恐竜が圧巻だ,,,https://ja.dict.naver.com/#/search?query=%E9%A7%86%E4%BD%BF
w_7db134f843d661c4,N1,駆使する,くしする,구사하다,naver-level-missing;naver-search-unmatched,naver_level_missing,,,,search_unmatched,,,derived-form,base=駆使 suffix=する,naver,surface,バックハンドのボレーなどテクニックを駆使する,,,https://ja.dict.naver.com/#/search?query=%E9%A7%86%E4%BD%BF%E3%81%99%E3%82%8B
w_92b609a19a2d5bb5,N1,ノウハウ,ノウハウ,노하우,naver-level-missing,naver_level_missing,,,,search_no_jlpt,,ノウハウ,,,naver,surface,姉は自ら会得したテストをうまくと受けれるノウハウを私に教えてくれた。,,,https://ja.dict.naver.com/#/search?query=%E3%83%8E%E3%82%A6%E3%83%8F%E3%82%A6
w_d893936600008bb3,N1,ユニフォーム,ユニフォーム,유니폼,naver-level-missing,naver_level_missing,,,,search_no_jlpt,,ユニフォーム,,,naver,surface,うちのチームの選手は白いユニフォームを、相手チームの選手は青いユニフォームを着て試合をした。,,,https://ja.dict.naver.com/#/search?query=%E3%83%A6%E3%83%8B%E3%83%95%E3%82%A9%E3%83%BC%E3%83%A0
w_364206e8ac9cd095,N1,小売,こうり,소매,naver-level-missing,naver_level_missing,,,,match,N1,小売(り),,,naver,surface,金の小売商が流行っている。,,,https://ja.dict.naver.com/#/search?query=%E5%B0%8F%E5%A3%B2
w_ead7e4690ccf4617,N1,急遽,きゅうきょ,"급거,갑작스럽게",naver-level-missing,naver_level_missing,,,,search_no_jlpt,,急遽,,,naver,surface,急遽取りやめた,,,https://ja.dict.naver.com/#/search?query=%E6%80%A5%E9%81%BD
w_7a93e86c2017c8e2,N1,断念,だんねん,단념,naver-level-missing,naver_level_missing,,,,search_no_jlpt,,断念,,,naver,surface,資金の関係で、計画は断念した,,,https://ja.dict.naver.com/#/search?query=%E6%96%AD%E5%BF%B5
w_daea8f15b2ecf7cd,N1,落ち着き,おちつき,"침착함, 차분함",naver-level-missing,naver_level_missing,,,,match,N1,落(ち)着き·落ち付き,,,naver,surface,相場が落ち着きをとりもどした.,,,https://ja.dict.naver.com/#/search?query=%E8%90%BD%E3%81%A1%E7%9D%80%E3%81%8D
w_1dd1c3e9f6671f9b,N1,遂行,すいこう,"수행,완수",naver-level-missing,naver_level_missing,,,,search_no_jlpt,,遂行,,,naver,surface,身命を賭して遂行する.,,,https://ja.dict.naver.com/#/search?query=%E9%81%82%E8%A1%8C
w_dcc7d16b02ee510f,N1,随時,ずいじ,"수시로,그때그때",naver-level-missing,naver_level_missing,,,,search_no_jlpt,,随時,,,naver,surface,随時アルバイトを募集する,,,https://ja.dict.naver.com/#/search?query=%E9%9A%8F%E6%99%82
w_342aea3d60285ee1,N1,採取,さいしゅ,채취,naver-level-missing,naver_level_missing,,,,search_no_jlpt,,採取,,,naver,surface,真珠を養殖[採取]する.,,,https://ja.dict.naver.com/#/search?query=%E6%8E%A1%E5%8F%96
w_fcc8ca420b4bd989,N1,直面する,ちょくめんする,직면하다,naver-level-missing;naver-search-unmatched,naver_level_missing,,,,search_unmatched,,,derived-form,base=直面 suffix=する,naver,surface,破局に直面する.,,,https://ja.dict.naver.com/#/search?query=%E7%9B%B4%E9%9D%A2%E3%81%99%E3%82%8B
w_37e6f0d1357abdd1,N1,支障,ししょう,지장,naver-level-missing,naver_level_missing,,,,search_no_jlpt,,支障,,,naver,surface,交通の円滑な流れに支障がある,,,https://ja.dict.naver.com/#/search?query=%E6%94%AF%E9%9A%9C
w_d2cf58fa31a4ba2e,N1,選出,せんしゅつ,선출,naver-level-missing,naver_level_missing,,,,search_no_jlpt,,選出,,,naver,surface,党の総務を選出する,,,https://ja.dict.naver.com/#/search?query=%E9%81%B8%E5%87%BA
w_2a5bde6cf8e65b4d,N1,仕業,しわざ,"짓, 소행",naver-level-missing,naver_level_missing,,,,search_no_jlpt,,仕業,,,naver,surface,彼の仕業に相違ない.,,,https://ja.dict.naver.com/#/search?query=%E4%BB%95%E6%A5%AD
w_9bbd819821229982,N1,殺到,さっとう,쇄도(세차게몰려듦),naver-level-missing,naver_level_missing,,,,search_no_jlpt,,殺到,,,naver,surface,米油は、血中コレストロール分を下げる効果があるということから、客が殺到して品薄になったことがありました。,,,https://ja.dict.naver.com/#/search?query=%E6%AE%BA%E5%88%B0
w_c5477b139f36b1c2,N1,誠に,まことに,"참으로, 정말로(매우 공손), 절대적으로, 확실히",naver-level-missing,naver_level_missing,,,,match,N1,誠に·真に·実に,,,naver,surface,誠に申し訳なく思っています,,,https://ja.dict.naver.com/#/search?query=%E8%AA%A0%E3%81%AB
w_8aac9f125a925e22,N1,遮断,しゃだん,차단,naver-level-missing,naver_level_missing,,,,search_no_jlpt,,遮断,,,naver,surface,敵の退路を遮断する.,,,https://ja.dict.naver.com/#/search?query=%E9%81%AE%E6%96%AD
w_6082f998d6e8518e,N1,発散,はっさん,발산,naver-level-missing,naver_level_missing,,,,search_no_jlpt,,発散,,,naver,surface,ストレスを酒で発散する人をよく見る.,,,https://ja.dict.naver.com/#/search?query=%E7%99%BA%E6%95%A3
w_a60b6753a0d75ab2,N1,尽くす,つくす,"애쓰다,있는힘을다하다",naver-level-missing,naver_level_missing,,,,match,N1,尽(く)す,,,naver,surface,暴虐の限りを尽くす.,,,https://ja.dict.naver.com/#/search?query=%E5%B0%BD%E3%81%8F%E3%81%99
w_2f80515abdd9d298,N1,インターフォン,インターフォン,인터폰,naver-level-missing,naver_level_missing,,,,search_no_jlpt,,インターフォン,,,naver,surface,インターフォンを切る。,,,https://ja.dict.naver.com/#/search?query=%E3%82%A4%E3%83%B3%E3%82%BF%E3%83%BC%E3%83%95%E3%82%A9%E3%83%B3
w_3f031ca942fa7e3c,N1,待ち合わせ,まちあわせ,(약속하여) 만남,naver-level-missing;level-mismatch-confirmed,naver_level_missing,,,,mismatch,N3,待ち合(わ)せ,,,naver,surface,待ち合わせの場所に，黒いスポーツ・カーで現れた,,,https://ja.dict.naver.com/#/search?query=%E5%BE%85%E3%81%A1%E5%90%88%E3%82%8F%E3%81%9B
w_b8f042daaae50694,N1,繊細な,せんさいな,섬세한,naver-level-missing,naver_level_missing,,,,search_no_jlpt,,繊細な,derived-form,base=繊細 suffix=な,naver,surface,繊細な演技で観客を感動させた,,,https://ja.dict.naver.com/#/search?query=%E7%B9%8A%E7%B4%B0%E3%81%AA
w_ac480dfae7f71b45,N1,ネック,ネック,"장애물, 걸림돌, 방해물",naver-level-missing,naver_level_missing,,,,search_no_jlpt,,ネック,,,naver,surface,父は私に「勉強するのにネックはないのか」と聞いた。,,,https://ja.dict.naver.com/#/search?query=%E3%83%8D%E3%83%83%E3%82%AF
w_4150da4853e06dc8,N1,派生,はせい,파생,naver-level-missing,naver_level_missing,,,,search_no_jlpt,,派生,,,naver,surface,新たな問題が派生する.,,,https://ja.dict.naver.com/#/search?query=%E6%B4%BE%E7%94%9F
w_5be62d71deeeebf2,N1,造り,つくり,건축물·제품의 만듦새; 구조,naver-level-missing,naver_level_missing,,,,match,N1,造(り),,,naver,surface,造りがしっかりしている家,,,https://ja.dict.naver.com/#/search?query=%E9%80%A0%E3%82%8A
w_8e2653e7ffbebf1e,N1,嫌悪感,けんおかん,혐오감,naver-level-missing,naver_level_missing,,,,search_no_jlpt,,嫌悪感,,,naver,surface,ジスはその暴力に対して嫌悪感を覚えた。,,,https://ja.dict.naver.com/#/search?query=%E5%AB%8C%E6%82%AA%E6%84%9F
w_73b7994c2eb747bd,N1,云々,うんぬん,"운운, 등등",naver-level-missing,naver_level_missing,,,,search_no_jlpt,,云々,,,naver,surface,良心を云々する。,,,https://ja.dict.naver.com/#/search?query=%E4%BA%91%E3%80%85
w_150dcbd2b6dcb160,N1,ロープウェイ,ロープウェイ,로프웨이,naver-level-missing;naver-search-unmatched,naver_level_missing,,,,search_unmatched,,,,,naver,surface,ロ：ロープウェイに乗せて送ります。,,,https://ja.dict.naver.com/#/search?query=%E3%83%AD%E3%83%BC%E3%83%97%E3%82%A6%E3%82%A7%E3%82%A4
w_376c24e325210ddf,N1,人手,ひとで,"일손,노동력",naver-level-missing,naver_level_missing,,,,search_no_jlpt,,人手,,,naver,surface,人手が足りず、業務が滞っている,,,https://ja.dict.naver.com/#/search?query=%E4%BA%BA%E6%89%8B
w_52019f7d0cd6186e,N1,概ね,おおむね,"대체로, 대강",naver-level-missing;example-headword-missing,naver_level_missing,,,,search_no_jlpt,,大旨·概ね,,,naver,missing,事の大旨を知る,,,https://ja.dict.naver.com/#/search?query=%E6%A6%82%E3%81%AD
w_862152d331038cdb,N1,些細な,ささいな,사소한,naver-level-missing;naver-search-unmatched,naver_level_missing,,,,search_unmatched,,,derived-form,base=些細 suffix=な,naver,reading,ささいなことで友と絶交する.,,,https://ja.dict.naver.com/#/search?query=%E4%BA%9B%E7%B4%B0%E3%81%AA
w_6273ce23fa23feb8,N1,倍率,ばいりつ,배율; 경쟁률,naver-level-missing,naver_level_missing,,,,match,N1,倍率,,,naver,surface,倍率を上げる.,,,https://ja.dict.naver.com/#/search?query=%E5%80%8D%E7%8E%87
w_eea6908afcbc875c,N1,却下する,きゃっかする,각하하다,naver-level-missing;naver-search-unmatched,naver_level_missing,,,,search_unmatched,,,derived-form,base=却下 suffix=する,naver,surface,上告を却下する.,,,https://ja.dict.naver.com/#/search?query=%E5%8D%B4%E4%B8%8B%E3%81%99%E3%82%8B
w_3fdb6246f1e9c47f,N1,只,ただ,"공짜, 무료",level-ambiguous,manual_review,N2,只·唯,ただ,manual_review,N1,只,,,naver,surface,只より高いものはない,,보통;예사;다만;단;단;다만,https://ja.dict.naver.com/#/search?query=%E5%8F%AA
w_20076d265929cd9c,N1,顕著な,けんちょな,현저한,naver-level-missing;naver-search-unmatched,naver_level_missing,,,,search_unmatched,,,derived-form,base=顕著 suffix=な,naver,surface,顕著な違い,,,https://ja.dict.naver.com/#/search?query=%E9%A1%95%E8%91%97%E3%81%AA
w_5f7d2faf2ecc4e9c,N1,猛烈に,もうれつに,맹렬히,naver-level-missing;naver-search-unmatched,naver_level_missing,,,,search_unmatched,,,derived-form,base=猛烈 suffix=に,naver,surface,政府を猛烈に非難する.,,,https://ja.dict.naver.com/#/search?query=%E7%8C%9B%E7%83%88%E3%81%AB
w_9025c655eedd7094,N1,陥る,おちいる,나쁜상황에빠지다,naver-level-missing,naver_level_missing,,,,search_no_jlpt,,陥る,,,naver,surface,邪慾に迷って不義に陥る.,,,https://ja.dict.naver.com/#/search?query=%E9%99%A5%E3%82%8B
w_1447cd157d5f61da,N1,偽り,いつわり,허위,naver-level-missing,naver_level_missing,,,,search_no_jlpt,,偽り·詐り,,,naver,surface,偽りの自白を強いられる,,,https://ja.dict.naver.com/#/search?query=%E5%81%BD%E3%82%8A
w_374d0d2dd3cc9f74,N1,当面,とうめん,"당면,당분간",naver-level-missing,naver_level_missing,,,,search_no_jlpt,,当面,,,naver,surface,討論の対象を当面の問題に限局する.,,,https://ja.dict.naver.com/#/search?query=%E5%BD%93%E9%9D%A2
w_a8bf8b6572c5b0e0,N1,盛大に,せいだいに,성대하게,naver-level-missing;naver-search-unmatched,naver_level_missing,,,,search_unmatched,,,derived-form,base=盛大 suffix=に,naver,surface,盛大に行う,,,https://ja.dict.naver.com/#/search?query=%E7%9B%9B%E5%A4%A7%E3%81%AB
w_6428cb3d9b531afc,N1,速やかな,すみやかな,신속한,naver-level-missing;naver-search-unmatched,naver_level_missing,,,,search_unmatched,,,derived-form,base=速やか suffix=な,naver,surface,速やかな処置をとる.,,,https://ja.dict.naver.com/#/search?query=%E9%80%9F%E3%82%84%E3%81%8B%E3%81%AA
w_4f3c623502b2e1fc,N1,速やかに,すみやかに,신속히,naver-level-missing,naver_level_missing,,,,search_no_jlpt,,速やかに,derived-form,base=速やか suffix=に,naver,surface,事件を速やかに処理する,,,https://ja.dict.naver.com/#/search?query=%E9%80%9F%E3%82%84%E3%81%8B%E3%81%AB
w_f2cbcefac0f33503,N1,提起,ていき,제기,naver-level-missing,naver_level_missing,,,,search_no_jlpt,,提起,,,naver,surface,強力に反論を提起する.,,,https://ja.dict.naver.com/#/search?query=%E6%8F%90%E8%B5%B7
w_d06270d2100b5a7c,N1,暗闇,くらやみ,어둠,naver-level-missing,naver_level_missing,,,,search_no_jlpt,,暗闇·暗やみ,,,naver,surface,暗闇に覆われる.,,,https://ja.dict.naver.com/#/search?query=%E6%9A%97%E9%97%87
w_c73145fc9684b446,N1,レイアウト,レイアウト,레이아웃,naver-level-missing,naver_level_missing,,,,search_no_jlpt,,レイアウト,,,naver,surface,テクニカルなダウンヒルを経て、アップダウンを含む上りを経て戻ってくるコースレイアウトだった。,,,https://ja.dict.naver.com/#/search?query=%E3%83%AC%E3%82%A4%E3%82%A2%E3%82%A6%E3%83%88
w_b1c88bc724915375,N1,執着する,しゅうちゃくする,집착하다,naver-level-missing;naver-search-unmatched,naver_level_missing,,,,search_unmatched,,,derived-form,base=執着 suffix=する,naver,surface,権力に執着する,,,https://ja.dict.naver.com/#/search?query=%E5%9F%B7%E7%9D%80%E3%81%99%E3%82%8B
w_515c6f495c4206e0,N1,率いる,ひきいる,"이끌다,인솔하다",naver-level-missing,naver_level_missing,,,,match,N1,率いる,,,naver,surface,劇団を率いる,,,https://ja.dict.naver.com/#/search?query=%E7%8E%87%E3%81%84%E3%82%8B
w_0a1f3e39861eacb0,N1,判別,はんべつ,판별,naver-level-missing,naver_level_missing,,,,search_no_jlpt,,判別,,,naver,surface,暗くて判別がつかない.,,,https://ja.dict.naver.com/#/search?query=%E5%88%A4%E5%88%A5
w_5a53c24529898048,N1,早急に,さっきゅうに,조속히,naver-level-missing;naver-search-unmatched,naver_level_missing,,,,search_unmatched,,,derived-form,base=早急 suffix=に,naver,surface,早急に調査したい,,,https://ja.dict.naver.com/#/search?query=%E6%97%A9%E6%80%A5%E3%81%AB
w_68f52b5bc51583b2,N1,絶叫,ぜっきょう,절규,naver-level-missing,naver_level_missing,,,,search_no_jlpt,,絶叫,,,naver,surface,救いを求めて絶叫する.,,,https://ja.dict.naver.com/#/search?query=%E7%B5%B6%E5%8F%AB
w_c6e82c69a1c19ed3,N1,一挙に,いっきょに,일거에,naver-level-missing;naver-search-unmatched,naver_level_missing,,,,search_unmatched,,,,,naver,surface,対話の質が一挙に変わり，ダイナミックな様相を帯びてくる,,,https://ja.dict.naver.com/#/search?query=%E4%B8%80%E6%8C%99%E3%81%AB
w_bcf5aa0b13df70fa,N1,改訂版,かいていばん,개정판,naver-level-missing,naver_level_missing,,,,search_no_jlpt,,改訂版,,,naver,surface,改訂版を刊行する.,,,https://ja.dict.naver.com/#/search?query=%E6%94%B9%E8%A8%82%E7%89%88
w_a2e6614246e92396,N1,凄まじい,すさまじい,"대단하다, 무시무시하다",naver-level-missing,naver_level_missing,,,,search_no_jlpt,,凄まじい·冷まじい,,,naver,surface,凄まじいスピードでゴールした,,,https://ja.dict.naver.com/#/search?query=%E5%87%84%E3%81%BE%E3%81%98%E3%81%84
w_3aa224fccadbe8cb,N1,平行,へいこう,평행,naver-level-missing,naver_level_missing,,,,search_no_jlpt,,平行,,,naver,surface,二人[両人]の意見が平行したままで話は終わった.,,,https://ja.dict.naver.com/#/search?query=%E5%B9%B3%E8%A1%8C
w_75c0133793da000e,N1,治癒する,ちゆする,치유하다,naver-level-missing;naver-search-unmatched,naver_level_missing,,,,search_unmatched,,,derived-form,base=治癒 suffix=する,naver,surface,完全に治癒する,,,https://ja.dict.naver.com/#/search?query=%E6%B2%BB%E7%99%92%E3%81%99%E3%82%8B
w_0f6c52aadf78216b,N1,配属,はいぞく,배속,naver-level-missing,naver_level_missing,,,,search_no_jlpt,,配属,,,naver,surface,配属をきめる,,,https://ja.dict.naver.com/#/search?query=%E9%85%8D%E5%B1%9E
w_dbc9be61b1093e8f,N1,収まる,おさまる,"수습되다, 들어맞다",naver-level-missing,naver_level_missing,,,,match,N1,収(ま)る,,,naver,surface,元の鞘に収まる,,,https://ja.dict.naver.com/#/search?query=%E5%8F%8E%E3%81%BE%E3%82%8B
w_f5fafa9df9d8a23f,N1,自粛,じしゅく,"자숙,자제",naver-level-missing,naver_level_missing,,,,search_no_jlpt,,自粛,,,naver,surface,外出を自粛するようお願いします,,,https://ja.dict.naver.com/#/search?query=%E8%87%AA%E7%B2%9B
w_dfadcb81869cc16a,N1,一掃,いっそう,"일소,소탕",naver-level-missing,naver_level_missing,,,,search_no_jlpt,,一掃,,,naver,surface,宿弊を打破[一掃]する.,,,https://ja.dict.naver.com/#/search?query=%E4%B8%80%E6%8E%83
w_ffe5d8ebd46452b1,N1,強大な,きょうだいな,"강대한,막강한",naver-level-missing;naver-search-unmatched,naver_level_missing,,,,search_unmatched,,,derived-form,base=強大 suffix=な,naver,surface,強大な戦力を誇る.,,,https://ja.dict.naver.com/#/search?query=%E5%BC%B7%E5%A4%A7%E3%81%AA
w_aa68a8b2526c2b57,N1,画期的な,かっきてきな,획기적인,naver-level-missing;naver-search-unmatched,naver_level_missing,,,,search_unmatched,,,derived-form,base=画期的 suffix=な,naver,surface,キム博士の画期的な研究は世間を驚かせた。,,,https://ja.dict.naver.com/#/search?query=%E7%94%BB%E6%9C%9F%E7%9A%84%E3%81%AA
w_91c6df1ecc084985,N1,医院,いいん,"의원, 병원",example-headword-missing,match,N1,医院,いいん,,,,,,naver,missing,腕前が良いと評判の医員の病院は、明け方から患者たちで長蛇の列をなした。,,의원,https://ja.dict.naver.com/#/search?query=%E5%8C%BB%E9%99%A2
w_93385bed8dd915a2,N1,探知,たんち,탐지,naver-level-missing,naver_level_missing,,,,search_no_jlpt,,探知,,,naver,surface,地中に埋設されている地雷を探知する.,,,https://ja.dict.naver.com/#/search?query=%E6%8E%A2%E7%9F%A5
w_37cbfb44f295325b,N1,軌跡,きせき,궤적,naver-level-missing,naver_level_missing,,,,search_no_jlpt,,軌跡,,,naver,surface,ジェット機が空に軌跡を残しながら飛んでいった。,,,https://ja.dict.naver.com/#/search?query=%E8%BB%8C%E8%B7%A1
w_2ecea75442206e84,N1,ノルマ,ノルマ,"노르마, 업무 할당량",naver-level-missing,naver_level_missing,,,,search_no_jlpt,,ノルマ,,,naver,surface,ノルマを全力を尽くしてやり切る,,,https://ja.dict.naver.com/#/search?query=%E3%83%8E%E3%83%AB%E3%83%9E
w_c017d3fc119dd1f4,N1,一律に,いちりつに,일률적으로,naver-level-missing;naver-search-unmatched,naver_level_missing,,,,search_unmatched,,,,,naver,surface,給料を一律に上げる,,,https://ja.dict.naver.com/#/search?query=%E4%B8%80%E5%BE%8B%E3%81%AB
w_6cbc49324d4cfd5f,N1,収束,しゅうそく,"수습,해결",naver-level-missing,naver_level_missing,,,,search_no_jlpt,,収束,,,naver,surface,ストが ようやく収束に向かっている,,,https://ja.dict.naver.com/#/search?query=%E5%8F%8E%E6%9D%9F
w_1f45eb00e24b3e52,N1,後援,こうえん,후원,naver-level-missing,naver_level_missing,,,,search_no_jlpt,,後援,,,naver,surface,コンクールを後援している,,,https://ja.dict.naver.com/#/search?query=%E5%BE%8C%E6%8F%B4
w_70d82b1cc2aa178a,N1,成り立つ,なりたつ,"성립하다, 이루어지다",naver-level-missing,naver_level_missing,,,,match,N1,成(り)立つ,,,naver,surface,一つにはこういう見解も成り立つ.,,,https://ja.dict.naver.com/#/search?query=%E6%88%90%E3%82%8A%E7%AB%8B%E3%81%A4
w_23830e0970473c94,N1,精力的に,せいりょくてきに,정력적으로,naver-level-missing;naver-search-unmatched,naver_level_missing,,,,search_unmatched,,,derived-form,base=精力的 suffix=に,naver,surface,様様なＮＧＯやＮＰＯで精力的に活動するネットワーカーの姿に触れるにつれ，目から鱗が落ちてゆく思いがした,,,https://ja.dict.naver.com/#/search?query=%E7%B2%BE%E5%8A%9B%E7%9A%84%E3%81%AB
w_e286654d0db7e531,N1,見返り,みかえり,"보답, 보상",naver-level-missing,naver_level_missing,,,,search_no_jlpt,,見返り,,,naver,surface,相手に見返りを期待する,,,https://ja.dict.naver.com/#/search?query=%E8%A6%8B%E8%BF%94%E3%82%8A
w_aa132fab9dcd35ac,N1,跡地,あとち,"철거부지,철거후공터",naver-level-missing,naver_level_missing,,,,search_no_jlpt,,跡地,,,naver,surface,跡地利用,,,https://ja.dict.naver.com/#/search?query=%E8%B7%A1%E5%9C%B0
w_b3165e303f5aabec,N1,華やかな,はなやかな,화려한,naver-level-missing;naver-search-unmatched,naver_level_missing,,,,search_unmatched,,,derived-form,base=華やか suffix=な,naver,surface,華やかなアクセサリーで身繕いをする.,,,https://ja.dict.naver.com/#/search?query=%E8%8F%AF%E3%82%84%E3%81%8B%E3%81%AA
w_32af6bb00d20cb83,N1,潜伏,せんぷく,잠복,naver-level-missing,naver_level_missing,,,,search_no_jlpt,,潜伏,,,naver,surface,市内の某所に潜伏する.,,,https://ja.dict.naver.com/#/search?query=%E6%BD%9C%E4%BC%8F
w_62922e188796df96,N1,無謀な,むぼうな,"무모한,천진난만한",naver-level-missing;naver-search-unmatched,naver_level_missing,,,,search_unmatched,,,derived-form,base=無謀 suffix=な,naver,surface,若盛りに酒の気も手伝って無謀な事をする,,,https://ja.dict.naver.com/#/search?query=%E7%84%A1%E8%AC%80%E3%81%AA
w_670155b659509b08,N1,豪快に,ごうかいに,호쾌하게,naver-level-missing;naver-search-unmatched,naver_level_missing,,,,search_unmatched,,,derived-form,base=豪快 suffix=に,naver,surface,豪快に笑い飛ばす.,,,https://ja.dict.naver.com/#/search?query=%E8%B1%AA%E5%BF%AB%E3%81%AB
w_02556a9f75b82a91,N1,愛着,あいちゃく,애착,naver-level-missing,naver_level_missing,,,,search_no_jlpt,,愛着,,,naver,surface,サックスもクラリネットも吹くが，「静かで心にしみる独特の音色」を持つバスーンへの愛着は格別だ,,,https://ja.dict.naver.com/#/search?query=%E6%84%9B%E7%9D%80
w_cf782b6f2e06a5cc,N1,裏付け,うらづけ,"뒷받침,증거",naver-level-missing,naver_level_missing,,,,search_no_jlpt,,裏付(け),,,naver,surface,裏付けとなる証拠を示す,,,https://ja.dict.naver.com/#/search?query=%E8%A3%8F%E4%BB%98%E3%81%91
w_0f4547ab8f088f70,N1,明かす,あかす,"밝히다,털어놓다",naver-level-missing,naver_level_missing,,,,match,N1,明(か)す,,,naver,surface,彼の意中を明かす.,,,https://ja.dict.naver.com/#/search?query=%E6%98%8E%E3%81%8B%E3%81%99
w_f9a87c871b488d2d,N1,有数,ゆうすう,"유수,굴지,손꼽음",naver-level-missing,naver_level_missing,,,,search_no_jlpt,,有数,,,naver,surface,有数の政治家であるとともにまた優れた音楽家である,,,https://ja.dict.naver.com/#/search?query=%E6%9C%89%E6%95%B0
w_742cd942953ffea7,N1,叶える,かなえる,(소원을) 이루어 주다,example-headword-missing,match,N1,叶える,%E3%81%8B%E3%81%AA%E3%81%88%E3%82%8B,,,,,,naver,missing,望みをかなえてやる.,,뜻대로 하게 하다;이루어 주다;들어주다,https://ja.dict.naver.com/#/search?query=%E5%8F%B6%E3%81%88%E3%82%8B
w_2e34312a94672c4c,N1,無実,むじつ,"억울함,무고함",naver-level-missing,naver_level_missing,,,,search_no_jlpt,,無実,,,naver,surface,無実を叫び続ける,,,https://ja.dict.naver.com/#/search?query=%E7%84%A1%E5%AE%9F
w_f60f7b55eba0baba,N1,見逃す,みのがす,"놓치다, 못 보고 지나치다",example-headword-missing,match,N1,見逃す·見遁す,みのがす,,,,,,self,missing,小さな変化を見逃してはいけない。,,못 보다;놓치다;묵인하다;눈감아 주다;타자가 공을 치지 못하고 놓치다,https://ja.dict.naver.com/#/search?query=%E8%A6%8B%E9%80%83%E3%81%99
w_a231f59f86279dcb,N1,乗り込む,のりこむ,"타다, 들어가다",naver-level-missing,naver_level_missing,,,,match,N1,乗(り)込む,,,naver,surface,人を押しのけてバスに乗り込む.,,,https://ja.dict.naver.com/#/search?query=%E4%B9%97%E3%82%8A%E8%BE%BC%E3%82%80
w_aa48ce494d700458,N1,落ち込む,おちこむ,"(기분이) 가라앉다, 침울해지다",naver-level-missing,naver_level_missing,,,,match,N1,落(ち)込む,,,naver,surface,沼の深みに落ち込む.,,,https://ja.dict.naver.com/#/search?query=%E8%90%BD%E3%81%A1%E8%BE%BC%E3%82%80
w_36f154723e771234,N1,見合い,みあい,맞선,naver-level-missing,naver_level_missing,,,,search_no_jlpt,,見合い,,,naver,surface,見合いをしてから交際を始める.,,,https://ja.dict.naver.com/#/search?query=%E8%A6%8B%E5%90%88%E3%81%84
w_baf2db7849d10864,N1,返上,へんじょう,"반납, 반려",naver-level-missing,naver_level_missing,,,,search_no_jlpt,,返上,,,naver,surface,タイトルを返上する,,,https://ja.dict.naver.com/#/search?query=%E8%BF%94%E4%B8%8A
w_72357ee8a9309684,N1,没頭,ぼっとう,몰두,naver-level-missing,naver_level_missing,,,,search_no_jlpt,,没頭,,,naver,surface,著作に没頭する.,,,https://ja.dict.naver.com/#/search?query=%E6%B2%A1%E9%A0%AD
w_d284bcfadb7a57bc,N1,網羅,もうら,망라(모두포함),naver-level-missing,naver_level_missing,,,,search_no_jlpt,,網羅,,,naver,surface,全て網羅される。,,,https://ja.dict.naver.com/#/search?query=%E7%B6%B2%E7%BE%85
w_0fd551cc4c3b764e,N1,舐める,なめる,핥다; 깔보다,example-headword-missing,match,N1,嘗める·舐める,なめる,,,,,,naver,missing,愛犬が飼い主の顔を嘗める,,핥다;불태우다;맛보다,https://ja.dict.naver.com/#/search?query=%E8%88%90%E3%82%81%E3%82%8B
w_eca9d06a477ba945,N1,人脈,じんみゃく,인맥,naver-level-missing,naver_level_missing,,,,search_no_jlpt,,人脈,,,naver,surface,穏やかな人柄で人脈を広げる,,,https://ja.dict.naver.com/#/search?query=%E4%BA%BA%E8%84%88
w_27014025f17eabd5,N1,同伴,どうはん,동반,naver-level-missing,naver_level_missing,,,,search_no_jlpt,,同伴,,,naver,surface,夫人を同伴してパーティーに出席する.,,,https://ja.dict.naver.com/#/search?query=%E5%90%8C%E4%BC%B4
w_53f4f7debcf5ea99,N1,根源,こんげん,근원,naver-level-missing,naver_level_missing,,,,search_no_jlpt,,根元·根源,,,naver,surface,悪の根源を根絶やしにする,,,https://ja.dict.naver.com/#/search?query=%E6%A0%B9%E6%BA%90
w_ad972bb9cdd76f87,N1,見積もり,みつもり,견적,naver-level-missing,naver_level_missing,,,,match,N1,見積(も)り,,,self,surface,修理費の見積もりを依頼した。,,,https://ja.dict.naver.com/#/search?query=%E8%A6%8B%E7%A9%8D%E3%82%82%E3%82%8A
w_3fb79a05ecdeb8e2,N1,勇敢に,ゆうかんに,용감하게,naver-level-missing;naver-search-unmatched,naver_level_missing,,,,search_unmatched,,,derived-form,base=勇敢 suffix=に,naver,surface,どんな犬も、自分の家の入り口のところでは勇敢に振舞える。,,,https://ja.dict.naver.com/#/search?query=%E5%8B%87%E6%95%A2%E3%81%AB
w_bfe63e6d42715b15,N1,否めない,いなめない,부정할 수 없다,naver-level-missing,naver_level_missing,,,,search_no_jlpt,,否めない,,,naver,surface,症状が悪化する可能性も否めない,,,https://ja.dict.naver.com/#/search?query=%E5%90%A6%E3%82%81%E3%81%AA%E3%81%84
w_ab78cac2ab65c97c,N1,塵取り,ちりとり,쓰레받기,naver-level-missing,naver_level_missing,,,,match,N1,ちり取り·塵取(り),,,naver,surface,ミンジュンは庭を掃除するためにほうきと塵取りを取り上げた。,,,https://ja.dict.naver.com/#/search?query=%E5%A1%B5%E5%8F%96%E3%82%8A
w_536582618395af85,N1,強硬に,きょうこうに,강경하게,naver-level-missing;naver-search-unmatched,naver_level_missing,,,,search_unmatched,,,derived-form,base=強硬 suffix=に,naver,surface,強硬に主張する,,,https://ja.dict.naver.com/#/search?query=%E5%BC%B7%E7%A1%AC%E3%81%AB
w_8d440df94f874e3d,N1,新入生,しんにゅうせい,신입생,naver-level-missing,naver_level_missing,,,,search_no_jlpt,,新入生,,,self,surface,新入生向けの案内がある。,,,https://ja.dict.naver.com/#/search?query=%E6%96%B0%E5%85%A5%E7%94%9F
w_99515685bc17411a,N1,旺盛だ,おうせいだ,왕성하다,naver-level-missing;naver-search-unmatched,naver_level_missing,,,,search_unmatched,,,derived-form,base=旺盛 suffix=だ,naver,surface,食欲が旺盛だ。,,,https://ja.dict.naver.com/#/search?query=%E6%97%BA%E7%9B%9B%E3%81%A0
w_6803e7402a3d2c0a,N1,難点,なんてん,곤란한점,naver-level-missing,naver_level_missing,,,,search_no_jlpt,,難点,,,naver,surface,ロ:従来の商品に比べて高いですが、価格を下げにくいというところが難点だと思います。,,,https://ja.dict.naver.com/#/search?query=%E9%9B%A3%E7%82%B9
w_ef28884111a886f1,N1,仕上がり,しあがり,"완성, 마무리",naver-level-missing,naver_level_missing,,,,match,N1,仕上(が)り,,,naver,surface,仕上がりがきれいになる。,,,https://ja.dict.naver.com/#/search?query=%E4%BB%95%E4%B8%8A%E3%81%8C%E3%82%8A
w_0c07b0a96399d66d,N1,出没,しゅつぼつ,출몰,naver-level-missing,naver_level_missing,,,,search_no_jlpt,,出没,,,naver,surface,イノシシが出没する.,,,https://ja.dict.naver.com/#/search?query=%E5%87%BA%E6%B2%A1
w_51bc2bfe246d05ec,N1,躍進,やくしん,약진,naver-level-missing,naver_level_missing,,,,search_no_jlpt,,躍進,,,naver,surface,目覚ましい躍進を遂げる,,,https://ja.dict.naver.com/#/search?query=%E8%BA%8D%E9%80%B2
w_1cf06df0896303c4,N1,夕暮れ,ゆうぐれ,"해질녘, 황혼",naver-level-missing,naver_level_missing,,,,match,N1,夕暮(れ),,,naver,surface,山荘の夕暮れは興趣に富んでいる.,,,https://ja.dict.naver.com/#/search?query=%E5%A4%95%E6%9A%AE%E3%82%8C
w_df535218b21a0742,N1,多岐,たき,"다기,다방면",naver-level-missing,naver_level_missing,,,,search_no_jlpt,,多岐,,,naver,surface,多岐にわたる未婚の母のための支援が本格化する,,,https://ja.dict.naver.com/#/search?query=%E5%A4%9A%E5%B2%90
w_c20b2306c8671162,N1,逸脱,いつだつ,일탈,naver-level-missing,naver_level_missing,,,,search_no_jlpt,,逸脱,,,naver,surface,主題を逸脱する,,,https://ja.dict.naver.com/#/search?query=%E9%80%B8%E8%84%B1
w_da75dc366007d543,N1,待ち遠しい,まちどおしい,몹시 기다려지다,naver-level-missing,naver_level_missing,,,,match,N1,待(ち)遠しい,,,naver,surface,父の帰国が待ち遠しい,,,https://ja.dict.naver.com/#/search?query=%E5%BE%85%E3%81%A1%E9%81%A0%E3%81%97%E3%81%84
w_495258755882bfe4,N1,切実な,せつじつな,절실한,naver-level-missing;naver-search-unmatched,naver_level_missing,,,,search_unmatched,,,derived-form,base=切実 suffix=な,naver,surface,私の切実な望みは大学の試験に合格することだ,,,https://ja.dict.naver.com/#/search?query=%E5%88%87%E5%AE%9F%E3%81%AA
w_9bbd560585f647bf,N1,格段,かくだん,"현격함,차이가큼",naver-level-missing,naver_level_missing,,,,search_no_jlpt,,格段,,,naver,surface,格段の相違,,,https://ja.dict.naver.com/#/search?query=%E6%A0%BC%E6%AE%B5
w_ff1437e0b026574c,N1,総じて,そうじて,"대체로,전반적으로",naver-level-missing,naver_level_missing,,,,search_no_jlpt,,総じて·惣じて,,,naver,surface,総じて人の噂は当てにならない,,,https://ja.dict.naver.com/#/search?query=%E7%B7%8F%E3%81%98%E3%81%A6
w_cdbd72d7aa724c5d,N1,偏り,かたより,"치우침, 편향",naver-level-missing,naver_level_missing,,,,search_no_jlpt,,片寄り·偏り,,,naver,surface,左右の偏りを放置すると、腰に負荷がかかってへルニアになったり、ひざの故障につながる。,,,https://ja.dict.naver.com/#/search?query=%E5%81%8F%E3%82%8A
w_69e2159df1fe1017,N1,組み合わせる,くみあわせる,"조합하다, 짜 맞추다",naver-level-missing,naver_level_missing,,,,match,N1,組み合(わ)せる,,,self,surface,色を組み合わせるのが難しい。,,,https://ja.dict.naver.com/#/search?query=%E7%B5%84%E3%81%BF%E5%90%88%E3%82%8F%E3%81%9B%E3%82%8B
w_014d4039b31991f6,N1,近接,きんせつ,근접,naver-level-missing,naver_level_missing,,,,search_no_jlpt,,近接,,,naver,surface,台風が近接する.,,,https://ja.dict.naver.com/#/search?query=%E8%BF%91%E6%8E%A5
w_3275bf86431f78a7,N1,受け止める,うけとめる,"받아내다, 받아들이다",naver-level-missing,naver_level_missing,,,,match,N1,受(け)止める,,,naver,surface,野党の攻撃を受け止める,,,https://ja.dict.naver.com/#/search?query=%E5%8F%97%E3%81%91%E6%AD%A2%E3%82%81%E3%82%8B
w_d3d8586dcfb08d99,N1,念頭,ねんとう,"염두,마음속",naver-level-missing,naver_level_missing,,,,search_no_jlpt,,念頭,,,naver,surface,ほかのことはさらさら念頭にない.,,,https://ja.dict.naver.com/#/search?query=%E5%BF%B5%E9%A0%AD
w_ab222fb1839b50be,N1,不意に,ふいに,갑자기,naver-level-missing,naver_level_missing,,,,search_no_jlpt,,不意に,,,naver,surface,夜道で不意に呼びかけられてぎょっとした.,,,https://ja.dict.naver.com/#/search?query=%E4%B8%8D%E6%84%8F%E3%81%AB
w_9685f69e4b25e5e5,N1,誇張する,こちょうする,과장하다,naver-level-missing;naver-search-unmatched,naver_level_missing,,,,search_unmatched,,,derived-form,base=誇張 suffix=する,naver,surface,話を誇張する。,,,https://ja.dict.naver.com/#/search?query=%E8%AA%87%E5%BC%B5%E3%81%99%E3%82%8B
w_57e5725548ac0fbc,N1,生まれつき,うまれつき,"타고남, 천성",naver-level-missing,naver_level_missing,,,,match,N1,生(ま)れつき·生(ま)れ付き,,,naver,surface,彼女の縮れ毛は生まれつきです.,,,https://ja.dict.naver.com/#/search?query=%E7%94%9F%E3%81%BE%E3%82%8C%E3%81%A4%E3%81%8D
w_499fed73ee22323e,N1,疑わしい,うたがわしい,의심스럽다,naver-level-missing,naver_level_missing,,,,search_no_jlpt,,疑わしい,,,naver,surface,その人の良識が疑わしい.,,,https://ja.dict.naver.com/#/search?query=%E7%96%91%E3%82%8F%E3%81%97%E3%81%84
w_7aceeb2bd1d9b5fd,N1,究明,きゅうめい,"규명,밝혀냄",naver-level-missing,naver_level_missing,,,,search_no_jlpt,,究明,,,naver,surface,紛争の内因を究明する.,,,https://ja.dict.naver.com/#/search?query=%E7%A9%B6%E6%98%8E
w_87d7f6a57f6aac81,N1,究明する,きゅうめいする,규명하다,naver-level-missing;naver-search-unmatched,naver_level_missing,,,,search_unmatched,,,derived-form,base=究明 suffix=する,naver,surface,紛争の内因を究明する.,,,https://ja.dict.naver.com/#/search?query=%E7%A9%B6%E6%98%8E%E3%81%99%E3%82%8B
w_c05cfaa2cad27aec,N1,窮屈な,きゅうくつな,"비좁은,답답한",naver-level-missing;naver-search-unmatched,naver_level_missing,,,,search_unmatched,,,derived-form,base=窮屈 suffix=な,naver,surface,イ：窮屈な都市を少し離れたいよ。,,,https://ja.dict.naver.com/#/search?query=%E7%AA%AE%E5%B1%88%E3%81%AA
w_57a78a6ec67d8950,N1,起点,きてん,기점,naver-level-missing,naver_level_missing,,,,match,N1,起点,,,naver,surface,日本橋を起点とする,,,https://ja.dict.naver.com/#/search?query=%E8%B5%B7%E7%82%B9
w_6849f7ccff68603a,N1,逃げ出す,にげだす,"도망치다, 탈출 부터",naver-level-missing,naver_level_missing,,,,match,N1,逃(げ)出す,,,naver,surface,札束を手づかみ[わしづかみ]にして逃げ出す[逃げる].,,,https://ja.dict.naver.com/#/search?query=%E9%80%83%E3%81%92%E5%87%BA%E3%81%99
w_5e7dc6e83da2cf4d,N1,すれ違い,すれちがい,스쳐 지나감; 엇갈림,naver-level-missing,naver_level_missing,,,,match,N1,すれ違い·擦れ違い,,,naver,surface,すれ違い様にバッグをひったくられる,,,https://ja.dict.naver.com/#/search?query=%E3%81%99%E3%82%8C%E9%81%95%E3%81%84
w_4a6400c61a33361e,N1,全うする,まっとうする,"다하다, 완수하다",naver-level-missing,naver_level_missing,,,,search_no_jlpt,,全うする,,,naver,surface,重責を果たす[全うする],,,https://ja.dict.naver.com/#/search?query=%E5%85%A8%E3%81%86%E3%81%99%E3%82%8B
w_ae0a2c3980f5c9fe,N1,落胆,らくたん,낙담,naver-level-missing,naver_level_missing,,,,search_no_jlpt,,落胆,,,naver,surface,期待が大きかった.それだけに落胆も一方でなかった,,,https://ja.dict.naver.com/#/search?query=%E8%90%BD%E8%83%86
w_fd3cdf3e57d25a81,N1,裏返し,うらがえし,"뒤집음, 반대",naver-level-missing,naver_level_missing,,,,match,N1,裏返(し),,,naver,surface,妻は洗濯をしようと、裏返しになった靴下を元に戻していた。,,,https://ja.dict.naver.com/#/search?query=%E8%A3%8F%E8%BF%94%E3%81%97
w_e4574496ed6f6394,N1,集う,つどう,모이다,naver-level-missing,naver_level_missing,,,,search_no_jlpt,,集う,,,naver,surface,個性あふれる若人が集う,,,https://ja.dict.naver.com/#/search?query=%E9%9B%86%E3%81%86
w_fd90b6084996b24c,N1,凝縮,ぎょうしゅく,응축,naver-level-missing,naver_level_missing,,,,search_no_jlpt,,凝縮,,,naver,surface,この液体は10℃以下に下がると凝縮しはじめる.,,,https://ja.dict.naver.com/#/search?query=%E5%87%9D%E7%B8%AE
w_fc4b1b2a9b67e073,N1,取り付ける,とりつける,설치하다; (합의를) 받아내다,naver-level-missing,naver_level_missing,,,,match,N1,取(り)付ける,,,naver,surface,船に船標を取り付ける.,,,https://ja.dict.naver.com/#/search?query=%E5%8F%96%E3%82%8A%E4%BB%98%E3%81%91%E3%82%8B
w_74b1090c1011badd,N1,快挙,かいきょ,쾌거,naver-level-missing,naver_level_missing,,,,search_no_jlpt,,快挙,,,naver,surface,近来稀に見る快挙である,,,https://ja.dict.naver.com/#/search?query=%E5%BF%AB%E6%8C%99
w_b898a19a0dbc5b7c,N1,裏腹,うらはら,"정반대,모순",naver-level-missing,naver_level_missing,,,,search_no_jlpt,,裏腹,,,naver,surface,言う事とする事が裏腹だ,,,https://ja.dict.naver.com/#/search?query=%E8%A3%8F%E8%85%B9
w_8a0b553b954aa944,N1,仰天,ぎょうてん,"경악,몹시놀람",naver-level-missing,naver_level_missing,,,,search_no_jlpt,,仰天,,,naver,surface,びっくり仰天,,,https://ja.dict.naver.com/#/search?query=%E4%BB%B0%E5%A4%A9
w_a3e3254fcf9f8bf7,N1,即刻,そっこく,"즉각,즉시",naver-level-missing,naver_level_missing,,,,search_no_jlpt,,即刻,,,naver,surface,占領軍は即刻立ち去れ.,,,https://ja.dict.naver.com/#/search?query=%E5%8D%B3%E5%88%BB
w_1a17fb3ec82e2dfe,N1,受け継ぐ,うけつぐ,"이어받다, 계승하다",naver-level-missing,naver_level_missing,,,,match,N1,受(け)継ぐ,,,naver,surface,父の爵位を襲爵する[受け継ぐ].,,,https://ja.dict.naver.com/#/search?query=%E5%8F%97%E3%81%91%E7%B6%99%E3%81%90
w_08d10dee086ef695,N1,粥,かゆ,죽,naver-level-missing,naver_level_missing,,,,search_no_jlpt,,粥,,,naver,surface,粥に薄皮ができる.,,,https://ja.dict.naver.com/#/search?query=%E7%B2%A5
w_0e696b95974c3504,N1,踏襲,とうしゅう,답습,naver-level-missing,naver_level_missing,,,,search_no_jlpt,,踏襲·蹈襲,,,naver,surface,旧来の伝統を踏襲する,,,https://ja.dict.naver.com/#/search?query=%E8%B8%8F%E8%A5%B2
w_f747cebca560cfd8,N1,踏襲する,とうしゅうする,답습하다,naver-level-missing;naver-search-unmatched,naver_level_missing,,,,search_unmatched,,,derived-form,base=踏襲 suffix=する,naver,surface,旧来の伝統を踏襲する,,,https://ja.dict.naver.com/#/search?query=%E8%B8%8F%E8%A5%B2%E3%81%99%E3%82%8B
w_655894697104664d,N1,遺憾に,いかんに,유감스럽게,naver-level-missing;naver-search-unmatched,naver_level_missing,,,,search_unmatched,,,derived-form,base=遺憾 suffix=に,naver,surface,遺憾に存じます,,,https://ja.dict.naver.com/#/search?query=%E9%81%BA%E6%86%BE%E3%81%AB
w_8bdc1679feec4bca,N1,分厚い,ぶあつい,"두툼하다,두껍다",naver-level-missing,naver_level_missing,,,,search_no_jlpt,,分厚い·部厚い,,,naver,surface,分厚い資料を手渡される,,,https://ja.dict.naver.com/#/search?query=%E5%88%86%E5%8E%9A%E3%81%84
w_d6a47632d886cffc,N1,取り替え,とりかえ,"교체, 교환",naver-level-missing,naver_level_missing,,,,match,N1,取(り)替え·取替,,,naver,surface,ロ：皮の加工が間違ったせいかもしれません。取り替えいたします。,,,https://ja.dict.naver.com/#/search?query=%E5%8F%96%E3%82%8A%E6%9B%BF%E3%81%88
w_2c35f32f454702d8,N1,枯渇,こかつ,고갈,naver-level-missing,naver_level_missing,,,,search_no_jlpt,,枯渇·涸渇,,,naver,surface,水と森が枯渇して滅び去った文明はいくつもある,,,https://ja.dict.naver.com/#/search?query=%E6%9E%AF%E6%B8%87
w_ffaf9aa1ba0a06fa,N1,梅干し,うめぼし,우메보시(매실 장아찌),naver-level-missing,naver_level_missing,,,,search_no_jlpt,,梅干し,,,naver,surface,梅干しを作るときは紫蘇が欠かせません。,,,https://ja.dict.naver.com/#/search?query=%E6%A2%85%E5%B9%B2%E3%81%97
w_7b8922533fb71c49,N1,聞き取り,ききとり,"듣기, 청취",naver-level-missing;level-mismatch-confirmed,naver_level_missing,,,,mismatch,N4,聞(き)取り·聴(き)取り,,,naver,surface,イ：君、英語の聞き取りテストはうまくいった？,,,https://ja.dict.naver.com/#/search?query=%E8%81%9E%E3%81%8D%E5%8F%96%E3%82%8A
w_bcce1a49a9bd524d,N1,軽率,けいそつ,경솔함,naver-level-missing,naver_level_missing,,,,match,N1,軽率,,,naver,surface,軽率のそしりを免れない,,,https://ja.dict.naver.com/#/search?query=%E8%BB%BD%E7%8E%87
w_9ed51c1051f2801b,N1,軽率な,けいそつな,경솔한,naver-level-missing;naver-search-unmatched,naver_level_missing,,,,search_unmatched,,,derived-form,base=軽率 suffix=な,naver,surface,軽率な言動は慎んでください,,,https://ja.dict.naver.com/#/search?query=%E8%BB%BD%E7%8E%87%E3%81%AA
w_1e3ba36a0b44a926,N1,面識,めんしき,"면식,안면",naver-level-missing,naver_level_missing,,,,search_no_jlpt,,面識,,,naver,surface,面識がある,,,https://ja.dict.naver.com/#/search?query=%E9%9D%A2%E8%AD%98
w_f470be1926d64588,N1,頑な,かたくな,"완고함, 고집스러움",naver-level-missing,naver_level_missing,,,,search_no_jlpt,,頑な,,,naver,surface,頑なに口をつぐむ,,,https://ja.dict.naver.com/#/search?query=%E9%A0%91%E3%81%AA
w_4a507c2b9903c25a,N1,取り締まり,とりしまり,"단속, 감독",naver-level-missing,naver_level_missing,,,,match,N1,取り締(ま)り·取締,,,naver,surface,警察の取り締まりが緩くなると、さまざまな犯罪が再び頭をもたげ始めた。,,,https://ja.dict.naver.com/#/search?query=%E5%8F%96%E3%82%8A%E7%B7%A0%E3%81%BE%E3%82%8A
w_33559741a1aa5cd4,N1,巨匠,きょしょう,거장,naver-level-missing,naver_level_missing,,,,search_no_jlpt,,巨匠,,,naver,surface,彼こそ巨匠と言うべき人物だ,,,https://ja.dict.naver.com/#/search?query=%E5%B7%A8%E5%8C%A0
w_47b09358d1cef743,N1,払拭,ふっしょく,불식,naver-level-missing,naver_level_missing,,,,search_no_jlpt,,払拭,,,naver,surface,旧弊を払拭[一掃]する.,,,https://ja.dict.naver.com/#/search?query=%E6%89%95%E6%8B%AD
w_3349217a7fbfee6e,N1,照会,しょうかい,"조회,확인",naver-level-missing,naver_level_missing,,,,search_no_jlpt,,照会,,,naver,surface,品物に対する照会を受ける,,,https://ja.dict.naver.com/#/search?query=%E7%85%A7%E4%BC%9A
w_d3242fdeadefff0c,N1,誓約書,せいやくしょ,서약서,naver-level-missing,naver_level_missing,,,,search_no_jlpt,,誓約書,,,naver,surface,ロ：分かった。私が誓約書でも書いてあげる。,,,https://ja.dict.naver.com/#/search?query=%E8%AA%93%E7%B4%84%E6%9B%B8
w_8619d8e46998e20e,N1,だるい,だるい,"나른하다, 노곤하다",example-headword-missing,match,N1,怠い·懈い,だるい,,,,,,naver,missing,高熱で全身が怠い,,나른하다;께느른하다;맺힌데가 없다;지루하다,https://ja.dict.naver.com/#/search?query=%E3%81%A0%E3%82%8B%E3%81%84
w_3dd265dc10e79033,N1,カンニング,カンニング,"부정행위, 커닝",level-ambiguous,manual_review,N1,,カンニング,manual_review,N3,カンニング,,,naver,surface,カンニングを見つかる.,,커닝;시험 때의 부정 행위,https://ja.dict.naver.com/#/search?query=%E3%82%AB%E3%83%B3%E3%83%8B%E3%83%B3%E3%82%B0
w_f10d56d8651e9bba,N1,丸々,まるまる,완전히,naver-level-missing,naver_level_missing,,,,search_no_jlpt,,丸々,,,naver,surface,丸々損をした,,,https://ja.dict.naver.com/#/search?query=%E4%B8%B8%E3%80%85
w_d349c1895296e908,N1,供与,きょうよ,"공여,제공",naver-level-missing,naver_level_missing,,,,search_no_jlpt,,供与,,,naver,surface,賄賂を供与する.,,,https://ja.dict.naver.com/#/search?query=%E4%BE%9B%E4%B8%8E
w_c05a879fd3e3ce99,N1,売り出し,うりだし,"판매 개시, 특매",naver-level-missing,naver_level_missing,,,,match,N1,売(り)出し,,,naver,surface,デパートで衣服の大売り出しをしている.,,,https://ja.dict.naver.com/#/search?query=%E5%A3%B2%E3%82%8A%E5%87%BA%E3%81%97
w_8be696a8d9b00b88,N1,夜更かし,よふかし,밤늦게까지 깨어 있음,naver-level-missing,naver_level_missing,,,,match,N1,夜更(か)し∙夜深し,,,naver,surface,テレビを見て夜更かしする,,,https://ja.dict.naver.com/#/search?query=%E5%A4%9C%E6%9B%B4%E3%81%8B%E3%81%97
w_a3e4b1cc3e60aae9,N1,ピント,ピント,"핀트, 초점",naver-level-missing,naver_level_missing,,,,search_no_jlpt,,ピント,,,naver,surface,ピントが惚ける,,,https://ja.dict.naver.com/#/search?query=%E3%83%94%E3%83%B3%E3%83%88
w_ae4e376d4b46a091,N1,取り巻く,とりまく,"둘러싸다, 에워싸다",naver-level-missing,naver_level_missing,,,,match,N1,取(り)巻く,,,naver,surface,カスタマーサポートを取り巻く環境の変化を踏まえ、イーコンタクトセンターに求められる役割も変わりつつある,,,https://ja.dict.naver.com/#/search?query=%E5%8F%96%E3%82%8A%E5%B7%BB%E3%81%8F
w_5059c36f92c76981,N1,差し出す,さしだす,"내밀다, 제출하다",naver-level-missing,naver_level_missing,,,,match,N1,差(し)出す,,,naver,surface,花売り少女がアベックをねらって花をそっと差し出すのだ,,,https://ja.dict.naver.com/#/search?query=%E5%B7%AE%E3%81%97%E5%87%BA%E3%81%99
w_f9d306a7c3abbf0c,N1,粘膜,ねんまく,점막,naver-level-missing,naver_level_missing,,,,search_no_jlpt,,粘膜,,,naver,surface,胃の粘膜が荒れる,,,https://ja.dict.naver.com/#/search?query=%E7%B2%98%E8%86%9C
w_fb689de73bf56585,N1,触発,しょくはつ,촉발,naver-level-missing,naver_level_missing,,,,search_no_jlpt,,触発,,,naver,surface,関心が触発される.,,,https://ja.dict.naver.com/#/search?query=%E8%A7%A6%E7%99%BA
w_1e6bf25c700ea4c1,N1,追い出す,おいだす,쫓아내다,naver-level-missing,naver_level_missing,,,,match,N1,追(い)出す,,,naver,surface,居候を追い出す算段をする,,,https://ja.dict.naver.com/#/search?query=%E8%BF%BD%E3%81%84%E5%87%BA%E3%81%99
w_244b759283766aa0,N1,異色,いしょく,"이색,매우특색있음",naver-level-missing,naver_level_missing,,,,search_no_jlpt,,異色,,,naver,surface,はたして彼のやり方には異色がある.,,,https://ja.dict.naver.com/#/search?query=%E7%95%B0%E8%89%B2
w_cac05149650fb9c9,N1,軽快な,けいかいな,경쾌한,naver-level-missing;naver-search-unmatched,naver_level_missing,,,,search_unmatched,,,derived-form,base=軽快 suffix=な,naver,surface,軽快なリズムに乗って踊る,,,https://ja.dict.naver.com/#/search?query=%E8%BB%BD%E5%BF%AB%E3%81%AA
w_ae61ec6bead769c0,N1,堅実な,けんじつな,"견실한,탄탄한",naver-level-missing;naver-search-unmatched,naver_level_missing,,,,search_unmatched,,,derived-form,base=堅実 suffix=な,naver,surface,堅実な方法をとる,,,https://ja.dict.naver.com/#/search?query=%E5%A0%85%E5%AE%9F%E3%81%AA
w_0e77500820c5c9b9,N1,染める,そめる,물들이다,example-headword-missing,match,N1,染める,そめる,,,,,,naver,missing,色様様に染なす,,물들이다;염색하다;먹을 먹이다;칠하다;붉히다,https://ja.dict.naver.com/#/search?query=%E6%9F%93%E3%82%81%E3%82%8B
w_677edbc10074357c,N1,建前,たてまえ,"명분, 원칙",naver-level-missing,naver_level_missing,,,,match,N1,建前,,,naver,surface,値引きしないのを建前としております,,,https://ja.dict.naver.com/#/search?query=%E5%BB%BA%E5%89%8D
w_e84847a82950de49,N1,心地よい,ここちよい,"기분좋다,상쾌하다",naver-level-missing,naver_level_missing,,,,search_no_jlpt,,心地よい·心地好い,,,naver,surface,ひんやりとした夜風が心地よい,,,https://ja.dict.naver.com/#/search?query=%E5%BF%83%E5%9C%B0%E3%82%88%E3%81%84
w_cd415efa702763f7,N1,観衆,かんしゅう,관중,naver-level-missing,naver_level_missing,,,,match,N1,観衆,,,naver,surface,観衆が10万人を上回った,,,https://ja.dict.naver.com/#/search?query=%E8%A6%B3%E8%A1%86
w_fab538791501b708,N1,多角的な,たかくてきな,다각적인,naver-level-missing;naver-search-unmatched,naver_level_missing,,,,search_unmatched,,,derived-form,base=多角的 suffix=な,naver,surface,うちの会社では今回の事業を多角的な視点で見直すことにした。,,,https://ja.dict.naver.com/#/search?query=%E5%A4%9A%E8%A7%92%E7%9A%84%E3%81%AA
w_cd0b7fe939579edc,N1,釈明,しゃくめい,"석명,해명",naver-level-missing,naver_level_missing,,,,search_no_jlpt,,釈明,,,naver,surface,疑惑への釈明は一切なかった,,,https://ja.dict.naver.com/#/search?query=%E9%87%88%E6%98%8E
w_ed2a4c274e00e2cf,N1,まとまり,まとまり,"정리됨, 통일성, 짜임새",example-headword-missing,match,N1,纏まり·纒まり,まとまり,,,,,,naver,missing,チームの纏まりを大事にする,,통합;합침;정리,https://ja.dict.naver.com/#/search?query=%E3%81%BE%E3%81%A8%E3%81%BE%E3%82%8A
w_12a8e8485deb3e3b,N1,仲裁,ちゅうさい,중재,naver-level-missing,naver_level_missing,,,,search_no_jlpt,,仲裁,,,naver,surface,仲裁ならば彼が適役だ.,,,https://ja.dict.naver.com/#/search?query=%E4%BB%B2%E8%A3%81
w_ad7b7731718d0f45,N1,夕焼け,ゆうやけ,저녁노을,naver-level-missing,naver_level_missing,,,,search_no_jlpt,,夕焼け,,,naver,surface,スマホで燃えるような夕焼けを撮る,,,https://ja.dict.naver.com/#/search?query=%E5%A4%95%E7%84%BC%E3%81%91
w_658206ce4783caaf,N1,無性に,むしょうに,"몹시,공연히,까닭없이",naver-level-missing,naver_level_missing,,,,search_no_jlpt,,無性に,,,naver,surface,無性に寂しい,,,https://ja.dict.naver.com/#/search?query=%E7%84%A1%E6%80%A7%E3%81%AB
w_c75bde47bdbbaeb1,N1,助長,じょちょう,조장,naver-level-missing,naver_level_missing,,,,search_no_jlpt,,助長,,,naver,surface,経済の成長を助長する,,,https://ja.dict.naver.com/#/search?query=%E5%8A%A9%E9%95%B7
w_ea296c8603d64657,N1,拒む,こばむ,"거부하다,저지하다",naver-level-missing,naver_level_missing,,,,search_no_jlpt,,拒む,,,naver,surface,頑強に[頑として]承知しない[拒む].,,,https://ja.dict.naver.com/#/search?query=%E6%8B%92%E3%82%80
w_aa81044e5f00e4d2,N1,染まる,そまる,물들다,naver-level-missing,naver_level_missing,,,,match,N1,染まる,,,naver,surface,東の空がほの赤く染まる.,,,https://ja.dict.naver.com/#/search?query=%E6%9F%93%E3%81%BE%E3%82%8B
w_777b8ee6d356461a,N1,苦境,くきょう,곤경,naver-level-missing,naver_level_missing,,,,search_no_jlpt,,苦境,,,naver,surface,やっと(のことで)苦境から抜け出る,,,https://ja.dict.naver.com/#/search?query=%E8%8B%A6%E5%A2%83
w_fb563ffa4a981ae4,N1,微笑ましい,ほほえましい,흐뭇하다,naver-level-missing,naver_level_missing,,,,search_no_jlpt,,微笑ましい·頬笑ましい,,,naver,surface,微笑ましいエピソードを紹介する,,,https://ja.dict.naver.com/#/search?query=%E5%BE%AE%E7%AC%91%E3%81%BE%E3%81%97%E3%81%84
w_690a4fa3e51077a6,N1,清々しい,すがすがしい,"상쾌하다, 시원하다",naver-level-missing;example-headword-missing,naver_level_missing,,,,search_no_jlpt,,清々しい,,,naver,missing,清清しい気持ちになる,,,https://ja.dict.naver.com/#/search?query=%E6%B8%85%E3%80%85%E3%81%97%E3%81%84
w_2a2702f1f74ccfdc,N1,足手まとい,あしでまとい,"방해, 훼방, 걸림돌",naver-level-missing;naver-search-unmatched,naver_level_missing,,,,search_unmatched,,,,,self,surface,経験のない私では、かえって足手まといになる。,,,https://ja.dict.naver.com/#/search?query=%E8%B6%B3%E6%89%8B%E3%81%BE%E3%81%A8%E3%81%84
w_7e841837b10f6c95,N1,長々,ながなが,"길게, 장황하게",naver-level-missing,naver_level_missing,,,,search_no_jlpt,,長々,,,naver,surface,部長はなんと1時間の間、長々と訓示を並べた。,,,https://ja.dict.naver.com/#/search?query=%E9%95%B7%E3%80%85
w_cfd45df00e8918fe,N1,意気込み,いきごみ,"패기,의욕",naver-level-missing,naver_level_missing,,,,search_no_jlpt,,意気込み,,,naver,surface,心がくじける; 意気込みが砕ける,,,https://ja.dict.naver.com/#/search?query=%E6%84%8F%E6%B0%97%E8%BE%BC%E3%81%BF
w_14b30bc2b09fa244,N1,熟知,じゅくち,숙지,naver-level-missing,naver_level_missing,,,,search_no_jlpt,,熟知,,,naver,surface,このあたりの地理は熟知している.,,,https://ja.dict.naver.com/#/search?query=%E7%86%9F%E7%9F%A5
w_0008d0b93f394410,N1,粉々,こなごな,산산조각,naver-level-missing,naver_level_missing,,,,search_no_jlpt,,粉々,,,naver,surface,機械を動かすと、岩は粉々に砕けた。,,,https://ja.dict.naver.com/#/search?query=%E7%B2%89%E3%80%85
w_ad7ed509ea55b5fa,N1,順応,じゅんのう,순응,naver-level-missing,naver_level_missing,,,,search_no_jlpt,,順応,,,naver,surface,新しい環境に順応する,,,https://ja.dict.naver.com/#/search?query=%E9%A0%86%E5%BF%9C
w_59e50bf36e18a412,N1,交わす,かわす,교환하다,naver-level-missing,naver_level_missing,,,,match,N1,交わす,,,naver,surface,ざっくばらんに意見を交わす,,,https://ja.dict.naver.com/#/search?query=%E4%BA%A4%E3%82%8F%E3%81%99
w_6f6e6c5f4b2569d6,N1,健やかな,すこやかな,건강한,naver-level-missing;naver-search-unmatched,naver_level_missing,,,,search_unmatched,,,derived-form,base=健やか suffix=な,naver,surface,赤ちゃんの健やかな成長を祈る,,,https://ja.dict.naver.com/#/search?query=%E5%81%A5%E3%82%84%E3%81%8B%E3%81%AA
w_9ab1e43c1a5da994,N1,受け身,うけみ,"수동적인, 수동적인 목소리",naver-level-missing,naver_level_missing,,,,match,N1,受(け)身,,,naver,surface,受け身の形にする,,,https://ja.dict.naver.com/#/search?query=%E5%8F%97%E3%81%91%E8%BA%AB
w_f5b156d34a2300a2,N1,打ち込む,うちこむ,"몰두하다,몰입하다",naver-level-missing,naver_level_missing,,,,match,N1,打(ち)込む,,,naver,surface,全英オープンのコースでは，やぶに打ち込むくらいならロスト・ボールにした方が，まだましだ,,,https://ja.dict.naver.com/#/search?query=%E6%89%93%E3%81%A1%E8%BE%BC%E3%82%80
w_993a165c62ba3a0c,N1,精巧な,せいこうな,정교한,naver-level-missing,naver_level_missing,,,,search_no_jlpt,,精巧な,derived-form,base=精巧 suffix=な,naver,surface,精巧な細工が目を引く,,,https://ja.dict.naver.com/#/search?query=%E7%B2%BE%E5%B7%A7%E3%81%AA
w_dabfa46a4e071045,N1,綿密な,めんみつな,면밀한,naver-level-missing;naver-search-unmatched,naver_level_missing,,,,search_unmatched,,,derived-form,base=綿密 suffix=な,naver,surface,綿密なフィールド・ノートを毎日つける,,,https://ja.dict.naver.com/#/search?query=%E7%B6%BF%E5%AF%86%E3%81%AA
w_5e2ecb6d05171925,N1,託す,たくす,"맡기다,부탁하다",naver-level-missing,naver_level_missing,,,,search_no_jlpt,,託す·托す,,,naver,surface,手紙を託す,,,https://ja.dict.naver.com/#/search?query=%E8%A8%97%E3%81%99
w_19b870ba56899b62,N1,打診,だしん,타진,naver-level-missing,naver_level_missing,,,,search_no_jlpt,,打診,,,naver,surface,触診と打診を並行する.,,,https://ja.dict.naver.com/#/search?query=%E6%89%93%E8%A8%BA
w_5199b70d07105436,N1,素振り,そぶり,"거동,기색",naver-level-missing,naver_level_missing,,,,search_no_jlpt,,素振り,,,naver,surface,素振りに表す,,,https://ja.dict.naver.com/#/search?query=%E7%B4%A0%E6%8C%AF%E3%82%8A
w_bada5a71b14fde36,N1,装う,よそおう,"꾸미다,치장하다",naver-level-missing,naver_level_missing,,,,search_no_jlpt,,装う·粧う,,,naver,surface,努めて平静を装う,,,https://ja.dict.naver.com/#/search?query=%E8%A3%85%E3%81%86
w_4fa49d0da0a0bfd0,N1,憤り,いきどおり,분노,naver-level-missing,naver_level_missing,,,,search_no_jlpt,,憤り,,,naver,surface,非道で卑劣なテロに対し、強い憤りを感じる,,,https://ja.dict.naver.com/#/search?query=%E6%86%A4%E3%82%8A
w_9c2e1818c1662acf,N1,緊迫する,きんぱくする,긴박하다,naver-level-missing;naver-search-unmatched,naver_level_missing,,,,search_unmatched,,,derived-form,base=緊迫 suffix=する,naver,surface,政局が緊迫する,,,https://ja.dict.naver.com/#/search?query=%E7%B7%8A%E8%BF%AB%E3%81%99%E3%82%8B
w_a4e53d86fe0aeca1,N1,足止め,あしどめ,발이 묶임,naver-level-missing,naver_level_missing,,,,search_no_jlpt,,足止め·足留め,,,naver,surface,彼ら一行はあらしのために足止めを食った.,,,https://ja.dict.naver.com/#/search?query=%E8%B6%B3%E6%AD%A2%E3%82%81
w_0a7f5d85e62adec6,N1,奔放な,ほんぽうな,분방한,naver-level-missing;naver-search-unmatched,naver_level_missing,,,,search_unmatched,,,derived-form,base=奔放 suffix=な,naver,surface,ときどき、私は若者の過剰に奔放な態度に戸惑いを感じることがある。,,,https://ja.dict.naver.com/#/search?query=%E5%A5%94%E6%94%BE%E3%81%AA
w_80a418653d9aa915,N1,引き寄せる,ひきよせる,끌어당기다,naver-level-missing,naver_level_missing,,,,search_no_jlpt,,引(き)寄せる,,,naver,surface,鉤で引き寄せる,,,https://ja.dict.naver.com/#/search?query=%E5%BC%95%E3%81%8D%E5%AF%84%E3%81%9B%E3%82%8B
w_0b80ed475f7435e9,N1,難航,なんこう,난항,naver-level-missing,naver_level_missing,,,,search_no_jlpt,,難航,,,naver,surface,各国の利害が対立し、交渉は難航を極めていた,,,https://ja.dict.naver.com/#/search?query=%E9%9B%A3%E8%88%AA
w_706ae61e7198af9c,N1,コンスタントに,コンスタントに,"일정하게, 꾸준하게",naver-level-missing;spelling-kana-not-in-jmdict;naver-search-unmatched,naver_level_missing,,,,search_unmatched,,,kana-not-in-jmdict,kana form absent from JMdict readings,naver,surface,コンスタントに売れる,,,https://ja.dict.naver.com/#/search?query=%E3%82%B3%E3%83%B3%E3%82%B9%E3%82%BF%E3%83%B3%E3%83%88%E3%81%AB
w_371f1a41edd2c949,N1,何気ない,なにげない,"아무렇지 않은, 무심한",naver-level-missing,naver_level_missing,,,,match,N1,何気ない·何気無い,,,naver,surface,私たちは何気ない話でも楽しくて笑い続けた。,,,https://ja.dict.naver.com/#/search?query=%E4%BD%95%E6%B0%97%E3%81%AA%E3%81%84
w_c421e3bbf7d5230b,N1,由緒,ゆいしょ,"유서,내력",naver-level-missing,naver_level_missing,,,,search_no_jlpt,,由緒,,,naver,surface,この岩には由緒がある,,,https://ja.dict.naver.com/#/search?query=%E7%94%B1%E7%B7%92
w_06c9da1f5d3ef9b3,N1,隈なく,くまなく,"구석구석까지, 샅샅이",naver-level-missing,naver_level_missing,,,,search_no_jlpt,,隈無く,,,naver,surface,月光が隈なく照り渡っていた,,,https://ja.dict.naver.com/#/search?query=%E9%9A%88%E3%81%AA%E3%81%8F
w_913e70a1a243c809,N1,人一倍,ひといちばい,"남달리,남보다갑절",naver-level-missing,naver_level_missing,,,,search_no_jlpt,,人一倍,,,naver,surface,人一倍はたらく,,,https://ja.dict.naver.com/#/search?query=%E4%BA%BA%E4%B8%80%E5%80%8D
w_ef69d226c0ff5071,N1,ダンプ,ダンプ,덤프 트럭,naver-level-missing,naver_level_missing,,,,search_no_jlpt,,ダンプ,,,naver,surface,１０トンダンプ・カーが前方のダンプに衝突し炎上した,,,https://ja.dict.naver.com/#/search?query=%E3%83%80%E3%83%B3%E3%83%97
w_cb71de767a5e76d3,N1,従属,じゅうぞく,종속,naver-level-missing,naver_level_missing,,,,search_no_jlpt,,従属,,,naver,surface,主権が強国に従属する.,,,https://ja.dict.naver.com/#/search?query=%E5%BE%93%E5%B1%9E
w_6ed0282468b646e4,N1,飲み込む,のみこむ,"삼키다, 이해하다",naver-level-missing,naver_level_missing,,,,match,N1,飲(み)込む·呑み込む,,,naver,surface,小学校のときに初めて食べた讃岐うどんは想像を絶するほど硬く飲み込むのも大変でした。,,,https://ja.dict.naver.com/#/search?query=%E9%A3%B2%E3%81%BF%E8%BE%BC%E3%82%80
w_be6c610da5c1ab8d,N1,互角,ごかく,"호각,백중세",naver-level-missing,naver_level_missing,,,,search_no_jlpt,,互角·牛角,,,naver,surface,二人の実力は互角だ.,,,https://ja.dict.naver.com/#/search?query=%E4%BA%92%E8%A7%92
w_0ea31b98d247240b,N1,剥がす,はがす,"벗기다,떼다",naver-level-missing;level-mismatch-confirmed,naver_level_missing,,,,mismatch,N2,剥がす·剝がす,,,naver,surface,生爪を剥がす,,,https://ja.dict.naver.com/#/search?query=%E5%89%A5%E3%81%8C%E3%81%99
w_1715b578802aa5e8,N1,億劫だ,おっくうだ,귀찮다,naver-level-missing;naver-search-unmatched,naver_level_missing,,,,search_unmatched,,,derived-form,base=億劫 suffix=だ,naver,reading,年をとると何もかもおっくうだ.,,,https://ja.dict.naver.com/#/search?query=%E5%84%84%E5%8A%AB%E3%81%A0
w_e0ea6104408e520b,N1,入念な,にゅうねんな,"꼼꼼한,정성스런",naver-level-missing;naver-search-unmatched,naver_level_missing,,,,search_unmatched,,,derived-form,base=入念 suffix=な,naver,surface,ひょっとして未解決に締めくくられるところだった事件が入念な再捜査で犯人が明らかになった。,,,https://ja.dict.naver.com/#/search?query=%E5%85%A5%E5%BF%B5%E3%81%AA
w_c7847c394363e398,N1,慕われる,したわれる,"추앙받다, 존경받다",naver-level-missing;spelling-surface-not-in-jmdict;naver-search-unmatched,naver_level_missing,,,,search_unmatched,,,surface-not-in-jmdict,no JMdict kanji form matches this surface,naver,surface,立派な人だけに多くの人から慕われる,,,https://ja.dict.naver.com/#/search?query=%E6%85%95%E3%82%8F%E3%82%8C%E3%82%8B
w_aa07ddb4c44be3e9,N1,回顧,かいこ,회고,naver-level-missing,naver_level_missing,,,,search_no_jlpt,,回顧,,,naver,surface,往時[昔]を回顧する.,,,https://ja.dict.naver.com/#/search?query=%E5%9B%9E%E9%A1%A7
w_abbb3338182c9a74,N1,無残な,むざんな,"무참한,잔인한",naver-level-missing;naver-search-unmatched,naver_level_missing,,,,search_unmatched,,,derived-form,base=無残 suffix=な,naver,surface,無残な最期を遂げる.,,,https://ja.dict.naver.com/#/search?query=%E7%84%A1%E6%AE%8B%E3%81%AA
w_78478b3ede1095de,N1,荷造り,にづくり,"짐 꾸리기, 포장",naver-level-missing,naver_level_missing,,,,match,N1,荷造(り)·荷作(り),,,naver,surface,荷造りは入念に願います.,,,https://ja.dict.naver.com/#/search?query=%E8%8D%B7%E9%80%A0%E3%82%8A
w_cbe6b7e061ecd2aa,N1,駆けつける,かけつける,달려가다,naver-level-missing,naver_level_missing,,,,search_no_jlpt,,駆けつける·駆(け)付ける·駈(け)着ける,,,naver,surface,後れじと駆けつける,,,https://ja.dict.naver.com/#/search?query=%E9%A7%86%E3%81%91%E3%81%A4%E3%81%91%E3%82%8B
w_1fa85c551770799d,N1,言い張る,いいはる,"우겨대다,주장하다",naver-level-missing,naver_level_missing,,,,search_no_jlpt,,言(い)張る,,,naver,surface,自説を言い張る,,,https://ja.dict.naver.com/#/search?query=%E8%A8%80%E3%81%84%E5%BC%B5%E3%82%8B
w_c663ddeed757b29f,N1,揺るがす,ゆるがす,뒤흔들다,naver-level-missing,naver_level_missing,,,,search_no_jlpt,,揺るがす,,,naver,surface,大地を揺るがす[踏みしめる],,,https://ja.dict.naver.com/#/search?query=%E6%8F%BA%E3%82%8B%E3%81%8C%E3%81%99
w_4ee4c1f82fd80d23,N1,立ち寄る,たちよる,들르다,naver-level-missing,naver_level_missing,,,,match,N1,立(ち)寄る,,,naver,surface,下町のとある店に立ち寄る,,,https://ja.dict.naver.com/#/search?query=%E7%AB%8B%E3%81%A1%E5%AF%84%E3%82%8B
w_a8598bbe62279f0d,N1,箇条書き,かじょうがき,"항목별 작성, 개조식",naver-level-missing,naver_level_missing,,,,match,N1,箇条書(き)·個条書(き),,,naver,surface,必要な事項を箇条書きにする.,,,https://ja.dict.naver.com/#/search?query=%E7%AE%87%E6%9D%A1%E6%9B%B8%E3%81%8D
w_1666fd77162cc303,N1,質素な,しっそな,"검소한,소탈한",naver-level-missing;naver-search-unmatched,naver_level_missing,,,,search_unmatched,,,derived-form,base=質素 suffix=な,naver,surface,彼女は質素な服装をしていた,,,https://ja.dict.naver.com/#/search?query=%E8%B3%AA%E7%B4%A0%E3%81%AA
w_1518527546bff440,N1,食い止める,くいとめる,"저지하다,막다",naver-level-missing,naver_level_missing,,,,search_no_jlpt,,食(い)止める,,,naver,surface,敵の侵入を食い止める,,,https://ja.dict.naver.com/#/search?query=%E9%A3%9F%E3%81%84%E6%AD%A2%E3%82%81%E3%82%8B
w_3761b61031805586,N1,心遣い,こころづかい,배려,naver-level-missing,naver_level_missing,,,,search_no_jlpt,,心遣い,,,naver,surface,お心遣いありがとうございます,,,https://ja.dict.naver.com/#/search?query=%E5%BF%83%E9%81%A3%E3%81%84
w_52a2392ec6f56422,N1,気兼ね,きがね,"사양, 거리낌",naver-level-missing,naver_level_missing,,,,match,N1,気兼(ね),,,naver,surface,彼とは気兼ねなく[心安く]つきあっている.,,,https://ja.dict.naver.com/#/search?query=%E6%B0%97%E5%85%BC%E3%81%AD
w_08149ad39d83534d,N1,咄嗟に,とっさに,순간적으로,naver-level-missing,naver_level_missing,,,,match,N1,咄嗟に,,,naver,reading,追い詰められて、とっさにパチこいた,,,https://ja.dict.naver.com/#/search?query=%E5%92%84%E5%97%9F%E3%81%AB
w_3129de0be21afd27,N1,埋め込む,うめこむ,"묻어 넣다, 삽입하다",naver-level-missing;naver-search-unmatched,naver_level_missing,,,,search_unmatched,,,,,naver,surface,天井にスピーカーを埋め込む,,,https://ja.dict.naver.com/#/search?query=%E5%9F%8B%E3%82%81%E8%BE%BC%E3%82%80
w_8cb3134b514d1a2f,N1,沈下,ちんか,침하,naver-level-missing,naver_level_missing,,,,search_no_jlpt,,沈下,,,naver,surface,地盤がだんだん沈下する.,,,https://ja.dict.naver.com/#/search?query=%E6%B2%88%E4%B8%8B
w_117206f59982bdc8,N1,耳鼻科,じびか,이비인후과,naver-level-missing,naver_level_missing,,,,search_no_jlpt,,耳鼻科,,,naver,surface,ロ:耳の病気にかかったようなので、耳鼻科で受診してみて。,,,https://ja.dict.naver.com/#/search?query=%E8%80%B3%E9%BC%BB%E7%A7%91
w_67b9ee16274ff79d,N1,リストアップ,リストアップ,"리스트 업, 목록 작성",naver-level-missing,naver_level_missing,,,,search_no_jlpt,,リストアップ,,,naver,surface,有望株をリストアップする,,,https://ja.dict.naver.com/#/search?query=%E3%83%AA%E3%82%B9%E3%83%88%E3%82%A2%E3%83%83%E3%83%97
w_4d71c8e8bb9e8afa,N1,心地よく,ここちよく,"기분좋게, 쾌적하게",naver-level-missing;spelling-surface-not-in-jmdict;naver-search-unmatched,naver_level_missing,,,,search_unmatched,,,surface-not-in-jmdict,no JMdict kanji form matches this surface,naver,surface,心地よく暮らしていく,,,https://ja.dict.naver.com/#/search?query=%E5%BF%83%E5%9C%B0%E3%82%88%E3%81%8F
w_a5a10027ead73ad9,N1,焚き火,たきび,모닥불,naver-level-missing,naver_level_missing,,,,match,N1,たき火·焚(き)火,,,naver,surface,焚き火をしながら炭が焼ける,,,https://ja.dict.naver.com/#/search?query=%E7%84%9A%E3%81%8D%E7%81%AB
w_3301d891bd6f4186,N1,交錯する,こうさくする,"뒤섞여 엇갈리다, 교차하다",naver-level-missing;naver-search-unmatched,naver_level_missing,,,,search_unmatched,,,derived-form,base=交錯 suffix=する,naver,surface,怒りと憐れみが交錯する。,,,https://ja.dict.naver.com/#/search?query=%E4%BA%A4%E9%8C%AF%E3%81%99%E3%82%8B
w_88c43259bfb6ff51,N1,人出,ひとで,"인파,밖으로나온사람들",naver-level-missing,naver_level_missing,,,,search_no_jlpt,,人出,,,naver,surface,人出が凄くて目が眩みそうだ,,,https://ja.dict.naver.com/#/search?query=%E4%BA%BA%E5%87%BA
w_abc611c14f035fc6,N1,手掛かり,てがかり,"단서, 실마리",naver-level-missing,naver_level_missing,,,,match,N1,手(掛)かり·手(懸)かり,,,naver,surface,解決の手掛かりを求める,,,https://ja.dict.naver.com/#/search?query=%E6%89%8B%E6%8E%9B%E3%81%8B%E3%82%8A
w_ed7afa22b6d758dd,N1,施錠する,せじょうする,"자물쇠를 채우다, 잠그다",naver-level-missing;naver-search-unmatched,naver_level_missing,,,,search_unmatched,,,derived-form,base=施錠 suffix=する,naver,surface,ドアに施錠する,,,https://ja.dict.naver.com/#/search?query=%E6%96%BD%E9%8C%A0%E3%81%99%E3%82%8B
w_53a7531f783a3064,N1,煩雑な,はんざつな,번잡한,naver-level-missing;naver-search-unmatched,naver_level_missing,,,,search_unmatched,,,derived-form,base=煩雑 suffix=な,naver,surface,煩雑な手続きに懲りた,,,https://ja.dict.naver.com/#/search?query=%E7%85%A9%E9%9B%91%E3%81%AA
w_c530d263e6c6b918,N1,うずうず,うずうず,근질근질(좀이 쑤시는 모양),naver-level-missing,naver_level_missing,,,,search_no_jlpt,,うずうず,,,naver,surface,ロ：うん。口がうずうずするけど、我慢してみる。,,,https://ja.dict.naver.com/#/search?query=%E3%81%86%E3%81%9A%E3%81%86%E3%81%9A
w_ee13be5cc30d87aa,N1,受け付ける,うけつける,"접수하다, 받아들이다",naver-level-missing,naver_level_missing,,,,match,N1,受(け)付ける,,,naver,surface,申し込み[願書]は明日まで受け付ける.,,,https://ja.dict.naver.com/#/search?query=%E5%8F%97%E3%81%91%E4%BB%98%E3%81%91%E3%82%8B
w_b63b20e8363c2e3b,N1,実権,じっけん,실권,naver-level-missing,naver_level_missing,,,,search_no_jlpt,,実権,,,naver,surface,名だけで実権の無い社長だ.,,,https://ja.dict.naver.com/#/search?query=%E5%AE%9F%E6%A8%A9
w_a70263ff88911e3e,N1,乗り出す,のりだす,시작하다,naver-level-missing,naver_level_missing,,,,match,N1,乗(り)出す,,,naver,surface,量産に乗り出す,,,https://ja.dict.naver.com/#/search?query=%E4%B9%97%E3%82%8A%E5%87%BA%E3%81%99
w_e5e322f5b3efb2db,N1,憩い,いこい,휴식,naver-level-missing,naver_level_missing,,,,search_no_jlpt,,憩(い)·息い,,,naver,surface,快適な憩いの空間を提供する,,,https://ja.dict.naver.com/#/search?query=%E6%86%A9%E3%81%84
w_790cf4bdda0645fb,N1,もどかしい,もどかしい,"답답하다, 안타깝다",naver-level-missing,naver_level_missing,,,,search_no_jlpt,,もどかしい,,,naver,surface,時間のたつのがもどかしい.,,,https://ja.dict.naver.com/#/search?query=%E3%82%82%E3%81%A9%E3%81%8B%E3%81%97%E3%81%84
w_639832d611535cb3,N1,取り締まる,とりしまる,단속하다,naver-level-missing,naver_level_missing,,,,match,N1,取り締(ま)る·取締る,,,naver,surface,ぼったくりを取り締まる,,,https://ja.dict.naver.com/#/search?query=%E5%8F%96%E3%82%8A%E7%B7%A0%E3%81%BE%E3%82%8B
w_c96c011ca817b487,N1,売り出す,うりだす,"팔기 시작하다, 내놓다",naver-level-missing,naver_level_missing,,,,match,N1,売(り)出す,,,naver,surface,売り出す前に唾を付けておく,,,https://ja.dict.naver.com/#/search?query=%E5%A3%B2%E3%82%8A%E5%87%BA%E3%81%99
w_daaafc2c103ac13d,N1,押し寄せる,おしよせる,밀려오다,naver-level-missing,naver_level_missing,,,,match,N1,押(し)寄せる,,,naver,surface,衆を頼んで押し寄せる,,,https://ja.dict.naver.com/#/search?query=%E6%8A%BC%E3%81%97%E5%AF%84%E3%81%9B%E3%82%8B
w_53d640902274eca8,N1,糸口,いとぐち,"단서,실마리",naver-level-missing,naver_level_missing,,,,search_no_jlpt,,糸口·緒,,,naver,surface,事件の端緒[糸口]をつかむ,,,https://ja.dict.naver.com/#/search?query=%E7%B3%B8%E5%8F%A3
w_38ff51ccea9145d2,N1,騒然,そうぜん,"시끄러운 상태, 떠들썩한 모습",naver-level-missing,naver_level_missing,,,,search_no_jlpt,,騒然,,,naver,surface,戦争のうわさで町中がにわかに騒然とする.,,,https://ja.dict.naver.com/#/search?query=%E9%A8%92%E7%84%B6
w_2f612443ccb862f7,N1,自ずと,おのずと,"저절로, 자연히",naver-level-missing,naver_level_missing,,,,search_no_jlpt,,自ずと·自と,,,naver,surface,年を取れば自ずと分かってくる,,,https://ja.dict.naver.com/#/search?query=%E8%87%AA%E3%81%9A%E3%81%A8
w_701a68ca74b0015f,N1,疎かな,おろそかな,소홀한,naver-level-missing;naver-search-unmatched,naver_level_missing,,,,search_unmatched,,,derived-form,base=疎か suffix=な,naver,surface,ロ：いつも国のことが最優先なので家庭でのことには疎かな方です。,,,https://ja.dict.naver.com/#/search?query=%E7%96%8E%E3%81%8B%E3%81%AA
w_cc7e713c46e8ee0b,N1,疎かに,おろそかに,소홀하게,naver-level-missing;naver-search-unmatched,naver_level_missing,,,,search_unmatched,,,derived-form,base=疎か suffix=に,naver,reading,公務をおろそかにする.,,,https://ja.dict.naver.com/#/search?query=%E7%96%8E%E3%81%8B%E3%81%AB
w_06e3cd11e3eb6359,N1,不用意な,ふよういな,부주의한,naver-level-missing;naver-search-unmatched,naver_level_missing,,,,search_unmatched,,,derived-form,base=不用意 suffix=な,naver,surface,不用意な発言であげあしを取られる,,,https://ja.dict.naver.com/#/search?query=%E4%B8%8D%E7%94%A8%E6%84%8F%E3%81%AA
w_43ee33fb295d1f1e,N1,いとも,いとも,"매우,아주",naver-level-missing,naver_level_missing,,,,search_no_jlpt,,最も,,,naver,surface,いとも軽々と持ち上げた,,,https://ja.dict.naver.com/#/search?query=%E3%81%84%E3%81%A8%E3%82%82
w_7d401aa66a47fdb2,N1,緊密な,きんみつな,긴밀한,naver-level-missing;naver-search-unmatched,naver_level_missing,,,,search_unmatched,,,derived-form,base=緊密 suffix=な,naver,surface,緊密な連絡を取る.,,,https://ja.dict.naver.com/#/search?query=%E7%B7%8A%E5%AF%86%E3%81%AA
w_c8414f11df443a17,N1,一任,いちにん,일임(모두 맡김),naver-level-missing,naver_level_missing,,,,search_no_jlpt,,一任,,,naver,surface,私は権限をすべて一任をされたため、訴訟に関するすべての責任は私にある。,,,https://ja.dict.naver.com/#/search?query=%E4%B8%80%E4%BB%BB
w_15461a7a13870082,N1,冷淡な,れいたんな,냉담한,naver-level-missing;naver-search-unmatched,naver_level_missing,,,,search_unmatched,,,derived-form,base=冷淡 suffix=な,naver,surface,冷淡な目で見る,,,https://ja.dict.naver.com/#/search?query=%E5%86%B7%E6%B7%A1%E3%81%AA
w_d8f9e2302104e892,N1,やむを得ず,やむをえず,어쩔 수 없이,naver-level-missing,naver_level_missing,,,,search_no_jlpt,,やむを得ず·止むを得ず·已むを得ず,,,naver,surface,うちの会社は、やむを得ず機械たちを眠らせている。,,,https://ja.dict.naver.com/#/search?query=%E3%82%84%E3%82%80%E3%82%92%E5%BE%97%E3%81%9A
w_76cd61803b197a73,N1,ウエイト,ウエイト,"웨이트, 중량",naver-level-missing,naver_level_missing,,,,search_no_jlpt,,ウエイト,,,naver,surface,ウエイトトレーニングをやっています。,,,https://ja.dict.naver.com/#/search?query=%E3%82%A6%E3%82%A8%E3%82%A4%E3%83%88
w_00fdfc96ba99bd53,N1,そわそわ,そわそわ,"불안한 모습, 안절부절못하는 모습",naver-level-missing,naver_level_missing,,,,search_no_jlpt,,そわそわ,,,naver,surface,そわそわと(して)周りを見る,,,https://ja.dict.naver.com/#/search?query=%E3%81%9D%E3%82%8F%E3%81%9D%E3%82%8F
w_f16e08d56012f2ec,N1,透ける,すける,"비쳐보이다, 들여다보이다",naver-level-missing,naver_level_missing,,,,search_no_jlpt,,透ける,,,naver,surface,心の中が見え透けることば,,,https://ja.dict.naver.com/#/search?query=%E9%80%8F%E3%81%91%E3%82%8B
w_fc60d1c406caed4b,N1,みっちり,みっちり,"착실히, 충분히",naver-level-missing,naver_level_missing,,,,search_no_jlpt,,みっちり,,,naver,surface,実力をみっちりつける,,,https://ja.dict.naver.com/#/search?query=%E3%81%BF%E3%81%A3%E3%81%A1%E3%82%8A
w_ea661acf1c6cecb0,N1,如実に,にょじつに,여실히,naver-level-missing;naver-search-unmatched,naver_level_missing,,,,search_unmatched,,,derived-form,base=如実 suffix=に,naver,surface,戦争の悲惨さが如実に描かれている.,,,https://ja.dict.naver.com/#/search?query=%E5%A6%82%E5%AE%9F%E3%81%AB
w_e231cd88a2b8f92c,N1,生ぬるい,なまぬるい,"미지근하다, 어중간하다",naver-level-missing,naver_level_missing,,,,match,N1,生ぬるい·生温い,,,naver,surface,生ぬるい処置がもどかしい,,,https://ja.dict.naver.com/#/search?query=%E7%94%9F%E3%81%AC%E3%82%8B%E3%81%84
w_5f96659e4595eaf7,N1,見失う,みうしなう,시야에서놓치다,naver-level-missing,naver_level_missing,,,,search_no_jlpt,,見失う,,,naver,surface,現象に捉われて本質を見失う,,,https://ja.dict.naver.com/#/search?query=%E8%A6%8B%E5%A4%B1%E3%81%86
w_032f55da8fa8b6a4,N1,遠ざける,とおざける,멀리하다,naver-level-missing,naver_level_missing,,,,search_no_jlpt,,遠ざける,,,naver,surface,悪友を遠ざける,,,https://ja.dict.naver.com/#/search?query=%E9%81%A0%E3%81%96%E3%81%91%E3%82%8B
w_e7491fca55f36dfd,N1,余波,よは,여파,naver-level-missing,naver_level_missing,,,,search_no_jlpt,,余波,,,naver,surface,地震の余波で海が大きくうねった.,,,https://ja.dict.naver.com/#/search?query=%E4%BD%99%E6%B3%A2
w_ef7c2b36a078abcb,N1,取っ手,とって,손잡이,naver-level-missing,naver_level_missing,,,,search_no_jlpt,,取っ手·把手,,,naver,reading,ドアのとってがすっぽ抜ける.,,,https://ja.dict.naver.com/#/search?query=%E5%8F%96%E3%81%A3%E6%89%8B
w_363d405acaaef34e,N1,突き止める,つきとめる,"밝혀내다,알아내다",naver-level-missing,naver_level_missing,,,,search_no_jlpt,,突(き)止める,,,naver,surface,犯人の隠れ家を突き止める,,,https://ja.dict.naver.com/#/search?query=%E7%AA%81%E3%81%8D%E6%AD%A2%E3%82%81%E3%82%8B
w_a6eec0b6c22ca7ad,N1,薄々,うすうす,"희미하게, 어렴풋이",naver-level-missing,naver_level_missing,,,,search_no_jlpt,,薄々,,,naver,surface,前から薄々気づいてはいた,,,https://ja.dict.naver.com/#/search?query=%E8%96%84%E3%80%85
w_87719fa65c93c9d4,N1,ひしひしと,ひしひしと,"절실히, 절절히(강하게 느끼는 모양)",naver-level-missing;spelling-kana-not-in-jmdict;example-headword-missing;naver-search-unmatched,naver_level_missing,,,,search_unmatched,,,kana-not-in-jmdict,kana form absent from JMdict readings,naver,missing,身の危険を犇犇と感じる,,,https://ja.dict.naver.com/#/search?query=%E3%81%B2%E3%81%97%E3%81%B2%E3%81%97%E3%81%A8
w_d50fdb2a764e035e,N1,食い込む,くいこむ,"(다른 영역, 범위 등에)파고들다",naver-level-missing,naver_level_missing,,,,search_no_jlpt,,食(い)込む,,,naver,surface,さびは鉄に食い込む,,,https://ja.dict.naver.com/#/search?query=%E9%A3%9F%E3%81%84%E8%BE%BC%E3%82%80
w_bd3290eca50bee3f,N1,工面,くめん,자금마련,naver-level-missing,naver_level_missing,,,,search_no_jlpt,,工面,,,naver,surface,ロ：はい、何とかあちこちから資金をやりくりして、やっと工面しました。,,,https://ja.dict.naver.com/#/search?query=%E5%B7%A5%E9%9D%A2
w_266cc2957a7a7159,N1,思い返す,おもいかえす,돌아보다,naver-level-missing,naver_level_missing,,,,search_no_jlpt,,思い返す,,,naver,surface,先生に注意されて思い返す,,,https://ja.dict.naver.com/#/search?query=%E6%80%9D%E3%81%84%E8%BF%94%E3%81%99
w_8883080375d6fc63,N1,抱負,ほうふ,포부,naver-level-missing,naver_level_missing,,,,search_no_jlpt,,抱負,,,naver,surface,抱負が大きい,,,https://ja.dict.naver.com/#/search?query=%E6%8A%B1%E8%B2%A0
w_853cd2683b5ec7b5,N1,押し込む,おしこむ,밀어 넣다,naver-level-missing,naver_level_missing,,,,match,N1,押(し)込む,,,naver,surface,戸のすき間に新聞を押し込む.,,,https://ja.dict.naver.com/#/search?query=%E6%8A%BC%E3%81%97%E8%BE%BC%E3%82%80
w_0a296f21cc4bcccb,N1,手薄な,てうすな,"허술한,불충분한",naver-level-missing;naver-search-unmatched,naver_level_missing,,,,search_unmatched,,,derived-form,base=手薄 suffix=な,naver,surface,辺境の守備が手薄な隙を狙って、敵軍が攻め寄せてきた。,,,https://ja.dict.naver.com/#/search?query=%E6%89%8B%E8%96%84%E3%81%AA
w_2e4bd2c194875bdf,N1,画一的な,かくいつてきな,획일적인,naver-level-missing;naver-search-unmatched,naver_level_missing,,,,search_unmatched,,,derived-form,base=画一的 suffix=な,naver,surface,この製品は、従来の車の画一的なデザインから、大きく外れている。,,,https://ja.dict.naver.com/#/search?query=%E7%94%BB%E4%B8%80%E7%9A%84%E3%81%AA
w_b632b45f0b30d03e,N1,打ち切る,うちきる,중지하다,naver-level-missing,naver_level_missing,,,,match,N1,打(ち)切る,,,naver,surface,時間がない。それで討論を打ち切る,,,https://ja.dict.naver.com/#/search?query=%E6%89%93%E3%81%A1%E5%88%87%E3%82%8B
w_22fa9db764d33512,N1,驚嘆する,きょうたんする,"경탄하다, 놀라다",naver-level-missing;naver-search-unmatched,naver_level_missing,,,,search_unmatched,,,derived-form,base=驚嘆 suffix=する,naver,surface,非凡な技に驚嘆する,,,https://ja.dict.naver.com/#/search?query=%E9%A9%9A%E5%98%86%E3%81%99%E3%82%8B
w_bc10256c90a28adf,N1,すべすべ,すべすべ,"(사물, 피부 등)매끈매끈한 모양",naver-level-missing,naver_level_missing,,,,search_no_jlpt,,滑滑,,,naver,surface,肌がすべすべになる,,,https://ja.dict.naver.com/#/search?query=%E3%81%99%E3%81%B9%E3%81%99%E3%81%B9
w_6e5945c0cdea6719,N1,会心,かいしん,"회심,만족스러움",naver-level-missing,naver_level_missing,,,,search_no_jlpt,,会心,,,naver,surface,会心の笑みを浮かべる[もらす].,,,https://ja.dict.naver.com/#/search?query=%E4%BC%9A%E5%BF%83
w_be035463f7a68af0,N1,つかの間,つかのま,"잠깐, 순간",naver-level-missing,naver_level_missing,,,,match,N1,束の間,,,naver,surface,ロ：はい。つかの間ではありますが日常を離れて楽しい時間を過ごしました。,,,https://ja.dict.naver.com/#/search?query=%E3%81%A4%E3%81%8B%E3%81%AE%E9%96%93
w_c6154fb9cdd3820f,N1,安らぐ,やすらぐ,평온해지다,naver-level-missing,naver_level_missing,,,,search_no_jlpt,,安らぐ,,,naver,surface,何故か心が安らぐ,,,https://ja.dict.naver.com/#/search?query=%E5%AE%89%E3%82%89%E3%81%90
w_75a1c52f3188946d,N1,和らぐ,やわらぐ,누그러지다,naver-level-missing,naver_level_missing,,,,search_no_jlpt,,和らぐ,,,naver,surface,"痛みがやむ[ひどい, 和らぐ]",,,https://ja.dict.naver.com/#/search?query=%E5%92%8C%E3%82%89%E3%81%90
w_3875cd9260023e61,N1,折り返す,おりかえす,"접어 되돌리다, 되접다",naver-level-missing,naver_level_missing,,,,match,N1,折(り)返す,,,naver,surface,9番をイーグルとして折り返すと、後半もバーディラッシュを見せた。,,,https://ja.dict.naver.com/#/search?query=%E6%8A%98%E3%82%8A%E8%BF%94%E3%81%99
w_0968a3e2189db9bd,N1,振り出し,ふりだし,"출발점, 처음",naver-level-missing,naver_level_missing,,,,match,N1,振(り)出し,,,naver,surface,振り出しを誤る,,,https://ja.dict.naver.com/#/search?query=%E6%8C%AF%E3%82%8A%E5%87%BA%E3%81%97
w_b3c086e0282accc3,N1,貧富,ひんぷ,빈부,naver-level-missing,naver_level_missing,,,,search_no_jlpt,,貧富,,,naver,surface,貧富の格差が広がる,,,https://ja.dict.naver.com/#/search?query=%E8%B2%A7%E5%AF%8C
w_76ee119df1959c53,N1,打ち消し,うちけし,"부정, 취소",naver-level-missing,naver_level_missing,,,,match,N1,打(ち)消し,,,naver,surface,疑惑の打ち消しに躍起になっている,,,https://ja.dict.naver.com/#/search?query=%E6%89%93%E3%81%A1%E6%B6%88%E3%81%97
w_964a437b76d2daca,N1,目論む,もくろむ,"계획하다, 꾀하다",naver-level-missing,naver_level_missing,,,,search_no_jlpt,,目論む,,,naver,surface,売り上げの倍増を目論む,,,https://ja.dict.naver.com/#/search?query=%E7%9B%AE%E8%AB%96%E3%82%80
w_78527b9c49a89cb7,N1,身振り,みぶり,몸짓,naver-level-missing,naver_level_missing,,,,match,N1,身振(り),,,naver,surface,青年のおどけた身振りに娘だちがくすくす(と)笑っている.,,,https://ja.dict.naver.com/#/search?query=%E8%BA%AB%E6%8C%AF%E3%82%8A
w_31f4692464cdb99c,N1,投げ出す,なげだす,"내던지다, 포기하다",naver-level-missing,naver_level_missing,,,,match,N1,投(げ)出す,,,naver,surface,試合を投げ出すわけにはいかない,,,https://ja.dict.naver.com/#/search?query=%E6%8A%95%E3%81%92%E5%87%BA%E3%81%99
w_09e30de4c3a09644,N1,閑静な,かんせいな,"한적한,조용한",naver-level-missing;naver-search-unmatched,naver_level_missing,,,,search_unmatched,,,derived-form,base=閑静 suffix=な,naver,surface,壮麗なアールヌーボー建築が並ぶ閑静な住宅街を訪ねる,,,https://ja.dict.naver.com/#/search?query=%E9%96%91%E9%9D%99%E3%81%AA
w_68438d9afaf144c8,N1,籠もる,こもる,"틀어박히다, 가득 차다",naver-level-missing,naver_level_missing,,,,match,N1,籠(も)る·隠る·篭る,,,naver,surface,タバコの煙が部屋に籠もる,,,https://ja.dict.naver.com/#/search?query=%E7%B1%A0%E3%82%82%E3%82%8B
w_7b77229d7578e77d,N1,そっぽ,そっぽ,"외면, 딴 쪽",example-headword-missing,match,N1,外方,そっぽ,,,,,,naver,missing,外方を見る,,다른 쪽;딴 쪽,https://ja.dict.naver.com/#/search?query=%E3%81%9D%E3%81%A3%E3%81%BD
w_44df893bc2c36040,N1,踏まえる,ふまえる,"근거로 하다, 바탕으로 삼다",naver-level-missing,naver_level_missing,,,,match,N1,踏まえる,,,naver,surface,二足で大地をしっかりと踏まえる.,,,https://ja.dict.naver.com/#/search?query=%E8%B8%8F%E3%81%BE%E3%81%88%E3%82%8B
w_efa6b163ce61f14d,N1,治まる,おさまる,"진정되다, 평온해지다",naver-level-missing,naver_level_missing,,,,match,N1,治(ま)る,,,naver,surface,閨門が治まる,,,https://ja.dict.naver.com/#/search?query=%E6%B2%BB%E3%81%BE%E3%82%8B
w_3ef542ab80d5d7a6,N1,督促,とくそく,독촉,naver-level-missing,naver_level_missing,,,,search_no_jlpt,,督促,,,naver,surface,借金の返済を督促する,,,https://ja.dict.naver.com/#/search?query=%E7%9D%A3%E4%BF%83
w_3ed43a6a0116d395,N1,かさばる,かさばる,부피가 커지다,example-headword-missing,match,N1,嵩張る,かさばる,,,,,,naver,missing,容器が大きいので嵩張る,,부피가 커지다,https://ja.dict.naver.com/#/search?query=%E3%81%8B%E3%81%95%E3%81%B0%E3%82%8B
w_6e2910d8d4a26c4c,N1,仕上がる,しあがる,"마무리되다,완성되다",naver-level-missing;level-mismatch-confirmed,naver_level_missing,,,,mismatch,N3,仕上(が)る,,,naver,surface,綺麗に仕上がる,,,https://ja.dict.naver.com/#/search?query=%E4%BB%95%E4%B8%8A%E3%81%8C%E3%82%8B
w_824169b48644bb9e,N1,粘り強い,ねばりづよい,끈기있다,naver-level-missing,naver_level_missing,,,,search_no_jlpt,,粘り強い,,,naver,surface,ロ：妻の粘り強い説得に負けてしまいました。,,,https://ja.dict.naver.com/#/search?query=%E7%B2%98%E3%82%8A%E5%BC%B7%E3%81%84
w_e94ee9b4c7e51003,N1,華々しい,はなばなしい,화려하다,naver-level-missing;naver-search-unmatched,naver_level_missing,,,,search_unmatched,,,,,naver,surface,過去の業績が華々しい。,,,https://ja.dict.naver.com/#/search?query=%E8%8F%AF%E3%80%85%E3%81%97%E3%81%84
w_ff6f3ce8eeae9213,N1,丹念な,たんねんな,"정성스런,꼼꼼한",naver-level-missing;naver-search-unmatched,naver_level_missing,,,,search_unmatched,,,derived-form,base=丹念 suffix=な,naver,surface,丹念な取材に基づいて執筆する,,,https://ja.dict.naver.com/#/search?query=%E4%B8%B9%E5%BF%B5%E3%81%AA
w_801a4ef078453053,N1,無闇に,むやみに,"함부로, 마구",naver-level-missing,naver_level_missing,,,,search_no_jlpt,,無闇に,,,naver,surface,無闇に山の 木を切る,,,https://ja.dict.naver.com/#/search?query=%E7%84%A1%E9%97%87%E3%81%AB
w_922352fdc37d1ea2,N1,克明な,こくめいな,"극명한,매우세밀한",naver-level-missing;naver-search-unmatched,naver_level_missing,,,,search_unmatched,,,derived-form,base=克明 suffix=な,naver,surface,克明な描写,,,https://ja.dict.naver.com/#/search?query=%E5%85%8B%E6%98%8E%E3%81%AA
w_4a9ade7c35cb2e1c,N1,克明に,こくめいに,극명하게,naver-level-missing;naver-search-unmatched,naver_level_missing,,,,search_unmatched,,,derived-form,base=克明 suffix=に,naver,surface,その場の場景を克明に述べる,,,https://ja.dict.naver.com/#/search?query=%E5%85%8B%E6%98%8E%E3%81%AB
w_c99b250de4d4b4d7,N1,性急な,せいきゅうな,성급한,naver-level-missing;naver-search-unmatched,naver_level_missing,,,,search_unmatched,,,derived-form,base=性急 suffix=な,naver,surface,ロ：結婚は慎重に考えて決定すべき問題なのに、少し性急なようだ。,,,https://ja.dict.naver.com/#/search?query=%E6%80%A7%E6%80%A5%E3%81%AA
w_172fd92e8ecb7d1a,N1,雑踏,ざっとう,혼잡,naver-level-missing,naver_level_missing,,,,search_no_jlpt,,雑踏·雑沓·雑鬧,,,naver,surface,犯人は雑踏に紛れて逃走した.,,,https://ja.dict.naver.com/#/search?query=%E9%9B%91%E8%B8%8F
w_fe5fee1184b27dda,N1,予断,よだん,"예단,예측",naver-level-missing,naver_level_missing,,,,search_no_jlpt,,予断,,,naver,surface,手術は成功したが、容体はまだ予断を許さない,,,https://ja.dict.naver.com/#/search?query=%E4%BA%88%E6%96%AD
w_a1d9755cc987ac8b,N1,諭す,さとす,잘 타이르다,naver-level-missing,naver_level_missing,,,,search_no_jlpt,,諭す,,,naver,surface,情理を尽くして説く[諭す].,,,https://ja.dict.naver.com/#/search?query=%E8%AB%AD%E3%81%99
w_c9278b57465a3ff2,N1,俄には,にわかには,갑자기는,naver-level-missing;naver-search-unmatched,naver_level_missing,,,,search_unmatched,,,derived-form,base=俄に suffix=は,naver,surface,俄には答えられない,,,https://ja.dict.naver.com/#/search?query=%E4%BF%84%E3%81%AB%E3%81%AF
w_a9aa64177475f988,N1,目覚ましい,めざましい,"눈부시다,주목할만하다",naver-level-missing,naver_level_missing,,,,match,N1,目覚(ま)しい,,,naver,surface,近年、フリーアナウンサーの活躍が目覚ましい,,,https://ja.dict.naver.com/#/search?query=%E7%9B%AE%E8%A6%9A%E3%81%BE%E3%81%97%E3%81%84
w_35a3b3ff903aca56,N1,筋道,すじみち,"조리, 사리",naver-level-missing,naver_level_missing,,,,search_no_jlpt,,筋道,,,naver,surface,筋道が通った話,,,https://ja.dict.naver.com/#/search?query=%E7%AD%8B%E9%81%93
w_e0dadf78d7783865,N1,翻す,ひるがえす,"뒤집다,번복하다",naver-level-missing,naver_level_missing,,,,search_no_jlpt,,翻す,,,naver,surface,前説を翻す[くつがえす],,,https://ja.dict.naver.com/#/search?query=%E7%BF%BB%E3%81%99
w_09df22599f2680a8,N1,ずっしりと,ずっしりと,"묵직한 모습, 무거운 느낌",naver-level-missing;spelling-kana-not-in-jmdict;naver-search-unmatched,naver_level_missing,,,,search_unmatched,,,kana-not-in-jmdict,kana form absent from JMdict readings,naver,surface,ずっしりとした鉄の塊。,,,https://ja.dict.naver.com/#/search?query=%E3%81%9A%E3%81%A3%E3%81%97%E3%82%8A%E3%81%A8
w_6b948cdc85f0fd17,N1,潤す,うるおす,"축축하게 하다, 적시다",naver-level-missing,naver_level_missing,,,,search_no_jlpt,,潤す·湿す,,,naver,surface,溶けた雪が土を潤す,,,https://ja.dict.naver.com/#/search?query=%E6%BD%A4%E3%81%99
w_0ac774f928c1e0ad,N1,嫌み,いやみ,불쾌한언행; 불쾌한 언행,naver-level-missing,naver_level_missing,,,,match,N1,嫌み·厭み,,,naver,surface,嫌みを言ったらすねて帰ってしまった.,,,https://ja.dict.naver.com/#/search?query=%E5%AB%8C%E3%81%BF
w_7e95c5f151ec1f1e,N1,心無い,こころない,"철이없다,매정하다",naver-level-missing,naver_level_missing,,,,search_no_jlpt,,心無い,,,naver,surface,心無いことをしでかしたものだ.,,,https://ja.dict.naver.com/#/search?query=%E5%BF%83%E7%84%A1%E3%81%84
w_4be7d80710b29123,N1,切り出す,きりだす,말을꺼내다,naver-level-missing,naver_level_missing,,,,search_no_jlpt,,切(り)出す,,,naver,surface,間を見計らって切り出す,,,https://ja.dict.naver.com/#/search?query=%E5%88%87%E3%82%8A%E5%87%BA%E3%81%99
w_fac3d8bca8a39cc2,N1,食い違う,くいちがう,엇갈리다,naver-level-missing,naver_level_missing,,,,match,N1,食(い)違う,,,naver,surface,双方の意見が食い違う,,,https://ja.dict.naver.com/#/search?query=%E9%A3%9F%E3%81%84%E9%81%95%E3%81%86
w_f7150303f9f13754,N1,じめじめする,じめじめする,축축하다,naver-level-missing;spelling-kana-not-in-jmdict;naver-search-unmatched,naver_level_missing,,,,search_unmatched,,,kana-not-in-jmdict,kana form absent from JMdict readings,naver,surface,服がじめじめする。,,,https://ja.dict.naver.com/#/search?query=%E3%81%98%E3%82%81%E3%81%98%E3%82%81%E3%81%99%E3%82%8B
w_f5b42e7ccb49c9c7,N1,張り合う,はりあう,"겨루다,경쟁하다",naver-level-missing,naver_level_missing,,,,match,N1,張(り)合う,,,naver,surface,主役を張り合う,,,https://ja.dict.naver.com/#/search?query=%E5%BC%B5%E3%82%8A%E5%90%88%E3%81%86
w_2c8d1ad60751c042,N1,秘める,ひめる,"숨기다,감추다",naver-level-missing,naver_level_missing,,,,search_no_jlpt,,秘める,,,naver,surface,本音を秘める,,,https://ja.dict.naver.com/#/search?query=%E7%A7%98%E3%82%81%E3%82%8B
w_b0a6a9e3176bf9e1,N1,憤る,いきどおる,"분노하다, 분개하다",naver-level-missing,naver_level_missing,,,,search_no_jlpt,,憤る,,,naver,surface,世の不正を憤る.,,,https://ja.dict.naver.com/#/search?query=%E6%86%A4%E3%82%8B
w_f2ad7e17b7d9da41,N1,へとへと,へとへと,기진맥진,naver-level-missing,naver_level_missing,,,,search_no_jlpt,,へとへと,,,naver,surface,ジスは食べたものをほとんど吐いた後、へとへとになって寝ころんだ。,,,https://ja.dict.naver.com/#/search?query=%E3%81%B8%E3%81%A8%E3%81%B8%E3%81%A8
w_f8e92c4c88241b90,N1,侮る,あなどる,무시하다,naver-level-missing,naver_level_missing,,,,search_no_jlpt,,侮る,,,naver,surface,侮るような態度を取る,,,https://ja.dict.naver.com/#/search?query=%E4%BE%AE%E3%82%8B
w_7227e9235d383269,N1,押し切る,おしきる,"강행하다, 밀어붙이다",naver-level-missing,naver_level_missing,,,,match,N1,押(し)切る,,,naver,surface,根性で押し切る。,,,https://ja.dict.naver.com/#/search?query=%E6%8A%BC%E3%81%97%E5%88%87%E3%82%8B
w_75fe6fbac6e7ce8b,N1,貶される,けなされる,비난을 받다,naver-level-missing;spelling-surface-not-in-jmdict;naver-search-unmatched,naver_level_missing,,,,search_unmatched,,,surface-not-in-jmdict,no JMdict kanji form matches this surface,naver,reading,ロ：これだから海外に行って私たちが一緒にけなされるのよ。,,,https://ja.dict.naver.com/#/search?query=%E8%B2%B6%E3%81%95%E3%82%8C%E3%82%8B
w_57c108f507b24abb,N1,納まる,おさまる,"수습되다, 납입되다",naver-level-missing,naver_level_missing,,,,match,N1,納(ま)る,,,naver,surface,国庫に納まる,,,https://ja.dict.naver.com/#/search?query=%E7%B4%8D%E3%81%BE%E3%82%8B
w_85e027b82c699ab9,N1,差し掛かる,さしかかる,"다다르다, 접어들다",naver-level-missing,naver_level_missing,,,,match,N1,差(し)掛かる,,,naver,surface,山道に差し掛かる.,,,https://ja.dict.naver.com/#/search?query=%E5%B7%AE%E3%81%97%E6%8E%9B%E3%81%8B%E3%82%8B
w_66f9326ae7b0b791,N1,見合わせる,みあわせる,보류하다,naver-level-missing,naver_level_missing,,,,match,N1,見合(わ)せる,,,naver,surface,大事をとって見合わせる,,,https://ja.dict.naver.com/#/search?query=%E8%A6%8B%E5%90%88%E3%82%8F%E3%81%9B%E3%82%8B
w_04b273485f341a91,N1,忍ぶ,しのぶ,"숨다,견디다",naver-level-missing,naver_level_missing,,,,search_no_jlpt,,忍ぶ,,,naver,surface,忍ぶ者に幸があるのだ.,,,https://ja.dict.naver.com/#/search?query=%E5%BF%8D%E3%81%B6
w_d81776d517d67f96,N1,見落とす,みおとす,간과하다,naver-level-missing,naver_level_missing,,,,match,N1,見落(と)す,,,naver,surface,そんな誤りを見落とすとは迂闊だった,,,https://ja.dict.naver.com/#/search?query=%E8%A6%8B%E8%90%BD%E3%81%A8%E3%81%99
w_95dcaf9c2e9062b9,N1,取り立てる,とりたてる,(빚을) 받아내다; 발탁하다,naver-level-missing,naver_level_missing,,,,match,N1,取(り)立てる,,,naver,surface,税金を取り立てる.,,,https://ja.dict.naver.com/#/search?query=%E5%8F%96%E3%82%8A%E7%AB%8B%E3%81%A6%E3%82%8B
w_ac2312063a365246,N1,有耶無耶に,うやむやに,"흐지부지하게, 애매하게",naver-level-missing;naver-search-unmatched,naver_level_missing,,,,search_unmatched,,,derived-form,base=有耶無耶 suffix=に,naver,reading,キムさんは、自分をめぐる噂について解明するつもりはなく、うやむやにもみ消そうとするばかりだ。,,,https://ja.dict.naver.com/#/search?query=%E6%9C%89%E8%80%B6%E7%84%A1%E8%80%B6%E3%81%AB
w_e680ce9adf7c863a,N1,気掛かり,きがかり,"걱정, 근심",naver-level-missing,naver_level_missing,,,,search_no_jlpt,,気掛(か)り·気懸(か)り,,,naver,alt_form,気がかりなことと心配事。,,,https://ja.dict.naver.com/#/search?query=%E6%B0%97%E6%8E%9B%E3%81%8B%E3%82%8A
w_a4092744f57bc1a2,N1,かぶれる,かぶれる,"영향을 받다, 피부가 짓무르다",example-headword-missing,match,N1,気触れる,かぶれる,,,,,,naver,missing,薬品に気触れる,,타다;독한 기운에 쐬어서 염증이 생기다;감화를 받다;물들다,https://ja.dict.naver.com/#/search?query=%E3%81%8B%E3%81%B6%E3%82%8C%E3%82%8B
w_0e945f50fef8ccd1,N1,ぎくしゃくする,ぎくしゃくする,"원활하지 못하다, 껄끄럽다",naver-level-missing;spelling-kana-not-in-jmdict;naver-search-unmatched,naver_level_missing,,,,search_unmatched,,,kana-not-in-jmdict,kana form absent from JMdict readings,naver,surface,会話がぎくしゃくする,,,https://ja.dict.naver.com/#/search?query=%E3%81%8E%E3%81%8F%E3%81%97%E3%82%83%E3%81%8F%E3%81%99%E3%82%8B
w_44db7429578a8638,N1,ティッシュペーパー,ティッシュペーパー,티슈 페이퍼,naver-level-missing,naver_level_missing,,,,search_no_jlpt,,ティッシュペーパー,,,naver,surface,ティッシュペーパーを捨てる。,,,https://ja.dict.naver.com/#/search?query=%E3%83%86%E3%82%A3%E3%83%83%E3%82%B7%E3%83%A5%E3%83%9A%E3%83%BC%E3%83%91%E3%83%BC
w_26dddb87b1e72021,N1,差し引く,さしひく,"공제하다,차감하다",naver-level-missing;level-mismatch-confirmed,naver_level_missing,,,,mismatch,N2,差(し)引く,,,naver,surface,月給から税金を差し引く,,,https://ja.dict.naver.com/#/search?query=%E5%B7%AE%E3%81%97%E5%BC%95%E3%81%8F
w_67e9a28d0777853f,N1,戸締まり,とじまり,문단속,naver-level-missing,naver_level_missing,,,,match,N1,戸閉(ま)り·戸締(ま)り,,,naver,surface,ロ：はい。戸締まりをちゃんとします。,,,https://ja.dict.naver.com/#/search?query=%E6%88%B8%E7%B7%A0%E3%81%BE%E3%82%8A
w_dd5d74cfd523e4b5,N1,浮かれる,うかれる,"들뜨다,신나다",naver-level-missing,naver_level_missing,,,,search_no_jlpt,,浮(か)れる,,,naver,surface,酒に酔って浮かれる,,,https://ja.dict.naver.com/#/search?query=%E6%B5%AE%E3%81%8B%E3%82%8C%E3%82%8B
w_c062f1fced55c802,N1,賜る,たまわる,"허가하다, 주다",naver-level-missing,naver_level_missing,,,,match,N1,賜(わ)る·給(わ)る,,,naver,surface,もったいないお言葉を賜る,,,https://ja.dict.naver.com/#/search?query=%E8%B3%9C%E3%82%8B
w_bfb7067491b01b15,N1,培う,つちかう,"기르다,배양하다",naver-level-missing,naver_level_missing,,,,search_no_jlpt,,培う,,,naver,surface,学力を培う,,,https://ja.dict.naver.com/#/search?query=%E5%9F%B9%E3%81%86
w_a5aecb63abc015f0,N1,宥める,なだめる,달래다,naver-level-missing,naver_level_missing,,,,search_no_jlpt,,宥める,,,naver,surface,泣く子を宥める,,,https://ja.dict.naver.com/#/search?query=%E5%AE%A5%E3%82%81%E3%82%8B
w_76936c9c142f0a2c,N1,焦げ茶,こげちゃ,짙은 갈색,naver-level-missing,naver_level_missing,,,,match,N1,焦(げ)茶,,,naver,surface,焦げ茶の靴,,,https://ja.dict.naver.com/#/search?query=%E7%84%A6%E3%81%92%E8%8C%B6
w_47edcddb0f1d2f8d,N1,てきぱき,てきぱき,척척,naver-level-missing,naver_level_missing,,,,search_no_jlpt,,てきぱき,,,naver,surface,ユミンは私が聞いた質問にてきぱきと答えた。,,,https://ja.dict.naver.com/#/search?query=%E3%81%A6%E3%81%8D%E3%81%B1%E3%81%8D
w_661ff696389aa9c8,N1,差し支える,さしつかえる,"지장을 주다, 방해되다",naver-level-missing,naver_level_missing,,,,match,N1,差(し)支える,,,naver,surface,学業に差し支える,,,https://ja.dict.naver.com/#/search?query=%E5%B7%AE%E3%81%97%E6%94%AF%E3%81%88%E3%82%8B
w_8f12e829bd3a3c60,N1,せかせかと,せかせかと,"조급히, 분주히",naver-level-missing;spelling-kana-not-in-jmdict;naver-search-unmatched,naver_level_missing,,,,search_unmatched,,,kana-not-in-jmdict,kana form absent from JMdict readings,naver,surface,せかせかと行動する,,,https://ja.dict.naver.com/#/search?query=%E3%81%9B%E3%81%8B%E3%81%9B%E3%81%8B%E3%81%A8
w_216be17021a4cb21,N1,疎らだ,まばらだ,"드문드문 있다, 듬성듬성하다",naver-level-missing;naver-search-unmatched,naver_level_missing,,,,search_unmatched,,,derived-form,base=疎ら suffix=だ,naver,reading,席がまばらだ。,,,https://ja.dict.naver.com/#/search?query=%E7%96%8E%E3%82%89%E3%81%A0
w_b44f6e2cbf845631,N1,行き届く,ゆきとどく,구석구석 빈틈없이 미치다,naver-level-missing,naver_level_missing,,,,search_no_jlpt,,行(き)届く,,,naver,surface,細かいところまで注意が行き届く,,,https://ja.dict.naver.com/#/search?query=%E8%A1%8C%E3%81%8D%E5%B1%8A%E3%81%8F
w_f6c6f0f0cad6ce74,N1,注意深い,ちゅういぶかい,"주의깊다,신중하다",naver-level-missing,naver_level_missing,,,,search_no_jlpt,,注意深い,,,naver,surface,妻は舅御と注意深い性格が全く同じだ。,,,https://ja.dict.naver.com/#/search?query=%E6%B3%A8%E6%84%8F%E6%B7%B1%E3%81%84
w_ffa6380de41f7285,N1,重々しい,おもおもしい,"엄숙하다,위엄이있다",naver-level-missing;naver-search-unmatched,naver_level_missing,,,,search_unmatched,,,,,naver,surface,ユーモアは、何か重々しいことを言う時の手段にもなる。(T・S・エリオット),,,https://ja.dict.naver.com/#/search?query=%E9%87%8D%E3%80%85%E3%81%97%E3%81%84
w_de38f40ed9a6b750,N1,解れる,ほぐれる,"(매듭, 엉킴, 긴장, 기분, 몸 등이)풀리다",naver-level-missing,naver_level_missing,,,,search_no_jlpt,,解れる,,,naver,surface,気分が解れる,,,https://ja.dict.naver.com/#/search?query=%E8%A7%A3%E3%82%8C%E3%82%8B
w_73d48198071da2ca,N1,人波,ひとなみ,인파,naver-level-missing,naver_level_missing,,,,search_no_jlpt,,人波,,,naver,surface,人波にもまれる.,,,https://ja.dict.naver.com/#/search?query=%E4%BA%BA%E6%B3%A2
w_a938db468d00df23,N1,取り次ぐ,とりつぐ,(전화를)연결하다,naver-level-missing,naver_level_missing,,,,match,N1,取(り)次ぐ,,,naver,surface,電話を取り次ぐ間切れたら、かけ直してください。,,,https://ja.dict.naver.com/#/search?query=%E5%8F%96%E3%82%8A%E6%AC%A1%E3%81%90
w_e69fbb37694a99ab,N1,煌々と,こうこうと,"환하게, 밝게",naver-level-missing;naver-search-unmatched,naver_level_missing,,,,search_unmatched,,,derived-form,base=煌々 suffix=と,naver,surface,店の看板が街中を煌々と照らした。,,,https://ja.dict.naver.com/#/search?query=%E7%85%8C%E3%80%85%E3%81%A8
w_581a28544054818a,N1,摩る,さする,"문지르다, 쓰다듬다",example-headword-missing,match,N1,摩る·擦る,さする,,,,,,naver,missing,レンズを摩する,,가볍게 문지르다;어루만지다,https://ja.dict.naver.com/#/search?query=%E6%91%A9%E3%82%8B
w_fda9a7c006a71d7e,N1,物々しい,ものものしい,삼엄하다,naver-level-missing,naver_level_missing,,,,search_no_jlpt,,物々しい,,,naver,surface,警察は囚人の脱出を防ぐために、移監に行く途中でも物々しい監視を行った。,,,https://ja.dict.naver.com/#/search?query=%E7%89%A9%E3%80%85%E3%81%97%E3%81%84
w_26c9a265e9fbed9e,N1,自ずから,おのずから,"저절로, 자연히",naver-level-missing,naver_level_missing,,,,match,N1,自ずから·自ら,,,naver,surface,自ずから尊敬の念が生ずる,,,https://ja.dict.naver.com/#/search?query=%E8%87%AA%E3%81%9A%E3%81%8B%E3%82%89
w_26d81f5679705394,N1,寛ぐ,くつろぐ,"느긋이, 편하게 쉬다",naver-level-missing,naver_level_missing,,,,search_no_jlpt,,寛ぐ,,,naver,surface,ソファーで寛ぐ,,,https://ja.dict.naver.com/#/search?query=%E5%AF%9B%E3%81%90
w_9e9920009cc9ad91,N1,がやがや,がやがや,"여럿이 시끄럽게 떠드는 모양, 왁자지껄",naver-level-missing,naver_level_missing,,,,search_no_jlpt,,がやがや,,,naver,surface,子供たちががやがやと騒ぐ音で目が覚めた。,,,https://ja.dict.naver.com/#/search?query=%E3%81%8C%E3%82%84%E3%81%8C%E3%82%84
w_58e7dc3697f3b7ef,N1,へりくだる,へりくだる,겸손하게 굴다,example-headword-missing,match,N1,謙る·遜る,へりくだる,,,,,,naver,missing,謙ることで円滑なコミュニケーションを図る,,겸양하다;자기를 낮추다,https://ja.dict.naver.com/#/search?query=%E3%81%B8%E3%82%8A%E3%81%8F%E3%81%A0%E3%82%8B
w_161922e34fc9dd4e,N1,否む,いなむ,"부정하다,거부하다",naver-level-missing,naver_level_missing,,,,search_no_jlpt,,否む·辞む,,,naver,surface,申し出を無下に否むわけにもいかない,,,https://ja.dict.naver.com/#/search?query=%E5%90%A6%E3%82%80
w_7fb6d2487bdbf821,N1,積み立てる,つみたてる,적립하다,naver-level-missing,naver_level_missing,,,,search_no_jlpt,,積(み)立てる,,,naver,surface,旅行の費用を積み立てる,,,https://ja.dict.naver.com/#/search?query=%E7%A9%8D%E3%81%BF%E7%AB%8B%E3%81%A6%E3%82%8B
w_e557218ae2dc353f,N1,思い詰める,おもいつめる,골몰하다,naver-level-missing,naver_level_missing,,,,search_no_jlpt,,思い詰める,,,naver,surface,一途に思い込む; 思い詰める.,,,https://ja.dict.naver.com/#/search?query=%E6%80%9D%E3%81%84%E8%A9%B0%E3%82%81%E3%82%8B
w_acc5104c96bffa73,N1,歴然と,れきぜんと,"역연히,또렷하게",naver-level-missing;naver-search-unmatched,naver_level_missing,,,,search_unmatched,,,derived-form,base=歴然 suffix=と,naver,surface,絞殺の跡が歴然と残っている.,,,https://ja.dict.naver.com/#/search?query=%E6%AD%B4%E7%84%B6%E3%81%A8
w_8fa803c957f558d8,N1,商う,あきなう,장사하다,naver-level-missing,naver_level_missing,,,,search_no_jlpt,,商う,,,naver,surface,古物を商う.,,,https://ja.dict.naver.com/#/search?query=%E5%95%86%E3%81%86
w_a1fb7fc7bbf38f49,N1,立て替える,たてかえる,대신하여지불하다,naver-level-missing,naver_level_missing,,,,match,N1,立(て)替える,,,naver,surface,会費を立て替えるする,,,https://ja.dict.naver.com/#/search?query=%E7%AB%8B%E3%81%A6%E6%9B%BF%E3%81%88%E3%82%8B
w_a7243fc40025826a,N1,似通う,にかよう,"서로 닮다, 비슷하다",example-headword-missing,match,N1,似通う,にかよう,,,,,,naver,missing,その兄弟は見分けのつかないほど似通っている.,,서로 잘 닮다;서로 비슷하다,https://ja.dict.naver.com/#/search?query=%E4%BC%BC%E9%80%9A%E3%81%86
w_245a981f2fa2fed1,N1,引き落とす,ひきおとす,"당겨서떨어뜨리다,자동납부하다",naver-level-missing,naver_level_missing,,,,search_no_jlpt,,引き落(と)す,,,naver,surface,お金を引き落とす。,,,https://ja.dict.naver.com/#/search?query=%E5%BC%95%E3%81%8D%E8%90%BD%E3%81%A8%E3%81%99
w_12dfafb0839591a3,N1,遅らす,おくらす,"늦추다, 지연시키다",naver-level-missing,naver_level_missing,,,,match,N1,遅らす·後らす,,,naver,surface,開始の時間を遅らす,,,https://ja.dict.naver.com/#/search?query=%E9%81%85%E3%82%89%E3%81%99
w_537486932462a5df,N1,しなびる,しなびる,"시들다, 쪼그라들다",example-headword-missing,match,N1,萎びる,しなびる,,,,,,naver,missing,野菜が萎びる,,이울다;시들다;쭈그러들다,https://ja.dict.naver.com/#/search?query=%E3%81%97%E3%81%AA%E3%81%B3%E3%82%8B
w_1bbdac2276d06c29,N1,受持ち,うけもち,담당,naver-level-missing,naver_level_missing,,,,match,N1,受(け)持ち·受持,,,naver,surface,会計は彼の受持ちだ,,,https://ja.dict.naver.com/#/search?query=%E5%8F%97%E6%8C%81%E3%81%A1
w_5e5058232b1bd8cc,N1,照り返す,てりかえす,"반사하다, 되비치다",naver-level-missing,naver_level_missing,,,,match,N1,照(り)返す,,,naver,surface,夏日を照り返すアスファルトの道,,,https://ja.dict.naver.com/#/search?query=%E7%85%A7%E3%82%8A%E8%BF%94%E3%81%99
