word_id,level,surface,reading_kana,meaning_ko,jp,ko,naver_source_name,naver_example_id,query,score,meaning_hits,target_match,review_flags,source_url
w_006a682a41241ada,N3,森,もり,숲,森の木々が芽を出し始めた,숲의 나무들이 싹을 틔우기 시작했다,민중서림 엣센스 일한사전,356b5dd0bcfb4faa8257b3216afdf30d,森 숲,117,0,surface,한국어 뜻 직접 일치어 없음,https://ja.dict.naver.com/#/search?query=%E6%A3%AE
w_0084c15661be04e0,N2,平凡だ,へいぼんだ,평범하다,練習してはいるが、記録は平凡だ,연습은 하고 있으나 기록은 평범하다,민중서림 엣센스 일한사전,0f24cbbda3f54142b443ec7c6c4d8720,平凡だ 평범하다,134,1,surface,네이버 예문 ID 중복; 일본어 예문 문장 중복,https://ja.dict.naver.com/#/search?query=%E5%B9%B3%E5%87%A1%E3%81%A0
w_00b1716ef6ef3781,N3,運,うん,"운, 운수",しだいに運が向いてきた.,차츰 운이 트이기 시작했다,민중서림 엣센스 한일사전,27231c7a1c8543fc98e4dd5aa75dedb7,運 운 운수,122,0,surface,한국어 뜻 직접 일치어 없음,https://ja.dict.naver.com/#/search?query=%E9%81%8B
w_00b884bb498a4ecb,N1,すべ,すべ,방법,それ以外に説明できる術がないんです。,그 밖에 달리 설명할 방법이 없어요.,사전연구사,4f9d8650fafc4dd6988ee1f531516ec7,すべ 방법,174,1,surface,네이버 예문 ID 중복; 일본어 예문 문장 중복,https://ja.dict.naver.com/#/search?query=%E3%81%99%E3%81%B9
w_00c48216c8344f97,N2,企業,きぎょう,기업,IPO企業の数が増加する,IPO 기업 수가 증가하다,민중서림 엣센스 일한사전,f3a166c3c1aa4216a0783e5bbb89b64f,企業 기업,129,1,surface,네이버 예문 ID 중복; 일본어 예문 문장 중복,https://ja.dict.naver.com/#/search?query=%E4%BC%81%E6%A5%AD
w_011830febbff62c7,N2,床の間,とこのま,"도코노마, 벽감",大きなテレビが床の間に鎮座している,커다란 텔레비전이 床の間에 자리 잡고 있다,교학사 일한사전,1c5ed84865954b5e8d048f7aa4303c4e,床の間,115,0,surface,한국어 뜻 직접 일치어 없음,https://ja.dict.naver.com/#/search?query=%E5%BA%8A%E3%81%AE%E9%96%93
w_01187a1dd0d68172,N3,実力,じつりょく,실력,二人の実力は互角だ.,두 사람의 실력은 호각이다,민중서림 엣센스 한일사전,f776cafe76ac4693bead05d23d89914f,実力 실력,134,1,surface,네이버 예문 ID 중복; 일본어 예문 문장 중복,https://ja.dict.naver.com/#/search?query=%E5%AE%9F%E5%8A%9B
w_013579db55e6a84f,N2,観測,かんそく,관측,満月がひときわ大きく見えるエクストリームスーパームーンが各地で観測された,보름달이 유달리 크게 보이는 익스트림 슈퍼문이 각지에서 관측되었다,민중서림 엣센스 일한사전,fb9aa06a2523472cac896e94dc0d0895,観測 관측,129,1,surface,네이버 예문 ID 중복; 일본어 예문 문장 중복,https://ja.dict.naver.com/#/search?query=%E8%A6%B3%E6%B8%AC
w_013e176627a827e0,N4,凄い,すごい,"훌륭한, 대단한, 큰",外は凄い雨だ,밖은 비가 억수같이 내린다,민중서림 엣센스 일한사전,7fb8be603cef440aa6b255b6548c3b15,凄い,117,0,surface,한국어 뜻 직접 일치어 없음; 네이버 예문 ID 중복; 일본어 예문 문장 중복,https://ja.dict.naver.com/#/search?query=%E5%87%84%E3%81%84
w_01658ab2cabde4e9,N5,もっと,もっと,"좀 더, 더",被害はもっと広がる模様だ.,피해는 좀 더 늘어날 모양이다,민중서림 엣센스 한일사전,9540cc8d6392452c96446dc7e7675d95,もっと 좀 더 더,122,0,surface,한국어 뜻 직접 일치어 없음,https://ja.dict.naver.com/#/search?query=%E3%82%82%E3%81%A3%E3%81%A8
w_016ef21c6de7dbf3,N3,素,もと,"본질, 바탕",日本の家庭では、固形状の「コンソメスープの素」を溶かしてコンソメ味を作ることがほとんどです。,일본의 가정에서는 대부분 고형의 '콘소메 스프의 가루'를 녹여 콩소메 맛을 만든다.,연세대학교 한국어학당 국가별 대표음식,381522fc812a412c9ad1f9cbe0645578,素,156,0,surface,한국어 뜻 직접 일치어 없음,https://ja.dict.naver.com/#/search?query=%E7%B4%A0
w_0182f61cfb3d14c2,N3,主だ,おもだ,주되다,ジスは会社を運営する実権を握っている実質的な主だ。,지수는 회사를 운영의 실권을 쥐고 있는 실질적인 주인이다.,국립국어원 한국어-일본어 학습사전,03d9f5771a124e8cb77199412d4a08ab,主だ 주되다,94,0,surface,한국어 뜻 직접 일치어 없음,https://ja.dict.naver.com/#/search?query=%E4%B8%BB%E3%81%A0
w_01d971bdea79e4f6,N2,混合,こんごう,혼합,スノー・マシーンは，水と空気を混合させてつくった雪の核を散布し，別に散布した水の粒と空中で結合させて人工の雪を降らせる機械である,"스노 머신은 물과 공기를 혼합시켜 만든 눈의 핵을 살포하고, 따로 살포한 물의 알갱이와 공중에서 결합시켜 인공 눈을 내리게 하는 기계이다.",민중서림 엣센스 외래어사전,75f245f418604aeaa3a7da485668bcf0,混合 혼합,134,1,surface,네이버 예문 ID 중복; 일본어 예문 문장 중복,https://ja.dict.naver.com/#/search?query=%E6%B7%B7%E5%90%88
w_01fbc4d975317826,N4,歌,うた,노래,歌や俳句を作る,和歌나 俳句를 지어 읊다,민중서림 엣센스 일한사전,6e4ce6f47432492e86988e10085402ec,歌,97,,,네이버 예문 ID 중복; 일본어 예문 문장 중복,https://ja.dict.naver.com/#/search?query=%E6%AD%8C
w_020d0976fb3b52e1,N4,服,ふく,옷,この服が、ぴったりです。,이 옷이 딱 맞아요. (쇼핑>옷가게/신발가게>입어보기),글로벌회화,e19dcd8e46a044be9eb5866f76bf6cfb,服 옷,120,0,surface,한국어 뜻 직접 일치어 없음,https://ja.dict.naver.com/#/search?query=%E6%9C%8D
w_0244640aa50f62b5,N1,潔い,いさぎよい,"깨끗하다,후련하다",潔い最期を遂げる.,깨끗한 최후를 마치다,민중서림 엣센스 한일사전,14f067ecf94a4004b2eae47d4eeea1ca,潔い,122,0,surface,한국어 뜻 직접 일치어 없음,https://ja.dict.naver.com/#/search?query=%E6%BD%94%E3%81%84
w_02556a9f75b82a91,N1,愛着,あいちゃく,애착,サックスもクラリネットも吹くが，「静かで心にしみる独特の音色」を持つバスーンへの愛着は格別だ,"색소폰도 클라리넷도 불지만, ‘조용하고 마음에 스미는 독특한 음색’을 지닌 바순에 대한 애착은 각별하다.",민중서림 엣센스 외래어사전,108118abb27e4ff0803d1754b0375ca3,愛着 애착,134,1,surface,네이버 예문 ID 중복; 일본어 예문 문장 중복,https://ja.dict.naver.com/#/search?query=%E6%84%9B%E7%9D%80
w_02e655f20b696e34,N2,甘やかす,あまやかす,응석부리게하다,子供を甘やかすと行儀が悪くなる.,애를 응석받이로 기르면 버릇이 나빠진다,민중서림 엣센스 한일사전,0ecedab36d074b65822e7f03ccf7318c,甘やかす,122,0,surface,한국어 뜻 직접 일치어 없음,https://ja.dict.naver.com/#/search?query=%E7%94%98%E3%82%84%E3%81%8B%E3%81%99
w_031eab674a83af74,N3,鉄,てつ,철,この鉱山では鉄を産する,이 광산에서는 철을 산출한다,민중서림 엣센스 일한사전,08f870b474124516b43b8b308596257d,鉄 철,117,0,surface,한국어 뜻 직접 일치어 없음,https://ja.dict.naver.com/#/search?query=%E9%89%84
w_0356a9732a7cd592,N2,真っ先,まっさき,"맨 앞, 제일 먼저",真っ先に食べる,제일 먼저 먹다,민중서림 엣센스 일한사전,78beb6da058c40169d70aad30d161d90,真っ先,163,2,surface,네이버 예문 ID 중복; 일본어 예문 문장 중복,https://ja.dict.naver.com/#/search?query=%E7%9C%9F%E3%81%A3%E5%85%88
w_03788856aa07f183,N2,段階,だんかい,단계,"まだ仮定の段階だから,はっきりしない.",아직 가정의 단계라 확실하지 않다,민중서림 엣센스 한일사전,bdaf1eef79494bdfb56764e7d3e57b46,段階 단계,134,1,surface,네이버 예문 ID 중복; 일본어 예문 문장 중복,https://ja.dict.naver.com/#/search?query=%E6%AE%B5%E9%9A%8E
w_037ca03be8adf4d5,N1,権威,けんい,권위,"権威がなければ,組織の秩序は崩れる.",권위가 없으면 조직의 질서는 무너진다,민중서림 엣센스 한일사전,5bb1c13fecf44bd4a76d29fe7860563b,権威,102,,,네이버 예문 ID 중복; 일본어 예문 문장 중복,https://ja.dict.naver.com/#/search?query=%E6%A8%A9%E5%A8%81
w_039f7bfcf0ee6d00,N1,分配,ぶんぱい,분배,もうけを均等に分配する.,번 것을 균등하게 분배하다,민중서림 엣센스 한일사전,04c3ea3e76754cdd98a4aefcd2402ae3,分配 분배,134,1,surface,네이버 예문 ID 중복; 일본어 예문 문장 중복,https://ja.dict.naver.com/#/search?query=%E5%88%86%E9%85%8D
w_03d5c73ae1fae891,N3,少なくなる,すくなくなる,적어지다,夜になると人影も少なくなる.,밤이 되면 인기척도 드물어진다,민중서림 엣센스 한일사전,55c13e27c3894b669e748389aed007b9,少なくなる 적어지다,122,0,surface,한국어 뜻 직접 일치어 없음,https://ja.dict.naver.com/#/search?query=%E5%B0%91%E3%81%AA%E3%81%8F%E3%81%AA%E3%82%8B
w_03de143ddf3b2084,N5,げんかん,げんかん,현관,玄関の外に外灯をつける.,현관 밖에 외등을 달다,민중서림 엣센스 한일사전,3ca7ccd693b74d56bb53ef6fa66afb0f,げんかん 현관,176,1,surface,네이버 예문 ID 중복; 일본어 예문 문장 중복,https://ja.dict.naver.com/#/search?query=%E3%81%92%E3%82%93%E3%81%8B%E3%82%93
w_03f9f008503dfad8,N1,改革,かいかく,개혁,改革を政策の主軸とする.,개혁을 정책의 주축으로 삼다,민중서림 엣센스 한일사전,6a44749a45104da1a6d9c9fea02f6f48,改革 개혁,134,1,surface,네이버 예문 ID 중복; 일본어 예문 문장 중복,https://ja.dict.naver.com/#/search?query=%E6%94%B9%E9%9D%A9
w_042062561151aeba,N1,打開,だかい,타개,みんな協心して難局を打開する.,모두 협심하여 난국을 타개하다,민중서림 엣센스 한일사전,9d821a8cb5954f9db086e03c7b21a52a,打開 타개,134,1,surface,네이버 예문 ID 중복; 일본어 예문 문장 중복,https://ja.dict.naver.com/#/search?query=%E6%89%93%E9%96%8B
w_0448ba5ff37549ec,N1,牧師,ぼくし,목사,牧師が祝福を与える.,목사가 축복을 해 주다,민중서림 엣센스 한일사전,84026024e94c407b8cb3ec192e43a8a4,牧師 목사,134,1,surface,네이버 예문 ID 중복; 일본어 예문 문장 중복,https://ja.dict.naver.com/#/search?query=%E7%89%A7%E5%B8%AB
w_047f09e5f690de59,N3,地元,じもと,"출신지역,고장,현지",地元で大量に得票する.,출신 지역에서 대량 득표를 하다,민중서림 엣센스 한일사전,020db5f5f7be4e81b3d076a6407c3852,地元 출신지역 고장 현지,134,1,surface,네이버 예문 ID 중복; 일본어 예문 문장 중복,https://ja.dict.naver.com/#/search?query=%E5%9C%B0%E5%85%83
w_04b0da0f7a8c4f26,N1,異例の,いれいの,이례인,異例の待遇を受ける,이례적인[전례 없는] 대우를 받다,민중서림 엣센스 일한사전,72c66bdf3a244a45bbc934d2f4c24fe8,異例の,117,0,surface,한국어 뜻 직접 일치어 없음,https://ja.dict.naver.com/#/search?query=%E7%95%B0%E4%BE%8B%E3%81%AE
w_04b273485f341a91,N1,忍ぶ,しのぶ,"숨다,견디다",忍ぶ者に幸があるのだ.,참는 자에게 복이 있느니,민중서림 엣센스 한일사전,cc889d3225e64efaaef9f72b05923d27,忍ぶ,164,0,surface,한국어 뜻 직접 일치어 없음,https://ja.dict.naver.com/#/search?query=%E5%BF%8D%E3%81%B6
w_04bbfe9d5df156d4,N4,サンダル,サンダル,샌들,彼女は花柄ワンピースに、フリンジが付いたプラットホームサンダルを合わせた,그녀는 꽃무늬 원피스에 술 장식이 달린 통굽 샌들을 매치했다,민중서림 엣센스 일한사전,2bd728d10bf44ddf89aeb4b706e20d1f,サンダル 샌들,134,1,surface,네이버 예문 ID 중복; 일본어 예문 문장 중복,https://ja.dict.naver.com/#/search?query=%E3%82%B5%E3%83%B3%E3%83%80%E3%83%AB
w_04c77a5abf4b153b,N1,緩やか,ゆるやか,"완만하다, 느슨하다",緩やかに下降している,완만하게 하강하고 있다,민중서림 엣센스 일한사전,b77c724560304d608bb9ae6d4b6588ad,緩やか,117,0,surface,한국어 뜻 직접 일치어 없음,https://ja.dict.naver.com/#/search?query=%E7%B7%A9%E3%82%84%E3%81%8B
w_04cb8b3ca633fede,N4,道具,どうぐ,도구,結婚を出世の道具にする.,결혼을 출세의 도구로 삼다,민중서림 엣센스 한일사전,590b79f701cc4b62a8abfad89fd02b1b,道具 도구,134,1,surface,네이버 예문 ID 중복; 일본어 예문 문장 중복,https://ja.dict.naver.com/#/search?query=%E9%81%93%E5%85%B7
w_057776e0e75563f7,N1,傷付く,きずつく,"상처받다, 다치다",心が傷付く,마음에 상처를 입다,교학사 일한사전,2d5f78b977cb490c8f57dbef0ca2774c,傷付く,107,0,surface,한국어 뜻 직접 일치어 없음,https://ja.dict.naver.com/#/search?query=%E5%82%B7%E4%BB%98%E3%81%8F
w_059cf1ada7c04d02,N2,不調だ,ふちょうだ,"상태가나쁘다,부진하다",エンジンが不調だ,엔진 상태가 좋지 않다,민중서림 엣센스 일한사전,a9db66307f7646048828f7709fdd7407,不調だ,117,0,surface,한국어 뜻 직접 일치어 없음,https://ja.dict.naver.com/#/search?query=%E4%B8%8D%E8%AA%BF%E3%81%A0
w_05a049e95e301c2d,N1,能力,のうりょく,능력,"意欲もあり,さらに能力もある",의욕도 있고 더군다나 능력도 있다,민중서림 엣센스 한일사전,ebbb9c6c2c5b4d2aa01a62afb87cad49,能力 능력,134,1,surface,네이버 예문 ID 중복; 일본어 예문 문장 중복,https://ja.dict.naver.com/#/search?query=%E8%83%BD%E5%8A%9B
w_05be6be7e376b26a,N1,じっと見る,じっとみる,가만히 보다,小さな虫一匹さえもじっと見ているとその生命の驚異を再発見することができる。,작은 벌레 하나도 가만히 보고 있으면 그 생명의 경이로움을 재발견할 수 있다.,국립국어원 한국어-일본어 학습사전,6d022fdef0324360ac4a38ef024c9807,じっと見る 가만히 보다,64,1,stem,활용 어간으로만 목표어 확인; 자동 선택 점수 80 미만,https://ja.dict.naver.com/#/search?query=%E3%81%98%E3%81%A3%E3%81%A8%E8%A6%8B%E3%82%8B
w_05fd1eca6f1886bd,N2,祝う,いわう,축하하다,祝の品品,축하를 위한 여러 가지 물건,교학사 일한사전,f447b440c2fd459b8c41ed86d69f9289,祝う 축하하다,8,0,stem,한국어 뜻 직접 일치어 없음; 활용 어간으로만 목표어 확인; 자동 선택 점수 80 미만,https://ja.dict.naver.com/#/search?query=%E7%A5%9D%E3%81%86
w_06339cbe7e38fb2e,N3,状態,じょうたい,"상태, 상황",状態が異常に見える,상태가 이상한 것 같다,민중서림 엣센스 일한사전,ede5e5f2f133438fa6c5a68ec458fcbd,状態 상태 상황,129,1,surface,네이버 예문 ID 중복; 일본어 예문 문장 중복,https://ja.dict.naver.com/#/search?query=%E7%8A%B6%E6%85%8B
w_06502f590cb6c6fe,N2,取り上げる,とりあげる,"집어들다,채택하다",今まさに活動している，スポンティニアスなアーチストを取り上げる雑誌,지금 막 활동하고 있는 자발적인 예술가들을 다루는 잡지.,민중서림 엣센스 외래어사전,2b300d092e5048319b6fa660031d78c2,取り上げる,114,0,surface,한국어 뜻 직접 일치어 없음,https://ja.dict.naver.com/#/search?query=%E5%8F%96%E3%82%8A%E4%B8%8A%E3%81%92%E3%82%8B
w_066f479d049724ea,N3,一秒,いちびょう,1초,一秒の狂いもない.,1초의 오차도 없다,민중서림 엣센스 한일사전,3165aae397bb4e4aaf249e3957556f79,一秒 1초,100,0,surface,한국어 뜻 직접 일치어 없음,https://ja.dict.naver.com/#/search?query=%E4%B8%80%E7%A7%92
w_068aae44916bbad9,N3,券,けん,"표, 증명서",券を買って乗る,표를 사서 타다,민중서림 엣센스 일한사전,8b1c0f922bd64bb28d1c94a226909644,券 표 증명서,117,0,surface,한국어 뜻 직접 일치어 없음,https://ja.dict.naver.com/#/search?query=%E5%88%B8
w_06c3d7fabba14770,N4,お土産,おみやげ,가족이나 친지에게 선물할 목적으로 여행지에서 사 오는 그 지방의 특산 물이나 지인의 집을 방문할 때 고마 움을 표하려고 가지고 가는 물건,現地のお土産を買い忘れた,현지에서 선물 사는 것을 잊었다,민중서림 엣센스 일한사전,4a47dcb7baaf44359c119ce25f1dd01c,お土産,97,0,surface,한국어 뜻 직접 일치어 없음,https://ja.dict.naver.com/#/search?query=%E3%81%8A%E5%9C%9F%E7%94%A3
w_06e9d5004a46e142,N3,飛び出す,とびだす,뛰쳐나가다,普通の物質では，中に飛び出すことのできる電子があっても，熱を加えたり光を当てないと出てこないが，ダイヤモンドは，中の電子が飛び出しやすい性質があることが知られている,"여느 물질에서는 속에 튀어나갈 수 있는 전자가 있어도 열을 가하거나 빛을 비추지 않으면 나오지 않지만, 다이아몬드는 속의 전자가 튀어나가기 쉬운 성질이 있다는 것이 알려져 있다.",민중서림 엣센스 외래어사전,14b35158117e48d0bef0e1bf0b9ae90d,飛び出す,117,0,surface,한국어 뜻 직접 일치어 없음,https://ja.dict.naver.com/#/search?query=%E9%A3%9B%E3%81%B3%E5%87%BA%E3%81%99
w_0744100c4e1f9bac,N2,ダブル,ダブル,더블,彼女は15得点、11リバウンドでダブルダブルを達成した,"그녀는 15득점, 11리바운드로 더블더블을 달성했다",민중서림 엣센스 일한사전,8bdcfdb8aa3c41a6bc86c89ac0592ea0,ダブル 더블,134,1,surface,네이버 예문 ID 중복; 일본어 예문 문장 중복,https://ja.dict.naver.com/#/search?query=%E3%83%80%E3%83%96%E3%83%AB
w_076107c67547b1b9,N1,軸,じく,축,軸にべルトを掛ける.,축에 벨트를 걸다,민중서림 엣센스 한일사전,f562a875d3954bacb1d8c9a4294e9609,軸 축,122,0,surface,한국어 뜻 직접 일치어 없음,https://ja.dict.naver.com/#/search?query=%E8%BB%B8
w_0787d4f6eb05df72,N3,澄む,すむ,"분명한, 맑은(날씨), 되다 투명한",池の水が澄む,연못 물이 말개지다,민중서림 엣센스 한일사전,24e8463f4f5f450c92252da82ee8674b,澄む,109,0,surface,한국어 뜻 직접 일치어 없음,https://ja.dict.naver.com/#/search?query=%E6%BE%84%E3%82%80
w_07c535ca309cce2e,N4,治る,なおる,(병이) 낫다,気血の流れを良し、治る力を高めるのが瀉法である,기혈의 흐름을 좋게 하여 치유력을 높이는 것이 사법이다,민중서림 엣센스 일한사전,1d0e94b4755941d0bef4624f6148c609,治る,102,,,네이버 예문 ID 중복; 일본어 예문 문장 중복,https://ja.dict.naver.com/#/search?query=%E6%B2%BB%E3%82%8B
w_07db4d8b410920a0,N1,解除,かいじょ,해제,自動ログインを設定[解除]する,자동 로그인 기능을 설정[해제]하다,민중서림 엣센스 일한사전,106287eb54b143b5b71dc877a5e09dc7,解除,97,,,네이버 예문 ID 중복; 일본어 예문 문장 중복,https://ja.dict.naver.com/#/search?query=%E8%A7%A3%E9%99%A4
w_0837331ccfed6bde,N2,製造,せいぞう,제조,組み立て部品を製造している,조립 부품을 제조하고 있다,민중서림 엣센스 일한사전,184d2c4e8b8a4f248e5d6462b0c79c53,製造 제조,129,1,surface,네이버 예문 ID 중복; 일본어 예문 문장 중복,https://ja.dict.naver.com/#/search?query=%E8%A3%BD%E9%80%A0
w_0868c5b03add8f4b,N4,公園,こうえん,공원,公園を一回りする,공원을 한 바퀴 돌다,민중서림 엣센스 일한사전,941fc34cc2454f9498a56d2a196447c1,公園,97,,,네이버 예문 ID 중복; 일본어 예문 문장 중복,https://ja.dict.naver.com/#/search?query=%E5%85%AC%E5%9C%92
w_089d30f4097e7fb0,N2,電流,でんりゅう,전류,この電線には二百ボルトの電流が流れている.,이 전선에는 200볼트의 전류가 흐르고 있다,민중서림 엣센스 한일사전,0d5a54e33eeb4c39a3143cec52c81ba0,電流 전류,134,1,surface,네이버 예문 ID 중복; 일본어 예문 문장 중복,https://ja.dict.naver.com/#/search?query=%E9%9B%BB%E6%B5%81
w_089e5e37dd2ccd76,N4,いっしょうけんめい,いっしょうけんめい,열심히,息子と娘を生んで一生懸命暮らした.,아들딸 낳고 열심히 살았다,민중서림 엣센스 한일사전,a18804816137429e9be2545089f34005,いっしょうけんめい 열심히,136,1,surface,네이버 예문 ID 중복; 일본어 예문 문장 중복,https://ja.dict.naver.com/#/search?query=%E3%81%84%E3%81%A3%E3%81%97%E3%82%87%E3%81%86%E3%81%91%E3%82%93%E3%82%81%E3%81%84
w_08d10dee086ef695,N1,粥,かゆ,죽,粥に薄皮ができる.,죽에 더껑이가 지다,민중서림 엣센스 한일사전,deebd0371e784ce49a88793c658263c3,粥 죽,122,0,surface,한국어 뜻 직접 일치어 없음,https://ja.dict.naver.com/#/search?query=%E7%B2%A5
w_090147922bebc86a,N4,火事,かじ,화재,火事が一日に五件あった.,화재가 하루에 다섯 건 있었다,민중서림 엣센스 한일사전,ab90cad601774841ae920759831909d9,火事 화재,134,1,surface,네이버 예문 ID 중복; 일본어 예문 문장 중복,https://ja.dict.naver.com/#/search?query=%E7%81%AB%E4%BA%8B
w_09240cecff085cb3,N2,裏切る,うらぎる,배반하다,裏切者を叩き出す,배반자를 내쫓다,교학사 일한사전,d39647fc833541138c16c47c3a2b8877,裏切る 배반하다,22,0,stem,한국어 뜻 직접 일치어 없음; 활용 어간으로만 목표어 확인; 자동 선택 점수 80 미만,https://ja.dict.naver.com/#/search?query=%E8%A3%8F%E5%88%87%E3%82%8B
w_094490be80a547d0,N4,病院,びょういん,병원,"看病のため,病院で起居した",간병을 위해 병원에서 기거했다,민중서림 엣센스 한일사전,5fed54159e2b4f3eb129d30c754124ea,病院 병원,134,1,surface,네이버 예문 ID 중복; 일본어 예문 문장 중복,https://ja.dict.naver.com/#/search?query=%E7%97%85%E9%99%A2
w_097715018c07e82b,N5,南,みなみ,남(쪽),機首[舳先]を南に向ける.,기수[뱃머리]를 남으로 돌리다,민중서림 엣센스 한일사전,65706d392084450d97ca927e7ba939c0,南 남 쪽,122,0,surface,한국어 뜻 직접 일치어 없음,https://ja.dict.naver.com/#/search?query=%E5%8D%97
w_09b2314aa968b37d,N1,強烈,きょうれつ,강렬함,強烈なビートのロックを演奏する.,강렬한 비트의 록을 연주하다,민중서림 엣센스 한일사전,ad1fb18118a94eccbd642ae21b504604,強烈 강렬함,122,0,surface,한국어 뜻 직접 일치어 없음,https://ja.dict.naver.com/#/search?query=%E5%BC%B7%E7%83%88
w_09cdf9a8f3634a76,N1,快い,こころよい,기분좋다,快いリズムに合わせて、ダンスを踊る,경쾌한[흥겨운] 리듬에 맞춰 춤을 추다,민중서림 엣센스 일한사전,8be9c548f33446fcbca63891ce856e2e,快い,102,,,네이버 예문 ID 중복; 일본어 예문 문장 중복,https://ja.dict.naver.com/#/search?query=%E5%BF%AB%E3%81%84
w_09d6b72c92cc2716,N3,現金,げんきん,현금,チップを現金に替えてください。,칩을 현금으로 바꿔 주세요. (엔터테인먼트>카지노>환전소),글로벌회화,2ac213ebcd5a4ece8026d909f7655452,現金 현금,132,1,surface,네이버 예문 ID 중복; 일본어 예문 문장 중복,https://ja.dict.naver.com/#/search?query=%E7%8F%BE%E9%87%91
w_09e23b6f9018545a,N1,早急,さっきゅう,긴급한,ロ：早急に緊急会議を開くように。,나: 빨리 긴급회의를 소집하도록.,국립국어원 한국어-일본어 학습사전,788b177c2c644d15bb2dcf9d184f6e47,早急 긴급한,54,0,surface,한국어 뜻 직접 일치어 없음; 자동 선택 점수 80 미만; 네이버 예문 ID 중복; 일본어 예문 문장 중복,https://ja.dict.naver.com/#/search?query=%E6%97%A9%E6%80%A5
w_09e847bec6604294,N3,責める,せめる,"책망하다, 비난하다",学生たちばかり責めるわけにはいかない.,학생들만 나무랄 수도 없는 노릇이다,민중서림 엣센스 한일사전,b15c829907914cb798f8e08670264a86,責める,122,0,surface,한국어 뜻 직접 일치어 없음,https://ja.dict.naver.com/#/search?query=%E8%B2%AC%E3%82%81%E3%82%8B
w_0ac774f928c1e0ad,N1,嫌み,いやみ,불쾌한언행,嫌みを言ったらすねて帰ってしまった.,싫은 소릴 했더니 실쭉해서 가 버렸다,민중서림 엣센스 한일사전,a96d491714594a7390547b43c3dc6058,嫌み,122,0,surface,한국어 뜻 직접 일치어 없음; 네이버 예문 ID 중복; 일본어 예문 문장 중복,https://ja.dict.naver.com/#/search?query=%E5%AB%8C%E3%81%BF
w_0ad13c94c1b3dbe4,N2,応接,おうせつ,"접수, 환영",客の応接をする.,손님 접대를 하다,민중서림 엣센스 한일사전,97a8ccfdf68547f48f061c6a94ff06b4,応接,122,0,surface,한국어 뜻 직접 일치어 없음,https://ja.dict.naver.com/#/search?query=%E5%BF%9C%E6%8E%A5
w_0aeea70132137e86,N2,錆,さび,녹(색),鉄が腐食すると赤い錆びができる。,철이 부식되면 불그스름한 색의 녹이 슨다.,국립국어원 한국어-일본어 학습사전,77dc82f400154eb9bdf63c9cd34d7c34,錆 녹 색,144,0,surface,한국어 뜻 직접 일치어 없음,https://ja.dict.naver.com/#/search?query=%E9%8C%86
w_0b14b532ad37813f,N2,贈る,おくる,선물하다,土地の銘酒を贈る.,그 고장 명주를 선사하다,민중서림 엣센스 한일사전,0dde08c454324afd8c782d4bd857fa07,贈る,122,0,surface,한국어 뜻 직접 일치어 없음,https://ja.dict.naver.com/#/search?query=%E8%B4%88%E3%82%8B
w_0b3d3a0074dcadb3,N3,善,ぜん,"선, 착함",これすなわち善の悪に対する勝利である.,이것이 즉 선의 악에 대한 승리이다,민중서림 엣센스 한일사전,0a012ec54da84a82be04b2c33545c15d,善 선 착함,122,0,surface,한국어 뜻 직접 일치어 없음; 네이버 예문 ID 중복; 일본어 예문 문장 중복,https://ja.dict.naver.com/#/search?query=%E5%96%84
w_0b7a8c727e189fa0,N1,必死に頑張る,ひっしにがんばる,필사적으로 분발하다,生きるために必死に頑張る。,살기 위해 바둥대다.,국립국어원 한국어-일본어 학습사전,bb5d0b2d15494251bcd768ae2a46a96b,必死に頑張る,102,0,surface,한국어 뜻 직접 일치어 없음,https://ja.dict.naver.com/#/search?query=%E5%BF%85%E6%AD%BB%E3%81%AB%E9%A0%91%E5%BC%B5%E3%82%8B
w_0b80ed475f7435e9,N1,難航,なんこう,난항,各国の利害が対立し、交渉は難航を極めていた,각국의 이해가 대립하며 교섭은 난항을 거듭하고 있었다,민중서림 엣센스 일한사전,7cb6ba7641a04c7398d40deb162de67f,難航 난항,134,1,surface,네이버 예문 ID 중복; 일본어 예문 문장 중복,https://ja.dict.naver.com/#/search?query=%E9%9B%A3%E8%88%AA
w_0b99d6f77afb720d,N1,シンプルだ,シンプルだ,심플하다,彼の一見したところ「大したことのない」パーオン率の数値は、シンプルだが特徴ある事実で説明がつく。,"그의 보기에는 ""대단하지 않는"" 퍼온 율의 수치는, 심플하지만 특징이 있는 사실이고 설명이 된다.",플리토,9564134f86454daebcbd92950362a352,シンプルだ 심플하다,112,0,surface,한국어 뜻 직접 일치어 없음; 우선 검수 출처,https://ja.dict.naver.com/#/search?query=%E3%82%B7%E3%83%B3%E3%83%97%E3%83%AB%E3%81%A0
w_0c525cb56f2292d1,N3,光,ひかり,빛,光がもれてフィルムがかぶる.,빛이 새어 필름이 부옇게 되다,민중서림 엣센스 한일사전,7b23a2abc0324b5196b41e0877037177,光 빛,122,0,surface,한국어 뜻 직접 일치어 없음,https://ja.dict.naver.com/#/search?query=%E5%85%89
w_0caf84e642264d6a,N3,泉,いずみ,"샘, 분수",泉が滾滾とわいている,샘이 용솟음쳐 나오고 있다.,민중서림 엣센스 일한사전,20b258c66fd94a648540df9afece7e39,泉 샘 분수,117,0,surface,한국어 뜻 직접 일치어 없음,https://ja.dict.naver.com/#/search?query=%E6%B3%89
w_0cb3c4e2b583a065,N3,城,しろ,성,敵の城を攻取る,적의 성을 쳐서 탈취하다.,민중서림 엣센스 일한사전,80e35ed3ef0d4efdb7e2f2ff2ac72874,城 성,117,0,surface,한국어 뜻 직접 일치어 없음,https://ja.dict.naver.com/#/search?query=%E5%9F%8E
w_0cc62d6d12dd65cc,N1,幼稚な,ようちな,유치한,幼稚な論争をしている,유치한 논쟁을 하고 있다,민중서림 엣센스 일한사전,05703fd9ca9346de8fb0aece5d0fbb54,幼稚な 유치한,129,1,surface,네이버 예문 ID 중복; 일본어 예문 문장 중복,https://ja.dict.naver.com/#/search?query=%E5%B9%BC%E7%A8%9A%E3%81%AA
w_0d28835187d6eee7,N1,街頭,がいとう,"가두, 길거리",選挙のポスターが街頭に張り出される.,선거 포스터가 길거리에 나붙다,민중서림 엣센스 한일사전,d9d501e72cd045f89c67f7952bb0a960,街頭,102,,,네이버 예문 ID 중복; 일본어 예문 문장 중복,https://ja.dict.naver.com/#/search?query=%E8%A1%97%E9%A0%AD
w_0d74e407f9afe5a5,N2,売れ行き,うれゆき,"팔림새, 매출",売れ行きが毎年，5コンスタント10%の割でコンスタントに伸びている,매상이 매해 5〜10%의 비율로 꾸준히 신장하고 있다.,민중서림 엣센스 외래어사전,37a33a1acff3405c815c1703a3cd3d15,売れ行き,122,0,surface,한국어 뜻 직접 일치어 없음,https://ja.dict.naver.com/#/search?query=%E5%A3%B2%E3%82%8C%E8%A1%8C%E3%81%8D
w_0df0106361d710ed,N1,削減,さくげん,삭감,LCCを大幅に削減する,생애 주기 비용을 큰 폭으로 삭감하다,민중서림 엣센스 일한사전,87c050ec17c14d2a959fe06d796791e3,削減,97,,,네이버 예문 ID 중복; 일본어 예문 문장 중복,https://ja.dict.naver.com/#/search?query=%E5%89%8A%E6%B8%9B
w_0e25c0ea9143aa5a,N1,取り分け,とりわけ,특히,今年の夏は取り分け暑い,올 여름은 유난히 덥다,교학사 일한사전,50c0b7fd6438410b895e6f02e1aaf62c,取り分け,107,0,surface,한국어 뜻 직접 일치어 없음,https://ja.dict.naver.com/#/search?query=%E5%8F%96%E3%82%8A%E5%88%86%E3%81%91
w_0e66d1e196b285b8,N5,魚,さかな,"생선, 물고기",魚の肉をむしって食べる; 魚の身をこそげ取って食べる,생선 살을 발라 먹다,민중서림 엣센스 한일사전,445f243b689f430c88d62a41af820092,魚,97,,,네이버 예문 ID 중복; 일본어 예문 문장 중복,https://ja.dict.naver.com/#/search?query=%E9%AD%9A
w_0e696b95974c3504,N1,踏襲,とうしゅう,답습,旧来の伝統を踏襲する,구래의 전통을 답습하다,민중서림 엣센스 일한사전,55c5a2a36c8b4888bc558c6cb363ccec,踏襲 답습,129,1,surface,네이버 예문 ID 중복; 일본어 예문 문장 중복,https://ja.dict.naver.com/#/search?query=%E8%B8%8F%E8%A5%B2
w_0e77500820c5c9b9,N2,染める,そめる,물들이다,色様様に染なす,온갖 빛깔로 물들이다.,민중서림 엣센스 일한사전,8fbdbfaf24f44565917e85e340a0dc79,染める 물들이다,51,1,stem,활용 어간으로만 목표어 확인; 자동 선택 점수 80 미만,https://ja.dict.naver.com/#/search?query=%E6%9F%93%E3%82%81%E3%82%8B
w_0e94c5a58ac3e3d5,N1,恩恵,おんけい,은혜,父母の恩恵を今更のように感じた.,부모의 은혜를 새삼스레 느꼈다,민중서림 엣센스 한일사전,c039305a3eda40b6a6b6d3ec9813a5ac,恩恵 은혜,134,1,surface,네이버 예문 ID 중복; 일본어 예문 문장 중복,https://ja.dict.naver.com/#/search?query=%E6%81%A9%E6%81%B5
w_0e981b675d9187b1,N2,増加,ぞうか,증가,IPO企業の数が増加する,IPO 기업 수가 증가하다,민중서림 엣센스 일한사전,f3a166c3c1aa4216a0783e5bbb89b64f,増加 증가,129,1,surface,네이버 예문 ID 중복; 일본어 예문 문장 중복,https://ja.dict.naver.com/#/search?query=%E5%A2%97%E5%8A%A0
w_0e9cab5ccd7e7e49,N1,工学,こうがく,공학,システム工学,시스템 공학.,민중서림 엣센스 일한사전,3e39b4855dc84d909f828955eb6e726a,工学,67,,,자동 선택 점수 80 미만,https://ja.dict.naver.com/#/search?query=%E5%B7%A5%E5%AD%A6
w_0ea9569520107931,N5,てがみ,てがみ,편지,手紙を書く暇もない.,편지(를) 쓸 사이도 없다,민중서림 엣센스 한일사전,75e524ff773a4ca3b27e8ad801dac523,てがみ 편지,176,1,surface,네이버 예문 ID 중복; 일본어 예문 문장 중복,https://ja.dict.naver.com/#/search?query=%E3%81%A6%E3%81%8C%E3%81%BF
w_0eb0f469760ebd47,N4,犬,いぬ,개,犬の遠ぼえがする.,멀리서 개 짖는 소리가 들린다,민중서림 엣센스 한일사전,8c626425e07b4492adb12334455f79e9,犬,102,,,네이버 예문 ID 중복; 일본어 예문 문장 중복,https://ja.dict.naver.com/#/search?query=%E7%8A%AC
w_0eb3b96a3fff2eb9,N2,測量,そくりょう,"측정, 조사",水深を測量する,수심을 측량하다.,민중서림 엣센스 일한사전,a3eeea3726a84e9fa68c0d288b4f62cb,測量,117,0,surface,한국어 뜻 직접 일치어 없음,https://ja.dict.naver.com/#/search?query=%E6%B8%AC%E9%87%8F
w_0ec81e693208cfb1,N5,りょうり,りょうり,요리,はい、料理するのが好きです。,"네, 요리하는 것을 좋아해요. (생활/가정>요리>요리 실력)",글로벌회화,7a2dbc447c4b4bcfafcf8277622d04cd,りょうり 요리,174,1,surface,네이버 예문 ID 중복; 일본어 예문 문장 중복,https://ja.dict.naver.com/#/search?query=%E3%82%8A%E3%82%87%E3%81%86%E3%82%8A
w_0ef86c0f4dcae8ef,N3,郵便,ゆうびん,우편,手紙[小包]を書留(郵便)で送る.,편지[소포]를 등기 우편으로 부치다,민중서림 엣센스 한일사전,6a6f48451e6146198d1b027f31ff7689,郵便 우편,134,1,surface,네이버 예문 ID 중복; 일본어 예문 문장 중복,https://ja.dict.naver.com/#/search?query=%E9%83%B5%E4%BE%BF
w_0f0e693ad521312b,N2,厳重,げんじゅう,엄중함,厳重な監視を行っている,엄중한 감시를 하고 있다,민중서림 엣센스 일한사전,c94674d37de344e4885a8a44348ee749,厳重 엄중함,117,0,surface,한국어 뜻 직접 일치어 없음,https://ja.dict.naver.com/#/search?query=%E5%8E%B3%E9%87%8D
w_0f10aedeec365426,N2,彫る,ほる,"새기다, 조각하다",象牙で判子を彫る.,상아로 도장을 새기다,민중서림 엣센스 한일사전,ba8262421d9d4e75a9297e6bef3e9e30,彫る,134,1,surface,네이버 예문 ID 중복; 일본어 예문 문장 중복,https://ja.dict.naver.com/#/search?query=%E5%BD%AB%E3%82%8B
w_0f5482e1ea9e0a5e,N3,ながれ,ながれ,흐름,気血の流れを良し、治る力を高めるのが瀉法である,기혈의 흐름을 좋게 하여 치유력을 높이는 것이 사법이다,민중서림 엣센스 일한사전,1d0e94b4755941d0bef4624f6148c609,ながれ 흐름,176,1,surface,네이버 예문 ID 중복; 일본어 예문 문장 중복,https://ja.dict.naver.com/#/search?query=%E3%81%AA%E3%81%8C%E3%82%8C
w_0fd519f30d7ed2e9,N3,我慢,がまん,참음,ここが我慢[辛抱]の為所だ,지금이 참아야 할 때다.,민중서림 엣센스 일한사전,5e30d67d624e48a48bd2b15e642c8ee4,我慢 참음,117,0,surface,한국어 뜻 직접 일치어 없음,https://ja.dict.naver.com/#/search?query=%E6%88%91%E6%85%A2
w_0ff95f9278e7d4c0,N2,弊社,へいしゃ,자기회사의겸칭,弊社の団子は、手間を惜しまず昔からの製法を守って製造しております,저희 회사 경단은 수고를 마다하지 않고 전통적인 제조법을 고수해 만들고 있습니다,민중서림 엣센스 일한사전,f1401279db7d4104af0e29a4154e44e5,弊社,122,0,surface,한국어 뜻 직접 일치어 없음; 네이버 예문 ID 중복; 일본어 예문 문장 중복,https://ja.dict.naver.com/#/search?query=%E5%BC%8A%E7%A4%BE
w_1046b061849458f3,N1,少ない,すくない,적다,骨ばかりで身が少ない.,뼈만 있고 살은 적다,민중서림 엣센스 한일사전,c832e5813a2f49ceac5e586a51c2f61e,少ない 적다,134,1,surface,네이버 예문 ID 중복; 일본어 예문 문장 중복,https://ja.dict.naver.com/#/search?query=%E5%B0%91%E3%81%AA%E3%81%84
w_105e971d9bc80c2e,N1,契約,けいやく,계약,その契約はもう無効だ.,그 계약은 이제 무효다,민중서림 엣센스 한일사전,bfee65c74bb04650a83d5aa340e3b79e,契約 계약,134,1,surface,네이버 예문 ID 중복; 일본어 예문 문장 중복,https://ja.dict.naver.com/#/search?query=%E5%A5%91%E7%B4%84
w_1097fa4be73c97bf,N2,妥当,だとう,"타당함, 적절함",妥当な線で調整する,타당한 선에서 조정하다,민중서림 엣센스 일한사전,6bbdf3f472654a3da283f9de9e744209,妥当 타당함 적절함,117,0,surface,한국어 뜻 직접 일치어 없음,https://ja.dict.naver.com/#/search?query=%E5%A6%A5%E5%BD%93
w_11029cfda3c417c2,N3,発達,はったつ,발달,IT(アイティー)産業が大いに発達した.,IT 산업이 크게 발달했다,민중서림 엣센스 한일사전,05f81fc4a8b14739833b3a2a32f607a8,発達 발달,134,1,surface,네이버 예문 ID 중복; 일본어 예문 문장 중복,https://ja.dict.naver.com/#/search?query=%E7%99%BA%E9%81%94
w_1138a558fc818ae2,N3,話しかける,はなしかける,말을 걸다,隣席の人に話しかける.,옆자리(의) 사람에게 말을 걸다,민중서림 엣센스 한일사전,d0e5a805b2554dbc89c43a62b016756b,話しかける 말을 걸다,146,2,surface,네이버 예문 ID 중복; 일본어 예문 문장 중복,https://ja.dict.naver.com/#/search?query=%E8%A9%B1%E3%81%97%E3%81%8B%E3%81%91%E3%82%8B
w_114c4a23b0b5401c,N1,突破,とっぱ,돌파,観客が5万人の線を突破した.,관객이 5만 명 선을 돌파했다,민중서림 엣센스 한일사전,0ac909c4d0264e328bdb365af4cf6323,突破,102,,,네이버 예문 ID 중복; 일본어 예문 문장 중복,https://ja.dict.naver.com/#/search?query=%E7%AA%81%E7%A0%B4
w_118291cb3fcc9c6f,N1,対比,たいひ,대비,二案を対比して見る.,두 안을 대비해 보다,민중서림 엣센스 한일사전,180f865f95f4428197dcc9d41f7cfeb2,対比 대비,134,1,surface,네이버 예문 ID 중복; 일본어 예문 문장 중복,https://ja.dict.naver.com/#/search?query=%E5%AF%BE%E6%AF%94
w_1183a3688186cdef,N5,シャワーをあびる,シャワーをあびる,샤워하다,熱い水でシャワーを浴びる。,뜨거운 물로 샤워하다.,국립국어원 한국어-일본어 학습사전,b13241413b434ba98171546f3e39b44b,シャワーをあびる 샤워하다,106,1,jmdict-form,JMdict 보조 표기로 목표어 확인,https://ja.dict.naver.com/#/search?query=%E3%82%B7%E3%83%A3%E3%83%AF%E3%83%BC%E3%82%92%E3%81%82%E3%81%B3%E3%82%8B
w_1217f338bffbe3ab,N2,寺院,じいん,절,すたれた寺院を修復する,황폐한 절을 수복하다,민중서림 엣센스 한일사전,f12031a6d4b345e99d4864597167d44c,寺院 절,117,0,surface,한국어 뜻 직접 일치어 없음,https://ja.dict.naver.com/#/search?query=%E5%AF%BA%E9%99%A2
w_1235f63ee6dd7c0a,N1,仲人,なこうど,중매인,仲人を通して縁談をすすめる.,중매인을 통하여 혼담을 진행시키다,민중서림 엣센스 한일사전,70f6cd19c0884c5ea62344d4c8771d03,仲人,102,,,네이버 예문 ID 중복; 일본어 예문 문장 중복,https://ja.dict.naver.com/#/search?query=%E4%BB%B2%E4%BA%BA
w_126432ddc17ee8df,N2,足袋,たび,다비(일본식 버선),足袋を彼方此方に履く,(일본식) 버선을 엇바꿔 신다,교학사 일한사전,0cf01008599e4a21aba4a273125a61a2,足袋 다비 일본식 버선,76,2,surface,자동 선택 점수 80 미만,https://ja.dict.naver.com/#/search?query=%E8%B6%B3%E8%A2%8B
w_1294ac2a1e22448f,N1,上昇,じょうしょう,상승,物価の上昇に歯止めをかける.,물가 상승에 제동을 걸다,민중서림 엣센스 한일사전,15faa47dc52e443d9c5be27922d67d2a,上昇 상승,134,1,surface,네이버 예문 ID 중복; 일본어 예문 문장 중복,https://ja.dict.naver.com/#/search?query=%E4%B8%8A%E6%98%87
w_12b2c5a3d815ee5c,N3,示す,しめす,"나타내다,제시하다","在,不在を示す名札.","재, 부재를 표시하는 명패",민중서림 엣센스 한일사전,1f3e1ab688784c96ae580cff44980fd9,示す,114,0,surface,한국어 뜻 직접 일치어 없음,https://ja.dict.naver.com/#/search?query=%E7%A4%BA%E3%81%99
w_12b597c82e6ac902,N5,私,わたし,"나, 저",私はあの人の下で働いております.,나는 저 사람 밑에서 일하고 있습니다,민중서림 엣센스 한일사전,895598cc893449d484a104e77a21505f,私 나 저,122,0,surface,한국어 뜻 직접 일치어 없음,https://ja.dict.naver.com/#/search?query=%E7%A7%81
w_12eb7c44d130d071,N1,規制,きせい,규제,新たなBIS規制が施行される,새로운 BIS 규제가 시행되다,민중서림 엣센스 일한사전,9ecfc4718ab6469f90cbcd45db9b803c,規制 규제,129,1,surface,네이버 예문 ID 중복; 일본어 예문 문장 중복,https://ja.dict.naver.com/#/search?query=%E8%A6%8F%E5%88%B6
w_12ed136adb62b130,N2,両側,りょうがわ,"양쪽, 양측",道の両側に木を植える.,길 양측에 나무를 심다,민중서림 엣센스 한일사전,542446992fc740e5bfea561b5cb51a51,両側 양쪽 양측,134,1,surface,네이버 예문 ID 중복; 일본어 예문 문장 중복,https://ja.dict.naver.com/#/search?query=%E4%B8%A1%E5%81%B4
w_13410f75a0bcc919,N2,鉄砲,てっぽう,"총, 철포",鉄砲をかついで出猟する,총을 메고 사냥하러 나가다.,민중서림 엣센스 일한사전,f85ef663eb5c40bfba8a89ba89da290c,鉄砲 총 철포,117,0,surface,한국어 뜻 직접 일치어 없음,https://ja.dict.naver.com/#/search?query=%E9%89%84%E7%A0%B2
w_1349e3b90fff3dc6,N1,高低,こうてい,"고저,높낮이",高低があって一様でない.,높낮이가 있어서 고르지 않다,민중서림 엣센스 한일사전,ae102c3c20304b1c8fbfbd9d12d0ea64,高低 고저 높낮이,114,1,surface,네이버 예문 ID 중복; 일본어 예문 문장 중복,https://ja.dict.naver.com/#/search?query=%E9%AB%98%E4%BD%8E
w_1353ce210b23865a,N3,お前,おまえ,"너, 당신",お前にではなくお前の友達に言った話だ.,너 말고 네 친구에게 한 말이다,민중서림 엣센스 한일사전,63d6b8ac96524fd5b369becc0bcba105,お前,102,0,surface,한국어 뜻 직접 일치어 없음,https://ja.dict.naver.com/#/search?query=%E3%81%8A%E5%89%8D
w_1380616a4a83aca5,N1,合唱,がっしょう,합창,先生のオルガン伴奏で合唱する.,선생님의 오르간 반주로 합창하다,민중서림 엣센스 한일사전,2514468b2dc048009bde2497924c7008,合唱 합창,134,1,surface,네이버 예문 ID 중복; 일본어 예문 문장 중복,https://ja.dict.naver.com/#/search?query=%E5%90%88%E5%94%B1
w_13ff9a7243921812,N2,持参,じさん,"지참, 가져옴","願書は持参するか,または郵送してください",원서는 지참하든가 또는 우송해 주십시오,민중서림 엣센스 한일사전,7303100888644c349a14bcf59a5a856c,持参 지참 가져옴,134,1,surface,네이버 예문 ID 중복; 일본어 예문 문장 중복,https://ja.dict.naver.com/#/search?query=%E6%8C%81%E5%8F%82
w_140aab34c166b6c9,N2,灯台,とうだい,등대,島の東端に灯台がある.,섬의 동단에 등대가 있다,민중서림 엣센스 한일사전,e2498b1bb0644c9898b9afccc20f8565,灯台 등대,134,1,surface,네이버 예문 ID 중복; 일본어 예문 문장 중복,https://ja.dict.naver.com/#/search?query=%E7%81%AF%E5%8F%B0
w_140b5feb626ef7fa,N4,寺,てら,"절, 사찰",焼けた寺を新たに建立する.,불탄 절을 새로 건립하다,민중서림 엣센스 한일사전,7c83d1d17bb443e9bacbc8ceaa8d4fed,寺 절 사찰,122,0,surface,한국어 뜻 직접 일치어 없음,https://ja.dict.naver.com/#/search?query=%E5%AF%BA
w_146652d464bf10c9,N1,過労,かろう,"긴장, 부담",彼の健康は過労でむしばまれていった.,그의 건강은 과로로 인해 좀먹어 들어갔다,민중서림 엣센스 한일사전,0249d0dddd574d6d8f631f6d91725e8d,過労,122,0,surface,한국어 뜻 직접 일치어 없음,https://ja.dict.naver.com/#/search?query=%E9%81%8E%E5%8A%B4
w_1473b754f2591b60,N3,抑える,おさえる,"(소비,지출을)줄이다",胸にあまる感激を抑えることができない.,가슴 벅찬 감격을 억누를 수 없다,민중서림 엣센스 한일사전,b31aa1cecb8d467984f9ac31e14a5845,抑える,122,0,surface,한국어 뜻 직접 일치어 없음,https://ja.dict.naver.com/#/search?query=%E6%8A%91%E3%81%88%E3%82%8B
w_14b30bc2b09fa244,N1,熟知,じゅくち,숙지,このあたりの地理は熟知している.,이 부근의 지리는 숙지하고 있다,민중서림 엣센스 한일사전,0646696e64f24020b719c6e1da66d395,熟知 숙지,134,1,surface,네이버 예문 ID 중복; 일본어 예문 문장 중복,https://ja.dict.naver.com/#/search?query=%E7%86%9F%E7%9F%A5
w_14d8ad09a1ce1c8d,N1,英字,えいじ,"영자(英字), 영문자",英字のタイプ,영문 타자기,민중서림 엣센스 한일사전,4457db37af4842faa3752d599beafec1,英字,67,,,자동 선택 점수 80 미만,https://ja.dict.naver.com/#/search?query=%E8%8B%B1%E5%AD%97
w_14e067fde838f088,N3,課,か,"과, 부서",初授業だから教科書の1課から順番に沿って勉強しましょう。,첫 수업이니 교과서의 일 과부터 차례대로 공부합시다.,국립국어원 한국어-일본어 학습사전,a6c4d961b1174bc0a8c63b6b8562d415,課 과 부서,148,0,surface,한국어 뜻 직접 일치어 없음,https://ja.dict.naver.com/#/search?query=%E8%AA%B2
w_14ee9e9a0f136962,N1,乳,ちち,"젖, 유방",乳を飲ませながら添い寝をする.,젖을 빨리며 곁잠을 자다,민중서림 엣센스 한일사전,8a6a5dd3b6b14870b0f9d89ed1246e08,乳 젖 유방,122,0,surface,한국어 뜻 직접 일치어 없음,https://ja.dict.naver.com/#/search?query=%E4%B9%B3
w_1504c6ff8f399896,N1,格段に,かくだんに,현격하게,前者にくらべて格段に劣る.,전자에 비해 현격히 뒤떨어지다,민중서림 엣센스 한일사전,455168460a024686a88cc7d36d096e13,格段に 현격하게,122,0,surface,한국어 뜻 직접 일치어 없음; 네이버 예문 ID 중복; 일본어 예문 문장 중복,https://ja.dict.naver.com/#/search?query=%E6%A0%BC%E6%AE%B5%E3%81%AB
w_150dcbd2b6dcb160,N1,ロープウェイ,ロープウェイ,로프웨이,ロ：ロープウェイに乗せて送ります。,나: 케이블에 실어서 올려 보내요.,국립국어원 한국어-일본어 학습사전,af735f5addcc4e31a0d7b487e86bab6b,ロープウェイ 로프웨이,122,0,surface,한국어 뜻 직접 일치어 없음,https://ja.dict.naver.com/#/search?query=%E3%83%AD%E3%83%BC%E3%83%97%E3%82%A6%E3%82%A7%E3%82%A4
w_151aa2184938fba6,N3,上,かみ,위,上には上がある,기는 놈 위에 나는 놈 있다,민중서림 엣센스 일한사전,8685ea3f367c4a2cacab2aa463241594,上 위,97,0,surface,한국어 뜻 직접 일치어 없음; 네이버 예문 ID 중복; 일본어 예문 문장 중복,https://ja.dict.naver.com/#/search?query=%E4%B8%8A
w_15250f716c78bbf5,N1,やりとげる,やりとげる,달성하다,受け持った仕事をてきぱき(と)やりとげる.,맡은 일을 턱턱 해내다,민중서림 엣센스 한일사전,0f22344becda49088553018d3ce62e49,やりとげる,122,0,surface,한국어 뜻 직접 일치어 없음,https://ja.dict.naver.com/#/search?query=%E3%82%84%E3%82%8A%E3%81%A8%E3%81%92%E3%82%8B
w_1540edca1bf83ecb,N2,競う,きそう,경쟁하다,彼らは，…男女が同じ条件で競うグライダー･アクロバットの世界に行き着いた,"그들은, …남녀가 같은 조건으로 겨루는 글라이더 애크러배트의 세계에 도달하였다.",민중서림 엣센스 외래어사전,4e369110632043b0912b9575ae7a2f29,競う,122,0,surface,한국어 뜻 직접 일치어 없음,https://ja.dict.naver.com/#/search?query=%E7%AB%B6%E3%81%86
w_1550e1c34be164e4,N2,判子,はんこ,도장,象牙で判子を彫る.,상아로 도장을 새기다,민중서림 엣센스 한일사전,ba8262421d9d4e75a9297e6bef3e9e30,判子 도장,134,1,surface,네이버 예문 ID 중복; 일본어 예문 문장 중복,https://ja.dict.naver.com/#/search?query=%E5%88%A4%E5%AD%90
w_157443e88683e1c9,N2,係る,かかわる,"관련되다,관여하다",SPMに係る対策が急がれる,부유 입자상 물질(SPM)에 관련된 대책이 시급하다,민중서림 엣센스 일한사전,5d2500a9ff844116b98f695934ed065e,係る,97,0,surface,한국어 뜻 직접 일치어 없음,https://ja.dict.naver.com/#/search?query=%E4%BF%82%E3%82%8B
w_159725dc4bb194ad,N2,役者,やくしゃ,배우,役者が登場すると、大きな拍手が湧き起こった,배우가 등장하자 큰 박수가 터져 나왔다,민중서림 엣센스 일한사전,7442c329f0d248328d7ba1a4ada8ee2f,役者 배우,134,1,surface,네이버 예문 ID 중복; 일본어 예문 문장 중복,https://ja.dict.naver.com/#/search?query=%E5%BD%B9%E8%80%85
w_15b39e3bc856b825,N2,箒,ほうき,빗자루,設置されている道具箱には、箒やモップなどの掃除用品が入っていた。,비치 도구함에는 빗자루와 대걸레 등 청소 도구가 들어 있었다.,국립국어원 한국어-일본어 학습사전,d6a4b9c8e7b24a3a99fa186c96d3d3c0,箒 빗자루,74,1,surface,자동 선택 점수 80 미만,https://ja.dict.naver.com/#/search?query=%E7%AE%92
w_15e58e756cd4e695,N3,無,む,"없음, 무(無)",無から[より]有を生ずる.,무에서 유를 낳다,민중서림 엣센스 한일사전,6edc9f0cc9ab4b1ab4b370dd0ed5e663,無 없음 무 無,122,0,surface,한국어 뜻 직접 일치어 없음,https://ja.dict.naver.com/#/search?query=%E7%84%A1
w_1618754120249d8b,N1,閉口する,へいこうする,"난처하다, 기막히다",二人の中に挟まって閉口する.,두 사람 틈바구니에 끼어서 난처해지다,민중서림 엣센스 한일사전,58c173ee7a484604993854bdc8d7326d,閉口する 난처하다 기막히다,122,0,surface,한국어 뜻 직접 일치어 없음,https://ja.dict.naver.com/#/search?query=%E9%96%89%E5%8F%A3%E3%81%99%E3%82%8B
w_161922e34fc9dd4e,N1,否む,いなむ,"부정하다,거부하다",申し出を無下に否むわけにもいかない,청을 딱 잘라 거절할 수도 없다,민중서림 엣센스 일한사전,099b76888f674b6aaae88147a31ade42,否む,117,0,surface,한국어 뜻 직접 일치어 없음,https://ja.dict.naver.com/#/search?query=%E5%90%A6%E3%82%80
w_163c875e106e915a,N2,一斉に,いっせいに,일제히,町のよた者を一斉に検挙する.,거리의 불량배를 일제히 검거하다,민중서림 엣센스 한일사전,895c91d28df74bf2b21b436cfbd74116,一斉に 일제히,134,1,surface,네이버 예문 ID 중복; 일본어 예문 문장 중복,https://ja.dict.naver.com/#/search?query=%E4%B8%80%E6%96%89%E3%81%AB
w_1684c820ec59f0c3,N3,濃い,こい,"짙다, 진하다, 농도가 높다",女性の場合、すね毛が濃いとスカートを履くのも躊躇する,"여성의 경우, 다리털이 짙으면 치마 입는 것도 주저한다",민중서림 엣센스 일한사전,adfe2e851e9741eca0376fc656aece77,濃い,122,0,surface,한국어 뜻 직접 일치어 없음,https://ja.dict.naver.com/#/search?query=%E6%BF%83%E3%81%84
w_16a8437b706000b6,N4,運ぶ,はこぶ,운반하다,早くここへ運ばっし,빨리 이리로 운반하시오,민중서림 엣센스 일한사전,c1d24658ca5745aaa4f8ba27b60acfb5,運ぶ 운반하다,47,0,stem,한국어 뜻 직접 일치어 없음; 활용 어간으로만 목표어 확인; 자동 선택 점수 80 미만,https://ja.dict.naver.com/#/search?query=%E9%81%8B%E3%81%B6
w_16e4ba036216be85,N2,混ざる,まざる,섞이다,色々な文化が混ざる,여러 가지 문화가 섞이다,민중서림 엣센스 일한사전,0e45ef69cd64448dae3aedaed759eb29,混ざる 섞이다,129,1,surface,네이버 예문 ID 중복; 일본어 예문 문장 중복,https://ja.dict.naver.com/#/search?query=%E6%B7%B7%E3%81%96%E3%82%8B
w_16f928e8de2043ff,N4,アルバイト,アルバイト,아르바이트,アルバイトをして家計を助ける.,아르바이트를 해서 가계를 돌보다,민중서림 엣센스 한일사전,5b849b25ef9a4058998de3c11b25bc19,アルバイト,110,,,네이버 예문 ID 중복; 일본어 예문 문장 중복,https://ja.dict.naver.com/#/search?query=%E3%82%A2%E3%83%AB%E3%83%90%E3%82%A4%E3%83%88
w_172254f545edb835,N4,産業,さんぎょう,산업,IT(アイティー)産業が大いに発達した.,IT 산업이 크게 발달했다,민중서림 엣센스 한일사전,05f81fc4a8b14739833b3a2a32f607a8,産業 산업,134,1,surface,네이버 예문 ID 중복; 일본어 예문 문장 중복,https://ja.dict.naver.com/#/search?query=%E7%94%A3%E6%A5%AD
w_1737dc536e62a546,N2,流域,りゅういき,유역,文明は川の流域で発祥した.,문명은 강 유역에서 발상하였다,민중서림 엣센스 한일사전,313c21c42abc4069bf75a9c9ca9f0eb3,流域 유역,134,1,surface,네이버 예문 ID 중복; 일본어 예문 문장 중복,https://ja.dict.naver.com/#/search?query=%E6%B5%81%E5%9F%9F
w_17c56e9002d05e61,N2,限り,かぎり,"한, 한도; ~하는 한",暴虐の限りを尽くす.,온갖 포학한 짓을 다하다,민중서림 엣센스 한일사전,f11c05dae550400bb406f1675272b56b,限り,114,0,surface,한국어 뜻 직접 일치어 없음; 네이버 예문 ID 중복; 일본어 예문 문장 중복,https://ja.dict.naver.com/#/search?query=%E9%99%90%E3%82%8A
w_1833552e6b79b74b,N3,販売,はんばい,판매,4Kテレビの販売が急増する,4K TV 판매가 급증하다,민중서림 엣센스 일한사전,184a7b6e429d47568dd0af40e8f431d0,販売 판매,129,1,surface,네이버 예문 ID 중복; 일본어 예문 문장 중복,https://ja.dict.naver.com/#/search?query=%E8%B2%A9%E5%A3%B2
w_1871b4247ea9016b,N1,移住,いじゅう,"이주, 이민",都心から離れ、郊外に移住する,도심에서 벗어나 교외로 이주하다,민중서림 엣센스 일한사전,43d787416cdc4650985e31ceeb373f84,移住 이주 이민,134,1,surface,네이버 예문 ID 중복; 일본어 예문 문장 중복,https://ja.dict.naver.com/#/search?query=%E7%A7%BB%E4%BD%8F
w_18756233f96a9ce2,N1,角,つの,뿔,牛が角で人を突いた.,소가 뿔로 사람을 떠받았다,민중서림 엣센스 한일사전,68b3a014ac634c63af1241d3bf6f7b6f,角 뿔,122,0,surface,한국어 뜻 직접 일치어 없음,https://ja.dict.naver.com/#/search?query=%E8%A7%92
w_18904ffc4733404c,N2,取り扱う,とりあつかう,취급하다,コンピューターを取り扱う手際が上手だ.,컴퓨터 다루는 솜씨가 능란하다,민중서림 엣센스 한일사전,4382ae52afcd4176918cbc1540f6fe00,取り扱う,102,,,네이버 예문 ID 중복; 일본어 예문 문장 중복,https://ja.dict.naver.com/#/search?query=%E5%8F%96%E3%82%8A%E6%89%B1%E3%81%86
w_18a5d02537f4ccc4,N2,徹底する,てっていする,철저하다,指令が末端にまで徹底する,지령이 말단에 이르기까지 철저하게 미치다.,민중서림 엣센스 일한사전,3027e288ad9f45bfbfb6ab3c8cb019df,徹底する 철저하다,117,0,surface,한국어 뜻 직접 일치어 없음,https://ja.dict.naver.com/#/search?query=%E5%BE%B9%E5%BA%95%E3%81%99%E3%82%8B
w_191333b61c6cba84,N1,すぐには,すぐには,"바로는, 당장에는",すぐにはご返事できません,당장은 대답 못 드립니다,민중서림 엣센스 한일사전,5f2cc1603ed84eccbef7893dcc3234d1,すぐには 바로는 당장에는,117,0,surface,한국어 뜻 직접 일치어 없음,https://ja.dict.naver.com/#/search?query=%E3%81%99%E3%81%90%E3%81%AB%E3%81%AF
w_1954b22e948706ba,N3,配る,くばる,나눠주다,細かい点まで気を配る.,세세한 데까지 마음을 쓰다,민중서림 엣센스 한일사전,677d9a25d42240228312a80e1afb8f14,配る,122,0,surface,한국어 뜻 직접 일치어 없음; 네이버 예문 ID 중복; 일본어 예문 문장 중복,https://ja.dict.naver.com/#/search?query=%E9%85%8D%E3%82%8B
w_199fa6a64b832089,N3,幸い,さいわい,"다행히, 운 좋게",幸いにいい職場を得た.,다행히 좋은 일자리를 얻었다,민중서림 엣센스 한일사전,7bc207f9b02a493f8665ccfcc4689fda,幸い,134,1,surface,네이버 예문 ID 중복; 일본어 예문 문장 중복,https://ja.dict.naver.com/#/search?query=%E5%B9%B8%E3%81%84
w_1a189b6da834835e,N1,大幅に,おおはばに,대폭적으로,LCCを大幅に削減する,생애 주기 비용을 큰 폭으로 삭감하다,민중서림 엣센스 일한사전,87c050ec17c14d2a959fe06d796791e3,大幅に 대폭적으로,117,0,surface,한국어 뜻 직접 일치어 없음; 네이버 예문 ID 중복; 일본어 예문 문장 중복,https://ja.dict.naver.com/#/search?query=%E5%A4%A7%E5%B9%85%E3%81%AB
w_1a3198f41e5aabef,N5,えらぶ,えらぶ,"고르다, 선택하다",相性の人を選ぶ.,궁합이 맞는 사람을 고르다,민중서림 엣센스 한일사전,8740bce248d14894814376ddd73547bf,えらぶ 고르다 선택하다,168,1,surface,네이버 예문 ID 중복; 일본어 예문 문장 중복,https://ja.dict.naver.com/#/search?query=%E3%81%88%E3%82%89%E3%81%B6
w_1a3b841e60efdd0f,N3,大声で怒る,おおごえでおこる,큰 소리로 화내다,イ：あの人見て。公共の場で大声で怒っている。,가: 저 사람 좀 봐. 공공장소에서 큰 소리로 화를 내고 있어.,국립국어원 한국어-일본어 학습사전,53fe351a19714b7baa63af5c8e77bf8a,大声で怒る 큰 소리로 화내다,72,1,stem,활용 어간으로만 목표어 확인; 자동 선택 점수 80 미만,https://ja.dict.naver.com/#/search?query=%E5%A4%A7%E5%A3%B0%E3%81%A7%E6%80%92%E3%82%8B
w_1a590a2722d8602f,N5,駅,えき,역,駅ビルに出店する,역사 빌딩에 새로 점포를 내다.,민중서림 엣센스 일한사전,d84d65bacfe2426fb4fdacc7be50e74b,駅,97,,,네이버 예문 ID 중복; 일본어 예문 문장 중복,https://ja.dict.naver.com/#/search?query=%E9%A7%85
w_1a8148ce57ed5c8b,N3,直,じき,"곧, 바로",悪い事は直に覚える,못된 짓은 곧[쉽게] 배운다,민중서림 엣센스 일한사전,3f7048c82cd34b7fa5224b4832d3edf0,直 곧 바로,117,0,surface,한국어 뜻 직접 일치어 없음,https://ja.dict.naver.com/#/search?query=%E7%9B%B4
w_1a836696f48bfa62,N4,間に合う,まにあう,"시간에대다,시간에맞추다",急げば間に合うな,빨리 가면 (시간에) 댈 수 있을 걸세,민중서림 엣센스 일한사전,63bb15bdb95b44d79d1467af4055c0ee,間に合う,89,0,surface,한국어 뜻 직접 일치어 없음,https://ja.dict.naver.com/#/search?query=%E9%96%93%E3%81%AB%E5%90%88%E3%81%86
w_1ab91c15a18c1764,N2,留まる,とまる,"머무르다, 그치다",鳥が木の枝に留まる,새가 나뭇가지에 앉다,민중서림 엣센스 일한사전,1b8c65a33b664857b3358c633519ee25,留まる,117,0,surface,한국어 뜻 직접 일치어 없음,https://ja.dict.naver.com/#/search?query=%E7%95%99%E3%81%BE%E3%82%8B
w_1ae8c4e5ec07e559,N4,ビル,ビル,건물(약어),駅ビルに出店する,역사 빌딩에 새로 점포를 내다.,민중서림 엣센스 일한사전,d84d65bacfe2426fb4fdacc7be50e74b,ビル,105,,,네이버 예문 ID 중복; 일본어 예문 문장 중복,https://ja.dict.naver.com/#/search?query=%E3%83%93%E3%83%AB
w_1b21326fcb2d8421,N5,おきる,おきる,일어나다,6時半に起きる,여섯 시 반에 일어나다,민중서림 엣센스 일한사전,405a3197f9dd49ab902eae57ffe04a2a,おきる 일어나다,171,1,surface,네이버 예문 ID 중복; 일본어 예문 문장 중복,https://ja.dict.naver.com/#/search?query=%E3%81%8A%E3%81%8D%E3%82%8B
w_1b8d17ecd349d9f7,N1,再会,さいかい,재회,再会の喜びに言葉もなく抱擁する.,재회의 기쁨에 말없이 포옹하다,민중서림 엣센스 한일사전,260f088bc2b04ed0b3d01bff91695ff9,再会,102,,,네이버 예문 ID 중복; 일본어 예문 문장 중복,https://ja.dict.naver.com/#/search?query=%E5%86%8D%E4%BC%9A
w_1b9d8a75f2b91a55,N5,電話,でんわ,전화,電話を待っています。,전화를 기다리고 있어요. (전화>일반 전화통화>전화를 사용할 때),글로벌회화,44c3f2d82fff42c3bbf66549a0c7837a,電話 전화,132,1,surface,네이버 예문 ID 중복; 일본어 예문 문장 중복,https://ja.dict.naver.com/#/search?query=%E9%9B%BB%E8%A9%B1
w_1c0ffef8df7c7e42,N4,小学校,しょうがっこう,초등학교,小学校のときに初めて食べた讃岐うどんは想像を絶するほど硬く飲み込むのも大変でした。,초등학교 때 처음 먹은 사누키 우동은 상상도 못 할 정도로 질겨서 삼키는 것이 힘들었다.,연세대학교 한국어학당 국가별 대표음식,53e54f7620cf412a9fa337aaf2ce7c6b,小学校,94,,,네이버 예문 ID 중복; 일본어 예문 문장 중복,https://ja.dict.naver.com/#/search?query=%E5%B0%8F%E5%AD%A6%E6%A0%A1
w_1c1514fbab9e082f,N1,損なう,そこなう,"파손하다,손상시키다",切符をあらかじめ買っておいたからよかったもののさもなければ乗り損なうところだった.,차표를 미리 사 뒀기에 망정이지 못 탈 뻔했다,민중서림 엣센스 한일사전,f62ad1e138fc4b12895f0a3516655e32,損なう,122,0,surface,한국어 뜻 직접 일치어 없음,https://ja.dict.naver.com/#/search?query=%E6%90%8D%E3%81%AA%E3%81%86
w_1c381ad6f26542d9,N1,若干,じゃっかん,약간,以上の説明に若干の補足を致します.,이상의 설명에 약간의 보충을 하겠습니다,민중서림 엣센스 한일사전,f6e134dda50847aeb0f2271e3390ba22,若干 약간,134,1,surface,네이버 예문 ID 중복; 일본어 예문 문장 중복,https://ja.dict.naver.com/#/search?query=%E8%8B%A5%E5%B9%B2
w_1c59e13dadce6f6b,N5,絵,え,그림,絵を額に収める.,그림을 액자에 끼워 넣다,민중서림 엣센스 한일사전,74a22583984247adb90ba9924b3396a3,絵,102,,,네이버 예문 ID 중복; 일본어 예문 문장 중복,https://ja.dict.naver.com/#/search?query=%E7%B5%B5
w_1c687c8fbeb668eb,N2,物騒だ,ぶっそうだ,"어수선하다,뒤숭숭하다",夜道は物騒だ,밤길은 위험하다,민중서림 엣센스 일한사전,bbc8587489494b54a04c9531fc0c11a4,物騒だ,102,0,surface,한국어 뜻 직접 일치어 없음,https://ja.dict.naver.com/#/search?query=%E7%89%A9%E9%A8%92%E3%81%A0
w_1c7becc3389625c1,N1,猛烈,もうれつ,맹렬함,火の手が風にあおられ猛烈な勢いで吹きあげた.,불길이 바람을 타고 맹렬한 기세로 뻗쳐올랐다,민중서림 엣센스 한일사전,6dcf903a094946ca85572bd23c3ae630,猛烈 맹렬함,122,0,surface,한국어 뜻 직접 일치어 없음,https://ja.dict.naver.com/#/search?query=%E7%8C%9B%E7%83%88
w_1cc5575c4d1ea6e8,N2,公衆,こうしゅう,공공의,ロ：公衆無線インターネットがありますので自由に使ってください。,나: 공공용 무선 인터넷 되니까 마음껏 쓰세요.,국립국어원 한국어-일본어 학습사전,1e450c6b9b634cde9e8ed2bf1f80df97,公衆 공공의,62,0,surface,한국어 뜻 직접 일치어 없음; 자동 선택 점수 80 미만,https://ja.dict.naver.com/#/search?query=%E5%85%AC%E8%A1%86
w_1cd9d956ac65ad3e,N5,色々,いろいろ,다양한,色々な文化が混ざる,여러 가지 문화가 섞이다,민중서림 엣센스 일한사전,0e45ef69cd64448dae3aedaed759eb29,色々,97,,,네이버 예문 ID 중복; 일본어 예문 문장 중복,https://ja.dict.naver.com/#/search?query=%E8%89%B2%E3%80%85
w_1cda3de6e8bb6711,N4,さしあげる,さしあげる,드리다(경어),お礼の手紙を差し上げる,감사의 편지를 드리다,교학사 일한사전,92a43141325c4d40959c1b0efdc214c8,さしあげる 드리다 경어,169,1,surface,네이버 예문 ID 중복; 일본어 예문 문장 중복,https://ja.dict.naver.com/#/search?query=%E3%81%95%E3%81%97%E3%81%82%E3%81%92%E3%82%8B
w_1d13264e7f8e8113,N1,湿気る,しける,"습기를 머금다, 축축해지다",湿気を帯びる,습기를 머금다,민중서림 엣센스 한일사전,9a738c1ab4fc46d5bcc67884a7abe1da,湿気る 습기를 머금다 축축해지다,79,2,stem,활용 어간으로만 목표어 확인; 자동 선택 점수 80 미만,https://ja.dict.naver.com/#/search?query=%E6%B9%BF%E6%B0%97%E3%82%8B
w_1d1a7c01fa6cc5a5,N1,的確な,てきかくな,정확한,的確なポジショニングからの攻撃を得意とする選手です。,정확한 위치에서 공격하는 것이 특기인 선수입니다.,플리토,c13261a87ae444bc8ac72e41ce80b021,的確な 정확한,112,1,surface,우선 검수 출처; 네이버 예문 ID 중복; 일본어 예문 문장 중복,https://ja.dict.naver.com/#/search?query=%E7%9A%84%E7%A2%BA%E3%81%AA
w_1d6479a34c016b7b,N2,腰掛け,こしかけ,"좌석, 벤치",かまどに腰掛け一杯(の飯を)かき込んで飛びだした.,부뚜막에 걸터앉아 얼른 한술 뜨고 뛰쳐나갔다,민중서림 엣센스 한일사전,bfe5e4c0d83b4aa3b83082b9d0825b8e,腰掛け,164,0,surface,한국어 뜻 직접 일치어 없음,https://ja.dict.naver.com/#/search?query=%E8%85%B0%E6%8E%9B%E3%81%91
w_1d9b29a13e07006c,N1,芝,しば,잔디밭,芝が発根する.,잔디가 발근되다,민중서림 엣센스 한일사전,56e762729d054969a7cad24c33843af8,芝,122,0,surface,한국어 뜻 직접 일치어 없음,https://ja.dict.naver.com/#/search?query=%E8%8A%9D
w_1e2a728f9fcabb4d,N2,溶け込む,とけこむ,"녹다 안으로, 되다 부분 의",トウガラシの粉が溶け込むと、水が赤い色に変わった。,고춧가루가 녹아들자 물이 붉은색으로 변했다.,국립국어원 한국어-일본어 학습사전,3914cba8444d4509a8180a21db9df2eb,溶け込む,102,0,surface,한국어 뜻 직접 일치어 없음,https://ja.dict.naver.com/#/search?query=%E6%BA%B6%E3%81%91%E8%BE%BC%E3%82%80
w_1e6961ce3411cb4b,N3,農業,のうぎょう,농업,スマート農業の導入を進める,스마트 농업 도입을 추진하다,민중서림 엣센스 일한사전,120771dde6384c6aa0ae91f3846ebcde,農業 농업,129,1,surface,네이버 예문 ID 중복; 일본어 예문 문장 중복,https://ja.dict.naver.com/#/search?query=%E8%BE%B2%E6%A5%AD
w_1eabc0e02e1b1b73,N1,行為,こうい,"행위, 행동",勇気ある行為を称える,용기 있는 행위를 칭송하다,민중서림 엣센스 일한사전,d99d80aa31034b3ab85e0ebe387d15e2,行為,97,,,네이버 예문 ID 중복; 일본어 예문 문장 중복,https://ja.dict.naver.com/#/search?query=%E8%A1%8C%E7%82%BA
w_1eae6eda7c09f13c,N2,幸いに,さいわいに,다행히,幸いにいい職場を得た.,다행히 좋은 일자리를 얻었다,민중서림 엣센스 한일사전,7bc207f9b02a493f8665ccfcc4689fda,幸いに 다행히,134,1,surface,네이버 예문 ID 중복; 일본어 예문 문장 중복,https://ja.dict.naver.com/#/search?query=%E5%B9%B8%E3%81%84%E3%81%AB
w_1ec497ea93ec00bf,N1,殺人,さつじん,살인,殺人に対する罪科は重い.,살인에 대한 죄과는 무겁다,민중서림 엣센스 한일사전,9feb696691ea44589f9b8228c85b81e8,殺人,94,,,네이버 예문 ID 중복; 일본어 예문 문장 중복,https://ja.dict.naver.com/#/search?query=%E6%AE%BA%E4%BA%BA
w_1ef4822a952c095f,N1,早急,そうきゅう,긴급한,ロ：早急に緊急会議を開くように。,나: 빨리 긴급회의를 소집하도록.,국립국어원 한국어-일본어 학습사전,788b177c2c644d15bb2dcf9d184f6e47,早急 긴급한,54,0,surface,한국어 뜻 직접 일치어 없음; 자동 선택 점수 80 미만; 네이버 예문 ID 중복; 일본어 예문 문장 중복,https://ja.dict.naver.com/#/search?query=%E6%97%A9%E6%80%A5
w_1f093ceab4675dbd,N1,かたくなな,かたくなな,고집이 센,かたくなな心を解きほぐす,완고한 마음을 누그러뜨리다,교학사 일한사전,68444f5a45ea491ab222e4113633bd05,かたくなな,107,0,surface,한국어 뜻 직접 일치어 없음,https://ja.dict.naver.com/#/search?query=%E3%81%8B%E3%81%9F%E3%81%8F%E3%81%AA%E3%81%AA
w_1f3b58708b016b7f,N5,そば,そば,"옆, 곁",私のそばにいてください。,제 곁에 있어 주세요. (생활/가정>데이트/사랑>사랑 고백),글로벌회화,270d5dd2d14f49f099ee247e786b6ea4,そば 옆 곁,120,0,surface,한국어 뜻 직접 일치어 없음,https://ja.dict.naver.com/#/search?query=%E3%81%9D%E3%81%B0
w_1f45eb00e24b3e52,N1,後援,こうえん,후원,コンクールを後援している,경연 대회를 후원하고 있다.,민중서림 엣센스 외래어사전,e20606a908f648ac937ef549e37dbbf4,後援 후원,129,1,surface,네이버 예문 ID 중복; 일본어 예문 문장 중복,https://ja.dict.naver.com/#/search?query=%E5%BE%8C%E6%8F%B4
w_1f5b759becbda853,N2,シーズン,シーズン,계절(스포츠),オフシーズンの旅こそ，「旅」本来の楽しみを得ることができる,계절을 벗어난 여행이야말로 ‘여행’ 본래의 즐거움을 얻을 수가 있다.,민중서림 엣센스 외래어사전,bf46f96cddc047c586cfe2dff69025e9,シーズン 계절 스포츠,134,1,surface,네이버 예문 ID 중복; 일본어 예문 문장 중복,https://ja.dict.naver.com/#/search?query=%E3%82%B7%E3%83%BC%E3%82%BA%E3%83%B3
w_1f9c536db0872b3c,N2,滝,たき,폭포,修行の一つとして滝に打たれる.,수행의 하나로 폭포수를 맞다,민중서림 엣센스 한일사전,991625e6ad184b038d54dba712e667cf,滝 폭포,134,1,surface,네이버 예문 ID 중복; 일본어 예문 문장 중복,https://ja.dict.naver.com/#/search?query=%E6%BB%9D
w_1fe0b681b7d7919a,N3,もう一度やる,もういちどやる,한번 더 하다,もう一度やってごらん,한번 더 해 보렴,민중서림 엣센스 일한사전,d02b8c6a0b4d437694694fc64dac64e3,もう一度やる 한번 더 하다,37,1,stem,활용 어간으로만 목표어 확인; 자동 선택 점수 80 미만,https://ja.dict.naver.com/#/search?query=%E3%82%82%E3%81%86%E4%B8%80%E5%BA%A6%E3%82%84%E3%82%8B
w_1fe772a83251102d,N2,中世,ちゅうせい,중세,なだらかな丘陵を縫うカントリー・ロードに沿って，中世の姿を残す素朴な村村が点在する,"완만한 구릉을 누비는 시골길을 따라, 중세의 모습을 엿보게 하는 소박한 마을들이 (여기저기) 점재해 있다.",민중서림 엣센스 외래어사전,90c33742850e49d58f306e35947925c3,中世 중세,134,1,surface,네이버 예문 ID 중복; 일본어 예문 문장 중복,https://ja.dict.naver.com/#/search?query=%E4%B8%AD%E4%B8%96
w_1ffdc03d4cddffda,N1,いやみ,いやみ,불쾌한 언행,嫌みを言ったらすねて帰ってしまった.,싫은 소릴 했더니 실쭉해서 가 버렸다,민중서림 엣센스 한일사전,a96d491714594a7390547b43c3dc6058,いやみ,164,0,surface,한국어 뜻 직접 일치어 없음; 네이버 예문 ID 중복; 일본어 예문 문장 중복,https://ja.dict.naver.com/#/search?query=%E3%81%84%E3%82%84%E3%81%BF
w_2051986d08da1c3e,N3,地,ち,"땅, 지면",足が地を離れない.,발이 땅에서 떨어지지 않는다,민중서림 엣센스 한일사전,1594ef4db3504e45babe2b92def0e113,地 땅 지면,122,0,surface,한국어 뜻 직접 일치어 없음,https://ja.dict.naver.com/#/search?query=%E5%9C%B0
w_20734b71d5df79ef,N5,あし,あし,"발, 다리",足任せに歩く,발 내키는 대로 걷다,민중서림 엣센스 한일사전,db39dc833d954a99a38f51a34e9225b9,あし 발 다리,151,0,surface,한국어 뜻 직접 일치어 없음,https://ja.dict.naver.com/#/search?query=%E3%81%82%E3%81%97
w_20e260bdc5ab8c7f,N2,存ずる,ぞんずる,알다(겸양),以上のように存ずる次第です,이상과 같이 생각하는 바입니다,민중서림 엣센스 일한사전,e7f426595135406482473c245a513451,存ずる,117,0,surface,한국어 뜻 직접 일치어 없음,https://ja.dict.naver.com/#/search?query=%E5%AD%98%E3%81%9A%E3%82%8B
w_2127e00194da302c,N3,思想,しそう,"생각, 아이디어",彼の思想は左に寄っている,그의 사상은 좌익으로 기울어 있다,민중서림 엣센스 일한사전,657e20bc6ca64e65a25fa4ea9f0d194e,思想,117,0,surface,한국어 뜻 직접 일치어 없음,https://ja.dict.naver.com/#/search?query=%E6%80%9D%E6%83%B3
w_213905929b42e976,N2,始めに,はじめに,"처음에, 먼저",今年は我が家が村で一番始めに種をまいた.,올해는 우리 집이 동네에서 초꼬슴으로 씨를 뿌렸다,민중서림 엣센스 한일사전,e29cb91833d041e7aba62cf590223b3f,始めに,114,0,surface,한국어 뜻 직접 일치어 없음,https://ja.dict.naver.com/#/search?query=%E5%A7%8B%E3%82%81%E3%81%AB
w_2171d900f3fc843c,N2,平気だ,へいきだ,"태연하다,아무렇지않다",今は慢性になって平気だ.,이젠 만성이 되어 아무렇지도 않다,민중서림 엣센스 한일사전,af79aaebd13744a58de69b36c619e547,平気だ 태연하다 아무렇지않다,122,0,surface,한국어 뜻 직접 일치어 없음,https://ja.dict.naver.com/#/search?query=%E5%B9%B3%E6%B0%97%E3%81%A0
w_217384955200e9db,N3,きまり,きまり,규칙,決まりに従って行動する,규칙에 따라 행동하다,민중서림 엣센스 일한사전,e447d8febe6c4a59ba578714cb668124,きまり 규칙,171,1,surface,네이버 예문 ID 중복; 일본어 예문 문장 중복,https://ja.dict.naver.com/#/search?query=%E3%81%8D%E3%81%BE%E3%82%8A
w_21ccbff21988f702,N2,殻,から,"껍데기, 껍질",胡桃の堅い殻を割る,호두의 단단한 껍질을 깨다,민중서림 엣센스 일한사전,28b31a9428c5473e8cfec36e4d8b3903,殻 껍데기 껍질,129,1,surface,네이버 예문 ID 중복; 일본어 예문 문장 중복,https://ja.dict.naver.com/#/search?query=%E6%AE%BB
w_2291d0d74ed86e30,N2,生意気,なまいき,뻔뻔한,生意気な後輩に焼きを入れる.,건방진 후배를 혼내 주다,민중서림 엣센스 한일사전,17d2733341e247c08c66825204318dd6,生意気,114,0,surface,한국어 뜻 직접 일치어 없음,https://ja.dict.naver.com/#/search?query=%E7%94%9F%E6%84%8F%E6%B0%97
w_22b57ca13e715d81,N2,振舞う,ふるまう,"행동하다, 대접하다",母は私にどこへ行っても、行儀よく振舞うよう言った。,어머니는 나에게 어딜 가든 곱게 행동하라고 말씀하셨다.,국립국어원 한국어-일본어 학습사전,464cab7f3fee4c2e9207340c35d506cb,振舞う,102,0,surface,한국어 뜻 직접 일치어 없음,https://ja.dict.naver.com/#/search?query=%E6%8C%AF%E8%88%9E%E3%81%86
w_22c556f29d789e94,N3,前者,ぜんしゃ,전자,前者にくらべて格段に劣る.,전자에 비해 현격히 뒤떨어지다,민중서림 엣센스 한일사전,455168460a024686a88cc7d36d096e13,前者 전자,134,1,surface,네이버 예문 ID 중복; 일본어 예문 문장 중복,https://ja.dict.naver.com/#/search?query=%E5%89%8D%E8%80%85
w_22f86d20301b437a,N1,柔軟,じゅうなん,유연함,からだを柔軟にする.,몸을 유연하게 하다,민중서림 엣센스 한일사전,ee88a00d1a9b41919fcfc7cce5333f34,柔軟 유연함,122,0,surface,한국어 뜻 직접 일치어 없음,https://ja.dict.naver.com/#/search?query=%E6%9F%94%E8%BB%9F
w_23469cdf86f547d3,N2,調節,ちょうせつ,조절,ダムの水量を調節しようとする,댐의 수량을 조절하려고 하다,민중서림 엣센스 한일사전,bce31908faf645009931a26f4ad5f691,調節 조절,129,1,surface,네이버 예문 ID 중복; 일본어 예문 문장 중복,https://ja.dict.naver.com/#/search?query=%E8%AA%BF%E7%AF%80
w_23b918ab85d1f8ae,N2,地盤,じばん,"땅, 근거",ロ：地盤が丈夫ではないので建物を建てると地面が崩れる恐れがあります。,나: 지반이 든든하지 않아서 건물을 지으면 땅이 무너져 내릴 수도 있습니다.,국립국어원 한국어-일본어 학습사전,dfd83d9cc07d4a4c89d6dcc8194d2932,地盤 땅 근거,102,0,surface,한국어 뜻 직접 일치어 없음,https://ja.dict.naver.com/#/search?query=%E5%9C%B0%E7%9B%A4
w_241f60923bd76a1e,N2,過半数,かはんすう,대다수,反対票がたくさん出る[過半数を超す].,부표가 많이 나오다[과반수를 넘다],민중서림 엣센스 한일사전,551469c042a54eb8a15cc7cb343d4486,過半数,106,0,surface,한국어 뜻 직접 일치어 없음,https://ja.dict.naver.com/#/search?query=%E9%81%8E%E5%8D%8A%E6%95%B0
w_244b759283766aa0,N1,異色,いしょく,"이색,매우특색있음",はたして彼のやり方には異色がある.,과연 그의 방식은 이색적이다,민중서림 엣센스 한일사전,8480d2f4be6e46b598063cb36f57f969,異色,134,1,surface,네이버 예문 ID 중복; 일본어 예문 문장 중복,https://ja.dict.naver.com/#/search?query=%E7%95%B0%E8%89%B2
w_245a981f2fa2fed1,N1,引き落とす,ひきおとす,"당겨서떨어뜨리다,자동납부하다",お金を引き落とす。,돈을 빼다.,국립국어원 한국어-일본어 학습사전,71a71f40286f44efb3f05949f059b4fa,引き落とす,94,0,surface,한국어 뜻 직접 일치어 없음,https://ja.dict.naver.com/#/search?query=%E5%BC%95%E3%81%8D%E8%90%BD%E3%81%A8%E3%81%99
w_245d63ae14dc7240,N5,火よう日,かようび,화요일,うちの洞はリサイクル製品を捨てる日が火曜日である。,우리 동은 재활용품을 버리는 날이 화요일이다.,국립국어원 한국어-일본어 학습사전,63378238cd2c438db74789c14b3cb5c0,火よう日 화요일,98,1,jmdict-form,JMdict 보조 표기로 목표어 확인,https://ja.dict.naver.com/#/search?query=%E7%81%AB%E3%82%88%E3%81%86%E6%97%A5
w_2466f73e99a3755f,N1,バー,バー,바; 막대,バーに手をかけ，静止した。…敗北への恐れでなく，記録の深い淵をのぞき込む目だ。,"바에 손을 대고, 정지하였다. …패배에 대한 두려움이 아니라 기록의 심연을 들여다보는 눈이다.",민중서림 엣센스 외래어사전,95bd2918078d411faeb5a842dc1c57e8,バー,110,,,네이버 예문 ID 중복; 일본어 예문 문장 중복,https://ja.dict.naver.com/#/search?query=%E3%83%90%E3%83%BC
w_2483b98c4224bf99,N3,あきる,あきる,"질리다, 식상하다",長話に飽きる,장황한 이야기에 질리다,민중서림 엣센스 일한사전,57926ab82ccc4197af476fc613ae39dd,あきる 질리다 식상하다,171,1,surface,네이버 예문 ID 중복; 일본어 예문 문장 중복,https://ja.dict.naver.com/#/search?query=%E3%81%82%E3%81%8D%E3%82%8B
w_24916a38f64f592d,N1,罰,ばつ,"벌, 처벌",‘罪と罰’の新訳が出た.,‘죄와 벌’의 신역이 나왔다,민중서림 엣센스 한일사전,22517cd2ef4143e3a73c80d103cfb385,罰 벌 처벌,122,0,surface,한국어 뜻 직접 일치어 없음; 네이버 예문 ID 중복; 일본어 예문 문장 중복,https://ja.dict.naver.com/#/search?query=%E7%BD%B0
w_24a836f5c075a276,N3,通過,つうか,통과,難産の末、法案が国会を通過した,난산 끝에 법안이 국회를 통과했다.,민중서림 엣센스 일한사전,b7e80f04184e49de82d71f9d338214a2,通過 통과,134,1,surface,네이버 예문 ID 중복; 일본어 예문 문장 중복,https://ja.dict.naver.com/#/search?query=%E9%80%9A%E9%81%8E
w_25a37975ebba9151,N2,専念,せんねん,전념,一生を癌の研究に専念する,평생을 암 연구에 전념하다,민중서림 엣센스 한일사전,dbdb30f8d4624852a6ab918a1c1be473,専念 전념,129,1,surface,네이버 예문 ID 중복; 일본어 예문 문장 중복,https://ja.dict.naver.com/#/search?query=%E5%B0%82%E5%BF%B5
w_25b648bf778c94cd,N3,する,する,하다,10分の1に縮尺する.,축척을 10분의 1로 하다,민중서림 엣센스 한일사전,32930d1f967d4eeeb73c419f106ab373,する 하다,122,0,surface,한국어 뜻 직접 일치어 없음,https://ja.dict.naver.com/#/search?query=%E3%81%99%E3%82%8B
w_25c295e6bfa0e5ae,N2,詰まる,つまる,"막히다,꽉차다",流しのはけ口が詰まる.,설거지통의 배수구가 막히다,민중서림 엣센스 한일사전,083c6e669d67401ea78742548782ab46,詰まる,134,1,surface,네이버 예문 ID 중복; 일본어 예문 문장 중복,https://ja.dict.naver.com/#/search?query=%E8%A9%B0%E3%81%BE%E3%82%8B
w_25cb652a0907a58a,N5,プール,プール,"풀, 수영장",Aプール以外にもダイビングプールがあるなら定期的に教室が開かれている。,A수영장 이외에도 다이빙 풀이 있으면 정기적으로 교실을 열고 있다.,플리토,52442fdfd12941198acac509773e136f,プール 풀 수영장,124,1,surface,우선 검수 출처,https://ja.dict.naver.com/#/search?query=%E3%83%97%E3%83%BC%E3%83%AB
w_25d246fcafff391e,N5,おてあらい,おてあらい,화장실,お手洗いのタオルを使い捨てのペーパータオルに変更する,화장실 수건을 일회용 종이 타월로 바꾸다,민중서림 엣센스 일한사전,ad0cd0af7a544eaba3c73dcd31d138dd,おてあらい 화장실,101,1,jmdict-form,JMdict 보조 표기로 목표어 확인; 네이버 예문 ID 중복; 일본어 예문 문장 중복,https://ja.dict.naver.com/#/search?query=%E3%81%8A%E3%81%A6%E3%81%82%E3%82%89%E3%81%84
w_25dc46a0c87b3106,N1,自主,じしゅ,자율,結婚が本当に意味するところは、人として満たされた状況に到達するためにもう一人を助け、責任感と自主性をもって人生から逃げないということ。(ポール・トゥルニエ),"결혼의 진정한 의미란 완전한 사람, 삶으로부터 도망치지 않는 책임감 있고 자율적인 존재가 되도록 서로를 도와주는 것이다. (폴 투르니에, 남녀명언)",명언/속담,0d6484976501430bb43efa1d6985d52c,自主 자율,116,1,surface,우선 검수 출처,https://ja.dict.naver.com/#/search?query=%E8%87%AA%E4%B8%BB
w_260436ffc158f4b2,N2,用途,ようと,용도,材質によって用途が異なる.,재질에 따라 용도가 다르다,민중서림 엣센스 한일사전,a46d6f15bc1b4df29844079246d24c08,用途 용도,134,1,surface,네이버 예문 ID 중복; 일본어 예문 문장 중복,https://ja.dict.naver.com/#/search?query=%E7%94%A8%E9%80%94
w_261d08aef7008630,N2,痛ましい,いたましい,"가엽다,애처롭다",痛ましい事故が繰り返されてはならない,참혹한 사고가 되풀이되어서는 안 된다,민중서림 엣센스 일한사전,362f70bb4613413786dbf9f7e534179d,痛ましい,117,0,surface,한국어 뜻 직접 일치어 없음,https://ja.dict.naver.com/#/search?query=%E7%97%9B%E3%81%BE%E3%81%97%E3%81%84
w_261f4b9b11e4087d,N3,件,けん,"건, 사항",火事が一日に五件あった.,화재가 하루에 다섯 건 있었다,민중서림 엣센스 한일사전,ab90cad601774841ae920759831909d9,件 건 사항,122,0,surface,한국어 뜻 직접 일치어 없음; 네이버 예문 ID 중복; 일본어 예문 문장 중복,https://ja.dict.naver.com/#/search?query=%E4%BB%B6
w_262ab17a9d5f3f78,N5,だいじょうぶ,だいじょうぶ,괜찮음,だいじょうぶです。,말짱해요. (식당>술집/바>술 마실 때),글로벌회화,fd31e86f856b4829870ce03ddd4d5b80,だいじょうぶ,120,0,surface,한국어 뜻 직접 일치어 없음,https://ja.dict.naver.com/#/search?query=%E3%81%A0%E3%81%84%E3%81%98%E3%82%87%E3%81%86%E3%81%B6
w_264a31502f355fb4,N1,国定,こくてい,"국정, 국가 지정",うちの村の蝶々祭りが小学校の国定教科書に載った。,우리 마을의 나비 축제가 초등학교 국정 교과서에 실렸다.,국립국어원 한국어-일본어 학습사전,0da8e3f5113c4882871e529ce5439569,国定,62,,,자동 선택 점수 80 미만,https://ja.dict.naver.com/#/search?query=%E5%9B%BD%E5%AE%9A
w_266cc2957a7a7159,N1,思い返す,おもいかえす,돌아보다,先生に注意されて思い返す,선생님께 주의를 듣고 고쳐 생각하다,교학사 일한사전,8f9ddb993d1045c9b1f7a052588f380a,思い返す,107,0,surface,한국어 뜻 직접 일치어 없음,https://ja.dict.naver.com/#/search?query=%E6%80%9D%E3%81%84%E8%BF%94%E3%81%99
w_26b1c6419970fa60,N4,早く,はやく,"일찍, 빨리",朝早く目が覚める.,아침 일찍 눈이 뜨이다,민중서림 엣센스 한일사전,8ea76e3e6a7c4602ba834b0da1d86976,早く,134,1,surface,네이버 예문 ID 중복; 일본어 예문 문장 중복,https://ja.dict.naver.com/#/search?query=%E6%97%A9%E3%81%8F
w_26e555c5d4a1d9f8,N2,御無沙汰,ごぶさた,"오래 연락하지 않음, 소식이 뜸함",俗用に追われて御無沙汰しました.,속사에 쫓기다 보니 격조했습니다,민중서림 엣센스 한일사전,ff544c6ea27f49a3b13c7cf1af182292,御無沙汰,82,0,surface,한국어 뜻 직접 일치어 없음,https://ja.dict.naver.com/#/search?query=%E5%BE%A1%E7%84%A1%E6%B2%99%E6%B1%B0
w_274cb8a04b355279,N3,菌,きん,균,ネズミはペスト菌を媒介する.,쥐는 페스트균을 매개한다,민중서림 엣센스 한일사전,c4e1e788fc90466e8bc082cf065cc6ca,菌 균,122,0,surface,한국어 뜻 직접 일치어 없음,https://ja.dict.naver.com/#/search?query=%E8%8F%8C
w_276643b8b7bc3674,N1,手分けする,てわけする,분담하다,多くの仕事も手分けすればすぐに終わらせることができる。,많은 일도 손을 나누어 하면 금방 끝낼 수 있다.,국립국어원 한국어-일본어 학습사전,3dff54273d844150a4ddf88b5dfac59c,手分けする,60,0,stem,한국어 뜻 직접 일치어 없음; 활용 어간으로만 목표어 확인; 자동 선택 점수 80 미만,https://ja.dict.naver.com/#/search?query=%E6%89%8B%E5%88%86%E3%81%91%E3%81%99%E3%82%8B
w_27abc5fe46f0f810,N2,殿,どの,"귀하, 님",殿、お支度が出来ましてござります,"나리, 준비[차비]가 되었사옵니다",민중서림 엣센스 일한사전,31f2dfdf1dd84868bd809c053b9296a7,殿,102,0,surface,한국어 뜻 직접 일치어 없음,https://ja.dict.naver.com/#/search?query=%E6%AE%BF
w_27f918b6c1f30a9b,N4,申す,もうす,말씀드리다(겸양어),申すまでもない,말씀드릴 필요도 없다,민중서림 엣센스 일한사전,82aaa2e61fc840b782a21fc5de344d38,申す,117,0,surface,한국어 뜻 직접 일치어 없음,https://ja.dict.naver.com/#/search?query=%E7%94%B3%E3%81%99
w_28791ccc16b6f97b,N2,寂しい,さびしい,"쓸쓸하다,외롭다",知らない土地で寂しい生活を送る.,모르는 고장에서 고독한 생활을 보내다,민중서림 엣센스 한일사전,beb7bc529c1f4dc5b9d6106b5f101c76,寂しい,122,0,surface,한국어 뜻 직접 일치어 없음,https://ja.dict.naver.com/#/search?query=%E5%AF%82%E3%81%97%E3%81%84
w_289eeb92d45d9b35,N1,しいて,しいて,"억지로, 굳이",強いて食べろとは言わない.,억지로 먹으라고는 하지 않는다,민중서림 엣센스 한일사전,334baa0b3c094a208f7018cc6b860634,しいて 억지로 굳이,176,1,surface,네이버 예문 ID 중복; 일본어 예문 문장 중복,https://ja.dict.naver.com/#/search?query=%E3%81%97%E3%81%84%E3%81%A6
w_28a0a4b3ffaf3efe,N3,回す,まわす,돌리다,数回にわたって掲載する.,수회에 걸쳐 게재하다,민중서림 엣센스 한일사전,6a482999dfdd4ed7819708ed8fba09b2,回す 돌리다,102,0,surface,한국어 뜻 직접 일치어 없음,https://ja.dict.naver.com/#/search?query=%E5%9B%9E%E3%81%99
w_28abc7a842cc3f88,N3,暗記,あんき,암기,文を丸ごと暗記する,문장을 통째로 암기하다,민중서림 엣센스 일한사전,b95e20f037244fee955beeb693e21670,暗記 암기,129,1,surface,네이버 예문 ID 중복; 일본어 예문 문장 중복,https://ja.dict.naver.com/#/search?query=%E6%9A%97%E8%A8%98
w_28afc4f45d6c5ebc,N2,冠,かんむり,"관, 왕관",冠に宝石をちりばめる.,관에 보석을 아로새기다,민중서림 엣센스 한일사전,2c208badc68e4d56b34e70fffc377ebf,冠 관 왕관,122,0,surface,한국어 뜻 직접 일치어 없음,https://ja.dict.naver.com/#/search?query=%E5%86%A0
w_292833139acbd808,N3,自動的な,じどうてきな,자동적인,自動的な放棄。,자동 포기.,국립국어원 한국어-일본어 학습사전,55f38284318a475d9dabc98fbb3e894a,自動的な,49,0,surface,한국어 뜻 직접 일치어 없음; 자동 선택 점수 80 미만,https://ja.dict.naver.com/#/search?query=%E8%87%AA%E5%8B%95%E7%9A%84%E3%81%AA
w_2951147aa8426cc8,N4,お礼,おれい,감사 인사,これは軽少ですがお礼の印です.,이것은 약소하지만 감사의 표시입니다,민중서림 엣센스 한일사전,f285a3af910e49e19d09e972b91f4f5a,お礼,102,,,네이버 예문 ID 중복; 일본어 예문 문장 중복,https://ja.dict.naver.com/#/search?query=%E3%81%8A%E7%A4%BC
w_29549f663bb73d32,N3,自動,じどう,자동,自動ログインを設定[解除]する,자동 로그인 기능을 설정[해제]하다,민중서림 엣센스 일한사전,106287eb54b143b5b71dc877a5e09dc7,自動 자동,129,1,surface,네이버 예문 ID 중복; 일본어 예문 문장 중복,https://ja.dict.naver.com/#/search?query=%E8%87%AA%E5%8B%95
w_29dc4b778c6e2c6e,N2,破壊,はかい,파괴,"土地の開発がすすむと,自然が破壊される.",토지 개발이 진행되면 자연이 파괴된다,민중서림 엣센스 한일사전,79abee11f1394b379d6bac43f572cb48,破壊,102,,,네이버 예문 ID 중복; 일본어 예문 문장 중복,https://ja.dict.naver.com/#/search?query=%E7%A0%B4%E5%A3%8A
w_29fb9b445ee25371,N5,古い,ふるい,"오래되다, 낡다",古い書類を焼却する.,묵은 서류를 불에 사르다,민중서림 엣센스 한일사전,0c8342e0b3704e6e97ce20cfa1d20cc6,古い,122,0,surface,한국어 뜻 직접 일치어 없음; 네이버 예문 ID 중복; 일본어 예문 문장 중복,https://ja.dict.naver.com/#/search?query=%E5%8F%A4%E3%81%84
w_29fd13f6f877956f,N4,台所,だいどころ,부엌,農家といっても昔とは違う。台所にはピカピカのガス・レンジもある,농가라고 해도 옛날과는 다르다. 부엌에는 번쩍번쩍하는 가스레인지도 있다.,민중서림 엣센스 외래어사전,c14fb15ccf07469e925aec9f2f2fa9ac,台所 부엌,134,1,surface,네이버 예문 ID 중복; 일본어 예문 문장 중복,https://ja.dict.naver.com/#/search?query=%E5%8F%B0%E6%89%80
w_2a06729151a7f727,N3,迷う,まよう,"망설이다,헤매다",欲に迷うと失敗する,욕심에 사로잡히면 실패한다,민중서림 엣센스 일한사전,01c2ec4842ed475ba45c38f7c256b55e,迷う,117,0,surface,한국어 뜻 직접 일치어 없음,https://ja.dict.naver.com/#/search?query=%E8%BF%B7%E3%81%86
w_2aa26c83fc7cbe5c,N1,手際,てぎわ,"일처리솜씨,수완",コンピューターを取り扱う手際が上手だ.,컴퓨터 다루는 솜씨가 능란하다,민중서림 엣센스 한일사전,4382ae52afcd4176918cbc1540f6fe00,手際,122,0,surface,한국어 뜻 직접 일치어 없음; 네이버 예문 ID 중복; 일본어 예문 문장 중복,https://ja.dict.naver.com/#/search?query=%E6%89%8B%E9%9A%9B
w_2acad57554d10e3f,N2,訴える,うったえる,"고소하다,호고하다",胃の不調を訴える,위 상태가 좋지 않음[위통]을 호소하다,민중서림 엣센스 일한사전,217cefe473c94ac3aee63d3660bec1d2,訴える,117,0,surface,한국어 뜻 직접 일치어 없음,https://ja.dict.naver.com/#/search?query=%E8%A8%B4%E3%81%88%E3%82%8B
w_2ad3a99db025ae7b,N2,研修,けんしゅう,훈련,今回の新入社員研修は、新入社員を会社が要求する人材に訓練する過程だ。,이번 신입 사원 연수는 신입 사원들을 회사가 요구하는 인재로 훈련시키는과정이다.,국립국어원 한국어-일본어 학습사전,7a360861f7c24f3081d265308c793242,研修 훈련,59,1,surface,자동 선택 점수 80 미만,https://ja.dict.naver.com/#/search?query=%E7%A0%94%E4%BF%AE
w_2aec0f55185205c2,N1,人格,じんかく,"성격, 문자",人格は、自分の行動の結果である。,"우리 성격은 우리 행동의 결과다. (이탈리아속담, 자기관리속담)",명언/속담,d39403c3b9224cecbc5e182faf352e65,人格 성격 문자,132,1,surface,우선 검수 출처,https://ja.dict.naver.com/#/search?query=%E4%BA%BA%E6%A0%BC
w_2b45b6d1637cf51e,N3,鬼,おに,"도깨비, 악귀, 술래",異境の鬼となる.,이국 땅의 고혼이 되다,민중서림 엣센스 한일사전,cf62b70aba8c45c7993014d53e059852,鬼,122,0,surface,한국어 뜻 직접 일치어 없음,https://ja.dict.naver.com/#/search?query=%E9%AC%BC
w_2ba511e80b7518cd,N3,届ける,とどける,"보내다, 배달하다, (관청 등에) 신고하다",上役の家に贈り物を届ける.,상사 집에 선물을 들여보내다,민중서림 엣센스 한일사전,1e1f170e5898449cba378b8067b9952b,届ける,134,1,surface,네이버 예문 ID 중복; 일본어 예문 문장 중복,https://ja.dict.naver.com/#/search?query=%E5%B1%8A%E3%81%91%E3%82%8B
w_2bac7e5120c4dcfa,N2,のろのろ,のろのろ,천천히,凍りついた路面を車がはうようにのろのろと進んでいる.,빙판길을 차가 엉금엉금 기어가고 있다,민중서림 엣센스 한일사전,0b9fb00f7fe1408887c26fc5f29509b5,のろのろ,122,0,surface,한국어 뜻 직접 일치어 없음,https://ja.dict.naver.com/#/search?query=%E3%81%AE%E3%82%8D%E3%81%AE%E3%82%8D
w_2bb6d647e65c37de,N4,似合う,にあう,어울리다,洋服[和服]がよく似合う,양복[일본 옷]이 잘 어울리다,민중서림 엣센스 일한사전,00da14080788433a8dc5a803150c4a92,似合う,121,1,surface,네이버 예문 ID 중복; 일본어 예문 문장 중복,https://ja.dict.naver.com/#/search?query=%E4%BC%BC%E5%90%88%E3%81%86
w_2bd9770e75820794,N1,頑丈,がんじょう,"튼튼함, 견고함",このお皿は高いところから落としても割れないように頑丈に作られた製品だ。,이 접시는 높은 곳에서 떨어뜨려도 깨지지 않도록 견고하게 만들어진 제품이다.,국립국어원 한국어-일본어 학습사전,284d8937addd494595bb508048b7c789,頑丈 튼튼함 견고함,102,0,surface,한국어 뜻 직접 일치어 없음,https://ja.dict.naver.com/#/search?query=%E9%A0%91%E4%B8%88
w_2bf57019d31625a6,N2,ハンドル,ハンドル,"핸들, 손잡이",左の方向にハンドルを切る.,왼쪽 방향으로 핸들을 꺾다,민중서림 엣센스 한일사전,d667acebf02b48cca0d4ce9216f7fa5d,ハンドル 핸들 손잡이,134,1,surface,네이버 예문 ID 중복; 일본어 예문 문장 중복,https://ja.dict.naver.com/#/search?query=%E3%83%8F%E3%83%B3%E3%83%89%E3%83%AB
w_2c3f3b5d1f0e15fa,N1,巧み,たくみ,"교묘함, 솜씨 좋음",自然の美を巧みに形容する.,자연의 미를 공교하게 형용하다,민중서림 엣센스 한일사전,bc0c1a13a1e54494893655339c885187,巧み,122,0,surface,한국어 뜻 직접 일치어 없음,https://ja.dict.naver.com/#/search?query=%E5%B7%A7%E3%81%BF
w_2cb5b752ea9143b1,N3,主要だ,しゅようだ,주요하다,シングルスではオープンスペースを作って狙う作戦が主要だ。,단식에서는 오픈스페이스를 만들어 노리는 작전이 필수다.,플리토,0f5239bd801742da8dccf2e127aa2d61,主要だ 주요하다,100,0,surface,한국어 뜻 직접 일치어 없음; 우선 검수 출처,https://ja.dict.naver.com/#/search?query=%E4%B8%BB%E8%A6%81%E3%81%A0
w_2cee30fb0982662f,N2,神様,かみさま,신,彼はサッカーの神様と言われる,그는 축구의 신으로 불린다,민중서림 엣센스 일한사전,f990e345ed5f4a4a81456e34d8550427,神様 신,117,0,surface,한국어 뜻 직접 일치어 없음,https://ja.dict.naver.com/#/search?query=%E7%A5%9E%E6%A7%98
w_2d3607c509de64a2,N3,さっぱり,さっぱり,"상쾌함, 말끔함",入浴してさっぱり(と)した,목욕을 해서 상쾌해졌다,민중서림 엣센스 일한사전,9a52f7c418b642ba921a4f4ae5a9d068,さっぱり 상쾌함 말끔함,117,0,surface,한국어 뜻 직접 일치어 없음,https://ja.dict.naver.com/#/search?query=%E3%81%95%E3%81%A3%E3%81%B1%E3%82%8A
w_2d72e70d3c4799bb,N3,組,くみ,"조, 반, 팀",われわれが属する組で、うちのチームが最も強い戦力を有するものと分析された。,우리가 속한 조에서 우리 팀이 가장 강한 전력을 가지고 있는 것으로 분석됐다.,국립국어원 한국어-일본어 학습사전,becf350efe0346cc885a40ea983851c9,組 조 반 팀,102,0,surface,한국어 뜻 직접 일치어 없음,https://ja.dict.naver.com/#/search?query=%E7%B5%84
w_2d7412e01044c905,N3,銀,ぎん,은,テーブルの上には，銀のワイン・クーラーと，シャンペンの瓶が用意されていた,테이블 위에는 은으로 된 와인 쿨러와 샴페인 병이 준비되어 있었다.,민중서림 엣센스 외래어사전,efa91a3d82804ca5acfaf7b98d4c25ed,銀 은,122,0,surface,한국어 뜻 직접 일치어 없음,https://ja.dict.naver.com/#/search?query=%E9%8A%80
w_2d93a54816bc689a,N3,覚める,さめる,(눈이)떠지다,朝早く目が覚める.,아침 일찍 눈이 뜨이다,민중서림 엣센스 한일사전,8ea76e3e6a7c4602ba834b0da1d86976,覚める,134,1,surface,네이버 예문 ID 중복; 일본어 예문 문장 중복,https://ja.dict.naver.com/#/search?query=%E8%A6%9A%E3%82%81%E3%82%8B
w_2d961b44592d1a66,N3,重なる,かさなる,"겹치다, 포개지다",重なる失政により人民は塗炭の苦しみに陥った.,거듭된 실정으로 인민은 도탄에 빠졌다,민중서림 엣센스 한일사전,d20d519919af4adea6416af89086d78f,重なる,122,0,surface,한국어 뜻 직접 일치어 없음; 네이버 예문 ID 중복; 일본어 예문 문장 중복,https://ja.dict.naver.com/#/search?query=%E9%87%8D%E3%81%AA%E3%82%8B
w_2d9827cc0a03a024,N1,ペア,ペア,"쌍, 페어",メダルの期待がかかる韓国A・Bペアだ。,메달의 기대가 걸린 한국 A・B 페어다.,플리토,1623387d5750422ab3fcdf5fbf7addbe,ペア 쌍 페어,132,1,surface,우선 검수 출처,https://ja.dict.naver.com/#/search?query=%E3%83%9A%E3%82%A2
w_2db1201fde171bd0,N3,芽,め,"싹, 새싹",地を割って芽が出る.,땅을 뚫고 싹이 나오다,민중서림 엣센스 한일사전,d89a5423f7f64aae9450b4764350e389,芽 싹 새싹,122,0,surface,한국어 뜻 직접 일치어 없음,https://ja.dict.naver.com/#/search?query=%E8%8A%BD
w_2dc97777fdacd316,N1,野外,やがい,야외,"選挙[就職, 野外]運動をする.","선거[취직, 야외] 운동을 하다",민중서림 엣센스 한일사전,c4c8b0310a45496f878ffd54ad3e5ac6,野外 야외,134,1,surface,네이버 예문 ID 중복; 일본어 예문 문장 중복,https://ja.dict.naver.com/#/search?query=%E9%87%8E%E5%A4%96
w_2dccc1a101f78c42,N1,静止,せいし,"정지, 멈춰 있음",バーに手をかけ，静止した。…敗北への恐れでなく，記録の深い淵をのぞき込む目だ。,"바에 손을 대고, 정지하였다. …패배에 대한 두려움이 아니라 기록의 심연을 들여다보는 눈이다.",민중서림 엣센스 외래어사전,95bd2918078d411faeb5a842dc1c57e8,静止,134,1,surface,네이버 예문 ID 중복; 일본어 예문 문장 중복,https://ja.dict.naver.com/#/search?query=%E9%9D%99%E6%AD%A2
w_2ddfd4e670f83009,N2,発,はつ,출발,屁を一発ひる.,방귀를 한 방 뀌다,민중서림 엣센스 한일사전,7daa36585b0048e1a3b6fbda895ec235,発,102,0,surface,한국어 뜻 직접 일치어 없음,https://ja.dict.naver.com/#/search?query=%E7%99%BA
w_2de3e45eed19bba2,N2,実に,じつに,실제로,彼の仮装は実に傑作だった.,그의 가장은 참으로 걸작이었다,민중서림 엣센스 한일사전,3b8f7770aa0346c28f1135e887c09f22,実に,122,0,surface,한국어 뜻 직접 일치어 없음; 네이버 예문 ID 중복; 일본어 예문 문장 중복,https://ja.dict.naver.com/#/search?query=%E5%AE%9F%E3%81%AB
w_2df82aaddb5d7f94,N3,割る,わる,"나누다, 깨다",胡桃の堅い殻を割る,호두의 단단한 껍질을 깨다,민중서림 엣센스 일한사전,28b31a9428c5473e8cfec36e4d8b3903,割る,129,1,surface,네이버 예문 ID 중복; 일본어 예문 문장 중복,https://ja.dict.naver.com/#/search?query=%E5%89%B2%E3%82%8B
w_2e1b0306ca8a2597,N3,正式,せいしき,"정식의, 공식적인",二人はまだ正式に結婚していない,두 사람은 아직 정식으로 결혼하지 않았다,민중서림 엣센스 일한사전,309d6b2859d94e89aa89bfaec09392ef,正式 정식의 공식적인,117,0,surface,한국어 뜻 직접 일치어 없음,https://ja.dict.naver.com/#/search?query=%E6%AD%A3%E5%BC%8F
w_2e1c725abcc5c203,N4,終わる,おわる,끝나다,スコアレスドローで終わる,0 대 0 무승부로 끝나다,민중서림 엣센스 일한사전,e70f975e12e34023b489e8c7d145221c,終わる 끝나다,129,1,surface,네이버 예문 ID 중복; 일본어 예문 문장 중복,https://ja.dict.naver.com/#/search?query=%E7%B5%82%E3%82%8F%E3%82%8B
w_2e22b9e812873fab,N3,際,さい,"때, 경우, 상황",Aチームに在籍していた際はアシストに従事することが多かった。,A 팀에 재적했을 때는 어시스트로 종사하는 경우가 많았다.,플리토,a6b7f2a9672443eaa2030fcac5d7aa21,際 때 경우 상황,112,1,surface,우선 검수 출처,https://ja.dict.naver.com/#/search?query=%E9%9A%9B
w_2e2e0647073ac567,N2,官庁,かんちょう,관청,官庁は反軍が占領した,관청은 반란군이 점령했다.,민중서림 엣센스 일한사전,e3318853ded84fd29eb27a2d943cd608,官庁 관청,129,1,surface,네이버 예문 ID 중복; 일본어 예문 문장 중복,https://ja.dict.naver.com/#/search?query=%E5%AE%98%E5%BA%81
w_2e47bb7c4adbcccf,N1,母国,ぼこく,모국,多くのエイシアンは，母国よりも英国の国籍を選び，大量に英国に移住した,"많은 아시아계인은 모국보다 영국 국적을 선택하고 대량으로 영국에 이주하였다((1960년대 케냐에서 아시아계인 (주로 인도계, 파키스탄계)의 퇴거를 요구했을 때)).",민중서림 엣센스 외래어사전,eeefa1e5f3034ab3bbc77580eb449f18,母国 모국,134,1,surface,네이버 예문 ID 중복; 일본어 예문 문장 중복,https://ja.dict.naver.com/#/search?query=%E6%AF%8D%E5%9B%BD
w_2eac668e75cd3277,N1,抜群だ,ばつぐんだ,"발군이다, 뛰어나다",実力は抜群だと煽てる,발군의 실력이라고 치켜세우다,교학사 일한사전,c56e84d70e004867b11dcf72e205bd7e,抜群だ,115,0,surface,한국어 뜻 직접 일치어 없음,https://ja.dict.naver.com/#/search?query=%E6%8A%9C%E7%BE%A4%E3%81%A0
w_2eb5abe49ec61420,N1,交錯,こうさく,"뒤섞여 엇갈림, 교차",夢と現実が交錯する.,꿈과 현실이 교착하다,민중서림 엣센스 한일사전,1d7035f34d1047189656b27675705773,交錯,122,0,surface,한국어 뜻 직접 일치어 없음,https://ja.dict.naver.com/#/search?query=%E4%BA%A4%E9%8C%AF
w_2eb74c7d957bb5e3,N3,帯,おび,"띠, 악단",虹は七つの単色の美しい帯だ.,무지개는 일곱 가지 단색의 아름다운 띠이다,민중서림 엣센스 한일사전,0d00340f514345dd991a904015eff6cf,帯 띠 악단,122,0,surface,한국어 뜻 직접 일치어 없음,https://ja.dict.naver.com/#/search?query=%E5%B8%AF
w_2f2f67017e8dc74a,N1,賢い,かしこい,똑똑하다,賢立てる; 賢いふりをする.,약은 체하다,민중서림 엣센스 한일사전,b91b7dbf82d74926880dda739af93988,賢い,122,0,surface,한국어 뜻 직접 일치어 없음,https://ja.dict.naver.com/#/search?query=%E8%B3%A2%E3%81%84
w_2f7318457b9f7446,N2,ピストル,ピストル,"권총, 피스톨",射撃で使われるレーザーピストルって危険なピストルなのか気になる。,사격에서 쓰이는 레이저 피스톨은 위험한 권총인지 궁금하다.,플리토,ee3f2540fd6442d389032f05e91f6627,ピストル 권총 피스톨,144,2,surface,우선 검수 출처,https://ja.dict.naver.com/#/search?query=%E3%83%94%E3%82%B9%E3%83%88%E3%83%AB
w_2f7be60f47f4f39e,N3,国籍,こくせき,국적,多くのエイシアンは，母国よりも英国の国籍を選び，大量に英国に移住した,"많은 아시아계인은 모국보다 영국 국적을 선택하고 대량으로 영국에 이주하였다((1960년대 케냐에서 아시아계인 (주로 인도계, 파키스탄계)의 퇴거를 요구했을 때)).",민중서림 엣센스 외래어사전,eeefa1e5f3034ab3bbc77580eb449f18,国籍 국적,134,1,surface,네이버 예문 ID 중복; 일본어 예문 문장 중복,https://ja.dict.naver.com/#/search?query=%E5%9B%BD%E7%B1%8D
w_2fc9098d18ea8dc0,N2,常に,つねに,"항상,언제나",個人的に私は常に学ぶ準備ができている。人に教わるのは好きではないのだが。(サー・ウィンストン・チャーチル),"개인적으로 나는 언제나 배울 준비가 되어 있지만 가르침 받는 것을 항상 좋아하는 것은 아니다. (윈스턴 처칠, 공부명언)",명언/속담,1749c75bd83e463a99a13b5e0a0f4677,常に 항상 언제나,128,2,surface,우선 검수 출처,https://ja.dict.naver.com/#/search?query=%E5%B8%B8%E3%81%AB
w_2fd84a94cccd6a41,N2,収める,おさめる,"거두다,넣다,담다",絵を額に収める.,그림을 액자에 끼워 넣다,민중서림 엣센스 한일사전,74a22583984247adb90ba9924b3396a3,収める,134,1,surface,네이버 예문 ID 중복; 일본어 예문 문장 중복,https://ja.dict.naver.com/#/search?query=%E5%8F%8E%E3%82%81%E3%82%8B
w_301dc468017fd65f,N1,重要な,じゅうような,중요한,重要な箇所が脱漏していた.,중요한 대목이 빠져 있었다,민중서림 엣센스 한일사전,1a488f65b23f401c9159f1944f358f71,重要な 중요한,134,1,surface,네이버 예문 ID 중복; 일본어 예문 문장 중복,https://ja.dict.naver.com/#/search?query=%E9%87%8D%E8%A6%81%E3%81%AA
w_304d495231ce46a4,N3,意思,いし,"의도, 목적",科学とは、発達した知覚に過ぎず、何らかの意思が解釈されたもので、常識を完成させたもので、細かく理路整然としたものである。(ジョージ・サンタヤーナ),"과학은 발달된 지각, 해석된 의도, 다듬어져 자세하게 표현된 상식에 불과하다. (조지 산타야나, 과학명언)",명언/속담,ba04a040c65d4f8eb8ef457e6dabbcb6,意思 의도 목적,84,1,surface,우선 검수 출처,https://ja.dict.naver.com/#/search?query=%E6%84%8F%E6%80%9D
w_308680a8ffac242b,N2,ぴたり,ぴたり,"딱, 꼭 맞게",残り94ydで50度のウェッジを振り抜くと、ピン右1mにぴたりになる。,"나머지 94yd로 50도의 웨지를 치면, 핀 오른쪽 1m에 딱 맞게 된다.",플리토,b5533ffc61984db0b1c538ba61849eac,ぴたり 딱 꼭 맞게,132,1,surface,우선 검수 출처,https://ja.dict.naver.com/#/search?query=%E3%81%B4%E3%81%9F%E3%82%8A
w_309d73ee1815db12,N2,作製,さくせい,"제조, 생산",3Dプリンタを用いて声道の模型を作製する,3D 프린터를 이용하여 성도 모형을 제작하다,민중서림 엣센스 일한사전,6306243e755f4b79bea395b313e96953,作製,117,0,surface,한국어 뜻 직접 일치어 없음,https://ja.dict.naver.com/#/search?query=%E4%BD%9C%E8%A3%BD
w_30e6d05dd941be0b,N5,十日,とおか,10일,この事件の審問は十日に開かれる,이 사건의 심문은 10일에 열린다.,민중서림 엣센스 일한사전,514ba9d6c16644f48fd162bff536cf6e,十日 10일,117,0,surface,한국어 뜻 직접 일치어 없음,https://ja.dict.naver.com/#/search?query=%E5%8D%81%E6%97%A5
w_30ea9773a98bcf49,N2,救う,すくう,"구하다,구조하다",人を救うべく物はなくても泥棒に盗まれるものはある; いかに貧しくても泥棒が持って行きそうな物はあるものだ.,구제할 것은 없어도 도둑 줄 것은 있다,민중서림 엣센스 한일사전,46efb91169de45408e73574af0090b57,救う,122,0,surface,한국어 뜻 직접 일치어 없음,https://ja.dict.naver.com/#/search?query=%E6%95%91%E3%81%86
w_30fede19350e0b02,N3,空,から,"(내용물이 없이 속이) 빔, 아무것도 없음",東の空が白む,동녘 하늘이 희번해지다; 동이 트다.,민중서림 엣센스 일한사전,08a2ced93e54418dbba0e613b591d61c,空,89,0,surface,한국어 뜻 직접 일치어 없음,https://ja.dict.naver.com/#/search?query=%E7%A9%BA
w_31141f538d260d85,N5,つまらない,つまらない,시시하다,相手の指導で勝利するのは、自分としてはつまらない。,"상대의 지도로 승리하는 것은, 나로서는 시시하다.",플리토,aa86c1549da341ce9b9bc7d1dbb25087,つまらない 시시하다,132,1,surface,우선 검수 출처,https://ja.dict.naver.com/#/search?query=%E3%81%A4%E3%81%BE%E3%82%89%E3%81%AA%E3%81%84
w_3193085fb0c6152e,N2,ガム,ガム,껌,ガムが靴底に粘り着いた.,껌이 구두 바닥에 들러붙었다,민중서림 엣센스 한일사전,b6c34f506e4440c3873887a3f1d55912,ガム 껌,122,0,surface,한국어 뜻 직접 일치어 없음,https://ja.dict.naver.com/#/search?query=%E3%82%AC%E3%83%A0
w_31ef1f3d4cc6c4a9,N2,儲かる,もうかる,"이익이 나다, 돈벌이가 되다",デイトレですぐに儲かる,당일치기 매매로 금방 돈을 벌다,민중서림 엣센스 일한사전,db3e0aa34542408b8e5a19d2b7be0119,儲かる,117,0,surface,한국어 뜻 직접 일치어 없음,https://ja.dict.naver.com/#/search?query=%E5%84%B2%E3%81%8B%E3%82%8B
w_326b5e103bd2d893,N2,振り仮名,ふりがな,후리가나(읽기 표기),文章に振り仮名を付ける,문장에 振り仮名를 달다,민중서림 엣센스 일한사전,5d8204385f0e44cda43abc603487ebca,振り仮名,139,0,surface,한국어 뜻 직접 일치어 없음,https://ja.dict.naver.com/#/search?query=%E6%8C%AF%E3%82%8A%E4%BB%AE%E5%90%8D
w_326f493834bc5f12,N2,上品,じょうひん,"품위 있음, 고상함",悪徳業者は見かけでは上品で高尚に振る舞う偽善的な人間だ。,악덕 사채업자는 겉으로는 품위 있고 고상한 척하는 위선적 인간이다.,국립국어원 한국어-일본어 학습사전,c73453c9e996415d9c527456f50462f0,上品 품위 있음 고상함,74,1,surface,자동 선택 점수 80 미만,https://ja.dict.naver.com/#/search?query=%E4%B8%8A%E5%93%81
w_328b3a4907a4cb55,N4,または,または,또는,"願書は持参するか,または郵送してください",원서는 지참하든가 또는 우송해 주십시오,민중서림 엣센스 한일사전,7303100888644c349a14bcf59a5a856c,または 또는,134,1,surface,네이버 예문 ID 중복; 일본어 예문 문장 중복,https://ja.dict.naver.com/#/search?query=%E3%81%BE%E3%81%9F%E3%81%AF
w_32b6716e6d619778,N4,レジ,レジ,"계산대, 레지스터",家内を店のレジに座らせる.,아내를 가게의 계산대에 내앉히다,민중서림 엣센스 한일사전,9dd51ca699324539a36a559e9a1db6f5,レジ 계산대 레지스터,134,1,surface,네이버 예문 ID 중복; 일본어 예문 문장 중복,https://ja.dict.naver.com/#/search?query=%E3%83%AC%E3%82%B8
w_331f176fbc68df97,N1,ブル,ブル,황소,インスタグラマブルなスポットを旅する,인스타그램에 올릴 멋진 사진 찍기에 좋은 곳을 여행하다,민중서림 엣센스 일한사전,23e3290034c4425bb2f6c0b36958486c,ブル,117,0,surface,한국어 뜻 직접 일치어 없음,https://ja.dict.naver.com/#/search?query=%E3%83%96%E3%83%AB
w_3327b2fae2ef8043,N3,距離,きょり,거리,手の届く近い距離にある.,손길이 닿는 가까운 거리에 있다,민중서림 엣센스 한일사전,65c767e83ab1425c809787e5d6a04707,距離 거리,134,1,surface,네이버 예문 ID 중복; 일본어 예문 문장 중복,https://ja.dict.naver.com/#/search?query=%E8%B7%9D%E9%9B%A2
w_3330d8986fb2f344,N1,掲げる,かかげる,"내걸다,내세우다",市民の不満を解消する政策を掲げる,시민의 불만을 해소하는 정책을 내세우다,민중서림 엣센스 일한사전,1d772d0de2494b49a10388d10f285531,掲げる,129,1,surface,네이버 예문 ID 중복; 일본어 예문 문장 중복,https://ja.dict.naver.com/#/search?query=%E6%8E%B2%E3%81%92%E3%82%8B
w_333b217f32bb9f91,N5,朝ご飯,あさごはん,아침식사,朝ご飯を食べたばかりなのに、もうお腹が空いた,아침 먹은 지 얼마 안 됐는데 벌써 배가 고프다,민중서림 엣센스 일한사전,ec3f72ee42f749f38102006c394a45e3,朝ご飯,102,0,surface,한국어 뜻 직접 일치어 없음,https://ja.dict.naver.com/#/search?query=%E6%9C%9D%E3%81%94%E9%A3%AF
w_33531b76799297b3,N4,夕飯,ゆうはん,저녁 식사,"用事[勘定, 夕飯]を済ます","볼일을[셈을, 저녁 식사를] 끝내다",민중서림 엣센스 한일사전,009429d7dda9454ead52212375952df7,夕飯 저녁 식사,146,2,surface,네이버 예문 ID 중복; 일본어 예문 문장 중복,https://ja.dict.naver.com/#/search?query=%E5%A4%95%E9%A3%AF
w_3363fa1b13be8978,N3,遅れ,おくれ,"지연, 늦음",事故で下りはべた遅れだ.,사고로 하행 열차는 모두 연착이다,민중서림 엣센스 한일사전,e6c74828f1be43c78ab01a1b5a34a6c0,遅れ,122,0,surface,한국어 뜻 직접 일치어 없음,https://ja.dict.naver.com/#/search?query=%E9%81%85%E3%82%8C
w_3376541ac6deeaa1,N2,仮名,かな,가나,仮名遣い,가나(仮名) 표기법,민중서림 엣센스 일한사전,9e6a3e6cdb14422eb016ddf7b265ee4c,仮名 가나,76,1,surface,자동 선택 점수 80 미만,https://ja.dict.naver.com/#/search?query=%E4%BB%AE%E5%90%8D
w_337d70ea4dceb5f2,N1,皇居,こうきょ,"황거, 황궁",私たちは昔の皇居を見回り、その規模と壮大さに驚いた。,우리는 옛 황궁을 둘러보다가 그 규모와 웅장함에 놀랐다.,국립국어원 한국어-일본어 학습사전,d560ea71b1ce4fcead9e2a22d2c3e914,皇居,102,,,네이버 예문 ID 중복; 일본어 예문 문장 중복,https://ja.dict.naver.com/#/search?query=%E7%9A%87%E5%B1%85
w_345b257e320eb063,N2,ダム,ダム,댐,ダムの水量を調節しようとする,댐의 수량을 조절하려고 하다,민중서림 엣센스 한일사전,bce31908faf645009931a26f4ad5f691,ダム 댐,117,0,surface,한국어 뜻 직접 일치어 없음; 네이버 예문 ID 중복; 일본어 예문 문장 중복,https://ja.dict.naver.com/#/search?query=%E3%83%80%E3%83%A0
w_3481ddb4df7073f3,N3,宅,たく,"집, 댁",明晩お宅へお伺いします,내일 밤 댁으로 찾아뵙겠습니다.,민중서림 엣센스 일한사전,964a96ce3bfc41c9b181be025d9783c3,宅 집 댁,117,0,surface,한국어 뜻 직접 일치어 없음,https://ja.dict.naver.com/#/search?query=%E5%AE%85
w_3481ee8d26e6a38e,N1,時折,ときおり,가끔,撮影の旅に出ると，時折，野鳥や動物のシャッター・チャンスに恵まれる,촬영 여행에 나가면 때로는 들새나 동물 촬영의 결정적 순간을 만나게 된다.,민중서림 엣센스 외래어사전,c8c6dcdd77154584a5dffc27fee1a8b4,時折,102,,,네이버 예문 ID 중복; 일본어 예문 문장 중복,https://ja.dict.naver.com/#/search?query=%E6%99%82%E6%8A%98
w_3482cf4b6eccd4f4,N2,謙虚,けんきょ,"겸손, 겸양",謙虚さとは下着みたいなものである。なければいけないだが、見せるものではないのだ。,"겸손은 속옷 같다. 입더라도 보이지는 말아야 한다. (서양속담, 겸손속담)",명언/속담,a3759ebf4638448f92322a622eb975e9,謙虚 겸손 겸양,132,1,surface,우선 검수 출처,https://ja.dict.naver.com/#/search?query=%E8%AC%99%E8%99%9A
w_353125e13035dad2,N3,向ける,むける,"향하게 하다, 돌리다",引き手は、手首を返して手の平を外側に向ける。,당김손은 손목을 돌려 손바닥을 바깥쪽으로 향하게 한다.,플리토,aeceb8a670d04f499a9af9e2dfef9561,向ける 향하게 하다 돌리다,112,1,surface,우선 검수 출처,https://ja.dict.naver.com/#/search?query=%E5%90%91%E3%81%91%E3%82%8B
w_3547830dc8c6d8f4,N1,可決,かけつ,가결,"議案を可決[提出, 撤回]する","의안을 가결[제출, 철회]하다",민중서림 엣센스 한일사전,23e3c1dbf3424a0c87d1b25c6f4bc3b3,可決 가결,134,1,surface,네이버 예문 ID 중복; 일본어 예문 문장 중복,https://ja.dict.naver.com/#/search?query=%E5%8F%AF%E6%B1%BA
w_35b37c5e42fc006d,N2,迷惑だ,めいわくだ,민폐이다,ジスは「手伝う」と言うけど、邪魔になるから逆に迷惑だ。,지수는 도와준답시고 귀찮게 해서 오히려 폐만 된다.,국립국어원 한국어-일본어 학습사전,924b563ae5474780ba28c5ba05b4e11d,迷惑だ 민폐이다,102,0,surface,한국어 뜻 직접 일치어 없음,https://ja.dict.naver.com/#/search?query=%E8%BF%B7%E6%83%91%E3%81%A0
w_35b4fa923a9c1473,N3,癌,がん,암,一生を癌の研究に専念する,평생을 암 연구에 전념하다,민중서림 엣센스 한일사전,dbdb30f8d4624852a6ab918a1c1be473,癌 암,117,0,surface,한국어 뜻 직접 일치어 없음; 네이버 예문 ID 중복; 일본어 예문 문장 중복,https://ja.dict.naver.com/#/search?query=%E7%99%8C
w_35c25e176d8f0a74,N1,審査,しんさ,"검사, 점검, 시험",いろいろな作品を一括して審査する.,여러 가지 작품을 일괄해서 심사하다,민중서림 엣센스 한일사전,96f86e0420bc4969a2b517d3ddc33506,審査,122,0,surface,한국어 뜻 직접 일치어 없음; 네이버 예문 ID 중복; 일본어 예문 문장 중복,https://ja.dict.naver.com/#/search?query=%E5%AF%A9%E6%9F%BB
w_35c74d487d407e1d,N3,輸出,ゆしゅつ,수출,輸出に必要な手続きを完了する,수출에 필요한 절차를 완료하다,민중서림 엣센스 일한사전,335757ee7a04480aafe79dd66804eb17,輸出 수출,129,1,surface,네이버 예문 ID 중복; 일본어 예문 문장 중복,https://ja.dict.naver.com/#/search?query=%E8%BC%B8%E5%87%BA
w_3621bac29aa78e5c,N1,迅速,じんそく,신속함,迅速かつ正確に伝える,신속하고도 (또한) 정확하게 전달하다,민중서림 엣센스 일한사전,e6f38ecf57494a0b88f6c327abfc86ac,迅速 신속함,117,0,surface,한국어 뜻 직접 일치어 없음,https://ja.dict.naver.com/#/search?query=%E8%BF%85%E9%80%9F
w_36671521a2ef775b,N3,愉快,ゆかい,"유쾌함, 즐거움",最も深い喜びは引力よりいっそう愉快だ。(ミシェル・ド・モンテーニュ),"가장 심오한 기쁨 속에 든 것은 유쾌함보다는 심각함이다. (미셸 드 몽테뉴, 행복명언)",명언/속담,794fb261a80a4a0bb261cb2613417b08,愉快 유쾌함 즐거움,124,1,surface,우선 검수 출처,https://ja.dict.naver.com/#/search?query=%E6%84%89%E5%BF%AB
w_366b4df014f1ce9e,N1,捗る,はかどる,진척되다,仕事がすいすい捗る,일이 착착 진척되다,민중서림 엣센스 일한사전,595f4b98aaac4d23997d05e93af19bdf,捗る,129,1,surface,네이버 예문 ID 중복; 일본어 예문 문장 중복,https://ja.dict.naver.com/#/search?query=%E6%8D%97%E3%82%8B
w_36777d1c0b4ca241,N2,突き当たり,つきあたり,끝(의 거리),路地の突き当たりにある家,골목의 막다른 곳에 있는 집,교학사 일한사전,0cfacbb449b44b708f545383718f3966,突き当たり,107,0,surface,한국어 뜻 직접 일치어 없음,https://ja.dict.naver.com/#/search?query=%E7%AA%81%E3%81%8D%E5%BD%93%E3%81%9F%E3%82%8A
w_3697bd90de43ad31,N1,近郊,きんこう,교외,近郊に住まいを定めた.,근교에 살림집을 정했다,민중서림 엣센스 한일사전,6e71d60cf55943b1a76f731458a3d62d,近郊,122,0,surface,한국어 뜻 직접 일치어 없음,https://ja.dict.naver.com/#/search?query=%E8%BF%91%E9%83%8A
w_3699afd43e0c0b78,N2,飾り,かざり,장식,テーブルの隅に飾りを嵌入する.,탁자 모서리에 장식을 감입하다,민중서림 엣센스 한일사전,aeec4efea42e41f18f5547e28b8ceb82,飾り 장식,134,1,surface,네이버 예문 ID 중복; 일본어 예문 문장 중복,https://ja.dict.naver.com/#/search?query=%E9%A3%BE%E3%82%8A
w_36d68fb99fcb1514,N3,旧,きゅう,"전-, 구-",旧殻から脱皮できない; 旧来の殻に閉じこもる.,구각에서 탈피하지 못하다,민중서림 엣센스 한일사전,fabfba6052624fd184abab3a0fb52743,旧 전- 구-,122,0,surface,한국어 뜻 직접 일치어 없음,https://ja.dict.naver.com/#/search?query=%E6%97%A7
w_36da68b6d78091b4,N3,優しい,やさしい,상냥하다,彼女は優しい顔つきをしている.,그녀는 얼굴이 상냥하게 생겼다,민중서림 엣센스 한일사전,c40afc3bd5104a2e9834e09daf89f569,優しい,122,0,surface,한국어 뜻 직접 일치어 없음,https://ja.dict.naver.com/#/search?query=%E5%84%AA%E3%81%97%E3%81%84
w_36e81cf69d2cc3b1,N3,中央,ちゅうおう,중앙,人口が中央に密集している.,인구가 중앙에 밀집되어 있다,민중서림 엣센스 한일사전,c1b4abbcb9d74b5798bb11700bf7be97,中央 중앙,134,1,surface,네이버 예문 ID 중복; 일본어 예문 문장 중복,https://ja.dict.naver.com/#/search?query=%E4%B8%AD%E5%A4%AE
w_370695fd7f9ee2ba,N3,身,み,"몸, 신체",罪業の深いこの身.,죄업이 많은 이 몸,민중서림 엣센스 한일사전,a227fb2db5b147aaa35322f7fb4534ed,身 몸 신체,134,0,surface,한국어 뜻 직접 일치어 없음,https://ja.dict.naver.com/#/search?query=%E8%BA%AB
w_374063268b20055a,N4,相談,そうだん,상담,悩みを相談する相手がいない,고민을 상담할 상대가 없다,민중서림 엣센스 일한사전,460438b441354e969413743c2a7db12f,相談 상담,129,1,surface,네이버 예문 ID 중복; 일본어 예문 문장 중복,https://ja.dict.naver.com/#/search?query=%E7%9B%B8%E8%AB%87
w_3758fb41bc01f78c,N2,薄暗い,うすぐらい,어슴푸레하다,薄暗い道を歩いている,어스레한 길을 걷고 있다,민중서림 엣센스 일한사전,0ad1b0331df2418da2a6726bdf5946f7,薄暗い,117,0,surface,한국어 뜻 직접 일치어 없음,https://ja.dict.naver.com/#/search?query=%E8%96%84%E6%9A%97%E3%81%84
w_37790ae71b47c383,N3,有能,ゆうのう,유능함,有能の士を用いる.,유능한 인사를 등용하다,민중서림 엣센스 한일사전,ac3b060bf8434ca78b83b98a8663dc75,有能 유능함,122,0,surface,한국어 뜻 직접 일치어 없음,https://ja.dict.naver.com/#/search?query=%E6%9C%89%E8%83%BD
w_378b3c15443f0b8d,N2,安易,あんい,"안이함, 쉬움",安易に妥協しない,안이하게 타협하지 않다,민중서림 엣센스 일한사전,af4e5b6708ae4621b932f11c7a96222b,安易 안이함 쉬움,117,0,surface,한국어 뜻 직접 일치어 없음,https://ja.dict.naver.com/#/search?query=%E5%AE%89%E6%98%93
w_37a5f1d1a6f9e9e5,N2,模型,もけい,모형,原物を縮小して模型を作る.,원형을 축소해서 모형을 만들다,민중서림 엣센스 한일사전,e3e5ac8c961047199448e59b514ea35f,模型 모형,134,1,surface,네이버 예문 ID 중복; 일본어 예문 문장 중복,https://ja.dict.naver.com/#/search?query=%E6%A8%A1%E5%9E%8B
w_37e6f0d1357abdd1,N1,支障,ししょう,지장,交通の円滑な流れに支障がある,교통의 원활한 흐름에 지장이 있다,민중서림 엣센스 일한사전,f5a304ad1d614348a56ab39832ac0082,支障 지장,129,1,surface,네이버 예문 ID 중복; 일본어 예문 문장 중복,https://ja.dict.naver.com/#/search?query=%E6%94%AF%E9%9A%9C
w_3875cd9260023e61,N1,折り返す,おりかえす,"접어 되돌리다, 되접다",9番をイーグルとして折り返すと、後半もバーディラッシュを見せた。,9번을 이글로 되풀이하며 후반에도 버디 러시를 보였다.,플리토,5608181865874a70aa9b924e69034828,折り返す,100,,,우선 검수 출처,https://ja.dict.naver.com/#/search?query=%E6%8A%98%E3%82%8A%E8%BF%94%E3%81%99
w_38913e99d3957ced,N1,衆議院,しゅうぎいん,중의원,衆議院は参議院とともに国会を構成する,중의원은 참의원과 더불어 국회를 구성한다.,민중서림 엣센스 일한사전,ea097be1af9a44c9b75a6f393cc7af92,衆議院 중의원,121,1,surface,네이버 예문 ID 중복; 일본어 예문 문장 중복,https://ja.dict.naver.com/#/search?query=%E8%A1%86%E8%AD%B0%E9%99%A2
w_38bfd57fb5c37228,N3,女子,じょし,"여자, 소녀, 여자아이",女子ホッケーチーム「A」が子どもたちを対象にホッケーを教えるクリニックがあった。,"여자하키팀 ""A""가 아이들을 대상으로 하키를 알려주는 클리닉이 있었다.",플리토,91b663bfadb34f73a4ae9f7ed0e37d12,女子 여자 소녀 여자아이,112,1,surface,우선 검수 출처,https://ja.dict.naver.com/#/search?query=%E5%A5%B3%E5%AD%90
w_38c39e1bf0cdc97c,N1,監督,かんとく,감독,A代表の監督を務める,A 대표 감독을 맡다,민중서림 엣센스 일한사전,c29c2b2ebb06473cafbaac1b99dcf098,監督 감독,129,1,surface,네이버 예문 ID 중복; 일본어 예문 문장 중복,https://ja.dict.naver.com/#/search?query=%E7%9B%A3%E7%9D%A3
w_38c9c0e9cf84d685,N1,よみがえる,よみがえる,"되살아나다, 소생하다",昔の記憶が蘇る,옛 기억이 되살아나다,민중서림 엣센스 일한사전,f15c88c8277c45ab8dd82db91734645c,よみがえる 되살아나다 소생하다,171,1,surface,네이버 예문 ID 중복; 일본어 예문 문장 중복,https://ja.dict.naver.com/#/search?query=%E3%82%88%E3%81%BF%E3%81%8C%E3%81%88%E3%82%8B
w_38ff51ccea9145d2,N1,騒然,そうぜん,"시끄러운 상태, 떠들썩한 모습",戦争のうわさで町中がにわかに騒然とする.,전쟁 소문으로 온 시내가 왁자그르르하다,민중서림 엣센스 한일사전,ae71a5c47ce34f5eaacb88f446cd5631,騒然,122,0,surface,한국어 뜻 직접 일치어 없음,https://ja.dict.naver.com/#/search?query=%E9%A8%92%E7%84%B6
w_391386c4147ce4af,N5,銀行,ぎんこう,은행,銀行の方に勤めている.,은행 계통에 근무하고 있다,민중서림 엣센스 한일사전,d937215f43f145ef82fc83294094841f,銀行,102,,,네이버 예문 ID 중복; 일본어 예문 문장 중복,https://ja.dict.naver.com/#/search?query=%E9%8A%80%E8%A1%8C
w_392f5e6a2191934f,N4,通る,とおる,"통과하다,지나가다",客が奥へ通る,손님이 안내되어 방으로 들어가다,민중서림 엣센스 일한사전,86672dee65c7402b8ed7d52f36ce6358,通る,97,,,네이버 예문 ID 중복; 일본어 예문 문장 중복,https://ja.dict.naver.com/#/search?query=%E9%80%9A%E3%82%8B
w_395b901e45fc4d16,N2,好調だ,こうちょうだ,"호조를보이다,순조롭다",最近はインターネットで品物を注文する人が多く、インターネットショッピング事業が好調だ。,요즘은 인터넷으로 물건을 주문하는 사람이 많아 인터넷 쇼핑 사업이 호조이다.,국립국어원 한국어-일본어 학습사전,174bc7ca5b784eeabccb296564e93fbb,好調だ 호조를보이다 순조롭다,102,0,surface,한국어 뜻 직접 일치어 없음,https://ja.dict.naver.com/#/search?query=%E5%A5%BD%E8%AA%BF%E3%81%A0
w_396a3a8e81b9bf77,N2,メニュー,メニュー,메뉴,右クリックで表示されるコンテクストメニューは、メニュー項目を追加して拡張できる,"오른쪽 클릭으로 표시되는 콘텍스트 메뉴는, 메뉴 항목을 추가하여 확장할 수 있다",민중서림 엣센스 일한사전,ab4ddf39012549cb9e91b410cfe380f1,メニュー 메뉴,134,1,surface,네이버 예문 ID 중복; 일본어 예문 문장 중복,https://ja.dict.naver.com/#/search?query=%E3%83%A1%E3%83%8B%E3%83%A5%E3%83%BC
w_39a427c6dee763c4,N4,起きる,おきる,일어나다,6時半に起きる,여섯 시 반에 일어나다,민중서림 엣센스 일한사전,405a3197f9dd49ab902eae57ffe04a2a,起きる,97,,,네이버 예문 ID 중복; 일본어 예문 문장 중복,https://ja.dict.naver.com/#/search?query=%E8%B5%B7%E3%81%8D%E3%82%8B
w_39d38339c9c75b7b,N1,言論,げんろん,언론,言論の自由はこれを束縛しない.,언론의 자유는 이를 속박하지 않는다,민중서림 엣센스 한일사전,9000978d0ac248d3b1bf2eb99776519d,言論,102,,,네이버 예문 ID 중복; 일본어 예문 문장 중복,https://ja.dict.naver.com/#/search?query=%E8%A8%80%E8%AB%96
w_39d6e2a4488bd9a4,N4,台風,たいふう,태풍,台風の被害を免れる,태풍 피해를 면하다[입지 않다],민중서림 엣센스 일한사전,6d00f7873e3f49b8846a8fe24e5b4362,台風,97,,,일본어 예문 문장 중복,https://ja.dict.naver.com/#/search?query=%E5%8F%B0%E9%A2%A8
w_39ec9ad92d0e9f08,N2,気を付ける,きをつける,"조심하다, 주의하다",発言に気を付けるよう注意した,발언에 조심하도록 주의를 주었다,민중서림 엣센스 일한사전,54f8fe297c8643239378e1564f810d8e,気を付ける 조심하다 주의하다,97,0,surface,한국어 뜻 직접 일치어 없음,https://ja.dict.naver.com/#/search?query=%E6%B0%97%E3%82%92%E4%BB%98%E3%81%91%E3%82%8B
w_39f3ac166f1b76ba,N1,安っぽい,やすっぽい,싸구려 같다,値が値だけにこの洋服は安っぽい,값이 값이니만큼 이 양복은 볼품이 없다,민중서림 엣센스 일한사전,8443a3a9197746c7b24fef3c1a2f7cfe,安っぽい,109,0,surface,한국어 뜻 직접 일치어 없음,https://ja.dict.naver.com/#/search?query=%E5%AE%89%E3%81%A3%E3%81%BD%E3%81%84
w_3ab16e565cd75205,N2,絶対に,ぜったいに,절대로,絶対に負けないと豪語する.,절대로 지지 않는다고 호언하다,민중서림 엣센스 한일사전,cf822924a57b4c1b8022de41ad68dbd2,絶対に 절대로,134,1,surface,네이버 예문 ID 중복; 일본어 예문 문장 중복,https://ja.dict.naver.com/#/search?query=%E7%B5%B6%E5%AF%BE%E3%81%AB
w_3adbb5bf09e4b321,N3,届く,とどく,"닿다, 도착하다",手の届く近い距離にある.,손길이 닿는 가까운 거리에 있다,민중서림 엣센스 한일사전,65c767e83ab1425c809787e5d6a04707,届く,122,0,surface,한국어 뜻 직접 일치어 없음; 네이버 예문 ID 중복; 일본어 예문 문장 중복,https://ja.dict.naver.com/#/search?query=%E5%B1%8A%E3%81%8F
w_3aea6276aa973919,N4,細かい,こまかい,"잘다,작다,세세하다",細かい点まで気を配る.,세세한 데까지 마음을 쓰다,민중서림 엣센스 한일사전,677d9a25d42240228312a80e1afb8f14,細かい,122,0,surface,한국어 뜻 직접 일치어 없음; 네이버 예문 ID 중복; 일본어 예문 문장 중복,https://ja.dict.naver.com/#/search?query=%E7%B4%B0%E3%81%8B%E3%81%84
w_3b4224a4660d1da3,N1,政策,せいさく,정책,改革を政策の主軸とする.,개혁을 정책의 주축으로 삼다,민중서림 엣센스 한일사전,6a44749a45104da1a6d9c9fea02f6f48,政策 정책,134,1,surface,네이버 예문 ID 중복; 일본어 예문 문장 중복,https://ja.dict.naver.com/#/search?query=%E6%94%BF%E7%AD%96
w_3b4756b9ec416347,N2,謙遜,けんそん,"겸양, 겸손",謙遜がなければ、権力とは危険なものとなる。,"겸손이 없으면 권력은 위험하다. (서양속담, 겸손속담)",명언/속담,5335a470e6964291b8169fd0401d3ac6,謙遜 겸양 겸손,132,1,surface,우선 검수 출처,https://ja.dict.naver.com/#/search?query=%E8%AC%99%E9%81%9C
w_3b7bb6f69b70efcf,N2,慣れる,なれる,"적응되다,익숙하다",土地の風土に慣れる.,그 고장의 풍토에 익숙해지다,민중서림 엣센스 한일사전,4cb848c7df38447f8cc09fe544ee7ca4,慣れる,122,0,surface,한국어 뜻 직접 일치어 없음,https://ja.dict.naver.com/#/search?query=%E6%85%A3%E3%82%8C%E3%82%8B
w_3bbc70297217f43c,N1,得点,とくてん,"득점, 점수",彼女は15得点、11リバウンドでダブルダブルを達成した,"그녀는 15득점, 11리바운드로 더블더블을 달성했다",민중서림 엣센스 일한사전,8bdcfdb8aa3c41a6bc86c89ac0592ea0,得点,102,,,네이버 예문 ID 중복; 일본어 예문 문장 중복,https://ja.dict.naver.com/#/search?query=%E5%BE%97%E7%82%B9
w_3bce37918e20b696,N3,型,かた,"틀, 유형, 모델",この型はもう廃れた.,이 형(型)은 이미 한물 지났다,민중서림 엣센스 한일사전,07c19d1c4b9c4dbfab635c1ccb010465,型,122,0,surface,한국어 뜻 직접 일치어 없음,https://ja.dict.naver.com/#/search?query=%E5%9E%8B
w_3bd8001bb85b0c71,N3,にぎる,にぎる,움켜쥐다,政権を握っている.,정권을 움켜쥐고 있다,민중서림 엣센스 한일사전,13b48e54f10541c894780133edea7a82,にぎる 움켜쥐다,60,0,stem,한국어 뜻 직접 일치어 없음; 활용 어간으로만 목표어 확인; 자동 선택 점수 80 미만,https://ja.dict.naver.com/#/search?query=%E3%81%AB%E3%81%8E%E3%82%8B
w_3c328157edaee908,N5,花,はな,꽃,仏前に花[香華]を手向ける,불전에 꽃[향과 꽃]을 바치다.,민중서림 엣센스 일한사전,1c6fd31b53904b24b821f087234bdc21,花 꽃,159,0,surface,한국어 뜻 직접 일치어 없음,https://ja.dict.naver.com/#/search?query=%E8%8A%B1
w_3c507e90c1eba787,N3,制限,せいげん,제한,広告IDを利用した広告を制限する,광고 ID를 이용한 광고를 제한하다,민중서림 엣센스 일한사전,94c25cf3dba2425b878db70ea916847c,制限 제한,129,1,surface,네이버 예문 ID 중복; 일본어 예문 문장 중복,https://ja.dict.naver.com/#/search?query=%E5%88%B6%E9%99%90
w_3c8a052098392b1a,N5,おりる,おりる,내리다,夜の帳が下りる,밤의 장막이 내리다; 날이 어두워지다,민중서림 엣센스 일한사전,4d255c5fdbb04602ae0c57ed674c4c8d,おりる 내리다,171,1,surface,네이버 예문 ID 중복; 일본어 예문 문장 중복,https://ja.dict.naver.com/#/search?query=%E3%81%8A%E3%82%8A%E3%82%8B
w_3c9e0c4d130ffe55,N5,かかる,かかる,"(시간·비용이) 들다, 걸리다",気に掛かる,마음에 걸리다; 걱정이 되다,민중서림 엣센스 일한사전,92fa04b3d0c24a709c9f0b2c11cf31c5,かかる,47,,,자동 선택 점수 80 미만,https://ja.dict.naver.com/#/search?query=%E3%81%8B%E3%81%8B%E3%82%8B
w_3ce4c77f325afe15,N1,調達する,ちょうたつする,조달하다,クリプトカレンシーの売却を通じて資金を調達する,암호 통화 매각으로 자금을 조달하다,민중서림 엣센스 일한사전,94496bfc916142088c13e4435257e527,調達する 조달하다,129,1,surface,네이버 예문 ID 중복; 일본어 예문 문장 중복,https://ja.dict.naver.com/#/search?query=%E8%AA%BF%E9%81%94%E3%81%99%E3%82%8B
w_3cf0e4c9fa08b8de,N3,額,がく,금액; 액자,絵を額に収める.,그림을 액자에 끼워 넣다,민중서림 엣센스 한일사전,74a22583984247adb90ba9924b3396a3,額 금액 액자,134,1,surface,네이버 예문 ID 중복; 일본어 예문 문장 중복,https://ja.dict.naver.com/#/search?query=%E9%A1%8D
w_3cf40d8a4082b925,N1,ぼやく,ぼやく,투덜대다,安い給料をぼやく,급료가 적은 것을 불평하다,민중서림 엣센스 일한사전,3402ff03931b4204b2b6115952efa94e,ぼやく,109,0,surface,한국어 뜻 직접 일치어 없음,https://ja.dict.naver.com/#/search?query=%E3%81%BC%E3%82%84%E3%81%8F
w_3d222fef5a12ef13,N3,勇気,ゆうき,용기,勇気ある行為を称える,용기 있는 행위를 칭송하다,민중서림 엣센스 일한사전,d99d80aa31034b3ab85e0ebe387d15e2,勇気 용기,129,1,surface,네이버 예문 ID 중복; 일본어 예문 문장 중복,https://ja.dict.naver.com/#/search?query=%E5%8B%87%E6%B0%97
w_3dac687712e088b4,N2,無地,むじ,"무지, 민무늬",ＣＧディレクターによると，人物だけブルー・バックと呼ばれる無地の布の前で撮影する,컴퓨터 그래픽 디렉터에 의하면 인물만을 블루 백이라고 불리는 무지의 천 앞에서 촬영한다.,민중서림 엣센스 외래어사전,bca93b49dd9a4726af409fd68f4fadb2,無地 무지 민무늬,134,1,surface,네이버 예문 ID 중복; 일본어 예문 문장 중복,https://ja.dict.naver.com/#/search?query=%E7%84%A1%E5%9C%B0
w_3ddce52a2caa733a,N5,みち,みち,길,道なき道を踏み分けて進んだ.,길도 나 있지 않은 곳을 헤치고 나아갔다,민중서림 엣센스 한일사전,5101c63c05a54543b05f55c96d038cdc,みち 길,164,0,surface,한국어 뜻 직접 일치어 없음; 네이버 예문 ID 중복; 일본어 예문 문장 중복,https://ja.dict.naver.com/#/search?query=%E3%81%BF%E3%81%A1
w_3e5e6eaf9f8c6123,N1,隣接,りんせつ,인접,隣接する両町の住民が協力する,인접한 두 町의 주민이 협력하다,민중서림 엣센스 일한사전,cf8a1b582be44fe5bf1c6652af811781,隣接 인접,129,1,surface,네이버 예문 ID 중복; 일본어 예문 문장 중복,https://ja.dict.naver.com/#/search?query=%E9%9A%A3%E6%8E%A5
w_3e81e925549791a4,N4,変わる,かわる,"바꾸다, 변하다, 변형되다, 다양하다",気候が変わると植生も変わる,기후가 변하면 식생도 변한다.,민중서림 엣센스 일한사전,ce1c63cbd81d44a1b0ea874d7010e1b8,変わる,117,0,surface,한국어 뜻 직접 일치어 없음,https://ja.dict.naver.com/#/search?query=%E5%A4%89%E3%82%8F%E3%82%8B
w_3ed4b9077217e5e1,N2,広さ,ひろさ,넓이,火傷が軽いか重いかは火傷の深さと広さで決まる,화상의 경중(輕重)은 화상의 깊이와 넓이로 결정된다,민중서림 엣센스 일한사전,ea64bd8c9c62431eabf78f62b92a911c,広さ 넓이,129,1,surface,네이버 예문 ID 중복; 일본어 예문 문장 중복,https://ja.dict.naver.com/#/search?query=%E5%BA%83%E3%81%95
w_3ed6307dd0dc024f,N2,部品,ぶひん,부품,組み立て部品を製造している,조립 부품을 제조하고 있다,민중서림 엣센스 일한사전,184d2c4e8b8a4f248e5d6462b0c79c53,部品 부품,129,1,surface,네이버 예문 ID 중복; 일본어 예문 문장 중복,https://ja.dict.naver.com/#/search?query=%E9%83%A8%E5%93%81
w_3ee09f596d4c7b39,N2,郡,ぐん,군(행정구역),昔そこは郡庁だったんだよ,옛날에 그곳은 군청이더니라,민중서림 엣센스 한일사전,e25a85a8af61401fa4d624c553aabc58,郡,109,0,surface,한국어 뜻 직접 일치어 없음,https://ja.dict.naver.com/#/search?query=%E9%83%A1
w_3f031ca942fa7e3c,N1,待ち合わせ,まちあわせ,(약속하여) 만남,待ち合わせの場所に，黒いスポーツ・カーで現れた,만나기로 한 장소에 검은 스포츠카로 나타났다.,민중서림 엣센스 외래어사전,7d709a382e024f8fbdfdc0cf3f2c06c2,待ち合わせ,122,0,surface,한국어 뜻 직접 일치어 없음,https://ja.dict.naver.com/#/search?query=%E5%BE%85%E3%81%A1%E5%90%88%E3%82%8F%E3%81%9B
w_3f0d94bd6e140ba3,N2,作成,さくせい,작성,作成した文書を右寄せする,작성한 문서를 오른쪽 맞춤하다,민중서림 엣센스 일한사전,db1c71016c83469aadf3e8fabac8c2b4,作成 작성,129,1,surface,네이버 예문 ID 중복; 일본어 예문 문장 중복,https://ja.dict.naver.com/#/search?query=%E4%BD%9C%E6%88%90
w_3f508f4b79e75367,N2,地名,ちめい,지명,神話に因む地名が残っている,신화와 연관되는 지명이 남아 있다,민중서림 엣센스 일한사전,dbd9957cdb31466c95bd1c76ad9c2cf5,地名 지명,129,1,surface,네이버 예문 ID 중복; 일본어 예문 문장 중복,https://ja.dict.naver.com/#/search?query=%E5%9C%B0%E5%90%8D
w_3f5f8950779c095c,N5,せんたくする,せんたくする,세탁하다,着物の縫い目をほどいて洗濯する.,옷의 솔기를 뜯어서 빨다,민중서림 엣센스 한일사전,65c7bada27184fb8b63ab25fb264699b,せんたくする 세탁하다,122,0,surface,한국어 뜻 직접 일치어 없음,https://ja.dict.naver.com/#/search?query=%E3%81%9B%E3%82%93%E3%81%9F%E3%81%8F%E3%81%99%E3%82%8B
w_3f7247bd3bb94359,N5,ぎんこう,ぎんこう,은행,銀行の方に勤めている.,은행 계통에 근무하고 있다,민중서림 엣센스 한일사전,d937215f43f145ef82fc83294094841f,ぎんこう 은행,176,1,surface,네이버 예문 ID 중복; 일본어 예문 문장 중복,https://ja.dict.naver.com/#/search?query=%E3%81%8E%E3%82%93%E3%81%93%E3%81%86
w_3fb0a2ae1a74d3cc,N2,糊,のり,풀(접착제),着物の糊を薄める.,옷의 풀을 죽이다,민중서림 엣센스 한일사전,402f50a2b9aa46aa828d0c56073b90ed,糊 풀 접착제,122,0,surface,한국어 뜻 직접 일치어 없음,https://ja.dict.naver.com/#/search?query=%E7%B3%8A
w_3fb79a05ecdeb8e2,N1,勇敢に,ゆうかんに,용감하게,どんな犬も、自分の家の入り口のところでは勇敢に振舞える。,"모든 개는 제집 문 앞에서 용감하다. (서양속담, 겸손속담)",명언/속담,76abd42c8ce547db91b4cbd3159e0c6b,勇敢に 용감하게,120,0,surface,한국어 뜻 직접 일치어 없음; 우선 검수 출처; 네이버 예문 ID 중복; 일본어 예문 문장 중복,https://ja.dict.naver.com/#/search?query=%E5%8B%87%E6%95%A2%E3%81%AB
w_4023d92b9a5c4baa,N3,回復,かいふく,"회복, 복구",人は物よりもはるかに多く回復し、復活し、生き返り、再生し、報われることが必要なのです。誰も決して見捨ててはなりません。 (オードリー・ヘプバーン),"물건들보다는 사람들이야말로 상처로부터 복구되어야 하며 낡은 것으로부터 새로워져야 하고 병으로부터 회복되어야 하며 무지함으로부터 교화되어야 하고 고통으로부터 구원받아야 한다. 결코 누구도 버려서는 안 된다. (오드리 햅번, 인생명언)",명언/속담,0ee989fb26044bf3ac0d523639800fb0,回復 회복 복구,136,2,surface,우선 검수 출처,https://ja.dict.naver.com/#/search?query=%E5%9B%9E%E5%BE%A9
w_4030e30a977d39b6,N1,選挙に出る,せんきょにでる,선거에 나가다,イ:キム元長官が今回の総選挙に出るのは事実だろうか。,가: 김 전 장관이 이번 총선에 나온다는 게 사실일까?,국립국어원 한국어-일본어 학습사전,3b957f9a8f954a52b4b15f74c0145b57,選挙に出る,86,0,surface,한국어 뜻 직접 일치어 없음,https://ja.dict.naver.com/#/search?query=%E9%81%B8%E6%8C%99%E3%81%AB%E5%87%BA%E3%82%8B
w_403a2b956d0a226d,N1,潮,しお,"조수, 밀물 썰물",潮は月の引力による.,조수는 달의 인력에 기인한다,민중서림 엣센스 한일사전,fa9c3ed27114451dbd2480a6567e91d9,潮,102,,,네이버 예문 ID 중복; 일본어 예문 문장 중복,https://ja.dict.naver.com/#/search?query=%E6%BD%AE
w_404087c42d32bfb2,N3,協議,きょうぎ,협의,協議の末、合意に達した,협의 끝에 합의에 도달했다,민중서림 엣센스 일한사전,bc0dcf82c42949febe702f48c761bf49,協議 협의,134,1,surface,네이버 예문 ID 중복; 일본어 예문 문장 중복,https://ja.dict.naver.com/#/search?query=%E5%8D%94%E8%AD%B0
w_40a370857d95e22e,N3,まずしい,まずしい,가난하다,欲張りは常に貧しい。,"구두쇠는 언제나 가난하다. (그리스속담, 돈속담)",명언/속담,0ac45616408e4bde8ce6aaf83e8fd47e,まずしい 가난하다,166,1,surface,우선 검수 출처,https://ja.dict.naver.com/#/search?query=%E3%81%BE%E3%81%9A%E3%81%97%E3%81%84
w_40bbce70edec5cdb,N1,手軽,てがる,"쉬운, 단순한",新入社員たちは手軽に処理できる比較的に容易い業務を任された。,신입 사원들은 가벼이 처리할 수 있는 비교적 쉬운 업무를 맡았다.,국립국어원 한국어-일본어 학습사전,15087bd9718743c2923d0a71464c2c5c,手軽 쉬운 단순한,74,1,surface,자동 선택 점수 80 미만,https://ja.dict.naver.com/#/search?query=%E6%89%8B%E8%BB%BD
w_40edb7b35e2a9556,N1,養護,ようご,"양호, 보호",養護教諭は、保健室に置かなければならない薬を確認した。,양호 교사는 양호실에 두어야 할 약들을 확인했다.,국립국어원 한국어-일본어 학습사전,78b3b0dfd8c64728b3796d04a5e163c5,養護 양호 보호,74,1,surface,자동 선택 점수 80 미만,https://ja.dict.naver.com/#/search?query=%E9%A4%8A%E8%AD%B7
w_410160033c0799ae,N3,応募,おうぼ,응모,知人の推薦で応募しました。,지인의 추천으로 지원하게 되었어요. (직장>구직>지원),글로벌회화,9a9759fee08141a5a727dc07237d9c74,応募,100,,,네이버 예문 ID 중복; 일본어 예문 문장 중복,https://ja.dict.naver.com/#/search?query=%E5%BF%9C%E5%8B%9F
w_41251cda052c6ddc,N3,大量,たいりょう,대량,地元で大量に得票する.,출신 지역에서 대량 득표를 하다,민중서림 엣센스 한일사전,020db5f5f7be4e81b3d076a6407c3852,大量 대량,134,1,surface,네이버 예문 ID 중복; 일본어 예문 문장 중복,https://ja.dict.naver.com/#/search?query=%E5%A4%A7%E9%87%8F
w_416fe10aba191688,N1,パチンコ,パチンコ,파칭코,（パチンコ）台に使われているプラスチック盤を細かく砕き，ハンガーやバケツに再生することができる,(빠찡꼬) 대로 쓰이고 있는 플라스틱 판을 잘게 부수어 옷걸이나 버킷으로 재생할 수 있다.,민중서림 엣센스 외래어사전,64d45319c6594710afb8513f1a47f8b4,パチンコ,122,0,surface,한국어 뜻 직접 일치어 없음,https://ja.dict.naver.com/#/search?query=%E3%83%91%E3%83%81%E3%83%B3%E3%82%B3
w_4189ba95c1987ee9,N1,人体,じんたい,인체,人体に有益な野菜をとらなければならない.,인체에 유익한 야채를 섭취해야 한다,민중서림 엣센스 한일사전,49e9b30923454cf886d5b03c26b896d3,人体 인체,134,1,surface,네이버 예문 ID 중복; 일본어 예문 문장 중복,https://ja.dict.naver.com/#/search?query=%E4%BA%BA%E4%BD%93
w_41a731451248d09c,N1,蜂蜜,はちみつ,꿀,蜂は蜂蜜を作ることと刺すことを同時にはできない。,"벌은 꿀을 만들면서 동시에 침을 쏠 수는 없다. (서양속담, 지혜속담)",명언/속담,408d012e261f4b3182a9badaf190e565,蜂蜜 꿀,120,0,surface,한국어 뜻 직접 일치어 없음; 우선 검수 출처,https://ja.dict.naver.com/#/search?query=%E8%9C%82%E8%9C%9C
w_41aca0c015c1811d,N2,青白い,あおじろい,"창백한, 옅은",青白い顔にほっそりした体つき.,해쓱한 얼굴에 가녀린 몸매,민중서림 엣센스 한일사전,955e2bb8c2d341f990cc45947b83ae60,青白い,114,0,surface,한국어 뜻 직접 일치어 없음,https://ja.dict.naver.com/#/search?query=%E9%9D%92%E7%99%BD%E3%81%84
w_41f80514da34307e,N2,呼び掛ける,よびかける,"호소하다, 말을 걸다",各地の駅前などで，キャンペーン・レディーが市民に投票を呼び掛ける,각지의 역전 등에서 여성 선전대원이 시민에게 투표를 호소한다.,민중서림 엣센스 외래어사전,654b50b0ee8f4f119fc5f2cb8dac1be4,呼び掛ける,122,0,surface,한국어 뜻 직접 일치어 없음,https://ja.dict.naver.com/#/search?query=%E5%91%BC%E3%81%B3%E6%8E%9B%E3%81%91%E3%82%8B
w_422094ff0a79b584,N3,付く,つく,"붙다, 달리다",目に付く所に広告を張る.,눈에 띄는 곳에 광고를 붙이다,민중서림 엣센스 한일사전,ad90f2a307474c718e475915325152e3,付く,122,0,surface,한국어 뜻 직접 일치어 없음,https://ja.dict.naver.com/#/search?query=%E4%BB%98%E3%81%8F
w_426a6ad568579abe,N5,ピアノ,ピアノ,피아노,一流のピアノの先生に就ける.,일류 피아노 선생님께 가르침을 받게 하다,민중서림 엣센스 한일사전,0e74ee3b562043759b75e84c4f303a1f,ピアノ 피아노,134,1,surface,네이버 예문 ID 중복; 일본어 예문 문장 중복,https://ja.dict.naver.com/#/search?query=%E3%83%94%E3%82%A2%E3%83%8E
w_42d9aaff2ae0c5bb,N4,火,ひ,불,火鉢の火を埋ける,화로의 불을 재에 묻다.,민중서림 엣센스 일한사전,89d733db954f49f1902eeaee3d1df95f,火 불,117,0,surface,한국어 뜻 직접 일치어 없음,https://ja.dict.naver.com/#/search?query=%E7%81%AB
w_42ff827a6a6ee5a4,N1,出血,しゅっけつ,출혈,味方の多少の出血はやむを得ない.,아군의 다소의 출혈은 부득이하다,민중서림 엣센스 한일사전,9180277e84d2436ba46b68386f8388a4,出血 출혈,134,1,surface,네이버 예문 ID 중복; 일본어 예문 문장 중복,https://ja.dict.naver.com/#/search?query=%E5%87%BA%E8%A1%80
w_4310d03f373931d1,N3,前後,ぜんご,"전후, 앞뒤",前後の文脈から意味を判断する.,전후 문맥으로 뜻을 판단하다,민중서림 엣센스 한일사전,81fccd1439e24b05b34e5d88936a332c,前後 전후 앞뒤,134,1,surface,네이버 예문 ID 중복; 일본어 예문 문장 중복,https://ja.dict.naver.com/#/search?query=%E5%89%8D%E5%BE%8C
w_432f26e9704d0a8b,N3,ぜったいに,ぜったいに,절대로,絶対に負けないと豪語する.,절대로 지지 않는다고 호언하다,민중서림 엣센스 한일사전,cf822924a57b4c1b8022de41ad68dbd2,ぜったいに 절대로,176,1,surface,네이버 예문 ID 중복; 일본어 예문 문장 중복,https://ja.dict.naver.com/#/search?query=%E3%81%9C%E3%81%A3%E3%81%9F%E3%81%84%E3%81%AB
w_4358ae52c7f1b4d8,N3,若い,わかい,젋다,老人は若い頃の話を過去時制で語った。,노인은 젋은 시절의 이야기를 과거 시제로 말했다.,국립국어원 한국어-일본어 학습사전,06334c8558534da6bfe1a50def8e5164,若い 젋다,62,0,surface,한국어 뜻 직접 일치어 없음; 자동 선택 점수 80 미만,https://ja.dict.naver.com/#/search?query=%E8%8B%A5%E3%81%84
w_43832edeed9e8d99,N3,奥,おく,"안쪽, 내부, 안쪽 부분",客が奥へ通る,손님이 안내되어 방으로 들어가다,민중서림 엣센스 일한사전,86672dee65c7402b8ed7d52f36ce6358,奥,117,0,surface,한국어 뜻 직접 일치어 없음; 네이버 예문 ID 중복; 일본어 예문 문장 중복,https://ja.dict.naver.com/#/search?query=%E5%A5%A5
w_43862bf95fbf02dd,N3,身体,しんたい,몸,友情？友情というのは、二つの身体に宿る一つの心である。,"친구? 두 개의 몸에 거주하는 하나의 영혼. (그리스속담, 친구속담)",명언/속담,cda065c0110b46ca84a714433a593fba,身体 몸,120,0,surface,한국어 뜻 직접 일치어 없음; 우선 검수 출처,https://ja.dict.naver.com/#/search?query=%E8%BA%AB%E4%BD%93
w_438b4e3738285666,N1,改良,かいりょう,"개선, 개혁",新しいことをするときに、過ちを犯すことがある。なるべく早くそれを認め、ほかの新たなことの改良へと取りかかるのです。(スティーブ・ジョブズ),"가끔은 혁신을 추구하다 실수할 때도 있습니다. 하지만 빨리 인정하고 다른 혁신을 개선해 나가는 것이 최선입니다. (스티브 잡스, 실패명언)",명언/속담,fe3105920f894858baec64d75565af95,改良 개선 개혁,124,1,surface,우선 검수 출처,https://ja.dict.naver.com/#/search?query=%E6%94%B9%E8%89%AF
w_439fc60ecf8733fc,N3,巨大,きょだい,"거대한, 막대한",アカンサスは巨大な花だ。…垂直に伸びる花穂は野球バットぐらいの大きさがある。,아칸서스는 거대한 꽃이다. …수직으로 뻗은 화수는 야구 방망이만 한 크기이다.,민중서림 엣센스 외래어사전,804c447f2e4b4cc5a1adf08188ca2614,巨大 거대한 막대한,134,1,surface,네이버 예문 ID 중복; 일본어 예문 문장 중복,https://ja.dict.naver.com/#/search?query=%E5%B7%A8%E5%A4%A7
w_43add0a32da69d49,N1,抜粋,ばっすい,발췌,書籍の一部を抜粋して引用する,서적의 일부를 발췌하여 인용하다,민중서림 엣센스 일한사전,f0a3683b32c842bfb4f21e5d8a078c29,抜粋 발췌,129,1,surface,네이버 예문 ID 중복; 일본어 예문 문장 중복,https://ja.dict.naver.com/#/search?query=%E6%8A%9C%E7%B2%8B
w_43bd10828a16e822,N2,真っ黒,まっくろ,새까맣다,真っ黒な煙を吐いて走る.,시꺼먼 연기를 내뿜고 달리다,민중서림 엣센스 한일사전,cef82a3c3e1348a69213e1cd926c6004,真っ黒,144,0,surface,한국어 뜻 직접 일치어 없음; 네이버 예문 ID 중복; 일본어 예문 문장 중복,https://ja.dict.naver.com/#/search?query=%E7%9C%9F%E3%81%A3%E9%BB%92
w_4414661a2b5d631d,N4,贈り物,おくりもの,선물,上役の家に贈り物を届ける.,상사 집에 선물을 들여보내다,민중서림 엣센스 한일사전,1e1f170e5898449cba378b8067b9952b,贈り物,102,,,네이버 예문 ID 중복; 일본어 예문 문장 중복,https://ja.dict.naver.com/#/search?query=%E8%B4%88%E3%82%8A%E7%89%A9
w_44328544e7a3b011,N5,なぜ,なぜ,왜,なぜしきりにしゃべり散らしているんだ.,왜 자꾸 짖고 다니냐,민중서림 엣센스 한일사전,2252434f49814d3d8ecea0d6bf11163d,なぜ 왜,122,0,surface,한국어 뜻 직접 일치어 없음,https://ja.dict.naver.com/#/search?query=%E3%81%AA%E3%81%9C
w_443c071edfd389f9,N1,拝啓,はいけい,삼가 아룁니다,拝啓、陳者このたび,"근계, 삼가 아뢰올 것은 이번에",교학사 일한사전,6cab9173628047cbbd13fcd7d3caa101,拝啓,70,,,자동 선택 점수 80 미만,https://ja.dict.naver.com/#/search?query=%E6%8B%9D%E5%95%93
w_44a892d1b564fc20,N2,多大だ,ただいだ,많고크다,環境への影響が多大だ,환경에 미치는 영향이 매우 크다,민중서림 엣센스 일한사전,32e6c5c9029044fabf02145f2555c351,多大だ,117,0,surface,한국어 뜻 직접 일치어 없음; 네이버 예문 ID 중복; 일본어 예문 문장 중복,https://ja.dict.naver.com/#/search?query=%E5%A4%9A%E5%A4%A7%E3%81%A0
w_44c0bcb9bd3fe519,N1,急かす,せかす,재촉하다 <자동사>다가오다,仕事を急かす,일을 재촉하다,민중서림 엣센스 일한사전,7c1ea571baa74d038a32fa724964f8ef,急かす,121,1,surface,네이버 예문 ID 중복; 일본어 예문 문장 중복,https://ja.dict.naver.com/#/search?query=%E6%80%A5%E3%81%8B%E3%81%99
w_44db7429578a8638,N1,ティッシュペーパー,ティッシュペーパー,티슈 페이퍼,ティッシュペーパーを捨てる。,휴지를 버리다.,국립국어원 한국어-일본어 학습사전,7b748663d4f549eba43a069d050b05e7,ティッシュペーパー,122,0,surface,한국어 뜻 직접 일치어 없음,https://ja.dict.naver.com/#/search?query=%E3%83%86%E3%82%A3%E3%83%83%E3%82%B7%E3%83%A5%E3%83%9A%E3%83%BC%E3%83%91%E3%83%BC
w_44f082f8c19f40e4,N2,深める,ふかめる,깊게하다,相互の理解を深める,상호 간의 이해를 깊게 하다,민중서림 엣센스 일한사전,449f606f6a0649128dce819c336273dd,深める,129,1,surface,네이버 예문 ID 중복; 일본어 예문 문장 중복,https://ja.dict.naver.com/#/search?query=%E6%B7%B1%E3%82%81%E3%82%8B
w_4561f66e5adfae2f,N3,骨,ほね,뼈,骨ばかりで身が少ない.,뼈만 있고 살은 적다,민중서림 엣센스 한일사전,c832e5813a2f49ceac5e586a51c2f61e,骨 뼈,122,0,surface,한국어 뜻 직접 일치어 없음; 네이버 예문 ID 중복; 일본어 예문 문장 중복,https://ja.dict.naver.com/#/search?query=%E9%AA%A8
w_4590fbf50ef6f9fe,N1,密集,みっしゅう,밀집,人口が中央に密集している.,인구가 중앙에 밀집되어 있다,민중서림 엣센스 한일사전,c1b4abbcb9d74b5798bb11700bf7be97,密集 밀집,134,1,surface,네이버 예문 ID 중복; 일본어 예문 문장 중복,https://ja.dict.naver.com/#/search?query=%E5%AF%86%E9%9B%86
w_45ce928fd48f6bb5,N1,拡散,かくさん,확산,油の拡散を防ぐため、オイルフェンスを張る,기름 확산을 막기 위해 오일펜스를 치다,민중서림 엣센스 일한사전,df872881f17641da9a476eebd326ae78,拡散 확산,134,1,surface,네이버 예문 ID 중복; 일본어 예문 문장 중복,https://ja.dict.naver.com/#/search?query=%E6%8B%A1%E6%95%A3
w_45d4918dd7c4f3ee,N5,七月,しちがつ,7월,日本アジア航空は七月からファースト・クラスを廃止する,일본 아시아 항공은 7월부터 1등석을 폐지한다.,민중서림 엣센스 외래어사전,4d5281865c724843bdae34773ff46091,七月 7월,97,0,surface,한국어 뜻 직접 일치어 없음,https://ja.dict.naver.com/#/search?query=%E4%B8%83%E6%9C%88
w_46295160a102bb64,N3,たしかめる,たしかめる,확인하다,言葉の意味を辞書で確かめる,말의 의미를 사전에서 확인하다,민중서림 엣센스 일한사전,f73de996ae5c461db1e0a85a8349b28f,たしかめる 확인하다,171,1,surface,네이버 예문 ID 중복; 일본어 예문 문장 중복,https://ja.dict.naver.com/#/search?query=%E3%81%9F%E3%81%97%E3%81%8B%E3%82%81%E3%82%8B
w_46334adf72bc79e2,N3,明らか,あきらか,"명백함, 분명함",事件の真相が明らかにされた.,사건의 진상이 명백히 밝혀졌다,민중서림 엣센스 한일사전,98549834c43e4ab8928e1417640d8be4,明らか,122,0,surface,한국어 뜻 직접 일치어 없음; 네이버 예문 ID 중복; 일본어 예문 문장 중복,https://ja.dict.naver.com/#/search?query=%E6%98%8E%E3%82%89%E3%81%8B
w_4686de6e7b7bbd40,N1,衣類,いるい,옷,現場には衣類·食器などが四散していた.,현장에는 의류·식기 등이 사방에 흩어져 있었다,민중서림 엣센스 한일사전,4ec933c085c846e9ba7e47acb9f87fc0,衣類,102,,,네이버 예문 ID 중복; 일본어 예문 문장 중복,https://ja.dict.naver.com/#/search?query=%E8%A1%A3%E9%A1%9E
w_468aa1b1167adb42,N1,態勢,たいせい,"태세, 자세",安全な受け入れ態勢を構築する,안전한 수용 태세를 구축하다,민중서림 엣센스 일한사전,d67938964d204905bc86827250f7fced,態勢 태세 자세,129,1,surface,네이버 예문 ID 중복; 일본어 예문 문장 중복,https://ja.dict.naver.com/#/search?query=%E6%85%8B%E5%8B%A2
w_478ca372d6f55c92,N1,ダメージ,ダメージ,"대미지, 타격",かなり最初のダメージを引きずっているようだ。,어지간히 첫 대미지를 질질 끌고 있는 것 같다.,플리토,a65d3b323f6746b49a4258e12bb58168,ダメージ 대미지 타격,132,1,surface,우선 검수 출처,https://ja.dict.naver.com/#/search?query=%E3%83%80%E3%83%A1%E3%83%BC%E3%82%B8
w_47a2d12e723a1fa8,N1,撤回,てっかい,철회,"議案を可決[提出, 撤回]する","의안을 가결[제출, 철회]하다",민중서림 엣센스 한일사전,23e3c1dbf3424a0c87d1b25c6f4bc3b3,撤回 철회,134,1,surface,네이버 예문 ID 중복; 일본어 예문 문장 중복,https://ja.dict.naver.com/#/search?query=%E6%92%A4%E5%9B%9E
w_47a7816a00a69b87,N3,友情,ゆうじょう,우정,彼は友情に厚い男だ.,그는 우정이 두터운 남자다,민중서림 엣센스 한일사전,bab8bd2497ee49218437807818ae641e,友情 우정,134,1,surface,네이버 예문 ID 중복; 일본어 예문 문장 중복,https://ja.dict.naver.com/#/search?query=%E5%8F%8B%E6%83%85
w_47d515589fa58fd2,N2,お待たせしました,おまたせしました,"미안한 가지다, 있다 유지된 당신, 너 기다리다",お待たせしました。ただいまから受付を開始します,오래 기다리셨습니다. 지금부터 접수 시작합니다,민중서림 엣센스 일한사전,fee63d8576d74b7fa97aed42661f5d39,お待たせしました,102,0,surface,한국어 뜻 직접 일치어 없음,https://ja.dict.naver.com/#/search?query=%E3%81%8A%E5%BE%85%E3%81%9F%E3%81%9B%E3%81%97%E3%81%BE%E3%81%97%E3%81%9F
w_47f0de68cb63d845,N1,敗北,はいぼく,패배,バーに手をかけ，静止した。…敗北への恐れでなく，記録の深い淵をのぞき込む目だ。,"바에 손을 대고, 정지하였다. …패배에 대한 두려움이 아니라 기록의 심연을 들여다보는 눈이다.",민중서림 엣센스 외래어사전,95bd2918078d411faeb5a842dc1c57e8,敗北,102,,,네이버 예문 ID 중복; 일본어 예문 문장 중복,https://ja.dict.naver.com/#/search?query=%E6%95%97%E5%8C%97
w_487a91bcf4c2ebc1,N1,問い合わせる,といわせる,문의하다,銀行に預金の残高を問い合わせる.,은행에 예금 잔고를 문의하다,민중서림 엣센스 한일사전,5240e0d03a5849b1aced09b899999063,問い合わせる 문의하다,114,1,surface,네이버 예문 ID 중복; 일본어 예문 문장 중복,https://ja.dict.naver.com/#/search?query=%E5%95%8F%E3%81%84%E5%90%88%E3%82%8F%E3%81%9B%E3%82%8B
w_48fbd408a115f905,N5,雨,あめ,비,外は凄い雨だ,밖은 비가 억수같이 내린다,민중서림 엣센스 일한사전,7fb8be603cef440aa6b255b6548c3b15,雨,97,,,네이버 예문 ID 중복; 일본어 예문 문장 중복,https://ja.dict.naver.com/#/search?query=%E9%9B%A8
w_4920b45f25b1c4a0,N2,乱暴,らんぼう,"난폭함, 거칠음",乱暴な言動をひかえる.,난폭한 언동을 피하다,민중서림 엣센스 한일사전,be47e8caffd84d36a7dbaeda38774969,乱暴 난폭함 거칠음,122,0,surface,한국어 뜻 직접 일치어 없음,https://ja.dict.naver.com/#/search?query=%E4%B9%B1%E6%9A%B4
w_4938026596d27e3b,N1,庶民,しょみん,"흔한, 공통의 사람들",松茸は庶民には手が届かない高級な食べ物の一つになってしまいました。,마즈다케는 서민에게는 손이 닿지 않는 고급 음식의 하나가 되었다.,연세대학교 한국어학당 국가별 대표음식,9ec16a1e4e5f45a18bf5bdb207c43573,庶民,122,0,surface,한국어 뜻 직접 일치어 없음,https://ja.dict.naver.com/#/search?query=%E5%BA%B6%E6%B0%91
w_49720ac3dabf490f,N2,引力,いんりょく,"인력, 중력",潮は月の引力による.,조수는 달의 인력에 기인한다,민중서림 엣센스 한일사전,fa9c3ed27114451dbd2480a6567e91d9,引力 인력 중력,134,1,surface,네이버 예문 ID 중복; 일본어 예문 문장 중복,https://ja.dict.naver.com/#/search?query=%E5%BC%95%E5%8A%9B
w_497c065e6cf6e038,N1,もっぱら,もっぱら,"오로지, 한결같이",スポーツ観戦が専らの楽しみだ,스포츠 관전이 오로지 즐거움이다,민중서림 엣센스 일한사전,5db3f18b438a4003b1c4e49ce6f280df,もっぱら 오로지 한결같이,171,1,surface,네이버 예문 ID 중복; 일본어 예문 문장 중복,https://ja.dict.naver.com/#/search?query=%E3%82%82%E3%81%A3%E3%81%B1%E3%82%89
w_49b375af96425cbe,N4,明日,あす,내일,明日は日限が切れる.,내일이면 기일이 다 된다,민중서림 엣센스 한일사전,b58ee2c9199945b19423e904c6de7492,明日 내일,134,1,surface,네이버 예문 ID 중복; 일본어 예문 문장 중복,https://ja.dict.naver.com/#/search?query=%E6%98%8E%E6%97%A5
w_4affd4250e067b9d,N3,議会,ぎかい,"의회, 국회",国民の世論は議会に反映される.,국민의 여론은 의회에 반영된다,민중서림 엣센스 한일사전,903eb7c1d46d4d43b33976f714991ec6,議会 의회 국회,134,1,surface,네이버 예문 ID 중복; 일본어 예문 문장 중복,https://ja.dict.naver.com/#/search?query=%E8%AD%B0%E4%BC%9A
w_4b0366329a709317,N2,強引,ごういん,"무리함, 강압적임",強引な客引き行為を取り締まる,무리한 호객 행위를 단속하다,민중서림 엣센스 일한사전,956599af1f06485496a2b2a1a58f16eb,強引 무리함 강압적임,117,0,surface,한국어 뜻 직접 일치어 없음,https://ja.dict.naver.com/#/search?query=%E5%BC%B7%E5%BC%95
w_4b12fd88bdcd3bf7,N3,なつかしい,なつかしい,그립다,過ぎた日が今更のように懐かしい.,지난날이 새삼 그립다,민중서림 엣센스 한일사전,9e5caa6d830e41b6bf59d9480ce10682,なつかしい 그립다,168,1,surface,네이버 예문 ID 중복; 일본어 예문 문장 중복,https://ja.dict.naver.com/#/search?query=%E3%81%AA%E3%81%A4%E3%81%8B%E3%81%97%E3%81%84
w_4b97050bc4886e8e,N2,呆れる,あきれる,"어이없어하다, 질리다",我ながら呆れる,나 스스로도 어이가 없다,민중서림 엣센스 일한사전,8ef61be069af410c9b52c5729d7535aa,呆れる,117,0,surface,한국어 뜻 직접 일치어 없음,https://ja.dict.naver.com/#/search?query=%E5%91%86%E3%82%8C%E3%82%8B
w_4b9b3598f4511bc5,N1,情熱,じょうねつ,"열정, 열심, 열의",情熱に燃える態度が人人に感応をひき起こした.,정열에 불타는 태도가 사람들에게 감응을 일으켰다,민중서림 엣센스 한일사전,2fd6a06a7cf1461780b83451cc6c2204,情熱,122,0,surface,한국어 뜻 직접 일치어 없음,https://ja.dict.naver.com/#/search?query=%E6%83%85%E7%86%B1
w_4c0800ab464a16af,N5,あに,あに,"오빠, 형",弟が兄を怒らせる.,동생이 형을 약 올리다,민중서림 엣센스 한일사전,185c8f128ad24cb5b1f622ab47f224eb,あに 오빠 형,164,0,surface,한국어 뜻 직접 일치어 없음; 네이버 예문 ID 중복; 일본어 예문 문장 중복,https://ja.dict.naver.com/#/search?query=%E3%81%82%E3%81%AB
w_4c228c581f6ab0dc,N3,あつめる,あつめる,모으다,人類の全知を集める.,인류의 전지를 한데 모으다,민중서림 엣센스 한일사전,975810be180d48859d14fbbdb013bd08,あつめる 모으다,176,1,surface,네이버 예문 ID 중복; 일본어 예문 문장 중복,https://ja.dict.naver.com/#/search?query=%E3%81%82%E3%81%A4%E3%82%81%E3%82%8B
w_4c739feaedcd1de0,N5,ようか,ようか,"8일, 여드레",日本プロサッカー・リーグは八日，延長戦に採用していた「サドン・デス方式」の名称を，「Ｖゴール方式」に変更すると発表した,"일본 프로축구 리그는 8일, 연장전에 채용되고 있던 ‘서든 데스 방식’의 명칭을 ‘V골 방식’으로 변경한다고 발표하였다.",민중서림 엣센스 외래어사전,1856e3801d6845a0b044a0a893a364e0,ようか 8일 여드레,156,0,surface,한국어 뜻 직접 일치어 없음,https://ja.dict.naver.com/#/search?query=%E3%82%88%E3%81%86%E3%81%8B
w_4c7425a3f9f0171a,N3,正常,せいじょう,정상,事業を正常の軌道に乗せる.,사업을 정상 궤도에 올리다,민중서림 엣센스 한일사전,9f4f4c6e70db466cb327a96cdb215561,正常 정상,134,1,surface,네이버 예문 ID 중복; 일본어 예문 문장 중복,https://ja.dict.naver.com/#/search?query=%E6%AD%A3%E5%B8%B8
w_4c8070831d17211e,N2,英和,えいわ,영일(영어-일본어),研究社から出版された英和辞典,겐큐샤에서 출간된 영일 사전,민중서림 엣센스 일한사전,94165889fe85432bb1560ac2f7fc9cd8,英和,44,1,surface,자동 선택 점수 80 미만,https://ja.dict.naver.com/#/search?query=%E8%8B%B1%E5%92%8C
w_4cc56aad06b9042e,N2,攻める,せめる,공격하다,ディレイ・オフェンスとは、オフェンスの制限時間を意識的に使って攻める攻撃方法、つまり遅攻のことです。,"딜레이 오펜스란, 공격 제한 시간을 의식적으로 사용하여 공격하는 방법, 즉 지공을 말합니다.",플리토,014b1fdae2974334bc971b157ed2aae6,攻める 공격하다,60,0,surface,한국어 뜻 직접 일치어 없음; 자동 선택 점수 80 미만; 우선 검수 출처,https://ja.dict.naver.com/#/search?query=%E6%94%BB%E3%82%81%E3%82%8B
w_4d10ea98c7109a7b,N1,音色,ねいろ,음색,ケーナの音色を通して，自然と対話するのです,케나의 음색을 통하여 자연과 대화하는 것입니다.,민중서림 엣센스 외래어사전,587305c210814b969c9781825795863b,音色,102,,,네이버 예문 ID 중복; 일본어 예문 문장 중복,https://ja.dict.naver.com/#/search?query=%E9%9F%B3%E8%89%B2
w_4d18ab477dac1679,N1,小さな声で言う,ちいさなこえでいう,작은 소리로 말하다,子供が小さな声で言葉をもぐもぐ話すので、何のことか聞き取ることができなかった。,아이가 작은 소리로 말을 오물오물하니 무슨 말인지 알아들을 수가 없었다.,국립국어원 한국어-일본어 학습사전,5ac9ddd4a39c4e3b9c42e3d6434ac9d9,小さな声で言う 작은 소리로 말하다,84,2,stem,활용 어간으로만 목표어 확인,https://ja.dict.naver.com/#/search?query=%E5%B0%8F%E3%81%95%E3%81%AA%E5%A3%B0%E3%81%A7%E8%A8%80%E3%81%86
w_4d19324f5cce5172,N2,演劇,えんげき,연극,その演劇の主演を引き受ける.,그 연극의 주연을 맡다,민중서림 엣센스 한일사전,99b2714664ac4903a534ea4962822554,演劇 연극,134,1,surface,네이버 예문 ID 중복; 일본어 예문 문장 중복,https://ja.dict.naver.com/#/search?query=%E6%BC%94%E5%8A%87
w_4d1f935f4e76d086,N2,祭る,まつる,"모시다, 제사 지내다",祖先の霊を祭る,선조의 혼령에 제사 지내다,민중서림 엣센스 일한사전,6d8ae9c3e975447ca1e52aa3856729d9,祭る,141,2,surface,네이버 예문 ID 중복; 일본어 예문 문장 중복,https://ja.dict.naver.com/#/search?query=%E7%A5%AD%E3%82%8B
w_4d2ace818d1c6875,N4,夜,よる,밤,幾夜も眠れぬ夜が続いた,며칠 밤이나 잠 못 이루는 밤이 이어졌다.,민중서림 엣센스 일한사전,3702b44043c1419ab03c7a3ea2d6b79a,夜 밤,117,0,surface,한국어 뜻 직접 일치어 없음; 네이버 예문 ID 중복; 일본어 예문 문장 중복,https://ja.dict.naver.com/#/search?query=%E5%A4%9C
w_4d3a36e26a851fda,N2,保護者,ほごしゃ,보호자,保護者ないしはそれに準ずるもの,보호자 내지는 그에 준하는 자.,민중서림 엣센스 일한사전,7652ba07c3914410877385915fb0635f,保護者 보호자,113,1,surface,네이버 예문 ID 중복; 일본어 예문 문장 중복,https://ja.dict.naver.com/#/search?query=%E4%BF%9D%E8%AD%B7%E8%80%85
w_4d69f0da34b2cf58,N3,まご,まご,손자,孫を早く得たいものだ.,손자를 빨리 보고 싶은걸,민중서림 엣센스 한일사전,17ae1dc8f8f24a46bcf9364b771975df,まご 손자,176,1,surface,네이버 예문 ID 중복; 일본어 예문 문장 중복,https://ja.dict.naver.com/#/search?query=%E3%81%BE%E3%81%94
w_4d8013ee4db5e4de,N3,容易,ようい,"쉬움, 용이함",容易な[た易い]ことではない.,용이한 일이 아니다,민중서림 엣센스 한일사전,cc5b17a3a60f4db8b82192081d0d1b14,容易 쉬움 용이함,122,0,surface,한국어 뜻 직접 일치어 없음,https://ja.dict.naver.com/#/search?query=%E5%AE%B9%E6%98%93
w_4dbe5a61e64d2816,N2,手洗い,てあらい,화장실,お手洗いのタオルを使い捨てのペーパータオルに変更する,화장실 수건을 일회용 종이 타월로 바꾸다,민중서림 엣센스 일한사전,ad0cd0af7a544eaba3c73dcd31d138dd,手洗い 화장실,171,1,surface,네이버 예문 ID 중복; 일본어 예문 문장 중복,https://ja.dict.naver.com/#/search?query=%E6%89%8B%E6%B4%97%E3%81%84
w_4e15782eca5e57f4,N3,学習,がくしゅう,"공부하다, 배우다",子どもたちの勉強スタイルとしてリビング学習が注目されている,아이들의 공부 스타일로 거실 학습이 주목받고 있다,민중서림 엣센스 일한사전,0eb179afcda240a98c62ee1dc749716e,学習 공부하다 배우다,117,0,surface,한국어 뜻 직접 일치어 없음,https://ja.dict.naver.com/#/search?query=%E5%AD%A6%E7%BF%92
w_4e62d76c327ed8cd,N1,ファン,ファン,"팬, 선풍기",ファンの声援に力を得る.,팬의 성원에 힘을 얻다,민중서림 엣센스 한일사전,9d45f5bc5f464b53a88ff8048a791ca4,ファン 팬 선풍기,122,0,surface,한국어 뜻 직접 일치어 없음,https://ja.dict.naver.com/#/search?query=%E3%83%95%E3%82%A1%E3%83%B3
w_4e68adf3b15aecc4,N4,取り替える,とりかえる,"교환하다, 바꾸다",古くなったものを新しいものに取り替えると，それは「奇麗」になったという。奇麗というのは単に古くなったものがサニタリーになったことに過ぎない。それに対し，「美」には芸術としての心のかかわり合いがある。,낡은 것을 새것으로 바꾸면 그것은 ‘깨끗해’졌다고 한다. 깨끗하다는 것은 단지 낡은 것이 위생적이 된 것에 불과하다. 이에 대하여 ‘미’에는 예술로서의 심적 상호 연관이 있다.,민중서림 엣센스 외래어사전,317c5d9954294693a326c5e75c96aa23,取り替える,117,0,surface,한국어 뜻 직접 일치어 없음,https://ja.dict.naver.com/#/search?query=%E5%8F%96%E3%82%8A%E6%9B%BF%E3%81%88%E3%82%8B
w_4e737c8bf653ba08,N3,拡大,かくだい,확대,全区に拡大して実施する,모든 구로 확대하여 실시하다,민중서림 엣센스 일한사전,ed1d70cb375a4a7190485913d8d81417,拡大 확대,129,1,surface,네이버 예문 ID 중복; 일본어 예문 문장 중복,https://ja.dict.naver.com/#/search?query=%E6%8B%A1%E5%A4%A7
w_4ebf08d635858a62,N3,永遠,えいえん,"영원, 영구, 불멸",私たちは自分たちが永遠であるのを感じ、知っている。 (バールーフ・デ・スピノザ),"우리는 영원불멸하다는 것을 느끼고 안다. (바뤼흐 스피노자, 인생명언)",명언/속담,11714c64d387445cace303b11fd97ba3,永遠 영원 영구 불멸,136,2,surface,우선 검수 출처,https://ja.dict.naver.com/#/search?query=%E6%B0%B8%E9%81%A0
w_4ef2af90123264d7,N1,手数,てかず,"수고, 폐",お手数をかけまして恐縮です,폐를 끼쳐서 죄송합니다,교학사 일한사전,dc7958bc51f9450f82fbf0bb23e54170,手数 수고 폐,115,0,surface,한국어 뜻 직접 일치어 없음,https://ja.dict.naver.com/#/search?query=%E6%89%8B%E6%95%B0
w_4f69ef1d9fc91046,N2,すっきり,すっきり,"분명한, 맑은, 깔끔한",病気がまだすっきりしない.,병이 아직 말끔히 낫지 않았다,민중서림 엣센스 한일사전,28c694018eed4e1c875d7917c87dc07d,すっきり,122,0,surface,한국어 뜻 직접 일치어 없음,https://ja.dict.naver.com/#/search?query=%E3%81%99%E3%81%A3%E3%81%8D%E3%82%8A
w_4f760a65cfd9f001,N3,触れる,ふれる,<타동사>만지다,目に触れる物すべてが珍しかった.,눈에 띄는 모든 것이 신기했다,민중서림 엣센스 한일사전,ff9167aa2ead4fdea8821a45a93a1dd4,触れる,122,0,surface,한국어 뜻 직접 일치어 없음,https://ja.dict.naver.com/#/search?query=%E8%A7%A6%E3%82%8C%E3%82%8B
w_4f7610296f86f1f2,N1,密接,みっせつ,밀접함,彼とは密接な関係にある.,그와는 밀접한 관계가 있다,민중서림 엣센스 한일사전,6ae0f7f0ad3c47dbafae51a20db5b89a,密接 밀접함,122,0,surface,한국어 뜻 직접 일치어 없음,https://ja.dict.naver.com/#/search?query=%E5%AF%86%E6%8E%A5
w_4f9a8aa04663a690,N3,曲がっている,まがっている,굽어 있다,廊下が鉤の手に曲がっている.,복도가 기역 자로 꼬부라져 있다,민중서림 엣센스 한일사전,0797243343e843bdbab53b8d38750d2c,曲がっている 굽어 있다,122,0,surface,한국어 뜻 직접 일치어 없음,https://ja.dict.naver.com/#/search?query=%E6%9B%B2%E3%81%8C%E3%81%A3%E3%81%A6%E3%81%84%E3%82%8B
w_4fa2413486371202,N3,延ばす,のばす,"(시일을)연장시키다,미루다",彼に対する評価は次の機会に延ばすことにする.,그에 대한 평가는 다음 기회로 미루기로 하겠다,민중서림 엣센스 한일사전,ccec060a4c154b418d81d78d29b4ccb4,延ばす,122,0,surface,한국어 뜻 직접 일치어 없음,https://ja.dict.naver.com/#/search?query=%E5%BB%B6%E3%81%B0%E3%81%99
w_4faf46757097cc32,N1,アンコール,アンコール,앙코르,アンコールワットは‘王都の寺院'を意味し、12世紀に建てられた,앙코르 와트는 ‘왕도((王都))의 사원'을 뜻하며 12세기에 세워졌다,민중서림 엣센스 일한사전,e3d4b4cd645541fc971a719ddbfe058c,アンコール 앙코르,134,1,surface,네이버 예문 ID 중복; 일본어 예문 문장 중복,https://ja.dict.naver.com/#/search?query=%E3%82%A2%E3%83%B3%E3%82%B3%E3%83%BC%E3%83%AB
w_4fd0783444da72d2,N2,スカーフ,スカーフ,스카프,スカーフの結び方やコサージ作りを覚えれば，同じ服も見違える,스카프 매는 법이나 코르사주로 멋내는 방법을 알아두면 같은 옷도 아주 달라 보인다.,민중서림 엣센스 외래어사전,dc85d8e402ae4017995615cd25ed453a,スカーフ 스카프,134,1,surface,네이버 예문 ID 중복; 일본어 예문 문장 중복,https://ja.dict.naver.com/#/search?query=%E3%82%B9%E3%82%AB%E3%83%BC%E3%83%95
w_4fe316cf6e463e66,N1,斜面,しゃめん,"사면, 비탈면",丘の斜面に畑を作る.,언덕 사면에 밭을 만들다,민중서림 엣센스 한일사전,da9c29fbab5a4a4f94dc469cc875c8b4,斜面,134,1,surface,네이버 예문 ID 중복; 일본어 예문 문장 중복,https://ja.dict.naver.com/#/search?query=%E6%96%9C%E9%9D%A2
w_5017e170ab97f095,N1,雑,ざつ,"조잡함, 엉성함",雑な仕事はしたくない,조잡한 일은 하고 싶지 않다,민중서림 엣센스 일한사전,338f032b92fb4d66afee60ac39601474,雑,97,,,네이버 예문 ID 중복; 일본어 예문 문장 중복,https://ja.dict.naver.com/#/search?query=%E9%9B%91
w_501e3d21f5ffa447,N1,脅かす,おびやかす,"위협하다, 강요하다",警察に向かって角材を振りまわしながら脅かす.,경찰을 향해 각목을 휘두르며 위협하다,민중서림 엣센스 한일사전,6329dbc2432d463baeee6e0d48960ba1,脅かす,94,,,네이버 예문 ID 중복; 일본어 예문 문장 중복,https://ja.dict.naver.com/#/search?query=%E8%84%85%E3%81%8B%E3%81%99
w_5031ba90364d3c9e,N2,膨らます,ふくらます,"붓다, 부풀다, 확장하다",大きな希望[期待]に胸を膨らます,커다란 희망으로[기대로] 가슴이 부풀다,민중서림 엣센스 일한사전,628f30efb31a4ddea5cdf494b8941b37,膨らます,129,1,surface,네이버 예문 ID 중복; 일본어 예문 문장 중복,https://ja.dict.naver.com/#/search?query=%E8%86%A8%E3%82%89%E3%81%BE%E3%81%99
w_5036fc069c57f6e4,N1,サボる,サボる,"땡땡이치다, 게으름 피우다",学校をサボる.,학교에 안 가고 땡땡이를 부리다,민중서림 엣센스 한일사전,45b5cfcc39aa497b8328c13e59a8ef58,サボる,110,,,네이버 예문 ID 중복; 일본어 예문 문장 중복,https://ja.dict.naver.com/#/search?query=%E3%82%B5%E3%83%9C%E3%82%8B
w_504086cd552f2336,N2,透き通る,すきとおる,"투명하게 비치다, 맑게 통하다",底まで透き通る,바닥까지 비쳐 보이다,교학사 일한사전,db55a57389044f6e8fbb7c6d47be80f8,透き通る,115,0,surface,한국어 뜻 직접 일치어 없음,https://ja.dict.naver.com/#/search?query=%E9%80%8F%E3%81%8D%E9%80%9A%E3%82%8B
w_5087ca0f2f02704e,N3,握る,にぎる,(손에꽉)쥐다,思わず手を握り締める,자기도 모르게 손을 꽉 쥐다,교학사 일한사전,324e0441b488431b8764d6f1eca7688b,握る 손에꽉 쥐다,65,1,stem,활용 어간으로만 목표어 확인; 자동 선택 점수 80 미만,https://ja.dict.naver.com/#/search?query=%E6%8F%A1%E3%82%8B
w_5094def9feedccf2,N2,コース,コース,"과정, 코스",バスが同一コースを循環する.,버스가 같은 코스를 순환하다,민중서림 엣센스 한일사전,389fa2a8e51440e391722659d3c45ce3,コース 과정 코스,134,1,surface,네이버 예문 ID 중복; 일본어 예문 문장 중복,https://ja.dict.naver.com/#/search?query=%E3%82%B3%E3%83%BC%E3%82%B9
w_50e8445acb874327,N1,階級,かいきゅう,"계급, 등급",二階級飛び越して大将に特進する.,2계급 뛰어 대장으로 특진하다,민중서림 엣센스 한일사전,8c31e84e3a6340df8cf221fabcb265c9,階級,62,,,자동 선택 점수 80 미만,https://ja.dict.naver.com/#/search?query=%E9%9A%8E%E7%B4%9A
w_50f24aa0feb95de6,N4,失敗,しっぱい,"실패, 실수",失敗を恥じるな。失敗を恥じれば失敗が罪になる。(孔子),"실수를 부끄러워 말라, 실수를 부끄러워하면 실수가 죄악이 된다. (공자, 실패명언)",명언/속담,c360fae8cc4a4c919de2eb281a93abcd,失敗 실패 실수,136,2,surface,우선 검수 출처,https://ja.dict.naver.com/#/search?query=%E5%A4%B1%E6%95%97
w_50ffd2ba2cc08cff,N5,ふつか,ふつか,"2일, 초이틀",一回転するのに二日かかる,1회전 하는 데 2일이 걸리다,교학사 일한사전,9fbf73409bf141b4b759aafac6af0449,ふつか 2일 초이틀,149,0,surface,한국어 뜻 직접 일치어 없음,https://ja.dict.naver.com/#/search?query=%E3%81%B5%E3%81%A4%E3%81%8B
w_512c961eb62a41e9,N3,煙,けむり,연기,真っ黒な煙を吐いて走る.,시꺼먼 연기를 내뿜고 달리다,민중서림 엣센스 한일사전,cef82a3c3e1348a69213e1cd926c6004,煙 연기,134,1,surface,네이버 예문 ID 중복; 일본어 예문 문장 중복,https://ja.dict.naver.com/#/search?query=%E7%85%99
w_5177334f7a8f6c84,N1,山脈,さんみゃく,산맥,山脈が南北に連なっている.,산맥이 남북으로 연속돼 있다,민중서림 엣센스 한일사전,3bbde1fd7e1d492d8e1224d7885d7483,山脈,102,,,네이버 예문 ID 중복; 일본어 예문 문장 중복,https://ja.dict.naver.com/#/search?query=%E5%B1%B1%E8%84%88
w_51b95d78d41ec7ac,N3,陰,かげ,"그늘, 그림자",Ｈ校に１４年ぶりの歓喜をもたらしたラスト・プレーをこなしたのは，陰の主役だった,H교에 14년 만의 환희를 가져오게 한 최후의 경기를 치러 낸 것은 그늘의 주역이었다(고교 야구에서).,민중서림 엣센스 외래어사전,7a3e1293b0554d2cb373d7681477fbba,陰 그늘 그림자,134,1,surface,네이버 예문 ID 중복; 일본어 예문 문장 중복,https://ja.dict.naver.com/#/search?query=%E9%99%B0
w_51ed004e38ee0560,N1,腸,ちょう,"장, 창자",腸にポリープができ始めた,장에 폴립이 생기기 시작했다.,민중서림 엣센스 외래어사전,b654dc428a98483d832aa4afd78e62dd,腸 장 창자,117,0,surface,한국어 뜻 직접 일치어 없음,https://ja.dict.naver.com/#/search?query=%E8%85%B8
w_520df0c9d5515ddd,N1,水田,すいでん,"논, 수전",水田がかさかさに干上がる.,논이 버썩 마르다,민중서림 엣센스 한일사전,fa27fb15c9b6423c8999a9bf24880291,水田 논 수전,122,0,surface,한국어 뜻 직접 일치어 없음,https://ja.dict.naver.com/#/search?query=%E6%B0%B4%E7%94%B0
w_5216c11371678f7c,N1,文書,ぶんしょ,문서,作成した文書を右寄せする,작성한 문서를 오른쪽 맞춤하다,민중서림 엣센스 일한사전,db1c71016c83469aadf3e8fabac8c2b4,文書 문서,129,1,surface,네이버 예문 ID 중복; 일본어 예문 문장 중복,https://ja.dict.naver.com/#/search?query=%E6%96%87%E6%9B%B8
w_52916915b464d6ee,N1,味わい,あじわい,"맛, 정취",オペラとオペラ・ハウスは一体のもので，その劇場で見てこそ，本物の味わいがある,오페라와 오페라하우스는 일체의 것으로 그 극장에서 보아야만이 진짜 맛을 맛볼 수 있다.,민중서림 엣센스 외래어사전,c3e25d91750b479b884495819859a7e3,味わい 맛 정취,122,0,surface,한국어 뜻 직접 일치어 없음,https://ja.dict.naver.com/#/search?query=%E5%91%B3%E3%82%8F%E3%81%84
w_52944f5e09c396f2,N1,放り出す,ほうりだす,"내던지다, 포기하다",僕がノック・バットを放り出すと，その選手が「帰らんでください」と足にしがみついてきた,내가 수비 연습용 배트를 내던지며 나가려 하자 그 선수는 ‘돌아가지 마세요’라며 다리를 붙들고 늘어졌다.,민중서림 엣센스 외래어사전,92e57df171fb44fe9883d972cbbc9f16,放り出す,122,0,surface,한국어 뜻 직접 일치어 없음,https://ja.dict.naver.com/#/search?query=%E6%94%BE%E3%82%8A%E5%87%BA%E3%81%99
w_529ba4dec73ad5b3,N2,異なる,ことなる,"상이하다,다르다",材質によって用途が異なる.,재질에 따라 용도가 다르다,민중서림 엣센스 한일사전,a46d6f15bc1b4df29844079246d24c08,異なる,134,1,surface,네이버 예문 ID 중복; 일본어 예문 문장 중복,https://ja.dict.naver.com/#/search?query=%E7%95%B0%E3%81%AA%E3%82%8B
w_529c42c85aa82b35,N4,運動,うんどう,운동,"選挙[就職, 野外]運動をする.","선거[취직, 야외] 운동을 하다",민중서림 엣센스 한일사전,c4c8b0310a45496f878ffd54ad3e5ac6,運動 운동,134,1,surface,네이버 예문 ID 중복; 일본어 예문 문장 중복,https://ja.dict.naver.com/#/search?query=%E9%81%8B%E5%8B%95
w_52bbb54154624fa0,N1,つながり,つながり,"(1) 연계, 관계 (2) 연결",繋がりが断ち切れる,연결이 차단되다,민중서림 엣센스 일한사전,5c77ac6c8a63486794979fb61eff80e6,つながり,171,1,surface,네이버 예문 ID 중복; 일본어 예문 문장 중복,https://ja.dict.naver.com/#/search?query=%E3%81%A4%E3%81%AA%E3%81%8C%E3%82%8A
w_530598fd40ead000,N3,綿,めん,"솜, 면",Ｙさんの当時の服装は，上が水色で綿のボタン・ダウンシャツ,"Y씨의 당시의 복장은, 위가 물빛이며 면으로 된 버튼다운 셔츠.",민중서림 엣센스 외래어사전,7563c605af264347b8ba347e82533d6f,綿 솜 면,114,0,surface,한국어 뜻 직접 일치어 없음,https://ja.dict.naver.com/#/search?query=%E7%B6%BF
w_5379aa117b5e16b1,N3,さっそく,さっそく,즉시,電話をかけたら早速やって来た,전화했더니 즉시 달려왔다,교학사 일한사전,c87a47d2d8164c28ab21604fd2123215,さっそく 즉시,169,1,surface,네이버 예문 ID 중복; 일본어 예문 문장 중복,https://ja.dict.naver.com/#/search?query=%E3%81%95%E3%81%A3%E3%81%9D%E3%81%8F
w_538523d6296c7778,N3,務め,つとめ,"임무, 직무",法を守ることは国民の務めだ.,법을 지키는 것은 국민의 의무다,민중서림 엣센스 한일사전,3ef82db8d00041aa8fe8c347ceefe2f0,務め,122,0,surface,한국어 뜻 직접 일치어 없음,https://ja.dict.naver.com/#/search?query=%E5%8B%99%E3%82%81
w_53ae1816aa456be5,N2,衣食住,いしょくじゅう,"음식, 옷 피난처",衣食住は人が生きていく上で必要な最も基本的なものである。,의식주는 사람이 살아가는 데 필요한 가장 기본적인 것이다.,국립국어원 한국어-일본어 학습사전,fd3a5ca8c6a64b22a623f596d8407e7a,衣食住,94,0,surface,한국어 뜻 직접 일치어 없음,https://ja.dict.naver.com/#/search?query=%E8%A1%A3%E9%A3%9F%E4%BD%8F
w_53e60de5cc9bcd78,N3,賞,しょう,상,賞をもらうと言ったらみんなが祝ってくれた.,상을 받는다니까 모두 축하해 주었다,민중서림 엣센스 한일사전,af8613c166404b03832ea0ce7a37a0ee,賞 상,122,0,surface,한국어 뜻 직접 일치어 없음,https://ja.dict.naver.com/#/search?query=%E8%B3%9E
w_53eb0fa053f5596f,N2,対策,たいさく,대책,"対策[予定, 方針, 計画]を立てる","대책[예정, 방침, 계획]을 세우다",민중서림 엣센스 한일사전,90320fd1c7774da18bfb81789ce59011,対策 대책,134,1,surface,네이버 예문 ID 중복; 일본어 예문 문장 중복,https://ja.dict.naver.com/#/search?query=%E5%AF%BE%E7%AD%96
w_5444ad9790d180e8,N1,いい加減,いいかげん,"적당함, 무책임함",好い加減なことを言うな,무책임한 말을 하지 마라,교학사 일한사전,b1607d6dc95a4a71be178d78f03c822a,いい加減 적당함 무책임함,129,0,surface,한국어 뜻 직접 일치어 없음,https://ja.dict.naver.com/#/search?query=%E3%81%84%E3%81%84%E5%8A%A0%E6%B8%9B
w_545924358e61c3c5,N3,具体,ぐたい,구체적임,具体的に答えてください。,구체적으로 답변해 주세요. (기본표현>질문/대답>대답할 때),글로벌회화,311e6c5ab7e84a5386f4fae4befeda03,具体 구체적임,112,0,surface,한국어 뜻 직접 일치어 없음,https://ja.dict.naver.com/#/search?query=%E5%85%B7%E4%BD%93
w_549f9aad5033ae65,N1,ありきたりの,ありきたりの,흔한,ありきたりの考え[デザイン],평범한 생각[디자인],민중서림 엣센스 한일사전,fea8494ff9c74e988fec031d38e51e42,ありきたりの,87,0,surface,한국어 뜻 직접 일치어 없음,https://ja.dict.naver.com/#/search?query=%E3%81%82%E3%82%8A%E3%81%8D%E3%81%9F%E3%82%8A%E3%81%AE
w_54b21b1779cfcd95,N1,極端,きょくたん,극단,メモリー・ボードの極端な不足から，混乱が広がっている,메모리 보드의 극단적인 부족으로 혼란이 확산돼 가고 있다.,민중서림 엣센스 외래어사전,82818844abda4b17ab19eb66ca770329,極端 극단,134,1,surface,네이버 예문 ID 중복; 일본어 예문 문장 중복,https://ja.dict.naver.com/#/search?query=%E6%A5%B5%E7%AB%AF
w_553accd30cbca2d8,N2,外れる,はずれる,"벗겨지다,제외되다",久しぶりに喜劇を見て、顎が外れるほど笑った,오래간만에 희극을[코미디를] 보고 턱이 빠질 정도로 크게 웃었다,민중서림 엣센스 일한사전,35cb7279cda548dda0f1b239506ffd5d,外れる,122,0,surface,한국어 뜻 직접 일치어 없음; 네이버 예문 ID 중복; 일본어 예문 문장 중복,https://ja.dict.naver.com/#/search?query=%E5%A4%96%E3%82%8C%E3%82%8B
w_554c28124edda631,N1,悩み,なやみ,"고민, 고뇌",悩みを相談する相手がいない,고민을 상담할 상대가 없다,민중서림 엣센스 일한사전,460438b441354e969413743c2a7db12f,悩み,97,,,네이버 예문 ID 중복; 일본어 예문 문장 중복,https://ja.dict.naver.com/#/search?query=%E6%82%A9%E3%81%BF
w_5576d68632312993,N1,あっさり,あっさり,"산뜻하게, 깔끔하게; 시원스럽게",この料理はあっさりした味がある.,이 음식은 얕은맛이 있다,민중서림 엣센스 한일사전,240b5c79a5a74f02953155819ead350e,あっさり,122,0,surface,한국어 뜻 직접 일치어 없음,https://ja.dict.naver.com/#/search?query=%E3%81%82%E3%81%A3%E3%81%95%E3%82%8A
w_55a2bff59971f4fb,N2,漢和,かんわ,한일(한자-일본어),漢和字典,한일(漢日) 자전.,민중서림 엣센스 일한사전,cc8381d94cc84778bf87c8e7d65ecf10,漢和,44,1,surface,자동 선택 점수 80 미만,https://ja.dict.naver.com/#/search?query=%E6%BC%A2%E5%92%8C
w_55a336819a78594b,N4,通り,とおり,"~ 거리, ~ 대로",風の通りが悪い.,바람이 잘 안 통하다,민중서림 엣센스 한일사전,10e40effb25b47cdbe95d40ba313748f,通り,114,0,surface,한국어 뜻 직접 일치어 없음,https://ja.dict.naver.com/#/search?query=%E9%80%9A%E3%82%8A
w_55a89ec42223f73e,N5,いい,いい,"좋음, 좋은",善い事をすればいい報いがある.,좋은 일을 하면 좋은 보답이 있다,민중서림 엣센스 한일사전,f5ca32cc8b394a5695a6204e502e6580,いい,52,,,자동 선택 점수 80 미만,https://ja.dict.naver.com/#/search?query=%E3%81%84%E3%81%84
w_55f1d315277ecafd,N2,盛る,もる,(그릇에) 담다; 쌓다,器に果物をいっぱい盛る.,그릇에 과일을 하나 가득 담다,민중서림 엣센스 한일사전,4e9f96f9b42a4c0dacd26d78180bf8cd,盛る,146,2,surface,네이버 예문 ID 중복; 일본어 예문 문장 중복,https://ja.dict.naver.com/#/search?query=%E7%9B%9B%E3%82%8B
w_565d5ed0218863fe,N2,相互,そうご,상호의,相互の理解を深める,상호 간의 이해를 깊게 하다,민중서림 엣센스 일한사전,449f606f6a0649128dce819c336273dd,相互 상호의,117,0,surface,한국어 뜻 직접 일치어 없음; 네이버 예문 ID 중복; 일본어 예문 문장 중복,https://ja.dict.naver.com/#/search?query=%E7%9B%B8%E4%BA%92
w_56671cf6f44aa64f,N1,向上,こうじょう,향상,患者のQOLを向上させる,환자의 삶의 질을 향상시키다,민중서림 엣센스 일한사전,a965640fcb4a4fad987cf5be77c64575,向上,97,,,네이버 예문 ID 중복; 일본어 예문 문장 중복,https://ja.dict.naver.com/#/search?query=%E5%90%91%E4%B8%8A
w_568660177b238b65,N3,懐かしい,なつかしい,그립다,過ぎた日が今更のように懐かしい.,지난날이 새삼 그립다,민중서림 엣센스 한일사전,9e5caa6d830e41b6bf59d9480ce10682,懐かしい 그립다,126,1,surface,네이버 예문 ID 중복; 일본어 예문 문장 중복,https://ja.dict.naver.com/#/search?query=%E6%87%90%E3%81%8B%E3%81%97%E3%81%84
w_56bc469e9f329a49,N4,叱る,しかる,꾸짖다,憤然と𠮟る。,분연히 꾸짖다.,국립국어원 한국어-일본어 학습사전,b90c5223103d4d7d86245f2d695e5c5b,叱る 꾸짖다,106,1,jmdict-form,JMdict 보조 표기로 목표어 확인,https://ja.dict.naver.com/#/search?query=%E5%8F%B1%E3%82%8B
w_56e1184dc92322c0,N1,事前に,じぜんに,사전에,普通、事前に通知がある,대개 사전에 통지가 있다,민중서림 엣센스 일한사전,7d2e41eb71704c0ebe5d3f15c9d4b793,事前に 사전에,134,1,surface,네이버 예문 ID 중복; 일본어 예문 문장 중복,https://ja.dict.naver.com/#/search?query=%E4%BA%8B%E5%89%8D%E3%81%AB
w_56e22b4b34e6b4e6,N2,浮かべる,うかべる,"뜨다, 표현하다",若き日の姿[思い出]を心に浮かべる.,젊은 날의 모습[추억]을 마음에 그리다,민중서림 엣센스 한일사전,f288d71bc7154d22809c378d725f2096,浮かべる,122,0,surface,한국어 뜻 직접 일치어 없음,https://ja.dict.naver.com/#/search?query=%E6%B5%AE%E3%81%8B%E3%81%B9%E3%82%8B
w_56f89fc8f56a94c8,N2,匂う,におう,"냄새나다, 향기롭다",この件はどうも匂うがする,이 건은 아무래도 냄새가 난다[수상하다],교학사 일한사전,06a7377adba9444882e4ecf34feda87b,匂う,115,0,surface,한국어 뜻 직접 일치어 없음,https://ja.dict.naver.com/#/search?query=%E5%8C%82%E3%81%86
w_56fcbb8f224de1b9,N2,開通,かいつう,"시작, 개방, 열림, 열다",険しい峡谷や峰峰もアルペン・ルートが開通し，だれもが気軽に散策できる,"험한 협곡이나 봉우리들도 산악 관광 코스가 개통되어, 누구나 가벼운 마음으로 산책할 수 있다.",민중서림 엣센스 외래어사전,b4cf269814804ac6909b92b3b752b9ef,開通,122,0,surface,한국어 뜻 직접 일치어 없음,https://ja.dict.naver.com/#/search?query=%E9%96%8B%E9%80%9A
w_5701ed73ffb1244a,N3,疑う,うたがう,의심하다,疑うわけではないが，ある朝ウォッチした,의심하는 것은 아니지만 어느 날 아침 살펴보았다.,민중서림 엣센스 외래어사전,d2bd129ed7b44b08809510b6af50fa93,疑う,122,0,surface,한국어 뜻 직접 일치어 없음,https://ja.dict.naver.com/#/search?query=%E7%96%91%E3%81%86
w_5715bb4d0a327e9c,N3,神,かみ,신,敬虔な態度で神に祈る.,경건한 태도로 신에게 빌다,민중서림 엣센스 한일사전,324c8c30c67d4859a979ec3cac0071c5,神 신,122,0,surface,한국어 뜻 직접 일치어 없음,https://ja.dict.naver.com/#/search?query=%E7%A5%9E
w_5736a6318020d550,N4,発音,はつおん,발음,酒と鮭は同じ発音ですがアクセントの位置が異なります。,"사케(酒,술)와 사케(鮭,연어)는 같은 발음이지만 악센트의 위치가 다릅니다.",연세대학교 한국어학당 국가별 대표음식,329efda2172b4dee9ae03ee5baa5534d,発音,102,,,네이버 예문 ID 중복; 일본어 예문 문장 중복,https://ja.dict.naver.com/#/search?query=%E7%99%BA%E9%9F%B3
w_574769853d30b36b,N1,真っ先,まっっさき,제일 먼저,真っ先に食べる,제일 먼저 먹다,민중서림 엣센스 일한사전,78beb6da058c40169d70aad30d161d90,真っ先,121,2,surface,네이버 예문 ID 중복; 일본어 예문 문장 중복,https://ja.dict.naver.com/#/search?query=%E7%9C%9F%E3%81%A3%E5%85%88
w_57e25dbd1d97ec2a,N4,是非,ぜひ,"꼭, 부디",興味のある方は是非ご覧ください,관심 있는 분은 꼭 보세요,민중서림 엣센스 일한사전,7c102db252c14f95a2267d00cf5eb17f,是非 꼭 부디,117,0,surface,한국어 뜻 직접 일치어 없음,https://ja.dict.naver.com/#/search?query=%E6%98%AF%E9%9D%9E
w_57e7566f95a2f1e7,N2,注ぐ,そそぐ,"붓다,따르다",杯になみなみ(と)酒を注ぐ[注ぐ].,잔에 술을 그득히 따르다,민중서림 엣센스 한일사전,01bbc228dce54f68bd352c74216ddf91,注ぐ,126,1,surface,네이버 예문 ID 중복; 일본어 예문 문장 중복,https://ja.dict.naver.com/#/search?query=%E6%B3%A8%E3%81%90
w_58075cd1141bf75e,N5,かど,かど,모퉁이,角を曲がれば大通りに出る.,모퉁이를 돌아들면 큰길이 나온다,민중서림 엣센스 한일사전,0172447c5656400f91cb8f3320deb1ac,かど 모퉁이,176,1,surface,네이버 예문 ID 중복; 일본어 예문 문장 중복,https://ja.dict.naver.com/#/search?query=%E3%81%8B%E3%81%A9
w_58176a063983c6e1,N2,都心,としん,도심,都心から離れ、郊外に移住する,도심에서 벗어나 교외로 이주하다,민중서림 엣센스 일한사전,43d787416cdc4650985e31ceeb373f84,都心 도심,134,1,surface,네이버 예문 ID 중복; 일본어 예문 문장 중복,https://ja.dict.naver.com/#/search?query=%E9%83%BD%E5%BF%83
w_58223d6e37dec2ed,N1,束縛,そくばく,속박,言論の自由はこれを束縛しない.,언론의 자유는 이를 속박하지 않는다,민중서림 엣센스 한일사전,9000978d0ac248d3b1bf2eb99776519d,束縛 속박,134,1,surface,네이버 예문 ID 중복; 일본어 예문 문장 중복,https://ja.dict.naver.com/#/search?query=%E6%9D%9F%E7%B8%9B
w_58320aa77025e364,N2,励む,はげむ,힘쓰다,共働き夫婦の増加などを背景に、孫育てに励む祖母が増えてきた,맞벌이 부부의 증가 등을 배경으로 손자 양육에 열심인[애쓰는] 할머니가 늘어났다,민중서림 엣센스 일한사전,095a56e2cf694cdabed56455ad5a9711,励む,122,0,surface,한국어 뜻 직접 일치어 없음; 네이버 예문 ID 중복; 일본어 예문 문장 중복,https://ja.dict.naver.com/#/search?query=%E5%8A%B1%E3%82%80
w_586fd739ed45378a,N2,湯気,ゆげ,"김, 수증기",窓ガラスが湯気で曇っている.,유리창에 김이 서려 있다,민중서림 엣센스 한일사전,9eada6d0650148c9bb07fd5507d1d8be,湯気 김 수증기,122,0,surface,한국어 뜻 직접 일치어 없음,https://ja.dict.naver.com/#/search?query=%E6%B9%AF%E6%B0%97
w_5877b188cb058939,N5,千円,せんえん,1000엔,千円に値する,천 엔에 상당하다; 천 엔의 가치가 있다,민중서림 엣센스 일한사전,c5ad87f64adc43d785554b3f88dfd237,千円 1000엔,117,0,surface,한국어 뜻 직접 일치어 없음,https://ja.dict.naver.com/#/search?query=%E5%8D%83%E5%86%86
w_587d525e8f77f2d2,N3,得意,とくい,"잘함, 자신 있음",あなたの持つ才能を使いなさい。もし歌の得意な鳥だけしか歌わないとしたら、森は静まり返ってしまうだろう。 (ヘンリ ヴァン・ダイク),"가지고 있는 어떤 재주든 사용하라. 노래를 가장 잘하는 새들만 지저귀면 숲은 너무도 적막할 것이다. (헨리 반 다이크, 자신감명언)",명언/속담,00de11cab822451c926956ea41f42976,得意 잘함 자신 있음,124,1,surface,우선 검수 출처; 네이버 예문 ID 중복; 일본어 예문 문장 중복,https://ja.dict.naver.com/#/search?query=%E5%BE%97%E6%84%8F
w_5884632f18401631,N1,砂糖,さとう,설탕,砂糖の分量が多すぎる.,설탕의 분량이 너무 많다,민중서림 엣센스 한일사전,99972eefc72b4e6d8e689592e2b7842b,砂糖,102,,,네이버 예문 ID 중복; 일본어 예문 문장 중복,https://ja.dict.naver.com/#/search?query=%E7%A0%82%E7%B3%96
w_58bf419c971e3a94,N2,幼稚,ようち,"유치함, 미숙함",幼稚な論争をしている,유치한 논쟁을 하고 있다,민중서림 엣센스 일한사전,05703fd9ca9346de8fb0aece5d0fbb54,幼稚 유치함 미숙함,117,0,surface,한국어 뜻 직접 일치어 없음; 네이버 예문 ID 중복; 일본어 예문 문장 중복,https://ja.dict.naver.com/#/search?query=%E5%B9%BC%E7%A8%9A
w_58e7dc3697f3b7ef,N1,へりくだる,へりくだる,겸손하게 굴다,謙ることで円滑なコミュニケーションを図る,자기를 낮춤으로 원활한 커뮤니케이션을 도모하다,민중서림 엣센스 일한사전,8f567984a2574c299e2e0815110f79eb,へりくだる,159,0,surface,한국어 뜻 직접 일치어 없음,https://ja.dict.naver.com/#/search?query=%E3%81%B8%E3%82%8A%E3%81%8F%E3%81%A0%E3%82%8B
w_5907660844c2b516,N3,汚す,よごす,더럽히다,親の名を汚·(けが)す.,부모 이름을 더럽히다,민중서림 엣센스 한일사전,f6bda23604e440909e5b6ae15bce1cee,汚す 더럽히다,64,1,stem,활용 어간으로만 목표어 확인; 자동 선택 점수 80 미만,https://ja.dict.naver.com/#/search?query=%E6%B1%9A%E3%81%99
w_590d55e05e5f7b6c,N2,躓く,つまずく,발이 걸려 넘어지다,つまずいて転がる,발이 걸려 넘어지다,민중서림 엣센스 일한사전,ef69e05cbeea4f438423b420477526c6,躓く 발이 걸려 넘어지다,91,3,stem,활용 어간으로만 목표어 확인,https://ja.dict.naver.com/#/search?query=%E8%BA%93%E3%81%8F
w_59a3b2aab617c972,N2,兼ねる,かねる,"겸하다, 겸임하다",首相が外相を兼ねる,수상이 외상[외무 장관]을 겸하다,민중서림 엣센스 일한사전,e72ce12a6c8340b0886eb13e0baccf18,兼ねる,129,1,surface,네이버 예문 ID 중복; 일본어 예문 문장 중복,https://ja.dict.naver.com/#/search?query=%E5%85%BC%E3%81%AD%E3%82%8B
w_59e6ccaef4f27f08,N3,たまる,たまる,쌓이다,ベランダに埃が溜まる,베란다에 먼지가 쌓이다,민중서림 엣센스 일한사전,798a862976de47978b34c3628f7873a2,たまる 쌓이다,171,1,surface,네이버 예문 ID 중복; 일본어 예문 문장 중복,https://ja.dict.naver.com/#/search?query=%E3%81%9F%E3%81%BE%E3%82%8B
w_5a4260a855090d55,N2,係わる,かかわる,"관련되다, 관여하다",命に係わることだ,목숨에 관계되는 일이다,민중서림 엣센스 일한사전,30125d94958f4ce0a3a0938a94a881ca,係わる,117,0,surface,한국어 뜻 직접 일치어 없음,https://ja.dict.naver.com/#/search?query=%E4%BF%82%E3%82%8F%E3%82%8B
w_5a44a3609e05efcb,N3,表示,ひょうじ,표시,オンマウスで下線が表示される,온 마우스로 밑줄이 표시되다,민중서림 엣센스 일한사전,332f7db3a9404ea9b90bdc47c940def8,表示 표시,129,1,surface,네이버 예문 ID 중복; 일본어 예문 문장 중복,https://ja.dict.naver.com/#/search?query=%E8%A1%A8%E7%A4%BA
w_5a7bd88c0a5719a2,N2,苦心,くしん,"고심, 애씀",苦心の程が分かる,고심한 정도를 알 수 있다.,민중서림 엣센스 일한사전,d2301dcff8964f59896aa0281bbad8a0,苦心 고심 애씀,129,1,surface,네이버 예문 ID 중복; 일본어 예문 문장 중복,https://ja.dict.naver.com/#/search?query=%E8%8B%A6%E5%BF%83
w_5ab0f0941a04c315,N1,紛糾する,ふんきゅうする,"분규하다, 분규를 겪다",相続問題で紛糾する,상속 문제로 분규가 나다.,민중서림 엣센스 일한사전,1d417cae14c14c45b5e310983d5a1c8a,紛糾する 분규하다 분규를 겪다,62,0,surface,한국어 뜻 직접 일치어 없음; 자동 선택 점수 80 미만,https://ja.dict.naver.com/#/search?query=%E7%B4%9B%E7%B3%BE%E3%81%99%E3%82%8B
w_5ab85d7ac7d33bf8,N2,格別,かくべつ,"각별함, 특별함",サックスもクラリネットも吹くが，「静かで心にしみる独特の音色」を持つバスーンへの愛着は格別だ,"색소폰도 클라리넷도 불지만, ‘조용하고 마음에 스미는 독특한 음색’을 지닌 바순에 대한 애착은 각별하다.",민중서림 엣센스 외래어사전,108118abb27e4ff0803d1754b0375ca3,格別 각별함 특별함,122,0,surface,한국어 뜻 직접 일치어 없음; 네이버 예문 ID 중복; 일본어 예문 문장 중복,https://ja.dict.naver.com/#/search?query=%E6%A0%BC%E5%88%A5
w_5ac97f7fa08e9044,N3,汗,あせ,땀,アポクリン腺性の汗は特ににおう汗である,아포크린샘성의 땀은 특히 냄새가 나는 땀이다.,민중서림 엣센스 외래어사전,068525f20f704c05ad29e82a5380ef08,汗 땀,117,0,surface,한국어 뜻 직접 일치어 없음,https://ja.dict.naver.com/#/search?query=%E6%B1%97
w_5bba410a9f58c9b9,N1,所得,しょとく,수입,ロ：わあ！不労所得の収入が私の月給よりも多いね。,나: 와! 불로 소득 수입이 내 월급보다도 많네.,국립국어원 한국어-일본어 학습사전,3915a10b52e545969286aa4d451030f3,所得 수입,66,1,surface,자동 선택 점수 80 미만,https://ja.dict.naver.com/#/search?query=%E6%89%80%E5%BE%97
w_5bcdc979b7ed1e3d,N2,オイル,オイル,기름,油の拡散を防ぐため、オイルフェンスを張る,기름 확산을 막기 위해 오일펜스를 치다,민중서림 엣센스 일한사전,df872881f17641da9a476eebd326ae78,オイル 기름,134,1,surface,네이버 예문 ID 중복; 일본어 예문 문장 중복,https://ja.dict.naver.com/#/search?query=%E3%82%AA%E3%82%A4%E3%83%AB
w_5bfd7d5f0bb9e5f0,N1,絶賛する,ぜっさんする,"절찬하다, 극구 칭찬하다",美貌を絶賛する。,미모를 극찬하다.,국립국어원 한국어-일본어 학습사전,647ee0e6937c47c9ae201794a1adb7f9,絶賛する,102,0,surface,한국어 뜻 직접 일치어 없음,https://ja.dict.naver.com/#/search?query=%E7%B5%B6%E8%B3%9B%E3%81%99%E3%82%8B
w_5c01d31526099a31,N3,元,もと,"근원; 이전, 전(前)",彼は元フォワードだけあり、ゴール前の駆け引きが素晴らしかったため、ゴラッソである。,"그는 전 포워드인 만큼 골 앞의 밀고 당김이 뛰어났기에, 멋진 골이다.",플리토,1e78420544fc4124adf4982bb9e2f3fc,元 근원 이전 전 前,142,0,surface,한국어 뜻 직접 일치어 없음; 우선 검수 출처,https://ja.dict.naver.com/#/search?query=%E5%85%83
w_5c1d499778fd1d88,N4,真面目,まじめ,"진지함, 성실함",彼は真面目だが融通性がない,그는 성실하지만 융통성이 없다.,민중서림 엣센스 일한사전,cac0778486964a6f97d02f71187720b5,真面目 진지함 성실함,109,0,surface,한국어 뜻 직접 일치어 없음,https://ja.dict.naver.com/#/search?query=%E7%9C%9F%E9%9D%A2%E7%9B%AE
w_5c2a64f1bb1fb091,N2,費やす,ついやす,다소비하다,時間を費やすだけ損だ,시간을 허비한 만큼 손해다,민중서림 엣센스 일한사전,a29174650d8445438036f4d81ef155b1,費やす,117,0,surface,한국어 뜻 직접 일치어 없음,https://ja.dict.naver.com/#/search?query=%E8%B2%BB%E3%82%84%E3%81%99
w_5c2a9218aaab8bf9,N5,七時,しちじ,7시,七時に起きるのが決まりだ,7시에 일어나는 것이 습관이다,교학사 일한사전,2ad9dc7969b8470e939698c3b574d37c,七時 7시,95,0,surface,한국어 뜻 직접 일치어 없음,https://ja.dict.naver.com/#/search?query=%E4%B8%83%E6%99%82
w_5c74df304f5bb6ef,N3,夜,よ,밤,幾夜も眠れぬ夜が続いた,며칠 밤이나 잠 못 이루는 밤이 이어졌다.,민중서림 엣센스 일한사전,3702b44043c1419ab03c7a3ea2d6b79a,夜 밤,117,0,surface,한국어 뜻 직접 일치어 없음; 네이버 예문 ID 중복; 일본어 예문 문장 중복,https://ja.dict.naver.com/#/search?query=%E5%A4%9C
w_5cb12a6a437a0e71,N4,植える,うえる,심다,道の両側に木を植える.,길 양측에 나무를 심다,민중서림 엣센스 한일사전,542446992fc740e5bfea561b5cb51a51,植える 심다,134,1,surface,네이버 예문 ID 중복; 일본어 예문 문장 중복,https://ja.dict.naver.com/#/search?query=%E6%A4%8D%E3%81%88%E3%82%8B
w_5cbd6299fc2c4e15,N1,土台,どだい,토대,失敗の経験を土台とする.,실패한 경험을 디딤돌로 삼다,민중서림 엣센스 한일사전,122a4d05b85544f58f08c7504e29552e,土台,102,,,네이버 예문 ID 중복; 일본어 예문 문장 중복,https://ja.dict.naver.com/#/search?query=%E5%9C%9F%E5%8F%B0
w_5cec55130734fb81,N1,手間,てま,수고,弊社の団子は、手間を惜しまず昔からの製法を守って製造しております,저희 회사 경단은 수고를 마다하지 않고 전통적인 제조법을 고수해 만들고 있습니다,민중서림 엣센스 일한사전,f1401279db7d4104af0e29a4154e44e5,手間 수고,134,1,surface,네이버 예문 ID 중복; 일본어 예문 문장 중복,https://ja.dict.naver.com/#/search?query=%E6%89%8B%E9%96%93
w_5cf734b47abe9f6a,N1,安堵,あんど,"안도,안심",友人の無事に安堵する,친구의 무사함에 안도하다,민중서림 엣센스 일한사전,f2da7b4755d24c4683f8a9c8f4fccb60,安堵 안도 안심,129,1,surface,네이버 예문 ID 중복; 일본어 예문 문장 중복,https://ja.dict.naver.com/#/search?query=%E5%AE%89%E5%A0%B5
w_5d0330f11dd14ee9,N1,無駄にする,むだにする,낭비하다,貴重な時間を無駄にする,귀중한 시간을 헛되이 쓰다[낭비하다],민중서림 엣센스 일한사전,01d01d7fc3e54c5ea691d1168cd907cf,無駄にする 낭비하다,129,1,surface,네이버 예문 ID 중복; 일본어 예문 문장 중복,https://ja.dict.naver.com/#/search?query=%E7%84%A1%E9%A7%84%E3%81%AB%E3%81%99%E3%82%8B
w_5d1e65f806f17484,N1,かみ合う,かみあう,"(내용, 의견, 생각 등이)맞다",パスを出す相手との呼吸がぴったりかみ合うと、気持ちがいいです。,패스한 상대와의 호흡이 딱 맞아떨어지면 기분이 좋습니다.,플리토,e216885c4c654467b291f991aa0f8a21,かみ合う,100,0,surface,한국어 뜻 직접 일치어 없음; 우선 검수 출처,https://ja.dict.naver.com/#/search?query=%E3%81%8B%E3%81%BF%E5%90%88%E3%81%86
w_5d5651c7cda77899,N1,源,みなもと,"근원, 원천",私達が経験できる最も美しいものは 神秘である。 それはすべての真の芸術と科学の源である。(アルベルト・アインシュタイン),"우리가 경험할 수 있는 가장 아름다운 것은 신비함이다. 신비함은 모든 진실한 예술과 과학의 근원이다. (알버트 아인슈타인, 경험명언)",명언/속담,263ec09cb0764dd593a3e4f03e032e33,源 근원 원천,124,1,surface,우선 검수 출처,https://ja.dict.naver.com/#/search?query=%E6%BA%90
w_5d7a9d090c61dd89,N1,人民,じんみん,인민,重なる失政により人民は塗炭の苦しみに陥った.,거듭된 실정으로 인민은 도탄에 빠졌다,민중서림 엣센스 한일사전,d20d519919af4adea6416af89086d78f,人民 인민,134,1,surface,네이버 예문 ID 중복; 일본어 예문 문장 중복,https://ja.dict.naver.com/#/search?query=%E4%BA%BA%E6%B0%91
w_5dbb6ffd4db86074,N1,大げさ,おおげさ,"과장, 호들갑",あの人の話はちょっと大げさだ,저 사람의 말은 좀 과장되어 있다,민중서림 엣센스 일한사전,6fef7906860546a9be234f328a8bdfe5,大げさ,129,1,surface,네이버 예문 ID 중복; 일본어 예문 문장 중복,https://ja.dict.naver.com/#/search?query=%E5%A4%A7%E3%81%92%E3%81%95
w_5dcb43ede1c974c9,N1,擦れる,すれる,"문지르다, 쓸리다",肩と肩が擦れる,어깨와 어깨가 스치다,민중서림 엣센스 일한사전,03d7c590c09240888cf4b8b5805dc744,擦れる,117,0,surface,한국어 뜻 직접 일치어 없음,https://ja.dict.naver.com/#/search?query=%E6%93%A6%E3%82%8C%E3%82%8B
w_5dd2f4e161a8911c,N2,塩辛い,しおからい,짠(맛),"おかずが水くさい[塩辛い, まずい]","반찬이 싱겁다[짜다, 맛이 없다]",민중서림 엣센스 한일사전,301a55d330724cedaa67c2e8cb48d2d3,塩辛い 짠 맛,114,0,surface,한국어 뜻 직접 일치어 없음,https://ja.dict.naver.com/#/search?query=%E5%A1%A9%E8%BE%9B%E3%81%84
w_5e0fcab3f0d081a2,N2,書籍,しょせき,"서적, 책",書籍の一部を抜粋して引用する,서적의 일부를 발췌하여 인용하다,민중서림 엣센스 일한사전,f0a3683b32c842bfb4f21e5d8a078c29,書籍 서적 책,129,1,surface,네이버 예문 ID 중복; 일본어 예문 문장 중복,https://ja.dict.naver.com/#/search?query=%E6%9B%B8%E7%B1%8D
w_5e5058232b1bd8cc,N1,照り返す,てりかえす,"반사하다, 되비치다",夏日を照り返すアスファルトの道,여름 햇빛을 반사하는 아스팔트 길,교학사 일한사전,a4fe7d9915ca4fd9b5ed9030f138f96d,照り返す,107,0,surface,한국어 뜻 직접 일치어 없음,https://ja.dict.naver.com/#/search?query=%E7%85%A7%E3%82%8A%E8%BF%94%E3%81%99
w_5ed6c4ba3aaf50f2,N3,飽きる,あきる,"질리다,싫증나다",長話に飽きる,장황한 이야기에 질리다,민중서림 엣센스 일한사전,57926ab82ccc4197af476fc613ae39dd,飽きる,129,1,surface,네이버 예문 ID 중복; 일본어 예문 문장 중복,https://ja.dict.naver.com/#/search?query=%E9%A3%BD%E3%81%8D%E3%82%8B
w_5f27597e3aad6fd9,N3,舌,した,혀,キムチが辛すぎて舌がひりひりする.,김치가 너무 매워서 혀가 아리다,민중서림 엣센스 한일사전,bb182f97421b482d94ef49cee67cf324,舌 혀,122,0,surface,한국어 뜻 직접 일치어 없음,https://ja.dict.naver.com/#/search?query=%E8%88%8C
w_5f2f5825e2a1cc04,N2,耕す,たがやす,"갈다, 경작하다",古くから「生命の木」と呼ばれたオリーブの下を耕すと多くの実がなることを知り，おそらく人間はその知恵をカルチャーと呼んだのだ,오래전부터 ‘생명의 나무’라고 불린 올리브 밑을 갈면 많은 열매가 열리는 것을 알고 아마도 인간은 그 지혜를 컬처라고 부른 것이다.,민중서림 엣센스 외래어사전,ecae04fb68514e5987b6286bdb0bad83,耕す,122,0,surface,한국어 뜻 직접 일치어 없음,https://ja.dict.naver.com/#/search?query=%E8%80%95%E3%81%99
w_5f6fbfd5ac4919e5,N2,尖る,とがる,"뾰족해지다, 날카로워지다",あの人はこの頃すぐ尖る,저 사람은 요즘 툭하면 화를 낸다,민중서림 엣센스 일한사전,1fbf75b34df14c9e8c090bb50b6c8dfd,尖る,117,0,surface,한국어 뜻 직접 일치어 없음,https://ja.dict.naver.com/#/search?query=%E5%B0%96%E3%82%8B
w_5f96659e4595eaf7,N1,見失う,みうしなう,시야에서놓치다,現象に捉われて本質を見失う,현상에 사로잡혀 본질을 바로 보지 못하다,민중서림 엣센스 일한사전,b9b70a56f09b4ebcaf3930bff4e1bd9e,見失う,109,0,surface,한국어 뜻 직접 일치어 없음,https://ja.dict.naver.com/#/search?query=%E8%A6%8B%E5%A4%B1%E3%81%86
w_5faf4ca0caa19395,N2,物凄い,ものすごい,"엄청나다, 무시무시하다",がちゃんことんと物のこわれる音が物凄い.,오지끈하고 물건 부서지는 소리가 요란하다,민중서림 엣센스 한일사전,e127747dcaa0421c9de423b1bbc6e603,物凄い,114,0,surface,한국어 뜻 직접 일치어 없음,https://ja.dict.naver.com/#/search?query=%E7%89%A9%E5%87%84%E3%81%84
w_5fef87c18620fa3e,N3,次第に,しだいに,"점점,서서히",二人の仲が次第にへだたる.,두 사람 사이가 점차 멀어지다,민중서림 엣센스 한일사전,bc614a5315b84448850969d14c5b6025,次第に,122,0,surface,한국어 뜻 직접 일치어 없음,https://ja.dict.naver.com/#/search?query=%E6%AC%A1%E7%AC%AC%E3%81%AB
w_60863c261b92a307,N1,満月,まんげつ,보름달,満月がひときわ大きく見えるエクストリームスーパームーンが各地で観測された,보름달이 유달리 크게 보이는 익스트림 슈퍼문이 각지에서 관측되었다,민중서림 엣센스 일한사전,fb9aa06a2523472cac896e94dc0d0895,満月 보름달,129,1,surface,네이버 예문 ID 중복; 일본어 예문 문장 중복,https://ja.dict.naver.com/#/search?query=%E6%BA%80%E6%9C%88
w_60b16783522d51c6,N5,やさい,やさい,야채,野菜を取り合わせて作る,야채를 이것저것 섞어 만들다,민중서림 엣센스 한일사전,9598fd647753437aa53d33141cae2a63,やさい 야채,171,1,surface,네이버 예문 ID 중복; 일본어 예문 문장 중복,https://ja.dict.naver.com/#/search?query=%E3%82%84%E3%81%95%E3%81%84
w_60f0df77a7c73dbf,N1,無効,むこう,무효,その契約はもう無効だ.,그 계약은 이제 무효다,민중서림 엣센스 한일사전,bfee65c74bb04650a83d5aa340e3b79e,無効 무효,134,1,surface,네이버 예문 ID 중복; 일본어 예문 문장 중복,https://ja.dict.naver.com/#/search?query=%E7%84%A1%E5%8A%B9
w_60f6e19fe71ab31c,N3,重要,じゅうよう,"중요한, 필수적인",重要な箇所が脱漏していた.,중요한 대목이 빠져 있었다,민중서림 엣센스 한일사전,1a488f65b23f401c9159f1944f358f71,重要 중요한 필수적인,134,1,surface,네이버 예문 ID 중복; 일본어 예문 문장 중복,https://ja.dict.naver.com/#/search?query=%E9%87%8D%E8%A6%81
w_61071e3b17554ef2,N4,知る,しる,알다,敵を知り己を知る.,적을 알고 나를 알다,민중서림 엣센스 한일사전,e690e3265bdc4aeb9a69aa650d27ad18,知る 알다,134,1,surface,네이버 예문 ID 중복; 일본어 예문 문장 중복,https://ja.dict.naver.com/#/search?query=%E7%9F%A5%E3%82%8B
w_612c56c89cfd6492,N2,湿る,しめる,"축축해지다,습기차다",夜露に衣服が湿る.,밤이슬에 옷이 누기 치다,민중서림 엣센스 한일사전,dc9cc3be193e4800a14be6a2840e4c84,湿る,122,0,surface,한국어 뜻 직접 일치어 없음,https://ja.dict.naver.com/#/search?query=%E6%B9%BF%E3%82%8B
w_613ea62518d530c6,N1,見かける,みかける,발견하다,ミンジュンは、廊下でジスを見かけると、いきなり反対方向に走っていった。,민준이는 복도에서 지수를 발견하자 갑자기 반대 방향으로 뛰어갔다.,국립국어원 한국어-일본어 학습사전,8b52aa8049134f4cb08af390aaaeb00e,見かける 발견하다,62,0,surface,한국어 뜻 직접 일치어 없음; 자동 선택 점수 80 미만,https://ja.dict.naver.com/#/search?query=%E8%A6%8B%E3%81%8B%E3%81%91%E3%82%8B
w_614aea474acbe0ad,N2,保健,ほけん,보건,住民の保健に力を入れる.,주민의 보건에 역점을 두다,민중서림 엣센스 한일사전,fa5f3a65b0704066949887741334aacd,保健 보건,134,1,surface,네이버 예문 ID 중복; 일본어 예문 문장 중복,https://ja.dict.naver.com/#/search?query=%E4%BF%9D%E5%81%A5
w_6150d13214b175ad,N4,下りる,おりる,"내려가다, 내리다",夜の帳が下りる,밤의 장막이 내리다; 날이 어두워지다,민중서림 엣센스 일한사전,4d255c5fdbb04602ae0c57ed674c4c8d,下りる,129,1,surface,네이버 예문 ID 중복; 일본어 예문 문장 중복,https://ja.dict.naver.com/#/search?query=%E4%B8%8B%E3%82%8A%E3%82%8B
w_615da3adb56a4017,N3,解ける,とける,"(문제가)풀리다,해결되다",共時的な観点だけでは解けない問題は、通時的研究の助けを得て解決される場合が多い。,공시적 관점만으로 풀리지 않는 문제는 통시적 연구의 도움을 받아 해결되는 경우가 많다.,국립국어원 한국어-일본어 학습사전,164be92b4bbb4919a3013b18b02a3154,解ける 문제가 풀리다 해결되다,12,0,stem,한국어 뜻 직접 일치어 없음; 활용 어간으로만 목표어 확인; 자동 선택 점수 80 미만,https://ja.dict.naver.com/#/search?query=%E8%A7%A3%E3%81%91%E3%82%8B
w_6181db3864e0eda8,N5,書く,かく,"쓰다, 적다",手紙を書く暇もない.,편지(를) 쓸 사이도 없다,민중서림 엣센스 한일사전,75e524ff773a4ca3b27e8ad801dac523,書く,102,,,네이버 예문 ID 중복; 일본어 예문 문장 중복,https://ja.dict.naver.com/#/search?query=%E6%9B%B8%E3%81%8F
w_61a4f08497dfdf71,N3,組織,そしき,조직,"権威がなければ,組織の秩序は崩れる.",권위가 없으면 조직의 질서는 무너진다,민중서림 엣센스 한일사전,5bb1c13fecf44bd4a76d29fe7860563b,組織 조직,134,1,surface,네이버 예문 ID 중복; 일본어 예문 문장 중복,https://ja.dict.naver.com/#/search?query=%E7%B5%84%E7%B9%94
w_61db47cf355caff0,N2,勇ましい,いさましい,"용감하다, 씩씩하다",状況を顧慮しない勇ましい発言,상황을 고려하지 않은 대담한 발언,민중서림 엣센스 일한사전,40ab1e913c3c441c98f32e5b134a4288,勇ましい,109,0,surface,한국어 뜻 직접 일치어 없음,https://ja.dict.naver.com/#/search?query=%E5%8B%87%E3%81%BE%E3%81%97%E3%81%84
w_61de5aabc302e1e5,N3,どなる,どなる,호통치다,人前で怒鳴る,다른 사람들 앞에서 호통치다,민중서림 엣센스 일한사전,ca28a543744f4ce7bbdba74a3a3e54af,どなる 호통치다,156,1,surface,네이버 예문 ID 중복; 일본어 예문 문장 중복,https://ja.dict.naver.com/#/search?query=%E3%81%A9%E3%81%AA%E3%82%8B
w_626f64111904cbe0,N2,全般,ぜんぱん,"전체, 일반적인",ロ：はい、全般的な内容が私の主張と一脈相通じるようでした。,나: 네. 전체적인 내용이 저의 주장과 맥을 같이하는 것 같았습니다.,국립국어원 한국어-일본어 학습사전,bd81590ca797408aa9eb9edc3de47e66,全般 전체 일반적인,74,1,surface,자동 선택 점수 80 미만,https://ja.dict.naver.com/#/search?query=%E5%85%A8%E8%88%AC
w_62b7fa87a7b8ce89,N1,内心,ないしん,"속마음, 내심",内心の驚きをかくせない.,내심 놀라움을 감추지 못하다,민중서림 엣센스 한일사전,9d0a42fa4f0e4968a648f2a7bfab6f02,内心,102,,,네이버 예문 ID 중복; 일본어 예문 문장 중복,https://ja.dict.naver.com/#/search?query=%E5%86%85%E5%BF%83
w_6313f9284b018464,N5,いちだい,いちだい,한 대(자전거),学生である私は車どころか、自転車一台を買うお金もない。,학생인 나는 자동차커녕 자전거 한 대 살 돈도 없다.,국립국어원 한국어-일본어 학습사전,2e4d6204eb054b4f98b0f7c0e06e666c,いちだい 한 대 자전거,66,1,jmdict-form,JMdict 보조 표기로 목표어 확인; 자동 선택 점수 80 미만,https://ja.dict.naver.com/#/search?query=%E3%81%84%E3%81%A1%E3%81%A0%E3%81%84
w_634085b8ca61db50,N2,不潔,ふけつ,불결함,便所の不潔なこと話にならない.,변소의 불결하기란 말이 아니다,민중서림 엣센스 한일사전,9b4f90a3e96f4612b3d3a3c6e5ba6967,不潔 불결함,122,0,surface,한국어 뜻 직접 일치어 없음,https://ja.dict.naver.com/#/search?query=%E4%B8%8D%E6%BD%94
w_6367079e41ada72a,N3,全,ぜん,"전부, 전체",このファイナルは、全20発の本射で行われる。,이 결승전은 전체 20발의 본사로 이루어진다.,플리토,18d79852897543e6a7fab55d67270ff0,全 전부 전체,112,1,surface,우선 검수 출처,https://ja.dict.naver.com/#/search?query=%E5%85%A8
w_63fc3539396e6a0b,N1,はかどる,はかどる,진척되다,仕事がすいすい捗る,일이 착착 진척되다,민중서림 엣센스 일한사전,595f4b98aaac4d23997d05e93af19bdf,はかどる 진척되다,171,1,surface,네이버 예문 ID 중복; 일본어 예문 문장 중복,https://ja.dict.naver.com/#/search?query=%E3%81%AF%E3%81%8B%E3%81%A9%E3%82%8B
w_641852edd60b94a9,N1,ゆっくりする,ゆっくりする,"편하게 쉬다, 느긋이 시간을 보내다",ロ：あなたは運転をすごくゆっくりするじゃない。,나: 당신은 운전을 너무 느리게 하잖아.,국립국어원 한국어-일본어 학습사전,15662055688b402b8a3230115de8cfef,ゆっくりする,122,0,surface,한국어 뜻 직접 일치어 없음,https://ja.dict.naver.com/#/search?query=%E3%82%86%E3%81%A3%E3%81%8F%E3%82%8A%E3%81%99%E3%82%8B
w_647a2930ace90822,N3,琴,こと,고토(일본 현악기),死亡率[琴の音]が低まる,사망률이[거문고 소리가] 낮아지다.,민중서림 엣센스 일한사전,ee249ae120334300a68c2f34e22650a2,琴,117,0,surface,한국어 뜻 직접 일치어 없음,https://ja.dict.naver.com/#/search?query=%E7%90%B4
w_648739b0fd54b279,N2,四捨五入,ししゃごにゅう,반올림,小数点以下は四捨五入する.,소수점 이하는 반올림한다,민중서림 엣센스 한일사전,7f22b66f063547c2966f8eaa9bfe41d2,四捨五入 반올림,79,1,surface,자동 선택 점수 80 미만; 네이버 예문 ID 중복; 일본어 예문 문장 중복,https://ja.dict.naver.com/#/search?query=%E5%9B%9B%E6%8D%A8%E4%BA%94%E5%85%A5
w_64a2ae484d6a4fa0,N1,共働き,ともばたらき,맞벌이,共働き夫婦の増加などを背景に、孫育てに励む祖母が増えてきた,맞벌이 부부의 증가 등을 배경으로 손자 양육에 열심인[애쓰는] 할머니가 늘어났다,민중서림 엣센스 일한사전,095a56e2cf694cdabed56455ad5a9711,共働き,102,,,네이버 예문 ID 중복; 일본어 예문 문장 중복,https://ja.dict.naver.com/#/search?query=%E5%85%B1%E5%83%8D%E3%81%8D
w_64b66d55227bd248,N2,ストップ,ストップ,"스톱, 정지",球の勢いを吸収してネット際に落とすのがストップだ。,공의 기세를 흡수하여 네트 쪽에 떨어뜨리는 것이 스톱이다.,플리토,8a3b94ea4eca4e5fb58b8b4e25ff5147,ストップ 스톱 정지,132,1,surface,우선 검수 출처,https://ja.dict.naver.com/#/search?query=%E3%82%B9%E3%83%88%E3%83%83%E3%83%97
w_64d64dc24b94b658,N2,餅,もち,떡,餅を山と盛ってくる.,떡을 덜퍽지게 담아 오다,민중서림 엣센스 한일사전,58ffe7f8b8d2480fb83b66f45795cc3d,餅 떡,122,0,surface,한국어 뜻 직접 일치어 없음,https://ja.dict.naver.com/#/search?query=%E9%A4%85
w_64dfcc4f12aada1c,N1,要因,よういん,"주요 요인, 원인",主要要因。,주요 요인.,국립국어원 한국어-일본어 학습사전,efc0dee896a440b89618e84a2a8c5826,要因 주요 요인 원인,41,2,surface,자동 선택 점수 80 미만,https://ja.dict.naver.com/#/search?query=%E8%A6%81%E5%9B%A0
w_64fa0ac432642c0c,N2,要旨,ようし,"요지, 핵심",文章の要旨が全く把握できなかった.,문장의 요지를 전혀 파악할 수 없었다,민중서림 엣센스 한일사전,c9cb7f2d844144cf9407c2dcb1309b33,要旨 요지 핵심,134,1,surface,네이버 예문 ID 중복; 일본어 예문 문장 중복,https://ja.dict.naver.com/#/search?query=%E8%A6%81%E6%97%A8
w_64fa0e7b2bfbed44,N4,安全,あんぜん,안전함,安全な受け入れ態勢を構築する,안전한 수용 태세를 구축하다,민중서림 엣센스 일한사전,d67938964d204905bc86827250f7fced,安全 안전함,117,0,surface,한국어 뜻 직접 일치어 없음; 네이버 예문 ID 중복; 일본어 예문 문장 중복,https://ja.dict.naver.com/#/search?query=%E5%AE%89%E5%85%A8
w_64fd84869465d0ba,N1,ホール,ホール,"홀, 회관, 구멍",世界の著名な楽団はほとんど自分たちの専用ホール持ち，その独特の響きはホールによって作りあげられる,"세계의 저명한 악단은 거의 자신들의 전용 홀을 가지며, 그 독특한 음향은 홀에 의하여 만들어진다.",민중서림 엣센스 외래어사전,bc11de89cc64476e89861da21e3964d1,ホール,122,0,surface,한국어 뜻 직접 일치어 없음; 네이버 예문 ID 중복; 일본어 예문 문장 중복,https://ja.dict.naver.com/#/search?query=%E3%83%9B%E3%83%BC%E3%83%AB
w_64fe9e4fa932a88e,N1,実費,じっぴ,실비(실제비용),総務部では出張費用を実費として支給した。,총무과에서는 출장 비용을 실비로 지급했다.,국립국어원 한국어-일본어 학습사전,79c8673036d04dee806451485cfda5c6,実費 실비 실제비용,74,1,surface,자동 선택 점수 80 미만,https://ja.dict.naver.com/#/search?query=%E5%AE%9F%E8%B2%BB
w_65973e3dcc47994c,N2,耐える,たえる,"참다,인내하다",窮乏に耐える.,궁핍을 참고 견디다,민중서림 엣센스 한일사전,88736d49f6d448c689a1c3796b365ff1,耐える,122,0,surface,한국어 뜻 직접 일치어 없음,https://ja.dict.naver.com/#/search?query=%E8%80%90%E3%81%88%E3%82%8B
w_65ac73e021bc97c0,N3,縮小,しゅくしょう,축소,原物を縮小して模型を作る.,원형을 축소해서 모형을 만들다,민중서림 엣센스 한일사전,e3e5ac8c961047199448e59b514ea35f,縮小 축소,134,1,surface,네이버 예문 ID 중복; 일본어 예문 문장 중복,https://ja.dict.naver.com/#/search?query=%E7%B8%AE%E5%B0%8F
w_65b3a10861c208c1,N3,陽気,ようき,"명랑함, 쾌활함",わが家は親と言い子と言い、みな陽気だ,우리 집은 부모건 아이건 모두 쾌활하다,교학사 일한사전,afafc8879fd14793b1c23ad7f8ce7066,陽気 명랑함 쾌활함,120,0,surface,한국어 뜻 직접 일치어 없음,https://ja.dict.naver.com/#/search?query=%E9%99%BD%E6%B0%97
w_65ce4b6319520a16,N2,長短,ちょうたん,"길이, 긴 짧은",長短を測る.,장단을 재다,민중서림 엣센스 한일사전,b574329937294008b20f1e7c1ba0fda5,長短,122,0,surface,한국어 뜻 직접 일치어 없음,https://ja.dict.naver.com/#/search?query=%E9%95%B7%E7%9F%AD
w_65ff00fa44851c46,N4,成功,せいこう,성공,実現[成功]は望み薄だ; 実現する[成功の]見込みはまずない.,실현될[성공할] 가망은 거의 없다,민중서림 엣센스 한일사전,746412ef35bf4e31bc7120207c03d50a,成功 성공,134,1,surface,네이버 예문 ID 중복; 일본어 예문 문장 중복,https://ja.dict.naver.com/#/search?query=%E6%88%90%E5%8A%9F
w_6606405d7c4cf526,N3,量,りょう,양,凄まじい量の資料を読んだ,엄청난 양의 자료를 읽었다,민중서림 엣센스 일한사전,eed0766672ee4c9e82fc36d0cd65c971,量 양,159,0,surface,한국어 뜻 직접 일치어 없음,https://ja.dict.naver.com/#/search?query=%E9%87%8F
w_6628516498fbf504,N2,消防署,しょうぼうしょ,소방서,火事だ！ 消防署に連絡してください。,불이야! 소방서에 전화해요! (긴급상황(SOS)>재난/재해>화재신고),글로벌회화,37a5d5c44f8742ff96151ace72e91e03,消防署 소방서,124,1,surface,네이버 예문 ID 중복; 일본어 예문 문장 중복,https://ja.dict.naver.com/#/search?query=%E6%B6%88%E9%98%B2%E7%BD%B2
w_6642cbf9235eb71d,N3,受け入れる,うけいれる,받아들이다,この原則を受け入れる用意がある.,이 원칙을 받아들일 용의가 있다,민중서림 엣센스 한일사전,b06cc548674340d9a817b59a5b269c85,受け入れる,102,,,네이버 예문 ID 중복; 일본어 예문 문장 중복,https://ja.dict.naver.com/#/search?query=%E5%8F%97%E3%81%91%E5%85%A5%E3%82%8C%E3%82%8B
w_66c87676a778f34f,N4,おや,おや,어라!,親に死なれる,부모를 여의다,민중서림 엣센스 일한사전,9fce3797ed9b4e0f89d723a0ba5517db,おや,159,0,surface,한국어 뜻 직접 일치어 없음,https://ja.dict.naver.com/#/search?query=%E3%81%8A%E3%82%84
w_66ce2529435367aa,N3,記録,きろく,기록,十秒の記録の壁を破る,10초 기록의 벽을 깨다,민중서림 엣센스 한일사전,0b150efcbd38483cb7c53f6ef344ca9d,記録 기록,129,1,surface,네이버 예문 ID 중복; 일본어 예문 문장 중복,https://ja.dict.naver.com/#/search?query=%E8%A8%98%E9%8C%B2
w_66d40f465d774a1b,N1,できる限り,できるかぎり,가능한 한,できる限り空間を利用する.,가능한 한 공간을 이용하다,민중서림 엣센스 한일사전,c12a725fdaf64fd5b3732296514d24ab,できる限り 가능한 한,114,1,surface,네이버 예문 ID 중복; 일본어 예문 문장 중복,https://ja.dict.naver.com/#/search?query=%E3%81%A7%E3%81%8D%E3%82%8B%E9%99%90%E3%82%8A
w_66e342effa3460d6,N1,心中,しんじゅう,"정사(情死), 동반 자살",ネット心中を行う,인터넷 (동반) 자살을 시도하다,민중서림 엣센스 일한사전,f49e1b277c6b467b98ed24d975c87bfb,心中 정사 情死 동반 자살,133,2,surface,네이버 예문 ID 중복; 일본어 예문 문장 중복,https://ja.dict.naver.com/#/search?query=%E5%BF%83%E4%B8%AD
w_672fe2093b0dc0ac,N4,確か,たしか,"확실함, 분명함; 아마",それは確かな筋から聞いた.,그것은 확실한 소식통으로부터 들었다,민중서림 엣센스 한일사전,f040b386dcd9479e9fbac333f359604d,確か,164,0,surface,한국어 뜻 직접 일치어 없음,https://ja.dict.naver.com/#/search?query=%E7%A2%BA%E3%81%8B
w_678b8d8614a495c9,N1,育ち,そだち,"자람, 성장",上品な物腰が育ちのよさを物語る.,점잖은 태도가 가정 교육이 좋았음을 말해 준다,민중서림 엣센스 한일사전,35dea45426b344c58e2b4dcc8fdea7d3,育ち,122,0,surface,한국어 뜻 직접 일치어 없음,https://ja.dict.naver.com/#/search?query=%E8%82%B2%E3%81%A1
w_67a4d891463851c1,N1,無意味,むいみ,무의미함,年賀状なんか無意味という人がいる.,연하장 따위는 무의미하다고 말하는 사람이 있다,민중서림 엣센스 한일사전,1bd1205a001246088cb45cb3575a96fc,無意味 무의미함,114,0,surface,한국어 뜻 직접 일치어 없음,https://ja.dict.naver.com/#/search?query=%E7%84%A1%E6%84%8F%E5%91%B3
w_67b726b2a8728054,N3,孫,まご,손자,孫を早く得たいものだ.,손자를 빨리 보고 싶은걸,민중서림 엣센스 한일사전,17ae1dc8f8f24a46bcf9364b771975df,孫 손자,134,1,surface,네이버 예문 ID 중복; 일본어 예문 문장 중복,https://ja.dict.naver.com/#/search?query=%E5%AD%AB
w_67c55246091e5e55,N3,しつこい,しつこい,끈질기다,しつこい守備で相手を追い詰める,끈질긴 수비로 상대를 밀어붙이다,민중서림 엣센스 일한사전,545dd566eae6431f965d2467aa674113,しつこい 끈질기다,117,0,surface,한국어 뜻 직접 일치어 없음,https://ja.dict.naver.com/#/search?query=%E3%81%97%E3%81%A4%E3%81%93%E3%81%84
w_6803e7402a3d2c0a,N1,難点,なんてん,곤란한점,ロ:従来の商品に比べて高いですが、価格を下げにくいというところが難点だと思います。,나: 기존에 나왔던 상품들에 비해 비싸지만 가격을 낮추기 어렵다는 점이 난점인 것 같습니다.,국립국어원 한국어-일본어 학습사전,913e3516ed91473487a2116aaaa7a694,難点 곤란한점,102,0,surface,한국어 뜻 직접 일치어 없음,https://ja.dict.naver.com/#/search?query=%E9%9B%A3%E7%82%B9
w_6819bf5a3467352a,N3,人生,じんせい,"인생, 삶",死ぬまでが人生だ。,"죽을 때까지는 그 모든 게 삶이다. (스페인속담, 인생속담)",명언/속담,6379bd4a2b0049eca7eff202653333b7,人生 인생 삶,132,1,surface,우선 검수 출처,https://ja.dict.naver.com/#/search?query=%E4%BA%BA%E7%94%9F
w_6831fdc03f7272dd,N2,建つ,たつ,"세워지다, 지어지다",銅像が立つ[建つ],동상이 서다,민중서림 엣센스 한일사전,9202a57b4a074af299d53ec70362f31f,建つ,151,0,surface,한국어 뜻 직접 일치어 없음,https://ja.dict.naver.com/#/search?query=%E5%BB%BA%E3%81%A4
w_68620c73476e35d5,N1,圧力,あつりょく,압력,軍部は世論の圧力に屈した.,군부는 여론의 압력에 굴했다,민중서림 엣센스 한일사전,22fac9816820432ab5279a201815c61d,圧力 압력,134,1,surface,네이버 예문 ID 중복; 일본어 예문 문장 중복,https://ja.dict.naver.com/#/search?query=%E5%9C%A7%E5%8A%9B
w_68acf7cb1529e491,N2,盗難,とうなん,"강도, 절도",盗難届けを発行してください。,도난 신고서를 발행해 주세요. (긴급상황(SOS)>분실/범죄>분실/도난 신고),글로벌회화,15c4079a843f468291ab760ec8446159,盗難,112,0,surface,한국어 뜻 직접 일치어 없음; 네이버 예문 ID 중복; 일본어 예문 문장 중복,https://ja.dict.naver.com/#/search?query=%E7%9B%97%E9%9B%A3
w_68f04444965e780c,N1,藁,わら,짚,藁なしでは煉瓦をつくることはできない。,"짚 없이는 벽돌을 만들 수 없다. (서양속담, 성공속담)",명언/속담,42885d0be64c4e4ca057e7d39081aaf7,藁 짚,120,0,surface,한국어 뜻 직접 일치어 없음; 우선 검수 출처; 네이버 예문 ID 중복; 일본어 예문 문장 중복,https://ja.dict.naver.com/#/search?query=%E8%97%81
w_690a4fa3e51077a6,N1,すがすがしい,すがすがしい,"상쾌하다, 시원하다",清清しい気持ちになる,상쾌한 기분이 되다,민중서림 엣센스 일한사전,8180e26d2f95488f81b41681e5840330,すがすがしい 상쾌하다 시원하다,159,0,surface,한국어 뜻 직접 일치어 없음,https://ja.dict.naver.com/#/search?query=%E3%81%99%E3%81%8C%E3%81%99%E3%81%8C%E3%81%97%E3%81%84
w_69c992c9db76a823,N5,叔父さん,おじさん,"삼촌, 아저씨",イ：ジス、今日は伯父さんの家に挨拶に行ったから、明日は叔父さんの家に行こう。,"가: 지수야, 오늘은 큰집에 인사를 드렸으니 내일은 작은집에 가자.",국립국어원 한국어-일본어 학습사전,d2b17ff204594d3fa99fd5e68c631987,叔父さん,44,,,자동 선택 점수 80 미만,https://ja.dict.naver.com/#/search?query=%E5%8F%94%E7%88%B6%E3%81%95%E3%82%93
w_69fdd0ed49d51bd8,N1,完成する,かんせいする,완성되다,もうひとがんばりで完成する.,조금만 더 참고 분발하면 완성된다,민중서림 엣센스 한일사전,d3020176f92542d7b5bf7d0dddeab6b3,完成する 완성되다,122,0,surface,한국어 뜻 직접 일치어 없음,https://ja.dict.naver.com/#/search?query=%E5%AE%8C%E6%88%90%E3%81%99%E3%82%8B
w_6a05d5c98b69beed,N1,有益,ゆうえき,유익,人体に有益な野菜をとらなければならない.,인체에 유익한 야채를 섭취해야 한다,민중서림 엣센스 한일사전,49e9b30923454cf886d5b03c26b896d3,有益 유익,134,1,surface,네이버 예문 ID 중복; 일본어 예문 문장 중복,https://ja.dict.naver.com/#/search?query=%E6%9C%89%E7%9B%8A
w_6a0aa8779064ce8b,N3,あわ,あわ,거품,ぶくぶくと泡を立てる.,부글부글 거품이 일다,민중서림 엣센스 한일사전,1caf669f25fe424d9c2b02fab001a9be,あわ 거품,176,1,surface,네이버 예문 ID 중복; 일본어 예문 문장 중복,https://ja.dict.naver.com/#/search?query=%E3%81%82%E3%82%8F
w_6a239da0e00a33a0,N1,一様,いちよう,"한결같음, 똑같음",高低があって一様でない.,높낮이가 있어서 고르지 않다,민중서림 엣센스 한일사전,ae102c3c20304b1c8fbfbd9d12d0ea64,一様,102,,,네이버 예문 ID 중복; 일본어 예문 문장 중복,https://ja.dict.naver.com/#/search?query=%E4%B8%80%E6%A7%98
w_6a40525856bc91ff,N1,順調に進む,じゅんちょうにすすむ,순조롭게 진행되다,ロ：各委員長が譲歩の意思を表明し、順調に進むと見られています。,나: 각 위원장들이 양보 의사를 천명을 해서 순조롭게 진행될 것으로 보입니다.,국립국어원 한국어-일본어 학습사전,3d24e6515b5c477a885a9514bf4ed733,順調に進む 순조롭게 진행되다,74,1,surface,자동 선택 점수 80 미만,https://ja.dict.naver.com/#/search?query=%E9%A0%86%E8%AA%BF%E3%81%AB%E9%80%B2%E3%82%80
w_6a5246d86b2c0f33,N3,残業,ざんぎょう,잔업,残業に備えて早めに腹をこしらえておいた.,잔업에 대비해서 일찌감치 식사를 해 두었다,민중서림 엣센스 한일사전,fa2c18ce4d944850a41214832f8f4155,残業 잔업,134,1,surface,네이버 예문 ID 중복; 일본어 예문 문장 중복,https://ja.dict.naver.com/#/search?query=%E6%AE%8B%E6%A5%AD
w_6a5b1a27a6d99bbe,N5,有名,ゆうめい,유명함,彼の寡欲ぶりは有名だ,그의 과욕한 태도는 유명하다.,민중서림 엣센스 일한사전,e26419a35ef14c618b772eca621371ea,有名 유명함,117,0,surface,한국어 뜻 직접 일치어 없음,https://ja.dict.naver.com/#/search?query=%E6%9C%89%E5%90%8D
w_6a9fb9a643e41d9f,N2,逆らう,さからう,거스르다,王命に逆う,왕명을 거스르다.,민중서림 엣센스 일한사전,593fbb30d25f474f82d8e098dae2f756,逆らう 거스르다,71,1,reading,자동 선택 점수 80 미만,https://ja.dict.naver.com/#/search?query=%E9%80%86%E3%82%89%E3%81%86
w_6ab2d0dd61671815,N1,タイマー,タイマー,타이머,オフィシャルタイマーを務めるのはAさんだから正確なタイム測定が期待される。,오피셜 타이머를 맡는 건 A 씨니까 정확한 시간 측정을 기대할 수 있다.,플리토,4d7df4e7c8cf455781d0ed6c400807a0,タイマー 타이머,132,1,surface,우선 검수 출처,https://ja.dict.naver.com/#/search?query=%E3%82%BF%E3%82%A4%E3%83%9E%E3%83%BC
w_6ad1f4e202e57ef9,N1,主演,しゅえん,주연,その演劇の主演を引き受ける.,그 연극의 주연을 맡다,민중서림 엣센스 한일사전,99b2714664ac4903a534ea4962822554,主演 주연,134,1,surface,네이버 예문 ID 중복; 일본어 예문 문장 중복,https://ja.dict.naver.com/#/search?query=%E4%B8%BB%E6%BC%94
w_6ae056aa9574f7bf,N4,指輪,ゆびわ,반지,指輪に薄く金を着せる.,반지에 얇게 금을 올리다,민중서림 엣센스 한일사전,06fa2a5bb8bb429fa1dbdb88b8172b5e,指輪 반지,134,1,surface,네이버 예문 ID 중복; 일본어 예문 문장 중복,https://ja.dict.naver.com/#/search?query=%E6%8C%87%E8%BC%AA
w_6b2bd94a040d7f61,N3,ずいぶん,ずいぶん,상당히,けち臭くそのようなやり方をするとはずいぶんきたない。,치사하게 그러한 방법을 쓰다니 상당히 지저분하다.,플리토,d70e76dab91b4a498b6fcae6770a0058,ずいぶん 상당히,132,1,surface,우선 검수 출처,https://ja.dict.naver.com/#/search?query=%E3%81%9A%E3%81%84%E3%81%B6%E3%82%93
w_6b58ee0417f901a8,N1,不当,ふとう,부당함,我我にむけられた非難は不当だ.,우리들에게 쏠린 비난은 부당하다,민중서림 엣센스 한일사전,fd94568319ff40ecb1a4987c0280ce69,不当 부당함,122,0,surface,한국어 뜻 직접 일치어 없음,https://ja.dict.naver.com/#/search?query=%E4%B8%8D%E5%BD%93
w_6b7e7558849cf59c,N1,海運,かいうん,해운,海運サービス。,해운 서비스.,국립국어원 한국어-일본어 학습사전,646043b265d843d5b74bf27f3b1acf84,海運,72,,,자동 선택 점수 80 미만,https://ja.dict.naver.com/#/search?query=%E6%B5%B7%E9%81%8B
w_6bb3a33c80842f09,N1,心情,しんじょう,심정,泣いて馬謖を斬る心情で友を告発する.,읍참마속의 심정으로 친구를 고발하다,민중서림 엣센스 한일사전,da6efa8bb08c4e288d4047687f90b020,心情 심정,134,1,surface,네이버 예문 ID 중복; 일본어 예문 문장 중복,https://ja.dict.naver.com/#/search?query=%E5%BF%83%E6%83%85
w_6bc9e3d27eab7050,N1,憂鬱,ゆううつ,우울함,憂鬱なニュースばかり見ていると気が滅入る,우울한 뉴스만 보고 있자니 기분이 처진다,민중서림 엣센스 일한사전,2a7b3084e37842e5bc15eed466b7ca27,憂鬱 우울함,117,0,surface,한국어 뜻 직접 일치어 없음,https://ja.dict.naver.com/#/search?query=%E6%86%82%E9%AC%B1
w_6c237cb66e2a41b0,N1,殺菌,さっきん,살균,熱湯で殺菌する.,끓는 물로 살균하다,민중서림 엣센스 한일사전,95a47d442eb94410a90d4df565cba7b3,殺菌 살균,134,1,surface,네이버 예문 ID 중복; 일본어 예문 문장 중복,https://ja.dict.naver.com/#/search?query=%E6%AE%BA%E8%8F%8C
w_6c45184e2a4fa7a0,N1,惑わす,まどわすまぬかれる,"혼란시키다,현혹시키다",策略[詭計]を使って敵を惑わす.,책략을[속임수를] 써서 적을 현혹시키다,민중서림 엣센스 한일사전,09082f288650412ea10d93f6f4393e1f,惑わす,106,1,surface,네이버 예문 ID 중복; 일본어 예문 문장 중복,https://ja.dict.naver.com/#/search?query=%E6%83%91%E3%82%8F%E3%81%99
w_6c4c847c16982fb1,N2,話し掛ける,はなしかける,말을 걸다,隣席の人に話しかける.,옆자리(의) 사람에게 말을 걸다,민중서림 엣센스 한일사전,d0e5a805b2554dbc89c43a62b016756b,話し掛ける 말을 걸다,138,2,reading,네이버 예문 ID 중복; 일본어 예문 문장 중복,https://ja.dict.naver.com/#/search?query=%E8%A9%B1%E3%81%97%E6%8E%9B%E3%81%91%E3%82%8B
w_6c5c7d9334b38f48,N3,非常,ひじょう,"대단히, 비상",アパートの階ごとに非常ベルが取りつけられている.,아파트의 층층이 비상벨이 달려 있다,민중서림 엣센스 한일사전,3a526142af99479faea0b09a908742bc,非常 대단히 비상,134,1,surface,네이버 예문 ID 중복; 일본어 예문 문장 중복,https://ja.dict.naver.com/#/search?query=%E9%9D%9E%E5%B8%B8
w_6ca1354f895002f3,N2,酔っ払い,よっぱらい,술 취한 사람,統計とは、街灯柱に寄りかかる酔っ払いのようなものである。照明というよりも、支えとして利用されているのだ。(サー・ウィンストン・チャーチル),"통계자료는 술 취한 사람 옆의 가로등과 같아서 빛을 내기보다는 지지하기 위해 쓰인다. (윈스턴 처칠, 지혜명언)",명언/속담,8f1744a3adb648a6979425ba97c5cd1d,酔っ払い 술 취한 사람,128,2,surface,우선 검수 출처,https://ja.dict.naver.com/#/search?query=%E9%85%94%E3%81%A3%E6%89%95%E3%81%84
w_6cbfc79fbcd7f1c0,N1,埋める,うずめる,"묻다, 채우다",土を注ぎ込んで穴を埋める.,흙을 들어부어 구멍을 메우다,민중서림 엣센스 한일사전,1a4a197e224a459c8cbc3c3602ce0e73,埋める,102,,,네이버 예문 ID 중복; 일본어 예문 문장 중복,https://ja.dict.naver.com/#/search?query=%E5%9F%8B%E3%82%81%E3%82%8B
w_6ce589b12ce48f89,N2,法則,ほうそく,"법, 규칙",どんな法則にも例外がないとは限らない,어떤 법칙에도 예외가 없다고는 할 수 없다,민중서림 엣센스 일한사전,2cc46f51b23143eda3a316011ef38945,法則,117,0,surface,한국어 뜻 직접 일치어 없음,https://ja.dict.naver.com/#/search?query=%E6%B3%95%E5%89%87
w_6d3287e138b0ac0c,N4,以内,いない,이내,学校から半径二キロ以内にある.,학교에서 반경 2킬로미터 이내에 있다,민중서림 엣센스 한일사전,4f220a15f6324b32b773dd2d6cd891d3,以内 이내,126,1,surface,네이버 예문 ID 중복; 일본어 예문 문장 중복,https://ja.dict.naver.com/#/search?query=%E4%BB%A5%E5%86%85
w_6d65f573426d6306,N2,引用,いんよう,인용,書籍の一部を抜粋して引用する,서적의 일부를 발췌하여 인용하다,민중서림 엣센스 일한사전,f0a3683b32c842bfb4f21e5d8a078c29,引用 인용,129,1,surface,네이버 예문 ID 중복; 일본어 예문 문장 중복,https://ja.dict.naver.com/#/search?query=%E5%BC%95%E7%94%A8
w_6daba7f91aed2e31,N4,地理,ちり,지리,このあたりの地理は熟知している.,이 부근의 지리는 숙지하고 있다,민중서림 엣센스 한일사전,0646696e64f24020b719c6e1da66d395,地理,102,,,네이버 예문 ID 중복; 일본어 예문 문장 중복,https://ja.dict.naver.com/#/search?query=%E5%9C%B0%E7%90%86
w_6dabf4237be1a307,N3,かれる,かれる,시들다,煙害で山林が枯れる,연기 피해로 산림이 시들다.,민중서림 엣센스 일한사전,53619cf9031043909154a3cc81c8e004,かれる 시들다,171,1,surface,네이버 예문 ID 중복; 일본어 예문 문장 중복,https://ja.dict.naver.com/#/search?query=%E3%81%8B%E3%82%8C%E3%82%8B
w_6dfc2daef0d4cdea,N1,コンパクトな,コンパクトな,콤팩트한,日本は逆にコンパクトな3-2-1という形のようです。,일본은 역으로 콤팩트한 3-2-1이란 형태인 것 같습니다.,플리토,18c733a0e81447eca985f172f7a0c395,コンパクトな 콤팩트한,132,1,surface,우선 검수 출처,https://ja.dict.naver.com/#/search?query=%E3%82%B3%E3%83%B3%E3%83%91%E3%82%AF%E3%83%88%E3%81%AA
w_6e28f342151c94e8,N3,面,めん,"얼굴, 표면, 면",A選手と同じマレット形状だが、ポリマーがフェース面のインサートとして使用されている。,"A 선수와 같은 맬릿 형상이지만, 폴리머가 얼굴 면의 인서트로 사용되고 있다.",플리토,b2c65b29ebaf4d30ad4cf00243a7a8cb,面 얼굴 표면 면,112,1,surface,우선 검수 출처,https://ja.dict.naver.com/#/search?query=%E9%9D%A2
w_6e41549e5b443d35,N1,コンスタント,コンスタント,일정한 모양,コンスタント力なしに世界では戦えないため、日々の努力で少しずつ力をつける。,일정한 힘 없이는 세계에서는 싸울 수 없으니 매일매일 노력으로 조금씩 힘을 기른다.,플리토,90609e7345ea4e95b710dee5ab90c79f,コンスタント 일정한 모양,132,1,surface,우선 검수 출처,https://ja.dict.naver.com/#/search?query=%E3%82%B3%E3%83%B3%E3%82%B9%E3%82%BF%E3%83%B3%E3%83%88
w_6e533b465b02e2aa,N3,感情的だ,かんじょうてきだ,감정적이다,その問題は感情的に持っていっては[扱っては]ならない.,그 문제는 감정적으로 가져가서는 안 된다,민중서림 엣센스 한일사전,7aa18874e92a4f44bcde1520f2dfcfdd,感情的だ 감정적이다,52,0,stem,한국어 뜻 직접 일치어 없음; 활용 어간으로만 목표어 확인; 자동 선택 점수 80 미만,https://ja.dict.naver.com/#/search?query=%E6%84%9F%E6%83%85%E7%9A%84%E3%81%A0
w_6e686d3e4ecd6a66,N3,旅,たび,여행,オフシーズンの旅こそ，「旅」本来の楽しみを得ることができる,계절을 벗어난 여행이야말로 ‘여행’ 본래의 즐거움을 얻을 수가 있다.,민중서림 엣센스 외래어사전,bf46f96cddc047c586cfe2dff69025e9,旅 여행,134,1,surface,네이버 예문 ID 중복; 일본어 예문 문장 중복,https://ja.dict.naver.com/#/search?query=%E6%97%85
w_6ed0282468b646e4,N1,飲み込む,のみこむ,"삼키다, 이해하다",小学校のときに初めて食べた讃岐うどんは想像を絶するほど硬く飲み込むのも大変でした。,초등학교 때 처음 먹은 사누키 우동은 상상도 못 할 정도로 질겨서 삼키는 것이 힘들었다.,연세대학교 한국어학당 국가별 대표음식,53e54f7620cf412a9fa337aaf2ce7c6b,飲み込む,94,,,네이버 예문 ID 중복; 일본어 예문 문장 중복,https://ja.dict.naver.com/#/search?query=%E9%A3%B2%E3%81%BF%E8%BE%BC%E3%82%80
w_6ed74d9ae056d361,N1,補足,ほそく,"보충, 보완",以上の説明に若干の補足を致します.,이상의 설명에 약간의 보충을 하겠습니다,민중서림 엣센스 한일사전,f6e134dda50847aeb0f2271e3390ba22,補足 보충 보완,134,1,surface,네이버 예문 ID 중복; 일본어 예문 문장 중복,https://ja.dict.naver.com/#/search?query=%E8%A3%9C%E8%B6%B3
w_6ed7741bbeb5aae0,N3,詳しい,くわしい,"자세하다,상세하다,잘알고있다",その本は詳しい注解が施されている.,그 책은 상세한 주해가 달려 있다,민중서림 엣센스 한일사전,ffd8f759ed824283a41a37d2f7fb6aa0,詳しい,122,0,surface,한국어 뜻 직접 일치어 없음,https://ja.dict.naver.com/#/search?query=%E8%A9%B3%E3%81%97%E3%81%84
w_6ee8504b8ab97680,N2,率直だ,そっちょくだ,솔직하다,新世代らしく率直で開放的だ.,신세대답게 솔직하고 개방적이다,민중서림 엣센스 한일사전,5b30ad4abf164b058e05f5bd8e771d23,率直だ 솔직하다,52,0,stem,한국어 뜻 직접 일치어 없음; 활용 어간으로만 목표어 확인; 자동 선택 점수 80 미만,https://ja.dict.naver.com/#/search?query=%E7%8E%87%E7%9B%B4%E3%81%A0
w_705444c4af714dc3,N5,部屋,へや,방,部屋が塞がる,방이 차다; 빈방이 없다,민중서림 엣센스 일한사전,153b7a76bf624c4ea1702e6313df4941,部屋 방,117,0,surface,한국어 뜻 직접 일치어 없음,https://ja.dict.naver.com/#/search?query=%E9%83%A8%E5%B1%8B
w_7087b27273d496b5,N3,絶対,ぜったい,"절대로,꼭",絶対に負けないと豪語する.,절대로 지지 않는다고 호언하다,민중서림 엣센스 한일사전,cf822924a57b4c1b8022de41ad68dbd2,絶対 절대로 꼭,134,1,surface,네이버 예문 ID 중복; 일본어 예문 문장 중복,https://ja.dict.naver.com/#/search?query=%E7%B5%B6%E5%AF%BE
w_709425fc55e51f1b,N1,ユニーク,ユニーク,"독특함, 유니크함",この若きローカリストたちのユニークな音楽に，ひきつけられずにはいられなかった,이 젊은 향토 애착가들의 독특한 음악에 끌리지 않을 수 없었다.,민중서림 엣센스 외래어사전,5dac223e12304e65989f6eaa96121b66,ユニーク 독특함 유니크함,122,0,surface,한국어 뜻 직접 일치어 없음,https://ja.dict.naver.com/#/search?query=%E3%83%A6%E3%83%8B%E3%83%BC%E3%82%AF
w_709b7a3d0384863d,N1,危ぶむ,あやぶむ,"불안해하다, 위험하게 생각하다",成功を危ぶむ,성공을 의심하다[걱정하다],민중서림 엣센스 일한사전,e20ec3c2789c4b49b1d2477a8321c3f0,危ぶむ,109,0,surface,한국어 뜻 직접 일치어 없음,https://ja.dict.naver.com/#/search?query=%E5%8D%B1%E3%81%B6%E3%82%80
w_71763f22afcf15f4,N1,所属,しょぞく,"붙은, 첨부된",このコースは、所属のキャディがいます。,이 코스는 소속 캐디가 있어요. (엔터테인먼트>골프장>플레이 중),글로벌회화,0b61bd669e53403a92bb61965198d1d5,所属,120,0,surface,한국어 뜻 직접 일치어 없음,https://ja.dict.naver.com/#/search?query=%E6%89%80%E5%B1%9E
w_71ad608226cb407e,N3,拍手,はくしゅ,박수,役者が登場すると、大きな拍手が湧き起こった,배우가 등장하자 큰 박수가 터져 나왔다,민중서림 엣센스 일한사전,7442c329f0d248328d7ba1a4ada8ee2f,拍手 박수,134,1,surface,네이버 예문 ID 중복; 일본어 예문 문장 중복,https://ja.dict.naver.com/#/search?query=%E6%8B%8D%E6%89%8B
w_7212d4da7801577e,N5,六日,むいか,6일,締め切りまであと六日ある,마감까지 앞으로 6일 남아 있다,민중서림 엣센스 일한사전,f16dc9d9334f4541b9895dc46349a153,六日 6일,117,0,surface,한국어 뜻 직접 일치어 없음,https://ja.dict.naver.com/#/search?query=%E5%85%AD%E6%97%A5
w_721897ea7436088b,N3,変化,へんか,변화,状況の変化に弾力のある処置をする.,상황 변화에 탄력 있게 대처하다,민중서림 엣센스 한일사전,06c48392e2884378b609c742834c169f,変化 변화,134,1,surface,네이버 예문 ID 중복; 일본어 예문 문장 중복,https://ja.dict.naver.com/#/search?query=%E5%A4%89%E5%8C%96
w_721dd563bfb9228e,N3,礼,れい,"예의, 감사",これは軽少ですがお礼の印です.,이것은 약소하지만 감사의 표시입니다,민중서림 엣센스 한일사전,f285a3af910e49e19d09e972b91f4f5a,礼 예의 감사,134,1,surface,네이버 예문 ID 중복; 일본어 예문 문장 중복,https://ja.dict.naver.com/#/search?query=%E7%A4%BC
w_72357ee8a9309684,N1,没頭,ぼっとう,몰두,著作に没頭する.,저작에 몰두하다,민중서림 엣센스 한일사전,21f8f005877c4d5f97aab860f65e4a25,没頭 몰두,134,1,surface,네이버 예문 ID 중복; 일본어 예문 문장 중복,https://ja.dict.naver.com/#/search?query=%E6%B2%A1%E9%A0%AD
w_7235caa24ef89705,N1,筒,つつ,"통, 대롱",シールドというのは，鋼製の強固な筒型の機械のことで，筒の内径はトンネルに合わせて決める,실드라는 것은 강철제의 튼튼한 통 모양의 기계를 말하며 통의 내경은 터널에 맞추어서 정한다,민중서림 엣센스 외래어사전,2b264f7df2dd4a51b3ec5c6275b7f901,筒 통 대롱,122,0,surface,한국어 뜻 직접 일치어 없음,https://ja.dict.naver.com/#/search?query=%E7%AD%92
w_727d286948e9b3eb,N3,実用的だ,じつようてきだ,실용적이다,この発明は以前にはなかったもので、独創力が優れているだけでなく実用的である。,이 발명품은 이전에는 없던 것으로 독창력이 뛰어날 뿐 아니라 실용적이다.,국립국어원 한국어-일본어 학습사전,cef78bca0831453d9d18d39dd733cba4,実用的だ 실용적이다,64,1,stem,활용 어간으로만 목표어 확인; 자동 선택 점수 80 미만,https://ja.dict.naver.com/#/search?query=%E5%AE%9F%E7%94%A8%E7%9A%84%E3%81%A0
w_728a3497c3392fcb,N1,賢明,けんめい,현명함,みなさんの賢明な選択をお願い致します.,여러분의 현명한 선택을 부탁드리겠습니다,민중서림 엣센스 한일사전,02541870c11a4aa3a05ebe875f0fd511,賢明,102,,,네이버 예문 ID 중복; 일본어 예문 문장 중복,https://ja.dict.naver.com/#/search?query=%E8%B3%A2%E6%98%8E
w_72906b1feea37df4,N4,最近,さいきん,"최근, 요즘",最近の商況[商状]は活発でない.,최근의 상황은 활발하지 않다,민중서림 엣센스 한일사전,227fa46c6b2e4030a93b8bae3283e350,最近 최근 요즘,134,1,surface,네이버 예문 ID 중복; 일본어 예문 문장 중복,https://ja.dict.naver.com/#/search?query=%E6%9C%80%E8%BF%91
w_72943e17cc2418be,N3,怒鳴る,どなる,"고함치다,호통치다",人前で怒鳴る,다른 사람들 앞에서 호통치다,민중서림 엣센스 일한사전,ca28a543744f4ce7bbdba74a3a3e54af,怒鳴る,114,1,surface,네이버 예문 ID 중복; 일본어 예문 문장 중복,https://ja.dict.naver.com/#/search?query=%E6%80%92%E9%B3%B4%E3%82%8B
w_72996c4b860ff337,N3,例,れい,"예, 보기",現代に於いては例を見ない,현대에 와서는 예를 볼 수 없다,민중서림 엣센스 일한사전,9e6e920b4c4b4eae9de0a52e06918500,例 예 보기,117,0,surface,한국어 뜻 직접 일치어 없음,https://ja.dict.naver.com/#/search?query=%E4%BE%8B
w_729f291cb71c2dcc,N3,ミス,ミス,"실수, 미스",今日もラインの読み違いは無かったけれど、ストロークのミスがありました。,"오늘도 라인을 잘못 읽은 실수는 없었지만, 스트로크 미스가 있었습니다.",플리토,041818bee705453596dcfe77db2a9172,ミス 실수 미스,144,2,surface,우선 검수 출처,https://ja.dict.naver.com/#/search?query=%E3%83%9F%E3%82%B9
w_72ca2a9c4ae1017a,N5,いぬ,いぬ,개,犬の遠ぼえがする.,멀리서 개 짖는 소리가 들린다,민중서림 엣센스 한일사전,8c626425e07b4492adb12334455f79e9,いぬ 개,164,0,surface,한국어 뜻 직접 일치어 없음; 네이버 예문 ID 중복; 일본어 예문 문장 중복,https://ja.dict.naver.com/#/search?query=%E3%81%84%E3%81%AC
w_72e7af00c727acea,N5,明後日,あさって,모레,明日が何なら、明後日でも結構です,내일이 뭣하면 모레라도 좋습니다,교학사 일한사전,a3e024eebe2d4550a712bf56681c33dc,明後日,92,,,네이버 예문 ID 중복; 일본어 예문 문장 중복,https://ja.dict.naver.com/#/search?query=%E6%98%8E%E5%BE%8C%E6%97%A5
w_72f8baa2f8921677,N1,事前,じぜん,"미리, 사전에",普通、事前に通知がある,대개 사전에 통지가 있다,민중서림 엣센스 일한사전,7d2e41eb71704c0ebe5d3f15c9d4b793,事前 미리 사전에,134,1,surface,네이버 예문 ID 중복; 일본어 예문 문장 중복,https://ja.dict.naver.com/#/search?query=%E4%BA%8B%E5%89%8D
w_7324984adc736a5d,N3,がっかりする,がっかりする,낙심하다,落選の報を聞いてがっかりする,낙선 소식을 듣고 낙담하다,민중서림 엣센스 일한사전,0be4a9080cc44d069873c316284146bc,がっかりする 낙심하다,117,0,surface,한국어 뜻 직접 일치어 없음,https://ja.dict.naver.com/#/search?query=%E3%81%8C%E3%81%A3%E3%81%8B%E3%82%8A%E3%81%99%E3%82%8B
w_73250ecefaf912d8,N4,計画,けいかく,계획,"対策[予定, 方針, 計画]を立てる","대책[예정, 방침, 계획]을 세우다",민중서림 엣센스 한일사전,90320fd1c7774da18bfb81789ce59011,計画 계획,134,1,surface,네이버 예문 ID 중복; 일본어 예문 문장 중복,https://ja.dict.naver.com/#/search?query=%E8%A8%88%E7%94%BB
w_733d47f14cb535a0,N4,事,こと,"일, 것",言う事とする事が裏腹だ,말과 하는 짓이 정반대다,민중서림 엣센스 일한사전,f3d36c3b94b74a459f74d9d463723731,事,97,,,네이버 예문 ID 중복; 일본어 예문 문장 중복,https://ja.dict.naver.com/#/search?query=%E4%BA%8B
w_7391edd8a2c4c832,N5,いちど,いちど,한 번,一度クリックしただけで高額な料金を請求してくるワンクリ詐欺,한 번의 클릭으로 고액의 요금을 청구당하는 원 클릭 사기,민중서림 엣센스 일한사전,baf3985378764eb28e8f190a9a972850,いちど 한 번,151,0,surface,한국어 뜻 직접 일치어 없음,https://ja.dict.naver.com/#/search?query=%E3%81%84%E3%81%A1%E3%81%A9
w_73c19cef3eb31afc,N1,導入,どうにゅう,도입,3.9G通信システムを導入する,3.9G 통신 시스템을 도입하다,민중서림 엣센스 일한사전,221202566dd947bb81ac6ceed1acc38b,導入,102,,,네이버 예문 ID 중복; 일본어 예문 문장 중복,https://ja.dict.naver.com/#/search?query=%E5%B0%8E%E5%85%A5
w_73c3d353971a6a85,N2,総理大臣,そうりだいじん,"총리대신, 총리",新任の総理大臣が率いる新内閣は若手で構成された。,신임 총리가 이끄는 새 내각은 젊은 인사들로 구성되었다.,국립국어원 한국어-일본어 학습사전,0fb3b6e811084aa8931146bb9e0ddff6,総理大臣 총리대신 총리,74,1,surface,자동 선택 점수 80 미만,https://ja.dict.naver.com/#/search?query=%E7%B7%8F%E7%90%86%E5%A4%A7%E8%87%A3
w_73e0fb95b7f90273,N3,行き,いき,"감, (목적지)행",思考が行きつ戻りつする,생각이 왔다 갔다 하다,민중서림 엣센스 일한사전,2bfe2b4ef628460081b92ed141b24c19,行き,117,0,surface,한국어 뜻 직접 일치어 없음; 네이버 예문 ID 중복; 일본어 예문 문장 중복,https://ja.dict.naver.com/#/search?query=%E8%A1%8C%E3%81%8D
w_742cd942953ffea7,N1,叶える,かなえる,(소원을) 이루어 주다,望みをかなえてやる.,소원을 이루어 주다,민중서림 엣센스 한일사전,e69312a3d019470a9b06cc234a1a37db,叶える 소원을 이루어 주다,96,3,stem,활용 어간으로만 목표어 확인,https://ja.dict.naver.com/#/search?query=%E5%8F%B6%E3%81%88%E3%82%8B
w_7467bcab452dd8de,N2,狙う,ねらう,목표 에서,トレーラーで乗り込み，大量に積み込んで横流しを狙うものもいる,"트레일러로 타고 와서, 대량으로 싣고 부정 유출을 노리는 자도 있다.",민중서림 엣센스 외래어사전,22e063ca6d4d462f96b6be1e0ded47dd,狙う,122,0,surface,한국어 뜻 직접 일치어 없음,https://ja.dict.naver.com/#/search?query=%E7%8B%99%E3%81%86
w_746d61e272b8cc2f,N1,樹木,じゅもく,수목(큰나무),コースはフラットな上、背の高い樹木などの遮るものがないこともコースの難度を上げている。,코스가 평평한 데다 키가 큰 나무 등 방해물이 없는 것도 코스의 난도를 높이고 있다.,플리토,4901ace192ad4e06902c6793cb3b9f29,樹木 수목 큰나무,112,1,surface,우선 검수 출처,https://ja.dict.naver.com/#/search?query=%E6%A8%B9%E6%9C%A8
w_74ae6b79324143f2,N2,そそっかしい,そそっかしい,부주의한,あの人はそそっかしい性格だ,저 사람은 덜렁대는 성격이다,민중서림 엣센스 일한사전,7b70c50656954669941ea8e9b2377d1e,そそっかしい,117,0,surface,한국어 뜻 직접 일치어 없음,https://ja.dict.naver.com/#/search?query=%E3%81%9D%E3%81%9D%E3%81%A3%E3%81%8B%E3%81%97%E3%81%84
w_75252b005a217653,N1,辛抱,しんぼう,인내,辛抱の棒が大事(忍耐は世界を制する)。,"인내가 세상을 정복한다. (서양속담, 인내속담)",명언/속담,b334070993fd4a35827fd948430da07f,辛抱 인내,124,1,surface,우선 검수 출처,https://ja.dict.naver.com/#/search?query=%E8%BE%9B%E6%8A%B1
w_752993adedae8597,N1,鮮やか,あざやか,"선명함, 산뜻함",エンターテイナーという言葉は「接待する人」でもあり，Ｍさんは鮮やかに観客を接待してくれる,"엔터테이너라고 하는 말은 ‘접대하는 사람’이기도 하며, M씨는 멋지게 관객을 접대해 준다.",민중서림 엣센스 외래어사전,5208ba10e0f348e89ef7d2af578e2776,鮮やか,122,0,surface,한국어 뜻 직접 일치어 없음,https://ja.dict.naver.com/#/search?query=%E9%AE%AE%E3%82%84%E3%81%8B
w_75780c2794106632,N2,騒々しい,そうぞうしい,"시끄럽다,떠들썩하다",謀は密なるを貴ぶ。(騒々しい鳥撃ちは鳥を逃がしてしまう),"떠들썩한 포수는 새를 잡지 못한다. (서양속담, 침묵속담)",명언/속담,8efc840072534a94868f218d042eee2d,騒々しい,112,0,surface,한국어 뜻 직접 일치어 없음; 우선 검수 출처,https://ja.dict.naver.com/#/search?query=%E9%A8%92%E3%80%85%E3%81%97%E3%81%84
w_75b449355fb3b1d9,N1,紛らわしい,まぎらわしい,"헷갈리다,혼란스럽다",紛らわしい言葉の違いが分かる,헷갈리기 쉬운 말[낱말]의 차이를 알다,민중서림 엣센스 일한사전,6e6e33ba420d4a6e97fe27d94438f17c,紛らわしい,117,0,surface,한국어 뜻 직접 일치어 없음,https://ja.dict.naver.com/#/search?query=%E7%B4%9B%E3%82%89%E3%82%8F%E3%81%97%E3%81%84
w_75c0133793da000e,N1,治癒する,ちゆする,치유하다,完全に治癒する,완전히 치유되다,교학사 일한사전,d8f24e22986747859ed66bdb6174fc39,治癒する 치유하다,115,0,surface,한국어 뜻 직접 일치어 없음,https://ja.dict.naver.com/#/search?query=%E6%B2%BB%E7%99%92%E3%81%99%E3%82%8B
w_75d0356f92a02e26,N3,手伝い,てつだい,"도움, 거듦","仕事の手伝いを頼もうと思っても,後のお礼がたいへんだ.",일을 거들어 달라고 하자니 나중의 사례가 큰일이다,민중서림 엣센스 한일사전,b7bba1a8c3474af19ed89af56a39e3b5,手伝い,122,0,surface,한국어 뜻 직접 일치어 없음,https://ja.dict.naver.com/#/search?query=%E6%89%8B%E4%BC%9D%E3%81%84
w_75f690ec603e0f73,N3,列,れつ,"열,줄",二列にお並びください.,두 줄로 서 주세요,민중서림 엣센스 한일사전,88b9277777194400b2c847e7c1fa506a,列 열 줄,122,0,surface,한국어 뜻 직접 일치어 없음,https://ja.dict.naver.com/#/search?query=%E5%88%97
w_75fe6fbac6e7ce8b,N1,けなされる,けなされる,비난을 받다,ロ：これだから海外に行って私たちが一緒にけなされるのよ。,나: 이러니까 해외에 나가서 우리가 싸잡혀 욕을 먹는 거야.,국립국어원 한국어-일본어 학습사전,ee295037375440e995a36ac357bef9e7,けなされる,114,0,surface,한국어 뜻 직접 일치어 없음,https://ja.dict.naver.com/#/search?query=%E3%81%91%E3%81%AA%E3%81%95%E3%82%8C%E3%82%8B
w_761f14d952676452,N1,戦力,せんりょく,전력,強大な戦力を誇る.,막강한 전력을 자랑하다,민중서림 엣센스 한일사전,4e1586f539b94216ad555c1800c4580d,戦力 전력,134,1,surface,네이버 예문 ID 중복; 일본어 예문 문장 중복,https://ja.dict.naver.com/#/search?query=%E6%88%A6%E5%8A%9B
w_7631fcb7cc1b6dff,N1,合意,ごうい,합의,協議の末、合意に達した,협의 끝에 합의에 도달했다,민중서림 엣센스 일한사전,bc0dcf82c42949febe702f48c761bf49,合意,102,,,네이버 예문 ID 중복; 일본어 예문 문장 중복,https://ja.dict.naver.com/#/search?query=%E5%90%88%E6%84%8F
w_763d8eda5cea9a67,N5,耳,みみ,귀,耳を澄ます; 耳をそばたてる; 耳を立てる,신경을 집중해서 듣다; 귀를 기울여 듣다,민중서림 엣센스 일한사전,057b0c43d5b74dc287078d766c601f03,耳 귀,117,0,surface,한국어 뜻 직접 일치어 없음,https://ja.dict.naver.com/#/search?query=%E8%80%B3
w_7695b327018796ee,N2,嫌がる,いやがる,싫어하다,一人で安上がりに旅行する難は，専ら食事と宿に集中する。…まともなレストランは一人きりの客を嫌がる。…自然と食事をするのはその辺のカフェに毛が生えた程度のビストロということになる。,혼자서 싸게 여행하는 어려움은 전적으로 식사와 숙소에 집중된다. …제대로 된 레스토랑은 혼자뿐인 손님을 싫어한다. …자연히 식사하기에는 그 부근의 카페보다 약간 나을 정도의 비스트로에서 하게 된다.,민중서림 엣센스 외래어사전,d22a46dc95b743bcb2eb6d4d7d18ec55,嫌がる 싫어하다,117,0,surface,한국어 뜻 직접 일치어 없음,https://ja.dict.naver.com/#/search?query=%E5%AB%8C%E3%81%8C%E3%82%8B
w_76a0eb1e41436ab7,N2,平だ,たいらだ,평평하다,すしを三人前平げる,초밥을 3인분 먹어 치우다,교학사 일한사전,f328df97980d465cb5441282ae0efa68,平だ,13,0,stem,한국어 뜻 직접 일치어 없음; 활용 어간으로만 목표어 확인; 자동 선택 점수 80 미만,https://ja.dict.naver.com/#/search?query=%E5%B9%B3%E3%81%A0
w_76b303b969721768,N5,食べる,たべる,먹다,魚の肉をむしって食べる; 魚の身をこそげ取って食べる,생선 살을 발라 먹다,민중서림 엣센스 한일사전,445f243b689f430c88d62a41af820092,食べる 먹다,129,1,surface,네이버 예문 ID 중복; 일본어 예문 문장 중복,https://ja.dict.naver.com/#/search?query=%E9%A3%9F%E3%81%B9%E3%82%8B
w_76cf5244936dd779,N1,興業,こうぎょう,"흥업, 사업 일으킴",殖産興業を首唱する,식산흥업을 수창하다,교학사 일한사전,8716435d754d423daf98be173e844cd4,興業,40,,,자동 선택 점수 80 미만,https://ja.dict.naver.com/#/search?query=%E8%88%88%E6%A5%AD
w_76d3472883c72fe8,N5,天気,てんき,날씨,気分[顔色、天気]が優れない,"기분이[안색이, 날씨가] 좋지 않다",민중서림 엣센스 일한사전,2d84c41a843e43c2b73cdf133551cdea,天気 날씨,134,1,surface,네이버 예문 ID 중복; 일본어 예문 문장 중복,https://ja.dict.naver.com/#/search?query=%E5%A4%A9%E6%B0%97
w_76e1e2b8c3c1ac4a,N1,伴奏,ばんそう,반주,先生のオルガン伴奏で合唱する.,선생님의 오르간 반주로 합창하다,민중서림 엣센스 한일사전,2514468b2dc048009bde2497924c7008,伴奏 반주,134,1,surface,네이버 예문 ID 중복; 일본어 예문 문장 중복,https://ja.dict.naver.com/#/search?query=%E4%BC%B4%E5%A5%8F
w_76e966f0f6b78e86,N3,田,た,논,水を引いて田をつくる.,물을 끌어 논을 풀다,민중서림 엣센스 한일사전,382e77b2dd2f49ee8be4906c7fd8931d,田 논,122,0,surface,한국어 뜻 직접 일치어 없음,https://ja.dict.naver.com/#/search?query=%E7%94%B0
w_76ee0a63fa5a65c7,N5,とまる,とまる,멈추다,心臓の鼓動が止まる.,심장의 고동이 멈추다,민중서림 엣센스 한일사전,1fe4e4d8be604613821f3b2aace4c4bd,とまる 멈추다,176,1,surface,네이버 예문 ID 중복; 일본어 예문 문장 중복,https://ja.dict.naver.com/#/search?query=%E3%81%A8%E3%81%BE%E3%82%8B
w_76fa724c51a7330f,N3,実施,じっし,"실시, 시행",全区に拡大して実施する,모든 구로 확대하여 실시하다,민중서림 엣센스 일한사전,ed1d70cb375a4a7190485913d8d81417,実施 실시 시행,129,1,surface,네이버 예문 ID 중복; 일본어 예문 문장 중복,https://ja.dict.naver.com/#/search?query=%E5%AE%9F%E6%96%BD
w_7739e79c3add8bff,N1,脱退,だったい,탈퇴,リーダーの脱退によりグループサウンドが解散された.,리더의 탈퇴로 그룹사운드가 해산되었다,민중서림 엣센스 한일사전,65fe61911adb438b9143dbb9c509317e,脱退 탈퇴,134,1,surface,네이버 예문 ID 중복; 일본어 예문 문장 중복,https://ja.dict.naver.com/#/search?query=%E8%84%B1%E9%80%80
w_7741f337155794b3,N4,コンピューター,コンピューター,컴퓨터,コンピューターを取り扱う手際が上手だ.,컴퓨터 다루는 솜씨가 능란하다,민중서림 엣센스 한일사전,4382ae52afcd4176918cbc1540f6fe00,コンピューター 컴퓨터,134,1,surface,네이버 예문 ID 중복; 일본어 예문 문장 중복,https://ja.dict.naver.com/#/search?query=%E3%82%B3%E3%83%B3%E3%83%94%E3%83%A5%E3%83%BC%E3%82%BF%E3%83%BC
w_775de805c9d17855,N3,金,かね,돈; 금속,金を吸取られる,돈을 빨아먹히다; 돈을 뜯기다,민중서림 엣센스 일한사전,97930d1f784a4ffeb63a8eb647c0574e,金 돈 금속,117,0,surface,한국어 뜻 직접 일치어 없음,https://ja.dict.naver.com/#/search?query=%E9%87%91
w_776f8a3599870bb9,N5,見る,みる,보다,二案を対比して見る.,두 안을 대비해 보다,민중서림 엣센스 한일사전,180f865f95f4428197dcc9d41f7cfeb2,見る 보다,134,1,surface,네이버 예문 ID 중복; 일본어 예문 문장 중복,https://ja.dict.naver.com/#/search?query=%E8%A6%8B%E3%82%8B
w_77fb8557b6af733f,N2,余計,よけい,"한층더,더욱",一人の女性について思い浮かべてみよう。彼女はあなたが彼女を想っていることを知らない。彼女からしたら、あなたが彼女を想っていることなんてどうでもいいのだ。だから余計に彼女のことを想ってしまうのだ。(マーティン・セイジ),"한 여자에 대해 생각해 봐. 그 여자는 네가 자기에 대해 생각하는지 몰라. 네가 그 여자 생각을 하든 말든 상관 안 해. 그러면 넌 더욱더 그 여자 생각을 하게 되지. (마틴 세이지, 사랑명언)",명언/속담,7e2be0bb8aeb4a40af257525b5937ef5,余計 한층더 더욱,119,1,surface,우선 검수 출처,https://ja.dict.naver.com/#/search?query=%E4%BD%99%E8%A8%88
w_781b744ff9b2998d,N2,ビルディング,ビルディング,건물,ロ：海外でビルディングを建設する仕事をしています。,나: 해외에서 빌딩을 건설하는 일을 하고 있습니다.,국립국어원 한국어-일본어 학습사전,d708773ffad74ecbb5af6d594976ef84,ビルディング,122,0,surface,한국어 뜻 직접 일치어 없음,https://ja.dict.naver.com/#/search?query=%E3%83%93%E3%83%AB%E3%83%87%E3%82%A3%E3%83%B3%E3%82%B0
w_78325dbdfa5e2da6,N3,組合,くみあい,"협회, 연관, 연합, 조합",連合組合,연합 조합,교학사 일한사전,d6531e8b1a9944ff93ca85f558df6e80,組合 협회 연관 연합 조합,54,2,surface,자동 선택 점수 80 미만,https://ja.dict.naver.com/#/search?query=%E7%B5%84%E5%90%88
w_786135f68d952414,N3,極,ごく,"꽤, 상당히, 매우",極内で調査する,극비리에 조사하다,민중서림 엣센스 일한사전,4651d88ed5bd4155a5fd73cc061ad6ef,極,117,0,surface,한국어 뜻 직접 일치어 없음,https://ja.dict.naver.com/#/search?query=%E6%A5%B5
w_78625cf777310f79,N1,精密,せいみつ,정밀함,精密に調べる,정밀하게 조사하다,민중서림 엣센스 한일사전,694b3506d4c14db5a6d892620b976f89,精密 정밀함,117,0,surface,한국어 뜻 직접 일치어 없음,https://ja.dict.naver.com/#/search?query=%E7%B2%BE%E5%AF%86
w_786dcb5594a276b7,N2,探る,さぐる,"찾다, 검색하다, 조사하다",手先をひそかに送りこんで探る.,부하를[끄나풀을] 몰래 박아 두고 탐색하다,민중서림 엣센스 한일사전,bf467e563bba46e19529e2252e45a5f4,探る,122,0,surface,한국어 뜻 직접 일치어 없음,https://ja.dict.naver.com/#/search?query=%E6%8E%A2%E3%82%8B
w_78b5a51abfe898c7,N1,一人一人に,ひとりひとりに,한 사람 한 사람에게,自身の経験ではなく一人一人にあった水泳の指導をする。,자신의 경험이 아닌 한 사람 한 사람에게 맞는 수영의 지도를 한다.,플리토,777c69d8cdcd403e820387764d9ea6d3,一人一人に 한 사람 한 사람에게,84,2,surface,우선 검수 출처,https://ja.dict.naver.com/#/search?query=%E4%B8%80%E4%BA%BA%E4%B8%80%E4%BA%BA%E3%81%AB
w_78b7c8cc498b7cc0,N3,牛,うし,소,牛が牧草を食んでいる.,소가 목초를 뜯고 있다,민중서림 엣센스 한일사전,44118c946a46419f8f3b82b614262e59,牛 소,122,0,surface,한국어 뜻 직접 일치어 없음,https://ja.dict.naver.com/#/search?query=%E7%89%9B
w_78f9cf5a22b016f3,N3,暗記する,あんきする,암기하다,文を丸ごと暗記する,문장을 통째로 암기하다,민중서림 엣센스 일한사전,b95e20f037244fee955beeb693e21670,暗記する 암기하다,129,1,surface,네이버 예문 ID 중복; 일본어 예문 문장 중복,https://ja.dict.naver.com/#/search?query=%E6%9A%97%E8%A8%98%E3%81%99%E3%82%8B
w_791163fa079b4991,N2,限る,かぎる,한정하다,疲れたら寝るに限る.,피로할 때는 자는 게 제일이다,민중서림 엣센스 한일사전,e0a293d106ef49bbbcdc6074301efe4f,限る,122,0,surface,한국어 뜻 직접 일치어 없음,https://ja.dict.naver.com/#/search?query=%E9%99%90%E3%82%8B
w_7959d3097fa73625,N2,幅,はば,폭,蒲鉾を1センチ幅に切る,蒲鉾를 1센티미터 폭으로 자르다,민중서림 엣센스 일한사전,495a723476b9475bb580e5467c35f945,幅 폭,117,0,surface,한국어 뜻 직접 일치어 없음,https://ja.dict.naver.com/#/search?query=%E5%B9%85
w_797e841aee5ee7c0,N5,開く,あく,"열리다, 열다",客を請じて宴を開く.,손님을 청해 연회를 열다,민중서림 엣센스 한일사전,f634990c58564b718d6a848636027d40,開く,94,,,네이버 예문 ID 중복; 일본어 예문 문장 중복,https://ja.dict.naver.com/#/search?query=%E9%96%8B%E3%81%8F
w_79aa315fe2fb6fed,N3,確かめる,たしかめる,확인하다,言葉の意味を辞書で確かめる,말의 의미를 사전에서 확인하다,민중서림 엣센스 일한사전,f73de996ae5c461db1e0a85a8349b28f,確かめる 확인하다,129,1,surface,네이버 예문 ID 중복; 일본어 예문 문장 중복,https://ja.dict.naver.com/#/search?query=%E7%A2%BA%E3%81%8B%E3%82%81%E3%82%8B
w_7a18f1c9b04f4038,N5,外,そと,밖,玄関の外に外灯をつける.,현관 밖에 외등을 달다,민중서림 엣센스 한일사전,3ca7ccd693b74d56bb53ef6fa66afb0f,外 밖,122,0,surface,한국어 뜻 직접 일치어 없음; 네이버 예문 ID 중복; 일본어 예문 문장 중복,https://ja.dict.naver.com/#/search?query=%E5%A4%96
w_7a92333a9b0ba186,N3,得る,うる,"얻다, 되다, 이익, 이기다",統御よろしきを得る,통어가 잘 되어 있다.,민중서림 엣센스 일한사전,06dc06c8ccc546b4966b97084a7cd9eb,得る,117,0,surface,한국어 뜻 직접 일치어 없음,https://ja.dict.naver.com/#/search?query=%E5%BE%97%E3%82%8B
w_7a938494b57487ba,N1,対話,たいわ,대화,ケーナの音色を通して，自然と対話するのです,케나의 음색을 통하여 자연과 대화하는 것입니다.,민중서림 엣센스 외래어사전,587305c210814b969c9781825795863b,対話 대화,134,1,surface,네이버 예문 ID 중복; 일본어 예문 문장 중복,https://ja.dict.naver.com/#/search?query=%E5%AF%BE%E8%A9%B1
w_7aa0e5b4b6672cb2,N3,案,あん,"안, 방안",以上がこの案を出したゆえんである.,이상이 이 안을 낸 이유다,민중서림 엣센스 한일사전,596096da35254745b4cf0e321096a0f3,案 안 방안,122,0,surface,한국어 뜻 직접 일치어 없음,https://ja.dict.naver.com/#/search?query=%E6%A1%88
w_7aaa0608e48b7324,N2,納める,おさめる,납입하다,刀をさやに納める.,칼을 칼집에 꽂다,민중서림 엣센스 한일사전,6e66af81b85244f28b7e68f173968919,納める,122,0,surface,한국어 뜻 직접 일치어 없음,https://ja.dict.naver.com/#/search?query=%E7%B4%8D%E3%82%81%E3%82%8B
w_7aceeb2bd1d9b5fd,N1,究明,きゅうめい,"규명,밝혀냄",紛争の内因を究明する.,분쟁의 내인을 규명하다,민중서림 엣센스 한일사전,0514abb4818845188beeaadab07cbd51,究明,134,1,surface,네이버 예문 ID 중복; 일본어 예문 문장 중복,https://ja.dict.naver.com/#/search?query=%E7%A9%B6%E6%98%8E
w_7adc49967d627444,N2,侵入,しんにゅう,침입,銀行オンラインヘハッカーが侵入した.,은행 온라인에 해커가 침입했다,민중서림 엣센스 한일사전,6ba8e4e21b4e4a0aa41d9468e5089f21,侵入 침입,134,1,surface,네이버 예문 ID 중복; 일본어 예문 문장 중복,https://ja.dict.naver.com/#/search?query=%E4%BE%B5%E5%85%A5
w_7b4b7d9964deb0b8,N3,広告,こうこく,광고,広告IDを利用した広告を制限する,광고 ID를 이용한 광고를 제한하다,민중서림 엣센스 일한사전,94c25cf3dba2425b878db70ea916847c,広告 광고,129,1,surface,네이버 예문 ID 중복; 일본어 예문 문장 중복,https://ja.dict.naver.com/#/search?query=%E5%BA%83%E5%91%8A
w_7b6f03a0ef4cc580,N2,来日,らいにち,"일본에 옴, 방일",ハリウッドスターの来日で騒ぎになった,할리우드 스타의 일본 방문으로 소동이 벌어졌다,민중서림 엣센스 일한사전,e6d13728a32c408faded6f82a98af199,来日,117,0,surface,한국어 뜻 직접 일치어 없음,https://ja.dict.naver.com/#/search?query=%E6%9D%A5%E6%97%A5
w_7b77229d7578e77d,N1,そっぽ,そっぽ,"외면, 딴 쪽",外方を見る,딴 쪽을 보다,민중서림 엣센스 일한사전,008bec50526d42c398b7ba1fad4a9527,そっぽ 외면 딴 쪽,159,0,surface,한국어 뜻 직접 일치어 없음,https://ja.dict.naver.com/#/search?query=%E3%81%9D%E3%81%A3%E3%81%BD
w_7bc71c6bc645f274,N4,着く,つく,도착하다,8時に着くとの電話がありました,여덟 시에 도착한다는 전화가 있었습니다,민중서림 엣센스 일한사전,33672cd7a7844e39b01c514bee71d8c6,着く,117,0,surface,한국어 뜻 직접 일치어 없음,https://ja.dict.naver.com/#/search?query=%E7%9D%80%E3%81%8F
w_7be0da7ae0c0dfbd,N5,でかける,でかける,외출하다,出掛ける支度をする.,나들이 준비를 하다,민중서림 엣센스 한일사전,d778a00485a34bf0a9918b5f304ccc92,でかける 외출하다,164,0,surface,한국어 뜻 직접 일치어 없음,https://ja.dict.naver.com/#/search?query=%E3%81%A7%E3%81%8B%E3%81%91%E3%82%8B
w_7bf53804a8fb2b41,N2,全力,ぜんりょく,"전력, 온 힘",全力を尽くしてノルマをやり切る,온 힘을 다해서 노르마를 완수하다,민중서림 엣센스 한일사전,de3523e7d8714eb1bfeb730246705be9,全力 전력 온 힘,117,0,surface,한국어 뜻 직접 일치어 없음,https://ja.dict.naver.com/#/search?query=%E5%85%A8%E5%8A%9B
w_7c161edd74ce787c,N1,委託する,いたくする,위탁하다,商品の販売を委託する.,상품 판매를 위탁하다,민중서림 엣센스 한일사전,0590dd23d96f493bbdf5232998fb563e,委託する 위탁하다,134,1,surface,네이버 예문 ID 중복; 일본어 예문 문장 중복,https://ja.dict.naver.com/#/search?query=%E5%A7%94%E8%A8%97%E3%81%99%E3%82%8B
w_7c16b84742ec7d12,N4,すっかり,すっかり,"전부, 모두, 완전히","実は,すっかり忘れていた",실은 까맣게 잊고 있었다,민중서림 엣센스 한일사전,7854db94ec9d413e8b44f2d570c18c1e,すっかり,122,0,surface,한국어 뜻 직접 일치어 없음,https://ja.dict.naver.com/#/search?query=%E3%81%99%E3%81%A3%E3%81%8B%E3%82%8A
w_7c46a6f6431772cc,N1,到達,とうたつ,도착,彼がそのまま頂上に到達するかと思われたが、後方の選手にパスされてしまった。,"그가 그대로 정상에 도착할 것으로 보였지만, 후방 선수에게 패스를 당해버렸다.",플리토,874bb6b623a1403e83595c18a53f375f,到達 도착,112,1,surface,우선 검수 출처,https://ja.dict.naver.com/#/search?query=%E5%88%B0%E9%81%94
w_7c846856a25ae36a,N1,獣,けもの,"짐승, 야수",あいつは獣であって人間ではない.,저놈은 짐승이지 사람이 아니다,민중서림 엣센스 한일사전,54f87eb665bc434eafbabfb25cd15930,獣,102,,,네이버 예문 ID 중복; 일본어 예문 문장 중복,https://ja.dict.naver.com/#/search?query=%E7%8D%A3
w_7ca85bc496068dbe,N3,得意な,とくいな,"자신 있는, 잘하는",あなたの持つ才能を使いなさい。もし歌の得意な鳥だけしか歌わないとしたら、森は静まり返ってしまうだろう。 (ヘンリ ヴァン・ダイク),"가지고 있는 어떤 재주든 사용하라. 노래를 가장 잘하는 새들만 지저귀면 숲은 너무도 적막할 것이다. (헨리 반 다이크, 자신감명언)",명언/속담,00de11cab822451c926956ea41f42976,得意な 자신 있는 잘하는,148,3,surface,우선 검수 출처; 네이버 예문 ID 중복; 일본어 예문 문장 중복,https://ja.dict.naver.com/#/search?query=%E5%BE%97%E6%84%8F%E3%81%AA
w_7cd2a64b26436658,N3,最中,さいちゅう,~의 한가운데,ただ今、樽詰め作業の真っ最中です,지금 통에 담는 작업이 한창입니다,민중서림 엣센스 일한사전,07a3bc965cb44d38b657f3d162ad33c7,最中,122,0,surface,한국어 뜻 직접 일치어 없음; 네이버 예문 ID 중복; 일본어 예문 문장 중복,https://ja.dict.naver.com/#/search?query=%E6%9C%80%E4%B8%AD
w_7ce478d1c4361987,N5,さんかい,さんかい,"3회, 세 번",すすぎは三回します.,헹구기는[헹굼질은] 세 번 합니다,민중서림 엣센스 한일사전,fc7d119f72ba46509753e577c4d95d40,さんかい 3회 세 번,164,0,surface,한국어 뜻 직접 일치어 없음,https://ja.dict.naver.com/#/search?query=%E3%81%95%E3%82%93%E3%81%8B%E3%81%84
w_7d2dc2d277bc090f,N2,把握,はあく,파악,文章の要旨が全く把握できなかった.,문장의 요지를 전혀 파악할 수 없었다,민중서림 엣센스 한일사전,c9cb7f2d844144cf9407c2dcb1309b33,把握,102,,,네이버 예문 ID 중복; 일본어 예문 문장 중복,https://ja.dict.naver.com/#/search?query=%E6%8A%8A%E6%8F%A1
w_7d401aa66a47fdb2,N1,緊密な,きんみつな,긴밀한,緊密な連絡を取る.,긴밀한 연락을 취하다,민중서림 엣센스 한일사전,485d211487fb46b7a7fdf5e3210e07c5,緊密な 긴밀한,134,1,surface,네이버 예문 ID 중복; 일본어 예문 문장 중복,https://ja.dict.naver.com/#/search?query=%E7%B7%8A%E5%AF%86%E3%81%AA
w_7d61c3056e13c0f3,N1,縁談,えんだん,혼담,仲人を通して縁談をすすめる.,중매인을 통하여 혼담을 진행시키다,민중서림 엣센스 한일사전,70f6cd19c0884c5ea62344d4c8771d03,縁談,102,,,네이버 예문 ID 중복; 일본어 예문 문장 중복,https://ja.dict.naver.com/#/search?query=%E7%B8%81%E8%AB%87
w_7d793dd7d0ec2242,N1,阻む,そばむ,"저지하다, 가로막다",敵の進撃を阻む,적의 진격을 저지하다.,민중서림 엣센스 일한사전,53c2634374224a1da01d7f42b0f7802c,阻む,101,1,surface,네이버 예문 ID 중복; 일본어 예문 문장 중복,https://ja.dict.naver.com/#/search?query=%E9%98%BB%E3%82%80
w_7d7f86172ab0383f,N4,考える,かんがえる,생각하다,賢者は、健康は人に最も幸せなことだとよく考え、どう病気から利益を得ることができるか彼自身の考えで学ぶべきだ。(ヒポクラテス),"현명한 자는 건강을 인간의 가장 큰 축복으로 여기고, 아플 땐 병으로부터 혜택을 얻어낼 방법을 스스로 생각하여 배워야 한다. (히포크라테스, 건강명언)",명언/속담,d21fdf67e6734a4ca29fbe603b05bbf8,考える 생각하다,42,0,stem,한국어 뜻 직접 일치어 없음; 활용 어간으로만 목표어 확인; 자동 선택 점수 80 미만; 우선 검수 출처,https://ja.dict.naver.com/#/search?query=%E8%80%83%E3%81%88%E3%82%8B
w_7d93f4c3af459575,N1,盛大,せいだい,성대함,盛大な祝典を挙行する,성대한 축전을 거행하다.,민중서림 엣센스 일한사전,818ffea7b01b41d68525d0c12c9b555d,盛大 성대함,117,0,surface,한국어 뜻 직접 일치어 없음,https://ja.dict.naver.com/#/search?query=%E7%9B%9B%E5%A4%A7
w_7dc741e9297976d0,N1,過ち,あやまち,"잘못, 실수",瞬間の過ちが不幸を招いた.,순간적인 실수가 불행을 초래했다,민중서림 엣센스 한일사전,fa11c9258c04488fb247a38de9faff76,過ち,134,1,surface,네이버 예문 ID 중복; 일본어 예문 문장 중복,https://ja.dict.naver.com/#/search?query=%E9%81%8E%E3%81%A1
w_7e2ac95308acb1ab,N3,予測,よそく,예측,目下の情勢では結果を予測できない.,목하의 정세로는 결과를 예측할 수 없다,민중서림 엣센스 한일사전,d11c3854825f42279fc3b6db4aa71d32,予測 예측,134,1,surface,네이버 예문 ID 중복; 일본어 예문 문장 중복,https://ja.dict.naver.com/#/search?query=%E4%BA%88%E6%B8%AC
w_7e3ddba1d47dfc1f,N3,見送る,みおくる,배웅하다,空港まで友人を見送くる,공항까지 친구를 배웅하다,민중서림 엣센스 일한사전,5c9771790d3648bf8ff9db5aee356ead,見送る 배웅하다,79,1,reading,자동 선택 점수 80 미만,https://ja.dict.naver.com/#/search?query=%E8%A6%8B%E9%80%81%E3%82%8B
w_7e59da7fcdde90bc,N3,被害,ひがい,피해,台風の被害を免れる,태풍 피해를 피하다,민중서림 엣센스 일한사전,8060b3aa991b4534bf4ab905626ad2e3,被害 피해,129,1,surface,일본어 예문 문장 중복,https://ja.dict.naver.com/#/search?query=%E8%A2%AB%E5%AE%B3
w_7e5efe5cd8b22071,N1,共存,きょうぞん,공존,人の心の中には悪魔と天使が共存している.,사람의 마음속에는 악마와 천사가 공존하고 있다,민중서림 엣센스 한일사전,a623cb78fdd940d2838259ba42fcce59,共存 공존,114,1,surface,네이버 예문 ID 중복; 일본어 예문 문장 중복,https://ja.dict.naver.com/#/search?query=%E5%85%B1%E5%AD%98
w_7e8f27d159af76ef,N1,高尚な,こうしょうな,고상한,高尚な考えには高尚な言葉がなければならない。(アリストパネース),"고결한 생각은 고상한 언어로 표현해야 한다. (아리스토파네스, 언어명언)",명언/속담,3fce4e5e2c2c496084073f408186ec87,高尚な 고상한,124,1,surface,우선 검수 출처,https://ja.dict.naver.com/#/search?query=%E9%AB%98%E5%B0%9A%E3%81%AA
w_7e95c5f151ec1f1e,N1,心無い,こころない,"철이없다,매정하다",心無いことをしでかしたものだ.,철없는 짓을 했군,민중서림 엣센스 한일사전,930bf6fc907b47e0a8233da661dd339b,心無い,122,0,surface,한국어 뜻 직접 일치어 없음,https://ja.dict.naver.com/#/search?query=%E5%BF%83%E7%84%A1%E3%81%84
w_7ea20007b10fcf12,N1,作り,つくり,"만듦새, 구조; 체격",スカーフの結び方やコサージ作りを覚えれば，同じ服も見違える,스카프 매는 법이나 코르사주로 멋내는 방법을 알아두면 같은 옷도 아주 달라 보인다.,민중서림 엣센스 외래어사전,dc85d8e402ae4017995615cd25ed453a,作り,122,0,surface,한국어 뜻 직접 일치어 없음; 네이버 예문 ID 중복; 일본어 예문 문장 중복,https://ja.dict.naver.com/#/search?query=%E4%BD%9C%E3%82%8A
w_7f446e56ccf4f51c,N2,懸命,けんめい,"열심임, 필사적임",懸命の努力,필사적인 노력,민중서림 엣센스 일한사전,a76f37eabe644e5ea85a2bb858d5d0df,懸命 열심임 필사적임,72,0,surface,한국어 뜻 직접 일치어 없음; 자동 선택 점수 80 미만,https://ja.dict.naver.com/#/search?query=%E6%87%B8%E5%91%BD
w_7f53883dfec13912,N4,都,と,"수도의, 대도시의",ここを都と定める,여기를 수도로 정하다,교학사 일한사전,66c53871f6be457399649350739e4beb,都 수도의 대도시의,115,0,surface,한국어 뜻 직접 일치어 없음,https://ja.dict.naver.com/#/search?query=%E9%83%BD
w_7f8b1efcd206d4ac,N3,代表的だ,だいひょうてきだ,대표적이다,漢江(ハンガン)は、ソウルの代表的な顔だ。,한강은 서울의 대표적 얼굴이다.,국립국어원 한국어-일본어 학습사전,1e477a94e2cb4e4caa297eadb1e9d4ec,代表的だ 대표적이다,52,0,stem,한국어 뜻 직접 일치어 없음; 활용 어간으로만 목표어 확인; 자동 선택 점수 80 미만,https://ja.dict.naver.com/#/search?query=%E4%BB%A3%E8%A1%A8%E7%9A%84%E3%81%A0
w_7fa1415b0a1da35b,N2,恐縮,きょうしゅく,"죄송함, 황송함",恐縮の至りです.,황송하기 이를 데 없습니다,민중서림 엣센스 한일사전,8db550089194451c8ce27ca5166f9252,恐縮 죄송함 황송함,122,0,surface,한국어 뜻 직접 일치어 없음,https://ja.dict.naver.com/#/search?query=%E6%81%90%E7%B8%AE
w_80d1fde9c12ec7bb,N2,活発,かっぱつ,활발,最近の商況[商状]は活発でない.,최근의 상황은 활발하지 않다,민중서림 엣센스 한일사전,227fa46c6b2e4030a93b8bae3283e350,活発 활발,134,1,surface,네이버 예문 ID 중복; 일본어 예문 문장 중복,https://ja.dict.naver.com/#/search?query=%E6%B4%BB%E7%99%BA
w_80f8172b3e531738,N2,快晴だ,かいせいだ,쾌청하다,翌日は快晴だった,이튿날은 쾌청했다,교학사 일한사전,91472624a0ff4789be7341481a0ca75a,快晴だ 쾌청하다,115,0,surface,한국어 뜻 직접 일치어 없음,https://ja.dict.naver.com/#/search?query=%E5%BF%AB%E6%99%B4%E3%81%A0
w_80fbcf016fe63b12,N1,上陸,じょうりく,"땅, 토지",海から陸地に接近した海兵隊の上陸作戦で、われわれの軍はその土地を取り戻すことができた。,바다에서 육지로 접근한 해병대의 상륙 작전으로 우리 군은 그 땅을 되찾을 수 있었다.,국립국어원 한국어-일본어 학습사전,a8561907030e4aa99cec97a841d9b6f3,上陸 땅 토지,62,0,surface,한국어 뜻 직접 일치어 없음; 자동 선택 점수 80 미만,https://ja.dict.naver.com/#/search?query=%E4%B8%8A%E9%99%B8
w_8150d23de8ee7dd5,N4,簡単,かんたん,"간단함, 쉬움",弟はいつも簡単にできる易しい仕事ばかりしようとする。,동생은 항상 간단하게 할 수 있는 쉬운 일만 하려고 한다.,국립국어원 한국어-일본어 학습사전,5ba1f35ca7ca487aaced8dd77a843403,簡単 간단함 쉬움,102,0,surface,한국어 뜻 직접 일치어 없음,https://ja.dict.naver.com/#/search?query=%E7%B0%A1%E5%8D%98
w_817fb1a64de6de6f,N2,太鼓,たいこ,"북, 다이코",太鼓を打って時を告げる,북을 쳐서 때를 알리다,민중서림 엣센스 일한사전,b33b0dd93a6f4f0da6f8f4cf727a5871,太鼓 북 다이코,117,0,surface,한국어 뜻 직접 일치어 없음,https://ja.dict.naver.com/#/search?query=%E5%A4%AA%E9%BC%93
w_81c9dc74c01669b1,N3,上,じょう,위,上には上がある,기는 놈 위에 나는 놈 있다,민중서림 엣센스 일한사전,8685ea3f367c4a2cacab2aa463241594,上 위,97,0,surface,한국어 뜻 직접 일치어 없음; 네이버 예문 ID 중복; 일본어 예문 문장 중복,https://ja.dict.naver.com/#/search?query=%E4%B8%8A
w_81d9a253570bac6e,N2,ばからしい,ばからしい,"어리석다, 터무니없다",馬鹿らしい目にあう,어이없는 변을 당하다,민중서림 엣센스 일한사전,239ec3b3db534171836e68db1c498f4f,ばからしい,151,0,surface,한국어 뜻 직접 일치어 없음,https://ja.dict.naver.com/#/search?query=%E3%81%B0%E3%81%8B%E3%82%89%E3%81%97%E3%81%84
w_81f5329294ad5f0f,N2,物騒,ぶっそう,"뒤숭숭함, 위험함",物騒な物を持っている,(권총 따위) 위험한 물건을 갖고[소지하고] 있다,민중서림 엣센스 일한사전,50d96cc6810f4ddc9c95680b295a0b73,物騒 뒤숭숭함 위험함,117,0,surface,한국어 뜻 직접 일치어 없음,https://ja.dict.naver.com/#/search?query=%E7%89%A9%E9%A8%92
w_81fc20339d20785d,N4,喉,のど,목(구멍),喉がよく乾きます。,목이 자주 말라요. (병원/약국>내과/이비인후과>이비인후과),글로벌회화,f8f83436c08e457c84278e26a622b652,喉 목 구멍,120,0,surface,한국어 뜻 직접 일치어 없음,https://ja.dict.naver.com/#/search?query=%E5%96%89
w_821fed5874da04da,N2,真っ暗,まっくら,"캄캄함, 깜깜함",空が真っ暗になる.,하늘이 까매지다,민중서림 엣센스 한일사전,4ef3e9e3f75f49c9905e7ac0188dc57d,真っ暗,144,0,surface,한국어 뜻 직접 일치어 없음,https://ja.dict.naver.com/#/search?query=%E7%9C%9F%E3%81%A3%E6%9A%97
w_824169b48644bb9e,N1,粘り強い,ねばりづよい,끈기있다,ロ：妻の粘り強い説得に負けてしまいました。,나: 아내의 끈질긴 설득에 휘말리고 말았어요.,국립국어원 한국어-일본어 학습사전,1e15cc777527419da354fc209b4fada8,粘り強い,102,0,surface,한국어 뜻 직접 일치어 없음,https://ja.dict.naver.com/#/search?query=%E7%B2%98%E3%82%8A%E5%BC%B7%E3%81%84
w_82b7621ef70eb0d5,N2,一通り,ひととおり,"대충, 한 차례",生け花も一通りは心得ている,꽃꽂이도 대충은 알고 있다,민중서림 엣센스 일한사전,4c639550b99445dca9b882e3de950b56,一通り,129,1,surface,네이버 예문 ID 중복; 일본어 예문 문장 중복,https://ja.dict.naver.com/#/search?query=%E4%B8%80%E9%80%9A%E3%82%8A
w_82d2d40c223c0fc0,N4,中々,なかなか,"매우, 상당히, 꽤",将来的にエアピストルをやりたいので、ハンドライフルを始めましが、中々難しいです。,"장래에 에어 피스톨을 하고 싶어서 핸드 라이플을 시작했으나, 꽤나 어렵습니다.",플리토,ce8e893c87e44cc7ae8e87201a776d20,中々,92,0,surface,한국어 뜻 직접 일치어 없음; 우선 검수 출처,https://ja.dict.naver.com/#/search?query=%E4%B8%AD%E3%80%85
w_82dfb47bb4105f0d,N1,調達,ちょうたつ,조달,クリプトカレンシーの売却を通じて資金を調達する,암호 통화 매각으로 자금을 조달하다,민중서림 엣센스 일한사전,94496bfc916142088c13e4435257e527,調達 조달,129,1,surface,네이버 예문 ID 중복; 일본어 예문 문장 중복,https://ja.dict.naver.com/#/search?query=%E8%AA%BF%E9%81%94
w_82e5e160001eb4f6,N1,扉,とびら,"문, 문짝",扉が開いた。すると、その人が中から現れた,문이 열렸다. 그러자 그 사람이 안에서 나타났다,민중서림 엣센스 일한사전,fd9d4182431345ef92866755f563ce76,扉,102,,,네이버 예문 ID 중복; 일본어 예문 문장 중복,https://ja.dict.naver.com/#/search?query=%E6%89%89
w_831749e2e88001b5,N5,川,かわ,강,河海は細流を択(えら)ばず。(海はどんな川も拒まない),"바다는 강물을 마다하지 않는다. (서양속담, 용서속담)",명언/속담,8a63d8ab3b73440c92727bf637598ec0,川,42,,,자동 선택 점수 80 미만; 우선 검수 출처,https://ja.dict.naver.com/#/search?query=%E5%B7%9D
w_831bf96fe18c4f09,N2,解く,ほどく,"풀다, 끄르다",彼女はホテルに着いて荷を解くやいなやカメラを持って外に出た,그녀는 호텔에 도착해 짐을 풀자마자 카메라를 들고 밖으로 나왔다,민중서림 엣센스 일한사전,535b9084f83345ad96389b7f549af87f,解く,117,0,surface,한국어 뜻 직접 일치어 없음,https://ja.dict.naver.com/#/search?query=%E8%A7%A3%E3%81%8F
w_831c5e9a87f0c027,N3,下線,かせん,밑줄,オンマウスで下線が表示される,온 마우스로 밑줄이 표시되다,민중서림 엣센스 일한사전,332f7db3a9404ea9b90bdc47c940def8,下線 밑줄,129,1,surface,네이버 예문 ID 중복; 일본어 예문 문장 중복,https://ja.dict.naver.com/#/search?query=%E4%B8%8B%E7%B7%9A
w_832ed28cb70f2593,N4,見える,みえる,"보이다, 오시다",髪の毛1本1本まで見えるHDTV(高精細テレビ)を発表する,머리카락 한 올 한 올까지 보이는 HDTV(고화질 텔레비전)를 발표하다,민중서림 엣센스 일한사전,fc30aff1e0d1476b9a60d100c5e73b26,見える 보이다 오시다,109,0,surface,한국어 뜻 직접 일치어 없음,https://ja.dict.naver.com/#/search?query=%E8%A6%8B%E3%81%88%E3%82%8B
w_832f7650808f7bdf,N1,参議院,さんぎいん,참의원,衆議院は参議院とともに国会を構成する,중의원은 참의원과 더불어 국회를 구성한다.,민중서림 엣센스 일한사전,ea097be1af9a44c9b75a6f393cc7af92,参議院,89,,,네이버 예문 ID 중복; 일본어 예문 문장 중복,https://ja.dict.naver.com/#/search?query=%E5%8F%82%E8%AD%B0%E9%99%A2
w_833594898192c2a8,N3,奪う,うばう,빼앗다,手の物を奪うつもりで脅した.,손의 것을 빼앗을 양으로 을렀다,민중서림 엣센스 한일사전,66fbf7551dac4ed2babba2c047bc8c08,奪う,122,0,surface,한국어 뜻 직접 일치어 없음,https://ja.dict.naver.com/#/search?query=%E5%A5%AA%E3%81%86
w_8348344251cc1290,N3,軍,ぐん,"군, 군대",軍の一部が反乱を起こした.,군의 일부가 반란을 일으켰다,민중서림 엣센스 한일사전,18fecb97862048b1b092deb974b90365,軍 군 군대,122,0,surface,한국어 뜻 직접 일치어 없음,https://ja.dict.naver.com/#/search?query=%E8%BB%8D
w_837681aeccee5dd7,N2,寒帯,かんたい,한대,寒帯植物[地方].,한대 식물[지방],민중서림 엣센스 한일사전,ed9fc9126c9549c39a09c4dd23ea56da,寒帯 한대,49,1,surface,자동 선택 점수 80 미만,https://ja.dict.naver.com/#/search?query=%E5%AF%92%E5%B8%AF
w_83ae7074dc030eb4,N3,訳,わけ,이유,欠席した訳を言うのが順だ,결석한 이유를 말하는 것이 당연하다,민중서림 엣센스 일한사전,1bdec226b8d9470f937c3f0b98a4e665,訳 이유,129,1,surface,네이버 예문 ID 중복; 일본어 예문 문장 중복,https://ja.dict.naver.com/#/search?query=%E8%A8%B3
w_83b5460f8df7ce6b,N2,反映,はんえい,반영,大衆がトーク・ラジオを反映するのでなく，トーク・ラジオが大衆を反映するのだ,대중이 토크 라디오를 반영하는 것이 아니라 토크 라디오가 대중을 반영하는 것이다.,민중서림 엣센스 외래어사전,cb9e4243bc3248acbb7dff0a7cf79f92,反映 반영,134,1,surface,네이버 예문 ID 중복; 일본어 예문 문장 중복,https://ja.dict.naver.com/#/search?query=%E5%8F%8D%E6%98%A0
w_83fc519a9c83ad68,N3,選択,せんたく,선택,みなさんの賢明な選択をお願い致します.,여러분의 현명한 선택을 부탁드리겠습니다,민중서림 엣센스 한일사전,02541870c11a4aa3a05ebe875f0fd511,選択 선택,134,1,surface,네이버 예문 ID 중복; 일본어 예문 문장 중복,https://ja.dict.naver.com/#/search?query=%E9%81%B8%E6%8A%9E
w_840363ac9285856a,N2,無数,むすう,"무수함, 셀 수 없이 많음",無数の人が集まった.,무수한 사람이 모였다,민중서림 엣센스 한일사전,23854331127c4d05a1db22f3cdba2c4e,無数,122,0,surface,한국어 뜻 직접 일치어 없음,https://ja.dict.naver.com/#/search?query=%E7%84%A1%E6%95%B0
w_842c01324c0f7575,N1,あどけない,あどけない,천진난만하다,街の女性たちはあどけない軍人たちを色目を使って誘惑した。,길거리의 여인들이 순진한 군인들에게 추파를 던지며 유혹했다.,국립국어원 한국어-일본어 학습사전,3c35380562da40e2b821ba5f023efddc,あどけない,122,0,surface,한국어 뜻 직접 일치어 없음,https://ja.dict.naver.com/#/search?query=%E3%81%82%E3%81%A9%E3%81%91%E3%81%AA%E3%81%84
w_844d5a2ccd0a4dad,N1,逃走,とうそう,탈출,犯人は群衆に紛れて逃走した.,범인은 군중 속에 뒤섞여 도주하였다,민중서림 엣센스 한일사전,9d1668ca01274f2abc7b4e1a914df24c,逃走,122,0,surface,한국어 뜻 직접 일치어 없음,https://ja.dict.naver.com/#/search?query=%E9%80%83%E8%B5%B0
w_844f0e04d0edbe6d,N2,巡る,めぐる,"돌다, 순회하다",黄昏に染まる街々を巡る,황혼에 물든 거리거리를 돌아다니다,민중서림 엣센스 일한사전,23a160f8639b44858e5188e5f996afbf,巡る,117,0,surface,한국어 뜻 직접 일치어 없음,https://ja.dict.naver.com/#/search?query=%E5%B7%A1%E3%82%8B
w_8452ac29c02b0af6,N2,見慣れる,みなれる,눈에익숙하다,見慣れるまで時間がかかる,눈에 익기까지 시간이 걸리다,민중서림 엣센스 일한사전,0493a4fc43a740bcb4db7f76818e4b37,見慣れる,117,0,surface,한국어 뜻 직접 일치어 없음,https://ja.dict.naver.com/#/search?query=%E8%A6%8B%E6%85%A3%E3%82%8C%E3%82%8B
w_847bb125431fb442,N1,重んずる,おもんずる,"중시하다, 존중하다",量より質を重んずる.,양보다 질을 중히 여기다,민중서림 엣센스 한일사전,429078a78daa43309d31a82c311f84c6,重んずる,102,,,네이버 예문 ID 중복; 일본어 예문 문장 중복,https://ja.dict.naver.com/#/search?query=%E9%87%8D%E3%82%93%E3%81%9A%E3%82%8B
w_84a0c4c5c15256e3,N3,無駄,むだ,"헛됨, 낭비",貴重な時間を無駄にする,귀중한 시간을 헛되이 쓰다[낭비하다],민중서림 엣센스 일한사전,01d01d7fc3e54c5ea691d1168cd907cf,無駄 헛됨 낭비,129,1,surface,네이버 예문 ID 중복; 일본어 예문 문장 중복,https://ja.dict.naver.com/#/search?query=%E7%84%A1%E9%A7%84
w_84b185d190b086ff,N2,発行,はっこう,발행,盗難届けを発行してください。,도난 신고서를 발행해 주세요. (긴급상황(SOS)>분실/범죄>분실/도난 신고),글로벌회화,15c4079a843f468291ab760ec8446159,発行 발행,124,1,surface,네이버 예문 ID 중복; 일본어 예문 문장 중복,https://ja.dict.naver.com/#/search?query=%E7%99%BA%E8%A1%8C
w_84b9dbc13150df11,N2,務める,つとめる,"(임무를)맡다,역할을다하다",A代表の監督を務める,A 대표 감독을 맡다,민중서림 엣센스 일한사전,c29c2b2ebb06473cafbaac1b99dcf098,務める,129,1,surface,네이버 예문 ID 중복; 일본어 예문 문장 중복,https://ja.dict.naver.com/#/search?query=%E5%8B%99%E3%82%81%E3%82%8B
w_84d9d692e8fc1ee1,N3,生まれ,うまれ,"출생, 출생 장소",彼はきっすいのソウル生まれだ.,그는 토박이 서울 태생이다,민중서림 엣센스 한일사전,54e11163e0cb47a9be643ca7e5eaac98,生まれ,122,0,surface,한국어 뜻 직접 일치어 없음,https://ja.dict.naver.com/#/search?query=%E7%94%9F%E3%81%BE%E3%82%8C
w_84dcce5744871daa,N1,真相,しんそう,진상,事件の真相が明らかにされた.,사건의 진상이 명백히 밝혀졌다,민중서림 엣센스 한일사전,98549834c43e4ab8928e1417640d8be4,真相 진상,134,1,surface,네이버 예문 ID 중복; 일본어 예문 문장 중복,https://ja.dict.naver.com/#/search?query=%E7%9C%9F%E7%9B%B8
w_84eb455426c5a140,N5,道,みち,길,道なき道を踏み分けて進んだ.,길도 나 있지 않은 곳을 헤치고 나아갔다,민중서림 엣센스 한일사전,5101c63c05a54543b05f55c96d038cdc,道 길,122,0,surface,한국어 뜻 직접 일치어 없음; 네이버 예문 ID 중복; 일본어 예문 문장 중복,https://ja.dict.naver.com/#/search?query=%E9%81%93
w_84ebf670f5baf34e,N2,コレクション,コレクション,"컬렉션, 수집",例えば、単なるコレクション目的で銃の所持が許可されることはない。,"예를 들어, 단순한 컬렉션 목적으로 총을 소지하는 게 허가되는 경우는 없다.",플리토,ee16053e4d84446fbe6e37e2b16d8dd9,コレクション 컬렉션 수집,132,1,surface,우선 검수 출처,https://ja.dict.naver.com/#/search?query=%E3%82%B3%E3%83%AC%E3%82%AF%E3%82%B7%E3%83%A7%E3%83%B3
w_8518c3195cf69801,N2,書留,かきとめ,등기 우편,手紙[小包]を書留(郵便)で送る.,편지[소포]를 등기 우편으로 부치다,민중서림 엣센스 한일사전,6a6f48451e6146198d1b027f31ff7689,書留 등기 우편,146,2,surface,네이버 예문 ID 중복; 일본어 예문 문장 중복,https://ja.dict.naver.com/#/search?query=%E6%9B%B8%E7%95%99
w_85538e4f730b1fbb,N2,櫛,くし,빗,髪に櫛を入れる,머리를 빗다; 머리를 빗질하다,민중서림 엣센스 일한사전,a76226463b6c431ba3de56b07db5d2b1,櫛 빗,117,0,surface,한국어 뜻 직접 일치어 없음,https://ja.dict.naver.com/#/search?query=%E6%AB%9B
w_85539308d155e6d1,N3,局,きょく,"(방송)국, 부서",ロ：うん。今日はA局の番組がABC放送局で中継放送されるよ。,나: 응. 오늘은 A국 프로그램이 ABC 방송국에서 중계방송될 거야.,국립국어원 한국어-일본어 학습사전,93f49051d6184cad8ccb9a93da24997f,局 방송 국 부서,66,1,surface,자동 선택 점수 80 미만,https://ja.dict.naver.com/#/search?query=%E5%B1%80
w_85d94fbe16f89348,N2,縫う,ぬう,"꿰매다, 바느질하다",なだらかな丘陵を縫うカントリー・ロードに沿って，中世の姿を残す素朴な村村が点在する,"완만한 구릉을 누비는 시골길을 따라, 중세의 모습을 엿보게 하는 소박한 마을들이 (여기저기) 점재해 있다.",민중서림 엣센스 외래어사전,90c33742850e49d58f306e35947925c3,縫う,122,0,surface,한국어 뜻 직접 일치어 없음; 네이버 예문 ID 중복; 일본어 예문 문장 중복,https://ja.dict.naver.com/#/search?query=%E7%B8%AB%E3%81%86
w_85f9dd6060389151,N5,じょうぶ,じょうぶ,튼튼함,彼は丈夫なたちだ,그는 강건한 체질이다,민중서림 엣센스 일한사전,46018844f36c4a95932a56e109ad2da0,じょうぶ,159,0,surface,한국어 뜻 직접 일치어 없음,https://ja.dict.naver.com/#/search?query=%E3%81%98%E3%82%87%E3%81%86%E3%81%B6
w_85fc5f056fd49807,N3,落ち着く,おちつく,"침착하다,차분해지다",宿を取る; 宿屋に落ち着く.,여관에 들다,민중서림 엣센스 한일사전,2470d0a1a3ad4b08b0bf7fb5584f2b13,落ち着く,94,0,surface,한국어 뜻 직접 일치어 없음,https://ja.dict.naver.com/#/search?query=%E8%90%BD%E3%81%A1%E7%9D%80%E3%81%8F
w_8619b2bfc1bda7fc,N4,いたす,いたす,하다(겸양어),人を死に致す,사람을 죽게 하다,민중서림 엣센스 일한사전,610d2fe590a64132ace37b25683dcf6e,いたす 하다 겸양어,151,0,surface,한국어 뜻 직접 일치어 없음,https://ja.dict.naver.com/#/search?query=%E3%81%84%E3%81%9F%E3%81%99
w_8619e53d00fa496b,N4,注意,ちゅうい,주의,警戒[注意、再考]の要がある,"경계[주의, 재고]할 필요가 있다",민중서림 엣센스 일한사전,f50dc4051a4b4fff9dfdb4b44aca7210,注意,102,,,네이버 예문 ID 중복; 일본어 예문 문장 중복,https://ja.dict.naver.com/#/search?query=%E6%B3%A8%E6%84%8F
w_862fd53a302dc121,N2,適応する,てきおうする,적응하다,新しい環境に適応する.,새로운 환경에 적응하다,민중서림 엣센스 한일사전,a312cc43345948758b6d5fadf23a63ea,適応する 적응하다,134,1,surface,네이버 예문 ID 중복; 일본어 예문 문장 중복,https://ja.dict.naver.com/#/search?query=%E9%81%A9%E5%BF%9C%E3%81%99%E3%82%8B
w_865bf62197097b3c,N2,恵まれる,めぐまれる,"혜택받다,은혜받다",撮影の旅に出ると，時折，野鳥や動物のシャッター・チャンスに恵まれる,촬영 여행에 나가면 때로는 들새나 동물 촬영의 결정적 순간을 만나게 된다.,민중서림 엣센스 외래어사전,c8c6dcdd77154584a5dffc27fee1a8b4,恵まれる,122,0,surface,한국어 뜻 직접 일치어 없음; 네이버 예문 ID 중복; 일본어 예문 문장 중복,https://ja.dict.naver.com/#/search?query=%E6%81%B5%E3%81%BE%E3%82%8C%E3%82%8B
w_865c7dcc348fe95c,N3,馬,うま,말,無印の馬が優勝する,예상 밖의 말이 우승하다.,민중서림 엣센스 일한사전,2d42e576c30c44d5a0122f9e55b7379c,馬 말,117,0,surface,한국어 뜻 직접 일치어 없음,https://ja.dict.naver.com/#/search?query=%E9%A6%AC
w_86fa3ff38f45c9f6,N2,お先に,おさきに,"전, 후 당신, 너",用事があるので、お先に失礼します,볼일이 있어 먼저 실례하겠습니다,민중서림 엣센스 일한사전,ee78bfa1ddb146dfba767478c1a23fcd,お先に,102,0,surface,한국어 뜻 직접 일치어 없음,https://ja.dict.naver.com/#/search?query=%E3%81%8A%E5%85%88%E3%81%AB
w_871d839872345899,N4,暗い,くらい,어둡다,いつも暗い顔をしている.,늘 어두운 얼굴을 하고 있다,민중서림 엣센스 한일사전,363e7dd3c2f54a4eb3e41590fca192ce,暗い,102,,,네이버 예문 ID 중복; 일본어 예문 문장 중복,https://ja.dict.naver.com/#/search?query=%E6%9A%97%E3%81%84
w_87351a3c5f2160a9,N5,ときどき,ときどき,때때로,時々、皮膚にちくっとした痛みを感じる,때때로 피부에 따끔한 통증을 느낀다,민중서림 엣센스 일한사전,fe5fa09c285b4d1a91c12be33b663cbc,ときどき 때때로,176,1,surface,네이버 예문 ID 중복; 일본어 예문 문장 중복,https://ja.dict.naver.com/#/search?query=%E3%81%A8%E3%81%8D%E3%81%A9%E3%81%8D
w_876ce9a1dd2dbf62,N3,岩,いわ,바위,舟の底が岩に触る,배 밑이 바위[암초]에 닿다,민중서림 엣센스 일한사전,2a3e9e9b15d34907a6971fe782519b6c,岩 바위,129,1,surface,네이버 예문 ID 중복; 일본어 예문 문장 중복,https://ja.dict.naver.com/#/search?query=%E5%B2%A9
w_8792ea57aa63827c,N1,有力,ゆうりょく,유력함,彼には有力なバックがある.,그에게는 유력한 백이 있다,민중서림 엣센스 한일사전,cef98967149f4db7a8a8da8677295d5a,有力 유력함,122,0,surface,한국어 뜻 직접 일치어 없음,https://ja.dict.naver.com/#/search?query=%E6%9C%89%E5%8A%9B
w_87d6d130008c550c,N2,プラットホーム,プラットホーム,"플랫폼, 승강장",プラットホームまで兄を出迎える.,플랫폼까지 형을 마중 나가다,민중서림 엣센스 한일사전,1365e4e9fd2f47d2bc9521be45b22623,プラットホーム 플랫폼 승강장,134,1,surface,네이버 예문 ID 중복; 일본어 예문 문장 중복,https://ja.dict.naver.com/#/search?query=%E3%83%97%E3%83%A9%E3%83%83%E3%83%88%E3%83%9B%E3%83%BC%E3%83%A0
w_87d7f6a57f6aac81,N1,究明する,きゅうめいする,규명하다,紛争の内因を究明する.,분쟁의 내인을 규명하다,민중서림 엣센스 한일사전,0514abb4818845188beeaadab07cbd51,究明する 규명하다,134,1,surface,네이버 예문 ID 중복; 일본어 예문 문장 중복,https://ja.dict.naver.com/#/search?query=%E7%A9%B6%E6%98%8E%E3%81%99%E3%82%8B
w_880411bf45f00ee7,N3,疲れる,つかれる,피곤하다,このごろは嫌なことばかり重なって疲れる.,요즘은 궂은일만 겹쳐서 피곤하다,민중서림 엣센스 한일사전,2eefab30429842f6973cc8df75a4de6c,疲れる,134,1,surface,네이버 예문 ID 중복; 일본어 예문 문장 중복,https://ja.dict.naver.com/#/search?query=%E7%96%B2%E3%82%8C%E3%82%8B
w_8850b3a80af81e01,N3,予定,よてい,예정,"対策[予定, 方針, 計画]を立てる","대책[예정, 방침, 계획]을 세우다",민중서림 엣센스 한일사전,90320fd1c7774da18bfb81789ce59011,予定 예정,134,1,surface,네이버 예문 ID 중복; 일본어 예문 문장 중복,https://ja.dict.naver.com/#/search?query=%E4%BA%88%E5%AE%9A
w_8870a1086ece654b,N3,円,えん,"원, 동그라미, 엔",100円ショップのようなワンダラーショップが人気だそうだ,100엔 숍과 같은 원 달러 숍이 인기라고 한다,민중서림 엣센스 일한사전,05d2fbb9fe844724b4be74a087400f7c,円 원 동그라미 엔,117,0,surface,한국어 뜻 직접 일치어 없음,https://ja.dict.naver.com/#/search?query=%E5%86%86
w_88b3a30600dd8600,N1,顎,あご,턱,久しぶりに喜劇を見て、顎が外れるほど笑った,오래간만에 희극을[코미디를] 보고 턱이 빠질 정도로 크게 웃었다,민중서림 엣센스 일한사전,35cb7279cda548dda0f1b239506ffd5d,顎 턱,122,0,surface,한국어 뜻 직접 일치어 없음; 네이버 예문 ID 중복; 일본어 예문 문장 중복,https://ja.dict.naver.com/#/search?query=%E9%A1%8E
w_88d4a0016b8cd6a1,N1,重複,ちょうふく,중복,同じ広告を重複して掲載する,같은 광고를 중복해서 게재하다,민중서림 엣센스 일한사전,12aff7d5f36241738261a61c4c7c8b51,重複 중복,129,1,surface,네이버 예문 ID 중복; 일본어 예문 문장 중복,https://ja.dict.naver.com/#/search?query=%E9%87%8D%E8%A4%87
w_89e001a5ce85e728,N5,きれいです,きれいです,깨끗합니다,両者の顔を見ればどれほどパンチをくらったのか分かりますが、チャンピオンの顔はきれいです。,"두 사람의 얼굴을 보면 얼마나 펀치를 맞았는지 알 수 있습니다만, 챔피언의 얼굴은 깨끗합니다.",플리토,e36dd87c5b534841ae5c4a3514f5a9a8,きれいです 깨끗합니다,132,1,surface,우선 검수 출처,https://ja.dict.naver.com/#/search?query=%E3%81%8D%E3%82%8C%E3%81%84%E3%81%A7%E3%81%99
w_8a2ad47b70efabde,N1,原則,げんそく,"원칙, 일반 규칙",この原則を受け入れる用意がある.,이 원칙을 받아들일 용의가 있다,민중서림 엣센스 한일사전,b06cc548674340d9a817b59a5b269c85,原則,102,,,네이버 예문 ID 중복; 일본어 예문 문장 중복,https://ja.dict.naver.com/#/search?query=%E5%8E%9F%E5%89%87
w_8a39016e9b870ca8,N4,血,ち,"피, 혈액",血を少し採って血液型を検査する.,피를 조금 뽑아서 혈액형을 검사하다,민중서림 엣센스 한일사전,e04761fa67934bc8820c2bb364a35471,血 피 혈액,126,1,surface,네이버 예문 ID 중복; 일본어 예문 문장 중복,https://ja.dict.naver.com/#/search?query=%E8%A1%80
w_8a99250feb972dd9,N2,熱する,ねっする,"데우다, 가열하다",討論が熱する.,토론이 열기를 띠다,민중서림 엣센스 한일사전,16fede8c19084064b567271d3cacfcce,熱する,122,0,surface,한국어 뜻 직접 일치어 없음,https://ja.dict.naver.com/#/search?query=%E7%86%B1%E3%81%99%E3%82%8B
w_8ab0cb6313ded950,N1,ブーム,ブーム,붐,グルメ・ブームが台所にも浸透した,미식 붐이 주방에도 침투하였다.,민중서림 엣센스 외래어사전,3268656438c84170b3e9609f0c279b44,ブーム 붐,117,0,surface,한국어 뜻 직접 일치어 없음,https://ja.dict.naver.com/#/search?query=%E3%83%96%E3%83%BC%E3%83%A0
w_8abfd2bb2953f1cf,N2,解消,かいしょう,해소,市民の不満を解消する政策を掲げる,시민의 불만을 해소하는 정책을 내세우다,민중서림 엣센스 일한사전,1d772d0de2494b49a10388d10f285531,解消 해소,129,1,surface,네이버 예문 ID 중복; 일본어 예문 문장 중복,https://ja.dict.naver.com/#/search?query=%E8%A7%A3%E6%B6%88
w_8ac4eada4258fbd5,N2,大分,だいぶん,"꽤, 상당히",貯金が大分たまった,저금한 돈이 꽤 모였다,민중서림 엣센스 일한사전,446128678c0b4e45b067a0f2e8fa0be8,大分 꽤 상당히,117,0,surface,한국어 뜻 직접 일치어 없음,https://ja.dict.naver.com/#/search?query=%E5%A4%A7%E5%88%86
w_8b888dc109fd5ddb,N2,消極的,しょうきょくてき,수동적인,消極的な姿勢[煮え切らない態度]に苛立ちを覚える,소극적인 자세[미온적인 태도]에 초조함을 느끼다[조바심을 내다],민중서림 엣센스 일한사전,a75a83a95fee455e9b4013ab5a83af4c,消極的,89,0,surface,한국어 뜻 직접 일치어 없음,https://ja.dict.naver.com/#/search?query=%E6%B6%88%E6%A5%B5%E7%9A%84
w_8bdc1679feec4bca,N1,分厚い,ぶあつい,"두툼하다,두껍다",分厚い資料を手渡される,두툼한 자료를 건네받다,민중서림 엣센스 일한사전,d045f794e1fc4eae92bd9d0ed8933a88,分厚い,117,0,surface,한국어 뜻 직접 일치어 없음,https://ja.dict.naver.com/#/search?query=%E5%88%86%E5%8E%9A%E3%81%84
w_8c40c83858c8e723,N4,焼ける,やける,"타다, 구워지다",焚き火をしながら炭が焼ける,모닥불을 피우며 숯이 구워지다,민중서림 엣센스 일한사전,03884b6767744bb6b769114bae970374,焼ける,129,1,surface,네이버 예문 ID 중복; 일본어 예문 문장 중복,https://ja.dict.naver.com/#/search?query=%E7%84%BC%E3%81%91%E3%82%8B
w_8c51116b2df3d347,N2,平凡,へいぼん,평범함,練習してはいるが、記録は平凡だ,연습은 하고 있으나 기록은 평범하다,민중서림 엣센스 일한사전,0f24cbbda3f54142b443ec7c6c4d8720,平凡 평범함,122,0,surface,한국어 뜻 직접 일치어 없음; 네이버 예문 ID 중복; 일본어 예문 문장 중복,https://ja.dict.naver.com/#/search?query=%E5%B9%B3%E5%87%A1
w_8c5ba27566d30169,N3,活用,かつよう,활용; (문법) 활용,膨大な量のデータを活用する,방대한 양의 데이터를 활용하다,민중서림 엣센스 일한사전,a44c413740194a17b70874f30ed15901,活用 활용 문법 활용,129,1,surface,네이버 예문 ID 중복; 일본어 예문 문장 중복,https://ja.dict.naver.com/#/search?query=%E6%B4%BB%E7%94%A8
w_8c833afbe284fa11,N1,天,てん,"하늘, 천국",言葉は舞い上がり、思いは沈む。心情のこもらない言葉は、決して天には届かない。 (ウィリアム・シェイクスピア),"나의 기도는 하늘로 비상하나 나의 마음은 지상에 머물러 있구나. 진정한 마음이 담기지 않은 기도가 어찌 천국에 다다를 수 있으랴. (윌리엄 셰익스피어, 햄릿, 언어명언)",명언/속담,f91d1887436e42a582670686e58ed039,天 하늘 천국,136,2,surface,우선 검수 출처,https://ja.dict.naver.com/#/search?query=%E5%A4%A9
w_8c9397dee5f57aaf,N2,五十音,ごじゅうおん,"일본의, 일본어 음절 문자표",単語をアルファベット[五十音]順に配列しなおした.,단어를 알파벳[가나다]순으로 다시 배열했다,민중서림 엣센스 한일사전,e70ccb2326b448d0b41ad0bf305918f8,五十音,114,0,surface,한국어 뜻 직접 일치어 없음,https://ja.dict.naver.com/#/search?query=%E4%BA%94%E5%8D%81%E9%9F%B3
w_8c9c8008920023c3,N1,動員,どういん,동원,工事に延べ2万人が動員された.,공사에 연 2만 명이 동원되었다,민중서림 엣센스 한일사전,24e8e8adc3ba496191b88acfef7d6153,動員 동원,134,1,surface,네이버 예문 ID 중복; 일본어 예문 문장 중복,https://ja.dict.naver.com/#/search?query=%E5%8B%95%E5%93%A1
w_8ca9f1dd07be21d5,N1,麻,あさ,"삼, 마",麻レーヨンやコットン・ジャージなど柔らかい材質のジャケットに，スカーフのようなネクタイを組み合わせた,마(麻)레이온이나 면 저지 등 부드러운 재질로 된 재킷에 스카프 같은 넥타이를 조화시켰다.,민중서림 엣센스 외래어사전,7c85af381d8f4d1291402c19feae205a,麻 삼 마,122,0,surface,한국어 뜻 직접 일치어 없음,https://ja.dict.naver.com/#/search?query=%E9%BA%BB
w_8cab62ce1744b927,N2,対立,たいりつ,대립,各国の利害が対立し、交渉は難航を極めていた,각국의 이해가 대립하며 교섭은 난항을 거듭하고 있었다,민중서림 엣센스 일한사전,7cb6ba7641a04c7398d40deb162de67f,対立 대립,134,1,surface,네이버 예문 ID 중복; 일본어 예문 문장 중복,https://ja.dict.naver.com/#/search?query=%E5%AF%BE%E7%AB%8B
w_8cc2ed324ee1f9d0,N1,術,すべ,방법,それ以外に説明できる術がないんです。,그 밖에 달리 설명할 방법이 없어요.,사전연구사,4f9d8650fafc4dd6988ee1f531516ec7,術 방법,132,1,surface,네이버 예문 ID 중복; 일본어 예문 문장 중복,https://ja.dict.naver.com/#/search?query=%E8%A1%93
w_8cc945ebe05fb345,N5,くらい,くらい,어둡다,いつも暗い顔をしている.,늘 어두운 얼굴을 하고 있다,민중서림 엣센스 한일사전,363e7dd3c2f54a4eb3e41590fca192ce,くらい 어둡다,164,0,surface,한국어 뜻 직접 일치어 없음; 네이버 예문 ID 중복; 일본어 예문 문장 중복,https://ja.dict.naver.com/#/search?query=%E3%81%8F%E3%82%89%E3%81%84
w_8cd46d00b7c015a8,N4,郊外,こうがい,교외,都心から離れ、郊外に移住する,도심에서 벗어나 교외로 이주하다,민중서림 엣센스 일한사전,43d787416cdc4650985e31ceeb373f84,郊外,102,,,네이버 예문 ID 중복; 일본어 예문 문장 중복,https://ja.dict.naver.com/#/search?query=%E9%83%8A%E5%A4%96
w_8cd59a37580c63ca,N1,セックス,セックス,"성별, 성",セックス[性]に目覚める年ごろ,성에 눈뜰 나이,민중서림 엣센스 한일사전,d2ffcc0343ff40ba882cd3c2f33e43e3,セックス 성별 성,109,0,surface,한국어 뜻 직접 일치어 없음,https://ja.dict.naver.com/#/search?query=%E3%82%BB%E3%83%83%E3%82%AF%E3%82%B9
w_8ce7129fab26d810,N3,文明,ぶんめい,문명,文明は川の流域で発祥した.,문명은 강 유역에서 발상하였다,민중서림 엣센스 한일사전,313c21c42abc4069bf75a9c9ca9f0eb3,文明 문명,134,1,surface,네이버 예문 ID 중복; 일본어 예문 문장 중복,https://ja.dict.naver.com/#/search?query=%E6%96%87%E6%98%8E
w_8d1fe04531c739e0,N3,就職,しゅうしょく,취직,"選挙[就職, 野外]運動をする.","선거[취직, 야외] 운동을 하다",민중서림 엣센스 한일사전,c4c8b0310a45496f878ffd54ad3e5ac6,就職 취직,134,1,surface,네이버 예문 ID 중복; 일본어 예문 문장 중복,https://ja.dict.naver.com/#/search?query=%E5%B0%B1%E8%81%B7
w_8d526aa1c09b62a2,N4,楽しい,たのしい,즐겁다,外出は子供の視点から見てみるとよりいっそう楽しいものなのです。(ラワナ・ブラックウェル),"소풍은 우리가 아이의 눈을 통해 음미할 수 있을 때 훨씬 더 즐겁다. (라와나 블랙웰, 가족명언)",명언/속담,b166ec8377894d58994cb6aedf5cbc80,楽しい 즐겁다,124,1,surface,우선 검수 출처; 네이버 예문 ID 중복; 일본어 예문 문장 중복,https://ja.dict.naver.com/#/search?query=%E6%A5%BD%E3%81%97%E3%81%84
w_8d691c6743afec92,N1,嗜好,しこう,"맛, 호감, 취향",嗜好が変わる,기호가 바뀌다,민중서림 엣센스 일한사전,cbf9253573d84d3b82a99eb290b87e33,嗜好,117,0,surface,한국어 뜻 직접 일치어 없음,https://ja.dict.naver.com/#/search?query=%E5%97%9C%E5%A5%BD
w_8d6e887ea2a8b1d8,N5,すき,すき,좋아함,食べ物は熱いのが好きだ.,음식은 뜨거운 것을 좋아한다,민중서림 엣센스 한일사전,cc6f586793a247fba162ce1bb4c6d121,すき 좋아함,164,0,surface,한국어 뜻 직접 일치어 없음,https://ja.dict.naver.com/#/search?query=%E3%81%99%E3%81%8D
w_8d80f6bb70b2d48c,N1,不順,ふじゅん,"불순,순탄치못함",天気が不順だ.,날씨가 고르지 못하다,민중서림 엣센스 한일사전,d7d768a421964dc0af336369993036e9,不順,122,0,surface,한국어 뜻 직접 일치어 없음,https://ja.dict.naver.com/#/search?query=%E4%B8%8D%E9%A0%86
w_8db337d8417bbad0,N2,公正,こうせい,공정함,Ｋ党に対して公正な時間を与えようとか公正な機会を与えることはかえってフェアネスでなくなる,K당에 대하여 공정한 시간을 주자거나 공정한 기회를 주는 것은 도리어 공평치 못하게 된다.,민중서림 엣센스 외래어사전,b64012a972754587b99c6abbba4a35ea,公正 공정함,117,0,surface,한국어 뜻 직접 일치어 없음,https://ja.dict.naver.com/#/search?query=%E5%85%AC%E6%AD%A3
w_8df19d905b86c5af,N3,芸術,げいじゅつ,예술,芸術の方面に関心がある.,예술 방면에 관심이 있다,민중서림 엣센스 한일사전,e1cb3630a65247c0a163e03708e2f698,芸術 예술,134,1,surface,네이버 예문 ID 중복; 일본어 예문 문장 중복,https://ja.dict.naver.com/#/search?query=%E8%8A%B8%E8%A1%93
w_8e1f2c0802cc7348,N4,褒める,ほめる,칭찬하다,お利口さんね!と褒める,영리한 아이구나!라고 칭찬하다,민중서림 엣센스 일한사전,337e7dff210c4cdf9a06a4448921c16a,褒める,134,1,surface,네이버 예문 ID 중복; 일본어 예문 문장 중복,https://ja.dict.naver.com/#/search?query=%E8%A4%92%E3%82%81%E3%82%8B
w_8e3cd551ef6f1b87,N1,器,うつわ,그릇,器に果物をいっぱい盛る.,그릇에 과일을 하나 가득 담다,민중서림 엣센스 한일사전,4e9f96f9b42a4c0dacd26d78180bf8cd,器,102,,,네이버 예문 ID 중복; 일본어 예문 문장 중복,https://ja.dict.naver.com/#/search?query=%E5%99%A8
w_8e43eb0b41b8b3b2,N3,物語,ものがたり,이야기,この物語の構成はよく出来ている.,이 이야기의 구성은 잘되어 있다,민중서림 엣센스 한일사전,6d5e6288a35c459da305fdb6140b0f7f,物語 이야기,134,1,surface,네이버 예문 ID 중복; 일본어 예문 문장 중복,https://ja.dict.naver.com/#/search?query=%E7%89%A9%E8%AA%9E
w_8e5fc40297a3d335,N2,速力,そくりょく,속도,速力が落ちる,속력이 떨어지다,민중서림 엣센스 일한사전,8a4532c3e03f41e3ae74cfff78006089,速力,117,0,surface,한국어 뜻 직접 일치어 없음,https://ja.dict.naver.com/#/search?query=%E9%80%9F%E5%8A%9B
w_8e7a61c6eaeb6fa5,N4,草,くさ,"풀, 잔디",この草は食用になる.,이 풀은 식용이 된다,민중서림 엣센스 한일사전,98b3360d1f344f8d9876400e781d195d,草 풀 잔디,122,0,surface,한국어 뜻 직접 일치어 없음,https://ja.dict.naver.com/#/search?query=%E8%8D%89
w_8eb8b9611ad0e755,N4,洋服,ようふく,"양복, 서양식 옷",洋服[和服]がよく似合う,양복[일본 옷]이 잘 어울리다,민중서림 엣센스 일한사전,00da14080788433a8dc5a803150c4a92,洋服 양복 서양식 옷,121,1,surface,네이버 예문 ID 중복; 일본어 예문 문장 중복,https://ja.dict.naver.com/#/search?query=%E6%B4%8B%E6%9C%8D
w_8ed0bef131adb294,N2,浮かぶ,うかぶ,"뜨다, 떠오르다",浮かぶ瀬がない.,셈평 펴일 날이 없다,민중서림 엣센스 한일사전,85c10a52197045f0ac8d96370b4b9111,浮かぶ,122,0,surface,한국어 뜻 직접 일치어 없음,https://ja.dict.naver.com/#/search?query=%E6%B5%AE%E3%81%8B%E3%81%B6
w_8efd4d5e30a414c9,N3,枯れる,かれる,시들다,煙害で山林が枯れる,연기 피해로 산림이 시들다.,민중서림 엣센스 일한사전,53619cf9031043909154a3cc81c8e004,枯れる 시들다,129,1,surface,네이버 예문 ID 중복; 일본어 예문 문장 중복,https://ja.dict.naver.com/#/search?query=%E6%9E%AF%E3%82%8C%E3%82%8B
w_8f43b180efb6a864,N2,虹,にじ,무지개,南の空に虹が出た.,남쪽 하늘에 무지개가 섰다,민중서림 엣센스 한일사전,1aed46b7ed824e8d8349a3a5c46057c4,虹 무지개,134,1,surface,네이버 예문 ID 중복; 일본어 예문 문장 중복,https://ja.dict.naver.com/#/search?query=%E8%99%B9
w_8f924af4a9ea06b9,N2,紺,こん,"남색, 짙은 파랑",紺のセーターを着て，白いコットン・パンツをはいていた,감색 스웨터를 입고 흰면(綿) 바지를 입고 있었다.,민중서림 엣센스 외래어사전,28c43098eb0a480b9814f3fa8030b87f,紺,122,0,surface,한국어 뜻 직접 일치어 없음,https://ja.dict.naver.com/#/search?query=%E7%B4%BA
w_8fa803c957f558d8,N1,商う,あきなう,장사하다,古物を商う.,고물 장사를 하다,민중서림 엣센스 한일사전,f72ad4936b0540aab71417d00fd09afe,商う,114,0,surface,한국어 뜻 직접 일치어 없음,https://ja.dict.naver.com/#/search?query=%E5%95%86%E3%81%86
w_8fad3869170794a3,N1,ポジション,ポジション,"위치, 직위",ホームポジションとは攻守において自分の基準となる位置だ。,홈 포지션과는 공수에 있어서 자신의 기준이 되는 위치이다.,플리토,627a2a30ff0c4093b7faa7d24d3db799,ポジション 위치 직위,132,1,surface,우선 검수 출처,https://ja.dict.naver.com/#/search?query=%E3%83%9D%E3%82%B8%E3%82%B7%E3%83%A7%E3%83%B3
w_8fdcc4961a0171a0,N3,スター,スター,별,スターになる,스타가 되다.,민중서림 엣센스 외래어사전,2d715cc223b74ad1b2de28dd5c479774,スター,117,0,surface,한국어 뜻 직접 일치어 없음,https://ja.dict.naver.com/#/search?query=%E3%82%B9%E3%82%BF%E3%83%BC
w_8fed8addd039ba92,N3,客がたくさんいる,きゃくがたくさんいる,손님이 많이 있다,世間を騒がせたある殺人事件の犯人の裁判には傍聴を申請した傍聴客がたくさんいた。,세상을 떠들썩하게 한 살인 사건의 범인의 재판에는 방청을 신청한 방청객이 많았다.,국립국어원 한국어-일본어 학습사전,f27b292c39b34ee0aa10e8ac4cdad924,客がたくさんいる,20,0,stem,한국어 뜻 직접 일치어 없음; 활용 어간으로만 목표어 확인; 자동 선택 점수 80 미만,https://ja.dict.naver.com/#/search?query=%E5%AE%A2%E3%81%8C%E3%81%9F%E3%81%8F%E3%81%95%E3%82%93%E3%81%84%E3%82%8B
w_8feee8319988162f,N1,修行,しゅぎょう,"수행, 수련",修行の一つとして滝に打たれる.,수행의 하나로 폭포수를 맞다,민중서림 엣센스 한일사전,991625e6ad184b038d54dba712e667cf,修行 수행 수련,134,1,surface,네이버 예문 ID 중복; 일본어 예문 문장 중복,https://ja.dict.naver.com/#/search?query=%E4%BF%AE%E8%A1%8C
w_901e9473e86b14cd,N5,また,また,또,また悪をした,또 나쁜 짓을 했다.,민중서림 엣센스 일한사전,94e082249f214049a74b73a190f5db9f,また 또,117,0,surface,한국어 뜻 직접 일치어 없음,https://ja.dict.naver.com/#/search?query=%E3%81%BE%E3%81%9F
w_901f77d9d5da56ba,N1,軌道,きどう,궤도,事業を正常の軌道に乗せる.,사업을 정상 궤도에 올리다,민중서림 엣센스 한일사전,9f4f4c6e70db466cb327a96cdb215561,軌道 궤도,134,1,surface,네이버 예문 ID 중복; 일본어 예문 문장 중복,https://ja.dict.naver.com/#/search?query=%E8%BB%8C%E9%81%93
w_9025c655eedd7094,N1,陥る,おちいる,나쁜상황에빠지다,邪慾に迷って不義に陥る.,사욕에 미혹되어 불의에 빠지다,민중서림 엣센스 한일사전,265e6739e91e4f37a02c99c41722a0d5,陥る,122,0,surface,한국어 뜻 직접 일치어 없음,https://ja.dict.naver.com/#/search?query=%E9%99%A5%E3%82%8B
w_903dae423c5d9b47,N3,荷物,にもつ,짐,荷物を持たせる,짐을 들고 가게 하다,민중서림 엣센스 일한사전,1e8dc0f9e51f433e8cdfaae1b4959184,荷物 짐,117,0,surface,한국어 뜻 직접 일치어 없음,https://ja.dict.naver.com/#/search?query=%E8%8D%B7%E7%89%A9
w_9092ea68f72469c1,N1,多忙,たぼう,바쁜,多忙な蜜蜂には悲しむ暇がない。(ウィリアム・ブレイク),"바쁜 벌은 슬퍼할 시간이 없다. (윌리엄 블레이크, 행복명언)",명언/속담,bbbabb090f294616b382da2fad15db87,多忙 바쁜,124,1,surface,우선 검수 출처,https://ja.dict.naver.com/#/search?query=%E5%A4%9A%E5%BF%99
w_90b4dd79bc0d9463,N2,直ちに,ただちに,금새,"葬儀を行って即日,直ちに上京した.",장사를 지내고 당일로 곧바로 상경하였다,민중서림 엣센스 한일사전,b564c32f3c6e4674af3f299f360ee726,直ちに,122,0,surface,한국어 뜻 직접 일치어 없음,https://ja.dict.naver.com/#/search?query=%E7%9B%B4%E3%81%A1%E3%81%AB
w_916bc0f753534707,N4,開く,ひらく,"열리다, 열다",客を請じて宴を開く.,손님을 청해 연회를 열다,민중서림 엣센스 한일사전,f634990c58564b718d6a848636027d40,開く,94,,,네이버 예문 ID 중복; 일본어 예문 문장 중복,https://ja.dict.naver.com/#/search?query=%E9%96%8B%E3%81%8F
w_91817427730be04c,N1,閉鎖する,へいさする,폐쇄하다,門を閉鎖する.,문을 폐쇄하다,민중서림 엣센스 한일사전,989d1ba2a3f245d5b33d35bbdb2afc77,閉鎖する 폐쇄하다,134,1,surface,네이버 예문 ID 중복; 일본어 예문 문장 중복,https://ja.dict.naver.com/#/search?query=%E9%96%89%E9%8E%96%E3%81%99%E3%82%8B
w_91a64089e0258a6c,N1,河川,かせん,강,その川下は広い河川でまるで海のような気がする。,그 강의 하류는 넓은 강하로 마치 바다 같은 느낌이 든다.,국립국어원 한국어-일본어 학습사전,47db6604f8e14c0293345e76d7700881,河川 강,102,0,surface,한국어 뜻 직접 일치어 없음,https://ja.dict.naver.com/#/search?query=%E6%B2%B3%E5%B7%9D
w_91bb676907eba5da,N3,空席,くうせき,"공석, 빈자리",満員で空席がない.,만원으로 빈자리가 없다,민중서림 엣센스 한일사전,0a96796dca9a43bca5ae2ab16bd75052,空席 공석 빈자리,134,1,surface,네이버 예문 ID 중복; 일본어 예문 문장 중복,https://ja.dict.naver.com/#/search?query=%E7%A9%BA%E5%B8%AD
w_91c6df1ecc084985,N3,医院,いいん,"의원, 병원",腕前が良いと評判の医員の病院は、明け方から患者たちで長蛇の列をなした。,용하다고 소문이 난 의원의 병원은 새벽부터 환자들로 장사진을 이루었다.,국립국어원 한국어-일본어 학습사전,1d476a9bc61949eb89ef1948a57bf420,医院 의원 병원,118,2,jmdict-form,JMdict 보조 표기로 목표어 확인,https://ja.dict.naver.com/#/search?query=%E5%8C%BB%E9%99%A2
w_9200ebb3b9a05823,N5,山,やま,산,湖水に山の影が映っている.,호수에 산 그림자가 비쳐 있다,민중서림 엣센스 한일사전,9ce9187167cd431788fd38e633690667,山 산,122,0,surface,한국어 뜻 직접 일치어 없음,https://ja.dict.naver.com/#/search?query=%E5%B1%B1
w_922352fdc37d1ea2,N1,克明な,こくめいな,"극명한,매우세밀한",克明な描写,정확하고 세밀한 묘사,민중서림 엣센스 일한사전,952477d211f642b4b425215bec5832e2,克明な 극명한 매우세밀한,72,0,surface,한국어 뜻 직접 일치어 없음; 자동 선택 점수 80 미만,https://ja.dict.naver.com/#/search?query=%E5%85%8B%E6%98%8E%E3%81%AA
w_922465604dc39d60,N4,使う,つかう,사용하다,金を余さず使う.,한 푼도 안 남기고 쓰다,민중서림 엣센스 한일사전,c6e75459dee64d8fb4ac011e49d20706,使う,114,0,surface,한국어 뜻 직접 일치어 없음,https://ja.dict.naver.com/#/search?query=%E4%BD%BF%E3%81%86
w_92515fbd8be28da0,N5,はし,はし,"다리, 교량",洪水に橋が押し流された.,홍수에 다리가 휩쓸려 갔다,민중서림 엣센스 한일사전,9d3116ecfafb4fbdb79c7d6b93d45580,はし 다리 교량,176,1,surface,네이버 예문 ID 중복; 일본어 예문 문장 중복,https://ja.dict.naver.com/#/search?query=%E3%81%AF%E3%81%97
w_926f4771fcecf598,N1,人込み,ひとごみ,"혼잡,북새통",人込みを抜ける,사람으로 붐비는 곳을 빠져나가다,민중서림 엣센스 일한사전,97faf379b96b4727a68f4112b4c6025b,人込み,159,0,surface,한국어 뜻 직접 일치어 없음,https://ja.dict.naver.com/#/search?query=%E4%BA%BA%E8%BE%BC%E3%81%BF
w_927239de110ba25e,N2,有難い,ありがたい,"고맙다, 감사하다",そう言ってくださって有難いです。,그렇게 말씀해 주시니 감사합니다.,사전연구사,e6add62602aa4b7d9b3122ce9fbb2c78,有難い,120,0,surface,한국어 뜻 직접 일치어 없음,https://ja.dict.naver.com/#/search?query=%E6%9C%89%E9%9B%A3%E3%81%84
w_927fd41084037694,N2,はきはき,はきはき,명확히,所帯やつれがして昔のはきはきした面影は少しもない.,살림때가 묻어 옛날의 시원시원하던 모습은 찾아볼 수 없다,민중서림 엣센스 한일사전,3e54b3ad159245a2bb16c61165a8f603,はきはき,122,0,surface,한국어 뜻 직접 일치어 없음,https://ja.dict.naver.com/#/search?query=%E3%81%AF%E3%81%8D%E3%81%AF%E3%81%8D
w_93470228cf879755,N2,辛い,つらい,괴롭다,異郷での生活はつらい,타향에서의 생활은 괴롭다,교학사 일한사전,5c9e5914b6bb4772876e6fbbe0b35cf0,辛い 괴롭다,69,1,reading,자동 선택 점수 80 미만,https://ja.dict.naver.com/#/search?query=%E8%BE%9B%E3%81%84
w_93507c9aecd20af4,N3,物価,ぶっか,물가,物価の上昇に歯止めをかける.,물가 상승에 제동을 걸다,민중서림 엣센스 한일사전,15faa47dc52e443d9c5be27922d67d2a,物価 물가,134,1,surface,네이버 예문 ID 중복; 일본어 예문 문장 중복,https://ja.dict.naver.com/#/search?query=%E7%89%A9%E4%BE%A1
w_938006f867662636,N2,急増する,きゅうぞうする,급증하다,4Kテレビの販売が急増する,4K TV 판매가 급증하다,민중서림 엣센스 일한사전,184a7b6e429d47568dd0af40e8f431d0,急増する 급증하다,129,1,surface,네이버 예문 ID 중복; 일본어 예문 문장 중복,https://ja.dict.naver.com/#/search?query=%E6%80%A5%E5%A2%97%E3%81%99%E3%82%8B
w_938608c46fd00ac2,N2,確かだ,たしかだ,확실하다,ほぼ確の情報,거의 확실한 정보,민중서림 엣센스 일한사전,0c572905c99b4c07ac024ed7edf6d5aa,確かだ 확실하다,25,0,stem,한국어 뜻 직접 일치어 없음; 활용 어간으로만 목표어 확인; 자동 선택 점수 80 미만,https://ja.dict.naver.com/#/search?query=%E7%A2%BA%E3%81%8B%E3%81%A0
w_93d81f41564b0400,N3,新た,あらた,"새로운, 신선한",新しく登壇した新人作家が文壇に新たな衝撃を与えてくれた。,새롭게 등단한 신인 작가가 문단에 신선한 충격을 안겨 주었다.,국립국어원 한국어-일본어 학습사전,b37d1e4fb9624b16a01afd5f1355bfc4,新た 새로운 신선한,74,1,surface,자동 선택 점수 80 미만,https://ja.dict.naver.com/#/search?query=%E6%96%B0%E3%81%9F
w_9424ad8f5a008305,N3,退屈,たいくつ,지루함,仕事は私たちを、退屈、悪徳、欲求という3つの巨大な悪から救う。(ヴォルテール),"노동은 세 개의 악, 즉, 지루함과 부도덕, 가난을 제거한다. (볼테르, 캉디드 (1759), 일명언)",명언/속담,d678bcc6f15041aba634299f498a6348,退屈 지루함,124,1,surface,우선 검수 출처,https://ja.dict.naver.com/#/search?query=%E9%80%80%E5%B1%88
w_946f396d0893894e,N3,異常,いじょう,"이상, 비정상",状態が異常に見える,상태가 이상한 것 같다,민중서림 엣센스 일한사전,ede5e5f2f133438fa6c5a68ec458fcbd,異常 이상 비정상,129,1,surface,네이버 예문 ID 중복; 일본어 예문 문장 중복,https://ja.dict.naver.com/#/search?query=%E7%95%B0%E5%B8%B8
w_946f6c21d9f9f4fd,N4,塗る,ぬる,"칠하다, 바르다",色を薄めに塗る,색을 좀 연하게 칠하다.,민중서림 엣센스 일한사전,d5305891659b47ba9ede373d4cabcadd,塗る,129,1,surface,네이버 예문 ID 중복; 일본어 예문 문장 중복,https://ja.dict.naver.com/#/search?query=%E5%A1%97%E3%82%8B
w_9494eebc5e3647b8,N4,舟,ふね,배,舟は波間を漂った.,배는 파도 사이를 표류했다,민중서림 엣센스 한일사전,140466df625b4b168a5facf04520818d,舟 배,122,0,surface,한국어 뜻 직접 일치어 없음,https://ja.dict.naver.com/#/search?query=%E8%88%9F
w_949c210aa0e199be,N3,明ける,あける,"날이 새다, 끝나다",夜が明渡る,날이 훤히 새다.,민중서림 엣센스 일한사전,6693afb3e0824a7f8956cd84c5217428,明ける 날이 새다 끝나다,79,2,stem,활용 어간으로만 목표어 확인; 자동 선택 점수 80 미만,https://ja.dict.naver.com/#/search?query=%E6%98%8E%E3%81%91%E3%82%8B
w_94c0adef044f3154,N2,失う,うしなう,"잃어버리다,놓치다",色を失う,실색하다; (놀라서) 얼굴빛이 변하다,민중서림 엣센스 일한사전,932fb0ba2d0b4c8b874d3d4f6e82b4ac,失う,109,0,surface,한국어 뜻 직접 일치어 없음,https://ja.dict.naver.com/#/search?query=%E5%A4%B1%E3%81%86
w_94e5e900e99061d0,N2,生け花,いけばな,꽃꽂이,生け花も一通りは心得ている,꽃꽂이도 대충은 알고 있다,민중서림 엣센스 일한사전,4c639550b99445dca9b882e3de950b56,生け花 꽃꽂이,151,1,surface,네이버 예문 ID 중복; 일본어 예문 문장 중복,https://ja.dict.naver.com/#/search?query=%E7%94%9F%E3%81%91%E8%8A%B1
w_9514f99a94cece27,N2,真っ青,まっさお,"새파랗다, 창백하다",恐ろしさのあまり顔が真っ青になった.,두려운 나머지 얼굴이 새파래졌다,민중서림 엣센스 한일사전,8c1a3e12d8814635a0bd832f18c0f8aa,真っ青,144,0,surface,한국어 뜻 직접 일치어 없음,https://ja.dict.naver.com/#/search?query=%E7%9C%9F%E3%81%A3%E9%9D%92
w_951746f7e1a78e82,N1,世論,せろん,여론,軍部は世論の圧力に屈した.,군부는 여론의 압력에 굴했다,민중서림 엣센스 한일사전,22fac9816820432ab5279a201815c61d,世論 여론,134,1,surface,네이버 예문 ID 중복; 일본어 예문 문장 중복,https://ja.dict.naver.com/#/search?query=%E4%B8%96%E8%AB%96
w_951bf4f0bb38a5c7,N2,貸家,かしや,"셋집, 임대 주택",家を貸家にする,집을 세놓다,민중서림 엣센스 일한사전,ebda2838b9d8435ab972f9895a905bb3,貸家,117,0,surface,한국어 뜻 직접 일치어 없음,https://ja.dict.naver.com/#/search?query=%E8%B2%B8%E5%AE%B6
w_95310e8a1f4380c6,N3,明確,めいかく,명확함,だれも明確な結論を下し得なかった.,누구도 명확한 결론을 내리지 못했다,민중서림 엣센스 한일사전,5316657818354c6da0965073d7ac9a9e,明確 명확함,122,0,surface,한국어 뜻 직접 일치어 없음,https://ja.dict.naver.com/#/search?query=%E6%98%8E%E7%A2%BA
w_956ff473b36e630f,N1,作戦,さくせん,작전,幕僚を集めて作戦を練る.,막료를 모아 작전을 짜다,민중서림 엣센스 한일사전,92c47005263a43a3b904461438b2299a,作戦,102,,,네이버 예문 ID 중복; 일본어 예문 문장 중복,https://ja.dict.naver.com/#/search?query=%E4%BD%9C%E6%88%A6
w_95c7513478ff8738,N3,混雑している,こんざつしている,혼잡하다,街は年の市で混雑している,거리는 대목장으로 혼잡을 이루고 있다.,민중서림 엣센스 일한사전,18edfc5f05db4f4ca57f41a46ad7908a,混雑している 혼잡하다,117,0,surface,한국어 뜻 직접 일치어 없음,https://ja.dict.naver.com/#/search?query=%E6%B7%B7%E9%9B%91%E3%81%97%E3%81%A6%E3%81%84%E3%82%8B
w_95eff4982a9ae779,N1,拗れる,こじれる,"(1) (병 등이)도지다 (2) (일, 이야기, 문제 등이)꼬이다",交渉が拗れる,교섭이 순조롭게 진행되지 않다,민중서림 엣센스 일한사전,15caf5fe14da4aff9104c73613fab965,拗れる,117,0,surface,한국어 뜻 직접 일치어 없음,https://ja.dict.naver.com/#/search?query=%E6%8B%97%E3%82%8C%E3%82%8B
w_961875f62e8b117b,N4,直る,なおる,고정되다,ゆがみが直る.,비뚤어진 것이 바로잡혀지다,민중서림 엣센스 한일사전,4450edfd2a424386ae29e50feb977aed,直る,122,0,surface,한국어 뜻 직접 일치어 없음,https://ja.dict.naver.com/#/search?query=%E7%9B%B4%E3%82%8B
w_9626fdb33e0fb4f7,N1,煩わしい,わずらわしい,"성가시다,번거롭다",許可を取るには煩わしい手続きが必要だ.,허가를 얻는 데는 번잡한 절차가 필요하다,민중서림 엣센스 한일사전,ba2015260c064e048d30b0572881532a,煩わしい,122,0,surface,한국어 뜻 직접 일치어 없음,https://ja.dict.naver.com/#/search?query=%E7%85%A9%E3%82%8F%E3%81%97%E3%81%84
w_966aa830c947e24f,N3,やり方,やりかた,방식,はたして彼のやり方には異色がある.,과연 그의 방식은 이색적이다,민중서림 엣센스 한일사전,8480d2f4be6e46b598063cb36f57f969,やり方 방식,114,1,surface,네이버 예문 ID 중복; 일본어 예문 문장 중복,https://ja.dict.naver.com/#/search?query=%E3%82%84%E3%82%8A%E6%96%B9
w_9676730e73fd8206,N1,辞任,じにん,사임,"読書[加入, 辞任]を勧める","독서를[가입, 사임을] 권하다",민중서림 엣센스 한일사전,78f63c9d87f04d6fa9331555bfdd9f67,辞任 사임,134,1,surface,네이버 예문 ID 중복; 일본어 예문 문장 중복,https://ja.dict.naver.com/#/search?query=%E8%BE%9E%E4%BB%BB
w_9712e4bb3dda5e5c,N1,ドライバー,ドライバー,운전기사; 드라이버(공구),ドライバーが自分で点検し，車検を受けるユーザー車検が増えている,운전자가 스스로 점검하고 차량 검사를 받는 ‘사용자 차량 검사’가 늘고 있다.,민중서림 엣센스 외래어사전,9d2e5f016820459a9aebdd6877d15182,ドライバー,110,,,네이버 예문 ID 중복; 일본어 예문 문장 중복,https://ja.dict.naver.com/#/search?query=%E3%83%89%E3%83%A9%E3%82%A4%E3%83%90%E3%83%BC
w_97890b178cdd48da,N1,没頭する,ぼっとうする,몰두하다,著作に没頭する.,저작에 몰두하다,민중서림 엣센스 한일사전,21f8f005877c4d5f97aab860f65e4a25,没頭する 몰두하다,134,1,surface,네이버 예문 ID 중복; 일본어 예문 문장 중복,https://ja.dict.naver.com/#/search?query=%E6%B2%A1%E9%A0%AD%E3%81%99%E3%82%8B
w_97a3b823f67674e9,N2,差し上げる,さしあげる,"드리다,바치다",お礼の手紙を差し上げる,감사의 편지를 드리다,교학사 일한사전,92a43141325c4d40959c1b0efdc214c8,差し上げる,127,1,surface,네이버 예문 ID 중복; 일본어 예문 문장 중복,https://ja.dict.naver.com/#/search?query=%E5%B7%AE%E3%81%97%E4%B8%8A%E3%81%92%E3%82%8B
w_97c3e5fdafc473b5,N3,敵,てき,적,敵を知り己を知る.,적을 알고 나를 알다,민중서림 엣센스 한일사전,e690e3265bdc4aeb9a69aa650d27ad18,敵 적,122,0,surface,한국어 뜻 직접 일치어 없음; 네이버 예문 ID 중복; 일본어 예문 문장 중복,https://ja.dict.naver.com/#/search?query=%E6%95%B5
w_97f721182a3b5485,N1,エキスパート,エキスパート,전문가,A社のLG400アルテックエキスパートを使用しています。,A사의 LG400 알테크 익스퍼트를 사용하고 있습니다.,플리토,2ac5f0840d8a4be4a32e60e3de4f9ea7,エキスパート,120,0,surface,한국어 뜻 직접 일치어 없음; 우선 검수 출처,https://ja.dict.naver.com/#/search?query=%E3%82%A8%E3%82%AD%E3%82%B9%E3%83%91%E3%83%BC%E3%83%88
w_97fd38bc63ce46e6,N3,方向,ほうこう,방향,山の方向を図上で調べる.,산의 방향을 도상에서 알아보다,민중서림 엣센스 한일사전,468bba94cd9e4a47be1bc3ecc9013834,方向 방향,134,1,surface,네이버 예문 ID 중복; 일본어 예문 문장 중복,https://ja.dict.naver.com/#/search?query=%E6%96%B9%E5%90%91
w_980d66f98bbc895c,N2,派手,はで,"화려함, 요란함",そのデザインは派手すぎます。,그 디자인은 너무 요란해요. (쇼핑>옷가게/신발가게>입어보기),글로벌회화,cbb1438c53c94181ae3fac3317203d45,派手 화려함 요란함,120,0,surface,한국어 뜻 직접 일치어 없음,https://ja.dict.naver.com/#/search?query=%E6%B4%BE%E6%89%8B
w_98601c5f9fe56540,N4,うまい,うまい,"(1) 맛있다, (2) 능숙하다",初めての挑戦ですが、1ラウンドと2ラウンドチャンピオンがうまいです。,"첫 도전이지만 1라운드와 2라운드, 챔피언이 잘합니다.",플리토,ef17ef36914647d6bee503d1129a82df,うまい 1 맛있다 2 능숙하다,120,0,surface,한국어 뜻 직접 일치어 없음; 우선 검수 출처,https://ja.dict.naver.com/#/search?query=%E3%81%86%E3%81%BE%E3%81%84
w_986228d6da6d8d7b,N1,気障,きざ,"거슬림, 아니꼬움",その言葉が気障に聞こえた,그 말이 아니꼽게 들렸다,민중서림 엣센스 일한사전,ac23a9eeadb84fe495612fd12cf5e83c,気障,117,0,surface,한국어 뜻 직접 일치어 없음,https://ja.dict.naver.com/#/search?query=%E6%B0%97%E9%9A%9C
w_9873f3727efa1340,N2,リズム,リズム,리듬,快いリズムに合わせて、ダンスを踊る,경쾌한[흥겨운] 리듬에 맞춰 춤을 추다,민중서림 엣센스 일한사전,8be9c548f33446fcbca63891ce856e2e,リズム 리듬,134,1,surface,네이버 예문 ID 중복; 일본어 예문 문장 중복,https://ja.dict.naver.com/#/search?query=%E3%83%AA%E3%82%BA%E3%83%A0
w_9898d6dcfbf040cb,N5,でんわ,でんわ,전화,電話を待っています。,전화를 기다리고 있어요. (전화>일반 전화통화>전화를 사용할 때),글로벌회화,44c3f2d82fff42c3bbf66549a0c7837a,でんわ 전화,174,1,surface,네이버 예문 ID 중복; 일본어 예문 문장 중복,https://ja.dict.naver.com/#/search?query=%E3%81%A7%E3%82%93%E3%82%8F
w_98d155aeefba6339,N2,丁寧だ,ていねいだ,정중하다,仕事は丁寧だ。其の代わり時間がかかる,일은 신중하게 한다. 그 대신 시간이 걸린다,교학사 일한사전,31bc2dbbc68045fd91969b58a49e5f6d,丁寧だ 정중하다,120,0,surface,한국어 뜻 직접 일치어 없음,https://ja.dict.naver.com/#/search?query=%E4%B8%81%E5%AF%A7%E3%81%A0
w_990cb75070dc4b99,N2,垂直,すいちょく,수직,アカンサスは巨大な花だ。…垂直に伸びる花穂は野球バットぐらいの大きさがある。,아칸서스는 거대한 꽃이다. …수직으로 뻗은 화수는 야구 방망이만 한 크기이다.,민중서림 엣센스 외래어사전,804c447f2e4b4cc5a1adf08188ca2614,垂直 수직,134,1,surface,네이버 예문 ID 중복; 일본어 예문 문장 중복,https://ja.dict.naver.com/#/search?query=%E5%9E%82%E7%9B%B4
w_992c1cacff9001b6,N3,銃,じゅう,총,片手にウィンチェスター銃，片手に聖書を持ち，あらくれたちの中で生きてきた強い女性だ,"한 손에 윈체스터 총, 한 손에 성서를 쥐고 우락부락한 자들 속에서 살아온 강한 여성이다.",민중서림 엣센스 외래어사전,69b3a2a71df64d79b56ef1a454d3b3a7,銃 총,164,0,surface,한국어 뜻 직접 일치어 없음,https://ja.dict.naver.com/#/search?query=%E9%8A%83
w_999820e48d7ba848,N4,お嬢さん,おじょうさん,"딸(누군가, 공손)",お嬢さん育ち,귀동딸로 자람,교학사 일한사전,f851e39cdd024278933709c2f1ec5a69,お嬢さん 딸 누군가 공손,65,0,surface,한국어 뜻 직접 일치어 없음; 자동 선택 점수 80 미만,https://ja.dict.naver.com/#/search?query=%E3%81%8A%E5%AC%A2%E3%81%95%E3%82%93
w_99c47cc1df2be37c,N5,おもい,おもい,무겁다,殺人に対する罪科は重い.,살인에 대한 죄과는 무겁다,민중서림 엣센스 한일사전,9feb696691ea44589f9b8228c85b81e8,おもい 무겁다,168,1,surface,네이버 예문 ID 중복; 일본어 예문 문장 중복,https://ja.dict.naver.com/#/search?query=%E3%81%8A%E3%82%82%E3%81%84
w_9a33906589fa3218,N1,合間,あいま,간격,仕事の合間に一服する,일하는 짬짬이 한 대 피우다,민중서림 엣센스 한일사전,1cacece582964b82aed9ab46cc8af0f6,合間,117,0,surface,한국어 뜻 직접 일치어 없음,https://ja.dict.naver.com/#/search?query=%E5%90%88%E9%96%93
w_9a395510e537f626,N1,放射,ほうしゃ,방사,熱が放射する,열을 방사하다; 열이 복사하다.,민중서림 엣센스 일한사전,0ee2ef5cb5104852a9b1c7e813a2844e,放射 방사,129,1,surface,네이버 예문 ID 중복; 일본어 예문 문장 중복,https://ja.dict.naver.com/#/search?query=%E6%94%BE%E5%B0%84
w_9a4c51456e181491,N1,極端な,きょくたんな,극단적인,メモリー・ボードの極端な不足から，混乱が広がっている,메모리 보드의 극단적인 부족으로 혼란이 확산돼 가고 있다.,민중서림 엣센스 외래어사전,82818844abda4b17ab19eb66ca770329,極端な 극단적인,134,1,surface,네이버 예문 ID 중복; 일본어 예문 문장 중복,https://ja.dict.naver.com/#/search?query=%E6%A5%B5%E7%AB%AF%E3%81%AA
w_9a51a473dc0e21a9,N1,噴出,ふんしゅつ,분출,原油が噴出する.,원유가 분출하다,민중서림 엣센스 한일사전,e24949b52ac1403f825a1247cf6a6c7c,噴出 분출,134,1,surface,네이버 예문 ID 중복; 일본어 예문 문장 중복,https://ja.dict.naver.com/#/search?query=%E5%99%B4%E5%87%BA
w_9a8ba75c78bfbd6d,N2,工事,こうじ,"건설, 구조 일하다, 작동하다",夜通し工事を進める,밤을 새워 공사를 진척시키다,민중서림 엣센스 일한사전,ae836f7021184bb5b407133680700b7c,工事,117,0,surface,한국어 뜻 직접 일치어 없음,https://ja.dict.naver.com/#/search?query=%E5%B7%A5%E4%BA%8B
w_9aa6a07aa9f7d0ed,N1,償う,つぐなう,보상하다,収支の償うところまでこぎ着ける,(간신히) 수지 균형이 맞는 단계에까지 이르다,민중서림 엣센스 일한사전,2a8335d65d1d4d15bd1cf4936f251e8e,償う,117,0,surface,한국어 뜻 직접 일치어 없음,https://ja.dict.naver.com/#/search?query=%E5%84%9F%E3%81%86
w_9ac4eb19ccb26979,N5,きらいです,きらいです,싫습니다,お好きですか。いいえ、嫌いです,"좋아하십니까? 아뇨, 싫어합니다",민중서림 엣센스 일한사전,b0dfd39f4ec940deb4f1305c585c38a1,きらいです,122,0,surface,한국어 뜻 직접 일치어 없음,https://ja.dict.naver.com/#/search?query=%E3%81%8D%E3%82%89%E3%81%84%E3%81%A7%E3%81%99
w_9ad32563f9a847c6,N2,自衛,じえい,자기 방어,自衛のための軍備が必要だ.,자위를 위한 군비가 필요하다,민중서림 엣센스 한일사전,4b1433e59c6f4e44a9f2213a31473145,自衛,122,0,surface,한국어 뜻 직접 일치어 없음,https://ja.dict.naver.com/#/search?query=%E8%87%AA%E8%A1%9B
w_9b381d3ac91fbe47,N1,丘陵,きゅうりょう,"구릉,언덕",なだらかな丘陵を縫うカントリー・ロードに沿って，中世の姿を残す素朴な村村が点在する,"완만한 구릉을 누비는 시골길을 따라, 중세의 모습을 엿보게 하는 소박한 마을들이 (여기저기) 점재해 있다.",민중서림 엣센스 외래어사전,90c33742850e49d58f306e35947925c3,丘陵 구릉 언덕,134,1,surface,네이버 예문 ID 중복; 일본어 예문 문장 중복,https://ja.dict.naver.com/#/search?query=%E4%B8%98%E9%99%B5
w_9b732b20a980aa33,N4,以下,いか,이하,"以下,原告を甲,被告を乙と称する.","이하 원고를 갑, 피고를 을이라고 칭한다",민중서림 엣센스 한일사전,c7ac46b285ad4f02b0cf42d10b1eb8e7,以下 이하,134,1,surface,네이버 예문 ID 중복; 일본어 예문 문장 중복,https://ja.dict.naver.com/#/search?query=%E4%BB%A5%E4%B8%8B
w_9bbd560585f647bf,N1,格段,かくだん,"현격함,차이가큼",格段の相違,현격한 차이,민중서림 엣센스 일한사전,75e187f8de114023ba538a4dc31adc3f,格段 현격함 차이가큼,72,0,surface,한국어 뜻 직접 일치어 없음; 자동 선택 점수 80 미만,https://ja.dict.naver.com/#/search?query=%E6%A0%BC%E6%AE%B5
w_9bbf7800b045571e,N3,通知,つうち,통지,普通、事前に通知がある,대개 사전에 통지가 있다,민중서림 엣센스 일한사전,7d2e41eb71704c0ebe5d3f15c9d4b793,通知 통지,134,1,surface,네이버 예문 ID 중복; 일본어 예문 문장 중복,https://ja.dict.naver.com/#/search?query=%E9%80%9A%E7%9F%A5
w_9bdb6ec539a467d6,N3,哲学,てつがく,철학,彼には彼なりの哲学がある.,그에게는 그 나름의 철학이 있다,민중서림 엣센스 한일사전,320fc2830b8f4a0e94e8eae544c605db,哲学 철학,134,1,surface,네이버 예문 ID 중복; 일본어 예문 문장 중복,https://ja.dict.naver.com/#/search?query=%E5%93%B2%E5%AD%A6
w_9c02e2c234a205df,N3,決まり,きまり,"규칙, 정해진 것",決まりに従って行動する,규칙에 따라 행동하다,민중서림 엣센스 일한사전,e447d8febe6c4a59ba578714cb668124,決まり,129,1,surface,네이버 예문 ID 중복; 일본어 예문 문장 중복,https://ja.dict.naver.com/#/search?query=%E6%B1%BA%E3%81%BE%E3%82%8A
w_9c2e1818c1662acf,N1,緊迫する,きんぱくする,긴박하다,政局が緊迫する,정국이 긴박해지다,민중서림 엣센스 한일사전,bffc9ca3f03a4e7bb0323eafd9b23a33,緊迫する 긴박하다,117,0,surface,한국어 뜻 직접 일치어 없음,https://ja.dict.naver.com/#/search?query=%E7%B7%8A%E8%BF%AB%E3%81%99%E3%82%8B
w_9c2fb37ac164be4e,N2,バック,バック,백; 뒤,車線を変える前にバックミラーで後ろに車が来るかを確認しなければならない。,차선을 바꾸기 전에 백미러로 뒤에 차가 오는지를 확인해야 한다.,국립국어원 한국어-일본어 학습사전,c3910fbf58594b6f8793e01117dd6da0,バック 백 뒤,122,0,surface,한국어 뜻 직접 일치어 없음,https://ja.dict.naver.com/#/search?query=%E3%83%90%E3%83%83%E3%82%AF
w_9c55802ecbfd9abc,N1,好調,こうちょう,"호조, 순조로움",営業が好調に向かっている.,영업이 호조를 보이고 있다,민중서림 엣센스 한일사전,a0976203424f4f669134720b46faeaf0,好調,102,,,네이버 예문 ID 중복; 일본어 예문 문장 중복,https://ja.dict.naver.com/#/search?query=%E5%A5%BD%E8%AA%BF
w_9ca53db146d1bf2c,N3,気味,きみ,"~기미, ~같은 느낌","いい気味だ,やっと溜飲がさがった.","잘코사니, 속이 다 시원하다",민중서림 엣센스 한일사전,9f5b44637209452da3046982b0dd87c6,気味,122,0,surface,한국어 뜻 직접 일치어 없음,https://ja.dict.naver.com/#/search?query=%E6%B0%97%E5%91%B3
w_9cd37964a8b53096,N2,隙,すき,"틈, 빈틈",敵に立ち直る隙を与えない,적에게 다시 일어설 틈을 주지 않다,민중서림 엣센스 일한사전,c98916d61912459ba453fb361050170d,隙 틈 빈틈,117,0,surface,한국어 뜻 직접 일치어 없음,https://ja.dict.naver.com/#/search?query=%E9%9A%99
w_9d121ba8f42b39e0,N5,学校,がっこう,학교,学校をサボる.,학교에 안 가고 땡땡이를 부리다,민중서림 엣센스 한일사전,45b5cfcc39aa497b8328c13e59a8ef58,学校,102,,,네이버 예문 ID 중복; 일본어 예문 문장 중복,https://ja.dict.naver.com/#/search?query=%E5%AD%A6%E6%A0%A1
w_9d47209b0cfa3586,N1,秩序,ちつじょ,질서,"権威がなければ,組織の秩序は崩れる.",권위가 없으면 조직의 질서는 무너진다,민중서림 엣센스 한일사전,5bb1c13fecf44bd4a76d29fe7860563b,秩序 질서,134,1,surface,네이버 예문 ID 중복; 일본어 예문 문장 중복,https://ja.dict.naver.com/#/search?query=%E7%A7%A9%E5%BA%8F
w_9d9e7e9d82eafb85,N1,明白,めいはく,"명백한, 분명한, 맑은",死亡の主因が明白でない.,사망의 주인이 명백하지 않다,민중서림 엣센스 한일사전,88cbae97059d469784a5610d0e283211,明白,122,0,surface,한국어 뜻 직접 일치어 없음,https://ja.dict.naver.com/#/search?query=%E6%98%8E%E7%99%BD
w_9da2e123dfafec2a,N3,驚き,おどろき,놀라움,内心の驚きをかくせない.,내심 놀라움을 감추지 못하다,민중서림 엣센스 한일사전,9d0a42fa4f0e4968a648f2a7bfab6f02,驚き,134,1,surface,네이버 예문 ID 중복; 일본어 예문 문장 중복,https://ja.dict.naver.com/#/search?query=%E9%A9%9A%E3%81%8D
w_9e3481dc47d209d0,N3,やめる,やめる,그만두다,思い切って仕事を辞める,큰맘 먹고 일을 그만두다,민중서림 엣센스 일한사전,18baed073c0d4ab99be15e46c63ecacd,やめる 그만두다,171,1,surface,네이버 예문 ID 중복; 일본어 예문 문장 중복,https://ja.dict.naver.com/#/search?query=%E3%82%84%E3%82%81%E3%82%8B
w_9e55eb5c7f99fe7e,N1,質疑,しつぎ,질문,国政監査の質疑。,국정 감사 질문.,국립국어원 한국어-일본어 학습사전,61df872cdca1460685ffea4e59c5e8ae,質疑 질문,29,1,surface,자동 선택 점수 80 미만,https://ja.dict.naver.com/#/search?query=%E8%B3%AA%E7%96%91
w_9e5e37d7e879c72a,N3,グループ,グループ,"그룹, 집단",レース後半も先頭グループとメイン集団とのタイム差は1分台と相変わらなかった。,레이스 후반에도 선두 그룹과 메인 집단의 타임 차는 1분대로 변함이 없었다.,플리토,ad7edb5925ff48c7b47a004f7606281b,グループ 그룹 집단,144,2,surface,우선 검수 출처,https://ja.dict.naver.com/#/search?query=%E3%82%B0%E3%83%AB%E3%83%BC%E3%83%97
w_9e65776bfd50eecb,N4,内,うち,"~이내, 안쪽",踵落としの足の軌道ですが、途中までは、内回し蹴りと同じです。,"내려 차기의 발의 궤도 말입니다만, 도중까지는, 안쪽 돌려차기와 같습니다.",플리토,cc7de41551044dcfa29b40ab8af49521,内 ~이내 안쪽,154,1,surface,우선 검수 출처,https://ja.dict.naver.com/#/search?query=%E5%86%85
w_9e8acb6258c3a894,N1,乙,おつ,"을, 둘째","以下,原告を甲,被告を乙と称する.","이하 원고를 갑, 피고를 을이라고 칭한다",민중서림 엣센스 한일사전,c7ac46b285ad4f02b0cf42d10b1eb8e7,乙,102,,,네이버 예문 ID 중복; 일본어 예문 문장 중복,https://ja.dict.naver.com/#/search?query=%E4%B9%99
w_9ecd6d2a06e93c3c,N3,注ぐ,つぐ,"붓다, 따르다",杯になみなみ(と)酒を注ぐ[注ぐ].,잔에 술을 그득히 따르다,민중서림 엣센스 한일사전,01bbc228dce54f68bd352c74216ddf91,注ぐ,126,1,surface,네이버 예문 ID 중복; 일본어 예문 문장 중복,https://ja.dict.naver.com/#/search?query=%E6%B3%A8%E3%81%90
w_9ee9519d3d6e7bd7,N1,慣習,かんしゅう,관습,慣習は法を支配する。,"관습은 법률을 다스린다. (서양속담, 공부속담)",명언/속담,e43773a5084241d49780b3c0f0ab7496,慣習 관습,132,1,surface,우선 검수 출처,https://ja.dict.naver.com/#/search?query=%E6%85%A3%E7%BF%92
w_9ef6ae47fbeea384,N2,勝手だ,かってだ,제멋대로다,自分勝手だ; 自ままだ,제멋대로다,민중서림 엣센스 한일사전,83e234d797b14ceb929737bb9f569a2d,勝手だ 제멋대로다,67,1,surface,자동 선택 점수 80 미만,https://ja.dict.naver.com/#/search?query=%E5%8B%9D%E6%89%8B%E3%81%A0
w_9f2c10d7c3b936d0,N3,通信,つうしん,통신,3.9G通信システムを導入する,3.9G 통신 시스템을 도입하다,민중서림 엣센스 일한사전,221202566dd947bb81ac6ceed1acc38b,通信 통신,134,1,surface,네이버 예문 ID 중복; 일본어 예문 문장 중복,https://ja.dict.naver.com/#/search?query=%E9%80%9A%E4%BF%A1
w_9f5d305308f04941,N2,一流,いちりゅう,일류,一流のピアノの先生に就ける.,일류 피아노 선생님께 가르침을 받게 하다,민중서림 엣센스 한일사전,0e74ee3b562043759b75e84c4f303a1f,一流 일류,134,1,surface,네이버 예문 ID 중복; 일본어 예문 문장 중복,https://ja.dict.naver.com/#/search?query=%E4%B8%80%E6%B5%81
w_9f96114d9d8442ca,N5,前,まえ,앞,一礼して前を通る,가볍게 인사하고 앞을 지나다.,민중서림 엣센스 일한사전,0df9a4fb1be448949998ef92cec83f8a,前 앞,117,0,surface,한국어 뜻 직접 일치어 없음,https://ja.dict.naver.com/#/search?query=%E5%89%8D
w_9fa827c41de0987b,N3,質,しつ,"질, 품질",量より質を重んずる.,양보다 질을 중히 여기다,민중서림 엣센스 한일사전,429078a78daa43309d31a82c311f84c6,質 질 품질,122,0,surface,한국어 뜻 직접 일치어 없음; 네이버 예문 ID 중복; 일본어 예문 문장 중복,https://ja.dict.naver.com/#/search?query=%E8%B3%AA
w_9fe6caea913f7f48,N1,解明,かいめい,해명,解明された点は幾つかありますが，その一つはクロモソム・トランスロケーションです,해명된 점은 몇개 있지만 그 하나는 크로모솜 트랜스로케이션입니다.,민중서림 엣센스 외래어사전,90fc5e8d304c4007bb55db3ffaa3268c,解明 해명,134,1,surface,네이버 예문 ID 중복; 일본어 예문 문장 중복,https://ja.dict.naver.com/#/search?query=%E8%A7%A3%E6%98%8E
w_a01e69880a602b6e,N2,下町,したまち,"구시가지, 서민가",コックニーとは，これも英語？と思わせるロンドン訛の言葉，あるいはロンドン訛を話す下町の，いわゆるロンドンっ子を指します,"코크니란 이것도 영어? 인가 라고 생각되게 하는 런던 사투리 말, 혹은 런던 사투리를 쓰는 다운타운의 이른바 런던 토박이를 가리킵니다.",민중서림 엣센스 외래어사전,a4b257e58bb94b56baefaf9198206db9,下町,122,0,surface,한국어 뜻 직접 일치어 없음,https://ja.dict.naver.com/#/search?query=%E4%B8%8B%E7%94%BA
w_a02bcf3ec853fef2,N1,淡い,あわい,"연하다,흐리다",淡い色合いの三色の錦玉で天の川をイメージした,연한 색상의 3색 투명 화과자로 은하수를 형상화했다,민중서림 엣센스 일한사전,743670e3064d43808a377c8e08c657c9,淡い,117,0,surface,한국어 뜻 직접 일치어 없음,https://ja.dict.naver.com/#/search?query=%E6%B7%A1%E3%81%84
w_a0518f0bebc2e843,N1,市場,しじょう,시장,市場は小反発で引けた,시장은 소폭 반등으로 마감했다,민중서림 엣센스 일한사전,ce61c983446a482e88da9f147e4e4972,市場 시장,121,1,surface,네이버 예문 ID 중복; 일본어 예문 문장 중복,https://ja.dict.naver.com/#/search?query=%E5%B8%82%E5%A0%B4
w_a0aa509058c2107f,N1,壮大,そうだい,"웅장함, 장대함",私たちは昔の皇居を見回り、その規模と壮大さに驚いた。,우리는 옛 황궁을 둘러보다가 그 규모와 웅장함에 놀랐다.,국립국어원 한국어-일본어 학습사전,d560ea71b1ce4fcead9e2a22d2c3e914,壮大 웅장함 장대함,114,1,surface,네이버 예문 ID 중복; 일본어 예문 문장 중복,https://ja.dict.naver.com/#/search?query=%E5%A3%AE%E5%A4%A7
w_a0adae11f85d8920,N3,あまる,あまる,남다,小遣いが余る,용돈이 남다,민중서림 엣센스 일한사전,0c6fb316ae8544b281cd284d4299e7ea,あまる 남다,171,1,surface,네이버 예문 ID 중복; 일본어 예문 문장 중복,https://ja.dict.naver.com/#/search?query=%E3%81%82%E3%81%BE%E3%82%8B
w_a0c4ec0ed1a5912c,N3,正,せい,"올바름, 정(正)",正と続とから成る本,정과 속으로 된 책,교학사 일한사전,870d39a8ea284259a3f0df09b9ea19cb,正 올바름 정 正,107,0,surface,한국어 뜻 직접 일치어 없음,https://ja.dict.naver.com/#/search?query=%E6%AD%A3
w_a0c558d30a7b5279,N4,習う,ならう,"익히다, 배우다",書斎に端座して書を習う,서재에 단좌해서 서예를 배우다[익히다].,민중서림 엣센스 일한사전,60267579e6bd45a9ab67a8eb45a01c10,習う,133,2,surface,네이버 예문 ID 중복; 일본어 예문 문장 중복,https://ja.dict.naver.com/#/search?query=%E7%BF%92%E3%81%86
w_a1021aa0cfda591b,N2,劣る,おとる,"열등하다,뒤떨어지다",前者にくらべて格段に劣る.,전자에 비해 현격히 뒤떨어지다,민중서림 엣센스 한일사전,455168460a024686a88cc7d36d096e13,劣る,134,1,surface,네이버 예문 ID 중복; 일본어 예문 문장 중복,https://ja.dict.naver.com/#/search?query=%E5%8A%A3%E3%82%8B
w_a129ca6eab781b62,N4,心,こころ,"마음, 정신",慎み深さとは輝く光である。慎み深さが知識を得るために頭を整理し、そして真実を受け入れるために心の準備をするのだ。(ギゾー夫人),"겸손함은 반짝이는 빛이다. 겸손함은 정신이 지식을 받아들이고 마음이 진실을 받아들이도록 준비시킨다. (마담 귀조, 겸손명언)",명언/속담,eddb01c735014d08b7712ddde3315f6f,心 마음 정신,136,2,surface,우선 검수 출처,https://ja.dict.naver.com/#/search?query=%E5%BF%83
w_a190e772e12a363a,N3,流れ,ながれ,흐름,気血の流れを良し、治る力を高めるのが瀉法である,기혈의 흐름을 좋게 하여 치유력을 높이는 것이 사법이다,민중서림 엣센스 일한사전,1d0e94b4755941d0bef4624f6148c609,流れ 흐름,134,1,surface,네이버 예문 ID 중복; 일본어 예문 문장 중복,https://ja.dict.naver.com/#/search?query=%E6%B5%81%E3%82%8C
w_a1a771e92d694b1e,N2,余計だ,よけいだ,쓸데없다,ロ:それは君の誤解だよ。余計な迷信だ。,나: 그건 네 오해야. 괜한 미신이라고.,국립국어원 한국어-일본어 학습사전,690c92f437d04410839ec1a4c9efb9d6,余計だ 쓸데없다,60,0,stem,한국어 뜻 직접 일치어 없음; 활용 어간으로만 목표어 확인; 자동 선택 점수 80 미만,https://ja.dict.naver.com/#/search?query=%E4%BD%99%E8%A8%88%E3%81%A0
w_a1af5d3d26a5e7b2,N3,換える,かえる,"교환하다, 교환, 대체하다",車を買換える,새 차를 사서 바꾸다; 새 차로 개비(改備)하다.,민중서림 엣센스 일한사전,5c280c6ee60b42ecbff24c42606394fd,換える,117,0,surface,한국어 뜻 직접 일치어 없음,https://ja.dict.naver.com/#/search?query=%E6%8F%9B%E3%81%88%E3%82%8B
w_a1ba8a79fd44c4b7,N3,恐怖,きょうふ,두려움,恐怖は常に無知から生じる。,"두려움은 항상 무지에서 나온다. (서양속담, 용기속담)",명언/속담,760c4b5893a34365b5af12c47997019a,恐怖 두려움,132,1,surface,우선 검수 출처,https://ja.dict.naver.com/#/search?query=%E6%81%90%E6%80%96
w_a1d24bae2917d6bb,N3,ぴったり,ぴったり,"딱(밀착함, 어울림)",この色はあの人にぴったりする,이 색은 저 사람에게 딱 맞는다[어울린다],민중서림 엣센스 일한사전,aa42341474c64287aaf4d8c9ed091b33,ぴったり,117,0,surface,한국어 뜻 직접 일치어 없음,https://ja.dict.naver.com/#/search?query=%E3%81%B4%E3%81%A3%E3%81%9F%E3%82%8A
w_a1ee78bb6cc157b5,N5,目,め,눈,目を三角にする,눈을 세모로 뜨다(눈을 부라리다; 눈에 쌍심지를 켜다),민중서림 엣센스 일한사전,ba57641418174066bd0c6e19cfb9e120,目 눈,117,0,surface,한국어 뜻 직접 일치어 없음,https://ja.dict.naver.com/#/search?query=%E7%9B%AE
w_a1fb7fc7bbf38f49,N1,立て替える,たてかえる,대신하여지불하다,会費を立て替えるする,회비를 입체하다,교학사 일한사전,3fd793b00c4a4306a4934f5f6040eb8b,立て替える,115,0,surface,한국어 뜻 직접 일치어 없음,https://ja.dict.naver.com/#/search?query=%E7%AB%8B%E3%81%A6%E6%9B%BF%E3%81%88%E3%82%8B
w_a2229cae37a5ea49,N1,大衆,たいしゅう,대중,大衆がトーク・ラジオを反映するのでなく，トーク・ラジオが大衆を反映するのだ,대중이 토크 라디오를 반영하는 것이 아니라 토크 라디오가 대중을 반영하는 것이다.,민중서림 엣센스 외래어사전,cb9e4243bc3248acbb7dff0a7cf79f92,大衆 대중,134,1,surface,네이버 예문 ID 중복; 일본어 예문 문장 중복,https://ja.dict.naver.com/#/search?query=%E5%A4%A7%E8%A1%86
w_a27acf0180265ee0,N2,南北,なんぼく,남북,山脈が南北に連なっている.,산맥이 남북으로 연속돼 있다,민중서림 엣센스 한일사전,3bbde1fd7e1d492d8e1224d7885d7483,南北 남북,134,1,surface,네이버 예문 ID 중복; 일본어 예문 문장 중복,https://ja.dict.naver.com/#/search?query=%E5%8D%97%E5%8C%97
w_a28378d63f77e2a2,N2,変換,へんかん,변환,太陽エネルギーを電気に変換する.,태양 에너지를 전기로 변환하다,민중서림 엣센스 한일사전,6836605f189b421cbaa2035157d1a7bf,変換 변환,134,1,surface,네이버 예문 ID 중복; 일본어 예문 문장 중복,https://ja.dict.naver.com/#/search?query=%E5%A4%89%E6%8F%9B
w_a28bc11e96dedc2f,N2,幼い,おさない,어리다,彼は幼いときから聡明であった.,그는 어릴 때부터 총명했다,민중서림 엣센스 한일사전,3e47809bd4c9492ebbcfd5cc0ade4e4e,幼い,122,0,surface,한국어 뜻 직접 일치어 없음,https://ja.dict.naver.com/#/search?query=%E5%B9%BC%E3%81%84
w_a29706ddbe6add74,N4,港,みなと,항구,その旅館は港に面している.,그 여관은 항구에 면해 있다,민중서림 엣센스 한일사전,546b84356ae242008b0495298f03ed19,港 항구,134,1,surface,네이버 예문 ID 중복; 일본어 예문 문장 중복,https://ja.dict.naver.com/#/search?query=%E6%B8%AF
w_a2b086e8e8b12875,N5,今月,こんげつ,이번 달,今月の中旬に試験があります.,이달 중순에 시험이 있습니다,민중서림 엣센스 한일사전,6684f0cadca347d28725d71b50068638,今月,102,,,네이버 예문 ID 중복; 일본어 예문 문장 중복,https://ja.dict.naver.com/#/search?query=%E4%BB%8A%E6%9C%88
w_a2ca14c5418e955f,N3,掴む,つかむ,움켜쥐다,雲を掴むような話,구름을 잡는 것 같은 허황된 이야기,민중서림 엣센스 일한사전,71a7d874ced340c0b204c12aa96ef909,掴む,109,0,surface,한국어 뜻 직접 일치어 없음,https://ja.dict.naver.com/#/search?query=%E6%8E%B4%E3%82%80
w_a2ca8933cc0dd519,N1,君主,くんしゅ,군주,君主は自分よりも強いものに屈服する。,"모든 군주는 더 힘센 자에게 굴복한다. (라틴어속담, 명예속담)",명언/속담,3d40b96cd3e34bec92bbbe1dfff08aea,君主 군주,132,1,surface,우선 검수 출처,https://ja.dict.naver.com/#/search?query=%E5%90%9B%E4%B8%BB
w_a2e6614246e92396,N1,すさまじい,すさまじい,"대단하다, 무시무시하다",凄まじいスピードでゴールした,무서운 속도로 결승점에 이르렀다,민중서림 엣센스 일한사전,9588c5aed7f84ed3b20412412ffd6760,すさまじい,159,0,surface,한국어 뜻 직접 일치어 없음,https://ja.dict.naver.com/#/search?query=%E3%81%99%E3%81%95%E3%81%BE%E3%81%98%E3%81%84
w_a2fa581b2cf9bf8b,N1,阻む,はばむ,"저지하다,가로막다",敵の進撃を阻む,적의 진격을 저지하다.,민중서림 엣센스 일한사전,53c2634374224a1da01d7f42b0f7802c,阻む,121,1,surface,네이버 예문 ID 중복; 일본어 예문 문장 중복,https://ja.dict.naver.com/#/search?query=%E9%98%BB%E3%82%80
w_a354f6b57eb0c2ec,N4,遊び,あそび,"놀다, 경기하다",遊びに気を奪われる.,노는 데 정신이 팔리다,민중서림 엣센스 한일사전,0c7c95804d7145f39b6f98e4d179fa37,遊び,122,0,surface,한국어 뜻 직접 일치어 없음,https://ja.dict.naver.com/#/search?query=%E9%81%8A%E3%81%B3
w_a36d1a7420e62662,N2,ステージ,ステージ,"스테이지, 무대",今年はスプリンター向けの平坦ステージが7ステージも登場する。,올해는 스프린터용 평탄한 무대가 7 스테이지나 등장한다.,플리토,01c6af8bef9e42348cd0091bcb14b2f3,ステージ 스테이지 무대,144,2,surface,우선 검수 출처,https://ja.dict.naver.com/#/search?query=%E3%82%B9%E3%83%86%E3%83%BC%E3%82%B8
w_a38cf5c75dcec358,N1,チェンジ,チェンジ,"체인지, 교체",コートサイドを入れ替わることをチェンジエンドと言う。,코트 사이드를 교체하는 것을 체인지 엔드라고 한다.,플리토,8dc877472eaa4ed6a76e89e1163cd237,チェンジ 체인지 교체,136,2,surface,우선 검수 출처,https://ja.dict.naver.com/#/search?query=%E3%83%81%E3%82%A7%E3%83%B3%E3%82%B8
w_a3a1ab15d2a2b883,N2,土地,とち,토지,"土地の開発がすすむと,自然が破壊される.",토지 개발이 진행되면 자연이 파괴된다,민중서림 엣센스 한일사전,79abee11f1394b379d6bac43f572cb48,土地 토지,134,1,surface,네이버 예문 ID 중복; 일본어 예문 문장 중복,https://ja.dict.naver.com/#/search?query=%E5%9C%9F%E5%9C%B0
w_a3e9dc2961c9ba24,N3,事実,じじつ,"사실, 진실, 현실",真実は、事実より重要です。(フランク・ロイド・ライト),"진실은 사실들보다 중요하다. (프랭크 로이드 라이트, 지혜명언)",명언/속담,3ea66660bb9f431898f8779f308e1631,事実 사실 진실 현실,136,2,surface,우선 검수 출처,https://ja.dict.naver.com/#/search?query=%E4%BA%8B%E5%AE%9F
w_a3f5e6e7275bce2f,N2,朗らか,ほがらか,"밝은, 명랑한",朗らかな声で話し掛ける,명랑한 목소리로 말을 걸다,민중서림 엣센스 일한사전,d3ca8e684fed4600bebd21e4bfc7ab9b,朗らか,129,1,surface,네이버 예문 ID 중복; 일본어 예문 문장 중복,https://ja.dict.naver.com/#/search?query=%E6%9C%97%E3%82%89%E3%81%8B
w_a4092744f57bc1a2,N1,かぶれる,かぶれる,"영향을 받다, 피부가 짓무르다",薬品に気触れる,약품이 피부에 닿아 염증이 생기다,민중서림 엣센스 일한사전,afa89a9ec08f44dba99afda12f66cb5c,かぶれる,159,0,surface,한국어 뜻 직접 일치어 없음,https://ja.dict.naver.com/#/search?query=%E3%81%8B%E3%81%B6%E3%82%8C%E3%82%8B
w_a4116bf6cc58ca05,N3,氏,し,"성씨, 씨",私の畏友A(エー)氏を紹介します,나의 존경하는 친구 A씨를 소개합니다.,민중서림 엣센스 일한사전,10118711898049d8a6522b84b4fde40a,氏 성씨 씨,159,0,surface,한국어 뜻 직접 일치어 없음,https://ja.dict.naver.com/#/search?query=%E6%B0%8F
w_a431987b55d0e484,N1,外相,がいしょう,"외무장관, 외상",首相が外相を兼ねる,수상이 외상[외무 장관]을 겸하다,민중서림 엣센스 일한사전,e72ce12a6c8340b0886eb13e0baccf18,外相,97,,,네이버 예문 ID 중복; 일본어 예문 문장 중복,https://ja.dict.naver.com/#/search?query=%E5%A4%96%E7%9B%B8
w_a4f5956737afa7f1,N1,タイムリー,タイムリー,"적시, 시기적절",バットの先でしたが､A選手の1、2塁間へ先制のタイムリーヒットになりました。,"배트 끝에 닿았으나, A 선수의 1, 2루 간 선제 적시안타가 되었습니다.",플리토,3d07f621ec0b4d08bea464ec23376819,タイムリー 적시 시기적절,132,1,surface,우선 검수 출처,https://ja.dict.naver.com/#/search?query=%E3%82%BF%E3%82%A4%E3%83%A0%E3%83%AA%E3%83%BC
w_a53cb0b0b149d943,N1,優美,ゆうび,우아함,優美に踊った,우아하고 아름답게 춤추다,교학사 일한사전,933745b429074178b8db26f91e3bcf31,優美 우아함,115,0,surface,한국어 뜻 직접 일치어 없음,https://ja.dict.naver.com/#/search?query=%E5%84%AA%E7%BE%8E
w_a55e9120cc78ffa5,N2,言い出す,いいだす,"시작하다 말하다, 제안하다, 암시하다",彼が何を言い出すのかと気をもんだ.,그가 무슨 말을 할까 하고 마음을 졸였다,민중서림 엣센스 한일사전,4833b79397414e4c803344d5561ca092,言い出す,102,0,surface,한국어 뜻 직접 일치어 없음,https://ja.dict.naver.com/#/search?query=%E8%A8%80%E3%81%84%E5%87%BA%E3%81%99
w_a5655026e5d9c693,N1,互角だ,ごかくだ,"호각이다, 백중세다",二人の実力は互角だ.,두 사람의 실력은 호각이다,민중서림 엣센스 한일사전,f776cafe76ac4693bead05d23d89914f,互角だ,134,1,surface,네이버 예문 ID 중복; 일본어 예문 문장 중복,https://ja.dict.naver.com/#/search?query=%E4%BA%92%E8%A7%92%E3%81%A0
w_a5967031d1f5a72a,N1,ポイント,ポイント,"포인트, 점",あと3ポイントで21点に届くので、ゲームセットまであとわずかだ。,"앞으로 3포인트면 21점에 도달해서, 게임 세트까지 앞으로 얼마 남지 않았다.",플리토,c313762672f1436ea7f70cb8df4e3bdf,ポイント 포인트 점,132,1,surface,우선 검수 출처,https://ja.dict.naver.com/#/search?query=%E3%83%9D%E3%82%A4%E3%83%B3%E3%83%88
w_a596d25683bf9187,N3,全部売れる,ぜんぶうれる,전부 팔리다,ロ：全部売れて、あれが残ったものです。,나: 다 팔리고 저나마 남은 거예요.,국립국어원 한국어-일본어 학습사전,d541d113134b4c2d84ea113b184c5db3,全部売れる,52,0,stem,한국어 뜻 직접 일치어 없음; 활용 어간으로만 목표어 확인; 자동 선택 점수 80 미만,https://ja.dict.naver.com/#/search?query=%E5%85%A8%E9%83%A8%E5%A3%B2%E3%82%8C%E3%82%8B
w_a5a10027ead73ad9,N1,焚き火,たきび,모닥불,焚き火をしながら炭が焼ける,모닥불을 피우며 숯이 구워지다,민중서림 엣센스 일한사전,03884b6767744bb6b769114bae970374,焚き火 모닥불,151,1,surface,네이버 예문 ID 중복; 일본어 예문 문장 중복,https://ja.dict.naver.com/#/search?query=%E7%84%9A%E3%81%8D%E7%81%AB
w_a5ce3b77487ce09f,N1,手筈,てはず,"절차, 채비",出発の手筈を整える,출발 준비를 갖추다,교학사 일한사전,692c294898d546db8f48ed032157026b,手筈,115,0,surface,한국어 뜻 직접 일치어 없음,https://ja.dict.naver.com/#/search?query=%E6%89%8B%E7%AD%88
w_a5d4c58d6109165f,N2,踏切,ふみきり,건널목; (도약의) 발구르기,踏み切りのタイミングが合わない,발 구르기[도약] 타이밍이 맞지 않다,민중서림 엣센스 일한사전,a78a5b881a864bb6863b01864e43fdc7,踏切 건널목 도약의 발구르기,101,1,jmdict-form,JMdict 보조 표기로 목표어 확인,https://ja.dict.naver.com/#/search?query=%E8%B8%8F%E5%88%87
w_a60b6753a0d75ab2,N1,尽くす,つくす,"애쓰다,있는힘을다하다",暴虐の限りを尽くす.,온갖 포학한 짓을 다하다,민중서림 엣센스 한일사전,f11c05dae550400bb406f1675272b56b,尽くす,114,0,surface,한국어 뜻 직접 일치어 없음; 네이버 예문 ID 중복; 일본어 예문 문장 중복,https://ja.dict.naver.com/#/search?query=%E5%B0%BD%E3%81%8F%E3%81%99
w_a62467b4d9ae12aa,N4,腕,うで,팔,腕に大きな力こぶが出た.,팔에 큰 알통이 나왔다,민중서림 엣센스 한일사전,263f310dda3b482686c76fb48ea9c889,腕 팔,122,0,surface,한국어 뜻 직접 일치어 없음,https://ja.dict.naver.com/#/search?query=%E8%85%95
w_a634c297cfa679d5,N1,流し,ながし,"싱크대, 개수대",流しのはけ口が詰まる.,설거지통의 배수구가 막히다,민중서림 엣센스 한일사전,083c6e669d67401ea78742548782ab46,流し,102,,,네이버 예문 ID 중복; 일본어 예문 문장 중복,https://ja.dict.naver.com/#/search?query=%E6%B5%81%E3%81%97
w_a65c7291dbeb05a4,N3,友人,ゆうじん,"친구, 벗",幸運がきまぐれな時、信頼できる友人が見つかる。,"운명이 변덕스러울 때 진정한 벗이 발견된다. (라틴어속담, 친구속담)",명언/속담,952e26dd3c93426b83fd2795571a5b78,友人 친구 벗,132,1,surface,우선 검수 출처,https://ja.dict.naver.com/#/search?query=%E5%8F%8B%E4%BA%BA
w_a65dc597ed6e7ba0,N4,行う,おこなう,"행하다, 실시하다",ネット心中を行う,인터넷 (동반) 자살을 시도하다,민중서림 엣센스 일한사전,f49e1b277c6b467b98ed24d975c87bfb,行う,89,,,네이버 예문 ID 중복; 일본어 예문 문장 중복,https://ja.dict.naver.com/#/search?query=%E8%A1%8C%E3%81%86
w_a660e6568a3e669d,N3,喜び,よろこび,기쁨,再会の喜びに言葉もなく抱擁する.,재회의 기쁨에 말없이 포옹하다,민중서림 엣센스 한일사전,260f088bc2b04ed0b3d01bff91695ff9,喜び 기쁨,134,1,surface,네이버 예문 ID 중복; 일본어 예문 문장 중복,https://ja.dict.naver.com/#/search?query=%E5%96%9C%E3%81%B3
w_a662c0ad125b3f4b,N2,再び,ふたたび,"다시,재차",二度と再びいたしません.,두 번 다신 하지 않겠습니다,민중서림 엣센스 한일사전,36fa17d0a7f441de9c97a6f60126f059,再び,164,0,surface,한국어 뜻 직접 일치어 없음,https://ja.dict.naver.com/#/search?query=%E5%86%8D%E3%81%B3
w_a691689e7604b569,N1,きっちり,きっちり,"정확히, 단단히",10番でも2mをきっちり沈め、2オンに成功した15番(パー5)もバーディとした。,"10번 홀에서도 2m를 정확히 넣었고, 2온에 성공한 15번 홀(파5)도 버디를 잡았다.",플리토,39f16b42806a4d9685266380af423dc5,きっちり 정확히 단단히,132,1,surface,우선 검수 출처,https://ja.dict.naver.com/#/search?query=%E3%81%8D%E3%81%A3%E3%81%A1%E3%82%8A
w_a6b4b27691fedbcb,N5,明日,あした,내일,明日は日限が切れる.,내일이면 기일이 다 된다,민중서림 엣센스 한일사전,b58ee2c9199945b19423e904c6de7492,明日,102,,,네이버 예문 ID 중복; 일본어 예문 문장 중복,https://ja.dict.naver.com/#/search?query=%E6%98%8E%E6%97%A5
w_a6b82112020af822,N1,ふんだん,ふんだん,"풍부함, 넉넉함",ふんだんな軍資金,풍부한 군자금,민중서림 엣센스 일한사전,9d76ce3171ee4b0884185419c76bb835,ふんだん 풍부함 넉넉함,79,0,surface,한국어 뜻 직접 일치어 없음; 자동 선택 점수 80 미만,https://ja.dict.naver.com/#/search?query=%E3%81%B5%E3%82%93%E3%81%A0%E3%82%93
w_a6d0d7928dd822e5,N3,大変だ,たいへんだ,"큰일이다, 힘들다",大変だ、子供が車にひかれた,"큰일 났다, 아이가 차에 치었다",교학사 일한사전,6f0dab10c81f4c89a84c45891ccb3bd1,大変だ 큰일이다 힘들다,120,0,surface,한국어 뜻 직접 일치어 없음,https://ja.dict.naver.com/#/search?query=%E5%A4%A7%E5%A4%89%E3%81%A0
w_a6fce3f28ba65669,N1,手掛ける,てがける,"다루다, 맡다",設計を手掛ける,설계를 직접 하다,민중서림 엣센스 일한사전,d6bda17e3a82410dbf4ad13982ccdc55,手掛ける,117,0,surface,한국어 뜻 직접 일치어 없음,https://ja.dict.naver.com/#/search?query=%E6%89%8B%E6%8E%9B%E3%81%91%E3%82%8B
w_a718136730aa2c54,N2,煉瓦,れんが,벽돌,藁なしでは煉瓦をつくることはできない。,"짚 없이는 벽돌을 만들 수 없다. (서양속담, 성공속담)",명언/속담,42885d0be64c4e4ca057e7d39081aaf7,煉瓦 벽돌,132,1,surface,우선 검수 출처; 네이버 예문 ID 중복; 일본어 예문 문장 중복,https://ja.dict.naver.com/#/search?query=%E7%85%89%E7%93%A6
w_a7243fc40025826a,N1,似通う,にかよう,"서로 닮다, 비슷하다",その兄弟は見分けのつかないほど似通っている.,그 형제는 헛갈릴 정도로 비슷하게 닮았다,민중서림 엣센스 한일사전,29e3de2edfa2439a913e00e3dd1ff428,似通う,52,,,자동 선택 점수 80 미만,https://ja.dict.naver.com/#/search?query=%E4%BC%BC%E9%80%9A%E3%81%86
w_a758e3786f37f911,N1,加入,かにゅう,가입,"読書[加入, 辞任]を勧める","독서를[가입, 사임을] 권하다",민중서림 엣센스 한일사전,78f63c9d87f04d6fa9331555bfdd9f67,加入 가입,134,1,surface,네이버 예문 ID 중복; 일본어 예문 문장 중복,https://ja.dict.naver.com/#/search?query=%E5%8A%A0%E5%85%A5
w_a78b92fcce84b74c,N2,神話,しんわ,신화,神話に因む地名が残っている,신화와 연관되는 지명이 남아 있다,민중서림 엣센스 일한사전,dbd9957cdb31466c95bd1c76ad9c2cf5,神話 신화,129,1,surface,네이버 예문 ID 중복; 일본어 예문 문장 중복,https://ja.dict.naver.com/#/search?query=%E7%A5%9E%E8%A9%B1
w_a808945e8cf37915,N1,産婦人科,さんふじんか,산부인과,スンギュは外科から産婦人科に転科した。,승규는 외과에서 산부인과로 전과했다.,국립국어원 한국어-일본어 학습사전,1f25364cde794f81896bee9a5d3b63c8,産婦人科,62,,,자동 선택 점수 80 미만,https://ja.dict.naver.com/#/search?query=%E7%94%A3%E5%A9%A6%E4%BA%BA%E7%A7%91
w_a8147229995301d5,N4,合う,あう,"맞다, 어울리다",息が合う,(무엇을 같이할 때) 호흡이 맞는다,민중서림 엣센스 일한사전,2b71e91eef7541d19196feeff8046c5e,合う,109,0,surface,한국어 뜻 직접 일치어 없음,https://ja.dict.naver.com/#/search?query=%E5%90%88%E3%81%86
w_a81611c81fdf3371,N1,安堵する,あんどする,안도하다,友人の無事に安堵する,친구의 무사함에 안도하다,민중서림 엣센스 일한사전,f2da7b4755d24c4683f8a9c8f4fccb60,安堵する 안도하다,129,1,surface,네이버 예문 ID 중복; 일본어 예문 문장 중복,https://ja.dict.naver.com/#/search?query=%E5%AE%89%E5%A0%B5%E3%81%99%E3%82%8B
w_a844546befebc416,N2,新ただ,あらただ,새롭다,新たなBIS規制が施行される,새로운 BIS 규제가 시행되다,민중서림 엣센스 일한사전,9ecfc4718ab6469f90cbcd45db9b803c,新ただ 새롭다,55,0,stem,한국어 뜻 직접 일치어 없음; 활용 어간으로만 목표어 확인; 자동 선택 점수 80 미만; 네이버 예문 ID 중복; 일본어 예문 문장 중복,https://ja.dict.naver.com/#/search?query=%E6%96%B0%E3%81%9F%E3%81%A0
w_a8598bbe62279f0d,N1,箇条書き,かじょうがき,"항목별 작성, 개조식",必要な事項を箇条書きにする.,필요한 사항을 조목별로 적다,민중서림 엣센스 한일사전,6aaa1011a6f14936bd7f8e07d7eed6e9,箇条書き,156,0,surface,한국어 뜻 직접 일치어 없음,https://ja.dict.naver.com/#/search?query=%E7%AE%87%E6%9D%A1%E6%9B%B8%E3%81%8D
w_a85a9e57a64b7ae6,N3,地面,じめん,지면,地面を突き抜けたアスパラガスの茎が，すごい勢いで伸びる,지면을 뚫고 나온 아스파라거스 줄기가 대단한 기세로 자란다.,민중서림 엣센스 외래어사전,7e76fe659551480da539e52750aa9202,地面 지면,134,1,surface,네이버 예문 ID 중복; 일본어 예문 문장 중복,https://ja.dict.naver.com/#/search?query=%E5%9C%B0%E9%9D%A2
w_a89d7543de8ec945,N1,原油,げんゆ,원유,原油が噴出する.,원유가 분출하다,민중서림 엣센스 한일사전,e24949b52ac1403f825a1247cf6a6c7c,原油,102,,,네이버 예문 ID 중복; 일본어 예문 문장 중복,https://ja.dict.naver.com/#/search?query=%E5%8E%9F%E6%B2%B9
w_a8ec89206d4fff44,N4,歩く,あるく,걷다,足に任せて歩く.,발길 닿는 대로 걷다,민중서림 엣센스 한일사전,c88c7c5f3df246eda8b6ac85baa2c5ce,歩く,94,,,네이버 예문 ID 중복; 일본어 예문 문장 중복,https://ja.dict.naver.com/#/search?query=%E6%AD%A9%E3%81%8F
w_a8eeca9225026b13,N3,お代わり,おかわり,"한그릇더먹음,리필",弟はまだ足りないのか母にお代わりを頼んだ。,동생은 양이 차지 않는지 엄마에게 밥을 더 달라고 했다.,국립국어원 한국어-일본어 학습사전,da1c4ddb5a1e4c0b8d43be7281cce239,お代わり,102,0,surface,한국어 뜻 직접 일치어 없음,https://ja.dict.naver.com/#/search?query=%E3%81%8A%E4%BB%A3%E3%82%8F%E3%82%8A
w_a9bca4889b2b33c1,N2,述べる,のべる,진술하다,詳細は各論で述べる.,상세한 것은 각론에서 논술한다,민중서림 엣센스 한일사전,d11dfc13a6704acf8854670b98fd88c0,述べる,122,0,surface,한국어 뜻 직접 일치어 없음; 네이버 예문 ID 중복; 일본어 예문 문장 중복,https://ja.dict.naver.com/#/search?query=%E8%BF%B0%E3%81%B9%E3%82%8B
w_a9c3e6ac32a1315a,N4,決まる,きまる,정해지다,この一戦で運命が決まる.,이 일전으로 운명이 결정된다,민중서림 엣센스 한일사전,12757ddc760740f8b807e3ad375cdef7,決まる,102,,,네이버 예문 ID 중복; 일본어 예문 문장 중복,https://ja.dict.naver.com/#/search?query=%E6%B1%BA%E3%81%BE%E3%82%8B
w_aa132fab9dcd35ac,N1,跡地,あとち,"철거부지,철거후공터",跡地利用,철거 부지의 이용,교학사 일한사전,054d2dced1dd47ad8daf64b8db046418,跡地 철거부지 철거후공터,42,1,surface,자동 선택 점수 80 미만,https://ja.dict.naver.com/#/search?query=%E8%B7%A1%E5%9C%B0
w_aac844efa1eda5ec,N1,ワット,ワット,와트,アンコールワットは‘王都の寺院'を意味し、12世紀に建てられた,앙코르 와트는 ‘왕도((王都))의 사원'을 뜻하며 12세기에 세워졌다,민중서림 엣센스 일한사전,e3d4b4cd645541fc971a719ddbfe058c,ワット 와트,134,1,surface,네이버 예문 ID 중복; 일본어 예문 문장 중복,https://ja.dict.naver.com/#/search?query=%E3%83%AF%E3%83%83%E3%83%88
w_aadadaa037cbec37,N2,文脈,ぶんみゃく,문맥,前後の文脈から意味を判断する.,전후 문맥으로 뜻을 판단하다,민중서림 엣센스 한일사전,81fccd1439e24b05b34e5d88936a332c,文脈 문맥,134,1,surface,네이버 예문 ID 중복; 일본어 예문 문장 중복,https://ja.dict.naver.com/#/search?query=%E6%96%87%E8%84%88
w_ab13f32de1071010,N3,確実,かくじつ,확실함,情報から推すと、その候補の当選はほぼ確実だ,정보로 미루어 보아 그 후보의 당선은 거의 확실하다,민중서림 엣센스 일한사전,c8f6b064a90a45d28948cb7d51d7c9e5,確実 확실함,122,0,surface,한국어 뜻 직접 일치어 없음,https://ja.dict.naver.com/#/search?query=%E7%A2%BA%E5%AE%9F
w_aba657db70bdb298,N5,ならう,ならう,"배우다, 익히다",書斎に端座して書を習う,서재에 단좌해서 서예를 배우다[익히다].,민중서림 엣센스 일한사전,60267579e6bd45a9ab67a8eb45a01c10,ならう 배우다 익히다,175,2,surface,네이버 예문 ID 중복; 일본어 예문 문장 중복,https://ja.dict.naver.com/#/search?query=%E3%81%AA%E3%82%89%E3%81%86
w_abe8ce16dbbe2552,N4,ひどい,ひどい,"끔찍한, 대단한, 불공평한, 잔인한",酷い目に遭わせる,골탕 먹이다; 혼내 주다,민중서림 엣센스 일한사전,bbc664f95c7d4ccdadc9fceb6c053683,ひどい,159,0,surface,한국어 뜻 직접 일치어 없음,https://ja.dict.naver.com/#/search?query=%E3%81%B2%E3%81%A9%E3%81%84
w_ac2d5b64509678ba,N2,生き生き,いきいき,"생생한모양,활기찬모양",目が生き生きする.,눈에 생기가 나다[넘치다],민중서림 엣센스 한일사전,f1c104131f27474bb408a832bf3fe6ff,生き生き,102,0,surface,한국어 뜻 직접 일치어 없음,https://ja.dict.naver.com/#/search?query=%E7%94%9F%E3%81%8D%E7%94%9F%E3%81%8D
w_ac480dfae7f71b45,N1,ネック,ネック,"장애물, 걸림돌, 방해물",父は私に「勉強するのにネックはないのか」と聞いた。,아버지는 나에게 공부하는 데 애로는 없냐고 물으셨다.,국립국어원 한국어-일본어 학습사전,586c169e163e47a9a6e2ff3bc425fcbe,ネック,122,0,surface,한국어 뜻 직접 일치어 없음,https://ja.dict.naver.com/#/search?query=%E3%83%8D%E3%83%83%E3%82%AF
w_ac4a28f37332b6a0,N4,止まる,とまる,멈추다,心臓の鼓動が止まる.,심장의 고동이 멈추다,민중서림 엣센스 한일사전,1fe4e4d8be604613821f3b2aace4c4bd,止まる 멈추다,134,1,surface,네이버 예문 ID 중복; 일본어 예문 문장 중복,https://ja.dict.naver.com/#/search?query=%E6%AD%A2%E3%81%BE%E3%82%8B
w_acb5911b27094bb4,N2,凍える,こごえる,"얼어붙다, 몹시 춥다",体の芯まで凍えるような寒さが続いている,뼛속까지 얼어붙을 듯한 추위가 이어지고 있다,민중서림 엣센스 일한사전,970186fc1ea04a75b20476e9fb1f9f78,凍える,117,0,surface,한국어 뜻 직접 일치어 없음,https://ja.dict.naver.com/#/search?query=%E5%87%8D%E3%81%88%E3%82%8B
w_acc6798aceed53a4,N1,下を向く,したをむく,"아래를 향하다, 머리를 숙이다",リラックスした際に銃が下を向くようであれば、それは正しい姿勢が取れていないということです。,편안한 상태에 총이 아래를 향하는 것 같으면 바른 자세가 잡혀있지 않았다는 것입니다.,플리토,ecb9183825e646c3b58f24fdec3fca66,下を向く,112,1,surface,우선 검수 출처,https://ja.dict.naver.com/#/search?query=%E4%B8%8B%E3%82%92%E5%90%91%E3%81%8F
w_accc231b1738056c,N5,くだもの,くだもの,과일,器に果物をいっぱい盛る.,그릇에 과일을 하나 가득 담다,민중서림 엣센스 한일사전,4e9f96f9b42a4c0dacd26d78180bf8cd,くだもの 과일,176,1,surface,네이버 예문 ID 중복; 일본어 예문 문장 중복,https://ja.dict.naver.com/#/search?query=%E3%81%8F%E3%81%A0%E3%82%82%E3%81%AE
w_ace6c153896744f4,N3,横,よこ,옆,背はのびず横にばかり張る.,키는 크지 않고 옆으로만 바라지다,민중서림 엣센스 한일사전,b25a96606161449f860cf5ecb2025521,横 옆,122,0,surface,한국어 뜻 직접 일치어 없음,https://ja.dict.naver.com/#/search?query=%E6%A8%AA
w_ad0baca85d14c03b,N1,実,じつ,"열매, 실제, 결실",小さな種が実を結ぶところを見ると、自然は素晴らしくて神秘だ。,작은 씨앗이 열매로 결실하는 것을 보면 자연은 놀랍고 신비하다.,국립국어원 한국어-일본어 학습사전,5b476564e0254fbeb6cc3e8c021329f9,実 열매 실제 결실,126,2,surface,네이버 예문 ID 중복; 일본어 예문 문장 중복,https://ja.dict.naver.com/#/search?query=%E5%AE%9F
w_ad7cf9ea984b91ec,N2,名字,みょうじ,"성씨, 성",高齢者を採用したように偽ったケースや，社長の妻の弟など名字の違う親族の名を使って新しく人を雇ったようにごまかした例もある,"고령자를 채용한 것처럼 속인 경우나, 사장의 처남 등 성이 다른 친척 이름을 써서 새로 사람을 고용한 것처럼 속인 예도 있다.",민중서림 엣센스 외래어사전,57a318b06238433d9c9f76a5a7cd9346,名字 성씨 성,114,0,surface,한국어 뜻 직접 일치어 없음,https://ja.dict.naver.com/#/search?query=%E5%90%8D%E5%AD%97
w_ae251e0ce07fb16a,N2,裏口,うらぐち,"뒤, 후방 입구",人を裏口から入れる.,사람을 뒷문으로 들여보내다,민중서림 엣센스 한일사전,7b51f4b574f94fe2ab6a1e01b9d65f9f,裏口,122,0,surface,한국어 뜻 직접 일치어 없음,https://ja.dict.naver.com/#/search?query=%E8%A3%8F%E5%8F%A3
w_ae4c2c199424ca13,N5,じょうず,じょうず,"능숙함, 잘함",彼女は踊りが上手だ,그녀는 춤을 잘 춘다,민중서림 엣센스 일한사전,b3196d37db714267b7093efbe953da3b,じょうず,159,0,surface,한국어 뜻 직접 일치어 없음,https://ja.dict.naver.com/#/search?query=%E3%81%98%E3%82%87%E3%81%86%E3%81%9A
w_ae56013338fc1207,N2,重苦しい,おもくるしい,"답답하다,숨막히다","その瞬間,重苦しい静寂が流れた.",그 순간 무거운 정적이 흘렀다,민중서림 엣센스 한일사전,23673ad8329149e98244f2e4ca2e9aeb,重苦しい,122,0,surface,한국어 뜻 직접 일치어 없음,https://ja.dict.naver.com/#/search?query=%E9%87%8D%E8%8B%A6%E3%81%97%E3%81%84
w_ae678ec4c5e2d5a2,N4,触る,さわる,만지다,舟の底が岩に触る,배 밑이 바위[암초]에 닿다,민중서림 엣센스 일한사전,2a3e9e9b15d34907a6971fe782519b6c,触る,97,,,네이버 예문 ID 중복; 일본어 예문 문장 중복,https://ja.dict.naver.com/#/search?query=%E8%A7%A6%E3%82%8B
w_ae70c9f3987fc920,N1,ハードル,ハードル,"허들, 장애물",ハードルは思ったよりかなり高い障害だ。,허들은 생각했던 것 보다 꽤 높은 장애물이다.,플리토,ce687687a3b7460bbfad907c461e96f5,ハードル 허들 장애물,144,2,surface,우선 검수 출처,https://ja.dict.naver.com/#/search?query=%E3%83%8F%E3%83%BC%E3%83%89%E3%83%AB
w_ae771b4fd6bc8a90,N4,だめ,だめ,"안 됨, 불가능함",機械が駄目になる,기계가 못 쓰게 되다,민중서림 엣센스 일한사전,4f3274524d884d40b4a9773ff01be875,だめ,47,,,자동 선택 점수 80 미만,https://ja.dict.naver.com/#/search?query=%E3%81%A0%E3%82%81
w_ae85dbaaa55f38f2,N2,山林,さんりん,산 숲,塵埃のちまたをさけて山林に入る,속세를 떠나 산속으로 들어가다.,민중서림 엣센스 일한사전,b6e4d952f45941d2a90b32508f717022,山林 산 숲,117,0,surface,한국어 뜻 직접 일치어 없음,https://ja.dict.naver.com/#/search?query=%E5%B1%B1%E6%9E%97
w_ae8d80783992121a,N1,唾,つば,침,天に向かって唾する,하늘을 보고 침을 뱉다(남을 해치려다 도리어 자기가 당함의 비유),민중서림 엣센스 일한사전,22751c3cd9a646acaf3cf9873ce35606,唾 침,117,0,surface,한국어 뜻 직접 일치어 없음,https://ja.dict.naver.com/#/search?query=%E5%94%BE
w_aeb2ae8f421e5627,N1,せかす,せかす,재촉하다,仕事を急かす,일을 재촉하다,민중서림 엣센스 일한사전,7c1ea571baa74d038a32fa724964f8ef,せかす 재촉하다,163,1,surface,네이버 예문 ID 중복; 일본어 예문 문장 중복,https://ja.dict.naver.com/#/search?query=%E3%81%9B%E3%81%8B%E3%81%99
w_aec4831204ef2426,N2,差し支え,さしつかえ,"방해, 장애",差し支えがあって行けません,사정이 있어서 갈 수 없습니다,교학사 일한사전,e9446e9c80164dff9645a7feae929fb7,差し支え,115,0,surface,한국어 뜻 직접 일치어 없음,https://ja.dict.naver.com/#/search?query=%E5%B7%AE%E3%81%97%E6%94%AF%E3%81%88
w_aee914c06af7aac3,N2,思い切り,おもいきり,"힘껏, 마음껏",思い切りが悪い,선뜻 체념하지 못하다,교학사 일한사전,df04ab6ed0a14b62bbe4bb97c55f5993,思い切り,107,0,surface,한국어 뜻 직접 일치어 없음,https://ja.dict.naver.com/#/search?query=%E6%80%9D%E3%81%84%E5%88%87%E3%82%8A
w_aef420c79bbeb170,N5,ひま,ひま,"틈, 짬, 여가",暇を作る,짬을 내다; 틈을 만들다,민중서림 엣센스 일한사전,34cfacafe7aa4e7f92018788a43b3a48,ひま 틈 짬 여가,159,0,surface,한국어 뜻 직접 일치어 없음,https://ja.dict.naver.com/#/search?query=%E3%81%B2%E3%81%BE
w_af0b21362a37916f,N1,震わせる,ふるわせる,"떨게 하다, 떨리게 하다",寒さに体をぶるぶると震わせる,추위에 몸을 바르르 떨다,민중서림 엣센스 한일사전,76ee49836137477abc2602b738f03d45,震わせる,117,0,surface,한국어 뜻 직접 일치어 없음,https://ja.dict.naver.com/#/search?query=%E9%9C%87%E3%82%8F%E3%81%9B%E3%82%8B
w_af3901b562523664,N3,信用,しんよう,"신용, 신뢰",商人の生命は信用にある.,상인의 생명은 신용에 있다,민중서림 엣센스 한일사전,e40c3adfb73041d9a63e859cb3b85aba,信用 신용 신뢰,134,1,surface,네이버 예문 ID 중복; 일본어 예문 문장 중복,https://ja.dict.naver.com/#/search?query=%E4%BF%A1%E7%94%A8
w_af4808169f06f654,N3,完全,かんぜん,"완전, 완벽",合う解答ではあるが完全だとは言えない.,맞는 해답이로되 완전하다고 할 수는 없다,민중서림 엣센스 한일사전,23b1d1ba32884542b9acad6380d3d166,完全 완전 완벽,134,1,surface,네이버 예문 ID 중복; 일본어 예문 문장 중복,https://ja.dict.naver.com/#/search?query=%E5%AE%8C%E5%85%A8
w_af5024e6326a3ea3,N5,本,ほん,책,本といっても低俗な本だ,책은 책이로되 저속한 책이다,민중서림 엣센스 한일사전,bf27e81999704af8bb32ee0065c6e454,本 책,117,0,surface,한국어 뜻 직접 일치어 없음,https://ja.dict.naver.com/#/search?query=%E6%9C%AC
w_af636a8ea92685e6,N3,盛んな,さかんな,"왕성한, 활발한",盛んな声援に選手たちは勇み立った,열렬한 성원에 (힘입어) 선수들은 분발했다[투지를 불태웠다],민중서림 엣센스 일한사전,e684f6e413394738a1efb23b28ee2667,盛んな,117,0,surface,한국어 뜻 직접 일치어 없음,https://ja.dict.naver.com/#/search?query=%E7%9B%9B%E3%82%93%E3%81%AA
w_af76d4b3d5ba5ac0,N3,貧しい,まずしい,가난하다,貧しい生活をしている.,가난한 생활을 하고 있다,민중서림 엣센스 한일사전,7210e47d71fd4a00b22ef474275e3875,貧しい,122,0,surface,한국어 뜻 직접 일치어 없음,https://ja.dict.naver.com/#/search?query=%E8%B2%A7%E3%81%97%E3%81%84
w_af84d28aba699b3e,N3,貸し,かし,"대출, 빌린 것, 빌려줌",彼に貸しがある,그에게 베푼 은혜가 있다,민중서림 엣센스 일한사전,8f35298938604d0fabece70e75974678,貸し,159,0,surface,한국어 뜻 직접 일치어 없음,https://ja.dict.naver.com/#/search?query=%E8%B2%B8%E3%81%97
w_af850364c745e368,N2,寄せる,よせる,"밀려오다,다가오다",身を寄せる所がない.,몸 둘 곳이 없다,민중서림 엣센스 한일사전,338dcd487c474355981d7aeefa4d44d3,寄せる,122,0,surface,한국어 뜻 직접 일치어 없음,https://ja.dict.naver.com/#/search?query=%E5%AF%84%E3%81%9B%E3%82%8B
w_af85f2a34de69533,N2,蘇る,よみがえる,"되살아나다, 부활하다",昔の記憶が蘇る,옛 기억이 되살아나다,민중서림 엣센스 일한사전,f15c88c8277c45ab8dd82db91734645c,蘇る,129,1,surface,네이버 예문 ID 중복; 일본어 예문 문장 중복,https://ja.dict.naver.com/#/search?query=%E8%98%87%E3%82%8B
w_af9376e11faa99a9,N1,システム,システム,"제도, 시스템",3.9G通信システムを導入する,3.9G 통신 시스템을 도입하다,민중서림 엣센스 일한사전,221202566dd947bb81ac6ceed1acc38b,システム 제도 시스템,134,1,surface,네이버 예문 ID 중복; 일본어 예문 문장 중복,https://ja.dict.naver.com/#/search?query=%E3%82%B7%E3%82%B9%E3%83%86%E3%83%A0
w_afa1bc1548512e99,N1,無口,むくち,과묵함,生まれつき無口である,천성적으로 과묵하다,민중서림 엣센스 일한사전,eb9d178d6e464765b2938c2e4dc2cf7a,無口 과묵함,117,0,surface,한국어 뜻 직접 일치어 없음,https://ja.dict.naver.com/#/search?query=%E7%84%A1%E5%8F%A3
w_afca84ce3be3c5e2,N4,料理,りょうり,요리,はい、料理するのが好きです。,"네, 요리하는 것을 좋아해요. (생활/가정>요리>요리 실력)",글로벌회화,7a2dbc447c4b4bcfafcf8277622d04cd,料理 요리,132,1,surface,네이버 예문 ID 중복; 일본어 예문 문장 중복,https://ja.dict.naver.com/#/search?query=%E6%96%99%E7%90%86
w_afe0b47bfa0921be,N2,吐き出す,はきだす,"토해내다,내뱉다",彼は吐き出すように言い捨てて行ってしまった.,그는 내뱉듯이 말하고는 가 버렸다,민중서림 엣센스 한일사전,6fea1f568a754728879562b15c042ceb,吐き出す,102,0,surface,한국어 뜻 직접 일치어 없음,https://ja.dict.naver.com/#/search?query=%E5%90%90%E3%81%8D%E5%87%BA%E3%81%99
w_afffd3debfe297c0,N1,セクション,セクション,"부분, 구역",2月に開催されたシクロクロス東京は、砂浜のセクションが名物で、レインボーブリッジをバックに熱戦が繰り広げられる。,"2월에 개최된 사이클로크로스 도쿄는 모래사장 구역이 명물로, 레인보우 브리지를 배경으로 열전이 펼쳐진다.",플리토,783034002e8e4eefa64e6a9283bb3ea3,セクション 부분 구역,132,1,surface,우선 검수 출처,https://ja.dict.naver.com/#/search?query=%E3%82%BB%E3%82%AF%E3%82%B7%E3%83%A7%E3%83%B3
w_b01161cb912e4006,N2,備える,そなえる,"준비하다,구비하다",不慮の災難に備える,뜻하지 않은 재난에 대비하다,민중서림 엣센스 한일사전,1977e7c859534bd39dd351e3ecdc4f99,備える,117,0,surface,한국어 뜻 직접 일치어 없음,https://ja.dict.naver.com/#/search?query=%E5%82%99%E3%81%88%E3%82%8B
w_b025d61bd92053cb,N1,仕組み,しくみ,"구조,원리","仕組みが簡単で,値段がやすく故障も少ない.",구조가 간단하여 가격이 싸고 고장도 적다,민중서림 엣센스 한일사전,30e7017692934dabb43a46d129dc658f,仕組み,176,1,surface,네이버 예문 ID 중복; 일본어 예문 문장 중복,https://ja.dict.naver.com/#/search?query=%E4%BB%95%E7%B5%84%E3%81%BF
w_b040677423d52014,N2,満員,まんいん,만원,満員で空席がない.,만원으로 빈자리가 없다,민중서림 엣센스 한일사전,0a96796dca9a43bca5ae2ab16bd75052,満員 만원,134,1,surface,네이버 예문 ID 중복; 일본어 예문 문장 중복,https://ja.dict.naver.com/#/search?query=%E6%BA%80%E5%93%A1
w_b046193862632af9,N2,冷静だ,れいせいだ,"냉철하다,이성적이다",冷静さを失わないことが大切だ.,냉정을 잃지 않는 게 중요하다,민중서림 엣센스 한일사전,ebd9151d818e480084e54f67ca483ec7,冷静だ,60,0,stem,한국어 뜻 직접 일치어 없음; 활용 어간으로만 목표어 확인; 자동 선택 점수 80 미만,https://ja.dict.naver.com/#/search?query=%E5%86%B7%E9%9D%99%E3%81%A0
w_b097e87be35c53bf,N2,思い込む,おもいこむ,"굳게 믿다, 단정하다",事実だと思い込む,사실이라고 믿어 의심치 않다,교학사 일한사전,82acd5241d044e4e849d264d543118ef,思い込む,107,0,surface,한국어 뜻 직접 일치어 없음,https://ja.dict.naver.com/#/search?query=%E6%80%9D%E3%81%84%E8%BE%BC%E3%82%80
w_b0aa7ab8e4300e43,N2,気楽だ,きらくだ,마음편하다,年上が気楽だ。,연상이 편하다.,국립국어원 한국어-일본어 학습사전,06ab6bd14cfd4332b8611700da2a3d3b,気楽だ 마음편하다,102,0,surface,한국어 뜻 직접 일치어 없음,https://ja.dict.naver.com/#/search?query=%E6%B0%97%E6%A5%BD%E3%81%A0
w_b0b90f3941dd21f9,N1,空間,くうかん,공간,できる限り空間を利用する.,가능한 한 공간을 이용하다,민중서림 엣센스 한일사전,c12a725fdaf64fd5b3732296514d24ab,空間 공간,134,1,surface,네이버 예문 ID 중복; 일본어 예문 문장 중복,https://ja.dict.naver.com/#/search?query=%E7%A9%BA%E9%96%93
w_b0bd981d3bda964c,N3,泡,あわ,거품,ぶくぶくと泡を立てる.,부글부글 거품이 일다,민중서림 엣센스 한일사전,1caf669f25fe424d9c2b02fab001a9be,泡 거품,134,1,surface,네이버 예문 ID 중복; 일본어 예문 문장 중복,https://ja.dict.naver.com/#/search?query=%E6%B3%A1
w_b0e1785de19c076b,N1,ボルト,ボルト,볼트,この電線には二百ボルトの電流が流れている.,이 전선에는 200볼트의 전류가 흐르고 있다,민중서림 엣센스 한일사전,0d5a54e33eeb4c39a3143cec52c81ba0,ボルト 볼트,134,1,surface,네이버 예문 ID 중복; 일본어 예문 문장 중복,https://ja.dict.naver.com/#/search?query=%E3%83%9C%E3%83%AB%E3%83%88
w_b0e221034704c8c7,N2,釘,くぎ,못,釘が打ち込まれず跳ね出る.,못이 박히지 않고 튕기다,민중서림 엣센스 한일사전,df9937384d9d4e0798e1eec1db52e58b,釘 못,122,0,surface,한국어 뜻 직접 일치어 없음,https://ja.dict.naver.com/#/search?query=%E9%87%98
w_b0e70ed0be91dd53,N3,一般的な,いっぱんてきな,일반적인,ところがアラムートでは，暗殺がきわめて一般的な戦い方とされていたのである。モンゴルに限らず，どんな集団でもアラムートの狂信者たちを憎んでいた,한데 알라무트에서는 암살이 극히 일반적인 전투 방법으로 되어 있었던 것이다. 몽골에 한하지 않고 어떤 집단에서도 알라무트 광신자들을 증오하고 있었다.,민중서림 엣센스 외래어사전,0469594297544dc0832aab6b132e963f,一般的な 일반적인,106,1,surface,네이버 예문 ID 중복; 일본어 예문 문장 중복,https://ja.dict.naver.com/#/search?query=%E4%B8%80%E8%88%AC%E7%9A%84%E3%81%AA
w_b0fa73f425bb6383,N4,随分,ずいぶん,극도로,悪口を言うとは随分だ,욕을 하다니 해도 너무한다,교학사 일한사전,f7f0ecd68f984cf9aacb6e882d17da41,随分,115,0,surface,한국어 뜻 직접 일치어 없음,https://ja.dict.naver.com/#/search?query=%E9%9A%8F%E5%88%86
w_b0fd5af620232632,N3,優秀,ゆうしゅう,"우수함, 뛰어남",ハングルは非常に優秀な文字である.,한글은 매우 우수한 글이다,민중서림 엣센스 한일사전,6efd61f06054411e884cfc392216be76,優秀 우수함 뛰어남,122,0,surface,한국어 뜻 직접 일치어 없음,https://ja.dict.naver.com/#/search?query=%E5%84%AA%E7%A7%80
w_b14c5f7eb90054ee,N3,不幸,ふこう,불행,瞬間の過ちが不幸を招いた.,순간적인 실수가 불행을 초래했다,민중서림 엣센스 한일사전,fa11c9258c04488fb247a38de9faff76,不幸 불행,134,1,surface,네이버 예문 ID 중복; 일본어 예문 문장 중복,https://ja.dict.naver.com/#/search?query=%E4%B8%8D%E5%B9%B8
w_b15ad8401a227b7e,N3,書類,しょるい,"서류, 문서",古い書類を焼却する.,묵은 서류를 불에 사르다,민중서림 엣센스 한일사전,0c8342e0b3704e6e97ce20cfa1d20cc6,書類 서류 문서,134,1,surface,네이버 예문 ID 중복; 일본어 예문 문장 중복,https://ja.dict.naver.com/#/search?query=%E6%9B%B8%E9%A1%9E
w_b2311ab4de564cd1,N2,ポスター,ポスター,포스터,選挙のポスターが街頭に張り出される.,선거 포스터가 길거리에 나붙다,민중서림 엣센스 한일사전,d9d501e72cd045f89c67f7952bb0a960,ポスター 포스터,134,1,surface,네이버 예문 ID 중복; 일본어 예문 문장 중복,https://ja.dict.naver.com/#/search?query=%E3%83%9D%E3%82%B9%E3%82%BF%E3%83%BC
w_b244afc15234ffcb,N4,程,ほど,"정도, 만큼",苦心の程が分かる,고심한 정도를 알 수 있다.,민중서림 엣센스 일한사전,d2301dcff8964f59896aa0281bbad8a0,程 정도 만큼,129,1,surface,네이버 예문 ID 중복; 일본어 예문 문장 중복,https://ja.dict.naver.com/#/search?query=%E7%A8%8B
w_b294a10dbb183efa,N1,目下,もっか,"목하, 현재",目下の情勢では結果を予測できない.,목하의 정세로는 결과를 예측할 수 없다,민중서림 엣센스 한일사전,d11c3854825f42279fc3b6db4aa71d32,目下 목하 현재,134,1,surface,네이버 예문 ID 중복; 일본어 예문 문장 중복,https://ja.dict.naver.com/#/search?query=%E7%9B%AE%E4%B8%8B
w_b2d64c62192e28cf,N3,球,きゅう,"공, 구체",難球を見事に受け止めた,(처리하기) 어려운 공을 멋지게 받아 냈다,민중서림 엣센스 일한사전,22dc726cd264487ab48361524ec781ec,球 공 구체,117,0,surface,한국어 뜻 직접 일치어 없음,https://ja.dict.naver.com/#/search?query=%E7%90%83
w_b2ffb2cd28ae320d,N2,挟む,はさむ,"잡다, 들다 사이, 삽입하다",握り飯や，イスラエルのファラーフェルなどは，挟むのではなく包んで成功した傑作だ,주먹밥이나 이스라엘의 팔라펠 따위는 끼우는 것이 아니라 싸서 성공한 걸작이다.,민중서림 엣센스 외래어사전,cadd7de873944a738e874648054e0f8b,挟む,122,0,surface,한국어 뜻 직접 일치어 없음,https://ja.dict.naver.com/#/search?query=%E6%8C%9F%E3%82%80
w_b34cf940738e2be9,N2,道順,みちじゅん,"길 순서, 노정",道順をスマホで確認する,길을 스마트폰으로 확인하다,민중서림 엣센스 일한사전,2139368cb5634c4fa0eb7f9b6f3381e2,道順,117,0,surface,한국어 뜻 직접 일치어 없음,https://ja.dict.naver.com/#/search?query=%E9%81%93%E9%A0%86
w_b36e1365aa1b125e,N5,こうちゃ,こうちゃ,홍차,コールドブリューはコーヒーはもちろん、緑茶∙紅茶などにも応用できる,콜드브루는 커피는 물론 녹차∙홍차 등에도 응용할 수 있다,민중서림 엣센스 일한사전,4975ef3879de4ac58b2a9a68d024cda8,こうちゃ 홍차,176,1,surface,네이버 예문 ID 중복; 일본어 예문 문장 중복,https://ja.dict.naver.com/#/search?query=%E3%81%93%E3%81%86%E3%81%A1%E3%82%83
w_b3b7cf9b1de41ca2,N3,好む,このむ,"좋아하다, 선호하다",日本の人でも活け造りを好む人とあまり好まない人がいます。,일본 사람도 이키주쿠리를 좋아하는 사람도 있고 그다지 좋아하지 않는 사람도 있습니다,연세대학교 한국어학당 국가별 대표음식,d2a681ae2b68442892654e2ce831ee2f,好む,122,0,surface,한국어 뜻 직접 일치어 없음,https://ja.dict.naver.com/#/search?query=%E5%A5%BD%E3%82%80
w_b3bb02da7d1995b7,N2,実例,じつれい,예,実例を引いて説明した.,실례를 끌어다 설명했다,민중서림 엣센스 한일사전,d75d6bdb351a4ecc83301fd53534c3ca,実例,122,0,surface,한국어 뜻 직접 일치어 없음,https://ja.dict.naver.com/#/search?query=%E5%AE%9F%E4%BE%8B
w_b3db7bcd6d4d7a98,N3,決定,けってい,"결정, 결심",会員の総意で決定する.,회원의 총의에 따라 결정하다,민중서림 엣센스 한일사전,9d98755490ca47a29b1a81bfa2ef70d2,決定 결정 결심,134,1,surface,네이버 예문 ID 중복; 일본어 예문 문장 중복,https://ja.dict.naver.com/#/search?query=%E6%B1%BA%E5%AE%9A
w_b43bd14340d28b3a,N3,活動,かつどう,활동,純粋な動機で活動している,순수한 동기로 활동하고 있다,민중서림 엣센스 일한사전,9fbbbecc044a401fb005b7403a078542,活動 활동,129,1,surface,네이버 예문 ID 중복; 일본어 예문 문장 중복,https://ja.dict.naver.com/#/search?query=%E6%B4%BB%E5%8B%95
w_b4428c0646235e1b,N1,施設,しせつ,시설,公の施設を私する,공공시설을 자기 것인 양 하다.,민중서림 엣센스 일한사전,b4d00ecc4fe54f3a816a8b094e324820,施設 시설,129,1,surface,네이버 예문 ID 중복; 일본어 예문 문장 중복,https://ja.dict.naver.com/#/search?query=%E6%96%BD%E8%A8%AD
w_b459360382d1d575,N4,珍しい,めずらしい,흔치않다,彼が早起きするなんて珍しいことだ.,그가 일찍 일어나다니 희한한 일이다,민중서림 엣센스 한일사전,1f7262e4518a4d47889e059ae49c0340,珍しい,122,0,surface,한국어 뜻 직접 일치어 없음,https://ja.dict.naver.com/#/search?query=%E7%8F%8D%E3%81%97%E3%81%84
w_b47d6fe4e0d8b6b3,N5,左,ひだり,왼쪽,左の方向にハンドルを切る.,왼쪽 방향으로 핸들을 꺾다,민중서림 엣센스 한일사전,d667acebf02b48cca0d4ce9216f7fa5d,左 왼쪽,134,1,surface,네이버 예문 ID 중복; 일본어 예문 문장 중복,https://ja.dict.naver.com/#/search?query=%E5%B7%A6
w_b480848a70c6cde2,N3,乾く,かわく,"마르다,건조되다",ぬれた着物が半ば乾く.,젖은 옷이 거덕거덕 마르다,민중서림 엣센스 한일사전,737a9876c5f84036b7728b1e9d91f089,乾く,126,1,surface,네이버 예문 ID 중복; 일본어 예문 문장 중복,https://ja.dict.naver.com/#/search?query=%E4%B9%BE%E3%81%8F
w_b4b5fbd14fb214b4,N3,明後日,みょうごにち,모레,明日が何なら、明後日でも結構です,내일이 뭣하면 모레라도 좋습니다,교학사 일한사전,a3e024eebe2d4550a712bf56681c33dc,明後日 모레,124,1,surface,네이버 예문 ID 중복; 일본어 예문 문장 중복,https://ja.dict.naver.com/#/search?query=%E6%98%8E%E5%BE%8C%E6%97%A5
w_b4d23f4f4fb20992,N4,ベル,ベル,"종, 벨",アパートの階ごとに非常ベルが取りつけられている.,아파트의 층층이 비상벨이 달려 있다,민중서림 엣센스 한일사전,3a526142af99479faea0b09a908742bc,ベル,110,,,네이버 예문 ID 중복; 일본어 예문 문장 중복,https://ja.dict.naver.com/#/search?query=%E3%83%99%E3%83%AB
w_b5163718fa24fb88,N2,目指す,めざす,"지향하다,목표하다",IPOを目指す企業,IPO를 목표로 하는 기업,민중서림 엣센스 일한사전,01183f94c157445a8ce3bcc340d79689,目指す,109,0,surface,한국어 뜻 직접 일치어 없음,https://ja.dict.naver.com/#/search?query=%E7%9B%AE%E6%8C%87%E3%81%99
w_b550b37b661afe05,N2,吊る,つる,"매달다, 걸다",膨ら脛が吊る,장딴지에 쥐가 나다; 장딴지가 땅기다,민중서림 엣센스 일한사전,f9652e9e06cb4c4890b8337955f6288a,吊る,117,0,surface,한국어 뜻 직접 일치어 없음,https://ja.dict.naver.com/#/search?query=%E5%90%8A%E3%82%8B
w_b5599a01177fd473,N3,積極的,せっきょくてき,"긍정적인, 활발한",失敗しても絶望したり諦めたりせず、肯定的な姿勢と積極的な態度で対応しなければならない。,실패를 했어도 절망하거나 포기하지 말고 긍정적 자세와 적극적 태도로 대응해야 한다.,국립국어원 한국어-일본어 학습사전,edb59d0a4bb943b793b5fa1814d21a62,積極的 긍정적인 활발한,94,0,surface,한국어 뜻 직접 일치어 없음,https://ja.dict.naver.com/#/search?query=%E7%A9%8D%E6%A5%B5%E7%9A%84
w_b577ee62ff687d65,N3,迷惑,めいわく,"민폐, 폐",しばしばご迷惑をかけまして申しわけありません.,종종 폐를 끼쳐 미안합니다,민중서림 엣센스 한일사전,f0bbd9a61446498e8bede745e4ca91e9,迷惑 민폐 폐,122,0,surface,한국어 뜻 직접 일치어 없음,https://ja.dict.naver.com/#/search?query=%E8%BF%B7%E6%83%91
w_b5f39330d57b8eeb,N3,信仰,しんこう,"신앙(종교적인), 믿음",根拠のない理性の原則を習慣づけることを信仰と呼ぶ。(フリードリヒ・ニーチェ),"근거 없이 지적인 원칙들에 습관이 드는 것을 우리는 신앙이라 부른다. (프레드리히 니체, 인간적인 너무나 인간적인, 믿음명언)",명언/속담,776ae7bf75154f6cb5390aa1aab7c0ff,信仰 신앙 종교적인 믿음,136,2,surface,우선 검수 출처,https://ja.dict.naver.com/#/search?query=%E4%BF%A1%E4%BB%B0
w_b634948494be7e44,N2,斬る,きる,(칼로) 베다,泣いて馬謖を斬る心情で友を告発する.,읍참마속의 심정으로 친구를 고발하다,민중서림 엣센스 한일사전,da6efa8bb08c4e288d4047687f90b020,斬る,122,0,surface,한국어 뜻 직접 일치어 없음; 네이버 예문 ID 중복; 일본어 예문 문장 중복,https://ja.dict.naver.com/#/search?query=%E6%96%AC%E3%82%8B
w_b644679652955b52,N5,西,にし,서(쪽),義賊は東にひょいと西にひょいと現れて悪人を懲らした。,의적은 동에 번쩍 서에 번쩍하고 나타나 나쁜 사람들을 혼내 주었다.,국립국어원 한국어-일본어 학습사전,dbad02e504664cb29763673b363b9e6b,西 서 쪽,102,0,surface,한국어 뜻 직접 일치어 없음,https://ja.dict.naver.com/#/search?query=%E8%A5%BF
w_b6692781d912a8ce,N2,初めに,はじめに,"처음에, 먼저",これまで公にされなかった秘技を初めに公開した,지금까지 공개되지 않았던 비장의 기술을 처음으로 공개했다,민중서림 엣센스 일한사전,f7de07da10e548b2aa6059edc666cdf3,初めに,117,0,surface,한국어 뜻 직접 일치어 없음,https://ja.dict.naver.com/#/search?query=%E5%88%9D%E3%82%81%E3%81%AB
w_b67e9f01ecf28a70,N3,首相,しゅしょう,"수상, 총리",首相が外相を兼ねる,수상이 외상[외무 장관]을 겸하다,민중서림 엣센스 일한사전,e72ce12a6c8340b0886eb13e0baccf18,首相 수상 총리,129,1,surface,네이버 예문 ID 중복; 일본어 예문 문장 중복,https://ja.dict.naver.com/#/search?query=%E9%A6%96%E7%9B%B8
w_b69f8cd19581f34a,N2,始終,しじゅう,"항상, 끊임없이",あの学校は始終[しょっちゅう]もめている.,저 학교는 항상 분쟁이 끊이지 않는다,민중서림 엣센스 한일사전,557e4ad818684214b36935e64dcf7981,始終 항상 끊임없이,134,1,surface,네이버 예문 ID 중복; 일본어 예문 문장 중복,https://ja.dict.naver.com/#/search?query=%E5%A7%8B%E7%B5%82
w_b6a43f57f6d6ba38,N2,方面,ほうめん,"방면, 분야",芸術の方面に関心がある.,예술 방면에 관심이 있다,민중서림 엣센스 한일사전,e1cb3630a65247c0a163e03708e2f698,方面 방면 분야,134,1,surface,네이버 예문 ID 중복; 일본어 예문 문장 중복,https://ja.dict.naver.com/#/search?query=%E6%96%B9%E9%9D%A2
w_b6d1d9cff527ba72,N1,しょっちゅう,しょっちゅう,"항상, 끊임없이",あの学校は始終[しょっちゅう]もめている.,저 학교는 항상 분쟁이 끊이지 않는다,민중서림 엣센스 한일사전,557e4ad818684214b36935e64dcf7981,しょっちゅう 항상 끊임없이,134,1,surface,네이버 예문 ID 중복; 일본어 예문 문장 중복,https://ja.dict.naver.com/#/search?query=%E3%81%97%E3%82%87%E3%81%A3%E3%81%A1%E3%82%85%E3%81%86
w_b70614b8f8eeabd9,N1,乃至,ないし,"내지, 또는",フランス語乃至ドイツ語を履修のこと,프랑스어 또는 독일어를 이수할 것,교학사 일한사전,daa563d2b70a42fbaea43d891e8fa675,乃至,79,,,자동 선택 점수 80 미만,https://ja.dict.naver.com/#/search?query=%E4%B9%83%E8%87%B3
w_b72207d33f55c934,N2,早速,さっそく,"즉시,조속히",電話をかけたら早速やって来た,전화했더니 즉시 달려왔다,교학사 일한사전,c87a47d2d8164c28ab21604fd2123215,早速 즉시 조속히,127,1,surface,네이버 예문 ID 중복; 일본어 예문 문장 중복,https://ja.dict.naver.com/#/search?query=%E6%97%A9%E9%80%9F
w_b7b4488b521400e9,N2,呑気,のんき,"태평함, 느긋함",気性が呑気だ。,성미가 태평하다.,국립국어원 한국어-일본어 학습사전,70b36bf012e643a0a36e2ac0714b953e,呑気 태평함 느긋함,102,0,surface,한국어 뜻 직접 일치어 없음,https://ja.dict.naver.com/#/search?query=%E5%91%91%E6%B0%97
w_b7e08adc23fd8e21,N2,逆さま,さかさま,"거꾸로, 반대",上を下にする; 逆さまにする.,위를 아래로 하다,민중서림 엣센스 한일사전,026008147e8644ffaaffa5937a2415fd,逆さま,122,0,surface,한국어 뜻 직접 일치어 없음,https://ja.dict.naver.com/#/search?query=%E9%80%86%E3%81%95%E3%81%BE
w_b7ede41b8b91ab60,N1,崩す,くずす,"무너뜨리다,흩뜨리다",コンピューターの画面を崩すなど，データやソフトを破壊するコンピューター・ウイルスが，依然として猛威をふるっている,"컴퓨터 화면을 뭉개는 등, 데이터나 소프트를 파괴하는 컴퓨터 바이러스가 여전히 맹위를 떨치고 있다.",민중서림 엣센스 외래어사전,1ddf6cb4fb7c491f978d23780853f2d0,崩す,122,0,surface,한국어 뜻 직접 일치어 없음,https://ja.dict.naver.com/#/search?query=%E5%B4%A9%E3%81%99
w_b7f37f0b0a8a7c3a,N2,循環,じゅんかん,순환,バスが同一コースを循環する.,버스가 같은 코스를 순환하다,민중서림 엣센스 한일사전,389fa2a8e51440e391722659d3c45ce3,循環 순환,134,1,surface,네이버 예문 ID 중복; 일본어 예문 문장 중복,https://ja.dict.naver.com/#/search?query=%E5%BE%AA%E7%92%B0
w_b82d7d0d2eeafbd8,N1,ありきたり,ありきたり,"흔함, 평범함",サークルの会長が演説をする時のレパートリーはありきたりすぎて、みんなあくびをしながら座っていた。,동아리 회장이 연설을 할 때의 레퍼토리는 늘 뻔해 모두들 하품을 하며 앉아 있었다.,국립국어원 한국어-일본어 학습사전,9a2c89627a434437884d9b4ab3557a7b,ありきたり,122,0,surface,한국어 뜻 직접 일치어 없음,https://ja.dict.naver.com/#/search?query=%E3%81%82%E3%82%8A%E3%81%8D%E3%81%9F%E3%82%8A
w_b846d60ec7ea8a3a,N2,若々しい,わかわかしい,"아주젊다,생기발랄하다",肌が艶艶として若々しい,피부가 반들반들하니 싱싱하다,교학사 일한사전,e85cd173f4f64b7bb4f639d41eed3435,若々しい,107,0,surface,한국어 뜻 직접 일치어 없음,https://ja.dict.naver.com/#/search?query=%E8%8B%A5%E3%80%85%E3%81%97%E3%81%84
w_b85ac81090221b63,N3,県,けん,현,国から県に管轄が移る,중앙 정부에서 현으로 관할이 옮겨지다,민중서림 엣센스 일한사전,a906b14d80ec4ab7941667cef71d303f,県 현,117,0,surface,한국어 뜻 직접 일치어 없음,https://ja.dict.naver.com/#/search?query=%E7%9C%8C
w_b892e9fa3a475bbf,N3,速度,そくど,속도,摩擦によって速度が鈍る,마찰에 의해서 속도가 느려지다,민중서림 엣센스 일한사전,b1263ab835474e7382bed407a2bbe684,速度 속도,129,1,surface,네이버 예문 ID 중복; 일본어 예문 문장 중복,https://ja.dict.naver.com/#/search?query=%E9%80%9F%E5%BA%A6
w_b898a19a0dbc5b7c,N1,裏腹,うらはら,"정반대,모순",言う事とする事が裏腹だ,말과 하는 짓이 정반대다,민중서림 엣센스 일한사전,f3d36c3b94b74a459f74d9d463723731,裏腹 정반대 모순,129,1,surface,네이버 예문 ID 중복; 일본어 예문 문장 중복,https://ja.dict.naver.com/#/search?query=%E8%A3%8F%E8%85%B9
w_b8c392e0ced001dc,N4,一生懸命,いっしょうけんめい,"열심히, 최선을 다해",息子と娘を生んで一生懸命暮らした.,아들딸 낳고 열심히 살았다,민중서림 엣센스 한일사전,a18804816137429e9be2545089f34005,一生懸命,62,,,자동 선택 점수 80 미만; 네이버 예문 ID 중복; 일본어 예문 문장 중복,https://ja.dict.naver.com/#/search?query=%E4%B8%80%E7%94%9F%E6%87%B8%E5%91%BD
w_b8c4ef09992a5ee5,N1,家計,かけい,가계,アルバイトをして家計を助ける.,아르바이트를 해서 가계를 돌보다,민중서림 엣센스 한일사전,5b849b25ef9a4058998de3c11b25bc19,家計 가계,134,1,surface,네이버 예문 ID 중복; 일본어 예문 문장 중복,https://ja.dict.naver.com/#/search?query=%E5%AE%B6%E8%A8%88
w_b8c80d155447f46a,N1,真ん丸い,まんまるい,둥글디둥글다,真ん丸く円をえがく,동그랗게 원을 그리다,민중서림 엣센스 한일사전,cb1b0fb61ca645d9911f1113dc38bcf4,真ん丸い,47,0,stem,한국어 뜻 직접 일치어 없음; 활용 어간으로만 목표어 확인; 자동 선택 점수 80 미만,https://ja.dict.naver.com/#/search?query=%E7%9C%9F%E3%82%93%E4%B8%B8%E3%81%84
w_b8fbaded141b29eb,N2,曖昧だ,あいまいだ,애매하다,長い年月が立ち、私は幼い頃、友達と一緒に遊び回った記憶すら曖昧だ。,세월이 흐르다 보니 나는 어린 시절 친구들과 뛰어놀던 기억조차 가물가물하다.,국립국어원 한국어-일본어 학습사전,fb4fddb9fb03499594dee553cfe4a68d,曖昧だ 애매하다,102,0,surface,한국어 뜻 직접 일치어 없음,https://ja.dict.naver.com/#/search?query=%E6%9B%96%E6%98%A7%E3%81%A0
w_b9111f44a6cece15,N3,しゃべる,しゃべる,말하다,誰にも喋るなよ,아무에게도 말하지 마,민중서림 엣센스 일한사전,3ccca82d96dc4f1ebea9167e45923d67,しゃべる 말하다,151,0,surface,한국어 뜻 직접 일치어 없음,https://ja.dict.naver.com/#/search?query=%E3%81%97%E3%82%83%E3%81%B9%E3%82%8B
w_b962c9958ca025b2,N2,為す,なす,"이루다, 하다",相手の為すがままに任せる,상대가 하는 대로 맡겨 두다,민중서림 엣센스 일한사전,c469603ec36d4ddb92b20841969c373e,為す,117,0,surface,한국어 뜻 직접 일치어 없음,https://ja.dict.naver.com/#/search?query=%E7%82%BA%E3%81%99
w_b978baf68d3eeddd,N2,一斉,いっせい,일제히,町のよた者を一斉に検挙する.,거리의 불량배를 일제히 검거하다,민중서림 엣센스 한일사전,895c91d28df74bf2b21b436cfbd74116,一斉 일제히,134,1,surface,네이버 예문 ID 중복; 일본어 예문 문장 중복,https://ja.dict.naver.com/#/search?query=%E4%B8%80%E6%96%89
w_b98ec43cc7ba192f,N5,おふろにはいる,おふろにはいる,목욕하다,家に帰ってすぐお風呂に入る,집에 오자마자 목욕하다[씻다],민중서림 엣센스 일한사전,695d5946dd9045749d8d92d656f54698,おふろにはいる 목욕하다,101,1,jmdict-form,JMdict 보조 표기로 목표어 확인,https://ja.dict.naver.com/#/search?query=%E3%81%8A%E3%81%B5%E3%82%8D%E3%81%AB%E3%81%AF%E3%81%84%E3%82%8B
w_b9dfaa030a7cffff,N3,仮定,かてい,가정,"まだ仮定の段階だから,はっきりしない.",아직 가정의 단계라 확실하지 않다,민중서림 엣센스 한일사전,bdaf1eef79494bdfb56764e7d3e57b46,仮定 가정,134,1,surface,네이버 예문 ID 중복; 일본어 예문 문장 중복,https://ja.dict.naver.com/#/search?query=%E4%BB%AE%E5%AE%9A
w_ba0fe8fbd3ab9da6,N2,欄,らん,"난, 칸",所定の欄に記入せよ.,소정의 난에 기입하라,민중서림 엣센스 한일사전,e88ebe051f144dcbb48bc839e5cfc856,欄 난 칸,114,0,surface,한국어 뜻 직접 일치어 없음,https://ja.dict.naver.com/#/search?query=%E6%AC%84
w_ba89429f60737539,N3,エネルギー,エネルギー,에너지,太陽エネルギーを電気に変換する.,태양 에너지를 전기로 변환하다,민중서림 엣센스 한일사전,6836605f189b421cbaa2035157d1a7bf,エネルギー 에너지,134,1,surface,네이버 예문 ID 중복; 일본어 예문 문장 중복,https://ja.dict.naver.com/#/search?query=%E3%82%A8%E3%83%8D%E3%83%AB%E3%82%AE%E3%83%BC
w_bada5a71b14fde36,N1,装う,よそおう,"꾸미다,치장하다",努めて平静を装う,애써 평정을 가장하다[태연한 척하다],민중서림 엣센스 일한사전,74c4a4b4bb6e475cb29ea1c1f70eda17,装う,109,0,surface,한국어 뜻 직접 일치어 없음,https://ja.dict.naver.com/#/search?query=%E8%A3%85%E3%81%86
w_bae098e6bbe74e8f,N2,的確,てきかく,정확한,的確なポジショニングからの攻撃を得意とする選手です。,정확한 위치에서 공격하는 것이 특기인 선수입니다.,플리토,c13261a87ae444bc8ac72e41ce80b021,的確 정확한,112,1,surface,우선 검수 출처; 네이버 예문 ID 중복; 일본어 예문 문장 중복,https://ja.dict.naver.com/#/search?query=%E7%9A%84%E7%A2%BA
w_baedcb39a0c38071,N2,主役,しゅやく,"주역, 주연",Ｈ校に１４年ぶりの歓喜をもたらしたラスト・プレーをこなしたのは，陰の主役だった,H교에 14년 만의 환희를 가져오게 한 최후의 경기를 치러 낸 것은 그늘의 주역이었다(고교 야구에서).,민중서림 엣센스 외래어사전,7a3e1293b0554d2cb373d7681477fbba,主役 주역 주연,134,1,surface,네이버 예문 ID 중복; 일본어 예문 문장 중복,https://ja.dict.naver.com/#/search?query=%E4%B8%BB%E5%BD%B9
w_baf5d793108b9806,N2,真っ白,まっしろ,새하얗다,真っ白な雪が太陽に照らされて、きらきら(と)輝いている,새하얀 눈이 햇빛을 받아 반짝반짝 빛나고 있다,민중서림 엣센스 일한사전,37cdc09e49ee4aa2a17a02e332a092aa,真っ白,144,0,surface,한국어 뜻 직접 일치어 없음,https://ja.dict.naver.com/#/search?query=%E7%9C%9F%E3%81%A3%E7%99%BD
w_bb2f02bf8612a31c,N2,オルガン,オルガン,오르간,先生のオルガン伴奏で合唱する.,선생님의 오르간 반주로 합창하다,민중서림 엣센스 한일사전,2514468b2dc048009bde2497924c7008,オルガン 오르간,134,1,surface,네이버 예문 ID 중복; 일본어 예문 문장 중복,https://ja.dict.naver.com/#/search?query=%E3%82%AA%E3%83%AB%E3%82%AC%E3%83%B3
w_bb53443248b60ab7,N1,円滑な,えんかつな,원활한,交通の円滑な流れに支障がある,교통의 원활한 흐름에 지장이 있다,민중서림 엣센스 일한사전,f5a304ad1d614348a56ab39832ac0082,円滑な 원활한,129,1,surface,네이버 예문 ID 중복; 일본어 예문 문장 중복,https://ja.dict.naver.com/#/search?query=%E5%86%86%E6%BB%91%E3%81%AA
w_bc1f8e0278c3b013,N1,主権,しゅけん,주권,主権が強国に従属する.,주권이 강국에 종속되다,민중서림 엣센스 한일사전,0e9bfccb985548c59574935a4550c98c,主権 주권,134,1,surface,네이버 예문 ID 중복; 일본어 예문 문장 중복,https://ja.dict.naver.com/#/search?query=%E4%B8%BB%E6%A8%A9
w_bc4e8e2c9bcbaef7,N2,卑怯,ひきょう,"비겁함, 비열함",陰険で卑怯な振る舞いをしていたら、誇らしく寛大な精神を持つことはできない。どんな行動でも、その人の精神をあらわしているのだ。(デモステネス),"행동이 비열하고 하찮다면 그 정신이 자랑스럽고 의로울 수 없습니다. 사람의 행동이야말로 그의 정신이기 때문입니다. (데모스테네스, 공부명언)",명언/속담,d36618bdd1984d1aa310c6e2386393d1,卑怯 비겁함 비열함,112,0,surface,한국어 뜻 직접 일치어 없음; 우선 검수 출처,https://ja.dict.naver.com/#/search?query=%E5%8D%91%E6%80%AF
w_bcc508128b2b031b,N1,意欲,いよく,의욕,"意欲もあり,さらに能力もある",의욕도 있고 더군다나 능력도 있다,민중서림 엣센스 한일사전,ebbb9c6c2c5b4d2aa01a62afb87cad49,意欲,102,,,네이버 예문 ID 중복; 일본어 예문 문장 중복,https://ja.dict.naver.com/#/search?query=%E6%84%8F%E6%AC%B2
w_bd045e85d104f61f,N3,消費,しょうひ,소비,生産と消費が飛躍的に伸びる.,생산과 소비가 비약적으로 늘다,민중서림 엣센스 한일사전,3d52fc8f68c04f8c9ca25440d058c112,消費 소비,126,1,surface,네이버 예문 ID 중복; 일본어 예문 문장 중복,https://ja.dict.naver.com/#/search?query=%E6%B6%88%E8%B2%BB
w_bd181301cc7c5324,N3,酒,さけ,"술, 사케",酒と鮭は同じ発音ですがアクセントの位置が異なります。,"사케(酒,술)와 사케(鮭,연어)는 같은 발음이지만 악센트의 위치가 다릅니다.",연세대학교 한국어학당 국가별 대표음식,329efda2172b4dee9ae03ee5baa5534d,酒 술 사케,176,1,surface,네이버 예문 ID 중복; 일본어 예문 문장 중복,https://ja.dict.naver.com/#/search?query=%E9%85%92
w_bd3290eca50bee3f,N1,工面,くめん,자금마련,ロ：はい、何とかあちこちから資金をやりくりして、やっと工面しました。,"나: 네, 그냥 여기저기서 자금을 둘러대 겨우 마련했어요.",국립국어원 한국어-일본어 학습사전,72dde23366b248c1b81ddaeb5a42bbd1,工面 자금마련,102,0,surface,한국어 뜻 직접 일치어 없음,https://ja.dict.naver.com/#/search?query=%E5%B7%A5%E9%9D%A2
w_bd646de7ab0e9eb8,N2,役所,やくしょ,"관공서, 공공기관",朝から役所に詰める,아침부터 관청에 나가 대기하다,민중서림 엣센스 일한사전,897f0429fb3945dcb8092e0c72442beb,役所,117,0,surface,한국어 뜻 직접 일치어 없음,https://ja.dict.naver.com/#/search?query=%E5%BD%B9%E6%89%80
w_bd727591cdd86a06,N2,無駄だ,むだだ,"쓸데없다,허비하다",このようなスクラムは譲れないが、追うチームの立場では時間を無駄に使いたくない時だ。,"이러한 스크럼은 양보할 수 없지만, 따라붙는 팀의 입장에서는 시간을 허비하고 싶지 않은 때이다.",플리토,b82ea0d42685403e94e89b1528c9daf0,無駄だ 쓸데없다 허비하다,58,0,stem,한국어 뜻 직접 일치어 없음; 활용 어간으로만 목표어 확인; 자동 선택 점수 80 미만; 우선 검수 출처,https://ja.dict.naver.com/#/search?query=%E7%84%A1%E9%A7%84%E3%81%A0
w_bd93ffd2acbd4da4,N2,送り仮名,おくりがな,오쿠리가나,漢文を読む時、送り仮名をつけて読むと、その意味がより正確に理解できる。,한문을 읽을 때 토를 붙여 읽으면 그 뜻이 더 정확하게 이해가 된다.,국립국어원 한국어-일본어 학습사전,ff16344e6dcf4ee6a1cbaa8c55837fc6,送り仮名,102,0,surface,한국어 뜻 직접 일치어 없음,https://ja.dict.naver.com/#/search?query=%E9%80%81%E3%82%8A%E4%BB%AE%E5%90%8D
w_bdbfd5b05c365db7,N2,誘う,さそう,권유하다,目をとじて眠りを誘う.,눈을 감고 잠을 청하다,민중서림 엣센스 한일사전,a4985e27f374472da4f07f01ca8c8a61,誘う,114,0,surface,한국어 뜻 직접 일치어 없음,https://ja.dict.naver.com/#/search?query=%E8%AA%98%E3%81%86
w_bdc17fa0eb47ede4,N1,適応,てきおう,적응,新しい環境に適応する.,새로운 환경에 적응하다,민중서림 엣센스 한일사전,a312cc43345948758b6d5fadf23a63ea,適応 적응,134,1,surface,네이버 예문 ID 중복; 일본어 예문 문장 중복,https://ja.dict.naver.com/#/search?query=%E9%81%A9%E5%BF%9C
w_bdfe938ef5539252,N2,皮膚,ひふ,피부,時々、皮膚にちくっとした痛みを感じる,때때로 피부에 따끔한 통증을 느낀다,민중서림 엣센스 일한사전,fe5fa09c285b4d1a91c12be33b663cbc,皮膚 피부,134,1,surface,네이버 예문 ID 중복; 일본어 예문 문장 중복,https://ja.dict.naver.com/#/search?query=%E7%9A%AE%E8%86%9A
w_be0a4fc6dd818d25,N5,小さい,ちいさい,(크기가) 작다,からだは小さいが力持ちだ.,몸집은 작지만 힘은 세다,민중서림 엣센스 한일사전,adade15fe58340d9b493bf0fdff31769,小さい,122,0,surface,한국어 뜻 직접 일치어 없음,https://ja.dict.naver.com/#/search?query=%E5%B0%8F%E3%81%95%E3%81%84
w_be4b2b8277c1d5eb,N4,味,あじ,맛,この味は砂糖よりしょう油の味が勝っている.,이 맛은 설탕보다 간장 맛이 더하다,민중서림 엣센스 한일사전,9b3ecf329c8d498c9d8b3d690d0b4d3e,味 맛,122,0,surface,한국어 뜻 직접 일치어 없음,https://ja.dict.naver.com/#/search?query=%E5%91%B3
w_be4b3560c276b748,N2,懐かし,なつかしい,그립다,過ぎた日が今更のように懐かしい.,지난날이 새삼 그립다,민중서림 엣센스 한일사전,9e5caa6d830e41b6bf59d9480ce10682,懐かし 그립다,168,1,surface,네이버 예문 ID 중복; 일본어 예문 문장 중복,https://ja.dict.naver.com/#/search?query=%E6%87%90%E3%81%8B%E3%81%97
w_be5e4c2d95cee2c1,N3,完了,かんりょう,완료,輸出に必要な手続きを完了する,수출에 필요한 절차를 완료하다,민중서림 엣센스 일한사전,335757ee7a04480aafe79dd66804eb17,完了 완료,129,1,surface,네이버 예문 ID 중복; 일본어 예문 문장 중복,https://ja.dict.naver.com/#/search?query=%E5%AE%8C%E4%BA%86
w_be6c610da5c1ab8d,N1,互角,ごかく,"호각,백중세",二人の実力は互角だ.,두 사람의 실력은 호각이다,민중서림 엣센스 한일사전,f776cafe76ac4693bead05d23d89914f,互角 호각 백중세,134,1,surface,네이버 예문 ID 중복; 일본어 예문 문장 중복,https://ja.dict.naver.com/#/search?query=%E4%BA%92%E8%A7%92
w_bec47400cd9df368,N1,明瞭,めいりょう,"명료함, 분명함",心の明瞭さは情熱の明瞭さも意味する。それ故、広くて澄んだ心を持つ者は情熱的に愛し、愛する者をはっきりと見る。(ブレーズ・パスカル),"정신이 명료함은 열정도 명료함을 뜻한다. 때문에 위대하고 명료한 정신을 지닌 자는 열정적으로 사랑하고 자신이 사랑하는 대상을 분명히 안다. (블레이즈 파스칼, 사랑명언)",명언/속담,6b1803391410466db9f690c682af066b,明瞭 명료함 분명함,116,1,surface,우선 검수 출처,https://ja.dict.naver.com/#/search?query=%E6%98%8E%E7%9E%AD
w_becbe89dce937f34,N2,いってきます,いってきます,다녀오겠습니다,ちょっとトイレ行ってきます。,잠시 화장실을 다녀올게요. (엔터테인먼트>좌석>좌석에서),글로벌회화,35668037c67e470e8e153738e5c6fbfe,いってきます 다녀오겠습니다,162,0,surface,한국어 뜻 직접 일치어 없음,https://ja.dict.naver.com/#/search?query=%E3%81%84%E3%81%A3%E3%81%A6%E3%81%8D%E3%81%BE%E3%81%99
w_bf135c7ae1d91c59,N1,洪水,こうずい,홍수,洪水に橋が押し流された.,홍수에 다리가 휩쓸려 갔다,민중서림 엣센스 한일사전,9d3116ecfafb4fbdb79c7d6b93d45580,洪水,102,,,네이버 예문 ID 중복; 일본어 예문 문장 중복,https://ja.dict.naver.com/#/search?query=%E6%B4%AA%E6%B0%B4
w_bfed9fb20af1ae89,N1,手厚い,てあつい,"극진하다, 융숭하다",手厚いもてなしを受けて帰ります.,후한 대접을 받고 갑니다,민중서림 엣센스 한일사전,30d71e395d6e4110b06eeb6ab62c00e3,手厚い,122,0,surface,한국어 뜻 직접 일치어 없음,https://ja.dict.naver.com/#/search?query=%E6%89%8B%E5%8E%9A%E3%81%84
w_c062f1fced55c802,N1,賜る,たまわる,"허가하다, 주다",もったいないお言葉を賜る,과분한 말씀을 내려 주시다,민중서림 엣센스 일한사전,c7267ff9c8d147d1abaebde8df2b493d,賜る,117,0,surface,한국어 뜻 직접 일치어 없음,https://ja.dict.naver.com/#/search?query=%E8%B3%9C%E3%82%8B
w_c07355323d29e4ab,N3,まったく,まったく,전혀,指にまったく感覚がない.,손가락에 전혀 감각이 없다,민중서림 엣센스 한일사전,304c71a4a87f4a69bafd07d4be11de71,まったく 전혀,134,1,surface,네이버 예문 ID 중복; 일본어 예문 문장 중복,https://ja.dict.naver.com/#/search?query=%E3%81%BE%E3%81%A3%E3%81%9F%E3%81%8F
w_c09a59c654de1d4b,N1,容易い,たやすい,"쉽다,용이하다",それは容易い事ではない,그것은 쉬운 일이 아니다,민중서림 엣센스 일한사전,66a5513d15634520a991cb52f918e2ee,容易い,117,0,surface,한국어 뜻 직접 일치어 없음,https://ja.dict.naver.com/#/search?query=%E5%AE%B9%E6%98%93%E3%81%84
w_c0ed0ca56fa3ee1d,N3,出会う,であう,"만나다, 마주치다",人は異なるライフ・ステージにおいて，異なる時代とのかかわりで異なる自分と出会うのである,사람은 다른 인생 단계에 있어서 다른 시대와의 관계에서 다른 자신과 만나는 것이다.,민중서림 엣센스 외래어사전,ac382d5091c24a95b134cd03915bc6b2,出会う,122,0,surface,한국어 뜻 직접 일치어 없음,https://ja.dict.naver.com/#/search?query=%E5%87%BA%E4%BC%9A%E3%81%86
w_c0fa2c9662d17f0b,N3,特長,とくちょう,특징,等速のラリーは、ラリーが続きやすいという特長がある。,등속 랠리는 랠리가 이어지기 쉽다는 특징이 있다.,플리토,062f426dbdb64dc290132a08cd162ee8,特長 특징,112,1,surface,우선 검수 출처,https://ja.dict.naver.com/#/search?query=%E7%89%B9%E9%95%B7
w_c102821ca017163e,N2,同格,どうかく,"같은 등급, 평등, 동등함",同格に待遇する.,동격으로 대우하다,민중서림 엣센스 한일사전,2a4f830b53a542149259f33530b56b54,同格,122,0,surface,한국어 뜻 직접 일치어 없음,https://ja.dict.naver.com/#/search?query=%E5%90%8C%E6%A0%BC
w_c14a80974b96c924,N1,公,おおやけ,"공(公), 공적임",公の施設を私する,공공시설을 자기 것인 양 하다.,민중서림 엣센스 일한사전,b4d00ecc4fe54f3a816a8b094e324820,公,97,,,네이버 예문 ID 중복; 일본어 예문 문장 중복,https://ja.dict.naver.com/#/search?query=%E5%85%AC
w_c1704a9998ae7783,N4,弟,おとうと,남동생,弟が兄を怒らせる.,동생이 형을 약 올리다,민중서림 엣센스 한일사전,185c8f128ad24cb5b1f622ab47f224eb,弟,102,,,네이버 예문 ID 중복; 일본어 예문 문장 중복,https://ja.dict.naver.com/#/search?query=%E5%BC%9F
w_c1de77401a2512e8,N1,ぼんやりしている,ぼんやりしている,분명하지 않다,寝ぼけて頭がぼんやりしている.,잠에 취해서 머리가 흐리멍덩하다,민중서림 엣센스 한일사전,10572b0698c94a64a2d85b6839e556a2,ぼんやりしている 분명하지 않다,122,0,surface,한국어 뜻 직접 일치어 없음,https://ja.dict.naver.com/#/search?query=%E3%81%BC%E3%82%93%E3%82%84%E3%82%8A%E3%81%97%E3%81%A6%E3%81%84%E3%82%8B
w_c2204e71da059bfd,N1,干渉する,かんしょうする,간섭하다,財力によって政治に干渉する.,경제력에 의해 정치에 간섭하다,민중서림 엣센스 한일사전,99158263b9874ae8829e92cf621b5403,干渉する 간섭하다,134,1,surface,네이버 예문 ID 중복; 일본어 예문 문장 중복,https://ja.dict.naver.com/#/search?query=%E5%B9%B2%E6%B8%89%E3%81%99%E3%82%8B
w_c222e1855f3b5056,N2,チップ,チップ,"팁, 칩",チップを現金に替えてください。,칩을 현금으로 바꿔 주세요. (엔터테인먼트>카지노>환전소),글로벌회화,2ac213ebcd5a4ece8026d909f7655452,チップ 팁 칩,120,0,surface,한국어 뜻 직접 일치어 없음; 네이버 예문 ID 중복; 일본어 예문 문장 중복,https://ja.dict.naver.com/#/search?query=%E3%83%81%E3%83%83%E3%83%97
w_c2f4b32873de1349,N1,悪く言われる,わるくいわれる,나쁜 말을 듣다,人々に悪く言われることが好きな人はいない。,사람들에게 욕 얻어먹는 것을 좋아할 사람은 없다.,국립국어원 한국어-일본어 학습사전,f2486561175b4362968b1f631fbc6819,悪く言われる,102,0,surface,한국어 뜻 직접 일치어 없음,https://ja.dict.naver.com/#/search?query=%E6%82%AA%E3%81%8F%E8%A8%80%E3%82%8F%E3%82%8C%E3%82%8B
w_c32e3867ebe72f63,N3,延びる,のびる,"연장되다, 늘어나다",講演の時間が延びる.,강연 시간이 늘어지다,민중서림 엣센스 한일사전,5e7cc9171846434a8d4de0bedd64eb7d,延びる,122,0,surface,한국어 뜻 직접 일치어 없음,https://ja.dict.naver.com/#/search?query=%E5%BB%B6%E3%81%B3%E3%82%8B
w_c387cb497783b10f,N1,当て,あて,"기대; 목표, 의지할 곳",当てにならない,믿을 수 없다; 불확실하다,민중서림 엣센스 일한사전,598334115e10492c9b3df896e420e24b,当て,117,0,surface,한국어 뜻 직접 일치어 없음,https://ja.dict.naver.com/#/search?query=%E5%BD%93%E3%81%A6
w_c3999c5c14ebdf53,N2,隔てる,へだてる,"사이를두다,칸을두다",障子で隔てる.,장지로 칸을 막다,민중서림 엣센스 한일사전,6f64cee6aa9e4eab9b94bac6dd945c80,隔てる,122,0,surface,한국어 뜻 직접 일치어 없음,https://ja.dict.naver.com/#/search?query=%E9%9A%94%E3%81%A6%E3%82%8B
w_c3a132674797ae46,N1,目安,めやす,(1) 목표 (2) 기준,サイクルロードレースでは一つの目安として10km=1分と覚えておかなければならない。,사이클 로드 레이스에서는 하나의 목표로서 10km = 1분이라고 외워두지 않으면 안 된다.,플리토,80d7fc865df84b62b03fb0862cf080b8,目安 1 목표 2 기준,112,1,surface,우선 검수 출처,https://ja.dict.naver.com/#/search?query=%E7%9B%AE%E5%AE%89
w_c3e04c937bcd7643,N3,生命,せいめい,"생명, 삶",商人の生命は信用にある.,상인의 생명은 신용에 있다,민중서림 엣센스 한일사전,e40c3adfb73041d9a63e859cb3b85aba,生命 생명 삶,134,1,surface,네이버 예문 ID 중복; 일본어 예문 문장 중복,https://ja.dict.naver.com/#/search?query=%E7%94%9F%E5%91%BD
w_c3f7e5d635243522,N1,出生,しゅっしょう,출생,子供の出生を届け出る,아이의 출생을 신고하다,민중서림 엣센스 한일사전,e14836a1038b4998ab2d1ae99bd36200,出生 출생,129,1,surface,일본어 예문 문장 중복,https://ja.dict.naver.com/#/search?query=%E5%87%BA%E7%94%9F
w_c469ca5f6997c7d7,N3,関心,かんしん,관심,芸術の方面に関心がある.,예술 방면에 관심이 있다,민중서림 엣센스 한일사전,e1cb3630a65247c0a163e03708e2f698,関心 관심,134,1,surface,네이버 예문 ID 중복; 일본어 예문 문장 중복,https://ja.dict.naver.com/#/search?query=%E9%96%A2%E5%BF%83
w_c4d45c1153b13074,N2,真似る,まねる,"흉내 내다, 모방하다",口癖を真似する。,말버릇을 흉내 내다.,국립국어원 한국어-일본어 학습사전,215036982ce4410c9495544be2122a95,真似る 흉내 내다 모방하다,84,2,stem,활용 어간으로만 목표어 확인,https://ja.dict.naver.com/#/search?query=%E7%9C%9F%E4%BC%BC%E3%82%8B
w_c5334ff5f3430794,N2,対等だ,たいとうだ,대등하다,実力が対等だ。,실력이 비등하다.,국립국어원 한국어-일본어 학습사전,18769420a49d481da9010e8e3c53f09d,対等だ 대등하다,102,0,surface,한국어 뜻 직접 일치어 없음,https://ja.dict.naver.com/#/search?query=%E5%AF%BE%E7%AD%89%E3%81%A0
w_c5438a2dab2c8feb,N2,ずるい,ずるい,"교활하다, 치사하다",狡い事をする,교활한 짓을 하다,민중서림 엣센스 일한사전,520409653dd94186bd69ebbbfcdc3adf,ずるい 교활하다 치사하다,159,0,surface,한국어 뜻 직접 일치어 없음,https://ja.dict.naver.com/#/search?query=%E3%81%9A%E3%82%8B%E3%81%84
w_c56e9a474a473deb,N3,苦しい,くるしい,힘들다,お金になることならきつい[苦しい]仕事でもやります.,돈이 되는 일이라면 힘든 일도 하겠습니다,민중서림 엣센스 한일사전,14a5c1b4ea054e39b4b720bb6d279464,苦しい 힘들다,122,0,surface,한국어 뜻 직접 일치어 없음,https://ja.dict.naver.com/#/search?query=%E8%8B%A6%E3%81%97%E3%81%84
w_c57913792276298c,N1,練る,ねる,"반죽하다, (계획, 문장을) 다듬다",幕僚を集めて作戦を練る.,막료를 모아 작전을 짜다,민중서림 엣센스 한일사전,92c47005263a43a3b904461438b2299a,練る,102,,,네이버 예문 ID 중복; 일본어 예문 문장 중복,https://ja.dict.naver.com/#/search?query=%E7%B7%B4%E3%82%8B
w_c5ae09d783203646,N4,しっかりしている,しっかりしている,"착실하다, 다부지다",値段は目先しっかりしている.,값은 현재 안정되어 있다,민중서림 엣센스 한일사전,32857e70a45b4cb5a7b398a92e8cff42,しっかりしている 착실하다 다부지다,122,0,surface,한국어 뜻 직접 일치어 없음,https://ja.dict.naver.com/#/search?query=%E3%81%97%E3%81%A3%E3%81%8B%E3%82%8A%E3%81%97%E3%81%A6%E3%81%84%E3%82%8B
w_c5c6312ebc8a190f,N2,例外,れいがい,예외,例外のない規則はない.,예외 없는 규칙은 없다,민중서림 엣센스 한일사전,71e8c9af729d47e28121daee15729296,例外 예외,134,1,surface,네이버 예문 ID 중복; 일본어 예문 문장 중복,https://ja.dict.naver.com/#/search?query=%E4%BE%8B%E5%A4%96
w_c5e51aed47831b05,N1,宿命,しゅくめい,숙명,宿命と思って諦める.,숙명으로 생각하고 체념하다,민중서림 엣센스 한일사전,dad4fdab6cc14ae68668f19081d2d2f0,宿命 숙명,134,1,surface,네이버 예문 ID 중복; 일본어 예문 문장 중복,https://ja.dict.naver.com/#/search?query=%E5%AE%BF%E5%91%BD
w_c5eee0af43aa0714,N2,定規,じょうぎ,자(제도용),定規をあてる,자를 대다; 자로 재다,민중서림 엣센스 일한사전,17ef28d8a0a2450d9f8534a51071e1b6,定規 자 제도용,117,0,surface,한국어 뜻 직접 일치어 없음,https://ja.dict.naver.com/#/search?query=%E5%AE%9A%E8%A6%8F
w_c6154fb9cdd3820f,N1,安らぐ,やすらぐ,평온해지다,何故か心が安らぐ,어쩐지 마음이 편안해진다,민중서림 엣센스 일한사전,92e556dbce644e058d70e94f5cde1bb8,安らぐ,109,0,surface,한국어 뜻 직접 일치어 없음,https://ja.dict.naver.com/#/search?query=%E5%AE%89%E3%82%89%E3%81%90
w_c64315d4b97b6060,N3,島,しま,섬,島の東端に灯台がある.,섬의 동단에 등대가 있다,민중서림 엣센스 한일사전,e2498b1bb0644c9898b9afccc20f8565,島 섬,122,0,surface,한국어 뜻 직접 일치어 없음; 네이버 예문 ID 중복; 일본어 예문 문장 중복,https://ja.dict.naver.com/#/search?query=%E5%B3%B6
w_c65c4cad9d7c2915,N2,大通り,おおどおり,주요한 거리,角を曲がれば大通りに出る.,모퉁이를 돌아들면 큰길이 나온다,민중서림 엣센스 한일사전,0172447c5656400f91cb8f3320deb1ac,大通り,164,0,surface,한국어 뜻 직접 일치어 없음; 네이버 예문 ID 중복; 일본어 예문 문장 중복,https://ja.dict.naver.com/#/search?query=%E5%A4%A7%E9%80%9A%E3%82%8A
w_c6659c1fa6c5b3cc,N4,工場,こうじょう,공장,A工場に石油を供給する,A 공장에 석유를 대주다,민중서림 엣센스 한일사전,b956b1474421436e8d7236cd71569cf9,工場 공장,129,1,surface,네이버 예문 ID 중복; 일본어 예문 문장 중복,https://ja.dict.naver.com/#/search?query=%E5%B7%A5%E5%A0%B4
w_c667bc5094ca3cc6,N3,感覚,かんかく,감각,指にまったく感覚がない.,손가락에 전혀 감각이 없다,민중서림 엣센스 한일사전,304c71a4a87f4a69bafd07d4be11de71,感覚 감각,134,1,surface,네이버 예문 ID 중복; 일본어 예문 문장 중복,https://ja.dict.naver.com/#/search?query=%E6%84%9F%E8%A6%9A
w_c6900e0ec3be2de7,N3,一般,いっぱん,일반적인,ところがアラムートでは，暗殺がきわめて一般的な戦い方とされていたのである。モンゴルに限らず，どんな集団でもアラムートの狂信者たちを憎んでいた,한데 알라무트에서는 암살이 극히 일반적인 전투 방법으로 되어 있었던 것이다. 몽골에 한하지 않고 어떤 집단에서도 알라무트 광신자들을 증오하고 있었다.,민중서림 엣센스 외래어사전,0469594297544dc0832aab6b132e963f,一般 일반적인,126,1,surface,네이버 예문 ID 중복; 일본어 예문 문장 중복,https://ja.dict.naver.com/#/search?query=%E4%B8%80%E8%88%AC
w_c6d42cc06f655014,N3,土,つち,흙,土を注ぎ込んで穴を埋める.,흙을 들어부어 구멍을 메우다,민중서림 엣센스 한일사전,1a4a197e224a459c8cbc3c3602ce0e73,土 흙,122,0,surface,한국어 뜻 직접 일치어 없음; 네이버 예문 ID 중복; 일본어 예문 문장 중복,https://ja.dict.naver.com/#/search?query=%E5%9C%9F
w_c6da63b3adc73b9c,N4,気分,きぶん,기분,気分[顔色、天気]が優れない,"기분이[안색이, 날씨가] 좋지 않다",민중서림 엣센스 일한사전,2d84c41a843e43c2b73cdf133551cdea,気分,102,,,네이버 예문 ID 중복; 일본어 예문 문장 중복,https://ja.dict.naver.com/#/search?query=%E6%B0%97%E5%88%86
w_c704423c36ddc196,N2,ギャング,ギャング,"갱, 폭력단",ギャングのボスは繰り返し言う。「彼ら（ギャングたち）にリスペクトを払ってくださいよ」。…自分たちが欲しいのは人間として正当に扱われることだ。そうすれば相応の対応をする，というのだ。,갱 두목은 거듭 말한다. ‘그들(갱)에게는 경의를 표하여 주세요.’…자신들이 바라는 것은 인간으로서 정당한 취급을 받고 싶은 것이다. 그렇게 하면 상응한 대응을 하겠다는 것이다.,민중서림 엣센스 외래어사전,a99cae4831df4e53b8b7c2d739c19bdb,ギャング 갱 폭력단,117,0,surface,한국어 뜻 직접 일치어 없음,https://ja.dict.naver.com/#/search?query=%E3%82%AE%E3%83%A3%E3%83%B3%E3%82%B0
w_c71970dd9637c29e,N3,出版,しゅっぱん,출판,伝説をことごとく載録して出版する.,전설을 남김없이 재록해서 출판하다,민중서림 엣센스 한일사전,7312b88c0c8d48689039e365737b8512,出版 출판,134,1,surface,네이버 예문 ID 중복; 일본어 예문 문장 중복,https://ja.dict.naver.com/#/search?query=%E5%87%BA%E7%89%88
w_c73145fc9684b446,N1,レイアウト,レイアウト,레이아웃,テクニカルなダウンヒルを経て、アップダウンを含む上りを経て戻ってくるコースレイアウトだった。,"테크니컬한 다운힐을 넘어서, 업 다운을 포함한 오르막길을 지나 돌아오는 코스 레이아웃이었다.",플리토,81abb898dbd545dbbbc526a51125be2a,レイアウト 레이아웃,132,1,surface,우선 검수 출처,https://ja.dict.naver.com/#/search?query=%E3%83%AC%E3%82%A4%E3%82%A2%E3%82%A6%E3%83%88
w_c74a66c4365c71f2,N4,太る,ふとる,뚱뚱해지다,間食いをたくさんすると太る.,군음식을 많이 먹으면 살이 찐다,민중서림 엣센스 한일사전,48906ddbc74645ea9e8d59abc1789a10,太る,122,0,surface,한국어 뜻 직접 일치어 없음,https://ja.dict.naver.com/#/search?query=%E5%A4%AA%E3%82%8B
w_c754546c7b68fe8e,N2,率直,そっちょく,솔직함,お前の父親は全く率直な人であった.,네 아버님은 매우 솔직한 분이러니라,민중서림 엣센스 한일사전,5107b53b44d843f9a7f66ebaf7db2f40,率直 솔직함,122,0,surface,한국어 뜻 직접 일치어 없음,https://ja.dict.naver.com/#/search?query=%E7%8E%87%E7%9B%B4
w_c799737be7ede11f,N5,水,みず,물,水タンクに水を注ぎ入れる,물탱크에 물을 부어 넣다,민중서림 엣센스 일한사전,4e09b0e6ce7a47f485d57e930f03d9cd,水 물,117,0,surface,한국어 뜻 직접 일치어 없음,https://ja.dict.naver.com/#/search?query=%E6%B0%B4
w_c7a422ab60dc14eb,N3,職,しょく,고용,手に職がない,직업상의 기술을 갖추지 못하다,민중서림 엣센스 일한사전,b99a22c3bb044cb087b36995b91c42b0,職,117,0,surface,한국어 뜻 직접 일치어 없음,https://ja.dict.naver.com/#/search?query=%E8%81%B7
w_c81940dd6cdbf237,N2,縮める,ちぢめる,줄어들다,理想と現実との距離を縮める,이상과 현실과의 거리를 좁히다,민중서림 엣센스 일한사전,eadc016d60534339a03d9394241574a7,縮める,117,0,surface,한국어 뜻 직접 일치어 없음,https://ja.dict.naver.com/#/search?query=%E7%B8%AE%E3%82%81%E3%82%8B
w_c81aeef5708271ba,N4,立てる,たてる,세우다,"対策[予定, 方針, 計画]を立てる","대책[예정, 방침, 계획]을 세우다",민중서림 엣센스 한일사전,90320fd1c7774da18bfb81789ce59011,立てる,102,,,네이버 예문 ID 중복; 일본어 예문 문장 중복,https://ja.dict.naver.com/#/search?query=%E7%AB%8B%E3%81%A6%E3%82%8B
w_c81f4bf131afb227,N3,章,しょう,장; 훈장,その論文は二つの章から成っている.,그 논문은 두 장으로 되어 있다,민중서림 엣센스 한일사전,7b7436d014344357924daba845338a3c,章 장 훈장,122,0,surface,한국어 뜻 직접 일치어 없음,https://ja.dict.naver.com/#/search?query=%E7%AB%A0
w_c83fe07fb32b63ab,N2,話し合い,はなしあい,"논의, 말하다, 회의",今は話し合いの素地ができあがっていない.,지금은 이야기를 나눌 소지가 마련되어 있지 않다,민중서림 엣센스 한일사전,a35aaa7148844f189e881723ea55e0a5,話し合い,102,0,surface,한국어 뜻 직접 일치어 없음,https://ja.dict.naver.com/#/search?query=%E8%A9%B1%E3%81%97%E5%90%88%E3%81%84
w_c85ec6d656e08145,N3,故郷,こきょう,고향,五年ぶりに故郷を訪れる.,오 년 만에 고향을 찾아오다,민중서림 엣센스 한일사전,1b90655e904b44d4bd45c437514a23b9,故郷 고향,134,1,surface,네이버 예문 ID 중복; 일본어 예문 문장 중복,https://ja.dict.naver.com/#/search?query=%E6%95%85%E9%83%B7
w_c86653591778887f,N4,ジャム,ジャム,잼,パンにジャムを付ける.,빵에 잼을 바르다,민중서림 엣센스 한일사전,fcab6b6abc414416a987cdefac02f8c1,ジャム 잼,122,0,surface,한국어 뜻 직접 일치어 없음,https://ja.dict.naver.com/#/search?query=%E3%82%B8%E3%83%A3%E3%83%A0
w_c8a13717451b02ab,N4,調べる,しらべる,"조사하다, 알아보다",山の方向を図上で調べる.,산의 방향을 도상에서 알아보다,민중서림 엣센스 한일사전,468bba94cd9e4a47be1bc3ecc9013834,調べる,102,,,네이버 예문 ID 중복; 일본어 예문 문장 중복,https://ja.dict.naver.com/#/search?query=%E8%AA%BF%E3%81%B9%E3%82%8B
w_c8cb9889616e2de7,N5,中,なか,"안, 속",イ：もうすぐ日が暮れるから、あまり奥まった森の中まで入ってはいけない。,가: 곧 해가 질 테니까 너무 후미진 숲 속까지 들어가면 안 돼.,국립국어원 한국어-일본어 학습사전,2d25cc4a979041e59f7ea4702e225074,中 안 속,102,0,surface,한국어 뜻 직접 일치어 없음,https://ja.dict.naver.com/#/search?query=%E4%B8%AD
w_c8ffec9cad93ecf4,N2,大げさだ,おおげさだ,과장되다,あの人の話はちょっと大げさだ,저 사람의 말은 좀 과장되어 있다,민중서림 엣센스 일한사전,6fef7906860546a9be234f328a8bdfe5,大げさだ 과장되다,117,0,surface,한국어 뜻 직접 일치어 없음; 네이버 예문 ID 중복; 일본어 예문 문장 중복,https://ja.dict.naver.com/#/search?query=%E5%A4%A7%E3%81%92%E3%81%95%E3%81%A0
w_c9278b57465a3ff2,N1,にわかには,にわかには,갑자기는,俄には答えられない,바로 대답할 수는 없다,민중서림 엣센스 일한사전,1605f4e3ffd24e688c5cac0598a22fcb,にわかには,117,0,surface,한국어 뜻 직접 일치어 없음; 네이버 예문 ID 중복; 일본어 예문 문장 중복,https://ja.dict.naver.com/#/search?query=%E3%81%AB%E3%82%8F%E3%81%8B%E3%81%AB%E3%81%AF
w_c93e865c92b464d4,N2,訪れる,おとずれる,방문하다,五年ぶりに故郷を訪れる.,오 년 만에 고향을 찾아오다,민중서림 엣센스 한일사전,1b90655e904b44d4bd45c437514a23b9,訪れる,102,,,네이버 예문 ID 중복; 일본어 예문 문장 중복,https://ja.dict.naver.com/#/search?query=%E8%A8%AA%E3%82%8C%E3%82%8B
w_c9624a11c7f3b950,N3,尤も,もっとも,"지당함, 당연함",尤も、全部が全部そうだというわけではない,하지만 전부가 전부 그렇다는 것은 아니다,교학사 일한사전,91ad627807d64245a0714651f90137b4,尤も,120,0,surface,한국어 뜻 직접 일치어 없음,https://ja.dict.naver.com/#/search?query=%E5%B0%A4%E3%82%82
w_c972bbd86d419db3,N1,気立て,きだて,"성품, 마음씨",気立てはいいが知恵が足りない.,본새는 좋으나 꾀가 모자라다,민중서림 엣센스 한일사전,7360e13b787d4a8f849cef8c602069fc,気立て,164,0,surface,한국어 뜻 직접 일치어 없음,https://ja.dict.naver.com/#/search?query=%E6%B0%97%E7%AB%8B%E3%81%A6
w_c98ce7216b90f91a,N3,価格,かかく,"가격, 가치",価格とは、何かを買うときに支払うもの。価値とは、何かを買うときに手に入れるもの。(ウォーレン・バフェット),"가격은 우리가 내는 돈이며, 가치는 그것을 통해 얻는 것이다. (워런 버핏, 돈명언)",명언/속담,846d370eceb2492ca8a47edb018b2f7e,価格 가격 가치,136,2,surface,우선 검수 출처,https://ja.dict.naver.com/#/search?query=%E4%BE%A1%E6%A0%BC
w_ca0283f59a673c34,N2,連れる,つれる,동반하다,皆来いと呼連れる,모두 오라고 불러 함께 가다.,민중서림 엣센스 일한사전,da00f8429bc34bf8947764c01137d969,連れる,117,0,surface,한국어 뜻 직접 일치어 없음,https://ja.dict.naver.com/#/search?query=%E9%80%A3%E3%82%8C%E3%82%8B
w_ca067fb7d90fea51,N3,実現,じつげん,실현,実現[成功]は望み薄だ; 実現する[成功の]見込みはまずない.,실현될[성공할] 가망은 거의 없다,민중서림 엣센스 한일사전,746412ef35bf4e31bc7120207c03d50a,実現 실현,134,1,surface,네이버 예문 ID 중복; 일본어 예문 문장 중복,https://ja.dict.naver.com/#/search?query=%E5%AE%9F%E7%8F%BE
w_ca1c520d25a84601,N3,なだらかな,なだらかな,완만한,なだらかな丘陵を縫うカントリー・ロードに沿って，中世の姿を残す素朴な村村が点在する,"완만한 구릉을 누비는 시골길을 따라, 중세의 모습을 엿보게 하는 소박한 마을들이 (여기저기) 점재해 있다.",민중서림 엣센스 외래어사전,90c33742850e49d58f306e35947925c3,なだらかな 완만한,134,1,surface,네이버 예문 ID 중복; 일본어 예문 문장 중복,https://ja.dict.naver.com/#/search?query=%E3%81%AA%E3%81%A0%E3%82%89%E3%81%8B%E3%81%AA
w_ca1e0075e06a3471,N3,太陽,たいよう,태양,地球は太陽の周囲を公転する.,지구는 태양의 주위를 공전한다,민중서림 엣센스 한일사전,14de763da1554b5ca765ec7b812badd9,太陽 태양,134,1,surface,네이버 예문 ID 중복; 일본어 예문 문장 중복,https://ja.dict.naver.com/#/search?query=%E5%A4%AA%E9%99%BD
w_ca4087c7119f45b7,N2,項目,こうもく,항목,右クリックで表示されるコンテクストメニューは、メニュー項目を追加して拡張できる,"오른쪽 클릭으로 표시되는 콘텍스트 메뉴는, 메뉴 항목을 추가하여 확장할 수 있다",민중서림 엣센스 일한사전,ab4ddf39012549cb9e91b410cfe380f1,項目 항목,134,1,surface,네이버 예문 ID 중복; 일본어 예문 문장 중복,https://ja.dict.naver.com/#/search?query=%E9%A0%85%E7%9B%AE
w_ca75d89cd5674c1a,N3,黙る,だまる,입다물다,頭をさげて押黙る,머리를 숙인 채 말이 없다.,민중서림 엣센스 일한사전,470270fae0f94bca9b195c140c43c8b0,黙る,117,0,surface,한국어 뜻 직접 일치어 없음,https://ja.dict.naver.com/#/search?query=%E9%BB%99%E3%82%8B
w_ca953bed102a78e0,N1,刺激,しげき,자극,彼の肌は刺激に敏感だ.,그의 피부는 자극에 민감하다,민중서림 엣센스 한일사전,80c3f47bfe2143e58816035531563ba3,刺激 자극,134,1,surface,네이버 예문 ID 중복; 일본어 예문 문장 중복,https://ja.dict.naver.com/#/search?query=%E5%88%BA%E6%BF%80
w_cad3ec2be5f5bde2,N3,会員,かいいん,"구성원, 회원",会員の総意で決定する.,회원의 총의에 따라 결정하다,민중서림 엣센스 한일사전,9d98755490ca47a29b1a81bfa2ef70d2,会員 구성원 회원,134,1,surface,네이버 예문 ID 중복; 일본어 예문 문장 중복,https://ja.dict.naver.com/#/search?query=%E4%BC%9A%E5%93%A1
w_cb27323be732685f,N2,次ぐ,つぐ,"뒤를 잇다, 다음가다",釜山はソウルに次ぐ[続く]大都市だ.,부산은 서울 다음가는 대도시다,민중서림 엣센스 한일사전,fc81ed95a3f34fcea6cf62db1c9c0d42,次ぐ,114,0,surface,한국어 뜻 직접 일치어 없음,https://ja.dict.naver.com/#/search?query=%E6%AC%A1%E3%81%90
w_cb46428b5693ae56,N4,すると,すると,"그때, 그러면",扉が開いた。すると、その人が中から現れた,문이 열렸다. 그러자 그 사람이 안에서 나타났다,민중서림 엣센스 일한사전,fd9d4182431345ef92866755f563ce76,すると,110,,,네이버 예문 ID 중복; 일본어 예문 문장 중복,https://ja.dict.naver.com/#/search?query=%E3%81%99%E3%82%8B%E3%81%A8
w_cb5ee882ca9fd66f,N3,同じところ,おなじところ,같은 점,同じところに繰り返し打ってオープンスペースを作り出すのもリピートショットの目的だ。,같은 곳을 반복해서 쏘아 오픈 스페이스를 만들어내는 것도 리피트샷의 목적이다.,플리토,cbbe519a50404e4da82622cec3bd454f,同じところ 같은 점,112,1,surface,우선 검수 출처,https://ja.dict.naver.com/#/search?query=%E5%90%8C%E3%81%98%E3%81%A8%E3%81%93%E3%82%8D
w_cb71de767a5e76d3,N1,従属,じゅうぞく,종속,主権が強国に従属する.,주권이 강국에 종속되다,민중서림 엣센스 한일사전,0e9bfccb985548c59574935a4550c98c,従属 종속,134,1,surface,네이버 예문 ID 중복; 일본어 예문 문장 중복,https://ja.dict.naver.com/#/search?query=%E5%BE%93%E5%B1%9E
w_cbaa90d9cde4ed8e,N2,別々,べつべつ,따로따로,別々に包装してください。,따로따로 포장해 주세요. (식당>패스트푸드>주문),글로벌회화,39958d952ebf4efeb76f34581cb19be0,別々 따로따로,132,1,surface,네이버 예문 ID 중복; 일본어 예문 문장 중복,https://ja.dict.naver.com/#/search?query=%E5%88%A5%E3%80%85
w_cbb543268703906e,N1,ポーズ,ポーズ,포즈; 일시정지,バランス維持が難しいポーズでの静止もポイント加算の対象だ。,밸런스 유지가 어려운 포즈에서의 정지도 포인트 가산의 대상이다.,플리토,9b6b039d497b48eebf0b9676e7897cb8,ポーズ 포즈 일시정지,132,1,surface,우선 검수 출처,https://ja.dict.naver.com/#/search?query=%E3%83%9D%E3%83%BC%E3%82%BA
w_cbb8e3b9a558d072,N1,重宝する,ちょうほうする,애용하다,母は日常生活に重宝するように韓服を簡潔に改良して着た。,어머니는 일상생활에 편리하도록 한복을 간결하게 개량해서 입으셨다.,국립국어원 한국어-일본어 학습사전,cc7fc6697d2b4bbe8887c2bef5545576,重宝する 애용하다,62,0,surface,한국어 뜻 직접 일치어 없음; 자동 선택 점수 80 미만,https://ja.dict.naver.com/#/search?query=%E9%87%8D%E5%AE%9D%E3%81%99%E3%82%8B
w_cc0e65b7459305bd,N3,有利,ゆうり,유리함,韓国チームはアウェーゴールを奪い、やや有利な状況でホームでの第2戦に臨むことになった,한국 팀은 어웨이[원정] 경기에서 승리하며 비교적 유리한 상황에서 홈 2차전에 임하게 되었다,민중서림 엣센스 일한사전,863a5cd69bea4eb999e3214934d3c49e,有利,122,0,surface,한국어 뜻 직접 일치어 없음,https://ja.dict.naver.com/#/search?query=%E6%9C%89%E5%88%A9
w_cc1a7419426c2c4a,N2,四角い,しかくい,네모나다,イ：窓が四角じゃなくて丸いね。,가: 창문이 네모지지 않고 동그랗네.,국립국어원 한국어-일본어 학습사전,148e75dde9f04049815e6ba3eb10220c,四角い 네모나다,52,0,stem,한국어 뜻 직접 일치어 없음; 활용 어간으로만 목표어 확인; 자동 선택 점수 80 미만,https://ja.dict.naver.com/#/search?query=%E5%9B%9B%E8%A7%92%E3%81%84
w_cc389444c878df15,N2,実物,じつぶつ,"실제의 것, 물건",実物を確かめてから購入する,실물을 확인하고 나서 구입하다,민중서림 엣센스 일한사전,801b1f32d3aa4ed894895d0eab4444c1,実物,117,0,surface,한국어 뜻 직접 일치어 없음,https://ja.dict.naver.com/#/search?query=%E5%AE%9F%E7%89%A9
w_cc7e713c46e8ee0b,N1,おろそかに,おろそかに,소홀하게,公務をおろそかにする.,공무를 등한히 하다,민중서림 엣센스 한일사전,08c013e5bd674382960bd02a7a80f23d,おろそかに,122,0,surface,한국어 뜻 직접 일치어 없음,https://ja.dict.naver.com/#/search?query=%E3%81%8A%E3%82%8D%E3%81%9D%E3%81%8B%E3%81%AB
w_ccb51d6321b82404,N3,移る,うつる,"옮다,이동하다",講義が終わって実技に移る.,강의가 끝나고 실기로 옮기다,민중서림 엣센스 한일사전,a1512d13ea1d40bf989557281e1aa3b1,移る,122,0,surface,한국어 뜻 직접 일치어 없음,https://ja.dict.naver.com/#/search?query=%E7%A7%BB%E3%82%8B
w_ccd6aaad19c556be,N2,岬,みさき,"곶, 갑",岬の先端を回る,곶의 돌출한 끝부분을 돌다,민중서림 엣센스 일한사전,3e55f0662c4b4aa99682364e80385383,岬 곶 갑,117,0,surface,한국어 뜻 직접 일치어 없음,https://ja.dict.naver.com/#/search?query=%E5%B2%AC
w_cd408b0b451d9102,N2,粒,つぶ,"알갱이, 낟알",スノー・マシーンは，水と空気を混合させてつくった雪の核を散布し，別に散布した水の粒と空中で結合させて人工の雪を降らせる機械である,"스노 머신은 물과 공기를 혼합시켜 만든 눈의 핵을 살포하고, 따로 살포한 물의 알갱이와 공중에서 결합시켜 인공 눈을 내리게 하는 기계이다.",민중서림 엣센스 외래어사전,75f245f418604aeaa3a7da485668bcf0,粒 알갱이 낟알,134,1,surface,네이버 예문 ID 중복; 일본어 예문 문장 중복,https://ja.dict.naver.com/#/search?query=%E7%B2%92
w_cd89b540108a739e,N2,強いて,しいて,"굳이,구태여",強いて食べろとは言わない.,억지로 먹으라고는 하지 않는다,민중서림 엣센스 한일사전,334baa0b3c094a208f7018cc6b860634,強いて,102,,,네이버 예문 ID 중복; 일본어 예문 문장 중복,https://ja.dict.naver.com/#/search?query=%E5%BC%B7%E3%81%84%E3%81%A6
w_cd92ddcb3ad43e81,N3,かわく,かわく,마르다,ぬれた着物が半ば乾く.,젖은 옷이 거덕거덕 마르다,민중서림 엣센스 한일사전,737a9876c5f84036b7728b1e9d91f089,かわく 마르다,168,1,surface,네이버 예문 ID 중복; 일본어 예문 문장 중복,https://ja.dict.naver.com/#/search?query=%E3%81%8B%E3%82%8F%E3%81%8F
w_cd9ef42ceb9ad142,N3,底,そこ,바닥,倉庫の米も底をついた.,창고의 쌀도 바닥이 났다,민중서림 엣센스 한일사전,6408e63c796b44a09fc65ed32e916ef7,底 바닥,134,1,surface,네이버 예문 ID 중복; 일본어 예문 문장 중복,https://ja.dict.naver.com/#/search?query=%E5%BA%95
w_cdbd72d7aa724c5d,N1,偏り,かたより,"치우침, 편향",左右の偏りを放置すると、腰に負荷がかかってへルニアになったり、ひざの故障につながる。,좌우의 치우침을 방치하면 허리에 부하가 걸려 디스크에 걸리거나 무릎의 고장으로 이어진다.,플리토,2e27cb1b31a74e1fab536ad3b299ca8d,偏り,112,1,surface,우선 검수 출처,https://ja.dict.naver.com/#/search?query=%E5%81%8F%E3%82%8A
w_ce3e837e54a698f8,N1,延べ,のべ,"연인원, 총계, 연장",工事に延べ2万人が動員された.,공사에 연 2만 명이 동원되었다,민중서림 엣센스 한일사전,24e8e8adc3ba496191b88acfef7d6153,延べ,102,,,네이버 예문 ID 중복; 일본어 예문 문장 중복,https://ja.dict.naver.com/#/search?query=%E5%BB%B6%E3%81%B9
w_ce7c50d428db9045,N4,鳥,とり,새,鳥が軒先に宿る.,새가 처마 끝에 둥지를 틀다,민중서림 엣센스 한일사전,dff305569b3d4233b7a629589086ebca,鳥 새,122,0,surface,한국어 뜻 직접 일치어 없음,https://ja.dict.naver.com/#/search?query=%E9%B3%A5
w_cea1a4546e3779a7,N5,こうえん,こうえん,공원,公園を一回りする,공원을 한 바퀴 돌다,민중서림 엣센스 일한사전,941fc34cc2454f9498a56d2a196447c1,こうえん 공원,171,1,surface,네이버 예문 ID 중복; 일본어 예문 문장 중복,https://ja.dict.naver.com/#/search?query=%E3%81%93%E3%81%86%E3%81%88%E3%82%93
w_cf049fe43ba71d8c,N3,希望,きぼう,희망,大きな希望[期待]に胸を膨らます,커다란 희망으로[기대로] 가슴이 부풀다,민중서림 엣센스 일한사전,628f30efb31a4ddea5cdf494b8941b37,希望 희망,129,1,surface,네이버 예문 ID 중복; 일본어 예문 문장 중복,https://ja.dict.naver.com/#/search?query=%E5%B8%8C%E6%9C%9B
w_cf691fc505c3c55d,N3,短気だ,たんきだ,성미가급하다,男が短気だ。,사내가 펄펄하다.,국립국어원 한국어-일본어 학습사전,52ad12a64f8d4bfa97a9236d4a756c4e,短気だ,102,0,surface,한국어 뜻 직접 일치어 없음,https://ja.dict.naver.com/#/search?query=%E7%9F%AD%E6%B0%97%E3%81%A0
w_cf838bf5a46da7f8,N2,夢,ゆめ,꿈,将来への夢も潰えた.,장래에 대한 꿈도 무너졌다,민중서림 엣센스 한일사전,60f981fdefc846d7b14523ee7ede3a13,夢 꿈,122,0,surface,한국어 뜻 직접 일치어 없음,https://ja.dict.naver.com/#/search?query=%E5%A4%A2
w_cf908647a551a051,N2,物足りない,ものたりない,부족하다,物足りない感じがする,좀 부족한 느낌이 든다,민중서림 엣센스 한일사전,596e525f027e4a19923e357827cc7435,物足りない 부족하다,117,0,surface,한국어 뜻 직접 일치어 없음,https://ja.dict.naver.com/#/search?query=%E7%89%A9%E8%B6%B3%E3%82%8A%E3%81%AA%E3%81%84
w_cf9c114376df3023,N2,実績,じっせき,"업적, 실제의 결과",実績によって差等をつける.,실적에 따라 차등을 매기다,민중서림 엣센스 한일사전,4a638e3c70eb4ed29461092013c8d47d,実績,122,0,surface,한국어 뜻 직접 일치어 없음,https://ja.dict.naver.com/#/search?query=%E5%AE%9F%E7%B8%BE
w_d0117f3a4752c705,N3,協力する,きょうりょくする,협력하다,隣接する両町の住民が協力する,인접한 두 町의 주민이 협력하다,민중서림 엣센스 일한사전,cf8a1b582be44fe5bf1c6652af811781,協力する 협력하다,129,1,surface,네이버 예문 ID 중복; 일본어 예문 문장 중복,https://ja.dict.naver.com/#/search?query=%E5%8D%94%E5%8A%9B%E3%81%99%E3%82%8B
w_d060a6e4dbed8ad5,N2,坊や,ぼうや,"소년, 남자아이",坊やが片言を言えるようになった.,아기가 떠듬떠듬 말할 수 있게 되었다,민중서림 엣센스 한일사전,52b56712016345c0999d9b3a68366600,坊や,122,0,surface,한국어 뜻 직접 일치어 없음,https://ja.dict.naver.com/#/search?query=%E5%9D%8A%E3%82%84
w_d07cea24a5a27e75,N1,むっとする,むっとする,부루퉁해지다,悪臭でむっとする.,악취로 숨이 콱콱 막히다,민중서림 엣센스 한일사전,f78bb08e851647e096425963ba525185,むっとする 부루퉁해지다,122,0,surface,한국어 뜻 직접 일치어 없음,https://ja.dict.naver.com/#/search?query=%E3%82%80%E3%81%A3%E3%81%A8%E3%81%99%E3%82%8B
w_d0a649f398f31376,N1,なれなれしい,なれなれしい,"허물없다, 지나치게 친하다",だれにでも馴れ馴れしい態度をとる,누구에게나 허물없는 태도를 취하다,교학사 일한사전,562b9605d0544443b8771d3a25ab79ee,なれなれしい,157,0,surface,한국어 뜻 직접 일치어 없음,https://ja.dict.naver.com/#/search?query=%E3%81%AA%E3%82%8C%E3%81%AA%E3%82%8C%E3%81%97%E3%81%84
w_d0a75379a71718d7,N2,半径,はんけい,"반지름, 반경",学校から半径二キロ以内にある.,학교에서 반경 2킬로미터 이내에 있다,민중서림 엣센스 한일사전,4f220a15f6324b32b773dd2d6cd891d3,半径 반지름 반경,126,1,surface,네이버 예문 ID 중복; 일본어 예문 문장 중복,https://ja.dict.naver.com/#/search?query=%E5%8D%8A%E5%BE%84
w_d0d3f900576edd1c,N2,優れる,すぐれる,우수하다,措辞に優れる,조사에 뛰어나다,교학사 일한사전,9f01b3a1687c49f58e01fc3ffaa11d97,優れる,115,0,surface,한국어 뜻 직접 일치어 없음,https://ja.dict.naver.com/#/search?query=%E5%84%AA%E3%82%8C%E3%82%8B
w_d0e8d8915d3987a4,N1,気ままな,きままな,제 마음대로인,気ままな生活,마음 편한 생활,민중서림 엣센스 일한사전,bcaa769c3811495393568d4118583072,気ままな,87,0,surface,한국어 뜻 직접 일치어 없음,https://ja.dict.naver.com/#/search?query=%E6%B0%97%E3%81%BE%E3%81%BE%E3%81%AA
w_d10439ce737d3db9,N1,大幅,おおはば,"대폭, 큰 폭",LCCを大幅に削減する,생애 주기 비용을 큰 폭으로 삭감하다,민중서림 엣센스 일한사전,87c050ec17c14d2a959fe06d796791e3,大幅,97,,,네이버 예문 ID 중복; 일본어 예문 문장 중복,https://ja.dict.naver.com/#/search?query=%E5%A4%A7%E5%B9%85
w_d11ea70aee2232d9,N3,争う,あらそう,"다투다, 경쟁하다",争うことはよくない.,싸우는 건 좋지 않다,민중서림 엣센스 한일사전,c290a99cec7241d68af34e6ee0afa6be,争う,122,0,surface,한국어 뜻 직접 일치어 없음,https://ja.dict.naver.com/#/search?query=%E4%BA%89%E3%81%86
w_d13ada57a54b9680,N2,含む,ふくむ,포함하다,彼に含むところがある.,그에게 원한을 품고 있다,민중서림 엣센스 한일사전,f8347c389dc94beba1aa89fea157ad64,含む,122,0,surface,한국어 뜻 직접 일치어 없음,https://ja.dict.naver.com/#/search?query=%E5%90%AB%E3%82%80
w_d172542569aa68c6,N2,伸ばす,のばす,"늘리다,신장시키다",両腕を上へ伸ばす.,두 팔을 위로 뻗다,민중서림 엣센스 한일사전,99fda39d03f34880afdd1e40bde41f86,伸ばす,114,0,surface,한국어 뜻 직접 일치어 없음,https://ja.dict.naver.com/#/search?query=%E4%BC%B8%E3%81%B0%E3%81%99
w_d18208a487d10453,N3,薄い,うすい,"얇다,엷다",壁を薄い黄に彩る.,벽을 엷은 노랑으로 색칠하다,민중서림 엣센스 한일사전,9893b0903bf14e9db88d2fa91585d8e5,薄い,102,,,네이버 예문 ID 중복; 일본어 예문 문장 중복,https://ja.dict.naver.com/#/search?query=%E8%96%84%E3%81%84
w_d18953f3f8dc760f,N2,振り向く,ふりむく,뒤돌아보다,ぐるりと振り向く,휙 돌아보다,교학사 일한사전,3331bc3474ce4cba8daed2964c9c3cd2,振り向く,107,0,surface,한국어 뜻 직접 일치어 없음,https://ja.dict.naver.com/#/search?query=%E6%8C%AF%E3%82%8A%E5%90%91%E3%81%8F
w_d1b2f5e0607db40a,N1,掲載,けいさい,게재,同じ広告を重複して掲載する,같은 광고를 중복해서 게재하다,민중서림 엣센스 일한사전,12aff7d5f36241738261a61c4c7c8b51,掲載 게재,129,1,surface,네이버 예문 ID 중복; 일본어 예문 문장 중복,https://ja.dict.naver.com/#/search?query=%E6%8E%B2%E8%BC%89
w_d1b5e8dd16233996,N2,誓う,ちかう,맹세하다,誓を立てる,맹세하다,민중서림 엣센스 일한사전,45c400f78a304a6b98a7b4ba2a39be3b,誓う 맹세하다,67,1,stem,활용 어간으로만 목표어 확인; 자동 선택 점수 80 미만,https://ja.dict.naver.com/#/search?query=%E8%AA%93%E3%81%86
w_d1d8955a6c320edc,N4,着物,きもの,"옷, 일본의 전통 의상",着物を着る機会がめっきり減った,일본 옷을 입을 기회가 부쩍 줄어들었다,민중서림 엣센스 일한사전,2341b1bfd4804529a350f43c0ba87cae,着物 옷 일본의 전통 의상,117,0,surface,한국어 뜻 직접 일치어 없음,https://ja.dict.naver.com/#/search?query=%E7%9D%80%E7%89%A9
w_d1f69f3aa5b47854,N4,もらう,もらう,받다,この机は僕が貰う,이 책상은 내가 갖는다,민중서림 엣센스 일한사전,562e55d76af74ab68e907a54034428aa,もらう,39,,,자동 선택 점수 80 미만,https://ja.dict.naver.com/#/search?query=%E3%82%82%E3%82%89%E3%81%86
w_d20456aa5e0912bc,N3,雇う,やとう,고용하다,運転手を雇入れる,운전 기사를 고용하다.,민중서림 엣센스 일한사전,396dbfa45d6c4928ab6df11744222ae0,雇う 고용하다,44,1,stem,활용 어간으로만 목표어 확인; 자동 선택 점수 80 미만,https://ja.dict.naver.com/#/search?query=%E9%9B%87%E3%81%86
w_d227708f454fd822,N2,響き,ひびき,"울림, 여운",世界の著名な楽団はほとんど自分たちの専用ホール持ち，その独特の響きはホールによって作りあげられる,"세계의 저명한 악단은 거의 자신들의 전용 홀을 가지며, 그 독특한 음향은 홀에 의하여 만들어진다.",민중서림 엣센스 외래어사전,bc11de89cc64476e89861da21e3964d1,響き,164,0,surface,한국어 뜻 직접 일치어 없음; 네이버 예문 ID 중복; 일본어 예문 문장 중복,https://ja.dict.naver.com/#/search?query=%E9%9F%BF%E3%81%8D
w_d2520d0fb5cd0789,N1,運命,うんめい,운명,この一戦で運命が決まる.,이 일전으로 운명이 결정된다,민중서림 엣센스 한일사전,12757ddc760740f8b807e3ad375cdef7,運命,102,,,네이버 예문 ID 중복; 일본어 예문 문장 중복,https://ja.dict.naver.com/#/search?query=%E9%81%8B%E5%91%BD
w_d2cb5673c3552ae0,N5,にかい,にかい,2층,荷物を二階に担ぎ上げる,짐을 2층으로 져 올리다,민중서림 엣센스 한일사전,af7950c437ae4f2092ff44e31f0018c5,にかい 2층,159,0,surface,한국어 뜻 직접 일치어 없음,https://ja.dict.naver.com/#/search?query=%E3%81%AB%E3%81%8B%E3%81%84
w_d2d17c235816d966,N4,旅館,りょかん,여관,その旅館は港に面している.,그 여관은 항구에 면해 있다,민중서림 엣센스 한일사전,546b84356ae242008b0495298f03ed19,旅館 여관,134,1,surface,네이버 예문 ID 중복; 일본어 예문 문장 중복,https://ja.dict.naver.com/#/search?query=%E6%97%85%E9%A4%A8
w_d2eb49bdaa446761,N2,再三,さいさん,"다시 다시, 반복해서",再三の戒めにもかかわらずいまだ改めない.,재삼 훈계했는데도 불구하고 아직도 고치지 않는다,민중서림 엣센스 한일사전,6eb38f59ee2a481ea1bc0e73b3312405,再三,122,0,surface,한국어 뜻 직접 일치어 없음,https://ja.dict.naver.com/#/search?query=%E5%86%8D%E4%B8%89
w_d31bf4bf0503b277,N1,伝説,でんせつ,전설,伝説をことごとく載録して出版する.,전설을 남김없이 재록해서 출판하다,민중서림 엣센스 한일사전,7312b88c0c8d48689039e365737b8512,伝説 전설,134,1,surface,네이버 예문 ID 중복; 일본어 예문 문장 중복,https://ja.dict.naver.com/#/search?query=%E4%BC%9D%E8%AA%AC
w_d3225d0f89f945b4,N2,激増,げきぞう,급증,注文が激増する.,주문이 격증하다,민중서림 엣센스 한일사전,c7a5e01d0b7f42ab80f29ae3a97437c6,激増,122,0,surface,한국어 뜻 직접 일치어 없음,https://ja.dict.naver.com/#/search?query=%E6%BF%80%E5%A2%97
w_d33bc9d542950232,N3,人類,じんるい,인류,人類の全知を集める.,인류의 전지를 한데 모으다,민중서림 엣센스 한일사전,975810be180d48859d14fbbdb013bd08,人類 인류,134,1,surface,네이버 예문 ID 중복; 일본어 예문 문장 중복,https://ja.dict.naver.com/#/search?query=%E4%BA%BA%E9%A1%9E
w_d3797d8c5a619371,N1,結合,けつごう,결합,スノー・マシーンは，水と空気を混合させてつくった雪の核を散布し，別に散布した水の粒と空中で結合させて人工の雪を降らせる機械である,"스노 머신은 물과 공기를 혼합시켜 만든 눈의 핵을 살포하고, 따로 살포한 물의 알갱이와 공중에서 결합시켜 인공 눈을 내리게 하는 기계이다.",민중서림 엣센스 외래어사전,75f245f418604aeaa3a7da485668bcf0,結合,102,,,네이버 예문 ID 중복; 일본어 예문 문장 중복,https://ja.dict.naver.com/#/search?query=%E7%B5%90%E5%90%88
w_d3853ae5a233cdbf,N1,いくつか,いくつか,"몇 개쯤, 조금",解明された点は幾つかありますが，その一つはクロモソム・トランスロケーションです,해명된 점은 몇개 있지만 그 하나는 크로모솜 트랜스로케이션입니다.,민중서림 엣센스 외래어사전,90fc5e8d304c4007bb55db3ffaa3268c,いくつか 몇 개쯤 조금,164,0,surface,한국어 뜻 직접 일치어 없음; 네이버 예문 ID 중복; 일본어 예문 문장 중복,https://ja.dict.naver.com/#/search?query=%E3%81%84%E3%81%8F%E3%81%A4%E3%81%8B
w_d3f17036d33858fe,N1,摩擦,まさつ,마찰,摩擦によって速度が鈍る,마찰에 의해서 속도가 느려지다,민중서림 엣센스 일한사전,b1263ab835474e7382bed407a2bbe684,摩擦 마찰,129,1,surface,네이버 예문 ID 중복; 일본어 예문 문장 중복,https://ja.dict.naver.com/#/search?query=%E6%91%A9%E6%93%A6
w_d401fb56e34edd02,N2,先頭,せんとう,"선두, 맨 앞",中間スプリントポイントを前に34人が先頭グループとして固まった。,중간 스프린트 포인트를 앞의 34명이 선두 그룹으로서 굳혀졌다.,플리토,a63d4c5069e142a397ac01f40a64dbb6,先頭 선두 맨 앞,112,1,surface,우선 검수 출처,https://ja.dict.naver.com/#/search?query=%E5%85%88%E9%A0%AD
w_d4c2e0e758843e78,N4,作る,つくる,만들다,丘の斜面に畑を作る.,언덕 사면에 밭을 만들다,민중서림 엣센스 한일사전,da9c29fbab5a4a4f94dc469cc875c8b4,作る,134,1,surface,네이버 예문 ID 중복; 일본어 예문 문장 중복,https://ja.dict.naver.com/#/search?query=%E4%BD%9C%E3%82%8B
w_d4d33e519f3c27f5,N1,且つ,かつ,"또한, 동시에",責任は重且つ大だ.,책임은 중차대하다,민중서림 엣센스 한일사전,01bb34a08bed4775b630fde6e656ec72,且つ,164,0,surface,한국어 뜻 직접 일치어 없음,https://ja.dict.naver.com/#/search?query=%E4%B8%94%E3%81%A4
w_d4dee3b792cc95b2,N4,背中,せなか,등,背中を流せと後ろ向きになる,등을 밀라고 등을 돌리다.,민중서림 엣센스 일한사전,48a993d7a4704c1d8bfed69aed52f00a,背中 등,117,0,surface,한국어 뜻 직접 일치어 없음,https://ja.dict.naver.com/#/search?query=%E8%83%8C%E4%B8%AD
w_d4fa467591d76372,N2,脅かす,おどかす,"위협하다, 강요하다",警察に向かって角材を振りまわしながら脅かす.,경찰을 향해 각목을 휘두르며 위협하다,민중서림 엣센스 한일사전,6329dbc2432d463baeee6e0d48960ba1,脅かす,126,1,surface,네이버 예문 ID 중복; 일본어 예문 문장 중복,https://ja.dict.naver.com/#/search?query=%E8%84%85%E3%81%8B%E3%81%99
w_d50cec7f098a628f,N4,春,はる,봄,春の訪れを感ずる,봄이 찾아오는 것을 느끼다,민중서림 엣센스 일한사전,db759c427c2b40f09438633334558537,春 봄,117,0,surface,한국어 뜻 직접 일치어 없음,https://ja.dict.naver.com/#/search?query=%E6%98%A5
w_d50fdb2a764e035e,N1,食い込む,くいこむ,"(다른 영역, 범위 등에)파고들다",さびは鉄に食い込む,녹은 쇠를 먹어 들어간다,교학사 일한사전,7d69c906caa844b3a2decca687251cf2,食い込む,107,0,surface,한국어 뜻 직접 일치어 없음,https://ja.dict.naver.com/#/search?query=%E9%A3%9F%E3%81%84%E8%BE%BC%E3%82%80
w_d541f62a162d668a,N2,欠く,かく,"부족하다,없다",水と空気は、人間にとって共に欠く事ができない,물과 공기는 인간에게 있어서 둘 다 없어서는 안 된다,민중서림 엣센스 일한사전,1eabb53fb404410ab3f8ad692856378c,欠く,122,0,surface,한국어 뜻 직접 일치어 없음,https://ja.dict.naver.com/#/search?query=%E6%AC%A0%E3%81%8F
w_d563b8ed71bad118,N3,湿気,しっけ,"수분, 습도, 습기",湿気と温度のセンサーが付いていて、自動で適した湿度に調整してくれるエアコンが開発された。,습기와 온도 센서가 달려 있어 알아서 알맞은 습도로 조절해주는 에어컨이 개발되었다.,국립국어원 한국어-일본어 학습사전,360cde6a0f02411ca13bb11e08578fa8,湿気 수분 습도 습기,126,2,surface,네이버 예문 ID 중복; 일본어 예문 문장 중복,https://ja.dict.naver.com/#/search?query=%E6%B9%BF%E6%B0%97
w_d5e796d1c4a1bae6,N1,決算,けっさん,결산,当期の決算は黒字だ.,당기 결산은 흑자다,민중서림 엣센스 한일사전,bd741d6fa98c432b93fba32346e99768,決算,102,,,네이버 예문 ID 중복; 일본어 예문 문장 중복,https://ja.dict.naver.com/#/search?query=%E6%B1%BA%E7%AE%97
w_d5e8dc868e6a7029,N5,分かる,わかる,"알다, 이해하다",苦心の程が分かる,고심한 정도를 알 수 있다.,민중서림 엣센스 일한사전,d2301dcff8964f59896aa0281bbad8a0,分かる,117,0,surface,한국어 뜻 직접 일치어 없음; 네이버 예문 ID 중복; 일본어 예문 문장 중복,https://ja.dict.naver.com/#/search?query=%E5%88%86%E3%81%8B%E3%82%8B
w_d5e995df4d9237db,N2,ウーマン,ウーマン,여자,ジスは会社に通いながら家の切り盛りも上手なスーパーウーマンだ。,지수는 직장을 다니면서 살림도 잘하는 슈퍼우먼이다.,국립국어원 한국어-일본어 학습사전,4673cf2cf9e145c49af2573835891c1a,ウーマン,122,0,surface,한국어 뜻 직접 일치어 없음,https://ja.dict.naver.com/#/search?query=%E3%82%A6%E3%83%BC%E3%83%9E%E3%83%B3
w_d61624d3ed6a7a85,N2,解散,かいさん,해산,リーダーの脱退によりグループサウンドが解散された.,리더의 탈퇴로 그룹사운드가 해산되었다,민중서림 엣센스 한일사전,65fe61911adb438b9143dbb9c509317e,解散 해산,134,1,surface,네이버 예문 ID 중복; 일본어 예문 문장 중복,https://ja.dict.naver.com/#/search?query=%E8%A7%A3%E6%95%A3
w_d6176e972e31403c,N1,保護,ほご,보호,保護者ないしはそれに準ずるもの,보호자 내지는 그에 준하는 자.,민중서림 엣센스 일한사전,7652ba07c3914410877385915fb0635f,保護 보호,113,1,surface,네이버 예문 ID 중복; 일본어 예문 문장 중복,https://ja.dict.naver.com/#/search?query=%E4%BF%9D%E8%AD%B7
w_d631fd55fbc45d65,N5,たいへん,たいへん,"힘듦, 큰일임",その節は大変お世話になりました,그때는 신세를 많이 졌습니다,민중서림 엣센스 일한사전,35dcfda8f0464ef192af4d672e4f2d88,たいへん,159,0,surface,한국어 뜻 직접 일치어 없음,https://ja.dict.naver.com/#/search?query=%E3%81%9F%E3%81%84%E3%81%B8%E3%82%93
w_d6fdf33d0925e453,N1,頻繁に,ひんぱんに,빈번하게,頻繁に船が出る,빈번하게 배가 떠나다,민중서림 엣센스 일한사전,434e651c9150476cb0a68af2d6125f52,頻繁に 빈번하게,129,1,surface,네이버 예문 ID 중복; 일본어 예문 문장 중복,https://ja.dict.naver.com/#/search?query=%E9%A0%BB%E7%B9%81%E3%81%AB
w_d74b79630f0b2aad,N2,分量,ぶんりょう,분량,砂糖の分量が多すぎる.,설탕의 분량이 너무 많다,민중서림 엣센스 한일사전,99972eefc72b4e6d8e689592e2b7842b,分量 분량,134,1,surface,네이버 예문 ID 중복; 일본어 예문 문장 중복,https://ja.dict.naver.com/#/search?query=%E5%88%86%E9%87%8F
w_d7667ac0ce31a6f0,N1,思考,しこう,생각,思考が行きつ戻りつする,생각이 왔다 갔다 하다,민중서림 엣센스 일한사전,2bfe2b4ef628460081b92ed141b24c19,思考 생각,129,1,surface,네이버 예문 ID 중복; 일본어 예문 문장 중복,https://ja.dict.naver.com/#/search?query=%E6%80%9D%E8%80%83
w_d791648b4df44475,N3,妙,みょう,"묘함, 이상함",昨晩は妙な夢を見た.,어젯밤에는 이상한 꿈을 꾸었다,민중서림 엣센스 한일사전,663aa75153be47f29a3dc3ce00128769,妙 묘함 이상함,122,0,surface,한국어 뜻 직접 일치어 없음,https://ja.dict.naver.com/#/search?query=%E5%A6%99
w_d810a54c905e8820,N3,当たり前,あたりまえ,당연함,それ相応の[当たり前の]値段で売る.,제값을 받고 팔다,민중서림 엣센스 한일사전,b91c1922a4d74a788c903c9aacd3a397,当たり前,144,0,surface,한국어 뜻 직접 일치어 없음,https://ja.dict.naver.com/#/search?query=%E5%BD%93%E3%81%9F%E3%82%8A%E5%89%8D
w_d85bd3ccf1d15f75,N2,鈴,すず,"종, 벨",鐘[鈴·(すず)]を鳴らす,종[방울]을 울리다,민중서림 엣센스 한일사전,639af5ccae4242ffb97093167326f3cb,鈴 종 벨,109,0,surface,한국어 뜻 직접 일치어 없음,https://ja.dict.naver.com/#/search?query=%E9%88%B4
w_d87ce01dca506bbe,N3,市場,いちば,시장,市場は小反発で引けた,시장은 소폭 반등으로 마감했다,민중서림 엣센스 일한사전,ce61c983446a482e88da9f147e4e4972,市場 시장,101,1,surface,네이버 예문 ID 중복; 일본어 예문 문장 중복,https://ja.dict.naver.com/#/search?query=%E5%B8%82%E5%A0%B4
w_d889de46a0ab5ae3,N1,敏感,びんかん,민감,彼の肌は刺激に敏感だ.,그의 피부는 자극에 민감하다,민중서림 엣센스 한일사전,80c3f47bfe2143e58816035531563ba3,敏感 민감,134,1,surface,네이버 예문 ID 중복; 일본어 예문 문장 중복,https://ja.dict.naver.com/#/search?query=%E6%95%8F%E6%84%9F
w_d8ba8bb341546b0b,N2,心得る,こころえる,"이해하다, 숙지하다",役向きを心得る,직무에 관한 사항을 알다,교학사 일한사전,ea769ce78afa4e97a1228bd31f78dacd,心得る,115,0,surface,한국어 뜻 직접 일치어 없음,https://ja.dict.naver.com/#/search?query=%E5%BF%83%E5%BE%97%E3%82%8B
w_d8f9e2302104e892,N1,やむをえず,やむをえず,어쩔 수 없이,うちの会社は、やむを得ず機械たちを眠らせている。,우리 회사는 어쩔 수 없이 기계들을 잠재우고 있다.,국립국어원 한국어-일본어 학습사전,5f8f9e57dfba4d4b8f66037981da88a3,やむをえず 어쩔 수 없이,118,2,jmdict-form,JMdict 보조 표기로 목표어 확인,https://ja.dict.naver.com/#/search?query=%E3%82%84%E3%82%80%E3%82%92%E3%81%88%E3%81%9A
w_d95b69108024e354,N2,物置,ものおき,"창고, 물건 두는 곳",物置に棚を作る,광에 선반을 만들다,민중서림 엣센스 일한사전,185eee490cc7470594f92e2dfb576bf7,物置,117,0,surface,한국어 뜻 직접 일치어 없음,https://ja.dict.naver.com/#/search?query=%E7%89%A9%E7%BD%AE
w_d95c38708b61d79d,N2,斜め,ななめ,"비스듬함, 대각선",絵が斜めに掛かっている.,그림이 배뚜로 걸려 있다,민중서림 엣센스 한일사전,08ea4817532a4e26a64d49b3adc22d74,斜め,164,0,surface,한국어 뜻 직접 일치어 없음,https://ja.dict.naver.com/#/search?query=%E6%96%9C%E3%82%81
w_d9846c95a0bc5a86,N2,倉庫,そうこ,창고,倉庫の米も底をついた.,창고의 쌀도 바닥이 났다,민중서림 엣센스 한일사전,6408e63c796b44a09fc65ed32e916ef7,倉庫 창고,134,1,surface,네이버 예문 ID 중복; 일본어 예문 문장 중복,https://ja.dict.naver.com/#/search?query=%E5%80%89%E5%BA%AB
w_d98d809b8fca7f44,N3,値段,ねだん,가격,"仕組みが簡単で,値段がやすく故障も少ない.",구조가 간단하여 가격이 싸고 고장도 적다,민중서림 엣센스 한일사전,30e7017692934dabb43a46d129dc658f,値段 가격,134,1,surface,네이버 예문 ID 중복; 일본어 예문 문장 중복,https://ja.dict.naver.com/#/search?query=%E5%80%A4%E6%AE%B5
w_d9fe865603020b40,N3,血液型,けつえきがた,혈액형,血を少し採って血液型を検査する.,피를 조금 뽑아서 혈액형을 검사하다,민중서림 엣센스 한일사전,e04761fa67934bc8820c2bb364a35471,血液型 혈액형,106,1,surface,네이버 예문 ID 중복; 일본어 예문 문장 중복,https://ja.dict.naver.com/#/search?query=%E8%A1%80%E6%B6%B2%E5%9E%8B
w_da1aa3397e73de5f,N5,ラジオ,ラジオ,라디오,大衆がトーク・ラジオを反映するのでなく，トーク・ラジオが大衆を反映するのだ,대중이 토크 라디오를 반영하는 것이 아니라 토크 라디오가 대중을 반영하는 것이다.,민중서림 엣센스 외래어사전,cb9e4243bc3248acbb7dff0a7cf79f92,ラジオ 라디오,134,1,surface,네이버 예문 ID 중복; 일본어 예문 문장 중복,https://ja.dict.naver.com/#/search?query=%E3%83%A9%E3%82%B8%E3%82%AA
w_da1fc48e9a617b67,N3,規則,きそく,규칙,例外のない規則はない.,예외 없는 규칙은 없다,민중서림 엣센스 한일사전,71e8c9af729d47e28121daee15729296,規則,102,,,네이버 예문 ID 중복; 일본어 예문 문장 중복,https://ja.dict.naver.com/#/search?query=%E8%A6%8F%E5%89%87
w_da535a991def07ed,N3,辞める,やめる,"그만두다, 퇴직하다",思い切って仕事を辞める,큰맘 먹고 일을 그만두다,민중서림 엣센스 일한사전,18baed073c0d4ab99be15e46c63ecacd,辞める,129,1,surface,네이버 예문 ID 중복; 일본어 예문 문장 중복,https://ja.dict.naver.com/#/search?query=%E8%BE%9E%E3%82%81%E3%82%8B
w_daaffe48fc9f4d1d,N2,思いがけない,おもいがけない,"의외이다,뜻밖이다","思いがけない所で,思いがけない人に会った","생각지도 않은 곳에서, 뜻하지 않은 사람을 만났다",민중서림 엣센스 한일사전,388639abb7fb4fe89be5adc8a0c8109b,思いがけない,122,0,surface,한국어 뜻 직접 일치어 없음,https://ja.dict.naver.com/#/search?query=%E6%80%9D%E3%81%84%E3%81%8C%E3%81%91%E3%81%AA%E3%81%84
w_dab112477493b345,N1,達者,たっしゃ,"능숙함, 건강함",達者に暮らしている,건강하게 지내고 있다,교학사 일한사전,50660b1ac07948d6bb0282670ae07668,達者 능숙함 건강함,115,0,surface,한국어 뜻 직접 일치어 없음,https://ja.dict.naver.com/#/search?query=%E9%81%94%E8%80%85
w_daf00d12d09fb24d,N1,小型の,こがたの,소형인,小型のフードポットを探している,소형 푸드 포트를 찾고 있다,민중서림 엣센스 일한사전,93404554ccc3429a949dff3a166840c2,小型の,117,0,surface,한국어 뜻 직접 일치어 없음,https://ja.dict.naver.com/#/search?query=%E5%B0%8F%E5%9E%8B%E3%81%AE
w_db12548e061b2984,N3,複雑な,ふくざつな,복잡한,複雑な職歴を持っている.,복잡한 직력을 갖고 있다,민중서림 엣센스 한일사전,6e25be1f2de94defab37a5626c35df6e,複雑な 복잡한,134,1,surface,네이버 예문 ID 중복; 일본어 예문 문장 중복,https://ja.dict.naver.com/#/search?query=%E8%A4%87%E9%9B%91%E3%81%AA
w_db25c865abdbfb17,N3,酌む,くむ,(술을) 따르다,クライアントの意向をしっかり酌む,고객의 의향을 확실히 파악하다,민중서림 엣센스 일한사전,e675fbb1689d4102b7ef8b5695723892,酌む,109,0,surface,한국어 뜻 직접 일치어 없음,https://ja.dict.naver.com/#/search?query=%E9%85%8C%E3%82%80
w_db9032d584009b9f,N3,布,ぬの,천,ＣＧディレクターによると，人物だけブルー・バックと呼ばれる無地の布の前で撮影する,컴퓨터 그래픽 디렉터에 의하면 인물만을 블루 백이라고 불리는 무지의 천 앞에서 촬영한다.,민중서림 엣센스 외래어사전,bca93b49dd9a4726af409fd68f4fadb2,布 천,122,0,surface,한국어 뜻 직접 일치어 없음; 네이버 예문 ID 중복; 일본어 예문 문장 중복,https://ja.dict.naver.com/#/search?query=%E5%B8%83
w_db9e3cee735c2e2a,N5,何人,なんにん,몇 명,愛人が何人もいる,애인이 몇 명이나 있다,민중서림 엣센스 일한사전,fd5e5f2eb829422c890e2ddef49c85a0,何人 몇 명,117,0,surface,한국어 뜻 직접 일치어 없음,https://ja.dict.naver.com/#/search?query=%E4%BD%95%E4%BA%BA
w_dbd3956009c2603f,N2,繋がり,つながり,"연결, 관계",繋がりが断ち切れる,연결이 차단되다,민중서림 엣센스 일한사전,5c77ac6c8a63486794979fb61eff80e6,繋がり,129,1,surface,네이버 예문 ID 중복; 일본어 예문 문장 중복,https://ja.dict.naver.com/#/search?query=%E7%B9%8B%E3%81%8C%E3%82%8A
w_dc3906550d4c187f,N4,まちがえやすい,まちがえやすい,틀리기 쉽다,読み間違えやすい漢字,잘못 읽기 쉬운 한자,민중서림 엣센스 일한사전,0c646368348e4dd68b8e3a47064e69b5,まちがえやすい,87,0,surface,한국어 뜻 직접 일치어 없음,https://ja.dict.naver.com/#/search?query=%E3%81%BE%E3%81%A1%E3%81%8C%E3%81%88%E3%82%84%E3%81%99%E3%81%84
w_dc39e7e1be6cb170,N2,ワンピース,ワンピース,원피스,彼女は花柄ワンピースに、フリンジが付いたプラットホームサンダルを合わせた,그녀는 꽃무늬 원피스에 술 장식이 달린 통굽 샌들을 매치했다,민중서림 엣센스 일한사전,2bd728d10bf44ddf89aeb4b706e20d1f,ワンピース 원피스,134,1,surface,네이버 예문 ID 중복; 일본어 예문 문장 중복,https://ja.dict.naver.com/#/search?query=%E3%83%AF%E3%83%B3%E3%83%94%E3%83%BC%E3%82%B9
w_dc5355cd89f3f0db,N1,微塵,みじん,"티끌, 미세한 조각",だます考えは微塵もない.,속일 생각은 조금도 없다,민중서림 엣센스 한일사전,a84b3bc7b7264b968e17616ac377c37f,微塵,122,0,surface,한국어 뜻 직접 일치어 없음,https://ja.dict.naver.com/#/search?query=%E5%BE%AE%E5%A1%B5
w_dc5c65175e51fda2,N1,出生,しゅっせい,출생,子供の出生を届け出る,아이의 출생을 신고하다,교학사 일한사전,f826cb64938f42d3babb3f904c81401b,出生 출생,127,1,surface,일본어 예문 문장 중복,https://ja.dict.naver.com/#/search?query=%E5%87%BA%E7%94%9F
w_dc6a45628d836fe4,N2,積み重ねる,つみかさねる,"겹겹이쌓다,쌓아올리다",煉瓦を積み重ねる,포개어 벽돌을 쌓다,교학사 일한사전,b3c05b1647dd4feeac34b2c8edaafceb,積み重ねる,115,0,surface,한국어 뜻 직접 일치어 없음,https://ja.dict.naver.com/#/search?query=%E7%A9%8D%E3%81%BF%E9%87%8D%E3%81%AD%E3%82%8B
w_dc857ce9d12b9435,N1,レンジ,レンジ,레인지,農家といっても昔とは違う。台所にはピカピカのガス・レンジもある,농가라고 해도 옛날과는 다르다. 부엌에는 번쩍번쩍하는 가스레인지도 있다.,민중서림 엣센스 외래어사전,c14fb15ccf07469e925aec9f2f2fa9ac,レンジ 레인지,134,1,surface,네이버 예문 ID 중복; 일본어 예문 문장 중복,https://ja.dict.naver.com/#/search?query=%E3%83%AC%E3%83%B3%E3%82%B8
w_dc9def9080ab25bb,N1,干渉,かんしょう,간섭,財力によって政治に干渉する.,경제력에 의해 정치에 간섭하다,민중서림 엣센스 한일사전,99158263b9874ae8829e92cf621b5403,干渉 간섭,134,1,surface,네이버 예문 ID 중복; 일본어 예문 문장 중복,https://ja.dict.naver.com/#/search?query=%E5%B9%B2%E6%B8%89
w_dca31e9e662b9045,N3,続き,つづき,"계속, 속편",パワハラ、セクハラなどのさまざまなタイプのハラスメントに続き、スメハラに悩む人が増えている,"상사 괴롭힘, 성희롱 등의 다양한 유형의 괴롭힘에 이어 냄새 괴롭힘으로 고민하는 사람이 늘고 있다",민중서림 엣센스 일한사전,23777e5ef2324bd89766869c41324dcb,続き,122,0,surface,한국어 뜻 직접 일치어 없음,https://ja.dict.naver.com/#/search?query=%E7%B6%9A%E3%81%8D
w_dcd0e0b5903f27e6,N2,水面,すいめん,물 표면,水面に自分の姿を映して見る.,물위에 자기 모습을 비추어 보다,민중서림 엣센스 한일사전,ef7613a82fe94012aeecf981f2029790,水面 물 표면,122,0,surface,한국어 뜻 직접 일치어 없음,https://ja.dict.naver.com/#/search?query=%E6%B0%B4%E9%9D%A2
w_dd0669298f0d3f54,N2,呼び出す,よびだす,"불러내다, 호출하다",ＬＡＮが構築されリモートアクセスができるオフィスなら，サーバーにアクセスしてデータを呼び出す,LAN이 구축되어 리모트 액세스가 가능한 사무실이라면 서버에 접근시켜 자료를 끄집어 낸다.,민중서림 엣센스 외래어사전,af208dd74245494bba1f8066f6d0069c,呼び出す,114,0,surface,한국어 뜻 직접 일치어 없음,https://ja.dict.naver.com/#/search?query=%E5%91%BC%E3%81%B3%E5%87%BA%E3%81%99
w_dd23ab623b85f108,N2,出迎える,でむかえる,"만나다, 인사하다",プラットホームまで兄を出迎える.,플랫폼까지 형을 마중 나가다,민중서림 엣센스 한일사전,1365e4e9fd2f47d2bc9521be45b22623,出迎える,122,0,surface,한국어 뜻 직접 일치어 없음; 네이버 예문 ID 중복; 일본어 예문 문장 중복,https://ja.dict.naver.com/#/search?query=%E5%87%BA%E8%BF%8E%E3%81%88%E3%82%8B
w_dd6cfb328dbd2400,N3,せい,せい,"원인, 이유, 잘못, 결함",習い、性となる,습관이 천성이 된다.,민중서림 엣센스 일한사전,6108dbfd01964e879005e1502e4bf739,せい,164,0,surface,한국어 뜻 직접 일치어 없음,https://ja.dict.naver.com/#/search?query=%E3%81%9B%E3%81%84
w_dd98e683daac860a,N3,地球,ちきゅう,지구,地球は太陽の周囲を公転する.,지구는 태양의 주위를 공전한다,민중서림 엣센스 한일사전,14de763da1554b5ca765ec7b812badd9,地球 지구,134,1,surface,네이버 예문 ID 중복; 일본어 예문 문장 중복,https://ja.dict.naver.com/#/search?query=%E5%9C%B0%E7%90%83
w_de183face04cafac,N1,朗らかな,ほがらかな,명랑한,朗らかな声で話し掛ける,명랑한 목소리로 말을 걸다,민중서림 엣센스 일한사전,d3ca8e684fed4600bebd21e4bfc7ab9b,朗らかな 명랑한,129,1,surface,네이버 예문 ID 중복; 일본어 예문 문장 중복,https://ja.dict.naver.com/#/search?query=%E6%9C%97%E3%82%89%E3%81%8B%E3%81%AA
w_de42b53ac78fd7b6,N2,百科事典,ひゃっかじてん,백과사전,イ：オンラインで百科事典を利用したことある？,가: 온라인으로 백과사전을 이용해 봤니?,국립국어원 한국어-일본어 학습사전,7f0a14f1a4214a48bd651cae6f07aec5,百科事典 백과사전,74,1,surface,자동 선택 점수 80 미만,https://ja.dict.naver.com/#/search?query=%E7%99%BE%E7%A7%91%E4%BA%8B%E5%85%B8
w_de46662f2a1c5c26,N1,出世,しゅっせ,출세,結婚を出世の道具にする.,결혼을 출세의 도구로 삼다,민중서림 엣센스 한일사전,590b79f701cc4b62a8abfad89fd02b1b,出世 출세,134,1,surface,네이버 예문 ID 중복; 일본어 예문 문장 중복,https://ja.dict.naver.com/#/search?query=%E5%87%BA%E4%B8%96
w_de7085245f655d20,N2,散らす,ちらす,"어지르다,흩뜨리다",クモの子を散らすように逃げ去る.,많은 사람이 사방으로 뿔뿔이 흩어져 달아나다,민중서림 엣센스 한일사전,2834813f05d24e98a4e103a73d40460c,散らす,122,0,surface,한국어 뜻 직접 일치어 없음,https://ja.dict.naver.com/#/search?query=%E6%95%A3%E3%82%89%E3%81%99
w_de834a2f25042951,N3,翼,つばさ,날개,時の翼に乗って悲しみは飛び去る。,"시간의 날개를 타고 슬픔은 날아가 버린다. (구약성서, 행복속담)",명언/속담,9279ca1fb57f4ca88cbf028ae8ef470f,翼 날개,132,1,surface,우선 검수 출처,https://ja.dict.naver.com/#/search?query=%E7%BF%BC
w_dea383b5805990d4,N3,具体的だ,ぐたいてきだ,구체적이다,その件に関して、何回も会議をしたが、まだ具体的な計画は未定だ。,그 일에 관하여 여러 차례 회의를 했지만 아직 구체적인 계획은 미정이다.,국립국어원 한국어-일본어 학습사전,4184fcf01eba483cabeb440d86faa80f,具体的だ 구체적이다,52,0,stem,한국어 뜻 직접 일치어 없음; 활용 어간으로만 목표어 확인; 자동 선택 점수 80 미만,https://ja.dict.naver.com/#/search?query=%E5%85%B7%E4%BD%93%E7%9A%84%E3%81%A0
w_deddb7435f3d9350,N5,あるく,あるく,걷다,足に任せて歩く.,발길 닿는 대로 걷다,민중서림 엣센스 한일사전,c88c7c5f3df246eda8b6ac85baa2c5ce,あるく 걷다,168,1,surface,네이버 예문 ID 중복; 일본어 예문 문장 중복,https://ja.dict.naver.com/#/search?query=%E3%81%82%E3%82%8B%E3%81%8F
w_defd9d02b12711f7,N1,殺到する,さっとうする,쇄도하다,求職の申し込みが殺到する.,구직 신청이 쇄도하다,민중서림 엣센스 한일사전,61a0a6d0c5b943db826bfa72a37a197e,殺到する 쇄도하다,134,1,surface,네이버 예문 ID 중복; 일본어 예문 문장 중복,https://ja.dict.naver.com/#/search?query=%E6%AE%BA%E5%88%B0%E3%81%99%E3%82%8B
w_df20da25c79e74b0,N1,獣,けだもの,"짐승, 야수",あいつは獣であって人間ではない.,저놈은 짐승이지 사람이 아니다,민중서림 엣센스 한일사전,54f87eb665bc434eafbabfb25cd15930,獣,102,,,네이버 예문 ID 중복; 일본어 예문 문장 중복,https://ja.dict.naver.com/#/search?query=%E7%8D%A3
w_df2d3b2184646be9,N3,別々に,べつべつに,따로따로,別々に包装してください。,따로따로 포장해 주세요. (식당>패스트푸드>주문),글로벌회화,39958d952ebf4efeb76f34581cb19be0,別々に 따로따로,132,1,surface,네이버 예문 ID 중복; 일본어 예문 문장 중복,https://ja.dict.naver.com/#/search?query=%E5%88%A5%E3%80%85%E3%81%AB
w_df31d418cc0b41ae,N2,鋭い,するどい,예리하다,イ：キム記者の質問はとても鋭いですね。,가: 김 기자의 질문이 보통 예리한 게 아니에요.,국립국어원 한국어-일본어 학습사전,51ebe4f792ee4727abeea99d3774c975,鋭い 예리하다,94,0,surface,한국어 뜻 직접 일치어 없음,https://ja.dict.naver.com/#/search?query=%E9%8B%AD%E3%81%84
w_df40eb9087b51ff0,N1,世論,よろん,여론,国民の世論は議会に反映される.,국민의 여론은 의회에 반영된다,민중서림 엣센스 한일사전,903eb7c1d46d4d43b33976f714991ec6,世論 여론,134,1,surface,네이버 예문 ID 중복; 일본어 예문 문장 중복,https://ja.dict.naver.com/#/search?query=%E4%B8%96%E8%AB%96
w_df68abded50e5667,N2,看病,かんびょう,간병,"看病のため,病院で起居した",간병을 위해 병원에서 기거했다,민중서림 엣센스 한일사전,5fed54159e2b4f3eb129d30c754124ea,看病 간병,134,1,surface,네이버 예문 ID 중복; 일본어 예문 문장 중복,https://ja.dict.naver.com/#/search?query=%E7%9C%8B%E7%97%85
w_df6f8bed5b534092,N5,にだい,にだい,두 대(자전거),電気バス2台を導入する,전기 버스 두 대를 도입하다,민중서림 엣센스 일한사전,47e46395cbc74cebbadc349ad4b4b848,にだい 두 대 자전거,117,0,surface,한국어 뜻 직접 일치어 없음,https://ja.dict.naver.com/#/search?query=%E3%81%AB%E3%81%A0%E3%81%84
w_df7a287483888d5b,N3,表す,あらわす,"나타내다,표현하다",カステラの本場として有名なのは長崎であるが、長崎カステラという名前は、地域の名物を表す名前ではなくカステラの製法の一つを表すものだそうだ。,카스테라의 본고장은 나가사키이지만 나가사키 카스테라라는 이름은 지역의 명산이 아니라 제조법 중의 하나를 나타내는 이름이다.,연세대학교 한국어학당 국가별 대표음식,b22621eb5c4645949d14e6e200b9a1be,表す,122,0,surface,한국어 뜻 직접 일치어 없음,https://ja.dict.naver.com/#/search?query=%E8%A1%A8%E3%81%99
w_dfb61c53e9141aa6,N1,アプローチ,アプローチ,"접근, 어프로치",手前からのアプローチを寄せきれなかった1番で唯一のボギーを叩いた。,앞에서의 어프로치를 접근시키지 못했던 1번에서 유일한 보기를 쳤다.,플리토,372e948475934d2a9aa678a11aecbe00,アプローチ 접근 어프로치,144,2,surface,우선 검수 출처,https://ja.dict.naver.com/#/search?query=%E3%82%A2%E3%83%97%E3%83%AD%E3%83%BC%E3%83%81
w_dfcae20b38b4ffcf,N1,魂,たましい,영혼,機敏さは、ビジネスにおける魂である。,"민첩성은 사업의 영혼이다. (서양속담, 일속담)",명언/속담,26205e25bc8f4718806a980fbb0874c3,魂 영혼,132,1,surface,우선 검수 출처,https://ja.dict.naver.com/#/search?query=%E9%AD%82
w_dfec77fc34d8d6ce,N4,親,おや,부모,子供も子供だが、親も親だ,아이도 아이지만 부모도 그에 못지않다,민중서림 엣센스 일한사전,39659696de8a40ea80e0b9745b1f82aa,親 부모,134,1,surface,네이버 예문 ID 중복; 일본어 예문 문장 중복,https://ja.dict.naver.com/#/search?query=%E8%A6%AA
w_e02f522a68466292,N1,愚痴を言う,ぐちをいう,"불평하다, 푸념하다",二言目には愚痴を言う,입만 열면 푸념만 한다.,민중서림 엣센스 일한사전,ff1ca3cdc5934c938fd9cdbb7b62b7bf,愚痴を言う 불평하다 푸념하다,81,0,surface,한국어 뜻 직접 일치어 없음,https://ja.dict.naver.com/#/search?query=%E6%84%9A%E7%97%B4%E3%82%92%E8%A8%80%E3%81%86
w_e048452d050d9201,N3,石油,せきゆ,석유,A工場に石油を供給する,A 공장에 석유를 대주다,민중서림 엣센스 한일사전,b956b1474421436e8d7236cd71569cf9,石油 석유,129,1,surface,네이버 예문 ID 중복; 일본어 예문 문장 중복,https://ja.dict.naver.com/#/search?query=%E7%9F%B3%E6%B2%B9
w_e0a437157871a7d1,N1,閉鎖,へいさ,폐쇄,門を閉鎖する.,문을 폐쇄하다,민중서림 엣센스 한일사전,989d1ba2a3f245d5b33d35bbdb2afc77,閉鎖 폐쇄,134,1,surface,네이버 예문 ID 중복; 일본어 예문 문장 중복,https://ja.dict.naver.com/#/search?query=%E9%96%89%E9%8E%96
w_e10ae2eb65ba49a7,N3,早めに,はやめに,일찌감치,残業に備えて早めに腹をこしらえておいた.,잔업에 대비해서 일찌감치 식사를 해 두었다,민중서림 엣센스 한일사전,fa2c18ce4d944850a41214832f8f4155,早めに,134,1,surface,네이버 예문 ID 중복; 일본어 예문 문장 중복,https://ja.dict.naver.com/#/search?query=%E6%97%A9%E3%82%81%E3%81%AB
w_e1145cd44757f7f5,N1,勇敢,ゆうかん,용감함,どんな犬も、自分の家の入り口のところでは勇敢に振舞える。,"모든 개는 제집 문 앞에서 용감하다. (서양속담, 겸손속담)",명언/속담,76abd42c8ce547db91b4cbd3159e0c6b,勇敢 용감함,120,0,surface,한국어 뜻 직접 일치어 없음; 우선 검수 출처; 네이버 예문 ID 중복; 일본어 예문 문장 중복,https://ja.dict.naver.com/#/search?query=%E5%8B%87%E6%95%A2
w_e11e41390192530a,N2,過失,かしつ,"오류, 실수, 부주의",過失によって人を死なせる,과실로 사람을 죽게 하다,민중서림 엣센스 일한사전,bf56f2ab57c54813a19119511450e02c,過失,117,0,surface,한국어 뜻 직접 일치어 없음,https://ja.dict.naver.com/#/search?query=%E9%81%8E%E5%A4%B1
w_e1224f159d5c953d,N1,拘る,こだわる,"집착하다,세세하게신경을쓰다",死守に拘る。,사수를 고집하다.,국립국어원 한국어-일본어 학습사전,c929ad6906e046babc728af4a0dc581a,拘る,102,0,surface,한국어 뜻 직접 일치어 없음,https://ja.dict.naver.com/#/search?query=%E6%8B%98%E3%82%8B
w_e15c90e6e968062b,N2,大ざっぱだ,おおざっぱだ,대충이다,大ざっぱに見積もって百万ウォンぐらいある.,어림잡아 백만 원쯤 된다,민중서림 엣센스 한일사전,148147f91dc74ce5a9ef9b76f88f9b9a,大ざっぱだ,60,0,stem,한국어 뜻 직접 일치어 없음; 활용 어간으로만 목표어 확인; 자동 선택 점수 80 미만,https://ja.dict.naver.com/#/search?query=%E5%A4%A7%E3%81%96%E3%81%A3%E3%81%B1%E3%81%A0
w_e15fdd2f41746dcc,N1,とても驚く,とてもおどろく,매우 놀라다,スンギュは、カマキリがトンボを捕食する姿を初めて見て、とても驚いた。,승규는 사마귀가 잠자리를 잡아먹는 모습을 처음 보고 매우 놀랐다.,국립국어원 한국어-일본어 학습사전,30e5ea9bd81943939734822d7b997e17,とても驚く 매우 놀라다,72,1,stem,활용 어간으로만 목표어 확인; 자동 선택 점수 80 미만,https://ja.dict.naver.com/#/search?query=%E3%81%A8%E3%81%A6%E3%82%82%E9%A9%9A%E3%81%8F
w_e180a0bc44877374,N2,中旬,ちゅうじゅん,중순,今月の中旬に試験があります.,이달 중순에 시험이 있습니다,민중서림 엣센스 한일사전,6684f0cadca347d28725d71b50068638,中旬 중순,134,1,surface,네이버 예문 ID 중복; 일본어 예문 문장 중복,https://ja.dict.naver.com/#/search?query=%E4%B8%AD%E6%97%AC
w_e1858aa5a7439d43,N2,順々,じゅんじゅん,"차례차례, 순서대로",仕事を順々に片づける,일을 차례차례 정리하다,웹수집,8d94d5c4f4a24f5396dad21f0a4841c3,順々 차례차례 순서대로,127,1,surface,우선 검수 출처,https://ja.dict.naver.com/#/search?query=%E9%A0%86%E3%80%85
w_e1947d121eacb34e,N2,俄,にわか,"갑작스러운, 뜻밖의",俄には答えられない,바로 대답할 수는 없다,민중서림 엣센스 일한사전,1605f4e3ffd24e688c5cac0598a22fcb,俄,117,0,surface,한국어 뜻 직접 일치어 없음; 네이버 예문 ID 중복; 일본어 예문 문장 중복,https://ja.dict.naver.com/#/search?query=%E4%BF%84
w_e1a24560fa333bd1,N2,与える,あたえる,"주다,수여하다",牧師が祝福を与える.,목사가 축복을 해 주다,민중서림 엣센스 한일사전,84026024e94c407b8cb3ec192e43a8a4,与える,134,1,surface,네이버 예문 ID 중복; 일본어 예문 문장 중복,https://ja.dict.naver.com/#/search?query=%E4%B8%8E%E3%81%88%E3%82%8B
w_e1a658a7002ab27f,N3,刀,かたな,검,刀を拝領する,검을 배수하다,교학사 일한사전,237e325da4d940419abf41c3351dc59e,刀 검,115,0,surface,한국어 뜻 직접 일치어 없음,https://ja.dict.naver.com/#/search?query=%E5%88%80
w_e1c3c47439908fec,N4,集める,あつめる,모으다,人類の全知を集める.,인류의 전지를 한데 모으다,민중서림 엣센스 한일사전,975810be180d48859d14fbbdb013bd08,集める 모으다,134,1,surface,네이버 예문 ID 중복; 일본어 예문 문장 중복,https://ja.dict.naver.com/#/search?query=%E9%9B%86%E3%82%81%E3%82%8B
w_e251d23193cec09f,N1,オンライン,オンライン,온라인,銀行オンラインヘハッカーが侵入した.,은행 온라인에 해커가 침입했다,민중서림 엣센스 한일사전,6ba8e4e21b4e4a0aa41d9468e5089f21,オンライン,110,,,네이버 예문 ID 중복; 일본어 예문 문장 중복,https://ja.dict.naver.com/#/search?query=%E3%82%AA%E3%83%B3%E3%83%A9%E3%82%A4%E3%83%B3
w_e25c204a215c6bc5,N5,たのしい,たのしい,즐겁다,外出は子供の視点から見てみるとよりいっそう楽しいものなのです。(ラワナ・ブラックウェル),"소풍은 우리가 아이의 눈을 통해 음미할 수 있을 때 훨씬 더 즐겁다. (라와나 블랙웰, 가족명언)",명언/속담,b166ec8377894d58994cb6aedf5cbc80,たのしい 즐겁다,166,1,surface,우선 검수 출처; 네이버 예문 ID 중복; 일본어 예문 문장 중복,https://ja.dict.naver.com/#/search?query=%E3%81%9F%E3%81%AE%E3%81%97%E3%81%84
w_e31aefb75328a9e0,N3,冷える,ひえる,차가워지다,寒さで体が冷切る,추위로 몸이 몹시 차가워지다.,민중서림 엣센스 일한사전,38dde8ce22804b4583d084b411ad0fcf,冷える 차가워지다,67,1,stem,활용 어간으로만 목표어 확인; 자동 선택 점수 80 미만,https://ja.dict.naver.com/#/search?query=%E5%86%B7%E3%81%88%E3%82%8B
w_e3d3cc0b38f77224,N5,にキロ,にキロ,2킬로미터,学校から半径二キロ以内にある.,학교에서 반경 2킬로미터 이내에 있다,민중서림 엣센스 한일사전,4f220a15f6324b32b773dd2d6cd891d3,にキロ 2킬로미터,126,1,surface,네이버 예문 ID 중복; 일본어 예문 문장 중복,https://ja.dict.naver.com/#/search?query=%E3%81%AB%E3%82%AD%E3%83%AD
w_e421aae9647d50d9,N2,危険だ,きけんだ,위험하다,騒ぎ立てない人は危険だ。,"떠들지 않는 사람은 위험하다. (서양속담, 침묵속담)",명언/속담,87f07dbb58a6422da7d5316800502c52,危険だ 위험하다,132,1,surface,우선 검수 출처,https://ja.dict.naver.com/#/search?query=%E5%8D%B1%E9%99%BA%E3%81%A0
w_e4247da1f9fb515e,N2,一定,いってい,"일정함, 고정됨",一定の規則なしでは困る.,일정한 규칙 없이는 곤란하다,민중서림 엣센스 한일사전,210d764917714d0281260f301317fbe6,一定 일정함 고정됨,122,0,surface,한국어 뜻 직접 일치어 없음,https://ja.dict.naver.com/#/search?query=%E4%B8%80%E5%AE%9A
w_e4296f4107742e4b,N1,頻繁,ひんぱん,빈번함,頻繁に船が出る,빈번하게 배가 떠나다,민중서림 엣센스 일한사전,434e651c9150476cb0a68af2d6125f52,頻繁 빈번함,117,0,surface,한국어 뜻 직접 일치어 없음; 네이버 예문 ID 중복; 일본어 예문 문장 중복,https://ja.dict.naver.com/#/search?query=%E9%A0%BB%E7%B9%81
w_e42ff9a33ffea453,N2,平気,へいき,"태연함, 아무렇지 않음",一向平気だ,아주 태연하다; 아무렇지도 않다,민중서림 엣센스 일한사전,aed56a35b2404c1a929554dca466af8c,平気 태연함 아무렇지 않음,52,1,surface,자동 선택 점수 80 미만,https://ja.dict.naver.com/#/search?query=%E5%B9%B3%E6%B0%97
w_e45322b4b76efeda,N2,スマート,スマート,"스마트함, 날씬함",スマート農業の導入を進める,스마트 농업 도입을 추진하다,민중서림 엣센스 일한사전,120771dde6384c6aa0ae91f3846ebcde,スマート 스마트함 날씬함,117,0,surface,한국어 뜻 직접 일치어 없음; 네이버 예문 ID 중복; 일본어 예문 문장 중복,https://ja.dict.naver.com/#/search?query=%E3%82%B9%E3%83%9E%E3%83%BC%E3%83%88
w_e45ff43f8b21a2ed,N3,申し訳,もうしわけ,"변명, 죄송함",不届きで申し訳ありません.,주의가 미치지 못해서 죄송합니다,민중서림 엣센스 한일사전,33246578b9644521a50cf9723d9eb0c4,申し訳,102,0,surface,한국어 뜻 직접 일치어 없음,https://ja.dict.naver.com/#/search?query=%E7%94%B3%E3%81%97%E8%A8%B3
w_e482bb6df361710b,N1,雑な,ざつな,"거친, 조잡한, 함부로 하는",雑な仕事はしたくない,조잡한 일은 하고 싶지 않다,민중서림 엣센스 일한사전,338f032b92fb4d66afee60ac39601474,雑な,129,1,surface,네이버 예문 ID 중복; 일본어 예문 문장 중복,https://ja.dict.naver.com/#/search?query=%E9%9B%91%E3%81%AA
w_e4b9103a3d8c4690,N2,俳句,はいく,하이쿠,歌や俳句を作る,和歌나 俳句를 지어 읊다,민중서림 엣센스 일한사전,6e4ce6f47432492e86988e10085402ec,俳句,117,0,surface,한국어 뜻 직접 일치어 없음; 네이버 예문 ID 중복; 일본어 예문 문장 중복,https://ja.dict.naver.com/#/search?query=%E4%BF%B3%E5%8F%A5
w_e4f3c3a8106b0228,N2,焦る,あせる,초조해하다,君はまだ若いから焦るな,넌 아직 젊으니까 초조해하지 마!,민중서림 엣센스 일한사전,8d9a50c49bc34e408e712c9468f5ed5e,焦る,109,0,surface,한국어 뜻 직접 일치어 없음,https://ja.dict.naver.com/#/search?query=%E7%84%A6%E3%82%8B
w_e506759b6040f2fd,N4,野菜,やさい,야채,野菜を取り合わせて作る,야채를 이것저것 섞어 만들다,민중서림 엣센스 한일사전,9598fd647753437aa53d33141cae2a63,野菜 야채,129,1,surface,네이버 예문 ID 중복; 일본어 예문 문장 중복,https://ja.dict.naver.com/#/search?query=%E9%87%8E%E8%8F%9C
w_e5149e3df7b27eb5,N4,壁,かべ,벽,壁を薄い黄に彩る.,벽을 엷은 노랑으로 색칠하다,민중서림 엣센스 한일사전,9893b0903bf14e9db88d2fa91585d8e5,壁,102,,,네이버 예문 ID 중복; 일본어 예문 문장 중복,https://ja.dict.naver.com/#/search?query=%E5%A3%81
w_e53741dee87d1235,N3,悪魔,あくま,악마,人の心の中には悪魔と天使が共存している.,사람의 마음속에는 악마와 천사가 공존하고 있다,민중서림 엣센스 한일사전,a623cb78fdd940d2838259ba42fcce59,悪魔 악마,134,1,surface,네이버 예문 ID 중복; 일본어 예문 문장 중복,https://ja.dict.naver.com/#/search?query=%E6%82%AA%E9%AD%94
w_e54da1633aab4538,N1,熱湯,ねっとう,"끓는 물, 열탕",熱湯で殺菌する.,끓는 물로 살균하다,민중서림 엣센스 한일사전,95a47d442eb94410a90d4df565cba7b3,熱湯,102,,,네이버 예문 ID 중복; 일본어 예문 문장 중복,https://ja.dict.naver.com/#/search?query=%E7%86%B1%E6%B9%AF
w_e557218ae2dc353f,N1,思い詰める,おもいつめる,골몰하다,一途に思い込む; 思い詰める.,외곬으로 생각하다.,민중서림 엣센스 한일사전,1e59f2719bae4999afabd509a3bd75b4,思い詰める,102,0,surface,한국어 뜻 직접 일치어 없음,https://ja.dict.naver.com/#/search?query=%E6%80%9D%E3%81%84%E8%A9%B0%E3%82%81%E3%82%8B
w_e5782e3d2ce38351,N4,用事,ようじ,"볼일, 용무","用事[勘定, 夕飯]を済ます","볼일을[셈을, 저녁 식사를] 끝내다",민중서림 엣센스 한일사전,009429d7dda9454ead52212375952df7,用事,102,,,네이버 예문 ID 중복; 일본어 예문 문장 중복,https://ja.dict.naver.com/#/search?query=%E7%94%A8%E4%BA%8B
w_e596b084e6eb9cf6,N1,タイム,タイム,"시간, 때",ゴールするまでのタイムと、ゲートを通過する際のペナルティタイムにより、勝敗が決まります。,결승점을 통과할 때까지의 시간과 게이트를 통과할 때의 페널티 타임에 따라 승패가 결정됩니다.,플리토,9e6a25a1411443eea56713643e66119a,タイム 시간 때,132,1,surface,우선 검수 출처,https://ja.dict.naver.com/#/search?query=%E3%82%BF%E3%82%A4%E3%83%A0
w_e5a71b733bb0d80c,N3,経験,けいけん,경험,失敗の経験を土台とする.,실패한 경험을 디딤돌로 삼다,민중서림 엣센스 한일사전,122a4d05b85544f58f08c7504e29552e,経験 경험,134,1,surface,네이버 예문 ID 중복; 일본어 예문 문장 중복,https://ja.dict.naver.com/#/search?query=%E7%B5%8C%E9%A8%93
w_e5c04903dd25943e,N1,弓,ゆみ,활,弓を引き絞る.,활을 잔뜩 (잡아)당기다,민중서림 엣센스 한일사전,d5e9bba4dc124616914aeba54572fc08,弓 활,122,0,surface,한국어 뜻 직접 일치어 없음,https://ja.dict.naver.com/#/search?query=%E5%BC%93
w_e5ce533224407e64,N3,患者,かんじゃ,환자,患者のQOLを向上させる,환자의 삶의 질을 향상시키다,민중서림 엣센스 일한사전,a965640fcb4a4fad987cf5be77c64575,患者 환자,129,1,surface,네이버 예문 ID 중복; 일본어 예문 문장 중복,https://ja.dict.naver.com/#/search?query=%E6%82%A3%E8%80%85
w_e5eab12a5a4bfcd7,N1,打開する,だかいする,타개하다,みんな協心して難局を打開する.,모두 협심하여 난국을 타개하다,민중서림 엣센스 한일사전,9d821a8cb5954f9db086e03c7b21a52a,打開する 타개하다,134,1,surface,네이버 예문 ID 중복; 일본어 예문 문장 중복,https://ja.dict.naver.com/#/search?query=%E6%89%93%E9%96%8B%E3%81%99%E3%82%8B
w_e620643324cad3ba,N1,点検,てんけん,"검사, 점검, 시험, 확인하다",ドライバーが自分で点検し，車検を受けるユーザー車検が増えている,운전자가 스스로 점검하고 차량 검사를 받는 ‘사용자 차량 검사’가 늘고 있다.,민중서림 엣센스 외래어사전,9d2e5f016820459a9aebdd6877d15182,点検 검사 점검 시험 확인하다,146,2,surface,네이버 예문 ID 중복; 일본어 예문 문장 중복,https://ja.dict.naver.com/#/search?query=%E7%82%B9%E6%A4%9C
w_e659e4ac5ad90dff,N3,説,せつ,이론,その説は拙論に過ぎない,그 설은 졸론에 지나지 않는다.,민중서림 엣센스 일한사전,5cffc3e407db499db089155b69283ca5,説,159,0,surface,한국어 뜻 직접 일치어 없음,https://ja.dict.naver.com/#/search?query=%E8%AA%AC
w_e680ce9adf7c863a,N1,気掛かり,きがかり,"걱정, 근심",気がかりなことと心配事。,걱정과 근심.,국립국어원 한국어-일본어 학습사전,6310dae97d8c49c1a9c79f3566e801c3,気掛かり 걱정 근심,102,2,jmdict-form,JMdict 보조 표기로 목표어 확인,https://ja.dict.naver.com/#/search?query=%E6%B0%97%E6%8E%9B%E3%81%8B%E3%82%8A
w_e6e34cd099dad65c,N3,率,りつ,비율,フェアウェイキープは40%、パーオン率も50%と低迷した。,"페어웨이 킵 비율은 40%, 파온 비율도 50%로 저조했다.",플리토,4cb3fba6d4634264b4ba1f994b34ecb3,率 비율,112,1,surface,우선 검수 출처,https://ja.dict.naver.com/#/search?query=%E7%8E%87
w_e78ab477532d60af,N1,緊密,きんみつ,긴밀,緊密な連絡を取る.,긴밀한 연락을 취하다,민중서림 엣센스 한일사전,485d211487fb46b7a7fdf5e3210e07c5,緊密 긴밀,134,1,surface,네이버 예문 ID 중복; 일본어 예문 문장 중복,https://ja.dict.naver.com/#/search?query=%E7%B7%8A%E5%AF%86
w_e795e940037dda8d,N3,食器,しょっき,식기,現場には衣類·食器などが四散していた.,현장에는 의류·식기 등이 사방에 흩어져 있었다,민중서림 엣센스 한일사전,4ec933c085c846e9ba7e47acb9f87fc0,食器 식기,134,1,surface,네이버 예문 ID 중복; 일본어 예문 문장 중복,https://ja.dict.naver.com/#/search?query=%E9%A3%9F%E5%99%A8
w_e79c8ba878e30a15,N3,工場,こうば,공장,A工場に石油を供給する,A 공장에 석유를 대주다,민중서림 엣센스 한일사전,b956b1474421436e8d7236cd71569cf9,工場 공장,109,1,surface,네이버 예문 ID 중복; 일본어 예문 문장 중복,https://ja.dict.naver.com/#/search?query=%E5%B7%A5%E5%A0%B4
w_e7d28b54b17334c9,N1,張り切る,はりきる,"기운이넘치다,팽팽하다",不安はあるが，５５歳のビッグ・チャレンジ。大いに張り切るつもりです,불안하기는 하나 55세의 대담한 도전. 크게 힘쓸 작정입니다.,민중서림 엣센스 외래어사전,63ff6f82280c48118e35b3c77b279d1a,張り切る,122,0,surface,한국어 뜻 직접 일치어 없음,https://ja.dict.naver.com/#/search?query=%E5%BC%B5%E3%82%8A%E5%88%87%E3%82%8B
w_e7f479187f36afac,N3,測る,はかる,"(길이,높이,속도등을)측정하다",矢ごろを測る,활의 사정 거리를 재다.,민중서림 엣센스 일한사전,7bcac1d42e8749f2abd7fc8dd0e465ad,測る,117,0,surface,한국어 뜻 직접 일치어 없음,https://ja.dict.naver.com/#/search?query=%E6%B8%AC%E3%82%8B
w_e817f861b7eb79b7,N3,応用,おうよう,응용,コールドブリューはコーヒーはもちろん、緑茶∙紅茶などにも応用できる,콜드브루는 커피는 물론 녹차∙홍차 등에도 응용할 수 있다,민중서림 엣센스 일한사전,4975ef3879de4ac58b2a9a68d024cda8,応用 응용,134,1,surface,네이버 예문 ID 중복; 일본어 예문 문장 중복,https://ja.dict.naver.com/#/search?query=%E5%BF%9C%E7%94%A8
w_e81883cba896b19f,N2,小数,しょうすう,소수,小数点以下は四捨五入する.,소수점 이하는 반올림한다,민중서림 엣센스 한일사전,7f22b66f063547c2966f8eaa9bfe41d2,小数 소수,79,1,surface,자동 선택 점수 80 미만; 네이버 예문 ID 중복; 일본어 예문 문장 중복,https://ja.dict.naver.com/#/search?query=%E5%B0%8F%E6%95%B0
w_e8344c38717c3ff8,N3,豆,まめ,콩,豆を素にして作る,콩을 원료로 하여 만들다,민중서림 엣센스 일한사전,e714a00b0556499aa603513edc1d1175,豆 콩,117,0,surface,한국어 뜻 직접 일치어 없음,https://ja.dict.naver.com/#/search?query=%E8%B1%86
w_e848588a759daed3,N1,触発される,しょくはつされる,촉발되다,関心が触発される.,관심이 촉발되다,민중서림 엣센스 한일사전,43cc5243e31142df882dcec6968ea8f0,触発される 촉발되다,134,1,surface,네이버 예문 ID 중복; 일본어 예문 문장 중복,https://ja.dict.naver.com/#/search?query=%E8%A7%A6%E7%99%BA%E3%81%95%E3%82%8C%E3%82%8B
w_e8527e876dc06d94,N3,音,おん,"소리, 음",音の強と弱を弾き分ける,음의 강약을 분간해서 치다[켜다],민중서림 엣센스 한일사전,f58ed3115e3c4121a7c94ad3ee56e245,音 소리 음,117,0,surface,한국어 뜻 직접 일치어 없음,https://ja.dict.naver.com/#/search?query=%E9%9F%B3
w_e8685f24a1ebbff6,N1,警部,けいぶ,경부,警部に昇進する。,경감으로 승진되다.,국립국어원 한국어-일본어 학습사전,0c4723b48c564eb9a2ce6d3a19b1a32d,警部,102,0,surface,한국어 뜻 직접 일치어 없음,https://ja.dict.naver.com/#/search?query=%E8%AD%A6%E9%83%A8
w_e87b81cd80809eea,N1,でかい,でかい,거대한,でかい家に住んでいる,큰 집에 살고 있다,민중서림 엣센스 일한사전,2cd85a85884f4607b61c822e50cdbd60,でかい,117,0,surface,한국어 뜻 직접 일치어 없음,https://ja.dict.naver.com/#/search?query=%E3%81%A7%E3%81%8B%E3%81%84
w_e8838443a374451a,N1,警戒,けいかい,경계,警戒[注意、再考]の要がある,"경계[주의, 재고]할 필요가 있다",민중서림 엣센스 일한사전,f50dc4051a4b4fff9dfdb4b44aca7210,警戒 경계,134,1,surface,네이버 예문 ID 중복; 일본어 예문 문장 중복,https://ja.dict.naver.com/#/search?query=%E8%AD%A6%E6%88%92
w_e8b92dff533c31b0,N2,肌,はだ,피부,彼の肌は刺激に敏感だ.,그의 피부는 자극에 민감하다,민중서림 엣센스 한일사전,80c3f47bfe2143e58816035531563ba3,肌 피부,134,1,surface,네이버 예문 ID 중복; 일본어 예문 문장 중복,https://ja.dict.naver.com/#/search?query=%E8%82%8C
w_e8c92034827d20e7,N1,専ら,もっぱら,"오로지,한결같이",スポーツ観戦が専らの楽しみだ,스포츠 관전이 오로지 즐거움이다,민중서림 엣센스 일한사전,5db3f18b438a4003b1c4e49ce6f280df,専ら,129,1,surface,네이버 예문 ID 중복; 일본어 예문 문장 중복,https://ja.dict.naver.com/#/search?query=%E5%B0%82%E3%82%89
w_e8f558ead6bebcd3,N1,茎,くき,줄기,地面を突き抜けたアスパラガスの茎が，すごい勢いで伸びる,지면을 뚫고 나온 아스파라거스 줄기가 대단한 기세로 자란다.,민중서림 엣센스 외래어사전,7e76fe659551480da539e52750aa9202,茎 줄기,134,1,surface,네이버 예문 ID 중복; 일본어 예문 문장 중복,https://ja.dict.naver.com/#/search?query=%E8%8C%8E
w_e928239923f76996,N3,細い,ほそい,가늘다,細い道を辿って行くと小さな店の前に出た,샛길을 더듬어 가니 조그마한 가게 앞에 이르렀다,민중서림 엣센스 일한사전,622ac3cb51b3458ebfb8828373d10d9c,細い,117,0,surface,한국어 뜻 직접 일치어 없음,https://ja.dict.naver.com/#/search?query=%E7%B4%B0%E3%81%84
w_e96a3954d2c03ee7,N5,手,て,손,手に手に旗をもって堵列する.,손에 손에 기를 들고 도열하다,민중서림 엣센스 한일사전,9df0d079169d4264b9167ece62f4aff2,手 손,122,0,surface,한국어 뜻 직접 일치어 없음,https://ja.dict.naver.com/#/search?query=%E6%89%8B
w_e96a4348b607e140,N1,膨大な,ぼうだいな,방대한,膨大な量のデータを活用する,방대한 양의 데이터를 활용하다,민중서림 엣센스 일한사전,a44c413740194a17b70874f30ed15901,膨大な 방대한,129,1,surface,네이버 예문 ID 중복; 일본어 예문 문장 중복,https://ja.dict.naver.com/#/search?query=%E8%86%A8%E5%A4%A7%E3%81%AA
w_e96cd2c8c01e51c7,N2,溢れる,あふれる,"넘쳐나다,흔하다",聴衆が会場に溢れる,청중이 회장에 넘치다,민중서림 엣센스 일한사전,557ff16de27d404ebe16248f894e5bf9,溢れる,117,0,surface,한국어 뜻 직접 일치어 없음,https://ja.dict.naver.com/#/search?query=%E6%BA%A2%E3%82%8C%E3%82%8B
w_e98d7dfff88428e8,N3,住民,じゅうみん,주민,住民の保健に力を入れる.,주민의 보건에 역점을 두다,민중서림 엣센스 한일사전,fa5f3a65b0704066949887741334aacd,住民 주민,134,1,surface,네이버 예문 ID 중복; 일본어 예문 문장 중복,https://ja.dict.naver.com/#/search?query=%E4%BD%8F%E6%B0%91
w_e99a3d245db86373,N1,最中,さなか,"~의 한가운데, 한가운데",ただ今、樽詰め作業の真っ最中です,지금 통에 담는 작업이 한창입니다,민중서림 엣센스 일한사전,07a3bc965cb44d38b657f3d162ad33c7,最中,102,,,네이버 예문 ID 중복; 일본어 예문 문장 중복,https://ja.dict.naver.com/#/search?query=%E6%9C%80%E4%B8%AD
w_ea1fe9d8bd4bfedb,N2,塩辛,しおから,짠(맛),私はチゲが塩辛いと思って水を入れて味を薄めた。,나는 찌개가 짠 듯해서 물을 부어 맛을 죽였다.,국립국어원 한국어-일본어 학습사전,f635184d0e3744eba09ec72028b2c9ba,塩辛 짠 맛,102,0,surface,한국어 뜻 직접 일치어 없음,https://ja.dict.naver.com/#/search?query=%E5%A1%A9%E8%BE%9B
w_ea2f4a9b9e70973f,N1,均等,きんとう,균등,もうけを均等に分配する.,번 것을 균등하게 분배하다,민중서림 엣센스 한일사전,04c3ea3e76754cdd98a4aefcd2402ae3,均等 균등,134,1,surface,네이버 예문 ID 중복; 일본어 예문 문장 중복,https://ja.dict.naver.com/#/search?query=%E5%9D%87%E7%AD%89
w_ea3d8a4e6ed4bc82,N5,足,あし,"발, 다리",脚かけに足を掛ける。,발걸이에 발을 대다.,국립국어원 한국어-일본어 학습사전,55a70af8163f402593bf0a914aa63eae,足,52,,,자동 선택 점수 80 미만,https://ja.dict.naver.com/#/search?query=%E8%B6%B3
w_ea6c29e756462e49,N2,父母,ふぼ,"아버지 어머니, 부모",父母の恩恵を今更のように感じた.,부모의 은혜를 새삼스레 느꼈다,민중서림 엣센스 한일사전,c039305a3eda40b6a6b6d3ec9813a5ac,父母,134,1,surface,네이버 예문 ID 중복; 일본어 예문 문장 중복,https://ja.dict.naver.com/#/search?query=%E7%88%B6%E6%AF%8D
w_ea70ee7815fccd5b,N3,資料,しりょう,자료,貴重な資料が死蔵されている.,귀중한 자료가 썩고 있다,민중서림 엣센스 한일사전,85cd1503b6284b6281e8d26984249502,資料 자료,134,1,surface,네이버 예문 ID 중복; 일본어 예문 문장 중복,https://ja.dict.naver.com/#/search?query=%E8%B3%87%E6%96%99
w_ea7788211d151183,N1,超,ちょう,"초~, 초월",女性のシンプルなワンピースと同じシルエットの超ロングシャツを黒いタイツの上にはいて歌う,여성의 심플한 원피스와 같은 윤곽의 초(超) 롱셔츠를 검은 타이츠 위에 입고 노래한다.,민중서림 엣센스 외래어사전,d1113f70e30e4732a8e628bbad7fa8a4,超 초~ 초월,109,0,surface,한국어 뜻 직접 일치어 없음,https://ja.dict.naver.com/#/search?query=%E8%B6%85
w_ea89d536a2fc0879,N4,邪魔,じゃま,거추장스러움,眼鏡を数日かけてみたら、めまいがして邪魔くさくて非常に不便だった。,안경을 며칠 써 보니 어지럽고 거추장스러워 매우 불편했다.,국립국어원 한국어-일본어 학습사전,56cdbd39e6b74226a5e92854d594961a,邪魔 거추장스러움,102,0,surface,한국어 뜻 직접 일치어 없음,https://ja.dict.naver.com/#/search?query=%E9%82%AA%E9%AD%94
w_eb16b05f0fdc7144,N3,構成,こうせい,구성,この物語の構成はよく出来ている.,이 이야기의 구성은 잘되어 있다,민중서림 엣센스 한일사전,6d5e6288a35c459da305fdb6140b0f7f,構成 구성,134,1,surface,네이버 예문 ID 중복; 일본어 예문 문장 중복,https://ja.dict.naver.com/#/search?query=%E6%A7%8B%E6%88%90
w_eb411740fdd65b19,N1,カット,カット,"컷, 자름",ワンカットを撮る.,한 컷을 찍다,민중서림 엣센스 한일사전,c69b319d0742434fb6c92d9098a6d304,カット 컷 자름,122,0,surface,한국어 뜻 직접 일치어 없음,https://ja.dict.naver.com/#/search?query=%E3%82%AB%E3%83%83%E3%83%88
w_eb45aef721aa44a5,N1,占領,せんりょう,점령,官庁は反軍が占領した,관청은 반란군이 점령했다.,민중서림 엣센스 일한사전,e3318853ded84fd29eb27a2d943cd608,占領 점령,129,1,surface,네이버 예문 ID 중복; 일본어 예문 문장 중복,https://ja.dict.naver.com/#/search?query=%E5%8D%A0%E9%A0%98
w_eb9cafec6db797de,N1,シビアな,シビアな,"엄격한, 어려운",コースがすべて狭いうえに斜度がきつく、ラインどりが非常にシビアな戦いだった。,코스가 모두 좁은 데다가 경사도 있어서 라인이 매우 어려운 경기였다.,플리토,d84a4f5bbe7140f3bd6c9350a6dbe9cb,シビアな 엄격한 어려운,132,1,surface,우선 검수 출처,https://ja.dict.naver.com/#/search?query=%E3%82%B7%E3%83%93%E3%82%A2%E3%81%AA
w_eba671649a932b5a,N3,利口,りこう,영리한,お利口さんね!と褒める,영리한 아이구나!라고 칭찬하다,민중서림 엣센스 일한사전,337e7dff210c4cdf9a06a4448921c16a,利口 영리한,134,1,surface,네이버 예문 ID 중복; 일본어 예문 문장 중복,https://ja.dict.naver.com/#/search?query=%E5%88%A9%E5%8F%A3
w_ebbb148725183236,N3,王,おう,왕,王の寵愛を一身に受ける.,왕의 총애를 한몸에 받다,민중서림 엣센스 한일사전,9ac0f9dc34eb4d7cad10ced8994c3a38,王 왕,122,0,surface,한국어 뜻 직접 일치어 없음,https://ja.dict.naver.com/#/search?query=%E7%8E%8B
w_ec071a034c84fb09,N3,末,すえ,"끝, 말",長い沈黙の末、先生が先に話を切り出した。,오랜 침묵 끝에 선생님이 먼저 말을 꺼냈다.,국립국어원 한국어-일본어 학습사전,4d0f2dbb963d4199b3de5c4093607d64,末 끝 말,102,0,surface,한국어 뜻 직접 일치어 없음,https://ja.dict.naver.com/#/search?query=%E6%9C%AB
w_ec22964b582524d4,N5,四月,しがつ,4월,賃上げは四月に遡る.,임금 인상은 4월로 소급해서 실시한다,민중서림 엣센스 한일사전,9ca0dde099e5471ab7bb29e06ad7243e,四月 4월,122,0,surface,한국어 뜻 직접 일치어 없음,https://ja.dict.naver.com/#/search?query=%E5%9B%9B%E6%9C%88
w_ec6774d9666b7b7a,N1,巧みだ,たくみだ,"정교하다, 능숙하다",措辞が巧みだ,말 표현이 훌륭하다.,민중서림 엣센스 일한사전,96fd0bf1de58472482759dd3747c68f5,巧みだ,117,0,surface,한국어 뜻 직접 일치어 없음,https://ja.dict.naver.com/#/search?query=%E5%B7%A7%E3%81%BF%E3%81%A0
w_ec7304df5158c7dc,N2,勧める,すすめる,"권하다,추천하다","読書[加入, 辞任]を勧める","독서를[가입, 사임을] 권하다",민중서림 엣센스 한일사전,78f63c9d87f04d6fa9331555bfdd9f67,勧める,134,1,surface,네이버 예문 ID 중복; 일본어 예문 문장 중복,https://ja.dict.naver.com/#/search?query=%E5%8B%A7%E3%82%81%E3%82%8B
w_ec76d4bc377ba475,N4,熱,ねつ,열,熱が放射する,열을 방사하다; 열이 복사하다.,민중서림 엣센스 일한사전,0ee2ef5cb5104852a9b1c7e813a2844e,熱,97,,,네이버 예문 ID 중복; 일본어 예문 문장 중복,https://ja.dict.naver.com/#/search?query=%E7%86%B1
w_eca4f0ccde642c46,N3,金,きん,금; 돈,指輪に薄く金を着せる.,반지에 얇게 금을 올리다,민중서림 엣센스 한일사전,06fa2a5bb8bb429fa1dbdb88b8172b5e,金 금 돈,122,0,surface,한국어 뜻 직접 일치어 없음; 네이버 예문 ID 중복; 일본어 예문 문장 중복,https://ja.dict.naver.com/#/search?query=%E9%87%91
w_ed2a4c274e00e2cf,N1,まとまり,まとまり,"정리됨, 통일성, 짜임새",チームの纏まりを大事にする,팀의 통합을 소중히 하다,민중서림 엣센스 일한사전,42ce47e3c00d44ba81b21815d481dc26,まとまり,159,0,surface,한국어 뜻 직접 일치어 없음,https://ja.dict.naver.com/#/search?query=%E3%81%BE%E3%81%A8%E3%81%BE%E3%82%8A
w_ed8aae9d747d05eb,N1,ベスト,ベスト,"최고, 가장 좋은",この中で、ベストのスタートが出来たのは5、6艇です。,"이 중에 가장 좋은 출발을 한 것은 5, 6척입니다.",플리토,dd8e66e1d3484eaaaafcd742ac6fdc0f,ベスト 최고 가장 좋은,144,2,surface,우선 검수 출처,https://ja.dict.naver.com/#/search?query=%E3%83%99%E3%82%B9%E3%83%88
w_edb7e1b79e4daf75,N1,やせ衰える,やせおとろえる,야위어 쇠약해지다,病気でやせ衰える,병으로 수척해지다.,민중서림 엣센스 일한사전,fcd114ef6f7747e39e9aa6f16a2c8eb7,やせ衰える,97,0,surface,한국어 뜻 직접 일치어 없음,https://ja.dict.naver.com/#/search?query=%E3%82%84%E3%81%9B%E8%A1%B0%E3%81%88%E3%82%8B
w_edc09f2da4cbefb9,N1,弾力,だんりょく,탄력,状況の変化に弾力のある処置をする.,상황 변화에 탄력 있게 대처하다,민중서림 엣센스 한일사전,06c48392e2884378b609c742834c169f,弾力 탄력,134,1,surface,네이버 예문 ID 중복; 일본어 예문 문장 중복,https://ja.dict.naver.com/#/search?query=%E5%BC%BE%E5%8A%9B
w_ee206212d9b2a50d,N2,頼もしい,たのもしい,든든하다,その中で日本の代表として勝っているのを見てすごく嬉しく、頼もしいと思っている。,그 안에서 일본의 대표로서 이기는 것을 보고 너무 기쁘고 든든하다고 생각한다.,플리토,5dc211917d664408a68e6146519fd444,頼もしい 든든하다,112,1,surface,우선 검수 출처,https://ja.dict.naver.com/#/search?query=%E9%A0%BC%E3%82%82%E3%81%97%E3%81%84
w_ef40ceb179f4ad6e,N2,窓口,まどぐち,창구,署名·押印の上で窓口に提出してください,서명·날인한 후에 창구에 제출해 주십시오,민중서림 엣센스 일한사전,1f08a2bba3d6477f9546f04ac06bb8ba,窓口 창구,129,1,surface,네이버 예문 ID 중복; 일본어 예문 문장 중복,https://ja.dict.naver.com/#/search?query=%E7%AA%93%E5%8F%A3
w_ef464edeb0e0b963,N1,一括,いっかつ,모두 함께,いろいろな作品を一括して審査する.,여러 가지 작품을 일괄해서 심사하다,민중서림 엣센스 한일사전,96f86e0420bc4969a2b517d3ddc33506,一括,102,,,네이버 예문 ID 중복; 일본어 예문 문장 중복,https://ja.dict.naver.com/#/search?query=%E4%B8%80%E6%8B%AC
w_ef8fe7df0ce0ca60,N3,厚い,あつい,두껍다,彼は友情に厚い男だ.,그는 우정이 두터운 남자다,민중서림 엣센스 한일사전,bab8bd2497ee49218437807818ae641e,厚い,102,,,네이버 예문 ID 중복; 일본어 예문 문장 중복,https://ja.dict.naver.com/#/search?query=%E5%8E%9A%E3%81%84
w_ef9ab1057111e69a,N2,醜い,みにくい,"못생기다, 추하다",事件の裏の醜い真実が暴かれる,사건 이면의 추악한 진실이 폭로되다,민중서림 엣센스 일한사전,1b64aff94ca14b29822a754ea5b03f43,醜い,117,0,surface,한국어 뜻 직접 일치어 없음,https://ja.dict.naver.com/#/search?query=%E9%86%9C%E3%81%84
w_efe2a9d05bef8682,N2,方針,ほうしん,방침,"対策[予定, 方針, 計画]を立てる","대책[예정, 방침, 계획]을 세우다",민중서림 엣센스 한일사전,90320fd1c7774da18bfb81789ce59011,方針 방침,134,1,surface,네이버 예문 ID 중복; 일본어 예문 문장 중복,https://ja.dict.naver.com/#/search?query=%E6%96%B9%E9%87%9D
w_efec26d68c59a114,N1,連日,れんじつ,"모든, 매 날, 하루",連日の雨で鬱陶しい気分だ,연일 내리는 비로 마음이 울적하다,민중서림 엣센스 일한사전,7adf89d5b73542a691fdb499d0503f67,連日,117,0,surface,한국어 뜻 직접 일치어 없음,https://ja.dict.naver.com/#/search?query=%E9%80%A3%E6%97%A5
w_efefb3917b528b1a,N2,国立,こくりつ,"국가의, 국립의",国立と私立との別がある,국립과 사립의 구별이 있다,민중서림 엣센스 일한사전,0b735b5d9f83446cb656daf36b98603c,国立 국가의 국립의,117,0,surface,한국어 뜻 직접 일치어 없음,https://ja.dict.naver.com/#/search?query=%E5%9B%BD%E7%AB%8B
w_f048e6ae66b0fa0e,N2,落着く,おちつく,"안정되다, 차분해지다",どんな悪口を言われても落着き払っている,어떠한 욕을 먹어도 태연자약하다.,민중서림 엣센스 일한사전,89bb748d1fc046359e9b5dd15d8040a8,落着く,55,0,stem,한국어 뜻 직접 일치어 없음; 활용 어간으로만 목표어 확인; 자동 선택 점수 80 미만,https://ja.dict.naver.com/#/search?query=%E8%90%BD%E7%9D%80%E3%81%8F
w_f068c9d471b0c6a2,N3,カーブしている,カーブしている,굽어 있다,荻野漕艇場のスタートから300mにかけては川がカーブしているため流れのスピードは変わってくる。,오기노 조정장의 시작부터 300m에 걸쳐 강이 커브하고 있기 때문에 흐름의 속도는 달라진다.,플리토,446bebc46a054707bd20c1f3f4e6930e,カーブしている 굽어 있다,80,0,surface,한국어 뜻 직접 일치어 없음; 우선 검수 출처,https://ja.dict.naver.com/#/search?query=%E3%82%AB%E3%83%BC%E3%83%96%E3%81%97%E3%81%A6%E3%81%84%E3%82%8B
w_f0a36233a8257efe,N1,黒字,くろじ,흑자,当期の決算は黒字だ.,당기 결산은 흑자다,민중서림 엣센스 한일사전,bd741d6fa98c432b93fba32346e99768,黒字 흑자,134,1,surface,네이버 예문 ID 중복; 일본어 예문 문장 중복,https://ja.dict.naver.com/#/search?query=%E9%BB%92%E5%AD%97
w_f0a58113830dd425,N4,彼,かれ,"그, 남자친구",彼には彼なりの哲学がある.,그에게는 그 나름의 철학이 있다,민중서림 엣센스 한일사전,320fc2830b8f4a0e94e8eae544c605db,彼,102,,,네이버 예문 ID 중복; 일본어 예문 문장 중복,https://ja.dict.naver.com/#/search?query=%E5%BD%BC
w_f0b6de04875cd249,N3,米,こめ,쌀,今年の米の作は不良だ,금년 쌀의 작황은 나쁘다.,민중서림 엣센스 일한사전,4234ceb850ca4b87b0f8bc8bb64f1be1,米 쌀,117,0,surface,한국어 뜻 직접 일치어 없음,https://ja.dict.naver.com/#/search?query=%E7%B1%B3
w_f0d163848d3fa09e,N1,違える,ちがえる,다르게 하다; (삐끗) 접질리다,枝と枝を違える.,가지와 가지를 어긋물리다,민중서림 엣센스 한일사전,54eb52420c864d81814896ed7da6e924,違える,122,0,surface,한국어 뜻 직접 일치어 없음,https://ja.dict.naver.com/#/search?query=%E9%81%95%E3%81%88%E3%82%8B
w_f0f96d3189ba7c95,N4,隅,すみ,"모서리, 구석",テーブルの隅に飾りを嵌入する.,탁자 모서리에 장식을 감입하다,민중서림 엣센스 한일사전,aeec4efea42e41f18f5547e28b8ceb82,隅 모서리 구석,134,1,surface,네이버 예문 ID 중복; 일본어 예문 문장 중복,https://ja.dict.naver.com/#/search?query=%E9%9A%85
w_f1048c84e4c6ddcb,N3,悪,あく,악,これすなわち善の悪に対する勝利である.,이것이 즉 선의 악에 대한 승리이다,민중서림 엣센스 한일사전,0a012ec54da84a82be04b2c33545c15d,悪 악,122,0,surface,한국어 뜻 직접 일치어 없음; 네이버 예문 ID 중복; 일본어 예문 문장 중복,https://ja.dict.naver.com/#/search?query=%E6%82%AA
w_f12a1758289392e6,N5,なんこ,なんこ,몇 개,みかんなら何個でも食べられる,귤이라면 몇 개라도 먹을 수 있다.,민중서림 엣센스 일한사전,45244e336df54c539545c5f78c09b150,なんこ 몇 개,159,0,surface,한국어 뜻 직접 일치어 없음,https://ja.dict.naver.com/#/search?query=%E3%81%AA%E3%82%93%E3%81%93
w_f139e0d7de451723,N2,解答,かいとう,해답,合う解答ではあるが完全だとは言えない.,맞는 해답이로되 완전하다고 할 수는 없다,민중서림 엣센스 한일사전,23b1d1ba32884542b9acad6380d3d166,解答 해답,134,1,surface,네이버 예문 ID 중복; 일본어 예문 문장 중복,https://ja.dict.naver.com/#/search?query=%E8%A7%A3%E7%AD%94
w_f16e08d56012f2ec,N1,透ける,すける,"비쳐보이다, 들여다보이다",心の中が見え透けることば,속셈이 훤히 비치는 말,민중서림 엣센스 한일사전,e426001ce68e44b7a8df997ea6213961,透ける,109,0,surface,한국어 뜻 직접 일치어 없음,https://ja.dict.naver.com/#/search?query=%E9%80%8F%E3%81%91%E3%82%8B
w_f1a259336a25d471,N3,おわる,おわる,끝나다,スコアレスドローで終わる,0 대 0 무승부로 끝나다,민중서림 엣센스 일한사전,e70f975e12e34023b489e8c7d145221c,おわる 끝나다,171,1,surface,네이버 예문 ID 중복; 일본어 예문 문장 중복,https://ja.dict.naver.com/#/search?query=%E3%81%8A%E3%82%8F%E3%82%8B
w_f1e6df0c1c7a6de0,N1,切ない,せつない,"애달프다, 안타깝다",切ない恋を感じる.,애틋한 사랑을 느끼다,민중서림 엣센스 한일사전,504f5e1ed70b4e95b118aac566bb60f1,切ない,122,0,surface,한국어 뜻 직접 일치어 없음,https://ja.dict.naver.com/#/search?query=%E5%88%87%E3%81%AA%E3%81%84
w_f1e8d7483ee776ca,N1,貴い,とうとい,"귀중한, 고귀한",貴い体験をした.,값진 체험을 했다,민중서림 엣센스 한일사전,807ce050fbf447baa103bdf779ac054f,貴い,122,0,surface,한국어 뜻 직접 일치어 없음,https://ja.dict.naver.com/#/search?query=%E8%B2%B4%E3%81%84
w_f225f8353368badf,N3,わけ,わけ,이유,欠席した訳を言うのが順だ,결석한 이유를 말하는 것이 당연하다,민중서림 엣센스 일한사전,1bdec226b8d9470f937c3f0b98a4e665,わけ 이유,171,1,surface,네이버 예문 ID 중복; 일본어 예문 문장 중복,https://ja.dict.naver.com/#/search?query=%E3%82%8F%E3%81%91
w_f23590c345447218,N4,毛,け,"머리카락, 털",ラッコは毛をグルーミングし，毛の間に空気を含ませ，冷たい水との間に断熱層を作る,해달은 털을 깨끗이 빗어 털 사이에 공기를 함유시켜서 찬물과의 사이에 단열층을 만든다.,민중서림 엣센스 외래어사전,036a249c7c6e4d8b9e2751177d35f5a6,毛 머리카락 털,156,0,surface,한국어 뜻 직접 일치어 없음,https://ja.dict.naver.com/#/search?query=%E6%AF%9B
w_f238004dca80f8bb,N5,空,そら,하늘,南の空に虹が出た.,남쪽 하늘에 무지개가 섰다,민중서림 엣센스 한일사전,1aed46b7ed824e8d8349a3a5c46057c4,空 하늘,134,1,surface,네이버 예문 ID 중복; 일본어 예문 문장 중복,https://ja.dict.naver.com/#/search?query=%E7%A9%BA
w_f2fe0f0512a0fb53,N1,委託,いたく,위탁,商品の販売を委託する.,상품 판매를 위탁하다,민중서림 엣센스 한일사전,0590dd23d96f493bbdf5232998fb563e,委託 위탁,134,1,surface,네이버 예문 ID 중복; 일본어 예문 문장 중복,https://ja.dict.naver.com/#/search?query=%E5%A7%94%E8%A8%97
w_f34b615f0ac07e07,N2,素直だ,すなおだ,"고분고분하다,순하다,솔직하다",品性が素直だ。,인성이 바르다.,국립국어원 한국어-일본어 학습사전,23b1ea8c4e2440f5914cfe68160d3ebd,素直だ,102,0,surface,한국어 뜻 직접 일치어 없음,https://ja.dict.naver.com/#/search?query=%E7%B4%A0%E7%9B%B4%E3%81%A0
w_f372d394a0a4c4e1,N3,現す,あらわす,"보여주다, 나타나다, 드러내다",おそらく恋に落ちているときに私たちが感じている気持ちが、正常な状態なのでしょう。恋しているときは、その人のあるべき姿を現すのですから。(アントン・チェーホフ),"아마도 사랑할 때 우리가 경험하는 감정은 우리가 정상임을 보여 준다. 사랑은 스스로 어떤 사람이 되어야 하는지를 보여 준다. (안톤 체홉, 사랑명언)",명언/속담,9e0092b7fb824496831e60f84f4af97a,現す,112,0,surface,한국어 뜻 직접 일치어 없음; 우선 검수 출처,https://ja.dict.naver.com/#/search?query=%E7%8F%BE%E3%81%99
w_f3ad58fce513b0df,N2,手前,てまえ,"(자기) 앞, 이쪽",相手をバンザイさせるように強く手前上方に引く。,상대를 만세 하듯이 강하게 자기 앞에서 위로 당긴다.,플리토,594dc0ae7b1245c8a95c8126c3dd6514,手前 자기 앞 이쪽,64,1,surface,자동 선택 점수 80 미만; 우선 검수 출처,https://ja.dict.naver.com/#/search?query=%E6%89%8B%E5%89%8D
w_f437d8b4eaba350b,N1,志向,しこう,"의도, 목표",企業がメセナを志向するという時代の大きな流れは変わらない,기업이 문화 지원을 지향한다는 시대의 큰 흐름은 변하지 않는다.,민중서림 엣센스 외래어사전,8e7490e3e1c343108751cb7fcf8a818e,志向,117,0,surface,한국어 뜻 직접 일치어 없음,https://ja.dict.naver.com/#/search?query=%E5%BF%97%E5%90%91
w_f470be1926d64588,N1,かたくな,かたくな,"완고함, 고집스러움",頑なに口をつぐむ,고집스럽게 말을 안 하다,민중서림 엣센스 일한사전,395aed42a2d34549ac37da773cce8584,かたくな 완고함 고집스러움,151,0,surface,한국어 뜻 직접 일치어 없음,https://ja.dict.naver.com/#/search?query=%E3%81%8B%E3%81%9F%E3%81%8F%E3%81%AA
w_f49cc52552a99478,N2,仮名遣い,かなづかい,가나 표기법,現代仮名遣い,현대 일본어를 仮名로 표기할 때의 준칙,민중서림 엣센스 일한사전,fb313a22497a405fb996d748e30eb3fb,仮名遣い,54,0,surface,한국어 뜻 직접 일치어 없음; 자동 선택 점수 80 미만,https://ja.dict.naver.com/#/search?query=%E4%BB%AE%E5%90%8D%E9%81%A3%E3%81%84
w_f4d6136e926e4de7,N3,首,くび,목,首を寝違える.,잠을 잘못 자서 목을 접질리다,민중서림 엣센스 한일사전,be4335e32dfd4504b5f6a79678e7e8de,首 목,122,0,surface,한국어 뜻 직접 일치어 없음,https://ja.dict.naver.com/#/search?query=%E9%A6%96
w_f4f59b085b066bf8,N1,紛れる,まぎれる,뒤섞이다,その人と話していると気が紛れる,그 사람과 이야기하고 있으면 시름이 잊혀진다,민중서림 엣센스 일한사전,a3a70c54df814a95a5da9e46ee5af7e0,紛れる,117,0,surface,한국어 뜻 직접 일치어 없음,https://ja.dict.naver.com/#/search?query=%E7%B4%9B%E3%82%8C%E3%82%8B
w_f4fc2fb6c6168b4b,N3,小麦,こむぎ,"밀, 소맥",小麦はチャパティとナンにして食べるが，スラムの人には手が出ない,(방글라데시에서) 밀은 차파티나 난으로 만들어 먹는데 슬럼의 빈민들로서는 엄두도 낼 수 없다.,민중서림 엣센스 외래어사전,099c5b7ee8f440d7be7ed0fa48ac2679,小麦 밀 소맥,122,0,surface,한국어 뜻 직접 일치어 없음,https://ja.dict.naver.com/#/search?query=%E5%B0%8F%E9%BA%A6
w_f52c956469dac353,N3,貴重,きちょう,귀중한,貴重な資料が死蔵されている.,귀중한 자료가 썩고 있다,민중서림 엣센스 한일사전,85cd1503b6284b6281e8d26984249502,貴重 귀중한,134,1,surface,네이버 예문 ID 중복; 일본어 예문 문장 중복,https://ja.dict.naver.com/#/search?query=%E8%B2%B4%E9%87%8D
w_f55aaa41fd14f035,N2,コンクール,コンクール,"콩쿠르, 경연 대회",コンクールを後援している,경연 대회를 후원하고 있다.,민중서림 엣센스 외래어사전,e20606a908f648ac937ef549e37dbbf4,コンクール 콩쿠르 경연 대회,141,2,surface,네이버 예문 ID 중복; 일본어 예문 문장 중복,https://ja.dict.naver.com/#/search?query=%E3%82%B3%E3%83%B3%E3%82%AF%E3%83%BC%E3%83%AB
w_f55e5f14ba3846ae,N5,つかれる,つかれる,"피곤하다, 지치다",このごろは嫌なことばかり重なって疲れる.,요즘은 궂은일만 겹쳐서 피곤하다,민중서림 엣센스 한일사전,2eefab30429842f6973cc8df75a4de6c,つかれる 피곤하다 지치다,176,1,surface,네이버 예문 ID 중복; 일본어 예문 문장 중복,https://ja.dict.naver.com/#/search?query=%E3%81%A4%E3%81%8B%E3%82%8C%E3%82%8B
w_f57799e4893770c3,N2,火傷,やけど,화상,火傷が軽いか重いかは火傷の深さと広さで決まる,화상의 경중(輕重)은 화상의 깊이와 넓이로 결정된다,민중서림 엣센스 일한사전,ea64bd8c9c62431eabf78f62b92a911c,火傷 화상,129,1,surface,네이버 예문 ID 중복; 일본어 예문 문장 중복,https://ja.dict.naver.com/#/search?query=%E7%81%AB%E5%82%B7
w_f5b1f7107c0f562a,N3,営業,えいぎょう,영업,営業が好調に向かっている.,영업이 호조를 보이고 있다,민중서림 엣센스 한일사전,a0976203424f4f669134720b46faeaf0,営業 영업,134,1,surface,네이버 예문 ID 중복; 일본어 예문 문장 중복,https://ja.dict.naver.com/#/search?query=%E5%96%B6%E6%A5%AD
w_f5b6029d9b208c0f,N5,子供,こども,아이,子供も子供だが、親も親だ,아이도 아이지만 부모도 그에 못지않다,민중서림 엣센스 일한사전,39659696de8a40ea80e0b9745b1f82aa,子供,102,,,네이버 예문 ID 중복; 일본어 예문 문장 중복,https://ja.dict.naver.com/#/search?query=%E5%AD%90%E4%BE%9B
w_f5f19f69e53af0ce,N2,催す,もよおす,개최하다,アメリカよりも、ワールド・ベースボール・クラシック(WBC)に対する関心が高い日本や韓国で開催すべきだという意見も多数ある。,미국보다도 월드 베이스볼 클래식(WBC)에 관한 관심이 높은 일본이나 한국에서 개최해야 한다는 의견도 다수 있다.,플리토,c02712d6260c4119ba1a6b9c6c383d08,催す 개최하다,100,0,surface,한국어 뜻 직접 일치어 없음; 우선 검수 출처,https://ja.dict.naver.com/#/search?query=%E5%82%AC%E3%81%99
w_f5f7a04bbbead719,N2,実習,じっしゅう,"연습하다, 훈련",実習の講評をする.,실습에 대한 강평을 하다,민중서림 엣센스 한일사전,b48f9d1dffa243fabc5bb212dd48d811,実習,122,0,surface,한국어 뜻 직접 일치어 없음,https://ja.dict.naver.com/#/search?query=%E5%AE%9F%E7%BF%92
w_f619074e36479304,N2,御覧,ごらん,보심(존경어),親しく手に取って御覧になる,친히 손에 들고 보시다,민중서림 엣센스 일한사전,c938be8d9f314ee69f96287de81937e6,御覧,117,0,surface,한국어 뜻 직접 일치어 없음,https://ja.dict.naver.com/#/search?query=%E5%BE%A1%E8%A6%A7
w_f63439d78b1f0ae2,N2,泊める,とめる,주다 피난처,お客さまを泊める.,손님을 재우다,민중서림 엣센스 한일사전,930e83bba29f4426b8b2d7e6585ae2f2,泊める,122,0,surface,한국어 뜻 직접 일치어 없음,https://ja.dict.naver.com/#/search?query=%E6%B3%8A%E3%82%81%E3%82%8B
w_f636823f22a0db7f,N1,残高,ざんだか,"잔액, 균형(은행), 나머지",銀行に預金の残高を問い合わせる.,은행에 예금 잔고를 문의하다,민중서림 엣센스 한일사전,5240e0d03a5849b1aced09b899999063,残高,102,,,네이버 예문 ID 중복; 일본어 예문 문장 중복,https://ja.dict.naver.com/#/search?query=%E6%AE%8B%E9%AB%98
w_f641945e8d6571c0,N3,あわてて,あわてて,"허둥대며, 황급하게",彼は口ではそう言ったものの内心ではあわてているようだった.,그는 말은 그렇게 했지만 내심 당황하는 것 같았다,민중서림 엣센스 한일사전,16b63ab4460040d5b702d68018bc74ec,あわてて,122,0,surface,한국어 뜻 직접 일치어 없음,https://ja.dict.naver.com/#/search?query=%E3%81%82%E3%82%8F%E3%81%A6%E3%81%A6
w_f6461fe50fbc18a7,N2,その他,そのほか,"그 외, 그 밖",彼は与えられた通りに働くばかりで、その他には何も知らない素人の下男だった。,그는 오직 시키는 대로만 일할 뿐 그 외에는 까막눈이 머슴이었다.,국립국어원 한국어-일본어 학습사전,3a87c93f9ca74072bd7bd5cd43f86c28,その他 그 외 그 밖,102,0,surface,한국어 뜻 직접 일치어 없음,https://ja.dict.naver.com/#/search?query=%E3%81%9D%E3%81%AE%E4%BB%96
w_f697536ea7782442,N1,慣れ,なれ,"익숙함, 버릇",また、ウェットスーツで泳ぐことにも慣れが必要です。,"또한, 잠수복을 입고 헤엄치는 것에도 익숙해져야 합니다.",플리토,462703316f0d48bfa61782a53951de01,慣れ,100,,,우선 검수 출처,https://ja.dict.naver.com/#/search?query=%E6%85%A3%E3%82%8C
w_f6a2e20f749791eb,N2,広々,ひろびろ,널찍함,広々とした間取りの客室に泊まる,방 배치가 널찍한 객실에 묵다,민중서림 엣센스 일한사전,a50dbfa8bf6e4e7182f7b4c3280a5daf,広々 널찍함,117,0,surface,한국어 뜻 직접 일치어 없음,https://ja.dict.naver.com/#/search?query=%E5%BA%83%E3%80%85
w_f6c6f0f0cad6ce74,N1,注意深い,ちゅういぶかい,"주의깊다,신중하다",妻は舅御と注意深い性格が全く同じだ。,아내는 장인어른과 세심한 성격이 똑 닮았다.,국립국어원 한국어-일본어 학습사전,6af7c20b4898445f91860e11f195c271,注意深い,94,0,surface,한국어 뜻 직접 일치어 없음,https://ja.dict.naver.com/#/search?query=%E6%B3%A8%E6%84%8F%E6%B7%B1%E3%81%84
w_f6f908f8e36bed45,N2,伸びる,のびる,"늘다,신장하다",生産と消費が飛躍的に伸びる.,생산과 소비가 비약적으로 늘다,민중서림 엣센스 한일사전,3d52fc8f68c04f8c9ca25440d058c112,伸びる,126,1,surface,네이버 예문 ID 중복; 일본어 예문 문장 중복,https://ja.dict.naver.com/#/search?query=%E4%BC%B8%E3%81%B3%E3%82%8B
w_f6f9c7b88adfc6c6,N3,性,せい,"성별, 성",性に目覚める.,성에 눈이 뜨이다,민중서림 엣센스 한일사전,5f4a9490c6c2466093dfa815af68f880,性 성별 성,122,0,surface,한국어 뜻 직접 일치어 없음,https://ja.dict.naver.com/#/search?query=%E6%80%A7
w_f71f6fdcc2491b8d,N4,選ぶ,えらぶ,"고르다, 선택하다",相性の人を選ぶ.,궁합이 맞는 사람을 고르다,민중서림 엣센스 한일사전,8740bce248d14894814376ddd73547bf,選ぶ,126,1,surface,네이버 예문 ID 중복; 일본어 예문 문장 중복,https://ja.dict.naver.com/#/search?query=%E9%81%B8%E3%81%B6
w_f747cebca560cfd8,N1,踏襲する,とうしゅうする,답습하다,旧来の伝統を踏襲する,구래의 전통을 답습하다,민중서림 엣센스 일한사전,55c5a2a36c8b4888bc558c6cb363ccec,踏襲する 답습하다,129,1,surface,네이버 예문 ID 중복; 일본어 예문 문장 중복,https://ja.dict.naver.com/#/search?query=%E8%B8%8F%E8%A5%B2%E3%81%99%E3%82%8B
w_f761a641dc383df1,N3,罪,つみ,죄,‘罪と罰’の新訳が出た.,‘죄와 벌’의 신역이 나왔다,민중서림 엣센스 한일사전,22517cd2ef4143e3a73c80d103cfb385,罪 죄,122,0,surface,한국어 뜻 직접 일치어 없음; 네이버 예문 ID 중복; 일본어 예문 문장 중복,https://ja.dict.naver.com/#/search?query=%E7%BD%AA
w_f784d2f1ef5ae0cb,N3,負う,おう,"짊어지다, 지다",腕と足に裂傷を負う.,팔과 다리에 열상을 입다,민중서림 엣센스 한일사전,2cb490e016b5416eb57b2a784cc8a153,負う,114,0,surface,한국어 뜻 직접 일치어 없음,https://ja.dict.naver.com/#/search?query=%E8%B2%A0%E3%81%86
w_f7bfafb5f809a124,N2,傑作,けっさく,걸작,彼の仮装は実に傑作だった.,그의 가장은 참으로 걸작이었다,민중서림 엣센스 한일사전,3b8f7770aa0346c28f1135e887c09f22,傑作 걸작,134,1,surface,네이버 예문 ID 중복; 일본어 예문 문장 중복,https://ja.dict.naver.com/#/search?query=%E5%82%91%E4%BD%9C
w_f81eaded98deb034,N3,環境,かんきょう,환경,環境への影響が多大だ,환경에 미치는 영향이 매우 크다,민중서림 엣센스 일한사전,32e6c5c9029044fabf02145f2555c351,環境 환경,129,1,surface,네이버 예문 ID 중복; 일본어 예문 문장 중복,https://ja.dict.naver.com/#/search?query=%E7%92%B0%E5%A2%83
w_f81f372d17987480,N3,消防,しょうぼう,소방,火事だ！ 消防署に連絡してください。,불이야! 소방서에 전화해요! (긴급상황(SOS)>재난/재해>화재신고),글로벌회화,37a5d5c44f8742ff96151ace72e91e03,消防 소방,124,1,surface,네이버 예문 ID 중복; 일본어 예문 문장 중복,https://ja.dict.naver.com/#/search?query=%E6%B6%88%E9%98%B2
w_f84013f3855be75b,N4,踊り,おどり,춤,歌と踊りに鳴り物が加わる.,노래와 춤에 악기가 끼다,민중서림 엣센스 한일사전,1f78f55b31714cbd936a3708d23d8838,踊り 춤,122,0,surface,한국어 뜻 직접 일치어 없음,https://ja.dict.naver.com/#/search?query=%E8%B8%8A%E3%82%8A
w_f84e4af1931a66af,N5,だいどころ,だいどころ,부엌,農家といっても昔とは違う。台所にはピカピカのガス・レンジもある,농가라고 해도 옛날과는 다르다. 부엌에는 번쩍번쩍하는 가스레인지도 있다.,민중서림 엣센스 외래어사전,c14fb15ccf07469e925aec9f2f2fa9ac,だいどころ 부엌,176,1,surface,네이버 예문 ID 중복; 일본어 예문 문장 중복,https://ja.dict.naver.com/#/search?query=%E3%81%A0%E3%81%84%E3%81%A9%E3%81%93%E3%82%8D
w_f85fa063af3bde85,N4,線,せん,"선, 줄, 철사, 전선",観客が5万人の線を突破した.,관객이 5만 명 선을 돌파했다,민중서림 엣센스 한일사전,0ac909c4d0264e328bdb365af4cf6323,線,102,,,네이버 예문 ID 중복; 일본어 예문 문장 중복,https://ja.dict.naver.com/#/search?query=%E7%B7%9A
w_f87cc244ad3bfd01,N1,完了する,かんりょうする,완료하다,輸出に必要な手続きを完了する,수출에 필요한 절차를 완료하다,민중서림 엣센스 일한사전,335757ee7a04480aafe79dd66804eb17,完了する 완료하다,129,1,surface,네이버 예문 ID 중복; 일본어 예문 문장 중복,https://ja.dict.naver.com/#/search?query=%E5%AE%8C%E4%BA%86%E3%81%99%E3%82%8B
w_f8828c1e725c917d,N1,諦める,あきらめる,포기하다,宿命と思って諦める.,숙명으로 생각하고 체념하다,민중서림 엣센스 한일사전,dad4fdab6cc14ae68668f19081d2d2f0,諦める,122,0,surface,한국어 뜻 직접 일치어 없음; 네이버 예문 ID 중복; 일본어 예문 문장 중복,https://ja.dict.naver.com/#/search?query=%E8%AB%A6%E3%82%81%E3%82%8B
w_f8889cd48e0deab4,N1,無難,ぶなん,무난함,無難な滑り出しを見せる,무난한 출발을 보여 주다,민중서림 엣센스 일한사전,3be4a76149614c119fdc9b2a5d7cb78e,無難 무난함,117,0,surface,한국어 뜻 직접 일치어 없음,https://ja.dict.naver.com/#/search?query=%E7%84%A1%E9%9B%A3
w_f8e92c4c88241b90,N1,侮る,あなどる,무시하다,侮るような態度を取る,깔보는 듯한 태도를 취하다,민중서림 엣센스 일한사전,f006d3cce74d434f917ff1ef6b281f5f,侮る,117,0,surface,한국어 뜻 직접 일치어 없음,https://ja.dict.naver.com/#/search?query=%E4%BE%AE%E3%82%8B
w_f939a326910de40b,N3,約,やく,약,その劇団の上演作品のうち、約９割が翻訳物だ,그 극단의 상연 작품 중 약 9할이 번역물이다,민중서림 엣센스 일한사전,82727386de884f87b4b2fae2ef3514eb,約 약,124,0,surface,한국어 뜻 직접 일치어 없음,https://ja.dict.naver.com/#/search?query=%E7%B4%84
w_f961b13aeb97fb65,N2,祖先,そせん,"조상, 선조",祖先の霊を祭る,선조의 혼령에 제사 지내다,민중서림 엣센스 일한사전,6d8ae9c3e975447ca1e52aa3856729d9,祖先 조상 선조,129,1,surface,네이버 예문 ID 중복; 일본어 예문 문장 중복,https://ja.dict.naver.com/#/search?query=%E7%A5%96%E5%85%88
w_f9afbe72e023b2b4,N5,上,うえ,위,上には上がある,기는 놈 위에 나는 놈 있다,민중서림 엣센스 일한사전,8685ea3f367c4a2cacab2aa463241594,上,97,,,네이버 예문 ID 중복; 일본어 예문 문장 중복,https://ja.dict.naver.com/#/search?query=%E4%B8%8A
w_f9b24979cc8d4767,N3,息,いき,"숨,호흡",息がつけない.,숨을 쉴 수가 없다,민중서림 엣센스 한일사전,7fb31ca18f0e45bb94bc5332413b8b37,息 숨 호흡,122,0,surface,한국어 뜻 직접 일치어 없음,https://ja.dict.naver.com/#/search?query=%E6%81%AF
w_f9e0f3dbb59a25b1,N3,溜まる,たまる,"쌓이다, 모이다",ベランダに埃が溜まる,베란다에 먼지가 쌓이다,민중서림 엣센스 일한사전,798a862976de47978b34c3628f7873a2,溜まる,129,1,surface,네이버 예문 ID 중복; 일본어 예문 문장 중복,https://ja.dict.naver.com/#/search?query=%E6%BA%9C%E3%81%BE%E3%82%8B
w_f9e4e26cd67e15c8,N1,垢,あか,"때, 오물",垢スリをやりすぎると肌が赤くなる。,때를 너무 세게 밀면 피부가 발갛게 변한다.,국립국어원 한국어-일본어 학습사전,ab398997f73b4e63b20ffd9b349a8643,垢 때 오물,144,0,surface,한국어 뜻 직접 일치어 없음,https://ja.dict.naver.com/#/search?query=%E5%9E%A2
w_fa131223d290a13b,N1,切り替え,きりかえ,"전환, 교체",切り替えのところで漏れちゃって、戻りが遅れて抜けられた。,"전환할 때 놓쳐 버려, 복귀가 늦어져 뒤처졌다.",플리토,f7f4290cdd91489989a0a0c0a4c555ba,切り替え 전환 교체,112,1,surface,우선 검수 출처,https://ja.dict.naver.com/#/search?query=%E5%88%87%E3%82%8A%E6%9B%BF%E3%81%88
w_fa227e48ff825a7e,N3,申し込み,もうしこみ,신청,求職の申し込みが殺到する.,구직 신청이 쇄도하다,민중서림 엣센스 한일사전,61a0a6d0c5b943db826bfa72a37a197e,申し込み 신청,114,1,surface,네이버 예문 ID 중복; 일본어 예문 문장 중복,https://ja.dict.naver.com/#/search?query=%E7%94%B3%E3%81%97%E8%BE%BC%E3%81%BF
w_fa32e441f4e88dfd,N3,茶,ちゃ,차,桜湯でお茶を使わないのは、茶には茶を濁すという悪い意味があるからだそうです。,사쿠라유에서 차를 사용하지 않는 이유는 차에 '차를 흐린다(茶を濁す)'는 나쁜 의미가 있기 때문이라고 합니다.,연세대학교 한국어학당 국가별 대표음식,1f9e98502d8c454c97b20cc89a961a9f,茶 차,122,0,surface,한국어 뜻 직접 일치어 없음,https://ja.dict.naver.com/#/search?query=%E8%8C%B6
w_fa49af9b638a1de5,N3,余る,あまる,남다,小遣いが余る,용돈이 남다,민중서림 엣센스 일한사전,0c6fb316ae8544b281cd284d4299e7ea,余る 남다,129,1,surface,네이버 예문 ID 중복; 일본어 예문 문장 중복,https://ja.dict.naver.com/#/search?query=%E4%BD%99%E3%82%8B
w_fa61bffad222fcce,N1,ほっとする,ほっとする,안심하다,試験が終わってほっとする,시험이 끝나서 한숨 돌리다,민중서림 엣센스 일한사전,6cd78128342b404690669bd7d6142269,ほっとする 안심하다,117,0,surface,한국어 뜻 직접 일치어 없음,https://ja.dict.naver.com/#/search?query=%E3%81%BB%E3%81%A3%E3%81%A8%E3%81%99%E3%82%8B
w_fa949ea235fc38a2,N5,かない,かない,아내,家内を店のレジに座らせる.,아내를 가게의 계산대에 내앉히다,민중서림 엣센스 한일사전,9dd51ca699324539a36a559e9a1db6f5,かない 아내,176,1,surface,네이버 예문 ID 중복; 일본어 예문 문장 중복,https://ja.dict.naver.com/#/search?query=%E3%81%8B%E3%81%AA%E3%81%84
w_faa46b37d82cb05b,N4,複雑,ふくざつ,"복잡함, 복잡한 문제",複雑な職歴を持っている.,복잡한 직력을 갖고 있다,민중서림 엣센스 한일사전,6e25be1f2de94defab37a5626c35df6e,複雑,102,,,네이버 예문 ID 중복; 일본어 예문 문장 중복,https://ja.dict.naver.com/#/search?query=%E8%A4%87%E9%9B%91
w_fac30bc019ff0119,N1,腿,もも,넓적다리,腿から腰の位置に後ろに伸ばした足を当てて支点にする。,허벅지부터 허리의 위치에 뒤로 뻗은 발을 대고 지점으로 한다.,플리토,5a173413bfa84c26a1628b7436804d26,腿,100,0,surface,한국어 뜻 직접 일치어 없음; 우선 검수 출처,https://ja.dict.naver.com/#/search?query=%E8%85%BF
w_fadcbec286367d67,N1,署名,しょめい,서명,署名·押印の上で窓口に提出してください,서명·날인한 후에 창구에 제출해 주십시오,민중서림 엣센스 일한사전,1f08a2bba3d6477f9546f04ac06bb8ba,署名 서명,129,1,surface,네이버 예문 ID 중복; 일본어 예문 문장 중복,https://ja.dict.naver.com/#/search?query=%E7%BD%B2%E5%90%8D
w_faefc37f61256403,N3,核,かく,핵,核のカバンには核攻撃の許可を出せる道具が入っている,핵 가방에는 핵 공격 허가를 명령할 수 있는 도구가 들어 있다,민중서림 엣센스 일한사전,005917e408d24cd2a456962ec3ed14dd,核 핵,109,0,surface,한국어 뜻 직접 일치어 없음,https://ja.dict.naver.com/#/search?query=%E6%A0%B8
w_faf37c75242c7c81,N3,生年月日,せいねんがっぴ,생년월일,あの女性は「私が占ってあげるから、生年月日を言ってみて」と言った。,그 여자는 자신이 점술을 봐 줄테니 생년월일을 말해보라고 했다.,국립국어원 한국어-일본어 학습사전,c3072d1e85b0499db62ba890fcc38880,生年月日 생년월일,74,1,surface,자동 선택 점수 80 미만,https://ja.dict.naver.com/#/search?query=%E7%94%9F%E5%B9%B4%E6%9C%88%E6%97%A5
w_fb289ffeb85f19cd,N3,湾,わん,만,湾を横切って橋を掛ける,만을 가로질러 다리를 놓다,민중서림 엣센스 일한사전,a143631e4ff442fb90c5fdaeab361064,湾 만,117,0,surface,한국어 뜻 직접 일치어 없음,https://ja.dict.naver.com/#/search?query=%E6%B9%BE
w_fb4934c89048adc0,N1,著名,ちょめい,"저명함, 유명함",世界の著名な楽団はほとんど自分たちの専用ホール持ち，その独特の響きはホールによって作りあげられる,"세계의 저명한 악단은 거의 자신들의 전용 홀을 가지며, 그 독특한 음향은 홀에 의하여 만들어진다.",민중서림 엣센스 외래어사전,bc11de89cc64476e89861da21e3964d1,著名 저명함 유명함,122,0,surface,한국어 뜻 직접 일치어 없음; 네이버 예문 ID 중복; 일본어 예문 문장 중복,https://ja.dict.naver.com/#/search?query=%E8%91%97%E5%90%8D
w_fb563ffa4a981ae4,N1,ほほえましい,ほほえましい,흐뭇하다,微笑ましいエピソードを紹介する,흐뭇한 에피소드를 소개하다,민중서림 엣센스 일한사전,d57ad234ac9e4faea9d88bea102415df,ほほえましい 흐뭇하다,159,0,surface,한국어 뜻 직접 일치어 없음,https://ja.dict.naver.com/#/search?query=%E3%81%BB%E3%81%BB%E3%81%88%E3%81%BE%E3%81%97%E3%81%84
w_fb56ee0f5fb82c5c,N2,正味,しょうみ,정량; 순수한 양,正味は八掛けだ,도맷값은 정가의 8할이다,민중서림 엣센스 일한사전,cf9e8580957e42c3b1e9ab8c2cfcb3ea,正味,117,0,surface,한국어 뜻 직접 일치어 없음,https://ja.dict.naver.com/#/search?query=%E6%AD%A3%E5%91%B3
w_fb689de73bf56585,N1,触発,しょくはつ,촉발,関心が触発される.,관심이 촉발되다,민중서림 엣센스 한일사전,43cc5243e31142df882dcec6968ea8f0,触発 촉발,134,1,surface,네이버 예문 ID 중복; 일본어 예문 문장 중복,https://ja.dict.naver.com/#/search?query=%E8%A7%A6%E7%99%BA
w_fbd76b713b13039a,N2,湿気,しっき,"수분, 습도, 습기",湿気と温度のセンサーが付いていて、自動で適した湿度に調整してくれるエアコンが開発された。,습기와 온도 센서가 달려 있어 알아서 알맞은 습도로 조절해주는 에어컨이 개발되었다.,국립국어원 한국어-일본어 학습사전,360cde6a0f02411ca13bb11e08578fa8,湿気 수분 습도 습기,126,2,surface,네이버 예문 ID 중복; 일본어 예문 문장 중복,https://ja.dict.naver.com/#/search?query=%E6%B9%BF%E6%B0%97
w_fc15014ae9465b42,N4,止める,やめる,"끝나다, 끝내다, 멈추다",電気を止める,전기 공급을 멈추다; 전기를 끄다,민중서림 엣센스 일한사전,d55322a03a2947ddbe87dc4aa2cb605f,止める,97,,,네이버 예문 ID 중복; 일본어 예문 문장 중복,https://ja.dict.naver.com/#/search?query=%E6%AD%A2%E3%82%81%E3%82%8B
w_fc1ef79be6cfc1d4,N3,実,み,"열매, 실제, 결실",小さな種が実を結ぶところを見ると、自然は素晴らしくて神秘だ。,작은 씨앗이 열매로 결실하는 것을 보면 자연은 놀랍고 신비하다.,국립국어원 한국어-일본어 학습사전,5b476564e0254fbeb6cc3e8c021329f9,実 열매 실제 결실,168,2,surface,네이버 예문 ID 중복; 일본어 예문 문장 중복,https://ja.dict.naver.com/#/search?query=%E5%AE%9F
w_fc3c337216a2bfbc,N3,破る,やぶる,"깨다,찢다,어기다",十秒の記録の壁を破る,10초 기록의 벽을 깨다,민중서림 엣센스 한일사전,0b150efcbd38483cb7c53f6ef344ca9d,破る,129,1,surface,네이버 예문 ID 중복; 일본어 예문 문장 중복,https://ja.dict.naver.com/#/search?query=%E7%A0%B4%E3%82%8B
w_fc3f8a953526e8ae,N2,大いに,おおいに,"크게,매우",IT(アイティー)産業が大いに発達した.,IT 산업이 크게 발달했다,민중서림 엣센스 한일사전,05f81fc4a8b14739833b3a2a32f607a8,大いに,134,1,surface,네이버 예문 ID 중복; 일본어 예문 문장 중복,https://ja.dict.naver.com/#/search?query=%E5%A4%A7%E3%81%84%E3%81%AB
w_fcad766eecf8a252,N2,詳細,しょうさい,상세,詳細は各論で述べる.,상세한 것은 각론에서 논술한다,민중서림 엣센스 한일사전,d11dfc13a6704acf8854670b98fd88c0,詳細 상세,134,1,surface,네이버 예문 ID 중복; 일본어 예문 문장 중복,https://ja.dict.naver.com/#/search?query=%E8%A9%B3%E7%B4%B0
w_fcba82e2406eee81,N2,惑わす,まどわす,"현혹시키다,유혹하다",策略[詭計]を使って敵を惑わす.,책략을[속임수를] 써서 적을 현혹시키다,민중서림 엣센스 한일사전,09082f288650412ea10d93f6f4393e1f,惑わす,126,1,surface,네이버 예문 ID 중복; 일본어 예문 문장 중복,https://ja.dict.naver.com/#/search?query=%E6%83%91%E3%82%8F%E3%81%99
w_fda788e47b26a124,N4,色,いろ,색,色を薄めに塗る,색을 좀 연하게 칠하다.,민중서림 엣센스 일한사전,d5305891659b47ba9ede373d4cabcadd,色,97,,,네이버 예문 ID 중복; 일본어 예문 문장 중복,https://ja.dict.naver.com/#/search?query=%E8%89%B2
w_fda9a7c006a71d7e,N1,物々しい,ものものしい,삼엄하다,警察は囚人の脱出を防ぐために、移監に行く途中でも物々しい監視を行った。,경찰들은 죄수들의 탈출을 막기 위해 이감을 가는 도중에도 삼엄한 감시를 펼쳤다.,국립국어원 한국어-일본어 학습사전,5ccff755382041e5bd7ab0a0ec60f724,物々しい 삼엄하다,102,0,surface,한국어 뜻 직접 일치어 없음,https://ja.dict.naver.com/#/search?query=%E7%89%A9%E3%80%85%E3%81%97%E3%81%84
w_fdafb57e7d38abb8,N3,食品,しょくひん,식료품,最近、食料品の店やスーパーでは豆、麦、ゴマのような健康食品が多く売れます。,"최근 식료품 가게나 슈퍼마켓에서는 콩, 보리, 깨 같은 건강식품이 많이 팔립니다.",국립국어원 한국어-일본어 학습사전,435710c6ba2c409595d87f3c6844e965,食品 식료품,74,1,surface,자동 선택 점수 80 미만,https://ja.dict.naver.com/#/search?query=%E9%A3%9F%E5%93%81
w_fdb9df7731c17106,N3,推薦,すいせん,추천,知人の推薦で応募しました。,지인의 추천으로 지원하게 되었어요. (직장>구직>지원),글로벌회화,9a9759fee08141a5a727dc07237d9c74,推薦 추천,132,1,surface,네이버 예문 ID 중복; 일본어 예문 문장 중복,https://ja.dict.naver.com/#/search?query=%E6%8E%A8%E8%96%A6
w_fe0a15ce90eea307,N4,石,いし,돌,石に当たって額が切れた.,돌에 맞아 이마가 깨졌다,민중서림 엣센스 한일사전,7ff2fc3f16984f2d9e3fbcf50ae9835f,石 돌,122,0,surface,한국어 뜻 직접 일치어 없음,https://ja.dict.naver.com/#/search?query=%E7%9F%B3
w_fe4beb5b2e0412ed,N3,行き,ゆき,"감, (목적지)행",コンサートへ行き逸れた,콘서트에 갈 기회를 놓쳤다,민중서림 엣센스 일한사전,9e343a658b3045c4bbaf1146cd0855e2,行き,117,0,surface,한국어 뜻 직접 일치어 없음,https://ja.dict.naver.com/#/search?query=%E8%A1%8C%E3%81%8D
w_fe75e712d18b48f2,N4,止める,とめる,멈추다(무언가),電気を止める,전기 공급을 멈추다; 전기를 끄다,민중서림 엣센스 일한사전,d55322a03a2947ddbe87dc4aa2cb605f,止める,97,,,네이버 예문 ID 중복; 일본어 예문 문장 중복,https://ja.dict.naver.com/#/search?query=%E6%AD%A2%E3%82%81%E3%82%8B
w_feb8a6959fbed24d,N1,法案,ほうあん,법안,難産の末、法案が国会を通過した,난산 끝에 법안이 국회를 통과했다.,민중서림 엣센스 일한사전,b7e80f04184e49de82d71f9d338214a2,法案 법안,134,1,surface,네이버 예문 ID 중복; 일본어 예문 문장 중복,https://ja.dict.naver.com/#/search?query=%E6%B3%95%E6%A1%88
w_fed055728d831788,N2,純粋,じゅんすい,순수한,純粋な動機で活動している,순수한 동기로 활동하고 있다,민중서림 엣센스 일한사전,9fbbbecc044a401fb005b7403a078542,純粋 순수한,129,1,surface,네이버 예문 ID 중복; 일본어 예문 문장 중복,https://ja.dict.naver.com/#/search?query=%E7%B4%94%E7%B2%8B
w_feed3f6c9287d993,N1,薄く切る,うすくきる,얇게 자르다,肉を薄く切る.,고기를 저미다,민중서림 엣센스 한일사전,292b0450ce994cd9b21938a8a376d766,薄く切る,102,0,surface,한국어 뜻 직접 일치어 없음,https://ja.dict.naver.com/#/search?query=%E8%96%84%E3%81%8F%E5%88%87%E3%82%8B
w_ff046eb535486a13,N3,世紀,せいき,세기,アンコールワットは‘王都の寺院'を意味し、12世紀に建てられた,앙코르 와트는 ‘왕도((王都))의 사원'을 뜻하며 12세기에 세워졌다,민중서림 엣센스 일한사전,e3d4b4cd645541fc971a719ddbfe058c,世紀 세기,134,1,surface,네이버 예문 ID 중복; 일본어 예문 문장 중복,https://ja.dict.naver.com/#/search?query=%E4%B8%96%E7%B4%80
w_ff6947b43cf49ea2,N3,対,つい,"쌍, 짝",対になる,한 쌍[짝]이 되다,민중서림 엣센스 일한사전,ab23d666be8244cb9363fc2712a7a450,対 쌍 짝,117,0,surface,한국어 뜻 직접 일치어 없음,https://ja.dict.naver.com/#/search?query=%E5%AF%BE
w_ff6f3ce8eeae9213,N1,丹念な,たんねんな,"정성스런,꼼꼼한",丹念な取材に基づいて執筆する,정성 들인 취재에 근거하여 집필하다,민중서림 엣센스 일한사전,8a9ab705b057442cb7db0007960d4199,丹念な 정성스런 꼼꼼한,117,0,surface,한국어 뜻 직접 일치어 없음,https://ja.dict.naver.com/#/search?query=%E4%B8%B9%E5%BF%B5%E3%81%AA
w_ff6f5d47acd78352,N1,止める,とどめる,"끝나다, 끝내다, 멈추다, 그치다",電気を止める,전기 공급을 멈추다; 전기를 끄다,민중서림 엣센스 일한사전,d55322a03a2947ddbe87dc4aa2cb605f,止める,97,,,네이버 예문 ID 중복; 일본어 예문 문장 중복,https://ja.dict.naver.com/#/search?query=%E6%AD%A2%E3%82%81%E3%82%8B
w_ff7c53048622060b,N3,味方,みかた,"아군, 지지자",味方の多少の出血はやむを得ない.,아군의 다소의 출혈은 부득이하다,민중서림 엣센스 한일사전,9180277e84d2436ba46b68386f8388a4,味方 아군 지지자,134,1,surface,네이버 예문 ID 중복; 일본어 예문 문장 중복,https://ja.dict.naver.com/#/search?query=%E5%91%B3%E6%96%B9
w_ffa6380de41f7285,N1,重々しい,おもおもしい,"엄숙하다,위엄이있다",ユーモアは、何か重々しいことを言う時の手段にもなる。(T・S・エリオット),"또한 유머는 심각한 사안을 얘기하기 위한 방법이다. (T. S. 엘리엇, 자기관리명언)",명언/속담,5db70d1152d24a8cbf5fa36cbe3922e1,重々しい,112,0,surface,한국어 뜻 직접 일치어 없음; 우선 검수 출처,https://ja.dict.naver.com/#/search?query=%E9%87%8D%E3%80%85%E3%81%97%E3%81%84
w_ffbc6c7cd17b4eba,N3,数,すう,"수, 숫자",数は問題でない,수는 문제(가) 되지 않는다,민중서림 엣센스 일한사전,edff0cf13a4946749466ace56c33df75,数 수 숫자,117,0,surface,한국어 뜻 직접 일치어 없음,https://ja.dict.naver.com/#/search?query=%E6%95%B0
w_ffbffe59a26904d3,N2,荒い,あらい,거칠다,気がちょっと荒い方である.,성질이 좀 껄껄한 편이다,민중서림 엣센스 한일사전,50efcee9446d46dcb840ce7c48dd416f,荒い,122,0,surface,한국어 뜻 직접 일치어 없음,https://ja.dict.naver.com/#/search?query=%E8%8D%92%E3%81%84
w_ffe5d8ebd46452b1,N1,強大な,きょうだいな,"강대한,막강한",強大な戦力を誇る.,막강한 전력을 자랑하다,민중서림 엣센스 한일사전,4e1586f539b94216ad555c1800c4580d,強大な 강대한 막강한,134,1,surface,네이버 예문 ID 중복; 일본어 예문 문장 중복,https://ja.dict.naver.com/#/search?query=%E5%BC%B7%E5%A4%A7%E3%81%AA
