id,app_level,naver_level,status,surface,reading_kana,naver_entry,naver_reading,naver_frequency_add,naver_entry_id,match_basis,candidate_levels,source_url,checked_at,note
w_2e4639b9ed99174c,N1,,manual_review,お使い,おつかい,,,,,,N1,https://ja.dict.naver.com/#/search?query=%E3%81%8A%E4%BD%BF%E3%81%84,2026-08-19T00:31:52+0900,"JLPT-tagged search results exist, but none matched both form and reading"
w_a6b82112020af822,N1,,manual_review,ふんだん,ふんだん,,,,,,N1,https://ja.dict.naver.com/#/search?query=%E3%81%B5%E3%82%93%E3%81%A0%E3%82%93,2026-08-19T00:31:52+0900,"JLPT-tagged search results exist, but none matched both form and reading"
w_79707d3c49949938,N1,,manual_review,まして,まして,,,,,,N1,https://ja.dict.naver.com/#/search?query=%E3%81%BE%E3%81%97%E3%81%A6,2026-08-19T00:31:52+0900,"JLPT-tagged search results exist, but none matched both form and reading"
w_e3fe85feaff71b45,N1,,manual_review,スト,スト,,,,,,N1,https://ja.dict.naver.com/#/search?query=%E3%82%B9%E3%83%88,2026-08-19T00:31:52+0900,"JLPT-tagged search results exist, but none matched both form and reading"
w_416fe10aba191688,N1,,manual_review,パチンコ,パチンコ,,,,,,N1,https://ja.dict.naver.com/#/search?query=%E3%83%91%E3%83%81%E3%83%B3%E3%82%B3,2026-08-19T00:31:52+0900,"JLPT-tagged search results exist, but none matched both form and reading"
w_4e62d76c327ed8cd,N1,N1,manual_review,ファン,ファン,ファン,ファン,JLPT 1,ae0dab52ef79475a98487ba815512954,surface+reading,N1|N2,https://ja.dict.naver.com/#/search?query=%E3%83%95%E3%82%A1%E3%83%B3,2026-08-19T00:31:52+0900,multiple equally strong NAVER levels
w_df40eb9087b51ff0,N1,,manual_review,世論,よろん,,,,,,N1,https://ja.dict.naver.com/#/search?query=%E4%B8%96%E8%AB%96,2026-08-19T00:31:52+0900,"JLPT-tagged search results exist, but none matched both form and reading"
w_5b8ddfb46d714f92,N1,,manual_review,依存,いぞん,,,,,,N1,https://ja.dict.naver.com/#/search?query=%E4%BE%9D%E5%AD%98,2026-08-19T00:31:52+0900,"JLPT-tagged search results exist, but none matched both form and reading"
w_b90ef8a20b902fd6,N1,,manual_review,免れる,まぬかれる,,,,,,N1,https://ja.dict.naver.com/#/search?query=%E5%85%8D%E3%82%8C%E3%82%8B,2026-08-19T00:31:52+0900,"JLPT-tagged search results exist, but none matched both form and reading"
w_05c1883b474f2434,N1,,manual_review,共和,きょうわ,,,,,,N1,https://ja.dict.naver.com/#/search?query=%E5%85%B1%E5%92%8C,2026-08-19T00:31:52+0900,"JLPT-tagged search results exist, but none matched both form and reading"
w_7e5efe5cd8b22071,N1,,manual_review,共存,きょうぞん,,,,,,N1,https://ja.dict.naver.com/#/search?query=%E5%85%B1%E5%AD%98,2026-08-19T00:31:52+0900,"JLPT-tagged search results exist, but none matched both form and reading"
w_cb2bca15a098de65,N1,,manual_review,即座に,そくざに,,,,,,N1,https://ja.dict.naver.com/#/search?query=%E5%8D%B3%E5%BA%A7%E3%81%AB,2026-08-19T00:31:52+0900,"JLPT-tagged search results exist, but none matched both form and reading"
w_0e25c0ea9143aa5a,N1,,manual_review,取り分け,とりわけ,,,,,,N1,https://ja.dict.naver.com/#/search?query=%E5%8F%96%E3%82%8A%E5%88%86%E3%81%91,2026-08-19T00:31:52+0900,"JLPT-tagged search results exist, but none matched both form and reading"
w_3fdb6246f1e9c47f,N1,N2,manual_review,只,ただ,只·唯,ただ,JLPT 2,487fb5bfa0f44169a155016f16cb80e0,surface+reading,N2|N3,https://ja.dict.naver.com/#/search?query=%E5%8F%AA,2026-08-19T00:31:52+0900,multiple equally strong NAVER levels
w_742cd942953ffea7,N1,,manual_review,叶える,かなえる,,,,,,N1,https://ja.dict.naver.com/#/search?query=%E5%8F%B6%E3%81%88%E3%82%8B,2026-08-19T00:31:52+0900,"JLPT-tagged search results exist, but none matched both form and reading"
w_2c3f3b5d1f0e15fa,N1,,manual_review,巧み,たくみ,,,,,,N1,https://ja.dict.naver.com/#/search?query=%E5%B7%A7%E3%81%BF,2026-08-19T00:31:52+0900,"JLPT-tagged search results exist, but none matched both form and reading"
w_f4e7b697d7baf427,N1,,manual_review,従業員,じゅうぎょういん,,,,,,N1,https://ja.dict.naver.com/#/search?query=%E5%BE%93%E6%A5%AD%E5%93%A1,2026-08-19T00:31:52+0900,"JLPT-tagged search results exist, but none matched both form and reading"
w_8dec04ac32a62cd8,N1,,manual_review,株式,かぶしき,,,,,,N1,https://ja.dict.naver.com/#/search?query=%E6%A0%AA%E5%BC%8F,2026-08-19T00:31:52+0900,"JLPT-tagged search results exist, but none matched both form and reading"
w_ec9e607fc8bac604,N1,,manual_review,欲深い,よくふかい,,,,,,N1,https://ja.dict.naver.com/#/search?query=%E6%AC%B2%E6%B7%B1%E3%81%84,2026-08-19T00:31:52+0900,"JLPT-tagged search results exist, but none matched both form and reading"
w_ad278162220ff848,N1,,manual_review,漠然と,ばくぜんと,,,,,,N1,https://ja.dict.naver.com/#/search?query=%E6%BC%A0%E7%84%B6%E3%81%A8,2026-08-19T00:31:52+0900,"JLPT-tagged search results exist, but none matched both form and reading"
w_8cc2ed324ee1f9d0,N1,,manual_review,術,すべ,,,,,,N1,https://ja.dict.naver.com/#/search?query=%E8%A1%93,2026-08-19T00:31:52+0900,"JLPT-tagged search results exist, but none matched both form and reading"
w_ea9d5a7abc96492d,N1,,manual_review,非,ひ,,,,,,N3,https://ja.dict.naver.com/#/search?query=%E9%9D%9E,2026-08-19T00:31:52+0900,"JLPT-tagged search results exist, but none matched both form and reading"
w_e19bb44678c7262b,N1,,manual_review,非常に,ひじょうに,,,,,,N4,https://ja.dict.naver.com/#/search?query=%E9%9D%9E%E5%B8%B8%E3%81%AB,2026-08-19T00:31:52+0900,"JLPT-tagged search results exist, but none matched both form and reading"
w_7544daa0e9ec639c,N1,,manual_review,骨董品,こっとうひん,,,,,,N1,https://ja.dict.naver.com/#/search?query=%E9%AA%A8%E8%91%A3%E5%93%81,2026-08-19T00:31:52+0900,"JLPT-tagged search results exist, but none matched both form and reading"
w_86fa3ff38f45c9f6,N2,,manual_review,お先に,おさきに,,,,,,N3,https://ja.dict.naver.com/#/search?query=%E3%81%8A%E5%85%88%E3%81%AB,2026-08-19T00:31:52+0900,"JLPT-tagged search results exist, but none matched both form and reading"
w_47d515589fa58fd2,N2,,manual_review,お待たせしました,おまたせしました,,,,,,N4,https://ja.dict.naver.com/#/search?query=%E3%81%8A%E5%BE%85%E3%81%9F%E3%81%9B%E3%81%97%E3%81%BE%E3%81%97%E3%81%9F,2026-08-19T00:31:52+0900,"JLPT-tagged search results exist, but none matched both form and reading"
w_5774ff04f7f580b5,N2,,manual_review,お願いします,おねがいします,,,,,,N5,https://ja.dict.naver.com/#/search?query=%E3%81%8A%E9%A1%98%E3%81%84%E3%81%97%E3%81%BE%E3%81%99,2026-08-19T00:31:52+0900,"JLPT-tagged search results exist, but none matched both form and reading"
w_d3d2b10204204a0d,N2,,manual_review,ずらり,ずらり,,,,,,N2,https://ja.dict.naver.com/#/search?query=%E3%81%9A%E3%82%89%E3%82%8A,2026-08-19T00:31:52+0900,"JLPT-tagged search results exist, but none matched both form and reading"
w_5c91c9030e80a0f2,N2,,manual_review,そのため,そのため,,,,,,N2,https://ja.dict.naver.com/#/search?query=%E3%81%9D%E3%81%AE%E3%81%9F%E3%82%81,2026-08-19T00:31:52+0900,"JLPT-tagged search results exist, but none matched both form and reading"
w_b40f9c063be59826,N2,,manual_review,レインコート,レインコート,,,,,,N3,https://ja.dict.naver.com/#/search?query=%E3%83%AC%E3%82%A4%E3%83%B3%E3%82%B3%E3%83%BC%E3%83%88,2026-08-19T00:31:52+0900,"JLPT-tagged search results exist, but none matched both form and reading"
w_4ef84fcf2ec9cfeb,N2,,manual_review,一昨年,いっさくねん,,,,,,N5,https://ja.dict.naver.com/#/search?query=%E4%B8%80%E6%98%A8%E5%B9%B4,2026-08-19T00:31:52+0900,"JLPT-tagged search results exist, but none matched both form and reading"
w_33687b5b97477220,N2,,manual_review,一昨日,いっさくじつ,,,,,,N5,https://ja.dict.naver.com/#/search?query=%E4%B8%80%E6%98%A8%E6%97%A5,2026-08-19T00:31:52+0900,"JLPT-tagged search results exist, but none matched both form and reading"
w_e42a22cf4c7a4df7,N2,,manual_review,仕方がない,しかたがない,,,,,,N2,https://ja.dict.naver.com/#/search?query=%E4%BB%95%E6%96%B9%E3%81%8C%E3%81%AA%E3%81%84,2026-08-19T00:31:52+0900,"JLPT-tagged search results exist, but none matched both form and reading"
w_393a2f780ea3a234,N2,,manual_review,先々月,せんせんげつ,,,,,,N4,https://ja.dict.naver.com/#/search?query=%E5%85%88%E3%80%85%E6%9C%88,2026-08-19T00:31:52+0900,"JLPT-tagged search results exist, but none matched both form and reading"
w_efac32fc7e566446,N2,,manual_review,先々週,せんせんしゅう,,,,,,N4,https://ja.dict.naver.com/#/search?query=%E5%85%88%E3%80%85%E9%80%B1,2026-08-19T00:31:52+0900,"JLPT-tagged search results exist, but none matched both form and reading"
w_9462c592fc28b4a7,N2,,manual_review,女の人,おんなのひと,,,,,,N5,https://ja.dict.naver.com/#/search?query=%E5%A5%B3%E3%81%AE%E4%BA%BA,2026-08-19T00:31:52+0900,"JLPT-tagged search results exist, but none matched both form and reading"
w_d401990e8b1b1c19,N2,,manual_review,定休日,ていきゅうび,,,,,,N2,https://ja.dict.naver.com/#/search?query=%E5%AE%9A%E4%BC%91%E6%97%A5,2026-08-19T00:31:52+0900,"JLPT-tagged search results exist, but none matched both form and reading"
w_6831fdc03f7272dd,N2,,manual_review,建つ,たつ,,,,,,N4,https://ja.dict.naver.com/#/search?query=%E5%BB%BA%E3%81%A4,2026-08-19T00:31:52+0900,"JLPT-tagged search results exist, but none matched both form and reading"
w_9032a2333ecae65f,N2,,manual_review,拝見する,はいけんする,,,,,,N4,https://ja.dict.naver.com/#/search?query=%E6%8B%9D%E8%A6%8B%E3%81%99%E3%82%8B,2026-08-19T00:31:52+0900,"JLPT-tagged search results exist, but none matched both form and reading"
w_4b4a110c5f535581,N2,,manual_review,捕る,とる,,,,,,N2,https://ja.dict.naver.com/#/search?query=%E6%8D%95%E3%82%8B,2026-08-19T00:31:52+0900,"JLPT-tagged search results exist, but none matched both form and reading"
w_863ee6ef1cf05126,N2,,manual_review,採る,とる,,,,,,N1,https://ja.dict.naver.com/#/search?query=%E6%8E%A1%E3%82%8B,2026-08-19T00:31:52+0900,"JLPT-tagged search results exist, but none matched both form and reading"
w_826d107c46a2192e,N2,,manual_review,日用品,にちようひん,,,,,,N3,https://ja.dict.naver.com/#/search?query=%E6%97%A5%E7%94%A8%E5%93%81,2026-08-19T00:31:52+0900,"JLPT-tagged search results exist, but none matched both form and reading"
w_1ab91c15a18c1764,N2,,manual_review,留まる,とまる,,,,,,N2,https://ja.dict.naver.com/#/search?query=%E7%95%99%E3%81%BE%E3%82%8B,2026-08-19T00:31:52+0900,"JLPT-tagged search results exist, but none matched both form and reading"
w_d912c948c6516c29,N2,,manual_review,相次いで,あいついで,,,,,,N2,https://ja.dict.naver.com/#/search?query=%E7%9B%B8%E6%AC%A1%E3%81%84%E3%81%A7,2026-08-19T00:31:52+0900,"JLPT-tagged search results exist, but none matched both form and reading"
w_fe085757fc9fa210,N2,,manual_review,着替える,きがえる,,,,,,N2,https://ja.dict.naver.com/#/search?query=%E7%9D%80%E6%9B%BF%E3%81%88%E3%82%8B,2026-08-19T00:31:52+0900,"JLPT-tagged search results exist, but none matched both form and reading"
w_73c3d353971a6a85,N2,,manual_review,総理大臣,そうりだいじん,,,,,,N2,https://ja.dict.naver.com/#/search?query=%E7%B7%8F%E7%90%86%E5%A4%A7%E8%87%A3,2026-08-19T00:31:52+0900,"JLPT-tagged search results exist, but none matched both form and reading"
w_c12c4efe43384aa2,N2,,manual_review,茶色い,ちゃいろい,,,,,,N3,https://ja.dict.naver.com/#/search?query=%E8%8C%B6%E8%89%B2%E3%81%84,2026-08-19T00:31:52+0900,"JLPT-tagged search results exist, but none matched both form and reading"
w_54c71aa5ccbde2f4,N2,,manual_review,行ってらっしゃい,いってらっしゃい,,,,,,N4,https://ja.dict.naver.com/#/search?query=%E8%A1%8C%E3%81%A3%E3%81%A6%E3%82%89%E3%81%A3%E3%81%97%E3%82%83%E3%81%84,2026-08-19T00:31:52+0900,"JLPT-tagged search results exist, but none matched both form and reading"
w_2042955fbd7ed6b5,N2,,manual_review,話し中,はなしちゅう,,,,,,N3,https://ja.dict.naver.com/#/search?query=%E8%A9%B1%E3%81%97%E4%B8%AD,2026-08-19T00:31:52+0900,"JLPT-tagged search results exist, but none matched both form and reading"
w_44f5a21a231cf355,N3,N4,manual_review,いつか,いつか,何時か,いつか,JLPT 4,594e2da2f8f74052a9b0b51d05f86b95,surface+reading,N4|N5,https://ja.dict.naver.com/#/search?query=%E3%81%84%E3%81%A4%E3%81%8B,2026-08-19T00:31:52+0900,multiple equally strong NAVER levels
w_31fee479fd2a573b,N3,,manual_review,お見舞い,おみまい,,,,,,N4,https://ja.dict.naver.com/#/search?query=%E3%81%8A%E8%A6%8B%E8%88%9E%E3%81%84,2026-08-19T00:31:52+0900,"JLPT-tagged search results exist, but none matched both form and reading"
w_ee8feeec8a1af066,N3,,manual_review,これら,これら,,,,,,N2,https://ja.dict.naver.com/#/search?query=%E3%81%93%E3%82%8C%E3%82%89,2026-08-19T00:31:52+0900,"JLPT-tagged search results exist, but none matched both form and reading"
w_92eb50477a0ece80,N3,,manual_review,ごめんなさい,ごめんなさい,,,,,,N5,https://ja.dict.naver.com/#/search?query=%E3%81%94%E3%82%81%E3%82%93%E3%81%AA%E3%81%95%E3%81%84,2026-08-19T00:31:52+0900,"JLPT-tagged search results exist, but none matched both form and reading"
w_25b648bf778c94cd,N3,N1,manual_review,する,する,擦る,する,JLPT 1,01254c3865e14e3388d9650aeae47c99,surface+reading,N1|N2|N4|N5,https://ja.dict.naver.com/#/search?query=%E3%81%99%E3%82%8B,2026-08-19T00:31:52+0900,multiple equally strong NAVER levels
w_dd6cfb328dbd2400,N3,N1,manual_review,せい,せい,制,せい,JLPT 1,0cbd56f0e3c64f1fb03b92c16fd71e6d,surface+reading,N1|N2|N4,https://ja.dict.naver.com/#/search?query=%E3%81%9B%E3%81%84,2026-08-19T00:31:52+0900,multiple equally strong NAVER levels
w_68b2b28244f5b063,N3,,manual_review,やや,やや,,,,,,N2,https://ja.dict.naver.com/#/search?query=%E3%82%84%E3%82%84,2026-08-19T00:31:52+0900,"JLPT-tagged search results exist, but none matched both form and reading"
w_0e85c73b6c150596,N3,,manual_review,アイデア,アイデア,,,,,,N2,https://ja.dict.naver.com/#/search?query=%E3%82%A2%E3%82%A4%E3%83%87%E3%82%A2,2026-08-19T00:31:52+0900,"JLPT-tagged search results exist, but none matched both form and reading"
w_831c5e9a87f0c027,N3,,manual_review,下線,かせん,,,,,,N2,https://ja.dict.naver.com/#/search?query=%E4%B8%8B%E7%B7%9A,2026-08-19T00:31:52+0900,"JLPT-tagged search results exist, but none matched both form and reading"
w_d1112eb8dc71b9f8,N3,,manual_review,効く,きく,,,,,,N3,https://ja.dict.naver.com/#/search?query=%E5%8A%B9%E3%81%8F,2026-08-19T00:31:52+0900,"JLPT-tagged search results exist, but none matched both form and reading"
w_538523d6296c7778,N3,,manual_review,務め,つとめ,,,,,,N2,https://ja.dict.naver.com/#/search?query=%E5%8B%99%E3%82%81,2026-08-19T00:31:52+0900,"JLPT-tagged search results exist, but none matched both form and reading"
w_a88976287b450da4,N3,,manual_review,反る,かえる,,,,,,N1|N2,https://ja.dict.naver.com/#/search?query=%E5%8F%8D%E3%82%8B,2026-08-19T00:31:52+0900,"JLPT-tagged search results exist, but none matched both form and reading"
w_221fdc111bb0a9d6,N3,,manual_review,可,か,,,,,,N2,https://ja.dict.naver.com/#/search?query=%E5%8F%AF,2026-08-19T00:31:52+0900,"JLPT-tagged search results exist, but none matched both form and reading"
w_fe2638e2b65eff32,N3,,manual_review,図,ず,,,,,,N2,https://ja.dict.naver.com/#/search?query=%E5%9B%B3,2026-08-19T00:31:52+0900,"JLPT-tagged search results exist, but none matched both form and reading"
w_2051986d08da1c3e,N3,,manual_review,地,ち,,,,,,N2,https://ja.dict.naver.com/#/search?query=%E5%9C%B0,2026-08-19T00:31:52+0900,"JLPT-tagged search results exist, but none matched both form and reading"
w_c764decd3f5b167e,N3,,manual_review,基,もと,,,,,,N2,https://ja.dict.naver.com/#/search?query=%E5%9F%BA,2026-08-19T00:31:52+0900,"JLPT-tagged search results exist, but none matched both form and reading"
w_c9624a11c7f3b950,N3,N2,manual_review,尤も,もっとも,尤も,もっとも,JLPT 2,688810d98bfe415fb6190ed4ff055474,surface+reading,N2|N3,https://ja.dict.naver.com/#/search?query=%E5%B0%A4%E3%82%82,2026-08-19T00:31:52+0900,multiple equally strong NAVER levels
w_5a886b7121ed4a02,N3,,manual_review,差,さ,,,,,,N2,https://ja.dict.naver.com/#/search?query=%E5%B7%AE,2026-08-19T00:31:52+0900,"JLPT-tagged search results exist, but none matched both form and reading"
w_9a0f257e7a6a025d,N3,,manual_review,弾,たま,,,,,,N2,https://ja.dict.naver.com/#/search?query=%E5%BC%BE,2026-08-19T00:31:52+0900,"JLPT-tagged search results exist, but none matched both form and reading"
w_08ce685bcb19f6e1,N3,,manual_review,後,ご,,,,,,N2|N5,https://ja.dict.naver.com/#/search?query=%E5%BE%8C,2026-08-19T00:31:52+0900,"JLPT-tagged search results exist, but none matched both form and reading"
w_c34cf13bb75d6d66,N3,,manual_review,描く,かく,,,,,,N2,https://ja.dict.naver.com/#/search?query=%E6%8F%8F%E3%81%8F,2026-08-19T00:31:52+0900,"JLPT-tagged search results exist, but none matched both form and reading"
w_e10ae2eb65ba49a7,N3,,manual_review,早めに,はやめに,,,,,,N3,https://ja.dict.naver.com/#/search?query=%E6%97%A9%E3%82%81%E3%81%AB,2026-08-19T00:31:52+0900,"JLPT-tagged search results exist, but none matched both form and reading"
w_b685e7abbe1567a6,N3,,manual_review,昇る,のぼる,,,,,,N2,https://ja.dict.naver.com/#/search?query=%E6%98%87%E3%82%8B,2026-08-19T00:31:52+0900,"JLPT-tagged search results exist, but none matched both form and reading"
w_a4116bf6cc58ca05,N3,,manual_review,氏,し,,,,,,N2,https://ja.dict.naver.com/#/search?query=%E6%B0%8F,2026-08-19T00:31:52+0900,"JLPT-tagged search results exist, but none matched both form and reading"
w_e7f479187f36afac,N3,,manual_review,測る,はかる,,,,,,N3,https://ja.dict.naver.com/#/search?query=%E6%B8%AC%E3%82%8B,2026-08-19T00:31:52+0900,"JLPT-tagged search results exist, but none matched both form and reading"
w_15e58e756cd4e695,N3,,manual_review,無,む,,,,,,N2|N3,https://ja.dict.naver.com/#/search?query=%E7%84%A1,2026-08-19T00:31:52+0900,"JLPT-tagged search results exist, but none matched both form and reading"
w_c62caa4afa7e342b,N3,,manual_review,男の人,おとこのひと,,,,,,N5,https://ja.dict.naver.com/#/search?query=%E7%94%B7%E3%81%AE%E4%BA%BA,2026-08-19T00:31:52+0900,"JLPT-tagged search results exist, but none matched both form and reading"
w_016ef21c6de7dbf3,N3,,manual_review,素,もと,,,,,,N2,https://ja.dict.naver.com/#/search?query=%E7%B4%A0,2026-08-19T00:31:52+0900,"JLPT-tagged search results exist, but none matched both form and reading"
w_4c934f2120b1a7b8,N3,,manual_review,胃,い,,,,,,N2,https://ja.dict.naver.com/#/search?query=%E8%83%83,2026-08-19T00:31:52+0900,"JLPT-tagged search results exist, but none matched both form and reading"
w_452bc6078da69d6b,N3,,manual_review,苦,く,,,,,,N1,https://ja.dict.naver.com/#/search?query=%E8%8B%A6,2026-08-19T00:31:52+0900,"JLPT-tagged search results exist, but none matched both form and reading"
w_06e7e51d003ac3e4,N3,,manual_review,街,まち,,,,,,N1|N3,https://ja.dict.naver.com/#/search?query=%E8%A1%97,2026-08-19T00:31:52+0900,"JLPT-tagged search results exist, but none matched both form and reading"
w_f7ccae9d8e37b9be,N3,,manual_review,超す,こす,,,,,,N2,https://ja.dict.naver.com/#/search?query=%E8%B6%85%E3%81%99,2026-08-19T00:31:52+0900,"JLPT-tagged search results exist, but none matched both form and reading"
w_6c762964f34abbe1,N3,,manual_review,速い,はやい,,,,,,N5,https://ja.dict.naver.com/#/search?query=%E9%80%9F%E3%81%84,2026-08-19T00:31:52+0900,"JLPT-tagged search results exist, but none matched both form and reading"
w_1f5af2236d8c0f07,N3,,manual_review,週刊誌,しゅうかんし,,,,,,N3,https://ja.dict.naver.com/#/search?query=%E9%80%B1%E5%88%8A%E8%AA%8C,2026-08-19T00:31:52+0900,"JLPT-tagged search results exist, but none matched both form and reading"
w_d728d1f32a31b6f6,N3,,manual_review,遭う,あう,,,,,,N2,https://ja.dict.naver.com/#/search?query=%E9%81%AD%E3%81%86,2026-08-19T00:31:52+0900,"JLPT-tagged search results exist, but none matched both form and reading"
w_db25c865abdbfb17,N3,,manual_review,酌む,くむ,,,,,,N2,https://ja.dict.naver.com/#/search?query=%E9%85%8C%E3%82%80,2026-08-19T00:31:52+0900,"JLPT-tagged search results exist, but none matched both form and reading"
w_bd181301cc7c5324,N3,,manual_review,酒,さけ,,,,,,N2,https://ja.dict.naver.com/#/search?query=%E9%85%92,2026-08-19T00:31:52+0900,"JLPT-tagged search results exist, but none matched both form and reading"
w_950944eda8002bbc,N3,,manual_review,量る,はかる,,,,,,N3,https://ja.dict.naver.com/#/search?query=%E9%87%8F%E3%82%8B,2026-08-19T00:31:52+0900,"JLPT-tagged search results exist, but none matched both form and reading"
w_98601c5f9fe56540,N4,N2,manual_review,うまい,うまい,上手い·巧い,うまい,JLPT 2,6991463fcf694134a7df97579b6b8bc7,surface+reading,N2|N4,https://ja.dict.naver.com/#/search?query=%E3%81%86%E3%81%BE%E3%81%84,2026-08-19T00:31:52+0900,multiple equally strong NAVER levels
w_54ca74d64604579c,N4,,manual_review,おいでになる,おいでになる,,,,,,N4,https://ja.dict.naver.com/#/search?query=%E3%81%8A%E3%81%84%E3%81%A7%E3%81%AB%E3%81%AA%E3%82%8B,2026-08-19T00:31:52+0900,"JLPT-tagged search results exist, but none matched both form and reading"
w_66c87676a778f34f,N4,N2,manual_review,おや,おや,親,おや,JLPT 2,870ba6717a894078b6a52ae050292612,surface+reading,N2|N4,https://ja.dict.naver.com/#/search?query=%E3%81%8A%E3%82%84,2026-08-19T00:31:52+0900,multiple equally strong NAVER levels
w_e431b1a6abf799bf,N4,,manual_review,お互い,おたがい,,,,,,N3,https://ja.dict.naver.com/#/search?query=%E3%81%8A%E4%BA%92%E3%81%84,2026-08-19T00:31:52+0900,"JLPT-tagged search results exist, but none matched both form and reading"
w_999820e48d7ba848,N4,,manual_review,お嬢さん,おじょうさん,,,,,,N4,https://ja.dict.naver.com/#/search?query=%E3%81%8A%E5%AC%A2%E3%81%95%E3%82%93,2026-08-19T00:31:52+0900,"JLPT-tagged search results exist, but none matched both form and reading"
w_187aa2adfb841e8c,N4,,manual_review,お子さん,おこさん,,,,,,N4,https://ja.dict.naver.com/#/search?query=%E3%81%8A%E5%AD%90%E3%81%95%E3%82%93,2026-08-19T00:31:52+0900,"JLPT-tagged search results exist, but none matched both form and reading"
w_03fde61be0f26975,N4,,manual_review,お祝い,おいわい,,,,,,N4,https://ja.dict.naver.com/#/search?query=%E3%81%8A%E7%A5%9D%E3%81%84,2026-08-19T00:31:52+0900,"JLPT-tagged search results exist, but none matched both form and reading"
w_7bbc01295f752849,N4,N3,manual_review,ごみ,ごみ,五味,ごみ,JLPT 3,3903fa1d0f8149beacaf46087ceaba09,surface+reading,N3|N4,https://ja.dict.naver.com/#/search?query=%E3%81%94%E3%81%BF,2026-08-19T00:31:52+0900,multiple equally strong NAVER levels
w_dba8fad4ae9dcab9,N4,,manual_review,できるだけ,できるだけ,,,,,,N4,https://ja.dict.naver.com/#/search?query=%E3%81%A7%E3%81%8D%E3%82%8B%E3%81%A0%E3%81%91,2026-08-19T00:31:52+0900,"JLPT-tagged search results exist, but none matched both form and reading"
w_98c5ecbe9b1af8f0,N4,N3,manual_review,ひげ,ひげ,卑下,ひげ,JLPT 3,e7e9338aa7784899a3cccf04d3ace4d1,surface+reading,N3|N4,https://ja.dict.naver.com/#/search?query=%E3%81%B2%E3%81%92,2026-08-19T00:31:52+0900,multiple equally strong NAVER levels
w_6f016ba1c9fb2b8d,N4,,manual_review,もうすぐ,もうすぐ,,,,,,N4,https://ja.dict.naver.com/#/search?query=%E3%82%82%E3%81%86%E3%81%99%E3%81%90,2026-08-19T00:31:52+0900,"JLPT-tagged search results exist, but none matched both form and reading"
w_97e7d7c923d83b1c,N4,,manual_review,アイディア,アイディア,,,,,,N4,https://ja.dict.naver.com/#/search?query=%E3%82%A2%E3%82%A4%E3%83%87%E3%82%A3%E3%82%A2,2026-08-19T00:31:52+0900,"JLPT-tagged search results exist, but none matched both form and reading"
w_27f194a34e98e0b0,N4,N2,manual_review,ゲーム,ゲーム,ゲーム,ゲーム,JLPT 2,b385ef4eef254e958d84bd9d41295f2a,surface+reading,N2|N4,https://ja.dict.naver.com/#/search?query=%E3%82%B2%E3%83%BC%E3%83%A0,2026-08-19T00:31:52+0900,multiple equally strong NAVER levels
w_e12f8a407f734e3c,N4,N4,manual_review,一杯,いっぱい,一杯,いっぱい,JLPT 4,c335789c93e74fad891a394e231a5550,surface+reading,N4|N5,https://ja.dict.naver.com/#/search?query=%E4%B8%80%E6%9D%AF,2026-08-19T00:31:52+0900,multiple equally strong NAVER levels
w_69eae3aacf3ba4e7,N4,,manual_review,会議室,かいぎしつ,,,,,,N4,https://ja.dict.naver.com/#/search?query=%E4%BC%9A%E8%AD%B0%E5%AE%A4,2026-08-19T00:31:52+0900,"JLPT-tagged search results exist, but none matched both form and reading"
w_6664db39ad60f3e9,N4,,manual_review,再来月,さらいげつ,,,,,,N4,https://ja.dict.naver.com/#/search?query=%E5%86%8D%E6%9D%A5%E6%9C%88,2026-08-19T00:31:52+0900,"JLPT-tagged search results exist, but none matched both form and reading"
w_0cc60591ba0b7b66,N4,,manual_review,再来週,さらいしゅう,,,,,,N4,https://ja.dict.naver.com/#/search?query=%E5%86%8D%E6%9D%A5%E9%80%B1,2026-08-19T00:31:52+0900,"JLPT-tagged search results exist, but none matched both form and reading"
w_72dae8f988010901,N4,,manual_review,周り,まわり,,,,,,N3,https://ja.dict.naver.com/#/search?query=%E5%91%A8%E3%82%8A,2026-08-19T00:31:52+0900,"JLPT-tagged search results exist, but none matched both form and reading"
w_e2165c4745c4e5fa,N4,,manual_review,大人しい,おとなしい,,,,,,N4,https://ja.dict.naver.com/#/search?query=%E5%A4%A7%E4%BA%BA%E3%81%97%E3%81%84,2026-08-19T00:31:52+0900,"JLPT-tagged search results exist, but none matched both form and reading"
w_1182994be4352c46,N4,,manual_review,大学生,だいがくせい,,,,,,N4,https://ja.dict.naver.com/#/search?query=%E5%A4%A7%E5%AD%A6%E7%94%9F,2026-08-19T00:31:52+0900,"JLPT-tagged search results exist, but none matched both form and reading"
w_acf85d4a1e63e240,N4,,manual_review,字,じ,,,,,,N4,https://ja.dict.naver.com/#/search?query=%E5%AD%97,2026-08-19T00:31:52+0900,"JLPT-tagged search results exist, but none matched both form and reading"
w_c2ab2560b6e5692b,N4,,manual_review,市,し,,,,,,N1|N4,https://ja.dict.naver.com/#/search?query=%E5%B8%82,2026-08-19T00:31:52+0900,"JLPT-tagged search results exist, but none matched both form and reading"
w_49e199d4cfd26179,N4,,manual_review,建てる,たてる,,,,,,N4,https://ja.dict.naver.com/#/search?query=%E5%BB%BA%E3%81%A6%E3%82%8B,2026-08-19T00:31:52+0900,"JLPT-tagged search results exist, but none matched both form and reading"
w_d57280b80350a7dc,N4,,manual_review,急に,きゅうに,,,,,,N4,https://ja.dict.naver.com/#/search?query=%E6%80%A5%E3%81%AB,2026-08-19T00:31:52+0900,"JLPT-tagged search results exist, but none matched both form and reading"
w_5d637bb50ef6df34,N4,,manual_review,新聞社,しんぶんしゃ,,,,,,N4,https://ja.dict.naver.com/#/search?query=%E6%96%B0%E8%81%9E%E7%A4%BE,2026-08-19T00:31:52+0900,"JLPT-tagged search results exist, but none matched both form and reading"
w_ac4a28f37332b6a0,N4,,manual_review,止まる,とまる,,,,,,N2,https://ja.dict.naver.com/#/search?query=%E6%AD%A2%E3%81%BE%E3%82%8B,2026-08-19T00:31:52+0900,"JLPT-tagged search results exist, but none matched both form and reading"
w_26e38968134aeb56,N4,,manual_review,気,き,,,,,,N4,https://ja.dict.naver.com/#/search?query=%E6%B0%97,2026-08-19T00:31:52+0900,"JLPT-tagged search results exist, but none matched both form and reading"
w_07c535ca309cce2e,N4,,manual_review,治る,なおる,,,,,,N4,https://ja.dict.naver.com/#/search?query=%E6%B2%BB%E3%82%8B,2026-08-19T00:31:52+0900,"JLPT-tagged search results exist, but none matched both form and reading"
w_52b71369ec5db591,N4,,manual_review,漬ける,つける,,,,,,N3,https://ja.dict.naver.com/#/search?query=%E6%BC%AC%E3%81%91%E3%82%8B,2026-08-19T00:31:52+0900,"JLPT-tagged search results exist, but none matched both form and reading"
w_1fb1432fdae5690a,N4,,manual_review,点く,つく,,,,,,N2,https://ja.dict.naver.com/#/search?query=%E7%82%B9%E3%81%8F,2026-08-19T00:31:52+0900,"JLPT-tagged search results exist, but none matched both form and reading"
w_41e59bb106177593,N4,,manual_review,研究室,けんきゅうしつ,,,,,,N4,https://ja.dict.naver.com/#/search?query=%E7%A0%94%E7%A9%B6%E5%AE%A4,2026-08-19T00:31:52+0900,"JLPT-tagged search results exist, but none matched both form and reading"
w_3f7cd0c1898ad235,N4,,manual_review,空く,あく,,,,,,N3|N4,https://ja.dict.naver.com/#/search?query=%E7%A9%BA%E3%81%8F,2026-08-19T00:31:52+0900,"JLPT-tagged search results exist, but none matched both form and reading"
w_8510568b02e96bd2,N4,N3,manual_review,空く,すく,透く·空く,すく,JLPT 3,33de69c9457f4ce7a0d06c62af56436d,surface+reading,N3|N4,https://ja.dict.naver.com/#/search?query=%E7%A9%BA%E3%81%8F,2026-08-19T00:31:52+0900,multiple equally strong NAVER levels
w_eb14ca91b9690264,N4,,manual_review,美術館,びじゅつかん,,,,,,N4,https://ja.dict.naver.com/#/search?query=%E7%BE%8E%E8%A1%93%E9%A4%A8,2026-08-19T00:31:52+0900,"JLPT-tagged search results exist, but none matched both form and reading"
w_1b922901901cad9a,N4,,manual_review,訪ねる,たずねる,,,,,,N4,https://ja.dict.naver.com/#/search?query=%E8%A8%AA%E3%81%AD%E3%82%8B,2026-08-19T00:31:52+0900,"JLPT-tagged search results exist, but none matched both form and reading"
w_7f53883dfec13912,N4,,manual_review,都,と,,,,,,N2|N4,https://ja.dict.naver.com/#/search?query=%E9%83%BD,2026-08-19T00:31:52+0900,"JLPT-tagged search results exist, but none matched both form and reading"
w_a0f941ae0bae045f,N4,,manual_review,釣る,つる,,,,,,N4,https://ja.dict.naver.com/#/search?query=%E9%87%A3%E3%82%8B,2026-08-19T00:31:52+0900,"JLPT-tagged search results exist, but none matched both form and reading"
w_eff8aedd9cddd1a9,N4,,manual_review,閉める,しめる,,,,,,N5,https://ja.dict.naver.com/#/search?query=%E9%96%89%E3%82%81%E3%82%8B,2026-08-19T00:31:52+0900,"JLPT-tagged search results exist, but none matched both form and reading"
w_f74414ba058d9492,N4,,manual_review,高校生,こうこうせい,,,,,,N4,https://ja.dict.naver.com/#/search?query=%E9%AB%98%E6%A0%A1%E7%94%9F,2026-08-19T00:31:52+0900,"JLPT-tagged search results exist, but none matched both form and reading"
w_a9ecc3b353d6e247,N5,N2,manual_review,いる,いる,煎る·炒る·熬る,いる,JLPT 2,28888414fe60452fb29721872d87a641,surface+reading,N2|N5,https://ja.dict.naver.com/#/search?query=%E3%81%84%E3%82%8B,2026-08-19T00:31:52+0900,multiple equally strong NAVER levels
w_5b637076c1aa0e76,N5,,manual_review,お兄さん,おにいさん,,,,,,N5,https://ja.dict.naver.com/#/search?query=%E3%81%8A%E5%85%84%E3%81%95%E3%82%93,2026-08-19T00:31:52+0900,"JLPT-tagged search results exist, but none matched both form and reading"
w_f8664ab5d676e9fa,N5,,manual_review,お弁当,おべんとう,,,,,,N5,https://ja.dict.naver.com/#/search?query=%E3%81%8A%E5%BC%81%E5%BD%93,2026-08-19T00:31:52+0900,"JLPT-tagged search results exist, but none matched both form and reading"
w_25d246fcafff391e,N5,,manual_review,お手洗い,おてあらい,,,,,,N4,https://ja.dict.naver.com/#/search?query=%E3%81%8A%E6%89%8B%E6%B4%97%E3%81%84,2026-08-19T00:31:52+0900,"JLPT-tagged search results exist, but none matched both form and reading"
w_81692f3ef0c299c7,N5,,manual_review,お皿,おさら,,,,,,N5,https://ja.dict.naver.com/#/search?query=%E3%81%8A%E7%9A%BF,2026-08-19T00:31:52+0900,"JLPT-tagged search results exist, but none matched both form and reading"
w_7aa37a17271d254c,N5,,manual_review,お菓子,おかし,,,,,,N5,https://ja.dict.naver.com/#/search?query=%E3%81%8A%E8%8F%93%E5%AD%90,2026-08-19T00:31:52+0900,"JLPT-tagged search results exist, but none matched both form and reading"
w_623d9f78e8f3f7cf,N5,,manual_review,お酒,おさけ,,,,,,N5,https://ja.dict.naver.com/#/search?query=%E3%81%8A%E9%85%92,2026-08-19T00:31:52+0900,"JLPT-tagged search results exist, but none matched both form and reading"
w_c650245fe94b2d55,N5,,manual_review,お風呂,おふろ,,,,,,N5,https://ja.dict.naver.com/#/search?query=%E3%81%8A%E9%A2%A8%E5%91%82,2026-08-19T00:31:52+0900,"JLPT-tagged search results exist, but none matched both form and reading"
w_98e68681f275b2c8,N5,N1,manual_review,ここ,ここ,個個·箇箇,ここ,JLPT 1,b2d134eb4f174d2798d3646b50409207,surface+reading,N1|N5,https://ja.dict.naver.com/#/search?query=%E3%81%93%E3%81%93,2026-08-19T00:31:52+0900,multiple equally strong NAVER levels
w_b685581646830d57,N5,,manual_review,こちらこそ,こちらこそ,,,,,,N5,https://ja.dict.naver.com/#/search?query=%E3%81%93%E3%81%A1%E3%82%89%E3%81%93%E3%81%9D,2026-08-19T00:31:52+0900,"JLPT-tagged search results exist, but none matched both form and reading"
w_232fd4c69bca3059,N5,N2,manual_review,さす,さす,注す,さす,JLPT 2,47be7757be8c4703b89450d6cff1152b,surface+reading,N2|N4,https://ja.dict.naver.com/#/search?query=%E3%81%95%E3%81%99,2026-08-19T00:31:52+0900,multiple equally strong NAVER levels
w_1f3b58708b016b7f,N5,N4,manual_review,そば,そば,稜,そば,JLPT 4,d77391213ef14d0985f7f3d12187e8db,surface+reading,N4|N5,https://ja.dict.naver.com/#/search?query=%E3%81%9D%E3%81%B0,2026-08-19T00:31:52+0900,multiple equally strong NAVER levels
w_901e9473e86b14cd,N5,N1,manual_review,また,また,また,また,JLPT 1,3dca1e8651f44e59937fb480ade2d4e6,surface+reading,N1|N5,https://ja.dict.naver.com/#/search?query=%E3%81%BE%E3%81%9F,2026-08-19T00:31:52+0900,multiple equally strong NAVER levels
w_5c2a9218aaab8bf9,N5,,manual_review,七時,しちじ,,,,,,N5,https://ja.dict.naver.com/#/search?query=%E4%B8%83%E6%99%82,2026-08-19T00:31:52+0900,"JLPT-tagged search results exist, but none matched both form and reading"
w_7ce478d1c4361987,N5,,manual_review,三回,さんかい,,,,,,N5,https://ja.dict.naver.com/#/search?query=%E4%B8%89%E5%9B%9E,2026-08-19T00:31:52+0900,"JLPT-tagged search results exist, but none matched both form and reading"
w_412d7a3479a4f8a3,N5,,manual_review,二匹,にひき,,,,,,N5,https://ja.dict.naver.com/#/search?query=%E4%BA%8C%E5%8C%B9,2026-08-19T00:31:52+0900,"JLPT-tagged search results exist, but none matched both form and reading"
w_bfd7b53f174d103d,N5,,manual_review,再来年,さらいねん,,,,,,N4,https://ja.dict.naver.com/#/search?query=%E5%86%8D%E6%9D%A5%E5%B9%B4,2026-08-19T00:31:52+0900,"JLPT-tagged search results exist, but none matched both form and reading"
w_d631fd55fbc45d65,N5,N4,manual_review,大変,たいへん,大変,たいへん,JLPT 4,787c80858cb94eddaf1ec92bd97f88b8,surface+reading,N4|N5,https://ja.dict.naver.com/#/search?query=%E5%A4%A7%E5%A4%89,2026-08-19T00:31:52+0900,multiple equally strong NAVER levels
w_de95050774bb705b,N5,,manual_review,映画館,えいがかん,,,,,,N5,https://ja.dict.naver.com/#/search?query=%E6%98%A0%E7%94%BB%E9%A4%A8,2026-08-19T00:31:52+0900,"JLPT-tagged search results exist, but none matched both form and reading"
w_53c860c03d92179a,N5,,manual_review,月曜日,げつようび,,,,,,N5,https://ja.dict.naver.com/#/search?query=%E6%9C%88%E6%9B%9C%E6%97%A5,2026-08-19T00:31:52+0900,"JLPT-tagged search results exist, but none matched both form and reading"
w_333b217f32bb9f91,N5,,manual_review,朝ご飯,あさごはん,,,,,,N5,https://ja.dict.naver.com/#/search?query=%E6%9C%9D%E3%81%94%E9%A3%AF,2026-08-19T00:31:52+0900,"JLPT-tagged search results exist, but none matched both form and reading"
w_716e7b794dbcaf51,N5,,manual_review,木曜日,もくようび,,,,,,N5,https://ja.dict.naver.com/#/search?query=%E6%9C%A8%E6%9B%9C%E6%97%A5,2026-08-19T00:31:52+0900,"JLPT-tagged search results exist, but none matched both form and reading"
w_4c61acba86c4d604,N5,,manual_review,水曜日,すいようび,,,,,,N5,https://ja.dict.naver.com/#/search?query=%E6%B0%B4%E6%9B%9C%E6%97%A5,2026-08-19T00:31:52+0900,"JLPT-tagged search results exist, but none matched both form and reading"
w_4e9ce7da04c4774f,N5,,manual_review,登る,のぼる,,,,,,N5,https://ja.dict.naver.com/#/search?query=%E7%99%BB%E3%82%8B,2026-08-19T00:31:52+0900,"JLPT-tagged search results exist, but none matched both form and reading"
w_2cd841d468cc927a,N5,,manual_review,金曜日,きんようび,,,,,,N5,https://ja.dict.naver.com/#/search?query=%E9%87%91%E6%9B%9C%E6%97%A5,2026-08-19T00:31:52+0900,"JLPT-tagged search results exist, but none matched both form and reading"
w_e08e5b558857d76c,N5,,manual_review,風邪,かぜ,,,,,,N5,https://ja.dict.naver.com/#/search?query=%E9%A2%A8%E9%82%AA,2026-08-19T00:31:52+0900,"JLPT-tagged search results exist, but none matched both form and reading"
w_ce70656918f80907,N1,,naver_level_missing,いい加減に,いいかげんに,,,,,,,https://ja.dict.naver.com/#/search?query=%E3%81%84%E3%81%84%E5%8A%A0%E6%B8%9B%E3%81%AB,2026-08-19T00:31:52+0900,No JLPT-tagged NAVER entry found
w_43ee33fb295d1f1e,N1,,naver_level_missing,いとも,いとも,,,,,,,https://ja.dict.naver.com/#/search?query=%E3%81%84%E3%81%A8%E3%82%82,2026-08-19T00:31:52+0900,No JLPT-tagged NAVER entry found
w_c530d263e6c6b918,N1,,naver_level_missing,うずうず,うずうず,,,,,,,https://ja.dict.naver.com/#/search?query=%E3%81%86%E3%81%9A%E3%81%86%E3%81%9A,2026-08-19T00:31:52+0900,No JLPT-tagged NAVER entry found
w_9e9920009cc9ad91,N1,,naver_level_missing,がやがや,がやがや,,,,,,,https://ja.dict.naver.com/#/search?query=%E3%81%8C%E3%82%84%E3%81%8C%E3%82%84,2026-08-19T00:31:52+0900,No JLPT-tagged NAVER entry found
w_0e945f50fef8ccd1,N1,,naver_level_missing,ぎくしゃくする,ぎくしゃくする,,,,,,,https://ja.dict.naver.com/#/search?query=%E3%81%8E%E3%81%8F%E3%81%97%E3%82%83%E3%81%8F%E3%81%99%E3%82%8B,2026-08-19T00:31:52+0900,No JLPT-tagged NAVER entry found
w_862d6a9a85c61cfc,N1,,naver_level_missing,さっぱりする,さっぱりする,,,,,,,https://ja.dict.naver.com/#/search?query=%E3%81%95%E3%81%A3%E3%81%B1%E3%82%8A%E3%81%99%E3%82%8B,2026-08-19T00:31:52+0900,No JLPT-tagged NAVER entry found
w_f7150303f9f13754,N1,,naver_level_missing,じめじめする,じめじめする,,,,,,,https://ja.dict.naver.com/#/search?query=%E3%81%98%E3%82%81%E3%81%98%E3%82%81%E3%81%99%E3%82%8B,2026-08-19T00:31:52+0900,No JLPT-tagged NAVER entry found
w_bc10256c90a28adf,N1,,naver_level_missing,すべすべ,すべすべ,,,,,,,https://ja.dict.naver.com/#/search?query=%E3%81%99%E3%81%B9%E3%81%99%E3%81%B9,2026-08-19T00:31:52+0900,No JLPT-tagged NAVER entry found
w_5e7dc6e83da2cf4d,N1,,naver_level_missing,すれ違い,すれちがい,,,,,,,https://ja.dict.naver.com/#/search?query=%E3%81%99%E3%82%8C%E9%81%95%E3%81%84,2026-08-19T00:31:52+0900,No JLPT-tagged NAVER entry found
w_09df22599f2680a8,N1,,naver_level_missing,ずっしりと,ずっしりと,,,,,,,https://ja.dict.naver.com/#/search?query=%E3%81%9A%E3%81%A3%E3%81%97%E3%82%8A%E3%81%A8,2026-08-19T00:31:52+0900,No JLPT-tagged NAVER entry found
w_8f12e829bd3a3c60,N1,,naver_level_missing,せかせかと,せかせかと,,,,,,,https://ja.dict.naver.com/#/search?query=%E3%81%9B%E3%81%8B%E3%81%9B%E3%81%8B%E3%81%A8,2026-08-19T00:31:52+0900,No JLPT-tagged NAVER entry found
w_00fdfc96ba99bd53,N1,,naver_level_missing,そわそわ,そわそわ,,,,,,,https://ja.dict.naver.com/#/search?query=%E3%81%9D%E3%82%8F%E3%81%9D%E3%82%8F,2026-08-19T00:31:52+0900,No JLPT-tagged NAVER entry found
w_be035463f7a68af0,N1,,naver_level_missing,つかの間,つかのま,,,,,,,https://ja.dict.naver.com/#/search?query=%E3%81%A4%E3%81%8B%E3%81%AE%E9%96%93,2026-08-19T00:31:52+0900,No JLPT-tagged NAVER entry found
w_47edcddb0f1d2f8d,N1,,naver_level_missing,てきぱき,てきぱき,,,,,,,https://ja.dict.naver.com/#/search?query=%E3%81%A6%E3%81%8D%E3%81%B1%E3%81%8D,2026-08-19T00:31:52+0900,No JLPT-tagged NAVER entry found
w_e46e25b8f8c8a88c,N1,,naver_level_missing,にも関わらず,にもかかわらず,,,,,,,https://ja.dict.naver.com/#/search?query=%E3%81%AB%E3%82%82%E9%96%A2%E3%82%8F%E3%82%89%E3%81%9A,2026-08-19T00:31:52+0900,No JLPT-tagged NAVER entry found
w_87719fa65c93c9d4,N1,,naver_level_missing,ひしひしと,ひしひしと,,,,,,,https://ja.dict.naver.com/#/search?query=%E3%81%B2%E3%81%97%E3%81%B2%E3%81%97%E3%81%A8,2026-08-19T00:31:52+0900,No JLPT-tagged NAVER entry found
w_f2ad7e17b7d9da41,N1,,naver_level_missing,へとへと,へとへと,,,,,,,https://ja.dict.naver.com/#/search?query=%E3%81%B8%E3%81%A8%E3%81%B8%E3%81%A8,2026-08-19T00:31:52+0900,No JLPT-tagged NAVER entry found
w_fc60d1c406caed4b,N1,,naver_level_missing,みっちり,みっちり,,,,,,,https://ja.dict.naver.com/#/search?query=%E3%81%BF%E3%81%A3%E3%81%A1%E3%82%8A,2026-08-19T00:31:52+0900,No JLPT-tagged NAVER entry found
w_790cf4bdda0645fb,N1,,naver_level_missing,もどかしい,もどかしい,,,,,,,https://ja.dict.naver.com/#/search?query=%E3%82%82%E3%81%A9%E3%81%8B%E3%81%97%E3%81%84,2026-08-19T00:31:52+0900,No JLPT-tagged NAVER entry found
w_d8f9e2302104e892,N1,,naver_level_missing,やむを得ず,やむをえず,,,,,,,https://ja.dict.naver.com/#/search?query=%E3%82%84%E3%82%80%E3%82%92%E5%BE%97%E3%81%9A,2026-08-19T00:31:52+0900,No JLPT-tagged NAVER entry found
w_2f80515abdd9d298,N1,,naver_level_missing,インターフォン,インターフォン,,,,,,,https://ja.dict.naver.com/#/search?query=%E3%82%A4%E3%83%B3%E3%82%BF%E3%83%BC%E3%83%95%E3%82%A9%E3%83%B3,2026-08-19T00:31:52+0900,No JLPT-tagged NAVER entry found
w_76cd61803b197a73,N1,,naver_level_missing,ウエイト,ウエイト,,,,,,,https://ja.dict.naver.com/#/search?query=%E3%82%A6%E3%82%A8%E3%82%A4%E3%83%88,2026-08-19T00:31:52+0900,No JLPT-tagged NAVER entry found
w_5f17979c49bed7c4,N1,,naver_level_missing,クレーム,クレーム,,,,,,,https://ja.dict.naver.com/#/search?query=%E3%82%AF%E3%83%AC%E3%83%BC%E3%83%A0,2026-08-19T00:31:52+0900,No JLPT-tagged NAVER entry found
w_706ae61e7198af9c,N1,,naver_level_missing,コンスタントに,コンスタントに,,,,,,,https://ja.dict.naver.com/#/search?query=%E3%82%B3%E3%83%B3%E3%82%B9%E3%82%BF%E3%83%B3%E3%83%88%E3%81%AB,2026-08-19T00:31:52+0900,No JLPT-tagged NAVER entry found
w_61a461e00a21af9a,N1,,naver_level_missing,センサー,センサー,,,,,,,https://ja.dict.naver.com/#/search?query=%E3%82%BB%E3%83%B3%E3%82%B5%E3%83%BC,2026-08-19T00:31:52+0900,No JLPT-tagged NAVER entry found
w_2a768ef5dc0abdb7,N1,,naver_level_missing,タンパク質,たんぱくしつ,,,,,,,https://ja.dict.naver.com/#/search?query=%E3%82%BF%E3%83%B3%E3%83%91%E3%82%AF%E8%B3%AA,2026-08-19T00:31:52+0900,No JLPT-tagged NAVER entry found
w_ef69d226c0ff5071,N1,,naver_level_missing,ダンプ,ダンプ,,,,,,,https://ja.dict.naver.com/#/search?query=%E3%83%80%E3%83%B3%E3%83%97,2026-08-19T00:31:52+0900,No JLPT-tagged NAVER entry found
w_44db7429578a8638,N1,,naver_level_missing,ティッシュペーパー,ティッシュペーパー,,,,,,,https://ja.dict.naver.com/#/search?query=%E3%83%86%E3%82%A3%E3%83%83%E3%82%B7%E3%83%A5%E3%83%9A%E3%83%BC%E3%83%91%E3%83%BC,2026-08-19T00:31:52+0900,No JLPT-tagged NAVER entry found
w_ac480dfae7f71b45,N1,,naver_level_missing,ネック,ネック,,,,,,,https://ja.dict.naver.com/#/search?query=%E3%83%8D%E3%83%83%E3%82%AF,2026-08-19T00:31:52+0900,No JLPT-tagged NAVER entry found
w_92b609a19a2d5bb5,N1,,naver_level_missing,ノウハウ,ノウハウ,,,,,,,https://ja.dict.naver.com/#/search?query=%E3%83%8E%E3%82%A6%E3%83%8F%E3%82%A6,2026-08-19T00:31:52+0900,No JLPT-tagged NAVER entry found
w_2ecea75442206e84,N1,,naver_level_missing,ノルマ,ノルマ,,,,,,,https://ja.dict.naver.com/#/search?query=%E3%83%8E%E3%83%AB%E3%83%9E,2026-08-19T00:31:52+0900,No JLPT-tagged NAVER entry found
w_ae70c9f3987fc920,N1,,naver_level_missing,ハードル,ハードル,,,,,,,https://ja.dict.naver.com/#/search?query=%E3%83%8F%E3%83%BC%E3%83%89%E3%83%AB,2026-08-19T00:31:52+0900,No JLPT-tagged NAVER entry found
w_a3e4b1cc3e60aae9,N1,,naver_level_missing,ピント,ピント,,,,,,,https://ja.dict.naver.com/#/search?query=%E3%83%94%E3%83%B3%E3%83%88,2026-08-19T00:31:52+0900,No JLPT-tagged NAVER entry found
w_be8f9e3b572d5ccc,N1,,naver_level_missing,フォローする,フォローする,,,,,,,https://ja.dict.naver.com/#/search?query=%E3%83%95%E3%82%A9%E3%83%AD%E3%83%BC%E3%81%99%E3%82%8B,2026-08-19T00:31:52+0900,No JLPT-tagged NAVER entry found
w_d893936600008bb3,N1,,naver_level_missing,ユニフォーム,ユニフォーム,,,,,,,https://ja.dict.naver.com/#/search?query=%E3%83%A6%E3%83%8B%E3%83%95%E3%82%A9%E3%83%BC%E3%83%A0,2026-08-19T00:31:52+0900,No JLPT-tagged NAVER entry found
w_11f44b191e516e20,N1,,naver_level_missing,リスク,リスク,,,,,,,https://ja.dict.naver.com/#/search?query=%E3%83%AA%E3%82%B9%E3%82%AF,2026-08-19T00:31:52+0900,No JLPT-tagged NAVER entry found
w_67b9ee16274ff79d,N1,,naver_level_missing,リストアップ,リストアップ,,,,,,,https://ja.dict.naver.com/#/search?query=%E3%83%AA%E3%82%B9%E3%83%88%E3%82%A2%E3%83%83%E3%83%97,2026-08-19T00:31:52+0900,No JLPT-tagged NAVER entry found
w_c73145fc9684b446,N1,,naver_level_missing,レイアウト,レイアウト,,,,,,,https://ja.dict.naver.com/#/search?query=%E3%83%AC%E3%82%A4%E3%82%A2%E3%82%A6%E3%83%88,2026-08-19T00:31:52+0900,No JLPT-tagged NAVER entry found
w_150dcbd2b6dcb160,N1,,naver_level_missing,ロープウェイ,ロープウェイ,,,,,,,https://ja.dict.naver.com/#/search?query=%E3%83%AD%E3%83%BC%E3%83%97%E3%82%A6%E3%82%A7%E3%82%A4,2026-08-19T00:31:52+0900,No JLPT-tagged NAVER entry found
w_c8414f11df443a17,N1,,naver_level_missing,一任,いちにん,,,,,,,https://ja.dict.naver.com/#/search?query=%E4%B8%80%E4%BB%BB,2026-08-19T00:31:52+0900,No JLPT-tagged NAVER entry found
w_c017d3fc119dd1f4,N1,,naver_level_missing,一律に,いちりつに,,,,,,,https://ja.dict.naver.com/#/search?query=%E4%B8%80%E5%BE%8B%E3%81%AB,2026-08-19T00:31:52+0900,No JLPT-tagged NAVER entry found
w_c6e82c69a1c19ed3,N1,,naver_level_missing,一挙に,いっきょに,,,,,,,https://ja.dict.naver.com/#/search?query=%E4%B8%80%E6%8C%99%E3%81%AB,2026-08-19T00:31:52+0900,No JLPT-tagged NAVER entry found
w_dfadcb81869cc16a,N1,,naver_level_missing,一掃,いっそう,,,,,,,https://ja.dict.naver.com/#/search?query=%E4%B8%80%E6%8E%83,2026-08-19T00:31:52+0900,No JLPT-tagged NAVER entry found
w_ac73764019110133,N1,,naver_level_missing,一環,いっかん,,,,,,,https://ja.dict.naver.com/#/search?query=%E4%B8%80%E7%92%B0,2026-08-19T00:31:52+0900,No JLPT-tagged NAVER entry found
w_ab222fb1839b50be,N1,,naver_level_missing,不意に,ふいに,,,,,,,https://ja.dict.naver.com/#/search?query=%E4%B8%8D%E6%84%8F%E3%81%AB,2026-08-19T00:31:52+0900,No JLPT-tagged NAVER entry found
w_06e3cd11e3eb6359,N1,,naver_level_missing,不用意な,ふよういな,,,,,,,https://ja.dict.naver.com/#/search?query=%E4%B8%8D%E7%94%A8%E6%84%8F%E3%81%AA,2026-08-19T00:31:52+0900,No JLPT-tagged NAVER entry found
w_f10d56d8651e9bba,N1,,naver_level_missing,丸々,まるまる,,,,,,,https://ja.dict.naver.com/#/search?query=%E4%B8%B8%E3%80%85,2026-08-19T00:31:52+0900,No JLPT-tagged NAVER entry found
w_ff6f3ce8eeae9213,N1,,naver_level_missing,丹念な,たんねんな,,,,,,,https://ja.dict.naver.com/#/search?query=%E4%B8%B9%E5%BF%B5%E3%81%AA,2026-08-19T00:31:52+0900,No JLPT-tagged NAVER entry found
w_a70263ff88911e3e,N1,,naver_level_missing,乗り出す,のりだす,,,,,,,https://ja.dict.naver.com/#/search?query=%E4%B9%97%E3%82%8A%E5%87%BA%E3%81%99,2026-08-19T00:31:52+0900,No JLPT-tagged NAVER entry found
w_a231f59f86279dcb,N1,,naver_level_missing,乗り込む,のりこむ,,,,,,,https://ja.dict.naver.com/#/search?query=%E4%B9%97%E3%82%8A%E8%BE%BC%E3%82%80,2026-08-19T00:31:52+0900,No JLPT-tagged NAVER entry found
w_fe5fee1184b27dda,N1,,naver_level_missing,予断,よだん,,,,,,,https://ja.dict.naver.com/#/search?query=%E4%BA%88%E6%96%AD,2026-08-19T00:31:52+0900,No JLPT-tagged NAVER entry found
w_73b7994c2eb747bd,N1,,naver_level_missing,云々,うんぬん,,,,,,,https://ja.dict.naver.com/#/search?query=%E4%BA%91%E3%80%85,2026-08-19T00:31:52+0900,No JLPT-tagged NAVER entry found
w_be6c610da5c1ab8d,N1,,naver_level_missing,互角,ごかく,,,,,,,https://ja.dict.naver.com/#/search?query=%E4%BA%92%E8%A7%92,2026-08-19T00:31:52+0900,No JLPT-tagged NAVER entry found
w_862152d331038cdb,N1,,naver_level_missing,些細な,ささいな,,,,,,,https://ja.dict.naver.com/#/search?query=%E4%BA%9B%E7%B4%B0%E3%81%AA,2026-08-19T00:31:52+0900,No JLPT-tagged NAVER entry found
w_59e50bf36e18a412,N1,,naver_level_missing,交わす,かわす,,,,,,,https://ja.dict.naver.com/#/search?query=%E4%BA%A4%E3%82%8F%E3%81%99,2026-08-19T00:31:52+0900,No JLPT-tagged NAVER entry found
w_3301d891bd6f4186,N1,,naver_level_missing,交錯する,こうさくする,,,,,,,https://ja.dict.naver.com/#/search?query=%E4%BA%A4%E9%8C%AF%E3%81%99%E3%82%8B,2026-08-19T00:31:52+0900,No JLPT-tagged NAVER entry found
w_913e70a1a243c809,N1,,naver_level_missing,人一倍,ひといちばい,,,,,,,https://ja.dict.naver.com/#/search?query=%E4%BA%BA%E4%B8%80%E5%80%8D,2026-08-19T00:31:52+0900,No JLPT-tagged NAVER entry found
w_88c43259bfb6ff51,N1,,naver_level_missing,人出,ひとで,,,,,,,https://ja.dict.naver.com/#/search?query=%E4%BA%BA%E5%87%BA,2026-08-19T00:31:52+0900,No JLPT-tagged NAVER entry found
w_376c24e325210ddf,N1,,naver_level_missing,人手,ひとで,,,,,,,https://ja.dict.naver.com/#/search?query=%E4%BA%BA%E6%89%8B,2026-08-19T00:31:52+0900,No JLPT-tagged NAVER entry found
w_73d48198071da2ca,N1,,naver_level_missing,人波,ひとなみ,,,,,,,https://ja.dict.naver.com/#/search?query=%E4%BA%BA%E6%B3%A2,2026-08-19T00:31:52+0900,No JLPT-tagged NAVER entry found
w_eca9d06a477ba945,N1,,naver_level_missing,人脈,じんみゃく,,,,,,,https://ja.dict.naver.com/#/search?query=%E4%BA%BA%E8%84%88,2026-08-19T00:31:52+0900,No JLPT-tagged NAVER entry found
w_ef28884111a886f1,N1,,naver_level_missing,仕上がり,しあがり,,,,,,,https://ja.dict.naver.com/#/search?query=%E4%BB%95%E4%B8%8A%E3%81%8C%E3%82%8A,2026-08-19T00:31:52+0900,No JLPT-tagged NAVER entry found
w_6e2910d8d4a26c4c,N1,,naver_level_missing,仕上がる,しあがる,,,,,,,https://ja.dict.naver.com/#/search?query=%E4%BB%95%E4%B8%8A%E3%81%8C%E3%82%8B,2026-08-19T00:31:52+0900,No JLPT-tagged NAVER entry found
w_edaaa51fc020be6e,N1,,naver_level_missing,仕上げ,しあげ,,,,,,,https://ja.dict.naver.com/#/search?query=%E4%BB%95%E4%B8%8A%E3%81%92,2026-08-19T00:31:52+0900,No JLPT-tagged NAVER entry found
w_b87f291dcfcaefd7,N1,,naver_level_missing,仕掛け,しかけ,,,,,,,https://ja.dict.naver.com/#/search?query=%E4%BB%95%E6%8E%9B%E3%81%91,2026-08-19T00:31:52+0900,No JLPT-tagged NAVER entry found
w_00b6d9661826f4ca,N1,,naver_level_missing,仕方なく,しかたなく,,,,,,,https://ja.dict.naver.com/#/search?query=%E4%BB%95%E6%96%B9%E3%81%AA%E3%81%8F,2026-08-19T00:31:52+0900,No JLPT-tagged NAVER entry found
w_2a5bde6cf8e65b4d,N1,,naver_level_missing,仕業,しわざ,,,,,,,https://ja.dict.naver.com/#/search?query=%E4%BB%95%E6%A5%AD,2026-08-19T00:31:52+0900,No JLPT-tagged NAVER entry found
w_b025d61bd92053cb,N1,,naver_level_missing,仕組み,しくみ,,,,,,,https://ja.dict.naver.com/#/search?query=%E4%BB%95%E7%B5%84%E3%81%BF,2026-08-19T00:31:52+0900,No JLPT-tagged NAVER entry found
w_8a0b553b954aa944,N1,,naver_level_missing,仰天,ぎょうてん,,,,,,,https://ja.dict.naver.com/#/search?query=%E4%BB%B0%E5%A4%A9,2026-08-19T00:31:52+0900,No JLPT-tagged NAVER entry found
w_12a8e8485deb3e3b,N1,,naver_level_missing,仲裁,ちゅうさい,,,,,,,https://ja.dict.naver.com/#/search?query=%E4%BB%B2%E8%A3%81,2026-08-19T00:31:52+0900,No JLPT-tagged NAVER entry found
w_6e5945c0cdea6719,N1,,naver_level_missing,会心,かいしん,,,,,,,https://ja.dict.naver.com/#/search?query=%E4%BC%9A%E5%BF%83,2026-08-19T00:31:52+0900,No JLPT-tagged NAVER entry found
w_c766896a204faa81,N1,,naver_level_missing,体付き,からだつき,,,,,,,https://ja.dict.naver.com/#/search?query=%E4%BD%93%E4%BB%98%E3%81%8D,2026-08-19T00:31:52+0900,No JLPT-tagged NAVER entry found
w_9ab22525169e4b3d,N1,,naver_level_missing,何となく,なんとなく,,,,,,,https://ja.dict.naver.com/#/search?query=%E4%BD%95%E3%81%A8%E3%81%AA%E3%81%8F,2026-08-19T00:31:52+0900,No JLPT-tagged NAVER entry found
w_8fceccfb0b0413c3,N1,,naver_level_missing,何なり,なんなり,,,,,,,https://ja.dict.naver.com/#/search?query=%E4%BD%95%E3%81%AA%E3%82%8A,2026-08-19T00:31:52+0900,No JLPT-tagged NAVER entry found
w_371f1a41edd2c949,N1,,naver_level_missing,何気ない,なにげない,,,,,,,https://ja.dict.naver.com/#/search?query=%E4%BD%95%E6%B0%97%E3%81%AA%E3%81%84,2026-08-19T00:31:52+0900,No JLPT-tagged NAVER entry found
w_e7491fca55f36dfd,N1,,naver_level_missing,余波,よは,,,,,,,https://ja.dict.naver.com/#/search?query=%E4%BD%99%E6%B3%A2,2026-08-19T00:31:52+0900,No JLPT-tagged NAVER entry found
w_d349c1895296e908,N1,,naver_level_missing,供与,きょうよ,,,,,,,https://ja.dict.naver.com/#/search?query=%E4%BE%9B%E4%B8%8E,2026-08-19T00:31:52+0900,No JLPT-tagged NAVER entry found
w_f8e92c4c88241b90,N1,,naver_level_missing,侮る,あなどる,,,,,,,https://ja.dict.naver.com/#/search?query=%E4%BE%AE%E3%82%8B,2026-08-19T00:31:52+0900,No JLPT-tagged NAVER entry found
w_c9278b57465a3ff2,N1,,naver_level_missing,俄には,にわかには,,,,,,,https://ja.dict.naver.com/#/search?query=%E4%BF%84%E3%81%AB%E3%81%AF,2026-08-19T00:31:52+0900,No JLPT-tagged NAVER entry found
w_6273ce23fa23feb8,N1,,naver_level_missing,倍率,ばいりつ,,,,,,,https://ja.dict.naver.com/#/search?query=%E5%80%8D%E7%8E%87,2026-08-19T00:31:52+0900,No JLPT-tagged NAVER entry found
w_cdbd72d7aa724c5d,N1,,naver_level_missing,偏り,かたより,,,,,,,https://ja.dict.naver.com/#/search?query=%E5%81%8F%E3%82%8A,2026-08-19T00:31:52+0900,No JLPT-tagged NAVER entry found
w_6f6e6c5f4b2569d6,N1,,naver_level_missing,健やかな,すこやかな,,,,,,,https://ja.dict.naver.com/#/search?query=%E5%81%A5%E3%82%84%E3%81%8B%E3%81%AA,2026-08-19T00:31:52+0900,No JLPT-tagged NAVER entry found
w_1447cd157d5f61da,N1,,naver_level_missing,偽り,いつわり,,,,,,,https://ja.dict.naver.com/#/search?query=%E5%81%BD%E3%82%8A,2026-08-19T00:31:52+0900,No JLPT-tagged NAVER entry found
w_0d06dadc29388677,N1,,naver_level_missing,債務,さいむ,,,,,,,https://ja.dict.naver.com/#/search?query=%E5%82%B5%E5%8B%99,2026-08-19T00:31:52+0900,No JLPT-tagged NAVER entry found
w_1715b578802aa5e8,N1,,naver_level_missing,億劫だ,おっくうだ,,,,,,,https://ja.dict.naver.com/#/search?query=%E5%84%84%E5%8A%AB%E3%81%A0,2026-08-19T00:31:52+0900,No JLPT-tagged NAVER entry found
w_922352fdc37d1ea2,N1,,naver_level_missing,克明な,こくめいな,,,,,,,https://ja.dict.naver.com/#/search?query=%E5%85%8B%E6%98%8E%E3%81%AA,2026-08-19T00:31:52+0900,No JLPT-tagged NAVER entry found
w_4a9ade7c35cb2e1c,N1,,naver_level_missing,克明に,こくめいに,,,,,,,https://ja.dict.naver.com/#/search?query=%E5%85%8B%E6%98%8E%E3%81%AB,2026-08-19T00:31:52+0900,No JLPT-tagged NAVER entry found
w_e0ea6104408e520b,N1,,naver_level_missing,入念な,にゅうねんな,,,,,,,https://ja.dict.naver.com/#/search?query=%E5%85%A5%E5%BF%B5%E3%81%AA,2026-08-19T00:31:52+0900,No JLPT-tagged NAVER entry found
w_4a6400c61a33361e,N1,,naver_level_missing,全うする,まっとうする,,,,,,,https://ja.dict.naver.com/#/search?query=%E5%85%A8%E3%81%86%E3%81%99%E3%82%8B,2026-08-19T00:31:52+0900,No JLPT-tagged NAVER entry found
w_15461a7a13870082,N1,,naver_level_missing,冷淡な,れいたんな,,,,,,,https://ja.dict.naver.com/#/search?query=%E5%86%B7%E6%B7%A1%E3%81%AA,2026-08-19T00:31:52+0900,No JLPT-tagged NAVER entry found
w_a2e6614246e92396,N1,,naver_level_missing,凄まじい,すさまじい,,,,,,,https://ja.dict.naver.com/#/search?query=%E5%87%84%E3%81%BE%E3%81%98%E3%81%84,2026-08-19T00:31:52+0900,No JLPT-tagged NAVER entry found
w_fd90b6084996b24c,N1,,naver_level_missing,凝縮,ぎょうしゅく,,,,,,,https://ja.dict.naver.com/#/search?query=%E5%87%9D%E7%B8%AE,2026-08-19T00:31:52+0900,No JLPT-tagged NAVER entry found
w_0c07b0a96399d66d,N1,,naver_level_missing,出没,しゅつぼつ,,,,,,,https://ja.dict.naver.com/#/search?query=%E5%87%BA%E6%B2%A1,2026-08-19T00:31:52+0900,No JLPT-tagged NAVER entry found
w_8bdc1679feec4bca,N1,,naver_level_missing,分厚い,ぶあつい,,,,,,,https://ja.dict.naver.com/#/search?query=%E5%88%86%E5%8E%9A%E3%81%84,2026-08-19T00:31:52+0900,No JLPT-tagged NAVER entry found
w_cf8ca12b18f7c25c,N1,,naver_level_missing,分裂,ぶんれつ,,,,,,,https://ja.dict.naver.com/#/search?query=%E5%88%86%E8%A3%82,2026-08-19T00:31:52+0900,No JLPT-tagged NAVER entry found
w_4be7d80710b29123,N1,,naver_level_missing,切り出す,きりだす,,,,,,,https://ja.dict.naver.com/#/search?query=%E5%88%87%E3%82%8A%E5%87%BA%E3%81%99,2026-08-19T00:31:52+0900,No JLPT-tagged NAVER entry found
w_fa131223d290a13b,N1,,naver_level_missing,切り替え,きりかえ,,,,,,,https://ja.dict.naver.com/#/search?query=%E5%88%87%E3%82%8A%E6%9B%BF%E3%81%88,2026-08-19T00:31:52+0900,No JLPT-tagged NAVER entry found
w_495258755882bfe4,N1,,naver_level_missing,切実な,せつじつな,,,,,,,https://ja.dict.naver.com/#/search?query=%E5%88%87%E5%AE%9F%E3%81%AA,2026-08-19T00:31:52+0900,No JLPT-tagged NAVER entry found
w_0a1f3e39861eacb0,N1,,naver_level_missing,判別,はんべつ,,,,,,,https://ja.dict.naver.com/#/search?query=%E5%88%A4%E5%88%A5,2026-08-19T00:31:52+0900,No JLPT-tagged NAVER entry found
w_0ea31b98d247240b,N1,,naver_level_missing,剥がす,はがす,,,,,,,https://ja.dict.naver.com/#/search?query=%E5%89%A5%E3%81%8C%E3%81%99,2026-08-19T00:31:52+0900,No JLPT-tagged NAVER entry found
w_cadb4275463fc36e,N1,,naver_level_missing,加工する,かこうする,,,,,,,https://ja.dict.naver.com/#/search?query=%E5%8A%A0%E5%B7%A5%E3%81%99%E3%82%8B,2026-08-19T00:31:52+0900,No JLPT-tagged NAVER entry found
w_c75bde47bdbbaeb1,N1,,naver_level_missing,助長,じょちょう,,,,,,,https://ja.dict.naver.com/#/search?query=%E5%8A%A9%E9%95%B7,2026-08-19T00:31:52+0900,No JLPT-tagged NAVER entry found
w_058dd20d817eb3da,N1,,naver_level_missing,効率,こうりつ,,,,,,,https://ja.dict.naver.com/#/search?query=%E5%8A%B9%E7%8E%87,2026-08-19T00:31:52+0900,No JLPT-tagged NAVER entry found
w_3fb79a05ecdeb8e2,N1,,naver_level_missing,勇敢に,ゆうかんに,,,,,,,https://ja.dict.naver.com/#/search?query=%E5%8B%87%E6%95%A2%E3%81%AB,2026-08-19T00:31:52+0900,No JLPT-tagged NAVER entry found
w_a3e3254fcf9f8bf7,N1,,naver_level_missing,即刻,そっこく,,,,,,,https://ja.dict.naver.com/#/search?query=%E5%8D%B3%E5%88%BB,2026-08-19T00:31:52+0900,No JLPT-tagged NAVER entry found
w_eea6908afcbc875c,N1,,naver_level_missing,却下する,きゃっかする,,,,,,,https://ja.dict.naver.com/#/search?query=%E5%8D%B4%E4%B8%8B%E3%81%99%E3%82%8B,2026-08-19T00:31:52+0900,No JLPT-tagged NAVER entry found
w_213731a026f67078,N1,,naver_level_missing,厳正な,げんせいな,,,,,,,https://ja.dict.naver.com/#/search?query=%E5%8E%B3%E6%AD%A3%E3%81%AA,2026-08-19T00:31:52+0900,No JLPT-tagged NAVER entry found
w_dbc9be61b1093e8f,N1,,naver_level_missing,収まる,おさまる,,,,,,,https://ja.dict.naver.com/#/search?query=%E5%8F%8E%E3%81%BE%E3%82%8B,2026-08-19T00:31:52+0900,No JLPT-tagged NAVER entry found
w_6cbc49324d4cfd5f,N1,,naver_level_missing,収束,しゅうそく,,,,,,,https://ja.dict.naver.com/#/search?query=%E5%8F%8E%E6%9D%9F,2026-08-19T00:31:52+0900,No JLPT-tagged NAVER entry found
w_ef7c2b36a078abcb,N1,,naver_level_missing,取っ手,とって,,,,,,,https://ja.dict.naver.com/#/search?query=%E5%8F%96%E3%81%A3%E6%89%8B,2026-08-19T00:31:52+0900,No JLPT-tagged NAVER entry found
w_fc4b1b2a9b67e073,N1,,naver_level_missing,取り付ける,とりつける,,,,,,,https://ja.dict.naver.com/#/search?query=%E5%8F%96%E3%82%8A%E4%BB%98%E3%81%91%E3%82%8B,2026-08-19T00:31:52+0900,No JLPT-tagged NAVER entry found
w_ae4e376d4b46a091,N1,,naver_level_missing,取り巻く,とりまく,,,,,,,https://ja.dict.naver.com/#/search?query=%E5%8F%96%E3%82%8A%E5%B7%BB%E3%81%8F,2026-08-19T00:31:52+0900,No JLPT-tagged NAVER entry found
w_53f5a11a43999634,N1,,naver_level_missing,取り扱い,とりあつかい,,,,,,,https://ja.dict.naver.com/#/search?query=%E5%8F%96%E3%82%8A%E6%89%B1%E3%81%84,2026-08-19T00:31:52+0900,No JLPT-tagged NAVER entry found
w_d6a47632d886cffc,N1,,naver_level_missing,取り替え,とりかえ,,,,,,,https://ja.dict.naver.com/#/search?query=%E5%8F%96%E3%82%8A%E6%9B%BF%E3%81%88,2026-08-19T00:31:52+0900,No JLPT-tagged NAVER entry found
w_a938db468d00df23,N1,,naver_level_missing,取り次ぐ,とりつぐ,,,,,,,https://ja.dict.naver.com/#/search?query=%E5%8F%96%E3%82%8A%E6%AC%A1%E3%81%90,2026-08-19T00:31:52+0900,No JLPT-tagged NAVER entry found
w_95dcaf9c2e9062b9,N1,,naver_level_missing,取り立てる,とりたてる,,,,,,,https://ja.dict.naver.com/#/search?query=%E5%8F%96%E3%82%8A%E7%AB%8B%E3%81%A6%E3%82%8B,2026-08-19T00:31:52+0900,No JLPT-tagged NAVER entry found
w_4a507c2b9903c25a,N1,,naver_level_missing,取り締まり,とりしまり,,,,,,,https://ja.dict.naver.com/#/search?query=%E5%8F%96%E3%82%8A%E7%B7%A0%E3%81%BE%E3%82%8A,2026-08-19T00:31:52+0900,No JLPT-tagged NAVER entry found
w_639832d611535cb3,N1,,naver_level_missing,取り締まる,とりしまる,,,,,,,https://ja.dict.naver.com/#/search?query=%E5%8F%96%E3%82%8A%E7%B7%A0%E3%81%BE%E3%82%8B,2026-08-19T00:31:52+0900,No JLPT-tagged NAVER entry found
w_ee13be5cc30d87aa,N1,,naver_level_missing,受け付ける,うけつける,,,,,,,https://ja.dict.naver.com/#/search?query=%E5%8F%97%E3%81%91%E4%BB%98%E3%81%91%E3%82%8B,2026-08-19T00:31:52+0900,No JLPT-tagged NAVER entry found
w_8ac4bdc55f734e09,N1,,naver_level_missing,受け入れ,うけいれ,,,,,,,https://ja.dict.naver.com/#/search?query=%E5%8F%97%E3%81%91%E5%85%A5%E3%82%8C,2026-08-19T00:31:52+0900,No JLPT-tagged NAVER entry found
w_3275bf86431f78a7,N1,,naver_level_missing,受け止める,うけとめる,,,,,,,https://ja.dict.naver.com/#/search?query=%E5%8F%97%E3%81%91%E6%AD%A2%E3%82%81%E3%82%8B,2026-08-19T00:31:52+0900,No JLPT-tagged NAVER entry found
w_1a17fb3ec82e2dfe,N1,,naver_level_missing,受け継ぐ,うけつぐ,,,,,,,https://ja.dict.naver.com/#/search?query=%E5%8F%97%E3%81%91%E7%B6%99%E3%81%90,2026-08-19T00:31:52+0900,No JLPT-tagged NAVER entry found
w_9ab1e43c1a5da994,N1,,naver_level_missing,受け身,うけみ,,,,,,,https://ja.dict.naver.com/#/search?query=%E5%8F%97%E3%81%91%E8%BA%AB,2026-08-19T00:31:52+0900,No JLPT-tagged NAVER entry found
w_1bbdac2276d06c29,N1,,naver_level_missing,受持ち,うけもち,,,,,,,https://ja.dict.naver.com/#/search?query=%E5%8F%97%E6%8C%81%E3%81%A1,2026-08-19T00:31:52+0900,No JLPT-tagged NAVER entry found
w_ab86e857aea44aa8,N1,,naver_level_missing,受賞,じゅしょう,,,,,,,https://ja.dict.naver.com/#/search?query=%E5%8F%97%E8%B3%9E,2026-08-19T00:31:52+0900,No JLPT-tagged NAVER entry found
w_27014025f17eabd5,N1,,naver_level_missing,同伴,どうはん,,,,,,,https://ja.dict.naver.com/#/search?query=%E5%90%8C%E4%BC%B4,2026-08-19T00:31:52+0900,No JLPT-tagged NAVER entry found
w_161922e34fc9dd4e,N1,,naver_level_missing,否む,いなむ,,,,,,,https://ja.dict.naver.com/#/search?query=%E5%90%A6%E3%82%80,2026-08-19T00:31:52+0900,No JLPT-tagged NAVER entry found
w_bfe63e6d42715b15,N1,,naver_level_missing,否めない,いなめない,,,,,,,https://ja.dict.naver.com/#/search?query=%E5%90%A6%E3%82%81%E3%81%AA%E3%81%84,2026-08-19T00:31:52+0900,No JLPT-tagged NAVER entry found
w_08149ad39d83534d,N1,,naver_level_missing,咄嗟に,とっさに,,,,,,,https://ja.dict.naver.com/#/search?query=%E5%92%84%E5%97%9F%E3%81%AB,2026-08-19T00:31:52+0900,No JLPT-tagged NAVER entry found
w_75a1c52f3188946d,N1,,naver_level_missing,和らぐ,やわらぐ,,,,,,,https://ja.dict.naver.com/#/search?query=%E5%92%8C%E3%82%89%E3%81%90,2026-08-19T00:31:52+0900,No JLPT-tagged NAVER entry found
w_ea9f48642acb9689,N1,,naver_level_missing,和解,わかい,,,,,,,https://ja.dict.naver.com/#/search?query=%E5%92%8C%E8%A7%A3,2026-08-19T00:31:52+0900,No JLPT-tagged NAVER entry found
w_8fa803c957f558d8,N1,,naver_level_missing,商う,あきなう,,,,,,,https://ja.dict.naver.com/#/search?query=%E5%95%86%E3%81%86,2026-08-19T00:31:52+0900,No JLPT-tagged NAVER entry found
w_57f97ee9e78b95de,N1,,naver_level_missing,嘘つき,うそつき,,,,,,,https://ja.dict.naver.com/#/search?query=%E5%98%98%E3%81%A4%E3%81%8D,2026-08-19T00:31:52+0900,No JLPT-tagged NAVER entry found
w_aa07ddb4c44be3e9,N1,,naver_level_missing,回顧,かいこ,,,,,,,https://ja.dict.naver.com/#/search?query=%E5%9B%9E%E9%A1%A7,2026-08-19T00:31:52+0900,No JLPT-tagged NAVER entry found
w_3129de0be21afd27,N1,,naver_level_missing,埋め込む,うめこむ,,,,,,,https://ja.dict.naver.com/#/search?query=%E5%9F%8B%E3%82%81%E8%BE%BC%E3%82%80,2026-08-19T00:31:52+0900,No JLPT-tagged NAVER entry found
w_b1c88bc724915375,N1,,naver_level_missing,執着する,しゅうちゃくする,,,,,,,https://ja.dict.naver.com/#/search?query=%E5%9F%B7%E7%9D%80%E3%81%99%E3%82%8B,2026-08-19T00:31:52+0900,No JLPT-tagged NAVER entry found
w_bfb7067491b01b15,N1,,naver_level_missing,培う,つちかう,,,,,,,https://ja.dict.naver.com/#/search?query=%E5%9F%B9%E3%81%86,2026-08-19T00:31:52+0900,No JLPT-tagged NAVER entry found
w_9575469881a845d9,N1,,naver_level_missing,堂々,どうどう,,,,,,,https://ja.dict.naver.com/#/search?query=%E5%A0%82%E3%80%85,2026-08-19T00:31:52+0900,No JLPT-tagged NAVER entry found
w_ae61ec6bead769c0,N1,,naver_level_missing,堅実な,けんじつな,,,,,,,https://ja.dict.naver.com/#/search?query=%E5%A0%85%E5%AE%9F%E3%81%AA,2026-08-19T00:31:52+0900,No JLPT-tagged NAVER entry found
w_ab78cac2ab65c97c,N1,,naver_level_missing,塵取り,ちりとり,,,,,,,https://ja.dict.naver.com/#/search?query=%E5%A1%B5%E5%8F%96%E3%82%8A,2026-08-19T00:31:52+0900,No JLPT-tagged NAVER entry found
w_c05a879fd3e3ce99,N1,,naver_level_missing,売り出し,うりだし,,,,,,,https://ja.dict.naver.com/#/search?query=%E5%A3%B2%E3%82%8A%E5%87%BA%E3%81%97,2026-08-19T00:31:52+0900,No JLPT-tagged NAVER entry found
w_c96c011ca817b487,N1,,naver_level_missing,売り出す,うりだす,,,,,,,https://ja.dict.naver.com/#/search?query=%E5%A3%B2%E3%82%8A%E5%87%BA%E3%81%99,2026-08-19T00:31:52+0900,No JLPT-tagged NAVER entry found
w_1cf06df0896303c4,N1,,naver_level_missing,夕暮れ,ゆうぐれ,,,,,,,https://ja.dict.naver.com/#/search?query=%E5%A4%95%E6%9A%AE%E3%82%8C,2026-08-19T00:31:52+0900,No JLPT-tagged NAVER entry found
w_ad7b7731718d0f45,N1,,naver_level_missing,夕焼け,ゆうやけ,,,,,,,https://ja.dict.naver.com/#/search?query=%E5%A4%95%E7%84%BC%E3%81%91,2026-08-19T00:31:52+0900,No JLPT-tagged NAVER entry found
w_df535218b21a0742,N1,,naver_level_missing,多岐,たき,,,,,,,https://ja.dict.naver.com/#/search?query=%E5%A4%9A%E5%B2%90,2026-08-19T00:31:52+0900,No JLPT-tagged NAVER entry found
w_fab538791501b708,N1,,naver_level_missing,多角的な,たかくてきな,,,,,,,https://ja.dict.naver.com/#/search?query=%E5%A4%9A%E8%A7%92%E7%9A%84%E3%81%AA,2026-08-19T00:31:52+0900,No JLPT-tagged NAVER entry found
w_8be696a8d9b00b88,N1,,naver_level_missing,夜更かし,よふかし,,,,,,,https://ja.dict.naver.com/#/search?query=%E5%A4%9C%E6%9B%B4%E3%81%8B%E3%81%97,2026-08-19T00:31:52+0900,No JLPT-tagged NAVER entry found
w_cc78ebd8b2b6037f,N1,,naver_level_missing,大らかな,おおらかな,,,,,,,https://ja.dict.naver.com/#/search?query=%E5%A4%A7%E3%82%89%E3%81%8B%E3%81%AA,2026-08-19T00:31:52+0900,No JLPT-tagged NAVER entry found
w_0a7f5d85e62adec6,N1,,naver_level_missing,奔放な,ほんぽうな,,,,,,,https://ja.dict.naver.com/#/search?query=%E5%A5%94%E6%94%BE%E3%81%AA,2026-08-19T00:31:52+0900,No JLPT-tagged NAVER entry found
w_ea661acf1c6cecb0,N1,,naver_level_missing,如実に,にょじつに,,,,,,,https://ja.dict.naver.com/#/search?query=%E5%A6%82%E5%AE%9F%E3%81%AB,2026-08-19T00:31:52+0900,No JLPT-tagged NAVER entry found
w_894a68158d207560,N1,,naver_level_missing,嫌々,いやいや,,,,,,,https://ja.dict.naver.com/#/search?query=%E5%AB%8C%E3%80%85,2026-08-19T00:31:52+0900,No JLPT-tagged NAVER entry found
w_0ac774f928c1e0ad,N1,,naver_level_missing,嫌み,いやみ,,,,,,,https://ja.dict.naver.com/#/search?query=%E5%AB%8C%E3%81%BF,2026-08-19T00:31:52+0900,No JLPT-tagged NAVER entry found
w_8e2653e7ffbebf1e,N1,,naver_level_missing,嫌悪感,けんおかん,,,,,,,https://ja.dict.naver.com/#/search?query=%E5%AB%8C%E6%82%AA%E6%84%9F,2026-08-19T00:31:52+0900,No JLPT-tagged NAVER entry found
w_c6154fb9cdd3820f,N1,,naver_level_missing,安らぐ,やすらぐ,,,,,,,https://ja.dict.naver.com/#/search?query=%E5%AE%89%E3%82%89%E3%81%90,2026-08-19T00:31:52+0900,No JLPT-tagged NAVER entry found
w_b63b20e8363c2e3b,N1,,naver_level_missing,実権,じっけん,,,,,,,https://ja.dict.naver.com/#/search?query=%E5%AE%9F%E6%A8%A9,2026-08-19T00:31:52+0900,No JLPT-tagged NAVER entry found
w_a5aecb63abc015f0,N1,,naver_level_missing,宥める,なだめる,,,,,,,https://ja.dict.naver.com/#/search?query=%E5%AE%A5%E3%82%81%E3%82%8B,2026-08-19T00:31:52+0900,No JLPT-tagged NAVER entry found
w_990e018f811afeb0,N1,,naver_level_missing,寄り掛かる,よりかかる,,,,,,,https://ja.dict.naver.com/#/search?query=%E5%AF%84%E3%82%8A%E6%8E%9B%E3%81%8B%E3%82%8B,2026-08-19T00:31:52+0900,No JLPT-tagged NAVER entry found
w_39666a9625efe874,N1,,naver_level_missing,密かな,ひそかな,,,,,,,https://ja.dict.naver.com/#/search?query=%E5%AF%86%E3%81%8B%E3%81%AA,2026-08-19T00:31:52+0900,No JLPT-tagged NAVER entry found
w_26d81f5679705394,N1,,naver_level_missing,寛ぐ,くつろぐ,,,,,,,https://ja.dict.naver.com/#/search?query=%E5%AF%9B%E3%81%90,2026-08-19T00:31:52+0900,No JLPT-tagged NAVER entry found
w_364206e8ac9cd095,N1,,naver_level_missing,小売,こうり,,,,,,,https://ja.dict.naver.com/#/search?query=%E5%B0%8F%E5%A3%B2,2026-08-19T00:31:52+0900,No JLPT-tagged NAVER entry found
w_a60b6753a0d75ab2,N1,,naver_level_missing,尽くす,つくす,,,,,,,https://ja.dict.naver.com/#/search?query=%E5%B0%BD%E3%81%8F%E3%81%99,2026-08-19T00:31:52+0900,No JLPT-tagged NAVER entry found
w_fe869f63d9660ff6,N1,,naver_level_missing,届,とどけ,,,,,,,https://ja.dict.naver.com/#/search?query=%E5%B1%8A,2026-08-19T00:31:52+0900,No JLPT-tagged NAVER entry found
w_114da5ca2ccf6d0b,N1,,naver_level_missing,巡り,めぐり,,,,,,,https://ja.dict.naver.com/#/search?query=%E5%B7%A1%E3%82%8A,2026-08-19T00:31:52+0900,No JLPT-tagged NAVER entry found
w_bd3290eca50bee3f,N1,,naver_level_missing,工面,くめん,,,,,,,https://ja.dict.naver.com/#/search?query=%E5%B7%A5%E9%9D%A2,2026-08-19T00:31:52+0900,No JLPT-tagged NAVER entry found
w_33559741a1aa5cd4,N1,,naver_level_missing,巨匠,きょしょう,,,,,,,https://ja.dict.naver.com/#/search?query=%E5%B7%A8%E5%8C%A0,2026-08-19T00:31:52+0900,No JLPT-tagged NAVER entry found
w_5059c36f92c76981,N1,,naver_level_missing,差し出す,さしだす,,,,,,,https://ja.dict.naver.com/#/search?query=%E5%B7%AE%E3%81%97%E5%87%BA%E3%81%99,2026-08-19T00:31:52+0900,No JLPT-tagged NAVER entry found
w_26dddb87b1e72021,N1,,naver_level_missing,差し引く,さしひく,,,,,,,https://ja.dict.naver.com/#/search?query=%E5%B7%AE%E3%81%97%E5%BC%95%E3%81%8F,2026-08-19T00:31:52+0900,No JLPT-tagged NAVER entry found
w_85e027b82c699ab9,N1,,naver_level_missing,差し掛かる,さしかかる,,,,,,,https://ja.dict.naver.com/#/search?query=%E5%B7%AE%E3%81%97%E6%8E%9B%E3%81%8B%E3%82%8B,2026-08-19T00:31:52+0900,No JLPT-tagged NAVER entry found
w_661ff696389aa9c8,N1,,naver_level_missing,差し支える,さしつかえる,,,,,,,https://ja.dict.naver.com/#/search?query=%E5%B7%AE%E3%81%97%E6%94%AF%E3%81%88%E3%82%8B,2026-08-19T00:31:52+0900,No JLPT-tagged NAVER entry found
w_c2204e71da059bfd,N1,,naver_level_missing,干渉する,かんしょうする,,,,,,,https://ja.dict.naver.com/#/search?query=%E5%B9%B2%E6%B8%89%E3%81%99%E3%82%8B,2026-08-19T00:31:52+0900,No JLPT-tagged NAVER entry found
w_3aa224fccadbe8cb,N1,,naver_level_missing,平行,へいこう,,,,,,,https://ja.dict.naver.com/#/search?query=%E5%B9%B3%E8%A1%8C,2026-08-19T00:31:52+0900,No JLPT-tagged NAVER entry found
w_d3853ae5a233cdbf,N1,,naver_level_missing,幾つか,いくつか,,,,,,,https://ja.dict.naver.com/#/search?query=%E5%B9%BE%E3%81%A4%E3%81%8B,2026-08-19T00:31:52+0900,No JLPT-tagged NAVER entry found
w_677edbc10074357c,N1,,naver_level_missing,建前,たてまえ,,,,,,,https://ja.dict.naver.com/#/search?query=%E5%BB%BA%E5%89%8D,2026-08-19T00:31:52+0900,No JLPT-tagged NAVER entry found
w_80a418653d9aa915,N1,,naver_level_missing,引き寄せる,ひきよせる,,,,,,,https://ja.dict.naver.com/#/search?query=%E5%BC%95%E3%81%8D%E5%AF%84%E3%81%9B%E3%82%8B,2026-08-19T00:31:52+0900,No JLPT-tagged NAVER entry found
w_245a981f2fa2fed1,N1,,naver_level_missing,引き落とす,ひきおとす,,,,,,,https://ja.dict.naver.com/#/search?query=%E5%BC%95%E3%81%8D%E8%90%BD%E3%81%A8%E3%81%99,2026-08-19T00:31:52+0900,No JLPT-tagged NAVER entry found
w_f5b42e7ccb49c9c7,N1,,naver_level_missing,張り合う,はりあう,,,,,,,https://ja.dict.naver.com/#/search?query=%E5%BC%B5%E3%82%8A%E5%90%88%E3%81%86,2026-08-19T00:31:52+0900,No JLPT-tagged NAVER entry found
w_ffe5d8ebd46452b1,N1,,naver_level_missing,強大な,きょうだいな,,,,,,,https://ja.dict.naver.com/#/search?query=%E5%BC%B7%E5%A4%A7%E3%81%AA,2026-08-19T00:31:52+0900,No JLPT-tagged NAVER entry found
w_536582618395af85,N1,,naver_level_missing,強硬に,きょうこうに,,,,,,,https://ja.dict.naver.com/#/search?query=%E5%BC%B7%E7%A1%AC%E3%81%AB,2026-08-19T00:31:52+0900,No JLPT-tagged NAVER entry found
w_374d0d2dd3cc9f74,N1,,naver_level_missing,当面,とうめん,,,,,,,https://ja.dict.naver.com/#/search?query=%E5%BD%93%E9%9D%A2,2026-08-19T00:31:52+0900,No JLPT-tagged NAVER entry found
w_3f031ca942fa7e3c,N1,,naver_level_missing,待ち合わせ,まちあわせ,,,,,,,https://ja.dict.naver.com/#/search?query=%E5%BE%85%E3%81%A1%E5%90%88%E3%82%8F%E3%81%9B,2026-08-19T00:31:52+0900,No JLPT-tagged NAVER entry found
w_da75dc366007d543,N1,,naver_level_missing,待ち遠しい,まちどおしい,,,,,,,https://ja.dict.naver.com/#/search?query=%E5%BE%85%E3%81%A1%E9%81%A0%E3%81%97%E3%81%84,2026-08-19T00:31:52+0900,No JLPT-tagged NAVER entry found
w_1f45eb00e24b3e52,N1,,naver_level_missing,後援,こうえん,,,,,,,https://ja.dict.naver.com/#/search?query=%E5%BE%8C%E6%8F%B4,2026-08-19T00:31:52+0900,No JLPT-tagged NAVER entry found
w_cb71de767a5e76d3,N1,,naver_level_missing,従属,じゅうぞく,,,,,,,https://ja.dict.naver.com/#/search?query=%E5%BE%93%E5%B1%9E,2026-08-19T00:31:52+0900,No JLPT-tagged NAVER entry found
w_fb563ffa4a981ae4,N1,,naver_level_missing,微笑ましい,ほほえましい,,,,,,,https://ja.dict.naver.com/#/search?query=%E5%BE%AE%E7%AC%91%E3%81%BE%E3%81%97%E3%81%84,2026-08-19T00:31:52+0900,No JLPT-tagged NAVER entry found
w_e84847a82950de49,N1,,naver_level_missing,心地よい,ここちよい,,,,,,,https://ja.dict.naver.com/#/search?query=%E5%BF%83%E5%9C%B0%E3%82%88%E3%81%84,2026-08-19T00:31:52+0900,No JLPT-tagged NAVER entry found
w_4d71c8e8bb9e8afa,N1,,naver_level_missing,心地よく,ここちよく,,,,,,,https://ja.dict.naver.com/#/search?query=%E5%BF%83%E5%9C%B0%E3%82%88%E3%81%8F,2026-08-19T00:31:52+0900,No JLPT-tagged NAVER entry found
w_826d95074900597b,N1,,naver_level_missing,心当たり,こころあたり,,,,,,,https://ja.dict.naver.com/#/search?query=%E5%BF%83%E5%BD%93%E3%81%9F%E3%82%8A,2026-08-19T00:31:52+0900,No JLPT-tagged NAVER entry found
w_7e95c5f151ec1f1e,N1,,naver_level_missing,心無い,こころない,,,,,,,https://ja.dict.naver.com/#/search?query=%E5%BF%83%E7%84%A1%E3%81%84,2026-08-19T00:31:52+0900,No JLPT-tagged NAVER entry found
w_3761b61031805586,N1,,naver_level_missing,心遣い,こころづかい,,,,,,,https://ja.dict.naver.com/#/search?query=%E5%BF%83%E9%81%A3%E3%81%84,2026-08-19T00:31:52+0900,No JLPT-tagged NAVER entry found
w_04b273485f341a91,N1,,naver_level_missing,忍ぶ,しのぶ,,,,,,,https://ja.dict.naver.com/#/search?query=%E5%BF%8D%E3%81%B6,2026-08-19T00:31:52+0900,No JLPT-tagged NAVER entry found
w_8f5e3ff7fef5ff0c,N1,,naver_level_missing,忠実に,ちゅうじつに,,,,,,,https://ja.dict.naver.com/#/search?query=%E5%BF%A0%E5%AE%9F%E3%81%AB,2026-08-19T00:31:52+0900,No JLPT-tagged NAVER entry found
w_74b1090c1011badd,N1,,naver_level_missing,快挙,かいきょ,,,,,,,https://ja.dict.naver.com/#/search?query=%E5%BF%AB%E6%8C%99,2026-08-19T00:31:52+0900,No JLPT-tagged NAVER entry found
w_d3d8586dcfb08d99,N1,,naver_level_missing,念頭,ねんとう,,,,,,,https://ja.dict.naver.com/#/search?query=%E5%BF%B5%E9%A0%AD,2026-08-19T00:31:52+0900,No JLPT-tagged NAVER entry found
w_e557218ae2dc353f,N1,,naver_level_missing,思い詰める,おもいつめる,,,,,,,https://ja.dict.naver.com/#/search?query=%E6%80%9D%E3%81%84%E8%A9%B0%E3%82%81%E3%82%8B,2026-08-19T00:31:52+0900,No JLPT-tagged NAVER entry found
w_266cc2957a7a7159,N1,,naver_level_missing,思い返す,おもいかえす,,,,,,,https://ja.dict.naver.com/#/search?query=%E6%80%9D%E3%81%84%E8%BF%94%E3%81%99,2026-08-19T00:31:52+0900,No JLPT-tagged NAVER entry found
w_ead7e4690ccf4617,N1,,naver_level_missing,急遽,きゅうきょ,,,,,,,https://ja.dict.naver.com/#/search?query=%E6%80%A5%E9%81%BD,2026-08-19T00:31:52+0900,No JLPT-tagged NAVER entry found
w_c99b250de4d4b4d7,N1,,naver_level_missing,性急な,せいきゅうな,,,,,,,https://ja.dict.naver.com/#/search?query=%E6%80%A7%E6%80%A5%E3%81%AA,2026-08-19T00:31:52+0900,No JLPT-tagged NAVER entry found
w_cfd45df00e8918fe,N1,,naver_level_missing,意気込み,いきごみ,,,,,,,https://ja.dict.naver.com/#/search?query=%E6%84%8F%E6%B0%97%E8%BE%BC%E3%81%BF,2026-08-19T00:31:52+0900,No JLPT-tagged NAVER entry found
w_02556a9f75b82a91,N1,,naver_level_missing,愛着,あいちゃく,,,,,,,https://ja.dict.naver.com/#/search?query=%E6%84%9B%E7%9D%80,2026-08-19T00:31:52+0900,No JLPT-tagged NAVER entry found
w_c7847c394363e398,N1,,naver_level_missing,慕われる,したわれる,,,,,,,https://ja.dict.naver.com/#/search?query=%E6%85%95%E3%82%8F%E3%82%8C%E3%82%8B,2026-08-19T00:31:52+0900,No JLPT-tagged NAVER entry found
w_4fa49d0da0a0bfd0,N1,,naver_level_missing,憤り,いきどおり,,,,,,,https://ja.dict.naver.com/#/search?query=%E6%86%A4%E3%82%8A,2026-08-19T00:31:52+0900,No JLPT-tagged NAVER entry found
w_b0a6a9e3176bf9e1,N1,,naver_level_missing,憤る,いきどおる,,,,,,,https://ja.dict.naver.com/#/search?query=%E6%86%A4%E3%82%8B,2026-08-19T00:31:52+0900,No JLPT-tagged NAVER entry found
w_e5e322f5b3efb2db,N1,,naver_level_missing,憩い,いこい,,,,,,,https://ja.dict.naver.com/#/search?query=%E6%86%A9%E3%81%84,2026-08-19T00:31:52+0900,No JLPT-tagged NAVER entry found
w_70d82b1cc2aa178a,N1,,naver_level_missing,成り立つ,なりたつ,,,,,,,https://ja.dict.naver.com/#/search?query=%E6%88%90%E3%82%8A%E7%AB%8B%E3%81%A4,2026-08-19T00:31:52+0900,No JLPT-tagged NAVER entry found
w_67e9a28d0777853f,N1,,naver_level_missing,戸締まり,とじまり,,,,,,,https://ja.dict.naver.com/#/search?query=%E6%88%B8%E7%B7%A0%E3%81%BE%E3%82%8A,2026-08-19T00:31:52+0900,No JLPT-tagged NAVER entry found
w_abc611c14f035fc6,N1,,naver_level_missing,手掛かり,てがかり,,,,,,,https://ja.dict.naver.com/#/search?query=%E6%89%8B%E6%8E%9B%E3%81%8B%E3%82%8A,2026-08-19T00:31:52+0900,No JLPT-tagged NAVER entry found
w_0a296f21cc4bcccb,N1,,naver_level_missing,手薄な,てうすな,,,,,,,https://ja.dict.naver.com/#/search?query=%E6%89%8B%E8%96%84%E3%81%AA,2026-08-19T00:31:52+0900,No JLPT-tagged NAVER entry found
w_b632b45f0b30d03e,N1,,naver_level_missing,打ち切る,うちきる,,,,,,,https://ja.dict.naver.com/#/search?query=%E6%89%93%E3%81%A1%E5%88%87%E3%82%8B,2026-08-19T00:31:52+0900,No JLPT-tagged NAVER entry found
w_76ee119df1959c53,N1,,naver_level_missing,打ち消し,うちけし,,,,,,,https://ja.dict.naver.com/#/search?query=%E6%89%93%E3%81%A1%E6%B6%88%E3%81%97,2026-08-19T00:31:52+0900,No JLPT-tagged NAVER entry found
w_f5b156d34a2300a2,N1,,naver_level_missing,打ち込む,うちこむ,,,,,,,https://ja.dict.naver.com/#/search?query=%E6%89%93%E3%81%A1%E8%BE%BC%E3%82%80,2026-08-19T00:31:52+0900,No JLPT-tagged NAVER entry found
w_19b870ba56899b62,N1,,naver_level_missing,打診,だしん,,,,,,,https://ja.dict.naver.com/#/search?query=%E6%89%93%E8%A8%BA,2026-08-19T00:31:52+0900,No JLPT-tagged NAVER entry found
w_47b09358d1cef743,N1,,naver_level_missing,払拭,ふっしょく,,,,,,,https://ja.dict.naver.com/#/search?query=%E6%89%95%E6%8B%AD,2026-08-19T00:31:52+0900,No JLPT-tagged NAVER entry found
w_31f4692464cdb99c,N1,,naver_level_missing,投げ出す,なげだす,,,,,,,https://ja.dict.naver.com/#/search?query=%E6%8A%95%E3%81%92%E5%87%BA%E3%81%99,2026-08-19T00:31:52+0900,No JLPT-tagged NAVER entry found
w_3875cd9260023e61,N1,,naver_level_missing,折り返す,おりかえす,,,,,,,https://ja.dict.naver.com/#/search?query=%E6%8A%98%E3%82%8A%E8%BF%94%E3%81%99,2026-08-19T00:31:52+0900,No JLPT-tagged NAVER entry found
w_3f1c2701ee4d167c,N1,,naver_level_missing,披露する,ひろうする,,,,,,,https://ja.dict.naver.com/#/search?query=%E6%8A%AB%E9%9C%B2%E3%81%99%E3%82%8B,2026-08-19T00:31:52+0900,No JLPT-tagged NAVER entry found
w_8883080375d6fc63,N1,,naver_level_missing,抱負,ほうふ,,,,,,,https://ja.dict.naver.com/#/search?query=%E6%8A%B1%E8%B2%A0,2026-08-19T00:31:52+0900,No JLPT-tagged NAVER entry found
w_7227e9235d383269,N1,,naver_level_missing,押し切る,おしきる,,,,,,,https://ja.dict.naver.com/#/search?query=%E6%8A%BC%E3%81%97%E5%88%87%E3%82%8B,2026-08-19T00:31:52+0900,No JLPT-tagged NAVER entry found
w_daaafc2c103ac13d,N1,,naver_level_missing,押し寄せる,おしよせる,,,,,,,https://ja.dict.naver.com/#/search?query=%E6%8A%BC%E3%81%97%E5%AF%84%E3%81%9B%E3%82%8B,2026-08-19T00:31:52+0900,No JLPT-tagged NAVER entry found
w_853cd2683b5ec7b5,N1,,naver_level_missing,押し込む,おしこむ,,,,,,,https://ja.dict.naver.com/#/search?query=%E6%8A%BC%E3%81%97%E8%BE%BC%E3%82%80,2026-08-19T00:31:52+0900,No JLPT-tagged NAVER entry found
w_ea296c8603d64657,N1,,naver_level_missing,拒む,こばむ,,,,,,,https://ja.dict.naver.com/#/search?query=%E6%8B%92%E3%82%80,2026-08-19T00:31:52+0900,No JLPT-tagged NAVER entry found
w_0968a3e2189db9bd,N1,,naver_level_missing,振り出し,ふりだし,,,,,,,https://ja.dict.naver.com/#/search?query=%E6%8C%AF%E3%82%8A%E5%87%BA%E3%81%97,2026-08-19T00:31:52+0900,No JLPT-tagged NAVER entry found
w_342aea3d60285ee1,N1,,naver_level_missing,採取,さいしゅ,,,,,,,https://ja.dict.naver.com/#/search?query=%E6%8E%A1%E5%8F%96,2026-08-19T00:31:52+0900,No JLPT-tagged NAVER entry found
w_93385bed8dd915a2,N1,,naver_level_missing,探知,たんち,,,,,,,https://ja.dict.naver.com/#/search?query=%E6%8E%A2%E7%9F%A5,2026-08-19T00:31:52+0900,No JLPT-tagged NAVER entry found
w_f2cbcefac0f33503,N1,,naver_level_missing,提起,ていき,,,,,,,https://ja.dict.naver.com/#/search?query=%E6%8F%90%E8%B5%B7,2026-08-19T00:31:52+0900,No JLPT-tagged NAVER entry found
w_c663ddeed757b29f,N1,,naver_level_missing,揺るがす,ゆるがす,,,,,,,https://ja.dict.naver.com/#/search?query=%E6%8F%BA%E3%82%8B%E3%81%8C%E3%81%99,2026-08-19T00:31:52+0900,No JLPT-tagged NAVER entry found
w_1ca8ab161ef50a7f,N1,,naver_level_missing,摂取,せっしゅ,,,,,,,https://ja.dict.naver.com/#/search?query=%E6%91%82%E5%8F%96,2026-08-19T00:31:52+0900,No JLPT-tagged NAVER entry found
w_4068afd4fe6ce634,N1,,naver_level_missing,撤去,てっきょ,,,,,,,https://ja.dict.naver.com/#/search?query=%E6%92%A4%E5%8E%BB,2026-08-19T00:31:52+0900,No JLPT-tagged NAVER entry found
w_fa9a779280995563,N1,,naver_level_missing,支援,しえん,,,,,,,https://ja.dict.naver.com/#/search?query=%E6%94%AF%E6%8F%B4,2026-08-19T00:31:52+0900,No JLPT-tagged NAVER entry found
w_37e6f0d1357abdd1,N1,,naver_level_missing,支障,ししょう,,,,,,,https://ja.dict.naver.com/#/search?query=%E6%94%AF%E9%9A%9C,2026-08-19T00:31:52+0900,No JLPT-tagged NAVER entry found
w_bcf5aa0b13df70fa,N1,,naver_level_missing,改訂版,かいていばん,,,,,,,https://ja.dict.naver.com/#/search?query=%E6%94%B9%E8%A8%82%E7%89%88,2026-08-19T00:31:52+0900,No JLPT-tagged NAVER entry found
w_7a93e86c2017c8e2,N1,,naver_level_missing,断念,だんねん,,,,,,,https://ja.dict.naver.com/#/search?query=%E6%96%AD%E5%BF%B5,2026-08-19T00:31:52+0900,No JLPT-tagged NAVER entry found
w_8d440df94f874e3d,N1,,naver_level_missing,新入生,しんにゅうせい,,,,,,,https://ja.dict.naver.com/#/search?query=%E6%96%B0%E5%85%A5%E7%94%9F,2026-08-19T00:31:52+0900,No JLPT-tagged NAVER entry found
w_ed7afa22b6d758dd,N1,,naver_level_missing,施錠する,せじょうする,,,,,,,https://ja.dict.naver.com/#/search?query=%E6%96%BD%E9%8C%A0%E3%81%99%E3%82%8B,2026-08-19T00:31:52+0900,No JLPT-tagged NAVER entry found
w_5a53c24529898048,N1,,naver_level_missing,早急に,さっきゅうに,,,,,,,https://ja.dict.naver.com/#/search?query=%E6%97%A9%E6%80%A5%E3%81%AB,2026-08-19T00:31:52+0900,No JLPT-tagged NAVER entry found
w_99515685bc17411a,N1,,naver_level_missing,旺盛だ,おうせいだ,,,,,,,https://ja.dict.naver.com/#/search?query=%E6%97%BA%E7%9B%9B%E3%81%A0,2026-08-19T00:31:52+0900,No JLPT-tagged NAVER entry found
w_0f4547ab8f088f70,N1,,naver_level_missing,明かす,あかす,,,,,,,https://ja.dict.naver.com/#/search?query=%E6%98%8E%E3%81%8B%E3%81%99,2026-08-19T00:31:52+0900,No JLPT-tagged NAVER entry found
w_d06270d2100b5a7c,N1,,naver_level_missing,暗闇,くらやみ,,,,,,,https://ja.dict.naver.com/#/search?query=%E6%9A%97%E9%97%87,2026-08-19T00:31:52+0900,No JLPT-tagged NAVER entry found
w_fb689f67f99328fc,N1,,naver_level_missing,曖昧に,あいまいに,,,,,,,https://ja.dict.naver.com/#/search?query=%E6%9B%96%E6%98%A7%E3%81%AB,2026-08-19T00:31:52+0900,No JLPT-tagged NAVER entry found
w_f9a87c871b488d2d,N1,,naver_level_missing,有数,ゆうすう,,,,,,,https://ja.dict.naver.com/#/search?query=%E6%9C%89%E6%95%B0,2026-08-19T00:31:52+0900,No JLPT-tagged NAVER entry found
w_ac2312063a365246,N1,,naver_level_missing,有耶無耶に,うやむやに,,,,,,,https://ja.dict.naver.com/#/search?query=%E6%9C%89%E8%80%B6%E7%84%A1%E8%80%B6%E3%81%AB,2026-08-19T00:31:52+0900,No JLPT-tagged NAVER entry found
w_2c35f32f454702d8,N1,,naver_level_missing,枯渇,こかつ,,,,,,,https://ja.dict.naver.com/#/search?query=%E6%9E%AF%E6%B8%87,2026-08-19T00:31:52+0900,No JLPT-tagged NAVER entry found
w_aa81044e5f00e4d2,N1,,naver_level_missing,染まる,そまる,,,,,,,https://ja.dict.naver.com/#/search?query=%E6%9F%93%E3%81%BE%E3%82%8B,2026-08-19T00:31:52+0900,No JLPT-tagged NAVER entry found
w_53f4f7debcf5ea99,N1,,naver_level_missing,根源,こんげん,,,,,,,https://ja.dict.naver.com/#/search?query=%E6%A0%B9%E6%BA%90,2026-08-19T00:31:52+0900,No JLPT-tagged NAVER entry found
w_9bbd560585f647bf,N1,,naver_level_missing,格段,かくだん,,,,,,,https://ja.dict.naver.com/#/search?query=%E6%A0%BC%E6%AE%B5,2026-08-19T00:31:52+0900,No JLPT-tagged NAVER entry found
w_ffaf9aa1ba0a06fa,N1,,naver_level_missing,梅干し,うめぼし,,,,,,,https://ja.dict.naver.com/#/search?query=%E6%A2%85%E5%B9%B2%E3%81%97,2026-08-19T00:31:52+0900,No JLPT-tagged NAVER entry found
w_52019f7d0cd6186e,N1,,naver_level_missing,概ね,おおむね,,,,,,,https://ja.dict.naver.com/#/search?query=%E6%A6%82%E3%81%AD,2026-08-19T00:31:52+0900,No JLPT-tagged NAVER entry found
w_acc5104c96bffa73,N1,,naver_level_missing,歴然と,れきぜんと,,,,,,,https://ja.dict.naver.com/#/search?query=%E6%AD%B4%E7%84%B6%E3%81%A8,2026-08-19T00:31:52+0900,No JLPT-tagged NAVER entry found
w_9bbd819821229982,N1,,naver_level_missing,殺到,さっとう,,,,,,,https://ja.dict.naver.com/#/search?query=%E6%AE%BA%E5%88%B0,2026-08-19T00:31:52+0900,No JLPT-tagged NAVER entry found
w_52a2392ec6f56422,N1,,naver_level_missing,気兼ね,きがね,,,,,,,https://ja.dict.naver.com/#/search?query=%E6%B0%97%E5%85%BC%E3%81%AD,2026-08-19T00:31:52+0900,No JLPT-tagged NAVER entry found
w_e680ce9adf7c863a,N1,,naver_level_missing,気掛かり,きがかり,,,,,,,https://ja.dict.naver.com/#/search?query=%E6%B0%97%E6%8E%9B%E3%81%8B%E3%82%8A,2026-08-19T00:31:52+0900,No JLPT-tagged NAVER entry found
w_8cb3134b514d1a2f,N1,,naver_level_missing,沈下,ちんか,,,,,,,https://ja.dict.naver.com/#/search?query=%E6%B2%88%E4%B8%8B,2026-08-19T00:31:52+0900,No JLPT-tagged NAVER entry found
w_72357ee8a9309684,N1,,naver_level_missing,没頭,ぼっとう,,,,,,,https://ja.dict.naver.com/#/search?query=%E6%B2%A1%E9%A0%AD,2026-08-19T00:31:52+0900,No JLPT-tagged NAVER entry found
w_efa6b163ce61f14d,N1,,naver_level_missing,治まる,おさまる,,,,,,,https://ja.dict.naver.com/#/search?query=%E6%B2%BB%E3%81%BE%E3%82%8B,2026-08-19T00:31:52+0900,No JLPT-tagged NAVER entry found
w_75c0133793da000e,N1,,naver_level_missing,治癒する,ちゆする,,,,,,,https://ja.dict.naver.com/#/search?query=%E6%B2%BB%E7%99%92%E3%81%99%E3%82%8B,2026-08-19T00:31:52+0900,No JLPT-tagged NAVER entry found
w_f6c6f0f0cad6ce74,N1,,naver_level_missing,注意深い,ちゅういぶかい,,,,,,,https://ja.dict.naver.com/#/search?query=%E6%B3%A8%E6%84%8F%E6%B7%B1%E3%81%84,2026-08-19T00:31:52+0900,No JLPT-tagged NAVER entry found
w_4150da4853e06dc8,N1,,naver_level_missing,派生,はせい,,,,,,,https://ja.dict.naver.com/#/search?query=%E6%B4%BE%E7%94%9F,2026-08-19T00:31:52+0900,No JLPT-tagged NAVER entry found
w_5f62730ecca73845,N1,,naver_level_missing,流出,りゅうしゅつ,,,,,,,https://ja.dict.naver.com/#/search?query=%E6%B5%81%E5%87%BA,2026-08-19T00:31:52+0900,No JLPT-tagged NAVER entry found
w_dd5d74cfd523e4b5,N1,,naver_level_missing,浮かれる,うかれる,,,,,,,https://ja.dict.naver.com/#/search?query=%E6%B5%AE%E3%81%8B%E3%82%8C%E3%82%8B,2026-08-19T00:31:52+0900,No JLPT-tagged NAVER entry found
w_690a4fa3e51077a6,N1,,naver_level_missing,清々しい,すがすがしい,,,,,,,https://ja.dict.naver.com/#/search?query=%E6%B8%85%E3%80%85%E3%81%97%E3%81%84,2026-08-19T00:31:52+0900,No JLPT-tagged NAVER entry found
w_32af6bb00d20cb83,N1,,naver_level_missing,潜伏,せんぷく,,,,,,,https://ja.dict.naver.com/#/search?query=%E6%BD%9C%E4%BC%8F,2026-08-19T00:31:52+0900,No JLPT-tagged NAVER entry found
w_6b948cdc85f0fd17,N1,,naver_level_missing,潤す,うるおす,,,,,,,https://ja.dict.naver.com/#/search?query=%E6%BD%A4%E3%81%99,2026-08-19T00:31:52+0900,No JLPT-tagged NAVER entry found
w_a5a10027ead73ad9,N1,,naver_level_missing,焚き火,たきび,,,,,,,https://ja.dict.naver.com/#/search?query=%E7%84%9A%E3%81%8D%E7%81%AB,2026-08-19T00:31:52+0900,No JLPT-tagged NAVER entry found
w_048074699d6d5d73,N1,,naver_level_missing,無償,むしょう,,,,,,,https://ja.dict.naver.com/#/search?query=%E7%84%A1%E5%84%9F,2026-08-19T00:31:52+0900,No JLPT-tagged NAVER entry found
w_2e34312a94672c4c,N1,,naver_level_missing,無実,むじつ,,,,,,,https://ja.dict.naver.com/#/search?query=%E7%84%A1%E5%AE%9F,2026-08-19T00:31:52+0900,No JLPT-tagged NAVER entry found
w_658206ce4783caaf,N1,,naver_level_missing,無性に,むしょうに,,,,,,,https://ja.dict.naver.com/#/search?query=%E7%84%A1%E6%80%A7%E3%81%AB,2026-08-19T00:31:52+0900,No JLPT-tagged NAVER entry found
w_abbb3338182c9a74,N1,,naver_level_missing,無残な,むざんな,,,,,,,https://ja.dict.naver.com/#/search?query=%E7%84%A1%E6%AE%8B%E3%81%AA,2026-08-19T00:31:52+0900,No JLPT-tagged NAVER entry found
w_62922e188796df96,N1,,naver_level_missing,無謀な,むぼうな,,,,,,,https://ja.dict.naver.com/#/search?query=%E7%84%A1%E8%AC%80%E3%81%AA,2026-08-19T00:31:52+0900,No JLPT-tagged NAVER entry found
w_801a4ef078453053,N1,,naver_level_missing,無闇に,むやみに,,,,,,,https://ja.dict.naver.com/#/search?query=%E7%84%A1%E9%97%87%E3%81%AB,2026-08-19T00:31:52+0900,No JLPT-tagged NAVER entry found
w_76936c9c142f0a2c,N1,,naver_level_missing,焦げ茶,こげちゃ,,,,,,,https://ja.dict.naver.com/#/search?query=%E7%84%A6%E3%81%92%E8%8C%B6,2026-08-19T00:31:52+0900,No JLPT-tagged NAVER entry found
w_e69fbb37694a99ab,N1,,naver_level_missing,煌々と,こうこうと,,,,,,,https://ja.dict.naver.com/#/search?query=%E7%85%8C%E3%80%85%E3%81%A8,2026-08-19T00:31:52+0900,No JLPT-tagged NAVER entry found
w_5e5058232b1bd8cc,N1,,naver_level_missing,照り返す,てりかえす,,,,,,,https://ja.dict.naver.com/#/search?query=%E7%85%A7%E3%82%8A%E8%BF%94%E3%81%99,2026-08-19T00:31:52+0900,No JLPT-tagged NAVER entry found
w_3349217a7fbfee6e,N1,,naver_level_missing,照会,しょうかい,,,,,,,https://ja.dict.naver.com/#/search?query=%E7%85%A7%E4%BC%9A,2026-08-19T00:31:52+0900,No JLPT-tagged NAVER entry found
w_53a7531f783a3064,N1,,naver_level_missing,煩雑な,はんざつな,,,,,,,https://ja.dict.naver.com/#/search?query=%E7%85%A9%E9%9B%91%E3%81%AA,2026-08-19T00:31:52+0900,No JLPT-tagged NAVER entry found
w_14b30bc2b09fa244,N1,,naver_level_missing,熟知,じゅくち,,,,,,,https://ja.dict.naver.com/#/search?query=%E7%86%9F%E7%9F%A5,2026-08-19T00:31:52+0900,No JLPT-tagged NAVER entry found
w_c7a2b0e5ff4b6e30,N1,,naver_level_missing,爽やかだ,さわやかだ,,,,,,,https://ja.dict.naver.com/#/search?query=%E7%88%BD%E3%82%84%E3%81%8B%E3%81%A0,2026-08-19T00:31:52+0900,No JLPT-tagged NAVER entry found
w_fda9a7c006a71d7e,N1,,naver_level_missing,物々しい,ものものしい,,,,,,,https://ja.dict.naver.com/#/search?query=%E7%89%A9%E3%80%85%E3%81%97%E3%81%84,2026-08-19T00:31:52+0900,No JLPT-tagged NAVER entry found
w_ddfdbf73a036f947,N1,,naver_level_missing,猛反対,もうはんたい,,,,,,,https://ja.dict.naver.com/#/search?query=%E7%8C%9B%E5%8F%8D%E5%AF%BE,2026-08-19T00:31:52+0900,No JLPT-tagged NAVER entry found
w_5f7d2faf2ecc4e9c,N1,,naver_level_missing,猛烈に,もうれつに,,,,,,,https://ja.dict.naver.com/#/search?query=%E7%8C%9B%E7%83%88%E3%81%AB,2026-08-19T00:31:52+0900,No JLPT-tagged NAVER entry found
w_515c6f495c4206e0,N1,,naver_level_missing,率いる,ひきいる,,,,,,,https://ja.dict.naver.com/#/search?query=%E7%8E%87%E3%81%84%E3%82%8B,2026-08-19T00:31:52+0900,No JLPT-tagged NAVER entry found
w_e231cd88a2b8f92c,N1,,naver_level_missing,生ぬるい,なまぬるい,,,,,,,https://ja.dict.naver.com/#/search?query=%E7%94%9F%E3%81%AC%E3%82%8B%E3%81%84,2026-08-19T00:31:52+0900,No JLPT-tagged NAVER entry found
w_57e5725548ac0fbc,N1,,naver_level_missing,生まれつき,うまれつき,,,,,,,https://ja.dict.naver.com/#/search?query=%E7%94%9F%E3%81%BE%E3%82%8C%E3%81%A4%E3%81%8D,2026-08-19T00:31:52+0900,No JLPT-tagged NAVER entry found
w_c421e3bbf7d5230b,N1,,naver_level_missing,由緒,ゆいしょ,,,,,,,https://ja.dict.naver.com/#/search?query=%E7%94%B1%E7%B7%92,2026-08-19T00:31:52+0900,No JLPT-tagged NAVER entry found
w_2e4bd2c194875bdf,N1,,naver_level_missing,画一的な,かくいつてきな,,,,,,,https://ja.dict.naver.com/#/search?query=%E7%94%BB%E4%B8%80%E7%9A%84%E3%81%AA,2026-08-19T00:31:52+0900,No JLPT-tagged NAVER entry found
w_aa68a8b2526c2b57,N1,,naver_level_missing,画期的な,かっきてきな,,,,,,,https://ja.dict.naver.com/#/search?query=%E7%94%BB%E6%9C%9F%E7%9A%84%E3%81%AA,2026-08-19T00:31:52+0900,No JLPT-tagged NAVER entry found
w_244b759283766aa0,N1,,naver_level_missing,異色,いしょく,,,,,,,https://ja.dict.naver.com/#/search?query=%E7%95%B0%E8%89%B2,2026-08-19T00:31:52+0900,No JLPT-tagged NAVER entry found
w_701a68ca74b0015f,N1,,naver_level_missing,疎かな,おろそかな,,,,,,,https://ja.dict.naver.com/#/search?query=%E7%96%8E%E3%81%8B%E3%81%AA,2026-08-19T00:31:52+0900,No JLPT-tagged NAVER entry found
w_cc7e713c46e8ee0b,N1,,naver_level_missing,疎かに,おろそかに,,,,,,,https://ja.dict.naver.com/#/search?query=%E7%96%8E%E3%81%8B%E3%81%AB,2026-08-19T00:31:52+0900,No JLPT-tagged NAVER entry found
w_216be17021a4cb21,N1,,naver_level_missing,疎らだ,まばらだ,,,,,,,https://ja.dict.naver.com/#/search?query=%E7%96%8E%E3%82%89%E3%81%A0,2026-08-19T00:31:52+0900,No JLPT-tagged NAVER entry found
w_499fed73ee22323e,N1,,naver_level_missing,疑わしい,うたがわしい,,,,,,,https://ja.dict.naver.com/#/search?query=%E7%96%91%E3%82%8F%E3%81%97%E3%81%84,2026-08-19T00:31:52+0900,No JLPT-tagged NAVER entry found
w_6082f998d6e8518e,N1,,naver_level_missing,発散,はっさん,,,,,,,https://ja.dict.naver.com/#/search?query=%E7%99%BA%E6%95%A3,2026-08-19T00:31:52+0900,No JLPT-tagged NAVER entry found
w_3179fd8048e18999,N1,,naver_level_missing,発覚,はっかく,,,,,,,https://ja.dict.naver.com/#/search?query=%E7%99%BA%E8%A6%9A,2026-08-19T00:31:52+0900,No JLPT-tagged NAVER entry found
w_a8bf8b6572c5b0e0,N1,,naver_level_missing,盛大に,せいだいに,,,,,,,https://ja.dict.naver.com/#/search?query=%E7%9B%9B%E5%A4%A7%E3%81%AB,2026-08-19T00:31:52+0900,No JLPT-tagged NAVER entry found
w_a9aa64177475f988,N1,,naver_level_missing,目覚ましい,めざましい,,,,,,,https://ja.dict.naver.com/#/search?query=%E7%9B%AE%E8%A6%9A%E3%81%BE%E3%81%97%E3%81%84,2026-08-19T00:31:52+0900,No JLPT-tagged NAVER entry found
w_964a437b76d2daca,N1,,naver_level_missing,目論む,もくろむ,,,,,,,https://ja.dict.naver.com/#/search?query=%E7%9B%AE%E8%AB%96%E3%82%80,2026-08-19T00:31:52+0900,No JLPT-tagged NAVER entry found
w_fcc8ca420b4bd989,N1,,naver_level_missing,直面する,ちょくめんする,,,,,,,https://ja.dict.naver.com/#/search?query=%E7%9B%B4%E9%9D%A2%E3%81%99%E3%82%8B,2026-08-19T00:31:52+0900,No JLPT-tagged NAVER entry found
w_3ef542ab80d5d7a6,N1,,naver_level_missing,督促,とくそく,,,,,,,https://ja.dict.naver.com/#/search?query=%E7%9D%A3%E4%BF%83,2026-08-19T00:31:52+0900,No JLPT-tagged NAVER entry found
w_2c8d1ad60751c042,N1,,naver_level_missing,秘める,ひめる,,,,,,,https://ja.dict.naver.com/#/search?query=%E7%A7%98%E3%82%81%E3%82%8B,2026-08-19T00:31:52+0900,No JLPT-tagged NAVER entry found
w_7fb6d2487bdbf821,N1,,naver_level_missing,積み立てる,つみたてる,,,,,,,https://ja.dict.naver.com/#/search?query=%E7%A9%8D%E3%81%BF%E7%AB%8B%E3%81%A6%E3%82%8B,2026-08-19T00:31:52+0900,No JLPT-tagged NAVER entry found
w_7aceeb2bd1d9b5fd,N1,,naver_level_missing,究明,きゅうめい,,,,,,,https://ja.dict.naver.com/#/search?query=%E7%A9%B6%E6%98%8E,2026-08-19T00:31:52+0900,No JLPT-tagged NAVER entry found
w_87d7f6a57f6aac81,N1,,naver_level_missing,究明する,きゅうめいする,,,,,,,https://ja.dict.naver.com/#/search?query=%E7%A9%B6%E6%98%8E%E3%81%99%E3%82%8B,2026-08-19T00:31:52+0900,No JLPT-tagged NAVER entry found
w_363d405acaaef34e,N1,,naver_level_missing,突き止める,つきとめる,,,,,,,https://ja.dict.naver.com/#/search?query=%E7%AA%81%E3%81%8D%E6%AD%A2%E3%82%81%E3%82%8B,2026-08-19T00:31:52+0900,No JLPT-tagged NAVER entry found
w_c05cfaa2cad27aec,N1,,naver_level_missing,窮屈な,きゅうくつな,,,,,,,https://ja.dict.naver.com/#/search?query=%E7%AA%AE%E5%B1%88%E3%81%AA,2026-08-19T00:31:52+0900,No JLPT-tagged NAVER entry found
w_4ee4c1f82fd80d23,N1,,naver_level_missing,立ち寄る,たちよる,,,,,,,https://ja.dict.naver.com/#/search?query=%E7%AB%8B%E3%81%A1%E5%AF%84%E3%82%8B,2026-08-19T00:31:52+0900,No JLPT-tagged NAVER entry found
w_a1fb7fc7bbf38f49,N1,,naver_level_missing,立て替える,たてかえる,,,,,,,https://ja.dict.naver.com/#/search?query=%E7%AB%8B%E3%81%A6%E6%9B%BF%E3%81%88%E3%82%8B,2026-08-19T00:31:52+0900,No JLPT-tagged NAVER entry found
w_35a3b3ff903aca56,N1,,naver_level_missing,筋道,すじみち,,,,,,,https://ja.dict.naver.com/#/search?query=%E7%AD%8B%E9%81%93,2026-08-19T00:31:52+0900,No JLPT-tagged NAVER entry found
w_a8598bbe62279f0d,N1,,naver_level_missing,箇条書き,かじょうがき,,,,,,,https://ja.dict.naver.com/#/search?query=%E7%AE%87%E6%9D%A1%E6%9B%B8%E3%81%8D,2026-08-19T00:31:52+0900,No JLPT-tagged NAVER entry found
w_68438d9afaf144c8,N1,,naver_level_missing,籠もる,こもる,,,,,,,https://ja.dict.naver.com/#/search?query=%E7%B1%A0%E3%82%82%E3%82%8B,2026-08-19T00:31:52+0900,No JLPT-tagged NAVER entry found
w_0008d0b93f394410,N1,,naver_level_missing,粉々,こなごな,,,,,,,https://ja.dict.naver.com/#/search?query=%E7%B2%89%E3%80%85,2026-08-19T00:31:52+0900,No JLPT-tagged NAVER entry found
w_824169b48644bb9e,N1,,naver_level_missing,粘り強い,ねばりづよい,,,,,,,https://ja.dict.naver.com/#/search?query=%E7%B2%98%E3%82%8A%E5%BC%B7%E3%81%84,2026-08-19T00:31:52+0900,No JLPT-tagged NAVER entry found
w_f9d306a7c3abbf0c,N1,,naver_level_missing,粘膜,ねんまく,,,,,,,https://ja.dict.naver.com/#/search?query=%E7%B2%98%E8%86%9C,2026-08-19T00:31:52+0900,No JLPT-tagged NAVER entry found
w_08d10dee086ef695,N1,,naver_level_missing,粥,かゆ,,,,,,,https://ja.dict.naver.com/#/search?query=%E7%B2%A5,2026-08-19T00:31:52+0900,No JLPT-tagged NAVER entry found
w_23830e0970473c94,N1,,naver_level_missing,精力的に,せいりょくてきに,,,,,,,https://ja.dict.naver.com/#/search?query=%E7%B2%BE%E5%8A%9B%E7%9A%84%E3%81%AB,2026-08-19T00:31:52+0900,No JLPT-tagged NAVER entry found
w_993a165c62ba3a0c,N1,,naver_level_missing,精巧な,せいこうな,,,,,,,https://ja.dict.naver.com/#/search?query=%E7%B2%BE%E5%B7%A7%E3%81%AA,2026-08-19T00:31:52+0900,No JLPT-tagged NAVER entry found
w_53d640902274eca8,N1,,naver_level_missing,糸口,いとぐち,,,,,,,https://ja.dict.naver.com/#/search?query=%E7%B3%B8%E5%8F%A3,2026-08-19T00:31:52+0900,No JLPT-tagged NAVER entry found
w_57c108f507b24abb,N1,,naver_level_missing,納まる,おさまる,,,,,,,https://ja.dict.naver.com/#/search?query=%E7%B4%8D%E3%81%BE%E3%82%8B,2026-08-19T00:31:52+0900,No JLPT-tagged NAVER entry found
w_5199b70d07105436,N1,,naver_level_missing,素振り,そぶり,,,,,,,https://ja.dict.naver.com/#/search?query=%E7%B4%A0%E6%8C%AF%E3%82%8A,2026-08-19T00:31:52+0900,No JLPT-tagged NAVER entry found
w_9d6dc8ee8bdac291,N1,,naver_level_missing,細胞,さいぼう,,,,,,,https://ja.dict.naver.com/#/search?query=%E7%B4%B0%E8%83%9E,2026-08-19T00:31:52+0900,No JLPT-tagged NAVER entry found
w_69e2159df1fe1017,N1,,naver_level_missing,組み合わせる,くみあわせる,,,,,,,https://ja.dict.naver.com/#/search?query=%E7%B5%84%E3%81%BF%E5%90%88%E3%82%8F%E3%81%9B%E3%82%8B,2026-08-19T00:31:52+0900,No JLPT-tagged NAVER entry found
w_68f52b5bc51583b2,N1,,naver_level_missing,絶叫,ぜっきょう,,,,,,,https://ja.dict.naver.com/#/search?query=%E7%B5%B6%E5%8F%AB,2026-08-19T00:31:52+0900,No JLPT-tagged NAVER entry found
w_d284bcfadb7a57bc,N1,,naver_level_missing,網羅,もうら,,,,,,,https://ja.dict.naver.com/#/search?query=%E7%B6%B2%E7%BE%85,2026-08-19T00:31:52+0900,No JLPT-tagged NAVER entry found
w_dabfa46a4e071045,N1,,naver_level_missing,綿密な,めんみつな,,,,,,,https://ja.dict.naver.com/#/search?query=%E7%B6%BF%E5%AF%86%E3%81%AA,2026-08-19T00:31:52+0900,No JLPT-tagged NAVER entry found
w_7d401aa66a47fdb2,N1,,naver_level_missing,緊密な,きんみつな,,,,,,,https://ja.dict.naver.com/#/search?query=%E7%B7%8A%E5%AF%86%E3%81%AA,2026-08-19T00:31:52+0900,No JLPT-tagged NAVER entry found
w_9c2e1818c1662acf,N1,,naver_level_missing,緊迫する,きんぱくする,,,,,,,https://ja.dict.naver.com/#/search?query=%E7%B7%8A%E8%BF%AB%E3%81%99%E3%82%8B,2026-08-19T00:31:52+0900,No JLPT-tagged NAVER entry found
w_ff1437e0b026574c,N1,,naver_level_missing,総じて,そうじて,,,,,,,https://ja.dict.naver.com/#/search?query=%E7%B7%8F%E3%81%98%E3%81%A6,2026-08-19T00:31:52+0900,No JLPT-tagged NAVER entry found
w_b8f042daaae50694,N1,,naver_level_missing,繊細な,せんさいな,,,,,,,https://ja.dict.naver.com/#/search?query=%E7%B9%8A%E7%B4%B0%E3%81%AA,2026-08-19T00:31:52+0900,No JLPT-tagged NAVER entry found
w_e0dadf78d7783865,N1,,naver_level_missing,翻す,ひるがえす,,,,,,,https://ja.dict.naver.com/#/search?query=%E7%BF%BB%E3%81%99,2026-08-19T00:31:52+0900,No JLPT-tagged NAVER entry found
w_117206f59982bdc8,N1,,naver_level_missing,耳鼻科,じびか,,,,,,,https://ja.dict.naver.com/#/search?query=%E8%80%B3%E9%BC%BB%E7%A7%91,2026-08-19T00:31:52+0900,No JLPT-tagged NAVER entry found
w_7b8922533fb71c49,N1,,naver_level_missing,聞き取り,ききとり,,,,,,,https://ja.dict.naver.com/#/search?query=%E8%81%9E%E3%81%8D%E5%8F%96%E3%82%8A,2026-08-19T00:31:52+0900,No JLPT-tagged NAVER entry found
w_26c9a265e9fbed9e,N1,,naver_level_missing,自ずから,おのずから,,,,,,,https://ja.dict.naver.com/#/search?query=%E8%87%AA%E3%81%9A%E3%81%8B%E3%82%89,2026-08-19T00:31:52+0900,No JLPT-tagged NAVER entry found
w_2f612443ccb862f7,N1,,naver_level_missing,自ずと,おのずと,,,,,,,https://ja.dict.naver.com/#/search?query=%E8%87%AA%E3%81%9A%E3%81%A8,2026-08-19T00:31:52+0900,No JLPT-tagged NAVER entry found
w_f5fafa9df9d8a23f,N1,,naver_level_missing,自粛,じしゅく,,,,,,,https://ja.dict.naver.com/#/search?query=%E8%87%AA%E7%B2%9B,2026-08-19T00:31:52+0900,No JLPT-tagged NAVER entry found
w_777b8ee6d356461a,N1,,naver_level_missing,苦境,くきょう,,,,,,,https://ja.dict.naver.com/#/search?query=%E8%8B%A6%E5%A2%83,2026-08-19T00:31:52+0900,No JLPT-tagged NAVER entry found
w_78478b3ede1095de,N1,,naver_level_missing,荷造り,にづくり,,,,,,,https://ja.dict.naver.com/#/search?query=%E8%8D%B7%E9%80%A0%E3%82%8A,2026-08-19T00:31:52+0900,No JLPT-tagged NAVER entry found
w_e94ee9b4c7e51003,N1,,naver_level_missing,華々しい,はなばなしい,,,,,,,https://ja.dict.naver.com/#/search?query=%E8%8F%AF%E3%80%85%E3%81%97%E3%81%84,2026-08-19T00:31:52+0900,No JLPT-tagged NAVER entry found
w_b3165e303f5aabec,N1,,naver_level_missing,華やかな,はなやかな,,,,,,,https://ja.dict.naver.com/#/search?query=%E8%8F%AF%E3%82%84%E3%81%8B%E3%81%AA,2026-08-19T00:31:52+0900,No JLPT-tagged NAVER entry found
w_daea8f15b2ecf7cd,N1,,naver_level_missing,落ち着き,おちつき,,,,,,,https://ja.dict.naver.com/#/search?query=%E8%90%BD%E3%81%A1%E7%9D%80%E3%81%8D,2026-08-19T00:31:52+0900,No JLPT-tagged NAVER entry found
w_aa48ce494d700458,N1,,naver_level_missing,落ち込む,おちこむ,,,,,,,https://ja.dict.naver.com/#/search?query=%E8%90%BD%E3%81%A1%E8%BE%BC%E3%82%80,2026-08-19T00:31:52+0900,No JLPT-tagged NAVER entry found
w_ae0a2c3980f5c9fe,N1,,naver_level_missing,落胆,らくたん,,,,,,,https://ja.dict.naver.com/#/search?query=%E8%90%BD%E8%83%86,2026-08-19T00:31:52+0900,No JLPT-tagged NAVER entry found
w_a6eec0b6c22ca7ad,N1,,naver_level_missing,薄々,うすうす,,,,,,,https://ja.dict.naver.com/#/search?query=%E8%96%84%E3%80%85,2026-08-19T00:31:52+0900,No JLPT-tagged NAVER entry found
w_f59c7a97db34004b,N1,,naver_level_missing,融合,ゆうごう,,,,,,,https://ja.dict.naver.com/#/search?query=%E8%9E%8D%E5%90%88,2026-08-19T00:31:52+0900,No JLPT-tagged NAVER entry found
w_ce14fb103a34164a,N1,,naver_level_missing,行い,おこない,,,,,,,https://ja.dict.naver.com/#/search?query=%E8%A1%8C%E3%81%84,2026-08-19T00:31:52+0900,No JLPT-tagged NAVER entry found
w_b44f6e2cbf845631,N1,,naver_level_missing,行き届く,ゆきとどく,,,,,,,https://ja.dict.naver.com/#/search?query=%E8%A1%8C%E3%81%8D%E5%B1%8A%E3%81%8F,2026-08-19T00:31:52+0900,No JLPT-tagged NAVER entry found
w_d079920a759bfe4b,N1,,naver_level_missing,表明,ひょうめい,,,,,,,https://ja.dict.naver.com/#/search?query=%E8%A1%A8%E6%98%8E,2026-08-19T00:31:52+0900,No JLPT-tagged NAVER entry found
w_bada5a71b14fde36,N1,,naver_level_missing,装う,よそおう,,,,,,,https://ja.dict.naver.com/#/search?query=%E8%A3%85%E3%81%86,2026-08-19T00:31:52+0900,No JLPT-tagged NAVER entry found
w_cf782b6f2e06a5cc,N1,,naver_level_missing,裏付け,うらづけ,,,,,,,https://ja.dict.naver.com/#/search?query=%E8%A3%8F%E4%BB%98%E3%81%91,2026-08-19T00:31:52+0900,No JLPT-tagged NAVER entry found
w_b898a19a0dbc5b7c,N1,,naver_level_missing,裏腹,うらはら,,,,,,,https://ja.dict.naver.com/#/search?query=%E8%A3%8F%E8%85%B9,2026-08-19T00:31:52+0900,No JLPT-tagged NAVER entry found
w_fd3cdf3e57d25a81,N1,,naver_level_missing,裏返し,うらがえし,,,,,,,https://ja.dict.naver.com/#/search?query=%E8%A3%8F%E8%BF%94%E3%81%97,2026-08-19T00:31:52+0900,No JLPT-tagged NAVER entry found
w_36f154723e771234,N1,,naver_level_missing,見合い,みあい,,,,,,,https://ja.dict.naver.com/#/search?query=%E8%A6%8B%E5%90%88%E3%81%84,2026-08-19T00:31:52+0900,No JLPT-tagged NAVER entry found
w_66f9326ae7b0b791,N1,,naver_level_missing,見合わせる,みあわせる,,,,,,,https://ja.dict.naver.com/#/search?query=%E8%A6%8B%E5%90%88%E3%82%8F%E3%81%9B%E3%82%8B,2026-08-19T00:31:52+0900,No JLPT-tagged NAVER entry found
w_5f96659e4595eaf7,N1,,naver_level_missing,見失う,みうしなう,,,,,,,https://ja.dict.naver.com/#/search?query=%E8%A6%8B%E5%A4%B1%E3%81%86,2026-08-19T00:31:52+0900,No JLPT-tagged NAVER entry found
w_ad972bb9cdd76f87,N1,,naver_level_missing,見積もり,みつもり,,,,,,,https://ja.dict.naver.com/#/search?query=%E8%A6%8B%E7%A9%8D%E3%82%82%E3%82%8A,2026-08-19T00:31:52+0900,No JLPT-tagged NAVER entry found
w_d81776d517d67f96,N1,,naver_level_missing,見落とす,みおとす,,,,,,,https://ja.dict.naver.com/#/search?query=%E8%A6%8B%E8%90%BD%E3%81%A8%E3%81%99,2026-08-19T00:31:52+0900,No JLPT-tagged NAVER entry found
w_83f116b04611812d,N1,,naver_level_missing,見込み,みこみ,,,,,,,https://ja.dict.naver.com/#/search?query=%E8%A6%8B%E8%BE%BC%E3%81%BF,2026-08-19T00:31:52+0900,No JLPT-tagged NAVER entry found
w_e286654d0db7e531,N1,,naver_level_missing,見返り,みかえり,,,,,,,https://ja.dict.naver.com/#/search?query=%E8%A6%8B%E8%BF%94%E3%82%8A,2026-08-19T00:31:52+0900,No JLPT-tagged NAVER entry found
w_cd415efa702763f7,N1,,naver_level_missing,観衆,かんしゅう,,,,,,,https://ja.dict.naver.com/#/search?query=%E8%A6%B3%E8%A1%86,2026-08-19T00:31:52+0900,No JLPT-tagged NAVER entry found
w_de38f40ed9a6b750,N1,,naver_level_missing,解れる,ほぐれる,,,,,,,https://ja.dict.naver.com/#/search?query=%E8%A7%A3%E3%82%8C%E3%82%8B,2026-08-19T00:31:52+0900,No JLPT-tagged NAVER entry found
w_fb689de73bf56585,N1,,naver_level_missing,触発,しょくはつ,,,,,,,https://ja.dict.naver.com/#/search?query=%E8%A7%A6%E7%99%BA,2026-08-19T00:31:52+0900,No JLPT-tagged NAVER entry found
w_1fa85c551770799d,N1,,naver_level_missing,言い張る,いいはる,,,,,,,https://ja.dict.naver.com/#/search?query=%E8%A8%80%E3%81%84%E5%BC%B5%E3%82%8B,2026-08-19T00:31:52+0900,No JLPT-tagged NAVER entry found
w_bd50cfaac12b766b,N1,,naver_level_missing,言い訳,いいわけ,,,,,,,https://ja.dict.naver.com/#/search?query=%E8%A8%80%E3%81%84%E8%A8%B3,2026-08-19T00:31:52+0900,No JLPT-tagged NAVER entry found
w_2878b79b65d9ba90,N1,,naver_level_missing,言及,げんきゅう,,,,,,,https://ja.dict.naver.com/#/search?query=%E8%A8%80%E5%8F%8A,2026-08-19T00:31:52+0900,No JLPT-tagged NAVER entry found
w_5e2ecb6d05171925,N1,,naver_level_missing,託す,たくす,,,,,,,https://ja.dict.naver.com/#/search?query=%E8%A8%97%E3%81%99,2026-08-19T00:31:52+0900,No JLPT-tagged NAVER entry found
w_9ac4f42499748226,N1,,naver_level_missing,該当する,がいとうする,,,,,,,https://ja.dict.naver.com/#/search?query=%E8%A9%B2%E5%BD%93%E3%81%99%E3%82%8B,2026-08-19T00:31:52+0900,No JLPT-tagged NAVER entry found
w_9685f69e4b25e5e5,N1,,naver_level_missing,誇張する,こちょうする,,,,,,,https://ja.dict.naver.com/#/search?query=%E8%AA%87%E5%BC%B5%E3%81%99%E3%82%8B,2026-08-19T00:31:52+0900,No JLPT-tagged NAVER entry found
w_d3242fdeadefff0c,N1,,naver_level_missing,誓約書,せいやくしょ,,,,,,,https://ja.dict.naver.com/#/search?query=%E8%AA%93%E7%B4%84%E6%9B%B8,2026-08-19T00:31:52+0900,No JLPT-tagged NAVER entry found
w_c5477b139f36b1c2,N1,,naver_level_missing,誠に,まことに,,,,,,,https://ja.dict.naver.com/#/search?query=%E8%AA%A0%E3%81%AB,2026-08-19T00:31:52+0900,No JLPT-tagged NAVER entry found
w_a1d9755cc987ac8b,N1,,naver_level_missing,諭す,さとす,,,,,,,https://ja.dict.naver.com/#/search?query=%E8%AB%AD%E3%81%99,2026-08-19T00:31:52+0900,No JLPT-tagged NAVER entry found
w_670155b659509b08,N1,,naver_level_missing,豪快に,ごうかいに,,,,,,,https://ja.dict.naver.com/#/search?query=%E8%B1%AA%E5%BF%AB%E3%81%AB,2026-08-19T00:31:52+0900,No JLPT-tagged NAVER entry found
w_b3c086e0282accc3,N1,,naver_level_missing,貧富,ひんぷ,,,,,,,https://ja.dict.naver.com/#/search?query=%E8%B2%A7%E5%AF%8C,2026-08-19T00:31:52+0900,No JLPT-tagged NAVER entry found
w_75fe6fbac6e7ce8b,N1,,naver_level_missing,貶される,けなされる,,,,,,,https://ja.dict.naver.com/#/search?query=%E8%B2%B6%E3%81%95%E3%82%8C%E3%82%8B,2026-08-19T00:31:52+0900,No JLPT-tagged NAVER entry found
w_c062f1fced55c802,N1,,naver_level_missing,賜る,たまわる,,,,,,,https://ja.dict.naver.com/#/search?query=%E8%B3%9C%E3%82%8B,2026-08-19T00:31:52+0900,No JLPT-tagged NAVER entry found
w_1666fd77162cc303,N1,,naver_level_missing,質素な,しっそな,,,,,,,https://ja.dict.naver.com/#/search?query=%E8%B3%AA%E7%B4%A0%E3%81%AA,2026-08-19T00:31:52+0900,No JLPT-tagged NAVER entry found
w_70798e83d847617c,N1,,naver_level_missing,起動,きどう,,,,,,,https://ja.dict.naver.com/#/search?query=%E8%B5%B7%E5%8B%95,2026-08-19T00:31:52+0900,No JLPT-tagged NAVER entry found
w_57a78a6ec67d8950,N1,,naver_level_missing,起点,きてん,,,,,,,https://ja.dict.naver.com/#/search?query=%E8%B5%B7%E7%82%B9,2026-08-19T00:31:52+0900,No JLPT-tagged NAVER entry found
w_92a68475082567cc,N1,,naver_level_missing,起用,きよう,,,,,,,https://ja.dict.naver.com/#/search?query=%E8%B5%B7%E7%94%A8,2026-08-19T00:31:52+0900,No JLPT-tagged NAVER entry found
w_2a2702f1f74ccfdc,N1,,naver_level_missing,足手まとい,あしでまとい,,,,,,,https://ja.dict.naver.com/#/search?query=%E8%B6%B3%E6%89%8B%E3%81%BE%E3%81%A8%E3%81%84,2026-08-19T00:31:52+0900,No JLPT-tagged NAVER entry found
w_a4e53d86fe0aeca1,N1,,naver_level_missing,足止め,あしどめ,,,,,,,https://ja.dict.naver.com/#/search?query=%E8%B6%B3%E6%AD%A2%E3%82%81,2026-08-19T00:31:52+0900,No JLPT-tagged NAVER entry found
w_aa132fab9dcd35ac,N1,,naver_level_missing,跡地,あとち,,,,,,,https://ja.dict.naver.com/#/search?query=%E8%B7%A1%E5%9C%B0,2026-08-19T00:31:52+0900,No JLPT-tagged NAVER entry found
w_44df893bc2c36040,N1,,naver_level_missing,踏まえる,ふまえる,,,,,,,https://ja.dict.naver.com/#/search?query=%E8%B8%8F%E3%81%BE%E3%81%88%E3%82%8B,2026-08-19T00:31:52+0900,No JLPT-tagged NAVER entry found
w_0e696b95974c3504,N1,,naver_level_missing,踏襲,とうしゅう,,,,,,,https://ja.dict.naver.com/#/search?query=%E8%B8%8F%E8%A5%B2,2026-08-19T00:31:52+0900,No JLPT-tagged NAVER entry found
w_f747cebca560cfd8,N1,,naver_level_missing,踏襲する,とうしゅうする,,,,,,,https://ja.dict.naver.com/#/search?query=%E8%B8%8F%E8%A5%B2%E3%81%99%E3%82%8B,2026-08-19T00:31:52+0900,No JLPT-tagged NAVER entry found
w_51bc2bfe246d05ec,N1,,naver_level_missing,躍進,やくしん,,,,,,,https://ja.dict.naver.com/#/search?query=%E8%BA%8D%E9%80%B2,2026-08-19T00:31:52+0900,No JLPT-tagged NAVER entry found
w_78527b9c49a89cb7,N1,,naver_level_missing,身振り,みぶり,,,,,,,https://ja.dict.naver.com/#/search?query=%E8%BA%AB%E6%8C%AF%E3%82%8A,2026-08-19T00:31:52+0900,No JLPT-tagged NAVER entry found
w_37cbfb44f295325b,N1,,naver_level_missing,軌跡,きせき,,,,,,,https://ja.dict.naver.com/#/search?query=%E8%BB%8C%E8%B7%A1,2026-08-19T00:31:52+0900,No JLPT-tagged NAVER entry found
w_cac05149650fb9c9,N1,,naver_level_missing,軽快な,けいかいな,,,,,,,https://ja.dict.naver.com/#/search?query=%E8%BB%BD%E5%BF%AB%E3%81%AA,2026-08-19T00:31:52+0900,No JLPT-tagged NAVER entry found
w_bcce1a49a9bd524d,N1,,naver_level_missing,軽率,けいそつ,,,,,,,https://ja.dict.naver.com/#/search?query=%E8%BB%BD%E7%8E%87,2026-08-19T00:31:52+0900,No JLPT-tagged NAVER entry found
w_9ed51c1051f2801b,N1,,naver_level_missing,軽率な,けいそつな,,,,,,,https://ja.dict.naver.com/#/search?query=%E8%BB%BD%E7%8E%87%E3%81%AA,2026-08-19T00:31:52+0900,No JLPT-tagged NAVER entry found
w_014d4039b31991f6,N1,,naver_level_missing,近接,きんせつ,,,,,,,https://ja.dict.naver.com/#/search?query=%E8%BF%91%E6%8E%A5,2026-08-19T00:31:52+0900,No JLPT-tagged NAVER entry found
w_baf2db7849d10864,N1,,naver_level_missing,返上,へんじょう,,,,,,,https://ja.dict.naver.com/#/search?query=%E8%BF%94%E4%B8%8A,2026-08-19T00:31:52+0900,No JLPT-tagged NAVER entry found
w_1e6bf25c700ea4c1,N1,,naver_level_missing,追い出す,おいだす,,,,,,,https://ja.dict.naver.com/#/search?query=%E8%BF%BD%E3%81%84%E5%87%BA%E3%81%99,2026-08-19T00:31:52+0900,No JLPT-tagged NAVER entry found
w_6849f7ccff68603a,N1,,naver_level_missing,逃げ出す,にげだす,,,,,,,https://ja.dict.naver.com/#/search?query=%E9%80%83%E3%81%92%E5%87%BA%E3%81%99,2026-08-19T00:31:52+0900,No JLPT-tagged NAVER entry found
w_f16e08d56012f2ec,N1,,naver_level_missing,透ける,すける,,,,,,,https://ja.dict.naver.com/#/search?query=%E9%80%8F%E3%81%91%E3%82%8B,2026-08-19T00:31:52+0900,No JLPT-tagged NAVER entry found
w_6428cb3d9b531afc,N1,,naver_level_missing,速やかな,すみやかな,,,,,,,https://ja.dict.naver.com/#/search?query=%E9%80%9F%E3%82%84%E3%81%8B%E3%81%AA,2026-08-19T00:31:52+0900,No JLPT-tagged NAVER entry found
w_4f3c623502b2e1fc,N1,,naver_level_missing,速やかに,すみやかに,,,,,,,https://ja.dict.naver.com/#/search?query=%E9%80%9F%E3%82%84%E3%81%8B%E3%81%AB,2026-08-19T00:31:52+0900,No JLPT-tagged NAVER entry found
w_5be62d71deeeebf2,N1,,naver_level_missing,造り,つくり,,,,,,,https://ja.dict.naver.com/#/search?query=%E9%80%A0%E3%82%8A,2026-08-19T00:31:52+0900,No JLPT-tagged NAVER entry found
w_c20b2306c8671162,N1,,naver_level_missing,逸脱,いつだつ,,,,,,,https://ja.dict.naver.com/#/search?query=%E9%80%B8%E8%84%B1,2026-08-19T00:31:52+0900,No JLPT-tagged NAVER entry found
w_1dd1c3e9f6671f9b,N1,,naver_level_missing,遂行,すいこう,,,,,,,https://ja.dict.naver.com/#/search?query=%E9%81%82%E8%A1%8C,2026-08-19T00:31:52+0900,No JLPT-tagged NAVER entry found
w_12dfafb0839591a3,N1,,naver_level_missing,遅らす,おくらす,,,,,,,https://ja.dict.naver.com/#/search?query=%E9%81%85%E3%82%89%E3%81%99,2026-08-19T00:31:52+0900,No JLPT-tagged NAVER entry found
w_032f55da8fa8b6a4,N1,,naver_level_missing,遠ざける,とおざける,,,,,,,https://ja.dict.naver.com/#/search?query=%E9%81%A0%E3%81%96%E3%81%91%E3%82%8B,2026-08-19T00:31:52+0900,No JLPT-tagged NAVER entry found
w_7057dbb83c84f383,N1,,naver_level_missing,遠隔,えんかく,,,,,,,https://ja.dict.naver.com/#/search?query=%E9%81%A0%E9%9A%94,2026-08-19T00:31:52+0900,No JLPT-tagged NAVER entry found
w_8aac9f125a925e22,N1,,naver_level_missing,遮断,しゃだん,,,,,,,https://ja.dict.naver.com/#/search?query=%E9%81%AE%E6%96%AD,2026-08-19T00:31:52+0900,No JLPT-tagged NAVER entry found
w_d2cf58fa31a4ba2e,N1,,naver_level_missing,選出,せんしゅつ,,,,,,,https://ja.dict.naver.com/#/search?query=%E9%81%B8%E5%87%BA,2026-08-19T00:31:52+0900,No JLPT-tagged NAVER entry found
w_655894697104664d,N1,,naver_level_missing,遺憾に,いかんに,,,,,,,https://ja.dict.naver.com/#/search?query=%E9%81%BA%E6%86%BE%E3%81%AB,2026-08-19T00:31:52+0900,No JLPT-tagged NAVER entry found
w_628691a446bfd8e5,N1,,naver_level_missing,邪魔する,じゃまする,,,,,,,https://ja.dict.naver.com/#/search?query=%E9%82%AA%E9%AD%94%E3%81%99%E3%82%8B,2026-08-19T00:31:52+0900,No JLPT-tagged NAVER entry found
w_0f6c52aadf78216b,N1,,naver_level_missing,配属,はいぞく,,,,,,,https://ja.dict.naver.com/#/search?query=%E9%85%8D%E5%B1%9E,2026-08-19T00:31:52+0900,No JLPT-tagged NAVER entry found
w_cd0b7fe939579edc,N1,,naver_level_missing,釈明,しゃくめい,,,,,,,https://ja.dict.naver.com/#/search?query=%E9%87%88%E6%98%8E,2026-08-19T00:31:52+0900,No JLPT-tagged NAVER entry found
w_ffa6380de41f7285,N1,,naver_level_missing,重々しい,おもおもしい,,,,,,,https://ja.dict.naver.com/#/search?query=%E9%87%8D%E3%80%85%E3%81%97%E3%81%84,2026-08-19T00:31:52+0900,No JLPT-tagged NAVER entry found
w_7910d8061bbd6cd2,N1,,naver_level_missing,鑑定,かんてい,,,,,,,https://ja.dict.naver.com/#/search?query=%E9%91%91%E5%AE%9A,2026-08-19T00:31:52+0900,No JLPT-tagged NAVER entry found
w_7e841837b10f6c95,N1,,naver_level_missing,長々,ながなが,,,,,,,https://ja.dict.naver.com/#/search?query=%E9%95%B7%E3%80%85,2026-08-19T00:31:52+0900,No JLPT-tagged NAVER entry found
w_91817427730be04c,N1,,naver_level_missing,閉鎖する,へいさする,,,,,,,https://ja.dict.naver.com/#/search?query=%E9%96%89%E9%8E%96%E3%81%99%E3%82%8B,2026-08-19T00:31:52+0900,No JLPT-tagged NAVER entry found
w_09e30de4c3a09644,N1,,naver_level_missing,閑静な,かんせいな,,,,,,,https://ja.dict.naver.com/#/search?query=%E9%96%91%E9%9D%99%E3%81%AA,2026-08-19T00:31:52+0900,No JLPT-tagged NAVER entry found
w_9025c655eedd7094,N1,,naver_level_missing,陥る,おちいる,,,,,,,https://ja.dict.naver.com/#/search?query=%E9%99%A5%E3%82%8B,2026-08-19T00:31:52+0900,No JLPT-tagged NAVER entry found
w_06c9da1f5d3ef9b3,N1,,naver_level_missing,隈なく,くまなく,,,,,,,https://ja.dict.naver.com/#/search?query=%E9%9A%88%E3%81%AA%E3%81%8F,2026-08-19T00:31:52+0900,No JLPT-tagged NAVER entry found
w_dcc7d16b02ee510f,N1,,naver_level_missing,随時,ずいじ,,,,,,,https://ja.dict.naver.com/#/search?query=%E9%9A%8F%E6%99%82,2026-08-19T00:31:52+0900,No JLPT-tagged NAVER entry found
w_e4574496ed6f6394,N1,,naver_level_missing,集う,つどう,,,,,,,https://ja.dict.naver.com/#/search?query=%E9%9B%86%E3%81%86,2026-08-19T00:31:52+0900,No JLPT-tagged NAVER entry found
w_172fd92e8ecb7d1a,N1,,naver_level_missing,雑踏,ざっとう,,,,,,,https://ja.dict.naver.com/#/search?query=%E9%9B%91%E8%B8%8F,2026-08-19T00:31:52+0900,No JLPT-tagged NAVER entry found
w_6803e7402a3d2c0a,N1,,naver_level_missing,難点,なんてん,,,,,,,https://ja.dict.naver.com/#/search?query=%E9%9B%A3%E7%82%B9,2026-08-19T00:31:52+0900,No JLPT-tagged NAVER entry found
w_0b80ed475f7435e9,N1,,naver_level_missing,難航,なんこう,,,,,,,https://ja.dict.naver.com/#/search?query=%E9%9B%A3%E8%88%AA,2026-08-19T00:31:52+0900,No JLPT-tagged NAVER entry found
w_1e3ba36a0b44a926,N1,,naver_level_missing,面識,めんしき,,,,,,,https://ja.dict.naver.com/#/search?query=%E9%9D%A2%E8%AD%98,2026-08-19T00:31:52+0900,No JLPT-tagged NAVER entry found
w_ad7ed509ea55b5fa,N1,,naver_level_missing,順応,じゅんのう,,,,,,,https://ja.dict.naver.com/#/search?query=%E9%A0%86%E5%BF%9C,2026-08-19T00:31:52+0900,No JLPT-tagged NAVER entry found
w_f470be1926d64588,N1,,naver_level_missing,頑な,かたくな,,,,,,,https://ja.dict.naver.com/#/search?query=%E9%A0%91%E3%81%AA,2026-08-19T00:31:52+0900,No JLPT-tagged NAVER entry found
w_d6fdf33d0925e453,N1,,naver_level_missing,頻繁に,ひんぱんに,,,,,,,https://ja.dict.naver.com/#/search?query=%E9%A0%BB%E7%B9%81%E3%81%AB,2026-08-19T00:31:52+0900,No JLPT-tagged NAVER entry found
w_20076d265929cd9c,N1,,naver_level_missing,顕著な,けんちょな,,,,,,,https://ja.dict.naver.com/#/search?query=%E9%A1%95%E8%91%97%E3%81%AA,2026-08-19T00:31:52+0900,No JLPT-tagged NAVER entry found
w_1518527546bff440,N1,,naver_level_missing,食い止める,くいとめる,,,,,,,https://ja.dict.naver.com/#/search?query=%E9%A3%9F%E3%81%84%E6%AD%A2%E3%82%81%E3%82%8B,2026-08-19T00:31:52+0900,No JLPT-tagged NAVER entry found
w_d50fdb2a764e035e,N1,,naver_level_missing,食い込む,くいこむ,,,,,,,https://ja.dict.naver.com/#/search?query=%E9%A3%9F%E3%81%84%E8%BE%BC%E3%82%80,2026-08-19T00:31:52+0900,No JLPT-tagged NAVER entry found
w_fac3d8bca8a39cc2,N1,,naver_level_missing,食い違う,くいちがう,,,,,,,https://ja.dict.naver.com/#/search?query=%E9%A3%9F%E3%81%84%E9%81%95%E3%81%86,2026-08-19T00:31:52+0900,No JLPT-tagged NAVER entry found
w_6ed0282468b646e4,N1,,naver_level_missing,飲み込む,のみこむ,,,,,,,https://ja.dict.naver.com/#/search?query=%E9%A3%B2%E3%81%BF%E8%BE%BC%E3%82%80,2026-08-19T00:31:52+0900,No JLPT-tagged NAVER entry found
w_cbe6b7e061ecd2aa,N1,,naver_level_missing,駆けつける,かけつける,,,,,,,https://ja.dict.naver.com/#/search?query=%E9%A7%86%E3%81%91%E3%81%A4%E3%81%91%E3%82%8B,2026-08-19T00:31:52+0900,No JLPT-tagged NAVER entry found
w_e5d1719d8babc945,N1,,naver_level_missing,駆使,くし,,,,,,,https://ja.dict.naver.com/#/search?query=%E9%A7%86%E4%BD%BF,2026-08-19T00:31:52+0900,No JLPT-tagged NAVER entry found
w_7db134f843d661c4,N1,,naver_level_missing,駆使する,くしする,,,,,,,https://ja.dict.naver.com/#/search?query=%E9%A7%86%E4%BD%BF%E3%81%99%E3%82%8B,2026-08-19T00:31:52+0900,No JLPT-tagged NAVER entry found
w_38ff51ccea9145d2,N1,,naver_level_missing,騒然,そうぜん,,,,,,,https://ja.dict.naver.com/#/search?query=%E9%A8%92%E7%84%B6,2026-08-19T00:31:52+0900,No JLPT-tagged NAVER entry found
w_22fa9db764d33512,N1,,naver_level_missing,驚嘆する,きょうたんする,,,,,,,https://ja.dict.naver.com/#/search?query=%E9%A9%9A%E5%98%86%E3%81%99%E3%82%8B,2026-08-19T00:31:52+0900,No JLPT-tagged NAVER entry found
w_8559a98168a9de12,N2,,naver_level_missing,お出掛け,おでかけ,,,,,,,https://ja.dict.naver.com/#/search?query=%E3%81%8A%E5%87%BA%E6%8E%9B%E3%81%91,2026-08-19T00:31:52+0900,No JLPT-tagged NAVER entry found
w_4fd11cf4f5345777,N2,,naver_level_missing,お大事に,おだいじに,,,,,,,https://ja.dict.naver.com/#/search?query=%E3%81%8A%E5%A4%A7%E4%BA%8B%E3%81%AB,2026-08-19T00:31:52+0900,No JLPT-tagged NAVER entry found
w_0145c52bf4cc5814,N2,,naver_level_missing,お帰り,おかえり,,,,,,,https://ja.dict.naver.com/#/search?query=%E3%81%8A%E5%B8%B0%E3%82%8A,2026-08-19T00:31:52+0900,No JLPT-tagged NAVER entry found
w_8add1200b733272e,N2,,naver_level_missing,お邪魔します,おじゃまします,,,,,,,https://ja.dict.naver.com/#/search?query=%E3%81%8A%E9%82%AA%E9%AD%94%E3%81%97%E3%81%BE%E3%81%99,2026-08-19T00:31:52+0900,No JLPT-tagged NAVER entry found
w_53cc9946cf9a22e6,N2,,naver_level_missing,ごめんください,ごめんください,,,,,,,https://ja.dict.naver.com/#/search?query=%E3%81%94%E3%82%81%E3%82%93%E3%81%8F%E3%81%A0%E3%81%95%E3%81%84,2026-08-19T00:31:52+0900,No JLPT-tagged NAVER entry found
w_295d47ac323c9139,N2,,naver_level_missing,ご苦労さま,ごくろうさま,,,,,,,https://ja.dict.naver.com/#/search?query=%E3%81%94%E8%8B%A6%E5%8A%B4%E3%81%95%E3%81%BE,2026-08-19T00:31:52+0900,No JLPT-tagged NAVER entry found
w_f619074e36479304,N2,,naver_level_missing,ご覧,ごらん,,,,,,,https://ja.dict.naver.com/#/search?query=%E3%81%94%E8%A6%A7,2026-08-19T00:31:52+0900,No JLPT-tagged NAVER entry found
w_2903ad5dfafa9ef5,N2,,naver_level_missing,そう言えば,そういえば,,,,,,,https://ja.dict.naver.com/#/search?query=%E3%81%9D%E3%81%86%E8%A8%80%E3%81%88%E3%81%B0,2026-08-19T00:31:52+0900,No JLPT-tagged NAVER entry found
w_f6461fe50fbc18a7,N2,,naver_level_missing,その他,そのほか,,,,,,,https://ja.dict.naver.com/#/search?query=%E3%81%9D%E3%81%AE%E4%BB%96,2026-08-19T00:31:52+0900,No JLPT-tagged NAVER entry found
w_7be7b280d00ddd2e,N2,,naver_level_missing,その頃,そのころ,,,,,,,https://ja.dict.naver.com/#/search?query=%E3%81%9D%E3%81%AE%E9%A0%83,2026-08-19T00:31:52+0900,No JLPT-tagged NAVER entry found
w_ea00e32ec502493b,N2,,naver_level_missing,ひっくり返す,ひっくりかえす,,,,,,,https://ja.dict.naver.com/#/search?query=%E3%81%B2%E3%81%A3%E3%81%8F%E3%82%8A%E8%BF%94%E3%81%99,2026-08-19T00:31:52+0900,No JLPT-tagged NAVER entry found
w_308680a8ffac242b,N2,,naver_level_missing,ぴたり,ぴたり,,,,,,,https://ja.dict.naver.com/#/search?query=%E3%81%B4%E3%81%9F%E3%82%8A,2026-08-19T00:31:52+0900,No JLPT-tagged NAVER entry found
w_6aeb9c1f5df61e28,N2,,naver_level_missing,ウェイトレス,ウェイトレス,,,,,,,https://ja.dict.naver.com/#/search?query=%E3%82%A6%E3%82%A7%E3%82%A4%E3%83%88%E3%83%AC%E3%82%B9,2026-08-19T00:31:52+0900,No JLPT-tagged NAVER entry found
w_87d6d130008c550c,N2,,naver_level_missing,プラットホーム,プラットホーム,,,,,,,https://ja.dict.naver.com/#/search?query=%E3%83%97%E3%83%A9%E3%83%83%E3%83%88%E3%83%9B%E3%83%BC%E3%83%A0,2026-08-19T00:31:52+0900,No JLPT-tagged NAVER entry found
w_163c875e106e915a,N2,,naver_level_missing,一斉に,いっせいに,,,,,,,https://ja.dict.naver.com/#/search?query=%E4%B8%80%E6%96%89%E3%81%AB,2026-08-19T00:31:52+0900,No JLPT-tagged NAVER entry found
w_657c15849a6ea25b,N2,,naver_level_missing,一致する,いっちする,,,,,,,https://ja.dict.naver.com/#/search?query=%E4%B8%80%E8%87%B4%E3%81%99%E3%82%8B,2026-08-19T00:31:52+0900,No JLPT-tagged NAVER entry found
w_98d155aeefba6339,N2,,naver_level_missing,丁寧だ,ていねいだ,,,,,,,https://ja.dict.naver.com/#/search?query=%E4%B8%81%E5%AF%A7%E3%81%A0,2026-08-19T00:31:52+0900,No JLPT-tagged NAVER entry found
w_7e06d636660c15e5,N2,,naver_level_missing,下書き,したがき,,,,,,,https://ja.dict.naver.com/#/search?query=%E4%B8%8B%E6%9B%B8%E3%81%8D,2026-08-19T00:31:52+0900,No JLPT-tagged NAVER entry found
w_bafcd079b8e69d45,N2,,naver_level_missing,不思議だ,ふしぎだ,,,,,,,https://ja.dict.naver.com/#/search?query=%E4%B8%8D%E6%80%9D%E8%AD%B0%E3%81%A0,2026-08-19T00:31:52+0900,No JLPT-tagged NAVER entry found
w_bbb971bd1ab8792b,N2,,naver_level_missing,不良品,ふりょうひん,,,,,,,https://ja.dict.naver.com/#/search?query=%E4%B8%8D%E8%89%AF%E5%93%81,2026-08-19T00:31:52+0900,No JLPT-tagged NAVER entry found
w_059cf1ada7c04d02,N2,,naver_level_missing,不調だ,ふちょうだ,,,,,,,https://ja.dict.naver.com/#/search?query=%E4%B8%8D%E8%AA%BF%E3%81%A0,2026-08-19T00:31:52+0900,No JLPT-tagged NAVER entry found
w_fbd02e3a324e16c5,N2,,naver_level_missing,乗り換え,のりかえ,,,,,,,https://ja.dict.naver.com/#/search?query=%E4%B9%97%E3%82%8A%E6%8F%9B%E3%81%88,2026-08-19T00:31:52+0900,No JLPT-tagged NAVER entry found
w_40a6caa2efc2a517,N2,,naver_level_missing,乗り越し,のりこし,,,,,,,https://ja.dict.naver.com/#/search?query=%E4%B9%97%E3%82%8A%E8%B6%8A%E3%81%97,2026-08-19T00:31:52+0900,No JLPT-tagged NAVER entry found
w_968e30c4387b6852,N2,,naver_level_missing,乾燥する,かんそうする,,,,,,,https://ja.dict.naver.com/#/search?query=%E4%B9%BE%E7%87%A5%E3%81%99%E3%82%8B,2026-08-19T00:31:52+0900,No JLPT-tagged NAVER entry found
w_f49cc52552a99478,N2,,naver_level_missing,仮名遣い,かなづかい,,,,,,,https://ja.dict.naver.com/#/search?query=%E4%BB%AE%E5%90%8D%E9%81%A3%E3%81%84,2026-08-19T00:31:52+0900,No JLPT-tagged NAVER entry found
w_60c6493c03cb7ac9,N2,,naver_level_missing,伝染する,でんせんする,,,,,,,https://ja.dict.naver.com/#/search?query=%E4%BC%9D%E6%9F%93%E3%81%99%E3%82%8B,2026-08-19T00:31:52+0900,No JLPT-tagged NAVER entry found
w_97db66ffd893f4b5,N2,,naver_level_missing,伯母,おば,,,,,,,https://ja.dict.naver.com/#/search?query=%E4%BC%AF%E6%AF%8D,2026-08-19T00:31:52+0900,No JLPT-tagged NAVER entry found
w_188378c15d9c641d,N2,,naver_level_missing,伯父,おじ,,,,,,,https://ja.dict.naver.com/#/search?query=%E4%BC%AF%E7%88%B6,2026-08-19T00:31:52+0900,No JLPT-tagged NAVER entry found
w_01f119facf6e9d97,N2,,naver_level_missing,伯父さん,おじさん,,,,,,,https://ja.dict.naver.com/#/search?query=%E4%BC%AF%E7%88%B6%E3%81%95%E3%82%93,2026-08-19T00:31:52+0900,No JLPT-tagged NAVER entry found
w_eeecb96d165064d7,N2,,naver_level_missing,住まい,すまい,,,,,,,https://ja.dict.naver.com/#/search?query=%E4%BD%8F%E3%81%BE%E3%81%84,2026-08-19T00:31:52+0900,No JLPT-tagged NAVER entry found
w_4948be9f9aed94b0,N2,,naver_level_missing,何々,なになに,,,,,,,https://ja.dict.naver.com/#/search?query=%E4%BD%95%E3%80%85,2026-08-19T00:31:52+0900,No JLPT-tagged NAVER entry found
w_3a1f87a38c518af5,N2,,naver_level_missing,何とも,なんとも,,,,,,,https://ja.dict.naver.com/#/search?query=%E4%BD%95%E3%81%A8%E3%82%82,2026-08-19T00:31:52+0900,No JLPT-tagged NAVER entry found
w_a1a771e92d694b1e,N2,,naver_level_missing,余計だ,よけいだ,,,,,,,https://ja.dict.naver.com/#/search?query=%E4%BD%99%E8%A8%88%E3%81%A0,2026-08-19T00:31:52+0900,No JLPT-tagged NAVER entry found
w_6fd430be227e0cac,N2,,naver_level_missing,保存する,ほぞんする,,,,,,,https://ja.dict.naver.com/#/search?query=%E4%BF%9D%E5%AD%98%E3%81%99%E3%82%8B,2026-08-19T00:31:52+0900,No JLPT-tagged NAVER entry found
w_4d3a36e26a851fda,N2,,naver_level_missing,保護者,ほごしゃ,,,,,,,https://ja.dict.naver.com/#/search?query=%E4%BF%9D%E8%AD%B7%E8%80%85,2026-08-19T00:31:52+0900,No JLPT-tagged NAVER entry found
w_e504525a3bc6bc12,N2,,naver_level_missing,元々,もともと,,,,,,,https://ja.dict.naver.com/#/search?query=%E5%85%83%E3%80%85,2026-08-19T00:31:52+0900,No JLPT-tagged NAVER entry found
w_615d55cb467f5f8a,N2,,naver_level_missing,克服する,こくふくする,,,,,,,https://ja.dict.naver.com/#/search?query=%E5%85%8B%E6%9C%8D%E3%81%99%E3%82%8B,2026-08-19T00:31:52+0900,No JLPT-tagged NAVER entry found
w_c61d08b46212d3f6,N2,,naver_level_missing,入れ物,いれもの,,,,,,,https://ja.dict.naver.com/#/search?query=%E5%85%A5%E3%82%8C%E7%89%A9,2026-08-19T00:31:52+0900,No JLPT-tagged NAVER entry found
w_b046193862632af9,N2,,naver_level_missing,冷静だ,れいせいだ,,,,,,,https://ja.dict.naver.com/#/search?query=%E5%86%B7%E9%9D%99%E3%81%A0,2026-08-19T00:31:52+0900,No JLPT-tagged NAVER entry found
w_12cea3640e3f95bb,N2,,naver_level_missing,出入り口,でいりぐち,,,,,,,https://ja.dict.naver.com/#/search?query=%E5%87%BA%E5%85%A5%E3%82%8A%E5%8F%A3,2026-08-19T00:31:52+0900,No JLPT-tagged NAVER entry found
w_5b59837a9072ecf0,N2,,naver_level_missing,出来上がり,できあがり,,,,,,,https://ja.dict.naver.com/#/search?query=%E5%87%BA%E6%9D%A5%E4%B8%8A%E3%81%8C%E3%82%8A,2026-08-19T00:31:52+0900,No JLPT-tagged NAVER entry found
w_45f7f8d1891332c0,N2,,naver_level_missing,出来上がる,できあがる,,,,,,,https://ja.dict.naver.com/#/search?query=%E5%87%BA%E6%9D%A5%E4%B8%8A%E3%81%8C%E3%82%8B,2026-08-19T00:31:52+0900,No JLPT-tagged NAVER entry found
w_368c112172721eda,N2,,naver_level_missing,分かれる,わかれる,,,,,,,https://ja.dict.naver.com/#/search?query=%E5%88%86%E3%81%8B%E3%82%8C%E3%82%8B,2026-08-19T00:31:52+0900,No JLPT-tagged NAVER entry found
w_b6692781d912a8ce,N2,,naver_level_missing,初めに,はじめに,,,,,,,https://ja.dict.naver.com/#/search?query=%E5%88%9D%E3%82%81%E3%81%AB,2026-08-19T00:31:52+0900,No JLPT-tagged NAVER entry found
w_cbaa90d9cde4ed8e,N2,,naver_level_missing,別々,べつべつ,,,,,,,https://ja.dict.naver.com/#/search?query=%E5%88%A5%E3%80%85,2026-08-19T00:31:52+0900,No JLPT-tagged NAVER entry found
w_6d6bafe5d5efdeba,N2,,naver_level_missing,利口だ,りこうだ,,,,,,,https://ja.dict.naver.com/#/search?query=%E5%88%A9%E5%8F%A3%E3%81%A0,2026-08-19T00:31:52+0900,No JLPT-tagged NAVER entry found
w_391805e8adb3ac8e,N2,,naver_level_missing,刺身,さしみ,,,,,,,https://ja.dict.naver.com/#/search?query=%E5%88%BA%E8%BA%AB,2026-08-19T00:31:52+0900,No JLPT-tagged NAVER entry found
w_19ab8c60598cee59,N2,,naver_level_missing,割り込む,わりこむ,,,,,,,https://ja.dict.naver.com/#/search?query=%E5%89%B2%E3%82%8A%E8%BE%BC%E3%82%80,2026-08-19T00:31:52+0900,No JLPT-tagged NAVER entry found
w_26d7ff3366e29b42,N2,,naver_level_missing,割合に,わりあいに,,,,,,,https://ja.dict.naver.com/#/search?query=%E5%89%B2%E5%90%88%E3%81%AB,2026-08-19T00:31:52+0900,No JLPT-tagged NAVER entry found
w_9ef6ae47fbeea384,N2,,naver_level_missing,勝手だ,かってだ,,,,,,,https://ja.dict.naver.com/#/search?query=%E5%8B%9D%E6%89%8B%E3%81%A0,2026-08-19T00:31:52+0900,No JLPT-tagged NAVER entry found
w_d760d012aa3df7a5,N2,,naver_level_missing,勝手に,かってに,,,,,,,https://ja.dict.naver.com/#/search?query=%E5%8B%9D%E6%89%8B%E3%81%AB,2026-08-19T00:31:52+0900,No JLPT-tagged NAVER entry found
w_306216717f196919,N2,,naver_level_missing,半減,はんげん,,,,,,,https://ja.dict.naver.com/#/search?query=%E5%8D%8A%E6%B8%9B,2026-08-19T00:31:52+0900,No JLPT-tagged NAVER entry found
w_e421aae9647d50d9,N2,,naver_level_missing,危険だ,きけんだ,,,,,,,https://ja.dict.naver.com/#/search?query=%E5%8D%B1%E9%99%BA%E3%81%A0,2026-08-19T00:31:52+0900,No JLPT-tagged NAVER entry found
w_9ea346dbfdc4c768,N2,,naver_level_missing,叔母,おば,,,,,,,https://ja.dict.naver.com/#/search?query=%E5%8F%94%E6%AF%8D,2026-08-19T00:31:52+0900,No JLPT-tagged NAVER entry found
w_713aaa51e13cbeed,N2,,naver_level_missing,叔父,おじ,,,,,,,https://ja.dict.naver.com/#/search?query=%E5%8F%94%E7%88%B6,2026-08-19T00:31:52+0900,No JLPT-tagged NAVER entry found
w_06502f590cb6c6fe,N2,,naver_level_missing,取り上げる,とりあげる,,,,,,,https://ja.dict.naver.com/#/search?query=%E5%8F%96%E3%82%8A%E4%B8%8A%E3%81%92%E3%82%8B,2026-08-19T00:31:52+0900,No JLPT-tagged NAVER entry found
w_728f3fff42bfc4e5,N2,,naver_level_missing,取り入れる,とりいれる,,,,,,,https://ja.dict.naver.com/#/search?query=%E5%8F%96%E3%82%8A%E5%85%A5%E3%82%8C%E3%82%8B,2026-08-19T00:31:52+0900,No JLPT-tagged NAVER entry found
w_107bd50a48d02b70,N2,,naver_level_missing,取り出す,とりだす,,,,,,,https://ja.dict.naver.com/#/search?query=%E5%8F%96%E3%82%8A%E5%87%BA%E3%81%99,2026-08-19T00:31:52+0900,No JLPT-tagged NAVER entry found
w_51492880f4ff54fb,N2,,naver_level_missing,取り組む,とりくむ,,,,,,,https://ja.dict.naver.com/#/search?query=%E5%8F%96%E3%82%8A%E7%B5%84%E3%82%80,2026-08-19T00:31:52+0900,No JLPT-tagged NAVER entry found
w_bedd038e5370599e,N2,,naver_level_missing,取り除く,とりのぞく,,,,,,,https://ja.dict.naver.com/#/search?query=%E5%8F%96%E3%82%8A%E9%99%A4%E3%81%8F,2026-08-19T00:31:52+0900,No JLPT-tagged NAVER entry found
w_8ff22e997b700b80,N2,,naver_level_missing,受け取り,うけとり,,,,,,,https://ja.dict.naver.com/#/search?query=%E5%8F%97%E3%81%91%E5%8F%96%E3%82%8A,2026-08-19T00:31:52+0900,No JLPT-tagged NAVER entry found
w_70d444f0b75ce53c,N2,,naver_level_missing,受け持つ,うけもつ,,,,,,,https://ja.dict.naver.com/#/search?query=%E5%8F%97%E3%81%91%E6%8C%81%E3%81%A4,2026-08-19T00:31:52+0900,No JLPT-tagged NAVER entry found
w_01c8260054b32da5,N2,,naver_level_missing,各々,おのおの,,,,,,,https://ja.dict.naver.com/#/search?query=%E5%90%84%E3%80%85,2026-08-19T00:31:52+0900,No JLPT-tagged NAVER entry found
w_947ee10c7c753bf7,N2,,naver_level_missing,同様だ,どうようだ,,,,,,,https://ja.dict.naver.com/#/search?query=%E5%90%8C%E6%A7%98%E3%81%A0,2026-08-19T00:31:52+0900,No JLPT-tagged NAVER entry found
w_afe0b47bfa0921be,N2,,naver_level_missing,吐き出す,はきだす,,,,,,,https://ja.dict.naver.com/#/search?query=%E5%90%90%E3%81%8D%E5%87%BA%E3%81%99,2026-08-19T00:31:52+0900,No JLPT-tagged NAVER entry found
w_dd0669298f0d3f54,N2,,naver_level_missing,呼び出す,よびだす,,,,,,,https://ja.dict.naver.com/#/search?query=%E5%91%BC%E3%81%B3%E5%87%BA%E3%81%99,2026-08-19T00:31:52+0900,No JLPT-tagged NAVER entry found
w_9375044e7571e8e4,N2,,naver_level_missing,呼び止める,よびとめる,,,,,,,https://ja.dict.naver.com/#/search?query=%E5%91%BC%E3%81%B3%E6%AD%A2%E3%82%81%E3%82%8B,2026-08-19T00:31:52+0900,No JLPT-tagged NAVER entry found
w_69051b86844ecf4a,N2,,naver_level_missing,問い合わせ,といあわせ,,,,,,,https://ja.dict.naver.com/#/search?query=%E5%95%8F%E3%81%84%E5%90%88%E3%82%8F%E3%81%9B,2026-08-19T00:31:52+0900,No JLPT-tagged NAVER entry found
w_be45bc6bb7ee0f57,N2,,naver_level_missing,問い合わせる,といあわせる,,,,,,,https://ja.dict.naver.com/#/search?query=%E5%95%8F%E3%81%84%E5%90%88%E3%82%8F%E3%81%9B%E3%82%8B,2026-08-19T00:31:52+0900,No JLPT-tagged NAVER entry found
w_cc1a7419426c2c4a,N2,,naver_level_missing,四角い,しかくい,,,,,,,https://ja.dict.naver.com/#/search?query=%E5%9B%9B%E8%A7%92%E3%81%84,2026-08-19T00:31:52+0900,No JLPT-tagged NAVER entry found
w_269ddebb94cfa099,N2,,naver_level_missing,図々しい,ずうずうしい,,,,,,,https://ja.dict.naver.com/#/search?query=%E5%9B%B3%E3%80%85%E3%81%97%E3%81%84,2026-08-19T00:31:52+0900,No JLPT-tagged NAVER entry found
w_b5b7c2170e22ae1a,N2,,naver_level_missing,地味だ,じみだ,,,,,,,https://ja.dict.naver.com/#/search?query=%E5%9C%B0%E5%91%B3%E3%81%A0,2026-08-19T00:31:52+0900,No JLPT-tagged NAVER entry found
w_e4f54ea798784465,N2,,naver_level_missing,坊っちゃん,ぼっちゃん,,,,,,,https://ja.dict.naver.com/#/search?query=%E5%9D%8A%E3%81%A3%E3%81%A1%E3%82%83%E3%82%93,2026-08-19T00:31:52+0900,No JLPT-tagged NAVER entry found
w_d1b4e9d1855d96a8,N2,,naver_level_missing,塊,かたまり,,,,,,,https://ja.dict.naver.com/#/search?query=%E5%A1%8A,2026-08-19T00:31:52+0900,No JLPT-tagged NAVER entry found
w_ea1fe9d8bd4bfedb,N2,,naver_level_missing,塩辛,しおから,,,,,,,https://ja.dict.naver.com/#/search?query=%E5%A1%A9%E8%BE%9B,2026-08-19T00:31:52+0900,No JLPT-tagged NAVER entry found
w_ffefb3b5ec05aab1,N2,,naver_level_missing,増える,ふえる,,,,,,,https://ja.dict.naver.com/#/search?query=%E5%A2%97%E3%81%88%E3%82%8B,2026-08-19T00:31:52+0900,No JLPT-tagged NAVER entry found
w_dcf81ee7c767ed7f,N2,,naver_level_missing,売り上げ,うりあげ,,,,,,,https://ja.dict.naver.com/#/search?query=%E5%A3%B2%E3%82%8A%E4%B8%8A%E3%81%92,2026-08-19T00:31:52+0900,No JLPT-tagged NAVER entry found
w_0dc203c1fa44a8dd,N2,,naver_level_missing,売り切れ,うりきれ,,,,,,,https://ja.dict.naver.com/#/search?query=%E5%A3%B2%E3%82%8A%E5%88%87%E3%82%8C,2026-08-19T00:31:52+0900,No JLPT-tagged NAVER entry found
w_0d74e407f9afe5a5,N2,,naver_level_missing,売れ行き,うれゆき,,,,,,,https://ja.dict.naver.com/#/search?query=%E5%A3%B2%E3%82%8C%E8%A1%8C%E3%81%8D,2026-08-19T00:31:52+0900,No JLPT-tagged NAVER entry found
w_a28378d63f77e2a2,N2,,naver_level_missing,変換,へんかん,,,,,,,https://ja.dict.naver.com/#/search?query=%E5%A4%89%E6%8F%9B,2026-08-19T00:31:52+0900,No JLPT-tagged NAVER entry found
w_44a892d1b564fc20,N2,,naver_level_missing,多大だ,ただいだ,,,,,,,https://ja.dict.naver.com/#/search?query=%E5%A4%9A%E5%A4%A7%E3%81%A0,2026-08-19T00:31:52+0900,No JLPT-tagged NAVER entry found
w_61aa0aa46f4f634a,N2,,naver_level_missing,多様だ,たようだ,,,,,,,https://ja.dict.naver.com/#/search?query=%E5%A4%9A%E6%A7%98%E3%81%A0,2026-08-19T00:31:52+0900,No JLPT-tagged NAVER entry found
w_c8ffec9cad93ecf4,N2,,naver_level_missing,大げさだ,おおげさだ,,,,,,,https://ja.dict.naver.com/#/search?query=%E5%A4%A7%E3%81%92%E3%81%95%E3%81%A0,2026-08-19T00:31:52+0900,No JLPT-tagged NAVER entry found
w_6be80965290001db,N2,,naver_level_missing,大ざっぱ,おおざっぱ,,,,,,,https://ja.dict.naver.com/#/search?query=%E5%A4%A7%E3%81%96%E3%81%A3%E3%81%B1,2026-08-19T00:31:52+0900,No JLPT-tagged NAVER entry found
w_e15c90e6e968062b,N2,,naver_level_missing,大ざっぱだ,おおざっぱだ,,,,,,,https://ja.dict.naver.com/#/search?query=%E5%A4%A7%E3%81%96%E3%81%A3%E3%81%B1%E3%81%A0,2026-08-19T00:31:52+0900,No JLPT-tagged NAVER entry found
w_395b901e45fc4d16,N2,,naver_level_missing,好調だ,こうちょうだ,,,,,,,https://ja.dict.naver.com/#/search?query=%E5%A5%BD%E8%AA%BF%E3%81%A0,2026-08-19T00:31:52+0900,No JLPT-tagged NAVER entry found
w_de9c93232af3bdba,N2,,naver_level_missing,妙だ,みょうだ,,,,,,,https://ja.dict.naver.com/#/search?query=%E5%A6%99%E3%81%A0,2026-08-19T00:31:52+0900,No JLPT-tagged NAVER entry found
w_213905929b42e976,N2,,naver_level_missing,始めに,はじめに,,,,,,,https://ja.dict.naver.com/#/search?query=%E5%A7%8B%E3%82%81%E3%81%AB,2026-08-19T00:31:52+0900,No JLPT-tagged NAVER entry found
w_e5a9e98ae4eb0fd9,N2,,naver_level_missing,安易だ,あんいだ,,,,,,,https://ja.dict.naver.com/#/search?query=%E5%AE%89%E6%98%93%E3%81%A0,2026-08-19T00:31:52+0900,No JLPT-tagged NAVER entry found
w_c5334ff5f3430794,N2,,naver_level_missing,対等だ,たいとうだ,,,,,,,https://ja.dict.naver.com/#/search?query=%E5%AF%BE%E7%AD%89%E3%81%A0,2026-08-19T00:31:52+0900,No JLPT-tagged NAVER entry found
w_a430acefffcd0bfe,N2,,naver_level_missing,小父さん,おじさん,,,,,,,https://ja.dict.naver.com/#/search?query=%E5%B0%8F%E7%88%B6%E3%81%95%E3%82%93,2026-08-19T00:31:52+0900,No JLPT-tagged NAVER entry found
w_4fe45e0c31984a3b,N2,,naver_level_missing,小遣い,こづかい,,,,,,,https://ja.dict.naver.com/#/search?query=%E5%B0%8F%E9%81%A3%E3%81%84,2026-08-19T00:31:52+0900,No JLPT-tagged NAVER entry found
w_97a3b823f67674e9,N2,,naver_level_missing,差し上げる,さしあげる,,,,,,,https://ja.dict.naver.com/#/search?query=%E5%B7%AE%E3%81%97%E4%B8%8A%E3%81%92%E3%82%8B,2026-08-19T00:31:52+0900,No JLPT-tagged NAVER entry found
w_98ff2ee683f77e8d,N2,,naver_level_missing,差し引き,さしひき,,,,,,,https://ja.dict.naver.com/#/search?query=%E5%B7%AE%E3%81%97%E5%BC%95%E3%81%8D,2026-08-19T00:31:52+0900,No JLPT-tagged NAVER entry found
w_aec4831204ef2426,N2,,naver_level_missing,差し支え,さしつかえ,,,,,,,https://ja.dict.naver.com/#/search?query=%E5%B7%AE%E3%81%97%E6%94%AF%E3%81%88,2026-08-19T00:31:52+0900,No JLPT-tagged NAVER entry found
w_76a0eb1e41436ab7,N2,,naver_level_missing,平らげる,たいらげる,,,,,,,https://ja.dict.naver.com/#/search?query=%E5%B9%B3%E3%82%89%E3%81%92%E3%82%8B,2026-08-19T00:31:52+0900,No JLPT-tagged NAVER entry found
w_0084c15661be04e0,N2,,naver_level_missing,平凡だ,へいぼんだ,,,,,,,https://ja.dict.naver.com/#/search?query=%E5%B9%B3%E5%87%A1%E3%81%A0,2026-08-19T00:31:52+0900,No JLPT-tagged NAVER entry found
w_2171d900f3fc843c,N2,,naver_level_missing,平気だ,へいきだ,,,,,,,https://ja.dict.naver.com/#/search?query=%E5%B9%B3%E6%B0%97%E3%81%A0,2026-08-19T00:31:52+0900,No JLPT-tagged NAVER entry found
w_f170b63846a5ec48,N2,,naver_level_missing,幸いだ,さいわいだ,,,,,,,https://ja.dict.naver.com/#/search?query=%E5%B9%B8%E3%81%84%E3%81%A0,2026-08-19T00:31:52+0900,No JLPT-tagged NAVER entry found
w_1eae6eda7c09f13c,N2,,naver_level_missing,幸いに,さいわいに,,,,,,,https://ja.dict.naver.com/#/search?query=%E5%B9%B8%E3%81%84%E3%81%AB,2026-08-19T00:31:52+0900,No JLPT-tagged NAVER entry found
w_f6a2e20f749791eb,N2,,naver_level_missing,広々,ひろびろ,,,,,,,https://ja.dict.naver.com/#/search?query=%E5%BA%83%E3%80%85,2026-08-19T00:31:52+0900,No JLPT-tagged NAVER entry found
w_0ff95f9278e7d4c0,N2,,naver_level_missing,弊社,へいしゃ,,,,,,,https://ja.dict.naver.com/#/search?query=%E5%BC%8A%E7%A4%BE,2026-08-19T00:31:52+0900,No JLPT-tagged NAVER entry found
w_81096075fb7901d9,N2,,naver_level_missing,引き出す,ひきだす,,,,,,,https://ja.dict.naver.com/#/search?query=%E5%BC%95%E3%81%8D%E5%87%BA%E3%81%99,2026-08-19T00:31:52+0900,No JLPT-tagged NAVER entry found
w_0551f83e2464e885,N2,,naver_level_missing,引き分け,ひきわけ,,,,,,,https://ja.dict.naver.com/#/search?query=%E5%BC%95%E3%81%8D%E5%88%86%E3%81%91,2026-08-19T00:31:52+0900,No JLPT-tagged NAVER entry found
w_f9a9fd5b8dca1f64,N2,,naver_level_missing,引き渡す,ひきわたす,,,,,,,https://ja.dict.naver.com/#/search?query=%E5%BC%95%E3%81%8D%E6%B8%A1%E3%81%99,2026-08-19T00:31:52+0900,No JLPT-tagged NAVER entry found
w_a66198a344df39a0,N2,,naver_level_missing,引き算,ひきざん,,,,,,,https://ja.dict.naver.com/#/search?query=%E5%BC%95%E3%81%8D%E7%AE%97,2026-08-19T00:31:52+0900,No JLPT-tagged NAVER entry found
w_e69af88fb6e6c9dc,N2,,naver_level_missing,引き返す,ひきかえす,,,,,,,https://ja.dict.naver.com/#/search?query=%E5%BC%95%E3%81%8D%E8%BF%94%E3%81%99,2026-08-19T00:31:52+0900,No JLPT-tagged NAVER entry found
w_2cb1c7848a99643f,N2,,naver_level_missing,引っ越し,ひっこし,,,,,,,https://ja.dict.naver.com/#/search?query=%E5%BC%95%E3%81%A3%E8%B6%8A%E3%81%97,2026-08-19T00:31:52+0900,No JLPT-tagged NAVER entry found
w_6a5dccbb62da65b7,N2,,naver_level_missing,引っ込む,ひっこむ,,,,,,,https://ja.dict.naver.com/#/search?query=%E5%BC%95%E3%81%A3%E8%BE%BC%E3%82%80,2026-08-19T00:31:52+0900,No JLPT-tagged NAVER entry found
w_e5e74884551c96f2,N2,,naver_level_missing,強烈だ,きょうれつだ,,,,,,,https://ja.dict.naver.com/#/search?query=%E5%BC%B7%E7%83%88%E3%81%A0,2026-08-19T00:31:52+0900,No JLPT-tagged NAVER entry found
w_14d43505e1a91b15,N2,,naver_level_missing,徐々に,じょじょに,,,,,,,https://ja.dict.naver.com/#/search?query=%E5%BE%90%E3%80%85%E3%81%AB,2026-08-19T00:31:52+0900,No JLPT-tagged NAVER entry found
w_18a5d02537f4ccc4,N2,,naver_level_missing,徹底する,てっていする,,,,,,,https://ja.dict.naver.com/#/search?query=%E5%BE%B9%E5%BA%95%E3%81%99%E3%82%8B,2026-08-19T00:31:52+0900,No JLPT-tagged NAVER entry found
w_80f8172b3e531738,N2,,naver_level_missing,快晴だ,かいせいだ,,,,,,,https://ja.dict.naver.com/#/search?query=%E5%BF%AB%E6%99%B4%E3%81%A0,2026-08-19T00:31:52+0900,No JLPT-tagged NAVER entry found
w_c5ab894cc1ca5bbb,N2,,naver_level_missing,思いっきり,おもいっきり,,,,,,,https://ja.dict.naver.com/#/search?query=%E6%80%9D%E3%81%84%E3%81%A3%E3%81%8D%E3%82%8A,2026-08-19T00:31:52+0900,No JLPT-tagged NAVER entry found
w_938006f867662636,N2,,naver_level_missing,急増する,きゅうぞうする,,,,,,,https://ja.dict.naver.com/#/search?query=%E6%80%A5%E5%A2%97%E3%81%99%E3%82%8B,2026-08-19T00:31:52+0900,No JLPT-tagged NAVER entry found
w_08d04d7ffcce53c1,N2,,naver_level_missing,悔やむ,くやむ,,,,,,,https://ja.dict.naver.com/#/search?query=%E6%82%94%E3%82%84%E3%82%80,2026-08-19T00:31:52+0900,No JLPT-tagged NAVER entry found
w_8e980f9ef22d1661,N2,,naver_level_missing,悠々,ゆうゆう,,,,,,,https://ja.dict.naver.com/#/search?query=%E6%82%A0%E3%80%85,2026-08-19T00:31:52+0900,No JLPT-tagged NAVER entry found
w_fcba82e2406eee81,N2,,naver_level_missing,惑わす,まどわす,,,,,,,https://ja.dict.naver.com/#/search?query=%E6%83%91%E3%82%8F%E3%81%99,2026-08-19T00:31:52+0900,No JLPT-tagged NAVER entry found
w_3a8617b339bdbba6,N2,,naver_level_missing,愛用,あいよう,,,,,,,https://ja.dict.naver.com/#/search?query=%E6%84%9B%E7%94%A8,2026-08-19T00:31:52+0900,No JLPT-tagged NAVER entry found
w_1dca83e335d8d37c,N2,,naver_level_missing,慎重だ,しんちょうだ,,,,,,,https://ja.dict.naver.com/#/search?query=%E6%85%8E%E9%87%8D%E3%81%A0,2026-08-19T00:31:52+0900,No JLPT-tagged NAVER entry found
w_f3100e7c17b3e26c,N2,,naver_level_missing,所々,ところどころ,,,,,,,https://ja.dict.naver.com/#/search?query=%E6%89%80%E3%80%85,2026-08-19T00:31:52+0900,No JLPT-tagged NAVER entry found
w_2647ebc555c9e05a,N2,,naver_level_missing,手拭い,てぬぐい,,,,,,,https://ja.dict.naver.com/#/search?query=%E6%89%8B%E6%8B%AD%E3%81%84,2026-08-19T00:31:52+0900,No JLPT-tagged NAVER entry found
w_4dbe5a61e64d2816,N2,,naver_level_missing,手洗い,てあらい,,,,,,,https://ja.dict.naver.com/#/search?query=%E6%89%8B%E6%B4%97%E3%81%84,2026-08-19T00:31:52+0900,No JLPT-tagged NAVER entry found
w_2f45942de23dda55,N2,,naver_level_missing,手続き,てつづき,,,,,,,https://ja.dict.naver.com/#/search?query=%E6%89%8B%E7%B6%9A%E3%81%8D,2026-08-19T00:31:52+0900,No JLPT-tagged NAVER entry found
w_f948982919ee8a7a,N2,,naver_level_missing,打ち明ける,うちあける,,,,,,,https://ja.dict.naver.com/#/search?query=%E6%89%93%E3%81%A1%E6%98%8E%E3%81%91%E3%82%8B,2026-08-19T00:31:52+0900,No JLPT-tagged NAVER entry found
w_8066bc7c46e1fbb1,N2,,naver_level_missing,打ち消す,うちけす,,,,,,,https://ja.dict.naver.com/#/search?query=%E6%89%93%E3%81%A1%E6%B6%88%E3%81%99,2026-08-19T00:31:52+0900,No JLPT-tagged NAVER entry found
w_5135dd81e7fcc848,N2,,naver_level_missing,払い戻す,はらいもどす,,,,,,,https://ja.dict.naver.com/#/search?query=%E6%89%95%E3%81%84%E6%88%BB%E3%81%99,2026-08-19T00:31:52+0900,No JLPT-tagged NAVER entry found
w_1c1342a535c8057b,N2,,naver_level_missing,押さえる,おさえる,,,,,,,https://ja.dict.naver.com/#/search?query=%E6%8A%BC%E3%81%95%E3%81%88%E3%82%8B,2026-08-19T00:31:52+0900,No JLPT-tagged NAVER entry found
w_a9f7302f18a082a7,N2,,naver_level_missing,招待する,しょうたいする,,,,,,,https://ja.dict.naver.com/#/search?query=%E6%8B%9B%E5%BE%85%E3%81%99%E3%82%8B,2026-08-19T00:31:52+0900,No JLPT-tagged NAVER entry found
w_c811f5af75378dc5,N2,,naver_level_missing,持参する,じさんする,,,,,,,https://ja.dict.naver.com/#/search?query=%E6%8C%81%E5%8F%82%E3%81%99%E3%82%8B,2026-08-19T00:31:52+0900,No JLPT-tagged NAVER entry found
w_326b5e103bd2d893,N2,,naver_level_missing,振り仮名,ふりがな,,,,,,,https://ja.dict.naver.com/#/search?query=%E6%8C%AF%E3%82%8A%E4%BB%AE%E5%90%8D,2026-08-19T00:31:52+0900,No JLPT-tagged NAVER entry found
w_d18953f3f8dc760f,N2,,naver_level_missing,振り向く,ふりむく,,,,,,,https://ja.dict.naver.com/#/search?query=%E6%8C%AF%E3%82%8A%E5%90%91%E3%81%8F,2026-08-19T00:31:52+0900,No JLPT-tagged NAVER entry found
w_cdddc6fbf00c4cf5,N2,,naver_level_missing,振り込む,ふりこむ,,,,,,,https://ja.dict.naver.com/#/search?query=%E6%8C%AF%E3%82%8A%E8%BE%BC%E3%82%80,2026-08-19T00:31:52+0900,No JLPT-tagged NAVER entry found
w_fe5aa65deefa4fd4,N2,,naver_level_missing,振り返る,ふりかえる,,,,,,,https://ja.dict.naver.com/#/search?query=%E6%8C%AF%E3%82%8A%E8%BF%94%E3%82%8B,2026-08-19T00:31:52+0900,No JLPT-tagged NAVER entry found
w_22b57ca13e715d81,N2,,naver_level_missing,振る舞う,ふるまう,,,,,,,https://ja.dict.naver.com/#/search?query=%E6%8C%AF%E3%82%8B%E8%88%9E%E3%81%86,2026-08-19T00:31:52+0900,No JLPT-tagged NAVER entry found
w_8065e96840fda82b,N2,,naver_level_missing,捕らえる,とらえる,,,,,,,https://ja.dict.naver.com/#/search?query=%E6%8D%95%E3%82%89%E3%81%88%E3%82%8B,2026-08-19T00:31:52+0900,No JLPT-tagged NAVER entry found
w_c482266ac0be4b91,N2,,naver_level_missing,掛け算,かけざん,,,,,,,https://ja.dict.naver.com/#/search?query=%E6%8E%9B%E3%81%91%E7%AE%97,2026-08-19T00:31:52+0900,No JLPT-tagged NAVER entry found
w_b634948494be7e44,N2,,naver_level_missing,斬る,きる,,,,,,,https://ja.dict.naver.com/#/search?query=%E6%96%AC%E3%82%8B,2026-08-19T00:31:52+0900,No JLPT-tagged NAVER entry found
w_a844546befebc416,N2,,naver_level_missing,新ただ,あらただ,,,,,,,https://ja.dict.naver.com/#/search?query=%E6%96%B0%E3%81%9F%E3%81%A0,2026-08-19T00:31:52+0900,No JLPT-tagged NAVER entry found
w_011337c673b66fbe,N2,,naver_level_missing,日にち,ひにち,,,,,,,https://ja.dict.naver.com/#/search?query=%E6%97%A5%E3%81%AB%E3%81%A1,2026-08-19T00:31:52+0900,No JLPT-tagged NAVER entry found
w_d69788977c20d14c,N2,,naver_level_missing,日差し,ひざし,,,,,,,https://ja.dict.naver.com/#/search?query=%E6%97%A5%E5%B7%AE%E3%81%97,2026-08-19T00:31:52+0900,No JLPT-tagged NAVER entry found
w_d9e121c9f74a30b8,N2,,naver_level_missing,日当たり,ひあたり,,,,,,,https://ja.dict.naver.com/#/search?query=%E6%97%A5%E5%BD%93%E3%81%9F%E3%82%8A,2026-08-19T00:31:52+0900,No JLPT-tagged NAVER entry found
w_7d3d19122f39f85d,N2,,naver_level_missing,明らかだ,あきらかだ,,,,,,,https://ja.dict.naver.com/#/search?query=%E6%98%8E%E3%82%89%E3%81%8B%E3%81%A0,2026-08-19T00:31:52+0900,No JLPT-tagged NAVER entry found
w_a029f97e41adcce1,N2,,naver_level_missing,時間割,じかんわり,,,,,,,https://ja.dict.naver.com/#/search?query=%E6%99%82%E9%96%93%E5%89%B2,2026-08-19T00:31:52+0900,No JLPT-tagged NAVER entry found
w_1fd4c250a90b93a7,N2,,naver_level_missing,普遍的,ふへんてき,,,,,,,https://ja.dict.naver.com/#/search?query=%E6%99%AE%E9%81%8D%E7%9A%84,2026-08-19T00:31:52+0900,No JLPT-tagged NAVER entry found
w_b8fbaded141b29eb,N2,,naver_level_missing,曖昧だ,あいまいだ,,,,,,,https://ja.dict.naver.com/#/search?query=%E6%9B%96%E6%98%A7%E3%81%A0,2026-08-19T00:31:52+0900,No JLPT-tagged NAVER entry found
w_927239de110ba25e,N2,,naver_level_missing,有難い,ありがたい,,,,,,,https://ja.dict.naver.com/#/search?query=%E6%9C%89%E9%9B%A3%E3%81%84,2026-08-19T00:31:52+0900,No JLPT-tagged NAVER entry found
w_bdef0744a164ce01,N2,,naver_level_missing,果たして,はたして,,,,,,,https://ja.dict.naver.com/#/search?query=%E6%9E%9C%E3%81%9F%E3%81%97%E3%81%A6,2026-08-19T00:31:52+0900,No JLPT-tagged NAVER entry found
w_ef34615da3e743ca,N2,,naver_level_missing,楽天的,らくてんてき,,,,,,,https://ja.dict.naver.com/#/search?query=%E6%A5%BD%E5%A4%A9%E7%9A%84,2026-08-19T00:31:52+0900,No JLPT-tagged NAVER entry found
w_ce285518225afb6d,N2,,naver_level_missing,構いません,かまいません,,,,,,,https://ja.dict.naver.com/#/search?query=%E6%A7%8B%E3%81%84%E3%81%BE%E3%81%9B%E3%82%93,2026-08-19T00:31:52+0900,No JLPT-tagged NAVER entry found
w_39dd02a5b61887c0,N2,,naver_level_missing,様々,さまざま,,,,,,,https://ja.dict.naver.com/#/search?query=%E6%A7%98%E3%80%85,2026-08-19T00:31:52+0900,No JLPT-tagged NAVER entry found
w_a7b14d3e8de85b78,N2,,naver_level_missing,歯磨き,はみがき,,,,,,,https://ja.dict.naver.com/#/search?query=%E6%AD%AF%E7%A3%A8%E3%81%8D,2026-08-19T00:31:52+0900,No JLPT-tagged NAVER entry found
w_909e868e3f108baa,N2,,naver_level_missing,残念だ,ざんねんだ,,,,,,,https://ja.dict.naver.com/#/search?query=%E6%AE%8B%E5%BF%B5%E3%81%A0,2026-08-19T00:31:52+0900,No JLPT-tagged NAVER entry found
w_b0aa7ab8e4300e43,N2,,naver_level_missing,気楽だ,きらくだ,,,,,,,https://ja.dict.naver.com/#/search?query=%E6%B0%97%E6%A5%BD%E3%81%A0,2026-08-19T00:31:52+0900,No JLPT-tagged NAVER entry found
w_8ed0bef131adb294,N2,,naver_level_missing,浮かぶ,うかぶ,,,,,,,https://ja.dict.naver.com/#/search?query=%E6%B5%AE%E3%81%8B%E3%81%B6,2026-08-19T00:31:52+0900,No JLPT-tagged NAVER entry found
w_56e22b4b34e6b4e6,N2,,naver_level_missing,浮かべる,うかべる,,,,,,,https://ja.dict.naver.com/#/search?query=%E6%B5%AE%E3%81%8B%E3%81%B9%E3%82%8B,2026-08-19T00:31:52+0900,No JLPT-tagged NAVER entry found
w_19b5d2b2dd1e8ed7,N2,,naver_level_missing,深刻だ,しんこくだ,,,,,,,https://ja.dict.naver.com/#/search?query=%E6%B7%B1%E5%88%BB%E3%81%A0,2026-08-19T00:31:52+0900,No JLPT-tagged NAVER entry found
w_93a96281b83e6194,N2,,naver_level_missing,温もり,ぬくもり,,,,,,,https://ja.dict.naver.com/#/search?query=%E6%B8%A9%E3%82%82%E3%82%8A,2026-08-19T00:31:52+0900,No JLPT-tagged NAVER entry found
w_1471aa8114e77f9f,N2,,naver_level_missing,溜息,ためいき,,,,,,,https://ja.dict.naver.com/#/search?query=%E6%BA%9C%E6%81%AF,2026-08-19T00:31:52+0900,No JLPT-tagged NAVER entry found
w_1e2a728f9fcabb4d,N2,,naver_level_missing,溶け込む,とけこむ,,,,,,,https://ja.dict.naver.com/#/search?query=%E6%BA%B6%E3%81%91%E8%BE%BC%E3%82%80,2026-08-19T00:31:52+0900,No JLPT-tagged NAVER entry found
w_bd727591cdd86a06,N2,,naver_level_missing,無駄だ,むだだ,,,,,,,https://ja.dict.naver.com/#/search?query=%E7%84%A1%E9%A7%84%E3%81%A0,2026-08-19T00:31:52+0900,No JLPT-tagged NAVER entry found
w_e858d46c7109c9cd,N2,,naver_level_missing,照らす,てらす,,,,,,,https://ja.dict.naver.com/#/search?query=%E7%85%A7%E3%82%89%E3%81%99,2026-08-19T00:31:52+0900,No JLPT-tagged NAVER entry found
w_e00dbe6126a8bcff,N2,,naver_level_missing,物差し,ものさし,,,,,,,https://ja.dict.naver.com/#/search?query=%E7%89%A9%E5%B7%AE%E3%81%97,2026-08-19T00:31:52+0900,No JLPT-tagged NAVER entry found
w_1c687c8fbeb668eb,N2,,naver_level_missing,物騒だ,ぶっそうだ,,,,,,,https://ja.dict.naver.com/#/search?query=%E7%89%A9%E9%A8%92%E3%81%A0,2026-08-19T00:31:52+0900,No JLPT-tagged NAVER entry found
w_1e3238f741e99a6a,N2,,naver_level_missing,狭める,せばめる,,,,,,,https://ja.dict.naver.com/#/search?query=%E7%8B%AD%E3%82%81%E3%82%8B,2026-08-19T00:31:52+0900,No JLPT-tagged NAVER entry found
w_c754546c7b68fe8e,N2,,naver_level_missing,率直,そっちょく,,,,,,,https://ja.dict.naver.com/#/search?query=%E7%8E%87%E7%9B%B4,2026-08-19T00:31:52+0900,No JLPT-tagged NAVER entry found
w_6ee8504b8ab97680,N2,,naver_level_missing,率直だ,そっちょくだ,,,,,,,https://ja.dict.naver.com/#/search?query=%E7%8E%87%E7%9B%B4%E3%81%A0,2026-08-19T00:31:52+0900,No JLPT-tagged NAVER entry found
w_5ca2ac72fa6c8d99,N2,,naver_level_missing,瓶詰,びんづめ,,,,,,,https://ja.dict.naver.com/#/search?query=%E7%93%B6%E8%A9%B0,2026-08-19T00:31:52+0900,No JLPT-tagged NAVER entry found
w_94e5e900e99061d0,N2,,naver_level_missing,生け花,いけばな,,,,,,,https://ja.dict.naver.com/#/search?query=%E7%94%9F%E3%81%91%E8%8A%B1,2026-08-19T00:31:52+0900,No JLPT-tagged NAVER entry found
w_b59c4e111c8e5426,N2,,naver_level_missing,田植え,たうえ,,,,,,,https://ja.dict.naver.com/#/search?query=%E7%94%B0%E6%A4%8D%E3%81%88,2026-08-19T00:31:52+0900,No JLPT-tagged NAVER entry found
w_c206a8fc4ff2a0e5,N2,,naver_level_missing,申し上げる,もうしあげる,,,,,,,https://ja.dict.naver.com/#/search?query=%E7%94%B3%E3%81%97%E4%B8%8A%E3%81%92%E3%82%8B,2026-08-19T00:31:52+0900,No JLPT-tagged NAVER entry found
w_272e0931b59a9581,N2,,naver_level_missing,申し訳ない,もうしわけない,,,,,,,https://ja.dict.naver.com/#/search?query=%E7%94%B3%E3%81%97%E8%A8%B3%E3%81%AA%E3%81%84,2026-08-19T00:31:52+0900,No JLPT-tagged NAVER entry found
w_261d08aef7008630,N2,,naver_level_missing,痛ましい,いたましい,,,,,,,https://ja.dict.naver.com/#/search?query=%E7%97%9B%E3%81%BE%E3%81%97%E3%81%84,2026-08-19T00:31:52+0900,No JLPT-tagged NAVER entry found
w_a6ac744584fd12de,N2,,naver_level_missing,発送,はっそう,,,,,,,https://ja.dict.naver.com/#/search?query=%E7%99%BA%E9%80%81,2026-08-19T00:31:52+0900,No JLPT-tagged NAVER entry found
w_e4c9461baa503259,N2,,naver_level_missing,目覚まし,めざまし,,,,,,,https://ja.dict.naver.com/#/search?query=%E7%9B%AE%E8%A6%9A%E3%81%BE%E3%81%97,2026-08-19T00:31:52+0900,No JLPT-tagged NAVER entry found
w_957e9ad1cc2a5cc6,N2,,naver_level_missing,着々,ちゃくちゃく,,,,,,,https://ja.dict.naver.com/#/search?query=%E7%9D%80%E3%80%85,2026-08-19T00:31:52+0900,No JLPT-tagged NAVER entry found
w_56afecb4ab165d9c,N2,,naver_level_missing,知り合い,しりあい,,,,,,,https://ja.dict.naver.com/#/search?query=%E7%9F%A5%E3%82%8A%E5%90%88%E3%81%84,2026-08-19T00:31:52+0900,No JLPT-tagged NAVER entry found
w_d59a9029ddc91532,N2,,naver_level_missing,碁,ご,,,,,,,https://ja.dict.naver.com/#/search?query=%E7%A2%81,2026-08-19T00:31:52+0900,No JLPT-tagged NAVER entry found
w_938608c46fd00ac2,N2,,naver_level_missing,確かだ,たしかだ,,,,,,,https://ja.dict.naver.com/#/search?query=%E7%A2%BA%E3%81%8B%E3%81%A0,2026-08-19T00:31:52+0900,No JLPT-tagged NAVER entry found
w_8bbc04e399eb7ef7,N2,,naver_level_missing,確率,かくりつ,,,,,,,https://ja.dict.naver.com/#/search?query=%E7%A2%BA%E7%8E%87,2026-08-19T00:31:52+0900,No JLPT-tagged NAVER entry found
w_dc6a45628d836fe4,N2,,naver_level_missing,積み重ねる,つみかさねる,,,,,,,https://ja.dict.naver.com/#/search?query=%E7%A9%8D%E3%81%BF%E9%87%8D%E3%81%AD%E3%82%8B,2026-08-19T00:31:52+0900,No JLPT-tagged NAVER entry found
w_9069da5ba5d0cf3e,N2,,naver_level_missing,穏やかだ,おだやかだ,,,,,,,https://ja.dict.naver.com/#/search?query=%E7%A9%8F%E3%82%84%E3%81%8B%E3%81%A0,2026-08-19T00:31:52+0900,No JLPT-tagged NAVER entry found
w_36777d1c0b4ca241,N2,,naver_level_missing,突き当たり,つきあたり,,,,,,,https://ja.dict.naver.com/#/search?query=%E7%AA%81%E3%81%8D%E5%BD%93%E3%81%9F%E3%82%8A,2026-08-19T00:31:52+0900,No JLPT-tagged NAVER entry found
w_239002bff34f6f02,N2,,naver_level_missing,突き当たる,つきあたる,,,,,,,https://ja.dict.naver.com/#/search?query=%E7%AA%81%E3%81%8D%E5%BD%93%E3%81%9F%E3%82%8B,2026-08-19T00:31:52+0900,No JLPT-tagged NAVER entry found
w_6ba0372f290b6408,N2,,naver_level_missing,立ち止まる,たちどまる,,,,,,,https://ja.dict.naver.com/#/search?query=%E7%AB%8B%E3%81%A1%E6%AD%A2%E3%81%BE%E3%82%8B,2026-08-19T00:31:52+0900,No JLPT-tagged NAVER entry found
w_df44e7a299cf0dc4,N2,,naver_level_missing,簡潔だ,かんけつだ,,,,,,,https://ja.dict.naver.com/#/search?query=%E7%B0%A1%E6%BD%94%E3%81%A0,2026-08-19T00:31:52+0900,No JLPT-tagged NAVER entry found
w_01e82a3b4d12f965,N2,,naver_level_missing,簡略,かんりゃく,,,,,,,https://ja.dict.naver.com/#/search?query=%E7%B0%A1%E7%95%A5,2026-08-19T00:31:52+0900,No JLPT-tagged NAVER entry found
w_4ab83868ea322f8a,N2,,naver_level_missing,簡略だ,かんりゃくだ,,,,,,,https://ja.dict.naver.com/#/search?query=%E7%B0%A1%E7%95%A5%E3%81%A0,2026-08-19T00:31:52+0900,No JLPT-tagged NAVER entry found
w_d726939774ab6189,N2,,naver_level_missing,粗末だ,そまつだ,,,,,,,https://ja.dict.naver.com/#/search?query=%E7%B2%97%E6%9C%AB%E3%81%A0,2026-08-19T00:31:52+0900,No JLPT-tagged NAVER entry found
w_9c08a614ebb31c33,N2,,naver_level_missing,納得する,なっとくする,,,,,,,https://ja.dict.naver.com/#/search?query=%E7%B4%8D%E5%BE%97%E3%81%99%E3%82%8B,2026-08-19T00:31:52+0900,No JLPT-tagged NAVER entry found
w_f34b615f0ac07e07,N2,,naver_level_missing,素直だ,すなおだ,,,,,,,https://ja.dict.naver.com/#/search?query=%E7%B4%A0%E7%9B%B4%E3%81%A0,2026-08-19T00:31:52+0900,No JLPT-tagged NAVER entry found
w_901d2f293b5d66be,N2,,naver_level_missing,組合せ,くみあわせ,,,,,,,https://ja.dict.naver.com/#/search?query=%E7%B5%84%E5%90%88%E3%81%9B,2026-08-19T00:31:52+0900,No JLPT-tagged NAVER entry found
w_3ab16e565cd75205,N2,,naver_level_missing,絶対に,ぜったいに,,,,,,,https://ja.dict.naver.com/#/search?query=%E7%B5%B6%E5%AF%BE%E3%81%AB,2026-08-19T00:31:52+0900,No JLPT-tagged NAVER entry found
w_fe5026000bdbdfdf,N2,,naver_level_missing,続々,ぞくぞく,,,,,,,https://ja.dict.naver.com/#/search?query=%E7%B6%9A%E3%80%85,2026-08-19T00:31:52+0900,No JLPT-tagged NAVER entry found
w_07d6a6a90e27f147,N2,,naver_level_missing,維持する,いじする,,,,,,,https://ja.dict.naver.com/#/search?query=%E7%B6%AD%E6%8C%81%E3%81%99%E3%82%8B,2026-08-19T00:31:52+0900,No JLPT-tagged NAVER entry found
w_2385034ec0aae4d5,N2,,naver_level_missing,締め切る,しめきる,,,,,,,https://ja.dict.naver.com/#/search?query=%E7%B7%A0%E3%82%81%E5%88%87%E3%82%8B,2026-08-19T00:31:52+0900,No JLPT-tagged NAVER entry found
w_38ec64286bb042f9,N2,,naver_level_missing,編み物,あみもの,,,,,,,https://ja.dict.naver.com/#/search?query=%E7%B7%A8%E3%81%BF%E7%89%A9,2026-08-19T00:31:52+0900,No JLPT-tagged NAVER entry found
w_dbd3956009c2603f,N2,,naver_level_missing,繋がり,つながり,,,,,,,https://ja.dict.naver.com/#/search?query=%E7%B9%8B%E3%81%8C%E3%82%8A,2026-08-19T00:31:52+0900,No JLPT-tagged NAVER entry found
w_55e59b27b382a2f6,N2,,naver_level_missing,缶詰,かんづめ,,,,,,,https://ja.dict.naver.com/#/search?query=%E7%BC%B6%E8%A9%B0,2026-08-19T00:31:52+0900,No JLPT-tagged NAVER entry found
w_0660726936f3cd12,N2,,naver_level_missing,群れ,むれ,,,,,,,https://ja.dict.naver.com/#/search?query=%E7%BE%A4%E3%82%8C,2026-08-19T00:31:52+0900,No JLPT-tagged NAVER entry found
w_e06b11a0ce81c89c,N2,,naver_level_missing,能率,のうりつ,,,,,,,https://ja.dict.naver.com/#/search?query=%E8%83%BD%E7%8E%87,2026-08-19T00:31:52+0900,No JLPT-tagged NAVER entry found
w_1d6479a34c016b7b,N2,,naver_level_missing,腰掛け,こしかけ,,,,,,,https://ja.dict.naver.com/#/search?query=%E8%85%B0%E6%8E%9B%E3%81%91,2026-08-19T00:31:52+0900,No JLPT-tagged NAVER entry found
w_b846d60ec7ea8a3a,N2,,naver_level_missing,若々しい,わかわかしい,,,,,,,https://ja.dict.naver.com/#/search?query=%E8%8B%A5%E3%80%85%E3%81%97%E3%81%84,2026-08-19T00:31:52+0900,No JLPT-tagged NAVER entry found
w_09d31b5d3e96cc64,N2,,naver_level_missing,落し物,おとしもの,,,,,,,https://ja.dict.naver.com/#/search?query=%E8%90%BD%E3%81%97%E7%89%A9,2026-08-19T00:31:52+0900,No JLPT-tagged NAVER entry found
w_2e9a5e2228dedf84,N2,,naver_level_missing,薄れる,うすれる,,,,,,,https://ja.dict.naver.com/#/search?query=%E8%96%84%E3%82%8C%E3%82%8B,2026-08-19T00:31:52+0900,No JLPT-tagged NAVER entry found
w_becbe89dce937f34,N2,,naver_level_missing,行ってきます,いってきます,,,,,,,https://ja.dict.naver.com/#/search?query=%E8%A1%8C%E3%81%A3%E3%81%A6%E3%81%8D%E3%81%BE%E3%81%99,2026-08-19T00:31:52+0900,No JLPT-tagged NAVER entry found
w_0014ac027b7eefb9,N2,,naver_level_missing,見かけ,みかけ,,,,,,,https://ja.dict.naver.com/#/search?query=%E8%A6%8B%E3%81%8B%E3%81%91,2026-08-19T00:31:52+0900,No JLPT-tagged NAVER entry found
w_687ee1900b005fd1,N2,,naver_level_missing,見つめる,みつめる,,,,,,,https://ja.dict.naver.com/#/search?query=%E8%A6%8B%E3%81%A4%E3%82%81%E3%82%8B,2026-08-19T00:31:52+0900,No JLPT-tagged NAVER entry found
w_621f8b3878cefe4d,N2,,naver_level_missing,見事だ,みごとだ,,,,,,,https://ja.dict.naver.com/#/search?query=%E8%A6%8B%E4%BA%8B%E3%81%A0,2026-08-19T00:31:52+0900,No JLPT-tagged NAVER entry found
w_2c3933bd8ef5180a,N2,,naver_level_missing,見出す,みいだす,,,,,,,https://ja.dict.naver.com/#/search?query=%E8%A6%8B%E5%87%BA%E3%81%99,2026-08-19T00:31:52+0900,No JLPT-tagged NAVER entry found
w_70ff370b9207cebb,N2,,naver_level_missing,観察する,かんさつする,,,,,,,https://ja.dict.naver.com/#/search?query=%E8%A6%B3%E5%AF%9F%E3%81%99%E3%82%8B,2026-08-19T00:31:52+0900,No JLPT-tagged NAVER entry found
w_8abfd2bb2953f1cf,N2,,naver_level_missing,解消,かいしょう,,,,,,,https://ja.dict.naver.com/#/search?query=%E8%A7%A3%E6%B6%88,2026-08-19T00:31:52+0900,No JLPT-tagged NAVER entry found
w_a55e9120cc78ffa5,N2,,naver_level_missing,言い出す,いいだす,,,,,,,https://ja.dict.naver.com/#/search?query=%E8%A8%80%E3%81%84%E5%87%BA%E3%81%99,2026-08-19T00:31:52+0900,No JLPT-tagged NAVER entry found
w_25c295e6bfa0e5ae,N2,,naver_level_missing,詰まる,つまる,,,,,,,https://ja.dict.naver.com/#/search?query=%E8%A9%B0%E3%81%BE%E3%82%8B,2026-08-19T00:31:52+0900,No JLPT-tagged NAVER entry found
w_ba2d55654486780d,N2,,naver_level_missing,詰め込む,つめこむ,,,,,,,https://ja.dict.naver.com/#/search?query=%E8%A9%B0%E3%82%81%E8%BE%BC%E3%82%80,2026-08-19T00:31:52+0900,No JLPT-tagged NAVER entry found
w_c83fe07fb32b63ab,N2,,naver_level_missing,話し合い,はなしあい,,,,,,,https://ja.dict.naver.com/#/search?query=%E8%A9%B1%E3%81%97%E5%90%88%E3%81%84,2026-08-19T00:31:52+0900,No JLPT-tagged NAVER entry found
w_102014e53e4e6fb1,N2,,naver_level_missing,豊かだ,ゆたかだ,,,,,,,https://ja.dict.naver.com/#/search?query=%E8%B1%8A%E3%81%8B%E3%81%A0,2026-08-19T00:31:52+0900,No JLPT-tagged NAVER entry found
w_569abb1450e0ce46,N2,,naver_level_missing,豊富だ,ほうふだ,,,,,,,https://ja.dict.naver.com/#/search?query=%E8%B1%8A%E5%AF%8C%E3%81%A0,2026-08-19T00:31:52+0900,No JLPT-tagged NAVER entry found
w_ebab9cbea8ee8c2a,N2,,naver_level_missing,貢献する,こうけんする,,,,,,,https://ja.dict.naver.com/#/search?query=%E8%B2%A2%E7%8C%AE%E3%81%99%E3%82%8B,2026-08-19T00:31:52+0900,No JLPT-tagged NAVER entry found
w_fff5cbed5362cf4a,N2,,naver_level_missing,貴重だ,きちょうだ,,,,,,,https://ja.dict.naver.com/#/search?query=%E8%B2%B4%E9%87%8D%E3%81%A0,2026-08-19T00:31:52+0900,No JLPT-tagged NAVER entry found
w_9e7fe6cba58b9d20,N2,,naver_level_missing,貸し出し,かしだし,,,,,,,https://ja.dict.naver.com/#/search?query=%E8%B2%B8%E3%81%97%E5%87%BA%E3%81%97,2026-08-19T00:31:52+0900,No JLPT-tagged NAVER entry found
w_43a17bcc35ccbf97,N2,,naver_level_missing,貸し出す,かしだす,,,,,,,https://ja.dict.naver.com/#/search?query=%E8%B2%B8%E3%81%97%E5%87%BA%E3%81%99,2026-08-19T00:31:52+0900,No JLPT-tagged NAVER entry found
w_119e27f14484f811,N2,,naver_level_missing,賑やかだ,にぎやかだ,,,,,,,https://ja.dict.naver.com/#/search?query=%E8%B3%91%E3%82%84%E3%81%8B%E3%81%A0,2026-08-19T00:31:52+0900,No JLPT-tagged NAVER entry found
w_185d35831c7080a5,N2,,naver_level_missing,踏み出す,ふみだす,,,,,,,https://ja.dict.naver.com/#/search?query=%E8%B8%8F%E3%81%BF%E5%87%BA%E3%81%99,2026-08-19T00:31:52+0900,No JLPT-tagged NAVER entry found
w_a5d4c58d6109165f,N2,,naver_level_missing,踏切,ふみきり,,,,,,,https://ja.dict.naver.com/#/search?query=%E8%B8%8F%E5%88%87,2026-08-19T00:31:52+0900,No JLPT-tagged NAVER entry found
w_6dafd4f1d41998c0,N2,,naver_level_missing,転々,てんてん,,,,,,,https://ja.dict.naver.com/#/search?query=%E8%BB%A2%E3%80%85,2026-08-19T00:31:52+0900,No JLPT-tagged NAVER entry found
w_905560521db40adf,N2,,naver_level_missing,輸入する,ゆにゅうする,,,,,,,https://ja.dict.naver.com/#/search?query=%E8%BC%B8%E5%85%A5%E3%81%99%E3%82%8B,2026-08-19T00:31:52+0900,No JLPT-tagged NAVER entry found
w_3167b7f68f1448f2,N2,,naver_level_missing,近々,ちかぢか,,,,,,,https://ja.dict.naver.com/#/search?query=%E8%BF%91%E3%80%85,2026-08-19T00:31:52+0900,No JLPT-tagged NAVER entry found
w_35b37c5e42fc006d,N2,,naver_level_missing,迷惑だ,めいわくだ,,,,,,,https://ja.dict.naver.com/#/search?query=%E8%BF%B7%E6%83%91%E3%81%A0,2026-08-19T00:31:52+0900,No JLPT-tagged NAVER entry found
w_a1262f0a18c41630,N2,,naver_level_missing,追い越す,おいこす,,,,,,,https://ja.dict.naver.com/#/search?query=%E8%BF%BD%E3%81%84%E8%B6%8A%E3%81%99,2026-08-19T00:31:52+0900,No JLPT-tagged NAVER entry found
w_68ee24050b7e44cf,N2,,naver_level_missing,追い込む,おいこむ,,,,,,,https://ja.dict.naver.com/#/search?query=%E8%BF%BD%E3%81%84%E8%BE%BC%E3%82%80,2026-08-19T00:31:52+0900,No JLPT-tagged NAVER entry found
w_bd93ffd2acbd4da4,N2,,naver_level_missing,送り仮名,おくりがな,,,,,,,https://ja.dict.naver.com/#/search?query=%E9%80%81%E3%82%8A%E4%BB%AE%E5%90%8D,2026-08-19T00:31:52+0900,No JLPT-tagged NAVER entry found
w_1340936be90e14b2,N2,,naver_level_missing,逃がす,にがす,,,,,,,https://ja.dict.naver.com/#/search?query=%E9%80%83%E3%81%8C%E3%81%99,2026-08-19T00:31:52+0900,No JLPT-tagged NAVER entry found
w_b7e08adc23fd8e21,N2,,naver_level_missing,逆さま,さかさま,,,,,,,https://ja.dict.naver.com/#/search?query=%E9%80%86%E3%81%95%E3%81%BE,2026-08-19T00:31:52+0900,No JLPT-tagged NAVER entry found
w_fe073d5a5810c4e1,N2,,naver_level_missing,適切だ,てきせつだ,,,,,,,https://ja.dict.naver.com/#/search?query=%E9%81%A9%E5%88%87%E3%81%A0,2026-08-19T00:31:52+0900,No JLPT-tagged NAVER entry found
w_862fd53a302dc121,N2,,naver_level_missing,適応する,てきおうする,,,,,,,https://ja.dict.naver.com/#/search?query=%E9%81%A9%E5%BF%9C%E3%81%99%E3%82%8B,2026-08-19T00:31:52+0900,No JLPT-tagged NAVER entry found
w_f28b61c97c036a7c,N2,,naver_level_missing,遭遇する,そうぐうする,,,,,,,https://ja.dict.naver.com/#/search?query=%E9%81%AD%E9%81%87%E3%81%99%E3%82%8B,2026-08-19T00:31:52+0900,No JLPT-tagged NAVER entry found
w_3ee09f596d4c7b39,N2,,naver_level_missing,郡,ぐん,,,,,,,https://ja.dict.naver.com/#/search?query=%E9%83%A1,2026-08-19T00:31:52+0900,No JLPT-tagged NAVER entry found
w_6ca1354f895002f3,N2,,naver_level_missing,酔っ払い,よっぱらい,,,,,,,https://ja.dict.naver.com/#/search?query=%E9%85%94%E3%81%A3%E6%89%95%E3%81%84,2026-08-19T00:31:52+0900,No JLPT-tagged NAVER entry found
w_ae56013338fc1207,N2,,naver_level_missing,重苦しい,おもくるしい,,,,,,,https://ja.dict.naver.com/#/search?query=%E9%87%8D%E8%8B%A6%E3%81%97%E3%81%84,2026-08-19T00:31:52+0900,No JLPT-tagged NAVER entry found
w_3fdb71882ab12ba8,N2,,naver_level_missing,釣り合う,つりあう,,,,,,,https://ja.dict.naver.com/#/search?query=%E9%87%A3%E3%82%8A%E5%90%88%E3%81%86,2026-08-19T00:31:52+0900,No JLPT-tagged NAVER entry found
w_7dbaaf931093de54,N2,,naver_level_missing,銘々,めいめい,,,,,,,https://ja.dict.naver.com/#/search?query=%E9%8A%98%E3%80%85,2026-08-19T00:31:52+0900,No JLPT-tagged NAVER entry found
w_00c99649445717dd,N2,,naver_level_missing,間もなく,まもなく,,,,,,,https://ja.dict.naver.com/#/search?query=%E9%96%93%E3%82%82%E3%81%AA%E3%81%8F,2026-08-19T00:31:52+0900,No JLPT-tagged NAVER entry found
w_157443e88683e1c9,N2,,naver_level_missing,関わる,かかわる,,,,,,,https://ja.dict.naver.com/#/search?query=%E9%96%A2%E3%82%8F%E3%82%8B,2026-08-19T00:31:52+0900,No JLPT-tagged NAVER entry found
w_9cd37964a8b53096,N2,,naver_level_missing,隙,すき,,,,,,,https://ja.dict.naver.com/#/search?query=%E9%9A%99,2026-08-19T00:31:52+0900,No JLPT-tagged NAVER entry found
w_0ef1fde5b83dce55,N2,,naver_level_missing,面倒だ,めんどうだ,,,,,,,https://ja.dict.naver.com/#/search?query=%E9%9D%A2%E5%80%92%E3%81%A0,2026-08-19T00:31:52+0900,No JLPT-tagged NAVER entry found
w_e1858aa5a7439d43,N2,,naver_level_missing,順々,じゅんじゅん,,,,,,,https://ja.dict.naver.com/#/search?query=%E9%A0%86%E3%80%85,2026-08-19T00:31:52+0900,No JLPT-tagged NAVER entry found
w_881a9059caa55f11,N2,,naver_level_missing,預かる,あずかる,,,,,,,https://ja.dict.naver.com/#/search?query=%E9%A0%90%E3%81%8B%E3%82%8B,2026-08-19T00:31:52+0900,No JLPT-tagged NAVER entry found
w_3cec12d0a3adcf69,N2,,naver_level_missing,頑丈だ,がんじょうだ,,,,,,,https://ja.dict.naver.com/#/search?query=%E9%A0%91%E4%B8%88%E3%81%A0,2026-08-19T00:31:52+0900,No JLPT-tagged NAVER entry found
w_6b4d60a6eb54e06f,N2,,naver_level_missing,飛び込む,とびこむ,,,,,,,https://ja.dict.naver.com/#/search?query=%E9%A3%9B%E3%81%B3%E8%BE%BC%E3%82%80,2026-08-19T00:31:52+0900,No JLPT-tagged NAVER entry found
w_6e87ca2dff877ff4,N2,,naver_level_missing,飛躍的,ひやくてき,,,,,,,https://ja.dict.naver.com/#/search?query=%E9%A3%9B%E8%BA%8D%E7%9A%84,2026-08-19T00:31:52+0900,No JLPT-tagged NAVER entry found
w_64d64dc24b94b658,N2,,naver_level_missing,餅,もち,,,,,,,https://ja.dict.naver.com/#/search?query=%E9%A4%85,2026-08-19T00:31:52+0900,No JLPT-tagged NAVER entry found
w_75780c2794106632,N2,,naver_level_missing,騒々しい,そうぞうしい,,,,,,,https://ja.dict.naver.com/#/search?query=%E9%A8%92%E3%80%85%E3%81%97%E3%81%84,2026-08-19T00:31:52+0900,No JLPT-tagged NAVER entry found
w_155335c07d28c16f,N3,,naver_level_missing,いつでも,いつでも,,,,,,,https://ja.dict.naver.com/#/search?query=%E3%81%84%E3%81%A4%E3%81%A7%E3%82%82,2026-08-19T00:31:52+0900,No JLPT-tagged NAVER entry found
w_a8eeca9225026b13,N3,,naver_level_missing,お代わり,おかわり,,,,,,,https://ja.dict.naver.com/#/search?query=%E3%81%8A%E4%BB%A3%E3%82%8F%E3%82%8A,2026-08-19T00:31:52+0900,No JLPT-tagged NAVER entry found
w_c0a74a5ceeba2335,N3,,naver_level_missing,お洒落,おしゃれ,,,,,,,https://ja.dict.naver.com/#/search?query=%E3%81%8A%E6%B4%92%E8%90%BD,2026-08-19T00:31:52+0900,No JLPT-tagged NAVER entry found
w_7324984adc736a5d,N3,,naver_level_missing,がっかりする,がっかりする,,,,,,,https://ja.dict.naver.com/#/search?query=%E3%81%8C%E3%81%A3%E3%81%8B%E3%82%8A%E3%81%99%E3%82%8B,2026-08-19T00:31:52+0900,No JLPT-tagged NAVER entry found
w_16b5e002c7a1d2f2,N3,,naver_level_missing,その内,そのうち,,,,,,,https://ja.dict.naver.com/#/search?query=%E3%81%9D%E3%81%AE%E5%86%85,2026-08-19T00:31:52+0900,No JLPT-tagged NAVER entry found
w_cf44989e0ac5563a,N3,,naver_level_missing,チェックする,チェックする,,,,,,,https://ja.dict.naver.com/#/search?query=%E3%83%81%E3%82%A7%E3%83%83%E3%82%AF%E3%81%99%E3%82%8B,2026-08-19T00:31:52+0900,No JLPT-tagged NAVER entry found
w_92f2cceffefa8a7e,N3,,naver_level_missing,チャレンジ,チャレンジ,,,,,,,https://ja.dict.naver.com/#/search?query=%E3%83%81%E3%83%A3%E3%83%AC%E3%83%B3%E3%82%B8,2026-08-19T00:31:52+0900,No JLPT-tagged NAVER entry found
w_7ca8064312bdb7b2,N3,,naver_level_missing,パンフレット,パンフレット,,,,,,,https://ja.dict.naver.com/#/search?query=%E3%83%91%E3%83%B3%E3%83%95%E3%83%AC%E3%83%83%E3%83%88,2026-08-19T00:31:52+0900,No JLPT-tagged NAVER entry found
w_c4183df97780a7e1,N3,,naver_level_missing,マナー,マナー,,,,,,,https://ja.dict.naver.com/#/search?query=%E3%83%9E%E3%83%8A%E3%83%BC,2026-08-19T00:31:52+0900,No JLPT-tagged NAVER entry found
w_dac2ed0ed0290865,N3,,naver_level_missing,一度に,いちどに,,,,,,,https://ja.dict.naver.com/#/search?query=%E4%B8%80%E5%BA%A6%E3%81%AB,2026-08-19T00:31:52+0900,No JLPT-tagged NAVER entry found
w_066f479d049724ea,N3,,naver_level_missing,一秒,いちびょう,,,,,,,https://ja.dict.naver.com/#/search?query=%E4%B8%80%E7%A7%92,2026-08-19T00:31:52+0900,No JLPT-tagged NAVER entry found
w_09de41ea9efbccdb,N3,,naver_level_missing,一般的だ,いっぱんてきだ,,,,,,,https://ja.dict.naver.com/#/search?query=%E4%B8%80%E8%88%AC%E7%9A%84%E3%81%A0,2026-08-19T00:31:52+0900,No JLPT-tagged NAVER entry found
w_b0e70ed0be91dd53,N3,,naver_level_missing,一般的な,いっぱんてきな,,,,,,,https://ja.dict.naver.com/#/search?query=%E4%B8%80%E8%88%AC%E7%9A%84%E3%81%AA,2026-08-19T00:31:52+0900,No JLPT-tagged NAVER entry found
w_3b8bf0b034f0d82f,N3,,naver_level_missing,下ろす,おろす,,,,,,,https://ja.dict.naver.com/#/search?query=%E4%B8%8B%E3%82%8D%E3%81%99,2026-08-19T00:31:52+0900,No JLPT-tagged NAVER entry found
w_bcdf6ba0c3132683,N3,,naver_level_missing,不安だ,ふあんだ,,,,,,,https://ja.dict.naver.com/#/search?query=%E4%B8%8D%E5%AE%89%E3%81%A0,2026-08-19T00:31:52+0900,No JLPT-tagged NAVER entry found
w_0182f61cfb3d14c2,N3,,naver_level_missing,主だ,おもだ,,,,,,,https://ja.dict.naver.com/#/search?query=%E4%B8%BB%E3%81%A0,2026-08-19T00:31:52+0900,No JLPT-tagged NAVER entry found
w_2cb5b752ea9143b1,N3,,naver_level_missing,主要だ,しゅようだ,,,,,,,https://ja.dict.naver.com/#/search?query=%E4%B8%BB%E8%A6%81%E3%81%A0,2026-08-19T00:31:52+0900,No JLPT-tagged NAVER entry found
w_17f948120f29942a,N3,,naver_level_missing,代る,かわる,,,,,,,https://ja.dict.naver.com/#/search?query=%E4%BB%A3%E3%82%8B,2026-08-19T00:31:52+0900,No JLPT-tagged NAVER entry found
w_7f8b1efcd206d4ac,N3,,naver_level_missing,代表的だ,だいひょうてきだ,,,,,,,https://ja.dict.naver.com/#/search?query=%E4%BB%A3%E8%A1%A8%E7%9A%84%E3%81%A0,2026-08-19T00:31:52+0900,No JLPT-tagged NAVER entry found
w_d864b851061da4e7,N3,,naver_level_missing,代表的な,だいひょうてきな,,,,,,,https://ja.dict.naver.com/#/search?query=%E4%BB%A3%E8%A1%A8%E7%9A%84%E3%81%AA,2026-08-19T00:31:52+0900,No JLPT-tagged NAVER entry found
w_f8708ad17ed70251,N3,,naver_level_missing,仮定する,かていする,,,,,,,https://ja.dict.naver.com/#/search?query=%E4%BB%AE%E5%AE%9A%E3%81%99%E3%82%8B,2026-08-19T00:31:52+0900,No JLPT-tagged NAVER entry found
w_856ccf82759db1db,N3,,naver_level_missing,係,かかり,,,,,,,https://ja.dict.naver.com/#/search?query=%E4%BF%82,2026-08-19T00:31:52+0900,No JLPT-tagged NAVER entry found
w_dea383b5805990d4,N3,,naver_level_missing,具体的だ,ぐたいてきだ,,,,,,,https://ja.dict.naver.com/#/search?query=%E5%85%B7%E4%BD%93%E7%9A%84%E3%81%A0,2026-08-19T00:31:52+0900,No JLPT-tagged NAVER entry found
w_0f8fc5c6ab696d73,N3,,naver_level_missing,出会い,であい,,,,,,,https://ja.dict.naver.com/#/search?query=%E5%87%BA%E4%BC%9A%E3%81%84,2026-08-19T00:31:52+0900,No JLPT-tagged NAVER entry found
w_df2d3b2184646be9,N3,,naver_level_missing,別々に,べつべつに,,,,,,,https://ja.dict.naver.com/#/search?query=%E5%88%A5%E3%80%85%E3%81%AB,2026-08-19T00:31:52+0900,No JLPT-tagged NAVER entry found
w_a61620b169657c43,N3,,naver_level_missing,剥く,むく,,,,,,,https://ja.dict.naver.com/#/search?query=%E5%89%A5%E3%81%8F,2026-08-19T00:31:52+0900,No JLPT-tagged NAVER entry found
w_70e5d41647427aa4,N3,,naver_level_missing,包み,つつみ,,,,,,,https://ja.dict.naver.com/#/search?query=%E5%8C%85%E3%81%BF,2026-08-19T00:31:52+0900,No JLPT-tagged NAVER entry found
w_5d840d71a8117da4,N3,,naver_level_missing,単純だ,たんじゅんだ,,,,,,,https://ja.dict.naver.com/#/search?query=%E5%8D%98%E7%B4%94%E3%81%A0,2026-08-19T00:31:52+0900,No JLPT-tagged NAVER entry found
w_27b4eb4ed5d3fe45,N3,,naver_level_missing,取り消す,とりけす,,,,,,,https://ja.dict.naver.com/#/search?query=%E5%8F%96%E3%82%8A%E6%B6%88%E3%81%99,2026-08-19T00:31:52+0900,No JLPT-tagged NAVER entry found
w_6642cbf9235eb71d,N3,,naver_level_missing,受け入れる,うけいれる,,,,,,,https://ja.dict.naver.com/#/search?query=%E5%8F%97%E3%81%91%E5%85%A5%E3%82%8C%E3%82%8B,2026-08-19T00:31:52+0900,No JLPT-tagged NAVER entry found
w_6c6a8a5d86d0f377,N3,,naver_level_missing,受け取る,うけとる,,,,,,,https://ja.dict.naver.com/#/search?query=%E5%8F%97%E3%81%91%E5%8F%96%E3%82%8B,2026-08-19T00:31:52+0900,No JLPT-tagged NAVER entry found
w_c2cb813bbf10739d,N3,,naver_level_missing,合わせる,あわせる,,,,,,,https://ja.dict.naver.com/#/search?query=%E5%90%88%E3%82%8F%E3%81%9B%E3%82%8B,2026-08-19T00:31:52+0900,No JLPT-tagged NAVER entry found
w_662fb4e58f069c2b,N3,,naver_level_missing,向かい,むかい,,,,,,,https://ja.dict.naver.com/#/search?query=%E5%90%91%E3%81%8B%E3%81%84,2026-08-19T00:31:52+0900,No JLPT-tagged NAVER entry found
w_ad3291b74df870f2,N3,,naver_level_missing,咥える,くわえる,,,,,,,https://ja.dict.naver.com/#/search?query=%E5%92%A5%E3%81%88%E3%82%8B,2026-08-19T00:31:52+0900,No JLPT-tagged NAVER entry found
w_09666ce27c774b76,N3,,naver_level_missing,坂道,さかみち,,,,,,,https://ja.dict.naver.com/#/search?query=%E5%9D%82%E9%81%93,2026-08-19T00:31:52+0900,No JLPT-tagged NAVER entry found
w_be9b5179d67a9ef9,N3,,naver_level_missing,埋まる,うまる,,,,,,,https://ja.dict.naver.com/#/search?query=%E5%9F%8B%E3%81%BE%E3%82%8B,2026-08-19T00:31:52+0900,No JLPT-tagged NAVER entry found
w_3f46b28da139c16c,N3,,naver_level_missing,売り切れる,うりきれる,,,,,,,https://ja.dict.naver.com/#/search?query=%E5%A3%B2%E3%82%8A%E5%88%87%E3%82%8C%E3%82%8B,2026-08-19T00:31:52+0900,No JLPT-tagged NAVER entry found
w_727d286948e9b3eb,N3,,naver_level_missing,実用的だ,じつようてきだ,,,,,,,https://ja.dict.naver.com/#/search?query=%E5%AE%9F%E7%94%A8%E7%9A%84%E3%81%A0,2026-08-19T00:31:52+0900,No JLPT-tagged NAVER entry found
w_e6793fec12862789,N3,,naver_level_missing,少々,しょうしょう,,,,,,,https://ja.dict.naver.com/#/search?query=%E5%B0%91%E3%80%85,2026-08-19T00:31:52+0900,No JLPT-tagged NAVER entry found
w_60a3f114cea727ed,N3,,naver_level_missing,居眠り,いねむり,,,,,,,https://ja.dict.naver.com/#/search?query=%E5%B1%85%E7%9C%A0%E3%82%8A,2026-08-19T00:31:52+0900,No JLPT-tagged NAVER entry found
w_14b7a7565fa9e8f4,N3,,naver_level_missing,度々,たびたび,,,,,,,https://ja.dict.naver.com/#/search?query=%E5%BA%A6%E3%80%85,2026-08-19T00:31:52+0900,No JLPT-tagged NAVER entry found
w_af33311448c78e64,N3,,naver_level_missing,弁当,べんとう,,,,,,,https://ja.dict.naver.com/#/search?query=%E5%BC%81%E5%BD%93,2026-08-19T00:31:52+0900,No JLPT-tagged NAVER entry found
w_1c9b1884724ebe13,N3,,naver_level_missing,引き受ける,ひきうける,,,,,,,https://ja.dict.naver.com/#/search?query=%E5%BC%95%E3%81%8D%E5%8F%97%E3%81%91%E3%82%8B,2026-08-19T00:31:52+0900,No JLPT-tagged NAVER entry found
w_d810a54c905e8820,N3,,naver_level_missing,当たり前,あたりまえ,,,,,,,https://ja.dict.naver.com/#/search?query=%E5%BD%93%E3%81%9F%E3%82%8A%E5%89%8D,2026-08-19T00:31:52+0900,No JLPT-tagged NAVER entry found
w_8260701b3bb8776f,N3,,naver_level_missing,当たる,あたる,,,,,,,https://ja.dict.naver.com/#/search?query=%E5%BD%93%E3%81%9F%E3%82%8B,2026-08-19T00:31:52+0900,No JLPT-tagged NAVER entry found
w_d6eed39e186a071d,N3,,naver_level_missing,待ち合わせる,まちあわせる,,,,,,,https://ja.dict.naver.com/#/search?query=%E5%BE%85%E3%81%A1%E5%90%88%E3%82%8F%E3%81%9B%E3%82%8B,2026-08-19T00:31:52+0900,No JLPT-tagged NAVER entry found
w_69678bee044d584a,N3,,naver_level_missing,得意だ,とくいだ,,,,,,,https://ja.dict.naver.com/#/search?query=%E5%BE%97%E6%84%8F%E3%81%A0,2026-08-19T00:31:52+0900,No JLPT-tagged NAVER entry found
w_e0c797218bacf3a1,N3,,naver_level_missing,怖がる,こわがる,,,,,,,https://ja.dict.naver.com/#/search?query=%E6%80%96%E3%81%8C%E3%82%8B,2026-08-19T00:31:52+0900,No JLPT-tagged NAVER entry found
w_6e533b465b02e2aa,N3,,naver_level_missing,感情的だ,かんじょうてきだ,,,,,,,https://ja.dict.naver.com/#/search?query=%E6%84%9F%E6%83%85%E7%9A%84%E3%81%A0,2026-08-19T00:31:52+0900,No JLPT-tagged NAVER entry found
w_124b8bc840f69c1e,N3,,naver_level_missing,我々,われわれ,,,,,,,https://ja.dict.naver.com/#/search?query=%E6%88%91%E3%80%85,2026-08-19T00:31:52+0900,No JLPT-tagged NAVER entry found
w_a11eede38f3c2f74,N3,,naver_level_missing,我慢する,がまんする,,,,,,,https://ja.dict.naver.com/#/search?query=%E6%88%91%E6%85%A2%E3%81%99%E3%82%8B,2026-08-19T00:31:52+0900,No JLPT-tagged NAVER entry found
w_a2ca14c5418e955f,N3,,naver_level_missing,掴む,つかむ,,,,,,,https://ja.dict.naver.com/#/search?query=%E6%8E%B4%E3%82%80,2026-08-19T00:31:52+0900,No JLPT-tagged NAVER entry found
w_1db1591aae191a26,N3,,naver_level_missing,支給する,しきゅうする,,,,,,,https://ja.dict.naver.com/#/search?query=%E6%94%AF%E7%B5%A6%E3%81%99%E3%82%8B,2026-08-19T00:31:52+0900,No JLPT-tagged NAVER entry found
w_6ee69fae4031725c,N3,,naver_level_missing,断る,ことわる,,,,,,,https://ja.dict.naver.com/#/search?query=%E6%96%AD%E3%82%8B,2026-08-19T00:31:52+0900,No JLPT-tagged NAVER entry found
w_5ffb2566a90f4567,N3,,naver_level_missing,新鮮だ,しんせんだ,,,,,,,https://ja.dict.naver.com/#/search?query=%E6%96%B0%E9%AE%AE%E3%81%A0,2026-08-19T00:31:52+0900,No JLPT-tagged NAVER entry found
w_3023fac95c244530,N3,,naver_level_missing,方々,かたがた,,,,,,,https://ja.dict.naver.com/#/search?query=%E6%96%B9%E3%80%85,2026-08-19T00:31:52+0900,No JLPT-tagged NAVER entry found
w_1926f7032260e4dd,N3,,naver_level_missing,明かり,あかり,,,,,,,https://ja.dict.naver.com/#/search?query=%E6%98%8E%E3%81%8B%E3%82%8A,2026-08-19T00:31:52+0900,No JLPT-tagged NAVER entry found
w_1bdbcc339487204a,N3,,naver_level_missing,暮らし,くらし,,,,,,,https://ja.dict.naver.com/#/search?query=%E6%9A%AE%E3%82%89%E3%81%97,2026-08-19T00:31:52+0900,No JLPT-tagged NAVER entry found
w_991b3f178bb17c4b,N3,,naver_level_missing,曲がる,まがる,,,,,,,https://ja.dict.naver.com/#/search?query=%E6%9B%B2%E3%81%8C%E3%82%8B,2026-08-19T00:31:52+0900,No JLPT-tagged NAVER entry found
w_decc1190e2155c6d,N3,,naver_level_missing,最上,さいじょう,,,,,,,https://ja.dict.naver.com/#/search?query=%E6%9C%80%E4%B8%8A,2026-08-19T00:31:52+0900,No JLPT-tagged NAVER entry found
w_d272a4d8a2801bf1,N3,,naver_level_missing,朝食,ちょうしょく,,,,,,,https://ja.dict.naver.com/#/search?query=%E6%9C%9D%E9%A3%9F,2026-08-19T00:31:52+0900,No JLPT-tagged NAVER entry found
w_ab8422702cbd9111,N3,,naver_level_missing,染み,しみ,,,,,,,https://ja.dict.naver.com/#/search?query=%E6%9F%93%E3%81%BF,2026-08-19T00:31:52+0900,No JLPT-tagged NAVER entry found
w_f00c9d1b6516e4f2,N3,,naver_level_missing,次々,つぎつぎ,,,,,,,https://ja.dict.naver.com/#/search?query=%E6%AC%A1%E3%80%85,2026-08-19T00:31:52+0900,No JLPT-tagged NAVER entry found
w_5fef87c18620fa3e,N3,,naver_level_missing,次第に,しだいに,,,,,,,https://ja.dict.naver.com/#/search?query=%E6%AC%A1%E7%AC%AC%E3%81%AB,2026-08-19T00:31:52+0900,No JLPT-tagged NAVER entry found
w_84353701d56138e4,N3,,naver_level_missing,正直だ,しょうじきだ,,,,,,,https://ja.dict.naver.com/#/search?query=%E6%AD%A3%E7%9B%B4%E3%81%A0,2026-08-19T00:31:52+0900,No JLPT-tagged NAVER entry found
w_b5725ff47ab0fb15,N3,,naver_level_missing,正確だ,せいかくだ,,,,,,,https://ja.dict.naver.com/#/search?query=%E6%AD%A3%E7%A2%BA%E3%81%A0,2026-08-19T00:31:52+0900,No JLPT-tagged NAVER entry found
w_9c02e2c234a205df,N3,,naver_level_missing,決まり,きまり,,,,,,,https://ja.dict.naver.com/#/search?query=%E6%B1%BA%E3%81%BE%E3%82%8A,2026-08-19T00:31:52+0900,No JLPT-tagged NAVER entry found
w_b98718b6acb95599,N3,,naver_level_missing,派手だ,はでだ,,,,,,,https://ja.dict.naver.com/#/search?query=%E6%B4%BE%E6%89%8B%E3%81%A0,2026-08-19T00:31:52+0900,No JLPT-tagged NAVER entry found
w_8b72c9b24335ad9b,N3,,naver_level_missing,清潔だ,せいけつだ,,,,,,,https://ja.dict.naver.com/#/search?query=%E6%B8%85%E6%BD%94%E3%81%A0,2026-08-19T00:31:52+0900,No JLPT-tagged NAVER entry found
w_aa7684a0c44271a6,N3,,naver_level_missing,清潔な,せいけつな,,,,,,,https://ja.dict.naver.com/#/search?query=%E6%B8%85%E6%BD%94%E3%81%AA,2026-08-19T00:31:52+0900,No JLPT-tagged NAVER entry found
w_de05e8614dcecdb5,N3,,naver_level_missing,滅多に,めったに,,,,,,,https://ja.dict.naver.com/#/search?query=%E6%BB%85%E5%A4%9A%E3%81%AB,2026-08-19T00:31:52+0900,No JLPT-tagged NAVER entry found
w_316bbdf74fcc8447,N3,,naver_level_missing,無事だ,ぶじだ,,,,,,,https://ja.dict.naver.com/#/search?query=%E7%84%A1%E4%BA%8B%E3%81%A0,2026-08-19T00:31:52+0900,No JLPT-tagged NAVER entry found
w_e6e34cd099dad65c,N3,,naver_level_missing,率,りつ,,,,,,,https://ja.dict.naver.com/#/search?query=%E7%8E%87,2026-08-19T00:31:52+0900,No JLPT-tagged NAVER entry found
w_f372d394a0a4c4e1,N3,,naver_level_missing,現す,あらわす,,,,,,,https://ja.dict.naver.com/#/search?query=%E7%8F%BE%E3%81%99,2026-08-19T00:31:52+0900,No JLPT-tagged NAVER entry found
w_58ae1bd95dca9642,N3,,naver_level_missing,現れ,あらわれ,,,,,,,https://ja.dict.naver.com/#/search?query=%E7%8F%BE%E3%82%8C,2026-08-19T00:31:52+0900,No JLPT-tagged NAVER entry found
w_6b0957aff77a0feb,N3,,naver_level_missing,現れる,あらわれる,,,,,,,https://ja.dict.naver.com/#/search?query=%E7%8F%BE%E3%82%8C%E3%82%8B,2026-08-19T00:31:52+0900,No JLPT-tagged NAVER entry found
w_84d9d692e8fc1ee1,N3,,naver_level_missing,生まれ,うまれ,,,,,,,https://ja.dict.naver.com/#/search?query=%E7%94%9F%E3%81%BE%E3%82%8C,2026-08-19T00:31:52+0900,No JLPT-tagged NAVER entry found
w_fa227e48ff825a7e,N3,,naver_level_missing,申し込み,もうしこみ,,,,,,,https://ja.dict.naver.com/#/search?query=%E7%94%B3%E3%81%97%E8%BE%BC%E3%81%BF,2026-08-19T00:31:52+0900,No JLPT-tagged NAVER entry found
w_ccca30f58d1cf953,N3,,naver_level_missing,申し込む,もうしこむ,,,,,,,https://ja.dict.naver.com/#/search?query=%E7%94%B3%E3%81%97%E8%BE%BC%E3%82%80,2026-08-19T00:31:52+0900,No JLPT-tagged NAVER entry found
w_a78d96d6d5f872cb,N3,,naver_level_missing,申込書,もうしこみしょ,,,,,,,https://ja.dict.naver.com/#/search?query=%E7%94%B3%E8%BE%BC%E6%9B%B8,2026-08-19T00:31:52+0900,No JLPT-tagged NAVER entry found
w_369fbf1ebe03897b,N3,,naver_level_missing,盛んだ,さかんだ,,,,,,,https://ja.dict.naver.com/#/search?query=%E7%9B%9B%E3%82%93%E3%81%A0,2026-08-19T00:31:52+0900,No JLPT-tagged NAVER entry found
w_cf691fc505c3c55d,N3,,naver_level_missing,短気だ,たんきだ,,,,,,,https://ja.dict.naver.com/#/search?query=%E7%9F%AD%E6%B0%97%E3%81%A0,2026-08-19T00:31:52+0900,No JLPT-tagged NAVER entry found
w_4dd46de7774b3d5b,N3,,naver_level_missing,確実だ,かくじつだ,,,,,,,https://ja.dict.naver.com/#/search?query=%E7%A2%BA%E5%AE%9F%E3%81%A0,2026-08-19T00:31:52+0900,No JLPT-tagged NAVER entry found
w_fb160661fb2916da,N3,,naver_level_missing,移す,うつす,,,,,,,https://ja.dict.naver.com/#/search?query=%E7%A7%BB%E3%81%99,2026-08-19T00:31:52+0900,No JLPT-tagged NAVER entry found
w_4265c3f9772eff26,N3,,naver_level_missing,積もる,つもる,,,,,,,https://ja.dict.naver.com/#/search?query=%E7%A9%8D%E3%82%82%E3%82%8B,2026-08-19T00:31:52+0900,No JLPT-tagged NAVER entry found
w_98957c0209937275,N3,,naver_level_missing,積極的だ,せっきょくてきだ,,,,,,,https://ja.dict.naver.com/#/search?query=%E7%A9%8D%E6%A5%B5%E7%9A%84%E3%81%A0,2026-08-19T00:31:52+0900,No JLPT-tagged NAVER entry found
w_a20295fb863710b7,N3,,naver_level_missing,立ち上がる,たちあがる,,,,,,,https://ja.dict.naver.com/#/search?query=%E7%AB%8B%E3%81%A1%E4%B8%8A%E3%81%8C%E3%82%8B,2026-08-19T00:31:52+0900,No JLPT-tagged NAVER entry found
w_802a758e118ccb95,N3,,naver_level_missing,立派だ,りっぱだ,,,,,,,https://ja.dict.naver.com/#/search?query=%E7%AB%8B%E6%B4%BE%E3%81%A0,2026-08-19T00:31:52+0900,No JLPT-tagged NAVER entry found
w_c81f4bf131afb227,N3,,naver_level_missing,章,しょう,,,,,,,https://ja.dict.naver.com/#/search?query=%E7%AB%A0,2026-08-19T00:31:52+0900,No JLPT-tagged NAVER entry found
w_bfe33b63e03b0fd8,N3,,naver_level_missing,簡単だ,かんたんだ,,,,,,,https://ja.dict.naver.com/#/search?query=%E7%B0%A1%E5%8D%98%E3%81%A0,2026-08-19T00:31:52+0900,No JLPT-tagged NAVER entry found
w_2ccccc5ce470df89,N3,,naver_level_missing,組み立てる,くみたてる,,,,,,,https://ja.dict.naver.com/#/search?query=%E7%B5%84%E3%81%BF%E7%AB%8B%E3%81%A6%E3%82%8B,2026-08-19T00:31:52+0900,No JLPT-tagged NAVER entry found
w_63b763a2dcc93ada,N3,,naver_level_missing,経営学,けいえいがく,,,,,,,https://ja.dict.naver.com/#/search?query=%E7%B5%8C%E5%96%B6%E5%AD%A6,2026-08-19T00:31:52+0900,No JLPT-tagged NAVER entry found
w_14516c3905712f5d,N3,,naver_level_missing,締め切り,しめきり,,,,,,,https://ja.dict.naver.com/#/search?query=%E7%B7%A0%E3%82%81%E5%88%87%E3%82%8A,2026-08-19T00:31:52+0900,No JLPT-tagged NAVER entry found
w_b397fc5e0430c55b,N3,,naver_level_missing,繋ぐ,つなぐ,,,,,,,https://ja.dict.naver.com/#/search?query=%E7%B9%8B%E3%81%90,2026-08-19T00:31:52+0900,No JLPT-tagged NAVER entry found
w_38adf495daec31a4,N3,,naver_level_missing,繰り返す,くりかえす,,,,,,,https://ja.dict.naver.com/#/search?query=%E7%B9%B0%E3%82%8A%E8%BF%94%E3%81%99,2026-08-19T00:31:52+0900,No JLPT-tagged NAVER entry found
w_292833139acbd808,N3,,naver_level_missing,自動的な,じどうてきな,,,,,,,https://ja.dict.naver.com/#/search?query=%E8%87%AA%E5%8B%95%E7%9A%84%E3%81%AA,2026-08-19T00:31:52+0900,No JLPT-tagged NAVER entry found
w_bb711d71f6478d68,N3,,naver_level_missing,自慢する,じまんする,,,,,,,https://ja.dict.naver.com/#/search?query=%E8%87%AA%E6%85%A2%E3%81%99%E3%82%8B,2026-08-19T00:31:52+0900,No JLPT-tagged NAVER entry found
w_0e0c5375da546bc6,N3,,naver_level_missing,苦手だ,にがてだ,,,,,,,https://ja.dict.naver.com/#/search?query=%E8%8B%A6%E6%89%8B%E3%81%A0,2026-08-19T00:31:52+0900,No JLPT-tagged NAVER entry found
w_85fc5f056fd49807,N3,,naver_level_missing,落ち着く,おちつく,,,,,,,https://ja.dict.naver.com/#/search?query=%E8%90%BD%E3%81%A1%E7%9D%80%E3%81%8F,2026-08-19T00:31:52+0900,No JLPT-tagged NAVER entry found
w_d9fe865603020b40,N3,,naver_level_missing,血液型,けつえきがた,,,,,,,https://ja.dict.naver.com/#/search?query=%E8%A1%80%E6%B6%B2%E5%9E%8B,2026-08-19T00:31:52+0900,No JLPT-tagged NAVER entry found
w_fe9815fef183b04b,N3,,naver_level_missing,行き先,いきさき,,,,,,,https://ja.dict.naver.com/#/search?query=%E8%A1%8C%E3%81%8D%E5%85%88,2026-08-19T00:31:52+0900,No JLPT-tagged NAVER entry found
w_df7a287483888d5b,N3,,naver_level_missing,表す,あらわす,,,,,,,https://ja.dict.naver.com/#/search?query=%E8%A1%A8%E3%81%99,2026-08-19T00:31:52+0900,No JLPT-tagged NAVER entry found
w_5a44a3609e05efcb,N3,,naver_level_missing,表示,ひょうじ,,,,,,,https://ja.dict.naver.com/#/search?query=%E8%A1%A8%E7%A4%BA,2026-08-19T00:31:52+0900,No JLPT-tagged NAVER entry found
w_16e5391cf5819f4f,N3,,naver_level_missing,裏側,うらがわ,,,,,,,https://ja.dict.naver.com/#/search?query=%E8%A3%8F%E5%81%B4,2026-08-19T00:31:52+0900,No JLPT-tagged NAVER entry found
w_ce41f501d88787f7,N3,,naver_level_missing,複雑だ,ふくざつだ,,,,,,,https://ja.dict.naver.com/#/search?query=%E8%A4%87%E9%9B%91%E3%81%A0,2026-08-19T00:31:52+0900,No JLPT-tagged NAVER entry found
w_b8826ad96888f972,N3,,naver_level_missing,見舞い,みまい,,,,,,,https://ja.dict.naver.com/#/search?query=%E8%A6%8B%E8%88%9E%E3%81%84,2026-08-19T00:31:52+0900,No JLPT-tagged NAVER entry found
w_14e067fde838f088,N3,,naver_level_missing,課,か,,,,,,,https://ja.dict.naver.com/#/search?query=%E8%AA%B2,2026-08-19T00:31:52+0900,No JLPT-tagged NAVER entry found
w_f182cfd13fb0fa48,N3,,naver_level_missing,起こる,おこる,,,,,,,https://ja.dict.naver.com/#/search?query=%E8%B5%B7%E3%81%93%E3%82%8B,2026-08-19T00:31:52+0900,No JLPT-tagged NAVER entry found
w_3ebfa99829fc4257,N3,,naver_level_missing,退屈だ,たいくつだ,,,,,,,https://ja.dict.naver.com/#/search?query=%E9%80%80%E5%B1%88%E3%81%A0,2026-08-19T00:31:52+0900,No JLPT-tagged NAVER entry found
w_58977f544ab1d50a,N3,,naver_level_missing,過ごす,すごす,,,,,,,https://ja.dict.naver.com/#/search?query=%E9%81%8E%E3%81%94%E3%81%99,2026-08-19T00:31:52+0900,No JLPT-tagged NAVER entry found
w_9823331a4460e715,N3,,naver_level_missing,重要だ,じゅうようだ,,,,,,,https://ja.dict.naver.com/#/search?query=%E9%87%8D%E8%A6%81%E3%81%A0,2026-08-19T00:31:52+0900,No JLPT-tagged NAVER entry found
w_775de805c9d17855,N3,,naver_level_missing,金,かね,,,,,,,https://ja.dict.naver.com/#/search?query=%E9%87%91,2026-08-19T00:31:52+0900,No JLPT-tagged NAVER entry found
w_eca4f0ccde642c46,N3,,naver_level_missing,金,きん,,,,,,,https://ja.dict.naver.com/#/search?query=%E9%87%91,2026-08-19T00:31:52+0900,No JLPT-tagged NAVER entry found
w_2e22b9e812873fab,N3,,naver_level_missing,際,さい,,,,,,,https://ja.dict.naver.com/#/search?query=%E9%9A%9B,2026-08-19T00:31:52+0900,No JLPT-tagged NAVER entry found
w_471352b7953c55a4,N3,,naver_level_missing,集まり,あつまり,,,,,,,https://ja.dict.naver.com/#/search?query=%E9%9B%86%E3%81%BE%E3%82%8A,2026-08-19T00:31:52+0900,No JLPT-tagged NAVER entry found
w_4afc49c52138c0b2,N3,,naver_level_missing,静かに,しずかに,,,,,,,https://ja.dict.naver.com/#/search?query=%E9%9D%99%E3%81%8B%E3%81%AB,2026-08-19T00:31:52+0900,No JLPT-tagged NAVER entry found
w_06e9d5004a46e142,N3,,naver_level_missing,飛び出す,とびだす,,,,,,,https://ja.dict.naver.com/#/search?query=%E9%A3%9B%E3%81%B3%E5%87%BA%E3%81%99,2026-08-19T00:31:52+0900,No JLPT-tagged NAVER entry found
w_06c3d7fabba14770,N4,,naver_level_missing,お土産,おみやげ,,,,,,,https://ja.dict.naver.com/#/search?query=%E3%81%8A%E5%9C%9F%E7%94%A3,2026-08-19T00:31:52+0900,No JLPT-tagged NAVER entry found
w_3fb531f80eb37d45,N4,,naver_level_missing,お祭り,おまつり,,,,,,,https://ja.dict.naver.com/#/search?query=%E3%81%8A%E7%A5%AD%E3%82%8A,2026-08-19T00:31:52+0900,No JLPT-tagged NAVER entry found
w_867190723b874b1e,N4,,naver_level_missing,お釣り,おつり,,,,,,,https://ja.dict.naver.com/#/search?query=%E3%81%8A%E9%87%A3%E3%82%8A,2026-08-19T00:31:52+0900,No JLPT-tagged NAVER entry found
w_512fde07bc888caa,N4,,naver_level_missing,けんかする,けんかする,,,,,,,https://ja.dict.naver.com/#/search?query=%E3%81%91%E3%82%93%E3%81%8B%E3%81%99%E3%82%8B,2026-08-19T00:31:52+0900,No JLPT-tagged NAVER entry found
w_aae7ac3f2729716f,N4,,naver_level_missing,この頃,このごろ,,,,,,,https://ja.dict.naver.com/#/search?query=%E3%81%93%E3%81%AE%E9%A0%83,2026-08-19T00:31:52+0900,No JLPT-tagged NAVER entry found
w_bd712479a72069fd,N4,,naver_level_missing,ご主人,ごしゅじん,,,,,,,https://ja.dict.naver.com/#/search?query=%E3%81%94%E4%B8%BB%E4%BA%BA,2026-08-19T00:31:52+0900,No JLPT-tagged NAVER entry found
w_1e72aa50becbc835,N4,,naver_level_missing,ご存じ,ごぞんじ,,,,,,,https://ja.dict.naver.com/#/search?query=%E3%81%94%E5%AD%98%E3%81%98,2026-08-19T00:31:52+0900,No JLPT-tagged NAVER entry found
w_8794ea0733093080,N4,,naver_level_missing,びっくりする,びっくりする,,,,,,,https://ja.dict.naver.com/#/search?query=%E3%81%B3%E3%81%A3%E3%81%8F%E3%82%8A%E3%81%99%E3%82%8B,2026-08-19T00:31:52+0900,No JLPT-tagged NAVER entry found
w_ec8e542da036aeea,N4,,naver_level_missing,一軒,いっけん,,,,,,,https://ja.dict.naver.com/#/search?query=%E4%B8%80%E8%BB%92,2026-08-19T00:31:52+0900,No JLPT-tagged NAVER entry found
w_82d2d40c223c0fc0,N4,,naver_level_missing,中々,なかなか,,,,,,,https://ja.dict.naver.com/#/search?query=%E4%B8%AD%E3%80%85,2026-08-19T00:31:52+0900,No JLPT-tagged NAVER entry found
w_14a67e82973f6a3b,N4,,naver_level_missing,乗り換える,のりかえる,,,,,,,https://ja.dict.naver.com/#/search?query=%E4%B9%97%E3%82%8A%E6%8F%9B%E3%81%88%E3%82%8B,2026-08-19T00:31:52+0900,No JLPT-tagged NAVER entry found
w_a8e0c824516c8044,N4,,naver_level_missing,乗り物,のりもの,,,,,,,https://ja.dict.naver.com/#/search?query=%E4%B9%97%E3%82%8A%E7%89%A9,2026-08-19T00:31:52+0900,No JLPT-tagged NAVER entry found
w_d4ee661eeb6fa516,N4,,naver_level_missing,代わり,かわり,,,,,,,https://ja.dict.naver.com/#/search?query=%E4%BB%A3%E3%82%8F%E3%82%8A,2026-08-19T00:31:52+0900,No JLPT-tagged NAVER entry found
w_e788698d1bb0ba86,N4,,naver_level_missing,写真家,しゃしんか,,,,,,,https://ja.dict.naver.com/#/search?query=%E5%86%99%E7%9C%9F%E5%AE%B6,2026-08-19T00:31:52+0900,No JLPT-tagged NAVER entry found
w_4e68adf3b15aecc4,N4,,naver_level_missing,取り替える,とりかえる,,,,,,,https://ja.dict.naver.com/#/search?query=%E5%8F%96%E3%82%8A%E6%9B%BF%E3%81%88%E3%82%8B,2026-08-19T00:31:52+0900,No JLPT-tagged NAVER entry found
w_440e556ac9a1c6e4,N4,,naver_level_missing,召し上がる,めしあがる,,,,,,,https://ja.dict.naver.com/#/search?query=%E5%8F%AC%E3%81%97%E4%B8%8A%E3%81%8C%E3%82%8B,2026-08-19T00:31:52+0900,No JLPT-tagged NAVER entry found
w_a81ed89f2576bc17,N4,,naver_level_missing,噛む,かむ,,,,,,,https://ja.dict.naver.com/#/search?query=%E5%99%9B%E3%82%80,2026-08-19T00:31:52+0900,No JLPT-tagged NAVER entry found
w_6fcafb10964dff68,N4,,naver_level_missing,売り場,うりば,,,,,,,https://ja.dict.naver.com/#/search?query=%E5%A3%B2%E3%82%8A%E5%A0%B4,2026-08-19T00:31:52+0900,No JLPT-tagged NAVER entry found
w_3e81e925549791a4,N4,,naver_level_missing,変わる,かわる,,,,,,,https://ja.dict.naver.com/#/search?query=%E5%A4%89%E3%82%8F%E3%82%8B,2026-08-19T00:31:52+0900,No JLPT-tagged NAVER entry found
w_9965df3c9edf91a3,N4,,naver_level_missing,始まる,はじまる,,,,,,,https://ja.dict.naver.com/#/search?query=%E5%A7%8B%E3%81%BE%E3%82%8B,2026-08-19T00:31:52+0900,No JLPT-tagged NAVER entry found
w_a73aed42cd32a397,N4,,naver_level_missing,引き出し,ひきだし,,,,,,,https://ja.dict.naver.com/#/search?query=%E5%BC%95%E3%81%8D%E5%87%BA%E3%81%97,2026-08-19T00:31:52+0900,No JLPT-tagged NAVER entry found
w_de2f393da5970f45,N4,,naver_level_missing,引っ越す,ひっこす,,,,,,,https://ja.dict.naver.com/#/search?query=%E5%BC%95%E3%81%A3%E8%B6%8A%E3%81%99,2026-08-19T00:31:52+0900,No JLPT-tagged NAVER entry found
w_941cab42122d160a,N4,,naver_level_missing,押し入れ,おしいれ,,,,,,,https://ja.dict.naver.com/#/search?query=%E6%8A%BC%E3%81%97%E5%85%A5%E3%82%8C,2026-08-19T00:31:52+0900,No JLPT-tagged NAVER entry found
w_5b55a10a5d6814d6,N4,,naver_level_missing,日本製,にほんせい,,,,,,,https://ja.dict.naver.com/#/search?query=%E6%97%A5%E6%9C%AC%E8%A3%BD,2026-08-19T00:31:52+0900,No JLPT-tagged NAVER entry found
w_26b1c6419970fa60,N4,,naver_level_missing,早く,はやく,,,,,,,https://ja.dict.naver.com/#/search?query=%E6%97%A9%E3%81%8F,2026-08-19T00:31:52+0900,No JLPT-tagged NAVER entry found
w_c6b8fa6c4f3b37b1,N4,,naver_level_missing,気持ち,きもち,,,,,,,https://ja.dict.naver.com/#/search?query=%E6%B0%97%E6%8C%81%E3%81%A1,2026-08-19T00:31:52+0900,No JLPT-tagged NAVER entry found
w_a9c3e6ac32a1315a,N4,,naver_level_missing,決まる,きまる,,,,,,,https://ja.dict.naver.com/#/search?query=%E6%B1%BA%E3%81%BE%E3%82%8B,2026-08-19T00:31:52+0900,No JLPT-tagged NAVER entry found
w_bb26b4219e1e1215,N4,,naver_level_missing,泊まる,とまる,,,,,,,https://ja.dict.naver.com/#/search?query=%E6%B3%8A%E3%81%BE%E3%82%8B,2026-08-19T00:31:52+0900,No JLPT-tagged NAVER entry found
w_ba8a5ec7e21618b0,N4,,naver_level_missing,確かに,たしかに,,,,,,,https://ja.dict.naver.com/#/search?query=%E7%A2%BA%E3%81%8B%E3%81%AB,2026-08-19T00:31:52+0900,No JLPT-tagged NAVER entry found
w_bb5fea9b072bbd3e,N4,,naver_level_missing,答え,こたえ,,,,,,,https://ja.dict.naver.com/#/search?query=%E7%AD%94%E3%81%88,2026-08-19T00:31:52+0900,No JLPT-tagged NAVER entry found
w_20a6593be7f32866,N4,,naver_level_missing,終わり,おわり,,,,,,,https://ja.dict.naver.com/#/search?query=%E7%B5%82%E3%82%8F%E3%82%8A,2026-08-19T00:31:52+0900,No JLPT-tagged NAVER entry found
w_2e1c725abcc5c203,N4,,naver_level_missing,終わる,おわる,,,,,,,https://ja.dict.naver.com/#/search?query=%E7%B5%82%E3%82%8F%E3%82%8B,2026-08-19T00:31:52+0900,No JLPT-tagged NAVER entry found
w_377825a40acb43c0,N4,,naver_level_missing,聞こえる,きこえる,,,,,,,https://ja.dict.naver.com/#/search?query=%E8%81%9E%E3%81%93%E3%81%88%E3%82%8B,2026-08-19T00:31:52+0900,No JLPT-tagged NAVER entry found
w_0bfe4152b243c799,N4,,naver_level_missing,落とす,おとす,,,,,,,https://ja.dict.naver.com/#/search?query=%E8%90%BD%E3%81%A8%E3%81%99,2026-08-19T00:31:52+0900,No JLPT-tagged NAVER entry found
w_a65dc597ed6e7ba0,N4,,naver_level_missing,行う,おこなう,,,,,,,https://ja.dict.naver.com/#/search?query=%E8%A1%8C%E3%81%86,2026-08-19T00:31:52+0900,No JLPT-tagged NAVER entry found
w_c510d4ba666ff0d0,N4,,naver_level_missing,見つかる,みつかる,,,,,,,https://ja.dict.naver.com/#/search?query=%E8%A6%8B%E3%81%A4%E3%81%8B%E3%82%8B,2026-08-19T00:31:52+0900,No JLPT-tagged NAVER entry found
w_4414661a2b5d631d,N4,,naver_level_missing,贈り物,おくりもの,,,,,,,https://ja.dict.naver.com/#/search?query=%E8%B4%88%E3%82%8A%E7%89%A9,2026-08-19T00:31:52+0900,No JLPT-tagged NAVER entry found
w_593dc0421f4fe2a6,N4,,naver_level_missing,起こす,おこす,,,,,,,https://ja.dict.naver.com/#/search?query=%E8%B5%B7%E3%81%93%E3%81%99,2026-08-19T00:31:52+0900,No JLPT-tagged NAVER entry found
w_f84013f3855be75b,N4,,naver_level_missing,踊り,おどり,,,,,,,https://ja.dict.naver.com/#/search?query=%E8%B8%8A%E3%82%8A,2026-08-19T00:31:52+0900,No JLPT-tagged NAVER entry found
w_11a2c660fd649dc1,N5,,naver_level_missing,お姉さん,おねえさん,,,,,,,https://ja.dict.naver.com/#/search?query=%E3%81%8A%E5%A7%89%E3%81%95%E3%82%93,2026-08-19T00:31:52+0900,No JLPT-tagged NAVER entry found
w_b064045ef64d646b,N5,,naver_level_missing,お母さん,おかあさん,,,,,,,https://ja.dict.naver.com/#/search?query=%E3%81%8A%E6%AF%8D%E3%81%95%E3%82%93,2026-08-19T00:31:52+0900,No JLPT-tagged NAVER entry found
w_ea6f68c218e562a7,N5,,naver_level_missing,お腹,おなか,,,,,,,https://ja.dict.naver.com/#/search?query=%E3%81%8A%E8%85%B9,2026-08-19T00:31:52+0900,No JLPT-tagged NAVER entry found
w_946af014ad2b6ee1,N5,,naver_level_missing,ご馳走様,ごちそうさま,,,,,,,https://ja.dict.naver.com/#/search?query=%E3%81%94%E9%A6%B3%E8%B5%B0%E6%A7%98,2026-08-19T00:31:52+0900,No JLPT-tagged NAVER entry found
w_d8dcbb01e7e6526f,N5,,naver_level_missing,どう致しまして,どういたしまして,,,,,,,https://ja.dict.naver.com/#/search?query=%E3%81%A9%E3%81%86%E8%87%B4%E3%81%97%E3%81%BE%E3%81%97%E3%81%A6,2026-08-19T00:31:52+0900,No JLPT-tagged NAVER entry found
w_df6f8bed5b534092,N5,,naver_level_missing,にだい,にだい,,,,,,,https://ja.dict.naver.com/#/search?query=%E3%81%AB%E3%81%A0%E3%81%84,2026-08-19T00:31:52+0900,No JLPT-tagged NAVER entry found
w_6313f9284b018464,N5,,naver_level_missing,一台,いちだい,,,,,,,https://ja.dict.naver.com/#/search?query=%E4%B8%80%E5%8F%B0,2026-08-19T00:31:52+0900,No JLPT-tagged NAVER entry found
w_b24621b76259caa8,N5,,naver_level_missing,三冊,さんさつ,,,,,,,https://ja.dict.naver.com/#/search?query=%E4%B8%89%E5%86%8A,2026-08-19T00:31:52+0900,No JLPT-tagged NAVER entry found
w_e3d3cc0b38f77224,N5,,naver_level_missing,二キロ,にキロ,,,,,,,https://ja.dict.naver.com/#/search?query=%E4%BA%8C%E3%82%AD%E3%83%AD,2026-08-19T00:31:52+0900,No JLPT-tagged NAVER entry found
w_5284226e672d96c5,N5,,naver_level_missing,二冊,にさつ,,,,,,,https://ja.dict.naver.com/#/search?query=%E4%BA%8C%E5%86%8A,2026-08-19T00:31:52+0900,No JLPT-tagged NAVER entry found
w_3473a458725f217a,N5,,naver_level_missing,交差点,こうさてん,,,,,,,https://ja.dict.naver.com/#/search?query=%E4%BA%A4%E5%B7%AE%E7%82%B9,2026-08-19T00:31:52+0900,No JLPT-tagged NAVER entry found
w_2528221ac1c4f279,N5,,naver_level_missing,入り口,いりぐち,,,,,,,https://ja.dict.naver.com/#/search?query=%E5%85%A5%E3%82%8A%E5%8F%A3,2026-08-19T00:31:52+0900,No JLPT-tagged NAVER entry found
w_a1a38e164f0a3264,N5,,naver_level_missing,八十円,はちじゅうえん,,,,,,,https://ja.dict.naver.com/#/search?query=%E5%85%AB%E5%8D%81%E5%86%86,2026-08-19T00:31:52+0900,No JLPT-tagged NAVER entry found
w_d5e8dc868e6a7029,N5,,naver_level_missing,分かる,わかる,,,,,,,https://ja.dict.naver.com/#/search?query=%E5%88%86%E3%81%8B%E3%82%8B,2026-08-19T00:31:52+0900,No JLPT-tagged NAVER entry found
w_5877b188cb058939,N5,,naver_level_missing,千円,せんえん,,,,,,,https://ja.dict.naver.com/#/search?query=%E5%8D%83%E5%86%86,2026-08-19T00:31:52+0900,No JLPT-tagged NAVER entry found
w_69c992c9db76a823,N5,,naver_level_missing,叔父さん,おじさん,,,,,,,https://ja.dict.naver.com/#/search?query=%E5%8F%94%E7%88%B6%E3%81%95%E3%82%93,2026-08-19T00:31:52+0900,No JLPT-tagged NAVER entry found
w_728f59d1c6f9c5f4,N5,,naver_level_missing,履く,はく,,,,,,,https://ja.dict.naver.com/#/search?query=%E5%B1%A5%E3%81%8F,2026-08-19T00:31:52+0900,No JLPT-tagged NAVER entry found
w_3c9e0c4d130ffe55,N5,,naver_level_missing,掛かる,かかる,,,,,,,https://ja.dict.naver.com/#/search?query=%E6%8E%9B%E3%81%8B%E3%82%8B,2026-08-19T00:31:52+0900,No JLPT-tagged NAVER entry found
w_87351a3c5f2160a9,N5,,naver_level_missing,時々,ときどき,,,,,,,https://ja.dict.naver.com/#/search?query=%E6%99%82%E3%80%85,2026-08-19T00:31:52+0900,No JLPT-tagged NAVER entry found
w_a7aa783483eb1022,N5,,naver_level_missing,曇り,くもり,,,,,,,https://ja.dict.naver.com/#/search?query=%E6%9B%87%E3%82%8A,2026-08-19T00:31:52+0900,No JLPT-tagged NAVER entry found
w_9f48fc575582aa14,N5,,naver_level_missing,生まれる,うまれる,,,,,,,https://ja.dict.naver.com/#/search?query=%E7%94%9F%E3%81%BE%E3%82%8C%E3%82%8B,2026-08-19T00:31:52+0900,No JLPT-tagged NAVER entry found
w_44bc31f10823f315,N5,,naver_level_missing,結婚する,けっこんする,,,,,,,https://ja.dict.naver.com/#/search?query=%E7%B5%90%E5%A9%9A%E3%81%99%E3%82%8B,2026-08-19T00:31:52+0900,No JLPT-tagged NAVER entry found
w_1cd9d956ac65ad3e,N5,,naver_level_missing,色々,いろいろ,,,,,,,https://ja.dict.naver.com/#/search?query=%E8%89%B2%E3%80%85,2026-08-19T00:31:52+0900,No JLPT-tagged NAVER entry found
w_a4f86ff3aa7df0b8,N5,,naver_level_missing,買い物,かいもの,,,,,,,https://ja.dict.naver.com/#/search?query=%E8%B2%B7%E3%81%84%E7%89%A9,2026-08-19T00:31:52+0900,No JLPT-tagged NAVER entry found
w_f12b7cd5ea51cf7a,N5,,naver_level_missing,貼る,はる,,,,,,,https://ja.dict.naver.com/#/search?query=%E8%B2%BC%E3%82%8B,2026-08-19T00:31:52+0900,No JLPT-tagged NAVER entry found
w_59c56506badd0309,N5,,naver_level_missing,質問する,しつもんする,,,,,,,https://ja.dict.naver.com/#/search?query=%E8%B3%AA%E5%95%8F%E3%81%99%E3%82%8B,2026-08-19T00:31:52+0900,No JLPT-tagged NAVER entry found
w_95504292f83e24e8,N5,,naver_level_missing,閉まる,しまる,,,,,,,https://ja.dict.naver.com/#/search?query=%E9%96%89%E3%81%BE%E3%82%8B,2026-08-19T00:31:52+0900,No JLPT-tagged NAVER entry found
w_4dd00aad4051c89d,N5,,naver_level_missing,飲み物,のみもの,,,,,,,https://ja.dict.naver.com/#/search?query=%E9%A3%B2%E3%81%BF%E7%89%A9,2026-08-19T00:31:52+0900,No JLPT-tagged NAVER entry found
