priority,risk_score,literal,meanings_ko,meanings_en,signals,linked_word_count,linked_examples,qa_status,qa_note
P0,56,孝,"[""효도""]","[""filial piety"", ""child's respect""]",single_compound_evidence;copied_linked_word_gloss,1,N2:孝行=효도,auto,Auto draft: KANJIDIC2 readings/radical; Korean meaning draft derived from local Korean word gloss or curated KANJIDIC English fallback.
P0,56,宥,"[""달래다""]","[""soothe"", ""calm"", ""pacify""]",single_compound_evidence;copied_linked_word_gloss,1,N1:宥める=달래다,auto,Auto draft: KANJIDIC2 readings/radical; Korean meaning draft derived from local Korean word gloss or curated KANJIDIC English fallback.
P0,56,宴,"[""연회"", ""잔치""]","[""banquet"", ""feast"", ""party""]",single_compound_evidence;copied_linked_word_gloss,1,"N2:宴会=연회, 잔치",auto,Auto draft: KANJIDIC2 readings/radical; Korean meaning draft derived from local Korean word gloss or curated KANJIDIC English fallback.
P0,56,寂,"[""쓸쓸하다"", ""외롭다""]","[""loneliness"", ""quietly"", ""mellow"", ""mature"", ""death of a priest""]",single_compound_evidence;copied_linked_word_gloss,1,"N2:寂しい=쓸쓸하다,외롭다; 쓸쓸하다, 외롭다",auto,Manual format normalization 2026-08-18: 중복 뜻 제거.
P0,56,尋,"[""묻다"", ""질문하다""]","[""inquire"", ""fathom"", ""look for""]",single_compound_evidence;copied_linked_word_gloss,1,"N4:尋ねる=묻다, 질문하다",auto,Auto draft: KANJIDIC2 readings/radical; Korean meaning draft derived from local Korean word gloss or curated KANJIDIC English fallback.
P0,56,尖,"[""뾰족해지다"", ""날카로워지다""]","[""be pointed"", ""sharp"", ""taper"", ""displeased"", ""angry"", ""edgy""]",single_compound_evidence;copied_linked_word_gloss,1,"N2:尖る=뾰족해지다, 날카로워지다",auto,Auto draft: KANJIDIC2 readings/radical; Korean meaning draft derived from local Korean word gloss or curated KANJIDIC English fallback.
P0,56,尤,"[""지당함"", ""당연함""]","[""reasonable"", ""just"", ""natural"", ""superb"", ""outstanding"", ""plausible""]",single_compound_evidence;copied_linked_word_gloss,1,"N3:尤も=지당함, 당연함",auto,Auto draft: KANJIDIC2 readings/radical; Korean meaning draft derived from local Korean word gloss or curated KANJIDIC English fallback.
P0,56,庇,"[""감싸다"", ""비호하다"", ""두둔하다""]","[""protect"", ""shield"", ""defend"", ""eaves"", ""canopy"", ""penthouse"", ""visor""]",single_compound_evidence;copied_linked_word_gloss,1,"N2:庇う=감싸다,비호하다; 두둔하다, 비호하다",auto,Auto draft: KANJIDIC2 readings/radical; Korean meaning draft derived from local Korean word gloss or curated KANJIDIC English fallback.
P0,56,徐,"[""서서히""]","[""gradually"", ""slowly"", ""deliberately"", ""gently""]",single_compound_evidence;copied_linked_word_gloss,1,N2:徐々に=서서히,auto,Auto draft: KANJIDIC2 readings/radical; Korean meaning draft derived from local Korean word gloss or curated KANJIDIC English fallback.
P0,56,悠,"[""유유히"", ""여유롭게""]","[""permanence"", ""distant"", ""long time"", ""leisure""]",single_compound_evidence;copied_linked_word_gloss,1,"N2:悠々=유유히, 여유롭게",auto,Auto draft: KANJIDIC2 readings/radical; Korean meaning draft derived from local Korean word gloss or curated KANJIDIC English fallback.
P0,56,悲,"[""슬프다""]","[""grieve"", ""sad"", ""deplore"", ""regret""]",single_compound_evidence;copied_linked_word_gloss,1,N3:悲しい=슬프다,auto,Auto draft: KANJIDIC2 readings/radical; Korean meaning draft derived from local Korean word gloss or curated KANJIDIC English fallback.
P0,56,愉,"[""즐거움""]","[""pleasure"", ""happy"", ""rejoice""]",single_compound_evidence;copied_linked_word_gloss,1,"N3:愉快=유쾌함, 즐거움",auto,Auto draft: KANJIDIC2 readings/radical; Korean meaning draft derived from local Korean word gloss or curated KANJIDIC English fallback.
P0,56,懲,"[""혼나다"", ""넌더리나다""]","[""penal"", ""chastise"", ""punish"", ""discipline""]",single_compound_evidence;copied_linked_word_gloss,1,"N1:懲りる=혼나다, 넌더리나다",auto,Auto draft: KANJIDIC2 readings/radical; Korean meaning draft derived from local Korean word gloss or curated KANJIDIC English fallback.
P0,56,拵,"[""만들다"", ""제조하다""]","[""make"", ""prepare"", ""arrange""]",single_compound_evidence;copied_linked_word_gloss,1,"N2:拵える=만들다, 제조하다",auto,Auto draft: KANJIDIC2 readings/radical; Korean meaning draft derived from local Korean word gloss or curated KANJIDIC English fallback.
P0,56,挑,"[""도전하다""]","[""challenge"", ""contend for"", ""make love to""]",single_compound_evidence;copied_linked_word_gloss,1,N3:挑む=도전하다,auto,Auto draft: KANJIDIC2 readings/radical; Korean meaning draft derived from local Korean word gloss or curated KANJIDIC English fallback.
P0,56,捗,"[""진척되다""]","[""make progress""]",single_compound_evidence;copied_linked_word_gloss,1,N1:捗る=진척되다,auto,Auto draft: KANJIDIC2 readings/radical; Korean meaning draft derived from local Korean word gloss or curated KANJIDIC English fallback.
P0,56,捧,"[""바치다"", ""받들다""]","[""lift up"", ""give"", ""offer"", ""consecrate"", ""sacrifice"", ""dedicate""]",single_compound_evidence;copied_linked_word_gloss,1,"N1:捧げる=바치다, 받들다",auto,Auto draft: KANJIDIC2 readings/radical; Korean meaning draft derived from local Korean word gloss or curated KANJIDIC English fallback.
P0,56,撫,"[""쓰다듬다""]","[""stroke"", ""pat"", ""smooth down""]",single_compound_evidence;copied_linked_word_gloss,1,N2:撫でる=쓰다듬다,auto,Auto draft: KANJIDIC2 readings/radical; Korean meaning draft derived from local Korean word gloss or curated KANJIDIC English fallback.
P0,56,暑,"[""덥다""]","[""sultry"", ""hot"", ""summer heat""]",single_compound_evidence;copied_linked_word_gloss,1,N4:暑い=덥다,auto,Auto draft: KANJIDIC2 readings/radical; Korean meaning draft derived from local Korean word gloss or curated KANJIDIC English fallback.
P0,56,暫,"[""잠시""]","[""temporarily"", ""a while"", ""moment"", ""long time""]",single_compound_evidence;copied_linked_word_gloss,1,N3:暫く=잠시,auto,Auto draft: KANJIDIC2 readings/radical; Korean meaning draft derived from local Korean word gloss or curated KANJIDIC English fallback.
P0,56,朽,"[""썩다""]","[""decay"", ""rot"", ""remain in seclusion""]",single_compound_evidence;copied_linked_word_gloss,1,N1:朽ちる=썩다,auto,Auto draft: KANJIDIC2 readings/radical; Korean meaning draft derived from local Korean word gloss or curated KANJIDIC English fallback.
P0,56,椅,"[""의자""]","[""chair""]",single_compound_evidence;copied_linked_word_gloss,1,N5:椅子=의자,auto,Auto draft: KANJIDIC2 readings/radical; Korean meaning draft derived from local Korean word gloss or curated KANJIDIC English fallback.
P0,56,楕,"[""타원""]","[""ellipse""]",single_compound_evidence;copied_linked_word_gloss,1,N2:楕円=타원,auto,Auto draft: KANJIDIC2 readings/radical; Korean meaning draft derived from local Korean word gloss or curated KANJIDIC English fallback.
P0,56,殆,"[""대부분"", ""거의""]","[""almost"", ""quite"", ""really""]",single_compound_evidence;copied_linked_word_gloss,1,"N4:殆ど=대부분, 거의",auto,Auto draft: KANJIDIC2 readings/radical; Korean meaning draft derived from local Korean word gloss or curated KANJIDIC English fallback.
P0,56,殴,"[""때리다"", ""치다""]","[""assault"", ""hit"", ""beat"", ""thrash""]",single_compound_evidence;copied_linked_word_gloss,1,"N2:殴る=때리다, 치다",auto,Auto draft: KANJIDIC2 readings/radical; Korean meaning draft derived from local Korean word gloss or curated KANJIDIC English fallback.
P0,56,毟,"[""쥐어뜯다"", ""잡아 뽑다""]","[""pluck"", ""pick"", ""tear"", ""(kokuji)""]",single_compound_evidence;copied_linked_word_gloss,1,"N1:毟る=쥐어뜯다, 잡아 뽑다",auto,Auto draft: KANJIDIC2 readings/radical; Korean meaning draft derived from local Korean word gloss or curated KANJIDIC English fallback.
P0,56,泣,"[""울다""]","[""cry"", ""weep"", ""moan""]",single_compound_evidence;copied_linked_word_gloss,1,N3:泣く=울다,auto,Auto draft: KANJIDIC2 readings/radical; Korean meaning draft derived from local Korean word gloss or curated KANJIDIC English fallback.
P0,56,湧,"[""솟아나다"", ""생겨나다""]","[""boil"", ""ferment"", ""seethe"", ""uproar"", ""breed""]",single_compound_evidence;copied_linked_word_gloss,1,"N2:湧く=솟아나다, 생겨나다",auto,Auto draft: KANJIDIC2 readings/radical; Korean meaning draft derived from local Korean word gloss or curated KANJIDIC English fallback.
P0,56,溢,"[""넘쳐나다"", ""흔하다""]","[""overflow"", ""inundate"", ""spill""]",single_compound_evidence;copied_linked_word_gloss,1,"N2:溢れる=넘쳐나다,흔하다",auto,Auto draft: KANJIDIC2 readings/radical; Korean meaning draft derived from local Korean word gloss or curated KANJIDIC English fallback.
P0,56,溺,"[""물에 빠지다""]","[""drown"", ""indulge""]",single_compound_evidence;copied_linked_word_gloss,1,N3:溺れる=물에 빠지다,auto,Auto draft: KANJIDIC2 readings/radical; Korean meaning draft derived from local Korean word gloss or curated KANJIDIC English fallback.
P0,56,滲,"[""번지다"", ""스미다""]","[""imbued with""]",single_compound_evidence;copied_linked_word_gloss,1,"N1:滲む=번지다, 스미다; 번지다, 스며들다",auto,Manual format normalization 2026-08-18: 중복 뜻 제거.
P0,56,滴,"[""물방울""]","[""drip"", ""drop""]",single_compound_evidence;copied_linked_word_gloss,1,N2:水滴=물방울,auto,Auto draft: KANJIDIC2 readings/radical; Korean meaning draft derived from local Korean word gloss or curated KANJIDIC English fallback.
P0,56,漂,"[""떠돌다"", ""감돌다""]","[""drift"", ""float (on liquid)""]",single_compound_evidence;copied_linked_word_gloss,1,"N1:漂う=떠돌다,감돌다",auto,Auto draft: KANJIDIC2 readings/radical; Korean meaning draft derived from local Korean word gloss or curated KANJIDIC English fallback.
P0,56,漬,"[""담그다"", ""적시다"", ""절이다""]","[""pickling"", ""soak"", ""moisten"", ""steep""]",single_compound_evidence;copied_linked_word_gloss,1,"N4:漬ける=담그다, 적시다, 절이다",auto,Auto draft: KANJIDIC2 readings/radical; Korean meaning draft derived from local Korean word gloss or curated KANJIDIC English fallback.
P0,56,濁,"[""흐려지다"", ""탁해지다""]","[""voiced"", ""uncleanness"", ""wrong"", ""nigori"", ""impurity""]",single_compound_evidence;copied_linked_word_gloss,1,"N2:濁る=흐려지다, 탁해지다",auto,Auto draft: KANJIDIC2 readings/radical; Korean meaning draft derived from local Korean word gloss or curated KANJIDIC English fallback.
P0,56,濡,"[""젖다""]","[""get wet"", ""damp"", ""make love""]",single_compound_evidence;copied_linked_word_gloss,1,N3:濡れる=젖다,auto,Auto draft: KANJIDIC2 readings/radical; Korean meaning draft derived from local Korean word gloss or curated KANJIDIC English fallback.
P0,56,炒,"[""재료를 불에 볶다""]","[""broil"", ""parch"", ""roast"", ""fry""]",single_compound_evidence;copied_linked_word_gloss,1,N2:炒る=재료를 불에 볶다,auto,Auto draft: KANJIDIC2 readings/radical; Korean meaning draft derived from local Korean word gloss or curated KANJIDIC English fallback.
P0,56,煌,"[""환하게"", ""밝게""]","[""glitter"", ""gleam"", ""twinkle""]",single_compound_evidence;copied_linked_word_gloss,1,"N1:煌々と=환하게, 밝게",auto,Auto draft: KANJIDIC2 readings/radical; Korean meaning draft derived from local Korean word gloss or curated KANJIDIC English fallback.
P0,56,煎,"[""콩·차 등을 볶다""]","[""broil"", ""parch"", ""roast"", ""boil""]",single_compound_evidence;copied_linked_word_gloss,1,N2:煎る=콩·차 등을 볶다,auto,Auto draft: KANJIDIC2 readings/radical; Korean meaning draft derived from local Korean word gloss or curated KANJIDIC English fallback.
P0,56,煮,"[""끓다"", ""끓이다""]","[""boil"", ""cook""]",single_compound_evidence;copied_linked_word_gloss,1,"N2:煮る=끓다, 끓이다",auto,Auto draft: KANJIDIC2 readings/radical; Korean meaning draft derived from local Korean word gloss or curated KANJIDIC English fallback.
P0,56,犠,"[""희생""]","[""sacrifice""]",single_compound_evidence;copied_linked_word_gloss,1,N1:犠牲=희생,auto,Auto draft: KANJIDIC2 readings/radical; Korean meaning draft derived from local Korean word gloss or curated KANJIDIC English fallback.
P0,56,狂,"[""미치다"", ""어긋나다""]","[""lunatic"", ""insane"", ""crazy"", ""confuse""]",single_compound_evidence;copied_linked_word_gloss,1,"N3:狂う=미치다, 어긋나다",auto,Auto draft: KANJIDIC2 readings/radical; Korean meaning draft derived from local Korean word gloss or curated KANJIDIC English fallback.
P0,56,狭,"[""좁히다""]","[""cramped"", ""narrow"", ""contract"", ""tight""]",single_compound_evidence;copied_linked_word_gloss,1,N2:狭める=좁히다,auto,Auto draft: KANJIDIC2 readings/radical; Korean meaning draft derived from local Korean word gloss or curated KANJIDIC English fallback.
P0,56,珍,"[""흔치않다""]","[""rare"", ""curious"", ""strange""]",single_compound_evidence;copied_linked_word_gloss,1,N4:珍しい=흔치않다,auto,Auto draft: KANJIDIC2 readings/radical; Korean meaning draft derived from local Korean word gloss or curated KANJIDIC English fallback.
P0,56,痢,"[""설사""]","[""diarrhea""]",single_compound_evidence;copied_linked_word_gloss,1,N1:下痢=설사,auto,Auto draft: KANJIDIC2 readings/radical; Korean meaning draft derived from local Korean word gloss or curated KANJIDIC English fallback.
P0,56,痩,"[""살이 빠지다""]","[""get thin""]",single_compound_evidence;copied_linked_word_gloss,1,N4:痩せる=살이 빠지다,auto,Auto draft: KANJIDIC2 readings/radical; Korean meaning draft derived from local Korean word gloss or curated KANJIDIC English fallback.
P0,56,眩,"[""눈부시다""]","[""faint"", ""dizzy""]",single_compound_evidence;copied_linked_word_gloss,1,N2:眩しい=눈부시다,auto,Auto draft: KANJIDIC2 readings/radical; Korean meaning draft derived from local Korean word gloss or curated KANJIDIC English fallback.
P0,56,眺,"[""바라보다"", ""조망하다""]","[""stare"", ""watch"", ""look at"", ""see"", ""scrutinize""]",single_compound_evidence;copied_linked_word_gloss,1,"N2:眺める=바라보다,조망하다",auto,Auto draft: KANJIDIC2 readings/radical; Korean meaning draft derived from local Korean word gloss or curated KANJIDIC English fallback.
P0,56,睨,"[""노려보다"", ""주시하다""]","[""glaring at"", ""authority"", ""power"", ""scowl at""]",single_compound_evidence;copied_linked_word_gloss,1,"N2:睨む=노려보다, 주시하다",auto,Auto draft: KANJIDIC2 readings/radical; Korean meaning draft derived from local Korean word gloss or curated KANJIDIC English fallback.
P0,56,瞭,"[""분명함""]","[""clear""]",single_compound_evidence;copied_linked_word_gloss,1,"N1:明瞭=명료함, 분명함",auto,Auto draft: KANJIDIC2 readings/radical; Korean meaning draft derived from local Korean word gloss or curated KANJIDIC English fallback.
P0,56,籠,"[""틀어박히다"", ""가득 차다""]","[""basket"", ""devote oneself"", ""seclude oneself"", ""cage"", ""coop"", ""implied""]",single_compound_evidence;copied_linked_word_gloss,1,"N1:籠もる=틀어박히다, 가득 차다",auto,Auto draft: KANJIDIC2 readings/radical; Korean meaning draft derived from local Korean word gloss or curated KANJIDIC English fallback.
P0,56,紳,"[""신사""]","[""sire"", ""good belt"", ""gentleman""]",single_compound_evidence;copied_linked_word_gloss,1,"N1:紳士=신사, 남자",auto,Auto draft: KANJIDIC2 readings/radical; Korean meaning draft derived from local Korean word gloss or curated KANJIDIC English fallback.
P0,56,罵,"[""욕하다"", ""매도하다""]","[""abuse"", ""insult""]",single_compound_evidence;copied_linked_word_gloss,1,"N1:罵る=욕하다, 매도하다",auto,Auto draft: KANJIDIC2 readings/radical; Korean meaning draft derived from local Korean word gloss or curated KANJIDIC English fallback.
P0,56,脆,"[""무르다"", ""약하다"", ""깨지기 쉽다""]","[""brittle"", ""fragile"", ""easy to beat"", ""sentimental"", ""susceptible""]",single_compound_evidence;copied_linked_word_gloss,1,"N1:脆い=무르다, 약하다, 깨지기 쉽다",auto,Auto draft: KANJIDIC2 readings/radical; Korean meaning draft derived from local Korean word gloss or curated KANJIDIC English fallback.
P0,56,舐,"[""핥다"", ""깔보다""]","[""lick"", ""lap up"", ""burn up"", ""taste"", ""undergo"", ""underrate"", ""despise""]",single_compound_evidence;copied_linked_word_gloss,1,N1:舐める=핥다; 깔보다,auto,Auto draft: KANJIDIC2 readings/radical; Korean meaning draft derived from local Korean word gloss or curated KANJIDIC English fallback.
P0,56,艦,"[""군함""]","[""warship""]",single_compound_evidence;copied_linked_word_gloss,1,N1:軍艦=군함,auto,Auto draft: KANJIDIC2 readings/radical; Korean meaning draft derived from local Korean word gloss or curated KANJIDIC English fallback.
P0,56,茂,"[""우거지다"", ""무성하다""]","[""overgrown"", ""grow thick"", ""be luxuriant""]",single_compound_evidence;copied_linked_word_gloss,1,"N2:茂る=우거지다, 무성하다",auto,Auto draft: KANJIDIC2 readings/radical; Korean meaning draft derived from local Korean word gloss or curated KANJIDIC English fallback.
P0,56,茹,"[""삶다""]","[""boil"", ""seethe""]",single_compound_evidence;copied_linked_word_gloss,1,N3:茹でる=삶다,auto,Auto draft: KANJIDIC2 readings/radical; Korean meaning draft derived from local Korean word gloss or curated KANJIDIC English fallback.
P0,56,萎,"[""시들다"", ""쪼그라들다""]","[""wither"", ""droop"", ""lame""]",single_compound_evidence;copied_linked_word_gloss,1,"N2:萎む=시들다, 쪼그라들다",auto,Auto draft: KANJIDIC2 readings/radical; Korean meaning draft derived from local Korean word gloss or curated KANJIDIC English fallback.
P0,56,蘇,"[""되살아나다"", ""부활하다""]","[""be resuscitated"", ""revived"", ""perilla"", ""shiso""]",single_compound_evidence;copied_linked_word_gloss,1,"N2:蘇る=되살아나다, 부활하다; 되살아나다, 소생하다",auto,Manual format normalization 2026-08-18: 중복 뜻 제거.
P0,56,虜,"[""포로""]","[""captive"", ""barbarian"", ""low epithet for the enemy""]",single_compound_evidence;copied_linked_word_gloss,1,N1:捕虜=포로,auto,Auto draft: KANJIDIC2 readings/radical; Korean meaning draft derived from local Korean word gloss or curated KANJIDIC English fallback.
P0,56,蜜,"[""꿀""]","[""honey"", ""nectar"", ""molasses""]",single_compound_evidence;copied_linked_word_gloss,1,N1:蜂蜜=꿀,auto,Auto draft: KANJIDIC2 readings/radical; Korean meaning draft derived from local Korean word gloss or curated KANJIDIC English fallback.
P0,56,詫,"[""사과하다""]","[""apologize""]",single_compound_evidence;copied_linked_word_gloss,1,N1:詫びる=사과하다,auto,Auto draft: KANJIDIC2 readings/radical; Korean meaning draft derived from local Korean word gloss or curated KANJIDIC English fallback.
P0,56,誂,"[""주문하다"", ""맞추다""]","[""order""]",single_compound_evidence;copied_linked_word_gloss,1,"N1:誂える=주문하다, 맞추다",auto,Auto draft: KANJIDIC2 readings/radical; Korean meaning draft derived from local Korean word gloss or curated KANJIDIC English fallback.
P0,56,諦,"[""포기하다""]","[""truth"", ""clarity"", ""abandon"", ""give up""]",single_compound_evidence;copied_linked_word_gloss,1,N1:諦める=포기하다,auto,Auto draft: KANJIDIC2 readings/radical; Korean meaning draft derived from local Korean word gloss or curated KANJIDIC English fallback.
P0,56,諾,"[""승낙""]","[""consent"", ""assent"", ""agreement""]",single_compound_evidence;copied_linked_word_gloss,1,N1:承諾=승낙,auto,Auto draft: KANJIDIC2 readings/radical; Korean meaning draft derived from local Korean word gloss or curated KANJIDIC English fallback.
P0,56,譲,"[""양보하다"", ""양도하다""]","[""defer"", ""turnover"", ""transfer"", ""convey""]",single_compound_evidence;copied_linked_word_gloss,1,"N2:譲る=양보하다,양도하다",auto,Auto draft: KANJIDIC2 readings/radical; Korean meaning draft derived from local Korean word gloss or curated KANJIDIC English fallback.
P0,56,貫,"[""관철하다""]","[""pierce"", ""8 1/3lbs"", ""penetrate"", ""brace""]",single_compound_evidence;copied_linked_word_gloss,1,N1:貫く=관철하다,auto,Auto draft: KANJIDIC2 readings/radical; Korean meaning draft derived from local Korean word gloss or curated KANJIDIC English fallback.
P0,56,貰,"[""받다""]","[""get"", ""have"", ""obtain""]",single_compound_evidence;copied_linked_word_gloss,1,N4:貰う=받다,auto,Auto draft: KANJIDIC2 readings/radical; Korean meaning draft derived from local Korean word gloss or curated KANJIDIC English fallback.
P0,56,貼,"[""붙이다""]","[""stick"", ""paste"", ""apply""]",single_compound_evidence;copied_linked_word_gloss,1,N5:貼る=붙이다,auto,Auto draft: KANJIDIC2 readings/radical; Korean meaning draft derived from local Korean word gloss or curated KANJIDIC English fallback.
P0,56,貿,"[""무역""]","[""trade"", ""exchange""]",single_compound_evidence;copied_linked_word_gloss,1,N4:貿易=무역,auto,Auto draft: KANJIDIC2 readings/radical; Korean meaning draft derived from local Korean word gloss or curated KANJIDIC English fallback.
P0,56,賜,"[""허가하다"", ""주다""]","[""grant"", ""gift"", ""boon"", ""results""]",single_compound_evidence;copied_linked_word_gloss,1,"N1:賜る=허가하다, 주다",auto,Auto draft: KANJIDIC2 readings/radical; Korean meaning draft derived from local Korean word gloss or curated KANJIDIC English fallback.
P0,56,賭,"[""걸다"", ""내기하다""]","[""gamble"", ""wager"", ""bet""]",single_compound_evidence;copied_linked_word_gloss,1,"N3:賭ける=걸다, 내기하다",auto,Auto draft: KANJIDIC2 readings/radical; Korean meaning draft derived from local Korean word gloss or curated KANJIDIC English fallback.
P0,56,贅,"[""사치""]","[""luxury""]",single_compound_evidence;copied_linked_word_gloss,1,"N3:贅沢=사치, 호화",auto,Auto draft: KANJIDIC2 readings/radical; Korean meaning draft derived from local Korean word gloss or curated KANJIDIC English fallback.
P0,56,跨,"[""넘다"", ""걸터넘다""]","[""be"", ""sit or stand astride"", ""extend over"", ""straddle""]",single_compound_evidence;copied_linked_word_gloss,1,"N2:跨ぐ=넘다, 걸터넘다",auto,Auto draft: KANJIDIC2 readings/radical; Korean meaning draft derived from local Korean word gloss or curated KANJIDIC English fallback.
P0,56,跳,"[""뛰어오르다"", ""튀다""]","[""hop"", ""leap up"", ""spring"", ""jerk"", ""prance"", ""buck"", ""splash"", ""sputter"", ""snap""]",single_compound_evidence;copied_linked_word_gloss,1,"N2:跳ねる=뛰어오르다, 튀다",auto,Auto draft: KANJIDIC2 readings/radical; Korean meaning draft derived from local Korean word gloss or curated KANJIDIC English fallback.
P0,56,躓,"[""발이 걸려 넘어지다""]","[""stumble""]",single_compound_evidence;copied_linked_word_gloss,1,N2:躓く=발이 걸려 넘어지다,auto,Auto draft: KANJIDIC2 readings/radical; Korean meaning draft derived from local Korean word gloss or curated KANJIDIC English fallback.
P0,56,這,"[""기다"", ""기어가다""]","[""crawl"", ""creep"", ""grovel"", ""trail (vines)""]",single_compound_evidence;copied_linked_word_gloss,1,"N2:這う=기다, 기어가다",auto,Auto draft: KANJIDIC2 readings/radical; Korean meaning draft derived from local Korean word gloss or curated KANJIDIC English fallback.
P0,56,遜,"[""겸손""]","[""humble"", ""modest""]",single_compound_evidence;copied_linked_word_gloss,1,"N2:謙遜=겸양, 겸손",auto,Auto draft: KANJIDIC2 readings/radical; Korean meaning draft derived from local Korean word gloss or curated KANJIDIC English fallback.
P0,56,遡,"[""거슬러 올라가다""]","[""go upstream"", ""retrace the past""]",single_compound_evidence;copied_linked_word_gloss,1,N2:遡る=거슬러 올라가다,auto,Auto draft: KANJIDIC2 readings/radical; Korean meaning draft derived from local Korean word gloss or curated KANJIDIC English fallback.
P0,56,醜,"[""못생기다"", ""추하다""]","[""ugly"", ""unclean"", ""shame"", ""bad looking""]",single_compound_evidence;copied_linked_word_gloss,1,"N2:醜い=못생기다, 추하다",auto,Auto draft: KANJIDIC2 readings/radical; Korean meaning draft derived from local Korean word gloss or curated KANJIDIC English fallback.
P0,56,銘,"[""각자"", ""각각""]","[""inscription"", ""signature (of artisan)""]",single_compound_evidence;copied_linked_word_gloss,1,"N2:銘々=각자, 각각",auto,Auto draft: KANJIDIC2 readings/radical; Korean meaning draft derived from local Korean word gloss or curated KANJIDIC English fallback.
P0,56,鍛,"[""단련하다""]","[""forge"", ""discipline"", ""train""]",single_compound_evidence;copied_linked_word_gloss,1,N2:鍛える=단련하다,auto,Auto draft: KANJIDIC2 readings/radical; Korean meaning draft derived from local Korean word gloss or curated KANJIDIC English fallback.
P0,56,陶,"[""도기"", ""도자기""]","[""pottery"", ""porcelain""]",single_compound_evidence;copied_linked_word_gloss,1,"N1:陶器=도기, 도자기",auto,Auto draft: KANJIDIC2 readings/radical; Korean meaning draft derived from local Korean word gloss or curated KANJIDIC English fallback.
P0,56,隈,"[""구석구석까지"", ""샅샅이""]","[""corner"", ""nook"", ""recess""]",single_compound_evidence;copied_linked_word_gloss,1,"N1:隈なく=구석구석까지, 샅샅이",auto,Auto draft: KANJIDIC2 readings/radical; Korean meaning draft derived from local Korean word gloss or curated KANJIDIC English fallback.
P0,56,雇,"[""고용하다""]","[""employ"", ""hire""]",single_compound_evidence;copied_linked_word_gloss,1,N3:雇う=고용하다,auto,Auto draft: KANJIDIC2 readings/radical; Korean meaning draft derived from local Korean word gloss or curated KANJIDIC English fallback.
P0,56,頷,"[""끄덕이다""]","[""nod approval""]",single_compound_evidence;copied_linked_word_gloss,1,N2:頷く=끄덕이다,auto,Auto draft: KANJIDIC2 readings/radical; Korean meaning draft derived from local Korean word gloss or curated KANJIDIC English fallback.
P0,56,騙,"[""속이다""]","[""deceive""]",single_compound_evidence;copied_linked_word_gloss,1,N3:騙す=속이다,auto,Auto draft: KANJIDIC2 readings/radical; Korean meaning draft derived from local Korean word gloss or curated KANJIDIC English fallback.
P0,55,曲,"[""돌다"", ""(방향을) 틀다""]","[""bend"", ""music"", ""melody"", ""composition"", ""pleasure"", ""injustice"", ""fault"", ""curve"", ""crooked"", ""perverse"", ""lean""]",context_parentheses;copied_linked_word_gloss,5,"N1:婉曲=완곡함 | N2:曲線=곡선 | N3:曲げる=구부리다, 굽히다 | N3:作曲=작곡 | N3:曲がる=돌다, (방향을) 틀다",auto,Auto draft: KANJIDIC2 readings/radical; Korean meaning draft derived from local Korean word gloss or curated KANJIDIC English fallback.
P0,55,登,"[""(산을) 오르다""]","[""ascend"", ""climb up""]",context_parentheses;copied_linked_word_gloss,5,N1:登校=등교 | N3:登場=등장 | N3:登山=등산 | N3:登録=등록 | N5:登る=(산을) 오르다,auto,Auto draft: KANJIDIC2 readings/radical; Korean meaning draft derived from local Korean word gloss or curated KANJIDIC English fallback.
P1,54,就,"[""(지위에)오르다"", ""취임하다""]","[""concerning"", ""settle"", ""take position"", ""depart"", ""study"", ""per""]",context_parentheses;copied_linked_word_gloss,4,"N1:就業=취업, 근무 | N2:就く=(지위에)오르다,취임하다 | N2:就任=취임 | N3:就職=취직",auto,Auto draft: KANJIDIC2 readings/radical; Korean meaning draft derived from local Korean word gloss or curated KANJIDIC English fallback.
P1,53,偏,"[""기울다"", ""치우치다(편중)""]","[""partial"", ""side"", ""left-side radical"", ""inclining"", ""biased""]",context_parentheses;copied_linked_word_gloss,3,"N1:偏見=편견 | N1:偏り=치우침, 편향 | N2:偏る=기울다,치우치다(편중)",auto,Auto draft: KANJIDIC2 readings/radical; Korean meaning draft derived from local Korean word gloss or curated KANJIDIC English fallback.
P1,53,内,"[""~이내"", ""안쪽""]","[""inside"", ""within"", ""between"", ""among"", ""house"", ""home""]",grammar_or_enumeration_markup,17,"N1:内陸=내륙 | N1:内訳=내역 | N1:内心=속마음, 내심 | N1:内閣=내각 | N1:内乱=내란",auto,Auto draft: KANJIDIC2 readings/radical; Korean meaning draft derived from local Korean word gloss or curated KANJIDIC English fallback.
P1,53,吸,"[""(담배를) 피우다""]","[""suck"", ""imbibe"", ""inhale"", ""sip""]",context_parentheses;copied_linked_word_gloss,3,"N3:吸収=흡수, 빨아들임 | N3:呼吸=호흡 | N5:吸う=(담배를) 피우다",auto,Auto draft: KANJIDIC2 readings/radical; Korean meaning draft derived from local Korean word gloss or curated KANJIDIC English fallback.
P1,53,履,"[""(바지를) 입다"", ""(신발·양말을) 신다""]","[""perform"", ""complete"", ""footgear"", ""shoes"", ""boots"", ""put on (the feet)""]",context_parentheses;copied_linked_word_gloss,3,"N1:履歴=이력 | N2:草履=일본식 짚신(조리) | N5:履く=(바지를) 입다, (신발·양말을) 신다",auto,Auto draft: KANJIDIC2 readings/radical; Korean meaning draft derived from local Korean word gloss or curated KANJIDIC English fallback.
P1,53,握,"[""(손에꽉)쥐다"", ""움켜쥐다""]","[""grip"", ""hold"", ""mould sushi"", ""bribe""]",context_parentheses;copied_linked_word_gloss,3,N2:把握=파악 | N3:握る=(손에꽉)쥐다; 움켜쥐다 | N3:握手=악수,auto,Auto draft: KANJIDIC2 readings/radical; Korean meaning draft derived from local Korean word gloss or curated KANJIDIC English fallback.
P1,53,昇,"[""(해가) 뜨다"", ""오르다""]","[""rise up""]",context_parentheses;copied_linked_word_gloss,3,"N1:上昇=상승 | N1:昇進=승진 | N3:昇る=(해가) 뜨다, 오르다",auto,Auto draft: KANJIDIC2 readings/radical; Korean meaning draft derived from local Korean word gloss or curated KANJIDIC English fallback.
P1,53,犯,"[""(죄를)범하다"", ""(법을)어기다""]","[""crime"", ""sin"", ""offense""]",context_parentheses;copied_linked_word_gloss,3,"N2:防犯=방범, 범죄 예방 | N2:犯す=(죄를)범하다,(법을)어기다 | N3:犯人=범인",auto,Auto draft: KANJIDIC2 readings/radical; Korean meaning draft derived from local Korean word gloss or curated KANJIDIC English fallback.
P1,53,織,"[""짜다(직물)""]","[""weave"", ""fabric""]",context_parentheses;copied_linked_word_gloss,3,"N1:織物=천, 직물 | N3:織る=짜다(직물) | N3:組織=조직",auto,Auto draft: KANJIDIC2 readings/radical; Korean meaning draft derived from local Korean word gloss or curated KANJIDIC English fallback.
P1,52,剥,"[""(껍질을) 벗기다""]","[""come off"", ""peel"", ""fade"", ""discolor""]",context_parentheses;copied_linked_word_gloss,2,"N1:剥がす=벗기다,떼다 | N3:剥く=(껍질을) 벗기다",auto,Auto draft: KANJIDIC2 readings/radical; Korean meaning draft derived from local Korean word gloss or curated KANJIDIC English fallback.
P1,52,既,"[""이미(같은 로서)""]","[""previously"", ""already"", ""long ago""]",context_parentheses;copied_linked_word_gloss,2,N1:既婚=기혼 | N3:既に=이미(같은 로서),auto,Auto draft: KANJIDIC2 readings/radical; Korean meaning draft derived from local Korean word gloss or curated KANJIDIC English fallback.
P1,52,様,"[""방법"", ""양상"", ""~처럼""]","[""Esq."", ""way"", ""manner"", ""situation"", ""polite suffix""]",grammar_or_enumeration_markup,15,"N1:様式=양식, 형식 | N1:様=모습, 양, ~님 | N1:一様=한결같음, 똑같음 | N1:多様=다양성, 종류 | N1:様相=양상, 모습, 상태",auto,Auto draft: KANJIDIC2 readings/radical; Korean meaning draft derived from local Korean word gloss or curated KANJIDIC English fallback.
P1,52,潰,"[""찌그러뜨리다"", ""(시간을) 때우다""]","[""crush"", ""smash"", ""break"", ""dissipate""]",context_parentheses;copied_linked_word_gloss,2,"N2:潰れる=찌부러지다,망하다 | N2:潰す=찌그러뜨리다; (시간을) 때우다",auto,Auto draft: KANJIDIC2 readings/radical; Korean meaning draft derived from local Korean word gloss or curated KANJIDIC English fallback.
P1,52,澄,"[""분명한"", ""맑은(날씨)"", ""되다 투명한""]","[""lucidity"", ""be clear"", ""clear"", ""clarify"", ""settle"", ""strain"", ""look grave""]",context_parentheses;copied_linked_word_gloss,2,"N1:澄ます=맑게 하다; (귀를) 기울이다 | N3:澄む=분명한, 맑은(날씨), 되다 투명한",auto,Auto draft: KANJIDIC2 readings/radical; Korean meaning draft derived from local Korean word gloss or curated KANJIDIC English fallback.
P1,52,炊,"[""(밥을) 짓다""]","[""cook"", ""boil""]",context_parentheses;copied_linked_word_gloss,2,"N2:炊事=취사, 밥 짓기 | N3:炊く=(밥을) 짓다",auto,Auto draft: KANJIDIC2 readings/radical; Korean meaning draft derived from local Korean word gloss or curated KANJIDIC English fallback.
P1,52,磨,"[""닦다"", ""연마하다"", ""(이를) 닦다""]","[""grind"", ""polish"", ""scour"", ""improve"", ""brush (teeth)""]",context_parentheses;copied_linked_word_gloss,2,"N2:磨く=닦다,연마하다; (이를) 닦다 | N2:歯磨き=양치질, 치약",auto,Auto draft: KANJIDIC2 readings/radical; Korean meaning draft derived from local Korean word gloss or curated KANJIDIC English fallback.
P1,49,尺,"[""자"", ""길이의 단위""]","[""shaku"", ""Japanese foot"", ""measure"", ""scale"", ""rule""]",register_or_domain_note;single_compound_evidence,1,"N1:尺度=척도, 기준",auto,Auto draft: KANJIDIC2 readings/radical; Korean meaning draft derived from local Korean word gloss or curated KANJIDIC English fallback.
P1,49,耶,"[""의문"", ""어조사""]","[""question mark""]",register_or_domain_note;single_compound_evidence,1,"N1:有耶無耶に=흐지부지하게, 애매하게",auto,Auto draft: KANJIDIC2 readings/radical; Korean meaning draft derived from local Korean word gloss or curated KANJIDIC English fallback.
P1,49,軒,"[""처마"", ""집 세는 단위""]","[""flats"", ""counter for houses"", ""eaves""]",register_or_domain_note;single_compound_evidence,1,"N4:一軒=한 채, 한 동(집을 세는 단위)",auto,Auto draft: KANJIDIC2 readings/radical; Korean meaning draft derived from local Korean word gloss or curated KANJIDIC English fallback.
P1,48,会,"[""만나다""]","[""meeting"", ""meet"", ""party"", ""association"", ""interview"", ""join""]",copied_linked_word_gloss;narrow_ko_vs_english,34,"N1:再会=재회 | N1:会談=회담 | N1:照会=조회,확인 | N1:面会=면회 | N1:会心=회심,만족스러움",auto,Auto draft: KANJIDIC2 readings/radical; Korean meaning draft derived from local Korean word gloss or curated KANJIDIC English fallback.
P1,48,行,"[""가다""]","[""going"", ""journey"", ""carry out"", ""conduct"", ""act"", ""line"", ""row"", ""bank""]",copied_linked_word_gloss;narrow_ko_vs_english,38,"N1:走行=주행 | N1:遂行=수행,완수 | N1:行為=행위, 행동 | N1:平行=평행 | N1:現行=현행",auto,Auto draft: KANJIDIC2 readings/radical; Korean meaning draft derived from local Korean word gloss or curated KANJIDIC English fallback.
P1,48,見,"[""보다""]","[""see"", ""hopes"", ""chances"", ""idea"", ""opinion"", ""look at"", ""visible""]",copied_linked_word_gloss;narrow_ko_vs_english,44,N1:じっと見る=가만히 보다 | N1:見地=관점 | N1:見合い=맞선 | N1:偏見=편견 | N1:見失う=시야에서놓치다,auto,Auto draft: KANJIDIC2 readings/radical; Korean meaning draft derived from local Korean word gloss or curated KANJIDIC English fallback.
P1,48,重,"[""무겁다""]","[""heavy"", ""important"", ""esteem"", ""respect"", ""heap up"", ""pile up"", ""nest of boxes"", ""-fold""]",copied_linked_word_gloss;narrow_ko_vs_english,28,"N1:重んじる=중시하다, 존중하다 | N1:重複=중복 | N1:重んずる=중시하다, 존중하다 | N1:重複=중복 | N1:重宝=애용",auto,Auto draft: KANJIDIC2 readings/radical; Korean meaning draft derived from local Korean word gloss or curated KANJIDIC English fallback.
P1,47,回,"[""돌리다""]","[""-times"", ""round"", ""game"", ""revolve"", ""counter for occurrences""]",copied_linked_word_gloss;narrow_ko_vs_english,23,"N1:回路=회로 | N1:撤回する=철회하다 | N1:回覧=회람 | N1:回送=회송, 이송 | N1:後回し=뒤로 미룸, 연기",auto,Auto draft: KANJIDIC2 readings/radical; Korean meaning draft derived from local Korean word gloss or curated KANJIDIC English fallback.
P1,47,為,"[""위함"", ""~때문에""]","[""do"", ""change"", ""make"", ""benefit"", ""welfare"", ""be of use"", ""reach to"", ""try"", ""practice"", ""cost"", ""serve as"", ""good"", ""advantage"", ""as a result of""]",grammar_or_enumeration_markup,4,"N1:行為=행위, 행동 | N2:為替=환(換), 환어음, 환율 | N2:為す=이루다, 하다 | N4:為=위함, ~때문에",auto,Auto draft: KANJIDIC2 readings/radical; Korean meaning draft derived from local Korean word gloss or curated KANJIDIC English fallback.
P1,47,産,"[""낳다""]","[""products"", ""bear"", ""give birth"", ""yield"", ""childbirth"", ""native"", ""property""]",copied_linked_word_gloss;narrow_ko_vs_english,22,"N1:お産=출산 | N1:資産=자산 | N1:産休=출산 휴가 | N1:産出=산출, 생산 | N1:産後=산후",auto,Auto draft: KANJIDIC2 readings/radical; Korean meaning draft derived from local Korean word gloss or curated KANJIDIC English fallback.
P1,47,超,"[""초~"", ""초월""]","[""transcend"", ""super-"", ""ultra-""]",grammar_or_enumeration_markup,4,"N1:超=초~, 초월 | N2:超える=넘다 | N2:超過=초과 | N3:超す=넘다, 넘어서다",auto,Auto draft: KANJIDIC2 readings/radical; Korean meaning draft derived from local Korean word gloss or curated KANJIDIC English fallback.
P1,46,断,"[""거절하다""]","[""severance"", ""decline"", ""refuse"", ""apologize"", ""warn"", ""dismiss"", ""prohibit"", ""decision"", ""judgement"", ""cutting""]",copied_linked_word_gloss;narrow_ko_vs_english,19,"N1:無断=무단 | N1:断然=단연, 단호히 | N1:断念する=단념하다 | N1:断じて=결코, 절대 (~하지 않다) | N1:決断=결정, 결심",auto,Auto draft: KANJIDIC2 readings/radical; Korean meaning draft derived from local Korean word gloss or curated KANJIDIC English fallback.
P1,46,来,"[""오다""]","[""come"", ""due"", ""next"", ""cause"", ""become""]",copied_linked_word_gloss;narrow_ko_vs_english,19,"N1:来場=(행사장에) 옴, 참석 | N1:家来=가신, 부하 | N1:従来=종래,기존 | N1:外来=외래 | N1:出来るだけ=가능한 한",auto,Auto draft: KANJIDIC2 readings/radical; Korean meaning draft derived from local Korean word gloss or curated KANJIDIC English fallback.
P1,46,要,"[""필요하다""]","[""need"", ""main point"", ""essence"", ""pivot"", ""key to""]",copied_linked_word_gloss;narrow_ko_vs_english,17,"N1:要する=필요로 하다, 요구하다 | N1:要因=주요 요인, 원인 | N1:要請=요청 | N1:要望=요망 | N1:需要=수요",auto,Auto draft: KANJIDIC2 readings/radical; Korean meaning draft derived from local Korean word gloss or curated KANJIDIC English fallback.
P1,46,集,"[""모이다""]","[""gather"", ""meet"", ""congregate"", ""swarm"", ""flock""]",copied_linked_word_gloss;narrow_ko_vs_english,18,"N1:密集=밀집 | N1:特集=특집 | N1:集計=집계 | N1:集う=모이다 | N1:群集=군중, 무리",auto,Auto draft: KANJIDIC2 readings/radical; Korean meaning draft derived from local Korean word gloss or curated KANJIDIC English fallback.
P1,45,指,"[""가리키다""]","[""finger"", ""point to"", ""indicate"", ""put into"", ""play (chess)"", ""measure (ruler)""]",copied_linked_word_gloss;narrow_ko_vs_english,15,"N1:指摘=지적 | N1:指令=명령하다, 주문하다, 지시, 설명 | N1:指図=지시 | N2:小指=새끼손가락 | N2:指す=가리키다",auto,Auto draft: KANJIDIC2 readings/radical; Korean meaning draft derived from local Korean word gloss or curated KANJIDIC English fallback.
P1,45,筈,"[""~일 것이다"", ""~해야 한다""]","[""notch of an arrow"", ""ought"", ""must"", ""should be"", ""expected""]",grammar_or_enumeration_markup,2,"N1:手筈=절차, 채비 | N4:筈=~일 것이다, ~해야 한다",auto,Auto draft: KANJIDIC2 readings/radical; Korean meaning draft derived from local Korean word gloss or curated KANJIDIC English fallback.
P1,45,鉛,"[""납(금속)""]","[""lead""]",context_parentheses;register_or_domain_note,2,N1:鉛=납(금속) | N5:鉛筆=연필,auto,Auto draft: KANJIDIC2 readings/radical; Korean meaning draft derived from local Korean word gloss or curated KANJIDIC English fallback.
P1,44,打,"[""치다""]","[""strike"", ""hit"", ""knock"", ""pound"", ""dozen""]",copied_linked_word_gloss;narrow_ko_vs_english,12,"N1:打開=타개 | N1:打診=타진 | N1:値打ち=가치, 값어치 | N1:打ち消し=부정, 취소 | N1:打ち切る=중지하다",auto,Auto draft: KANJIDIC2 readings/radical; Korean meaning draft derived from local Korean word gloss or curated KANJIDIC English fallback.
P1,44,積,"[""쌓다""]","[""volume"", ""product (x*y)"", ""acreage"", ""contents"", ""pile up"", ""stack"", ""load"", ""amass""]",copied_linked_word_gloss;narrow_ko_vs_english,11,"N1:蓄積=축적 | N1:積み立てる=적립하다 | N1:見積もり=견적 | N2:積む=쌓다 | N2:容積=용적, 부피",auto,Auto draft: KANJIDIC2 readings/radical; Korean meaning draft derived from local Korean word gloss or curated KANJIDIC English fallback.
P1,44,細,"[""가늘다""]","[""dainty"", ""get thin"", ""taper"", ""slender"", ""narrow"", ""detailed"", ""precise""]",copied_linked_word_gloss;narrow_ko_vs_english,12,"N1:細工=세공; 잔재주 | N1:細やか=섬세함, 자상함 | N1:心細い=불안하다 | N1:詳細に=상세하게 | N1:細菌=세균",auto,Auto draft: KANJIDIC2 readings/radical; Korean meaning draft derived from local Korean word gloss or curated KANJIDIC English fallback.
P1,43,任,"[""맡기다""]","[""responsibility"", ""duty"", ""term"", ""entrust to"", ""appoint""]",copied_linked_word_gloss;narrow_ko_vs_english,9,N1:任命=임명 | N1:辞任=사임 | N1:主任=주임 | N1:一任=일임(모두 맡김) | N1:任務=임무,auto,Auto draft: KANJIDIC2 readings/radical; Korean meaning draft derived from local Korean word gloss or curated KANJIDIC English fallback.
P1,43,使,"[""사용하다""]","[""use"", ""send on a mission"", ""order"", ""messenger"", ""envoy"", ""ambassador"", ""cause""]",copied_linked_word_gloss;narrow_ko_vs_english,8,"N1:使い道=용도, 쓸모 | N1:お使い=심부름 | N1:駆使する=구사하다 | N1:使命=사명, 임무 | N1:駆使=구사,능숙하게사용함",auto,Auto draft: KANJIDIC2 readings/radical; Korean meaning draft derived from local Korean word gloss or curated KANJIDIC English fallback.
P1,43,優,"[""상냥하다""]","[""tenderness"", ""excel"", ""surpass"", ""actor"", ""superiority"", ""gentleness""]",copied_linked_word_gloss;narrow_ko_vs_english,10,"N1:優位=우위 | N1:優美=우아함 | N1:優勢=우세 | N1:優先=우선, 우선권 | N2:優勝=우승",auto,Auto draft: KANJIDIC2 readings/radical; Korean meaning draft derived from local Korean word gloss or curated KANJIDIC English fallback.
P1,43,寄,"[""들르다""]","[""draw near"", ""stop in"", ""bring near"", ""gather"", ""collect"", ""send"", ""forward""]",copied_linked_word_gloss;narrow_ko_vs_english,9,"N1:寄与=기여 | N1:取り寄せる=주문해서 받다, 가져오게 하다 | N1:引き寄せる=끌어당기다 | N1:寄り掛かる=기대다, 의지하다 | N1:押し寄せる=밀려오다",auto,Auto draft: KANJIDIC2 readings/radical; Korean meaning draft derived from local Korean word gloss or curated KANJIDIC English fallback.
P1,43,寝,"[""자다""]","[""lie down"", ""sleep"", ""rest"", ""bed"", ""remain unsold""]",copied_linked_word_gloss;narrow_ko_vs_english,8,"N1:寝かせる=눕히다, 재우다, 숙성시키다 | N1:うたた寝=졸고 있음 | N2:昼寝=낮잠 | N2:朝寝坊=늦잠, 늦게 일어나는 사람 | N2:寝台=침대",auto,Auto draft: KANJIDIC2 readings/radical; Korean meaning draft derived from local Korean word gloss or curated KANJIDIC English fallback.
P1,43,暗,"[""어둡다""]","[""darkness"", ""disappear"", ""shade"", ""informal"", ""grow dark"", ""be blinded""]",copied_linked_word_gloss;narrow_ko_vs_english,9,N1:明暗=명암 | N1:暗殺=암살 | N1:暗示=암시 | N1:暗闇=어둠 | N2:薄暗い=어슴푸레하다,auto,Auto draft: KANJIDIC2 readings/radical; Korean meaning draft derived from local Korean word gloss or curated KANJIDIC English fallback.
P1,43,染,"[""얼룩""]","[""dye"", ""color"", ""paint"", ""stain"", ""print""]",copied_linked_word_gloss;narrow_ko_vs_english,9,"N1:感染=감염 | N1:馴染む=친숙해지다, 정들다 | N1:染みる=스며들다, 배다 | N1:染まる=물들다 | N2:染める=물들이다",auto,Auto draft: KANJIDIC2 readings/radical; Korean meaning draft derived from local Korean word gloss or curated KANJIDIC English fallback.
P1,43,短,"[""짧다""]","[""short"", ""brevity"", ""fault"", ""defect"", ""weak point""]",copied_linked_word_gloss;narrow_ko_vs_english,9,"N1:短歌=단가 | N1:短縮=단축 | N2:長短=길이, 긴 짧은 | N2:短所=단점, 약점 | N2:短期=단기",auto,Auto draft: KANJIDIC2 readings/radical; Korean meaning draft derived from local Korean word gloss or curated KANJIDIC English fallback.
P1,43,移,"[""옮기다""]","[""shift"", ""move"", ""change"", ""drift"", ""catch (cold, fire)"", ""pass into""]",copied_linked_word_gloss;narrow_ko_vs_english,8,"N1:移住=이주, 이민 | N1:移民=이민 | N1:推移=추이 | N1:移行=이행, 옮겨 감 | N3:移動=이동",auto,Auto draft: KANJIDIC2 readings/radical; Korean meaning draft derived from local Korean word gloss or curated KANJIDIC English fallback.
P1,43,稀,"[""드문"", ""좀처럼 ~않다""]","[""rare"", ""phenomenal"", ""dilute (acid)""]",grammar_or_enumeration_markup,1,"N2:稀=드문, 좀처럼 ~않다",auto,Auto draft: KANJIDIC2 readings/radical; Korean meaning draft derived from local Korean word gloss or curated KANJIDIC English fallback.
P1,43,絶,"[""끊임없이""]","[""discontinue"", ""sever"", ""cut off"", ""abstain"", ""interrupt"", ""suppress"", ""be beyond"", ""without match"", ""peerless"", ""unparalleled""]",copied_linked_word_gloss;narrow_ko_vs_english,10,"N1:絶える=끊어지다, 사라지다 | N1:絶賛する=절찬하다, 극구 칭찬하다 | N1:絶叫=절규 | N1:絶滅=절멸, 멸종 | N1:拒絶=거절",auto,Auto draft: KANJIDIC2 readings/radical; Korean meaning draft derived from local Korean word gloss or curated KANJIDIC English fallback.
P1,43,負,"[""패배""]","[""defeat"", ""negative"", ""-"", ""minus"", ""bear"", ""owe"", ""assume a responsibility""]",copied_linked_word_gloss;narrow_ko_vs_english,10,"N1:抱負=포부 | N1:請け負う=청부 맡다 | N1:負傷=부상, 상처 | N1:負債=빚, 부채 | N2:負担=부담",auto,Auto draft: KANJIDIC2 readings/radical; Korean meaning draft derived from local Korean word gloss or curated KANJIDIC English fallback.
P1,43,費,"[""다소비하다""]","[""expense"", ""cost"", ""spend"", ""consume"", ""waste""]",copied_linked_word_gloss;narrow_ko_vs_english,8,"N1:光熱費=광열비 | N1:出費=지출, 출비 | N1:浪費=낭비 | N1:実費=실비(실제비용) | N1:経費=경비, 비용",auto,Auto draft: KANJIDIC2 readings/radical; Korean meaning draft derived from local Korean word gloss or curated KANJIDIC English fallback.
P1,43,追,"[""좇다""]","[""chase"", ""drive away"", ""follow"", ""pursue"", ""meanwhile""]",copied_linked_word_gloss;narrow_ko_vs_english,10,"N1:追い出す=쫓아내다 | N1:追跡=추적 | N1:追及=추궁 | N1:追放=추방 | N2:追加=추가, 보충, 부록",auto,Auto draft: KANJIDIC2 readings/radical; Korean meaning draft derived from local Korean word gloss or curated KANJIDIC English fallback.
P1,43,逃,"[""놓치다""]","[""escape"", ""flee"", ""shirk"", ""evade"", ""set free""]",copied_linked_word_gloss;narrow_ko_vs_english,8,"N1:逃亡=탈출 | N1:逃げ出す=도망치다, 탈출 부터 | N1:逃走=탈출 | N1:逃れる=벗어나다,피하다 | N1:見逃す=놓치다, 못 보고 지나치다",auto,Auto draft: KANJIDIC2 readings/radical; Korean meaning draft derived from local Korean word gloss or curated KANJIDIC English fallback.
P1,43,適,"[""적합하다""]","[""suitable"", ""occasional"", ""rare"", ""qualified"", ""capable""]",copied_linked_word_gloss;narrow_ko_vs_english,10,N1:適応=적응 | N1:適性=적성 | N2:適応する=적응하다 | N2:適切だ=적절하다 | N3:適切=적절,auto,Auto draft: KANJIDIC2 readings/radical; Korean meaning draft derived from local Korean word gloss or curated KANJIDIC English fallback.
P1,43,郡,"[""군(행정구역)""]","[""county"", ""district""]",context_parentheses;register_or_domain_note,1,N2:郡=군(행정구역),auto,Auto draft: KANJIDIC2 readings/radical; Korean meaning draft derived from local Korean word gloss or curated KANJIDIC English fallback.
P1,42,易,"[""쉽다""]","[""easy"", ""ready to"", ""simple"", ""fortune-telling"", ""divination""]",copied_linked_word_gloss;narrow_ko_vs_english,7,"N1:簡易=간이, 간편함 | N1:容易い=쉽다,용이하다; 쉽다, 용이하다 | N2:安易=안이함, 쉬움 | N2:安易だ=안이하다 | N3:易しい=쉽다",auto,Auto draft: KANJIDIC2 readings/radical; Korean meaning draft derived from local Korean word gloss or curated KANJIDIC English fallback.
P1,42,殺,"[""죽이다""]","[""kill"", ""murder"", ""butcher"", ""slice off"", ""split"", ""diminish"", ""reduce"", ""spoil""]",copied_linked_word_gloss;narrow_ko_vs_english,7,N1:暗殺=암살 | N1:殺人=살인 | N1:殺菌=살균 | N1:殺到=쇄도(세차게몰려듦) | N1:殺到する=쇄도하다,auto,Auto draft: KANJIDIC2 readings/radical; Korean meaning draft derived from local Korean word gloss or curated KANJIDIC English fallback.
P1,41,倒,"[""쓰러뜨리다""]","[""overthrow"", ""fall"", ""collapse"", ""drop"", ""break down""]",copied_linked_word_gloss;narrow_ko_vs_english,6,"N1:圧倒=압도 | N2:面倒だ=귀찮다 | N2:面倒臭い=귀찮다, 번거롭다 | N2:倒す=쓰러뜨리다 | N3:面倒=귀찮음, 성가심",auto,Auto draft: KANJIDIC2 readings/radical; Korean meaning draft derived from local Korean word gloss or curated KANJIDIC English fallback.
P1,41,察,"[""헤아리다""]","[""guess"", ""presume"", ""surmise"", ""judge"", ""understand""]",copied_linked_word_gloss;narrow_ko_vs_english,6,"N1:察知=감지,탐지 | N1:視察=시찰 | N1:察する=헤아리다 | N2:観察する=관찰하다 | N3:観察=관찰",auto,Auto draft: KANJIDIC2 readings/radical; Korean meaning draft derived from local Korean word gloss or curated KANJIDIC English fallback.
P1,41,従,"[""따르다""]","[""accompany"", ""obey"", ""submit to"", ""comply"", ""follow"", ""secondary"", ""incidental"", ""subordinate""]",copied_linked_word_gloss;narrow_ko_vs_english,6,"N1:従来=종래,기존 | N1:従事=종사하다 | N1:従属=종속 | N1:従来の=종래의 | N1:従業員=종업원",auto,Auto draft: KANJIDIC2 readings/radical; Korean meaning draft derived from local Korean word gloss or curated KANJIDIC English fallback.
P1,41,投,"[""던지다""]","[""throw"", ""discard"", ""abandon"", ""launch into"", ""join"", ""invest in"", ""hurl"", ""give up"", ""sell at a loss""]",copied_linked_word_gloss;narrow_ko_vs_english,5,"N1:投入=투입, 투자 | N1:投げ出す=내던지다, 포기하다 | N1:投資=투자 | N2:投書=투서, 독자 투고 | N3:投げる=던지다",auto,Auto draft: KANJIDIC2 readings/radical; Korean meaning draft derived from local Korean word gloss or curated KANJIDIC English fallback.
P1,41,焦,"[""초조해하다""]","[""char"", ""hurry"", ""impatient"", ""irritate"", ""burn"", ""scorch"", ""singe""]",copied_linked_word_gloss;narrow_ko_vs_english,5,"N1:焦げ茶=짙은 갈색 | N2:焦点=초점 | N2:焦がす=타다, 태우다, 그슬리다 | N2:焦る=초조해하다 | N3:焦げる=(음식이)타다,눌러붙다",auto,Auto draft: KANJIDIC2 readings/radical; Korean meaning draft derived from local Korean word gloss or curated KANJIDIC English fallback.
P1,41,競,"[""경쟁하다""]","[""emulate"", ""compete with"", ""bid"", ""sell at auction"", ""bout"", ""contest"", ""race""]",copied_linked_word_gloss;narrow_ko_vs_english,6,N1:競い合う=경합하다 | N1:競争する=경쟁하다 | N2:競う=경쟁하다 | N2:競馬=경마 | N4:競争=경쟁,auto,Auto draft: KANJIDIC2 readings/radical; Korean meaning draft derived from local Korean word gloss or curated KANJIDIC English fallback.
P1,41,締,"[""바싹졸라메다""]","[""tighten"", ""tie"", ""shut"", ""lock"", ""fasten""]",copied_linked_word_gloss;narrow_ko_vs_english,6,"N1:取り締まり=단속, 감독 | N1:取り締まる=단속하다 | N1:戸締まり=문단속 | N2:締め切る=마감하다, 마감 짓다 | N3:締め切り=마감",auto,Auto draft: KANJIDIC2 readings/radical; Korean meaning draft derived from local Korean word gloss or curated KANJIDIC English fallback.
P1,41,触,"[""만지다""]","[""contact"", ""touch"", ""feel"", ""hit"", ""proclaim"", ""announce"", ""conflict""]",copied_linked_word_gloss;narrow_ko_vs_english,5,N1:接触=접촉 | N1:触発=촉발 | N1:感触=감촉 | N3:触れる=<타동사>만지다 | N4:触る=만지다,auto,Auto draft: KANJIDIC2 readings/radical; Korean meaning draft derived from local Korean word gloss or curated KANJIDIC English fallback.
P1,41,誘,"[""권유하다""]","[""entice"", ""lead"", ""tempt"", ""invite"", ""ask"", ""call for"", ""seduce"", ""allure""]",copied_linked_word_gloss;narrow_ko_vs_english,5,"N1:誘導=유도, 이끎 | N1:誘致=유치 | N1:誘惑=유혹 | N2:勧誘=권유 | N2:誘う=권유하다",auto,Auto draft: KANJIDIC2 readings/radical; Korean meaning draft derived from local Korean word gloss or curated KANJIDIC English fallback.
P1,41,踏,"[""밟다""]","[""step"", ""trample"", ""carry through"", ""appraise"", ""evade payment""]",copied_linked_word_gloss;narrow_ko_vs_english,6,"N1:踏襲=답습 | N1:雑踏=혼잡 | N1:踏襲する=답습하다 | N2:踏み出す=내딛다,착수하다 | N2:踏む=밟다",auto,Auto draft: KANJIDIC2 readings/radical; Korean meaning draft derived from local Korean word gloss or curated KANJIDIC English fallback.
P1,41,険,"[""험하다""]","[""precipitous"", ""inaccessible place"", ""impregnable position"", ""steep place"", ""sharp eyes""]",copied_linked_word_gloss;narrow_ko_vs_english,5,N1:保険=보험 | N2:険しい=험하다 | N2:危険だ=위험하다 | N3:冒険=모험 | N4:危険=위험,auto,Auto draft: KANJIDIC2 readings/radical; Korean meaning draft derived from local Korean word gloss or curated KANJIDIC English fallback.
P1,40,分,"[""알다"", ""이해하다""]","[""part"", ""minute of time"", ""segment"", ""share"", ""degree"", ""one's lot"", ""duty"", ""understand"", ""know"", ""rate"", ""1%"", ""chances"", ""shaku/100""]",copied_linked_word_gloss,43,"N1:分配=분배 | N1:取り分け=특히 | N1:手分けする=분담하다 | N1:分子=분자, 분자(수학) | N1:手分け=분담",auto,Auto draft: KANJIDIC2 readings/radical; Korean meaning draft derived from local Korean word gloss or curated KANJIDIC English fallback.
P1,40,切,"[""자르다""]","[""cut"", ""cutoff"", ""be sharp""]",copied_linked_word_gloss,28,"N1:一切=일체, 전부; 일절 | N1:区切り=단락, 매듭 | N1:切り出す=말을꺼내다 | N1:押し切る=강행하다, 밀어붙이다 | N1:切実=절실함",auto,Auto draft: KANJIDIC2 readings/radical; Korean meaning draft derived from local Korean word gloss or curated KANJIDIC English fallback.
P1,40,勇,"[""용기""]","[""courage"", ""cheer up"", ""be in high spirits"", ""bravery"", ""heroism""]",copied_linked_word_gloss;narrow_ko_vs_english,4,"N1:勇敢に=용감하게 | N1:勇敢=용감함 | N2:勇ましい=용감하다, 씩씩하다 | N3:勇気=용기",auto,Auto draft: KANJIDIC2 readings/radical; Korean meaning draft derived from local Korean word gloss or curated KANJIDIC English fallback.
P1,40,動,"[""움직이다"", ""작동하다""]","[""move"", ""motion"", ""change"", ""confusion"", ""shift"", ""shake""]",copied_linked_word_gloss,28,"N1:変動=변동 | N1:動向=동향 | N1:動力=동력 | N1:動機=동기, 장려책 | N1:振動=진동",auto,Auto draft: KANJIDIC2 readings/radical; Korean meaning draft derived from local Korean word gloss or curated KANJIDIC English fallback.
P1,40,占,"[""점치다""]","[""fortune-telling"", ""divining"", ""forecasting"", ""occupy"", ""hold"", ""have"", ""get"", ""take""]",copied_linked_word_gloss;narrow_ko_vs_english,4,"N1:独占=독점 | N1:占領=점령 | N2:占う=점치다 | N3:占める=차지하다, 점하다",auto,Auto draft: KANJIDIC2 readings/radical; Korean meaning draft derived from local Korean word gloss or curated KANJIDIC English fallback.
P1,40,厚,"[""두껍다""]","[""thick"", ""heavy"", ""rich"", ""kind"", ""cordial"", ""brazen"", ""shameless""]",copied_linked_word_gloss;narrow_ko_vs_english,4,"N1:分厚い=두툼하다,두껍다 | N1:手厚い=극진하다, 융숭하다 | N2:厚かましい=뻔뻔한 | N3:厚い=두껍다",auto,Auto draft: KANJIDIC2 readings/radical; Korean meaning draft derived from local Korean word gloss or curated KANJIDIC English fallback.
P1,40,取,"[""잡다"", ""빼앗다"", ""집다""]","[""take"", ""fetch"", ""take up""]",copied_linked_word_gloss,32,"N1:取材=취재 | N1:取り寄せる=주문해서 받다, 가져오게 하다 | N1:取引=거래 | N1:取り分け=특히 | N1:取り混ぜる=뒤섞다",auto,Auto draft: KANJIDIC2 readings/radical; Korean meaning draft derived from local Korean word gloss or curated KANJIDIC English fallback.
P1,40,合,"[""맞다"", ""어울리다""]","[""fit"", ""suit"", ""join"", ""0.1""]",copied_linked_word_gloss,51,"N1:合唱=합창 | N1:合併=합병 | N1:合致=합치,일치 | N1:見合い=맞선 | N1:待ち合わせ=(약속하여) 만남",auto,Auto draft: KANJIDIC2 readings/radical; Korean meaning draft derived from local Korean word gloss or curated KANJIDIC English fallback.
P1,40,大,"[""큰""]","[""large"", ""big""]",copied_linked_word_gloss,69,"N1:大幅に=대폭적으로 | N1:大方=대체로, 대부분 | N1:大水=큰물, 홍수 | N1:大胆=대담 | N1:大柄=큰 체격; 큰 무늬",auto,Auto draft: KANJIDIC2 readings/radical; Korean meaning draft derived from local Korean word gloss or curated KANJIDIC English fallback.
P1,40,定,"[""결정하다""]","[""determine"", ""fix"", ""establish"", ""decide""]",copied_linked_word_gloss,36,"N1:未定=미정 | N1:案の定=역시,예상대로 | N1:固定=고정 | N1:定年=정년 | N1:定食=정식(定食)",auto,Auto draft: KANJIDIC2 readings/radical; Korean meaning draft derived from local Korean word gloss or curated KANJIDIC English fallback.
P1,40,度,"[""자주"", ""여러 번""]","[""degrees"", ""occurrence"", ""time"", ""counter for occurrences"", ""consider"", ""attitude""]",copied_linked_word_gloss,28,"N1:密度=밀도 | N1:進度=진도 | N1:尺度=척도, 기준 | N1:何度も=몇 번이고 | N1:度忘れ=깜빡 잊음",auto,Auto draft: KANJIDIC2 readings/radical; Korean meaning draft derived from local Korean word gloss or curated KANJIDIC English fallback.
P1,40,当,"[""기대"", ""목표"", ""의지할 곳""]","[""hit"", ""right"", ""appropriate"", ""himself""]",copied_linked_word_gloss,28,"N1:当面=당면,당분간 | N1:該当=해당 | N1:不当=부당함 | N1:心当たり=짐작가는 데, 마음 짚이는 곳 | N1:該当する=해당하다",auto,Auto draft: KANJIDIC2 readings/radical; Korean meaning draft derived from local Korean word gloss or curated KANJIDIC English fallback.
P1,40,悩,"[""고민하다""]","[""trouble"", ""worry"", ""in pain"", ""distress"", ""illness""]",copied_linked_word_gloss;narrow_ko_vs_english,4,"N1:悩み=고민, 고뇌 | N1:悩ます=귀찮게 하다 | N1:悩ましい=괴롭다, 고민스럽다; 관능적이다 | N2:悩む=고민하다",auto,Auto draft: KANJIDIC2 readings/radical; Korean meaning draft derived from local Korean word gloss or curated KANJIDIC English fallback.
P1,40,払,"[""지불하다""]","[""pay"", ""clear out"", ""prune"", ""banish"", ""dispose of""]",copied_linked_word_gloss;narrow_ko_vs_english,4,N1:払拭=불식 | N2:払い戻す=환불하다 | N2:酔っ払い=술 취한 사람 | N3:払う=지불하다,auto,Auto draft: KANJIDIC2 readings/radical; Korean meaning draft derived from local Korean word gloss or curated KANJIDIC English fallback.
P1,40,明,"[""명백함"", ""분명함""]","[""bright"", ""light""]",copied_linked_word_gloss,30,"N1:明暗=명암 | N1:明かす=밝히다,털어놓다 | N1:克明に=극명하게 | N1:賢明=현명함 | N1:究明=규명,밝혀냄",auto,Auto draft: KANJIDIC2 readings/radical; Korean meaning draft derived from local Korean word gloss or curated KANJIDIC English fallback.
P1,40,沈,"[""가라앉다""]","[""sink"", ""be submerged"", ""subside"", ""be depressed"", ""aloes""]",copied_linked_word_gloss;narrow_ko_vs_english,4,N1:沈黙=침묵 | N1:沈没=침몰 | N1:沈下=침하 | N3:沈む=가라앉다,auto,Auto draft: KANJIDIC2 readings/radical; Korean meaning draft derived from local Korean word gloss or curated KANJIDIC English fallback.
P1,40,潜,"[""잠수하다""]","[""submerge"", ""conceal"", ""hide"", ""lower (voice)"", ""hush""]",copied_linked_word_gloss;narrow_ko_vs_english,4,N1:潜伏=잠복 | N1:潜水=잠수 | N1:潜入=잠입 | N2:潜る=잠수하다,auto,Auto draft: KANJIDIC2 readings/radical; Korean meaning draft derived from local Korean word gloss or curated KANJIDIC English fallback.
P1,40,疎,"[""소홀한""]","[""alienate"", ""rough"", ""neglect"", ""shun"", ""sparse"", ""penetrate""]",copied_linked_word_gloss;narrow_ko_vs_english,4,"N1:疎らだ=드문드문 있다, 듬성듬성하다 | N1:疎かな=소홀한 | N1:過疎=과소,지나치게드묾 | N1:疎かに=소홀하게",auto,Auto draft: KANJIDIC2 readings/radical; Korean meaning draft derived from local Korean word gloss or curated KANJIDIC English fallback.
P1,40,立,"[""세우다""]","[""stand up"", ""rise"", ""set up"", ""erect""]",copied_linked_word_gloss,29,"N1:公立=공립 | N1:確立=확립 | N1:設立=설립 | N1:献立=식단,메뉴 | N1:中立=중립",auto,Auto draft: KANJIDIC2 readings/radical; Korean meaning draft derived from local Korean word gloss or curated KANJIDIC English fallback.
P1,40,納,"[""납입하다""]","[""settlement"", ""obtain"", ""reap"", ""pay"", ""supply"", ""store""]",copied_linked_word_gloss;narrow_ko_vs_english,4,"N1:納まる=수습되다, 납입되다 | N1:納入=지불, 공급 | N2:納める=납입하다 | N2:納得する=납득하다",auto,Auto draft: KANJIDIC2 readings/radical; Korean meaning draft derived from local Korean word gloss or curated KANJIDIC English fallback.
P1,40,自,"[""스스로"", ""몸소""]","[""oneself""]",copied_linked_word_gloss,30,"N1:自尊心=자존심 | N1:自然に=자연히 | N1:自在=자유자재 | N1:自主=자율 | N1:自ずから=저절로, 자연히",auto,Auto draft: KANJIDIC2 readings/radical; Korean meaning draft derived from local Korean word gloss or curated KANJIDIC English fallback.
P1,39,付,"[""붙다"", ""달리다""]","[""adhere"", ""attach"", ""refer to"", ""append""]",copied_linked_word_gloss,23,"N1:傷付く=상처받다, 다치다 | N1:交付=교부 | N1:付録=부록 | N1:添付=첨부 | N1:名付ける=이름 짓다, 명명하다",auto,Auto draft: KANJIDIC2 readings/radical; Korean meaning draft derived from local Korean word gloss or curated KANJIDIC English fallback.
P1,39,偶,"[""우연히""]","[""accidentally"", ""even number"", ""couple"", ""man & wife"", ""same kind""]",copied_linked_word_gloss;narrow_ko_vs_english,3,N1:配偶者=배우자 | N2:偶然=우연히 | N2:偶数=짝수,auto,Auto draft: KANJIDIC2 readings/radical; Korean meaning draft derived from local Korean word gloss or curated KANJIDIC English fallback.
P1,39,偽,"[""허위""]","[""falsehood"", ""lie"", ""deceive"", ""pretend"", ""counterfeit"", ""forgery""]",copied_linked_word_gloss;narrow_ko_vs_english,3,"N1:偽り=허위 | N1:偽物=가짜, 모조품 | N1:偽造=위조",auto,Auto draft: KANJIDIC2 readings/radical; Korean meaning draft derived from local Korean word gloss or curated KANJIDIC English fallback.
P1,39,囲,"[""둘러싸다""]","[""surround"", ""besiege"", ""store"", ""paling"", ""enclosure"", ""encircle"", ""preserve"", ""keep""]",copied_linked_word_gloss;narrow_ko_vs_english,3,"N2:範囲=범위 | N3:囲む=둘러싸다 | N3:周囲=주위, 둘레",auto,Auto draft: KANJIDIC2 readings/radical; Korean meaning draft derived from local Korean word gloss or curated KANJIDIC English fallback.
P1,39,廃,"[""쇠퇴하다""]","[""abolish"", ""obsolete"", ""cessation"", ""discarding"", ""abandon""]",copied_linked_word_gloss;narrow_ko_vs_english,3,N1:廃棄=폐기 | N1:廃れる=쇠퇴하다 | N1:廃止=폐지,auto,Auto draft: KANJIDIC2 readings/radical; Korean meaning draft derived from local Korean word gloss or curated KANJIDIC English fallback.
P1,39,強,"[""강하다"", ""세다""]","[""strong""]",copied_linked_word_gloss,24,"N1:強烈=강렬함 | N1:強硬=강경함 | N1:強いる=강요하다, 강제하다 | N1:強硬に=강경하게 | N1:増強=증강",auto,Auto draft: KANJIDIC2 readings/radical; Korean meaning draft derived from local Korean word gloss or curated KANJIDIC English fallback.
P1,39,感,"[""느낌"", ""인상""]","[""emotion"", ""feeling"", ""sensation""]",copied_linked_word_gloss,23,N1:鈍感=둔감 | N1:同感=동감 | N1:感染=감염 | N1:痛感=통감 | N1:嫌悪感=혐오감,auto,Auto draft: KANJIDIC2 readings/radical; Korean meaning draft derived from local Korean word gloss or curated KANJIDIC English fallback.
P1,39,揺,"[""흔들리다""]","[""swing"", ""shake"", ""sway"", ""rock"", ""tremble"", ""vibrate""]",copied_linked_word_gloss;narrow_ko_vs_english,3,N1:揺らぐ=흔들리다 | N1:揺るがす=뒤흔들다 | N3:揺れる=흔들리다,auto,Auto draft: KANJIDIC2 readings/radical; Korean meaning draft derived from local Korean word gloss or curated KANJIDIC English fallback.
P1,39,棒,"[""막대기""]","[""rod"", ""stick"", ""cane"", ""pole"", ""club"", ""line""]",single_compound_evidence;narrow_ko_vs_english,1,N4:泥棒=도둑,auto,Auto draft: KANJIDIC2 readings/radical; Korean meaning draft derived from local Korean word gloss or curated KANJIDIC English fallback.
P1,39,棚,"[""선반""]","[""shelf"", ""ledge"", ""rack"", ""mount"", ""mantle"", ""trellis""]",single_compound_evidence;narrow_ko_vs_english,1,"N2:戸棚=찬장, 수납장",auto,Auto draft: KANJIDIC2 readings/radical; Korean meaning draft derived from local Korean word gloss or curated KANJIDIC English fallback.
P1,39,沸,"[""끓다""]","[""seethe"", ""boil"", ""ferment"", ""uproar"", ""breed""]",copied_linked_word_gloss;narrow_ko_vs_english,3,"N3:沸騰=비등,물이끓음 | N4:沸かす=(물을) 끓이다 | N4:沸く=끓다",auto,Auto draft: KANJIDIC2 readings/radical; Korean meaning draft derived from local Korean word gloss or curated KANJIDIC English fallback.
P1,39,渡,"[""건네다""]","[""transit"", ""ford"", ""ferry"", ""cross"", ""import"", ""deliver"", ""diameter"", ""migrate""]",copied_linked_word_gloss;narrow_ko_vs_english,3,"N2:渡る=건너다 | N2:引き渡す=넘겨주다,인도하다 | N3:渡す=건네다",auto,Auto draft: KANJIDIC2 readings/radical; Korean meaning draft derived from local Korean word gloss or curated KANJIDIC English fallback.
P1,39,理,"[""이치"", ""논리"", ""이유""]","[""logic"", ""arrangement"", ""reason"", ""justice"", ""truth""]",copied_linked_word_gloss,24,"N1:論理=논리 | N1:推理=추리 | N1:調理=조리 | N1:理性=이성, 분별 | N1:義理=의리, 의무",auto,Auto draft: KANJIDIC2 readings/radical; Korean meaning draft derived from local Korean word gloss or curated KANJIDIC English fallback.
P1,39,至,"[""이르다""]","[""climax"", ""arrive"", ""proceed"", ""reach"", ""attain"", ""result in""]",copied_linked_word_gloss;narrow_ko_vs_english,3,"N1:至って=지극히 | N1:乃至=내지, 또는 | N2:至る=이르다",auto,Auto draft: KANJIDIC2 readings/radical; Korean meaning draft derived from local Korean word gloss or curated KANJIDIC English fallback.
P1,39,解,"[""풀다"", ""끄르다""]","[""unravel"", ""notes"", ""key"", ""explanation"", ""understanding"", ""untie"", ""undo"", ""solve"", ""answer"", ""cancel"", ""absolve"", ""explain"", ""minute""]",copied_linked_word_gloss,23,N1:解除=해제 | N1:解剖=해부 | N1:解約=해약 | N1:弁解する=변명하다 | N1:解明=해명,auto,Auto draft: KANJIDIC2 readings/radical; Korean meaning draft derived from local Korean word gloss or curated KANJIDIC English fallback.
P1,39,言,"[""말하다""]","[""say"", ""word""]",copied_linked_word_gloss,23,"N1:助言=조언 | N1:言い張る=우겨대다,주장하다 | N1:言及=언급 | N1:発言=발언 | N1:無言=무언, 침묵",auto,Auto draft: KANJIDIC2 readings/radical; Korean meaning draft derived from local Korean word gloss or curated KANJIDIC English fallback.
P1,39,討,"[""공격하다""]","[""chastise"", ""attack"", ""defeat"", ""destroy"", ""conquer""]",copied_linked_word_gloss;narrow_ko_vs_english,3,"N1:討論=논의, 토론 | N1:検討=검토 | N3:討つ=공격하다",auto,Auto draft: KANJIDIC2 readings/radical; Korean meaning draft derived from local Korean word gloss or curated KANJIDIC English fallback.
P1,39,調,"[""조사"", ""검사"", ""점검""]","[""tune"", ""tone"", ""meter"", ""key (music)"", ""writing style"", ""prepare"", ""exorcise"", ""investigate"", ""harmonize"", ""mediate""]",copied_linked_word_gloss,22,"N1:同調=동조 | N1:単調=단조 | N1:調停=중재 | N1:調達する=조달하다 | N1:取り調べる=조사하다, 검사하다",auto,Auto draft: KANJIDIC2 readings/radical; Korean meaning draft derived from local Korean word gloss or curated KANJIDIC English fallback.
P1,39,込,"[""붐비다"", ""혼잡하다""]","[""crowded"", ""mixture"", ""in bulk"", ""included"", ""(kokuji)""]",copied_linked_word_gloss,26,"N1:埋め込む=묻어 넣다, 삽입하다 | N1:抱え込む=끌어안다, 떠맡다 | N1:飲み込む=삼키다, 이해하다 | N1:見込み=예상,전망 | N1:押し込む=밀어 넣다",auto,Auto draft: KANJIDIC2 readings/radical; Korean meaning draft derived from local Korean word gloss or curated KANJIDIC English fallback.
P1,39,長,"[""길다""]","[""long"", ""leader"", ""superior"", ""senior""]",copied_linked_word_gloss,23,"N1:年長=연장, 나이가 많음 | N1:長々=길게, 장황하게 | N1:助長=조장 | N1:長官=장관 | N1:長編=긴(소설 필름, 영화)",auto,Auto draft: KANJIDIC2 readings/radical; Korean meaning draft derived from local Korean word gloss or curated KANJIDIC English fallback.
P1,38,交,"[""교환하다""]","[""mingle"", ""mixing"", ""association"", ""coming & going""]",copied_linked_word_gloss,21,"N1:交錯=뒤섞여 엇갈림, 교차 | N1:交錯する=뒤섞여 엇갈리다, 교차하다 | N1:社交=사교 | N1:交渉=협상 | N1:交わす=교환하다",auto,Auto draft: KANJIDIC2 readings/radical; Korean meaning draft derived from local Korean word gloss or curated KANJIDIC English fallback.
P1,38,代,"[""대신"", ""대체""]","[""substitute"", ""change"", ""convert"", ""replace"", ""period"", ""age"", ""counter for decades of ages, eras, etc."", ""generation"", ""charge"", ""rate"", ""fee""]",copied_linked_word_gloss,19,"N1:世代=세대 | N1:代弁=대신 말함, 대변 | N1:代用=대용 | N1:先代=선대, 전대 | N1:古代=고대",auto,Auto draft: KANJIDIC2 readings/radical; Korean meaning draft derived from local Korean word gloss or curated KANJIDIC English fallback.
P1,38,休,"[""쉬다""]","[""rest"", ""day off"", ""retire"", ""sleep""]",copied_linked_word_gloss,17,"N1:産休=출산 휴가 | N1:休める=쉬게 하다, 휴식하다 | N1:休戦=휴전 | N2:お休み=휴일, 잘 자요 | N2:休講=휴강",auto,Auto draft: KANJIDIC2 readings/radical; Korean meaning draft derived from local Korean word gloss or curated KANJIDIC English fallback.
P1,38,匂,"[""냄새""]","[""fragrant"", ""stink"", ""glow"", ""insinuate"", ""(kokuji)""]",copied_linked_word_gloss;narrow_ko_vs_english,2,"N2:匂う=냄새나다, 향기롭다 | N4:匂い=냄새",auto,Auto draft: KANJIDIC2 readings/radical; Korean meaning draft derived from local Korean word gloss or curated KANJIDIC English fallback.
P1,38,卑,"[""저속한""]","[""lowly"", ""base"", ""vile"", ""vulgar"", ""despise""]",copied_linked_word_gloss;narrow_ko_vs_english,2,"N1:卑しい=저속한 | N2:卑怯=비겁함, 비열함",auto,Auto draft: KANJIDIC2 readings/radical; Korean meaning draft derived from local Korean word gloss or curated KANJIDIC English fallback.
P1,38,却,"[""오히려""]","[""instead"", ""on the contrary"", ""rather"", ""step back"", ""withdraw"", ""retreat""]",copied_linked_word_gloss;narrow_ko_vs_english,2,N1:却下する=각하하다 | N2:却って=오히려,auto,Auto draft: KANJIDIC2 readings/radical; Korean meaning draft derived from local Korean word gloss or curated KANJIDIC English fallback.
P1,38,同,"[""같음"", ""동일함""]","[""same"", ""agree"", ""equal""]",copied_linked_word_gloss,17,"N1:同調=동조 | N1:同伴=동반 | N1:同感=동감 | N1:一同=일동, 모두 | N1:同意=합의, 동의, 같은 의미",auto,Auto draft: KANJIDIC2 readings/radical; Korean meaning draft derived from local Korean word gloss or curated KANJIDIC English fallback.
P1,38,含,"[""포함하다""]","[""contain"", ""include"", ""hold in the mouth"", ""bear in mind"", ""understand"", ""cherish""]",copied_linked_word_gloss;narrow_ko_vs_english,2,N2:含む=포함하다 | N3:含める=포함시키다,auto,Auto draft: KANJIDIC2 readings/radical; Korean meaning draft derived from local Korean word gloss or curated KANJIDIC English fallback.
P1,38,嘆,"[""한탄하다""]","[""sigh"", ""lament"", ""moan"", ""grieve"", ""sigh of admiration""]",copied_linked_word_gloss;narrow_ko_vs_english,2,"N1:驚嘆する=경탄하다, 놀라다 | N2:嘆く=한탄하다",auto,Auto draft: KANJIDIC2 readings/radical; Korean meaning draft derived from local Korean word gloss or curated KANJIDIC English fallback.
P1,38,悟,"[""깨닫다""]","[""enlightenment"", ""perceive"", ""discern"", ""realize"", ""understand""]",copied_linked_word_gloss;narrow_ko_vs_english,2,"N1:悟る=깨닫다 | N3:覚悟=각오, 마음의 준비",auto,Auto draft: KANJIDIC2 readings/radical; Korean meaning draft derived from local Korean word gloss or curated KANJIDIC English fallback.
P1,38,情,"[""동정"", ""공감""]","[""feelings"", ""emotion"", ""passion"", ""sympathy"", ""circumstances"", ""facts""]",copied_linked_word_gloss,17,"N1:情熱=열정, 열심, 열의 | N1:実情=실정,실제사정 | N1:心情=심정 | N1:情緒=정서, 감정 | N1:情勢=정세",auto,Auto draft: KANJIDIC2 readings/radical; Korean meaning draft derived from local Korean word gloss or curated KANJIDIC English fallback.
P1,38,所,"[""여기저기"", ""군데군데""]","[""place"", ""extent""]",copied_linked_word_gloss,19,"N1:所持=소지 | N1:所有=하나 소유, 소유권 | N1:所得=수입 | N1:所属=붙은, 첨부된 | N1:所在=소재",auto,Auto draft: KANJIDIC2 readings/radical; Korean meaning draft derived from local Korean word gloss or curated KANJIDIC English fallback.
P1,38,捨,"[""버리다""]","[""discard"", ""throw away"", ""abandon"", ""resign"", ""reject"", ""sacrifice""]",copied_linked_word_gloss;narrow_ko_vs_english,2,N2:四捨五入=반올림 | N4:捨てる=버리다,auto,Auto draft: KANJIDIC2 readings/radical; Korean meaning draft derived from local Korean word gloss or curated KANJIDIC English fallback.
P1,38,時,"[""때때로""]","[""time"", ""hour""]",copied_linked_word_gloss,17,"N1:時差=시차 | N1:時折=가끔 | N1:時刻表=시간표, 일정(기차, 전철) | N1:随時=수시로,그때그때 | N2:時速=시속",auto,Auto draft: KANJIDIC2 readings/radical; Korean meaning draft derived from local Korean word gloss or curated KANJIDIC English fallback.
P1,38,書,"[""쓰다"", ""적다""]","[""write""]",copied_linked_word_gloss,21,"N1:聖書=성서, 성경 | N1:著書=저서 | N1:文書=문서 | N1:箇条書き=항목별 작성, 개조식 | N1:原書=원서",auto,Auto draft: KANJIDIC2 readings/radical; Korean meaning draft derived from local Korean word gloss or curated KANJIDIC English fallback.
P1,38,有,"[""가지다"", ""보유하다""]","[""possess"", ""have"", ""exist"", ""happen"", ""occur"", ""approx""]",copied_linked_word_gloss,18,"N1:所有=하나 소유, 소유권 | N1:固有=고유 | N1:有望=유망 | N1:有益=유익 | N1:特有=특유",auto,Auto draft: KANJIDIC2 readings/radical; Korean meaning draft derived from local Korean word gloss or curated KANJIDIC English fallback.
P1,38,期,"[""기간"", ""시기""]","[""period"", ""time"", ""date"", ""term""]",copied_linked_word_gloss,17,"N1:周期=주기, 사이클, 기간, 시대 | N1:期日=기일, 정해진 날 | N1:画期的な=획기적인 | N1:末期=말기, 임종 | N1:期末=기말",auto,Auto draft: KANJIDIC2 readings/radical; Korean meaning draft derived from local Korean word gloss or curated KANJIDIC English fallback.
P1,38,止,"[""그치다"", ""멈추다""]","[""stop"", ""halt""]",copied_linked_word_gloss,20,"N1:阻止=저지 | N1:食い止める=저지하다,막다 | N1:静止=정지, 멈춰 있음 | N1:受け止める=받아내다, 받아들이다 | N1:突き止める=밝혀내다,알아내다",auto,Auto draft: KANJIDIC2 readings/radical; Korean meaning draft derived from local Korean word gloss or curated KANJIDIC English fallback.
P1,38,浅,"[""얕다""]","[""shallow"", ""superficial"", ""frivolous"", ""wretched"", ""shameful""]",copied_linked_word_gloss;narrow_ko_vs_english,2,"N1:浅ましい=비열하다, 한심하다 | N3:浅い=얕다",auto,Auto draft: KANJIDIC2 readings/radical; Korean meaning draft derived from local Korean word gloss or curated KANJIDIC English fallback.
P1,38,現,"[""표현"", ""표시"", ""징후""]","[""present"", ""existing"", ""actual""]",copied_linked_word_gloss,18,"N1:出現=출현 | N1:現像=현상(필름) | N1:現行=현행 | N1:現地=실제의 장소, 지역의 | N1:再現=재현",auto,Auto draft: KANJIDIC2 readings/radical; Korean meaning draft derived from local Korean word gloss or curated KANJIDIC English fallback.
P1,38,落,"[""떨어지다"", ""떨어뜨리다""]","[""fall"", ""drop"", ""come down"", ""village"", ""hamlet""]",copied_linked_word_gloss,17,"N1:転落=전락, 굴러떨어짐 | N1:引き落とす=당겨서떨어뜨리다,자동납부하다 | N1:落下=낙하, 떨어짐 | N1:落ち葉=낙엽 | N1:落ち込む=(기분이) 가라앉다, 침울해지다",auto,Auto draft: KANJIDIC2 readings/radical; Korean meaning draft derived from local Korean word gloss or curated KANJIDIC English fallback.
P1,38,論,"[""논하다""]","[""argument"", ""discourse""]",copied_linked_word_gloss,17,"N1:異論=이론(異論), 이견 | N1:論理=논리 | N1:討論=논의, 토론 | N1:言論=언론 | N1:世論=여론",auto,Auto draft: KANJIDIC2 readings/radical; Korean meaning draft derived from local Korean word gloss or curated KANJIDIC English fallback.
P1,38,贈,"[""선물하다""]","[""presents"", ""send"", ""give to"", ""award to"", ""confer on"", ""presenting something""]",copied_linked_word_gloss;narrow_ko_vs_english,2,N2:贈る=선물하다 | N4:贈り物=선물,auto,Auto draft: KANJIDIC2 readings/radical; Korean meaning draft derived from local Korean word gloss or curated KANJIDIC English fallback.
P1,38,進,"[""나아가다"", ""진보하다""]","[""advance"", ""proceed"", ""progress"", ""promote""]",copied_linked_word_gloss,18,"N1:進度=진도 | N1:進展=진전 | N1:進出=진출 | N1:進化=진행, 진보 | N1:促進=촉진",auto,Auto draft: KANJIDIC2 readings/radical; Korean meaning draft derived from local Korean word gloss or curated KANJIDIC English fallback.
P1,38,配,"[""나눠주다""]","[""distribute"", ""spouse"", ""exile"", ""rationing""]",copied_linked_word_gloss,18,"N1:配列=배열 | N1:分配=분배 | N1:配属=배속 | N1:気配=기미,기색 | N1:心配する=걱정하다",auto,Auto draft: KANJIDIC2 readings/radical; Korean meaning draft derived from local Korean word gloss or curated KANJIDIC English fallback.
P1,38,陥,"[""나쁜상황에빠지다""]","[""collapse"", ""fall into"", ""cave in"", ""fall (castle)"", ""slide into""]",copied_linked_word_gloss;narrow_ko_vs_english,2,N1:欠陥=결함 | N1:陥る=나쁜상황에빠지다,auto,Auto draft: KANJIDIC2 readings/radical; Korean meaning draft derived from local Korean word gloss or curated KANJIDIC English fallback.
P1,38,食,"[""먹다"", ""음식""]","[""eat"", ""food""]",copied_linked_word_gloss,21,"N1:食い止める=저지하다,막다 | N1:定食=정식(定食) | N1:給食=급식 | N1:主食=주식 | N1:食い込む=(다른 영역, 범위 등에)파고들다",auto,Manual format normalization 2026-08-18: 단어의 속어 주석을 제거하고 한자 기본 의미로 정리.
P1,38,鳴,"[""울리다""]","[""chirp"", ""cry"", ""bark"", ""sound"", ""ring"", ""echo"", ""honk""]",copied_linked_word_gloss;narrow_ko_vs_english,2,"N2:鳴る=울리다 | N3:怒鳴る=고함치다,호통치다",auto,Auto draft: KANJIDIC2 readings/radical; Korean meaning draft derived from local Korean word gloss or curated KANJIDIC English fallback.
P1,37,予,"[""미리""]","[""beforehand"", ""previous"", ""myself"", ""I""]",copied_linked_word_gloss,14,"N1:予感=예감 | N1:予言=예언 | N1:予め=미리 | N1:予断=예단,예측 | N2:予備=예비, 준비",auto,Auto draft: KANJIDIC2 readings/radical; Korean meaning draft derived from local Korean word gloss or curated KANJIDIC English fallback.
P1,37,仕,"[""섬기다"", ""모시다""]","[""attend"", ""doing"", ""official"", ""serve""]",copied_linked_word_gloss,15,"N1:仕方なく=어쩔 수 없이 | N1:仕える=섬기다, 모시다 | N1:仕業=짓, 소행 | N1:仕上がる=마무리되다,완성되다 | N1:仕組み=구조,원리",auto,Auto draft: KANJIDIC2 readings/radical; Korean meaning draft derived from local Korean word gloss or curated KANJIDIC English fallback.
P1,37,何,"[""무엇무엇""]","[""what""]",copied_linked_word_gloss,14,"N1:何度も=몇 번이고 | N1:何気ない=아무렇지 않은, 무심한 | N1:何だか=왠지, 어쩐지 | N1:何なり=무엇이든 | N1:何となく=왠지 모르게, 어쩐지",auto,Auto draft: KANJIDIC2 readings/radical; Korean meaning draft derived from local Korean word gloss or curated KANJIDIC English fallback.
P1,37,加,"[""더하다"", ""추가하다""]","[""add"", ""addition"", ""increase"", ""join"", ""include"", ""Canada""]",copied_linked_word_gloss,14,"N1:加工=가공 | N1:いい加減=적당함, 무책임함 | N1:加味する=가미하다 | N1:加入=가입 | N1:加工する=가공하다",auto,Auto draft: KANJIDIC2 readings/radical; Korean meaning draft derived from local Korean word gloss or curated KANJIDIC English fallback.
P1,37,収,"[""거두다"", ""넣다"", ""담다""]","[""income"", ""obtain"", ""reap"", ""pay"", ""supply"", ""store""]",copied_linked_word_gloss,16,N1:収益=수익 | N1:収穫=수확 | N1:没収=몰수 | N1:押収=압수 | N1:収容=수용,auto,Auto draft: KANJIDIC2 readings/radical; Korean meaning draft derived from local Korean word gloss or curated KANJIDIC English fallback.
P1,37,売,"[""팔다""]","[""sell""]",copied_linked_word_gloss,16,"N1:小売=소매 | N1:売り出し=판매 개시, 특매 | N1:売り出す=팔기 시작하다, 내놓다 | N2:売れ行き=팔림새, 매출 | N2:売り切れ=매진",auto,Auto draft: KANJIDIC2 readings/radical; Korean meaning draft derived from local Korean word gloss or curated KANJIDIC English fallback.
P1,37,好,"[""좋아함""]","[""fond"", ""pleasing"", ""like something""]",copied_linked_word_gloss,15,"N1:好況=호황 | N1:好意=호의, 친절 | N1:嗜好=맛, 호감, 취향 | N1:好調=호조, 순조로움 | N1:好ましい=좋은",auto,Auto draft: KANJIDIC2 readings/radical; Korean meaning draft derived from local Korean word gloss or curated KANJIDIC English fallback.
P1,37,届,"[""신고(서)""]","[""deliver"", ""reach"", ""arrive"", ""report"", ""notify"", ""forward""]",context_parentheses;narrow_ko_vs_english,4,"N1:行き届く=구석구석 빈틈없이 미치다 | N1:届=신고(서) | N3:届ける=보내다, 배달하다, (관청 등에) 신고하다 | N3:届く=닿다, 도착하다",auto,Auto draft: KANJIDIC2 readings/radical; Korean meaning draft derived from local Korean word gloss or curated KANJIDIC English fallback.
P1,37,平,"[""평평한""]","[""even"", ""flat"", ""peace""]",copied_linked_word_gloss,16,"N1:平行=평행 | N1:平常=평상, 평소 | N1:平方=제곱, 평방 | N2:平凡だ=평범하다 | N2:平気だ=태연하다,아무렇지않다",auto,Auto draft: KANJIDIC2 readings/radical; Korean meaning draft derived from local Korean word gloss or curated KANJIDIC English fallback.
P1,37,得,"[""얻다"", ""획득하다""]","[""gain"", ""get"", ""find"", ""earn"", ""acquire"", ""can"", ""may"", ""able to"", ""profit"", ""advantage"", ""benefit""]",copied_linked_word_gloss,14,"N1:獲得=획득 | N1:心得=지식, 정보 | N1:得点=득점, 점수 | N1:所得=수입 | N1:説得=설득",auto,Auto draft: KANJIDIC2 readings/radical; Korean meaning draft derived from local Korean word gloss or curated KANJIDIC English fallback.
P1,37,応,"[""응하다"", ""대응하다""]","[""apply"", ""answer"", ""yes"", ""OK"", ""reply"", ""accept""]",copied_linked_word_gloss,15,"N1:応急=응급 | N1:対応=대응 | N1:相応=걸맞음, 상응 | N1:順応=순응 | N1:適応=적응",auto,Auto draft: KANJIDIC2 readings/radical; Korean meaning draft derived from local Korean word gloss or curated KANJIDIC English fallback.
P1,37,思,"[""생각하다"", ""느끼다""]","[""think""]",copied_linked_word_gloss,15,"N1:思い返す=돌아보다 | N1:思い付き=착상, 즉흥적 생각 | N1:思考=생각 | N1:思い詰める=골몰하다 | N2:思わず=무심코",auto,Auto draft: KANJIDIC2 readings/radical; Korean meaning draft derived from local Korean word gloss or curated KANJIDIC English fallback.
P1,37,急,"[""갑자기""]","[""hurry"", ""emergency"", ""sudden"", ""steep""]",copied_linked_word_gloss,14,N1:早急=긴급한 | N1:応急=응급 | N1:緊急=긴급 | N1:早急=긴급한 | N1:急かす=재촉하다 <자동사>다가오다,auto,Auto draft: KANJIDIC2 readings/radical; Korean meaning draft derived from local Korean word gloss or curated KANJIDIC English fallback.
P1,37,教,"[""가르침""]","[""teach"", ""faith"", ""doctrine""]",copied_linked_word_gloss,14,N1:教訓=교훈 | N1:教材=교재 | N1:教科=교과 | N2:助教授=조교수 | N2:教養=교양,auto,Auto draft: KANJIDIC2 readings/radical; Korean meaning draft derived from local Korean word gloss or curated KANJIDIC English fallback.
P1,37,料,"[""요금"", ""재료""]","[""fee"", ""materials""]",copied_linked_word_gloss,15,"N1:燃料=연료 | N1:香辛料=향신료 | N2:送料=배송료, 송료 | N2:有料=유료 | N2:調味料=조미료",auto,Auto draft: KANJIDIC2 readings/radical; Korean meaning draft derived from local Korean word gloss or curated KANJIDIC English fallback.
P1,37,新,"[""새로운"", ""신선한""]","[""new""]",copied_linked_word_gloss,14,"N1:新築=신축 | N1:新人=신인, 신참 | N1:革新=혁신 | N1:新入生=신입생 | N1:新婚=신혼",auto,Auto draft: KANJIDIC2 readings/radical; Korean meaning draft derived from local Korean word gloss or curated KANJIDIC English fallback.
P1,37,流,"[""흐름""]","[""current"", ""a sink"", ""flow"", ""forfeit""]",copied_linked_word_gloss,14,"N1:海流=해류 | N1:流出=유출 | N1:流し=싱크대, 개수대 | N2:電流=전류 | N2:流石=역시, 과연",auto,Auto draft: KANJIDIC2 readings/radical; Korean meaning draft derived from local Korean word gloss or curated KANJIDIC English fallback.
P1,37,無,"[""없음"", ""무(無)""]","[""nothingness"", ""none"", ""ain't"", ""nothing"", ""nil"", ""not""]",context_parentheses,39,"N1:無償=무상,무료 | N1:無断=무단 | N1:無実=억울함,무고함 | N1:無言=무언, 침묵 | N1:無駄にする=낭비하다",auto,Auto draft: KANJIDIC2 readings/radical; Korean meaning draft derived from local Korean word gloss or curated KANJIDIC English fallback.
P1,37,特,"[""특히""]","[""special""]",copied_linked_word_gloss,16,N1:特派=특파 | N1:特許=특허 | N1:特権=특권 | N1:特技=특기 | N1:特産=특산,auto,Auto draft: KANJIDIC2 readings/radical; Korean meaning draft derived from local Korean word gloss or curated KANJIDIC English fallback.
P1,37,知,"[""알다""]","[""know"", ""wisdom""]",copied_linked_word_gloss,16,"N1:知性=지성 | N1:熟知=숙지 | N1:察知=감지,탐지 | N1:未知=미지(의) | N1:無知=무지",auto,Auto draft: KANJIDIC2 readings/radical; Korean meaning draft derived from local Korean word gloss or curated KANJIDIC English fallback.
P1,37,確,"[""확실함"", ""분명함"", ""아마""]","[""assurance"", ""firm"", ""tight"", ""hard"", ""solid"", ""confirm"", ""clear"", ""evident""]",copied_linked_word_gloss,16,N1:確立=확립 | N1:確保=확보 | N1:確定=확정 | N1:確信=확신 | N2:確率=확률,auto,Auto draft: KANJIDIC2 readings/radical; Korean meaning draft derived from local Korean word gloss or curated KANJIDIC English fallback.
P1,37,結,"[""잇다"", ""묶다"", ""맺다""]","[""tie"", ""bind"", ""contract"", ""join"", ""organize"", ""do up hair"", ""fasten""]",copied_linked_word_gloss,15,"N1:結び=맺음, 매듭; 결말 | N1:結末=결말 | N1:団結=단결 | N1:結晶=결정 | N1:完結=완결",auto,Auto draft: KANJIDIC2 readings/radical; Korean meaning draft derived from local Korean word gloss or curated KANJIDIC English fallback.
P1,37,転,"[""구르다"", ""넘어지다""]","[""revolve"", ""turn around"", ""change""]",copied_linked_word_gloss,14,"N1:転落=전락, 굴러떨어짐 | N1:転換=전환 | N1:転勤=전근 | N1:逆転=역전 | N2:回転=회전, 돌다, 돌리다",auto,Auto draft: KANJIDIC2 readings/radical; Korean meaning draft derived from local Korean word gloss or curated KANJIDIC English fallback.
P1,37,返,"[""되돌려주다""]","[""return"", ""answer"", ""fade"", ""repay""]",copied_linked_word_gloss,16,"N1:思い返す=돌아보다 | N1:折り返す=접어 되돌리다, 되접다 | N1:照り返す=반사하다, 되비치다 | N1:返還=반환, 돌려줌 | N1:返答=대답, 응답",auto,Auto draft: KANJIDIC2 readings/radical; Korean meaning draft derived from local Korean word gloss or curated KANJIDIC English fallback.
P1,37,連,"[""일행"", ""동행""]","[""take along"", ""lead"", ""join"", ""connect"", ""party"", ""gang"", ""clique""]",copied_linked_word_gloss,16,"N1:連帯=연대 | N1:連中=패거리, 무리 | N1:連邦=연방 | N1:一連=일련 | N1:連盟=연맹",auto,Auto draft: KANJIDIC2 readings/radical; Korean meaning draft derived from local Korean word gloss or curated KANJIDIC English fallback.
P1,37,過,"[""잘못"", ""실수""]","[""overdo"", ""exceed"", ""go beyond"", ""error""]",copied_linked_word_gloss,15,"N1:過労=긴장, 부담 | N1:経過=경과 | N1:過密=과밀 | N1:過ち=잘못, 실수 | N1:過疎=과소,지나치게드묾",auto,Auto draft: KANJIDIC2 readings/radical; Korean meaning draft derived from local Korean word gloss or curated KANJIDIC English fallback.
P1,37,関,"[""관련되다"", ""관여하다""]","[""connection"", ""barrier"", ""gateway"", ""involve"", ""concerning""]",copied_linked_word_gloss,14,"N1:関税=관세 | N1:関与=관여 | N1:にも関わらず=~에도 불구하고 | N2:関わる=관련되다,관여하다 | N2:関西=간사이",auto,Auto draft: KANJIDIC2 readings/radical; Korean meaning draft derived from local Korean word gloss or curated KANJIDIC English fallback.
P1,37,電,"[""전기""]","[""electricity""]",copied_linked_word_gloss,14,"N1:電源=전원 | N2:電流=전류 | N2:発電=발전(전기 생산) | N2:電波=전파 | N2:電池=전지, 배터리",auto,Auto draft: KANJIDIC2 readings/radical; Korean meaning draft derived from local Korean word gloss or curated KANJIDIC English fallback.
P1,36,世,"[""세상"", ""세대""]","[""generation"", ""world"", ""society"", ""public""]",copied_linked_word_gloss,13,"N1:お世辞=아첨, 입에 발린 말 | N1:世代=세대 | N1:世論=여론 | N1:出世=출세 | N1:世論=여론",auto,Auto draft: KANJIDIC2 readings/radical; Korean meaning draft derived from local Korean word gloss or curated KANJIDIC English fallback.
P1,36,伝,"[""전하다"", ""전달하다""]","[""transmit"", ""go along"", ""walk along"", ""follow"", ""report"", ""communicate"", ""legend"", ""tradition""]",copied_linked_word_gloss,12,"N1:伝達=전달 | N1:伝説=전설 | N2:伝染する=전염되다 | N2:伝記=전기(傳記), 일대기 | N2:お手伝いさん=가정부, 도우미",auto,Auto draft: KANJIDIC2 readings/radical; Korean meaning draft derived from local Korean word gloss or curated KANJIDIC English fallback.
P1,36,便,"[""소식"", ""편지""]","[""convenience"", ""facility"", ""excrement"", ""feces"", ""letter"", ""chance""]",copied_linked_word_gloss,11,"N1:便宜=편의 | N1:大便=대변, 똥 | N2:便箋=편지지 | N2:便所=화장실 | N2:船便=선편(배편)",auto,Auto draft: KANJIDIC2 readings/radical; Korean meaning draft derived from local Korean word gloss or curated KANJIDIC English fallback.
P1,36,保,"[""유지하다"", ""보존하다""]","[""protect"", ""guarantee"", ""keep"", ""preserve"", ""sustain"", ""support""]",copied_linked_word_gloss,11,N1:保管=보관 | N1:確保=확보 | N1:保険=보험 | N1:保守=보수적인 | N1:保育=보육,auto,Auto draft: KANJIDIC2 readings/radical; Korean meaning draft derived from local Korean word gloss or curated KANJIDIC English fallback.
P1,36,信,"[""믿다""]","[""faith"", ""truth"", ""fidelity"", ""trust""]",copied_linked_word_gloss,11,N1:信者=신자 | N1:確信=확신 | N2:信頼=신뢰 | N2:迷信=미신 | N2:信ずる=믿다,auto,Auto draft: KANJIDIC2 readings/radical; Korean meaning draft derived from local Korean word gloss or curated KANJIDIC English fallback.
P1,36,備,"[""준비하다"", ""구비하다""]","[""equip"", ""provision"", ""preparation""]",copied_linked_word_gloss,11,"N1:備わる=갖추어지다 | N1:装備=장비 | N1:守備=수비 | N1:備え付ける=설치하다 | N1:不備=미비,불충분함",auto,Auto draft: KANJIDIC2 readings/radical; Korean meaning draft derived from local Korean word gloss or curated KANJIDIC English fallback.
P1,36,利,"[""이익"", ""유리함""]","[""profit"", ""advantage"", ""benefit""]",copied_linked_word_gloss,13,"N1:砂利=자갈 | N1:勝利=승리, 이기다 | N1:利子=이자 | N2:利害=이해관계, 득실 | N2:利益=이익",auto,Auto draft: KANJIDIC2 readings/radical; Korean meaning draft derived from local Korean word gloss or curated KANJIDIC English fallback.
P1,36,務,"[""임무"", ""직무""]","[""task"", ""duties""]",copied_linked_word_gloss,12,N1:勤務=근무 | N1:債務=채무 | N1:任務=임무 | N1:税務署=세무서 | N1:業務=업무,auto,Auto draft: KANJIDIC2 readings/radical; Korean meaning draft derived from local Korean word gloss or curated KANJIDIC English fallback.
P1,36,勝,"[""이기다""]","[""victory"", ""win"", ""prevail"", ""excel""]",copied_linked_word_gloss,11,"N1:勝手=제멋대로임; 부엌 | N1:勝る=뛰어나다, 능가하다 | N1:決勝=결승 | N1:勝利=승리, 이기다 | N2:勝敗=승패",auto,Auto draft: KANJIDIC2 readings/radical; Korean meaning draft derived from local Korean word gloss or curated KANJIDIC English fallback.
P1,36,単,"[""단지""]","[""simple"", ""one"", ""single"", ""merely""]",copied_linked_word_gloss,12,N1:単調=단조 | N1:単一=단일 | N1:単独=단독 | N2:単数=단수 | N2:単なる=단순한,auto,Auto draft: KANJIDIC2 readings/radical; Korean meaning draft derived from local Korean word gloss or curated KANJIDIC English fallback.
P1,36,和,"[""화기애애함"", ""부드러움""]","[""harmony"", ""Japanese style"", ""peace"", ""soften"", ""Japan""]",copied_linked_word_gloss,13,"N1:緩和=완화 | N1:共和=공화 | N1:飽和=포화 | N1:温和=온화함, 온순함 | N1:和やか=화기애애함, 부드러움",auto,Auto draft: KANJIDIC2 readings/radical; Korean meaning draft derived from local Korean word gloss or curated KANJIDIC English fallback.
P1,36,失,"[""잃어버리다"", ""놓치다""]","[""lose"", ""error"", ""fault"", ""disadvantage"", ""loss""]",copied_linked_word_gloss,13,"N1:見失う=시야에서놓치다 | N1:紛失=분실 | N1:失敗する=실패하다, 실수하다 | N1:失格=실격 | N1:失脚=실각",auto,Auto draft: KANJIDIC2 readings/radical; Korean meaning draft derived from local Korean word gloss or curated KANJIDIC English fallback.
P1,36,害,"[""해치다"", ""상하게 하다""]","[""harm"", ""injury""]",copied_linked_word_gloss,11,"N1:災害=재난, 불운 | N1:危害=위해, 해 | N1:妨害=방해 | N1:迫害=박해 | N1:妨害する=방해하다",auto,Auto draft: KANJIDIC2 readings/radical; Korean meaning draft derived from local Korean word gloss or curated KANJIDIC English fallback.
P1,36,密,"[""은밀한""]","[""secrecy"", ""density (pop)"", ""minuteness"", ""carefulness""]",copied_linked_word_gloss,11,N1:密度=밀도 | N1:密かな=은밀한 | N1:密集=밀집 | N1:密接=밀접함 | N1:過密=과밀,auto,Auto draft: KANJIDIC2 readings/radical; Korean meaning draft derived from local Korean word gloss or curated KANJIDIC English fallback.
P1,36,少,"[""조금"", ""약간""]","[""few"", ""little""]",copied_linked_word_gloss,12,N1:少ない=적다 | N2:少なくとも=적어도 | N2:青少年=청소년 | N3:少なくなる=적어지다 | N3:少女=소녀,auto,Auto draft: KANJIDIC2 readings/radical; Korean meaning draft derived from local Korean word gloss or curated KANJIDIC English fallback.
P1,36,待,"[""기다리다""]","[""wait"", ""depend on""]",copied_linked_word_gloss,11,"N1:待ち合わせ=(약속하여) 만남 | N1:待望=대망, 고대함 | N1:待遇=대우, 처우 | N1:待ち遠しい=몹시 기다려지다 | N2:お待たせしました=오래 기다리셨습니다, 기다리게 해서 죄송합니다",auto,Auto draft: KANJIDIC2 readings/radical; Korean meaning draft derived from local Korean word gloss or curated KANJIDIC English fallback.
P1,36,持,"[""가지다"", ""들다""]","[""hold"", ""have""]",copied_linked_word_gloss,11,"N1:所持=소지 | N1:受持ち=담당 | N1:支持=지원, 지지 | N1:持続=지속 | N2:維持する=유지하다",auto,Auto draft: KANJIDIC2 readings/radical; Korean meaning draft derived from local Korean word gloss or curated KANJIDIC English fallback.
P1,36,接,"[""접하다"", ""대하다""]","[""touch"", ""contact"", ""adjoin"", ""piece together""]",copied_linked_word_gloss,11,"N1:近接=근접 | N1:接触=접촉 | N1:隣接=인접 | N1:密接=밀접함 | N2:応接=접수, 환영",auto,Auto draft: KANJIDIC2 readings/radical; Korean meaning draft derived from local Korean word gloss or curated KANJIDIC English fallback.
P1,36,支,"[""지탱하다"", ""떠받치다""]","[""branch"", ""support"", ""sustain"", ""branch radical (no. 65)""]",copied_linked_word_gloss,13,"N1:支障=지장 | N1:差し支える=지장을 주다, 방해되다 | N1:支持=지원, 지지 | N1:収支=수지, 수입과 지출 | N1:支援=지원",auto,Auto draft: KANJIDIC2 readings/radical; Korean meaning draft derived from local Korean word gloss or curated KANJIDIC English fallback.
P1,36,改,"[""다시"", ""재차""]","[""reformation"", ""change"", ""modify"", ""mend"", ""renew"", ""examine"", ""inspect"", ""search""]",copied_linked_word_gloss,13,"N1:改革=개혁 | N1:改訂=개정, 수정 | N1:改良=개선, 개혁 | N1:改悪=개악 | N1:改定=개정(改定)",auto,Auto draft: KANJIDIC2 readings/radical; Korean meaning draft derived from local Korean word gloss or curated KANJIDIC English fallback.
P1,36,早,"[""일찍"", ""빨리""]","[""early"", ""fast""]",copied_linked_word_gloss,11,"N1:早急=긴급한 | N1:早急=긴급한 | N1:早急に=조속히 | N1:素早い=재빠르다, 민첩하다 | N1:最早=이미, 벌써",auto,Auto draft: KANJIDIC2 readings/radical; Korean meaning draft derived from local Korean word gloss or curated KANJIDIC English fallback.
P1,36,最,"[""가장""]","[""utmost"", ""most"", ""extreme""]",copied_linked_word_gloss,13,"N1:最善=최선 | N1:最早=이미, 벌써 | N1:最中=~의 한가운데, 한가운데 | N2:最も=가장 | N3:最低=최저; 최악",auto,Auto draft: KANJIDIC2 readings/radical; Korean meaning draft derived from local Korean word gloss or curated KANJIDIC English fallback.
P1,36,機,"[""기계"", ""기회"", ""기능""]","[""loom"", ""mechanism"", ""machine"", ""airplane"", ""opportunity"", ""potency"", ""efficacy"", ""occasion""]",copied_linked_word_gloss,11,"N1:動機=동기, 장려책 | N1:危機=위기 | N2:機関車=기관차 | N2:交通機関=교통 기관 | N2:扇風機=선풍기",auto,Auto draft: KANJIDIC2 readings/radical; Korean meaning draft derived from local Korean word gloss or curated KANJIDIC English fallback.
P1,36,正,"[""올바름"", ""정(正)""]","[""correct"", ""justice"", ""righteous"", ""10**40""]",context_parentheses,22,"N1:厳正な=엄정한 | N1:訂正=정정, 바로잡음 | N1:是正=시정, 바로잡음 | N1:正当=정당함, 올바름 | N1:正義=정의(正義)",auto,Auto draft: KANJIDIC2 readings/radical; Korean meaning draft derived from local Korean word gloss or curated KANJIDIC English fallback.
P1,36,残,"[""남다""]","[""remainder"", ""leftover"", ""balance""]",copied_linked_word_gloss,11,"N1:名残=자취, 여운; 아쉬움 | N1:残金=잔금, 남은 돈 | N1:無残な=무참한,잔인한 | N1:残酷=잔혹함, 잔인함 | N1:残高=잔액, 균형(은행), 나머지",auto,Auto draft: KANJIDIC2 readings/radical; Korean meaning draft derived from local Korean word gloss or curated KANJIDIC English fallback.
P1,36,法,"[""법"", ""방법""]","[""method"", ""law"", ""rule"", ""principle"", ""model"", ""system""]",copied_linked_word_gloss,11,"N1:製法=제법, 만드는 법 | N1:法廷=법정 | N1:司法=사법 | N1:手法=기법, 수법 | N1:法案=법안",auto,Auto draft: KANJIDIC2 readings/radical; Korean meaning draft derived from local Korean word gloss or curated KANJIDIC English fallback.
P1,36,温,"[""미지근하다""]","[""warm""]",copied_linked_word_gloss,13,"N1:温和=온화함, 온순함 | N2:温い=미지근하다 | N2:温暖=온난 | N2:温室=온실 | N2:温もり=온기,따스함,체온",auto,Auto draft: KANJIDIC2 readings/radical; Korean meaning draft derived from local Korean word gloss or curated KANJIDIC English fallback.
P1,36,続,"[""계속"", ""속편""]","[""continue"", ""series"", ""sequel""]",copied_linked_word_gloss,11,"N1:存続=존속 | N1:持続=지속 | N2:接続=접속, 연결 | N2:手続き=절차, 수속 | N2:継続=계속",auto,Auto draft: KANJIDIC2 readings/radical; Korean meaning draft derived from local Korean word gloss or curated KANJIDIC English fallback.
P1,36,習,"[""익히다"", ""배우다""]","[""learn""]",copied_linked_word_gloss,11,"N1:風習=풍습 | N1:講習=강습 | N1:慣習=관습 | N2:習字=습자, 서예 | N2:自習=자습",auto,Manual format normalization 2026-08-18: 중복 뜻 제거.
P1,36,育,"[""자라다""]","[""bring up"", ""grow up"", ""raise"", ""rear""]",copied_linked_word_gloss,11,"N1:育成=육성, 양성 | N1:飼育=사육 | N1:育ち=자람, 성장 | N1:生育=생육, 생물이 자람 | N1:保育=보육",auto,Auto draft: KANJIDIC2 readings/radical; Korean meaning draft derived from local Korean word gloss or curated KANJIDIC English fallback.
P1,36,能,"[""능력"", ""재능""]","[""ability"", ""talent"", ""skill"", ""capacity""]",copied_linked_word_gloss,13,"N1:能力=능력 | N1:無能=무능 | N1:技能=기능, 기술 | N1:本能=본능 | N1:放射能=방사능",auto,Auto draft: KANJIDIC2 readings/radical; Korean meaning draft derived from local Korean word gloss or curated KANJIDIC English fallback.
P1,36,話,"[""이야기하다""]","[""tale"", ""talk""]",copied_linked_word_gloss,12,"N1:対話=대화 | N2:話し中=통화 중 | N2:童話=동화 | N2:神話=신화 | N2:話し合い=논의, 말하다, 회의",auto,Auto draft: KANJIDIC2 readings/radical; Korean meaning draft derived from local Korean word gloss or curated KANJIDIC English fallback.
P1,36,語,"[""말하다""]","[""word"", ""speech"", ""language""]",copied_linked_word_gloss,12,"N1:語彙=어휘 | N1:語源=어원 | N2:敬語=경어, 존댓말 | N2:用語=용어 | N2:語る=말하다",auto,Auto draft: KANJIDIC2 readings/radical; Korean meaning draft derived from local Korean word gloss or curated KANJIDIC English fallback.
P1,36,近,"[""가깝다""]","[""near"", ""early"", ""akin"", ""tantamount""]",copied_linked_word_gloss,13,"N1:近接=근접 | N1:近郊=교외 | N1:身近=가까움; 친근함 | N2:近寄る=다가가다, 접근하다 | N2:近々=머지않아, 곧",auto,Auto draft: KANJIDIC2 readings/radical; Korean meaning draft derived from local Korean word gloss or curated KANJIDIC English fallback.
P1,36,退,"[""물러나다"", ""후퇴하다""]","[""retreat"", ""withdraw"", ""retire"", ""resign"", ""repel"", ""expel"", ""reject""]",copied_linked_word_gloss,12,"N1:退く=물러나다,후퇴하다 | N1:後退=후퇴 | N1:脱退=탈퇴 | N1:衰退=쇠퇴 | N1:退治=퇴치",auto,Auto draft: KANJIDIC2 readings/radical; Korean meaning draft derived from local Korean word gloss or curated KANJIDIC English fallback.
P1,36,送,"[""보내다""]","[""escort"", ""send""]",copied_linked_word_gloss,12,"N1:送金=송금 | N1:回送=회송, 이송 | N1:運送=운송 | N2:輸送=수송, 운송 | N2:送別=송별",auto,Auto draft: KANJIDIC2 readings/radical; Korean meaning draft derived from local Korean word gloss or curated KANJIDIC English fallback.
P1,36,速,"[""빠르다""]","[""quick"", ""fast""]",copied_linked_word_gloss,12,"N1:迅速=신속함 | N1:速やかに=신속히 | N1:速やかな=신속한 | N2:時速=시속 | N2:速達=속달, 빠른 배송",auto,Auto draft: KANJIDIC2 readings/radical; Korean meaning draft derived from local Korean word gloss or curated KANJIDIC English fallback.
P1,36,達,"[""달하다""]","[""accomplished"", ""reach"", ""arrive"", ""attain""]",copied_linked_word_gloss,12,N1:達成=달성 | N1:伝達=전달 | N1:調達する=조달하다 | N1:到達=도착 | N1:調達=조달,auto,Auto draft: KANJIDIC2 readings/radical; Korean meaning draft derived from local Korean word gloss or curated KANJIDIC English fallback.
P1,36,違,"[""다르다""]","[""difference"", ""differ""]",copied_linked_word_gloss,13,N1:勘違いする=착각하다 | N1:すれ違い=스쳐 지나감; 엇갈림 | N1:勘違い=착각 | N1:違える=다르게 하다; (삐끗) 접질리다 | N1:食い違う=엇갈리다,auto,Auto draft: KANJIDIC2 readings/radical; Korean meaning draft derived from local Korean word gloss or curated KANJIDIC English fallback.
P1,36,遠,"[""멀다""]","[""distant"", ""far""]",copied_linked_word_gloss,12,"N1:遠ざける=멀리하다 | N1:遠方=먼 곳, 원방 | N1:遠隔=원격 | N1:遠ざかる=멀어지다 | N1:遠回り=우회, 먼 길",auto,Auto draft: KANJIDIC2 readings/radical; Korean meaning draft derived from local Korean word gloss or curated KANJIDIC English fallback.
P1,36,開,"[""열리다"", ""열다""]","[""open"", ""unfold"", ""unseal""]",copied_linked_word_gloss,13,N1:打開=타개 | N1:開発=개발 | N1:展開=전개 | N1:開催=개최 | N1:打開する=타개하다,auto,Auto draft: KANJIDIC2 readings/radical; Korean meaning draft derived from local Korean word gloss or curated KANJIDIC English fallback.
P1,35,争,"[""다투다"", ""경쟁하다""]","[""contend"", ""dispute"", ""argue""]",copied_linked_word_gloss,8,"N1:紛争=분쟁 | N1:抗争=항쟁, 분쟁 | N1:競争する=경쟁하다 | N1:争い=분쟁, 다툼, 싸움, 갈등 | N3:争う=다투다, 경쟁하다",auto,Auto draft: KANJIDIC2 readings/radical; Korean meaning draft derived from local Korean word gloss or curated KANJIDIC English fallback.
P1,35,住,"[""살다"", ""주거하다""]","[""dwell"", ""reside"", ""live"", ""inhabit""]",copied_linked_word_gloss,9,"N1:移住=이주, 이민 | N1:居住=거주 | N2:衣食住=음식, 옷 피난처 | N2:住居=주거, 거처 | N2:住まい=주거, 거처, 집",auto,Auto draft: KANJIDIC2 readings/radical; Korean meaning draft derived from local Korean word gloss or curated KANJIDIC English fallback.
P1,35,公,"[""공(公)"", ""공적임""]","[""public"", ""prince"", ""official"", ""governmental""]",context_parentheses,19,"N1:公然=공공연히 | N1:公立=공립 | N1:公団=공단, 공공 법인 | N1:公認=공인, 공식 승인 | N1:公募=공모",auto,Auto draft: KANJIDIC2 readings/radical; Korean meaning draft derived from local Korean word gloss or curated KANJIDIC English fallback.
P1,35,再,"[""다시"", ""재차""]","[""again"", ""twice"", ""second time""]",copied_linked_word_gloss,10,"N1:再会=재회 | N1:再発=재발 | N1:再生=재생, 회복 | N1:再現=재현 | N1:再建=재건(절 또는 신사)",auto,Auto draft: KANJIDIC2 readings/radical; Korean meaning draft derived from local Korean word gloss or curated KANJIDIC English fallback.
P1,35,写,"[""베끼다"", ""사진을 찍다""]","[""copy"", ""be photographed"", ""describe""]",copied_linked_word_gloss,8,"N1:映写=영사 | N1:写し=복사, 사본 | N2:複写=복사, 복제 | N2:写生=사생, 스케치 | N2:写る=찍히다, 비치다",auto,Auto draft: KANJIDIC2 readings/radical; Korean meaning draft derived from local Korean word gloss or curated KANJIDIC English fallback.
P1,35,冷,"[""차갑다""]","[""cool"", ""cold (beer, person)"", ""chill""]",copied_linked_word_gloss,9,"N1:冷淡な=냉담한 | N2:冷やす=차게 식히다, 냉장하다 | N2:冷静だ=냉철하다,이성적이다 | N2:冷凍=냉동 | N3:冷静=냉정한",auto,Auto draft: KANJIDIC2 readings/radical; Korean meaning draft derived from local Korean word gloss or curated KANJIDIC English fallback.
P1,35,刻,"[""새기다"", ""조각하다""]","[""engrave"", ""cut fine"", ""chop"", ""hash"", ""mince"", ""time"", ""carving""]",copied_linked_word_gloss,8,"N1:時刻表=시간표, 일정(기차, 전철) | N1:即刻=즉각,즉시 | N2:深刻だ=심각하다 | N2:彫刻=조각 | N2:刻む=새기다,조각하다",auto,Auto draft: KANJIDIC2 readings/radical; Korean meaning draft derived from local Korean word gloss or curated KANJIDIC English fallback.
P1,35,割,"[""나누다"", ""깨다""]","[""proportion"", ""comparatively"", ""divide"", ""cut"", ""separate"", ""split""]",copied_linked_word_gloss,9,"N2:割り込む=끼어들다 | N2:割合に=비교적, 상대적으로 | N2:割引=할인 | N2:時間割=시간표, 일정 | N2:割と=비교적, 꽤",auto,Auto draft: KANJIDIC2 readings/radical; Korean meaning draft derived from local Korean word gloss or curated KANJIDIC English fallback.
P1,35,助,"[""도움"", ""지원""]","[""help"", ""rescue"", ""assist""]",copied_linked_word_gloss,9,"N1:助言=조언 | N1:助け=도움, 지원 | N1:補助=보조 | N1:助長=조장 | N2:助教授=조교수",auto,Auto draft: KANJIDIC2 readings/radical; Korean meaning draft derived from local Korean word gloss or curated KANJIDIC English fallback.
P1,35,半,"[""반"", ""절반""]","[""half"", ""middle"", ""odd number"", ""semi-"", ""part-""]",copied_linked_word_gloss,8,"N2:過半数=대다수 | N2:半額=반액 | N2:半減=반감 | N2:半島=반도 | N2:半径=반지름, 반경",auto,Auto draft: KANJIDIC2 readings/radical; Korean meaning draft derived from local Korean word gloss or curated KANJIDIC English fallback.
P1,35,参,"[""'오다"", ""가다'의겸양""]","[""nonplussed"", ""three (in documents)"", ""going"", ""coming"", ""visiting"", ""visit"", ""be defeated"", ""die"", ""be madly in love"", ""participate"", ""take part in""]",copied_linked_word_gloss,9,"N1:参上=방문함, 찾아뵘 | N1:参議院=참의원 | N1:参照=참조 | N2:持参=지참, 가져옴 | N2:お参り=참배",auto,Auto draft: KANJIDIC2 readings/radical; Korean meaning draft derived from local Korean word gloss or curated KANJIDIC English fallback.
P1,35,在,"[""있다"", ""존재하다"", ""가지다""]","[""exist"", ""outskirts"", ""suburbs"", ""located in""]",copied_linked_word_gloss,10,"N1:自在=자유자재 | N1:健在=건재, 건강함 | N1:所在=소재 | N1:不在=부재, 자리에 없음 | N1:在庫=재고",auto,Auto draft: KANJIDIC2 readings/radical; Korean meaning draft derived from local Korean word gloss or curated KANJIDIC English fallback.
P1,35,多,"[""많다""]","[""many"", ""frequent"", ""much""]",copied_linked_word_gloss,9,"N1:多忙=바쁜 | N1:多様=다양성, 종류 | N1:多岐=다기,다방면 | N1:多角的な=다각적인 | N2:多大だ=많고크다",auto,Auto draft: KANJIDIC2 readings/radical; Korean meaning draft derived from local Korean word gloss or curated KANJIDIC English fallback.
P1,35,始,"[""시작하다""]","[""commence"", ""begin""]",copied_linked_word_gloss,9,"N1:始末=처리, 전말 | N1:始発=첫차 | N1:終始=시종, 처음부터 끝까지 | N2:始めに=일을 시작할 때, 시작 부분에 | N2:始終=항상, 끊임없이",auto,Auto draft: KANJIDIC2 readings/radical; Korean meaning draft derived from local Korean word gloss or curated KANJIDIC English fallback.
P1,35,存,"[""아심"", ""알고 계심""]","[""exist"", ""suppose"", ""be aware of"", ""believe"", ""feel""]",copied_linked_word_gloss,9,N1:依存=의존 | N1:存続=존속 | N1:共存=공존 | N2:存ずる=알다(겸양) | N2:保存する=보존하다,auto,Auto draft: KANJIDIC2 readings/radical; Korean meaning draft derived from local Korean word gloss or curated KANJIDIC English fallback.
P1,35,常,"[""항상"", ""언제나""]","[""usual"", ""ordinary"", ""normal"", ""common"", ""regular"", ""continually"", ""always"", ""long-lasting""]",copied_linked_word_gloss,8,"N1:通常=통상, 보통 | N1:平常=평상, 평소 | N1:非常に=매우, 몹시 | N2:常に=항상,언제나 | N3:正常=정상",auto,Auto draft: KANJIDIC2 readings/radical; Korean meaning draft derived from local Korean word gloss or curated KANJIDIC English fallback.
P1,35,広,"[""넓다""]","[""wide"", ""broad"", ""spacious""]",copied_linked_word_gloss,8,N1:幅広い=폭넓다 | N1:広大な=광대한 | N2:広さ=넓이 | N2:広場=광장 | N2:広げる=넓히다,auto,Auto draft: KANJIDIC2 readings/radical; Korean meaning draft derived from local Korean word gloss or curated KANJIDIC English fallback.
P1,35,快,"[""기분좋다""]","[""cheerful"", ""pleasant"", ""agreeable"", ""comfortable""]",copied_linked_word_gloss,8,N1:快い=기분좋다 | N1:豪快に=호쾌하게 | N1:快挙=쾌거 | N1:軽快な=경쾌한 | N2:快晴だ=쾌청하다,auto,Auto draft: KANJIDIC2 readings/radical; Korean meaning draft derived from local Korean word gloss or curated KANJIDIC English fallback.
P1,35,想,"[""생각"", ""상상""]","[""idea"", ""thought"", ""conception"", ""think""]",copied_linked_word_gloss,10,"N1:回想する=회상하다 | N1:構想=구상 | N1:愛想=붙임성, 애교 | N2:空想=공상 | N2:発想=발상, 사고방식",auto,Auto draft: KANJIDIC2 readings/radical; Korean meaning draft derived from local Korean word gloss or curated KANJIDIC English fallback.
P1,35,戦,"[""싸움"", ""전투""]","[""war"", ""battle"", ""match""]",copied_linked_word_gloss,10,"N1:戦闘=전투, 싸움, 싸우다 | N1:戦術=전술 | N1:戦力=전력 | N1:作戦=작전 | N1:休戦=휴전",auto,Auto draft: KANJIDIC2 readings/radical; Korean meaning draft derived from local Korean word gloss or curated KANJIDIC English fallback.
P1,35,抜,"[""뽑다"", ""빼다""]","[""slip out"", ""extract"", ""pull out"", ""pilfer"", ""quote"", ""remove"", ""omit""]",copied_linked_word_gloss,8,"N1:抜群だ=발군이다, 뛰어나다 | N1:抜かす=빠뜨리다, 생략하다 | N1:抜粋=발췌 | N1:抜群=발군,매우뛰어남 | N1:抜け出す=빠져나오다, 몰래 나가다",auto,Auto draft: KANJIDIC2 readings/radical; Korean meaning draft derived from local Korean word gloss or curated KANJIDIC English fallback.
P1,35,振,"[""흔들다""]","[""shake"", ""wave"", ""wag"", ""swing""]",copied_linked_word_gloss,9,"N1:振動=진동 | N1:素振り=거동,기색 | N1:振興=진흥 | N2:振る舞う=행동하다, 대접하다 | N2:振り仮名=후리가나(읽기 표기)",auto,Auto draft: KANJIDIC2 readings/radical; Korean meaning draft derived from local Korean word gloss or curated KANJIDIC English fallback.
P1,35,換,"[""동등한 것으로 교환하다"", ""환전하다""]","[""interchange"", ""period"", ""change"", ""convert"", ""replace"", ""renew""]",copied_linked_word_gloss,8,"N1:転換=전환 | N1:換算=환산 | N2:変換=변환 | N2:換気=환기 | N2:乗り換え=환승, 갈아탐",auto,Auto draft: KANJIDIC2 readings/radical; Korean meaning draft derived from local Korean word gloss or curated KANJIDIC English fallback.
P1,35,映,"[""비치다"", ""반사되다"", ""찍히다""]","[""reflect"", ""reflection"", ""projection""]",copied_linked_word_gloss,8,"N1:映写=영사 | N1:映える=(1) 아름답게 빛나다 (2) 잘 어울리다 | N1:映像=영상, 이미지 | N2:映す=비추다 | N2:反映=반영",auto,Auto draft: KANJIDIC2 readings/radical; Korean meaning draft derived from local Korean word gloss or curated KANJIDIC English fallback.
P1,35,替,"[""새것으로 바꾸다"", ""교체하다""]","[""exchange"", ""spare"", ""substitute"", ""per-""]",copied_linked_word_gloss,10,"N1:立て替える=대신하여지불하다 | N1:取り替え=교체, 교환 | N1:切り替え=전환, 교체 | N2:着替え=갈아입음, 갈아입을 옷 | N2:為替=환(換), 환어음, 환율",auto,Auto draft: KANJIDIC2 readings/radical; Korean meaning draft derived from local Korean word gloss or curated KANJIDIC English fallback.
P1,35,未,"[""아직"", ""그러나"", ""여전히""]","[""un-"", ""not yet"", ""hitherto"", ""still"", ""even now"", ""sign of the ram"", ""1-3PM"", ""eighth sign of Chinese zodiac""]",copied_linked_word_gloss,8,"N1:未だ=아직, 그러나, 여전히 | N1:未定=미정 | N1:未知=미지(의) | N1:未婚=미혼 | N1:未熟=미숙",auto,Auto draft: KANJIDIC2 readings/radical; Korean meaning draft derived from local Korean word gloss or curated KANJIDIC English fallback.
P1,35,材,"[""재료"", ""목재"", ""인재""]","[""lumber"", ""log"", ""timber"", ""wood"", ""materials"", ""ingredients"", ""talent""]",copied_linked_word_gloss,8,"N1:取材=취재 | N1:人材=인재 | N1:逸材=일재,뛰어난인재 | N1:素材=소재, 재료 | N1:教材=교재",auto,Auto draft: KANJIDIC2 readings/radical; Korean meaning draft derived from local Korean word gloss or curated KANJIDIC English fallback.
P1,35,権,"[""권리"", ""권력""]","[""authority"", ""power"", ""rights""]",copied_linked_word_gloss,9,N1:権威=권위 | N1:棄権=기권 | N1:特権=특권 | N1:実権=실권 | N1:主権=주권,auto,Auto draft: KANJIDIC2 readings/radical; Korean meaning draft derived from local Korean word gloss or curated KANJIDIC English fallback.
P1,35,欠,"[""부족하다"", ""없다""]","[""lack"", ""gap"", ""fail"", ""yawning radical (no. 76)""]",copied_linked_word_gloss,8,"N1:欠乏=결핍, 부족 | N1:欠陥=결함 | N1:欠如=결여 | N2:不可欠=불가결 | N2:欠く=부족하다,없다",auto,Auto draft: KANJIDIC2 readings/radical; Korean meaning draft derived from local Korean word gloss or curated KANJIDIC English fallback.
P1,35,注,"[""붓다"", ""따르다""]","[""pour"", ""irrigate"", ""shed (tears)"", ""flow into"", ""concentrate on"", ""notes"", ""comment"", ""annotate""]",copied_linked_word_gloss,9,"N1:不注意な=부주의한 | N1:注意深い=주의깊다,신중하다 | N2:注ぐ=붓다,따르다 | N3:注文する=주문하다 | N3:注ぐ=붓다, 따르다",auto,Auto draft: KANJIDIC2 readings/radical; Korean meaning draft derived from local Korean word gloss or curated KANJIDIC English fallback.
P1,35,深,"[""깊다""]","[""deep"", ""heighten"", ""intensify"", ""strengthen""]",copied_linked_word_gloss,9,"N1:情深い=인정이 많다, 자비롭다 | N1:欲深い=욕심 많다, 탐욕스럽다 | N1:注意深い=주의깊다,신중하다 | N2:深刻だ=심각하다 | N2:深める=깊게하다",auto,Auto draft: KANJIDIC2 readings/radical; Korean meaning draft derived from local Korean word gloss or curated KANJIDIC English fallback.
P1,35,混,"[""섞다""]","[""mix"", ""blend"", ""confuse""]",copied_linked_word_gloss,10,N1:取り混ぜる=뒤섞다 | N1:混同=혼동 | N1:混乱する=혼란스럽다 | N1:混血=혼혈 | N2:混合=혼합,auto,Auto draft: KANJIDIC2 readings/radical; Korean meaning draft derived from local Korean word gloss or curated KANJIDIC English fallback.
P1,35,減,"[""줄다"", ""감소하다""]","[""dwindle"", ""decrease"", ""reduce"", ""decline"", ""curtail"", ""get hungry""]",copied_linked_word_gloss,9,"N1:削減=삭감 | N1:いい加減=적당함, 무책임함 | N1:軽減=경감 | N1:いい加減に=대충 | N2:半減=반감",auto,Auto draft: KANJIDIC2 readings/radical; Korean meaning draft derived from local Korean word gloss or curated KANJIDIC English fallback.
P1,35,満,"[""채우다"", ""충족시키다""]","[""full"", ""fullness"", ""enough"", ""satisfy""]",copied_linked_word_gloss,10,N1:満月=보름달 | N1:満喫する=만끽하다 | N1:満喫=만끽 | N1:円満=원만함 | N2:未満=미만,auto,Auto draft: KANJIDIC2 readings/radical; Korean meaning draft derived from local Korean word gloss or curated KANJIDIC English fallback.
P1,35,留,"[""머무르다"", ""그치다""]","[""detain"", ""fasten"", ""halt"", ""stop""]",copied_linked_word_gloss,8,"N1:蒸留=증류 | N2:留まる=머무르다, 그치다 | N2:留まる=머무르다, 그치다 | N2:書留=등기 우편 | N2:留守番=집보기, 집 지키는 사람",auto,Auto draft: KANJIDIC2 readings/radical; Korean meaning draft derived from local Korean word gloss or curated KANJIDIC English fallback.
P1,35,異,"[""상이하다"", ""다르다""]","[""uncommon"", ""different"", ""queerness"", ""strangeness"", ""wonderful"", ""curious"", ""unusual""]",copied_linked_word_gloss,8,"N1:異例の=이례인 | N1:異論=이론(異論), 이견 | N1:驚異=경이 | N1:異色=이색,매우특색있음 | N1:異議=이의, 반대",auto,Auto draft: KANJIDIC2 readings/radical; Korean meaning draft derived from local Korean word gloss or curated KANJIDIC English fallback.
P1,35,盛,"[""번성한"", ""활발한"", ""번성하는""]","[""boom"", ""prosper"", ""copulate""]",copied_linked_word_gloss,9,N1:繁盛=번창 | N1:盛大=성대함 | N1:旺盛だ=왕성하다 | N1:盛大に=성대하게 | N2:盛る=(그릇에) 담다; 쌓다,auto,Auto draft: KANJIDIC2 readings/radical; Korean meaning draft derived from local Korean word gloss or curated KANJIDIC English fallback.
P1,35,破,"[""깨다"", ""찢다"", ""어기다""]","[""rend"", ""rip"", ""tear"", ""break"", ""destroy"", ""defeat"", ""frustrate""]",copied_linked_word_gloss,9,"N1:突破=돌파 | N1:破棄=파기 | N1:爆破=폭파 | N1:破損=파손 | N2:破片=파편, 조각",auto,Auto draft: KANJIDIC2 readings/radical; Korean meaning draft derived from local Korean word gloss or curated KANJIDIC English fallback.
P1,35,置,"[""놓다"", ""두다""]","[""placement"", ""put"", ""set"", ""deposit"", ""leave behind"", ""keep"", ""employ"", ""pawn""]",copied_linked_word_gloss,9,"N1:配置=배치 | N1:処置=처치,조치 | N1:放置=방치 | N1:措置=조치 | N2:設置=설치",auto,Auto draft: KANJIDIC2 readings/radical; Korean meaning draft derived from local Korean word gloss or curated KANJIDIC English fallback.
P1,35,装,"[""꾸미다"", ""치장하다""]","[""attire"", ""dress"", ""pretend"", ""disguise"", ""profess""]",copied_linked_word_gloss,9,"N1:舗装=포장(도로) | N1:装備=장비 | N1:装う=꾸미다,치장하다 | N1:装飾=장식 | N1:武装=무장",auto,Auto draft: KANJIDIC2 readings/radical; Korean meaning draft derived from local Korean word gloss or curated KANJIDIC English fallback.
P1,35,補,"[""보충하다"", ""메우다""]","[""supplement"", ""supply"", ""make good"", ""offset"", ""compensate"", ""assistant"", ""learner""]",copied_linked_word_gloss,8,"N1:補給=공급 | N1:補足=보충, 보완 | N1:補強=보강 | N1:補助=보조 | N1:補充=보충",auto,Auto draft: KANJIDIC2 readings/radical; Korean meaning draft derived from local Korean word gloss or curated KANJIDIC English fallback.
P1,35,設,"[""마련하다"", ""설치하다""]","[""establishment"", ""provision"", ""prepare""]",copied_linked_word_gloss,8,"N1:設立=설립 | N1:施設=시설 | N1:設定=설정 | N1:設ける=마련하다,설치하다 | N2:設置=설치",auto,Auto draft: KANJIDIC2 readings/radical; Korean meaning draft derived from local Korean word gloss or curated KANJIDIC English fallback.
P1,35,資,"[""자원"", ""자본""]","[""assets"", ""resources"", ""capital"", ""funds"", ""data"", ""be conducive to"", ""contribute to""]",copied_linked_word_gloss,9,N1:資産=자산 | N1:資金=자금 | N1:融資=융자 | N1:物資=물자 | N1:投資=투자,auto,Auto draft: KANJIDIC2 readings/radical; Korean meaning draft derived from local Korean word gloss or curated KANJIDIC English fallback.
P1,35,起,"[""일어나다""]","[""rouse"", ""wake up"", ""get up""]",copied_linked_word_gloss,10,"N1:起点=기점 | N1:起動=기동,시동 | N1:起用=기용 | N1:起伏=기복 | N1:提起=제기",auto,Auto draft: KANJIDIC2 readings/radical; Korean meaning draft derived from local Korean word gloss or curated KANJIDIC English fallback.
P1,35,辛,"[""맵다""]","[""spicy"", ""bitter"", ""hot"", ""acrid""]",copied_linked_word_gloss,8,"N1:辛抱する=참다, 견디다 | N1:辛抱=인내 | N1:辛うじて=겨우, 간신히 | N1:香辛料=향신료 | N2:塩辛い=짠(맛)",auto,Auto draft: KANJIDIC2 readings/radical; Korean meaning draft derived from local Korean word gloss or curated KANJIDIC English fallback.
P1,35,造,"[""건축물·제품의 만듦새"", ""구조""]","[""create"", ""make"", ""structure"", ""physique""]",copied_linked_word_gloss,10,"N1:偽造=위조 | N1:造り=건축물·제품의 만듦새; 구조 | N1:荷造り=짐 꾸리기, 포장 | N1:無造作に=대수롭지 않게, 아무렇게나 | N2:製造=제조",auto,Auto draft: KANJIDIC2 readings/radical; Korean meaning draft derived from local Korean word gloss or curated KANJIDIC English fallback.
P1,35,静,"[""조용함""]","[""quiet""]",copied_linked_word_gloss,8,"N1:閑静な=한적한,조용한 | N1:静止=정지, 멈춰 있음 | N1:安静=안정(평온) | N2:静まる=조용해지다, 가라앉다 | N2:冷静だ=냉철하다,이성적이다",auto,Auto draft: KANJIDIC2 readings/radical; Korean meaning draft derived from local Korean word gloss or curated KANJIDIC English fallback.
P1,35,順,"[""차례차례"", ""순서대로""]","[""obey"", ""order"", ""turn"", ""right"", ""docility"", ""occasion""]",copied_linked_word_gloss,8,"N1:手順=순서, 절차 | N1:不順=불순,순탄치못함 | N1:順応=순응 | N2:順序=순서, 차례 | N2:道順=길 순서, 노정",auto,Auto draft: KANJIDIC2 readings/radical; Korean meaning draft derived from local Korean word gloss or curated KANJIDIC English fallback.
P1,35,騒,"[""소동"", ""소란""]","[""boisterous"", ""make noise"", ""clamor"", ""disturb"", ""excite""]",copied_linked_word_gloss,9,"N1:騒然=시끄러운 상태, 떠들썩한 모습 | N1:騒動=소동, 폭동 | N2:騒がしい=시끄럽다,떠들썩하다 | N2:物騒だ=어수선하다,뒤숭숭하다 | N2:騒々しい=시끄럽다,떠들썩하다",auto,Auto draft: KANJIDIC2 readings/radical; Korean meaning draft derived from local Korean word gloss or curated KANJIDIC English fallback.
P1,34,判,"[""판단"", ""도장""]","[""judgement"", ""judgment"", ""signature"", ""stamp"", ""seal""]",copied_linked_word_gloss,7,N1:判別=판별 | N1:批判=비판 | N2:判子=도장 | N2:判事=판사 | N2:判断=판단,auto,Auto draft: KANJIDIC2 readings/radical; Korean meaning draft derived from local Korean word gloss or curated KANJIDIC English fallback.
P1,34,労,"[""위로하다"", ""노고를치하하다""]","[""labor"", ""thank for"", ""reward for"", ""toil"", ""trouble""]",copied_linked_word_gloss,7,"N1:過労=긴장, 부담 | N1:疲労=피로 | N1:労る=위로하다,노고를치하하다 | N1:労力=노력, 품 | N2:ご苦労さま=수고하셨습니다",auto,Auto draft: KANJIDIC2 readings/radical; Korean meaning draft derived from local Korean word gloss or curated KANJIDIC English fallback.
P1,34,勢,"[""기세"", ""기운""]","[""forces"", ""energy"", ""military strength""]",copied_linked_word_gloss,7,"N1:勢力=세력 | N1:態勢=태세, 자세 | N1:情勢=정세 | N1:優勢=우세 | N3:勢い=기세, 기운",auto,Auto draft: KANJIDIC2 readings/radical; Korean meaning draft derived from local Korean word gloss or curated KANJIDIC English fallback.
P1,34,勤,"[""근무""]","[""diligence"", ""become employed"", ""serve""]",copied_linked_word_gloss,7,N1:勤務=근무 | N1:転勤=전근 | N2:出勤=출근 | N3:勤め=근무 | N3:勤める=근무하다,auto,Auto draft: KANJIDIC2 readings/radical; Korean meaning draft derived from local Korean word gloss or curated KANJIDIC English fallback.
P1,34,危,"[""위험하다""]","[""dangerous"", ""fear"", ""uneasy""]",copied_linked_word_gloss,7,"N1:危害=위해, 해 | N1:危ぶむ=불안해하다, 위험하게 생각하다 | N1:危機=위기 | N2:危うい=위태롭다 | N2:危険だ=위험하다",auto,Auto draft: KANJIDIC2 readings/radical; Korean meaning draft derived from local Korean word gloss or curated KANJIDIC English fallback.
P1,34,及,"[""및"", ""그리고""]","[""reach out"", ""exert"", ""exercise"", ""cause""]",copied_linked_word_gloss,7,"N1:及び=및, 그리고 | N1:言及=언급 | N1:追及=추궁 | N1:普及=보급 | N1:及ぼす=영향을미치다",auto,Auto draft: KANJIDIC2 readings/radical; Korean meaning draft derived from local Korean word gloss or curated KANJIDIC English fallback.
P1,34,告,"[""고하다"", ""알리다""]","[""revelation"", ""tell"", ""inform"", ""announce""]",copied_linked_word_gloss,7,"N1:告げる=고하다,알리다 | N1:布告=포고, 선포 | N1:告白=고백, 자백 | N1:忠告=충고 | N1:勧告=권고",auto,Auto draft: KANJIDIC2 readings/radical; Korean meaning draft derived from local Korean word gloss or curated KANJIDIC English fallback.
P1,34,報,"[""알리다"", ""보도하다""]","[""report"", ""news"", ""reward"", ""retribution""]",copied_linked_word_gloss,7,"N1:報道=보도 | N1:朗報=낭보,희소식 | N1:報じる=알리다, 보도하다 | N1:報酬=보수, 보상 | N3:予報=예보",auto,Auto draft: KANJIDIC2 readings/radical; Korean meaning draft derived from local Korean word gloss or curated KANJIDIC English fallback.
P1,34,増,"[""늘다"", ""증가하다""]","[""increase"", ""add"", ""augment"", ""gain"", ""promote""]",copied_linked_word_gloss,7,N1:増強=증강 | N2:増加=증가 | N2:増減=증감 | N2:急増する=급증하다 | N2:増大=증대,auto,Auto draft: KANJIDIC2 readings/radical; Korean meaning draft derived from local Korean word gloss or curated KANJIDIC English fallback.
P1,34,夕,"[""저녁""]","[""evening""]",copied_linked_word_gloss,7,"N1:夕暮れ=해질녘, 황혼 | N1:夕焼け=저녁노을 | N2:夕立=소나기, 저녁 소나기 | N2:夕日=석양, 저녁 해 | N2:夕刊=석간신문",auto,Auto draft: KANJIDIC2 readings/radical; Korean meaning draft derived from local Korean word gloss or curated KANJIDIC English fallback.
P1,34,嫌,"[""싫어함""]","[""dislike"", ""detest"", ""hate""]",copied_linked_word_gloss,7,"N1:嫌み=불쾌한언행; 불쾌한 언행 | N1:嫌々=마지못해, 싫어하며 | N1:嫌悪感=혐오감 | N2:好き嫌い=호불호, 가림 | N2:嫌がる=싫어하다",auto,Auto draft: KANJIDIC2 readings/radical; Korean meaning draft derived from local Korean word gloss or curated KANJIDIC English fallback.
P1,34,完,"[""완벽""]","[""perfect"", ""completion"", ""end""]",copied_linked_word_gloss,7,N1:完成する=완성되다 | N1:完璧=완벽 | N1:完結=완결 | N1:完了する=완료하다 | N3:完成=완성,auto,Auto draft: KANJIDIC2 readings/radical; Korean meaning draft derived from local Korean word gloss or curated KANJIDIC English fallback.
P1,34,専,"[""오로지"", ""한결같이""]","[""specialty"", ""exclusive"", ""mainly"", ""solely""]",copied_linked_word_gloss,7,"N1:専用=전용 | N1:専ら=오로지,한결같이; 오로지, 한결같이 | N2:専制=전제 정치, 독재 | N2:専念=전념 | N3:専門家=전문가",auto,Manual format normalization 2026-08-18: 중복 뜻 제거.
P1,34,幸,"[""행복""]","[""happiness"", ""blessing"", ""fortune""]",copied_linked_word_gloss,7,"N2:幸いに=다행히 | N2:幸いだ=다행이다 | N3:幸せ=행복 | N3:幸い=다행히, 운 좋게 | N3:幸福=행복",auto,Auto draft: KANJIDIC2 readings/radical; Korean meaning draft derived from local Korean word gloss or curated KANJIDIC English fallback.
P1,34,建,"[""세워지다"", ""지어지다""]","[""build""]",copied_linked_word_gloss,7,"N1:建前=명분, 원칙 | N1:再建=재건(절 또는 신사) | N2:建つ=세워지다, 지어지다 | N3:建設=건설 | N3:建築=건축",auto,Auto draft: KANJIDIC2 readings/radical; Korean meaning draft derived from local Korean word gloss or curated KANJIDIC English fallback.
P1,34,恐,"[""두려움""]","[""fear"", ""dread"", ""awe""]",copied_linked_word_gloss,7,"N1:恐れ=두려움 | N1:恐れ入る=송구하다, 황송하다 | N2:恐縮=죄송함, 황송함 | N2:恐ろしい=두렵다,무섭다 | N2:恐れる=무서워하다,두려워하다",auto,Auto draft: KANJIDIC2 readings/radical; Korean meaning draft derived from local Korean word gloss or curated KANJIDIC English fallback.
P1,34,惑,"[""현혹시키다"", ""유혹하다""]","[""beguile"", ""delusion"", ""perplexity""]",copied_linked_word_gloss,7,"N1:戸惑う=어리둥절해하다,당황하다 | N1:誘惑=유혹 | N1:惑星=행성 | N1:疑惑=의혹 | N2:迷惑だ=민폐이다",auto,Auto draft: KANJIDIC2 readings/radical; Korean meaning draft derived from local Korean word gloss or curated KANJIDIC English fallback.
P1,34,抱,"[""안다"", ""떠맡다""]","[""embrace"", ""hug"", ""hold in arms""]",copied_linked_word_gloss,7,"N1:辛抱する=참다, 견디다 | N1:介抱=간호, 병구완 | N1:抱え込む=끌어안다, 떠맡다 | N1:辛抱=인내 | N1:抱負=포부",auto,Auto draft: KANJIDIC2 readings/radical; Korean meaning draft derived from local Korean word gloss or curated KANJIDIC English fallback.
P1,34,押,"[""누르다"", ""밀다""]","[""push"", ""stop"", ""check"", ""subdue"", ""attach"", ""seize"", ""weight"", ""shove"", ""press"", ""seal"", ""do in spite of""]",copied_linked_word_gloss,7,"N1:押収=압수 | N1:押し切る=강행하다, 밀어붙이다 | N1:押し込む=밀어 넣다 | N1:押し寄せる=밀려오다 | N2:押さえる=누르다, 붙잡다, 확보하다",auto,Manual format normalization 2026-08-18: 중복 뜻 제거.
P1,34,政,"[""정치"", ""정부""]","[""politics"", ""government""]",copied_linked_word_gloss,7,"N1:政策=정책 | N1:行政=행정 | N1:財政=재정 | N1:政権=정권 | N2:政党=정당, 정치 단체",auto,Auto draft: KANJIDIC2 readings/radical; Korean meaning draft derived from local Korean word gloss or curated KANJIDIC English fallback.
P1,34,整,"[""정돈되다"", ""갖추어지다""]","[""organize"", ""arranging"", ""tune"", ""tone"", ""meter"", ""key (music)""]",copied_linked_word_gloss,7,"N2:整備=정비 | N2:整う=정돈되다, 갖추어지다 | N2:整数=정수 | N2:整える=정돈하다 | N2:調整=규정, 조정",auto,Auto draft: KANJIDIC2 readings/radical; Korean meaning draft derived from local Korean word gloss or curated KANJIDIC English fallback.
P1,34,果,"[""완수하다"", ""다하다""]","[""fruit"", ""reward"", ""carry out"", ""achieve"", ""complete"", ""end"", ""finish"", ""succeed""]",copied_linked_word_gloss,7,"N1:成果=성과 | N2:果たす=완수하다,다하다 | N2:果たして=과연 | N2:果実=과일 | N3:効果=효과",auto,Auto draft: KANJIDIC2 readings/radical; Korean meaning draft derived from local Korean word gloss or curated KANJIDIC English fallback.
P1,34,概,"[""대체로"", ""대강""]","[""outline"", ""condition"", ""approximation"", ""generally""]",copied_linked_word_gloss,7,"N1:概説=개설, 개요 | N1:概ね=대체로, 대강 | N1:概略=개략 | N1:大概=대개, 대체로 | N1:一概に=일률적으로, 한마디로",auto,Auto draft: KANJIDIC2 readings/radical; Korean meaning draft derived from local Korean word gloss or curated KANJIDIC English fallback.
P1,34,次,"[""잇따라""]","[""next"", ""order"", ""sequence""]",copied_linked_word_gloss,7,"N1:取り次ぐ=(전화를)연결하다 | N2:目次=목차 | N2:次ぐ=뒤를 잇다, 다음가다 | N2:相次いで=잇따라 | N3:次第に=점점,서서히",auto,Auto draft: KANJIDIC2 readings/radical; Korean meaning draft derived from local Korean word gloss or curated KANJIDIC English fallback.
P1,34,歩,"[""걷다""]","[""walk"", ""counter for steps""]",copied_linked_word_gloss,7,"N1:徒歩=도보 | N1:歩み=걸음; 발자취 | N1:歩む=걷다,나아가다 | N2:初歩=초보, 기초 | N3:歩道=보도, 인도",auto,Auto draft: KANJIDIC2 readings/radical; Korean meaning draft derived from local Korean word gloss or curated KANJIDIC English fallback.
P1,34,洗,"[""씻다""]","[""wash"", ""inquire into"", ""probe""]",copied_linked_word_gloss,7,"N2:洗面=세면, 세수 | N2:手洗い=화장실 | N2:洗剤=세제 | N4:洗う=씻다 | N4:洗濯=세탁,빨래",auto,Auto draft: KANJIDIC2 readings/radical; Korean meaning draft derived from local Korean word gloss or curated KANJIDIC English fallback.
P1,34,痛,"[""아프다""]","[""pain"", ""hurt"", ""damage"", ""bruise""]",copied_linked_word_gloss,7,"N1:手痛い=(비판, 타격, 손해, 실수 등) 심하다, 뼈아프다 | N1:痛感=통감 | N1:痛烈=통렬, 호됨 | N2:痛ましい=가엽다,애처롭다 | N3:痛い=아프다",auto,Auto draft: KANJIDIC2 readings/radical; Korean meaning draft derived from local Korean word gloss or curated KANJIDIC English fallback.
P1,34,終,"[""끝""]","[""end"", ""finish""]",copied_linked_word_gloss,7,"N1:終始=시종, 처음부터 끝까지 | N2:終点=종점 | N2:始終=항상, 끊임없이 | N2:終了=종료 | N3:最終=최종",auto,Auto draft: KANJIDIC2 readings/radical; Korean meaning draft derived from local Korean word gloss or curated KANJIDIC English fallback.
P1,34,縮,"[""줄어들다"", ""쪼글쪼글해지다""]","[""shrink"", ""contract"", ""shrivel"", ""wrinkle"", ""reduce""]",copied_linked_word_gloss,7,"N1:短縮=단축 | N1:凝縮=응축 | N2:恐縮=죄송함, 황송함 | N2:縮む=줄어들다,쪼글쪼글해지다 | N2:縮める=줄어들다",auto,Auto draft: KANJIDIC2 readings/radical; Korean meaning draft derived from local Korean word gloss or curated KANJIDIC English fallback.
P1,34,美,"[""아름답다""]","[""beauty"", ""beautiful""]",copied_linked_word_gloss,7,"N1:優美=우아함 | N1:褒美=포상, 상 | N1:賛美=찬미, 찬양 | N2:美容=미용 | N3:美しい=아름답다",auto,Auto draft: KANJIDIC2 readings/radical; Korean meaning draft derived from local Korean word gloss or curated KANJIDIC English fallback.
P1,34,義,"[""의리"", ""정의"", ""뜻""]","[""righteousness"", ""justice"", ""morality"", ""honor"", ""loyalty"", ""meaning""]",copied_linked_word_gloss,7,"N1:定義=정의 | N1:義理=의리, 의무 | N1:正義=정의(正義) | N2:講義=강의 | N2:意義=의미, 뜻, 의의, 중요성",auto,Auto draft: KANJIDIC2 readings/radical; Korean meaning draft derived from local Korean word gloss or curated KANJIDIC English fallback.
P1,34,読,"[""읽다""]","[""read""]",copied_linked_word_gloss,7,N1:購読=구독 | N1:朗読=낭독 | N1:講読=강독 | N2:句読点=구두점 | N3:読み=읽기,auto,Auto draft: KANJIDIC2 readings/radical; Korean meaning draft derived from local Korean word gloss or curated KANJIDIC English fallback.
P1,34,講,"[""강의"", ""강연""]","[""lecture"", ""club"", ""association""]",copied_linked_word_gloss,7,N1:講習=강습 | N1:講読=강독 | N2:休講=휴강 | N2:講義=강의 | N2:講師=강사,auto,Auto draft: KANJIDIC2 readings/radical; Korean meaning draft derived from local Korean word gloss or curated KANJIDIC English fallback.
P1,34,軽,"[""가볍다""]","[""lightly"", ""trifling"", ""unimportant""]",copied_linked_word_gloss,7,"N1:手軽=쉬운, 단순한 | N1:軽減=경감 | N1:軽率な=경솔한 | N1:軽蔑=경멸 | N1:軽快な=경쾌한",auto,Auto draft: KANJIDIC2 readings/radical; Korean meaning draft derived from local Korean word gloss or curated KANJIDIC English fallback.
P1,34,辞,"[""그만두다"", ""퇴직하다""]","[""resign"", ""word"", ""term"", ""expression""]",copied_linked_word_gloss,7,"N1:辞職=사직 | N1:お世辞=아첨, 입에 발린 말 | N1:辞任=사임 | N1:世辞=아첨, 빈말 | N3:辞める=그만두다, 퇴직하다",auto,Auto draft: KANJIDIC2 readings/radical; Korean meaning draft derived from local Korean word gloss or curated KANJIDIC English fallback.
P1,34,遅,"[""지연"", ""늦음""]","[""slow"", ""late"", ""back"", ""later""]",copied_linked_word_gloss,7,"N1:遅らす=늦추다, 지연시키다 | N1:遅くとも=늦어도 | N1:手遅れ=너무 늦음, 때늦음 | N3:遅い=느리다, 늦다 | N3:遅れ=지연, 늦음",auto,Auto draft: KANJIDIC2 readings/radical; Korean meaning draft derived from local Korean word gloss or curated KANJIDIC English fallback.
P1,34,閉,"[""닫히다""]","[""closed"", ""shut""]",copied_linked_word_gloss,7,"N1:閉口する=난처하다, 기막히다 | N1:閉鎖する=폐쇄하다 | N1:閉鎖=폐쇄 | N2:閉会=폐회 | N3:閉じる=(눈을)감다,(책을)덮다; 닫다, (눈을)감다",auto,Auto draft: KANJIDIC2 readings/radical; Korean meaning draft derived from local Korean word gloss or curated KANJIDIC English fallback.
P1,34,飛,"[""날다""]","[""fly"", ""skip (pages)"", ""scatter""]",copied_linked_word_gloss,7,N1:蹴飛ばす=걷어차다 | N2:飛び込む=뛰어들다 | N2:飛躍的=비약적 | N3:飛び出す=뛰쳐나가다 | N3:飛ぶ=날다,auto,Auto draft: KANJIDIC2 readings/radical; Korean meaning draft derived from local Korean word gloss or curated KANJIDIC English fallback.
P1,33,与,"[""주다"", ""수여하다""]","[""bestow"", ""participate in"", ""give"", ""award"", ""impart"", ""provide"", ""cause"", ""gift"", ""godsend""]",copied_linked_word_gloss,6,"N1:寄与=기여 | N1:与党=여당, 집권당 | N1:関与=관여 | N1:供与=공여,제공 | N2:給与=급여",auto,Auto draft: KANJIDIC2 readings/radical; Korean meaning draft derived from local Korean word gloss or curated KANJIDIC English fallback.
P1,33,並,"[""한줄로서다"", ""늘어서다""]","[""row"", ""and"", ""besides"", ""as well as"", ""line up"", ""rank with"", ""rival"", ""equal""]",copied_linked_word_gloss,5,"N1:並びに=및, 그리고 | N2:並行=나란히(가다), 동시의, 동시에 | N2:並木=가로수, 가로수길 | N3:並ぶ=한줄로서다,늘어서다 | N5:並べる=진열하다",auto,Auto draft: KANJIDIC2 readings/radical; Korean meaning draft derived from local Korean word gloss or curated KANJIDIC English fallback.
P1,33,乱,"[""흐트러지다"", ""혼란해지다""]","[""riot"", ""war"", ""disorder"", ""disturb""]",copied_linked_word_gloss,6,"N1:内乱=내란 | N1:乱用=남용 | N1:混乱する=혼란스럽다 | N2:乱れる=흐트러지다,혼란해지다 | N2:乱暴=난폭함, 거칠음",auto,Auto draft: KANJIDIC2 readings/radical; Korean meaning draft derived from local Korean word gloss or curated KANJIDIC English fallback.
P1,33,乾,"[""마르다"", ""건조되다""]","[""drought"", ""dry"", ""desiccate"", ""drink up"", ""heaven"", ""emperor""]",copied_linked_word_gloss,6,"N2:乾杯=건배 | N2:乾燥=건조 | N2:乾燥する=건조하다 | N2:乾電池=건전지 | N2:乾かす=마르다, 말리다(옷 등)",auto,Auto draft: KANJIDIC2 readings/radical; Korean meaning draft derived from local Korean word gloss or curated KANJIDIC English fallback.
P1,33,互,"[""서로""]","[""mutually"", ""reciprocally"", ""together""]",copied_linked_word_gloss,6,"N1:互角だ=호각이다, 백중세다 | N1:互角=호각,백중세 | N1:交互=교호, 번갈아 | N2:相互=상호의 | N3:互い=서로",auto,Auto draft: KANJIDIC2 readings/radical; Korean meaning draft derived from local Korean word gloss or curated KANJIDIC English fallback.
P1,33,似,"[""닮다"", ""비슷하다""]","[""becoming"", ""resemble"", ""counterfeit"", ""imitate"", ""suitable""]",copied_linked_word_gloss,5,"N1:似通う=서로 닮다, 비슷하다 | N2:真似る=흉내 내다, 모방하다 | N3:真似=흉내 | N4:似合う=어울리다 | N4:似る=닮다, 비슷하다",auto,Auto draft: KANJIDIC2 readings/radical; Korean meaning draft derived from local Korean word gloss or curated KANJIDIC English fallback.
P1,33,供,"[""수행"", ""동행""]","[""submit"", ""offer"", ""present"", ""serve (meal)"", ""accompany""]",copied_linked_word_gloss,5,"N1:提供=제공 | N1:お供=수행, 동행 | N1:供与=공여,제공 | N3:供給=공급 | N5:子供=아이, 어린이",auto,Auto draft: KANJIDIC2 readings/radical; Korean meaning draft derived from local Korean word gloss or curated KANJIDIC English fallback.
P1,33,側,"[""쪽"", ""측면""]","[""side"", ""lean"", ""oppose"", ""regret""]",copied_linked_word_gloss,5,"N1:縁側=툇마루, 베란다 | N1:側面=쪽, 측면 | N2:両側=양쪽, 양측 | N3:裏側=뒤쪽,안쪽 | N3:内側=안쪽",auto,Auto draft: KANJIDIC2 readings/radical; Korean meaning draft derived from local Korean word gloss or curated KANJIDIC English fallback.
P1,33,催,"[""행사"", ""이벤트""]","[""sponsor"", ""hold (a meeting)"", ""give (a dinner)""]",copied_linked_word_gloss,5,"N1:催促=재촉 | N1:開催=개최 | N1:主催=주최 | N2:催し=행사, 이벤트 | N2:催す=개최하다",auto,Auto draft: KANJIDIC2 readings/radical; Korean meaning draft derived from local Korean word gloss or curated KANJIDIC English fallback.
P1,33,元,"[""근원"", ""이전"", ""전(前)""]","[""beginning"", ""former time"", ""origin""]",context_parentheses,11,"N1:手元=수중, 손 가까이 | N1:還元=환원 | N1:元素=원소 | N1:元年=원년 | N1:元首=원수, 국가 원수",auto,Auto draft: KANJIDIC2 readings/radical; Korean meaning draft derived from local Korean word gloss or curated KANJIDIC English fallback.
P1,33,免,"[""면하다"", ""모면하다""]","[""excuse"", ""dismissal""]",copied_linked_word_gloss,5,"N1:免除=면제 | N1:免れる=면하다, 모면하다 | N2:御免=미안함; 사양 | N2:免税=면세 | N3:免許=면허",auto,Auto draft: KANJIDIC2 readings/radical; Korean meaning draft derived from local Korean word gloss or curated KANJIDIC English fallback.
P1,33,初,"[""처음으로""]","[""first time"", ""beginning""]",copied_linked_word_gloss,6,"N2:初歩=초보, 기초 | N2:初級=초급 | N2:初めに=처음에, 우선 | N2:初旬=초순 | N4:最初=처음, 최초",auto,Auto draft: KANJIDIC2 readings/radical; Korean meaning draft derived from local Korean word gloss or curated KANJIDIC English fallback.
P1,33,刺,"[""찌르다"", ""쏘다""]","[""thorn"", ""pierce"", ""stab"", ""prick"", ""sting"", ""calling card""]",copied_linked_word_gloss,6,"N1:刺繍=자수 | N1:刺激=자극 | N2:刺身=회, 생선회 | N2:刺さる=박히다, 꽂히다 | N2:名刺=명함",auto,Auto draft: KANJIDIC2 readings/radical; Korean meaning draft derived from local Korean word gloss or curated KANJIDIC English fallback.
P1,33,効,"[""효과가 있다"", ""듣다""]","[""merit"", ""efficacy"", ""efficiency"", ""benefit""]",copied_linked_word_gloss,6,N1:効率=효율 | N1:無効=무효 | N2:効力=효력 | N2:有効=유효 | N3:効果=효과,auto,Auto draft: KANJIDIC2 readings/radical; Korean meaning draft derived from local Korean word gloss or curated KANJIDIC English fallback.
P1,33,包,"[""꾸러미"", ""보따리""]","[""wrap"", ""pack up"", ""cover"", ""conceal""]",copied_linked_word_gloss,5,"N2:包帯=붕대 | N2:包丁=식칼 | N2:包装=포장 | N3:包み=꾸러미, 보따리 | N3:包む=싸다,포장하다",auto,Auto draft: KANJIDIC2 readings/radical; Korean meaning draft derived from local Korean word gloss or curated KANJIDIC English fallback.
P1,33,医,"[""의사"", ""의학""]","[""doctor"", ""medicine""]",copied_linked_word_gloss,6,"N3:医療=의료 | N3:医師=의사 | N3:医院=의원, 병원 | N4:医学=의학 | N4:歯医者=치과의사",auto,Auto draft: KANJIDIC2 readings/radical; Korean meaning draft derived from local Korean word gloss or curated KANJIDIC English fallback.
P1,33,協,"[""협력""]","[""co-"", ""cooperation""]",copied_linked_word_gloss,6,N1:妥協=타협 | N1:協定=협정 | N1:協会=협회 | N3:協議=협의 | N3:協力する=협력하다,auto,Auto draft: KANJIDIC2 readings/radical; Korean meaning draft derived from local Korean word gloss or curated KANJIDIC English fallback.
P1,33,厳,"[""엄숙함"", ""장엄함""]","[""stern"", ""strictness"", ""severity"", ""rigidity""]",copied_linked_word_gloss,5,"N1:厳正な=엄정한 | N1:厳密=엄밀함 | N1:厳か=엄숙함, 장엄함 | N2:厳重=엄중함 | N3:厳しい=엄하다, 엄격하다",auto,Auto draft: KANJIDIC2 readings/radical; Korean meaning draft derived from local Korean word gloss or curated KANJIDIC English fallback.
P1,33,友,"[""친구""]","[""friend""]",copied_linked_word_gloss,5,"N2:友好=우호, 친선 | N3:友情=우정 | N3:友人=친구, 벗 | N3:親友=친한 친구 | N5:友達=친구",auto,Auto draft: KANJIDIC2 readings/radical; Korean meaning draft derived from local Korean word gloss or curated KANJIDIC English fallback.
P1,33,古,"[""오래되다"", ""낡다""]","[""old""]",copied_linked_word_gloss,6,"N1:考古学=고고학 | N1:古代=고대 | N2:古典=고전 | N2:稽古=연습, 수련 | N3:中古=중고",auto,Auto draft: KANJIDIC2 readings/radical; Korean meaning draft derived from local Korean word gloss or curated KANJIDIC English fallback.
P1,33,周,"[""주변""]","[""circumference"", ""circuit"", ""lap""]",copied_linked_word_gloss,5,"N1:周期=주기, 사이클, 기간, 시대 | N2:周辺=주변 | N2:円周=원주, 둘레 | N3:周囲=주위, 둘레 | N4:周り=주변",auto,Auto draft: KANJIDIC2 readings/radical; Korean meaning draft derived from local Korean word gloss or curated KANJIDIC English fallback.
P1,33,呼,"[""부르다""]","[""call"", ""call out to"", ""invite""]",copied_linked_word_gloss,5,"N2:呼び止める=불러세우다 | N2:呼び出す=불러내다, 호출하다 | N3:呼び掛ける=호소하다,당부하다 | N3:呼吸=호흡 | N5:呼ぶ=부르다",auto,Auto draft: KANJIDIC2 readings/radical; Korean meaning draft derived from local Korean word gloss or curated KANJIDIC English fallback.
P1,33,商,"[""장사하다""]","[""make a deal"", ""selling"", ""dealing in"", ""merchant""]",copied_linked_word_gloss,6,N1:商う=장사하다 | N2:商店=상점 | N2:商社=종합 무역 회사 | N3:商品=상품 | N3:商業=상업,auto,Auto draft: KANJIDIC2 readings/radical; Korean meaning draft derived from local Korean word gloss or curated KANJIDIC English fallback.
P1,33,営,"[""영위하다"", ""경영하다""]","[""camp"", ""perform"", ""build"", ""conduct (business)""]",copied_linked_word_gloss,5,"N1:営む=영위하다, 경영하다 | N1:運営=운영 | N3:経営学=경영학 | N3:経営=경영 | N3:営業=영업",auto,Auto draft: KANJIDIC2 readings/radical; Korean meaning draft derived from local Korean word gloss or curated KANJIDIC English fallback.
P1,33,固,"[""굳고 단단하다"", ""완고하다""]","[""harden"", ""set"", ""clot"", ""curdle""]",copied_linked_word_gloss,5,"N1:固定=고정 | N1:固有=고유 | N1:頑固=완고함, 고집 | N2:固まる=굳어지다, 되다 단단한, 확고한 | N4:固い=굳고 단단하다; 완고하다",auto,Auto draft: KANJIDIC2 readings/radical; Korean meaning draft derived from local Korean word gloss or curated KANJIDIC English fallback.
P1,33,坊,"[""소년"", ""남자아이""]","[""boy"", ""priest's residence"", ""priest""]",copied_linked_word_gloss,6,"N2:朝寝坊=늦잠, 늦게 일어나는 사람 | N2:坊さん=스님, 승려 | N2:坊や=소년, 남자아이 | N2:坊っちゃん=도련님, 아드님 | N4:寝坊=늦잠",auto,Auto draft: KANJIDIC2 readings/radical; Korean meaning draft derived from local Korean word gloss or curated KANJIDIC English fallback.
P1,33,埋,"[""묻다"", ""메우다"", ""채우다""]","[""bury"", ""be filled up"", ""embedded""]",copied_linked_word_gloss,5,"N1:埋め込む=묻어 넣다, 삽입하다 | N1:埋める=묻다, 채우다 | N1:埋蔵=매장 | N3:埋める=묻다,메우다,채우다 | N3:埋まる=메워지다, 묻히다",auto,Auto draft: KANJIDIC2 readings/radical; Korean meaning draft derived from local Korean word gloss or curated KANJIDIC English fallback.
P1,33,守,"[""지키다""]","[""guard"", ""protect"", ""defend"", ""obey""]",copied_linked_word_gloss,5,"N1:守備=수비 | N1:保守=보수적인 | N2:留守番=집보기, 집 지키는 사람 | N3:留守=부재(중) | N3:守る=지키다",auto,Auto draft: KANJIDIC2 readings/radical; Korean meaning draft derived from local Korean word gloss or curated KANJIDIC English fallback.
P1,33,尊,"[""소중하다"", ""존귀하다""]","[""revered"", ""valuable"", ""precious"", ""noble"", ""exalted""]",copied_linked_word_gloss,5,"N1:自尊心=자존심 | N1:尊い=소중하다, 존귀하다 | N1:尊ぶ=공경하다, 존중하다 | N3:尊敬=존경 | N3:尊重=존중",auto,Auto draft: KANJIDIC2 readings/radical; Korean meaning draft derived from local Korean word gloss or curated KANJIDIC English fallback.
P1,33,導,"[""이끌다"", ""인도하다""]","[""guidance"", ""leading"", ""conduct"", ""usher""]",copied_linked_word_gloss,6,"N1:導く=이끌다, 인도하다 | N1:誘導=유도, 이끎 | N1:導入=도입 | N1:主導=주도 | N3:指導する=지도하다",auto,Auto draft: KANJIDIC2 readings/radical; Korean meaning draft derived from local Korean word gloss or curated KANJIDIC English fallback.
P1,33,属,"[""속하다""]","[""belong"", ""genus"", ""subordinate official"", ""affiliated""]",copied_linked_word_gloss,6,"N1:配属=배속 | N1:所属=붙은, 첨부된 | N1:従属=종속 | N2:属する=속하다 | N2:付属=부속, 소속",auto,Auto draft: KANJIDIC2 readings/radical; Korean meaning draft derived from local Korean word gloss or curated KANJIDIC English fallback.
P1,33,帰,"[""돌아옴"", ""귀가""]","[""homecoming"", ""arrive at"", ""lead to"", ""result in""]",copied_linked_word_gloss,5,"N2:お帰り=(어서) 돌아옴; 어서 와요 | N2:日帰り=날, 하루 여행 | N3:帰宅=귀가 | N4:帰る=돌아가(오)다 | N4:帰り=돌아옴, 귀가",auto,Auto draft: KANJIDIC2 readings/radical; Korean meaning draft derived from local Korean word gloss or curated KANJIDIC English fallback.
P1,33,干,"[""말리다"", ""건조시키다"", ""널다""]","[""dry"", ""parch"", ""ebb"", ""recede"", ""interfere"", ""intercede""]",copied_linked_word_gloss,5,"N1:若干=약간 | N1:干渉する=간섭하다 | N1:干渉=간섭 | N1:梅干し=우메보시(매실 장아찌) | N3:干す=말리다,건조시키다,널다",auto,Auto draft: KANJIDIC2 readings/radical; Korean meaning draft derived from local Korean word gloss or curated KANJIDIC English fallback.
P1,33,延,"[""연인원"", ""총계"", ""연장""]","[""prolong"", ""stretching""]",copied_linked_word_gloss,6,"N1:延べ=연인원, 총계, 연장 | N2:延長=연장, 확장 | N3:延ばす=(시일을)연장시키다,미루다; 연장하다, 연기하다 | N3:延期する=연기하다 | N3:延びる=연장되다, 늘어나다",auto,Auto draft: KANJIDIC2 readings/radical; Korean meaning draft derived from local Korean word gloss or curated KANJIDIC English fallback.
P1,33,態,"[""태도"", ""상태""]","[""attitude"", ""condition"", ""figure"", ""appearance"", ""voice (of verbs)""]",copied_linked_word_gloss,5,"N1:実態=실태 | N1:態勢=태세, 자세 | N2:態度=태도 | N3:状態=상태, 상황 | N3:形態=형태",auto,Auto draft: KANJIDIC2 readings/radical; Korean meaning draft derived from local Korean word gloss or curated KANJIDIC English fallback.
P1,33,慣,"[""익숙함"", ""버릇""]","[""accustomed"", ""get used to"", ""become experienced""]",copied_linked_word_gloss,6,"N1:慣例=관례 | N1:慣習=관습 | N1:慣れ=익숙함, 버릇 | N2:慣れる=적응되다,익숙하다 | N2:見慣れる=눈에익숙하다",auto,Auto draft: KANJIDIC2 readings/radical; Korean meaning draft derived from local Korean word gloss or curated KANJIDIC English fallback.
P1,33,担,"[""짊어지다"", ""메다""]","[""shouldering"", ""carry"", ""raise"", ""bear""]",copied_linked_word_gloss,6,"N1:分担する=분담하다 | N1:分担=분담 | N2:担う=짊어지다,메다 | N2:担ぐ=메다, 짊어지다 | N2:負担=부담",auto,Auto draft: KANJIDIC2 readings/radical; Korean meaning draft derived from local Korean word gloss or curated KANJIDIC English fallback.
P1,33,拝,"[""절하다"", ""경배하다""]","[""worship"", ""adore"", ""pray to""]",copied_linked_word_gloss,5,"N1:拝啓=삼가 아룁니다 | N1:崇拝=숭배 | N1:拝借=빌림, 빌리다 | N1:拝む=절하다,경배하다 | N2:拝見する='보다,읽다'의겸양",auto,Auto draft: KANJIDIC2 readings/radical; Korean meaning draft derived from local Korean word gloss or curated KANJIDIC English fallback.
P1,33,撃,"[""공격하다"", ""쏘다"", ""촬영하다""]","[""beat"", ""attack"", ""defeat"", ""conquer""]",copied_linked_word_gloss,5,"N1:襲撃=습격 | N1:衝撃=충격 | N1:打撃=타격 | N3:撃つ=공격하다, 쏘다, 촬영하다 | N3:攻撃=공격",auto,Auto draft: KANJIDIC2 readings/radical; Korean meaning draft derived from local Korean word gloss or curated KANJIDIC English fallback.
P1,33,敗,"[""패배"", ""실패""]","[""failure"", ""defeat"", ""reversal""]",copied_linked_word_gloss,6,"N1:敗北=패배 | N1:失敗する=실패하다, 실수하다 | N1:敗戦=패전 | N1:腐敗=부패 | N2:勝敗=승패",auto,Auto draft: KANJIDIC2 readings/radical; Korean meaning draft derived from local Korean word gloss or curated KANJIDIC English fallback.
P1,33,敷,"[""깔다"", ""펼치다""]","[""spread"", ""pave"", ""sit"", ""promulgate""]",copied_linked_word_gloss,5,"N1:屋敷=저택 | N2:敷く=깔다, 펼치다 | N2:風呂敷=보자기 | N2:敷地=부지, 대지 | N2:座敷=다다미 방",auto,Auto draft: KANJIDIC2 readings/radical; Korean meaning draft derived from local Korean word gloss or curated KANJIDIC English fallback.
P1,33,施,"[""베풀다"", ""행하다""]","[""give"", ""bestow"", ""perform"", ""alms""]",copied_linked_word_gloss,5,"N1:施す=베풀다,행하다 | N1:施設=시설 | N1:施行=시행 | N1:施錠する=자물쇠를 채우다, 잠그다 | N3:実施=실시, 시행",auto,Auto draft: KANJIDIC2 readings/radical; Korean meaning draft derived from local Korean word gloss or curated KANJIDIC English fallback.
P1,33,暖,"[""따뜻하다""]","[""warmth""]",copied_linked_word_gloss,5,"N2:温暖=온난 | N3:暖まる=따뜻해지다 | N3:暖める=데우다, 따뜻하게 하다 | N4:暖房=난방 | N5:暖かい=따뜻하다",auto,Auto draft: KANJIDIC2 readings/radical; Korean meaning draft derived from local Korean word gloss or curated KANJIDIC English fallback.
P1,33,暴,"[""난폭하게굴다"", ""날뛰다""]","[""outburst"", ""rave"", ""fret"", ""force"", ""violence"", ""cruelty"", ""outrage""]",copied_linked_word_gloss,5,"N1:暴力=폭력 | N1:暴露=폭로 | N1:暴動=폭동 | N2:暴れる=난폭하게굴다,날뛰다 | N2:乱暴=난폭함, 거칠음",auto,Auto draft: KANJIDIC2 readings/radical; Korean meaning draft derived from local Korean word gloss or curated KANJIDIC English fallback.
P1,33,更,"[""더욱"", ""게다가""]","[""grow late"", ""night watch"", ""sit up late"", ""of course"", ""renew"", ""renovate"", ""again"", ""more and more"", ""further""]",copied_linked_word_gloss,5,"N1:今更=이제와서,새삼스럽게 | N1:夜更かし=밤늦게까지 깨어 있음 | N2:更ける=깊어지다, 밤이 늦어지다 | N2:変更=변경 | N3:更に=더욱, 게다가",auto,Auto draft: KANJIDIC2 readings/radical; Korean meaning draft derived from local Korean word gloss or curated KANJIDIC English fallback.
P1,33,植,"[""심다""]","[""plant""]",copied_linked_word_gloss,6,"N1:植わる=심어져 있다 | N1:植民地=식민지 | N2:植木=정원수, 화분 | N2:田植え=모내기 | N3:植物=식물",auto,Auto draft: KANJIDIC2 readings/radical; Korean meaning draft derived from local Korean word gloss or curated KANJIDIC English fallback.
P1,33,歴,"[""역사"", ""경력""]","[""curriculum"", ""continuation"", ""passage of time""]",copied_linked_word_gloss,5,"N1:履歴=이력 | N1:歴然と=역연히,또렷하게 | N1:経歴=경력 | N2:歴史=역사 | N3:学歴=학력",auto,Auto draft: KANJIDIC2 readings/radical; Korean meaning draft derived from local Korean word gloss or curated KANJIDIC English fallback.
P1,33,死,"[""죽다""]","[""death"", ""die""]",copied_linked_word_gloss,5,N1:死刑=사형 | N1:生死=생사 | N2:死体=시체 | N3:死亡=죽음 | N4:死ぬ=죽다,auto,Auto draft: KANJIDIC2 readings/radical; Korean meaning draft derived from local Korean word gloss or curated KANJIDIC English fallback.
P1,33,比,"[""비교하다""]","[""compare"", ""race"", ""ratio"", ""Philippines""]",copied_linked_word_gloss,5,N1:対比=대비 | N1:比例=비례 | N2:比較的=비교적 | N3:比較=비교 | N4:比べる=비교하다,auto,Auto draft: KANJIDIC2 readings/radical; Korean meaning draft derived from local Korean word gloss or curated KANJIDIC English fallback.
P1,33,汚,"[""더럽다"", ""지저분하다""]","[""dirty"", ""pollute"", ""disgrace"", ""rape"", ""defile""]",copied_linked_word_gloss,5,"N3:汚い=더럽다,지저분하다; 더럽다, 지저분하다 | N3:汚れ=더러움,오염 | N3:汚す=더럽히다 | N3:汚染=오염 | N3:汚れる=더러워지다",auto,Manual format normalization 2026-08-18: 중복 뜻 제거.
P1,33,浮,"[""뜨다""]","[""floating"", ""float"", ""rise to surface""]",copied_linked_word_gloss,5,"N1:浮気=바람기, 바람피움 | N1:浮かれる=들뜨다,신나다 | N2:浮く=뜨다 | N2:浮かべる=뜨다, 표현하다 | N2:浮かぶ=뜨다, 떠오르다",auto,Auto draft: KANJIDIC2 readings/radical; Korean meaning draft derived from local Korean word gloss or curated KANJIDIC English fallback.
P1,33,浴,"[""목욕하다"", ""샤워하다""]","[""bathe"", ""be favored with"", ""bask in""]",copied_linked_word_gloss,5,"N1:入浴=목욕하다, 목욕 | N1:浴室=욕실 | N2:浴衣=유카타, 여름 기모노 | N2:海水浴=해수욕 | N5:浴びる=목욕하다, 샤워하다",auto,Auto draft: KANJIDIC2 readings/radical; Korean meaning draft derived from local Korean word gloss or curated KANJIDIC English fallback.
P1,33,清,"[""맑다"", ""깨끗하다""]","[""pure"", ""purify"", ""cleanse"", ""exorcise"", ""Manchu dynasty""]",copied_linked_word_gloss,6,"N1:清々しい=상쾌하다, 시원하다 | N1:清い=맑다,깨끗하다 | N2:清掃=청소 | N2:清書=정서, 깨끗이 옮겨 씀 | N3:清潔だ=청결하다",auto,Auto draft: KANJIDIC2 readings/radical; Korean meaning draft derived from local Korean word gloss or curated KANJIDIC English fallback.
P1,33,測,"[""재다"", ""측정하다""]","[""fathom"", ""plan"", ""scheme"", ""measure""]",copied_linked_word_gloss,6,"N1:推測=추측 | N2:観測=관측 | N2:測量=측정, 조사 | N2:測定=측정 | N3:予測=예측",auto,Manual format normalization 2026-08-18: 쉼표로 분리된 문맥형 뜻을 기본 의미로 정리.
P1,33,湿,"[""축축해지다"", ""습기차다""]","[""damp"", ""wet"", ""moist""]",copied_linked_word_gloss,5,"N1:湿気る=습기를 머금다, 축축해지다 | N2:湿る=축축해지다,습기차다 | N2:湿気=수분, 습도, 습기 | N3:湿気=수분, 습도, 습기 | N3:湿度=습도",auto,Auto draft: KANJIDIC2 readings/radical; Korean meaning draft derived from local Korean word gloss or curated KANJIDIC English fallback.
P1,33,溶,"[""풀다"", ""개다""]","[""melt"", ""dissolve"", ""thaw""]",copied_linked_word_gloss,5,"N2:溶け込む=녹다 안으로, 되다 부분 의 | N2:溶岩=용암 | N2:溶かす=녹이다 | N3:溶ける=녹다 | N3:溶く=풀다, 개다",auto,Auto draft: KANJIDIC2 readings/radical; Korean meaning draft derived from local Korean word gloss or curated KANJIDIC English fallback.
P1,33,滑,"[""미끄러지다""]","[""slippery"", ""slide"", ""slip"", ""fail exam""]",copied_linked_word_gloss,5,"N1:滑稽=익살스러움, 우스움 | N1:円滑だ=원활하다 | N1:滑らか=매끄러움 | N1:円滑=원활 | N4:滑る=미끄러지다",auto,Auto draft: KANJIDIC2 readings/radical; Korean meaning draft derived from local Korean word gloss or curated KANJIDIC English fallback.
P1,33,潔,"[""깨끗하다"", ""후련하다""]","[""undefiled"", ""pure"", ""clean"", ""righteous"", ""gallant""]",copied_linked_word_gloss,6,"N1:潔い=깨끗하다,후련하다 | N1:簡潔=간결함 | N2:不潔=불결함 | N2:簡潔だ=간결하다 | N3:清潔だ=청결하다",auto,Auto draft: KANJIDIC2 readings/radical; Korean meaning draft derived from local Korean word gloss or curated KANJIDIC English fallback.
P1,33,激,"[""격하다"", ""심하다""]","[""violent"", ""get excited"", ""enraged"", ""chafe"", ""incite""]",copied_linked_word_gloss,5,"N1:激励=격려 | N1:刺激=자극 | N2:激しい=격하다,심하다 | N2:激増=급증 | N3:感激=감격",auto,Auto draft: KANJIDIC2 readings/radical; Korean meaning draft derived from local Korean word gloss or curated KANJIDIC English fallback.
P1,33,照,"[""비추다""]","[""illuminate"", ""shine"", ""compare"", ""bashful""]",copied_linked_word_gloss,6,"N1:照会=조회,확인 | N1:照り返す=반사하다, 되비치다 | N1:照会する=조회하다 | N1:参照=참조 | N2:対照=대조, 대비",auto,Auto draft: KANJIDIC2 readings/radical; Korean meaning draft derived from local Korean word gloss or curated KANJIDIC English fallback.
P1,33,片,"[""조각"", ""한쪽""]","[""one-sided"", ""leaf"", ""sheet"", ""right-side kata radical (no. 91)""]",copied_linked_word_gloss,5,"N2:破片=파편, 조각 | N3:片道=편도 | N3:片方=한쪽 | N3:片付く=정리되다, 해결되다 | N4:片付ける=정리하다, 치우다",auto,Auto draft: KANJIDIC2 readings/radical; Korean meaning draft derived from local Korean word gloss or curated KANJIDIC English fallback.
P1,33,略,"[""생략하다"", ""줄이다""]","[""abbreviation"", ""omission"", ""outline"", ""shorten"", ""capture"", ""plunder""]",copied_linked_word_gloss,5,"N1:概略=개략 | N1:侵略=침략 | N2:略す=생략하다,줄이다 | N2:簡略=간략 | N2:簡略だ=간략하다",auto,Auto draft: KANJIDIC2 readings/radical; Korean meaning draft derived from local Korean word gloss or curated KANJIDIC English fallback.
P1,33,疑,"[""의심하다""]","[""doubt"", ""distrust"", ""be suspicious"", ""question""]",copied_linked_word_gloss,5,"N1:疑わしい=의심스럽다 | N1:質疑=질문 | N1:疑惑=의혹 | N3:疑問=의문, 질문 | N3:疑う=의심하다",auto,Auto draft: KANJIDIC2 readings/radical; Korean meaning draft derived from local Korean word gloss or curated KANJIDIC English fallback.
P1,33,眠,"[""졸리다""]","[""sleep"", ""die"", ""sleepy""]",copied_linked_word_gloss,5,"N1:冬眠=동면 | N1:眠たい=졸린 | N3:眠る=잠들다,자다 | N3:睡眠=자다 | N4:眠い=졸리다",auto,Auto draft: KANJIDIC2 readings/radical; Korean meaning draft derived from local Korean word gloss or curated KANJIDIC English fallback.
P1,33,示,"[""나타내다"", ""제시하다""]","[""show"", ""indicate"", ""point out"", ""express"", ""display""]",copied_linked_word_gloss,6,"N1:提示=제시 | N1:暗示=암시 | N1:展示=전시 | N3:示す=나타내다,제시하다 | N3:指示=지시",auto,Auto draft: KANJIDIC2 readings/radical; Korean meaning draft derived from local Korean word gloss or curated KANJIDIC English fallback.
P1,33,税,"[""세금""]","[""tax"", ""duty""]",copied_linked_word_gloss,6,N1:関税=관세 | N1:税務署=세무서 | N2:免税=면세 | N2:課税=과세 | N2:税関=세관,auto,Auto draft: KANJIDIC2 readings/radical; Korean meaning draft derived from local Korean word gloss or curated KANJIDIC English fallback.
P1,33,答,"[""답"", ""대답""]","[""solution"", ""answer""]",copied_linked_word_gloss,6,"N1:返答=대답, 응답 | N2:問答=문답, 대화 | N2:回答=회답, 답변 | N2:解答=해답 | N4:答える=대답하다",auto,Auto draft: KANJIDIC2 readings/radical; Korean meaning draft derived from local Korean word gloss or curated KANJIDIC English fallback.
P1,33,粘,"[""끈기"", ""점성""]","[""sticky"", ""glutinous"", ""greasy"", ""persevere""]",copied_linked_word_gloss,5,"N1:粘り強い=끈기있다 | N1:粘り=끈기, 점성 | N1:粘り強く=끈기 있게 | N1:粘る=끈기 있게 버티다 | N1:粘膜=점막",auto,Auto draft: KANJIDIC2 readings/radical; Korean meaning draft derived from local Korean word gloss or curated KANJIDIC English fallback.
P1,33,紛,"[""뒤섞이다""]","[""distract"", ""be mistaken for"", ""go astray"", ""divert""]",copied_linked_word_gloss,5,"N1:紛争=분쟁 | N1:紛糾する=분규하다, 분규를 겪다 | N1:紛らわしい=헷갈리다,혼란스럽다 | N1:紛失=분실 | N1:紛れる=뒤섞이다",auto,Auto draft: KANJIDIC2 readings/radical; Korean meaning draft derived from local Korean word gloss or curated KANJIDIC English fallback.
P1,33,緩,"[""느슨하다"", ""완만하다""]","[""slacken"", ""loosen"", ""relax"", ""lessen"", ""be moderate"", ""ease""]",copied_linked_word_gloss,5,"N1:緩やか=완만하다, 느슨하다 | N1:緩和=완화 | N1:緩める=완화하다,느슨하게하다 | N2:緩む=느슨해지다 | N3:緩い=느슨하다,엄하지않다; 느슨하다, 완만하다",auto,Manual format normalization 2026-08-18: 중복 제거 및 표현 정리.
P1,33,考,"[""생각"", ""견해""]","[""consider"", ""think over""]",copied_linked_word_gloss,6,"N1:考古学=고고학 | N1:考慮=고려 | N1:思考=생각 | N3:考え=생각, 견해 | N3:参考=참고, 참조",auto,Auto draft: KANJIDIC2 readings/radical; Korean meaning draft derived from local Korean word gloss or curated KANJIDIC English fallback.
P1,33,聞,"[""듣다""]","[""hear"", ""ask"", ""listen""]",copied_linked_word_gloss,5,"N1:聞き取り=듣기, 청취 | N4:聞こえる=들리다 | N4:新聞社=신문 회사 | N5:新聞=신문 | N5:聞く=듣다",auto,Auto draft: KANJIDIC2 readings/radical; Korean meaning draft derived from local Korean word gloss or curated KANJIDIC English fallback.
P1,33,舞,"[""춤추다"", ""흩날리다""]","[""dance"", ""flit"", ""circle"", ""wheel""]",copied_linked_word_gloss,5,"N1:舞う=춤추다, 흩날리다 | N2:振る舞う=행동하다, 대접하다 | N2:見舞う=문병하다, 방문하다 | N3:お見舞い=병문안 | N3:見舞い=문병, 위문",auto,Auto draft: KANJIDIC2 readings/radical; Korean meaning draft derived from local Korean word gloss or curated KANJIDIC English fallback.
P1,33,著,"[""현저하다"", ""두드러지다""]","[""renowned"", ""publish"", ""write"", ""remarkable"", ""phenomenal"", ""put on"", ""don"", ""wear"", ""arrival"", ""finish (race)"", ""counter for suits of clothing"", ""literary work""]",copied_linked_word_gloss,5,"N1:著書=저서 | N1:顕著な=현저한 | N1:著しい=현저하다, 두드러지다 | N1:著名=저명함, 유명함 | N3:著者=저자",auto,Auto draft: KANJIDIC2 readings/radical; Korean meaning draft derived from local Korean word gloss or curated KANJIDIC English fallback.
P1,33,薄,"[""얇다"", ""엷다""]","[""dilute"", ""thin"", ""weak (tea)"", ""pampas grass""]",copied_linked_word_gloss,6,"N1:手薄な=허술한,불충분한 | N1:薄々=희미하게, 어렴풋이 | N2:薄れる=엷어지다,약해지다 | N2:薄暗い=어슴푸레하다 | N2:薄める=희석하다, 묽게 하다",auto,Auto draft: KANJIDIC2 readings/radical; Korean meaning draft derived from local Korean word gloss or curated KANJIDIC English fallback.
P1,33,許,"[""허락하다"", ""용서하다""]","[""permit"", ""approve""]",copied_linked_word_gloss,5,"N1:特許=특허 | N1:許容=허용 | N3:免許=면허 | N3:許す=허락하다,용서하다 | N3:許可=허가, 승인",auto,Auto draft: KANJIDIC2 readings/radical; Korean meaning draft derived from local Korean word gloss or curated KANJIDIC English fallback.
P1,33,試,"[""시험하다"", ""시도하다""]","[""test"", ""try"", ""attempt"", ""experiment"", ""ordeal""]",copied_linked_word_gloss,5,"N1:試み=시도, 시험 | N2:試みる=시도해보다 | N3:試す=시험하다, 시도하다 | N4:試合=시합, 경기 | N4:試験=시험",auto,Auto draft: KANJIDIC2 readings/radical; Korean meaning draft derived from local Korean word gloss or curated KANJIDIC English fallback.
P1,33,認,"[""인정하다"", ""알아차리다""]","[""acknowledge"", ""witness"", ""discern"", ""recognize"", ""appreciate"", ""believe""]",copied_linked_word_gloss,5,"N1:認識=인식 | N1:公認=공인, 공식 승인 | N1:承認=승인 | N3:確認=확인 | N3:認める=인정하다, 알아차리다",auto,Auto draft: KANJIDIC2 readings/radical; Korean meaning draft derived from local Korean word gloss or curated KANJIDIC English fallback.
P1,33,貸,"[""빌려주다""]","[""lend""]",copied_linked_word_gloss,6,"N2:貸し出す=대출하다 | N2:貸間=셋방 | N2:貸家=셋집, 임대 주택 | N2:貸し出し=대출, 빌려줌, 빌린 것 | N3:貸し=대출, 빌린 것, 빌려줌",auto,Auto draft: KANJIDIC2 readings/radical; Korean meaning draft derived from local Korean word gloss or curated KANJIDIC English fallback.
P1,33,赤,"[""빨갛다"", ""붉다""]","[""red""]",copied_linked_word_gloss,6,"N1:赤字=적자 | N1:赤らむ=붉어지다, 얼굴이 붉어지다 | N2:赤道=적도 | N4:赤ちゃん=아기, 유아 | N4:赤ん坊=아기",auto,Auto draft: KANJIDIC2 readings/radical; Korean meaning draft derived from local Korean word gloss or curated KANJIDIC English fallback.
P1,33,越,"[""넘다"", ""건너다""]","[""surpass"", ""cross over"", ""move to"", ""exceed"", ""Vietnam""]",copied_linked_word_gloss,6,"N2:引っ越し=이사 | N2:乗り越し=지나쳐 탐 | N2:追い越す=지나다, 합격하다(차), 앞지르다 | N3:越える=넘다, 넘어서다 | N3:越す=넘다, 건너다",auto,Auto draft: KANJIDIC2 readings/radical; Korean meaning draft derived from local Korean word gloss or curated KANJIDIC English fallback.
P1,33,路,"[""길""]","[""path"", ""route"", ""road"", ""distance""]",copied_linked_word_gloss,5,"N1:回路=회로 | N1:経路=경로 | N2:線路=선로, 철길 | N2:通路=통로, 길 | N2:針路=(배·비행기의) 진로, 항로",auto,Auto draft: KANJIDIC2 readings/radical; Korean meaning draft derived from local Korean word gloss or curated KANJIDIC English fallback.
P1,33,迎,"[""마중"", ""맞이""]","[""welcome"", ""meet"", ""greet""]",copied_linked_word_gloss,5,"N1:歓迎=환영 | N2:出迎え=마중 | N2:出迎える=만나다, 인사하다 | N3:迎え=마중, 맞이 | N4:迎える=맞이하다",auto,Auto draft: KANJIDIC2 readings/radical; Korean meaning draft derived from local Korean word gloss or curated KANJIDIC English fallback.
P1,33,迫,"[""육박하다"", ""다가오다""]","[""urge"", ""force"", ""imminent"", ""spur on""]",copied_linked_word_gloss,5,"N1:圧迫=압박 | N1:迫害=박해 | N1:緊迫する=긴박하다 | N1:脅迫=협박 | N2:迫る=육박하다,다가오다",auto,Auto draft: KANJIDIC2 readings/radical; Korean meaning draft derived from local Korean word gloss or curated KANJIDIC English fallback.
P1,33,迷,"[""망설이다"", ""헤매다""]","[""astray"", ""be perplexed"", ""in doubt"", ""lost"", ""err"", ""illusion""]",copied_linked_word_gloss,5,"N2:迷惑だ=민폐이다 | N2:迷信=미신 | N3:迷子=미아 | N3:迷う=망설이다,헤매다 | N3:迷惑=민폐, 폐",auto,Auto draft: KANJIDIC2 readings/radical; Korean meaning draft derived from local Korean word gloss or curated KANJIDIC English fallback.
P1,33,選,"[""고르다"", ""선택하다""]","[""elect"", ""select"", ""choose"", ""prefer""]",copied_linked_word_gloss,6,N1:抽選=추첨 | N1:当選=당선 | N1:選出=선출 | N3:選手=선수 | N3:選択=선택,auto,Auto draft: KANJIDIC2 readings/radical; Korean meaning draft derived from local Korean word gloss or curated KANJIDIC English fallback.
P1,33,録,"[""기록""]","[""record""]",copied_linked_word_gloss,5,N1:目録=목록 | N1:付録=부록 | N2:録音=녹음 | N3:記録=기록 | N3:登録=등록,auto,Auto draft: KANJIDIC2 readings/radical; Korean meaning draft derived from local Korean word gloss or curated KANJIDIC English fallback.
P1,33,降,"[""내리다""]","[""descend"", ""precipitate"", ""fall"", ""surrender""]",copied_linked_word_gloss,6,"N1:降水=강수, 강우 | N2:下降=하강, 내려감 | N3:降伏=항복 | N3:降りる=내리다 | N3:以降=이후",auto,Auto draft: KANJIDIC2 readings/radical; Korean meaning draft derived from local Korean word gloss or curated KANJIDIC English fallback.
P1,33,障,"[""방해가되다"", ""지장이있다""]","[""hinder"", ""hurt"", ""harm""]",copied_linked_word_gloss,6,"N1:障る=방해가되다,지장이있다 | N1:支障=지장 | N1:気障=거슬림, 아니꼬움 | N2:障子=장지문 | N3:障害=장애",auto,Auto draft: KANJIDIC2 readings/radical; Korean meaning draft derived from local Korean word gloss or curated KANJIDIC English fallback.
P1,33,離,"[""떼다"", ""놓치다""]","[""detach"", ""separation"", ""disjoin"", ""digress""]",copied_linked_word_gloss,5,"N1:分離=분리 | N2:離れる=멀어지다,떨어지다 | N3:距離=거리 | N3:離す=떼다,놓치다 | N3:離婚=이혼",auto,Auto draft: KANJIDIC2 readings/radical; Korean meaning draft derived from local Korean word gloss or curated KANJIDIC English fallback.
P1,33,青,"[""파랗다""]","[""blue"", ""green""]",copied_linked_word_gloss,6,"N1:青春=청춘 | N2:青白い=창백한, 옅은 | N2:真っ青=새파랗다, 창백하다 | N2:青少年=청소년 | N3:青年=청년, 젊은이",auto,Auto draft: KANJIDIC2 readings/radical; Korean meaning draft derived from local Korean word gloss or curated KANJIDIC English fallback.
P1,33,頃,"[""요즘"", ""최근"", ""요즈음""]","[""time"", ""about"", ""toward""]",copied_linked_word_gloss,5,"N1:年頃=나이, 혼기, 사춘기 | N2:手頃=적당한, 편리한 | N2:その頃=그 무렵, 그때 | N3:近頃=요즘 | N4:この頃=요즘, 최근; 요즈음",auto,Auto draft: KANJIDIC2 readings/radical; Korean meaning draft derived from local Korean word gloss or curated KANJIDIC English fallback.
P1,33,頑,"[""완고함"", ""고집스러움""]","[""stubborn"", ""foolish"", ""firmly""]",copied_linked_word_gloss,5,"N1:頑丈=튼튼함, 견고함 | N1:頑固=완고함, 고집 | N1:頑な=완고함, 고집스러움 | N2:頑丈だ=튼튼하다 | N4:頑張る=열심히 하다, 노력하다",auto,Auto draft: KANJIDIC2 readings/radical; Korean meaning draft derived from local Korean word gloss or curated KANJIDIC English fallback.
P1,33,頼,"[""부탁하다""]","[""trust"", ""request""]",copied_linked_word_gloss,5,"N1:依頼=의뢰 | N2:信頼=신뢰 | N2:頼もしい=든든하다 | N3:頼む=부탁하다 | N3:頼る=의지하다,기대다",auto,Auto draft: KANJIDIC2 readings/radical; Korean meaning draft derived from local Korean word gloss or curated KANJIDIC English fallback.
P1,33,養,"[""기르다"", ""양육하다""]","[""foster"", ""bring up"", ""rear"", ""develop"", ""nurture""]",copied_linked_word_gloss,6,"N1:養護=양호, 보호 | N2:教養=교양 | N2:休養=휴양, 휴식 | N2:養分=양분, 영양분 | N2:養う=기르다,양육하다",auto,Auto draft: KANJIDIC2 readings/radical; Korean meaning draft derived from local Korean word gloss or curated KANJIDIC English fallback.
P1,33,驚,"[""놀라다""]","[""wonder"", ""be surprised"", ""frightened"", ""amazed""]",copied_linked_word_gloss,5,"N1:驚異=경이 | N1:驚嘆する=경탄하다, 놀라다 | N2:驚かす=놀라게 하다 | N3:驚き=놀라움 | N4:驚く=놀라다",auto,Auto draft: KANJIDIC2 readings/radical; Korean meaning draft derived from local Korean word gloss or curated KANJIDIC English fallback.
P1,32,他,"[""그 외"", ""그 밖""]","[""other"", ""another"", ""the others""]",copied_linked_word_gloss,4,"N1:他方=다른 한편 | N1:他動詞=타동사 | N2:その他=그 외, 그 밖 | N3:他人=타인",auto,Auto draft: KANJIDIC2 readings/radical; Korean meaning draft derived from local Korean word gloss or curated KANJIDIC English fallback.
P1,32,促,"[""촉구하다"", ""재촉하다""]","[""stimulate"", ""urge"", ""press"", ""demand"", ""incite""]",copied_linked_word_gloss,4,"N1:促進=촉진 | N1:督促=독촉 | N1:催促=재촉 | N1:促す=촉구하다,재촉하다",auto,Auto draft: KANJIDIC2 readings/radical; Korean meaning draft derived from local Korean word gloss or curated KANJIDIC English fallback.
P1,32,働,"[""일하다""]","[""work"", ""(kokuji)""]",copied_linked_word_gloss,4,N1:稼働=가동 | N1:共働き=맞벌이 | N3:労働=노동 | N4:働く=일하다,auto,Auto draft: KANJIDIC2 readings/radical; Korean meaning draft derived from local Korean word gloss or curated KANJIDIC English fallback.
P1,32,凝,"[""굳어지다""]","[""congeal"", ""freeze"", ""stiff"", ""be absorbed in""]",copied_linked_word_gloss,4,"N1:凝る=굳어지다 | N1:凝視する=응시하다 | N1:凝らす=집중하다, 정성을 들이다 | N1:凝縮=응축",auto,Auto draft: KANJIDIC2 readings/radical; Korean meaning draft derived from local Korean word gloss or curated KANJIDIC English fallback.
P1,32,各,"[""각각""]","[""each"", ""every"", ""either""]",copied_linked_word_gloss,4,"N1:各種=각종, 여러 종류 | N2:各々=각각 | N3:各地=각지 | N3:各自=각자",auto,Auto draft: KANJIDIC2 readings/radical; Korean meaning draft derived from local Korean word gloss or curated KANJIDIC English fallback.
P1,32,否,"[""부정하다"", ""거부하다""]","[""negate"", ""no"", ""noes"", ""refuse"", ""decline"", ""deny""]",copied_linked_word_gloss,4,"N1:否む=부정하다,거부하다 | N1:否めない=부정할 수 없다 | N1:拒否=거절 | N3:否定=부정",auto,Auto draft: KANJIDIC2 readings/radical; Korean meaning draft derived from local Korean word gloss or curated KANJIDIC English fallback.
P1,32,壊,"[""부수다"", ""망가뜨리다""]","[""demolition"", ""break"", ""destroy""]",copied_linked_word_gloss,4,"N1:崩壊=붕괴 | N1:壊す=부수다, 망가뜨리다 | N2:破壊=파괴 | N4:壊れる=망가지다, 깨지다, 고장나다",auto,Auto draft: KANJIDIC2 readings/radical; Korean meaning draft derived from local Korean word gloss or curated KANJIDIC English fallback.
P1,32,崩,"[""무너뜨리다"", ""흩뜨리다""]","[""crumble"", ""die"", ""demolish"", ""level""]",copied_linked_word_gloss,4,"N1:崩壊=붕괴 | N1:雪崩=눈사태 | N1:崩す=무너뜨리다,흩뜨리다 | N2:崩れる=무너지다,쓰러지다",auto,Auto draft: KANJIDIC2 readings/radical; Korean meaning draft derived from local Korean word gloss or curated KANJIDIC English fallback.
P1,32,巧,"[""교묘함"", ""솜씨 좋음""]","[""adroit"", ""skilled"", ""ingenuity""]",copied_linked_word_gloss,4,"N1:巧み=교묘함, 솜씨 좋음 | N1:巧妙=교묘함 | N1:精巧な=정교한 | N1:巧みだ=정교하다, 능숙하다",auto,Auto draft: KANJIDIC2 readings/radical; Korean meaning draft derived from local Korean word gloss or curated KANJIDIC English fallback.
P1,32,幼,"[""어리다""]","[""infancy"", ""childhood""]",copied_linked_word_gloss,4,"N2:幼稚園=유치원 | N2:幼児=유아, 어린아이 | N2:幼稚=유치함, 미숙함 | N2:幼い=어리다",auto,Auto draft: KANJIDIC2 readings/radical; Korean meaning draft derived from local Korean word gloss or curated KANJIDIC English fallback.
P1,32,庫,"[""창고""]","[""warehouse"", ""storehouse""]",copied_linked_word_gloss,4,N1:在庫=재고 | N2:車庫=차고 | N2:倉庫=창고 | N5:冷蔵庫=냉장고,auto,Auto draft: KANJIDIC2 readings/radical; Korean meaning draft derived from local Korean word gloss or curated KANJIDIC English fallback.
P1,32,必,"[""반드시""]","[""invariably"", ""certain"", ""inevitable""]",copied_linked_word_gloss,4,N2:必ずしも=반드시~인것은아니다 | N2:必需品=필수품 | N3:必ず=반드시 | N4:必要=필요한,auto,Auto draft: KANJIDIC2 readings/radical; Korean meaning draft derived from local Korean word gloss or curated KANJIDIC English fallback.
P1,32,恵,"[""은혜"", ""베풂""]","[""favor"", ""blessing"", ""grace"", ""kindness""]",copied_linked_word_gloss,4,"N1:恩恵=은혜 | N1:恵み=은혜, 베풂 | N2:恵まれる=혜택받다,은혜받다 | N3:知恵=지혜",auto,Auto draft: KANJIDIC2 readings/radical; Korean meaning draft derived from local Korean word gloss or curated KANJIDIC English fallback.
P1,32,憎,"[""밉다""]","[""hate"", ""detest""]",copied_linked_word_gloss,4,"N1:憎しみ=증오, 미움 | N2:憎らしい=얄밉다, 밉살스럽다 | N2:憎い=밉다 | N2:憎む=싫어하다, 미워하다",auto,Auto draft: KANJIDIC2 readings/radical; Korean meaning draft derived from local Korean word gloss or curated KANJIDIC English fallback.
P1,32,扱,"[""취급하다""]","[""handle"", ""entertain"", ""thresh"", ""strip""]",copied_linked_word_gloss,4,"N1:取り扱い=취급, 다룸 | N1:扱い=취급, 다룸 | N2:取り扱う=취급하다 | N3:扱う=취급하다",auto,Auto draft: KANJIDIC2 readings/radical; Korean meaning draft derived from local Korean word gloss or curated KANJIDIC English fallback.
P1,32,承,"[""삼가듣다"", ""받잡다""]","[""acquiesce"", ""hear"", ""listen to"", ""be informed"", ""receive""]",copied_linked_word_gloss,4,"N1:了承=승낙,양해 | N1:承諾=승낙 | N1:承認=승인 | N2:承る=삼가듣다,받잡다",auto,Auto draft: KANJIDIC2 readings/radical; Korean meaning draft derived from local Korean word gloss or curated KANJIDIC English fallback.
P1,32,招,"[""초대하다"", ""부르다""]","[""beckon"", ""invite"", ""summon"", ""engage""]",copied_linked_word_gloss,4,"N1:招き=초대 | N2:招待する=초대하다 | N2:招く=초대하다,부르다 | N4:招待=초대",auto,Auto draft: KANJIDIC2 readings/radical; Korean meaning draft derived from local Korean word gloss or curated KANJIDIC English fallback.
P1,32,授,"[""수여하다"", ""하사하다""]","[""impart"", ""instruct"", ""grant"", ""confer""]",copied_linked_word_gloss,4,"N1:授ける=수여하다,하사하다 | N2:助教授=조교수 | N3:教授=교수 | N5:授業=수업",auto,Auto draft: KANJIDIC2 readings/radical; Korean meaning draft derived from local Korean word gloss or curated KANJIDIC English fallback.
P1,32,探,"[""원하는 사람·물건을 찾다""]","[""grope"", ""search"", ""look for""]",copied_linked_word_gloss,4,"N1:探検=탐험 | N1:探知=탐지 | N2:探す=원하는 사람·물건을 찾다 | N2:探る=찾다, 검색하다, 조사하다",auto,Auto draft: KANJIDIC2 readings/radical; Korean meaning draft derived from local Korean word gloss or curated KANJIDIC English fallback.
P1,32,携,"[""종사하다""]","[""portable"", ""carry (in hand)"", ""armed with"", ""bring along""]",copied_linked_word_gloss,4,"N1:携わる=종사하다 | N1:提携=제휴 | N1:連携=연계,제휴 | N3:携帯=휴대, 휴대폰",auto,Auto draft: KANJIDIC2 readings/radical; Korean meaning draft derived from local Korean word gloss or curated KANJIDIC English fallback.
P1,32,攻,"[""공격""]","[""aggression"", ""attack"", ""criticize"", ""polish""]",copied_linked_word_gloss,4,N1:攻め=공격 | N2:攻める=공격하다 | N3:専攻=전공 | N3:攻撃=공격,auto,Auto draft: KANJIDIC2 readings/radical; Korean meaning draft derived from local Korean word gloss or curated KANJIDIC English fallback.
P1,32,救,"[""구하다"", ""구조하다""]","[""salvation"", ""save"", ""help"", ""rescue"", ""reclaim""]",copied_linked_word_gloss,4,"N1:救い=구원; 도움 | N1:救済=구제 | N1:救援=구원 | N2:救う=구하다,구조하다",auto,Auto draft: KANJIDIC2 readings/radical; Korean meaning draft derived from local Korean word gloss or curated KANJIDIC English fallback.
P1,32,景,"[""경치"", ""광경""]","[""scenery"", ""view""]",copied_linked_word_gloss,4,"N1:背景=배경 | N3:光景=광경, 정경 | N3:景色=경치 | N3:風景=풍경",auto,Auto draft: KANJIDIC2 readings/radical; Korean meaning draft derived from local Korean word gloss or curated KANJIDIC English fallback.
P1,32,査,"[""조사""]","[""investigate""]",copied_linked_word_gloss,4,"N1:審査=검사, 점검, 시험 | N2:巡査=순경 | N3:検査=검사 | N3:調査=조사",auto,Auto draft: KANJIDIC2 readings/radical; Korean meaning draft derived from local Korean word gloss or curated KANJIDIC English fallback.
P1,32,滞,"[""막히다"", ""밀리다""]","[""stagnate"", ""be delayed"", ""overdue"", ""arrears""]",copied_linked_word_gloss,4,"N1:滞る=막히다,밀리다 | N1:停滞=정체,진행이더딤 | N3:滞在=체재 | N3:渋滞=정체",auto,Auto draft: KANJIDIC2 readings/radical; Korean meaning draft derived from local Korean word gloss or curated KANJIDIC English fallback.
P1,32,濯,"[""헹구다"", ""씻어내다""]","[""laundry"", ""wash"", ""pour on"", ""rinse""]",copied_linked_word_gloss,4,"N1:濯ぐ=헹구다, 씻어내다 | N1:濯ぐ=헹구다, 씻어내다 | N4:洗濯=세탁,빨래 | N5:洗濯する=세탁하다",auto,Auto draft: KANJIDIC2 readings/radical; Korean meaning draft derived from local Korean word gloss or curated KANJIDIC English fallback.
P1,32,焼,"[""굽다""]","[""bake"", ""burning""]",copied_linked_word_gloss,4,"N1:夕焼け=저녁노을 | N1:燃焼=연소 | N3:焼く=굽다 | N4:焼ける=타다, 구워지다",auto,Auto draft: KANJIDIC2 readings/radical; Korean meaning draft derived from local Korean word gloss or curated KANJIDIC English fallback.
P1,32,畜,"[""가축""]","[""livestock"", ""domestic fowl and animals""]",copied_linked_word_gloss,4,N1:家畜=가축 | N1:畜産=축산 | N1:畜生=짐승; 제기랄 | N2:牧畜=목축,auto,Auto draft: KANJIDIC2 readings/radical; Korean meaning draft derived from local Korean word gloss or curated KANJIDIC English fallback.
P1,32,研,"[""갈다"", ""닦다""]","[""polish"", ""study of"", ""sharpen""]",copied_linked_word_gloss,4,"N1:研ぐ=갈다, 닦다 | N2:研修=훈련 | N4:研究室=연구실, 실험실 | N4:研究=연구",auto,Auto draft: KANJIDIC2 readings/radical; Korean meaning draft derived from local Korean word gloss or curated KANJIDIC English fallback.
P1,32,硬,"[""물질이 딱딱하다"", ""표정이 굳다""]","[""stiff"", ""hard""]",copied_linked_word_gloss,4,N1:強硬=강경함 | N1:強硬に=강경하게 | N3:硬い=물질이 딱딱하다; 표정이 굳다 | N3:硬貨=동전,auto,Auto draft: KANJIDIC2 readings/radical; Korean meaning draft derived from local Korean word gloss or curated KANJIDIC English fallback.
P1,32,笑,"[""웃다""]","[""laugh""]",copied_linked_word_gloss,4,N1:微笑ましい=흐뭇하다 | N3:笑顔=웃는얼굴 | N3:笑い=웃음 | N3:笑う=웃다,auto,Auto draft: KANJIDIC2 readings/radical; Korean meaning draft derived from local Korean word gloss or curated KANJIDIC English fallback.
P1,32,総,"[""대체로"", ""전반적으로""]","[""general"", ""whole"", ""all"", ""full"", ""total""]",copied_linked_word_gloss,4,"N1:総会=총회 | N1:総合=종합 | N1:総じて=대체로,전반적으로 | N2:総理大臣=총리대신, 총리",auto,Auto draft: KANJIDIC2 readings/radical; Korean meaning draft derived from local Korean word gloss or curated KANJIDIC English fallback.
P1,32,績,"[""업적"", ""공적""]","[""exploits"", ""achievements"", ""unreeling cocoons""]",copied_linked_word_gloss,4,"N1:業績=업적, 실적 | N2:功績=공적, 업적 | N2:実績=업적, 실제의 결과 | N3:成績=성적",auto,Auto draft: KANJIDIC2 readings/radical; Korean meaning draft derived from local Korean word gloss or curated KANJIDIC English fallback.
P1,32,脅,"[""위협하다""]","[""threaten"", ""coerce""]",copied_linked_word_gloss,4,"N1:脅す=위협하다 | N1:脅かす=위협하다, 강요하다 | N1:脅迫=협박 | N2:脅かす=위협하다, 강요하다",auto,Auto draft: KANJIDIC2 readings/radical; Korean meaning draft derived from local Korean word gloss or curated KANJIDIC English fallback.
P1,32,腹,"[""배""]","[""abdomen"", ""belly"", ""stomach""]",copied_linked_word_gloss,4,"N1:山腹=산허리 | N1:裏腹=정반대,모순 | N1:空腹=공복, 허기 | N5:お腹=배",auto,Auto draft: KANJIDIC2 readings/radical; Korean meaning draft derived from local Korean word gloss or curated KANJIDIC English fallback.
P1,32,襲,"[""덮치다"", ""습격하다""]","[""attack"", ""advance on"", ""succeed to"", ""pile"", ""heap""]",copied_linked_word_gloss,4,"N1:踏襲=답습 | N1:襲う=덮치다,습격하다 | N1:襲撃=습격 | N1:踏襲する=답습하다",auto,Auto draft: KANJIDIC2 readings/radical; Korean meaning draft derived from local Korean word gloss or curated KANJIDIC English fallback.
P1,32,豊,"[""풍부하다"", ""넉넉하다""]","[""bountiful"", ""excellent"", ""rich""]",copied_linked_word_gloss,4,"N2:豊かだ=풍족하다,풍부하다 | N2:豊富だ=풍부하다 | N3:豊か=풍부하다, 넉넉하다 | N3:豊富=풍부",auto,Auto draft: KANJIDIC2 readings/radical; Korean meaning draft derived from local Korean word gloss or curated KANJIDIC English fallback.
P1,32,貧,"[""가난하다""]","[""poverty"", ""poor""]",copied_linked_word_gloss,4,"N1:貧乏=가난, 빈곤 | N1:貧富=빈부 | N1:貧困=빈곤 | N3:貧しい=가난하다",auto,Auto draft: KANJIDIC2 readings/radical; Korean meaning draft derived from local Korean word gloss or curated KANJIDIC English fallback.
P1,32,貯,"[""모으다"", ""담다""]","[""savings"", ""store"", ""lay in"", ""keep"", ""wear mustache""]",copied_linked_word_gloss,4,"N1:貯蓄=저축 | N2:貯蔵=저장, 비축 | N3:貯金=저금 | N3:貯める=모으다, 담다",auto,Auto draft: KANJIDIC2 readings/radical; Korean meaning draft derived from local Korean word gloss or curated KANJIDIC English fallback.
P1,32,貴,"[""귀중한"", ""고귀한""]","[""precious"", ""value"", ""prize"", ""esteem"", ""honor""]",copied_linked_word_gloss,4,"N1:貴族=귀족 | N1:貴い=귀중한, 고귀한 | N2:貴重だ=귀중하다 | N3:貴重=귀중한",auto,Auto draft: KANJIDIC2 readings/radical; Korean meaning draft derived from local Korean word gloss or curated KANJIDIC English fallback.
P1,32,買,"[""사다"", ""구입하다""]","[""buy""]",copied_linked_word_gloss,4,"N1:購買=구매 | N2:売買=매매, 사고팔기 | N5:買う=사다, 구입하다 | N5:買い物=쇼핑, 장보기",auto,Auto draft: KANJIDIC2 readings/radical; Korean meaning draft derived from local Korean word gloss or curated KANJIDIC English fallback.
P1,32,走,"[""달리다""]","[""run""]",copied_linked_word_gloss,4,N1:走行=주행 | N1:逃走=탈출 | N4:走る=달리다 | N5:ご馳走様=잘 먹었습니다,auto,Auto draft: KANJIDIC2 readings/radical; Korean meaning draft derived from local Korean word gloss or curated KANJIDIC English fallback.
P1,32,遂,"[""마침내""]","[""consummate"", ""accomplish"", ""attain"", ""commit (suicide)""]",copied_linked_word_gloss,4,"N1:やり遂げる=달성하다 | N1:遂行=수행,완수 | N1:遂げる=이루다,완수하다 | N3:遂に=마침내",auto,Auto draft: KANJIDIC2 readings/radical; Korean meaning draft derived from local Korean word gloss or curated KANJIDIC English fallback.
P1,32,金,"[""돈"", ""금속""]","[""gold""]",register_or_domain_note,26,"N1:送金=송금 | N1:資金=자금 | N1:黄金=황금 | N1:大金=거금, 큰돈 | N1:残金=잔금, 남은 돈",auto,Auto draft: KANJIDIC2 readings/radical; Korean meaning draft derived from local Korean word gloss or curated KANJIDIC English fallback.
P1,32,鈍,"[""둔하다"", ""무디다"", ""느리다""]","[""dull"", ""slow"", ""foolish"", ""blunt""]",copied_linked_word_gloss,4,"N1:鈍感=둔감 | N1:鈍る=둔해지다,무디어지다 | N2:鈍い=둔하다, 무디다, 느리다 | N2:鈍い=둔하다,둔탁하다",auto,Auto draft: KANJIDIC2 readings/radical; Korean meaning draft derived from local Korean word gloss or curated KANJIDIC English fallback.
P1,32,飲,"[""마시다"", ""삼키다""]","[""drink"", ""smoke"", ""take""]",copied_linked_word_gloss,4,"N1:飲み込む=삼키다, 이해하다 | N2:湯飲み=찻잔 | N5:飲み物=마실 것 | N5:飲む=마시다, 삼키다",auto,Auto draft: KANJIDIC2 readings/radical; Korean meaning draft derived from local Korean word gloss or curated KANJIDIC English fallback.
P1,32,飾,"[""장식하다""]","[""decorate"", ""ornament"", ""adorn"", ""embellish""]",copied_linked_word_gloss,4,N1:修飾=수식 | N1:装飾=장식 | N2:飾り=장식 | N3:飾る=장식하다,auto,Auto draft: KANJIDIC2 readings/radical; Korean meaning draft derived from local Korean word gloss or curated KANJIDIC English fallback.
P1,32,駆,"[""전속력으로달리다"", ""뛰다""]","[""drive"", ""run"", ""gallop"", ""advance"", ""inspire"", ""impel""]",copied_linked_word_gloss,4,"N1:駆使する=구사하다 | N1:駆けつける=달려가다 | N1:駆使=구사,능숙하게사용함 | N3:駆ける=전속력으로달리다,뛰다",auto,Auto draft: KANJIDIC2 readings/radical; Korean meaning draft derived from local Korean word gloss or curated KANJIDIC English fallback.
P1,32,黙,"[""입다물다""]","[""silence"", ""become silent"", ""stop speaking"", ""leave as is""]",copied_linked_word_gloss,4,N1:沈黙=침묵 | N1:寡黙な=과묵한 | N3:黙って=아무 말 없이 | N3:黙る=입다물다,auto,Auto draft: KANJIDIC2 readings/radical; Korean meaning draft derived from local Korean word gloss or curated KANJIDIC English fallback.
P1,31,万,"[""만"", ""매우 많음""]","[""ten thousand"", ""10,000""]",single_compound_evidence,1,N2:万歳=만세,auto,Auto draft: KANJIDIC2 readings/radical; Korean meaning draft derived from local Korean word gloss or curated KANJIDIC English fallback.
P1,31,丘,"[""언덕"", ""높이""]","[""hill"", ""knoll""]",single_compound_evidence,1,"N1:丘陵=구릉,언덕",auto,Auto draft: KANJIDIC2 readings/radical; Korean meaning draft derived from local Korean word gloss or curated KANJIDIC English fallback.
P1,31,乏,"[""빈곤하다""]","[""destitution"", ""scarce"", ""limited""]",copied_linked_word_gloss,3,"N1:貧乏=가난, 빈곤 | N1:欠乏=결핍, 부족 | N2:乏しい=빈곤하다",auto,Auto draft: KANJIDIC2 readings/radical; Korean meaning draft derived from local Korean word gloss or curated KANJIDIC English fallback.
P1,31,五,"[""다섯"", ""다섯 개""]","[""five""]",copied_linked_word_gloss,3,"N2:四捨五入=반올림 | N2:五十音=일본의, 일본어 음절 문자표 | N5:五つ=다섯, 다섯 개",auto,Auto draft: KANJIDIC2 readings/radical; Korean meaning draft derived from local Korean word gloss or curated KANJIDIC English fallback.
P1,31,些,"[""조금"", ""약간""]","[""a little bit"", ""sometimes""]",single_compound_evidence,1,N1:些細な=사소한,auto,Auto draft: KANJIDIC2 readings/radical; Korean meaning draft derived from local Korean word gloss or curated KANJIDIC English fallback.
P1,31,享,"[""누리다"", ""받다""]","[""enjoy"", ""receive"", ""undergo"", ""answer (phone)"", ""take"", ""get"", ""catch""]",single_compound_evidence,1,N1:享受=향유(누리는것),auto,Auto draft: KANJIDIC2 readings/radical; Korean meaning draft derived from local Korean word gloss or curated KANJIDIC English fallback.
P1,31,仏,"[""부처"", ""프랑스""]","[""Buddha"", ""the dead"", ""France""]",single_compound_evidence,1,N1:仏像=불상,auto,Auto draft: KANJIDIC2 readings/radical; Korean meaning draft derived from local Korean word gloss or curated KANJIDIC English fallback.
P1,31,伴,"[""동반하다""]","[""consort"", ""accompany"", ""bring with"", ""companion""]",copied_linked_word_gloss,3,N1:同伴=동반 | N1:伴奏=반주 | N2:伴う=동반하다,auto,Auto draft: KANJIDIC2 readings/radical; Korean meaning draft derived from local Korean word gloss or curated KANJIDIC English fallback.
P1,31,併,"[""아우르다"", ""합치다""]","[""join"", ""get together"", ""unite"", ""collective""]",single_compound_evidence,1,N1:合併=합병,auto,Auto draft: KANJIDIC2 readings/radical; Korean meaning draft derived from local Korean word gloss or curated KANJIDIC English fallback.
P1,31,侵,"[""침범하다"", ""침해하다""]","[""encroach"", ""invade"", ""raid"", ""trespass"", ""violate""]",copied_linked_word_gloss,3,"N1:侵略=침략 | N1:侵す=침범하다, 침해하다 | N2:侵入=침입",auto,Auto draft: KANJIDIC2 readings/radical; Korean meaning draft derived from local Korean word gloss or curated KANJIDIC English fallback.
P1,31,俵,"[""가마니"", ""포대""]","[""bag"", ""bale"", ""sack"", ""counter for bags""]",single_compound_evidence,1,"N1:土俵=씨름판, 경기장",auto,Auto draft: KANJIDIC2 readings/radical; Korean meaning draft derived from local Korean word gloss or curated KANJIDIC English fallback.
P1,31,借,"[""빌리다""]","[""borrow"", ""rent""]",copied_linked_word_gloss,3,"N1:拝借=빌림, 빌리다 | N3:借金=빚, 부채 | N4:借りる=빌리다",auto,Auto draft: KANJIDIC2 readings/radical; Korean meaning draft derived from local Korean word gloss or curated KANJIDIC English fallback.
P1,31,倹,"[""검소함"", ""절약""]","[""frugal"", ""economy"", ""thrifty""]",single_compound_evidence,1,"N1:倹約=검약, 절약",auto,Auto draft: KANJIDIC2 readings/radical; Korean meaning draft derived from local Korean word gloss or curated KANJIDIC English fallback.
P1,31,傑,"[""뛰어남"", ""호걸""]","[""greatness"", ""excellence""]",single_compound_evidence,1,N2:傑作=걸작,auto,Auto draft: KANJIDIC2 readings/radical; Korean meaning draft derived from local Korean word gloss or curated KANJIDIC English fallback.
P1,31,僚,"[""동료"", ""관료""]","[""colleague"", ""official"", ""companion""]",single_compound_evidence,1,N3:官僚=관료,auto,Auto draft: KANJIDIC2 readings/radical; Korean meaning draft derived from local Korean word gloss or curated KANJIDIC English fallback.
P1,31,億,"[""억"", ""일억""]","[""hundred million"", ""10**8""]",single_compound_evidence,1,N1:億劫だ=귀찮다,auto,Auto draft: KANJIDIC2 readings/radical; Korean meaning draft derived from local Korean word gloss or curated KANJIDIC English fallback.
P1,31,償,"[""보상하다""]","[""reparation"", ""make up for"", ""recompense"", ""redeem""]",copied_linked_word_gloss,3,"N1:無償=무상,무료 | N1:賠償=배상 | N1:償う=보상하다",auto,Auto draft: KANJIDIC2 readings/radical; Korean meaning draft derived from local Korean word gloss or curated KANJIDIC English fallback.
P1,31,六,"[""여섯""]","[""six""]",single_compound_evidence,1,N5:六日=6일,auto,Auto draft: KANJIDIC2 readings/radical; Korean meaning draft derived from local Korean word gloss or curated KANJIDIC English fallback.
P1,31,兼,"[""겸하다"", ""겸임하다""]","[""concurrently"", ""and"", ""beforehand"", ""in advance""]",copied_linked_word_gloss,3,"N1:兼業=겸업 | N1:兼用=겸용 | N2:兼ねる=겸하다, 겸임하다",auto,Auto draft: KANJIDIC2 readings/radical; Korean meaning draft derived from local Korean word gloss or curated KANJIDIC English fallback.
P1,31,冗,"[""쓸데없음"", ""장황함""]","[""superfluous"", ""uselessness""]",single_compound_evidence,1,N3:冗談=농담,auto,Auto draft: KANJIDIC2 readings/radical; Korean meaning draft derived from local Korean word gloss or curated KANJIDIC English fallback.
P1,31,冬,"[""겨울""]","[""winter""]",single_compound_evidence,1,N1:冬眠=동면,auto,Auto draft: KANJIDIC2 readings/radical; Korean meaning draft derived from local Korean word gloss or curated KANJIDIC English fallback.
P1,31,凄,"[""훌륭한"", ""대단한"", ""큰""]","[""uncanny"", ""weird"", ""threatening"", ""horrible""]",copied_linked_word_gloss,3,"N1:凄まじい=대단하다, 무시무시하다 | N2:物凄い=엄청나다, 무시무시하다 | N4:凄い=훌륭한, 대단한, 큰",auto,Auto draft: KANJIDIC2 readings/radical; Korean meaning draft derived from local Korean word gloss or curated KANJIDIC English fallback.
P1,31,凍,"[""얼다""]","[""frozen"", ""congeal"", ""refrigerate""]",copied_linked_word_gloss,3,"N2:凍える=얼어붙다, 몹시 춥다 | N2:冷凍=냉동 | N3:凍る=얼다",auto,Auto draft: KANJIDIC2 readings/radical; Korean meaning draft derived from local Korean word gloss or curated KANJIDIC English fallback.
P1,31,凸,"[""볼록함""]","[""convex"", ""beetle brow"", ""uneven""]",single_compound_evidence,1,"N2:凸凹=울퉁불퉁함, 요철",auto,Auto draft: KANJIDIC2 readings/radical; Korean meaning draft derived from local Korean word gloss or curated KANJIDIC English fallback.
P1,31,削,"[""깎다"", ""줄이다"", ""삭감하다""]","[""plane"", ""sharpen"", ""whittle"", ""pare"", ""shave""]",copied_linked_word_gloss,3,"N1:削減=삭감 | N2:削る=깎다,줄이다,삭감하다 | N2:削除=삭제",auto,Auto draft: KANJIDIC2 readings/radical; Korean meaning draft derived from local Korean word gloss or curated KANJIDIC English fallback.
P1,31,剖,"[""가르다"", ""해부하다""]","[""divide""]",single_compound_evidence,1,N1:解剖=해부,auto,Auto draft: KANJIDIC2 readings/radical; Korean meaning draft derived from local Korean word gloss or curated KANJIDIC English fallback.
P1,31,剣,"[""검"", ""칼""]","[""sabre"", ""sword"", ""blade"", ""clock hand""]",single_compound_evidence,1,N3:真剣=진지함,auto,Auto draft: KANJIDIC2 readings/radical; Korean meaning draft derived from local Korean word gloss or curated KANJIDIC English fallback.
P1,31,剤,"[""약제"", ""약""]","[""dose"", ""medicine"", ""drug""]",single_compound_evidence,1,N2:洗剤=세제,auto,Auto draft: KANJIDIC2 readings/radical; Korean meaning draft derived from local Korean word gloss or curated KANJIDIC English fallback.
P1,31,副,"[""특히"", ""유난히""]","[""vice-"", ""assistant"", ""aide"", ""duplicate"", ""copy""]",single_compound_evidence,1,N2:副詞=부사,auto,Auto draft: KANJIDIC2 readings/radical; Korean meaning draft derived from local Korean word gloss or curated KANJIDIC English fallback.
P1,31,剰,"[""남다"", ""잉여""]","[""surplus"", ""besides""]",single_compound_evidence,1,"N2:過剰=과잉, 과다",auto,Auto draft: KANJIDIC2 readings/radical; Korean meaning draft derived from local Korean word gloss or curated KANJIDIC English fallback.
P1,31,努,"[""힘쓰다"", ""노력하다""]","[""toil"", ""diligent"", ""as much as possible""]",copied_linked_word_gloss,3,"N1:努めて=되도록, 애써 | N2:努める=힘쓰다, 노력하다 | N3:努力=노력",auto,Auto draft: KANJIDIC2 readings/radical; Korean meaning draft derived from local Korean word gloss or curated KANJIDIC English fallback.
P1,31,劫,"[""오랜 세월"", ""위협하다""]","[""threat"", ""long ages""]",single_compound_evidence,1,N1:億劫だ=귀찮다,auto,Auto draft: KANJIDIC2 readings/radical; Korean meaning draft derived from local Korean word gloss or curated KANJIDIC English fallback.
P1,31,励,"[""힘쓰다""]","[""encourage"", ""be diligent"", ""inspire""]",copied_linked_word_gloss,3,N1:奨励=장려 | N1:激励=격려 | N2:励む=힘쓰다,auto,Auto draft: KANJIDIC2 readings/radical; Korean meaning draft derived from local Korean word gloss or curated KANJIDIC English fallback.
P1,31,勧,"[""권하다"", ""추천하다""]","[""persuade"", ""recommend"", ""advise"", ""encourage"", ""offer""]",copied_linked_word_gloss,3,"N1:勧告=권고 | N2:勧誘=권유 | N2:勧める=권하다,추천하다",auto,Auto draft: KANJIDIC2 readings/radical; Korean meaning draft derived from local Korean word gloss or curated KANJIDIC English fallback.
P1,31,勿,"[""말다"", ""하지 않다""]","[""not"", ""must not"", ""do not"", ""be not""]",single_compound_evidence,1,N3:勿論=물론,auto,Auto draft: KANJIDIC2 readings/radical; Korean meaning draft derived from local Korean word gloss or curated KANJIDIC English fallback.
P1,31,匠,"[""장인"", ""기술자""]","[""artisan"", ""workman"", ""carpenter""]",single_compound_evidence,1,N1:巨匠=거장,auto,Auto draft: KANJIDIC2 readings/radical; Korean meaning draft derived from local Korean word gloss or curated KANJIDIC English fallback.
P1,31,千,"[""천""]","[""thousand""]",single_compound_evidence,1,N5:千円=1000엔,auto,Auto draft: KANJIDIC2 readings/radical; Korean meaning draft derived from local Korean word gloss or curated KANJIDIC English fallback.
P1,31,卒,"[""졸업하다"", ""병사""]","[""graduate"", ""soldier"", ""private"", ""die""]",single_compound_evidence,1,N3:卒業=졸업,auto,Auto draft: KANJIDIC2 readings/radical; Korean meaning draft derived from local Korean word gloss or curated KANJIDIC English fallback.
P1,31,卓,"[""뛰어남"", ""탁자""]","[""eminent"", ""table"", ""desk"", ""high""]",single_compound_evidence,1,N3:食卓=식탁,auto,Auto draft: KANJIDIC2 readings/radical; Korean meaning draft derived from local Korean word gloss or curated KANJIDIC English fallback.
P1,31,厄,"[""재앙"", ""불운""]","[""unlucky"", ""misfortune"", ""bad luck"", ""disaster""]",single_compound_evidence,1,N1:厄介な=귀찮은,auto,Auto draft: KANJIDIC2 readings/radical; Korean meaning draft derived from local Korean word gloss or curated KANJIDIC English fallback.
P1,31,叫,"[""외치다""]","[""shout"", ""exclaim"", ""yell""]",copied_linked_word_gloss,3,"N1:絶叫=절규 | N1:叫び=외침, 부르짖음 | N2:叫ぶ=외치다",auto,Auto draft: KANJIDIC2 readings/radical; Korean meaning draft derived from local Korean word gloss or curated KANJIDIC English fallback.
P1,31,史,"[""역사"", ""기록""]","[""history"", ""chronicle""]",single_compound_evidence,1,N2:歴史=역사,auto,Auto draft: KANJIDIC2 readings/radical; Korean meaning draft derived from local Korean word gloss or curated KANJIDIC English fallback.
P1,31,吟,"[""읊다"", ""음미하다""]","[""versify"", ""singing"", ""recital""]",single_compound_evidence,1,N1:吟味=(1) 음미 (2) 자세히 조사함,auto,Auto draft: KANJIDIC2 readings/radical; Korean meaning draft derived from local Korean word gloss or curated KANJIDIC English fallback.
P1,31,呑,"[""마시다"", ""삼키다""]","[""drink""]",single_compound_evidence,1,"N2:呑気=태평함, 느긋함",auto,Auto draft: KANJIDIC2 readings/radical; Korean meaning draft derived from local Korean word gloss or curated KANJIDIC English fallback.
P1,31,咄,"[""꾸짖다"", ""놀람의 소리""]","[""exclamation of surprise"", ""cry out (in anger)"", ""scold"", ""talk"", ""chat""]",single_compound_evidence,1,N1:咄嗟に=순간적으로,auto,Auto draft: KANJIDIC2 readings/radical; Korean meaning draft derived from local Korean word gloss or curated KANJIDIC English fallback.
P1,31,哲,"[""철학"", ""밝음""]","[""philosophy"", ""clear""]",single_compound_evidence,1,N3:哲学=철학,auto,Auto draft: KANJIDIC2 readings/radical; Korean meaning draft derived from local Korean word gloss or curated KANJIDIC English fallback.
P1,31,唯,"[""오직""]","[""solely"", ""only"", ""merely"", ""simply""]",single_compound_evidence,1,"N3:唯一=유일, 유일한 것",auto,Auto draft: KANJIDIC2 readings/radical; Korean meaning draft derived from local Korean word gloss or curated KANJIDIC English fallback.
P1,31,啓,"[""열다"", ""아뢰다""]","[""disclose"", ""open"", ""say""]",single_compound_evidence,1,N1:拝啓=삼가 아룁니다,auto,Auto draft: KANJIDIC2 readings/radical; Korean meaning draft derived from local Korean word gloss or curated KANJIDIC English fallback.
P1,31,喜,"[""기뻐하다""]","[""rejoice"", ""take pleasure in""]",copied_linked_word_gloss,3,"N1:喜劇=희극, 코미디 | N3:喜び=기쁨 | N4:喜ぶ=기뻐하다",auto,Auto draft: KANJIDIC2 readings/radical; Korean meaning draft derived from local Korean word gloss or curated KANJIDIC English fallback.
P1,31,嗜,"[""즐기다"", ""취향""]","[""like"", ""taste"", ""modest""]",single_compound_evidence,1,"N1:嗜好=맛, 호감, 취향",auto,Auto draft: KANJIDIC2 readings/radical; Korean meaning draft derived from local Korean word gloss or curated KANJIDIC English fallback.
P1,31,嗟,"[""탄식하다"", ""한숨 쉬다""]","[""lament"", ""grieve"", ""sigh"", ""alas"", ""ah""]",single_compound_evidence,1,N1:咄嗟に=순간적으로,auto,Auto draft: KANJIDIC2 readings/radical; Korean meaning draft derived from local Korean word gloss or curated KANJIDIC English fallback.
P1,31,嘩,"[""시끄럽다"", ""떠들다""]","[""noisy""]",single_compound_evidence,1,N4:喧嘩=싸움,auto,Auto draft: KANJIDIC2 readings/radical; Korean meaning draft derived from local Korean word gloss or curated KANJIDIC English fallback.
P1,31,噌,"[""떠들썩함""]","[""boisterous""]",single_compound_evidence,1,N4:味噌=된장,auto,Auto draft: KANJIDIC2 readings/radical; Korean meaning draft derived from local Korean word gloss or curated KANJIDIC English fallback.
P1,31,困,"[""곤란하다""]","[""quandary"", ""become distressed"", ""annoyed""]",copied_linked_word_gloss,3,"N1:貧困=빈곤 | N3:困る=곤란하다 | N3:困難=곤란, 어려움",auto,Auto draft: KANJIDIC2 readings/radical; Korean meaning draft derived from local Korean word gloss or curated KANJIDIC English fallback.
P1,31,垂,"[""늘어지다"", ""떨어지다""]","[""droop"", ""suspend"", ""hang"", ""slouch""]",single_compound_evidence,1,N2:垂直=수직,auto,Auto draft: KANJIDIC2 readings/radical; Korean meaning draft derived from local Korean word gloss or curated KANJIDIC English fallback.
P1,31,垣,"[""담"", ""울타리""]","[""hedge"", ""fence"", ""wall""]",single_compound_evidence,1,N2:垣根=울타리,auto,Auto draft: KANJIDIC2 readings/radical; Korean meaning draft derived from local Korean word gloss or curated KANJIDIC English fallback.
P1,31,堂,"[""훌륭한"", ""웅장한""]","[""public chamber"", ""hall""]",copied_linked_word_gloss,3,"N1:堂々=훌륭한, 웅장한 | N4:食堂=식당 | N4:講堂=강당",auto,Auto draft: KANJIDIC2 readings/radical; Korean meaning draft derived from local Korean word gloss or curated KANJIDIC English fallback.
P1,31,填,"[""메우다"", ""채우다""]","[""fill in""]",single_compound_evidence,1,"N1:補填=보전(손실, 적자 등 부족한 부분을 채움)",auto,Auto draft: KANJIDIC2 readings/radical; Korean meaning draft derived from local Korean word gloss or curated KANJIDIC English fallback.
P1,31,墓,"[""무덤""]","[""grave"", ""tomb""]",single_compound_evidence,1,N1:墓地=묘지,auto,Auto draft: KANJIDIC2 readings/radical; Korean meaning draft derived from local Korean word gloss or curated KANJIDIC English fallback.
P1,31,墜,"[""떨어지다"", ""추락""]","[""crash"", ""fall (down)""]",single_compound_evidence,1,N1:墜落=추락,auto,Auto draft: KANJIDIC2 readings/radical; Korean meaning draft derived from local Korean word gloss or curated KANJIDIC English fallback.
P1,31,壮,"[""씩씩하다"", ""왕성함""]","[""robust"", ""manhood"", ""prosperity""]",single_compound_evidence,1,"N1:壮大=웅장함, 장대함",auto,Auto draft: KANJIDIC2 readings/radical; Korean meaning draft derived from local Korean word gloss or curated KANJIDIC English fallback.
P1,31,太,"[""뚱뚱해지다""]","[""plump"", ""thick"", ""big around""]",copied_linked_word_gloss,3,"N2:太鼓=북, 다이코 | N3:太陽=태양 | N4:太る=뚱뚱해지다",auto,Auto draft: KANJIDIC2 readings/radical; Korean meaning draft derived from local Korean word gloss or curated KANJIDIC English fallback.
P1,31,央,"[""가운데"", ""중앙""]","[""center"", ""middle""]",single_compound_evidence,1,N3:中央=중앙,auto,Auto draft: KANJIDIC2 readings/radical; Korean meaning draft derived from local Korean word gloss or curated KANJIDIC English fallback.
P1,31,奉,"[""바치다"", ""받들다""]","[""observance"", ""offer"", ""present"", ""dedicate""]",single_compound_evidence,1,N1:奉仕=봉사,auto,Auto draft: KANJIDIC2 readings/radical; Korean meaning draft derived from local Korean word gloss or curated KANJIDIC English fallback.
P1,31,奔,"[""달리다"", ""분주하다""]","[""run"", ""bustle""]",single_compound_evidence,1,N1:奔放な=분방한,auto,Auto draft: KANJIDIC2 readings/radical; Korean meaning draft derived from local Korean word gloss or curated KANJIDIC English fallback.
P1,31,奨,"[""장려하다"", ""권하다""]","[""exhort"", ""urge"", ""encourage""]",single_compound_evidence,1,N1:奨励=장려,auto,Auto draft: KANJIDIC2 readings/radical; Korean meaning draft derived from local Korean word gloss or curated KANJIDIC English fallback.
P1,31,妨,"[""방해하다""]","[""disturb"", ""prevent"", ""hamper"", ""obstruct""]",copied_linked_word_gloss,3,N1:妨害=방해 | N1:妨害する=방해하다 | N2:妨げる=방해하다,auto,Auto draft: KANJIDIC2 readings/radical; Korean meaning draft derived from local Korean word gloss or curated KANJIDIC English fallback.
P1,31,娯,"[""오락"", ""즐거움""]","[""recreation"", ""pleasure""]",single_compound_evidence,1,"N2:娯楽=오락, 휴양",auto,Auto draft: KANJIDIC2 readings/radical; Korean meaning draft derived from local Korean word gloss or curated KANJIDIC English fallback.
P1,31,婉,"[""우아함""]","[""graceful""]",single_compound_evidence,1,N1:婉曲=완곡함,auto,Auto draft: KANJIDIC2 readings/radical; Korean meaning draft derived from local Korean word gloss or curated KANJIDIC English fallback.
P1,31,嬢,"[""아가씨"", ""딸""]","[""lass"", ""girl"", ""Miss"", ""daughter""]",single_compound_evidence,1,"N4:お嬢さん=딸(누군가, 공손)",auto,Auto draft: KANJIDIC2 readings/radical; Korean meaning draft derived from local Korean word gloss or curated KANJIDIC English fallback.
P1,31,宇,"[""집"", ""하늘"", ""처마""]","[""eaves"", ""roof"", ""house"", ""heaven""]",single_compound_evidence,1,"N3:宇宙=우주, 공간",auto,Auto draft: KANJIDIC2 readings/radical; Korean meaning draft derived from local Korean word gloss or curated KANJIDIC English fallback.
P1,31,宗,"[""종교"", ""종파"", ""근본""]","[""religion"", ""sect"", ""denomination"", ""main point"", ""origin"", ""essence""]",single_compound_evidence,1,N3:宗教=종교,auto,Auto draft: KANJIDIC2 readings/radical; Korean meaning draft derived from local Korean word gloss or curated KANJIDIC English fallback.
P1,31,宙,"[""공중"", ""하늘""]","[""mid-air"", ""air"", ""space"", ""sky"", ""memorization"", ""interval of time""]",single_compound_evidence,1,"N3:宇宙=우주, 공간",auto,Auto draft: KANJIDIC2 readings/radical; Korean meaning draft derived from local Korean word gloss or curated KANJIDIC English fallback.
P1,31,宛,"[""주소"", ""수신처"", ""마치""]","[""address"", ""just like"", ""fortunately""]",single_compound_evidence,1,"N2:宛名=(우편) 받는 사람, 수신인",auto,Auto draft: KANJIDIC2 readings/radical; Korean meaning draft derived from local Korean word gloss or curated KANJIDIC English fallback.
P1,31,宜,"[""좋다"", ""마땅하다""]","[""best regards"", ""good""]",single_compound_evidence,1,N1:便宜=편의,auto,Auto draft: KANJIDIC2 readings/radical; Korean meaning draft derived from local Korean word gloss or curated KANJIDIC English fallback.
P1,31,寒,"[""춥다""]","[""cold""]",copied_linked_word_gloss,3,"N1:寒気=오한, 한기 | N2:寒帯=한대 | N4:寒い=춥다",auto,Auto draft: KANJIDIC2 readings/radical; Korean meaning draft derived from local Korean word gloss or curated KANJIDIC English fallback.
P1,31,寡,"[""적다"", ""과부""]","[""widow"", ""minority"", ""few""]",single_compound_evidence,1,N1:寡黙な=과묵한,auto,Auto draft: KANJIDIC2 readings/radical; Korean meaning draft derived from local Korean word gloss or curated KANJIDIC English fallback.
P1,31,寸,"[""치"", ""조금""]","[""measurement"", ""tenth of a shaku"", ""a little"", ""small""]",single_compound_evidence,1,"N2:寸法=치수, 크기",auto,Auto draft: KANJIDIC2 readings/radical; Korean meaning draft derived from local Korean word gloss or curated KANJIDIC English fallback.
P1,31,寿,"[""장수"", ""축하""]","[""longevity"", ""congratulations"", ""one's natural life""]",single_compound_evidence,1,N1:寿命=수명,auto,Auto draft: KANJIDIC2 readings/radical; Korean meaning draft derived from local Korean word gloss or curated KANJIDIC English fallback.
P1,31,尚,"[""오히려"", ""존중하다""]","[""esteem"", ""furthermore"", ""still"", ""yet""]",single_compound_evidence,1,N1:高尚=고상함,auto,Auto draft: KANJIDIC2 readings/radical; Korean meaning draft derived from local Korean word gloss or curated KANJIDIC English fallback.
P1,31,岐,"[""갈림길"", ""갈라지다""]","[""branch off"", ""fork in road"", ""scene"", ""arena"", ""theater""]",single_compound_evidence,1,"N1:多岐=다기,다방면",auto,Auto draft: KANJIDIC2 readings/radical; Korean meaning draft derived from local Korean word gloss or curated KANJIDIC English fallback.
P1,31,岳,"[""산"", ""봉우리""]","[""point"", ""peak"", ""mountain""]",single_compound_evidence,1,N1:山岳=산악,auto,Auto draft: KANJIDIC2 readings/radical; Korean meaning draft derived from local Korean word gloss or curated KANJIDIC English fallback.
P1,31,峡,"[""협곡""]","[""gorge"", ""ravine""]",single_compound_evidence,1,N1:海峡=해협,auto,Auto draft: KANJIDIC2 readings/radical; Korean meaning draft derived from local Korean word gloss or curated KANJIDIC English fallback.
P1,31,崇,"[""숭배하다"", ""높이다""]","[""adore"", ""respect"", ""revere"", ""worship""]",single_compound_evidence,1,N1:崇拝=숭배,auto,Auto draft: KANJIDIC2 readings/radical; Korean meaning draft derived from local Korean word gloss or curated KANJIDIC English fallback.
P1,31,巡,"[""돌다"", ""순회하다""]","[""patrol"", ""go around"", ""circumference""]",copied_linked_word_gloss,3,"N1:巡り=순회 | N2:巡る=돌다, 순회하다 | N2:巡査=순경",auto,Auto draft: KANJIDIC2 readings/radical; Korean meaning draft derived from local Korean word gloss or curated KANJIDIC English fallback.
P1,31,巻,"[""말다"", ""권""]","[""scroll"", ""volume"", ""book"", ""part"", ""roll up"", ""wind up"", ""tie"", ""coil"", ""counter for texts (or book scrolls)""]",single_compound_evidence,1,"N1:取り巻く=둘러싸다, 에워싸다",auto,Auto draft: KANJIDIC2 readings/radical; Korean meaning draft derived from local Korean word gloss or curated KANJIDIC English fallback.
P1,31,巾,"[""수건"", ""폭""]","[""towel"", ""hanging scroll"", ""width"", ""cloth radical (no. 50)""]",single_compound_evidence,1,N2:雑巾=걸레,auto,Auto draft: KANJIDIC2 readings/radical; Korean meaning draft derived from local Korean word gloss or curated KANJIDIC English fallback.
P1,31,希,"[""바라다"", ""드물다""]","[""hope"", ""beg"", ""request"", ""pray"", ""beseech"", ""Greece"", ""dilute (acid)"", ""rare"", ""few"", ""phenomenal""]",single_compound_evidence,1,N3:希望=희망,auto,Auto draft: KANJIDIC2 readings/radical; Korean meaning draft derived from local Korean word gloss or curated KANJIDIC English fallback.
P1,31,帽,"[""모자"", ""머리에 쓰는 것""]","[""cap"", ""headgear""]",single_compound_evidence,1,N5:帽子=모자,auto,Auto draft: KANJIDIC2 readings/radical; Korean meaning draft derived from local Korean word gloss or curated KANJIDIC English fallback.
P1,31,幽,"[""깊다"", ""그윽함""]","[""seclude"", ""confine to a room"", ""deep"", ""profound"", ""secluded"", ""faint"", ""dark"", ""tranquil"", ""calm""]",single_compound_evidence,1,N1:幽霊=유령,auto,Auto draft: KANJIDIC2 readings/radical; Korean meaning draft derived from local Korean word gloss or curated KANJIDIC English fallback.
P1,31,府,"[""부"", ""관청""]","[""borough"", ""urban prefecture"", ""govt office"", ""representative body"", ""storehouse""]",single_compound_evidence,1,"N3:政府=정부, 행정, 정권",auto,Auto draft: KANJIDIC2 readings/radical; Korean meaning draft derived from local Korean word gloss or curated KANJIDIC English fallback.
P1,31,庶,"[""서민"", ""여러""]","[""commoner"", ""all"", ""bastard""]",single_compound_evidence,1,"N1:庶民=흔한, 공통의 사람들",auto,Auto draft: KANJIDIC2 readings/radical; Korean meaning draft derived from local Korean word gloss or curated KANJIDIC English fallback.
P1,31,康,"[""편안함"", ""건강""]","[""ease"", ""peace""]",single_compound_evidence,1,N3:健康=건강,auto,Auto draft: KANJIDIC2 readings/radical; Korean meaning draft derived from local Korean word gloss or curated KANJIDIC English fallback.
P1,31,廷,"[""조정"", ""관청""]","[""courts"", ""imperial court"", ""government office""]",single_compound_evidence,1,N1:法廷=법정,auto,Auto draft: KANJIDIC2 readings/radical; Korean meaning draft derived from local Korean word gloss or curated KANJIDIC English fallback.
P1,31,弊,"[""폐단"", ""해악""]","[""abuse"", ""evil"", ""vice"", ""breakage""]",single_compound_evidence,1,N2:弊社=자기회사의겸칭,auto,Auto draft: KANJIDIC2 readings/radical; Korean meaning draft derived from local Korean word gloss or curated KANJIDIC English fallback.
P1,31,弧,"[""호"", ""활꼴""]","[""arc"", ""arch"", ""bow""]",single_compound_evidence,1,N2:括弧=괄호,auto,Auto draft: KANJIDIC2 readings/radical; Korean meaning draft derived from local Korean word gloss or curated KANJIDIC English fallback.
P1,31,彙,"[""같은 종류"", ""모으다""]","[""same kind"", ""collect"", ""classify"", ""category"", ""hedgehog""]",single_compound_evidence,1,N1:語彙=어휘,auto,Auto draft: KANJIDIC2 readings/radical; Korean meaning draft derived from local Korean word gloss or curated KANJIDIC English fallback.
P1,31,彩,"[""색채"", ""채색""]","[""coloring"", ""paint"", ""makeup""]",single_compound_evidence,1,N1:色彩=색채,auto,Auto draft: KANJIDIC2 readings/radical; Korean meaning draft derived from local Korean word gloss or curated KANJIDIC English fallback.
P1,31,征,"[""정복하다""]","[""subjugate"", ""attack the rebellious"", ""collect taxes""]",single_compound_evidence,1,N1:征服=정복,auto,Auto draft: KANJIDIC2 readings/radical; Korean meaning draft derived from local Korean word gloss or curated KANJIDIC English fallback.
P1,31,徒,"[""무리"", ""헛됨"", ""도보""]","[""on foot"", ""junior"", ""emptiness"", ""vanity"", ""futility"", ""uselessness"", ""ephemeral thing"", ""gang"", ""set"", ""party"", ""people""]",single_compound_evidence,1,N1:徒歩=도보,auto,Auto draft: KANJIDIC2 readings/radical; Korean meaning draft derived from local Korean word gloss or curated KANJIDIC English fallback.
P1,31,循,"[""따르다"", ""순환""]","[""sequential"", ""follow""]",single_compound_evidence,1,N2:循環=순환,auto,Auto draft: KANJIDIC2 readings/radical; Korean meaning draft derived from local Korean word gloss or curated KANJIDIC English fallback.
P1,31,忘,"[""잊다"", ""잊어버리다""]","[""forget""]",copied_linked_word_gloss,3,"N1:度忘れ=깜빡 잊음 | N4:忘れ物=잊은 물건, 분실물 | N5:忘れる=잊다, 잊어버리다",auto,Auto draft: KANJIDIC2 readings/radical; Korean meaning draft derived from local Korean word gloss or curated KANJIDIC English fallback.
P1,31,怒,"[""화나다"", ""화내며 꾸짖다""]","[""angry"", ""be offended""]",copied_linked_word_gloss,3,"N3:怒鳴る=고함치다,호통치다 | N3:怒り=분노 | N4:怒る=화나다, 화내며 꾸짖다",auto,Auto draft: KANJIDIC2 readings/radical; Korean meaning draft derived from local Korean word gloss or curated KANJIDIC English fallback.
P1,31,怖,"[""무섭다""]","[""dreadful"", ""be frightened"", ""fearful""]",copied_linked_word_gloss,3,N3:恐怖=두려움 | N3:怖がる=무서워하다 | N4:怖い=무섭다,auto,Auto draft: KANJIDIC2 readings/radical; Korean meaning draft derived from local Korean word gloss or curated KANJIDIC English fallback.
P1,31,悔,"[""분하다"", ""억울하다""]","[""repent"", ""regret""]",copied_linked_word_gloss,3,"N2:悔やむ=분하게여기다,후회하다 | N3:後悔=후회 | N3:悔しい=분하다,억울하다",auto,Auto draft: KANJIDIC2 readings/radical; Korean meaning draft derived from local Korean word gloss or curated KANJIDIC English fallback.
P1,31,患,"[""앓다"", ""근심""]","[""afflicted"", ""disease"", ""suffer from"", ""be ill""]",single_compound_evidence,1,N3:患者=환자,auto,Auto draft: KANJIDIC2 readings/radical; Korean meaning draft derived from local Korean word gloss or curated KANJIDIC English fallback.
P1,31,慌,"[""허둥대며"", ""황급하게""]","[""disconcerted"", ""be confused"", ""lose one's head""]",copied_linked_word_gloss,3,"N2:慌ただしい=분주하다 | N3:慌てる=허둥대다 | N3:慌てて=허둥대며, 황급하게",auto,Auto draft: KANJIDIC2 readings/radical; Korean meaning draft derived from local Korean word gloss or curated KANJIDIC English fallback.
P1,31,慎,"[""삼가다""]","[""humility"", ""be careful"", ""discreet"", ""prudent""]",copied_linked_word_gloss,3,N1:慎む=삼가다 | N2:慎重だ=신중하다 | N3:慎重=신중함,auto,Auto draft: KANJIDIC2 readings/radical; Korean meaning draft derived from local Korean word gloss or curated KANJIDIC English fallback.
P1,31,慨,"[""개탄하다"", ""한탄하다""]","[""rue"", ""be sad"", ""sigh"", ""lament""]",single_compound_evidence,1,N1:憤慨=분개,auto,Auto draft: KANJIDIC2 readings/radical; Korean meaning draft derived from local Korean word gloss or curated KANJIDIC English fallback.
P1,31,憂,"[""근심"", ""슬픔""]","[""melancholy"", ""grieve"", ""lament"", ""be anxious"", ""sad"", ""unhappy""]",single_compound_evidence,1,N1:憂鬱=우울함,auto,Auto draft: KANJIDIC2 readings/radical; Korean meaning draft derived from local Korean word gloss or curated KANJIDIC English fallback.
P1,31,憤,"[""분노""]","[""aroused"", ""resent"", ""be indignant"", ""anger""]",copied_linked_word_gloss,3,"N1:憤慨=분개 | N1:憤り=분노 | N1:憤る=분노하다, 분개하다",auto,Auto draft: KANJIDIC2 readings/radical; Korean meaning draft derived from local Korean word gloss or curated KANJIDIC English fallback.
P1,31,憲,"[""헌법"", ""법""]","[""constitution"", ""law""]",single_compound_evidence,1,N3:憲法=헌법,auto,Auto draft: KANJIDIC2 readings/radical; Korean meaning draft derived from local Korean word gloss or curated KANJIDIC English fallback.
P1,31,憶,"[""기억하다"", ""생각하다""]","[""recollection"", ""think"", ""remember""]",single_compound_evidence,1,N3:記憶=기억,auto,Auto draft: KANJIDIC2 readings/radical; Korean meaning draft derived from local Korean word gloss or curated KANJIDIC English fallback.
P1,31,憾,"[""한스럽다"", ""유감""]","[""remorse"", ""regret"", ""be sorry""]",single_compound_evidence,1,N1:遺憾に=유감스럽게,auto,Auto draft: KANJIDIC2 readings/radical; Korean meaning draft derived from local Korean word gloss or curated KANJIDIC English fallback.
P1,31,戻,"[""돌아오다"", ""되돌아가다""]","[""re-"", ""return"", ""revert"", ""resume"", ""restore"", ""go backwards""]",copied_linked_word_gloss,3,"N1:取り戻す=되찾다,회복하다 | N2:払い戻す=환불하다 | N4:戻る=돌아오다, 되돌아가다",auto,Auto draft: KANJIDIC2 readings/radical; Korean meaning draft derived from local Korean word gloss or curated KANJIDIC English fallback.
P1,31,批,"[""비평"", ""치다""]","[""criticism"", ""strike""]",single_compound_evidence,1,N1:批判=비판,auto,Auto draft: KANJIDIC2 readings/radical; Korean meaning draft derived from local Korean word gloss or curated KANJIDIC English fallback.
P1,31,把,"[""잡다"", ""묶음""]","[""grasp"", ""faggot"", ""bunch"", ""counter for bundles""]",single_compound_evidence,1,N2:把握=파악,auto,Auto draft: KANJIDIC2 readings/radical; Korean meaning draft derived from local Korean word gloss or curated KANJIDIC English fallback.
P1,31,披,"[""펼치다"", ""드러내다""]","[""expose"", ""open""]",single_compound_evidence,1,"N1:披露する=피로하다, 공개하다",auto,Auto draft: KANJIDIC2 readings/radical; Korean meaning draft derived from local Korean word gloss or curated KANJIDIC English fallback.
P1,31,拒,"[""거부하다"", ""저지하다""]","[""repel"", ""refuse"", ""reject"", ""decline""]",copied_linked_word_gloss,3,"N1:拒絶=거절 | N1:拒否=거절 | N1:拒む=거부하다,저지하다",auto,Auto draft: KANJIDIC2 readings/radical; Korean meaning draft derived from local Korean word gloss or curated KANJIDIC English fallback.
P1,31,拓,"[""개척하다""]","[""clear (the land)"", ""open"", ""break up (land)""]",single_compound_evidence,1,N1:開拓=개척,auto,Auto draft: KANJIDIC2 readings/radical; Korean meaning draft derived from local Korean word gloss or curated KANJIDIC English fallback.
P1,31,拗,"[""꼬이다"", ""비뚤어지다""]","[""crooked"", ""twisted"", ""distorted"", ""perverted"", ""cross""]",single_compound_evidence,1,"N1:拗れる=(1) (병 등이)도지다 (2) (일, 이야기, 문제 등이)꼬이다",auto,Manual format normalization 2026-08-18: 번호·쉼표로 분리된 단어 문맥을 한자 기본 의미로 정리.
P1,31,拭,"[""닦다""]","[""wipe"", ""mop"", ""swab""]",copied_linked_word_gloss,3,N1:払拭=불식 | N2:手拭い=수건(손) | N3:拭く=닦다,auto,Auto draft: KANJIDIC2 readings/radical; Korean meaning draft derived from local Korean word gloss or curated KANJIDIC English fallback.
P1,31,拮,"[""맞서다"", ""길항하다""]","[""be imminent""]",single_compound_evidence,1,"N1:拮抗する=팽팽하다, 우열을 가릴 수 없다",auto,Auto draft: KANJIDIC2 readings/radical; Korean meaning draft derived from local Korean word gloss or curated KANJIDIC English fallback.
P1,31,掘,"[""파다"", ""굴착하다""]","[""dig"", ""delve"", ""excavate""]",copied_linked_word_gloss,3,"N1:発掘=발굴 | N1:採掘=채굴 | N2:掘る=파다, 굴착하다",auto,Auto draft: KANJIDIC2 readings/radical; Korean meaning draft derived from local Korean word gloss or curated KANJIDIC English fallback.
P1,31,措,"[""두다"", ""중지하다""]","[""set aside"", ""give up"", ""suspend"", ""discontinue"", ""lay aside"", ""except""]",single_compound_evidence,1,N1:措置=조치,auto,Auto draft: KANJIDIC2 readings/radical; Korean meaning draft derived from local Korean word gloss or curated KANJIDIC English fallback.
P1,31,揃,"[""갖추어지다""]","[""be complete"", ""uniform"", ""all present""]",copied_linked_word_gloss,3,"N1:揃い=갖춰짐, 한 벌 | N2:揃う=갖추어지다 | N2:揃える=갖추다, 정돈하다, 맞추다",auto,Auto draft: KANJIDIC2 readings/radical; Korean meaning draft derived from local Korean word gloss or curated KANJIDIC English fallback.
P1,31,揮,"[""휘두르다"", ""발휘하다""]","[""brandish"", ""wave"", ""wag"", ""swing"", ""shake""]",single_compound_evidence,1,N2:発揮=발휘,auto,Auto draft: KANJIDIC2 readings/radical; Korean meaning draft derived from local Korean word gloss or curated KANJIDIC English fallback.
P1,31,搬,"[""운반하다""]","[""conveyor"", ""carry"", ""transport""]",single_compound_evidence,1,N1:運搬=운반,auto,Auto draft: KANJIDIC2 readings/radical; Korean meaning draft derived from local Korean word gloss or curated KANJIDIC English fallback.
P1,31,摂,"[""섭취하다"", ""거두다"", ""대리하다""]","[""vicarious"", ""surrogate"", ""act in addition to"", ""take in"", ""absorb""]",single_compound_evidence,1,N1:摂取=섭취,auto,Auto draft: KANJIDIC2 readings/radical; Korean meaning draft derived from local Korean word gloss or curated KANJIDIC English fallback.
P1,31,摘,"[""따다"", ""요약하다""]","[""pinch"", ""pick"", ""pluck"", ""trim"", ""clip"", ""summarize""]",single_compound_evidence,1,N1:指摘=지적,auto,Auto draft: KANJIDIC2 readings/radical; Korean meaning draft derived from local Korean word gloss or curated KANJIDIC English fallback.
P1,31,撮,"[""찍다"", ""촬영""]","[""snapshot"", ""take pictures""]",single_compound_evidence,1,N2:撮影=촬영,auto,Auto draft: KANJIDIC2 readings/radical; Korean meaning draft derived from local Korean word gloss or curated KANJIDIC English fallback.
P1,31,撲,"[""치다"", ""때리다""]","[""slap"", ""strike"", ""hit"", ""beat"", ""tell"", ""speak""]",single_compound_evidence,1,"N2:相撲=스모, 일본 씨름",auto,Auto draft: KANJIDIC2 readings/radical; Korean meaning draft derived from local Korean word gloss or curated KANJIDIC English fallback.
P1,31,操,"[""조종하다"", ""다루다""]","[""maneuver"", ""manipulate"", ""operate"", ""steer"", ""chastity"", ""virginity"", ""fidelity""]",copied_linked_word_gloss,3,"N1:操る=조종하다, 다루다 | N2:体操=체조 | N3:操作=조작",auto,Auto draft: KANJIDIC2 readings/radical; Korean meaning draft derived from local Korean word gloss or curated KANJIDIC English fallback.
P1,31,擦,"[""문지르다"", ""비비다""]","[""grate"", ""rub"", ""scratch"", ""scrape"", ""chafe"", ""scour""]",copied_linked_word_gloss,3,"N1:擦れる=문지르다, 쓸리다 | N1:摩擦=마찰 | N2:擦る=문지르다, 비비다",auto,Auto draft: KANJIDIC2 readings/radical; Korean meaning draft derived from local Korean word gloss or curated KANJIDIC English fallback.
P1,31,敏,"[""민첩함"", ""영리함""]","[""cleverness"", ""agile"", ""alert""]",single_compound_evidence,1,N1:敏感=민감,auto,Auto draft: KANJIDIC2 readings/radical; Korean meaning draft derived from local Korean word gloss or curated KANJIDIC English fallback.
P1,31,敢,"[""감히"", ""굳이""]","[""daring"", ""brave"", ""bold"", ""sad"", ""tragic"", ""pitiful""]",copied_linked_word_gloss,3,"N1:勇敢に=용감하게 | N1:敢えて=감히, 굳이 | N1:勇敢=용감함",auto,Auto draft: KANJIDIC2 readings/radical; Korean meaning draft derived from local Korean word gloss or curated KANJIDIC English fallback.
P1,31,敬,"[""공경하다""]","[""awe"", ""respect"", ""honor"", ""revere""]",copied_linked_word_gloss,3,"N1:敬う=공경하다 | N2:敬語=경어, 존댓말 | N3:尊敬=존경",auto,Auto draft: KANJIDIC2 readings/radical; Korean meaning draft derived from local Korean word gloss or curated KANJIDIC English fallback.
P1,31,斜,"[""비스듬함"", ""대각선""]","[""diagonal"", ""slanting"", ""oblique""]",copied_linked_word_gloss,3,"N1:斜面=사면, 비탈면 | N1:傾斜=경사,기울기 | N2:斜め=비스듬함, 대각선",auto,Auto draft: KANJIDIC2 readings/radical; Korean meaning draft derived from local Korean word gloss or curated KANJIDIC English fallback.
P1,31,斡,"[""주선하다"", ""관리하다"", ""돌다""]","[""go around"", ""rule"", ""administer""]",single_compound_evidence,1,"N1:斡旋=알선, 주선",auto,Auto draft: KANJIDIC2 readings/radical; Korean meaning draft derived from local Korean word gloss or curated KANJIDIC English fallback.
P1,31,旋,"[""돌다"", ""회전""]","[""rotation"", ""go around""]",single_compound_evidence,1,"N1:斡旋=알선, 주선",auto,Auto draft: KANJIDIC2 readings/radical; Korean meaning draft derived from local Korean word gloss or curated KANJIDIC English fallback.
P1,31,旺,"[""왕성하다"", ""번성하다""]","[""flourishing"", ""successful"", ""beautiful"", ""vigorous""]",single_compound_evidence,1,N1:旺盛だ=왕성하다,auto,Auto draft: KANJIDIC2 readings/radical; Korean meaning draft derived from local Korean word gloss or curated KANJIDIC English fallback.
P1,31,昆,"[""자손"", ""곤충""]","[""descendants"", ""elder brother"", ""insect""]",single_compound_evidence,1,"N1:昆虫=곤충, 벌레, 오류",auto,Auto draft: KANJIDIC2 readings/radical; Korean meaning draft derived from local Korean word gloss or curated KANJIDIC English fallback.
P1,31,晩,"[""밤"", ""저녁""]","[""nightfall"", ""night""]",single_compound_evidence,1,N5:今晩=오늘 밤,auto,Auto draft: KANJIDIC2 readings/radical; Korean meaning draft derived from local Korean word gloss or curated KANJIDIC English fallback.
P1,31,晶,"[""맑다"", ""수정""]","[""sparkle"", ""clear"", ""crystal""]",single_compound_evidence,1,N1:結晶=결정,auto,Auto draft: KANJIDIC2 readings/radical; Korean meaning draft derived from local Korean word gloss or curated KANJIDIC English fallback.
P1,31,朗,"[""밝은"", ""명랑한""]","[""melodious"", ""clear"", ""bright"", ""serene"", ""cheerful""]",copied_linked_word_gloss,3,"N1:朗報=낭보,희소식 | N1:朗読=낭독 | N2:朗らか=밝은, 명랑한",auto,Auto draft: KANJIDIC2 readings/radical; Korean meaning draft derived from local Korean word gloss or curated KANJIDIC English fallback.
P1,31,朴,"[""소박함"", ""순박함""]","[""crude"", ""simple"", ""plain"", ""docile""]",single_compound_evidence,1,N1:素朴=소박함,auto,Auto draft: KANJIDIC2 readings/radical; Korean meaning draft derived from local Korean word gloss or curated KANJIDIC English fallback.
P1,31,村,"[""마을""]","[""village"", ""town""]",single_compound_evidence,1,N2:農村=농촌,auto,Auto draft: KANJIDIC2 readings/radical; Korean meaning draft derived from local Korean word gloss or curated KANJIDIC English fallback.
P1,31,析,"[""분석하다"", ""쪼개다""]","[""chop"", ""divide"", ""tear"", ""analyze""]",single_compound_evidence,1,N2:分析=분석,auto,Auto draft: KANJIDIC2 readings/radical; Korean meaning draft derived from local Korean word gloss or curated KANJIDIC English fallback.
P1,31,枢,"[""중심"", ""축""]","[""hinge"", ""pivot"", ""door"", ""center of things""]",single_compound_evidence,1,"N1:中枢=중추,핵심",auto,Auto draft: KANJIDIC2 readings/radical; Korean meaning draft derived from local Korean word gloss or curated KANJIDIC English fallback.
P1,31,架,"[""걸치다"", ""세우다"", ""선반""]","[""erect"", ""frame"", ""mount"", ""support"", ""shelf"", ""construct""]",single_compound_evidence,1,N1:架空=가공,auto,Auto draft: KANJIDIC2 readings/radical; Korean meaning draft derived from local Korean word gloss or curated KANJIDIC English fallback.
P1,31,柱,"[""기둥""]","[""pillar"", ""post"", ""cylinder"", ""support""]",single_compound_evidence,1,"N2:電柱=전봇대, 전주",auto,Auto draft: KANJIDIC2 readings/radical; Korean meaning draft derived from local Korean word gloss or curated KANJIDIC English fallback.
P1,31,栽,"[""심다"", ""재배""]","[""plantation"", ""planting""]",single_compound_evidence,1,N1:栽培=재배,auto,Auto draft: KANJIDIC2 readings/radical; Korean meaning draft derived from local Korean word gloss or curated KANJIDIC English fallback.
P1,31,桟,"[""잔교"", ""틀""]","[""scaffold"", ""cleat"", ""frame"", ""jetty"", ""bolt (door)""]",single_compound_evidence,1,"N1:桟橋=부두, 선착장",auto,Auto draft: KANJIDIC2 readings/radical; Korean meaning draft derived from local Korean word gloss or curated KANJIDIC English fallback.
P1,31,梯,"[""사다리"", ""계단""]","[""ladder"", ""stairs"", ""insatiable drinking""]",single_compound_evidence,1,N2:梯子=사다리,auto,Auto draft: KANJIDIC2 readings/radical; Korean meaning draft derived from local Korean word gloss or curated KANJIDIC English fallback.
P1,31,棋,"[""장기"", ""바둑돌""]","[""chess piece"", ""Japanese chess"", ""shogi""]",single_compound_evidence,1,N2:将棋=장기(일본 장기),auto,Auto draft: KANJIDIC2 readings/radical; Korean meaning draft derived from local Korean word gloss or curated KANJIDIC English fallback.
P1,31,樹,"[""나무"", ""세우다""]","[""timber"", ""trees"", ""wood"", ""establish"", ""set up""]",single_compound_evidence,1,N1:樹木=수목(큰나무),auto,Auto draft: KANJIDIC2 readings/radical; Korean meaning draft derived from local Korean word gloss or curated KANJIDIC English fallback.
P1,31,欧,"[""유럽""]","[""Europe""]",single_compound_evidence,1,"N2:欧米=구미, 서양",auto,Auto draft: KANJIDIC2 readings/radical; Korean meaning draft derived from local Korean word gloss or curated KANJIDIC English fallback.
P1,31,欺,"[""속이다""]","[""deceit"", ""cheat"", ""delude""]",single_compound_evidence,1,N1:詐欺=사기,auto,Auto draft: KANJIDIC2 readings/radical; Korean meaning draft derived from local Korean word gloss or curated KANJIDIC English fallback.
P1,31,殖,"[""번식하다"", ""늘리다""]","[""augment"", ""increase"", ""multiply"", ""raise""]",single_compound_evidence,1,N1:繁殖=번식,auto,Auto draft: KANJIDIC2 readings/radical; Korean meaning draft derived from local Korean word gloss or curated KANJIDIC English fallback.
P1,31,汽,"[""증기""]","[""vapor"", ""steam""]",single_compound_evidence,1,N4:汽車=기차(증기 기관차),auto,Auto draft: KANJIDIC2 readings/radical; Korean meaning draft derived from local Korean word gloss or curated KANJIDIC English fallback.
P1,31,泊,"[""묵다"", ""숙박하다""]","[""overnight stay"", ""put up at"", ""ride at anchor""]",copied_linked_word_gloss,3,"N2:泊める=주다 피난처 | N3:宿泊=숙박 | N4:泊まる=묵다, 숙박하다",auto,Auto draft: KANJIDIC2 readings/radical; Korean meaning draft derived from local Korean word gloss or curated KANJIDIC English fallback.
P1,31,泥,"[""진흙"", ""집착하다""]","[""mud"", ""mire"", ""adhere to"", ""be attached to""]",single_compound_evidence,1,N4:泥棒=도둑,auto,Auto draft: KANJIDIC2 readings/radical; Korean meaning draft derived from local Korean word gloss or curated KANJIDIC English fallback.
P1,31,津,"[""나루"", ""항구""]","[""haven"", ""port"", ""harbor"", ""ferry""]",single_compound_evidence,1,"N1:津波=쓰나미, 지진해일",auto,Auto draft: KANJIDIC2 readings/radical; Korean meaning draft derived from local Korean word gloss or curated KANJIDIC English fallback.
P1,31,洪,"[""홍수"", ""넓다""]","[""deluge"", ""flood"", ""vast""]",single_compound_evidence,1,N1:洪水=홍수,auto,Auto draft: KANJIDIC2 readings/radical; Korean meaning draft derived from local Korean word gloss or curated KANJIDIC English fallback.
P1,31,浪,"[""물결"", ""방랑""]","[""wandering"", ""waves"", ""billows"", ""reckless"", ""unrestrained""]",single_compound_evidence,1,N1:浪費=낭비,auto,Auto draft: KANJIDIC2 readings/radical; Korean meaning draft derived from local Korean word gloss or curated KANJIDIC English fallback.
P1,31,淡,"[""연하다"", ""흐리다""]","[""thin"", ""faint"", ""pale"", ""fleeting""]",copied_linked_word_gloss,3,"N1:冷淡な=냉담한 | N1:淡い=연하다,흐리다 | N2:淡水=담수, 민물",auto,Auto draft: KANJIDIC2 readings/radical; Korean meaning draft derived from local Korean word gloss or curated KANJIDIC English fallback.
P1,31,渇,"[""목마르다""]","[""thirst"", ""dry up"", ""parch""]",single_compound_evidence,1,N1:枯渇=고갈,auto,Auto draft: KANJIDIC2 readings/radical; Korean meaning draft derived from local Korean word gloss or curated KANJIDIC English fallback.
P1,31,渋,"[""떫다"", ""주저하다""]","[""astringent"", ""hesitate"", ""reluctant"", ""have diarrhea""]",single_compound_evidence,1,N3:渋滞=정체,auto,Auto draft: KANJIDIC2 readings/radical; Korean meaning draft derived from local Korean word gloss or curated KANJIDIC English fallback.
P1,31,溜,"[""쌓이다"", ""모이다""]","[""collect"", ""gather"", ""be in arrears""]",copied_linked_word_gloss,3,"N2:溜息=한숨 | N3:溜める=모으다, 쌓다 | N3:溜まる=쌓이다, 모이다",auto,Auto draft: KANJIDIC2 readings/radical; Korean meaning draft derived from local Korean word gloss or curated KANJIDIC English fallback.
P1,31,漫,"[""만화"", ""제멋대로""]","[""cartoon"", ""involuntarily"", ""unrestrained"", ""in spite of oneself"", ""corrupt""]",single_compound_evidence,1,"N4:漫画=만화(책), 만화, 애니메이션",auto,Auto draft: KANJIDIC2 readings/radical; Korean meaning draft derived from local Korean word gloss or curated KANJIDIC English fallback.
P1,31,瀬,"[""여울"", ""급류""]","[""rapids"", ""current"", ""torrent"", ""shallows"", ""shoal""]",single_compound_evidence,1,"N2:瀬戸物=도자기, 사기그릇",auto,Auto draft: KANJIDIC2 readings/radical; Korean meaning draft derived from local Korean word gloss or curated KANJIDIC English fallback.
P1,31,灰,"[""재""]","[""ashes"", ""puckery juice"", ""cremate""]",single_compound_evidence,1,N2:灰色=회색,auto,Auto draft: KANJIDIC2 readings/radical; Korean meaning draft derived from local Korean word gloss or curated KANJIDIC English fallback.
P1,31,炬,"[""횃불"", ""화톳불""]","[""torch"", ""signal fire""]",single_compound_evidence,1,N1:炬燵=코타츠,auto,Auto draft: KANJIDIC2 readings/radical; Korean meaning draft derived from local Korean word gloss or curated KANJIDIC English fallback.
P1,31,焚,"[""불태우다"", ""끓이다""]","[""burn"", ""kindle"", ""build a fire"", ""boil"", ""cook""]",single_compound_evidence,1,N1:焚き火=모닥불,auto,Auto draft: KANJIDIC2 readings/radical; Korean meaning draft derived from local Korean word gloss or curated KANJIDIC English fallback.
P1,31,煉,"[""단련하다"", ""정제하다""]","[""refine metals"", ""kneading over fire""]",single_compound_evidence,1,N2:煉瓦=벽돌,auto,Auto draft: KANJIDIC2 readings/radical; Korean meaning draft derived from local Korean word gloss or curated KANJIDIC English fallback.
P1,31,燃,"[""타다""]","[""burn"", ""blaze"", ""glow""]",copied_linked_word_gloss,3,N1:燃料=연료 | N1:燃焼=연소 | N3:燃える=타다,auto,Auto draft: KANJIDIC2 readings/radical; Korean meaning draft derived from local Korean word gloss or curated KANJIDIC English fallback.
P1,31,燵,"[""난방 기구"", ""고타쓰에 쓰이는 글자""]","[""foot warmer"", ""(kokuji)""]",single_compound_evidence,1,N1:炬燵=코타츠,auto,Auto draft: KANJIDIC2 readings/radical; Korean meaning draft derived from local Korean word gloss or curated KANJIDIC English fallback.
P1,31,牲,"[""희생 제물""]","[""animal sacrifice"", ""offering""]",single_compound_evidence,1,N1:犠牲=희생,auto,Auto draft: KANJIDIC2 readings/radical; Korean meaning draft derived from local Korean word gloss or curated KANJIDIC English fallback.
P1,31,獄,"[""감옥""]","[""prison"", ""jail""]",single_compound_evidence,1,N1:地獄=지옥,auto,Auto draft: KANJIDIC2 readings/radical; Korean meaning draft derived from local Korean word gloss or curated KANJIDIC English fallback.
P1,31,玄,"[""검다"", ""깊고 오묘함""]","[""mysterious"", ""occultness"", ""black"", ""deep"", ""profound""]",single_compound_evidence,1,N5:玄関=현관,auto,Auto draft: KANJIDIC2 readings/radical; Korean meaning draft derived from local Korean word gloss or curated KANJIDIC English fallback.
P1,31,玩,"[""즐기다"", ""희롱하다""]","[""play"", ""take pleasure in"", ""trifle with"", ""make sport of""]",single_compound_evidence,1,N4:玩具=장난감,auto,Auto draft: KANJIDIC2 readings/radical; Korean meaning draft derived from local Korean word gloss or curated KANJIDIC English fallback.
P1,31,珠,"[""구슬"", ""보석""]","[""pearl"", ""gem"", ""jewel""]",single_compound_evidence,1,N1:真珠=진주,auto,Auto draft: KANJIDIC2 readings/radical; Korean meaning draft derived from local Korean word gloss or curated KANJIDIC English fallback.
P1,31,璧,"[""구슬"", ""옥""]","[""sphere"", ""ball""]",single_compound_evidence,1,N1:完璧=완벽,auto,Auto draft: KANJIDIC2 readings/radical; Korean meaning draft derived from local Korean word gloss or curated KANJIDIC English fallback.
P1,31,甚,"[""심하다"", ""매우""]","[""tremendously"", ""very"", ""great"", ""exceedingly""]",single_compound_evidence,1,N1:甚だしい=심하다,auto,Auto draft: KANJIDIC2 readings/radical; Korean meaning draft derived from local Korean word gloss or curated KANJIDIC English fallback.
P1,31,界,"[""세계"", ""경계""]","[""world"", ""boundary""]",copied_linked_word_gloss,3,"N2:境界=경계 | N3:限界=한계, 제한 | N4:世界=세계",auto,Auto draft: KANJIDIC2 readings/radical; Korean meaning draft derived from local Korean word gloss or curated KANJIDIC English fallback.
P1,31,疲,"[""피로""]","[""exhausted"", ""tire"", ""weary""]",copied_linked_word_gloss,3,"N1:疲労=피로 | N3:疲れる=피곤하다, 지치다 | N3:疲れ=피로",auto,Auto draft: KANJIDIC2 readings/radical; Korean meaning draft derived from local Korean word gloss or curated KANJIDIC English fallback.
P1,31,症,"[""증상"", ""병""]","[""symptoms"", ""illness""]",single_compound_evidence,1,N3:症状=증상,auto,Auto draft: KANJIDIC2 readings/radical; Korean meaning draft derived from local Korean word gloss or curated KANJIDIC English fallback.
P1,31,痴,"[""어리석음""]","[""stupid"", ""foolish""]",single_compound_evidence,1,"N1:愚痴=푸념, 넋두리",auto,Auto draft: KANJIDIC2 readings/radical; Korean meaning draft derived from local Korean word gloss or curated KANJIDIC English fallback.
P1,31,痺,"[""마비"", ""저리다""]","[""palsy"", ""become numb"", ""paralysed""]",single_compound_evidence,1,N1:麻痺=마비,auto,Auto draft: KANJIDIC2 readings/radical; Korean meaning draft derived from local Korean word gloss or curated KANJIDIC English fallback.
P1,31,癒,"[""치유하다"", ""낫다""]","[""healing"", ""cure"", ""quench (thirst)"", ""wreak""]",single_compound_evidence,1,N1:治癒する=치유하다,auto,Auto draft: KANJIDIC2 readings/radical; Korean meaning draft derived from local Korean word gloss or curated KANJIDIC English fallback.
P1,31,百,"[""백""]","[""hundred""]",single_compound_evidence,1,N2:百科事典=백과사전,auto,Auto draft: KANJIDIC2 readings/radical; Korean meaning draft derived from local Korean word gloss or curated KANJIDIC English fallback.
P1,31,盾,"[""방패"", ""구실""]","[""shield"", ""escutcheon"", ""pretext""]",single_compound_evidence,1,N1:矛盾=모순,auto,Auto draft: KANJIDIC2 readings/radical; Korean meaning draft derived from local Korean word gloss or curated KANJIDIC English fallback.
P1,31,省,"[""생략하다""]","[""government ministry"", ""conserve"", ""omit""]",copied_linked_word_gloss,3,N1:省みる=반성하다 | N2:反省=반성 | N2:省く=생략하다,auto,Auto draft: KANJIDIC2 readings/radical; Korean meaning draft derived from local Korean word gloss or curated KANJIDIC English fallback.
P1,31,眼,"[""눈"", ""안목""]","[""eyeball""]",single_compound_evidence,1,N1:眼科=안과,auto,Auto draft: KANJIDIC2 readings/radical; Korean meaning draft derived from local Korean word gloss or curated KANJIDIC English fallback.
P1,31,睡,"[""졸다"", ""잠""]","[""drowsy"", ""sleep"", ""die""]",single_compound_evidence,1,N3:睡眠=자다,auto,Auto draft: KANJIDIC2 readings/radical; Korean meaning draft derived from local Korean word gloss or curated KANJIDIC English fallback.
P1,31,矛,"[""창"", ""무기""]","[""halberd"", ""arms"", ""festival float""]",single_compound_evidence,1,N1:矛盾=모순,auto,Auto draft: KANJIDIC2 readings/radical; Korean meaning draft derived from local Korean word gloss or curated KANJIDIC English fallback.
P1,31,砲,"[""포"", ""대포""]","[""cannon"", ""gun""]",single_compound_evidence,1,"N2:鉄砲=총, 철포",auto,Auto draft: KANJIDIC2 readings/radical; Korean meaning draft derived from local Korean word gloss or curated KANJIDIC English fallback.
P1,31,磁,"[""자석"", ""자기""]","[""magnet"", ""porcelain""]",single_compound_evidence,1,N2:磁石=자석,auto,Auto draft: KANJIDIC2 readings/radical; Korean meaning draft derived from local Korean word gloss or curated KANJIDIC English fallback.
P1,31,礎,"[""초석"", ""기초""]","[""cornerstone"", ""foundation stone""]",single_compound_evidence,1,N3:基礎=기초,auto,Auto draft: KANJIDIC2 readings/radical; Korean meaning draft derived from local Korean word gloss or curated KANJIDIC English fallback.
P1,31,祉,"[""복지"", ""행복""]","[""welfare"", ""happiness""]",single_compound_evidence,1,N1:福祉=복지,auto,Auto draft: KANJIDIC2 readings/radical; Korean meaning draft derived from local Korean word gloss or curated KANJIDIC English fallback.
P1,31,祝,"[""축하하다""]","[""celebrate"", ""congratulate""]",copied_linked_word_gloss,3,"N2:祝う=축하하다 | N2:祝日=공휴일, 경축일 | N4:お祝い=축하",auto,Auto draft: KANJIDIC2 readings/radical; Korean meaning draft derived from local Korean word gloss or curated KANJIDIC English fallback.
P1,31,祭,"[""모시다"", ""제사 지내다""]","[""ritual"", ""offer prayers"", ""celebrate"", ""deify"", ""enshrine"", ""worship""]",copied_linked_word_gloss,3,"N2:祭る=모시다, 제사 지내다 | N2:祭日=축제일, 경축일 | N4:お祭り=축제",auto,Auto draft: KANJIDIC2 readings/radical; Korean meaning draft derived from local Korean word gloss or curated KANJIDIC English fallback.
P1,31,秀,"[""뛰어나다"", ""우수함""]","[""excel"", ""excellence"", ""beauty"", ""surpass""]",single_compound_evidence,1,"N3:優秀=우수함, 뛰어남",auto,Auto draft: KANJIDIC2 readings/radical; Korean meaning draft derived from local Korean word gloss or curated KANJIDIC English fallback.
P1,31,秘,"[""숨기다"", ""감추다""]","[""secret"", ""conceal""]",copied_linked_word_gloss,3,"N1:神秘=신비 | N1:秘める=숨기다,감추다 | N3:秘密=비밀",auto,Auto draft: KANJIDIC2 readings/radical; Korean meaning draft derived from local Korean word gloss or curated KANJIDIC English fallback.
P1,31,秩,"[""질서"", ""봉급""]","[""regularity"", ""salary"", ""order""]",single_compound_evidence,1,N1:秩序=질서,auto,Auto draft: KANJIDIC2 readings/radical; Korean meaning draft derived from local Korean word gloss or curated KANJIDIC English fallback.
P1,31,称,"[""칭하다"", ""자칭하다""]","[""appellation"", ""praise"", ""admire"", ""name"", ""title"", ""fame""]",copied_linked_word_gloss,3,"N1:称する=칭하다, 자칭하다 | N1:称える=칭찬하다, 찬양하다 | N1:名称=명칭",auto,Auto draft: KANJIDIC2 readings/radical; Korean meaning draft derived from local Korean word gloss or curated KANJIDIC English fallback.
P1,31,稲,"[""벼"", ""벼 포기""]","[""rice plant""]",single_compound_evidence,1,N1:稲光=번갯불,auto,Auto draft: KANJIDIC2 readings/radical; Korean meaning draft derived from local Korean word gloss or curated KANJIDIC English fallback.
P1,31,稿,"[""원고"", ""초안""]","[""draft"", ""copy"", ""manuscript"", ""straw""]",single_compound_evidence,1,N2:原稿=원고,auto,Auto draft: KANJIDIC2 readings/radical; Korean meaning draft derived from local Korean word gloss or curated KANJIDIC English fallback.
P1,31,穫,"[""거두다"", ""수확""]","[""harvest"", ""reap""]",single_compound_evidence,1,N1:収穫=수확,auto,Auto draft: KANJIDIC2 readings/radical; Korean meaning draft derived from local Korean word gloss or curated KANJIDIC English fallback.
P1,31,窒,"[""막히다"", ""질식""]","[""plug up"", ""obstruct""]",single_compound_evidence,1,N1:窒息=질식,auto,Auto draft: KANJIDIC2 readings/radical; Korean meaning draft derived from local Korean word gloss or curated KANJIDIC English fallback.
P1,31,窮,"[""궁하다"", ""막히다""]","[""hard up"", ""destitute"", ""suffer"", ""perplexed"", ""cornered""]",single_compound_evidence,1,"N1:窮屈=갑갑함, 거북함",auto,Auto draft: KANJIDIC2 readings/radical; Korean meaning draft derived from local Korean word gloss or curated KANJIDIC English fallback.
P1,31,箋,"[""쪽지"", ""편지지""]","[""paper"", ""label"", ""letter"", ""composition""]",single_compound_evidence,1,N2:便箋=편지지,auto,Auto draft: KANJIDIC2 readings/radical; Korean meaning draft derived from local Korean word gloss or curated KANJIDIC English fallback.
P1,31,築,"[""쌓다"", ""구축하다""]","[""fabricate"", ""build"", ""construct""]",copied_linked_word_gloss,3,"N1:新築=신축 | N1:築く=쌓다,구축하다 | N3:建築=건축",auto,Auto draft: KANJIDIC2 readings/radical; Korean meaning draft derived from local Korean word gloss or curated KANJIDIC English fallback.
P1,31,簿,"[""장부"", ""명부""]","[""register"", ""record book""]",single_compound_evidence,1,N1:名簿=명부,auto,Auto draft: KANJIDIC2 readings/radical; Korean meaning draft derived from local Korean word gloss or curated KANJIDIC English fallback.
P1,31,粗,"[""입자·짜임이 거칠다"", ""성기다""]","[""coarse"", ""rough"", ""rugged""]",copied_linked_word_gloss,3,"N1:粗い=입자·짜임이 거칠다, 성기다 | N2:粗末だ=허술하다 | N3:粗末=허술한, 변변찮은",auto,Auto draft: KANJIDIC2 readings/radical; Korean meaning draft derived from local Korean word gloss or curated KANJIDIC English fallback.
P1,31,粛,"[""엄숙하다"", ""삼가다""]","[""solemn"", ""quietly"", ""softly""]",single_compound_evidence,1,"N1:自粛=자숙,자제",auto,Auto draft: KANJIDIC2 readings/radical; Korean meaning draft derived from local Korean word gloss or curated KANJIDIC English fallback.
P1,31,粧,"[""화장"", ""꾸미다""]","[""cosmetics"", ""adorn (one's person)""]",single_compound_evidence,1,N3:化粧=화장,auto,Auto draft: KANJIDIC2 readings/radical; Korean meaning draft derived from local Korean word gloss or curated KANJIDIC English fallback.
P1,31,糖,"[""설탕"", ""당""]","[""sugar""]",single_compound_evidence,1,N1:砂糖=설탕,auto,Auto draft: KANJIDIC2 readings/radical; Korean meaning draft derived from local Korean word gloss or curated KANJIDIC English fallback.
P1,31,糾,"[""바로잡다"", ""얽히다"", ""조사하다""]","[""twist"", ""ask"", ""investigate"", ""verify""]",single_compound_evidence,1,"N1:紛糾する=분규하다, 분규를 겪다",auto,Auto draft: KANJIDIC2 readings/radical; Korean meaning draft derived from local Korean word gloss or curated KANJIDIC English fallback.
P1,31,紀,"[""기록"", ""역사""]","[""chronicle"", ""account"", ""narrative"", ""history"", ""annals"", ""geologic period""]",single_compound_evidence,1,N3:世紀=세기,auto,Auto draft: KANJIDIC2 readings/radical; Korean meaning draft derived from local Korean word gloss or curated KANJIDIC English fallback.
P1,31,紹,"[""소개하다"", ""잇다""]","[""introduce"", ""inherit"", ""help""]",single_compound_evidence,1,N3:紹介=소개,auto,Auto draft: KANJIDIC2 readings/radical; Korean meaning draft derived from local Korean word gloss or curated KANJIDIC English fallback.
P1,31,絡,"[""휘감기다"", ""관련되다""]","[""entwine"", ""coil around"", ""get caught in""]",copied_linked_word_gloss,3,"N1:絡む=휘감기다,관련되다 | N1:脈絡=맥락, 연관, 관련 | N4:連絡=연락",auto,Auto draft: KANJIDIC2 readings/radical; Korean meaning draft derived from local Korean word gloss or curated KANJIDIC English fallback.
P1,31,綺,"[""아름답다"", ""무늬 있는 비단""]","[""figured cloth"", ""beautiful""]",single_compound_evidence,1,"N5:綺麗=예쁘다, 깨끗하다",auto,Auto draft: KANJIDIC2 readings/radical; Korean meaning draft derived from local Korean word gloss or curated KANJIDIC English fallback.
P1,31,繋,"[""잇다"", ""연결하다""]","[""tie"", ""fasten"", ""chain"", ""tether"", ""connect""]",copied_linked_word_gloss,3,"N2:繋がる=연결되다,이어지다 | N2:繋がり=연결, 관계; (1) 연계, 관계 (2) 연결 | N3:繋ぐ=잇다, 연결하다",auto,Auto draft: KANJIDIC2 readings/radical; Korean meaning draft derived from local Korean word gloss or curated KANJIDIC English fallback.
P1,31,繍,"[""수놓다"", ""무늬 있는 천""]","[""sew"", ""figured cloth""]",single_compound_evidence,1,N1:刺繍=자수,auto,Auto draft: KANJIDIC2 readings/radical; Korean meaning draft derived from local Korean word gloss or curated KANJIDIC English fallback.
P1,31,繕,"[""깁다"", ""손질하다"", ""둘러대다""]","[""darning"", ""repair"", ""mend"", ""trim"", ""tidy up"", ""adjust""]",single_compound_evidence,1,N2:修繕=수선,auto,Auto draft: KANJIDIC2 readings/radical; Korean meaning draft derived from local Korean word gloss or curated KANJIDIC English fallback.
P1,31,繰,"[""감다"", ""넘기다""]","[""winding"", ""reel"", ""spin"", ""turn (pages)"", ""look up"", ""refer to""]",single_compound_evidence,1,N3:繰り返す=반복하다,auto,Auto draft: KANJIDIC2 readings/radical; Korean meaning draft derived from local Korean word gloss or curated KANJIDIC English fallback.
P1,31,羅,"[""늘어놓다"", ""망라하다"", ""얇은 비단""]","[""gauze"", ""thin silk"", ""Rome"", ""arrange"", ""spread out""]",single_compound_evidence,1,N1:網羅=망라(모두포함),auto,Auto draft: KANJIDIC2 readings/radical; Korean meaning draft derived from local Korean word gloss or curated KANJIDIC English fallback.
P1,31,羊,"[""양""]","[""sheep""]",single_compound_evidence,1,N2:羊毛=양모,auto,Auto draft: KANJIDIC2 readings/radical; Korean meaning draft derived from local Korean word gloss or curated KANJIDIC English fallback.
P1,31,翌,"[""다음"", ""이튿날""]","[""the following"", ""next""]",single_compound_evidence,1,N3:翌年=이듬해,auto,Auto draft: KANJIDIC2 readings/radical; Korean meaning draft derived from local Korean word gloss or curated KANJIDIC English fallback.
P1,31,耐,"[""참다"", ""인내하다""]","[""-proof"", ""enduring""]",copied_linked_word_gloss,3,"N1:忍耐=인내 | N1:耐えがたい=견디기 힘들다 | N2:耐える=참다,인내하다",auto,Auto draft: KANJIDIC2 readings/radical; Korean meaning draft derived from local Korean word gloss or curated KANJIDIC English fallback.
P1,31,耕,"[""갈다"", ""경작하다""]","[""till"", ""plow"", ""cultivate""]",copied_linked_word_gloss,3,"N1:耕作=경작, 농사 | N1:農耕=농업, 경작 | N2:耕す=갈다, 경작하다",auto,Auto draft: KANJIDIC2 readings/radical; Korean meaning draft derived from local Korean word gloss or curated KANJIDIC English fallback.
P1,31,耗,"[""줄다"", ""소모""]","[""decrease""]",single_compound_evidence,1,N2:消耗=소모,auto,Auto draft: KANJIDIC2 readings/radical; Korean meaning draft derived from local Korean word gloss or curated KANJIDIC English fallback.
P1,31,聴,"[""듣다""]","[""listen"", ""headstrong"", ""naughty"", ""careful inquiry""]",single_compound_evidence,1,N1:聴覚=청각,auto,Auto draft: KANJIDIC2 readings/radical; Korean meaning draft derived from local Korean word gloss or curated KANJIDIC English fallback.
P1,31,肝,"[""간"", ""담력""]","[""liver"", ""pluck"", ""nerve"", ""chutzpah""]",single_compound_evidence,1,"N1:肝心=중요함, 핵심임",auto,Auto draft: KANJIDIC2 readings/radical; Korean meaning draft derived from local Korean word gloss or curated KANJIDIC English fallback.
P1,31,肯,"[""수긍하다"", ""동의""]","[""agreement"", ""consent"", ""comply with""]",single_compound_evidence,1,N2:肯定=긍정,auto,Auto draft: KANJIDIC2 readings/radical; Korean meaning draft derived from local Korean word gloss or curated KANJIDIC English fallback.
P1,31,胞,"[""세포"", ""주머니""]","[""placenta"", ""sac"", ""sheath""]",single_compound_evidence,1,N1:細胞=세포,auto,Auto draft: KANJIDIC2 readings/radical; Korean meaning draft derived from local Korean word gloss or curated KANJIDIC English fallback.
P1,31,腐,"[""썩다"", ""상하다""]","[""rot"", ""decay"", ""sour""]",single_compound_evidence,1,N1:腐敗=부패,auto,Auto draft: KANJIDIC2 readings/radical; Korean meaning draft derived from local Korean word gloss or curated KANJIDIC English fallback.
P1,31,膚,"[""피부"", ""살결""]","[""skin"", ""body"", ""grain"", ""texture"", ""disposition""]",single_compound_evidence,1,N2:皮膚=피부,auto,Auto draft: KANJIDIC2 readings/radical; Korean meaning draft derived from local Korean word gloss or curated KANJIDIC English fallback.
P1,31,膜,"[""막"", ""피막""]","[""membrane""]",single_compound_evidence,1,N1:粘膜=점막,auto,Auto draft: KANJIDIC2 readings/radical; Korean meaning draft derived from local Korean word gloss or curated KANJIDIC English fallback.
P1,31,臆,"[""겁"", ""마음"", ""소심함""]","[""timidity"", ""heart"", ""mind"", ""fear"", ""cowardly""]",single_compound_evidence,1,"N1:臆病=겁쟁이, 겁이 많음",auto,Auto draft: KANJIDIC2 readings/radical; Korean meaning draft derived from local Korean word gloss or curated KANJIDIC English fallback.
P1,31,臓,"[""내장""]","[""entrails"", ""viscera"", ""bowels""]",single_compound_evidence,1,N3:心臓=심장,auto,Auto draft: KANJIDIC2 readings/radical; Korean meaning draft derived from local Korean word gloss or curated KANJIDIC English fallback.
P1,31,舗,"[""가게"", ""포장하다""]","[""shop"", ""store"", ""pave""]",single_compound_evidence,1,N1:舗装=포장(도로),auto,Auto draft: KANJIDIC2 readings/radical; Korean meaning draft derived from local Korean word gloss or curated KANJIDIC English fallback.
P1,31,舶,"[""배"", ""선박""]","[""liner"", ""ship""]",single_compound_evidence,1,N1:船舶=배,auto,Auto draft: KANJIDIC2 readings/radical; Korean meaning draft derived from local Korean word gloss or curated KANJIDIC English fallback.
P1,31,芸,"[""재주"", ""예(藝)""]","[""technique"", ""art"", ""craft"", ""performance"", ""acting"", ""trick"", ""stunt""]",context_parentheses,7,"N1:学芸=학예 | N1:芸=재주, 예(藝) | N2:文芸=문예 | N2:工芸=공예 | N2:園芸=원예",auto,Auto draft: KANJIDIC2 readings/radical; Korean meaning draft derived from local Korean word gloss or curated KANJIDIC English fallback.
P1,31,若,"[""젋다"", ""젊다""]","[""young"", ""if"", ""perhaps"", ""possibly"", ""low number"", ""immature""]",copied_linked_word_gloss,3,"N1:若干=약간 | N2:若々しい=아주젊다,생기발랄하다 | N3:若い=젋다; 젊다",auto,Auto draft: KANJIDIC2 readings/radical; Korean meaning draft derived from local Korean word gloss or curated KANJIDIC English fallback.
P1,31,荘,"[""별장"", ""엄숙함""]","[""villa"", ""inn"", ""cottage"", ""feudal manor"", ""solemn"", ""dignified""]",single_compound_evidence,1,N2:別荘=별장,auto,Auto draft: KANJIDIC2 readings/radical; Korean meaning draft derived from local Korean word gloss or curated KANJIDIC English fallback.
P1,31,菓,"[""과자"", ""과일""]","[""candy"", ""cakes"", ""fruit""]",single_compound_evidence,1,N5:お菓子=과자,auto,Auto draft: KANJIDIC2 readings/radical; Korean meaning draft derived from local Korean word gloss or curated KANJIDIC English fallback.
P1,31,菜,"[""채소"", ""반찬""]","[""vegetable"", ""side dish"", ""greens""]",single_compound_evidence,1,N4:野菜=야채,auto,Auto draft: KANJIDIC2 readings/radical; Korean meaning draft derived from local Korean word gloss or curated KANJIDIC English fallback.
P1,31,董,"[""바로잡다""]","[""correct""]",single_compound_evidence,1,N1:骨董品=골동품,auto,Auto draft: KANJIDIC2 readings/radical; Korean meaning draft derived from local Korean word gloss or curated KANJIDIC English fallback.
P1,31,葬,"[""장사 지내다"", ""묻다""]","[""interment"", ""bury"", ""shelve""]",single_compound_evidence,1,N2:葬式=장례식,auto,Auto draft: KANJIDIC2 readings/radical; Korean meaning draft derived from local Korean word gloss or curated KANJIDIC English fallback.
P1,31,蓄,"[""저축하다"", ""비축하다""]","[""amass"", ""raise"", ""hoard"", ""store""]",copied_linked_word_gloss,3,"N1:蓄積=축적 | N1:蓄える=저축하다,비축하다 | N1:貯蓄=저축",auto,Auto draft: KANJIDIC2 readings/radical; Korean meaning draft derived from local Korean word gloss or curated KANJIDIC English fallback.
P1,31,蔑,"[""업신여기다"", ""무시하다""]","[""ignore"", ""despise"", ""neglect"", ""ridicule""]",single_compound_evidence,1,N1:軽蔑=경멸,auto,Auto draft: KANJIDIC2 readings/radical; Korean meaning draft derived from local Korean word gloss or curated KANJIDIC English fallback.
P1,31,薦,"[""추천하다"", ""권하다""]","[""recommend"", ""mat"", ""advise"", ""encourage"", ""offer""]",single_compound_evidence,1,N3:推薦=추천,auto,Auto draft: KANJIDIC2 readings/radical; Korean meaning draft derived from local Korean word gloss or curated KANJIDIC English fallback.
P1,31,虚,"[""비다"", ""허위""]","[""void"", ""emptiness"", ""unpreparedness"", ""crack"", ""fissure"", ""untruth""]",single_compound_evidence,1,"N2:謙虚=겸손, 겸양",auto,Auto draft: KANJIDIC2 readings/radical; Korean meaning draft derived from local Korean word gloss or curated KANJIDIC English fallback.
P1,31,蛇,"[""뱀""]","[""snake"", ""serpent"", ""hard drinker""]",single_compound_evidence,1,N2:蛇口=수도꼭지,auto,Auto draft: KANJIDIC2 readings/radical; Korean meaning draft derived from local Korean word gloss or curated KANJIDIC English fallback.
P1,31,蛍,"[""반딧불이""]","[""lightning-bug"", ""firefly""]",single_compound_evidence,1,N2:蛍光灯=형광등,auto,Auto draft: KANJIDIC2 readings/radical; Korean meaning draft derived from local Korean word gloss or curated KANJIDIC English fallback.
P1,31,蜂,"[""벌""]","[""bee"", ""wasp"", ""hornet""]",single_compound_evidence,1,N1:蜂蜜=꿀,auto,Auto draft: KANJIDIC2 readings/radical; Korean meaning draft derived from local Korean word gloss or curated KANJIDIC English fallback.
P1,31,衡,"[""균형"", ""저울""]","[""equilibrium"", ""measuring rod"", ""scale""]",single_compound_evidence,1,N1:均衡=균형,auto,Auto draft: KANJIDIC2 readings/radical; Korean meaning draft derived from local Korean word gloss or curated KANJIDIC English fallback.
P1,31,衰,"[""쇠약해지다""]","[""decline"", ""wane"", ""weaken""]",copied_linked_word_gloss,3,N1:衰退=쇠퇴 | N1:衰える=쇠약해지다 | N1:やせ衰える=야위어 쇠약해지다,auto,Auto draft: KANJIDIC2 readings/radical; Korean meaning draft derived from local Korean word gloss or curated KANJIDIC English fallback.
P1,31,被,"[""쓰다"", ""뒤집어쓰다"", ""덮이다""]","[""incur"", ""cover"", ""veil"", ""brood over"", ""shelter"", ""wear"", ""put on"", ""be exposed (film)"", ""receiving""]",copied_linked_word_gloss,3,"N2:被せる=덮다, 씌우다 | N3:被害=피해 | N3:被る=쓰다, 뒤집어쓰다, 덮이다; (모자를) 쓰다",auto,Auto draft: KANJIDIC2 readings/radical; Korean meaning draft derived from local Korean word gloss or curated KANJIDIC English fallback.
P1,31,裂,"[""찢다"", ""갈라지다""]","[""split"", ""rend"", ""tear""]",single_compound_evidence,1,N1:分裂=분열,auto,KANJIDIC2 readings/radical; Korean meanings manually curated for 分裂.
P1,31,裕,"[""넉넉함""]","[""abundant"", ""rich"", ""fertile""]",single_compound_evidence,1,N2:余裕=여유,auto,Auto draft: KANJIDIC2 readings/radical; Korean meaning draft derived from local Korean word gloss or curated KANJIDIC English fallback.
P1,31,裸,"[""벌거벗다""]","[""naked"", ""nude"", ""uncovered"", ""partially clothed""]",single_compound_evidence,1,N1:裸足=맨발,auto,Auto draft: KANJIDIC2 readings/radical; Korean meaning draft derived from local Korean word gloss or curated KANJIDIC English fallback.
P1,31,覆,"[""덮다"", ""씌우다"", ""가리다""]","[""capsize"", ""cover"", ""shade"", ""mantle"", ""be ruined""]",copied_linked_word_gloss,3,"N1:覆面=복면 | N1:覆す=뒤집어엎다 | N2:覆う=덮다,씌우다,가리다",auto,Auto draft: KANJIDIC2 readings/radical; Korean meaning draft derived from local Korean word gloss or curated KANJIDIC English fallback.
P1,31,託,"[""맡기다"", ""부탁하다""]","[""consign"", ""requesting"", ""entrusting with"", ""pretend"", ""hint""]",copied_linked_word_gloss,3,"N1:託す=맡기다,부탁하다 | N1:委託する=위탁하다 | N1:委託=위탁",auto,Auto draft: KANJIDIC2 readings/radical; Korean meaning draft derived from local Korean word gloss or curated KANJIDIC English fallback.
P1,31,訟,"[""소송하다"", ""고소하다""]","[""sue"", ""accuse""]",single_compound_evidence,1,N1:訴訟=소송,auto,Auto draft: KANJIDIC2 readings/radical; Korean meaning draft derived from local Korean word gloss or curated KANJIDIC English fallback.
P1,31,訪,"[""방문하다"", ""찾아가다""]","[""call on"", ""visit"", ""look up"", ""offer sympathy""]",copied_linked_word_gloss,3,"N2:訪れる=방문하다 | N3:訪問=방문 | N4:訪ねる=방문하다, 찾아가다",auto,Auto draft: KANJIDIC2 readings/radical; Korean meaning draft derived from local Korean word gloss or curated KANJIDIC English fallback.
P1,31,訴,"[""고소"", ""호소""]","[""accusation"", ""sue"", ""complain of pain"", ""appeal to""]",copied_linked_word_gloss,3,"N1:訴訟=소송 | N1:訴え=고소, 호소 | N2:訴える=고소하다,호고하다",auto,Auto draft: KANJIDIC2 readings/radical; Korean meaning draft derived from local Korean word gloss or curated KANJIDIC English fallback.
P1,31,証,"[""증거"", ""증명""]","[""evidence"", ""proof"", ""certificate""]",copied_linked_word_gloss,3,N1:証言=증언 | N2:証拠=증거 | N3:証明=증명,auto,Auto draft: KANJIDIC2 readings/radical; Korean meaning draft derived from local Korean word gloss or curated KANJIDIC English fallback.
P1,31,詐,"[""속이다"", ""거짓""]","[""lie"", ""falsehood"", ""deceive"", ""pretend""]",single_compound_evidence,1,N1:詐欺=사기,auto,Auto draft: KANJIDIC2 readings/radical; Korean meaning draft derived from local Korean word gloss or curated KANJIDIC English fallback.
P1,31,詳,"[""자세하다"", ""상세하다"", ""잘알고있다""]","[""detailed"", ""full"", ""minute"", ""accurate"", ""well-informed""]",copied_linked_word_gloss,3,"N1:詳細に=상세하게 | N2:詳細=상세 | N3:詳しい=자세하다,상세하다,잘알고있다",auto,Auto draft: KANJIDIC2 readings/radical; Korean meaning draft derived from local Korean word gloss or curated KANJIDIC English fallback.
P1,31,誇,"[""자랑하다""]","[""boast"", ""be proud"", ""pride"", ""triumphantly""]",copied_linked_word_gloss,3,N1:誇る=자랑하다 | N1:誇張する=과장하다 | N1:誇張=과장,auto,Auto draft: KANJIDIC2 readings/radical; Korean meaning draft derived from local Korean word gloss or curated KANJIDIC English fallback.
P1,31,誉,"[""명예"", ""칭찬""]","[""reputation"", ""praise"", ""honor"", ""glory""]",single_compound_evidence,1,N1:名誉=명예,auto,Auto draft: KANJIDIC2 readings/radical; Korean meaning draft derived from local Korean word gloss or curated KANJIDIC English fallback.
P1,31,誕,"[""태어나다"", ""거짓""]","[""nativity"", ""be born"", ""declension"", ""lie"", ""be arbitrary""]",single_compound_evidence,1,N3:誕生=탄생,auto,Auto draft: KANJIDIC2 readings/radical; Korean meaning draft derived from local Korean word gloss or curated KANJIDIC English fallback.
P1,31,諸,"[""여러"", ""많은""]","[""various"", ""many"", ""several"", ""together""]",single_compound_evidence,1,"N1:諸君=여러분, 제군",auto,Auto draft: KANJIDIC2 readings/radical; Korean meaning draft derived from local Korean word gloss or curated KANJIDIC English fallback.
P1,31,謀,"[""꾀하다"", ""계략""]","[""conspire"", ""cheat"", ""impose on"", ""plan"", ""devise"", ""scheme"", ""have in mind"", ""deceive""]",single_compound_evidence,1,"N1:無謀な=무모한,천진난만한",auto,Auto draft: KANJIDIC2 readings/radical; Korean meaning draft derived from local Korean word gloss or curated KANJIDIC English fallback.
P1,31,謝,"[""사과하다"", ""사죄하다""]","[""apologize"", ""thank"", ""refuse""]",copied_linked_word_gloss,3,"N1:月謝=월사금, 월 회비, 수업료 | N3:感謝=감사 | N4:謝る=사과하다,사죄하다",auto,Auto draft: KANJIDIC2 readings/radical; Korean meaning draft derived from local Korean word gloss or curated KANJIDIC English fallback.
P1,31,譜,"[""악보"", ""계보""]","[""musical score"", ""music"", ""note"", ""staff"", ""table"", ""genealogy""]",single_compound_evidence,1,N1:楽譜=악보,auto,Auto draft: KANJIDIC2 readings/radical; Korean meaning draft derived from local Korean word gloss or curated KANJIDIC English fallback.
P1,31,販,"[""팔다"", ""판매""]","[""marketing"", ""sell"", ""trade""]",single_compound_evidence,1,N3:販売=판매,auto,Auto draft: KANJIDIC2 readings/radical; Korean meaning draft derived from local Korean word gloss or curated KANJIDIC English fallback.
P1,31,貶,"[""깎아내리다"", ""폄하하다""]","[""degrade"", ""disparage"", ""belittle"", ""demote""]",single_compound_evidence,1,N1:貶される=비난을 받다,auto,Auto draft: KANJIDIC2 readings/radical; Korean meaning draft derived from local Korean word gloss or curated KANJIDIC English fallback.
P1,31,賀,"[""축하"", ""기쁨""]","[""congratulations"", ""joy""]",single_compound_evidence,1,"N1:年賀=새해 인사, 새해 카드",auto,Auto draft: KANJIDIC2 readings/radical; Korean meaning draft derived from local Korean word gloss or curated KANJIDIC English fallback.
P1,31,賃,"[""임금"", ""요금""]","[""fare"", ""fee"", ""hire"", ""rent"", ""wages"", ""charge""]",copied_linked_word_gloss,3,"N1:運賃=운임, 요금 | N1:賃金=임금 | N3:家賃=집세",auto,Auto draft: KANJIDIC2 readings/radical; Korean meaning draft derived from local Korean word gloss or curated KANJIDIC English fallback.
P1,31,賑,"[""번화함"", ""떠들썩함""]","[""flourish"", ""be bustling"", ""prosperity""]",copied_linked_word_gloss,3,"N1:賑わう=활기차다,번화하다 | N2:賑やかだ=번화하다 | N5:賑やか=번화함, 떠들썩함",auto,Auto draft: KANJIDIC2 readings/radical; Korean meaning draft derived from local Korean word gloss or curated KANJIDIC English fallback.
P1,31,賠,"[""배상하다""]","[""compensation"", ""indemnify""]",single_compound_evidence,1,N1:賠償=배상,auto,Auto draft: KANJIDIC2 readings/radical; Korean meaning draft derived from local Korean word gloss or curated KANJIDIC English fallback.
P1,31,賦,"[""부과하다"", ""시""]","[""levy"", ""ode"", ""prose"", ""poem"", ""tribute"", ""installment""]",single_compound_evidence,1,"N1:月賦=월부, 할부",auto,Auto draft: KANJIDIC2 readings/radical; Korean meaning draft derived from local Korean word gloss or curated KANJIDIC English fallback.
P1,31,距,"[""거리"", ""떨어지다""]","[""long-distance"", ""spur"", ""fetlock""]",single_compound_evidence,1,N3:距離=거리,auto,Auto draft: KANJIDIC2 readings/radical; Korean meaning draft derived from local Korean word gloss or curated KANJIDIC English fallback.
P1,31,践,"[""밟다"", ""실천하다""]","[""tread"", ""step on"", ""trample"", ""practice"", ""carry through""]",single_compound_evidence,1,N1:実践=실천,auto,Auto draft: KANJIDIC2 readings/radical; Korean meaning draft derived from local Korean word gloss or curated KANJIDIC English fallback.
P1,31,蹴,"[""차다"", ""걷어차다""]","[""kick""]",single_compound_evidence,1,N1:蹴飛ばす=걷어차다,auto,Auto draft: KANJIDIC2 readings/radical; Korean meaning draft derived from local Korean word gloss or curated KANJIDIC English fallback.
P1,31,躇,"[""머뭇거리다"", ""주저하다""]","[""hesitate""]",single_compound_evidence,1,"N1:躊躇う=주저하다, 망설이다",auto,Auto draft: KANJIDIC2 readings/radical; Korean meaning draft derived from local Korean word gloss or curated KANJIDIC English fallback.
P1,31,躊,"[""머뭇거리다"", ""주저하다""]","[""hesitate""]",single_compound_evidence,1,"N1:躊躇う=주저하다, 망설이다",auto,Auto draft: KANJIDIC2 readings/radical; Korean meaning draft derived from local Korean word gloss or curated KANJIDIC English fallback.
P1,31,軟,"[""부드럽다""]","[""soft""]",single_compound_evidence,1,N1:柔軟=유연함,auto,Auto draft: KANJIDIC2 readings/radical; Korean meaning draft derived from local Korean word gloss or curated KANJIDIC English fallback.
P1,31,辱,"[""욕되게 하다"", ""부끄러움""]","[""embarrass"", ""humiliate"", ""shame""]",single_compound_evidence,1,N1:侮辱=모욕,auto,Auto draft: KANJIDIC2 readings/radical; Korean meaning draft derived from local Korean word gloss or curated KANJIDIC English fallback.
P1,31,迅,"[""빠르다""]","[""swift"", ""fast""]",single_compound_evidence,1,N1:迅速=신속함,auto,Auto draft: KANJIDIC2 readings/radical; Korean meaning draft derived from local Korean word gloss or curated KANJIDIC English fallback.
P1,31,述,"[""진술하다""]","[""mention"", ""state"", ""speak"", ""relate""]",copied_linked_word_gloss,3,"N1:記述=기술, 서술 | N1:口述=구술 | N2:述べる=진술하다",auto,Auto draft: KANJIDIC2 readings/radical; Korean meaning draft derived from local Korean word gloss or curated KANJIDIC English fallback.
P1,31,透,"[""비쳐보이다"", ""들여다보이다""]","[""transparent"", ""permeate"", ""filter"", ""penetrate""]",copied_linked_word_gloss,3,"N1:透ける=비쳐보이다, 들여다보이다 | N2:透明=투명 | N2:透き通る=투명하게 비치다, 맑게 통하다",auto,Auto draft: KANJIDIC2 readings/radical; Korean meaning draft derived from local Korean word gloss or curated KANJIDIC English fallback.
P1,31,逮,"[""붙잡다"", ""체포""]","[""apprehend"", ""chase""]",single_compound_evidence,1,N3:逮捕=체포,auto,Auto draft: KANJIDIC2 readings/radical; Korean meaning draft derived from local Korean word gloss or curated KANJIDIC English fallback.
P1,31,逸,"[""빗나가다"", ""벗어나다""]","[""deviate"", ""idleness"", ""leisure"", ""miss the mark"", ""evade"", ""elude"", ""parry"", ""diverge""]",copied_linked_word_gloss,3,"N1:逸れる=빗나가다,벗어나다 | N1:逸材=일재,뛰어난인재 | N1:逸脱=일탈",auto,Auto draft: KANJIDIC2 readings/radical; Korean meaning draft derived from local Korean word gloss or curated KANJIDIC English fallback.
P1,31,遊,"[""놀다""]","[""play""]",copied_linked_word_gloss,3,"N2:遊園地=유원지 | N4:遊び=놀다, 경기하다 | N5:遊ぶ=놀다",auto,Auto draft: KANJIDIC2 readings/radical; Korean meaning draft derived from local Korean word gloss or curated KANJIDIC English fallback.
P1,31,遭,"[""마주치다"", ""당하다""]","[""encounter"", ""meet"", ""party"", ""association"", ""interview"", ""join""]",copied_linked_word_gloss,3,"N1:遭難=재난, 사고 | N2:遭遇する=조우하다,우연히만나다 | N3:遭う=마주치다, 당하다",auto,Auto draft: KANJIDIC2 readings/radical; Korean meaning draft derived from local Korean word gloss or curated KANJIDIC English fallback.
P1,31,遷,"[""옮기다"", ""변천""]","[""transition"", ""move"", ""change""]",single_compound_evidence,1,N1:変遷=변천,auto,Auto draft: KANJIDIC2 readings/radical; Korean meaning draft derived from local Korean word gloss or curated KANJIDIC English fallback.
P1,31,遽,"[""갑자기"", ""서두르다"", ""당황하다""]","[""fear"", ""agitation"", ""confusion"", ""hurry""]",single_compound_evidence,1,"N1:急遽=급거,갑작스럽게",auto,Auto draft: KANJIDIC2 readings/radical; Korean meaning draft derived from local Korean word gloss or curated KANJIDIC English fallback.
P1,31,那,"[""무엇"", ""어찌""]","[""what?""]",single_compound_evidence,1,"N1:旦那=주인, 남편(서방님)",auto,Auto draft: KANJIDIC2 readings/radical; Korean meaning draft derived from local Korean word gloss or curated KANJIDIC English fallback.
P1,31,邦,"[""나라"", ""고국""]","[""home country"", ""country"", ""Japan""]",single_compound_evidence,1,N1:連邦=연방,auto,Auto draft: KANJIDIC2 readings/radical; Korean meaning draft derived from local Korean word gloss or curated KANJIDIC English fallback.
P1,31,郵,"[""우편""]","[""mail"", ""stagecoach stop""]",copied_linked_word_gloss,3,"N2:郵送=우송, 우편 발송 | N3:郵便=우편 | N5:郵便局=우체국",auto,Auto draft: KANJIDIC2 readings/radical; Korean meaning draft derived from local Korean word gloss or curated KANJIDIC English fallback.
P1,31,酪,"[""유제품""]","[""dairy products"", ""whey"", ""broth"", ""fruit juice""]",single_compound_evidence,1,N1:酪農=낙농,auto,Auto draft: KANJIDIC2 readings/radical; Korean meaning draft derived from local Korean word gloss or curated KANJIDIC English fallback.
P1,31,酬,"[""보답하다"", ""갚다""]","[""repay"", ""reward"", ""retribution""]",single_compound_evidence,1,"N1:報酬=보수, 보상",auto,Auto draft: KANJIDIC2 readings/radical; Korean meaning draft derived from local Korean word gloss or curated KANJIDIC English fallback.
P1,31,里,"[""마을"", ""고향""]","[""ri"", ""village"", ""parent's home"", ""league""]",single_compound_evidence,1,N1:郷里=고향,auto,Auto draft: KANJIDIC2 readings/radical; Korean meaning draft derived from local Korean word gloss or curated KANJIDIC English fallback.
P1,31,釣,"[""낚다"", ""낚시하다""]","[""angling"", ""fish"", ""catch"", ""allure"", ""ensnare""]",copied_linked_word_gloss,3,"N2:釣り合う=균형이 맞다, 어울리다 | N4:お釣り=거스름돈 | N4:釣る=낚다, 낚시하다",auto,Auto draft: KANJIDIC2 readings/radical; Korean meaning draft derived from local Korean word gloss or curated KANJIDIC English fallback.
P1,31,銭,"[""돈"", ""동전""]","[""coin"", "".01 yen"", ""money""]",single_compound_evidence,1,N3:小銭=잔돈,auto,Auto draft: KANJIDIC2 readings/radical; Korean meaning draft derived from local Korean word gloss or curated KANJIDIC English fallback.
P1,31,鋼,"[""강철""]","[""steel""]",single_compound_evidence,1,N1:鉄鋼=철강,auto,Auto draft: KANJIDIC2 readings/radical; Korean meaning draft derived from local Korean word gloss or curated KANJIDIC English fallback.
P1,31,閑,"[""한가하다"", ""여가""]","[""leisure""]",single_compound_evidence,1,"N1:閑静な=한적한,조용한",auto,Auto draft: KANJIDIC2 readings/radical; Korean meaning draft derived from local Korean word gloss or curated KANJIDIC English fallback.
P1,31,閣,"[""누각"", ""궁전""]","[""tower"", ""tall building"", ""palace""]",single_compound_evidence,1,N1:内閣=내각,auto,Auto draft: KANJIDIC2 readings/radical; Korean meaning draft derived from local Korean word gloss or curated KANJIDIC English fallback.
P1,31,閲,"[""검열"", ""열람""]","[""review"", ""inspection"", ""revision""]",single_compound_evidence,1,N1:閲覧=열람,auto,Auto draft: KANJIDIC2 readings/radical; Korean meaning draft derived from local Korean word gloss or curated KANJIDIC English fallback.
P1,31,闘,"[""싸우다""]","[""fight"", ""war""]",copied_linked_word_gloss,3,"N1:戦闘=전투, 싸움, 싸우다 | N1:奮闘=분투 | N1:奮闘する=분투하다",auto,Auto draft: KANJIDIC2 readings/radical; Korean meaning draft derived from local Korean word gloss or curated KANJIDIC English fallback.
P1,31,陳,"[""늘어놓다"", ""말하다""]","[""exhibit"", ""state"", ""relate"", ""explain""]",single_compound_evidence,1,N1:陳列=진열,auto,Auto draft: KANJIDIC2 readings/radical; Korean meaning draft derived from local Korean word gloss or curated KANJIDIC English fallback.
P1,31,陵,"[""언덕"", ""능묘""]","[""mausoleum"", ""imperial tomb"", ""mound"", ""hill""]",single_compound_evidence,1,"N1:丘陵=구릉,언덕",auto,Auto draft: KANJIDIC2 readings/radical; Korean meaning draft derived from local Korean word gloss or curated KANJIDIC English fallback.
P1,31,隔,"[""사이를두다"", ""칸을두다""]","[""isolate"", ""alternate"", ""distance"", ""separate"", ""gulf""]",copied_linked_word_gloss,3,"N1:遠隔=원격 | N2:隔てる=사이를두다,칸을두다 | N3:間隔=간격",auto,Auto draft: KANJIDIC2 readings/radical; Korean meaning draft derived from local Korean word gloss or curated KANJIDIC English fallback.
P1,31,隣,"[""이웃"", ""인접하다""]","[""neighboring""]",single_compound_evidence,1,N1:隣接=인접,auto,Auto draft: KANJIDIC2 readings/radical; Korean meaning draft derived from local Korean word gloss or curated KANJIDIC English fallback.
P1,31,零,"[""영"", ""제로""]","[""zero"", ""spill"", ""overflow"", ""nothing"", ""cipher""]",single_compound_evidence,1,"N2:零点=영점, 0점",auto,Auto draft: KANJIDIC2 readings/radical; Korean meaning draft derived from local Korean word gloss or curated KANJIDIC English fallback.
P1,31,霊,"[""영혼""]","[""spirits"", ""soul""]",single_compound_evidence,1,N1:幽霊=유령,auto,Auto draft: KANJIDIC2 readings/radical; Korean meaning draft derived from local Korean word gloss or curated KANJIDIC English fallback.
P1,31,響,"[""울림"", ""여운""]","[""echo"", ""sound"", ""resound"", ""ring"", ""vibrate""]",copied_linked_word_gloss,3,"N1:響く=울리다 | N2:響き=울림, 여운 | N3:影響=영향",auto,Auto draft: KANJIDIC2 readings/radical; Korean meaning draft derived from local Korean word gloss or curated KANJIDIC English fallback.
P1,31,預,"[""맡기다""]","[""deposit"", ""custody"", ""leave with"", ""entrust to""]",copied_linked_word_gloss,3,"N1:預金=예금, 은행 계좌 | N2:預かる=맡다 | N3:預ける=맡기다",auto,Auto draft: KANJIDIC2 readings/radical; Korean meaning draft derived from local Korean word gloss or curated KANJIDIC English fallback.
P1,31,頻,"[""자꾸"", ""연달아""]","[""repeatedly"", ""recur""]",copied_linked_word_gloss,3,"N1:頻りに=자꾸, 연달아 | N1:頻繁に=빈번하게 | N1:頻繁=빈번함",auto,Auto draft: KANJIDIC2 readings/radical; Korean meaning draft derived from local Korean word gloss or curated KANJIDIC English fallback.
P1,31,願,"[""바라다"", ""원하다""]","[""petition"", ""request"", ""vow"", ""wish"", ""hope""]",copied_linked_word_gloss,3,"N1:念願=염원 | N2:お願いします=부디, 제발(직역 나 요청, 부탁) | N3:願う=바라다,원하다",auto,Auto draft: KANJIDIC2 readings/radical; Korean meaning draft derived from local Korean word gloss or curated KANJIDIC English fallback.
P1,31,饉,"[""기근"", ""굶주림""]","[""hunger""]",single_compound_evidence,1,N2:飢饉=기근,auto,Auto draft: KANJIDIC2 readings/radical; Korean meaning draft derived from local Korean word gloss or curated KANJIDIC English fallback.
P1,31,香,"[""향기""]","[""incense"", ""smell"", ""perfume""]",copied_linked_word_gloss,3,N1:香辛料=향신료 | N2:香水=향수 | N3:香り=향기,auto,Auto draft: KANJIDIC2 readings/radical; Korean meaning draft derived from local Korean word gloss or curated KANJIDIC English fallback.
P1,31,馳,"[""달리다"", ""질주하다""]","[""run"", ""gallop"", ""sail"", ""drive (a wagon)"", ""win (fame)"", ""despatch""]",single_compound_evidence,1,N5:ご馳走様=잘 먹었습니다,auto,Auto draft: KANJIDIC2 readings/radical; Korean meaning draft derived from local Korean word gloss or curated KANJIDIC English fallback.
P1,31,騰,"[""오르다"", ""뛰어오르다""]","[""leaping up"", ""jumping up"", ""rising"", ""advancing"", ""going""]",single_compound_evidence,1,"N3:沸騰=비등,물이끓음",auto,Auto draft: KANJIDIC2 readings/radical; Korean meaning draft derived from local Korean word gloss or curated KANJIDIC English fallback.
P1,31,鬱,"[""우울"", ""울창함""]","[""gloom"", ""depression"", ""melancholy"", ""luxuriant""]",single_compound_evidence,1,N1:憂鬱=우울함,auto,Auto draft: KANJIDIC2 readings/radical; Korean meaning draft derived from local Korean word gloss or curated KANJIDIC English fallback.
P1,31,魅,"[""매력"", ""홀리다""]","[""fascination"", ""charm"", ""bewitch""]",single_compound_evidence,1,N2:魅力=매력,auto,Auto draft: KANJIDIC2 readings/radical; Korean meaning draft derived from local Korean word gloss or curated KANJIDIC English fallback.
P1,31,鮮,"[""선명함"", ""산뜻함""]","[""fresh"", ""vivid"", ""clear"", ""brilliant"", ""Korea""]",copied_linked_word_gloss,3,"N1:鮮やか=선명함, 산뜻함 | N3:新鮮だ=신선하다 | N3:新鮮=신선한",auto,Auto draft: KANJIDIC2 readings/radical; Korean meaning draft derived from local Korean word gloss or curated KANJIDIC English fallback.
P1,31,鯨,"[""고래""]","[""whale""]",single_compound_evidence,1,N1:捕鯨=포경,auto,Auto draft: KANJIDIC2 readings/radical; Korean meaning draft derived from local Korean word gloss or curated KANJIDIC English fallback.
P1,31,鹸,"[""잿물"", ""비누""]","[""saltiness""]",single_compound_evidence,1,N5:石鹸=비누,auto,Auto draft: KANJIDIC2 readings/radical; Korean meaning draft derived from local Korean word gloss or curated KANJIDIC English fallback.
P1,31,鹿,"[""사슴""]","[""deer""]",single_compound_evidence,1,"N2:馬鹿らしい=어리석다, 터무니없다",auto,Auto draft: KANJIDIC2 readings/radical; Korean meaning draft derived from local Korean word gloss or curated KANJIDIC English fallback.
P1,31,麗,"[""아름답다""]","[""lovely"", ""beautiful"", ""graceful"", ""resplendent""]",single_compound_evidence,1,"N5:綺麗=예쁘다, 깨끗하다",auto,Auto draft: KANJIDIC2 readings/radical; Korean meaning draft derived from local Korean word gloss or curated KANJIDIC English fallback.
P1,31,麦,"[""보리"", ""밀""]","[""barley"", ""wheat""]",single_compound_evidence,1,"N3:小麦=밀, 소맥",auto,Auto draft: KANJIDIC2 readings/radical; Korean meaning draft derived from local Korean word gloss or curated KANJIDIC English fallback.
P1,31,黒,"[""검다""]","[""black""]",copied_linked_word_gloss,3,N1:黒字=흑자 | N2:真っ黒=새까맣다 | N4:黒い=검다,auto,Auto draft: KANJIDIC2 readings/radical; Korean meaning draft derived from local Korean word gloss or curated KANJIDIC English fallback.
P1,31,鼓,"[""북"", ""고무하다""]","[""drum"", ""beat"", ""rouse"", ""muster""]",single_compound_evidence,1,"N2:太鼓=북, 다이코",auto,Auto draft: KANJIDIC2 readings/radical; Korean meaning draft derived from local Korean word gloss or curated KANJIDIC English fallback.
P1,30,井,"[""우물""]","[""well"", ""well crib"", ""town"", ""community""]",copied_linked_word_gloss,2,N2:井戸=우물 | N3:天井=천정,auto,Auto draft: KANJIDIC2 readings/radical; Korean meaning draft derived from local Korean word gloss or curated KANJIDIC English fallback.
P1,30,伸,"[""늘다"", ""신장하다""]","[""expand"", ""stretch"", ""extend"", ""lengthen"", ""increase""]",copied_linked_word_gloss,2,"N2:伸ばす=늘리다,신장시키다 | N2:伸びる=늘다,신장하다",auto,Auto draft: KANJIDIC2 readings/radical; Korean meaning draft derived from local Korean word gloss or curated KANJIDIC English fallback.
P1,30,侮,"[""무시하다""]","[""scorn"", ""despise"", ""make light of"", ""contempt""]",copied_linked_word_gloss,2,N1:侮辱=모욕 | N1:侮る=무시하다,auto,Auto draft: KANJIDIC2 readings/radical; Korean meaning draft derived from local Korean word gloss or curated KANJIDIC English fallback.
P1,30,俳,"[""배우"", ""하이쿠""]","[""haiku"", ""actor""]",copied_linked_word_gloss,2,N2:俳句=하이쿠 | N2:俳優=배우,auto,Auto draft: KANJIDIC2 readings/radical; Korean meaning draft derived from local Korean word gloss or curated KANJIDIC English fallback.
P1,30,倣,"[""본받다"", ""모방하다""]","[""emulate"", ""imitate""]",copied_linked_word_gloss,2,"N1:模倣=모방 | N2:倣う=본받다, 모방하다",auto,Auto draft: KANJIDIC2 readings/radical; Korean meaning draft derived from local Korean word gloss or curated KANJIDIC English fallback.
P1,30,偉,"[""훌륭하다"", ""위대하다""]","[""admirable"", ""greatness"", ""remarkable"", ""conceited"", ""famous"", ""excellent""]",copied_linked_word_gloss,2,"N3:偉大=위대함 | N3:偉い=훌륭하다,위대하다",auto,Auto draft: KANJIDIC2 readings/radical; Korean meaning draft derived from local Korean word gloss or curated KANJIDIC English fallback.
P1,30,儲,"[""이익이 나다"", ""돈벌이가 되다""]","[""be profitable"", ""yield profit""]",copied_linked_word_gloss,2,"N2:儲かる=이익이 나다, 돈벌이가 되다 | N2:儲ける=벌다, 이익을 얻다",auto,Auto draft: KANJIDIC2 readings/radical; Korean meaning draft derived from local Korean word gloss or curated KANJIDIC English fallback.
P1,30,凡,"[""평범함""]","[""commonplace"", ""ordinary"", ""mediocre""]",copied_linked_word_gloss,2,N2:平凡だ=평범하다 | N2:平凡=평범함,auto,Auto draft: KANJIDIC2 readings/radical; Korean meaning draft derived from local Korean word gloss or curated KANJIDIC English fallback.
P1,30,凹,"[""움푹 들어가다"", ""기가 죽다""]","[""concave"", ""hollow"", ""sunken""]",copied_linked_word_gloss,2,"N2:凹む=움푹 들어가다, 기가 죽다 | N2:凸凹=울퉁불퉁함, 요철",auto,Auto draft: KANJIDIC2 readings/radical; Korean meaning draft derived from local Korean word gloss or curated KANJIDIC English fallback.
P1,30,刷,"[""인쇄하다""]","[""printing"", ""print"", ""brush""]",copied_linked_word_gloss,2,N3:印刷=인쇄 | N3:刷る=인쇄하다,auto,Auto draft: KANJIDIC2 readings/radical; Korean meaning draft derived from local Korean word gloss or curated KANJIDIC English fallback.
P1,30,剃,"[""깎다"", ""면도하다""]","[""shave""]",copied_linked_word_gloss,2,"N2:剃る=깎다, 면도하다 | N2:剃刀=면도칼",auto,Auto draft: KANJIDIC2 readings/radical; Korean meaning draft derived from local Korean word gloss or curated KANJIDIC English fallback.
P1,30,功,"[""공적"", ""성공""]","[""achievement"", ""merits"", ""success"", ""honor"", ""credit""]",copied_linked_word_gloss,2,"N2:功績=공적, 업적 | N4:成功=성공",auto,Auto draft: KANJIDIC2 readings/radical; Korean meaning draft derived from local Korean word gloss or curated KANJIDIC English fallback.
P1,30,叶,"[""이루어지다""]","[""grant"", ""answer""]",copied_linked_word_gloss,2,N1:叶える=(소원을) 이루어 주다 | N2:叶う=이루어지다,auto,Auto draft: KANJIDIC2 readings/radical; Korean meaning draft derived from local Korean word gloss or curated KANJIDIC English fallback.
P1,30,吊,"[""매달다"", ""걸다""]","[""suspend"", ""hang"", ""wear (sword)""]",copied_linked_word_gloss,2,"N1:吊り革=(전철) 손잡이 | N2:吊る=매달다, 걸다",auto,Auto draft: KANJIDIC2 readings/radical; Korean meaning draft derived from local Korean word gloss or curated KANJIDIC English fallback.
P1,30,唱,"[""외치다"", ""주장하다""]","[""chant"", ""recite"", ""call upon"", ""yell""]",copied_linked_word_gloss,2,"N1:合唱=합창 | N1:唱える=외치다,주장하다",auto,Auto draft: KANJIDIC2 readings/radical; Korean meaning draft derived from local Korean word gloss or curated KANJIDIC English fallback.
P1,30,喧,"[""시끄럽다"", ""요란하다""]","[""noisy"", ""boisterous""]",copied_linked_word_gloss,2,"N2:喧しい=시끄럽다, 요란하다 | N4:喧嘩=싸움",auto,Auto draft: KANJIDIC2 readings/radical; Korean meaning draft derived from local Korean word gloss or curated KANJIDIC English fallback.
P1,30,培,"[""기르다"", ""배양하다""]","[""cultivate"", ""foster""]",copied_linked_word_gloss,2,"N1:栽培=재배 | N1:培う=기르다,배양하다",auto,Auto draft: KANJIDIC2 readings/radical; Korean meaning draft derived from local Korean word gloss or curated KANJIDIC English fallback.
P1,30,堅,"[""견고하다"", ""확실하고 믿을 만하다""]","[""strict"", ""hard"", ""solid"", ""tough"", ""tight"", ""reliable""]",copied_linked_word_gloss,2,"N1:堅実な=견실한,탄탄한 | N3:堅い=견고하다; 확실하고 믿을 만하다",auto,Auto draft: KANJIDIC2 readings/radical; Korean meaning draft derived from local Korean word gloss or curated KANJIDIC English fallback.
P1,30,塞,"[""막다"", ""메우다""]","[""close"", ""shut"", ""cover"", ""block"", ""obstruct""]",copied_linked_word_gloss,2,"N2:塞がる=막히다, 닫히다 | N2:塞ぐ=막다, 메우다",auto,Auto draft: KANJIDIC2 readings/radical; Korean meaning draft derived from local Korean word gloss or curated KANJIDIC English fallback.
P1,30,妬,"[""질투하다"", ""시기하다""]","[""jealous"", ""envy""]",copied_linked_word_gloss,2,"N1:妬む=질투하다, 시기하다 | N1:嫉妬=질투",auto,Auto draft: KANJIDIC2 readings/radical; Korean meaning draft derived from local Korean word gloss or curated KANJIDIC English fallback.
P1,30,宮,"[""신사""]","[""Shinto shrine"", ""constellations"", ""palace"", ""princess""]",copied_linked_word_gloss,2,N1:宮殿=궁전 | N1:お宮=신사,auto,Auto draft: KANJIDIC2 readings/radical; Korean meaning draft derived from local Korean word gloss or curated KANJIDIC English fallback.
P1,30,寛,"[""느긋이"", ""편하게 쉬다""]","[""tolerant"", ""leniency"", ""generosity"", ""relax"", ""feel at home"", ""be at ease"", ""broadminded""]",copied_linked_word_gloss,2,"N1:寛ぐ=느긋이, 편하게 쉬다 | N1:寛容=관용",auto,Auto draft: KANJIDIC2 readings/radical; Korean meaning draft derived from local Korean word gloss or curated KANJIDIC English fallback.
P1,30,尽,"[""애쓰다"", ""있는힘을다하다""]","[""exhaust"", ""use up"", ""run out of"", ""deplete"", ""befriend"", ""serve""]",copied_linked_word_gloss,2,"N1:尽きる=다하다, 떨어지다 | N1:尽くす=애쓰다,있는힘을다하다",auto,Auto draft: KANJIDIC2 readings/radical; Korean meaning draft derived from local Korean word gloss or curated KANJIDIC English fallback.
P1,30,幾,"[""몇 개쯤"", ""조금""]","[""how many"", ""how much"", ""how far"", ""how long"", ""some"", ""several""]",copied_linked_word_gloss,2,"N1:幾つか=몇 개쯤, 조금 | N2:幾分=다소",auto,Auto draft: KANJIDIC2 readings/radical; Korean meaning draft derived from local Korean word gloss or curated KANJIDIC English fallback.
P1,30,庁,"[""관청""]","[""government office""]",copied_linked_word_gloss,2,N2:官庁=관청 | N2:県庁=현청,auto,Auto draft: KANJIDIC2 readings/radical; Korean meaning draft derived from local Korean word gloss or curated KANJIDIC English fallback.
P1,30,彫,"[""새기다"", ""조각하다""]","[""carve"", ""engrave"", ""chisel""]",copied_linked_word_gloss,2,"N2:彫る=새기다, 조각하다 | N2:彫刻=조각",auto,Auto draft: KANJIDIC2 readings/radical; Korean meaning draft derived from local Korean word gloss or curated KANJIDIC English fallback.
P1,30,忍,"[""숨다"", ""견디다""]","[""endure"", ""bear"", ""put up with"", ""conceal"", ""secrete"", ""spy"", ""sneak""]",copied_linked_word_gloss,2,"N1:忍ぶ=숨다,견디다 | N1:忍耐=인내",auto,Auto draft: KANJIDIC2 readings/radical; Korean meaning draft derived from local Korean word gloss or curated KANJIDIC English fallback.
P1,30,忙,"[""바쁘다""]","[""busy"", ""occupied"", ""restless""]",copied_linked_word_gloss,2,N1:多忙=바쁜 | N5:忙しい=바쁘다,auto,Auto draft: KANJIDIC2 readings/radical; Korean meaning draft derived from local Korean word gloss or curated KANJIDIC English fallback.
P1,30,怠,"[""나른하다""]","[""neglect"", ""laziness""]",copied_linked_word_gloss,2,"N1:怠る=게을리하다,소홀히하다 | N3:怠い=나른하다",auto,Auto draft: KANJIDIC2 readings/radical; Korean meaning draft derived from local Korean word gloss or curated KANJIDIC English fallback.
P1,30,怪,"[""수상하다""]","[""suspicious"", ""mystery"", ""apparition""]",copied_linked_word_gloss,2,N1:怪獣=괴수 | N3:怪しい=수상하다,auto,Auto draft: KANJIDIC2 readings/radical; Korean meaning draft derived from local Korean word gloss or curated KANJIDIC English fallback.
P1,30,怯,"[""겁먹다"", ""두려워하다"", ""겁을 내다""]","[""cowardice"", ""wince"", ""flinch"", ""hesitate"", ""waver""]",copied_linked_word_gloss,2,"N1:怯える=겁먹다, 두려워하다; 겁을 내다 | N2:卑怯=비겁함, 비열함",auto,Auto draft: KANJIDIC2 readings/radical; Korean meaning draft derived from local Korean word gloss or curated KANJIDIC English fallback.
P1,30,恨,"[""원한"", ""원망""]","[""regret"", ""bear a grudge"", ""resentment"", ""malice"", ""hatred""]",copied_linked_word_gloss,2,"N1:恨む=원망하다 | N2:恨み=원한, 원망",auto,Auto draft: KANJIDIC2 readings/radical; Korean meaning draft derived from local Korean word gloss or curated KANJIDIC English fallback.
P1,30,惜,"[""아깝다"", ""애석하다""]","[""pity"", ""be sparing of"", ""frugal"", ""stingy"", ""regret""]",copied_linked_word_gloss,2,"N1:惜しむ=아끼다, 애석해하다 | N3:惜しい=아깝다,애석하다",auto,Auto draft: KANJIDIC2 readings/radical; Korean meaning draft derived from local Korean word gloss or curated KANJIDIC English fallback.
P1,30,愚,"[""어리석은""]","[""foolish"", ""folly"", ""absurdity"", ""stupid""]",copied_linked_word_gloss,2,"N1:愚痴=푸념, 넋두리 | N1:愚か=어리석은",auto,Auto draft: KANJIDIC2 readings/radical; Korean meaning draft derived from local Korean word gloss or curated KANJIDIC English fallback.
P1,30,慕,"[""사모하다"", ""추앙하다""]","[""pining"", ""yearn for"", ""love dearly"", ""adore""]",copied_linked_word_gloss,2,"N1:慕う=사모하다,추앙하다 | N1:慕われる=추앙받다, 존경받다",auto,Auto draft: KANJIDIC2 readings/radical; Korean meaning draft derived from local Korean word gloss or curated KANJIDIC English fallback.
P1,30,憧,"[""동경"", ""그리움""]","[""yearn after"", ""long for"", ""aspire to"", ""admire"", ""adore""]",copied_linked_word_gloss,2,"N1:憧れ=동경, 그리움 | N2:憧れる=동경하다",auto,Auto draft: KANJIDIC2 readings/radical; Korean meaning draft derived from local Korean word gloss or curated KANJIDIC English fallback.
P1,30,憩,"[""휴식""]","[""recess"", ""rest"", ""relax"", ""repose""]",copied_linked_word_gloss,2,N1:憩い=휴식 | N3:休憩=휴식,auto,Auto draft: KANJIDIC2 readings/radical; Korean meaning draft derived from local Korean word gloss or curated KANJIDIC English fallback.
P1,30,懐,"[""정들다"", ""따르다""]","[""feelings"", ""heart"", ""yearn"", ""miss someone"", ""become attached to"", ""bosom"", ""breast"", ""pocket""]",copied_linked_word_gloss,2,"N1:懐く=정들다, 따르다 | N3:懐かしい=그립다",auto,Auto draft: KANJIDIC2 readings/radical; Korean meaning draft derived from local Korean word gloss or curated KANJIDIC English fallback.
P1,30,戒,"[""훈계하다"", ""경고하다""]","[""commandment""]",copied_linked_word_gloss,2,"N1:戒める=훈계하다,경고하다 | N1:警戒=경계",auto,Auto draft: KANJIDIC2 readings/radical; Korean meaning draft derived from local Korean word gloss or curated KANJIDIC English fallback.
P1,30,拍,"[""박수"", ""박자""]","[""clap"", ""beat (music)""]",copied_linked_word_gloss,2,N1:拍子=박자 | N3:拍手=박수,auto,Auto draft: KANJIDIC2 readings/radical; Korean meaning draft derived from local Korean word gloss or curated KANJIDIC English fallback.
P1,30,拘,"[""집착하다"", ""세세하게신경을쓰다""]","[""arrest"", ""seize"", ""concerned"", ""adhere to"", ""despite""]",copied_linked_word_gloss,2,"N1:拘る=집착하다,세세하게신경을쓰다 | N3:拘束=구속",auto,Auto draft: KANJIDIC2 readings/radical; Korean meaning draft derived from local Korean word gloss or curated KANJIDIC English fallback.
P1,30,挟,"[""잡다"", ""들다 사이"", ""삽입하다""]","[""pinch"", ""between""]",copied_linked_word_gloss,2,"N2:挟む=잡다, 들다 사이, 삽입하다 | N2:挟まる=끼이다",auto,Auto draft: KANJIDIC2 readings/radical; Korean meaning draft derived from local Korean word gloss or curated KANJIDIC English fallback.
P1,30,捜,"[""잃은 사람·물건을 수색하다""]","[""search"", ""look for"", ""locate""]",copied_linked_word_gloss,2,"N1:捜索=수색, 탐색 | N2:捜す=잃은 사람·물건을 수색하다",auto,Auto draft: KANJIDIC2 readings/radical; Korean meaning draft derived from local Korean word gloss or curated KANJIDIC English fallback.
P1,30,控,"[""삼가다"", ""앞두다"", ""기록하다""]","[""withdraw"", ""draw in"", ""hold back"", ""refrain from"", ""be moderate""]",copied_linked_word_gloss,2,"N1:控除=공제 | N1:控える=삼가다,앞두다,기록하다",auto,Auto draft: KANJIDIC2 readings/radical; Korean meaning draft derived from local Korean word gloss or curated KANJIDIC English fallback.
P1,30,掲,"[""내걸다"", ""내세우다""]","[""put up (a notice)"", ""put up"", ""hoist"", ""display"", ""hang out"", ""publish"", ""describe""]",copied_linked_word_gloss,2,"N1:掲げる=내걸다,내세우다 | N1:掲載=게재",auto,Auto draft: KANJIDIC2 readings/radical; Korean meaning draft derived from local Korean word gloss or curated KANJIDIC English fallback.
P1,30,揉,"[""주무르다"", ""비비다""]","[""rub"", ""massage"", ""shampoo"", ""debate vigorously"", ""train"", ""coach"", ""worry"", ""get in trouble""]",copied_linked_word_gloss,2,"N1:揉める=옥신각신하다, 분쟁이 일다 | N2:揉む=주무르다, 비비다",auto,Auto draft: KANJIDIC2 readings/radical; Korean meaning draft derived from local Korean word gloss or curated KANJIDIC English fallback.
P1,30,描,"[""그리다"", ""묘사하다""]","[""sketch"", ""compose"", ""write"", ""draw"", ""paint""]",copied_linked_word_gloss,2,"N3:描く=그리다, 묘사하다 | N3:描く=그리다, 묘사하다",auto,Auto draft: KANJIDIC2 readings/radical; Korean meaning draft derived from local Korean word gloss or curated KANJIDIC English fallback.
P1,30,摩,"[""문지르다"", ""쓰다듬다""]","[""chafe"", ""rub"", ""polish"", ""grind"", ""scrape""]",copied_linked_word_gloss,2,"N1:摩る=문지르다, 쓰다듬다 | N1:摩擦=마찰",auto,Auto draft: KANJIDIC2 readings/radical; Korean meaning draft derived from local Korean word gloss or curated KANJIDIC English fallback.
P1,30,曇,"[""흐림""]","[""cloudy weather"", ""cloud up""]",copied_linked_word_gloss,2,N5:曇る=흐리다 | N5:曇り=흐림,auto,Auto draft: KANJIDIC2 readings/radical; Korean meaning draft derived from local Korean word gloss or curated KANJIDIC English fallback.
P1,30,枯,"[""시들다""]","[""wither"", ""die"", ""dry up"", ""be seasoned""]",copied_linked_word_gloss,2,N1:枯渇=고갈 | N3:枯れる=시들다,auto,Auto draft: KANJIDIC2 readings/radical; Korean meaning draft derived from local Korean word gloss or curated KANJIDIC English fallback.
P1,30,栄,"[""번영하다"", ""번창하다""]","[""flourish"", ""prosperity"", ""honor"", ""glory"", ""splendor""]",copied_linked_word_gloss,2,"N1:栄える=번영하다, 번창하다 | N3:栄養=영양",auto,Auto draft: KANJIDIC2 readings/radical; Korean meaning draft derived from local Korean word gloss or curated KANJIDIC English fallback.
P1,30,殊,"[""특히""]","[""particularly"", ""especially"", ""exceptionally""]",copied_linked_word_gloss,2,N1:殊に=특히 | N2:特殊=특수,auto,Auto draft: KANJIDIC2 readings/radical; Korean meaning draft derived from local Korean word gloss or curated KANJIDIC English fallback.
P1,30,河,"[""강""]","[""river""]",copied_linked_word_gloss,2,N1:河川=강 | N2:運河=운하,auto,Auto draft: KANJIDIC2 readings/radical; Korean meaning draft derived from local Korean word gloss or curated KANJIDIC English fallback.
P1,30,泳,"[""헤엄치다""]","[""swim""]",copied_linked_word_gloss,2,N4:水泳=수영 | N5:泳ぐ=헤엄치다,auto,Auto draft: KANJIDIC2 readings/radical; Korean meaning draft derived from local Korean word gloss or curated KANJIDIC English fallback.
P1,30,添,"[""첨부하다"", ""덧붙이다""]","[""annexed"", ""accompany"", ""marry"", ""suit"", ""meet"", ""satisfy"", ""attach"", ""append"", ""garnish"", ""imitate""]",copied_linked_word_gloss,2,"N1:添付=첨부 | N2:添える=첨부하다,덧붙이다",auto,Auto draft: KANJIDIC2 readings/radical; Korean meaning draft derived from local Korean word gloss or curated KANJIDIC English fallback.
P1,30,潤,"[""축축해지다"", ""윤택해지다""]","[""wet"", ""be watered"", ""profit by"", ""receive benefits"", ""favor"", ""charm"", ""steep""]",copied_linked_word_gloss,2,"N1:潤す=축축하게 하다, 적시다 | N1:潤う=축축해지다,윤택해지다",auto,Auto draft: KANJIDIC2 readings/radical; Korean meaning draft derived from local Korean word gloss or curated KANJIDIC English fallback.
P1,30,濃,"[""짙다"", ""진하다"", ""농도가 높다""]","[""concentrated"", ""thick"", ""dark"", ""undiluted""]",copied_linked_word_gloss,2,"N2:濃度=농도 | N3:濃い=짙다, 진하다, 농도가 높다",auto,Auto draft: KANJIDIC2 readings/radical; Korean meaning draft derived from local Korean word gloss or curated KANJIDIC English fallback.
P1,30,狙,"[""목표""]","[""aim at"", ""sight"", ""shadow"", ""stalk""]",copied_linked_word_gloss,2,N2:狙う=목표 에서 | N2:狙い=목표,auto,Auto draft: KANJIDIC2 readings/radical; Korean meaning draft derived from local Korean word gloss or curated KANJIDIC English fallback.
P1,30,甘,"[""달다"", ""엄하지않다""]","[""sweet"", ""coax"", ""pamper"", ""be content"", ""sugary""]",copied_linked_word_gloss,2,"N2:甘やかす=응석부리게하다 | N3:甘い=달다,엄하지않다",auto,Auto draft: KANJIDIC2 readings/radical; Korean meaning draft derived from local Korean word gloss or curated KANJIDIC English fallback.
P1,30,盗,"[""훔치다"", ""강탈하다""]","[""steal"", ""rob"", ""pilfer""]",copied_linked_word_gloss,2,"N2:盗難=강도, 절도 | N4:盗む=훔치다, 강탈하다",auto,Auto draft: KANJIDIC2 readings/radical; Korean meaning draft derived from local Korean word gloss or curated KANJIDIC English fallback.
P1,30,砕,"[""부수다"", ""깨다""]","[""smash"", ""break"", ""crush"", ""familiar"", ""popular""]",copied_linked_word_gloss,2,"N1:砕ける=부서지다, (기세 등)꺾이다 | N2:砕く=부수다, 깨다",auto,Auto draft: KANJIDIC2 readings/radical; Korean meaning draft derived from local Korean word gloss or curated KANJIDIC English fallback.
P1,30,祈,"[""빌다"", ""기원하다""]","[""pray"", ""wish""]",copied_linked_word_gloss,2,"N1:祈り=기도 | N2:祈る=빌다,기원하다",auto,Auto draft: KANJIDIC2 readings/radical; Korean meaning draft derived from local Korean word gloss or curated KANJIDIC English fallback.
P1,30,種,"[""종(種)"", ""종류""]","[""species"", ""kind"", ""class"", ""variety"", ""seed""]",context_parentheses,5,"N1:品種=품종 | N1:各種=각종, 여러 종류 | N3:一種=일종, 한 종류 | N3:人種=인종 | N3:種類=종류",auto,Auto draft: KANJIDIC2 readings/radical; Korean meaning draft derived from local Korean word gloss or curated KANJIDIC English fallback.
P1,30,穏,"[""온화함"", ""평온함""]","[""calm"", ""quiet"", ""moderation""]",copied_linked_word_gloss,2,"N2:穏やかだ=온화하다 | N3:穏やか=온화함, 평온함",auto,Auto draft: KANJIDIC2 readings/radical; Korean meaning draft derived from local Korean word gloss or curated KANJIDIC English fallback.
P1,30,縫,"[""꿰매다"", ""바느질하다""]","[""sew"", ""stitch"", ""embroider""]",copied_linked_word_gloss,2,"N2:縫う=꿰매다, 바느질하다 | N2:裁縫=재봉, 바느질",auto,Auto draft: KANJIDIC2 readings/radical; Korean meaning draft derived from local Korean word gloss or curated KANJIDIC English fallback.
P1,30,羨,"[""부러워하다""]","[""envious"", ""be jealous"", ""covet""]",copied_linked_word_gloss,2,N2:羨む=부러워하다 | N3:羨ましい=부럽다,auto,Auto draft: KANJIDIC2 readings/radical; Korean meaning draft derived from local Korean word gloss or curated KANJIDIC English fallback.
P1,30,翻,"[""뒤집다"", ""번복하다""]","[""flip"", ""turn over"", ""wave"", ""flutter"", ""change (mind)""]",copied_linked_word_gloss,2,"N1:翻す=뒤집다,번복하다 | N4:翻訳=번역",auto,Auto draft: KANJIDIC2 readings/radical; Korean meaning draft derived from local Korean word gloss or curated KANJIDIC English fallback.
P1,30,老,"[""늙다"", ""나이를 먹다""]","[""old man"", ""old age"", ""grow old""]",copied_linked_word_gloss,2,"N1:老いる=늙다, 나이를 먹다 | N3:老人=노인",auto,Auto draft: KANJIDIC2 readings/radical; Korean meaning draft derived from local Korean word gloss or curated KANJIDIC English fallback.
P1,30,臨,"[""임하다"", ""상황에직면하다""]","[""look to"", ""face"", ""meet"", ""confront"", ""attend"", ""call on""]",copied_linked_word_gloss,2,"N1:臨む=임하다,상황에직면하다 | N2:臨時=임시, 특별",auto,Auto draft: KANJIDIC2 readings/radical; Korean meaning draft derived from local Korean word gloss or curated KANJIDIC English fallback.
P1,30,荒,"[""행동·말투·파도 등이 거칠다""]","[""laid waste"", ""rough"", ""rude"", ""wild""]",copied_linked_word_gloss,2,N2:荒れる=거칠어지다 | N2:荒い=행동·말투·파도 등이 거칠다,auto,Auto draft: KANJIDIC2 readings/radical; Korean meaning draft derived from local Korean word gloss or curated KANJIDIC English fallback.
P1,30,褒,"[""칭찬하다""]","[""praise"", ""extol""]",copied_linked_word_gloss,2,"N1:褒美=포상, 상 | N4:褒める=칭찬하다",auto,Auto draft: KANJIDIC2 readings/radical; Korean meaning draft derived from local Korean word gloss or curated KANJIDIC English fallback.
P1,30,西,"[""서(쪽)""]","[""west"", ""Spain""]",context_parentheses,6,"N1:西日=석양빛, 서향 볕 | N2:関西=간사이 | N2:西暦=서력, 서기 | N2:東西=동서, 온 나라 | N4:西洋=서양",auto,Auto draft: KANJIDIC2 readings/radical; Korean meaning draft derived from local Korean word gloss or curated KANJIDIC English fallback.
P1,30,誓,"[""맹세하다""]","[""vow"", ""swear"", ""pledge""]",copied_linked_word_gloss,2,N1:誓約書=서약서 | N2:誓う=맹세하다,auto,Auto draft: KANJIDIC2 readings/radical; Korean meaning draft derived from local Korean word gloss or curated KANJIDIC English fallback.
P1,30,謙,"[""겸손""]","[""self-effacing"", ""humble oneself"", ""condescend"", ""be modest""]",copied_linked_word_gloss,2,"N2:謙虚=겸손, 겸양 | N2:謙遜=겸양, 겸손",auto,Auto draft: KANJIDIC2 readings/radical; Korean meaning draft derived from local Korean word gloss or curated KANJIDIC English fallback.
P1,30,謡,"[""노래""]","[""song"", ""sing"", ""ballad"", ""noh chanting""]",copied_linked_word_gloss,2,"N2:民謡=민요 | N2:歌謡=가요, 노래",auto,Auto draft: KANJIDIC2 readings/radical; Korean meaning draft derived from local Korean word gloss or curated KANJIDIC English fallback.
P1,30,責,"[""책망하다"", ""비난하다""]","[""blame"", ""condemn"", ""censure""]",copied_linked_word_gloss,2,"N2:責任=책임 | N3:責める=책망하다, 비난하다",auto,Auto draft: KANJIDIC2 readings/radical; Korean meaning draft derived from local Korean word gloss or curated KANJIDIC English fallback.
P1,30,賢,"[""똑똑하다""]","[""intelligent"", ""wise"", ""wisdom"", ""cleverness""]",copied_linked_word_gloss,2,N1:賢い=똑똑하다 | N1:賢明=현명함,auto,Auto draft: KANJIDIC2 readings/radical; Korean meaning draft derived from local Korean word gloss or curated KANJIDIC English fallback.
P1,30,赴,"[""가다"", ""진행하다"", ""나아가다""]","[""proceed"", ""get"", ""become"", ""tend""]",copied_linked_word_gloss,2,"N1:赴く=가다, 진행하다, 나아가다 | N1:赴任=부임",auto,Auto draft: KANJIDIC2 readings/radical; Korean meaning draft derived from local Korean word gloss or curated KANJIDIC English fallback.
P1,30,踊,"[""춤""]","[""jump"", ""dance"", ""leap"", ""skip""]",copied_linked_word_gloss,2,N4:踊る=춤추다 | N4:踊り=춤,auto,Auto draft: KANJIDIC2 readings/radical; Korean meaning draft derived from local Korean word gloss or curated KANJIDIC English fallback.
P1,30,辺,"[""근처"", ""근처의""]","[""environs"", ""boundary"", ""border"", ""vicinity""]",copied_linked_word_gloss,2,"N2:周辺=주변 | N3:辺り=근처, 근처의",auto,Auto draft: KANJIDIC2 readings/radical; Korean meaning draft derived from local Korean word gloss or curated KANJIDIC English fallback.
P1,30,辿,"[""더듬어 가다"", ""따라가다""]","[""follow (road)"", ""pursue""]",copied_linked_word_gloss,2,"N1:辿り着く=겨우 다다르다, 도달하다 | N1:辿る=더듬어 가다, 따라가다",auto,Auto draft: KANJIDIC2 readings/radical; Korean meaning draft derived from local Korean word gloss or curated KANJIDIC English fallback.
P1,30,遮,"[""차단하다""]","[""intercept"", ""interrupt"", ""obstruct""]",copied_linked_word_gloss,2,N1:遮る=차단하다 | N1:遮断=차단,auto,Auto draft: KANJIDIC2 readings/radical; Korean meaning draft derived from local Korean word gloss or curated KANJIDIC English fallback.
P1,30,避,"[""피하다"", ""꺼리다""]","[""evade"", ""avoid"", ""avert"", ""ward off"", ""shirk"", ""shun""]",copied_linked_word_gloss,2,"N1:避ける=피하다, 비키다 | N2:避ける=피하다,꺼리다",auto,Auto draft: KANJIDIC2 readings/radical; Korean meaning draft derived from local Korean word gloss or curated KANJIDIC English fallback.
P1,30,郊,"[""교외""]","[""outskirts"", ""suburbs"", ""rural area""]",copied_linked_word_gloss,2,N1:近郊=교외 | N4:郊外=교외,auto,Auto draft: KANJIDIC2 readings/radical; Korean meaning draft derived from local Korean word gloss or curated KANJIDIC English fallback.
P1,30,酷,"[""끔찍한"", ""대단한"", ""불공평한""]","[""cruel"", ""severe"", ""atrocious"", ""unjust""]",copied_linked_word_gloss,2,"N1:残酷=잔혹함, 잔인함 | N4:酷い=끔찍한, 대단한, 불공평한, 잔인한",auto,Auto draft: KANJIDIC2 readings/radical; Korean meaning draft derived from local Korean word gloss or curated KANJIDIC English fallback.
P1,30,釈,"[""해석"", ""설명""]","[""explanation""]",copied_linked_word_gloss,2,"N1:釈明=석명,해명 | N3:解釈=설명, 해석",auto,Auto draft: KANJIDIC2 readings/radical; Korean meaning draft derived from local Korean word gloss or curated KANJIDIC English fallback.
P1,30,阻,"[""저지하다"", ""가로막다""]","[""thwart"", ""separate from"", ""prevent"", ""obstruct"", ""deter"", ""impede""]",copied_linked_word_gloss,2,"N1:阻止=저지 | N1:阻む=저지하다,가로막다",auto,Auto draft: KANJIDIC2 readings/radical; Korean meaning draft derived from local Korean word gloss or curated KANJIDIC English fallback.
P1,30,隠,"[""숨기다""]","[""conceal"", ""hide"", ""cover""]",copied_linked_word_gloss,2,"N1:隠居=은거, 은퇴 | N3:隠す=숨기다",auto,Auto draft: KANJIDIC2 readings/radical; Korean meaning draft derived from local Korean word gloss or curated KANJIDIC English fallback.
P1,30,顧,"[""돌아보다"", ""회고하다""]","[""look back"", ""review"", ""examine oneself"", ""turn around""]",copied_linked_word_gloss,2,"N1:顧みる=돌아보다,회고하다 | N1:回顧=회고",auto,Auto draft: KANJIDIC2 readings/radical; Korean meaning draft derived from local Korean word gloss or curated KANJIDIC English fallback.
P1,30,飢,"[""굶주리다""]","[""hungry"", ""starve""]",copied_linked_word_gloss,2,N2:飢饉=기근 | N2:飢える=굶주리다,auto,Auto draft: KANJIDIC2 readings/radical; Korean meaning draft derived from local Korean word gloss or curated KANJIDIC English fallback.
P1,30,飼,"[""기르다"", ""키우다"", ""먹이다""]","[""domesticate"", ""raise"", ""keep"", ""feed""]",copied_linked_word_gloss,2,"N1:飼育=사육 | N3:飼う=기르다, 키우다, 먹이다",auto,Auto draft: KANJIDIC2 readings/radical; Korean meaning draft derived from local Korean word gloss or curated KANJIDIC English fallback.
P1,30,飽,"[""질리다"", ""싫증나다""]","[""sated"", ""tired of"", ""bored"", ""satiate""]",copied_linked_word_gloss,2,"N1:飽和=포화 | N3:飽きる=질리다,싫증나다; 질리다, 식상하다",auto,Manual format normalization 2026-08-18: 중복 뜻 제거.
P2,29,北,"[""북(쪽)""]","[""north""]",context_parentheses,4,N1:敗北=패배 | N2:北極=북극 | N2:南北=남북 | N5:北=북(쪽),auto,Auto draft: KANJIDIC2 readings/radical; Korean meaning draft derived from local Korean word gloss or curated KANJIDIC English fallback.
P2,29,南,"[""남(쪽)""]","[""south""]",context_parentheses,4,N2:南米=남미 | N2:南極=남극 | N2:南北=남북 | N5:南=남(쪽),auto,Auto draft: KANJIDIC2 readings/radical; Korean meaning draft derived from local Korean word gloss or curated KANJIDIC English fallback.
P2,29,局,"[""(방송)국"", ""부서""]","[""bureau"", ""board"", ""office"", ""affair"", ""conclusion"", ""court lady"", ""lady-in-waiting"", ""her apartment""]",context_parentheses,4,"N2:薬局=약국 | N3:局=(방송)국, 부서 | N3:結局=결국 | N5:郵便局=우체국",auto,Auto draft: KANJIDIC2 readings/radical; Korean meaning draft derived from local Korean word gloss or curated KANJIDIC English fallback.
P2,29,液,"[""액체"", ""액(液)""]","[""fluid"", ""liquid"", ""juice"", ""sap"", ""secretion""]",context_parentheses,4,"N1:液=액체, 액(液) | N2:液体=액체, 유동적인 | N3:血液=혈액 | N3:血液型=혈액형",auto,Auto draft: KANJIDIC2 readings/radical; Korean meaning draft derived from local Korean word gloss or curated KANJIDIC English fallback.
P2,28,封,"[""봉(封)"", ""봉함""]","[""seal"", ""closing""]",context_parentheses,3,"N1:封鎖=봉쇄 | N1:同封=동봉 | N1:封=봉(封), 봉함",auto,Auto draft: KANJIDIC2 readings/radical; Korean meaning draft derived from local Korean word gloss or curated KANJIDIC English fallback.
P2,28,射,"[""(빛이) 비치다""]","[""shoot"", ""shine into"", ""onto"", ""archery""]",context_parentheses,3,N1:放射=방사 | N1:放射能=방사능 | N4:注射=주사,auto,Auto draft: KANJIDIC2 readings/radical; Korean meaning draft derived from local Korean word gloss or curated KANJIDIC English fallback.
P2,28,幹,"[""줄기"", ""몸통(나무)""]","[""tree trunk"", ""main part"", ""talent"", ""capability""]",context_parentheses,3,"N1:幹=줄기, 몸통(나무) | N1:幹部=간부 | N2:新幹線=신칸센, 고속철도",auto,Auto draft: KANJIDIC2 readings/radical; Korean meaning draft derived from local Korean word gloss or curated KANJIDIC English fallback.
P2,27,妻,"[""아내(겸양)""]","[""wife"", ""spouse""]",context_parentheses,2,N2:夫妻=부부 | N4:妻=아내(겸양),auto,Auto draft: KANJIDIC2 readings/radical; Korean meaning draft derived from local Korean word gloss or curated KANJIDIC English fallback.
P2,27,挙,"[""(예를) 들다"", ""거론하다""]","[""raise"", ""plan"", ""project"", ""behavior"", ""actions""]",context_parentheses,2,N1:快挙=쾌거 | N1:一挙に=일거에,auto,Auto draft: KANJIDIC2 readings/radical; Korean meaning draft derived from local Korean word gloss or curated KANJIDIC English fallback.
P2,27,掃,"[""(빗자루로) 쓸다""]","[""sweep"", ""brush""]",context_parentheses,2,"N1:一掃=일소,소탕 | N2:清掃=청소",auto,Auto draft: KANJIDIC2 readings/radical; Korean meaning draft derived from local Korean word gloss or curated KANJIDIC English fallback.
P2,27,溝,"[""도랑"", ""홈"", ""(관계의) 골""]","[""gutter"", ""ditch"", ""sewer"", ""drain"", ""10**32""]",context_parentheses,2,"N1:溝=도랑, 홈; (관계의) 골 | N1:溝=도랑, 시궁창",auto,Auto draft: KANJIDIC2 readings/radical; Korean meaning draft derived from local Korean word gloss or curated KANJIDIC English fallback.
P2,27,秒,"[""초(시간)""]","[""second (1/60 minute)""]",context_parentheses,2,N3:一秒=1초 | N3:秒=초(시간),auto,Auto draft: KANJIDIC2 readings/radical; Korean meaning draft derived from local Korean word gloss or curated KANJIDIC English fallback.
P2,27,酸,"[""산(酸)""]","[""acid"", ""bitterness"", ""sour"", ""tart""]",context_parentheses,2,N1:酸=산(酸) | N3:酸素=산소,auto,Auto draft: KANJIDIC2 readings/radical; Korean meaning draft derived from local Korean word gloss or curated KANJIDIC English fallback.
P2,27,錆,"[""녹(색)""]","[""rust"", ""tarnish""]",context_parentheses,2,N2:錆=녹(색) | N2:錆びる=녹슬다,auto,Auto draft: KANJIDIC2 readings/radical; Korean meaning draft derived from local Korean word gloss or curated KANJIDIC English fallback.
P2,25,丁,"[""거리"", ""짝수"", ""단위""]","[""street"", ""ward"", ""town"", ""counter for guns, tools, leaves or cakes of something"", ""even number"", ""4th calendar sign""]",register_or_domain_note,4,"N2:丁寧だ=정중하다 | N2:包丁=식칼 | N4:丁寧=공손, 공손한, 주의 깊은 | N5:丁度=정각, 정확히",auto,Auto draft: KANJIDIC2 readings/radical; Korean meaning draft derived from local Korean word gloss or curated KANJIDIC English fallback.
P2,25,喉,"[""목(구멍)""]","[""throat"", ""voice""]",context_parentheses,1,N4:喉=목(구멍),auto,Auto draft: KANJIDIC2 readings/radical; Korean meaning draft derived from local Korean word gloss or curated KANJIDIC English fallback.
P2,25,琴,"[""고토(일본 현악기)""]","[""harp"", ""koto""]",context_parentheses,1,N3:琴=고토(일본 현악기),auto,Auto draft: KANJIDIC2 readings/radical; Korean meaning draft derived from local Korean word gloss or curated KANJIDIC English fallback.
P2,25,甲,"[""갑(첫째)"", ""껍데기""]","[""armor"", ""high (voice)"", ""A grade"", ""first class"", ""former"", ""instep"", ""carapace""]",context_parentheses,1,N1:甲=갑(첫째); 껍데기,auto,Auto draft: KANJIDIC2 readings/radical; Korean meaning draft derived from local Korean word gloss or curated KANJIDIC English fallback.
P2,25,竿,"[""장대(빨랫대)""]","[""pole"", ""rod"", ""scale beam"", ""violin neck""]",context_parentheses,1,N1:竿=장대(빨랫대),auto,Auto draft: KANJIDIC2 readings/radical; Korean meaning draft derived from local Korean word gloss or curated KANJIDIC English fallback.
P2,25,糊,"[""풀(접착제)""]","[""paste"", ""glue"", ""sizing""]",context_parentheses,1,N2:糊=풀(접착제),auto,Auto draft: KANJIDIC2 readings/radical; Korean meaning draft derived from local Korean word gloss or curated KANJIDIC English fallback.
P2,23,体,"[""몸""]","[""body"", ""substance"", ""object"", ""reality"", ""counter for images""]",narrow_ko_vs_english,30,"N1:肉体=육체 | N1:物体=물체, 대상 | N1:人体=인체 | N1:体裁=체재, 겉모양, 체면 | N1:体験=체험",auto,Auto draft: KANJIDIC2 readings/radical; Korean meaning draft derived from local Korean word gloss or curated KANJIDIC English fallback.
P2,23,冊,"[""책"", ""권"", ""책을 세는 단위""]","[""tome"", ""counter for books"", ""volume""]",register_or_domain_note,2,N5:二冊=두 권(잡지) | N5:三冊=세 권(책),auto,Auto draft: KANJIDIC2 readings/radical; Korean meaning draft derived from local Korean word gloss or curated KANJIDIC English fallback.
P2,23,力,"[""힘""]","[""power"", ""strength"", ""strong"", ""strain"", ""bear up"", ""exert""]",narrow_ko_vs_english,32,"N1:能力=능력 | N1:威力=위력 | N1:動力=동력 | N1:精力的に=정력적으로 | N1:極力=극력,힘껏",auto,Auto draft: KANJIDIC2 readings/radical; Korean meaning draft derived from local Korean word gloss or curated KANJIDIC English fallback.
P2,23,氏,"[""성씨"", ""씨""]","[""family name"", ""surname"", ""clan""]",register_or_domain_note,2,"N2:氏名=성명, 이름 | N3:氏=성씨, 씨",auto,Auto draft: KANJIDIC2 readings/radical; Korean meaning draft derived from local Korean word gloss or curated KANJIDIC English fallback.
P2,23,箇,"[""개"", ""물건 세는 단위""]","[""counter for articles""]",register_or_domain_note,2,"N1:箇条書き=항목별 작성, 개조식 | N2:箇所=곳, 부분",auto,Auto draft: KANJIDIC2 readings/radical; Korean meaning draft derived from local Korean word gloss or curated KANJIDIC English fallback.
P2,22,家,"[""집""]","[""house"", ""home"", ""family"", ""professional"", ""expert"", ""performer""]",narrow_ko_vs_english,23,"N1:家来=가신, 부하 | N1:実業家=실업가 | N1:家出=가출 | N1:大家=대가,권위자 | N1:家畜=가축",auto,Auto draft: KANJIDIC2 readings/radical; Korean meaning draft derived from local Korean word gloss or curated KANJIDIC English fallback.
P2,22,本,"[""책""]","[""book"", ""present"", ""main"", ""origin"", ""true"", ""real"", ""counter for long cylindrical things""]",narrow_ko_vs_english,25,"N1:本音=본심,속내 | N1:本国=본국 | N1:本格=본격(적임) | N1:台本=대본, 각본 | N1:本文=본문",auto,Auto draft: KANJIDIC2 readings/radical; Korean meaning draft derived from local Korean word gloss or curated KANJIDIC English fallback.
P2,22,発,"[""출발""]","[""departure"", ""discharge"", ""publish"", ""emit"", ""start from"", ""disclose"", ""counter for gunshots""]",narrow_ko_vs_english,27,"N1:発足=발족,출범 | N1:再発=재발 | N1:発言=발언 | N1:開発=개발 | N1:発覚=발각",auto,Auto draft: KANJIDIC2 readings/radical; Korean meaning draft derived from local Korean word gloss or curated KANJIDIC English fallback.
P2,22,目,"[""눈""]","[""eye"", ""class"", ""look"", ""insight"", ""experience"", ""care"", ""favor""]",narrow_ko_vs_english,26,"N1:目録=목록 | N1:一目=한눈, 일견 | N1:目論む=계획하다, 꾀하다 | N1:着目=착안, 주목 | N1:面目=체면, 면목",auto,Auto draft: KANJIDIC2 readings/radical; Korean meaning draft derived from local Korean word gloss or curated KANJIDIC English fallback.
P2,21,空,"[""하늘""]","[""empty"", ""sky"", ""void"", ""vacant"", ""vacuum""]",narrow_ko_vs_english,18,"N1:上空=상공 | N1:大空=넓은 하늘, 창공 | N1:架空=가공 | N1:空間=공간 | N1:空ろ=공허함, 멍함",auto,Auto draft: KANJIDIC2 readings/radical; Korean meaning draft derived from local Korean word gloss or curated KANJIDIC English fallback.
P2,21,道,"[""길""]","[""road-way"", ""street"", ""district"", ""journey"", ""course"", ""moral"", ""teachings""]",narrow_ko_vs_english,17,"N1:使い道=용도, 쓸모 | N1:報道=보도 | N1:筋道=조리, 사리 | N1:軌道=궤도 | N1:街道=가도, 큰길",auto,Auto draft: KANJIDIC2 readings/radical; Korean meaning draft derived from local Korean word gloss or curated KANJIDIC English fallback.
P2,19,器,"[""그릇""]","[""utensil"", ""vessel"", ""receptacle"", ""implement"", ""instrument"", ""ability"", ""container"", ""tool"", ""set""]",narrow_ko_vs_english,11,"N1:陶器=도기, 도자기 | N1:器=그릇 | N1:兵器=병기, 무기 | N2:器具=기구, 도구 | N2:受話器=수화기(전화)",auto,Auto draft: KANJIDIC2 readings/radical; Korean meaning draft derived from local Korean word gloss or curated KANJIDIC English fallback.
P2,19,然,"[""그러하다""]","[""sort of thing"", ""so"", ""if so"", ""in that case"", ""well""]",narrow_ko_vs_english,13,"N1:公然=공공연히 | N1:自然に=자연히 | N1:騒然=시끄러운 상태, 떠들썩한 모습 | N1:断然=단연, 단호히 | N1:歴然と=역연히,또렷하게",auto,Auto draft: KANJIDIC2 readings/radical; Korean meaning draft derived from local Korean word gloss or curated KANJIDIC English fallback.
P2,19,熱,"[""열""]","[""heat"", ""temperature"", ""fever"", ""mania"", ""passion""]",narrow_ko_vs_english,11,"N1:熱量=열량 | N1:熱意=열심, 열의 | N1:光熱費=광열비 | N1:情熱=열정, 열심, 열의 | N1:熱中する=열중하다",auto,Auto draft: KANJIDIC2 readings/radical; Korean meaning draft derived from local Korean word gloss or curated KANJIDIC English fallback.
P2,19,角,"[""모퉁이""]","[""angle"", ""corner"", ""square"", ""horn"", ""antlers""]",narrow_ko_vs_english,13,"N1:角=뿔 | N1:互角だ=호각이다, 백중세다 | N1:互角=호각,백중세 | N1:多角的な=다각적인 | N2:直角=직각",auto,Auto draft: KANJIDIC2 readings/radical; Korean meaning draft derived from local Korean word gloss or curated KANJIDIC English fallback.
P2,18,具,"[""갖추어지다""]","[""tool"", ""utensil"", ""means"", ""possess"", ""ingredients"", ""counter for armor, suits, sets of furniture""]",narrow_ko_vs_english,9,"N2:文房具=문방구, 문구류 | N2:器具=기구, 도구 | N2:絵の具=그림물감 | N3:家具=가구 | N3:具体=구체적임",auto,Auto draft: KANJIDIC2 readings/radical; Korean meaning draft derived from local Korean word gloss or curated KANJIDIC English fallback.
P2,18,悪,"[""악""]","[""bad"", ""vice"", ""rascal"", ""false"", ""evil"", ""wrong""]",narrow_ko_vs_english,8,"N1:悪化=악화 | N1:嫌悪感=혐오감 | N1:改悪=개악 | N1:悪者=악당, 나쁜 사람 | N3:悪口=욕, 험담",auto,Auto draft: KANJIDIC2 readings/radical; Korean meaning draft derived from local Korean word gloss or curated KANJIDIC English fallback.
P2,18,率,"[""비율""]","[""ratio"", ""rate"", ""proportion"", ""%"", ""factor"", ""lead"", ""spearhead"", ""command""]",narrow_ko_vs_english,10,"N1:効率=효율 | N1:率いる=이끌다,인솔하다 | N1:倍率=배율; 경쟁률 | N1:軽率な=경솔한 | N1:率直に=솔직하게",auto,Auto draft: KANJIDIC2 readings/radical; Korean meaning draft derived from local Korean word gloss or curated KANJIDIC English fallback.
P2,18,親,"[""부모""]","[""parent"", ""intimacy"", ""relative"", ""familiarity"", ""dealer (cards)""]",narrow_ko_vs_english,10,"N1:肉親=육친, 혈육 | N1:親父=아버지, 아저씨 | N1:親善=친선 | N2:親指=엄지손가락 | N2:親類=친척",auto,Auto draft: KANJIDIC2 readings/radical; Korean meaning draft derived from local Korean word gloss or curated KANJIDIC English fallback.
P2,18,量,"[""양""]","[""quantity"", ""measure"", ""weight"", ""amount"", ""consider"", ""estimate"", ""surmise""]",narrow_ko_vs_english,8,"N1:熱量=열량 | N1:微量=미량 | N2:測量=측정, 조사 | N2:重量=중량, 무게 | N2:分量=분량",auto,Auto draft: KANJIDIC2 readings/radical; Korean meaning draft derived from local Korean word gloss or curated KANJIDIC English fallback.
P2,17,術,"[""방법""]","[""art"", ""technique"", ""skill"", ""means"", ""trick"", ""resources"", ""magic""]",narrow_ko_vs_english,7,N1:戦術=전술 | N1:術=방법 | N2:学術=학술 | N3:手術=수술 | N3:芸術=예술,auto,Auto draft: KANJIDIC2 readings/radical; Korean meaning draft derived from local Korean word gloss or curated KANJIDIC English fallback.
P2,17,象,"[""코끼리""]","[""elephant"", ""pattern after"", ""imitate"", ""image"", ""shape"", ""sign (of the times)""]",narrow_ko_vs_english,7,N1:気象=기상(氣象) | N2:象徴=상징 | N2:抽象=추상 | N3:象=코끼리 | N3:対象=대상,auto,Auto draft: KANJIDIC2 readings/radical; Korean meaning draft derived from local Korean word gloss or curated KANJIDIC English fallback.
P2,16,傷,"[""상처""]","[""wound"", ""hurt"", ""injure"", ""impair"", ""pain"", ""injury"", ""cut"", ""gash"", ""scar"", ""weak point""]",narrow_ko_vs_english,5,"N1:傷付く=상처받다, 다치다 | N1:中傷=중상, 비방 | N1:負傷=부상, 상처 | N2:火傷=화상 | N3:傷=상처",auto,Auto draft: KANJIDIC2 readings/radical; Korean meaning draft derived from local Korean word gloss or curated KANJIDIC English fallback.
P2,16,底,"[""바닥""]","[""bottom"", ""sole"", ""depth"", ""bottom price"", ""base"", ""kind"", ""sort""]",narrow_ko_vs_english,6,"N1:根底=근저, 근본, 밑바닥 | N1:到底=도저히 | N1:底力=저력 | N2:徹底する=철저하다 | N3:徹底=철저",auto,Auto draft: KANJIDIC2 readings/radical; Korean meaning draft derived from local Korean word gloss or curated KANJIDIC English fallback.
P2,16,損,"[""손해""]","[""damage"", ""loss"", ""disadvantage"", ""hurt"", ""injure""]",narrow_ko_vs_english,6,"N1:損なう=파손하다,손상시키다 | N1:破損=파손 | N1:損失=손실 | N2:損得=손익, 이해득실 | N3:損害=손해",auto,Auto draft: KANJIDIC2 readings/radical; Korean meaning draft derived from local Korean word gloss or curated KANJIDIC English fallback.
P2,16,朝,"[""아침""]","[""morning"", ""dynasty"", ""regime"", ""epoch"", ""period"", ""(North) Korea""]",narrow_ko_vs_english,6,"N2:朝寝坊=늦잠, 늦게 일어나는 사람 | N3:朝食=조식 | N4:毎朝=매일 아침 | N5:今朝=오늘 아침 | N5:朝ご飯=아침식사",auto,Auto draft: KANJIDIC2 readings/radical; Korean meaning draft derived from local Korean word gloss or curated KANJIDIC English fallback.
P2,16,横,"[""옆""]","[""sideways"", ""side"", ""horizontal"", ""width"", ""woof"", ""unreasonable"", ""perverse""]",narrow_ko_vs_english,5,"N1:横綱=요코즈나, 스모 최고 등급 | N3:横断禁止=횡단 금지 | N3:横断=횡단 | N3:横切る=가로지르다 | N3:横=옆",auto,Auto draft: KANJIDIC2 readings/radical; Korean meaning draft derived from local Korean word gloss or curated KANJIDIC English fallback.
P2,16,葉,"[""잎""]","[""leaf"", ""plane"", ""lobe"", ""needle"", ""blade"", ""spear"", ""counter for flat things"", ""fragment"", ""piece""]",narrow_ko_vs_english,6,"N1:落ち葉=낙엽 | N2:紅葉=단풍, 단풍잎 | N2:言葉遣い=말씨, 어투 | N2:紅葉=단풍 | N3:葉=잎",auto,Auto draft: KANJIDIC2 readings/radical; Korean meaning draft derived from local Korean word gloss or curated KANJIDIC English fallback.
P2,16,薬,"[""약""]","[""medicine"", ""chemical"", ""enamel"", ""gunpowder"", ""benefit""]",narrow_ko_vs_english,5,"N2:薬品=약품, 화학 약품 | N2:薬局=약국 | N2:農薬=농약 | N2:薬指=약지, 약손가락 | N5:薬=약",auto,Auto draft: KANJIDIC2 readings/radical; Korean meaning draft derived from local Korean word gloss or curated KANJIDIC English fallback.
P2,15,床,"[""마루""]","[""bed"", ""counter for beds"", ""floor"", ""padding"", ""tatami""]",narrow_ko_vs_english,4,"N2:床の間=도코노마, 벽감 | N2:起床=기상 | N3:床=마루 | N4:床屋=이발사(가게)",auto,Auto draft: KANJIDIC2 readings/radical; Korean meaning draft derived from local Korean word gloss or curated KANJIDIC English fallback.
P2,13,恩,"[""은혜""]","[""grace"", ""kindness"", ""goodness"", ""favor"", ""mercy"", ""blessing"", ""benefit""]",narrow_ko_vs_english,2,N1:恩恵=은혜 | N3:恩=은혜,auto,Auto draft: KANJIDIC2 readings/radical; Korean meaning draft derived from local Korean word gloss or curated KANJIDIC English fallback.
P2,13,畳,"[""다다미""]","[""tatami mat"", ""counter for tatami mats"", ""fold"", ""shut up"", ""do away with""]",narrow_ko_vs_english,2,"N3:畳む=(빨래를)개다; 접다, 개다 | N4:畳=다다미",auto,Auto draft: KANJIDIC2 readings/radical; Korean meaning draft derived from local Korean word gloss or curated KANJIDIC English fallback.
P2,13,綱,"[""밧줄""]","[""hawser"", ""class (genus)"", ""rope"", ""cord"", ""cable""]",narrow_ko_vs_english,2,"N1:横綱=요코즈나, 스모 최고 등급 | N2:綱=밧줄",auto,Auto draft: KANJIDIC2 readings/radical; Korean meaning draft derived from local Korean word gloss or curated KANJIDIC English fallback.
P2,13,縁,"[""가장자리""]","[""affinity"", ""relation"", ""connection"", ""edge"", ""border"", ""verge"", ""brink""]",narrow_ko_vs_english,2,"N1:縁側=툇마루, 베란다 | N1:縁談=혼담",auto,Auto draft: KANJIDIC2 readings/radical; Korean meaning draft derived from local Korean word gloss or curated KANJIDIC English fallback.
P2,13,酔,"[""취하다""]","[""drunk"", ""feel sick"", ""poisoned"", ""elated"", ""spellbound""]",narrow_ko_vs_english,2,N1:麻酔=마취 | N2:酔っ払い=술 취한 사람,auto,Auto draft: KANJIDIC2 readings/radical; Korean meaning draft derived from local Korean word gloss or curated KANJIDIC English fallback.
P2,13,雄,"[""수컷""]","[""masculine"", ""male"", ""hero"", ""leader"", ""superiority"", ""excellence""]",narrow_ko_vs_english,2,N1:英雄=영웅 | N1:雄=수컷,auto,Auto draft: KANJIDIC2 readings/radical; Korean meaning draft derived from local Korean word gloss or curated KANJIDIC English fallback.
P2,11,塊,"[""덩어리""]","[""clod"", ""lump"", ""chunk"", ""clot"", ""mass""]",narrow_ko_vs_english,1,N2:塊=덩어리,auto,Auto draft: KANJIDIC2 readings/radical; Korean meaning draft derived from local Korean word gloss or curated KANJIDIC English fallback.
P2,11,枝,"[""가지""]","[""bough"", ""branch"", ""twig"", ""limb"", ""counter for branches""]",narrow_ko_vs_english,1,N3:枝=가지,auto,Auto draft: KANJIDIC2 readings/radical; Korean meaning draft derived from local Korean word gloss or curated KANJIDIC English fallback.
P2,11,氷,"[""얼음""]","[""icicle"", ""ice"", ""hail"", ""freeze"", ""congeal""]",narrow_ko_vs_english,1,N3:氷=얼음,auto,Auto draft: KANJIDIC2 readings/radical; Korean meaning draft derived from local Korean word gloss or curated KANJIDIC English fallback.
P2,11,穴,"[""구멍""]","[""hole"", ""aperture"", ""slit"", ""cave"", ""den""]",narrow_ko_vs_english,1,N3:穴=구멍,auto,Auto draft: KANJIDIC2 readings/radical; Korean meaning draft derived from local Korean word gloss or curated KANJIDIC English fallback.
P2,11,罪,"[""죄""]","[""guilt"", ""sin"", ""crime"", ""fault"", ""blame"", ""offense""]",narrow_ko_vs_english,1,N3:罪=죄,auto,Auto draft: KANJIDIC2 readings/radical; Korean meaning draft derived from local Korean word gloss or curated KANJIDIC English fallback.
P2,11,胸,"[""가슴""]","[""bosom"", ""breast"", ""chest"", ""heart"", ""feelings""]",narrow_ko_vs_english,1,N3:胸=가슴,auto,Auto draft: KANJIDIC2 readings/radical; Korean meaning draft derived from local Korean word gloss or curated KANJIDIC English fallback.
P2,11,軸,"[""축""]","[""axis"", ""pivot"", ""stem"", ""stalk"", ""counter for book scrolls""]",narrow_ko_vs_english,1,N1:軸=축,auto,Auto draft: KANJIDIC2 readings/radical; Korean meaning draft derived from local Korean word gloss or curated KANJIDIC English fallback.
P3,0,一,"[""하나""]","[""one"", ""one radical (no.1)""]",,61,"N1:一切=일체, 전부; 일절 | N1:画一的な=획일적인 | N1:一心=일심, 한마음 | N1:一同=일동, 모두 | N1:一見=얼핏 봄, 일견",auto,Manual format normalization 2026-08-18: 숫자 표기 중복을 제거하고 한국어 기본 뜻을 유지함.
P3,0,七,"[""일곱""]","[""seven""]",,2,N5:七月=7월 | N5:七時=7시,auto,Auto draft: KANJIDIC2 readings/radical; Korean meaning draft derived from local Korean word gloss or curated KANJIDIC English fallback.
P3,0,丈,"[""길이"", ""높이""]","[""length"", ""ten shaku"", ""measure"", ""Mr."", ""Ms."", ""height"", ""stature"", ""all (one has)"", ""only"", ""that's all"", ""merely""]",,5,"N1:丈=길이, 높이 | N1:頑丈=튼튼함, 견고함 | N2:頑丈だ=튼튼하다 | N5:大丈夫=괜찮음 | N5:丈夫=튼튼함",auto,Auto draft: KANJIDIC2 readings/radical; Korean meaning draft derived from local Korean word gloss or curated KANJIDIC English fallback.
P3,0,三,"[""셋""]","[""three""]",,5,"N2:三日月=초승달 | N2:三角=삼각형, 삼각 | N2:再三=다시 다시, 반복해서 | N5:三回=3회, 세 번 | N5:三冊=세 권(책)",auto,Auto draft: KANJIDIC2 readings/radical; Korean meaning draft derived from local Korean word gloss or curated KANJIDIC English fallback.
P3,0,上,"[""위""]","[""above"", ""up""]",,46,"N1:途上=도상, 도중 | N1:上昇=상승 | N1:向上=향상 | N1:上空=상공 | N1:仕上がる=마무리되다,완성되다",auto,Auto draft: KANJIDIC2 readings/radical; Korean meaning draft derived from local Korean word gloss or curated KANJIDIC English fallback.
P3,0,下,"[""아래"", ""밑""]","[""below"", ""down"", ""descend"", ""give"", ""low"", ""inferior""]",,37,"N1:下痢=설사 | N1:部下=부하 | N1:天下=천하, 온 세상 | N1:落下=낙하, 떨어짐 | N1:沈下=침하",auto,Auto draft: KANJIDIC2 readings/radical; Korean meaning draft derived from local Korean word gloss or curated KANJIDIC English fallback.
P3,0,不,"[""아니다"", ""부정"", ""나쁨""]","[""negative"", ""non-"", ""bad"", ""ugly"", ""clumsy""]",,31,"N1:不用意な=부주의한 | N1:不慮の=뜻밖의, 예상 밖의, 불의의 | N1:不当=부당함 | N1:不調=부진, 컨디션 난조 | N1:不動産=부동산",auto,Auto draft: KANJIDIC2 readings/radical; Korean meaning draft derived from local Korean word gloss or curated KANJIDIC English fallback.
P3,0,両,"[""둘"", ""양쪽""]","[""both"", ""old Japanese coin"", ""counter for carriages (e.g., in a train)"", ""two""]",,3,"N2:両側=양쪽, 양측 | N3:両替=환전 | N4:両方=양쪽, 둘 다",auto,Auto draft: KANJIDIC2 readings/radical; Korean meaning draft derived from local Korean word gloss or curated KANJIDIC English fallback.
P3,0,中,"[""안"", ""속""]","[""in"", ""inside"", ""middle"", ""mean"", ""center""]",,41,"N1:連中=패거리, 무리 | N1:中程=가운데, 중간 | N1:命中=명중 | N1:熱中する=열중하다 | N1:中立=중립",auto,Auto draft: KANJIDIC2 readings/radical; Korean meaning draft derived from local Korean word gloss or curated KANJIDIC English fallback.
P3,0,丸,"[""동그라미"", ""원""]","[""round"", ""full (month)"", ""perfection"", ""-ship"", ""pills"", ""make round"", ""roll up"", ""curl up"", ""seduce"", ""explain away""]",,4,"N1:丸ごと=통째로, 전부 | N1:真ん丸い=둥글디둥글다 | N3:丸=동그라미, 원 | N3:丸い=둥글다",auto,Auto draft: KANJIDIC2 readings/radical; Korean meaning draft derived from local Korean word gloss or curated KANJIDIC English fallback.
P3,0,丹,"[""붉다"", ""정성""]","[""rust-colored"", ""red"", ""red lead"", ""pills"", ""sincerity""]",,2,"N1:丹念に=정성껏, 꼼꼼하게 | N1:丹念な=정성스런,꼼꼼한",auto,Auto draft: KANJIDIC2 readings/radical; Korean meaning draft derived from local Korean word gloss or curated KANJIDIC English fallback.
P3,0,主,"[""주인"", ""임자""]","[""lord"", ""chief"", ""master"", ""main thing"", ""principal""]",,26,N1:自主=자율 | N1:主題=주제 | N1:主観=주관 | N1:主演=주연 | N1:君主=군주,auto,Auto draft: KANJIDIC2 readings/radical; Korean meaning draft derived from local Korean word gloss or curated KANJIDIC English fallback.
P3,0,丼,"[""덮밥 그릇"", ""덮밥""]","[""bowl"", ""bowl of food""]",,1,"N2:丼=덮밥 그릇, 덮밥",auto,Auto draft: KANJIDIC2 readings/radical; Korean meaning draft derived from local Korean word gloss or curated KANJIDIC English fallback.
P3,0,久,"[""오래됨"", ""오랜 시간""]","[""long time"", ""old story""]",,2,"N3:永久=영원, 영구, 불멸 | N4:久しぶり=오랜만",auto,Auto draft: KANJIDIC2 readings/radical; Korean meaning draft derived from local Korean word gloss or curated KANJIDIC English fallback.
P3,0,乗,"[""타다"", ""오르다""]","[""ride"", ""power"", ""multiplication"", ""record"", ""counter for vehicles"", ""board"", ""mount"", ""join""]",,10,"N1:乗り込む=타다, 들어가다 | N1:乗り出す=시작하다 | N1:乗っ取る=탈취하다, 점거하다 | N2:乗り越し=지나쳐 탐 | N2:乗り換え=환승, 갈아탐",auto,Manual format normalization 2026-08-18: 쉼표로 분리된 문맥형 뜻을 기본 의미로 정리.
P3,0,乙,"[""을"", ""둘째""]","[""the latter"", ""duplicate"", ""strange"", ""witty"", ""fishhook radical (no. 5)""]",,1,"N1:乙=을, 둘째",auto,Auto draft: KANJIDIC2 readings/radical; Korean meaning draft derived from local Korean word gloss or curated KANJIDIC English fallback.
P3,0,乳,"[""젖"", ""유방""]","[""milk"", ""breasts""]",,2,"N1:乳=젖, 유방 | N5:牛乳=우유",auto,Auto draft: KANJIDIC2 readings/radical; Korean meaning draft derived from local Korean word gloss or curated KANJIDIC English fallback.
P3,0,了,"[""마치다"", ""완료""]","[""complete"", ""finish""]",,4,"N1:了承=승낙,양해 | N1:完了する=완료하다 | N2:終了=종료 | N3:完了=완료",auto,Auto draft: KANJIDIC2 readings/radical; Korean meaning draft derived from local Korean word gloss or curated KANJIDIC English fallback.
P3,0,事,"[""일"", ""것""]","[""matter"", ""thing"", ""fact"", ""business"", ""reason"", ""possibly""]",,36,"N1:事項=사항, 항목 | N1:事業=사업 | N1:検事=검사 | N1:従事=종사하다 | N1:事柄=사항, 일",auto,Auto draft: KANJIDIC2 readings/radical; Korean meaning draft derived from local Korean word gloss or curated KANJIDIC English fallback.
P3,0,亡,"[""망하다"", ""죽다""]","[""deceased"", ""the late"", ""dying"", ""perish""]",,4,N1:逃亡=탈출 | N1:滅亡=멸망 | N3:死亡=죽음 | N4:亡くなる=죽다,auto,Auto draft: KANJIDIC2 readings/radical; Korean meaning draft derived from local Korean word gloss or curated KANJIDIC English fallback.
P3,0,人,"[""사람""]","[""person""]",,55,"N1:仲人=중매인 | N1:人材=인재 | N1:殺人=살인 | N1:人格=성격, 문자 | N1:人手=일손,노동력",auto,Auto draft: KANJIDIC2 readings/radical; Korean meaning draft derived from local Korean word gloss or curated KANJIDIC English fallback.
P3,0,今,"[""지금""]","[""now""]",,14,"N1:今更=이제와서,새삼스럽게 | N1:今=지금 | N2:今にも=금방이라도 | N3:今後=앞으로, 이후 | N3:今日=오늘",auto,Auto draft: KANJIDIC2 readings/radical; Korean meaning draft derived from local Korean word gloss or curated KANJIDIC English fallback.
P3,0,介,"[""끼이다"", ""중개하다""]","[""jammed in"", ""shellfish"", ""mediate"", ""concern oneself with""]",,5,"N1:介抱=간호, 병구완 | N1:介入=개입 | N1:厄介な=귀찮은 | N1:介護=간호 | N3:紹介=소개",auto,Auto draft: KANJIDIC2 readings/radical; Korean meaning draft derived from local Korean word gloss or curated KANJIDIC English fallback.
P3,0,令,"[""명령"", ""법령""]","[""orders"", ""laws"", ""command"", ""decree"", ""good""]",,2,"N1:指令=명령하다, 주문하다, 지시, 설명 | N3:命令=명령",auto,Auto draft: KANJIDIC2 readings/radical; Korean meaning draft derived from local Korean word gloss or curated KANJIDIC English fallback.
P3,0,以,"[""써서"", ""이유"", ""비교""]","[""by means of"", ""because"", ""in view of"", ""compared with""]",,9,"N1:以前から=이전부터 | N2:以後=이후 | N3:以前=이전, 예전 | N3:以来=이래, 이후 | N3:以降=이후",auto,Auto draft: KANJIDIC2 readings/radical; Korean meaning draft derived from local Korean word gloss or curated KANJIDIC English fallback.
P3,0,仮,"[""임시"", ""가짜""]","[""sham"", ""temporary"", ""interim"", ""assumed (name)"", ""informal""]",,6,"N2:振り仮名=후리가나(읽기 표기) | N2:仮名=가나 | N2:送り仮名=오쿠리가나 | N2:仮名遣い=가나 표기법 | N3:仮定=가정, 전제",auto,Auto draft: KANJIDIC2 readings/radical; Korean meaning draft derived from local Korean word gloss or curated KANJIDIC English fallback.
P3,0,仰,"[""우러러보다"", ""청하다""]","[""face-up"", ""look up"", ""depend"", ""seek"", ""respect"", ""revere"", ""drink"", ""take""]",,3,"N1:仰天=경악,몹시놀람 | N1:仰天する=경악하다, 몹시 놀라다 | N3:信仰=신앙(종교적인), 믿음",auto,Auto draft: KANJIDIC2 readings/radical; Korean meaning draft derived from local Korean word gloss or curated KANJIDIC English fallback.
P3,0,仲,"[""사이"", ""관계""]","[""go-between"", ""relationship""]",,5,"N1:仲人=중매인 | N1:仲裁=중재 | N2:仲良し=친한 친구, 사이좋음 | N2:仲直り=화해 | N3:仲間=동료",auto,Auto draft: KANJIDIC2 readings/radical; Korean meaning draft derived from local Korean word gloss or curated KANJIDIC English fallback.
P3,0,件,"[""건"", ""사항""]","[""affair"", ""case"", ""matter"", ""item""]",,3,"N3:条件=조건 | N3:件=건, 사항 | N3:事件=사건",auto,Auto draft: KANJIDIC2 readings/radical; Korean meaning draft derived from local Korean word gloss or curated KANJIDIC English fallback.
P3,0,企,"[""꾀하다"", ""계획하다""]","[""undertake"", ""scheme"", ""design"", ""attempt"", ""plan""]",,2,"N1:企画=계획, 프로젝트 | N2:企業=기업",auto,Auto draft: KANJIDIC2 readings/radical; Korean meaning draft derived from local Korean word gloss or curated KANJIDIC English fallback.
P3,0,伏,"[""엎드리다"", ""복종하다""]","[""prostrated"", ""bend down"", ""bow"", ""cover"", ""lay (pipes)""]",,3,N1:潜伏=잠복 | N1:起伏=기복 | N3:降伏=항복,auto,Auto draft: KANJIDIC2 readings/radical; Korean meaning draft derived from local Korean word gloss or curated KANJIDIC English fallback.
P3,0,伯,"[""백작"", ""숙부""]","[""chief"", ""count"", ""earl"", ""uncle"", ""Brazil""]",,3,"N2:伯父さん=부모보다 나이가 많은 삼촌; 아저씨 | N2:伯父=큰아버지, 백부 | N2:伯母=부모보다 나이가 많은 아주머니",auto,Auto draft: KANJIDIC2 readings/radical; Korean meaning draft derived from local Korean word gloss or curated KANJIDIC English fallback.
P3,0,位,"[""지위"", ""등급"", ""정도""]","[""rank"", ""grade"", ""throne"", ""crown"", ""about"", ""some""]",,6,"N1:優位=우위 | N1:上位=상위 | N3:位置=위치 | N3:地位=지위 | N3:単位=단위, 학점",auto,Auto draft: KANJIDIC2 readings/radical; Korean meaning draft derived from local Korean word gloss or curated KANJIDIC English fallback.
P3,0,低,"[""낮다""]","[""lower"", ""short"", ""humble""]",,3,"N1:高低=고저,높낮이 | N2:低下=저하, 하락 | N3:最低=최저; 최악",auto,Auto draft: KANJIDIC2 readings/radical; Korean meaning draft derived from local Korean word gloss or curated KANJIDIC English fallback.
P3,0,作,"[""작품""]","[""make"", ""production"", ""prepare"", ""build""]",,27,"N1:作用=작용 | N1:発作=발작 | N1:作り=만듦, 제작 방식; 구조 | N1:作戦=작전 | N1:耕作=경작, 농사",auto,Auto draft: KANJIDIC2 readings/radical; Korean meaning draft derived from local Korean word gloss or curated KANJIDIC English fallback.
P3,0,例,"[""예"", ""보기""]","[""example"", ""custom"", ""usage"", ""precedent""]",,9,"N1:異例の=이례인 | N1:比例=비례 | N1:慣例=관례 | N1:前例=전례 | N2:例える=비유하다, 빗대다",auto,Auto draft: KANJIDIC2 readings/radical; Korean meaning draft derived from local Korean word gloss or curated KANJIDIC English fallback.
P3,0,侍,"[""사무라이""]","[""waiter"", ""samurai"", ""wait upon"", ""serve""]",,1,N1:侍=사무라이,auto,Auto draft: KANJIDIC2 readings/radical; Korean meaning draft derived from local Korean word gloss or curated KANJIDIC English fallback.
P3,0,依,"[""의지하다"", ""따르다""]","[""reliant"", ""depend on"", ""consequently"", ""therefore"", ""due to""]",,2,N1:依頼=의뢰 | N1:依存=의존,auto,Auto draft: KANJIDIC2 readings/radical; Korean meaning draft derived from local Korean word gloss or curated KANJIDIC English fallback.
P3,0,価,"[""값"", ""가치""]","[""value"", ""price""]",,5,"N2:定価=정가 | N2:評価=평가 | N3:物価=물가 | N3:価値=가치 | N3:価格=가격, 가치",auto,Auto draft: KANJIDIC2 readings/radical; Korean meaning draft derived from local Korean word gloss or curated KANJIDIC English fallback.
P3,0,係,"[""담당자"", ""담당""]","[""person in charge"", ""connection"", ""duty"", ""concern oneself""]",,2,"N3:係=담당자, 담당 | N4:関係=관계",auto,Auto draft: KANJIDIC2 readings/radical; Korean meaning draft derived from local Korean word gloss or curated KANJIDIC English fallback.
P3,0,俄,"[""갑작스러운"", ""뜻밖의""]","[""sudden"", ""abrupt"", ""improvised""]",,2,"N1:俄には=갑자기는 | N2:俄=갑작스러운, 뜻밖의",auto,Auto draft: KANJIDIC2 readings/radical; Korean meaning draft derived from local Korean word gloss or curated KANJIDIC English fallback.
P3,0,俗,"[""풍속"", ""속됨""]","[""vulgar"", ""customs"", ""manners"", ""worldliness"", ""mundane things""]",,2,N1:民俗=민속 | N1:風俗=풍속,auto,Auto draft: KANJIDIC2 readings/radical; Korean meaning draft derived from local Korean word gloss or curated KANJIDIC English fallback.
P3,0,修,"[""닦다"", ""수련하다""]","[""discipline"", ""conduct oneself well"", ""study"", ""master""]",,9,"N1:修飾=수식 | N1:修士=석사 | N1:修復=수복,복원 | N1:修行=수행, 수련 | N1:改修=개수, 수리, 보수",auto,Auto draft: KANJIDIC2 readings/radical; Korean meaning draft derived from local Korean word gloss or curated KANJIDIC English fallback.
P3,0,俺,"[""나""]","[""I"", ""myself""]",,1,N1:俺=나,auto,Auto draft: KANJIDIC2 readings/radical; Korean meaning draft derived from local Korean word gloss or curated KANJIDIC English fallback.
P3,0,個,"[""개별"", ""개""]","[""individual"", ""counter for articles""]",,5,N1:個別=개별 | N1:個性=개성 | N2:個体=개체 | N3:個人=개인 | N5:何個=몇 개,auto,Auto draft: KANJIDIC2 readings/radical; Korean meaning draft derived from local Korean word gloss or curated KANJIDIC English fallback.
P3,0,倍,"[""두 배""]","[""double"", ""twice"", ""times"", ""fold""]",,3,"N1:倍率=배율; 경쟁률 | N1:人一倍=남달리,남보다갑절 | N4:倍=두 배",auto,Auto draft: KANJIDIC2 readings/radical; Korean meaning draft derived from local Korean word gloss or curated KANJIDIC English fallback.
P3,0,候,"[""기후"", ""계절"", ""기다리다""]","[""climate"", ""season"", ""weather"", ""wait for"", ""expect""]",,2,"N3:天候=날씨, 기후 | N3:候補=후보",auto,Auto draft: KANJIDIC2 readings/radical; Korean meaning draft derived from local Korean word gloss or curated KANJIDIC English fallback.
P3,0,値,"[""값"", ""가치""]","[""price"", ""cost"", ""value""]",,6,"N1:値打ち=가치, 값어치 | N1:値する=가치가있다 | N1:値=값, 가치 | N1:値引き=할인, 에누리 | N3:価値=가치",auto,Auto draft: KANJIDIC2 readings/radical; Korean meaning draft derived from local Korean word gloss or curated KANJIDIC English fallback.
P3,0,停,"[""멈추다"", ""정지""]","[""halt"", ""stopping""]",,6,"N1:調停=중재 | N1:停滞=정체,진행이더딤 | N2:停止=정지, 중단 | N2:停車=정차 | N3:停電=정전",auto,Auto draft: KANJIDIC2 readings/radical; Korean meaning draft derived from local Korean word gloss or curated KANJIDIC English fallback.
P3,0,健,"[""건강함"", ""튼튼함""]","[""healthy"", ""health"", ""strength"", ""persistence""]",,5,"N1:健全=건전함 | N1:健やかな=건강한 | N1:健在=건재, 건강함 | N2:保健=보건 | N3:健康=건강",auto,Auto draft: KANJIDIC2 readings/radical; Korean meaning draft derived from local Korean word gloss or curated KANJIDIC English fallback.
P3,0,傘,"[""우산""]","[""umbrella""]",,1,N5:傘=우산,auto,Auto draft: KANJIDIC2 readings/radical; Korean meaning draft derived from local Korean word gloss or curated KANJIDIC English fallback.
P3,0,債,"[""빚"", ""채권""]","[""bond"", ""loan"", ""debt""]",,2,"N1:債務=채무 | N1:負債=빚, 부채",auto,Auto draft: KANJIDIC2 readings/radical; Korean meaning draft derived from local Korean word gloss or curated KANJIDIC English fallback.
P3,0,傾,"[""기울다"", ""기울이다""]","[""lean"", ""incline"", ""tilt"", ""trend"", ""wane"", ""sink"", ""ruin"", ""bias""]",,3,"N1:傾斜=경사,기울기 | N2:傾向=경향 | N2:傾く=(위치,마음,사상이)기울다",auto,Manual format normalization 2026-08-18: 쉼표로 분리된 문맥형 뜻을 기본 의미로 정리.
P3,0,像,"[""상"", ""이미지""]","[""statue"", ""picture"", ""image"", ""figure"", ""portrait""]",,4,"N1:現像=현상(필름) | N1:映像=영상, 이미지 | N1:仏像=불상 | N3:想像=상상",auto,Auto draft: KANJIDIC2 readings/radical; Korean meaning draft derived from local Korean word gloss or curated KANJIDIC English fallback.
P3,0,僕,"[""나"", ""저""]","[""me"", ""I (male)"", ""servant"", ""manservant""]",,1,"N4:僕=나, 저",auto,Auto draft: KANJIDIC2 readings/radical; Korean meaning draft derived from local Korean word gloss or curated KANJIDIC English fallback.
P3,0,儀,"[""의식"", ""예법""]","[""ceremony"", ""rule"", ""affair"", ""case"", ""a matter""]",,2,N1:儀式=의식 | N3:礼儀=예의,auto,Auto draft: KANJIDIC2 readings/radical; Korean meaning draft derived from local Korean word gloss or curated KANJIDIC English fallback.
P3,0,兄,"[""오빠"", ""형""]","[""elder brother"", ""big brother""]",,3,"N5:兄弟=형제 | N5:兄=오빠, 형 | N5:お兄さん=형/오빠",auto,Auto draft: KANJIDIC2 readings/radical; Korean meaning draft derived from local Korean word gloss or curated KANJIDIC English fallback.
P3,0,充,"[""채우다"", ""충당하다""]","[""allot"", ""fill""]",,3,"N1:補充=보충 | N1:充実=충실, 알참 | N2:拡充=확충",auto,Auto draft: KANJIDIC2 readings/radical; Korean meaning draft derived from local Korean word gloss or curated KANJIDIC English fallback.
P3,0,先,"[""앞"", ""먼저""]","[""before"", ""ahead"", ""previous"", ""future"", ""precedence""]",,22,"N1:先方=상대,상대방 | N1:先着=선착 | N1:一先ず=일단, 우선 | N1:優先=우선, 우선권 | N1:先代=선대, 전대",auto,Auto draft: KANJIDIC2 readings/radical; Korean meaning draft derived from local Korean word gloss or curated KANJIDIC English fallback.
P3,0,光,"[""빛""]","[""ray"", ""light""]",,9,"N1:光熱費=광열비 | N1:稲光=번갯불 | N1:光沢=광택 | N2:光線=광선, 빛줄기 | N2:蛍光灯=형광등",auto,Auto draft: KANJIDIC2 readings/radical; Korean meaning draft derived from local Korean word gloss or curated KANJIDIC English fallback.
P3,0,克,"[""이기다"", ""극복하다""]","[""overcome"", ""kindly"", ""skillfully""]",,3,"N1:克明に=극명하게 | N1:克明な=극명한,매우세밀한 | N2:克服する=극복하다",auto,Auto draft: KANJIDIC2 readings/radical; Korean meaning draft derived from local Korean word gloss or curated KANJIDIC English fallback.
P3,0,兎,"[""토끼""]","[""rabbit"", ""hare""]",,1,N3:兎=토끼,auto,Auto draft: KANJIDIC2 readings/radical; Korean meaning draft derived from local Korean word gloss or curated KANJIDIC English fallback.
P3,0,児,"[""아이"", ""어린이""]","[""newborn babe"", ""child"", ""young of animals""]",,5,"N1:孤児=고아 | N1:小児科=소아과 | N2:幼児=유아, 어린아이 | N2:育児=육아 | N3:児童=아동",auto,Auto draft: KANJIDIC2 readings/radical; Korean meaning draft derived from local Korean word gloss or curated KANJIDIC English fallback.
P3,0,党,"[""당"", ""파벌""]","[""party"", ""faction"", ""clique""]",,2,"N1:与党=여당, 집권당 | N2:政党=정당, 정치 단체",auto,Auto draft: KANJIDIC2 readings/radical; Korean meaning draft derived from local Korean word gloss or curated KANJIDIC English fallback.
P3,0,全,"[""전부"", ""전체""]","[""whole"", ""entire"", ""all"", ""complete"", ""fulfill""]",,18,"N1:健全=건전함 | N1:全うする=다하다, 완수하다 | N1:全滅=전멸 | N2:全く=전혀 | N2:全般=전체, 일반적인",auto,Auto draft: KANJIDIC2 readings/radical; Korean meaning draft derived from local Korean word gloss or curated KANJIDIC English fallback.
P3,0,八,"[""여덟""]","[""eight"", ""eight radical (no. 12)""]",,2,"N5:八日=8일, 여드레 | N5:八十円=80엔",auto,Auto draft: KANJIDIC2 readings/radical; Korean meaning draft derived from local Korean word gloss or curated KANJIDIC English fallback.
P3,0,共,"[""함께"", ""공동""]","[""together"", ""both"", ""neither"", ""all"", ""and"", ""alike"", ""with""]",,9,N1:共和=공화 | N1:共働き=맞벌이 | N1:共存=공존 | N1:共感=공감 | N1:共稼ぎ=맞벌이,auto,Auto draft: KANJIDIC2 readings/radical; Korean meaning draft derived from local Korean word gloss or curated KANJIDIC English fallback.
P3,0,兵,"[""병사"", ""군대""]","[""soldier"", ""private"", ""troops"", ""army"", ""warfare"", ""strategy"", ""tactics""]",,3,"N1:兵器=병기, 무기 | N1:兵士=병사 | N2:兵隊=병사, 군인",auto,Auto draft: KANJIDIC2 readings/radical; Korean meaning draft derived from local Korean word gloss or curated KANJIDIC English fallback.
P3,0,典,"[""법전"", ""의식""]","[""code"", ""ceremony"", ""law"", ""rule""]",,4,"N1:原典=원전, 원본 | N2:古典=고전 | N2:百科事典=백과사전 | N4:辞典=사전",auto,Auto draft: KANJIDIC2 readings/radical; Korean meaning draft derived from local Korean word gloss or curated KANJIDIC English fallback.
P3,0,円,"[""원"", ""동그라미"", ""엔""]","[""circle"", ""yen"", ""round""]",,8,"N1:円滑だ=원활하다 | N1:円満=원만함 | N1:円滑=원활 | N2:楕円=타원 | N2:円周=원주, 둘레",auto,Auto draft: KANJIDIC2 readings/radical; Korean meaning draft derived from local Korean word gloss or curated KANJIDIC English fallback.
P3,0,冒,"[""무릅쓰다"", ""범하다""]","[""risk"", ""face"", ""defy"", ""dare"", ""damage"", ""assume (a name)""]",,2,"N1:冒頭=서두, 첫머리 | N3:冒険=모험",auto,Auto draft: KANJIDIC2 readings/radical; Korean meaning draft derived from local Korean word gloss or curated KANJIDIC English fallback.
P3,0,冠,"[""관"", ""왕관""]","[""crown"", ""best"", ""peerless""]",,1,"N2:冠=관, 왕관",auto,Auto draft: KANJIDIC2 readings/radical; Korean meaning draft derived from local Korean word gloss or curated KANJIDIC English fallback.
P3,0,処,"[""처리하다"", ""장소""]","[""dispose"", ""manage"", ""deal with"", ""sentence"", ""condemn"", ""act"", ""behave"", ""place""]",,5,"N1:処罰=처벌 | N1:処置=처치,조치 | N1:処分=처분, 거래, 다루다, 처벌 | N1:対処=대처 | N3:処理=처리",auto,Auto draft: KANJIDIC2 readings/radical; Korean meaning draft derived from local Korean word gloss or curated KANJIDIC English fallback.
P3,0,刀,"[""검""]","[""sword"", ""saber"", ""knife""]",,2,N2:剃刀=면도칼 | N3:刀=검,auto,Auto draft: KANJIDIC2 readings/radical; Korean meaning draft derived from local Korean word gloss or curated KANJIDIC English fallback.
P3,0,刃,"[""칼날"", ""날""]","[""blade"", ""sword"", ""edge""]",,1,"N1:刃=칼날, 날",auto,Auto draft: KANJIDIC2 readings/radical; Korean meaning draft derived from local Korean word gloss or curated KANJIDIC English fallback.
P3,0,刊,"[""간행하다"", ""새기다""]","[""publish"", ""carve"", ""engrave""]",,3,N1:創刊=창간 | N2:夕刊=석간신문 | N3:週刊誌=주간지,auto,Auto draft: KANJIDIC2 readings/radical; Korean meaning draft derived from local Korean word gloss or curated KANJIDIC English fallback.
P3,0,刑,"[""형벌""]","[""punish"", ""penalty"", ""sentence"", ""punishment""]",,4,"N1:死刑=사형 | N1:刑罰=형벌 | N3:刑事=형사 사건, 형사 | N3:刑=형벌",auto,Auto draft: KANJIDIC2 readings/radical; Korean meaning draft derived from local Korean word gloss or curated KANJIDIC English fallback.
P3,0,列,"[""열"", ""줄""]","[""file"", ""row"", ""rank"", ""tier"", ""column""]",,6,"N1:配列=배열 | N1:陳列=진열 | N2:行列=행렬, 줄 | N2:列島=열도 | N3:列=열,줄",auto,Auto draft: KANJIDIC2 readings/radical; Korean meaning draft derived from local Korean word gloss or curated KANJIDIC English fallback.
P3,0,別,"[""구별"", ""다른""]","[""separate"", ""branch off"", ""diverge"", ""fork"", ""another"", ""extra"", ""specially""]",,14,"N1:判別=판별 | N1:個別=개별 | N2:別荘=별장 | N2:送別=송별 | N2:格別=각별함, 특별함",auto,Auto draft: KANJIDIC2 readings/radical; Korean meaning draft derived from local Korean word gloss or curated KANJIDIC English fallback.
P3,0,到,"[""이르다"", ""도달""]","[""arrival"", ""proceed"", ""reach"", ""attain"", ""result in""]",,5,N1:到達=도착 | N1:到底=도저히 | N1:殺到=쇄도(세차게몰려듦) | N1:殺到する=쇄도하다 | N3:到着=도착,auto,Auto draft: KANJIDIC2 readings/radical; Korean meaning draft derived from local Korean word gloss or curated KANJIDIC English fallback.
P3,0,制,"[""제압하다"", ""제어하다""]","[""system"", ""law"", ""rule""]",,13,N1:規制=규제 | N1:抑制=억제 | N1:制裁=제재 | N1:強制=강제 | N1:制定=제정,auto,Auto draft: KANJIDIC2 readings/radical; Korean meaning draft derived from local Korean word gloss or curated KANJIDIC English fallback.
P3,0,券,"[""표"", ""증명서""]","[""ticket""]",,3,"N2:定期券=정기권 | N2:回数券=회수권 | N3:券=표, 증명서",auto,Auto draft: KANJIDIC2 readings/radical; Korean meaning draft derived from local Korean word gloss or curated KANJIDIC English fallback.
P3,0,則,"[""규칙"", ""법칙""]","[""rule"", ""law"", ""follow"", ""based on"", ""model after""]",,4,"N1:原則=원칙, 일반 규칙 | N2:不規則=불규칙 | N2:法則=법, 규칙 | N3:規則=규칙",auto,Auto draft: KANJIDIC2 readings/radical; Korean meaning draft derived from local Korean word gloss or curated KANJIDIC English fallback.
P3,0,前,"[""앞""]","[""in front"", ""before""]",,20,"N1:腕前=솜씨, 실력 | N1:前例=전례 | N1:事前に=사전에 | N1:建前=명분, 원칙 | N1:事前=미리, 사전에",auto,Auto draft: KANJIDIC2 readings/radical; Korean meaning draft derived from local Korean word gloss or curated KANJIDIC English fallback.
P3,0,創,"[""창조하다"", ""상처""]","[""genesis"", ""wound"", ""injury"", ""hurt"", ""start"", ""originate""]",,5,N1:創立=창립 | N1:創刊=창간 | N1:独創=독창 | N2:創作=창작 | N3:創造=창조,auto,Auto draft: KANJIDIC2 readings/radical; Korean meaning draft derived from local Korean word gloss or curated KANJIDIC English fallback.
P3,0,劇,"[""연극"", ""극""]","[""drama"", ""play""]",,5,"N1:喜劇=희극, 코미디 | N1:劇団=극단 | N2:演劇=연극 | N3:劇=연극, 극 | N3:劇場=극장",auto,Auto draft: KANJIDIC2 readings/radical; Korean meaning draft derived from local Korean word gloss or curated KANJIDIC English fallback.
P3,0,勉,"[""힘쓰다"", ""노력""]","[""exertion"", ""endeavour"", ""encourage"", ""strive"", ""make effort"", ""diligent""]",,2,N3:勉強する=공부하다 | N4:勉強=공부,auto,Auto draft: KANJIDIC2 readings/radical; Korean meaning draft derived from local Korean word gloss or curated KANJIDIC English fallback.
P3,0,勘,"[""감"", ""직감""]","[""intuition"", ""perception"", ""check"", ""compare"", ""sixth sense""]",,4,"N1:勘違いする=착각하다 | N1:勘弁=용서, 봐줌 | N1:勘違い=착각 | N3:勘=감, 직감",auto,Auto draft: KANJIDIC2 readings/radical; Korean meaning draft derived from local Korean word gloss or curated KANJIDIC English fallback.
P3,0,化,"[""둔갑하다"", ""변하다""]","[""change"", ""take the form of"", ""influence"", ""enchant"", ""delude"", ""-ization""]",,11,"N1:進化=진행, 진보 | N1:悪化=악화 | N1:化石=화석 | N1:文化財=문화재 | N1:化合=화합",auto,Auto draft: KANJIDIC2 readings/radical; Korean meaning draft derived from local Korean word gloss or curated KANJIDIC English fallback.
P3,0,匙,"[""숟가락""]","[""spoon""]",,1,N2:匙=숟가락,auto,Auto draft: KANJIDIC2 readings/radical; Korean meaning draft derived from local Korean word gloss or curated KANJIDIC English fallback.
P3,0,区,"[""구역"", ""구""]","[""ward"", ""district""]",,8,"N1:区切り=단락, 매듭 | N1:区画=구획 | N1:区間=구간 | N2:区域=구역, 지역 | N3:区切る=구분하다,구획짓다",auto,Auto draft: KANJIDIC2 readings/radical; Korean meaning draft derived from local Korean word gloss or curated KANJIDIC English fallback.
P3,0,十,"[""열"", ""십""]","[""ten""]",,6,"N2:五十音=일본의, 일본어 음절 문자표 | N4:十分=충분 | N5:十日=10일 | N5:二十歳=20세, 스무 살 | N5:十=열, 십",auto,Auto draft: KANJIDIC2 readings/radical; Korean meaning draft derived from local Korean word gloss or curated KANJIDIC English fallback.
P3,0,午,"[""낮"", ""오시""]","[""noon"", ""sign of the horse"", ""11AM-1PM"", ""seventh sign of Chinese zodiac""]",,3,N5:午前=오전 | N5:午前中=오전 내내 | N5:午後=오후,auto,Auto draft: KANJIDIC2 readings/radical; Korean meaning draft derived from local Korean word gloss or curated KANJIDIC English fallback.
P3,0,印,"[""표시"", ""상징"", ""증거""]","[""stamp"", ""seal"", ""mark"", ""imprint"", ""symbol"", ""emblem"", ""trademark"", ""evidence"", ""souvenir"", ""India""]",,6,"N1:印鑑=인감 | N2:矢印=화살표 | N2:目印=표시, 표식 | N3:印刷=인쇄 | N3:印象=인상",auto,Auto draft: KANJIDIC2 readings/radical; Korean meaning draft derived from local Korean word gloss or curated KANJIDIC English fallback.
P3,0,即,"[""입각하다"", ""부합하다""]","[""instant"", ""namely"", ""as is"", ""conform"", ""agree"", ""adapt""]",,2,"N1:即刻=즉각,즉시 | N1:即座に=즉석에서, 즉시",auto,Auto draft: KANJIDIC2 readings/radical; Korean meaning draft derived from local Korean word gloss or curated KANJIDIC English fallback.
P3,0,原,"[""들판"", ""근원"", ""원래""]","[""meadow"", ""original"", ""primitive"", ""field"", ""plain"", ""prairie"", ""tundra"", ""wilderness""]",,18,"N1:原文=원문 | N1:原典=원전, 원본 | N1:原子=원자 | N1:原則=원칙, 일반 규칙 | N1:原点=원점, 출발점",auto,Auto draft: KANJIDIC2 readings/radical; Korean meaning draft derived from local Korean word gloss or curated KANJIDIC English fallback.
P3,0,去,"[""떠나다"", ""사라지다""]","[""gone"", ""past"", ""quit"", ""leave"", ""elapse"", ""eliminate"", ""divorce""]",,4,"N1:消去=소거, 지움 | N1:撤去=철거 | N3:過去=과거 | N4:去年=작년",auto,Auto draft: KANJIDIC2 readings/radical; Korean meaning draft derived from local Korean word gloss or curated KANJIDIC English fallback.
P3,0,反,"[""휘다"", ""뒤틀리다""]","[""anti-""]",,6,N1:猛反対=맹렬한반대 | N2:反省=반성 | N2:反映=반영 | N2:反応=반응 | N3:反対=반대,auto,Auto draft: KANJIDIC2 readings/radical; Korean meaning draft derived from local Korean word gloss or curated KANJIDIC English fallback.
P3,0,叔,"[""숙부"", ""어리다""]","[""uncle"", ""youth""]",,3,"N2:叔父=작은아버지, 숙부 | N2:叔母=부모보다 나이가 어린 아주머니 | N5:叔父さん=부모보다 나이가 어린 삼촌; 아저씨",auto,Auto draft: KANJIDIC2 readings/radical; Korean meaning draft derived from local Korean word gloss or curated KANJIDIC English fallback.
P3,0,口,"[""입""]","[""mouth""]",,21,"N1:閉口する=난처하다, 기막히다 | N1:口出し=간섭, 참견 | N1:糸口=단서,실마리 | N1:口頭=구두, 말로 함 | N1:口ずさむ=흥얼거리다",auto,Auto draft: KANJIDIC2 readings/radical; Korean meaning draft derived from local Korean word gloss or curated KANJIDIC English fallback.
P3,0,句,"[""구"", ""표현""]","[""phrase"", ""clause"", ""sentence"", ""passage"", ""paragraph"", ""counter for haiku""]",,3,"N2:句読点=구두점 | N2:俳句=하이쿠 | N3:文句=불평,불만",auto,Auto draft: KANJIDIC2 readings/radical; Korean meaning draft derived from local Korean word gloss or curated KANJIDIC English fallback.
P3,0,只,"[""공짜"", ""무료""]","[""only"", ""free"", ""in addition""]",,1,"N1:只=공짜, 무료",auto,Auto draft: KANJIDIC2 readings/radical; Korean meaning draft derived from local Korean word gloss or curated KANJIDIC English fallback.
P3,0,可,"[""가함"", ""가능""]","[""can"", ""passable"", ""approval""]",,7,"N1:可決=가결 | N2:可愛がる=귀여워하다 | N2:不可欠=불가결 | N3:可=가함, 가능 | N3:許可=허가, 승인",auto,Auto draft: KANJIDIC2 readings/radical; Korean meaning draft derived from local Korean word gloss or curated KANJIDIC English fallback.
P3,0,台,"[""대"", ""받침""]","[""pedestal"", ""a stand"", ""counter for machines and vehicles""]",,9,"N1:台本=대본, 각본 | N1:土台=토대 | N1:台無し=엉망이 됨, 망쳐짐 | N2:灯台=등대 | N2:台詞=대사",auto,Auto draft: KANJIDIC2 readings/radical; Korean meaning draft derived from local Korean word gloss or curated KANJIDIC English fallback.
P3,0,右,"[""오른쪽""]","[""right""]",,3,N3:左右=좌우 | N3:右折=우회전 | N5:右=오른쪽,auto,Auto draft: KANJIDIC2 readings/radical; Korean meaning draft derived from local Korean word gloss or curated KANJIDIC English fallback.
P3,0,号,"[""번호"", ""호칭""]","[""nickname"", ""number"", ""item"", ""title"", ""pseudonym"", ""name"", ""call""]",,4,"N1:年号=연호 | N2:符号=부호, 기호 | N2:記号=기호, 부호 | N3:信号=신호, 신호등",auto,Auto draft: KANJIDIC2 readings/radical; Korean meaning draft derived from local Korean word gloss or curated KANJIDIC English fallback.
P3,0,司,"[""맡아 다스리다"", ""관장하다""]","[""director"", ""official"", ""govt office"", ""rule"", ""administer""]",,2,N1:司法=사법 | N2:司会=사회(진행),auto,Auto draft: KANJIDIC2 readings/radical; Korean meaning draft derived from local Korean word gloss or curated KANJIDIC English fallback.
P3,0,名,"[""이름"", ""명성""]","[""name"", ""noted"", ""distinguished"", ""reputation""]",,27,"N1:名札=명찰, 이름표 | N1:名残=자취, 여운; 아쉬움 | N1:名簿=명부 | N1:名付ける=이름 짓다, 명명하다 | N1:名誉=명예",auto,Auto draft: KANJIDIC2 readings/radical; Korean meaning draft derived from local Korean word gloss or curated KANJIDIC English fallback.
P3,0,吐,"[""토하다"", ""말하다""]","[""spit"", ""vomit"", ""belch"", ""confess"", ""tell (lies)""]",,2,"N2:吐き気=구역질, 메스꺼움 | N2:吐き出す=토해내다,내뱉다",auto,Auto draft: KANJIDIC2 readings/radical; Korean meaning draft derived from local Korean word gloss or curated KANJIDIC English fallback.
P3,0,君,"[""너"", ""자네""]","[""mister"", ""you"", ""ruler"", ""male name suffix""]",,3,"N1:諸君=여러분, 제군 | N1:君主=군주 | N4:君=너, 자네",auto,Auto draft: KANJIDIC2 readings/radical; Korean meaning draft derived from local Korean word gloss or curated KANJIDIC English fallback.
P3,0,呂,"[""등뼈""]","[""spine"", ""backbone""]",,2,N2:風呂敷=보자기 | N5:お風呂=목욕,auto,Auto draft: KANJIDIC2 readings/radical; Korean meaning draft derived from local Korean word gloss or curated KANJIDIC English fallback.
P3,0,呈,"[""드러내다"", ""제출하다""]","[""display"", ""offer"", ""present"", ""send"", ""exhibit""]",,2,"N1:進呈=증정 | N1:進呈する=진정하다, 물건을 자진해서 드리다",auto,Auto draft: KANJIDIC2 readings/radical; Korean meaning draft derived from local Korean word gloss or curated KANJIDIC English fallback.
P3,0,味,"[""맛""]","[""flavor"", ""taste""]",,19,"N1:吟味=(1) 음미 (2) 자세히 조사함 | N1:味覚=미각 | N1:味わい=맛, 정취 | N1:加味する=가미하다 | N1:無意味=무의미함",auto,Auto draft: KANJIDIC2 readings/radical; Korean meaning draft derived from local Korean word gloss or curated KANJIDIC English fallback.
P3,0,命,"[""생명"", ""삶""]","[""fate"", ""command"", ""decree"", ""destiny"", ""life"", ""appoint""]",,14,"N1:寿命=수명 | N1:命中=명중 | N1:任命=임명 | N1:使命=사명, 임무 | N1:革命=혁명",auto,Auto draft: KANJIDIC2 readings/radical; Korean meaning draft derived from local Korean word gloss or curated KANJIDIC English fallback.
P3,0,咳,"[""기침""]","[""cough"", ""clear throat""]",,1,N3:咳=기침,auto,Auto draft: KANJIDIC2 readings/radical; Korean meaning draft derived from local Korean word gloss or curated KANJIDIC English fallback.
P3,0,品,"[""물건"", ""물품"", ""품목""]","[""goods"", ""refinement"", ""dignity"", ""article"", ""counter for meal courses""]",,20,"N1:品質=품질 | N1:品種=품종 | N1:骨董品=골동품 | N1:出品=출품 | N1:用品=용품, 물품",auto,Auto draft: KANJIDIC2 readings/radical; Korean meaning draft derived from local Korean word gloss or curated KANJIDIC English fallback.
P3,0,員,"[""구성원"", ""직원"", ""인원""]","[""employee"", ""member"", ""number"", ""the one in charge""]",,12,"N1:職員=직원 | N1:動員=동원 | N1:従業員=종업원 | N2:工員=공장 노동자 | N2:定員=정원, 수용 인원",auto,Auto draft: KANJIDIC2 readings/radical; Korean meaning draft derived from local Korean word gloss or curated KANJIDIC English fallback.
P3,0,唇,"[""입술""]","[""lips""]",,1,N2:唇=입술,auto,Auto draft: KANJIDIC2 readings/radical; Korean meaning draft derived from local Korean word gloss or curated KANJIDIC English fallback.
P3,0,唾,"[""침""]","[""saliva"", ""sputum""]",,1,N1:唾=침,auto,Auto draft: KANJIDIC2 readings/radical; Korean meaning draft derived from local Korean word gloss or curated KANJIDIC English fallback.
P3,0,問,"[""묻다"", ""문제""]","[""question"", ""ask"", ""problem""]",,9,"N1:問屋=도매상 | N1:問い詰める=캐묻다, 추궁하다, 따지다 | N2:問答=문답, 대화 | N2:問い合わせ=문의 | N2:問い合わせる=문의하다",auto,Auto draft: KANJIDIC2 readings/radical; Korean meaning draft derived from local Korean word gloss or curated KANJIDIC English fallback.
P3,0,善,"[""선"", ""착함""]","[""virtuous"", ""good"", ""goodness""]",,4,"N1:最善=최선 | N1:親善=친선 | N3:善=선, 착함 | N3:改善=개선",auto,Auto draft: KANJIDIC2 readings/radical; Korean meaning draft derived from local Korean word gloss or curated KANJIDIC English fallback.
P3,0,喫,"[""먹다"", ""마시다"", ""피우다""]","[""consume"", ""eat"", ""drink"", ""smoke"", ""receive (a blow)""]",,3,"N1:満喫する=만끽하다 | N1:満喫=만끽 | N5:喫茶店=찻집, 카페",auto,Auto draft: KANJIDIC2 readings/radical; Korean meaning draft derived from local Korean word gloss or curated KANJIDIC English fallback.
P3,0,嘘,"[""거짓말""]","[""lie"", ""falsehood""]",,2,N1:嘘つき=거짓말쟁이 | N4:嘘=거짓말,auto,Auto draft: KANJIDIC2 readings/radical; Korean meaning draft derived from local Korean word gloss or curated KANJIDIC English fallback.
P3,0,噂,"[""소문""]","[""rumor"", ""gossip"", ""hearsay""]",,1,N3:噂=소문,auto,Auto draft: KANJIDIC2 readings/radical; Korean meaning draft derived from local Korean word gloss or curated KANJIDIC English fallback.
P3,0,噴,"[""뿜다"", ""분출""]","[""erupt"", ""spout"", ""emit"", ""flush out""]",,3,"N1:噴出=분출 | N2:噴火=분화, 화산 폭발 | N2:噴水=분수",auto,Auto draft: KANJIDIC2 readings/radical; Korean meaning draft derived from local Korean word gloss or curated KANJIDIC English fallback.
P3,0,四,"[""넷""]","[""four""]",,5,"N2:四捨五入=반올림 | N2:四つ角=사거리, 네거리 | N2:四角い=네모나다 | N3:四季=사계절 | N5:四月=4월",auto,Auto draft: KANJIDIC2 readings/radical; Korean meaning draft derived from local Korean word gloss or curated KANJIDIC English fallback.
P3,0,因,"[""원인"", ""인하다""]","[""cause"", ""factor"", ""be associated with"", ""depend on"", ""be limited to""]",,2,"N1:要因=주요 요인, 원인 | N4:原因=원인",auto,Auto draft: KANJIDIC2 readings/radical; Korean meaning draft derived from local Korean word gloss or curated KANJIDIC English fallback.
P3,0,団,"[""단체"", ""무리""]","[""group"", ""association""]",,9,"N1:団扇=팬, 선풍기 | N1:団結=단결 | N1:公団=공단, 공공 법인 | N1:劇団=극단 | N2:団地=단지, 주택단지",auto,Auto draft: KANJIDIC2 readings/radical; Korean meaning draft derived from local Korean word gloss or curated KANJIDIC English fallback.
P3,0,図,"[""그림"", ""도표""]","[""map"", ""drawing"", ""plan"", ""extraordinary"", ""audacious""]",,10,N1:意図=의도 | N1:指図=지시 | N2:図々しい=뻔뻔한 | N2:図鑑=도감 | N2:図形=도형,auto,Auto draft: KANJIDIC2 readings/radical; Korean meaning draft derived from local Korean word gloss or curated KANJIDIC English fallback.
P3,0,国,"[""나라""]","[""country""]",,21,"N1:本国=본국 | N1:国定=국정, 국가 지정 | N1:母国=모국 | N1:国有=국유 | N1:天国=천국",auto,Auto draft: KANJIDIC2 readings/radical; Korean meaning draft derived from local Korean word gloss or curated KANJIDIC English fallback.
P3,0,園,"[""공원"", ""정원""]","[""park"", ""garden"", ""yard"", ""farm""]",,5,N2:幼稚園=유치원 | N2:遊園地=유원지 | N2:園芸=원예 | N4:公園=공원 | N4:動物園=동물원,auto,Auto draft: KANJIDIC2 readings/radical; Korean meaning draft derived from local Korean word gloss or curated KANJIDIC English fallback.
P3,0,土,"[""흙""]","[""soil"", ""earth"", ""ground"", ""Turkey""]",,10,"N1:土俵=씨름판, 경기장 | N1:郷土=향토 | N1:土台=토대 | N1:土木=토목 | N1:土手=둑, 제방",auto,Auto draft: KANJIDIC2 readings/radical; Korean meaning draft derived from local Korean word gloss or curated KANJIDIC English fallback.
P3,0,圧,"[""압력"", ""누르다"", ""압도하다""]","[""pressure"", ""push"", ""overwhelm"", ""oppress"", ""dominate""]",,7,"N1:圧迫=압박 | N1:圧力=압력 | N1:抑圧=억압, 억제 | N1:圧倒=압도 | N2:血圧=혈압",auto,Auto draft: KANJIDIC2 readings/radical; Korean meaning draft derived from local Korean word gloss or curated KANJIDIC English fallback.
P3,0,地,"[""땅"", ""지면""]","[""ground"", ""earth""]",,45,"N1:心地=기분, 느낌 | N1:地獄=지옥 | N1:見地=관점 | N1:余地=여지, 여유 | N1:意地=고집",auto,Auto draft: KANJIDIC2 readings/radical; Korean meaning draft derived from local Korean word gloss or curated KANJIDIC English fallback.
P3,0,坂,"[""언덕""]","[""slope"", ""incline"", ""hill""]",,2,N3:坂道=비탈길 | N4:坂=언덕,auto,Auto draft: KANJIDIC2 readings/radical; Korean meaning draft derived from local Korean word gloss or curated KANJIDIC English fallback.
P3,0,均,"[""고르다"", ""평균""]","[""level"", ""average""]",,3,N1:均衡=균형 | N1:均等=균등 | N3:平均=평균,auto,Auto draft: KANJIDIC2 readings/radical; Korean meaning draft derived from local Korean word gloss or curated KANJIDIC English fallback.
P3,0,型,"[""틀"", ""유형"", ""모델""]","[""mould"", ""type"", ""model""]",,5,"N1:小型の=소형인 | N1:原型=원형(原型), 프로토타입 | N2:模型=모형 | N3:型=틀, 유형, 모델 | N3:血液型=혈액형",auto,Auto draft: KANJIDIC2 readings/radical; Korean meaning draft derived from local Korean word gloss or curated KANJIDIC English fallback.
P3,0,垢,"[""때"", ""오물""]","[""dirt"", ""grime"", ""earwax""]",,1,"N1:垢=때, 오물",auto,Auto draft: KANJIDIC2 readings/radical; Korean meaning draft derived from local Korean word gloss or curated KANJIDIC English fallback.
P3,0,城,"[""성""]","[""castle""]",,1,N3:城=성,auto,Auto draft: KANJIDIC2 readings/radical; Korean meaning draft derived from local Korean word gloss or curated KANJIDIC English fallback.
P3,0,域,"[""영역"", ""지역"", ""범위""]","[""range"", ""region"", ""limits"", ""stage"", ""level""]",,3,"N2:流域=유역 | N2:区域=구역, 지역 | N3:地域=지역",auto,Auto draft: KANJIDIC2 readings/radical; Korean meaning draft derived from local Korean word gloss or curated KANJIDIC English fallback.
P3,0,執,"[""잡다"", ""집착하다""]","[""tenacious"", ""take hold"", ""grasp"", ""take to heart""]",,3,N1:執筆=집필 | N1:執着=집착 | N1:執着する=집착하다,auto,Auto draft: KANJIDIC2 readings/radical; Korean meaning draft derived from local Korean word gloss or curated KANJIDIC English fallback.
P3,0,基,"[""기초"", ""근거""]","[""fundamentals"", ""radical (chem)"", ""counter for machines"", ""foundation""]",,9,"N1:基準=기준 | N1:基盤=기반 | N1:基調=(1) 그림(장식 등에서 중심이 되는 색상) (2) 사상(작품, 행동 등의 바닥에 있는 기본 사고) | N1:基金=기금 | N2:基づく=근거하다",auto,Auto draft: KANJIDIC2 readings/radical; Korean meaning draft derived from local Korean word gloss or curated KANJIDIC English fallback.
P3,0,場,"[""장소"", ""장""]","[""location"", ""place""]",,26,"N1:来場=(행사장에) 옴, 참석 | N1:役場=관청, 사무소 | N1:市場=시장 | N1:相場=시세,가격의추세 | N1:式場=식장",auto,Auto draft: KANJIDIC2 readings/radical; Korean meaning draft derived from local Korean word gloss or curated KANJIDIC English fallback.
P3,0,堵,"[""담"", ""울타리""]","[""fence"", ""railing"", ""enclosure""]",,2,"N1:安堵=안도,안심 | N1:安堵する=안도하다",auto,Auto draft: KANJIDIC2 readings/radical; Korean meaning draft derived from local Korean word gloss or curated KANJIDIC English fallback.
P3,0,塩,"[""소금""]","[""salt""]",,4,"N2:食塩=식염, 소금 | N2:塩辛い=짠(맛) | N2:塩辛=짠(맛) | N3:塩=소금",auto,Auto draft: KANJIDIC2 readings/radical; Korean meaning draft derived from local Korean word gloss or curated KANJIDIC English fallback.
P3,0,塵,"[""먼지""]","[""dust"", ""trash"", ""garbage""]",,4,"N1:塵=먼지 | N1:塵取り=쓰레받기 | N1:微塵=티끌, 미세한 조각 | N2:塵紙=휴지, 화장지",auto,Auto draft: KANJIDIC2 readings/radical; Korean meaning draft derived from local Korean word gloss or curated KANJIDIC English fallback.
P3,0,塾,"[""학원"", ""입시 학원""]","[""cram school"", ""private school""]",,1,"N1:塾=학원, 입시 학원",auto,Auto draft: KANJIDIC2 readings/radical; Korean meaning draft derived from local Korean word gloss or curated KANJIDIC English fallback.
P3,0,境,"[""경계"", ""갈림길""]","[""boundary"", ""border"", ""region""]",,5,"N1:境遇=처지, 환경 | N1:苦境=곤경 | N2:境界=경계 | N3:国境=국경 | N3:環境=환경",auto,Auto draft: KANJIDIC2 readings/radical; Korean meaning draft derived from local Korean word gloss or curated KANJIDIC English fallback.
P3,0,壁,"[""벽""]","[""wall"", ""lining (stomach)"", ""fence""]",,1,N4:壁=벽,auto,Auto draft: KANJIDIC2 readings/radical; Korean meaning draft derived from local Korean word gloss or curated KANJIDIC English fallback.
P3,0,士,"[""선비"", ""무사""]","[""gentleman"", ""scholar"", ""samurai"", ""samurai radical (no. 33)""]",,4,"N1:修士=석사 | N1:兵士=병사 | N1:紳士=신사, 남자 | N2:武士=무사, 사무라이",auto,Auto draft: KANJIDIC2 readings/radical; Korean meaning draft derived from local Korean word gloss or curated KANJIDIC English fallback.
P3,0,声,"[""목소리""]","[""voice""]",,2,N3:歓声=환성 | N4:声=목소리,auto,Auto draft: KANJIDIC2 readings/radical; Korean meaning draft derived from local Korean word gloss or curated KANJIDIC English fallback.
P3,0,変,"[""이상한""]","[""unusual"", ""change"", ""strange""]",,13,"N1:変動=변동 | N1:変遷=변천 | N1:変革=변혁 | N1:一変=일변, 완전히 바뀜 | N2:変換=변환",auto,Auto draft: KANJIDIC2 readings/radical; Korean meaning draft derived from local Korean word gloss or curated KANJIDIC English fallback.
P3,0,夏,"[""여름""]","[""summer""]",,1,N4:夏=여름,auto,Auto draft: KANJIDIC2 readings/radical; Korean meaning draft derived from local Korean word gloss or curated KANJIDIC English fallback.
P3,0,外,"[""밖""]","[""outside""]",,23,"N1:外貨=외화 | N1:野外=야외 | N1:外観=외관, 모습 | N1:外来=외래 | N1:外相=외무장관, 외상",auto,Auto draft: KANJIDIC2 readings/radical; Korean meaning draft derived from local Korean word gloss or curated KANJIDIC English fallback.
P3,0,夜,"[""밤""]","[""night"", ""evening""]",,11,"N1:夜更かし=밤늦게까지 깨어 있음 | N1:日夜=밤낮,늘 | N2:夜間=야간, 밤사이 | N2:夜行=야간 운행, 밤 여행 | N2:深夜=심야, 한밤중",auto,Auto draft: KANJIDIC2 readings/radical; Korean meaning draft derived from local Korean word gloss or curated KANJIDIC English fallback.
P3,0,夢,"[""꿈""]","[""dream"", ""vision"", ""illusion""]",,2,"N2:夢=꿈 | N3:夢中=열중, 몰두",auto,Auto draft: KANJIDIC2 readings/radical; Korean meaning draft derived from local Korean word gloss or curated KANJIDIC English fallback.
P3,0,天,"[""하늘"", ""천국""]","[""heavens"", ""sky"", ""imperial""]",,16,"N1:雨天=우천 | N1:天下=천하, 온 세상 | N1:仰天=경악,몹시놀람 | N1:天=하늘, 천국 | N1:天国=천국",auto,Auto draft: KANJIDIC2 readings/radical; Korean meaning draft derived from local Korean word gloss or curated KANJIDIC English fallback.
P3,0,夫,"[""남편""]","[""husband"", ""man""]",,6,"N2:夫妻=부부 | N3:夫婦=부부 | N3:工夫=고안,궁리 | N4:夫=남편 | N5:大丈夫=괜찮음",auto,Auto draft: KANJIDIC2 readings/radical; Korean meaning draft derived from local Korean word gloss or curated KANJIDIC English fallback.
P3,0,奏,"[""연주하다"", ""아뢰다""]","[""play music"", ""speak to a ruler"", ""complete""]",,2,N1:伴奏=반주 | N3:演奏=연주,auto,Auto draft: KANJIDIC2 readings/radical; Korean meaning draft derived from local Korean word gloss or curated KANJIDIC English fallback.
P3,0,契,"[""맹세"", ""계약""]","[""pledge"", ""promise"", ""vow""]",,2,N1:契約=계약 | N3:契機=계기,auto,Auto draft: KANJIDIC2 readings/radical; Korean meaning draft derived from local Korean word gloss or curated KANJIDIC English fallback.
P3,0,奥,"[""안쪽"", ""내부"", ""안쪽 부분""]","[""heart"", ""interior""]",,2,"N3:奥=안쪽, 내부, 안쪽 부분 | N5:奥さん=아내, 부인",auto,Auto draft: KANJIDIC2 readings/radical; Korean meaning draft derived from local Korean word gloss or curated KANJIDIC English fallback.
P3,0,奮,"[""분발하다"", ""떨치다""]","[""stirred up"", ""be invigorated"", ""flourish""]",,3,N1:奮闘=분투 | N1:奮闘する=분투하다 | N1:興奮=흥분,auto,Auto draft: KANJIDIC2 readings/radical; Korean meaning draft derived from local Korean word gloss or curated KANJIDIC English fallback.
P3,0,女,"[""여자""]","[""woman"", ""female""]",,12,"N2:女房=아내 | N2:王女=왕녀, 공주 | N2:長女=장녀 | N2:女の人=여자 | N3:少女=소녀",auto,Auto draft: KANJIDIC2 readings/radical; Korean meaning draft derived from local Korean word gloss or curated KANJIDIC English fallback.
P3,0,奴,"[""놈"", ""녀석""]","[""guy"", ""slave"", ""manservant"", ""fellow""]",,1,"N1:奴=놈, 녀석",auto,Auto draft: KANJIDIC2 readings/radical; Korean meaning draft derived from local Korean word gloss or curated KANJIDIC English fallback.
P3,0,如,"[""같다"", ""만약""]","[""likeness"", ""like"", ""such as"", ""as if"", ""better"", ""best"", ""equal""]",,3,"N1:突如=갑자기, 돌연 | N1:欠如=결여 | N1:如実に=여실히",auto,Auto draft: KANJIDIC2 readings/radical; Korean meaning draft derived from local Korean word gloss or curated KANJIDIC English fallback.
P3,0,妙,"[""묘함"", ""이상함""]","[""exquisite"", ""strange"", ""queer"", ""mystery"", ""miracle"", ""excellent"", ""delicate"", ""charming""]",,3,"N1:巧妙=교묘함 | N2:妙だ=묘하다 | N3:妙=묘함, 이상함",auto,Auto draft: KANJIDIC2 readings/radical; Korean meaning draft derived from local Korean word gloss or curated KANJIDIC English fallback.
P3,0,妥,"[""온당함"", ""타당함""]","[""gentle"", ""peace"", ""satisfactory"", ""appropriate""]",,2,"N1:妥協=타협 | N2:妥当=타당함, 적절함",auto,Auto draft: KANJIDIC2 readings/radical; Korean meaning draft derived from local Korean word gloss or curated KANJIDIC English fallback.
P3,0,妹,"[""여동생""]","[""younger sister""]",,2,N3:姉妹=자매 | N4:妹=여동생,auto,Auto draft: KANJIDIC2 readings/radical; Korean meaning draft derived from local Korean word gloss or curated KANJIDIC English fallback.
P3,0,姉,"[""언니"", ""누나""]","[""elder sister""]",,3,"N3:姉妹=자매 | N4:姉=언니, 누나 | N5:お姉さん=누나/언니",auto,Auto draft: KANJIDIC2 readings/radical; Korean meaning draft derived from local Korean word gloss or curated KANJIDIC English fallback.
P3,0,委,"[""맡기다"", ""위원회""]","[""committee"", ""entrust to"", ""leave to"", ""devote"", ""discard""]",,3,N1:委託する=위탁하다 | N1:委託=위탁 | N3:委員=위원,auto,Auto draft: KANJIDIC2 readings/radical; Korean meaning draft derived from local Korean word gloss or curated KANJIDIC English fallback.
P3,0,姪,"[""조카딸""]","[""niece""]",,1,N2:姪=조카딸,auto,Auto draft: KANJIDIC2 readings/radical; Korean meaning draft derived from local Korean word gloss or curated KANJIDIC English fallback.
P3,0,姿,"[""모습"", ""자태""]","[""figure"", ""form"", ""shape""]",,2,"N3:姿=모습, 자태 | N3:姿勢=자세",auto,Auto draft: KANJIDIC2 readings/radical; Korean meaning draft derived from local Korean word gloss or curated KANJIDIC English fallback.
P3,0,威,"[""위엄"", ""위협하다""]","[""intimidate"", ""dignity"", ""majesty"", ""menace"", ""threaten""]",,3,"N1:権威=권위 | N1:威力=위력 | N1:威張る=뽐내다,으스대다",auto,Auto draft: KANJIDIC2 readings/radical; Korean meaning draft derived from local Korean word gloss or curated KANJIDIC English fallback.
P3,0,娘,"[""딸"", ""아가씨""]","[""daughter"", ""girl""]",,1,"N4:娘=딸, 아가씨",auto,Auto draft: KANJIDIC2 readings/radical; Korean meaning draft derived from local Korean word gloss or curated KANJIDIC English fallback.
P3,0,婚,"[""혼인"", ""결혼""]","[""marriage""]",,6,N1:未婚=미혼 | N1:既婚=기혼 | N1:新婚=신혼 | N3:婚約=약혼 | N3:離婚=이혼,auto,Auto draft: KANJIDIC2 readings/radical; Korean meaning draft derived from local Korean word gloss or curated KANJIDIC English fallback.
P3,0,婦,"[""여자"", ""아내""]","[""lady"", ""woman"", ""wife"", ""bride""]",,4,N1:産婦人科=산부인과 | N3:主婦=주부 | N3:夫婦=부부 | N4:看護婦=간호사,auto,Auto draft: KANJIDIC2 readings/radical; Korean meaning draft derived from local Korean word gloss or curated KANJIDIC English fallback.
P3,0,婿,"[""사위""]","[""bridegroom"", ""son-in-law""]",,1,N1:婿=사위,auto,Auto draft: KANJIDIC2 readings/radical; Korean meaning draft derived from local Korean word gloss or curated KANJIDIC English fallback.
P3,0,嫁,"[""며느리"", ""신부""]","[""marry into"", ""bride""]",,2,"N2:花嫁=신부 | N3:嫁=며느리, 신부",auto,Auto draft: KANJIDIC2 readings/radical; Korean meaning draft derived from local Korean word gloss or curated KANJIDIC English fallback.
P3,0,子,"[""아이"", ""어린이""]","[""child"", ""sign of the rat"", ""11PM-1AM"", ""first sign of Chinese zodiac""]",,26,"N1:拍子=박자 | N1:分子=분자, 분자(수학) | N1:原子=원자 | N1:利子=이자 | N2:判子=도장",auto,Auto draft: KANJIDIC2 readings/radical; Korean meaning draft derived from local Korean word gloss or curated KANJIDIC English fallback.
P3,0,字,"[""글자"", ""문자""]","[""character"", ""letter"", ""word"", ""section of village""]",,11,"N1:英字=영자(英字), 영문자 | N1:赤字=적자 | N1:黒字=흑자 | N2:活字=활자 | N2:習字=습자, 서예",auto,Auto draft: KANJIDIC2 readings/radical; Korean meaning draft derived from local Korean word gloss or curated KANJIDIC English fallback.
P3,0,季,"[""계절""]","[""seasons""]",,2,N3:四季=사계절 | N4:季節=계절(~에 관하여 날씨),auto,Auto draft: KANJIDIC2 readings/radical; Korean meaning draft derived from local Korean word gloss or curated KANJIDIC English fallback.
P3,0,孤,"[""외롭다"", ""고아""]","[""orphan"", ""alone""]",,3,"N1:孤児=고아 | N1:孤独=고독, 외로움 | N1:孤立=고립",auto,Auto draft: KANJIDIC2 readings/radical; Korean meaning draft derived from local Korean word gloss or curated KANJIDIC English fallback.
P3,0,学,"[""학문"", ""지식""]","[""study"", ""learning"", ""science""]",,41,N1:工学=공학 | N1:学芸=학예 | N1:考古学=고고학 | N2:大学院=대학원 | N2:学年=학년,auto,Auto draft: KANJIDIC2 readings/radical; Korean meaning draft derived from local Korean word gloss or curated KANJIDIC English fallback.
P3,0,孫,"[""손자""]","[""grandchild"", ""descendants""]",,2,"N2:子孫=자손, 후손 | N3:孫=손자",auto,Auto draft: KANJIDIC2 readings/radical; Korean meaning draft derived from local Korean word gloss or curated KANJIDIC English fallback.
P3,0,宅,"[""집"", ""댁""]","[""home"", ""house"", ""residence"", ""our house"", ""my husband""]",,5,"N2:自宅=자택, 자기 집 | N3:宅=집, 댁 | N3:帰宅=귀가 | N3:住宅=주택, 주거 | N4:お宅=댁(상대방의 집)",auto,Auto draft: KANJIDIC2 readings/radical; Korean meaning draft derived from local Korean word gloss or curated KANJIDIC English fallback.
P3,0,官,"[""관청"", ""관리""]","[""bureaucrat"", ""the government"", ""organ""]",,5,N1:長官=장관 | N2:官庁=관청 | N3:官僚=관료 | N3:器官=기관(신체) | N5:警官=경관,auto,Auto draft: KANJIDIC2 readings/radical; Korean meaning draft derived from local Korean word gloss or curated KANJIDIC English fallback.
P3,0,宝,"[""보물""]","[""treasure"", ""wealth"", ""valuables""]",,3,N1:重宝=애용 | N1:重宝する=애용하다 | N3:宝=보물,auto,Auto draft: KANJIDIC2 readings/radical; Korean meaning draft derived from local Korean word gloss or curated KANJIDIC English fallback.
P3,0,実,"[""열매"", ""실제"", ""결실""]","[""reality"", ""truth"", ""seed"", ""fruit"", ""nut""]",,39,"N1:実業家=실업가 | N1:真実=진실, 현실 | N1:無実=억울함,무고함 | N1:実践=실천 | N1:実態=실태",auto,Auto draft: KANJIDIC2 readings/radical; Korean meaning draft derived from local Korean word gloss or curated KANJIDIC English fallback.
P3,0,客,"[""손님"", ""고객""]","[""guest"", ""visitor"", ""customer"", ""client""]",,6,"N1:客観=객관 | N2:客席=객석 | N2:客間=객실, 응접실 | N3:観客=관객 | N3:乗客=승객",auto,Auto draft: KANJIDIC2 readings/radical; Korean meaning draft derived from local Korean word gloss or curated KANJIDIC English fallback.
P3,0,宣,"[""선언하다"", ""알리다""]","[""proclaim"", ""say"", ""announce""]",,2,"N1:宣言=선언, 공표, 발표, 안내 | N3:宣伝=선전",auto,Auto draft: KANJIDIC2 readings/radical; Korean meaning draft derived from local Korean word gloss or curated KANJIDIC English fallback.
P3,0,室,"[""방"", ""실""]","[""room"", ""apartment"", ""chamber"", ""greenhouse"", ""cellar""]",,6,"N1:浴室=욕실 | N2:待合室=기다리다 방 | N2:温室=온실 | N4:研究室=연구실, 실험실 | N4:会議室=회의 방",auto,Auto draft: KANJIDIC2 readings/radical; Korean meaning draft derived from local Korean word gloss or curated KANJIDIC English fallback.
P3,0,容,"[""담다"", ""모습""]","[""contain"", ""form"", ""looks""]",,11,"N1:収容=수용 | N1:寛容=관용 | N1:容易い=쉽다,용이하다; 쉽다, 용이하다 | N1:許容=허용 | N2:形容動詞=형용동사",auto,Auto draft: KANJIDIC2 readings/radical; Korean meaning draft derived from local Korean word gloss or curated KANJIDIC English fallback.
P3,0,宿,"[""여관"", ""숙박""]","[""inn"", ""lodging"", ""relay station"", ""dwell"", ""lodge"", ""be pregnant"", ""home"", ""dwelling""]",,5,"N1:宿命=숙명 | N3:宿泊=숙박 | N3:宿=여관, 숙박 | N4:下宿=하숙 | N5:宿題=숙제",auto,Auto draft: KANJIDIC2 readings/radical; Korean meaning draft derived from local Korean word gloss or curated KANJIDIC English fallback.
P3,0,富,"[""부"", ""재산""]","[""wealth"", ""enrich"", ""abundant""]",,6,"N1:富む=풍부하다, 부유하다 | N1:富豪=부호 | N1:富=부, 재산 | N1:貧富=빈부 | N2:豊富だ=풍부하다",auto,Auto draft: KANJIDIC2 readings/radical; Korean meaning draft derived from local Korean word gloss or curated KANJIDIC English fallback.
P3,0,寧,"[""오히려"", ""꽤"", ""더 나은""]","[""rather"", ""preferably"", ""peaceful"", ""quiet"", ""tranquility""]",,2,"N2:丁寧だ=정중하다 | N4:丁寧=공손, 공손한, 주의 깊은",auto,Auto draft: KANJIDIC2 readings/radical; Korean meaning draft derived from local Korean word gloss or curated KANJIDIC English fallback.
P3,0,審,"[""심사"", ""재판""]","[""hearing"", ""judge"", ""trial""]",,3,"N1:審査=검사, 점검, 시험 | N1:審議=심의 | N1:不審=수상한, 의심하다",auto,Auto draft: KANJIDIC2 readings/radical; Korean meaning draft derived from local Korean word gloss or curated KANJIDIC English fallback.
P3,0,寮,"[""기숙사""]","[""dormitory"", ""hostel"", ""villa"", ""tea pavillion""]",,1,N2:寮=기숙사,auto,Auto draft: KANJIDIC2 readings/radical; Korean meaning draft derived from local Korean word gloss or curated KANJIDIC English fallback.
P3,0,寺,"[""절"", ""사찰""]","[""Buddhist temple""]",,2,"N2:寺院=절 | N4:寺=절, 사찰",auto,Auto draft: KANJIDIC2 readings/radical; Korean meaning draft derived from local Korean word gloss or curated KANJIDIC English fallback.
P3,0,対,"[""쌍"", ""짝""]","[""vis-a-vis"", ""opposite"", ""even"", ""equal"", ""versus"", ""anti-"", ""compare""]",,22,N1:対比=대비 | N1:対応=대응 | N1:対抗=대항 | N1:対等=대등 | N1:対話=대화,auto,Auto draft: KANJIDIC2 readings/radical; Korean meaning draft derived from local Korean word gloss or curated KANJIDIC English fallback.
P3,0,将,"[""장수"", ""장차""]","[""leader"", ""commander"", ""general"", ""admiral"", ""or"", ""and again"", ""soon"", ""from now on"", ""just about""]",,2,"N2:将棋=장기(일본 장기) | N4:将来=장래, 미래",auto,Auto draft: KANJIDIC2 readings/radical; Korean meaning draft derived from local Korean word gloss or curated KANJIDIC English fallback.
P3,0,小,"[""작은""]","[""little"", ""small""]",,21,N1:小児科=소아과 | N1:小売=소매 | N1:小柄=몸집이 작음 | N1:小さな=작은 | N1:小型の=소형인,auto,Auto draft: KANJIDIC2 readings/radical; Korean meaning draft derived from local Korean word gloss or curated KANJIDIC English fallback.
P3,0,尻,"[""엉덩이""]","[""buttocks"", ""hips"", ""butt"", ""rear""]",,1,N3:尻=엉덩이,auto,Auto draft: KANJIDIC2 readings/radical; Korean meaning draft derived from local Korean word gloss or curated KANJIDIC English fallback.
P3,0,尾,"[""꼬리""]","[""tail"", ""end"", ""counter for fish"", ""lower slope of mountain""]",,1,N3:尾=꼬리,auto,Auto draft: KANJIDIC2 readings/radical; Korean meaning draft derived from local Korean word gloss or curated KANJIDIC English fallback.
P3,0,尿,"[""소변""]","[""urine""]",,1,N1:尿=소변,auto,Auto draft: KANJIDIC2 readings/radical; Korean meaning draft derived from local Korean word gloss or curated KANJIDIC English fallback.
P3,0,居,"[""있다""]","[""reside"", ""to be"", ""exist"", ""live with""]",,7,"N1:皇居=황거, 황궁 | N1:同居=동거, 한집에 삶 | N1:居住=거주 | N1:鳥居=도리이, 신사 문 | N1:隠居=은거, 은퇴",auto,Auto draft: KANJIDIC2 readings/radical; Korean meaning draft derived from local Korean word gloss or curated KANJIDIC English fallback.
P3,0,屈,"[""굽히다"", ""굴복하다""]","[""yield"", ""bend"", ""flinch"", ""submit""]",,4,"N1:窮屈=갑갑함, 거북함 | N1:理屈=이치, 논리 | N3:退屈だ=따분하다 | N3:退屈=지루함",auto,Auto draft: KANJIDIC2 readings/radical; Korean meaning draft derived from local Korean word gloss or curated KANJIDIC English fallback.
P3,0,屋,"[""집"", ""가게"", ""지붕""]","[""roof"", ""house"", ""shop"", ""dealer"", ""seller""]",,9,"N1:問屋=도매상 | N1:屋敷=저택 | N2:屋外=옥외, 야외 | N2:家屋=가옥, 집 | N3:屋根=지붕",auto,Auto draft: KANJIDIC2 readings/radical; Korean meaning draft derived from local Korean word gloss or curated KANJIDIC English fallback.
P3,0,屑,"[""부스러기"", ""쓰레기""]","[""rubbish"", ""junk"", ""trash"", ""waste"", ""scraps""]",,2,"N2:紙屑=휴지, 종이 쓰레기 | N2:屑=부스러기, 쓰레기",auto,Auto draft: KANJIDIC2 readings/radical; Korean meaning draft derived from local Korean word gloss or curated KANJIDIC English fallback.
P3,0,展,"[""펼치다"", ""전개""]","[""unfold"", ""expand""]",,6,"N1:進展=진전 | N1:展望=관점, 전망 | N1:展開=전개 | N1:展示=전시 | N3:発展=발전",auto,Auto draft: KANJIDIC2 readings/radical; Korean meaning draft derived from local Korean word gloss or curated KANJIDIC English fallback.
P3,0,層,"[""층"", ""계층""]","[""stratum"", ""social class"", ""layer"", ""story"", ""floor""]",,3,"N1:階層=계층 | N2:大層=매우 많은, 크게 | N2:高層=고층",auto,Auto draft: KANJIDIC2 readings/radical; Korean meaning draft derived from local Korean word gloss or curated KANJIDIC English fallback.
P3,0,山,"[""산""]","[""mountain""]",,9,N1:山腹=산허리 | N1:鉱山=광산 | N1:山脈=산맥 | N1:山岳=산악 | N2:山林=산 숲,auto,Auto draft: KANJIDIC2 readings/radical; Korean meaning draft derived from local Korean word gloss or curated KANJIDIC English fallback.
P3,0,岩,"[""바위""]","[""boulder"", ""rock"", ""cliff""]",,2,N2:溶岩=용암 | N3:岩=바위,auto,Auto draft: KANJIDIC2 readings/radical; Korean meaning draft derived from local Korean word gloss or curated KANJIDIC English fallback.
P3,0,岬,"[""곶"", ""갑""]","[""headland"", ""cape"", ""spit"", ""promontory""]",,1,"N2:岬=곶, 갑",auto,Auto draft: KANJIDIC2 readings/radical; Korean meaning draft derived from local Korean word gloss or curated KANJIDIC English fallback.
P3,0,岸,"[""기슭"", ""물가"", ""해안""]","[""beach""]",,2,"N1:沿岸=해안 | N4:海岸=해안, 해변",auto,Auto draft: KANJIDIC2 readings/radical; Korean meaning draft derived from local Korean word gloss or curated KANJIDIC English fallback.
P3,0,峠,"[""고개"", ""산길""]","[""mountain peak"", ""mountain pass"", ""climax"", ""crest"", ""(kokuji)""]",,1,"N2:峠=고개, 산길",auto,Auto draft: KANJIDIC2 readings/radical; Korean meaning draft derived from local Korean word gloss or curated KANJIDIC English fallback.
P3,0,峰,"[""봉우리"", ""산등성이""]","[""summit"", ""peak""]",,1,"N1:峰=봉우리, 산등성이",auto,Auto draft: KANJIDIC2 readings/radical; Korean meaning draft derived from local Korean word gloss or curated KANJIDIC English fallback.
P3,0,島,"[""섬""]","[""island""]",,3,N2:半島=반도 | N2:列島=열도 | N3:島=섬,auto,Auto draft: KANJIDIC2 readings/radical; Korean meaning draft derived from local Korean word gloss or curated KANJIDIC English fallback.
P3,0,崖,"[""절벽""]","[""cliff"", ""bluff"", ""precipice""]",,1,N1:崖=절벽,auto,Auto draft: KANJIDIC2 readings/radical; Korean meaning draft derived from local Korean word gloss or curated KANJIDIC English fallback.
P3,0,嵐,"[""폭풍""]","[""storm"", ""tempest""]",,1,N3:嵐=폭풍,auto,Auto draft: KANJIDIC2 readings/radical; Korean meaning draft derived from local Korean word gloss or curated KANJIDIC English fallback.
P3,0,川,"[""강""]","[""stream"", ""river"", ""river or three-stroke river radical (no. 47)""]",,2,N1:河川=강 | N5:川=강,auto,Auto draft: KANJIDIC2 readings/radical; Korean meaning draft derived from local Korean word gloss or curated KANJIDIC English fallback.
P3,0,州,"[""주"", ""지방""]","[""state"", ""province""]",,1,"N3:州=주, 지방",auto,Auto draft: KANJIDIC2 readings/radical; Korean meaning draft derived from local Korean word gloss or curated KANJIDIC English fallback.
P3,0,工,"[""공예"", ""공사""]","[""craft"", ""construction"", ""katakana e radical (no. 48)""]",,16,"N1:細工=세공; 잔재주 | N1:工学=공학 | N1:加工=가공 | N1:工面=자금마련 | N1:工面する=(돈을)마련하다, 준비하다",auto,Auto draft: KANJIDIC2 readings/radical; Korean meaning draft derived from local Korean word gloss or curated KANJIDIC English fallback.
P3,0,左,"[""왼쪽""]","[""left""]",,2,N3:左右=좌우 | N5:左=왼쪽,auto,Auto draft: KANJIDIC2 readings/radical; Korean meaning draft derived from local Korean word gloss or curated KANJIDIC English fallback.
P3,0,巨,"[""크다"", ""거대함""]","[""gigantic"", ""big"", ""large"", ""great""]",,2,"N1:巨匠=거장 | N3:巨大=거대한, 막대한",auto,Auto draft: KANJIDIC2 readings/radical; Korean meaning draft derived from local Korean word gloss or curated KANJIDIC English fallback.
P3,0,差,"[""차이"", ""차""]","[""distinction"", ""difference"", ""variation"", ""discrepancy"", ""margin"", ""balance""]",,19,"N1:時差=시차 | N1:差額=차액 | N1:差し引く=공제하다,차감하다 | N1:差し出す=내밀다, 제출하다 | N1:差し支える=지장을 주다, 방해되다",auto,Auto draft: KANJIDIC2 readings/radical; Korean meaning draft derived from local Korean word gloss or curated KANJIDIC English fallback.
P3,0,市,"[""도시""]","[""market"", ""city"", ""town""]",,6,N1:市場=시장 | N3:市=시장 | N3:都市=도시 | N3:市場=시장 | N4:市民=시민,auto,Auto draft: KANJIDIC2 readings/radical; Korean meaning draft derived from local Korean word gloss or curated KANJIDIC English fallback.
P3,0,布,"[""천""]","[""linen"", ""cloth"", ""spread"", ""distribute""]",,8,"N1:布告=포고, 선포 | N1:配布=배포 | N2:座布団=방석 | N2:分布=분포 | N3:布団=이불",auto,Auto draft: KANJIDIC2 readings/radical; Korean meaning draft derived from local Korean word gloss or curated KANJIDIC English fallback.
P3,0,師,"[""스승"", ""전문가""]","[""expert"", ""teacher"", ""master"", ""model"", ""exemplar"", ""army (incl. counter)"", ""war""]",,5,N1:牧師=목사 | N2:講師=강사 | N2:漁師=어부 | N3:教師=교사 | N3:医師=의사,auto,Auto draft: KANJIDIC2 readings/radical; Korean meaning draft derived from local Korean word gloss or curated KANJIDIC English fallback.
P3,0,席,"[""좌석""]","[""seat"", ""mat"", ""occasion"", ""place""]",,5,"N2:客席=객석 | N3:席=좌석 | N3:欠席=결석 | N3:空席=공석, 빈자리 | N3:座席=좌석",auto,Auto draft: KANJIDIC2 readings/radical; Korean meaning draft derived from local Korean word gloss or curated KANJIDIC English fallback.
P3,0,帯,"[""띠"", ""악단""]","[""sash"", ""belt"", ""obi"", ""zone"", ""region""]",,10,"N1:連帯=연대 | N1:帯びる=(띠)를띠다,(성질,경향)을띠다 | N1:世帯=세대, 가구 | N2:寒帯=한대 | N2:包帯=붕대",auto,Auto draft: KANJIDIC2 readings/radical; Korean meaning draft derived from local Korean word gloss or curated KANJIDIC English fallback.
P3,0,帳,"[""장부"", ""수첩"", ""막""]","[""notebook"", ""account book"", ""album"", ""curtain"", ""veil"", ""net"", ""tent""]",,2,N2:通帳=통장 | N2:手帳=수첩,auto,Auto draft: KANJIDIC2 readings/radical; Korean meaning draft derived from local Korean word gloss or curated KANJIDIC English fallback.
P3,0,幅,"[""폭""]","[""hanging scroll"", ""width""]",,4,"N1:大幅に=대폭적으로 | N1:幅広い=폭넓다 | N1:大幅=대폭, 큰 폭 | N2:幅=폭",auto,Auto draft: KANJIDIC2 readings/radical; Korean meaning draft derived from local Korean word gloss or curated KANJIDIC English fallback.
P3,0,幣,"[""화폐"", ""폐단""]","[""cash"", ""bad habit"", ""humble prefix"", ""gift"", ""Shinto offerings of cloth"", ""rope"", ""cut paper""]",,2,N1:貨幣=화폐 | N1:紙幣=지폐,auto,Auto draft: KANJIDIC2 readings/radical; Korean meaning draft derived from local Korean word gloss or curated KANJIDIC English fallback.
P3,0,年,"[""해"", ""나이""]","[""year"", ""counter for years""]",,23,"N1:年輪=나이테, 연륜 | N1:定年=정년 | N1:元年=원년 | N1:年賀=새해 인사, 새해 카드 | N1:年長=연장, 나이가 많음",auto,Auto draft: KANJIDIC2 readings/radical; Korean meaning draft derived from local Korean word gloss or curated KANJIDIC English fallback.
P3,0,序,"[""순서"", ""서문""]","[""preface"", ""beginning"", ""order"", ""precedence"", ""occasion"", ""chance"", ""incidentally""]",,2,"N1:秩序=질서 | N2:順序=순서, 차례",auto,Auto draft: KANJIDIC2 readings/radical; Korean meaning draft derived from local Korean word gloss or curated KANJIDIC English fallback.
P3,0,店,"[""가게""]","[""store"", ""shop""]",,7,"N2:商店=상점 | N2:売店=매점 | N2:書店=서점 | N3:支店=지점, 지사 | N4:店員=점원, 사무원, 가게 직원",auto,Auto draft: KANJIDIC2 readings/radical; Korean meaning draft derived from local Korean word gloss or curated KANJIDIC English fallback.
P3,0,座,"[""자리"", ""앉다""]","[""squat"", ""seat"", ""cushion"", ""gathering"", ""sit""]",,7,"N1:星座=별자리 | N1:即座に=즉석에서, 즉시 | N1:座標=좌표 | N1:座談会=좌담회 | N2:座布団=방석",auto,Auto draft: KANJIDIC2 readings/radical; Korean meaning draft derived from local Korean word gloss or curated KANJIDIC English fallback.
P3,0,庭,"[""뜰"", ""정원""]","[""courtyard"", ""garden"", ""yard""]",,2,"N2:校庭=교정, 운동장 | N5:家庭=가정, 집안",auto,Auto draft: KANJIDIC2 readings/radical; Korean meaning draft derived from local Korean word gloss or curated KANJIDIC English fallback.
P3,0,弁,"[""말"", ""구별하다"", ""판막""]","[""valve"", ""petal"", ""braid"", ""speech"", ""dialect"", ""discrimination"", ""dispose of"", ""distinguish"", ""conical cap""]",,7,"N1:代弁=대신 말함, 대변 | N1:勘弁=용서, 봐줌 | N1:弁解する=변명하다 | N1:弁解=변명 | N1:弁護=변호",auto,Auto draft: KANJIDIC2 readings/radical; Korean meaning draft derived from local Korean word gloss or curated KANJIDIC English fallback.
P3,0,式,"[""방식"", ""의식"", ""식""]","[""style"", ""ceremony"", ""rite"", ""function"", ""method"", ""system"", ""form"", ""expression""]",,10,"N1:様式=양식, 형식 | N1:方式=방식 | N1:株式=주식, 재고 | N1:儀式=의식 | N1:式場=식장",auto,Auto draft: KANJIDIC2 readings/radical; Korean meaning draft derived from local Korean word gloss or curated KANJIDIC English fallback.
P3,0,弓,"[""활""]","[""bow"", ""bow (archery, violin)""]",,1,N1:弓=활,auto,Auto draft: KANJIDIC2 readings/radical; Korean meaning draft derived from local Korean word gloss or curated KANJIDIC English fallback.
P3,0,引,"[""끌다"", ""당기다"", ""인용하다""]","[""pull"", ""tug"", ""jerk"", ""admit"", ""install"", ""quote"", ""refer to""]",,24,"N1:取引=거래 | N1:引き落とす=당겨서떨어뜨리다,자동납부하다 | N1:差し引く=공제하다,차감하다 | N1:引き寄せる=끌어당기다 | N1:値引き=할인, 에누리",auto,Auto draft: KANJIDIC2 readings/radical; Korean meaning draft derived from local Korean word gloss or curated KANJIDIC English fallback.
P3,0,弟,"[""남동생""]","[""younger brother"", ""faithful service to elders""]",,3,"N2:弟子=제자, 문하생 | N4:弟=남동생 | N5:兄弟=형제",auto,Auto draft: KANJIDIC2 readings/radical; Korean meaning draft derived from local Korean word gloss or curated KANJIDIC English fallback.
P3,0,弱,"[""약함"", ""약""]","[""weak"", ""frail""]",,3,"N1:弱=약함, 약 | N2:弱点=약점 | N4:弱い=약하다",auto,Auto draft: KANJIDIC2 readings/radical; Korean meaning draft derived from local Korean word gloss or curated KANJIDIC English fallback.
P3,0,張,"[""펴다"", ""치다""]","[""counter for bows & stringed instruments"", ""stretch"", ""spread"", ""put up (tent)""]",,13,"N1:言い張る=우겨대다,주장하다 | N1:威張る=뽐내다,으스대다 | N1:誇張する=과장하다 | N1:誇張=과장 | N1:膨張=팽창",auto,Auto draft: KANJIDIC2 readings/radical; Korean meaning draft derived from local Korean word gloss or curated KANJIDIC English fallback.
P3,0,弾,"[""총알"", ""탄환""]","[""bullet"", ""twang"", ""flip"", ""snap""]",,5,"N1:弾む=튀다,들뜨다 | N1:弾く=튀기다,튕겨내다 | N1:爆弾=폭탄 | N1:弾力=탄력 | N3:弾=총알, 탄환",auto,Auto draft: KANJIDIC2 readings/radical; Korean meaning draft derived from local Korean word gloss or curated KANJIDIC English fallback.
P3,0,形,"[""형태"", ""모양""]","[""shape"", ""form"", ""style""]",,12,N1:形成=형성 | N1:地形=지형 | N1:原形=원형(原形) | N2:正方形=정사각형 | N2:形容動詞=형용동사,auto,Auto draft: KANJIDIC2 readings/radical; Korean meaning draft derived from local Korean word gloss or curated KANJIDIC English fallback.
P3,0,影,"[""그림자"", ""비친 형상""]","[""shadow"", ""silhouette"", ""phantom""]",,3,"N2:撮影=촬영 | N3:影=그림자, 비친 형상 | N3:影響=영향",auto,Auto draft: KANJIDIC2 readings/radical; Korean meaning draft derived from local Korean word gloss or curated KANJIDIC English fallback.
P3,0,役,"[""역할"", ""배역""]","[""duty"", ""war"", ""campaign"", ""drafted labor"", ""office"", ""service"", ""role""]",,10,"N1:役場=관청, 사무소 | N1:役職=직책 | N2:役者=배우 | N2:役人=공무원, 관리 | N2:重役=중역, 임원",auto,Auto draft: KANJIDIC2 readings/radical; Korean meaning draft derived from local Korean word gloss or curated KANJIDIC English fallback.
P3,0,彼,"[""그"", ""남자친구""]","[""he"", ""that"", ""the""]",,3,"N4:彼ら=그들(보통 남성) | N4:彼女=여자친구, 그녀 | N4:彼=그, 남자친구",auto,Auto draft: KANJIDIC2 readings/radical; Korean meaning draft derived from local Korean word gloss or curated KANJIDIC English fallback.
P3,0,往,"[""가다"", ""지난날""]","[""journey"", ""travel"", ""chase away"", ""let go"", ""going"", ""before"", ""formerly""]",,2,N1:往診=왕진 | N3:往復=왕복,auto,Auto draft: KANJIDIC2 readings/radical; Korean meaning draft derived from local Korean word gloss or curated KANJIDIC English fallback.
P3,0,径,"[""지름"", ""길""]","[""diameter"", ""path"", ""method""]",,2,"N2:直径=지름, 직경 | N2:半径=반지름, 반경",auto,Auto draft: KANJIDIC2 readings/radical; Korean meaning draft derived from local Korean word gloss or curated KANJIDIC English fallback.
P3,0,律,"[""법률"", ""리듬""]","[""rhythm"", ""law"", ""regulation"", ""gauge"", ""control""]",,4,"N1:一律=일률적임 | N1:一律に=일률적으로 | N2:規律=규율, 질서 | N3:法律=법률",auto,Auto draft: KANJIDIC2 readings/radical; Korean meaning draft derived from local Korean word gloss or curated KANJIDIC English fallback.
P3,0,後,"[""뒤"", ""나중""]","[""behind"", ""back"", ""later""]",,19,"N1:後援=후원 | N1:後回し=뒤로 미룸, 연기 | N1:産後=산후 | N1:後退=후퇴 | N1:背後=배후",auto,Auto draft: KANJIDIC2 readings/radical; Korean meaning draft derived from local Korean word gloss or curated KANJIDIC English fallback.
P3,0,御,"[""존경"", ""다스리다""]","[""honorable"", ""manipulate"", ""govern""]",,4,"N2:御免=미안함; 사양 | N2:御無沙汰=오래 연락하지 않음, 소식이 뜸함 | N2:御中=귀중 | N5:御飯=밥, 식사",auto,Auto draft: KANJIDIC2 readings/radical; Korean meaning draft derived from local Korean word gloss or curated KANJIDIC English fallback.
P3,0,復,"[""돌아가다"", ""회복""]","[""restore"", ""return to"", ""revert"", ""resume""]",,7,"N1:復旧=복구 | N1:修復=수복,복원 | N1:復活=부활 | N1:復興=부흥 | N3:往復=왕복",auto,Auto draft: KANJIDIC2 readings/radical; Korean meaning draft derived from local Korean word gloss or curated KANJIDIC English fallback.
P3,0,微,"[""희미함"", ""어렴풋함""]","[""delicate"", ""minuteness"", ""insignificance""]",,4,"N1:微量=미량 | N1:微塵=티끌, 미세한 조각 | N1:微笑ましい=흐뭇하다 | N2:顕微鏡=현미경",auto,Auto draft: KANJIDIC2 readings/radical; Korean meaning draft derived from local Korean word gloss or curated KANJIDIC English fallback.
P3,0,徴,"[""징조"", ""거두다""]","[""indications"", ""sign"", ""omen"", ""symptom"", ""collect"", ""seek"", ""refer to"", ""question""]",,3,"N1:徴収=징수 | N2:象徴=상징 | N3:特徴=특징, 특색",auto,Auto draft: KANJIDIC2 readings/radical; Korean meaning draft derived from local Korean word gloss or curated KANJIDIC English fallback.
P3,0,徹,"[""철저히 하다"", ""일관하다""]","[""penetrate"", ""clear"", ""pierce"", ""strike home"", ""sit up (all night)""]",,2,N2:徹底する=철저하다 | N3:徹底=철저,auto,Auto draft: KANJIDIC2 readings/radical; Korean meaning draft derived from local Korean word gloss or curated KANJIDIC English fallback.
P3,0,心,"[""마음"", ""정신""]","[""heart"", ""mind"", ""spirit"", ""heart radical (no. 61)""]",,37,"N1:核心=핵심 | N1:自尊心=자존심 | N1:心得=지식, 정보 | N1:心地=기분, 느낌 | N1:心構え=마음가짐",auto,Auto draft: KANJIDIC2 readings/radical; Korean meaning draft derived from local Korean word gloss or curated KANJIDIC English fallback.
P3,0,志,"[""뜻"", ""의지""]","[""intention"", ""plan"", ""resolve"", ""aspire"", ""motive"", ""hopes"", ""shilling""]",,5,"N1:志望=지망 | N1:志す=뜻을 두다, 지망하다 | N1:志向=의도, 목표 | N1:志=뜻, 의지 | N3:意志=의지",auto,Auto draft: KANJIDIC2 readings/radical; Korean meaning draft derived from local Korean word gloss or curated KANJIDIC English fallback.
P3,0,忠,"[""충성""]","[""loyalty"", ""fidelity"", ""faithfulness""]",,2,N1:忠実に=충실히 | N1:忠告=충고,auto,Auto draft: KANJIDIC2 readings/radical; Korean meaning draft derived from local Korean word gloss or curated KANJIDIC English fallback.
P3,0,念,"[""생각"", ""마음"", ""주의""]","[""wish"", ""sense"", ""idea"", ""thought"", ""feeling"", ""desire"", ""attention""]",,17,"N1:入念に=꼼꼼하게, 정성들여 | N1:念=생각, 마음; 주의 | N1:懸念する=걱정하다, 우려하다 | N1:断念する=단념하다 | N1:断念=단념",auto,Auto draft: KANJIDIC2 readings/radical; Korean meaning draft derived from local Korean word gloss or curated KANJIDIC English fallback.
P3,0,性,"[""성별"", ""성""]","[""sex"", ""gender"", ""nature""]",,15,"N1:知性=지성 | N1:異性=이성(異性) | N1:無性に=몹시,공연히,까닭없이 | N1:個性=개성 | N1:理性=이성, 분별",auto,Auto draft: KANJIDIC2 readings/radical; Korean meaning draft derived from local Korean word gloss or curated KANJIDIC English fallback.
P3,0,恋,"[""사랑"", ""연애""]","[""romance"", ""in love"", ""yearn for"", ""miss"", ""darling""]",,5,"N1:恋する=사랑하다, 연애하다 | N2:失恋=실연 | N3:恋=사랑, 연애 | N3:恋人=연인, 애인 | N3:恋しい=그립다",auto,Auto draft: KANJIDIC2 readings/radical; Korean meaning draft derived from local Korean word gloss or curated KANJIDIC English fallback.
P3,0,恥,"[""수치"", ""부끄러움""]","[""shame"", ""dishonor""]",,2,"N1:恥=수치, 부끄러움 | N4:恥ずかしい=부끄럽다",auto,Auto draft: KANJIDIC2 readings/radical; Korean meaning draft derived from local Korean word gloss or curated KANJIDIC English fallback.
P3,0,息,"[""숨"", ""호흡""]","[""breath"", ""respiration"", ""son"", ""interest (on money)"", ""rest"", ""coming to an end""]",,6,"N1:窒息=질식 | N1:消息=소식, 동정 | N2:溜息=한숨 | N2:休息=휴식 | N3:息=숨,호흡",auto,Auto draft: KANJIDIC2 readings/radical; Korean meaning draft derived from local Korean word gloss or curated KANJIDIC English fallback.
P3,0,意,"[""뜻"", ""생각"", ""마음""]","[""idea"", ""mind"", ""heart"", ""taste"", ""thought"", ""desire"", ""care"", ""liking""]",,29,"N1:不用意な=부주의한 | N1:熱意=열심, 열의 | N1:用意する=준비하다 | N1:意図=의도 | N1:同意=합의, 동의, 같은 의미",auto,Auto draft: KANJIDIC2 readings/radical; Korean meaning draft derived from local Korean word gloss or curated KANJIDIC English fallback.
P3,0,愛,"[""사랑""]","[""love"", ""affection"", ""favourite""]",,8,"N1:愛着=애착 | N1:愛想=붙임성, 애교 | N2:愛用=애용 | N2:可愛がる=귀여워하다 | N3:愛する=사랑하다",auto,Auto draft: KANJIDIC2 readings/radical; Korean meaning draft derived from local Korean word gloss or curated KANJIDIC English fallback.
P3,0,慢,"[""게으름"", ""업신여김""]","[""ridicule"", ""laziness""]",,4,N3:我慢=참음 | N3:自慢=자랑 | N3:我慢する=참다 | N3:自慢する=자랑하다,auto,Auto draft: KANJIDIC2 readings/radical; Korean meaning draft derived from local Korean word gloss or curated KANJIDIC English fallback.
P3,0,慮,"[""생각"", ""염려""]","[""prudence"", ""thought"", ""concern"", ""consider"", ""deliberate"", ""fear""]",,4,"N1:不慮の=뜻밖의, 예상 밖의, 불의의 | N1:考慮=고려 | N2:遠慮=사양,삼가 | N2:配慮=배려",auto,Auto draft: KANJIDIC2 readings/radical; Korean meaning draft derived from local Korean word gloss or curated KANJIDIC English fallback.
P3,0,懸,"[""걸다"", ""매달리다""]","[""state of suspension"", ""hang"", ""depend"", ""consult"", ""distant"", ""far apart""]",,4,"N1:懸念する=걱정하다, 우려하다 | N1:懸賞=현상(상금 걸기) | N2:懸命=열심임, 필사적임 | N4:一生懸命=열심히, 최선을 다해",auto,Auto draft: KANJIDIC2 readings/radical; Korean meaning draft derived from local Korean word gloss or curated KANJIDIC English fallback.
P3,0,成,"[""되다"", ""이루다""]","[""turn into"", ""become"", ""get"", ""grow"", ""elapse"", ""reach""]",,20,"N1:達成=달성 | N1:形成=형성 | N1:育成=육성, 양성 | N1:合成=합성 | N1:完成する=완성되다",auto,Auto draft: KANJIDIC2 readings/radical; Korean meaning draft derived from local Korean word gloss or curated KANJIDIC English fallback.
P3,0,我,"[""나"", ""자신""]","[""ego"", ""I"", ""selfish"", ""our"", ""oneself""]",,5,"N1:我=나, 자신 | N1:自我=자기, 자아 | N3:我慢=참음 | N3:我々=우리 | N3:我慢する=참다",auto,Auto draft: KANJIDIC2 readings/radical; Korean meaning draft derived from local Korean word gloss or curated KANJIDIC English fallback.
P3,0,戸,"[""문"", ""집""]","[""door"", ""counter for houses"", ""door radical (no. 63)""]",,7,"N1:戸籍=호적 | N1:戸締まり=문단속 | N1:戸惑う=어리둥절해하다,당황하다 | N2:戸棚=찬장, 수납장 | N2:井戸=우물",auto,Auto draft: KANJIDIC2 readings/radical; Korean meaning draft derived from local Korean word gloss or curated KANJIDIC English fallback.
P3,0,房,"[""방"", ""다발""]","[""tassel"", ""tuft"", ""fringe"", ""bunch"", ""lock (hair)"", ""segment (orange)"", ""house"", ""room""]",,4,"N2:文房具=문방구, 문구류 | N2:女房=아내 | N4:暖房=난방 | N4:冷房=냉방",auto,Auto draft: KANJIDIC2 readings/radical; Korean meaning draft derived from local Korean word gloss or curated KANJIDIC English fallback.
P3,0,扇,"[""부채질하다""]","[""fan"", ""folding fan""]",,3,"N1:団扇=팬, 선풍기 | N2:扇子=부채, 접부채 | N2:扇風機=선풍기",auto,Auto draft: KANJIDIC2 readings/radical; Korean meaning draft derived from local Korean word gloss or curated KANJIDIC English fallback.
P3,0,扉,"[""문"", ""문짝""]","[""front door"", ""title page"", ""front page""]",,1,"N1:扉=문, 문짝",auto,Auto draft: KANJIDIC2 readings/radical; Korean meaning draft derived from local Korean word gloss or curated KANJIDIC English fallback.
P3,0,手,"[""손""]","[""hand""]",,67,"N1:手元=수중, 손 가까이 | N1:手薄な=허술한,불충분한 | N1:手痛い=(비판, 타격, 손해, 실수 등) 심하다, 뼈아프다 | N1:手分けする=분담하다 | N1:足手まとい=방해, 훼방, 걸림돌",auto,Auto draft: KANJIDIC2 readings/radical; Korean meaning draft derived from local Korean word gloss or curated KANJIDIC English fallback.
P3,0,才,"[""재능"", ""나이""]","[""genius"", ""years old"", ""cubic shaku""]",,2,"N1:天才=천재 | N3:才能=재능, 능력",auto,Auto draft: KANJIDIC2 readings/radical; Korean meaning draft derived from local Korean word gloss or curated KANJIDIC English fallback.
P3,0,技,"[""기술"", ""재주""]","[""skill"", ""art"", ""craft"", ""ability"", ""feat"", ""performance"", ""vocation"", ""arts""]",,6,"N1:特技=특기 | N1:技能=기능, 기술 | N1:技=기술, 재주 | N3:演技=연기(연극) | N4:技術=기술",auto,Auto draft: KANJIDIC2 readings/radical; Korean meaning draft derived from local Korean word gloss or curated KANJIDIC English fallback.
P3,0,抑,"[""억누르다"", ""줄이다""]","[""repress"", ""well"", ""now"", ""in the first place"", ""push"", ""shove"", ""press"", ""seal"", ""do in spite of""]",,3,"N1:抑制=억제 | N1:抑圧=억압, 억제 | N3:抑える=(소비,지출을)줄이다",auto,Manual format normalization 2026-08-18: 쉼표로 분리된 문맥형 뜻을 기본 의미로 정리.
P3,0,抗,"[""저항하다""]","[""confront"", ""resist"", ""defy"", ""oppose""]",,5,"N1:対抗=대항 | N1:抗争=항쟁, 분쟁 | N1:拮抗する=팽팽하다, 우열을 가릴 수 없다 | N1:抗議=항의 | N3:抵抗=저항",auto,Auto draft: KANJIDIC2 readings/radical; Korean meaning draft derived from local Korean word gloss or curated KANJIDIC English fallback.
P3,0,折,"[""때"", ""기회""]","[""fold"", ""break"", ""fracture"", ""bend"", ""yield"", ""submit""]",,8,"N1:折=때, 기회 | N1:時折=가끔 | N1:折り返す=접어 되돌리다, 되접다 | N2:折角=모처럼, 애써 | N3:骨折=골절",auto,Auto draft: KANJIDIC2 readings/radical; Korean meaning draft derived from local Korean word gloss or curated KANJIDIC English fallback.
P3,0,択,"[""고르다"", ""선택""]","[""choose"", ""select"", ""elect"", ""prefer""]",,2,N1:採択=채택 | N3:選択=선택,auto,Auto draft: KANJIDIC2 readings/radical; Korean meaning draft derived from local Korean word gloss or curated KANJIDIC English fallback.
P3,0,抵,"[""저항하다"", ""닿다""]","[""resist"", ""reach"", ""touch""]",,2,N3:抵抗=저항 | N4:大抵=대체로,auto,Auto draft: KANJIDIC2 readings/radical; Korean meaning draft derived from local Korean word gloss or curated KANJIDIC English fallback.
P3,0,抽,"[""뽑다"", ""추출하다""]","[""pluck"", ""pull"", ""extract"", ""excel""]",,2,N1:抽選=추첨 | N2:抽象=추상,auto,Auto draft: KANJIDIC2 readings/radical; Korean meaning draft derived from local Korean word gloss or curated KANJIDIC English fallback.
P3,0,拠,"[""근거"", ""의거하다""]","[""foothold"", ""based on"", ""follow"", ""therefore""]",,3,N1:根拠=근거 | N1:拠点=거점 | N2:証拠=증거,auto,Auto draft: KANJIDIC2 readings/radical; Korean meaning draft derived from local Korean word gloss or curated KANJIDIC English fallback.
P3,0,拡,"[""넓히다"", ""확대하다""]","[""broaden"", ""extend"", ""expand"", ""enlarge""]",,4,"N1:拡散=확산 | N2:拡張=확장, 연장 | N2:拡充=확충 | N3:拡大=확대",auto,Auto draft: KANJIDIC2 readings/radical; Korean meaning draft derived from local Korean word gloss or curated KANJIDIC English fallback.
P3,0,括,"[""묶다"", ""괄호"", ""총괄""]","[""fasten"", ""tie up"", ""arrest"", ""constrict""]",,2,N1:一括=모두 함께 | N2:括弧=괄호,auto,Auto draft: KANJIDIC2 readings/radical; Korean meaning draft derived from local Korean word gloss or curated KANJIDIC English fallback.
P3,0,掌,"[""손바닥""]","[""palm of hand"", ""rule"", ""administer"", ""conduct""]",,2,N1:掌=손바닥 | N2:車掌=차장,auto,Auto draft: KANJIDIC2 readings/radical; Korean meaning draft derived from local Korean word gloss or curated KANJIDIC English fallback.
P3,0,排,"[""배척하다"", ""줄 세우다""]","[""repudiate"", ""exclude"", ""expel"", ""reject"", ""line up"", ""arrange""]",,2,"N1:排水=배수 | N1:排除=배제, 제거",auto,Auto draft: KANJIDIC2 readings/radical; Korean meaning draft derived from local Korean word gloss or curated KANJIDIC English fallback.
P3,0,推,"[""추측하다"", ""밀다""]","[""conjecture"", ""infer"", ""guess"", ""suppose"", ""support"", ""push (for)""]",,6,"N1:推理=추리 | N1:推移=추이 | N1:推測=추측 | N1:推進=추진 | N2:推定=가정, 추정, 평가",auto,Auto draft: KANJIDIC2 readings/radical; Korean meaning draft derived from local Korean word gloss or curated KANJIDIC English fallback.
P3,0,提,"[""제안하다"", ""들다""]","[""propose"", ""take along"", ""carry in hand""]",,7,N1:提示=제시 | N1:提供=제공 | N1:提携=제휴 | N1:前提=전제 | N1:提起=제기,auto,Auto draft: KANJIDIC2 readings/radical; Korean meaning draft derived from local Korean word gloss or curated KANJIDIC English fallback.
P3,0,援,"[""돕다"", ""원조하다""]","[""abet"", ""help"", ""save""]",,5,"N1:後援=후원 | N1:救援=구원 | N1:支援=지원 | N3:援助=도움, 지원, 원조, 지지 | N3:応援=응원",auto,Auto draft: KANJIDIC2 readings/radical; Korean meaning draft derived from local Korean word gloss or curated KANJIDIC English fallback.
P3,0,撤,"[""철수하다"", ""거두다""]","[""remove"", ""withdraw"", ""disarm"", ""dismantle"", ""reject"", ""exclude""]",,3,N1:撤回する=철회하다 | N1:撤去=철거 | N1:撤回=철회,auto,Auto draft: KANJIDIC2 readings/radical; Korean meaning draft derived from local Korean word gloss or curated KANJIDIC English fallback.
P3,0,放,"[""내던지다"", ""내버려 두다""]","[""set free"", ""release"", ""fire"", ""shoot"", ""emit"", ""banish"", ""liberate""]",,10,"N1:奔放な=분방한 | N1:放り出す=내던지다, 포기하다 | N1:放置=방치 | N1:放射=방사 | N1:追放=추방",auto,Auto draft: KANJIDIC2 readings/radical; Korean meaning draft derived from local Korean word gloss or curated KANJIDIC English fallback.
P3,0,故,"[""까닭"", ""이유""]","[""happenstance"", ""especially"", ""intentionally"", ""reason"", ""cause"", ""circumstances"", ""the late"", ""therefore"", ""consequently""]",,7,N1:故意に=고의로 | N2:故郷=고향 | N3:故人=고인 | N3:故郷=고향 | N4:故障=고장,auto,Auto draft: KANJIDIC2 readings/radical; Korean meaning draft derived from local Korean word gloss or curated KANJIDIC English fallback.
P3,0,数,"[""수"", ""숫자""]","[""number"", ""strength"", ""fate"", ""law"", ""figures""]",,21,"N1:手数=수고, 폐 | N1:手数=수고, 폐 | N1:数詞=수사(數詞) | N1:有数=유수,굴지,손꼽음 | N2:過半数=대다수",auto,Auto draft: KANJIDIC2 readings/radical; Korean meaning draft derived from local Korean word gloss or curated KANJIDIC English fallback.
P3,0,敵,"[""적""]","[""enemy"", ""foe"", ""opponent""]",,1,N3:敵=적,auto,Auto draft: KANJIDIC2 readings/radical; Korean meaning draft derived from local Korean word gloss or curated KANJIDIC English fallback.
P3,0,文,"[""글"", ""문장"", ""문화""]","[""sentence"", ""literature"", ""style"", ""art"", ""decoration"", ""figures"", ""plan"", ""literary radical (no. 67)""]",,22,"N1:原文=원문 | N1:本文=본문 | N1:文書=문서 | N1:文化財=문화재 | N2:英文=영문, 영어 문장",auto,Auto draft: KANJIDIC2 readings/radical; Korean meaning draft derived from local Korean word gloss or curated KANJIDIC English fallback.
P3,0,斉,"[""가지런하다"", ""같다""]","[""adjusted"", ""alike"", ""equal"", ""similar variety of""]",,2,N2:一斉に=일제히 | N2:一斉=일제히,auto,Auto draft: KANJIDIC2 readings/radical; Korean meaning draft derived from local Korean word gloss or curated KANJIDIC English fallback.
P3,0,方,"[""분"", ""방향"", ""방법""]","[""direction"", ""person"", ""alternative""]",,29,"N1:仕方なく=어쩔 수 없이 | N1:先方=상대,상대방 | N1:大方=대체로, 대부분 | N1:遠方=먼 곳, 원방 | N1:方式=방식",auto,Auto draft: KANJIDIC2 readings/radical; Korean meaning draft derived from local Korean word gloss or curated KANJIDIC English fallback.
P3,0,旅,"[""여행""]","[""trip"", ""travel""]",,3,N3:旅=여행 | N4:旅行=여행 | N4:旅館=여관,auto,Auto draft: KANJIDIC2 readings/radical; Korean meaning draft derived from local Korean word gloss or curated KANJIDIC English fallback.
P3,0,族,"[""가족"", ""족속""]","[""tribe"", ""family""]",,3,N1:貴族=귀족 | N1:民族=민족 | N4:家族=가족,auto,Auto draft: KANJIDIC2 readings/radical; Korean meaning draft derived from local Korean word gloss or curated KANJIDIC English fallback.
P3,0,日,"[""태양"", ""햇빛"", ""날""]","[""day"", ""sun"", ""Japan"", ""counter for days""]",,52,"N1:西日=석양빛, 서향 볕 | N1:期日=기일, 정해진 날 | N1:日夜=밤낮,늘 | N1:連日=모든, 매 날, 하루 | N2:日陰=그늘",auto,Auto draft: KANJIDIC2 readings/radical; Korean meaning draft derived from local Korean word gloss or curated KANJIDIC English fallback.
P3,0,旦,"[""새벽"", ""아침""]","[""daybreak"", ""dawn"", ""morning""]",,2,"N1:旦那=주인, 남편(서방님) | N2:一旦=일단, 잠시",auto,Auto draft: KANJIDIC2 readings/radical; Korean meaning draft derived from local Korean word gloss or curated KANJIDIC English fallback.
P3,0,旧,"[""전-"", ""구-""]","[""old times"", ""old things"", ""old friend"", ""former"", ""ex-""]",,2,"N1:復旧=복구 | N3:旧=전-, 구-",auto,Auto draft: KANJIDIC2 readings/radical; Korean meaning draft derived from local Korean word gloss or curated KANJIDIC English fallback.
P3,0,旨,"[""뜻"", ""맛있음""]","[""delicious"", ""relish"", ""show a liking for"", ""purport"", ""will"", ""clever"", ""expert""]",,2,"N1:趣旨=취지 | N2:要旨=요지, 핵심",auto,Auto draft: KANJIDIC2 readings/radical; Korean meaning draft derived from local Korean word gloss or curated KANJIDIC English fallback.
P3,0,旬,"[""열흘"", ""제철""]","[""decameron"", ""ten-day period"", ""season (for specific products)""]",,4,N2:上旬=초순 | N2:下旬=하순 | N2:中旬=중순 | N2:初旬=초순,auto,Auto draft: KANJIDIC2 readings/radical; Korean meaning draft derived from local Korean word gloss or curated KANJIDIC English fallback.
P3,0,昔,"[""옛날"", ""과거""]","[""once upon a time"", ""antiquity"", ""old times""]",,1,"N4:昔=옛날, 과거",auto,Auto draft: KANJIDIC2 readings/radical; Korean meaning draft derived from local Korean word gloss or curated KANJIDIC English fallback.
P3,0,星,"[""별""]","[""star"", ""spot"", ""dot"", ""mark""]",,5,N1:惑星=행성 | N1:星座=별자리 | N1:火星=화성 | N3:衛星=위성 | N4:星=별,auto,Auto draft: KANJIDIC2 readings/radical; Korean meaning draft derived from local Korean word gloss or curated KANJIDIC English fallback.
P3,0,春,"[""봄""]","[""springtime"", ""spring (season)""]",,2,N1:青春=청춘 | N4:春=봄,auto,Auto draft: KANJIDIC2 readings/radical; Korean meaning draft derived from local Korean word gloss or curated KANJIDIC English fallback.
P3,0,昧,"[""어둡다"", ""어리석다""]","[""dark"", ""foolish""]",,2,N1:曖昧に=애매하게 | N2:曖昧だ=애매하다,auto,Auto draft: KANJIDIC2 readings/radical; Korean meaning draft derived from local Korean word gloss or curated KANJIDIC English fallback.
P3,0,昨,"[""지난"", ""어제""]","[""yesterday"", ""previous""]",,6,N2:一昨日=그저께 | N2:一昨年=재작년 | N5:一昨日=그저께 | N5:一昨年=재작년 | N5:昨日=어제,auto,Auto draft: KANJIDIC2 readings/radical; Korean meaning draft derived from local Korean word gloss or curated KANJIDIC English fallback.
P3,0,是,"[""옳다"", ""이것""]","[""just so"", ""this"", ""right"", ""justice""]",,2,"N1:是正=시정, 바로잡음 | N4:是非=꼭, 부디",auto,Auto draft: KANJIDIC2 readings/radical; Korean meaning draft derived from local Korean word gloss or curated KANJIDIC English fallback.
P3,0,昼,"[""점심"", ""정오"", ""낮""]","[""daytime"", ""noon""]",,5,"N1:昼飯=점심밥 | N2:昼寝=낮잠 | N3:昼食=점심 | N4:昼休み=점심시간, 점심 휴식 | N4:昼間=낮, ~동안 날, 하루",auto,Auto draft: KANJIDIC2 readings/radical; Korean meaning draft derived from local Korean word gloss or curated KANJIDIC English fallback.
P3,0,普,"[""널리"", ""보편""]","[""universal"", ""wide(ly)"", ""generally"", ""Prussia""]",,4,"N1:普遍=보편 | N1:普及=보급 | N2:普遍的=보편적 | N4:普通=보통, 평범함",auto,Auto draft: KANJIDIC2 readings/radical; Korean meaning draft derived from local Korean word gloss or curated KANJIDIC English fallback.
P3,0,晴,"[""맑다""]","[""clear up""]",,3,"N2:快晴だ=쾌청하다 | N2:快晴=쾌청 | N4:素晴らしい=훌륭한, 대단한",auto,Auto draft: KANJIDIC2 readings/radical; Korean meaning draft derived from local Korean word gloss or curated KANJIDIC English fallback.
P3,0,暇,"[""틈"", ""짬"", ""여가""]","[""spare time"", ""rest"", ""leisure"", ""time"", ""leave of absence""]",,2,"N3:休暇=휴가 | N5:暇=틈, 짬, 여가",auto,Auto draft: KANJIDIC2 readings/radical; Korean meaning draft derived from local Korean word gloss or curated KANJIDIC English fallback.
P3,0,暦,"[""달력""]","[""calendar"", ""almanac""]",,3,"N1:暦=달력 | N1:還暦=환갑 | N2:西暦=서력, 서기",auto,Auto draft: KANJIDIC2 readings/radical; Korean meaning draft derived from local Korean word gloss or curated KANJIDIC English fallback.
P3,0,曖,"[""흐릿하다"", ""불분명하다""]","[""dark"", ""not clear""]",,2,N1:曖昧に=애매하게 | N2:曖昧だ=애매하다,auto,Auto draft: KANJIDIC2 readings/radical; Korean meaning draft derived from local Korean word gloss or curated KANJIDIC English fallback.
P3,0,曜,"[""요일""]","[""weekday""]",,7,N2:水曜=수요일 | N5:土曜日=토요일 | N5:火曜日=화요일 | N5:金曜日=금요일 | N5:水曜日=수요일,auto,Auto draft: KANJIDIC2 readings/radical; Korean meaning draft derived from local Korean word gloss or curated KANJIDIC English fallback.
P3,0,月,"[""달""]","[""month"", ""moon""]",,16,"N1:満月=보름달 | N1:月賦=월부, 할부 | N1:月謝=월사금, 월 회비, 수업료 | N2:先々月=지지난달 | N2:三日月=초승달",auto,Auto draft: KANJIDIC2 readings/radical; Korean meaning draft derived from local Korean word gloss or curated KANJIDIC English fallback.
P3,0,服,"[""옷""]","[""clothing"", ""admit"", ""obey"", ""discharge""]",,9,"N1:不服=불복 | N1:征服=정복 | N1:軍服=군복 | N2:克服する=극복하다 | N2:和服=일본 전통 옷, 와후쿠",auto,Auto draft: KANJIDIC2 readings/radical; Korean meaning draft derived from local Korean word gloss or curated KANJIDIC English fallback.
P3,0,望,"[""바라다"", ""희망""]","[""ambition"", ""full moon"", ""hope"", ""desire"", ""aspire to"", ""expect""]",,10,"N1:展望=관점, 전망 | N1:志望=지망 | N1:有望=유망 | N1:待望=대망, 고대함 | N1:要望=요망",auto,Auto draft: KANJIDIC2 readings/radical; Korean meaning draft derived from local Korean word gloss or curated KANJIDIC English fallback.
P3,0,木,"[""나무""]","[""tree"", ""wood""]",,9,"N1:樹木=수목(큰나무) | N1:土木=토목 | N2:大木=큰 나무 | N2:植木=정원수, 화분 | N2:木材=목재",auto,Auto draft: KANJIDIC2 readings/radical; Korean meaning draft derived from local Korean word gloss or curated KANJIDIC English fallback.
P3,0,末,"[""끝"", ""말""]","[""end"", ""close"", ""tip"", ""powder"", ""posterity""]",,10,"N1:始末=처리, 전말 | N1:結末=결말 | N1:粉末=분말, 가루 | N1:末期=말기, 임종 | N1:期末=기말",auto,Auto draft: KANJIDIC2 readings/radical; Korean meaning draft derived from local Korean word gloss or curated KANJIDIC English fallback.
P3,0,札,"[""표"", ""패"", ""부적""]","[""tag"", ""paper money"", ""counter for bonds"", ""placard"", ""bid""]",,3,"N1:名札=명찰, 이름표 | N1:札=표, 패, 부적 | N3:改札=개찰",auto,Auto draft: KANJIDIC2 readings/radical; Korean meaning draft derived from local Korean word gloss or curated KANJIDIC English fallback.
P3,0,机,"[""책상""]","[""desk"", ""table""]",,1,N5:机=책상,auto,Auto draft: KANJIDIC2 readings/radical; Korean meaning draft derived from local Korean word gloss or curated KANJIDIC English fallback.
P3,0,杉,"[""삼나무""]","[""cedar"", ""cryptomeria""]",,1,N2:杉=삼나무,auto,Auto draft: KANJIDIC2 readings/radical; Korean meaning draft derived from local Korean word gloss or curated KANJIDIC English fallback.
P3,0,杖,"[""지팡이""]","[""staff"", ""cane""]",,1,N1:杖=지팡이,auto,Auto draft: KANJIDIC2 readings/radical; Korean meaning draft derived from local Korean word gloss or curated KANJIDIC English fallback.
P3,0,束,"[""다발"", ""묶음""]","[""bundle"", ""sheaf"", ""ream"", ""tie in bundles"", ""govern"", ""manage"", ""control""]",,6,"N1:束縛=속박 | N1:収束=수습,해결 | N1:結束=결속 | N3:束=다발, 묶음 | N3:拘束=구속",auto,Auto draft: KANJIDIC2 readings/radical; Korean meaning draft derived from local Korean word gloss or curated KANJIDIC English fallback.
P3,0,条,"[""조항"", ""가지""]","[""article"", ""clause"", ""counter for articles, clauses, paragraphs, etc."", ""twig"", ""item"", ""stripe"", ""streak""]",,3,"N1:条約=조약 | N1:箇条書き=항목별 작성, 개조식 | N3:条件=조건",auto,Auto draft: KANJIDIC2 readings/radical; Korean meaning draft derived from local Korean word gloss or curated KANJIDIC English fallback.
P3,0,杯,"[""술잔"", ""잔""]","[""counter for cupfuls"", ""wine glass"", ""glass"", ""toast""]",,3,"N1:杯=술잔, 잔 | N2:乾杯=건배 | N4:一杯=가득 찬, 최대한의",auto,Auto draft: KANJIDIC2 readings/radical; Korean meaning draft derived from local Korean word gloss or curated KANJIDIC English fallback.
P3,0,東,"[""동쪽""]","[""east""]",,4,"N2:東洋=동양 | N2:関東=간토 | N2:東西=동서, 온 나라 | N5:東=동쪽",auto,Auto draft: KANJIDIC2 readings/radical; Korean meaning draft derived from local Korean word gloss or curated KANJIDIC English fallback.
P3,0,板,"[""판자"", ""널빤지""]","[""plank"", ""board"", ""plate"", ""stage""]",,2,"N2:看板=간판 | N3:板=판자,널빤지",auto,Auto draft: KANJIDIC2 readings/radical; Korean meaning draft derived from local Korean word gloss or curated KANJIDIC English fallback.
P3,0,枕,"[""베개""]","[""pillow""]",,1,N2:枕=베개,auto,Auto draft: KANJIDIC2 readings/radical; Korean meaning draft derived from local Korean word gloss or curated KANJIDIC English fallback.
P3,0,林,"[""수풀"", ""숲""]","[""grove"", ""forest""]",,3,"N2:山林=산 숲 | N2:森林=삼림, 숲 | N4:林=수풀, 숲",auto,Auto draft: KANJIDIC2 readings/radical; Korean meaning draft derived from local Korean word gloss or curated KANJIDIC English fallback.
P3,0,枠,"[""틀"", ""테두리""]","[""frame"", ""framework"", ""spindle"", ""spool"", ""bounding-box"", ""(kokuji)""]",,1,"N1:枠=틀,테두리",auto,Auto draft: KANJIDIC2 readings/radical; Korean meaning draft derived from local Korean word gloss or curated KANJIDIC English fallback.
P3,0,柄,"[""손잡이"", ""자루""]","[""design"", ""pattern"", ""build"", ""nature"", ""character"", ""handle"", ""crank"", ""grip"", ""knob"", ""shaft""]",,5,"N1:大柄=큰 체격; 큰 무늬 | N1:事柄=사항, 일 | N1:小柄=몸집이 작음 | N1:間柄=사이, 관계 | N3:柄=손잡이, 자루",auto,Auto draft: KANJIDIC2 readings/radical; Korean meaning draft derived from local Korean word gloss or curated KANJIDIC English fallback.
P3,0,柔,"[""부드럽다"", ""온화함""]","[""tender"", ""weakness"", ""gentleness"", ""softness""]",,3,N1:柔軟=유연함 | N2:柔らかい=부드럽다 | N4:柔道=유도,auto,Auto draft: KANJIDIC2 readings/radical; Korean meaning draft derived from local Korean word gloss or curated KANJIDIC English fallback.
P3,0,栓,"[""마개"", ""꼭지""]","[""plug"", ""bolt"", ""cork"", ""bung"", ""stopper""]",,1,"N2:栓=마개, 꼭지",auto,Auto draft: KANJIDIC2 readings/radical; Korean meaning draft derived from local Korean word gloss or curated KANJIDIC English fallback.
P3,0,校,"[""학교"", ""교정하다""]","[""exam"", ""school"", ""printing"", ""proof"", ""correction""]",,11,"N1:母校=모교 | N1:登校=등교 | N2:校舎=학교 건물 | N2:校庭=교정, 운동장 | N2:高等学校=고등학교",auto,Auto draft: KANJIDIC2 readings/radical; Korean meaning draft derived from local Korean word gloss or curated KANJIDIC English fallback.
P3,0,株,"[""주식"", ""그루터기""]","[""stocks"", ""stump"", ""shares"", ""stock"", ""counter for small plants""]",,2,"N1:株式=주식, 재고 | N3:株=주식, 그루터기",auto,Auto draft: KANJIDIC2 readings/radical; Korean meaning draft derived from local Korean word gloss or curated KANJIDIC English fallback.
P3,0,核,"[""핵""]","[""nucleus"", ""core"", ""kernel""]",,3,N1:核心=핵심 | N1:結核=결핵 | N3:核=핵,auto,Auto draft: KANJIDIC2 readings/radical; Korean meaning draft derived from local Korean word gloss or curated KANJIDIC English fallback.
P3,0,根,"[""뿌리""]","[""root"", ""radical"", ""head (pimple)""]",,10,"N1:根底=근저, 근본, 밑바닥 | N1:根源=근원 | N1:根回し=사전 교섭, 사전 조율 | N1:根こそぎ=전부, 모조리, 몽땅 | N1:根拠=근거",auto,Auto draft: KANJIDIC2 readings/radical; Korean meaning draft derived from local Korean word gloss or curated KANJIDIC English fallback.
P3,0,格,"[""격"", ""지위"", ""자격""]","[""status"", ""rank"", ""capacity"", ""character"", ""case (law, grammar)""]",,14,"N1:格段に=현격하게 | N1:人格=성격, 문자 | N1:本格=본격(적임) | N1:格段=현격함,차이가큼 | N1:失格=실격",auto,Auto draft: KANJIDIC2 readings/radical; Korean meaning draft derived from local Korean word gloss or curated KANJIDIC English fallback.
P3,0,桁,"[""자릿수""]","[""beam"", ""girder"", ""spar"", ""unit or column (accounting)""]",,1,N2:桁=자릿수,auto,Auto draft: KANJIDIC2 readings/radical; Korean meaning draft derived from local Korean word gloss or curated KANJIDIC English fallback.
P3,0,案,"[""안"", ""방안""]","[""plan"", ""suggestion"", ""draft"", ""ponder"", ""fear"", ""proposition"", ""idea"", ""expectation"", ""worry"", ""table"", ""bench""]",,6,"N1:案の定=역시,예상대로 | N1:法案=법안 | N2:案外=의외로 | N3:案=안, 방안 | N3:提案=제안",auto,Auto draft: KANJIDIC2 readings/radical; Korean meaning draft derived from local Korean word gloss or curated KANJIDIC English fallback.
P3,0,桜,"[""벚꽃"", ""벚나무""]","[""cherry""]",,1,"N3:桜=벚꽃, 벚나무",auto,Auto draft: KANJIDIC2 readings/radical; Korean meaning draft derived from local Korean word gloss or curated KANJIDIC English fallback.
P3,0,梅,"[""매실"", ""매화"", ""하급""]","[""plum""]",,2,"N1:梅干し=우메보시(매실 장아찌) | N3:梅=매실, 매화, 하급",auto,Auto draft: KANJIDIC2 readings/radical; Korean meaning draft derived from local Korean word gloss or curated KANJIDIC English fallback.
P3,0,梢,"[""나무 꼭대기""]","[""treetops"", ""twig""]",,1,N1:梢=나무 꼭대기,auto,Auto draft: KANJIDIC2 readings/radical; Korean meaning draft derived from local Korean word gloss or curated KANJIDIC English fallback.
P3,0,械,"[""기계"", ""도구""]","[""contraption"", ""fetter"", ""machine"", ""instrument""]",,2,"N3:器械=특정 기능을 하는 기구·장치 | N3:機械=기계, 동력 장치",auto,Auto draft: KANJIDIC2 readings/radical; Korean meaning draft derived from local Korean word gloss or curated KANJIDIC English fallback.
P3,0,棄,"[""버리다"", ""포기하다""]","[""abandon"", ""throw away"", ""discard"", ""resign"", ""reject"", ""sacrifice""]",,3,N1:棄権=기권 | N1:廃棄=폐기 | N1:破棄=파기,auto,Auto draft: KANJIDIC2 readings/radical; Korean meaning draft derived from local Korean word gloss or curated KANJIDIC English fallback.
P3,0,森,"[""숲""]","[""forest"", ""woods""]",,2,"N2:森林=삼림, 숲 | N3:森=숲",auto,Auto draft: KANJIDIC2 readings/radical; Korean meaning draft derived from local Korean word gloss or curated KANJIDIC English fallback.
P3,0,検,"[""검사"", ""조사하다""]","[""examination"", ""investigate""]",,5,"N1:検事=검사 | N1:探検=탐험 | N1:検討=검토 | N1:点検=검사, 점검, 시험, 확인하다 | N3:検査=검사",auto,Auto draft: KANJIDIC2 readings/radical; Korean meaning draft derived from local Korean word gloss or curated KANJIDIC English fallback.
P3,0,業,"[""일"", ""직업"", ""업적""]","[""business"", ""vocation"", ""arts"", ""performance""]",,25,"N1:実業家=실업가 | N1:事業=사업 | N1:仕業=짓, 소행 | N1:兼業=겸업 | N1:鉱業=광업",auto,Auto draft: KANJIDIC2 readings/radical; Korean meaning draft derived from local Korean word gloss or curated KANJIDIC English fallback.
P3,0,極,"[""꽤"", ""상당히"", ""매우""]","[""extreme"", ""pole"", ""extremely"", ""very"", ""highly"", ""most"", ""end"", ""settlement"", ""conclusion"", ""highest rank""]",,11,"N1:極力=극력,힘껏 | N1:極めて=매우,지극히 | N1:極端=극단 | N1:究極=궁극 | N1:極楽=극락, 천국",auto,Auto draft: KANJIDIC2 readings/radical; Korean meaning draft derived from local Korean word gloss or curated KANJIDIC English fallback.
P3,0,楽,"[""편함"", ""안락""]","[""music"", ""comfort"", ""ease""]",,11,"N1:楽観=낙관 | N1:極楽=극락, 천국 | N1:楽譜=악보 | N2:気楽だ=마음편하다 | N2:娯楽=오락, 휴양",auto,Auto draft: KANJIDIC2 readings/radical; Korean meaning draft derived from local Korean word gloss or curated KANJIDIC English fallback.
P3,0,標,"[""표시"", ""목표""]","[""signpost"", ""seal"", ""mark"", ""stamp"", ""imprint"", ""symbol"", ""emblem"", ""trademark"", ""evidence"", ""souvenir"", ""target""]",,5,"N1:座標=좌표 | N2:標本=표본, 견본 | N2:標準=표준 | N2:標識=표지, 표식 | N3:目標=목표",auto,Auto draft: KANJIDIC2 readings/radical; Korean meaning draft derived from local Korean word gloss or curated KANJIDIC English fallback.
P3,0,模,"[""모방"", ""본뜨다""]","[""imitation"", ""copy"", ""mock""]",,6,N1:模索=모색 | N1:規模=규모 | N1:模倣=모방 | N2:模型=모형 | N2:模範=모범,auto,Auto draft: KANJIDIC2 readings/radical; Korean meaning draft derived from local Korean word gloss or curated KANJIDIC English fallback.
P3,0,橋,"[""다리"", ""교량""]","[""bridge""]",,3,"N1:桟橋=부두, 선착장 | N2:鉄橋=철교 | N5:橋=다리, 교량",auto,Auto draft: KANJIDIC2 readings/radical; Korean meaning draft derived from local Korean word gloss or curated KANJIDIC English fallback.
P3,0,檻,"[""우리"", ""감옥""]","[""pen"", ""corral"", ""cell"", ""jail""]",,1,"N1:檻=우리, 감옥",auto,Auto draft: KANJIDIC2 readings/radical; Korean meaning draft derived from local Korean word gloss or curated KANJIDIC English fallback.
P3,0,櫛,"[""빗""]","[""comb""]",,1,N2:櫛=빗,auto,Auto draft: KANJIDIC2 readings/radical; Korean meaning draft derived from local Korean word gloss or curated KANJIDIC English fallback.
P3,0,欄,"[""난"", ""칸""]","[""column"", ""handrail"", ""blank"", ""space""]",,1,"N2:欄=난, 칸",auto,Auto draft: KANJIDIC2 readings/radical; Korean meaning draft derived from local Korean word gloss or curated KANJIDIC English fallback.
P3,0,欲,"[""욕심"", ""욕망""]","[""longing"", ""covetousness"", ""greed"", ""passion"", ""desire"", ""craving""]",,7,"N1:欲=욕심, 욕망 | N1:意欲=의욕 | N1:欲望=욕망, 욕구 | N1:欲深い=욕심 많다, 탐욕스럽다 | N2:欲張り=욕심쟁이, 탐욕스러움",auto,Auto draft: KANJIDIC2 readings/radical; Korean meaning draft derived from local Korean word gloss or curated KANJIDIC English fallback.
P3,0,歌,"[""노래""]","[""song"", ""sing""]",,5,"N1:短歌=단가 | N2:歌謡=가요, 노래 | N3:歌手=가수 | N4:歌=노래 | N5:歌う=노래하다",auto,Auto draft: KANJIDIC2 readings/radical; Korean meaning draft derived from local Korean word gloss or curated KANJIDIC English fallback.
P3,0,歓,"[""기쁨"", ""환영""]","[""delight"", ""joy""]",,2,N1:歓迎=환영 | N3:歓声=환성,auto,Auto draft: KANJIDIC2 readings/radical; Korean meaning draft derived from local Korean word gloss or curated KANJIDIC English fallback.
P3,0,武,"[""무사"", ""군사""]","[""warrior"", ""military"", ""chivalry"", ""arms""]",,4,"N1:武力=무력 | N1:武装=무장 | N2:武士=무사, 사무라이 | N3:武器=무기",auto,Auto draft: KANJIDIC2 readings/radical; Korean meaning draft derived from local Korean word gloss or curated KANJIDIC English fallback.
P3,0,歯,"[""이"", ""치아""]","[""tooth"", ""cog""]",,5,"N1:歯科=치과 | N2:歯磨き=양치질, 치약 | N2:歯車=톱니바퀴, 기어 | N3:歯=이,치아 | N4:歯医者=치과의사",auto,Auto draft: KANJIDIC2 readings/radical; Korean meaning draft derived from local Korean word gloss or curated KANJIDIC English fallback.
P3,0,歳,"[""해"", ""나이""]","[""year-end"", ""age"", ""occasion"", ""opportunity""]",,2,"N2:万歳=만세 | N5:二十歳=20세, 스무 살",auto,Auto draft: KANJIDIC2 readings/radical; Korean meaning draft derived from local Korean word gloss or curated KANJIDIC English fallback.
P3,0,段,"[""단"", ""계단""]","[""grade"", ""steps"", ""stairs""]",,7,"N1:格段に=현격하게 | N1:格段=현격함,차이가큼 | N2:段階=단계 | N3:手段=수단 | N3:段=단, 계단",auto,Auto draft: KANJIDIC2 readings/radical; Korean meaning draft derived from local Korean word gloss or curated KANJIDIC English fallback.
P3,0,殻,"[""껍데기"", ""껍질""]","[""husk"", ""nut shell""]",,2,"N1:貝殻=조개껍데기 | N2:殻=껍데기, 껍질",auto,Auto draft: KANJIDIC2 readings/radical; Korean meaning draft derived from local Korean word gloss or curated KANJIDIC English fallback.
P3,0,殿,"[""귀하"", ""님""]","[""Mr."", ""hall"", ""mansion"", ""palace"", ""temple"", ""lord""]",,4,"N1:神殿=신전 | N1:宮殿=궁전 | N1:殿様=영주, 도련님 | N2:殿=귀하, 님",auto,Auto draft: KANJIDIC2 readings/radical; Korean meaning draft derived from local Korean word gloss or curated KANJIDIC English fallback.
P3,0,母,"[""엄마""]","[""mother""]",,8,"N1:母国=모국 | N1:母校=모교 | N2:伯母=부모보다 나이가 많은 아주머니 | N2:叔母=부모보다 나이가 어린 아주머니 | N2:父母=아버지 어머니, 부모",auto,Auto draft: KANJIDIC2 readings/radical; Korean meaning draft derived from local Korean word gloss or curated KANJIDIC English fallback.
P3,0,毎,"[""매번"", ""마다""]","[""every""]",,4,"N2:毎度=매번, 늘 | N4:毎朝=매일 아침 | N5:毎週=매주 | N5:毎日=매일",auto,Auto draft: KANJIDIC2 readings/radical; Korean meaning draft derived from local Korean word gloss or curated KANJIDIC English fallback.
P3,0,毒,"[""독"", ""해""]","[""poison"", ""virus"", ""venom"", ""germ"", ""harm"", ""injury"", ""spite""]",,2,N1:中毒=중독 | N2:消毒=소독,auto,Auto draft: KANJIDIC2 readings/radical; Korean meaning draft derived from local Korean word gloss or curated KANJIDIC English fallback.
P3,0,毛,"[""머리카락"", ""털""]","[""fur"", ""hair"", ""feather"", ""down""]",,6,N2:毛皮=모피 | N2:羊毛=양모 | N2:毛糸=털실 | N3:髪の毛=머리카락(머리) | N3:毛布=담요,auto,Auto draft: KANJIDIC2 readings/radical; Korean meaning draft derived from local Korean word gloss or curated KANJIDIC English fallback.
P3,0,民,"[""백성"", ""국민""]","[""people"", ""nation"", ""subjects""]",,11,"N1:民俗=민속 | N1:庶民=흔한, 공통의 사람들 | N1:人民=인민 | N1:移民=이민 | N1:民族=민족",auto,Auto draft: KANJIDIC2 readings/radical; Korean meaning draft derived from local Korean word gloss or curated KANJIDIC English fallback.
P3,0,気,"[""정신"", ""기운"", ""기분""]","[""spirit"", ""mind"", ""air"", ""atmosphere"", ""mood""]",,52,"N1:寒気=오한, 한기 | N1:湿気る=습기를 머금다, 축축해지다 | N1:何気ない=아무렇지 않은, 무심한 | N1:気配=기미,기색 | N1:浮気=바람기, 바람피움",auto,Auto draft: KANJIDIC2 readings/radical; Korean meaning draft derived from local Korean word gloss or curated KANJIDIC English fallback.
P3,0,水,"[""물""]","[""water""]",,29,"N1:排水=배수 | N1:大水=큰물, 홍수 | N1:水源=수원, 물의 근원 | N1:潜水=잠수 | N1:水田=논, 수전",auto,Auto draft: KANJIDIC2 readings/radical; Korean meaning draft derived from local Korean word gloss or curated KANJIDIC English fallback.
P3,0,永,"[""길다"", ""영원""]","[""eternity"", ""long"", ""lengthy""]",,2,"N3:永久=영원, 영구, 불멸 | N3:永遠=영원, 영구, 불멸",auto,Auto draft: KANJIDIC2 readings/radical; Korean meaning draft derived from local Korean word gloss or curated KANJIDIC English fallback.
P3,0,汁,"[""즙"", ""국물""]","[""soup"", ""juice"", ""broth"", ""sap"", ""gravy"", ""pus""]",,1,"N2:汁=즙, 국물",auto,Auto draft: KANJIDIC2 readings/radical; Korean meaning draft derived from local Korean word gloss or curated KANJIDIC English fallback.
P3,0,汗,"[""땀""]","[""sweat"", ""perspire""]",,1,N3:汗=땀,auto,Auto draft: KANJIDIC2 readings/radical; Korean meaning draft derived from local Korean word gloss or curated KANJIDIC English fallback.
P3,0,池,"[""연못""]","[""pond"", ""cistern"", ""pool"", ""reservoir""]",,3,"N2:電池=전지, 배터리 | N2:乾電池=건전지 | N4:池=연못",auto,Auto draft: KANJIDIC2 readings/radical; Korean meaning draft derived from local Korean word gloss or curated KANJIDIC English fallback.
P3,0,汰,"[""걸러내다"", ""사치""]","[""washing"", ""sieving"", ""filtering"", ""weeding out"", ""luxury""]",,2,"N2:無沙汰=소식이 없음, 연락이 뜸함 | N2:御無沙汰=오래 연락하지 않음, 소식이 뜸함",auto,Auto draft: KANJIDIC2 readings/radical; Korean meaning draft derived from local Korean word gloss or curated KANJIDIC English fallback.
P3,0,決,"[""표결"", ""결정""]","[""decide"", ""fix"", ""agree upon"", ""appoint""]",,15,"N1:採決=표결, 채결 | N1:可決=가결 | N1:決断=결정, 결심 | N1:決議=결의 | N1:決意=결의",auto,Auto draft: KANJIDIC2 readings/radical; Korean meaning draft derived from local Korean word gloss or curated KANJIDIC English fallback.
P3,0,沙,"[""모래""]","[""sand""]",,2,"N2:無沙汰=소식이 없음, 연락이 뜸함 | N2:御無沙汰=오래 연락하지 않음, 소식이 뜸함",auto,Auto draft: KANJIDIC2 readings/radical; Korean meaning draft derived from local Korean word gloss or curated KANJIDIC English fallback.
P3,0,没,"[""가라앉다"", ""사라지다""]","[""drown"", ""sink"", ""hide"", ""fall into"", ""disappear"", ""die""]",,5,N1:出没=출몰 | N1:没収=몰수 | N1:沈没=침몰 | N1:没頭=몰두 | N1:没頭する=몰두하다,auto,Auto draft: KANJIDIC2 readings/radical; Korean meaning draft derived from local Korean word gloss or curated KANJIDIC English fallback.
P3,0,沢,"[""못"", ""윤택함""]","[""swamp"", ""marsh"", ""brilliance"", ""grace""]",,3,"N1:光沢=광택 | N3:贅沢=사치, 호화 | N5:沢山=많이",auto,Auto draft: KANJIDIC2 readings/radical; Korean meaning draft derived from local Korean word gloss or curated KANJIDIC English fallback.
P3,0,油,"[""기름""]","[""oil"", ""fat""]",,5,N1:油断=방심 | N1:原油=원유 | N2:灯油=등유 | N3:油=기름 | N3:石油=석유,auto,Auto draft: KANJIDIC2 readings/radical; Korean meaning draft derived from local Korean word gloss or curated KANJIDIC English fallback.
P3,0,沼,"[""늪"", ""못""]","[""marsh"", ""lake"", ""bog"", ""swamp"", ""pond""]",,1,"N1:沼=늪, 못",auto,Auto draft: KANJIDIC2 readings/radical; Korean meaning draft derived from local Korean word gloss or curated KANJIDIC English fallback.
P3,0,沿,"[""따르다"", ""연하다""]","[""run alongside"", ""follow along"", ""run along"", ""lie along""]",,2,N1:沿岸=해안 | N1:沿線=연선(철도변),auto,Auto draft: KANJIDIC2 readings/radical; Korean meaning draft derived from local Korean word gloss or curated KANJIDIC English fallback.
P3,0,況,"[""상황"", ""형편""]","[""condition"", ""situation""]",,3,N1:好況=호황 | N1:不況=불황 | N2:状況=상황,auto,Auto draft: KANJIDIC2 readings/radical; Korean meaning draft derived from local Korean word gloss or curated KANJIDIC English fallback.
P3,0,泉,"[""샘"", ""분수""]","[""spring"", ""fountain""]",,2,"N3:泉=샘, 분수 | N3:温泉=온천",auto,Auto draft: KANJIDIC2 readings/radical; Korean meaning draft derived from local Korean word gloss or curated KANJIDIC English fallback.
P3,0,泡,"[""거품""]","[""bubbles"", ""foam"", ""suds"", ""froth""]",,1,N3:泡=거품,auto,Auto draft: KANJIDIC2 readings/radical; Korean meaning draft derived from local Korean word gloss or curated KANJIDIC English fallback.
P3,0,波,"[""파도""]","[""waves"", ""billows"", ""Poland""]",,6,"N1:津波=쓰나미, 지진해일 | N1:人波=인파 | N1:波及=파급 | N1:余波=여파 | N2:電波=전파",auto,Auto draft: KANJIDIC2 readings/radical; Korean meaning draft derived from local Korean word gloss or curated KANJIDIC English fallback.
P3,0,洋,"[""바다"", ""서양""]","[""ocean"", ""sea"", ""foreign"", ""Western style""]",,4,"N2:東洋=동양 | N2:海洋=해양 | N4:洋服=양복, 서양식 옷 | N4:西洋=서양",auto,Auto draft: KANJIDIC2 readings/radical; Korean meaning draft derived from local Korean word gloss or curated KANJIDIC English fallback.
P3,0,洒,"[""씻다"", ""뿌리다""]","[""wash"", ""sprinkle""]",,2,"N2:洒落=익살, 재담; 멋 | N3:お洒落=멋쟁이, 세련됨",auto,Auto draft: KANJIDIC2 readings/radical; Korean meaning draft derived from local Korean word gloss or curated KANJIDIC English fallback.
P3,0,活,"[""살다"", ""활발함""]","[""lively"", ""resuscitation"", ""being helped"", ""living""]",,8,"N1:復活=부활 | N2:活躍=활약 | N2:活字=활자 | N2:活発=활발 | N2:活力=활력, 에너지",auto,Auto draft: KANJIDIC2 readings/radical; Korean meaning draft derived from local Korean word gloss or curated KANJIDIC English fallback.
P3,0,派,"[""파"", ""파벌""]","[""faction"", ""group"", ""party"", ""clique"", ""sect"", ""school""]",,7,"N1:特派=특파 | N1:派生=파생 | N1:派遣=파견 | N2:派手=화려함, 요란함 | N3:立派だ=훌륭하다",auto,Auto draft: KANJIDIC2 readings/radical; Korean meaning draft derived from local Korean word gloss or curated KANJIDIC English fallback.
P3,0,海,"[""바다""]","[""sea"", ""ocean""]",,10,N1:航海=항해 | N1:海流=해류 | N1:海運=해운 | N1:海峡=해협 | N1:海抜=해발,auto,Auto draft: KANJIDIC2 readings/radical; Korean meaning draft derived from local Korean word gloss or curated KANJIDIC English fallback.
P3,0,涙,"[""눈물""]","[""tears"", ""sympathy""]",,1,N3:涙=눈물,auto,Auto draft: KANJIDIC2 readings/radical; Korean meaning draft derived from local Korean word gloss or curated KANJIDIC English fallback.
P3,0,渉,"[""건너다"", ""관련되다""]","[""ford"", ""go cross"", ""transit"", ""ferry"", ""import"", ""involve""]",,3,N1:交渉=협상 | N1:干渉する=간섭하다 | N1:干渉=간섭,auto,Auto draft: KANJIDIC2 readings/radical; Korean meaning draft derived from local Korean word gloss or curated KANJIDIC English fallback.
P3,0,渚,"[""물가"", ""바닷가""]","[""strand"", ""beach"", ""shore""]",,1,"N1:渚=물가, 바닷가",auto,Auto draft: KANJIDIC2 readings/radical; Korean meaning draft derived from local Korean word gloss or curated KANJIDIC English fallback.
P3,0,港,"[""항구""]","[""harbor""]",,2,N4:空港=공항 | N4:港=항구,auto,Auto draft: KANJIDIC2 readings/radical; Korean meaning draft derived from local Korean word gloss or curated KANJIDIC English fallback.
P3,0,湖,"[""호수""]","[""lake""]",,1,N3:湖=호수,auto,Auto draft: KANJIDIC2 readings/radical; Korean meaning draft derived from local Korean word gloss or curated KANJIDIC English fallback.
P3,0,湯,"[""뜨거운 물"", ""목욕물""]","[""hot water"", ""bath"", ""hot spring""]",,4,"N1:熱湯=끓는 물, 열탕 | N2:湯気=김, 수증기 | N2:湯飲み=찻잔 | N4:湯=뜨거운 물, 목욕물",auto,Auto draft: KANJIDIC2 readings/radical; Korean meaning draft derived from local Korean word gloss or curated KANJIDIC English fallback.
P3,0,湾,"[""만""]","[""gulf"", ""bay"", ""inlet""]",,1,N3:湾=만,auto,Auto draft: KANJIDIC2 readings/radical; Korean meaning draft derived from local Korean word gloss or curated KANJIDIC English fallback.
P3,0,源,"[""근원"", ""원천""]","[""source"", ""origin""]",,8,"N1:財源=재원 | N1:水源=수원, 물의 근원 | N1:根源=근원 | N1:源=근원, 원천 | N1:語源=어원",auto,Auto draft: KANJIDIC2 readings/radical; Korean meaning draft derived from local Korean word gloss or curated KANJIDIC English fallback.
P3,0,準,"[""준하다"", ""따르다""]","[""semi-"", ""correspond to"", ""proportionate to"", ""conform"", ""imitate""]",,3,N1:基準=기준 | N2:標準=표준 | N4:準備=준비,auto,Auto draft: KANJIDIC2 readings/radical; Korean meaning draft derived from local Korean word gloss or curated KANJIDIC English fallback.
P3,0,滝,"[""폭포""]","[""waterfall"", ""rapids"", ""cascade""]",,1,N2:滝=폭포,auto,Auto draft: KANJIDIC2 readings/radical; Korean meaning draft derived from local Korean word gloss or curated KANJIDIC English fallback.
P3,0,漁,"[""고기잡이"", ""어업""]","[""fishing"", ""fishery""]",,3,N1:漁船=어선 | N2:漁業=어업 | N2:漁師=어부,auto,Auto draft: KANJIDIC2 readings/radical; Korean meaning draft derived from local Korean word gloss or curated KANJIDIC English fallback.
P3,0,漠,"[""막연함"", ""사막""]","[""vague"", ""obscure"", ""desert"", ""wide""]",,2,N1:砂漠=사막 | N1:漠然と=막연하게,auto,Auto draft: KANJIDIC2 readings/radical; Korean meaning draft derived from local Korean word gloss or curated KANJIDIC English fallback.
P3,0,漢,"[""중국"", ""한자""]","[""Sino-"", ""China""]",,2,N2:漢和=한일(한자-일본어) | N5:漢字=한자,auto,Auto draft: KANJIDIC2 readings/radical; Korean meaning draft derived from local Korean word gloss or curated KANJIDIC English fallback.
P3,0,潮,"[""조수"", ""밀물 썰물""]","[""tide"", ""salt water"", ""opportunity""]",,2,"N1:風潮=풍조 | N1:潮=조수, 밀물 썰물",auto,Auto draft: KANJIDIC2 readings/radical; Korean meaning draft derived from local Korean word gloss or curated KANJIDIC English fallback.
P3,0,火,"[""불""]","[""fire""]",,11,"N1:焚き火=모닥불 | N1:火星=화성 | N2:火口=분화구 | N2:噴火=분화, 화산 폭발 | N2:花火=불꽃놀이, 폭죽",auto,Auto draft: KANJIDIC2 readings/radical; Korean meaning draft derived from local Korean word gloss or curated KANJIDIC English fallback.
P3,0,灯,"[""등불""]","[""lamp"", ""a light"", ""light"", ""counter for lights""]",,4,N2:灯台=등대 | N2:灯油=등유 | N2:蛍光灯=형광등 | N4:電灯=전등,auto,Auto draft: KANJIDIC2 readings/radical; Korean meaning draft derived from local Korean word gloss or curated KANJIDIC English fallback.
P3,0,災,"[""재앙"", ""재난""]","[""disaster"", ""calamity"", ""woe"", ""curse"", ""evil""]",,3,"N1:災害=재난, 불운 | N2:災難=재난, 불운 | N3:火災=화재",auto,Auto draft: KANJIDIC2 readings/radical; Korean meaning draft derived from local Korean word gloss or curated KANJIDIC English fallback.
P3,0,炭,"[""숯"", ""석탄""]","[""charcoal"", ""coal""]",,2,N1:炭素=탄소 | N2:炭鉱=탄광,auto,Auto draft: KANJIDIC2 readings/radical; Korean meaning draft derived from local Korean word gloss or curated KANJIDIC English fallback.
P3,0,点,"[""점"", ""점수"", ""표시""]","[""spot"", ""point"", ""mark"", ""speck"", ""decimal point""]",,26,"N1:得点=득점, 점수 | N1:起点=기점 | N1:難点=곤란한점 | N1:原点=원점, 출발점 | N1:点線=점선",auto,Auto draft: KANJIDIC2 readings/radical; Korean meaning draft derived from local Korean word gloss or curated KANJIDIC English fallback.
P3,0,烈,"[""맹렬함"", ""격렬함""]","[""ardent"", ""violent"", ""vehement"", ""furious"", ""severe"", ""extreme""]",,5,"N1:強烈=강렬함 | N1:猛烈=맹렬함 | N1:痛烈=통렬, 호됨 | N1:猛烈に=맹렬히 | N2:強烈だ=강렬하다",auto,Auto draft: KANJIDIC2 readings/radical; Korean meaning draft derived from local Korean word gloss or curated KANJIDIC English fallback.
P3,0,煙,"[""연기""]","[""smoke""]",,5,"N1:煙る=연기가 나다 | N1:煙たい=연기 자욱하다, 거북하다 | N2:煙突=굴뚝 | N3:煙=연기 | N3:禁煙=금연",auto,Auto draft: KANJIDIC2 readings/radical; Korean meaning draft derived from local Korean word gloss or curated KANJIDIC English fallback.
P3,0,煩,"[""번거롭다"", ""걱정""]","[""anxiety"", ""trouble"", ""worry"", ""pain"", ""ill"", ""annoy"", ""nuisance"", ""irksome""]",,2,"N1:煩雑な=번잡한 | N1:煩わしい=성가시다,번거롭다; 성가시다, 번거롭다",auto,Auto draft: KANJIDIC2 readings/radical; Korean meaning draft derived from local Korean word gloss or curated KANJIDIC English fallback.
P3,0,熟,"[""익다"", ""숙달하다""]","[""mellow"", ""ripen"", ""mature"", ""acquire skill""]",,4,"N1:熟知=숙지 | N1:未熟=미숙 | N1:成熟=성숙 | N2:熟語=숙어, 한자어",auto,Auto draft: KANJIDIC2 readings/radical; Korean meaning draft derived from local Korean word gloss or curated KANJIDIC English fallback.
P3,0,燥,"[""마르다"", ""건조""]","[""parch"", ""dry up""]",,2,N2:乾燥=건조 | N2:乾燥する=건조하다,auto,Auto draft: KANJIDIC2 readings/radical; Korean meaning draft derived from local Korean word gloss or curated KANJIDIC English fallback.
P3,0,爆,"[""폭발하다""]","[""bomb"", ""burst open"", ""pop"", ""split""]",,3,"N1:爆弾=폭탄 | N1:爆破=폭파 | N1:原爆=원자폭탄, 원폭",auto,Auto draft: KANJIDIC2 readings/radical; Korean meaning draft derived from local Korean word gloss or curated KANJIDIC English fallback.
P3,0,爪,"[""손톱"", ""발톱""]","[""claw"", ""nail"", ""talon""]",,1,"N2:爪=손톱, 발톱",auto,Auto draft: KANJIDIC2 readings/radical; Korean meaning draft derived from local Korean word gloss or curated KANJIDIC English fallback.
P3,0,父,"[""아빠"", ""아버지""]","[""father""]",,11,"N1:親父=아버지, 아저씨 | N2:伯父さん=부모보다 나이가 많은 삼촌; 아저씨 | N2:伯父=큰아버지, 백부 | N2:叔父=작은아버지, 숙부 | N2:小父さん=아저씨",auto,Auto draft: KANJIDIC2 readings/radical; Korean meaning draft derived from local Korean word gloss or curated KANJIDIC English fallback.
P3,0,爽,"[""상쾌하다"", ""시원하다""]","[""refreshing"", ""bracing"", ""resonant"", ""sweet"", ""clear""]",,2,"N1:爽やかな=상쾌한 | N1:爽やかだ=상쾌하다, 산뜻하다",auto,Auto draft: KANJIDIC2 readings/radical; Korean meaning draft derived from local Korean word gloss or curated KANJIDIC English fallback.
P3,0,版,"[""판"", ""인쇄판""]","[""printing block"", ""printing plate"", ""edition"", ""impression"", ""label""]",,2,N1:改訂版=개정판 | N3:出版=출판,auto,Auto draft: KANJIDIC2 readings/radical; Korean meaning draft derived from local Korean word gloss or curated KANJIDIC English fallback.
P3,0,牛,"[""소""]","[""cow""]",,3,N3:牛=소 | N4:牛肉=쇠고기 | N5:牛乳=우유,auto,Auto draft: KANJIDIC2 readings/radical; Korean meaning draft derived from local Korean word gloss or curated KANJIDIC English fallback.
P3,0,牧,"[""목장"", ""기르다""]","[""breed"", ""care for"", ""shepherd"", ""feed"", ""pasture""]",,3,"N1:牧師=목사 | N2:牧場=목장, 방목장 | N2:牧畜=목축",auto,Auto draft: KANJIDIC2 readings/radical; Korean meaning draft derived from local Korean word gloss or curated KANJIDIC English fallback.
P3,0,物,"[""물건"", ""것""]","[""thing"", ""object"", ""matter""]",,48,"N1:物体=물체, 대상 | N1:偽物=가짜, 모조품 | N1:物議=물의 | N1:獲物=사냥감 | N1:禁物=금물",auto,Auto draft: KANJIDIC2 readings/radical; Korean meaning draft derived from local Korean word gloss or curated KANJIDIC English fallback.
P3,0,犬,"[""개""]","[""dog""]",,1,N4:犬=개,auto,Auto draft: KANJIDIC2 readings/radical; Korean meaning draft derived from local Korean word gloss or curated KANJIDIC English fallback.
P3,0,状,"[""상태"", ""모양""]","[""status quo"", ""conditions"", ""circumstances"", ""form"", ""appearance""]",,4,"N2:現状=현상 | N2:状況=상황 | N3:状態=상태, 상황 | N3:症状=증상",auto,Auto draft: KANJIDIC2 readings/radical; Korean meaning draft derived from local Korean word gloss or curated KANJIDIC English fallback.
P3,0,独,"[""홀로"", ""독일""]","[""single"", ""alone"", ""spontaneously"", ""Germany""]",,10,"N1:独占=독점 | N1:孤独=고독, 외로움 | N1:単独=단독 | N1:独自=독자적, 고유 | N1:独裁=독재",auto,Auto draft: KANJIDIC2 readings/radical; Korean meaning draft derived from local Korean word gloss or curated KANJIDIC English fallback.
P3,0,猛,"[""사납다"", ""맹렬함""]","[""fierce"", ""rave"", ""rush"", ""become furious"", ""wildness"", ""strength""]",,3,N1:猛烈=맹렬함 | N1:猛烈に=맹렬히 | N1:猛反対=맹렬한반대,auto,Auto draft: KANJIDIC2 readings/radical; Korean meaning draft derived from local Korean word gloss or curated KANJIDIC English fallback.
P3,0,猫,"[""고양이""]","[""cat""]",,1,N5:猫=고양이,auto,Auto draft: KANJIDIC2 readings/radical; Korean meaning draft derived from local Korean word gloss or curated KANJIDIC English fallback.
P3,0,献,"[""바치다"", ""헌상""]","[""offering"", ""counter for drinks"", ""present"", ""offer""]",,4,"N1:貢献=공헌 | N1:献立=식단,메뉴 | N2:文献=문헌 | N2:貢献する=공헌하다",auto,Auto draft: KANJIDIC2 readings/radical; Korean meaning draft derived from local Korean word gloss or curated KANJIDIC English fallback.
P3,0,猿,"[""원숭이""]","[""monkey""]",,1,N3:猿=원숭이,auto,Auto draft: KANJIDIC2 readings/radical; Korean meaning draft derived from local Korean word gloss or curated KANJIDIC English fallback.
P3,0,獣,"[""짐승"", ""야수""]","[""animal"", ""beast""]",,3,"N1:獣=짐승, 야수 | N1:怪獣=괴수 | N1:獣=짐승, 야수",auto,Auto draft: KANJIDIC2 readings/radical; Korean meaning draft derived from local Korean word gloss or curated KANJIDIC English fallback.
P3,0,獲,"[""얻다"", ""획득하다""]","[""seize"", ""get"", ""find"", ""earn"", ""acquire"", ""can"", ""may"", ""able to""]",,3,N1:獲得=획득 | N1:獲物=사냥감 | N1:捕獲=포획,auto,Auto draft: KANJIDIC2 readings/radical; Korean meaning draft derived from local Korean word gloss or curated KANJIDIC English fallback.
P3,0,玉,"[""구슬"", ""공""]","[""jewel"", ""ball""]",,1,"N3:玉=구슬, 공",auto,Auto draft: KANJIDIC2 readings/radical; Korean meaning draft derived from local Korean word gloss or curated KANJIDIC English fallback.
P3,0,王,"[""왕""]","[""king"", ""rule"", ""magnate""]",,5,"N2:国王=국왕 | N2:王女=왕녀, 공주 | N3:女王=여왕 | N3:王子=왕자 | N3:王=왕",auto,Auto draft: KANJIDIC2 readings/radical; Korean meaning draft derived from local Korean word gloss or curated KANJIDIC English fallback.
P3,0,球,"[""공"", ""구체""]","[""ball"", ""sphere""]",,3,"N2:電球=전구 | N3:球=공, 구체 | N3:地球=지구",auto,Auto draft: KANJIDIC2 readings/radical; Korean meaning draft derived from local Korean word gloss or curated KANJIDIC English fallback.
P3,0,環,"[""고리"", ""둘레""]","[""ring"", ""circle"", ""loop""]",,3,N1:一環=일환 | N2:循環=순환 | N3:環境=환경,auto,Auto draft: KANJIDIC2 readings/radical; Korean meaning draft derived from local Korean word gloss or curated KANJIDIC English fallback.
P3,0,瓦,"[""기와""]","[""tile"", ""gram""]",,2,N2:瓦=기와 | N2:煉瓦=벽돌,auto,Auto draft: KANJIDIC2 readings/radical; Korean meaning draft derived from local Korean word gloss or curated KANJIDIC English fallback.
P3,0,瓶,"[""병"", ""항아리""]","[""bottle"", ""vial"", ""jar"", ""jug"", ""vat"", ""urn""]",,2,"N2:瓶詰=병조림, 병에 담음 | N5:花瓶=꽃병",auto,Auto draft: KANJIDIC2 readings/radical; Korean meaning draft derived from local Korean word gloss or curated KANJIDIC English fallback.
P3,0,用,"[""용무"", ""볼일""]","[""utilize"", ""business"", ""service"", ""use"", ""employ""]",,33,"N1:不用意な=부주의한 | N1:用意する=준비하다 | N1:用紙=용지, 양식 | N1:兼用=겸용 | N1:運用=운용, 활용",auto,Auto draft: KANJIDIC2 readings/radical; Korean meaning draft derived from local Korean word gloss or curated KANJIDIC English fallback.
P3,0,田,"[""논""]","[""rice field"", ""rice paddy""]",,4,"N1:水田=논, 수전 | N2:田植え=모내기 | N3:田=논 | N4:田舎=시골",auto,Auto draft: KANJIDIC2 readings/radical; Korean meaning draft derived from local Korean word gloss or curated KANJIDIC English fallback.
P3,0,由,"[""이유"", ""유래""]","[""wherefore"", ""a reason""]",,4,"N1:由緒=유서,내력 | N3:経由=경유 | N3:理由=이유 | N3:自由=자유",auto,Auto draft: KANJIDIC2 readings/radical; Korean meaning draft derived from local Korean word gloss or curated KANJIDIC English fallback.
P3,0,男,"[""남자""]","[""male""]",,6,"N2:長男=장남 | N3:男子=남자 | N3:男の人=남자 | N4:男性=남자, 남성 | N5:男=남자",auto,Auto draft: KANJIDIC2 readings/radical; Korean meaning draft derived from local Korean word gloss or curated KANJIDIC English fallback.
P3,0,町,"[""마을"", ""동네"", ""도시""]","[""town"", ""village"", ""block"", ""street""]",,2,"N2:下町=구시가지, 서민가 | N4:町=마을, 동네, 도시",auto,Auto draft: KANJIDIC2 readings/radical; Korean meaning draft derived from local Korean word gloss or curated KANJIDIC English fallback.
P3,0,画,"[""그림"", ""획""]","[""brush-stroke"", ""picture""]",,10,"N1:画一的な=획일적인 | N1:企画=계획, 프로젝트 | N1:区画=구획 | N1:計画する=계획하다 | N1:画期的な=획기적인",auto,Auto draft: KANJIDIC2 readings/radical; Korean meaning draft derived from local Korean word gloss or curated KANJIDIC English fallback.
P3,0,番,"[""차례"", ""번호""]","[""turn"", ""number in a series""]",,7,"N2:番地=번지, 주소 | N2:留守番=집보기, 집 지키는 사람 | N2:当番=당번 | N3:順番=순번 | N4:番組=(방송) 프로그램",auto,Auto draft: KANJIDIC2 readings/radical; Korean meaning draft derived from local Korean word gloss or curated KANJIDIC English fallback.
P3,0,病,"[""병들다"", ""앓다""]","[""ill"", ""sick""]",,3,"N1:臆病=겁쟁이, 겁이 많음 | N2:看病=간병 | N4:病院=병원",auto,Auto draft: KANJIDIC2 readings/radical; Korean meaning draft derived from local Korean word gloss or curated KANJIDIC English fallback.
P3,0,療,"[""치료하다""]","[""heal"", ""cure""]",,3,N1:診療=진료 | N2:治療=치료 | N3:医療=의료,auto,Auto draft: KANJIDIC2 readings/radical; Korean meaning draft derived from local Korean word gloss or curated KANJIDIC English fallback.
P3,0,癌,"[""암""]","[""cancer"", ""cancerous evil""]",,1,N3:癌=암,auto,Auto draft: KANJIDIC2 readings/radical; Korean meaning draft derived from local Korean word gloss or curated KANJIDIC English fallback.
P3,0,癖,"[""버릇"", ""습관""]","[""mannerism"", ""habit"", ""vice"", ""trait"", ""fault"", ""kink""]",,1,"N3:癖=버릇, 습관",auto,Auto draft: KANJIDIC2 readings/radical; Korean meaning draft derived from local Korean word gloss or curated KANJIDIC English fallback.
P3,0,白,"[""흰색"", ""하양""]","[""white""]",,9,"N1:明白に=명백하게 | N1:明白=명백한, 분명한, 맑은 | N1:告白=고백, 자백 | N2:青白い=창백한, 옅은 | N2:真っ白=새하얗다",auto,Auto draft: KANJIDIC2 readings/radical; Korean meaning draft derived from local Korean word gloss or curated KANJIDIC English fallback.
P3,0,的,"[""표적"", ""목적""]","[""bull's eye"", ""mark"", ""target"", ""object"", ""adjective ending""]",,24,N1:端的に=단적으로 | N1:精力的に=정력적으로 | N1:画一的な=획일적인 | N1:動的=동적 | N1:知的=지적,auto,Auto draft: KANJIDIC2 readings/radical; Korean meaning draft derived from local Korean word gloss or curated KANJIDIC English fallback.
P3,0,皆,"[""모두""]","[""all"", ""everything""]",,1,N4:皆=모두,auto,Auto draft: KANJIDIC2 readings/radical; Korean meaning draft derived from local Korean word gloss or curated KANJIDIC English fallback.
P3,0,皇,"[""임금"", ""황제""]","[""emperor""]",,2,"N1:皇居=황거, 황궁 | N2:天皇=천황",auto,Auto draft: KANJIDIC2 readings/radical; Korean meaning draft derived from local Korean word gloss or curated KANJIDIC English fallback.
P3,0,皮,"[""껍질"", ""가죽""]","[""pelt"", ""skin"", ""hide"", ""leather"", ""skin radical (no. 107)""]",,4,"N1:皮肉=비꼼,빈정거림 | N2:毛皮=모피 | N2:皮膚=피부 | N3:皮=껍질,가죽",auto,Auto draft: KANJIDIC2 readings/radical; Korean meaning draft derived from local Korean word gloss or curated KANJIDIC English fallback.
P3,0,皿,"[""접시""]","[""dish"", ""a helping"", ""plate""]",,2,N3:皿=접시 | N5:お皿=접시,auto,Auto draft: KANJIDIC2 readings/radical; Korean meaning draft derived from local Korean word gloss or curated KANJIDIC English fallback.
P3,0,盆,"[""오봉"", ""쟁반""]","[""basin"", ""lantern festival"", ""tray""]",,2,"N2:盆地=분지 | N2:盆=오봉, 쟁반",auto,Auto draft: KANJIDIC2 readings/radical; Korean meaning draft derived from local Korean word gloss or curated KANJIDIC English fallback.
P3,0,益,"[""이익"", ""보탬""]","[""benefit"", ""gain"", ""profit"", ""advantage""]",,3,N1:収益=수익 | N1:有益=유익 | N2:利益=이익,auto,Auto draft: KANJIDIC2 readings/radical; Korean meaning draft derived from local Korean word gloss or curated KANJIDIC English fallback.
P3,0,盟,"[""맹세"", ""동맹""]","[""alliance"", ""oath""]",,2,N1:連盟=연맹 | N1:同盟=동맹,auto,Auto draft: KANJIDIC2 readings/radical; Korean meaning draft derived from local Korean word gloss or curated KANJIDIC English fallback.
P3,0,監,"[""감독하다"", ""관청""]","[""oversee"", ""official"", ""govt office"", ""rule"", ""administer""]",,2,N1:監督=감독 | N1:監視=감시,auto,Auto draft: KANJIDIC2 readings/radical; Korean meaning draft derived from local Korean word gloss or curated KANJIDIC English fallback.
P3,0,盤,"[""판"", ""쟁반""]","[""tray"", ""shallow bowl"", ""platter"", ""tub"", ""board"", ""phonograph record""]",,4,"N1:基盤=기반 | N1:碁盤=바둑판 | N2:地盤=땅, 근거 | N2:算盤=주판",auto,Auto draft: KANJIDIC2 readings/radical; Korean meaning draft derived from local Korean word gloss or curated KANJIDIC English fallback.
P3,0,直,"[""곧"", ""바로""]","[""straightaway"", ""honesty"", ""frankness"", ""fix"", ""repair""]",,29,"N1:直面=직면 | N1:率直に=솔직하게 | N1:直感=직감 | N1:直面する=직면하다 | N2:素直=순종적인, 온순한",auto,Auto draft: KANJIDIC2 readings/radical; Korean meaning draft derived from local Korean word gloss or curated KANJIDIC English fallback.
P3,0,相,"[""서로"", ""모습"", ""상""]","[""inter-"", ""mutual"", ""together"", ""each other"", ""minister of state"", ""councillor"", ""aspect"", ""phase"", ""physiognomy""]",,16,"N1:相対=상대(相對), 상대적임 | N1:相応=걸맞음, 상응 | N1:真相=진상 | N1:様相=양상, 모습, 상태 | N1:相場=시세,가격의추세",auto,Auto draft: KANJIDIC2 readings/radical; Korean meaning draft derived from local Korean word gloss or curated KANJIDIC English fallback.
P3,0,眉,"[""눈썹""]","[""eyebrow""]",,1,N1:眉=눈썹,auto,Auto draft: KANJIDIC2 readings/radical; Korean meaning draft derived from local Korean word gloss or curated KANJIDIC English fallback.
P3,0,看,"[""보다"", ""돌보다""]","[""watch over"", ""see""]",,4,N1:看護=간호 | N2:看板=간판 | N2:看病=간병 | N4:看護婦=간호사,auto,Auto draft: KANJIDIC2 readings/radical; Korean meaning draft derived from local Korean word gloss or curated KANJIDIC English fallback.
P3,0,県,"[""현""]","[""prefecture""]",,2,N2:県庁=현청 | N3:県=현,auto,Auto draft: KANJIDIC2 readings/radical; Korean meaning draft derived from local Korean word gloss or curated KANJIDIC English fallback.
P3,0,真,"[""참"", ""진실""]","[""true"", ""reality"", ""Buddhist sect""]",,21,"N1:真実=진실, 현실 | N1:真珠=진주 | N1:真っ二つ=둘로 딱 갈라짐 | N1:真相=진상 | N1:真ん前=바로 앞",auto,Auto draft: KANJIDIC2 readings/radical; Korean meaning draft derived from local Korean word gloss or curated KANJIDIC English fallback.
P3,0,督,"[""감독하다"", ""재촉하다""]","[""coach"", ""command"", ""urge"", ""lead"", ""supervise""]",,2,N1:監督=감독 | N1:督促=독촉,auto,Auto draft: KANJIDIC2 readings/radical; Korean meaning draft derived from local Korean word gloss or curated KANJIDIC English fallback.
P3,0,瞬,"[""깜박임"", ""반짝임""]","[""wink"", ""blink"", ""twinkle""]",,2,"N3:瞬間=순간, 두 번째, 초 | N3:一瞬=순간",auto,Auto draft: KANJIDIC2 readings/radical; Korean meaning draft derived from local Korean word gloss or curated KANJIDIC English fallback.
P3,0,瞳,"[""눈동자"", ""동공""]","[""pupil (of eye)""]",,1,"N2:瞳=눈동자, 동공",auto,Auto draft: KANJIDIC2 readings/radical; Korean meaning draft derived from local Korean word gloss or curated KANJIDIC English fallback.
P3,0,矢,"[""화살""]","[""dart"", ""arrow""]",,2,N1:矢=화살 | N2:矢印=화살표,auto,Auto draft: KANJIDIC2 readings/radical; Korean meaning draft derived from local Korean word gloss or curated KANJIDIC English fallback.
P3,0,石,"[""돌""]","[""stone""]",,6,"N1:化石=화석 | N2:流石=역시, 과연 | N2:磁石=자석 | N3:石油=석유 | N4:石=돌",auto,Auto draft: KANJIDIC2 readings/radical; Korean meaning draft derived from local Korean word gloss or curated KANJIDIC English fallback.
P3,0,砂,"[""모래""]","[""sand""]",,4,N1:砂漠=사막 | N1:砂利=자갈 | N1:砂糖=설탕 | N3:砂=모래,auto,Auto draft: KANJIDIC2 readings/radical; Korean meaning draft derived from local Korean word gloss or curated KANJIDIC English fallback.
P3,0,碁,"[""바둑""]","[""Go""]",,2,N1:碁盤=바둑판 | N2:碁=바둑,auto,Auto draft: KANJIDIC2 readings/radical; Korean meaning draft derived from local Korean word gloss or curated KANJIDIC English fallback.
P3,0,礼,"[""예의"", ""감사""]","[""salute"", ""bow"", ""ceremony"", ""thanks"", ""remuneration""]",,4,"N3:礼=예의, 감사 | N3:礼儀=예의 | N4:失礼=실례, 실례함 | N4:お礼=감사 인사",auto,Auto draft: KANJIDIC2 readings/radical; Korean meaning draft derived from local Korean word gloss or curated KANJIDIC English fallback.
P3,0,社,"[""회사"", ""사당""]","[""company"", ""firm"", ""office"", ""association"", ""shrine""]",,10,"N1:出社=출근, 회사에 나옴 | N1:社交=사교 | N2:弊社=자기회사의겸칭 | N2:商社=종합 무역 회사 | N2:社説=사설",auto,Auto draft: KANJIDIC2 readings/radical; Korean meaning draft derived from local Korean word gloss or curated KANJIDIC English fallback.
P3,0,祖,"[""조상"", ""시조""]","[""ancestor"", ""pioneer"", ""founder""]",,4,"N2:先祖=선조, 조상 | N2:祖先=조상, 선조 | N4:祖父=할아버지 | N4:祖母=조모, 할머니",auto,Auto draft: KANJIDIC2 readings/radical; Korean meaning draft derived from local Korean word gloss or curated KANJIDIC English fallback.
P3,0,神,"[""신""]","[""gods"", ""mind"", ""soul""]",,8,N1:神秘=신비 | N1:神殿=신전 | N1:神聖=신성 | N2:神様=신 | N2:神話=신화,auto,Auto draft: KANJIDIC2 readings/radical; Korean meaning draft derived from local Korean word gloss or curated KANJIDIC English fallback.
P3,0,禁,"[""금하다"", ""금지하다""]","[""prohibition"", ""ban"", ""forbid""]",,4,N1:禁物=금물 | N3:横断禁止=횡단 금지 | N3:禁止=금지 | N3:禁煙=금연,auto,Auto draft: KANJIDIC2 readings/radical; Korean meaning draft derived from local Korean word gloss or curated KANJIDIC English fallback.
P3,0,福,"[""복"", ""행운""]","[""blessing"", ""fortune"", ""luck"", ""wealth""]",,2,N1:福祉=복지 | N3:幸福=행복,auto,Auto draft: KANJIDIC2 readings/radical; Korean meaning draft derived from local Korean word gloss or curated KANJIDIC English fallback.
P3,0,私,"[""나"", ""저""]","[""private"", ""I"", ""me""]",,4,"N1:私物=사물(私物), 개인 물품 | N2:私立=사립 | N2:私鉄=사적인 철도 | N5:私=나, 저",auto,Auto draft: KANJIDIC2 readings/radical; Korean meaning draft derived from local Korean word gloss or curated KANJIDIC English fallback.
P3,0,秋,"[""가을""]","[""autumn""]",,1,N4:秋=가을,auto,Auto draft: KANJIDIC2 readings/radical; Korean meaning draft derived from local Korean word gloss or curated KANJIDIC English fallback.
P3,0,科,"[""과"", ""부문"", ""과정""]","[""department"", ""course"", ""section""]",,15,N1:小児科=소아과 | N1:眼科=안과 | N1:産婦人科=산부인과 | N1:教科=교과 | N1:歯科=치과,auto,Auto draft: KANJIDIC2 readings/radical; Korean meaning draft derived from local Korean word gloss or curated KANJIDIC English fallback.
P3,0,秤,"[""저울""]","[""balances"", ""scales"", ""steelyard""]",,1,N2:秤=저울,auto,Auto draft: KANJIDIC2 readings/radical; Korean meaning draft derived from local Korean word gloss or curated KANJIDIC English fallback.
P3,0,程,"[""정도"", ""만큼""]","[""extent"", ""degree"", ""law"", ""formula"", ""distance"", ""limits"", ""amount""]",,9,"N1:中程=가운데, 중간 | N1:余程=상당히, 꽤 | N2:方程式=방정식 | N2:日程=일정 | N2:課程=과정, 코스, 교육과정",auto,Auto draft: KANJIDIC2 readings/radical; Korean meaning draft derived from local Korean word gloss or curated KANJIDIC English fallback.
P3,0,稚,"[""어리다"", ""미숙함""]","[""immature"", ""young""]",,2,"N2:幼稚園=유치원 | N2:幼稚=유치함, 미숙함",auto,Auto draft: KANJIDIC2 readings/radical; Korean meaning draft derived from local Korean word gloss or curated KANJIDIC English fallback.
P3,0,稼,"[""벌다"", ""일하다""]","[""earnings"", ""work"", ""earn money""]",,3,"N1:稼働=가동 | N1:共稼ぎ=맞벌이 | N2:稼ぐ=(돈,시간,점수를)벌다",auto,Manual format normalization 2026-08-18: 쉼표로 분리된 문맥형 뜻을 기본 의미로 정리.
P3,0,稽,"[""생각하다"", ""익히다""]","[""think"", ""consider""]",,2,"N1:滑稽=익살스러움, 우스움 | N2:稽古=연습, 수련",auto,Auto draft: KANJIDIC2 readings/radical; Korean meaning draft derived from local Korean word gloss or curated KANJIDIC English fallback.
P3,0,穂,"[""이삭""]","[""ear"", ""ear (grain)"", ""head"", ""crest (wave)""]",,1,N1:穂=이삭,auto,Auto draft: KANJIDIC2 readings/radical; Korean meaning draft derived from local Korean word gloss or curated KANJIDIC English fallback.
P3,0,究,"[""연구하다"", ""궁구하다""]","[""research"", ""study""]",,5,"N1:究明=규명,밝혀냄 | N1:究明する=규명하다 | N1:究極=궁극 | N4:研究室=연구실, 실험실 | N4:研究=연구",auto,Auto draft: KANJIDIC2 readings/radical; Korean meaning draft derived from local Korean word gloss or curated KANJIDIC English fallback.
P3,0,突,"[""찌르다"", ""쿡쿡 찌르다""]","[""stab"", ""protruding"", ""thrust"", ""pierce"", ""prick"", ""collision"", ""sudden""]",,9,"N1:突破=돌파 | N1:突き止める=밝혀내다,알아내다 | N1:突如=갑자기, 돌연 | N2:突き当たる=맞부딪히다, 부딪치다 | N2:突き当たり=끝(의 거리)",auto,Auto draft: KANJIDIC2 readings/radical; Korean meaning draft derived from local Korean word gloss or curated KANJIDIC English fallback.
P3,0,窓,"[""창문""]","[""window"", ""pane""]",,2,N2:窓口=창구 | N5:窓=창문,auto,Auto draft: KANJIDIC2 readings/radical; Korean meaning draft derived from local Korean word gloss or curated KANJIDIC English fallback.
P3,0,章,"[""장"", ""훈장""]","[""badge"", ""chapter"", ""composition"", ""poem"", ""design""]",,2,N3:章=장; 훈장 | N3:文章=문장,auto,Auto draft: KANJIDIC2 readings/radical; Korean meaning draft derived from local Korean word gloss or curated KANJIDIC English fallback.
P3,0,童,"[""아이""]","[""juvenile"", ""child""]",,2,N2:童話=동화 | N3:児童=아동,auto,Auto draft: KANJIDIC2 readings/radical; Korean meaning draft derived from local Korean word gloss or curated KANJIDIC English fallback.
P3,0,端,"[""끝"", ""가장자리""]","[""edge"", ""origin"", ""end"", ""point"", ""border"", ""verge"", ""cape""]",,4,"N1:端的に=단적으로 | N1:極端=극단 | N1:発端=발단 | N2:先端=끝, 첨단",auto,Auto draft: KANJIDIC2 readings/radical; Korean meaning draft derived from local Korean word gloss or curated KANJIDIC English fallback.
P3,0,竹,"[""대나무""]","[""bamboo""]",,1,N2:竹=대나무,auto,Auto draft: KANJIDIC2 readings/radical; Korean meaning draft derived from local Korean word gloss or curated KANJIDIC English fallback.
P3,0,符,"[""표식"", ""부적""]","[""token"", ""sign"", ""mark"", ""tally"", ""charm""]",,2,"N2:符号=부호, 기호 | N5:切符=표, 티켓",auto,Auto draft: KANJIDIC2 readings/radical; Korean meaning draft derived from local Korean word gloss or curated KANJIDIC English fallback.
P3,0,第,"[""제"", ""순서""]","[""No."", ""residence""]",,3,"N2:落第=낙제, 불합격 | N3:次第に=점점,서서히 | N3:次第=순서, 사정, ~하는 대로",auto,Auto draft: KANJIDIC2 readings/radical; Korean meaning draft derived from local Korean word gloss or curated KANJIDIC English fallback.
P3,0,筆,"[""붓"", ""글씨""]","[""writing brush"", ""writing"", ""painting brush"", ""handwriting""]",,5,"N1:執筆=집필 | N2:筆記=필기 | N2:随筆=수필, 에세이 | N2:筆者=필자 | N5:鉛筆=연필",auto,Auto draft: KANJIDIC2 readings/radical; Korean meaning draft derived from local Korean word gloss or curated KANJIDIC English fallback.
P3,0,等,"[""같다"", ""등급""]","[""etc."", ""and so forth"", ""class (first)"", ""quality"", ""equal"", ""similar""]",,9,N1:対等=대등 | N1:等級=등급 | N1:同等=동등함 | N1:均等=균등 | N2:等分=등분,auto,Auto draft: KANJIDIC2 readings/radical; Korean meaning draft derived from local Korean word gloss or curated KANJIDIC English fallback.
P3,0,筋,"[""근육"", ""줄거리"", ""선""]","[""muscle"", ""sinew"", ""tendon"", ""fiber"", ""plot"", ""plan"", ""descent""]",,5,"N1:筋道=조리, 사리 | N1:大筋=요점,대강 | N1:本筋=본론,본줄거리 | N3:筋肉=근육 | N3:筋=근육; 줄거리; 선",auto,Auto draft: KANJIDIC2 readings/radical; Korean meaning draft derived from local Korean word gloss or curated KANJIDIC English fallback.
P3,0,筒,"[""통"", ""대롱""]","[""cylinder"", ""pipe"", ""tube"", ""gun barrel"", ""sleeve""]",,2,"N1:筒=통, 대롱 | N2:水筒=물병, 수통",auto,Auto draft: KANJIDIC2 readings/radical; Korean meaning draft derived from local Korean word gloss or curated KANJIDIC English fallback.
P3,0,策,"[""대책"", ""방책""]","[""scheme"", ""plan"", ""policy"", ""step"", ""means""]",,3,"N1:政策=정책 | N2:対策=대책 | N3:策=대책, 방책",auto,Auto draft: KANJIDIC2 readings/radical; Korean meaning draft derived from local Korean word gloss or curated KANJIDIC English fallback.
P3,0,箒,"[""빗자루""]","[""broom""]",,1,N2:箒=빗자루,auto,Auto draft: KANJIDIC2 readings/radical; Korean meaning draft derived from local Korean word gloss or curated KANJIDIC English fallback.
P3,0,算,"[""계산하다"", ""수""]","[""calculate"", ""divining"", ""number"", ""abacus"", ""probability""]",,9,N1:換算=환산 | N1:採算=채산 | N1:決算=결산 | N2:引き算=뺄셈 | N2:掛け算=곱셈,auto,Auto draft: KANJIDIC2 readings/radical; Korean meaning draft derived from local Korean word gloss or curated KANJIDIC English fallback.
P3,0,管,"[""파이프"", ""관"", ""튜브""]","[""pipe"", ""tube"", ""wind instrument"", ""drunken talk"", ""control"", ""jurisdiction""]",,4,"N1:保管=보관 | N3:管理=관리, 통제 | N3:管=파이프, 관, 튜브 | N3:血管=혈관",auto,Auto draft: KANJIDIC2 readings/radical; Korean meaning draft derived from local Korean word gloss or curated KANJIDIC English fallback.
P3,0,節,"[""마디"", ""절"", ""시기""]","[""node"", ""season"", ""period"", ""occasion"", ""verse"", ""clause"", ""stanza"", ""honor"", ""joint"", ""knuckle"", ""knob"", ""knot"", ""tune"", ""melody""]",,3,N2:調節=조절 | N3:節約=절약 | N4:季節=계절(~에 관하여 날씨),auto,Auto draft: KANJIDIC2 readings/radical; Korean meaning draft derived from local Korean word gloss or curated KANJIDIC English fallback.
P3,0,範,"[""본보기"", ""범위""]","[""pattern"", ""example"", ""model""]",,3,N1:規範=규범 | N2:模範=모범 | N2:範囲=범위,auto,Auto draft: KANJIDIC2 readings/radical; Korean meaning draft derived from local Korean word gloss or curated KANJIDIC English fallback.
P3,0,簡,"[""간단함"", ""간략함""]","[""simplicity"", ""brevity""]",,9,"N1:簡素=간소 | N1:簡易=간이, 간편함 | N1:簡潔=간결함 | N1:簡素だ=간소하다 | N2:簡略=간략",auto,Auto draft: KANJIDIC2 readings/radical; Korean meaning draft derived from local Korean word gloss or curated KANJIDIC English fallback.
P3,0,籍,"[""호적"", ""명부""]","[""enroll"", ""domiciliary register"", ""membership""]",,3,"N1:戸籍=호적 | N2:書籍=서적, 책 | N3:国籍=국적",auto,Auto draft: KANJIDIC2 readings/radical; Korean meaning draft derived from local Korean word gloss or curated KANJIDIC English fallback.
P3,0,米,"[""쌀""]","[""rice"", ""USA"", ""metre""]",,3,"N2:欧米=구미, 서양 | N2:南米=남미 | N3:米=쌀",auto,Auto draft: KANJIDIC2 readings/radical; Korean meaning draft derived from local Korean word gloss or curated KANJIDIC English fallback.
P3,0,粉,"[""가루""]","[""flour"", ""powder"", ""dust""]",,4,"N1:粉々=산산조각 | N1:粉末=분말, 가루 | N1:花粉=꽃가루 | N3:粉=가루",auto,Auto draft: KANJIDIC2 readings/radical; Korean meaning draft derived from local Korean word gloss or curated KANJIDIC English fallback.
P3,0,粋,"[""정수"", ""세련됨"", ""멋""]","[""chic"", ""style"", ""purity"", ""essence"", ""pith"", ""cream"", ""elite"", ""choice""]",,3,"N1:抜粋=발췌 | N1:粋=정수; 세련됨, 멋 | N2:純粋=순수한",auto,Auto draft: KANJIDIC2 readings/radical; Korean meaning draft derived from local Korean word gloss or curated KANJIDIC English fallback.
P3,0,粒,"[""알갱이"", ""낟알""]","[""grains"", ""drop"", ""counter for tiny particles""]",,1,"N2:粒=알갱이, 낟알",auto,Auto draft: KANJIDIC2 readings/radical; Korean meaning draft derived from local Korean word gloss or curated KANJIDIC English fallback.
P3,0,粥,"[""죽""]","[""rice gruel""]",,1,N1:粥=죽,auto,Auto draft: KANJIDIC2 readings/radical; Korean meaning draft derived from local Korean word gloss or curated KANJIDIC English fallback.
P3,0,精,"[""기껏해야"", ""고작""]","[""refined"", ""ghost"", ""fairy"", ""energy"", ""vitality"", ""semen"", ""excellence"", ""purity"", ""skill""]",,4,"N1:精力的に=정력적으로 | N1:精密=정밀함 | N1:精巧な=정교한 | N3:精神=정신, 마음",auto,Auto draft: KANJIDIC2 readings/radical; Korean meaning draft derived from local Korean word gloss or curated KANJIDIC English fallback.
P3,0,糸,"[""실""]","[""thread""]",,2,"N1:糸口=단서,실마리 | N2:毛糸=털실",auto,Auto draft: KANJIDIC2 readings/radical; Korean meaning draft derived from local Korean word gloss or curated KANJIDIC English fallback.
P3,0,系,"[""계통"", ""혈통""]","[""lineage"", ""system""]",,2,N2:系統=계통 | N2:体系=체계,auto,Auto draft: KANJIDIC2 readings/radical; Korean meaning draft derived from local Korean word gloss or curated KANJIDIC English fallback.
P3,0,約,"[""약""]","[""promise"", ""approximately"", ""shrink""]",,12,"N1:条約=조약 | N1:契約=계약 | N1:規約=규약, 규정 | N1:解約=해약 | N1:誓約書=서약서",auto,Auto draft: KANJIDIC2 readings/radical; Korean meaning draft derived from local Korean word gloss or curated KANJIDIC English fallback.
P3,0,紅,"[""붉다"", ""진홍색""]","[""crimson"", ""deep red""]",,4,"N2:口紅=립스틱, 입술연지 | N2:紅葉=단풍, 단풍잎 | N2:紅葉=단풍 | N5:紅茶=홍차",auto,Auto draft: KANJIDIC2 readings/radical; Korean meaning draft derived from local Korean word gloss or curated KANJIDIC English fallback.
P3,0,純,"[""순수"", ""순진""]","[""genuine"", ""purity"", ""innocence"", ""net (profit)""]",,4,"N2:純情=순정, 순수한 마음 | N2:純粋=순수한 | N3:単純だ=단순하다 | N3:単純=단순",auto,Auto draft: KANJIDIC2 readings/radical; Korean meaning draft derived from local Korean word gloss or curated KANJIDIC English fallback.
P3,0,紙,"[""종이""]","[""paper""]",,7,"N1:用紙=용지, 양식 | N1:紙幣=지폐 | N2:紙屑=휴지, 종이 쓰레기 | N2:塵紙=휴지, 화장지 | N2:表紙=표지",auto,Auto draft: KANJIDIC2 readings/radical; Korean meaning draft derived from local Korean word gloss or curated KANJIDIC English fallback.
P3,0,級,"[""급"", ""등급"", ""학년""]","[""class"", ""rank"", ""grade""]",,7,"N1:階級=계급, 등급 | N1:等級=등급 | N2:上級=상급, 고급 | N2:高級=고급, 최고급 | N2:初級=초급",auto,Auto draft: KANJIDIC2 readings/radical; Korean meaning draft derived from local Korean word gloss or curated KANJIDIC English fallback.
P3,0,素,"[""본질"", ""바탕""]","[""elementary"", ""principle"", ""naked"", ""uncovered""]",,18,"N1:簡素=간소 | N1:質素な=검소한,소탈한 | N1:元素=원소 | N1:素質=소질 | N1:炭素=탄소",auto,Auto draft: KANJIDIC2 readings/radical; Korean meaning draft derived from local Korean word gloss or curated KANJIDIC English fallback.
P3,0,索,"[""찾다"", ""줄""]","[""cord"", ""rope"", ""searching"", ""inquiring""]",,3,"N1:模索=모색 | N1:捜索=수색, 탐색 | N2:索引=색인, 지수",auto,Auto draft: KANJIDIC2 readings/radical; Korean meaning draft derived from local Korean word gloss or curated KANJIDIC English fallback.
P3,0,紫,"[""보라색"", ""자주색""]","[""purple"", ""violet""]",,1,"N2:紫=보라색, 자주색",auto,Auto draft: KANJIDIC2 readings/radical; Korean meaning draft derived from local Korean word gloss or curated KANJIDIC English fallback.
P3,0,紺,"[""남색"", ""짙은 파랑""]","[""dark blue"", ""navy""]",,1,"N2:紺=남색, 짙은 파랑",auto,Auto draft: KANJIDIC2 readings/radical; Korean meaning draft derived from local Korean word gloss or curated KANJIDIC English fallback.
P3,0,組,"[""조"", ""반"", ""팀""]","[""association"", ""braid"", ""plait"", ""construct"", ""assemble"", ""unite"", ""cooperate"", ""grapple""]",,10,"N1:組み合わせる=조합하다, 짜 맞추다 | N1:仕組み=구조,원리 | N2:取り組む=맞붙다,몰두하다 | N2:組合せ=조합 | N3:組み立てる=조립하다",auto,Auto draft: KANJIDIC2 readings/radical; Korean meaning draft derived from local Korean word gloss or curated KANJIDIC English fallback.
P3,0,給,"[""받다"", ""허가하다"", ""주다""]","[""salary"", ""wage"", ""gift"", ""allow"", ""grant"", ""bestow on""]",,9,N1:補給=공급 | N1:給食=급식 | N1:配給=배급 | N2:給与=급여 | N2:月給=월급,auto,Auto draft: KANJIDIC2 readings/radical; Korean meaning draft derived from local Korean word gloss or curated KANJIDIC English fallback.
P3,0,統,"[""통솔하다"", ""전체""]","[""overall"", ""relationship"", ""ruling"", ""governing""]",,7,N1:統合=통합 | N1:統治=통치 | N1:統制=통제 | N2:系統=계통 | N2:統計=통계,auto,Auto draft: KANJIDIC2 readings/radical; Korean meaning draft derived from local Korean word gloss or curated KANJIDIC English fallback.
P3,0,絵,"[""그림""]","[""picture"", ""drawing"", ""painting"", ""sketch""]",,2,N2:絵の具=그림물감 | N5:絵=그림,auto,Auto draft: KANJIDIC2 readings/radical; Korean meaning draft derived from local Korean word gloss or curated KANJIDIC English fallback.
P3,0,絹,"[""비단"", ""실크""]","[""silk""]",,1,"N4:絹=비단, 실크",auto,Auto draft: KANJIDIC2 readings/radical; Korean meaning draft derived from local Korean word gloss or curated KANJIDIC English fallback.
P3,0,継,"[""잇다"", ""계승하다""]","[""inherit"", ""succeed"", ""continue"", ""patch"", ""graft (tree)""]",,3,"N1:受け継ぐ=이어받다, 계승하다 | N1:中継=중계 | N2:継続=계속",auto,Auto draft: KANJIDIC2 readings/radical; Korean meaning draft derived from local Korean word gloss or curated KANJIDIC English fallback.
P3,0,維,"[""섬유"", ""잇다"", ""밧줄""]","[""fiber"", ""tie"", ""rope""]",,3,"N1:繊維=섬유 | N2:維持する=유지하다 | N3:維持=유지, 관리, 보존",auto,Auto draft: KANJIDIC2 readings/radical; Korean meaning draft derived from local Korean word gloss or curated KANJIDIC English fallback.
P3,0,網,"[""그물"", ""망""]","[""netting"", ""network""]",,2,"N1:網=그물, 망 | N1:網羅=망라(모두포함)",auto,Auto draft: KANJIDIC2 readings/radical; Korean meaning draft derived from local Korean word gloss or curated KANJIDIC English fallback.
P3,0,綿,"[""솜"", ""면""]","[""cotton""]",,2,"N1:綿密な=면밀한 | N3:綿=솜, 면",auto,Auto draft: KANJIDIC2 readings/radical; Korean meaning draft derived from local Korean word gloss or curated KANJIDIC English fallback.
P3,0,緊,"[""긴장"", ""단단함""]","[""tense"", ""solid"", ""hard"", ""reliable"", ""tight""]",,4,N1:緊急=긴급 | N1:緊迫する=긴박하다 | N1:緊密=긴밀 | N3:緊張=긴장,auto,Auto draft: KANJIDIC2 readings/radical; Korean meaning draft derived from local Korean word gloss or curated KANJIDIC English fallback.
P3,0,緑,"[""녹색"", ""초록""]","[""green""]",,1,"N3:緑=녹색,초록",auto,Auto draft: KANJIDIC2 readings/radical; Korean meaning draft derived from local Korean word gloss or curated KANJIDIC English fallback.
P3,0,緒,"[""실마리"", ""처음""]","[""thong"", ""beginning"", ""inception"", ""end"", ""cord"", ""strap"", ""mental or emotional state""]",,4,"N1:情緒=정서, 감정 | N1:由緒=유서,내력 | N3:内緒=비밀 | N5:一緒=함께",auto,Auto draft: KANJIDIC2 readings/radical; Korean meaning draft derived from local Korean word gloss or curated KANJIDIC English fallback.
P3,0,線,"[""선"", ""줄"", ""철사""]","[""line"", ""track""]",,13,"N1:無線=무선 | N1:点線=점선 | N1:沿線=연선(철도변) | N2:新幹線=신칸센, 고속철도 | N2:内線=내선",auto,Auto draft: KANJIDIC2 readings/radical; Korean meaning draft derived from local Korean word gloss or curated KANJIDIC English fallback.
P3,0,緯,"[""가로"", ""위도""]","[""horizontal"", ""woof"", ""left & right"", ""(parallels of) latitude"", ""prediction""]",,2,N1:経緯=경위 | N2:緯度=위도,auto,Auto draft: KANJIDIC2 readings/radical; Korean meaning draft derived from local Korean word gloss or curated KANJIDIC English fallback.
P3,0,練,"[""연습하다"", ""단련하다"", ""다듬다""]","[""practice"", ""gloss"", ""train"", ""drill"", ""polish"", ""refine""]",,3,"N1:練る=반죽하다, (계획, 문장을) 다듬다 | N1:未練=미련 | N3:訓練=훈련",auto,Manual format normalization 2026-08-18: 쉼표로 분리된 문맥형 뜻을 기본 의미로 정리.
P3,0,縞,"[""줄무늬""]","[""stripe""]",,1,N2:縞=줄무늬,auto,Auto draft: KANJIDIC2 readings/radical; Korean meaning draft derived from local Korean word gloss or curated KANJIDIC English fallback.
P3,0,繁,"[""번성하다"", ""복잡함""]","[""luxuriant"", ""thick"", ""overgrown"", ""frequency"", ""complexity"", ""trouble""]",,4,N1:繁盛=번창 | N1:繁殖=번식 | N1:頻繁に=빈번하게 | N1:頻繁=빈번함,auto,Auto draft: KANJIDIC2 readings/radical; Korean meaning draft derived from local Korean word gloss or curated KANJIDIC English fallback.
P3,0,繊,"[""가늘다"", ""섬세함""]","[""slender"", ""fine"", ""thin kimono""]",,2,N1:繊維=섬유 | N1:繊細な=섬세한,auto,Auto draft: KANJIDIC2 readings/radical; Korean meaning draft derived from local Korean word gloss or curated KANJIDIC English fallback.
P3,0,缶,"[""캔"", ""깡통""]","[""tin can"", ""container"", ""jar radical (no. 121)""]",,2,"N2:缶詰=통조림 | N3:缶=캔, 깡통",auto,Auto draft: KANJIDIC2 readings/radical; Korean meaning draft derived from local Korean word gloss or curated KANJIDIC English fallback.
P3,0,罰,"[""벌"", ""처벌""]","[""penalty"", ""punishment""]",,3,"N1:罰=벌, 처벌 | N1:処罰=처벌 | N1:刑罰=형벌",auto,Auto draft: KANJIDIC2 readings/radical; Korean meaning draft derived from local Korean word gloss or curated KANJIDIC English fallback.
P3,0,署,"[""서명"", ""관서""]","[""signature"", ""govt office"", ""police station""]",,3,N1:税務署=세무서 | N1:署名=서명 | N2:消防署=소방서,auto,Auto draft: KANJIDIC2 readings/radical; Korean meaning draft derived from local Korean word gloss or curated KANJIDIC English fallback.
P3,0,群,"[""무리"", ""떼""]","[""flock"", ""group"", ""crowd"", ""herd"", ""swarm"", ""cluster""]",,6,"N1:抜群だ=발군이다, 뛰어나다 | N1:群衆=군중 | N1:抜群=발군,매우뛰어남 | N1:群集=군중, 무리 | N2:群れ=무리, 떼",auto,Auto draft: KANJIDIC2 readings/radical; Korean meaning draft derived from local Korean word gloss or curated KANJIDIC English fallback.
P3,0,翼,"[""날개""]","[""wing"", ""plane"", ""flank""]",,1,N3:翼=날개,auto,Auto draft: KANJIDIC2 readings/radical; Korean meaning draft derived from local Korean word gloss or curated KANJIDIC English fallback.
P3,0,者,"[""사람"", ""자""]","[""someone"", ""person""]",,18,"N1:信者=신자 | N1:業者=업자 | N1:配偶者=배우자 | N1:達者=능숙함, 건강함 | N1:悪者=악당, 나쁜 사람",auto,Auto draft: KANJIDIC2 readings/radical; Korean meaning draft derived from local Korean word gloss or curated KANJIDIC English fallback.
P3,0,耳,"[""귀""]","[""ear""]",,1,N5:耳=귀,auto,Auto draft: KANJIDIC2 readings/radical; Korean meaning draft derived from local Korean word gloss or curated KANJIDIC English fallback.
P3,0,聖,"[""성스러움"", ""성인""]","[""holy"", ""saint"", ""sage"", ""master"", ""priest""]",,2,"N1:聖書=성서, 성경 | N1:神聖=신성",auto,Auto draft: KANJIDIC2 readings/radical; Korean meaning draft derived from local Korean word gloss or curated KANJIDIC English fallback.
P3,0,職,"[""고용""]","[""post"", ""employment"", ""work""]",,10,N1:辞職=사직 | N1:職員=직원 | N1:職務=직무 | N1:退職=퇴직 | N1:役職=직책,auto,Auto draft: KANJIDIC2 readings/radical; Korean meaning draft derived from local Korean word gloss or curated KANJIDIC English fallback.
P3,0,肉,"[""고기"", ""살""]","[""meat""]",,5,"N1:肉体=육체 | N1:肉親=육친, 혈육 | N1:皮肉=비꼼,빈정거림 | N3:筋肉=근육 | N4:牛肉=쇠고기",auto,Auto draft: KANJIDIC2 readings/radical; Korean meaning draft derived from local Korean word gloss or curated KANJIDIC English fallback.
P3,0,肌,"[""피부""]","[""texture"", ""skin"", ""body"", ""grain""]",,2,N2:肌着=속옷 | N2:肌=피부,auto,Auto draft: KANJIDIC2 readings/radical; Korean meaning draft derived from local Korean word gloss or curated KANJIDIC English fallback.
P3,0,肘,"[""팔꿈치""]","[""elbow"", ""arm""]",,1,N2:肘=팔꿈치,auto,Auto draft: KANJIDIC2 readings/radical; Korean meaning draft derived from local Korean word gloss or curated KANJIDIC English fallback.
P3,0,股,"[""사타구니"", ""허벅지 안쪽""]","[""thigh"", ""crotch""]",,1,"N1:股=사타구니, 허벅지 안쪽",auto,Auto draft: KANJIDIC2 readings/radical; Korean meaning draft derived from local Korean word gloss or curated KANJIDIC English fallback.
P3,0,肩,"[""어깨""]","[""shoulder""]",,1,N3:肩=어깨,auto,Auto draft: KANJIDIC2 readings/radical; Korean meaning draft derived from local Korean word gloss or curated KANJIDIC English fallback.
P3,0,胆,"[""담력"", ""쓸개""]","[""gall bladder"", ""courage"", ""pluck"", ""nerve""]",,3,N1:大胆=대담 | N1:落胆=낙담 | N1:落胆する=낙담하다,auto,Auto draft: KANJIDIC2 readings/radical; Korean meaning draft derived from local Korean word gloss or curated KANJIDIC English fallback.
P3,0,背,"[""등지다"", ""어기다""]","[""stature"", ""height"", ""back"", ""behind"", ""disobey"", ""defy"", ""go back on"", ""rebel""]",,4,"N1:背後=배후 | N1:背景=배경 | N2:背負う=짊어지다, 등에 메다 | N4:背中=등",auto,Auto draft: KANJIDIC2 readings/radical; Korean meaning draft derived from local Korean word gloss or curated KANJIDIC English fallback.
P3,0,胴,"[""몸통"", ""동체""]","[""trunk"", ""torso"", ""hull (ship)"", ""hub of wheel""]",,1,"N1:胴=몸통, 동체",auto,Auto draft: KANJIDIC2 readings/radical; Korean meaning draft derived from local Korean word gloss or curated KANJIDIC English fallback.
P3,0,脈,"[""맥"", ""맥박""]","[""vein"", ""pulse"", ""hope""]",,5,"N1:脈=맥, 맥박 | N1:山脈=산맥 | N1:脈絡=맥락, 연관, 관련 | N1:人脈=인맥 | N2:文脈=문맥",auto,Auto draft: KANJIDIC2 readings/radical; Korean meaning draft derived from local Korean word gloss or curated KANJIDIC English fallback.
P3,0,脚,"[""다리"", ""기초""]","[""skids"", ""leg"", ""undercarriage"", ""lower part"", ""base""]",,2,N1:失脚=실각 | N1:脚本=각본,auto,Auto draft: KANJIDIC2 readings/radical; Korean meaning draft derived from local Korean word gloss or curated KANJIDIC English fallback.
P3,0,脱,"[""벗어나다"", ""탈출하다""]","[""undress"", ""removing"", ""escape from"", ""get rid of"", ""be left out"", ""take off""]",,4,"N1:脱退=탈퇴 | N1:逸脱=일탈 | N1:脱出=탈출 | N2:脱線=탈선, 이야기의 빗나감",auto,Auto draft: KANJIDIC2 readings/radical; Korean meaning draft derived from local Korean word gloss or curated KANJIDIC English fallback.
P3,0,脳,"[""뇌"", ""기억""]","[""brain"", ""memory""]",,2,"N1:首脳=수뇌, 지도자 | N2:頭脳=두뇌",auto,Auto draft: KANJIDIC2 readings/radical; Korean meaning draft derived from local Korean word gloss or curated KANJIDIC English fallback.
P3,0,腕,"[""팔""]","[""arm"", ""ability"", ""talent""]",,3,"N1:腕前=솜씨, 실력 | N1:手腕=수완 | N4:腕=팔",auto,Auto draft: KANJIDIC2 readings/radical; Korean meaning draft derived from local Korean word gloss or curated KANJIDIC English fallback.
P3,0,腰,"[""허리""]","[""loins"", ""hips"", ""waist"", ""low wainscoting""]",,3,"N2:腰掛け=좌석, 벤치 | N2:腰掛ける=앉다(아래) | N3:腰=허리",auto,Auto draft: KANJIDIC2 readings/radical; Korean meaning draft derived from local Korean word gloss or curated KANJIDIC English fallback.
P3,0,腸,"[""장"", ""창자""]","[""intestines"", ""guts"", ""bowels"", ""viscera""]",,1,"N1:腸=장, 창자",auto,Auto draft: KANJIDIC2 readings/radical; Korean meaning draft derived from local Korean word gloss or curated KANJIDIC English fallback.
P3,0,腿,"[""허벅지"", ""넓적다리""]","[""thigh"", ""femur""]",,1,"N1:腿=허벅지, 넓적다리",auto,Auto draft: KANJIDIC2 readings/radical; Korean meaning draft derived from local Korean word gloss or curated KANJIDIC English fallback.
P3,0,膨,"[""부풀다"", ""부풀리다""]","[""swell"", ""get fat"", ""thick""]",,4,"N1:膨張=팽창 | N2:膨らむ=(꿈,계획등이)부풀다 | N2:膨らます=붓다, 부풀다, 확장하다 | N2:膨大=막대한, 광범위한",auto,Manual format normalization 2026-08-18: 쉼표로 분리된 문맥형 뜻을 기본 의미로 정리.
P3,0,臣,"[""신하""]","[""retainer"", ""subject""]",,2,"N2:総理大臣=총리대신, 총리 | N3:大臣=대신, 장관",auto,Auto draft: KANJIDIC2 readings/radical; Korean meaning draft derived from local Korean word gloss or curated KANJIDIC English fallback.
P3,0,興,"[""즐기다"", ""흥겨워하다""]","[""entertain"", ""revive"", ""retrieve"", ""interest"", ""pleasure""]",,5,"N1:振興=진흥 | N1:興業=흥업, 사업 일으킴 | N1:興奮=흥분 | N1:復興=부흥 | N4:興味=흥미",auto,Auto draft: KANJIDIC2 readings/radical; Korean meaning draft derived from local Korean word gloss or curated KANJIDIC English fallback.
P3,0,舌,"[""혀""]","[""tongue"", ""reed"", ""clapper""]",,1,N3:舌=혀,auto,Auto draft: KANJIDIC2 readings/radical; Korean meaning draft derived from local Korean word gloss or curated KANJIDIC English fallback.
P3,0,舎,"[""집"", ""숙소""]","[""cottage"", ""inn"", ""hut"", ""house"", ""mansion""]",,2,N2:校舎=학교 건물 | N4:田舎=시골,auto,Auto draft: KANJIDIC2 readings/radical; Korean meaning draft derived from local Korean word gloss or curated KANJIDIC English fallback.
P3,0,航,"[""항해하다"", ""비행하다""]","[""navigate"", ""sail"", ""cruise"", ""fly""]",,3,N1:航海=항해 | N1:難航=난항 | N3:航空=항공,auto,Auto draft: KANJIDIC2 readings/radical; Korean meaning draft derived from local Korean word gloss or curated KANJIDIC English fallback.
P3,0,般,"[""일반"", ""종류""]","[""carrier"", ""carry"", ""all"", ""general"", ""sort"", ""kind""]",,4,"N2:全般=전체, 일반적인 | N3:一般的だ=일반적이다 | N3:一般的な=일반적인 | N3:一般=일반적인",auto,Auto draft: KANJIDIC2 readings/radical; Korean meaning draft derived from local Korean word gloss or curated KANJIDIC English fallback.
P3,0,船,"[""배""]","[""ship"", ""boat""]",,6,"N1:船舶=배 | N1:漁船=어선 | N2:風船=풍선 | N2:船便=선편(배편) | N2:造船=조선, 선박 건조",auto,Auto draft: KANJIDIC2 readings/radical; Korean meaning draft derived from local Korean word gloss or curated KANJIDIC English fallback.
P3,0,良,"[""좋음"", ""좋다""]","[""good"", ""pleasing"", ""skilled""]",,4,"N1:改良=개선, 개혁 | N1:不良=불량 | N2:仲良し=친한 친구, 사이좋음 | N2:不良品=불량품",auto,Auto draft: KANJIDIC2 readings/radical; Korean meaning draft derived from local Korean word gloss or curated KANJIDIC English fallback.
P3,0,色,"[""색""]","[""color""]",,13,"N1:色彩=색채 | N1:異色=이색,매우특색있음 | N1:音色=음색 | N1:着色=착색, 색칠 | N2:特色=특징",auto,Auto draft: KANJIDIC2 readings/radical; Korean meaning draft derived from local Korean word gloss or curated KANJIDIC English fallback.
P3,0,艶,"[""윤기"", ""광택""]","[""glossy"", ""luster"", ""glaze"", ""polish"", ""charm"", ""colorful"", ""captivating""]",,1,"N2:艶=윤기, 광택",auto,Auto draft: KANJIDIC2 readings/radical; Korean meaning draft derived from local Korean word gloss or curated KANJIDIC English fallback.
P3,0,芝,"[""잔디밭""]","[""turf"", ""lawn""]",,3,"N1:芝=잔디밭 | N3:芝生=잔디밭 | N3:芝居=연극, 연기",auto,Auto draft: KANJIDIC2 readings/radical; Korean meaning draft derived from local Korean word gloss or curated KANJIDIC English fallback.
P3,0,芯,"[""심"", ""심지""]","[""wick""]",,1,"N2:芯=심, 심지",auto,Auto draft: KANJIDIC2 readings/radical; Korean meaning draft derived from local Korean word gloss or curated KANJIDIC English fallback.
P3,0,花,"[""꽃""]","[""flower""]",,7,"N1:花粉=꽃가루 | N2:花火=불꽃놀이, 폭죽 | N2:生け花=꽃꽂이 | N2:花嫁=신부 | N4:花見=꽃구경, 벚꽃놀이",auto,Auto draft: KANJIDIC2 readings/radical; Korean meaning draft derived from local Korean word gloss or curated KANJIDIC English fallback.
P3,0,芽,"[""싹"", ""새싹""]","[""bud"", ""sprout"", ""spear"", ""germ""]",,1,"N3:芽=싹, 새싹",auto,Auto draft: KANJIDIC2 readings/radical; Korean meaning draft derived from local Korean word gloss or curated KANJIDIC English fallback.
P3,0,苗,"[""모"", ""모종""]","[""seedling"", ""sapling"", ""shoot""]",,1,"N1:苗=모, 모종",auto,Auto draft: KANJIDIC2 readings/radical; Korean meaning draft derived from local Korean word gloss or curated KANJIDIC English fallback.
P3,0,苦,"[""고생"", ""괴로움""]","[""suffering"", ""trial"", ""worry"", ""hardship"", ""feel bitter"", ""scowl""]",,12,"N1:苦境=곤경 | N1:苦情=클레임,불만 | N2:ご苦労さま=수고하셨습니다 | N2:苦心=고심, 애씀 | N2:重苦しい=답답하다,숨막히다",auto,Auto draft: KANJIDIC2 readings/radical; Korean meaning draft derived from local Korean word gloss or curated KANJIDIC English fallback.
P3,0,英,"[""영국"", ""영어"", ""뛰어나다""]","[""England"", ""English"", ""hero"", ""outstanding"", ""calyx""]",,6,"N1:英字=영자(英字), 영문자 | N1:英雄=영웅 | N2:英文=영문, 영어 문장 | N2:和英=일영, 일본어-영어 | N2:英和=영일(영어-일본어)",auto,Auto draft: KANJIDIC2 readings/radical; Korean meaning draft derived from local Korean word gloss or curated KANJIDIC English fallback.
P3,0,茎,"[""줄기""]","[""stalk"", ""stem""]",,1,N1:茎=줄기,auto,Auto draft: KANJIDIC2 readings/radical; Korean meaning draft derived from local Korean word gloss or curated KANJIDIC English fallback.
P3,0,茶,"[""차""]","[""tea""]",,8,"N1:焦げ茶=짙은 갈색 | N1:無茶=무리한, 불합리한 | N2:茶色い=갈색의 | N3:茶=차 | N4:茶色=갈색",auto,Auto draft: KANJIDIC2 readings/radical; Korean meaning draft derived from local Korean word gloss or curated KANJIDIC English fallback.
P3,0,草,"[""풀"", ""잔디""]","[""grass"", ""weeds"", ""herbs"", ""pasture"", ""write"", ""draft""]",,2,"N2:草履=일본식 짚신(조리) | N4:草=풀, 잔디",auto,Auto draft: KANJIDIC2 readings/radical; Korean meaning draft derived from local Korean word gloss or curated KANJIDIC English fallback.
P3,0,荷,"[""짐"", ""화물""]","[""baggage"", ""shoulder-pole load"", ""bear (a burden)"", ""shoulder (a gun)"", ""load"", ""cargo"", ""freight""]",,4,"N1:荷=짐, 화물 | N1:荷造り=짐 꾸리기, 포장 | N1:出荷=출하 | N3:荷物=짐",auto,Auto draft: KANJIDIC2 readings/radical; Korean meaning draft derived from local Korean word gloss or curated KANJIDIC English fallback.
P3,0,菌,"[""균""]","[""germ"", ""fungus"", ""bacteria""]",,4,"N1:細菌=세균 | N1:殺菌=살균 | N1:ばい菌=세균, 병균 | N3:菌=균",auto,Auto draft: KANJIDIC2 readings/radical; Korean meaning draft derived from local Korean word gloss or curated KANJIDIC English fallback.
P3,0,華,"[""화려함"", ""꽃""]","[""splendor"", ""flower"", ""petal"", ""shine"", ""luster"", ""ostentatious"", ""showy"", ""gay"", ""gorgeous""]",,3,N1:華やかな=화려한 | N1:華々しい=화려하다 | N3:豪華=호화로움,auto,Auto draft: KANJIDIC2 readings/radical; Korean meaning draft derived from local Korean word gloss or curated KANJIDIC English fallback.
P3,0,蒸,"[""찌다"", ""무덥다""]","[""steam"", ""heat"", ""sultry"", ""foment"", ""get musty""]",,4,"N1:蒸発=증발 | N1:蒸留=증류 | N2:水蒸気=물 증기, 증기 | N2:蒸気=증기",auto,Auto draft: KANJIDIC2 readings/radical; Korean meaning draft derived from local Korean word gloss or curated KANJIDIC English fallback.
P3,0,蓋,"[""뚜껑"", ""덮개""]","[""cover"", ""lid"", ""flap""]",,1,"N2:蓋=뚜껑, 덮개",auto,Auto draft: KANJIDIC2 readings/radical; Korean meaning draft derived from local Korean word gloss or curated KANJIDIC English fallback.
P3,0,蔵,"[""곳간"", ""창고""]","[""storehouse"", ""hide"", ""own"", ""have"", ""possess""]",,5,"N1:埋蔵=매장 | N1:内蔵=내장(內藏), 내장형 | N1:蔵=곳간, 창고 | N2:貯蔵=저장, 비축 | N5:冷蔵庫=냉장고",auto,Auto draft: KANJIDIC2 readings/radical; Korean meaning draft derived from local Korean word gloss or curated KANJIDIC English fallback.
P3,0,蕾,"[""꽃봉오리""]","[""bud (plants, mushrooms not yet opened)""]",,1,N1:蕾=꽃봉오리,auto,Auto draft: KANJIDIC2 readings/radical; Korean meaning draft derived from local Korean word gloss or curated KANJIDIC English fallback.
P3,0,藁,"[""짚""]","[""straw""]",,1,N1:藁=짚,auto,Auto draft: KANJIDIC2 readings/radical; Korean meaning draft derived from local Korean word gloss or curated KANJIDIC English fallback.
P3,0,虫,"[""벌레""]","[""insect"", ""bug"", ""temper""]",,2,"N1:昆虫=곤충, 벌레, 오류 | N4:虫=벌레",auto,Auto draft: KANJIDIC2 readings/radical; Korean meaning draft derived from local Korean word gloss or curated KANJIDIC English fallback.
P3,0,虹,"[""무지개""]","[""rainbow""]",,1,N2:虹=무지개,auto,Auto draft: KANJIDIC2 readings/radical; Korean meaning draft derived from local Korean word gloss or curated KANJIDIC English fallback.
P3,0,蚊,"[""모기""]","[""mosquito""]",,1,N2:蚊=모기,auto,Auto draft: KANJIDIC2 readings/radical; Korean meaning draft derived from local Korean word gloss or curated KANJIDIC English fallback.
P3,0,蝶,"[""나비""]","[""butterfly""]",,1,N1:蝶=나비,auto,Auto draft: KANJIDIC2 readings/radical; Korean meaning draft derived from local Korean word gloss or curated KANJIDIC English fallback.
P3,0,融,"[""녹다"", ""융합""]","[""dissolve"", ""melt""]",,4,N1:融資=융자 | N1:融通=융통 | N1:融合=융합 | N3:金融=금융,auto,Auto draft: KANJIDIC2 readings/radical; Korean meaning draft derived from local Korean word gloss or curated KANJIDIC English fallback.
P3,0,血,"[""피"", ""혈액""]","[""blood""]",,8,N1:出血=출혈 | N1:混血=혼혈 | N2:血圧=혈압 | N2:輸血=수혈 | N3:血液=혈액,auto,Auto draft: KANJIDIC2 readings/radical; Korean meaning draft derived from local Korean word gloss or curated KANJIDIC English fallback.
P3,0,衆,"[""무리"", ""대중""]","[""masses"", ""great numbers"", ""multitude"", ""populace""]",,4,N1:衆議院=중의원 | N1:群衆=군중 | N1:大衆=대중 | N2:公衆=공공의,auto,Auto draft: KANJIDIC2 readings/radical; Korean meaning draft derived from local Korean word gloss or curated KANJIDIC English fallback.
P3,0,街,"[""번화가"", ""거리""]","[""boulevard"", ""street"", ""town""]",,4,"N1:街頭=가두, 길거리 | N1:街道=가도, 큰길 | N2:街角=거리 모서리, 구석 | N3:街=번화가, 거리",auto,Auto draft: KANJIDIC2 readings/radical; Korean meaning draft derived from local Korean word gloss or curated KANJIDIC English fallback.
P3,0,衛,"[""지키다"", ""방위""]","[""defense"", ""protection""]",,4,N1:防衛=방위 | N1:護衛=호위 | N2:自衛=자기 방어 | N3:衛星=위성,auto,Auto draft: KANJIDIC2 readings/radical; Korean meaning draft derived from local Korean word gloss or curated KANJIDIC English fallback.
P3,0,衝,"[""찌르다"", ""충돌""]","[""collide"", ""brunt"", ""highway"", ""opposition (astronomy)"", ""thrust"", ""pierce"", ""stab"", ""prick""]",,2,N1:衝撃=충격 | N3:衝突=충돌,auto,Auto draft: KANJIDIC2 readings/radical; Korean meaning draft derived from local Korean word gloss or curated KANJIDIC English fallback.
P3,0,衣,"[""옷"", ""의복""]","[""garment"", ""clothes"", ""dressing""]",,5,"N1:衣類=옷 | N1:衣装=의상 | N2:衣食住=음식, 옷 피난처 | N2:浴衣=유카타, 여름 기모노 | N3:衣料=의류",auto,Auto draft: KANJIDIC2 readings/radical; Korean meaning draft derived from local Korean word gloss or curated KANJIDIC English fallback.
P3,0,表,"[""표면"", ""앞"", ""밖""]","[""surface"", ""table"", ""chart"", ""diagram""]",,14,"N1:時刻表=시간표, 일정(기차, 전철) | N1:表明=표명 | N2:図表=도표, 그래프 | N2:表紙=표지 | N2:公表=공표, 공식 발표",auto,Auto draft: KANJIDIC2 readings/radical; Korean meaning draft derived from local Korean word gloss or curated KANJIDIC English fallback.
P3,0,袋,"[""주머니"", ""봉지""]","[""sack"", ""bag"", ""pouch""]",,3,"N2:足袋=다비(일본식 버선) | N3:袋=주머니,봉지 | N4:手袋=장갑",auto,Auto draft: KANJIDIC2 readings/radical; Korean meaning draft derived from local Korean word gloss or curated KANJIDIC English fallback.
P3,0,袖,"[""소매""]","[""sleeve"", ""wing (building)"", ""extension"", ""give cold shoulder""]",,1,N3:袖=소매,auto,Auto draft: KANJIDIC2 readings/radical; Korean meaning draft derived from local Korean word gloss or curated KANJIDIC English fallback.
P3,0,裁,"[""재단하다"", ""판단하다""]","[""tailor"", ""judge"", ""decision"", ""cut out (pattern)""]",,6,"N1:仲裁=중재 | N1:制裁=제재 | N1:体裁=체재, 겉모양, 체면 | N1:独裁=독재 | N2:裁縫=재봉, 바느질",auto,Auto draft: KANJIDIC2 readings/radical; Korean meaning draft derived from local Korean word gloss or curated KANJIDIC English fallback.
P3,0,裏,"[""뒷면"", ""뒤""]","[""back"", ""amidst"", ""in"", ""reverse"", ""inside"", ""palm"", ""sole"", ""rear"", ""lining"", ""wrong side""]",,8,"N1:裏腹=정반대,모순 | N1:裏付け=뒷받침,증거 | N1:裏返し=뒤집음, 반대 | N2:裏切る=배반하다 | N2:裏返す=뒤집다",auto,Auto draft: KANJIDIC2 readings/radical; Korean meaning draft derived from local Korean word gloss or curated KANJIDIC English fallback.
P3,0,製,"[""만들다"", ""제조""]","[""made in..."", ""manufacture""]",,6,"N1:製法=제법, 만드는 법 | N2:製造=제조 | N2:作製=제조, 생산 | N2:製作=제작 | N3:製品=제품, 완제품",auto,Auto draft: KANJIDIC2 readings/radical; Korean meaning draft derived from local Korean word gloss or curated KANJIDIC English fallback.
P3,0,裾,"[""옷자락"", ""밑단""]","[""cuff"", ""hem"", ""foot of mountain""]",,1,"N1:裾=옷자락, 밑단",auto,Auto draft: KANJIDIC2 readings/radical; Korean meaning draft derived from local Korean word gloss or curated KANJIDIC English fallback.
P3,0,複,"[""겹치다"", ""복합""]","[""duplicate"", ""double"", ""compound"", ""multiple""]",,7,"N1:重複=중복 | N1:重複=중복 | N1:複合=복합 | N2:複写=복사, 복제 | N3:複数=복수",auto,Auto draft: KANJIDIC2 readings/radical; Korean meaning draft derived from local Korean word gloss or curated KANJIDIC English fallback.
P3,0,襖,"[""맹장지"", ""후스마""]","[""opaque sliding door""]",,1,"N2:襖=맹장지, 후스마",auto,Auto draft: KANJIDIC2 readings/radical; Korean meaning draft derived from local Korean word gloss or curated KANJIDIC English fallback.
P3,0,襟,"[""옷깃"", ""칼라""]","[""collar"", ""neck"", ""lapel"", ""one's inner feelings""]",,1,"N1:襟=옷깃, 칼라",auto,Auto draft: KANJIDIC2 readings/radical; Korean meaning draft derived from local Korean word gloss or curated KANJIDIC English fallback.
P3,0,規,"[""규칙"", ""기준""]","[""standard"", ""measure""]",,10,"N1:規制=규제 | N1:規約=규약, 규정 | N1:規定=규정 | N1:規模=규모 | N1:規範=규범",auto,Auto draft: KANJIDIC2 readings/radical; Korean meaning draft derived from local Korean word gloss or curated KANJIDIC English fallback.
P3,0,視,"[""보다"", ""주시""]","[""inspection"", ""regard as"", ""see"", ""look at""]",,6,N1:視察=시찰 | N1:凝視する=응시하다 | N1:視野=시야 | N1:監視=감시 | N3:重視=중시,auto,Auto draft: KANJIDIC2 readings/radical; Korean meaning draft derived from local Korean word gloss or curated KANJIDIC English fallback.
P3,0,観,"[""보다"", ""관점"", ""모습""]","[""outlook"", ""look"", ""appearance"", ""condition"", ""view""]",,12,"N1:主観=주관 | N1:楽観=낙관 | N1:外観=외관, 모습 | N1:観点=관점 | N1:客観=객관",auto,Auto draft: KANJIDIC2 readings/radical; Korean meaning draft derived from local Korean word gloss or curated KANJIDIC English fallback.
P3,0,訂,"[""고치다"", ""정정""]","[""revise"", ""correct"", ""decide""]",,3,"N1:改訂=개정, 수정 | N1:訂正=정정, 바로잡음 | N1:改訂版=개정판",auto,Auto draft: KANJIDIC2 readings/radical; Korean meaning draft derived from local Korean word gloss or curated KANJIDIC English fallback.
P3,0,計,"[""합계"", ""계획""]","[""plot"", ""plan"", ""scheme"", ""measure""]",,14,"N1:計画する=계획하다 | N1:家計=가계 | N1:集計=집계 | N1:生計=생활, 생계 | N2:統計=통계",auto,Auto draft: KANJIDIC2 readings/radical; Korean meaning draft derived from local Korean word gloss or curated KANJIDIC English fallback.
P3,0,訓,"[""훈독""]","[""instruction"", ""Japanese character reading"", ""explanation"", ""read""]",,2,N1:教訓=교훈 | N3:訓練=훈련,auto,Auto draft: KANJIDIC2 readings/radical; Korean meaning draft derived from local Korean word gloss or curated KANJIDIC English fallback.
P3,0,記,"[""메모"", ""주석"", ""쓰다 아래로""]","[""scribe"", ""account"", ""narrative""]",,14,"N1:記述=기술, 서술 | N1:記載=기재 | N2:筆記=필기 | N2:伝記=전기(傳記), 일대기 | N2:記号=기호, 부호",auto,Auto draft: KANJIDIC2 readings/radical; Korean meaning draft derived from local Korean word gloss or curated KANJIDIC English fallback.
P3,0,訳,"[""이유""]","[""translate"", ""reason"", ""circumstance"", ""case""]",,8,"N1:言い訳する=변명하다 | N1:内訳=내역 | N1:言い訳=변명, 해명 | N2:申し訳ない=죄송하다 | N3:訳=이유",auto,Auto draft: KANJIDIC2 readings/radical; Korean meaning draft derived from local Korean word gloss or curated KANJIDIC English fallback.
P3,0,診,"[""진찰하다"", ""진료하다""]","[""checkup"", ""seeing"", ""diagnose"", ""examine""]",,4,N1:打診=타진 | N1:往診=왕진 | N1:診療=진료 | N2:診断=진단,auto,Auto draft: KANJIDIC2 readings/radical; Korean meaning draft derived from local Korean word gloss or curated KANJIDIC English fallback.
P3,0,評,"[""평가"", ""비평""]","[""evaluate"", ""criticism"", ""comment""]",,5,N1:書評=서평 | N2:評論=평론 | N2:好評=호평 | N2:評価=평가 | N3:評判=평판,auto,Auto draft: KANJIDIC2 readings/radical; Korean meaning draft derived from local Korean word gloss or curated KANJIDIC English fallback.
P3,0,詞,"[""말"", ""품사""]","[""part of speech"", ""words"", ""poetry""]",,7,N1:他動詞=타동사 | N1:数詞=수사(數詞) | N2:台詞=대사 | N2:形容動詞=형용동사 | N2:副詞=부사,auto,Auto draft: KANJIDIC2 readings/radical; Korean meaning draft derived from local Korean word gloss or curated KANJIDIC English fallback.
P3,0,該,"[""해당"", ""그""]","[""above-stated"", ""the said"", ""that specific""]",,2,N1:該当=해당 | N1:該当する=해당하다,auto,Auto draft: KANJIDIC2 readings/radical; Korean meaning draft derived from local Korean word gloss or curated KANJIDIC English fallback.
P3,0,誌,"[""기록"", ""잡지""]","[""document"", ""records""]",,2,N3:週刊誌=주간지 | N3:雑誌=잡지,auto,Auto draft: KANJIDIC2 readings/radical; Korean meaning draft derived from local Korean word gloss or curated KANJIDIC English fallback.
P3,0,誠,"[""진실"", ""성실""]","[""sincerity"", ""admonish"", ""warn"", ""prohibit"", ""truth"", ""fidelity""]",,3,"N1:誠=진실, 성실 | N1:誠実=성실 | N1:誠に=참으로, 정말로(매우 공손), 절대적으로, 확실히",auto,Auto draft: KANJIDIC2 readings/radical; Korean meaning draft derived from local Korean word gloss or curated KANJIDIC English fallback.
P3,0,誤,"[""오류""]","[""mistake"", ""err"", ""do wrong"", ""mislead""]",,3,N1:錯誤=착오 | N1:誤差=오차 | N3:誤解=오해,auto,Auto draft: KANJIDIC2 readings/radical; Korean meaning draft derived from local Korean word gloss or curated KANJIDIC English fallback.
P3,0,説,"[""이론""]","[""opinion"", ""theory"", ""explanation"", ""rumor""]",,9,"N1:概説=개설, 개요 | N1:伝説=전설 | N1:説得=설득 | N1:説く=설명하다,설득하다 | N2:解説=설명",auto,Auto draft: KANJIDIC2 readings/radical; Korean meaning draft derived from local Korean word gloss or curated KANJIDIC English fallback.
P3,0,課,"[""과"", ""부서""]","[""chapter"", ""lesson"", ""section"", ""department"", ""division"", ""counter for chapters (of a book)""]",,6,"N2:日課=일과 | N2:課税=과세 | N2:課程=과정, 코스, 교육과정 | N3:課=과, 부서 | N3:課題=과제",auto,Auto draft: KANJIDIC2 readings/radical; Korean meaning draft derived from local Korean word gloss or curated KANJIDIC English fallback.
P3,0,談,"[""이야기하다"", ""상담""]","[""discuss"", ""talk""]",,7,N1:会談=회담 | N1:縁談=혼담 | N1:対談=대담 | N1:雑談=잡담 | N1:座談会=좌담회,auto,Auto draft: KANJIDIC2 readings/radical; Korean meaning draft derived from local Korean word gloss or curated KANJIDIC English fallback.
P3,0,請,"[""청하다"", ""요청하다""]","[""solicit"", ""invite"", ""ask""]",,4,"N1:要請=요청 | N1:請け負う=청부 맡다 | N3:申請=신청 | N4:請求=청구, 요구",auto,Auto draft: KANJIDIC2 readings/radical; Korean meaning draft derived from local Korean word gloss or curated KANJIDIC English fallback.
P3,0,識,"[""알다"", ""식별""]","[""discriminating"", ""know"", ""write""]",,6,"N1:面識=면식,안면 | N1:認識=인식 | N2:標識=표지, 표식 | N3:知識=지식 | N3:意識=의식",auto,Auto draft: KANJIDIC2 readings/radical; Korean meaning draft derived from local Korean word gloss or curated KANJIDIC English fallback.
P3,0,警,"[""경계"", ""훈계하다""]","[""admonish"", ""commandment""]",,6,"N1:警部=경부 | N1:警戒=경계 | N2:警備=경비, 경호 | N3:警告=경고 | N4:警察=경찰, 경찰서",auto,Auto draft: KANJIDIC2 readings/radical; Korean meaning draft derived from local Korean word gloss or curated KANJIDIC English fallback.
P3,0,議,"[""의논"", ""토론""]","[""deliberation"", ""consultation"", ""debate"", ""consideration""]",,17,"N1:物議=물의 | N1:衆議院=중의원 | N1:審議=심의 | N1:異議=이의, 반대 | N1:参議院=참의원",auto,Auto draft: KANJIDIC2 readings/radical; Korean meaning draft derived from local Korean word gloss or curated KANJIDIC English fallback.
P3,0,護,"[""지키다"", ""보호하다""]","[""safeguard"", ""protect""]",,8,"N1:看護=간호 | N1:養護=양호, 보호 | N1:護衛=호위 | N1:弁護=변호 | N1:保護=보호",auto,Auto draft: KANJIDIC2 readings/radical; Korean meaning draft derived from local Korean word gloss or curated KANJIDIC English fallback.
P3,0,谷,"[""골짜기"", ""계곡""]","[""valley""]",,1,"N3:谷=골짜기, 계곡",auto,Auto draft: KANJIDIC2 readings/radical; Korean meaning draft derived from local Korean word gloss or curated KANJIDIC English fallback.
P3,0,豆,"[""콩""]","[""beans"", ""pea"", ""midget""]",,1,N3:豆=콩,auto,Auto draft: KANJIDIC2 readings/radical; Korean meaning draft derived from local Korean word gloss or curated KANJIDIC English fallback.
P3,0,豪,"[""호걸"", ""강하다""]","[""overpowering"", ""great"", ""powerful"", ""excelling"", ""Australia""]",,3,N1:富豪=부호 | N1:豪快に=호쾌하게 | N3:豪華=호화로움,auto,Auto draft: KANJIDIC2 readings/radical; Korean meaning draft derived from local Korean word gloss or curated KANJIDIC English fallback.
P3,0,貝,"[""조개""]","[""shellfish""]",,2,N1:貝殻=조개껍데기 | N2:貝=조개,auto,Auto draft: KANJIDIC2 readings/radical; Korean meaning draft derived from local Korean word gloss or curated KANJIDIC English fallback.
P3,0,財,"[""재물"", ""재산""]","[""property"", ""money"", ""wealth"", ""assets""]",,6,"N1:財源=재원 | N1:財=재물, 재산 | N1:文化財=문화재 | N1:財政=재정 | N3:財産=재산, 자산",auto,Auto draft: KANJIDIC2 readings/radical; Korean meaning draft derived from local Korean word gloss or curated KANJIDIC English fallback.
P3,0,貢,"[""바치다"", ""공헌하다""]","[""tribute"", ""support"", ""finance""]",,2,N1:貢献=공헌 | N2:貢献する=공헌하다,auto,Auto draft: KANJIDIC2 readings/radical; Korean meaning draft derived from local Korean word gloss or curated KANJIDIC English fallback.
P3,0,貨,"[""화물"", ""재화""]","[""freight"", ""goods"", ""property""]",,6,N1:外貨=외화 | N1:貨幣=화폐 | N1:雑貨=잡화 | N2:貨物=화물 | N3:通貨=통화,auto,Auto draft: KANJIDIC2 readings/radical; Korean meaning draft derived from local Korean word gloss or curated KANJIDIC English fallback.
P3,0,賛,"[""찬성하다"", ""칭찬하다""]","[""approve"", ""praise"", ""title or inscription on picture"", ""assist"", ""agree with""]",,3,"N1:絶賛する=절찬하다, 극구 칭찬하다 | N1:賛美=찬미, 찬양 | N3:賛成=찬성",auto,Auto draft: KANJIDIC2 readings/radical; Korean meaning draft derived from local Korean word gloss or curated KANJIDIC English fallback.
P3,0,賞,"[""상""]","[""prize"", ""reward"", ""praise""]",,6,N1:入賞=입상 | N1:受賞=수상 | N1:懸賞=현상(상금 걸기) | N2:賞金=상금 | N2:鑑賞=감상(예술 등),auto,Auto draft: KANJIDIC2 readings/radical; Korean meaning draft derived from local Korean word gloss or curated KANJIDIC English fallback.
P3,0,質,"[""질"", ""품질""]","[""substance"", ""quality"", ""matter"", ""temperament""]",,15,"N1:質素な=검소한,소탈한 | N1:タンパク質=단백질 | N1:品質=품질 | N1:素質=소질 | N1:人質=인질",auto,Auto draft: KANJIDIC2 readings/radical; Korean meaning draft derived from local Korean word gloss or curated KANJIDIC English fallback.
P3,0,購,"[""사다"", ""구독""]","[""subscription"", ""buy""]",,3,N1:購買=구매 | N1:購読=구독 | N2:購入=구입,auto,Auto draft: KANJIDIC2 readings/radical; Korean meaning draft derived from local Korean word gloss or curated KANJIDIC English fallback.
P3,0,趣,"[""정취"", ""멋"", ""취지""]","[""purport"", ""gist"", ""elegance"", ""interest"", ""proceed to"", ""tend"", ""become""]",,3,"N1:趣=정취, 멋; 취지 | N1:趣旨=취지 | N3:趣味=취미",auto,Auto draft: KANJIDIC2 readings/radical; Korean meaning draft derived from local Korean word gloss or curated KANJIDIC English fallback.
P3,0,足,"[""발"", ""다리""]","[""leg"", ""foot"", ""be sufficient"", ""counter for pairs of footwear""]",,16,"N1:発足=발족,출범 | N1:足手まとい=방해, 훼방, 걸림돌 | N1:裸足=맨발 | N1:補足=보충, 보완 | N1:足止め=발이 묶임",auto,Auto draft: KANJIDIC2 readings/radical; Korean meaning draft derived from local Korean word gloss or curated KANJIDIC English fallback.
P3,0,跡,"[""자국"", ""흔적""]","[""tracks"", ""mark"", ""print"", ""impression""]",,6,"N1:遺跡=유적 | N1:軌跡=궤적 | N1:追跡=추적 | N1:跡地=철거부지,철거후공터 | N2:足跡=발자국",auto,Auto draft: KANJIDIC2 readings/radical; Korean meaning draft derived from local Korean word gloss or curated KANJIDIC English fallback.
P3,0,躍,"[""뛰다"", ""약동""]","[""leap"", ""dance"", ""skip""]",,3,N1:躍進=약진 | N2:活躍=활약 | N2:飛躍的=비약적,auto,Auto draft: KANJIDIC2 readings/radical; Korean meaning draft derived from local Korean word gloss or curated KANJIDIC English fallback.
P3,0,身,"[""몸"", ""신체""]","[""somebody"", ""person"", ""one's station in life""]",,15,"N1:生身=산 몸, 생신(生身) | N1:受け身=수동적인, 수동적인 목소리 | N1:身の回り=신변, 소지품 | N1:身近=가까움; 친근함 | N2:心身=심신",auto,Auto draft: KANJIDIC2 readings/radical; Korean meaning draft derived from local Korean word gloss or curated KANJIDIC English fallback.
P3,0,車,"[""자동차""]","[""car""]",,16,"N2:車掌=차장 | N2:車庫=차고 | N2:機関車=기관차 | N2:停車=정차 | N2:車輪=바퀴(차, 자동차)",auto,Auto draft: KANJIDIC2 readings/radical; Korean meaning draft derived from local Korean word gloss or curated KANJIDIC English fallback.
P3,0,軌,"[""궤도"", ""본보기""]","[""rut"", ""wheel"", ""track"", ""model"", ""way of doing""]",,2,N1:軌跡=궤적 | N1:軌道=궤도,auto,Auto draft: KANJIDIC2 readings/radical; Korean meaning draft derived from local Korean word gloss or curated KANJIDIC English fallback.
P3,0,軍,"[""군"", ""군대""]","[""army"", ""force"", ""troops"", ""war"", ""battle""]",,5,"N1:軍事=군사 | N1:軍艦=군함 | N1:軍服=군복 | N3:軍隊=군대, 병력 | N3:軍=군, 군대",auto,Auto draft: KANJIDIC2 readings/radical; Korean meaning draft derived from local Korean word gloss or curated KANJIDIC English fallback.
P3,0,較,"[""비교하다""]","[""contrast"", ""compare""]",,2,N2:比較的=비교적 | N3:比較=비교,auto,Auto draft: KANJIDIC2 readings/radical; Korean meaning draft derived from local Korean word gloss or curated KANJIDIC English fallback.
P3,0,載,"[""싣다"", ""기록하다""]","[""ride"", ""board"", ""get on"", ""place"", ""spread"", ""10**44"", ""record"", ""publish""]",,2,N1:掲載=게재 | N1:記載=기재,auto,Auto draft: KANJIDIC2 readings/radical; Korean meaning draft derived from local Korean word gloss or curated KANJIDIC English fallback.
P3,0,輩,"[""무리"", ""동료""]","[""comrade"", ""fellow"", ""people"", ""companions""]",,2,N3:後輩=후배 | N4:先輩=선배,auto,Auto draft: KANJIDIC2 readings/radical; Korean meaning draft derived from local Korean word gloss or curated KANJIDIC English fallback.
P3,0,輪,"[""고리"", ""바퀴""]","[""wheel"", ""ring"", ""circle"", ""link"", ""loop"", ""counter for wheels and flowers""]",,5,"N1:年輪=나이테, 연륜 | N1:首輪=목걸이 | N2:車輪=바퀴(차, 자동차) | N3:輪=고리, 바퀴 | N4:指輪=반지",auto,Auto draft: KANJIDIC2 readings/radical; Korean meaning draft derived from local Korean word gloss or curated KANJIDIC English fallback.
P3,0,輸,"[""나르다"", ""수송""]","[""transport"", ""send"", ""be inferior""]",,6,"N1:運輸=운수 | N2:輸送=수송, 운송 | N2:輸入する=수입하다 | N2:輸血=수혈 | N3:輸出=수출",auto,Auto draft: KANJIDIC2 readings/radical; Korean meaning draft derived from local Korean word gloss or curated KANJIDIC English fallback.
P3,0,農,"[""농업"", ""농부""]","[""agriculture"", ""farmers""]",,8,"N1:農地=농업의 땅, 토지 | N1:農耕=농업, 경작 | N1:酪農=낙농 | N1:農場=농장 | N2:農村=농촌",auto,Auto draft: KANJIDIC2 readings/radical; Korean meaning draft derived from local Korean word gloss or curated KANJIDIC English fallback.
P3,0,逆,"[""반대"", ""거꾸로임""]","[""inverted"", ""reverse"", ""opposite"", ""wicked""]",,6,"N1:逆転=역전 | N1:逆立ち=물구나무서기 | N2:逆さ=거꾸로, 반대 | N2:逆らう=거스르다 | N2:逆さま=거꾸로, 반대",auto,Auto draft: KANJIDIC2 readings/radical; Korean meaning draft derived from local Korean word gloss or curated KANJIDIC English fallback.
P3,0,途,"[""길"", ""도중""]","[""route"", ""way"", ""road""]",,5,"N1:途上=도상, 도중 | N1:途絶える=멈추다, 그치다, 오다 끝 | N2:用途=용도 | N2:中途=도중, 중도 | N4:途中=도중",auto,Auto draft: KANJIDIC2 readings/radical; Korean meaning draft derived from local Korean word gloss or curated KANJIDIC English fallback.
P3,0,週,"[""주"", ""일주일""]","[""week""]",,7,"N2:先々週=지지난주 | N3:週=주, 일주일 | N3:週刊誌=주간지 | N4:再来週=다다음 주 | N5:今週=이번 주",auto,Auto draft: KANJIDIC2 readings/radical; Korean meaning draft derived from local Korean word gloss or curated KANJIDIC English fallback.
P3,0,遇,"[""만나다"", ""대우하다""]","[""meet"", ""encounter"", ""interview"", ""treat"", ""entertain"", ""receive"", ""deal with""]",,3,"N1:境遇=처지, 환경 | N1:待遇=대우, 처우 | N2:遭遇する=조우하다,우연히만나다",auto,Auto draft: KANJIDIC2 readings/radical; Korean meaning draft derived from local Korean word gloss or curated KANJIDIC English fallback.
P3,0,運,"[""운"", ""운수""]","[""carry"", ""luck"", ""destiny"", ""fate"", ""lot"", ""transport"", ""progress"", ""advance""]",,16,"N1:運賃=운임, 요금 | N1:運輸=운수 | N1:運用=운용, 활용 | N1:運送=운송 | N1:海運=해운",auto,Auto draft: KANJIDIC2 readings/radical; Korean meaning draft derived from local Korean word gloss or curated KANJIDIC English fallback.
P3,0,遍,"[""두루"", ""널리""]","[""everywhere"", ""times"", ""widely"", ""generally""]",,2,N1:普遍=보편 | N2:普遍的=보편적,auto,Auto draft: KANJIDIC2 readings/radical; Korean meaning draft derived from local Korean word gloss or curated KANJIDIC English fallback.
P3,0,遣,"[""보내다"", ""주다""]","[""dispatch"", ""despatch"", ""send"", ""give"", ""donate"", ""do"", ""undertake""]",,6,"N1:心遣い=배려 | N1:派遣=파견 | N1:無駄遣い=낭비, 헛돈 씀 | N2:小遣い=용돈 | N2:言葉遣い=말씨, 어투",auto,Auto draft: KANJIDIC2 readings/radical; Korean meaning draft derived from local Korean word gloss or curated KANJIDIC English fallback.
P3,0,遺,"[""남기다"", ""유산""]","[""bequeath"", ""leave behind"", ""reserve""]",,2,N1:遺跡=유적 | N1:遺憾に=유감스럽게,auto,Auto draft: KANJIDIC2 readings/radical; Korean meaning draft derived from local Korean word gloss or curated KANJIDIC English fallback.
P3,0,還,"[""돌아가다"", ""돌려보내다""]","[""send back"", ""return""]",,3,"N1:還元=환원 | N1:還暦=환갑 | N1:返還=반환, 돌려줌",auto,Auto draft: KANJIDIC2 readings/radical; Korean meaning draft derived from local Korean word gloss or curated KANJIDIC English fallback.
P3,0,邪,"[""사악함"", ""부정""]","[""wicked"", ""injustice"", ""wrong""]",,5,"N1:邪魔する=방해하다, 훼방 놓다 | N1:無邪気=천진난만함 | N2:お邪魔します=실례합니다 | N4:邪魔=거추장스러움 | N5:風邪=감기",auto,Auto draft: KANJIDIC2 readings/radical; Korean meaning draft derived from local Korean word gloss or curated KANJIDIC English fallback.
P3,0,部,"[""부분"", ""부서""]","[""section"", ""bureau"", ""dept"", ""class"", ""copy"", ""part"", ""portion"", ""counter for copies of a newspaper or magazine""]",,16,N1:部下=부하 | N1:部門=부문 | N1:一部分=일부분 | N1:幹部=간부 | N1:警部=경부,auto,Auto draft: KANJIDIC2 readings/radical; Korean meaning draft derived from local Korean word gloss or curated KANJIDIC English fallback.
P3,0,郷,"[""고향"", ""마을""]","[""home town"", ""village"", ""native place"", ""district""]",,4,N1:郷土=향토 | N1:郷里=고향 | N2:故郷=고향 | N3:故郷=고향,auto,Auto draft: KANJIDIC2 readings/radical; Korean meaning draft derived from local Korean word gloss or curated KANJIDIC English fallback.
P3,0,都,"[""수도의"", ""대도시의""]","[""metropolis"", ""capital"", ""all"", ""everything""]",,6,"N2:都心=도심 | N3:都合=사정,형편 | N3:都=수도, 도읍 | N3:都市=도시 | N3:首都=수도",auto,Auto draft: KANJIDIC2 readings/radical; Korean meaning draft derived from local Korean word gloss or curated KANJIDIC English fallback.
P3,0,酒,"[""술"", ""사케""]","[""sake"", ""alcohol""]",,3,"N2:酒場=술집, 바 | N3:酒=술, 사케 | N5:お酒=술",auto,Auto draft: KANJIDIC2 readings/radical; Korean meaning draft derived from local Korean word gloss or curated KANJIDIC English fallback.
P3,0,野,"[""들"", ""야외""]","[""plains"", ""field"", ""rustic"", ""civilian life""]",,6,N1:野外=야외 | N1:視野=시야 | N1:野生=야생 | N1:野心=야심 | N2:平野=평야,auto,Auto draft: KANJIDIC2 readings/radical; Korean meaning draft derived from local Korean word gloss or curated KANJIDIC English fallback.
P3,0,釘,"[""못""]","[""nail"", ""tack"", ""peg""]",,1,N2:釘=못,auto,Auto draft: KANJIDIC2 readings/radical; Korean meaning draft derived from local Korean word gloss or curated KANJIDIC English fallback.
P3,0,釜,"[""가마솥"", ""솥""]","[""kettle"", ""cauldron"", ""iron pot""]",,1,"N2:釜=가마솥, 솥",auto,Auto draft: KANJIDIC2 readings/radical; Korean meaning draft derived from local Korean word gloss or curated KANJIDIC English fallback.
P3,0,針,"[""바늘""]","[""needle"", ""pin"", ""staple"", ""stinger""]",,3,"N2:針金=철사, 전선 | N2:針路=(배·비행기의) 진로, 항로 | N2:方針=방침",auto,Auto draft: KANJIDIC2 readings/radical; Korean meaning draft derived from local Korean word gloss or curated KANJIDIC English fallback.
P3,0,鈴,"[""종"", ""벨""]","[""small bell"", ""buzzer""]",,1,"N2:鈴=종, 벨",auto,Auto draft: KANJIDIC2 readings/radical; Korean meaning draft derived from local Korean word gloss or curated KANJIDIC English fallback.
P3,0,鉄,"[""철""]","[""iron""]",,5,"N1:鉄鋼=철강 | N2:鉄砲=총, 철포 | N2:鉄橋=철교 | N2:私鉄=사적인 철도 | N3:鉄=철",auto,Auto draft: KANJIDIC2 readings/radical; Korean meaning draft derived from local Korean word gloss or curated KANJIDIC English fallback.
P3,0,鉢,"[""화분"", ""큰 그릇""]","[""bowl"", ""rice tub"", ""pot"", ""crown""]",,1,N2:鉢=화분; 큰 그릇,auto,Auto draft: KANJIDIC2 readings/radical; Korean meaning draft derived from local Korean word gloss or curated KANJIDIC English fallback.
P3,0,鉱,"[""광물"", ""광석""]","[""mineral"", ""ore""]",,4,N1:鉱山=광산 | N1:鉱業=광업 | N2:鉱物=광물 | N2:炭鉱=탄광,auto,Auto draft: KANJIDIC2 readings/radical; Korean meaning draft derived from local Korean word gloss or curated KANJIDIC English fallback.
P3,0,銀,"[""은""]","[""silver""]",,2,N3:銀=은 | N5:銀行=은행,auto,Auto draft: KANJIDIC2 readings/radical; Korean meaning draft derived from local Korean word gloss or curated KANJIDIC English fallback.
P3,0,銃,"[""총""]","[""gun"", ""arms""]",,1,N3:銃=총,auto,Auto draft: KANJIDIC2 readings/radical; Korean meaning draft derived from local Korean word gloss or curated KANJIDIC English fallback.
P3,0,銅,"[""구리"", ""동""]","[""copper""]",,1,"N2:銅=구리, 동",auto,Auto draft: KANJIDIC2 readings/radical; Korean meaning draft derived from local Korean word gloss or curated KANJIDIC English fallback.
P3,0,錠,"[""자물쇠"", ""정제""]","[""lock"", ""fetters"", ""shackles""]",,2,"N1:手錠=수갑 | N1:施錠する=자물쇠를 채우다, 잠그다",auto,Auto draft: KANJIDIC2 readings/radical; Korean meaning draft derived from local Korean word gloss or curated KANJIDIC English fallback.
P3,0,錯,"[""섞이다"", ""혼란""]","[""confused"", ""mix"", ""be in disorder""]",,5,"N1:交錯=뒤섞여 엇갈림, 교차 | N1:錯誤=착오 | N1:交錯する=뒤섞여 엇갈리다, 교차하다 | N1:錯覚する=착각하다 | N1:錯覚=착각",auto,Auto draft: KANJIDIC2 readings/radical; Korean meaning draft derived from local Korean word gloss or curated KANJIDIC English fallback.
P3,0,鍵,"[""열쇠""]","[""key""]",,1,N5:鍵=열쇠,auto,Auto draft: KANJIDIC2 readings/radical; Korean meaning draft derived from local Korean word gloss or curated KANJIDIC English fallback.
P3,0,鎖,"[""사슬"", ""연쇄""]","[""chain"", ""irons"", ""connection""]",,3,N1:封鎖=봉쇄 | N1:閉鎖する=폐쇄하다 | N1:閉鎖=폐쇄,auto,Auto draft: KANJIDIC2 readings/radical; Korean meaning draft derived from local Korean word gloss or curated KANJIDIC English fallback.
P3,0,鏡,"[""거울""]","[""mirror"", ""speculum"", ""barrel-head"", ""round rice-cake offering""]",,3,N2:顕微鏡=현미경 | N2:望遠鏡=망원경 | N4:鏡=거울,auto,Auto draft: KANJIDIC2 readings/radical; Korean meaning draft derived from local Korean word gloss or curated KANJIDIC English fallback.
P3,0,鐘,"[""종"", ""종소리""]","[""bell"", ""gong"", ""chimes""]",,1,"N2:鐘=종, 종소리",auto,Auto draft: KANJIDIC2 readings/radical; Korean meaning draft derived from local Korean word gloss or curated KANJIDIC English fallback.
P3,0,鑑,"[""거울삼다"", ""감정하다""]","[""specimen"", ""take warning from"", ""learn from""]",,4,N1:印鑑=인감 | N1:鑑定=감정(판정) | N2:図鑑=도감 | N2:鑑賞=감상(예술 등),auto,Auto draft: KANJIDIC2 readings/radical; Korean meaning draft derived from local Korean word gloss or curated KANJIDIC English fallback.
P3,0,門,"[""문"", ""문파""]","[""gate"", ""counter for cannons""]",,4,N1:部門=부문 | N2:正門=정문 | N3:専門家=전문가 | N3:専門=전문,auto,Auto draft: KANJIDIC2 readings/radical; Korean meaning draft derived from local Korean word gloss or curated KANJIDIC English fallback.
P3,0,間,"[""사이"", ""간격""]","[""interval"", ""space""]",,31,"N1:つかの間の=짧은, 잠깐 동안의 | N1:手間=수고 | N1:間柄=사이, 관계 | N1:合間=간격 | N1:空間=공간",auto,Auto draft: KANJIDIC2 readings/radical; Korean meaning draft derived from local Korean word gloss or curated KANJIDIC English fallback.
P3,0,闇,"[""어둠"", ""암거래""]","[""get dark"", ""gloom"", ""disorder""]",,2,N1:闇=어둠; 암거래 | N1:暗闇=어둠,auto,Auto draft: KANJIDIC2 readings/radical; Korean meaning draft derived from local Korean word gloss or curated KANJIDIC English fallback.
P3,0,院,"[""기관"", ""원"", ""사원""]","[""Inst."", ""institution"", ""temple"", ""mansion"", ""school""]",,7,"N1:衆議院=중의원 | N1:参議院=참의원 | N2:大学院=대학원 | N2:寺院=절 | N3:医院=의원, 병원",auto,Auto draft: KANJIDIC2 readings/radical; Korean meaning draft derived from local Korean word gloss or curated KANJIDIC English fallback.
P3,0,除,"[""없애다"", ""제외하다""]","[""exclude"", ""division (x/3)"", ""remove"", ""abolish"", ""cancel"", ""except""]",,7,"N1:免除=면제 | N1:解除=해제 | N1:控除=공제 | N1:排除=배제, 제거 | N1:除外=예외",auto,Auto draft: KANJIDIC2 readings/radical; Korean meaning draft derived from local Korean word gloss or curated KANJIDIC English fallback.
P3,0,陰,"[""그늘"", ""보이지 않는 이면""]","[""shade"", ""yin"", ""negative"", ""sex organs"", ""secret"", ""shadow""]",,5,"N1:陰気=음침함, 침울함 | N2:日陰=그늘 | N3:陰=그늘, 보이지 않는 이면 | N4:お陰=덕분, 덕택 | N4:お陰様で=덕분에",auto,Auto draft: KANJIDIC2 readings/radical; Korean meaning draft derived from local Korean word gloss or curated KANJIDIC English fallback.
P3,0,陸,"[""육지""]","[""land"", ""six""]",,5,"N1:着陸=착륙 | N1:内陸=내륙 | N1:上陸=땅, 토지 | N3:陸=육지 | N3:大陸=대륙",auto,Auto draft: KANJIDIC2 readings/radical; Korean meaning draft derived from local Korean word gloss or curated KANJIDIC English fallback.
P3,0,陽,"[""햇빛"", ""양""]","[""sunshine"", ""yang principle"", ""positive"", ""male"", ""heaven"", ""daytime""]",,2,"N3:陽気=명랑함, 쾌활함 | N3:太陽=태양",auto,Auto draft: KANJIDIC2 readings/radical; Korean meaning draft derived from local Korean word gloss or curated KANJIDIC English fallback.
P3,0,隅,"[""모서리"", ""구석""]","[""corner"", ""nook""]",,1,"N4:隅=모서리, 구석",auto,Auto draft: KANJIDIC2 readings/radical; Korean meaning draft derived from local Korean word gloss or curated KANJIDIC English fallback.
P3,0,隊,"[""부대"", ""무리""]","[""regiment"", ""party"", ""company"", ""squad""]",,2,"N2:兵隊=병사, 군인 | N3:軍隊=군대, 병력",auto,Auto draft: KANJIDIC2 readings/radical; Korean meaning draft derived from local Korean word gloss or curated KANJIDIC English fallback.
P3,0,階,"[""층"", ""계단""]","[""storey"", ""stair"", ""counter for storeys of a building""]",,5,"N1:階級=계급, 등급 | N1:階層=계층 | N2:段階=단계 | N5:階段=계단 | N5:二階=2층",auto,Auto draft: KANJIDIC2 readings/radical; Korean meaning draft derived from local Korean word gloss or curated KANJIDIC English fallback.
P3,0,随,"[""따르다"", ""맡기다""]","[""follow"", ""though"", ""notwithstanding"", ""while"", ""during"", ""both"", ""all"", ""obey"", ""submit to"", ""comply"", ""at the mercy of (the waves)""]",,3,"N1:随時=수시로,그때그때 | N2:随筆=수필, 에세이 | N4:随分=극도로; 상당히",auto,Auto draft: KANJIDIC2 readings/radical; Korean meaning draft derived from local Korean word gloss or curated KANJIDIC English fallback.
P3,0,隙,"[""틈"", ""빈틈""]","[""crevice"", ""fissure"", ""discord"", ""opportunity"", ""leisure""]",,2,"N2:隙間=틈, 틈새 | N2:隙=틈, 빈틈",auto,Auto draft: KANJIDIC2 readings/radical; Korean meaning draft derived from local Korean word gloss or curated KANJIDIC English fallback.
P3,0,際,"[""때"", ""경우"", ""상황""]","[""occasion"", ""side"", ""edge"", ""verge"", ""dangerous"", ""adventurous"", ""indecent"", ""time"", ""when""]",,5,"N1:手際=일처리솜씨,수완 | N3:実際=실제, 사실상 | N3:際=때, 경우, 상황 | N3:交際=교제 | N4:国際=국제적인",auto,Auto draft: KANJIDIC2 readings/radical; Korean meaning draft derived from local Korean word gloss or curated KANJIDIC English fallback.
P3,0,雌,"[""암컷""]","[""feminine"", ""female""]",,1,N1:雌=암컷,auto,Auto draft: KANJIDIC2 readings/radical; Korean meaning draft derived from local Korean word gloss or curated KANJIDIC English fallback.
P3,0,雑,"[""조잡함"", ""엉성함""]","[""miscellaneous""]",,11,"N1:雑踏=혼잡 | N1:雑=조잡함, 엉성함 | N1:煩雑な=번잡한 | N1:雑貨=잡화 | N1:雑談=잡담",auto,Auto draft: KANJIDIC2 readings/radical; Korean meaning draft derived from local Korean word gloss or curated KANJIDIC English fallback.
P3,0,難,"[""어렵다"", ""재난""]","[""difficult"", ""impossible"", ""trouble"", ""accident"", ""defect""]",,8,"N1:難航=난항 | N1:難点=곤란한점 | N1:遭難=재난, 사고 | N1:無難=무난함 | N2:盗難=강도, 절도",auto,Auto draft: KANJIDIC2 readings/radical; Korean meaning draft derived from local Korean word gloss or curated KANJIDIC English fallback.
P3,0,雨,"[""비""]","[""rain""]",,3,N1:雨天=우천 | N2:雨戸=덧문 | N5:雨=비,auto,Auto draft: KANJIDIC2 readings/radical; Korean meaning draft derived from local Korean word gloss or curated KANJIDIC English fallback.
P3,0,雪,"[""눈""]","[""snow""]",,2,N1:雪崩=눈사태 | N2:吹雪=눈보라,auto,Auto draft: KANJIDIC2 readings/radical; Korean meaning draft derived from local Korean word gloss or curated KANJIDIC English fallback.
P3,0,雫,"[""물방울""]","[""drop"", ""trickle"", ""dripping"", ""(kokuji)""]",,1,N1:雫=물방울,auto,Auto draft: KANJIDIC2 readings/radical; Korean meaning draft derived from local Korean word gloss or curated KANJIDIC English fallback.
P3,0,雲,"[""구름""]","[""cloud""]",,1,N4:雲=구름,auto,Auto draft: KANJIDIC2 readings/radical; Korean meaning draft derived from local Korean word gloss or curated KANJIDIC English fallback.
P3,0,雷,"[""천둥""]","[""thunder"", ""lightning bolt""]",,1,N3:雷=천둥,auto,Auto draft: KANJIDIC2 readings/radical; Korean meaning draft derived from local Korean word gloss or curated KANJIDIC English fallback.
P3,0,需,"[""수요"", ""필요""]","[""demand"", ""request"", ""need""]",,2,N1:需要=수요 | N2:必需品=필수품,auto,Auto draft: KANJIDIC2 readings/radical; Korean meaning draft derived from local Korean word gloss or curated KANJIDIC English fallback.
P3,0,震,"[""흔들리다"", ""지진""]","[""quake"", ""shake"", ""tremble"", ""quiver"", ""shiver""]",,2,"N1:震わせる=떨게 하다, 떨리게 하다 | N4:地震=지진",auto,Auto draft: KANJIDIC2 readings/radical; Korean meaning draft derived from local Korean word gloss or curated KANJIDIC English fallback.
P3,0,霧,"[""안개""]","[""fog"", ""mist""]",,1,N3:霧=안개,auto,Auto draft: KANJIDIC2 readings/radical; Korean meaning draft derived from local Korean word gloss or curated KANJIDIC English fallback.
P3,0,露,"[""이슬"", ""드러내다""]","[""dew"", ""tears"", ""expose"", ""Russia""]",,4,"N1:披露する=피로하다, 공개하다 | N1:露骨=노골적임 | N1:暴露=폭로 | N1:露骨に=노골적으로",auto,Auto draft: KANJIDIC2 readings/radical; Korean meaning draft derived from local Korean word gloss or curated KANJIDIC English fallback.
P3,0,非,"[""비"", ""잘못"", ""부정""]","[""un-"", ""mistake"", ""negative"", ""injustice"", ""non-""]",,4,"N1:非常に=매우, 몹시 | N1:非=비, 잘못, 부정 | N3:非常=대단히, 비상 | N4:是非=꼭, 부디",auto,Auto draft: KANJIDIC2 readings/radical; Korean meaning draft derived from local Korean word gloss or curated KANJIDIC English fallback.
P3,0,面,"[""얼굴"", ""표면"", ""면""]","[""mask"", ""face"", ""features"", ""surface""]",,29,"N1:面識=면식,안면 | N1:覆面=복면 | N1:当面=당면,당분간 | N1:側面=쪽, 측면 | N1:斜面=사면, 비탈면",auto,Auto draft: KANJIDIC2 readings/radical; Korean meaning draft derived from local Korean word gloss or curated KANJIDIC English fallback.
P3,0,革,"[""가죽""]","[""leather"", ""skin"", ""reform"", ""become serious""]",,5,N1:改革=개혁 | N1:変革=변혁 | N1:吊り革=(전철) 손잡이 | N1:革新=혁신 | N1:革命=혁명,auto,Auto draft: KANJIDIC2 readings/radical; Korean meaning draft derived from local Korean word gloss or curated KANJIDIC English fallback.
P3,0,靴,"[""신발""]","[""shoes""]",,2,N5:靴=신발 | N5:靴下=양말,auto,Auto draft: KANJIDIC2 readings/radical; Korean meaning draft derived from local Korean word gloss or curated KANJIDIC English fallback.
P3,0,音,"[""소리""]","[""sound"", ""noise""]",,10,"N1:本音=본심,속내 | N1:音色=음색 | N2:録音=녹음 | N2:五十音=일본의, 일본어 음절 문자표 | N2:雑音=잡음, 소음",auto,Auto draft: KANJIDIC2 readings/radical; Korean meaning draft derived from local Korean word gloss or curated KANJIDIC English fallback.
P3,0,項,"[""항목"", ""조항""]","[""paragraph"", ""nape of neck"", ""clause"", ""item"", ""term (expression)""]",,2,"N1:事項=사항, 항목 | N2:項目=항목",auto,Auto draft: KANJIDIC2 readings/radical; Korean meaning draft derived from local Korean word gloss or curated KANJIDIC English fallback.
P3,0,領,"[""영토"", ""다스리다""]","[""jurisdiction"", ""dominion"", ""territory"", ""fief"", ""reign""]",,5,"N1:占領=점령 | N2:領事=영사 | N2:要領=요령, 핵심 | N2:領収=영수, 수령 | N3:大統領=대통령",auto,Auto draft: KANJIDIC2 readings/radical; Korean meaning draft derived from local Korean word gloss or curated KANJIDIC English fallback.
P3,0,頭,"[""머리""]","[""head"", ""counter for large animals""]",,11,"N1:街頭=가두, 길거리 | N1:冒頭=서두, 첫머리 | N1:口頭=구두, 말로 함 | N1:没頭=몰두 | N1:没頭する=몰두하다",auto,Auto draft: KANJIDIC2 readings/radical; Korean meaning draft derived from local Korean word gloss or curated KANJIDIC English fallback.
P3,0,題,"[""제목"", ""문제""]","[""topic"", ""subject""]",,8,"N1:主題=주제 | N1:出題=출제 | N1:議題=의제, 안건 | N2:題名=제목 | N3:話題=화제",auto,Auto draft: KANJIDIC2 readings/radical; Korean meaning draft derived from local Korean word gloss or curated KANJIDIC English fallback.
P3,0,額,"[""금액"", ""액자""]","[""forehead"", ""tablet"", ""plaque"", ""framed picture"", ""sum"", ""amount"", ""volume""]",,4,N1:差額=차액 | N2:半額=반액 | N3:額=금액; 액자 | N3:金額=금액,auto,Auto draft: KANJIDIC2 readings/radical; Korean meaning draft derived from local Korean word gloss or curated KANJIDIC English fallback.
P3,0,顎,"[""턱""]","[""jaw"", ""chin"", ""gill""]",,1,N1:顎=턱,auto,Auto draft: KANJIDIC2 readings/radical; Korean meaning draft derived from local Korean word gloss or curated KANJIDIC English fallback.
P3,0,顔,"[""얼굴""]","[""face"", ""expression""]",,2,N3:笑顔=웃는얼굴 | N5:顔=얼굴,auto,Auto draft: KANJIDIC2 readings/radical; Korean meaning draft derived from local Korean word gloss or curated KANJIDIC English fallback.
P3,0,顕,"[""나타나다"", ""드러남""]","[""appear"", ""existing""]",,2,N1:顕著な=현저한 | N2:顕微鏡=현미경,auto,Auto draft: KANJIDIC2 readings/radical; Korean meaning draft derived from local Korean word gloss or curated KANJIDIC English fallback.
P3,0,類,"[""종류"", ""부류""]","[""sort"", ""kind"", ""variety"", ""class"", ""genus""]",,6,"N1:衣類=옷 | N2:親類=친척 | N3:書類=서류, 문서 | N3:人類=인류 | N3:分類=분류",auto,Auto draft: KANJIDIC2 readings/radical; Korean meaning draft derived from local Korean word gloss or curated KANJIDIC English fallback.
P3,0,風,"[""바람""]","[""wind"", ""air"", ""style"", ""manner""]",,12,N1:風潮=풍조 | N1:風習=풍습 | N1:風俗=풍속 | N1:風当たり=비난 | N2:風船=풍선,auto,Auto draft: KANJIDIC2 readings/radical; Korean meaning draft derived from local Korean word gloss or curated KANJIDIC English fallback.
P3,0,飯,"[""식사"", ""음식""]","[""meal"", ""boiled rice""]",,5,"N1:昼飯=점심밥 | N3:飯=식사, 음식 | N4:夕飯=저녁 식사 | N5:朝ご飯=아침식사 | N5:御飯=밥, 식사",auto,Auto draft: KANJIDIC2 readings/radical; Korean meaning draft derived from local Korean word gloss or curated KANJIDIC English fallback.
P3,0,飴,"[""사탕""]","[""rice jelly"", ""candy""]",,1,N5:飴=사탕,auto,Auto draft: KANJIDIC2 readings/radical; Korean meaning draft derived from local Korean word gloss or curated KANJIDIC English fallback.
P3,0,餅,"[""떡""]","[""mochi rice cake""]",,1,N2:餅=떡,auto,Auto draft: KANJIDIC2 readings/radical; Korean meaning draft derived from local Korean word gloss or curated KANJIDIC English fallback.
P3,0,館,"[""건물"", ""관""]","[""building"", ""mansion"", ""large building"", ""palace""]",,5,N2:会館=회관 | N4:図書館=도서관 | N4:旅館=여관 | N4:美術館=미술관 | N5:映画館=영화관,auto,Auto draft: KANJIDIC2 readings/radical; Korean meaning draft derived from local Korean word gloss or curated KANJIDIC English fallback.
P3,0,首,"[""목""]","[""neck"", ""counter for songs and poems""]",,8,"N1:首脳=수뇌, 지도자 | N1:元首=원수, 국가 원수 | N1:首輪=목걸이 | N2:手首=손목 | N2:部首=부수",auto,Auto draft: KANJIDIC2 readings/radical; Korean meaning draft derived from local Korean word gloss or curated KANJIDIC English fallback.
P3,0,馬,"[""말""]","[""horse""]",,4,"N1:出馬する=출마하다 | N2:馬鹿らしい=어리석다, 터무니없다 | N2:競馬=경마 | N3:馬=말",auto,Auto draft: KANJIDIC2 readings/radical; Korean meaning draft derived from local Korean word gloss or curated KANJIDIC English fallback.
P3,0,馴,"[""익숙해지다"", ""길들다""]","[""get used to"", ""experienced"", ""tamed""]",,2,"N1:馴染む=친숙해지다, 정들다 | N1:馴れ馴れしい=허물없다, 지나치게 친하다",auto,Auto draft: KANJIDIC2 readings/radical; Korean meaning draft derived from local Korean word gloss or curated KANJIDIC English fallback.
P3,0,駄,"[""하찮음"", ""짐말""]","[""burdensome"", ""pack horse"", ""horse load"", ""send by horse"", ""trivial"", ""worthless""]",,6,"N1:無駄にする=낭비하다 | N1:無駄遣い=낭비, 헛돈 씀 | N2:無駄だ=쓸데없다,허비하다 | N2:下駄=게타, 나막신 | N3:無駄=헛됨, 낭비",auto,Auto draft: KANJIDIC2 readings/radical; Korean meaning draft derived from local Korean word gloss or curated KANJIDIC English fallback.
P3,0,駅,"[""역""]","[""station""]",,1,N5:駅=역,auto,Auto draft: KANJIDIC2 readings/radical; Korean meaning draft derived from local Korean word gloss or curated KANJIDIC English fallback.
P3,0,駐,"[""머무르다"", ""주재하다""]","[""stop-over"", ""reside in"", ""resident""]",,2,N3:駐車=주차 | N4:駐車場=주차장,auto,Auto draft: KANJIDIC2 readings/radical; Korean meaning draft derived from local Korean word gloss or curated KANJIDIC English fallback.
P3,0,験,"[""시험"", ""검증"", ""효험""]","[""verification"", ""effect"", ""testing""]",,5,"N1:体験=체험 | N2:受験=수험, 시험 응시 | N3:実験=실험 | N3:経験=경험 | N4:試験=시험",auto,Auto draft: KANJIDIC2 readings/radical; Korean meaning draft derived from local Korean word gloss or curated KANJIDIC English fallback.
P3,0,骨,"[""뼈""]","[""skeleton"", ""bone"", ""remains"", ""frame""]",,5,N1:露骨=노골적임 | N1:骨董品=골동품 | N1:露骨に=노골적으로 | N3:骨折=골절 | N3:骨=뼈,auto,Auto draft: KANJIDIC2 readings/radical; Korean meaning draft derived from local Korean word gloss or curated KANJIDIC English fallback.
P3,0,髪,"[""머리카락""]","[""hair of the head""]",,3,"N2:白髪=흰머리, 백발 | N3:髪の毛=머리카락(머리) | N4:髪=머리카락",auto,Auto draft: KANJIDIC2 readings/radical; Korean meaning draft derived from local Korean word gloss or curated KANJIDIC English fallback.
P3,0,鬼,"[""도깨비"", ""악귀"", ""술래""]","[""ghost"", ""devil""]",,1,"N3:鬼=도깨비, 악귀, 술래",auto,Auto draft: KANJIDIC2 readings/radical; Korean meaning draft derived from local Korean word gloss or curated KANJIDIC English fallback.
P3,0,魂,"[""영혼""]","[""soul"", ""spirit""]",,1,N1:魂=영혼,auto,Auto draft: KANJIDIC2 readings/radical; Korean meaning draft derived from local Korean word gloss or curated KANJIDIC English fallback.
P3,0,魔,"[""마귀"", ""마법""]","[""witch"", ""demon"", ""evil spirit""]",,4,"N1:邪魔する=방해하다, 훼방 놓다 | N2:お邪魔します=실례합니다 | N3:悪魔=악마 | N4:邪魔=거추장스러움",auto,Auto draft: KANJIDIC2 readings/radical; Korean meaning draft derived from local Korean word gloss or curated KANJIDIC English fallback.
P3,0,魚,"[""생선"", ""물고기""]","[""fish""]",,3,"N2:金魚=금붕어 | N3:魚=생선, 물고기 | N5:魚=생선, 물고기",auto,Auto draft: KANJIDIC2 readings/radical; Korean meaning draft derived from local Korean word gloss or curated KANJIDIC English fallback.
P3,0,鳥,"[""새""]","[""bird"", ""chicken""]",,3,"N1:鳥居=도리이, 신사 문 | N4:鳥=새 | N4:小鳥=작은 새",auto,Auto draft: KANJIDIC2 readings/radical; Korean meaning draft derived from local Korean word gloss or curated KANJIDIC English fallback.
P3,0,麓,"[""산기슭""]","[""foot of a mountain""]",,1,N2:麓=산기슭,auto,Auto draft: KANJIDIC2 readings/radical; Korean meaning draft derived from local Korean word gloss or curated KANJIDIC English fallback.
P3,0,麻,"[""삼"", ""마""]","[""hemp"", ""flax"", ""numb""]",,3,"N1:麻痺=마비 | N1:麻=삼, 마 | N1:麻酔=마취",auto,Auto draft: KANJIDIC2 readings/radical; Korean meaning draft derived from local Korean word gloss or curated KANJIDIC English fallback.
P3,0,黄,"[""노랑""]","[""yellow""]",,3,N1:黄金=황금 | N5:黄色=노란색 | N5:黄色い=노랗다,auto,Auto draft: KANJIDIC2 readings/radical; Korean meaning draft derived from local Korean word gloss or curated KANJIDIC English fallback.
