literal,meanings_ko,meanings_en,onyomi,kunyomi,radical,radical_name_ko,radical_number,stroke_count,source,source_url,license,qa_status,data_version,qa_note
哀,"[""슬프다"",""가엾다""]","[""pathetic"",""grief"",""sorrow"",""pathos"",""pity"",""sympathize""]","[""アイ""]","[""あわ.れ"",""あわ.れむ"",""かな.しい""]",口,입 구,30,9,kanjidic2,https://www.edrdg.org/kanjidic/kanjidic2.xml.gz,CC BY-SA 4.0,verified,2,Human-reviewed 2026-08-19: KANJIDIC meanings and linked release vocabulary cross-checked.
愛,"[""사랑""]","[""love"",""affection"",""favourite""]","[""アイ""]","[""いと.しい"",""かな.しい"",""め.でる"",""お.しむ"",""まな""]",心,마음 심,61,13,kanjidic2,https://www.edrdg.org/kanjidic/kanjidic2.xml.gz,CC BY-SA 4.0,auto,1,Auto draft: KANJIDIC2 readings/radical; Korean meaning draft derived from local Korean word gloss or curated KANJIDIC English fallback.
悪,"[""악""]","[""bad"",""vice"",""rascal"",""false"",""evil"",""wrong""]","[""アク"",""オ""]","[""わる.い"",""わる-"",""あ.し"",""にく.い"",""-にく.い"",""ああ"",""いずくに"",""いずくんぞ"",""にく.む""]",心,마음 심,61,11,kanjidic2,https://www.edrdg.org/kanjidic/kanjidic2.xml.gz,CC BY-SA 4.0,auto,1,Auto draft: KANJIDIC2 readings/radical; Korean meaning draft derived from local Korean word gloss or curated KANJIDIC English fallback.
握,"[""(손에꽉)쥐다"",""움켜쥐다""]","[""grip"",""hold"",""mould sushi"",""bribe""]","[""アク""]","[""にぎ.る""]",手,손 수,64,12,kanjidic2,https://www.edrdg.org/kanjidic/kanjidic2.xml.gz,CC BY-SA 4.0,auto,1,Auto draft: KANJIDIC2 readings/radical; Korean meaning draft derived from local Korean word gloss or curated KANJIDIC English fallback.
圧,"[""압력"",""누르다"",""압도하다""]","[""pressure"",""push"",""overwhelm"",""oppress"",""dominate""]","[""アツ"",""エン"",""オウ""]","[""お.す"",""へ.す"",""おさ.える"",""お.さえる""]",土,흙 토,32,5,kanjidic2,https://www.edrdg.org/kanjidic/kanjidic2.xml.gz,CC BY-SA 4.0,auto,1,Auto draft: KANJIDIC2 readings/radical; Korean meaning draft derived from local Korean word gloss or curated KANJIDIC English fallback.
斡,"[""주선하다"",""관리하다"",""돌다""]","[""go around"",""rule"",""administer""]","[""アツ"",""カン"",""ワツ""]","[""めぐ.る"",""めぐ.らす""]",斗,말 두,68,14,kanjidic2,https://www.edrdg.org/kanjidic/kanjidic2.xml.gz,CC BY-SA 4.0,auto,1,Auto draft: KANJIDIC2 readings/radical; Korean meaning draft derived from local Korean word gloss or curated KANJIDIC English fallback.
扱,"[""취급하다""]","[""handle"",""entertain"",""thresh"",""strip""]","[""ソウ"",""キュウ""]","[""あつか.い"",""あつか.う"",""あつか.る"",""こ.く""]",手,손 수,64,6,kanjidic2,https://www.edrdg.org/kanjidic/kanjidic2.xml.gz,CC BY-SA 4.0,auto,1,Auto draft: KANJIDIC2 readings/radical; Korean meaning draft derived from local Korean word gloss or curated KANJIDIC English fallback.
宛,"[""주소"",""수신처"",""마치""]","[""address"",""just like"",""fortunately""]","[""エン""]","[""あ.てる"",""-あて"",""-づつ"",""あたか.も""]",宀,갓머리 면,40,8,kanjidic2,https://www.edrdg.org/kanjidic/kanjidic2.xml.gz,CC BY-SA 4.0,auto,1,Auto draft: KANJIDIC2 readings/radical; Korean meaning draft derived from local Korean word gloss or curated KANJIDIC English fallback.
飴,"[""사탕""]","[""rice jelly"",""candy""]","[""イ"",""シ""]","[""あめ"",""やしな.う""]",食,밥 식,184,13,kanjidic2,https://www.edrdg.org/kanjidic/kanjidic2.xml.gz,CC BY-SA 4.0,auto,2,Auto draft: KANJIDIC2 readings/radical; Korean meaning draft derived from local Korean word gloss or curated KANJIDIC English fallback.
安,"[""편안하다"",""안정되다"",""싸다""]","[""relax"",""cheap"",""low"",""quiet"",""rested"",""contented"",""peaceful""]","[""アン""]","[""やす.い"",""やす.まる"",""やす"",""やす.らか""]",宀,갓머리 면,40,6,kanjidic2,https://www.edrdg.org/kanjidic/kanjidic2.xml.gz,CC BY-SA 4.0,verified,10,Human-reviewed 2026-08-22: KANJIDIC English + JLPT usage cross-check; semantic-review draft confirmed.
暗,"[""어둡다""]","[""darkness"",""disappear"",""shade"",""informal"",""grow dark"",""be blinded""]","[""アン""]","[""くら.い"",""くら.む"",""くれ.る""]",日,날 일,72,13,kanjidic2,https://www.edrdg.org/kanjidic/kanjidic2.xml.gz,CC BY-SA 4.0,auto,1,Auto draft: KANJIDIC2 readings/radical; Korean meaning draft derived from local Korean word gloss or curated KANJIDIC English fallback.
案,"[""안"",""방안""]","[""plan"",""suggestion"",""draft"",""ponder"",""fear"",""proposition"",""idea"",""expectation"",""worry"",""table"",""bench""]","[""アン""]","[""つくえ""]",木,나무 목,75,10,kanjidic2,https://www.edrdg.org/kanjidic/kanjidic2.xml.gz,CC BY-SA 4.0,auto,1,Auto draft: KANJIDIC2 readings/radical; Korean meaning draft derived from local Korean word gloss or curated KANJIDIC English fallback.
闇,"[""어둠"",""암거래""]","[""get dark"",""gloom"",""disorder""]","[""アン"",""オン""]","[""やみ"",""くら.い""]",門,문 문,169,17,kanjidic2,https://www.edrdg.org/kanjidic/kanjidic2.xml.gz,CC BY-SA 4.0,auto,1,Auto draft: KANJIDIC2 readings/radical; Korean meaning draft derived from local Korean word gloss or curated KANJIDIC English fallback.
以,"[""써서"",""이유"",""비교""]","[""by means of"",""because"",""in view of"",""compared with""]","[""イ""]","[""もっ.て""]",人,사람 인,9,5,kanjidic2,https://www.edrdg.org/kanjidic/kanjidic2.xml.gz,CC BY-SA 4.0,auto,1,Auto draft: KANJIDIC2 readings/radical; Korean meaning draft derived from local Korean word gloss or curated KANJIDIC English fallback.
位,"[""지위"",""등급"",""정도""]","[""rank"",""grade"",""throne"",""crown"",""about"",""some""]","[""イ""]","[""くらい"",""ぐらい""]",人,사람 인,9,7,kanjidic2,https://www.edrdg.org/kanjidic/kanjidic2.xml.gz,CC BY-SA 4.0,auto,1,Auto draft: KANJIDIC2 readings/radical; Korean meaning draft derived from local Korean word gloss or curated KANJIDIC English fallback.
依,"[""의지하다"",""따르다""]","[""reliant"",""depend on"",""consequently"",""therefore"",""due to""]","[""イ"",""エ""]","[""よ.る""]",人,사람 인,9,8,kanjidic2,https://www.edrdg.org/kanjidic/kanjidic2.xml.gz,CC BY-SA 4.0,auto,1,Auto draft: KANJIDIC2 readings/radical; Korean meaning draft derived from local Korean word gloss or curated KANJIDIC English fallback.
偉,"[""훌륭하다"",""위대하다""]","[""admirable"",""greatness"",""remarkable"",""conceited"",""famous"",""excellent""]","[""イ""]","[""えら.い""]",人,사람 인,9,12,kanjidic2,https://www.edrdg.org/kanjidic/kanjidic2.xml.gz,CC BY-SA 4.0,auto,1,Auto draft: KANJIDIC2 readings/radical; Korean meaning draft derived from local Korean word gloss or curated KANJIDIC English fallback.
囲,"[""둘러싸다""]","[""surround"",""besiege"",""store"",""paling"",""enclosure"",""encircle"",""preserve"",""keep""]","[""イ""]","[""かこ.む"",""かこ.う"",""かこ.い""]",囗,큰입구 국,31,7,kanjidic2,https://www.edrdg.org/kanjidic/kanjidic2.xml.gz,CC BY-SA 4.0,auto,1,Auto draft: KANJIDIC2 readings/radical; Korean meaning draft derived from local Korean word gloss or curated KANJIDIC English fallback.
委,"[""맡기다"",""위원회""]","[""committee"",""entrust to"",""leave to"",""devote"",""discard""]","[""イ""]","[""ゆだ.ねる""]",女,계집 녀,38,8,kanjidic2,https://www.edrdg.org/kanjidic/kanjidic2.xml.gz,CC BY-SA 4.0,auto,1,Auto draft: KANJIDIC2 readings/radical; Korean meaning draft derived from local Korean word gloss or curated KANJIDIC English fallback.
威,"[""위엄"",""위협하다""]","[""intimidate"",""dignity"",""majesty"",""menace"",""threaten""]","[""イ""]","[""おど.す"",""おど.し"",""おど.かす""]",女,계집 녀,38,9,kanjidic2,https://www.edrdg.org/kanjidic/kanjidic2.xml.gz,CC BY-SA 4.0,auto,1,Auto draft: KANJIDIC2 readings/radical; Korean meaning draft derived from local Korean word gloss or curated KANJIDIC English fallback.
意,"[""뜻"",""생각"",""마음""]","[""idea"",""mind"",""heart"",""taste"",""thought"",""desire"",""care"",""liking""]","[""イ""]",[],心,마음 심,61,13,kanjidic2,https://www.edrdg.org/kanjidic/kanjidic2.xml.gz,CC BY-SA 4.0,auto,1,Auto draft: KANJIDIC2 readings/radical; Korean meaning draft derived from local Korean word gloss or curated KANJIDIC English fallback.
慰,"[""위로하다"",""달래다""]","[""consolation"",""amusement"",""seduce"",""cheer"",""make sport of"",""comfort"",""console""]","[""イ""]","[""なぐさ.める"",""なぐさ.む""]",心,마음 심,61,15,kanjidic2,https://www.edrdg.org/kanjidic/kanjidic2.xml.gz,CC BY-SA 4.0,verified,10,Human-reviewed 2026-08-22: KANJIDIC English + JLPT usage cross-check; semantic-review draft confirmed.
易,"[""쉽다""]","[""easy"",""ready to"",""simple"",""fortune-telling"",""divination""]","[""エキ"",""イ""]","[""やさ.しい"",""やす.い""]",日,날 일,72,8,kanjidic2,https://www.edrdg.org/kanjidic/kanjidic2.xml.gz,CC BY-SA 4.0,auto,1,Auto draft: KANJIDIC2 readings/radical; Korean meaning draft derived from local Korean word gloss or curated KANJIDIC English fallback.
椅,"[""의자""]","[""chair""]","[""イ""]",[],木,나무 목,75,12,kanjidic2,https://www.edrdg.org/kanjidic/kanjidic2.xml.gz,CC BY-SA 4.0,auto,2,Auto draft: KANJIDIC2 readings/radical; Korean meaning draft derived from local Korean word gloss or curated KANJIDIC English fallback.
為,"[""위함"",""~때문에""]","[""do"",""change"",""make"",""benefit"",""welfare"",""be of use"",""reach to"",""try"",""practice"",""cost"",""serve as"",""good"",""advantage"",""as a result of""]","[""イ""]","[""ため"",""な.る"",""な.す"",""す.る"",""たり"",""つく.る"",""なり""]",火,불 화,86,9,kanjidic2,https://www.edrdg.org/kanjidic/kanjidic2.xml.gz,CC BY-SA 4.0,auto,1,Auto draft: KANJIDIC2 readings/radical; Korean meaning draft derived from local Korean word gloss or curated KANJIDIC English fallback.
異,"[""상이하다"",""다르다""]","[""uncommon"",""different"",""queerness"",""strangeness"",""wonderful"",""curious"",""unusual""]","[""イ""]","[""こと"",""こと.なる"",""け""]",田,밭 전,102,11,kanjidic2,https://www.edrdg.org/kanjidic/kanjidic2.xml.gz,CC BY-SA 4.0,auto,1,Auto draft: KANJIDIC2 readings/radical; Korean meaning draft derived from local Korean word gloss or curated KANJIDIC English fallback.
移,"[""옮기다""]","[""shift"",""move"",""change"",""drift"",""catch (cold, fire)"",""pass into""]","[""イ""]","[""うつ.る"",""うつ.す""]",禾,벼 화,115,11,kanjidic2,https://www.edrdg.org/kanjidic/kanjidic2.xml.gz,CC BY-SA 4.0,auto,1,Auto draft: KANJIDIC2 readings/radical; Korean meaning draft derived from local Korean word gloss or curated KANJIDIC English fallback.
維,"[""섬유"",""잇다"",""밧줄""]","[""fiber"",""tie"",""rope""]","[""イ""]",[],糸,실 사,120,14,kanjidic2,https://www.edrdg.org/kanjidic/kanjidic2.xml.gz,CC BY-SA 4.0,auto,1,Auto draft: KANJIDIC2 readings/radical; Korean meaning draft derived from local Korean word gloss or curated KANJIDIC English fallback.
緯,"[""가로"",""위도""]","[""horizontal"",""woof"",""left & right"",""(parallels of) latitude"",""prediction""]","[""イ""]","[""よこいと"",""ぬき""]",糸,실 사,120,16,kanjidic2,https://www.edrdg.org/kanjidic/kanjidic2.xml.gz,CC BY-SA 4.0,auto,1,Auto draft: KANJIDIC2 readings/radical; Korean meaning draft derived from local Korean word gloss or curated KANJIDIC English fallback.
胃,"[""위(장기)""]","[""stomach"",""paunch"",""crop"",""craw""]","[""イ""]",[],肉,고기 육,130,9,kanjidic2,https://www.edrdg.org/kanjidic/kanjidic2.xml.gz,CC BY-SA 4.0,auto,2,Auto draft: KANJIDIC2 readings/radical; Korean meaning draft derived from local Korean word gloss or curated KANJIDIC English fallback.
萎,"[""시들다"",""쪼그라들다""]","[""wither"",""droop"",""lame""]","[""イ""]","[""な"",""しお.れる"",""しな.びる"",""しぼ.む"",""な.える""]",艸,풀 초,140,11,kanjidic2,https://www.edrdg.org/kanjidic/kanjidic2.xml.gz,CC BY-SA 4.0,auto,2,Auto draft: KANJIDIC2 readings/radical; Korean meaning draft derived from local Korean word gloss or curated KANJIDIC English fallback.
衣,"[""옷"",""의복""]","[""garment"",""clothes"",""dressing""]","[""イ"",""エ""]","[""ころも"",""きぬ"",""-ぎ""]",衣,옷 의,145,6,kanjidic2,https://www.edrdg.org/kanjidic/kanjidic2.xml.gz,CC BY-SA 4.0,auto,1,Auto draft: KANJIDIC2 readings/radical; Korean meaning draft derived from local Korean word gloss or curated KANJIDIC English fallback.
違,"[""다르다""]","[""difference"",""differ""]","[""イ""]","[""ちが.う"",""ちが.い"",""ちが.える"",""-ちが.える"",""たが.う"",""たが.える""]",辵,책받침 착,162,13,kanjidic2,https://www.edrdg.org/kanjidic/kanjidic2.xml.gz,CC BY-SA 4.0,auto,1,Auto draft: KANJIDIC2 readings/radical; Korean meaning draft derived from local Korean word gloss or curated KANJIDIC English fallback.
遺,"[""남기다"",""유산""]","[""bequeath"",""leave behind"",""reserve""]","[""イ"",""ユイ""]","[""のこ.す""]",辵,책받침 착,162,15,kanjidic2,https://www.edrdg.org/kanjidic/kanjidic2.xml.gz,CC BY-SA 4.0,auto,1,Auto draft: KANJIDIC2 readings/radical; Korean meaning draft derived from local Korean word gloss or curated KANJIDIC English fallback.
医,"[""의사"",""의학""]","[""doctor"",""medicine""]","[""イ""]","[""い.やす"",""い.する"",""くすし""]",匸,감출 혜,23,7,kanjidic2,https://www.edrdg.org/kanjidic/kanjidic2.xml.gz,CC BY-SA 4.0,auto,1,Auto draft: KANJIDIC2 readings/radical; Korean meaning draft derived from local Korean word gloss or curated KANJIDIC English fallback.
井,"[""우물""]","[""well"",""well crib"",""town"",""community""]","[""セイ"",""ショウ""]","[""い""]",二,두 이,7,4,kanjidic2,https://www.edrdg.org/kanjidic/kanjidic2.xml.gz,CC BY-SA 4.0,auto,1,Auto draft: KANJIDIC2 readings/radical; Korean meaning draft derived from local Korean word gloss or curated KANJIDIC English fallback.
域,"[""영역"",""지역"",""범위""]","[""range"",""region"",""limits"",""stage"",""level""]","[""イキ""]",[],土,흙 토,32,11,kanjidic2,https://www.edrdg.org/kanjidic/kanjidic2.xml.gz,CC BY-SA 4.0,auto,1,Auto draft: KANJIDIC2 readings/radical; Korean meaning draft derived from local Korean word gloss or curated KANJIDIC English fallback.
育,"[""자라다""]","[""bring up"",""grow up"",""raise"",""rear""]","[""イク""]","[""そだ.つ"",""そだ.ち"",""そだ.てる"",""はぐく.む""]",肉,고기 육,130,8,kanjidic2,https://www.edrdg.org/kanjidic/kanjidic2.xml.gz,CC BY-SA 4.0,auto,1,Auto draft: KANJIDIC2 readings/radical; Korean meaning draft derived from local Korean word gloss or curated KANJIDIC English fallback.
一,"[""하나""]","[""one"",""one radical (no.1)""]","[""イチ"",""イツ""]","[""ひと-"",""ひと.つ""]",一,한 일,1,1,kanjidic2,https://www.edrdg.org/kanjidic/kanjidic2.xml.gz,CC BY-SA 4.0,auto,2,Manual format normalization 2026-08-18: 숫자 표기 중복을 제거하고 한국어 기본 뜻을 유지함.
溢,"[""넘쳐나다"",""흔하다""]","[""overflow"",""inundate"",""spill""]","[""イツ""]","[""こぼ.れる"",""あふ.れる"",""み.ちる""]",水,물 수,85,13,kanjidic2,https://www.edrdg.org/kanjidic/kanjidic2.xml.gz,CC BY-SA 4.0,auto,2,Auto draft: KANJIDIC2 readings/radical; Korean meaning draft derived from local Korean word gloss or curated KANJIDIC English fallback.
逸,"[""빗나가다"",""벗어나다""]","[""deviate"",""idleness"",""leisure"",""miss the mark"",""evade"",""elude"",""parry"",""diverge""]","[""イツ""]","[""そ.れる"",""そ.らす"",""はぐ.れる""]",辵,책받침 착,162,11,kanjidic2,https://www.edrdg.org/kanjidic/kanjidic2.xml.gz,CC BY-SA 4.0,auto,1,Auto draft: KANJIDIC2 readings/radical; Korean meaning draft derived from local Korean word gloss or curated KANJIDIC English fallback.
稲,"[""벼"",""벼 포기""]","[""rice plant""]","[""トウ"",""テ""]","[""いね"",""いな-""]",禾,벼 화,115,14,kanjidic2,https://www.edrdg.org/kanjidic/kanjidic2.xml.gz,CC BY-SA 4.0,auto,2,Auto draft: KANJIDIC2 readings/radical; Korean meaning draft derived from local Korean word gloss or curated KANJIDIC English fallback.
印,"[""표시"",""상징"",""증거""]","[""stamp"",""seal"",""mark"",""imprint"",""symbol"",""emblem"",""trademark"",""evidence"",""souvenir"",""India""]","[""イン""]","[""しるし"",""-じるし"",""しる.す""]",卩,병부 절,26,6,kanjidic2,https://www.edrdg.org/kanjidic/kanjidic2.xml.gz,CC BY-SA 4.0,auto,1,Auto draft: KANJIDIC2 readings/radical; Korean meaning draft derived from local Korean word gloss or curated KANJIDIC English fallback.
員,"[""구성원"",""직원"",""인원""]","[""employee"",""member"",""number"",""the one in charge""]","[""イン""]",[],口,입 구,30,10,kanjidic2,https://www.edrdg.org/kanjidic/kanjidic2.xml.gz,CC BY-SA 4.0,auto,1,Auto draft: KANJIDIC2 readings/radical; Korean meaning draft derived from local Korean word gloss or curated KANJIDIC English fallback.
因,"[""원인"",""인하다""]","[""cause"",""factor"",""be associated with"",""depend on"",""be limited to""]","[""イン""]","[""よ.る"",""ちな.む""]",囗,큰입구 국,31,6,kanjidic2,https://www.edrdg.org/kanjidic/kanjidic2.xml.gz,CC BY-SA 4.0,auto,1,Auto draft: KANJIDIC2 readings/radical; Korean meaning draft derived from local Korean word gloss or curated KANJIDIC English fallback.
引,"[""끌다"",""당기다"",""인용하다""]","[""pull"",""tug"",""jerk"",""admit"",""install"",""quote"",""refer to""]","[""イン""]","[""ひ.く"",""ひ.ける""]",弓,활 궁,57,4,kanjidic2,https://www.edrdg.org/kanjidic/kanjidic2.xml.gz,CC BY-SA 4.0,auto,1,Auto draft: KANJIDIC2 readings/radical; Korean meaning draft derived from local Korean word gloss or curated KANJIDIC English fallback.
飲,"[""마시다"",""삼키다""]","[""drink"",""smoke"",""take""]","[""イン"",""オン""]","[""の.む"",""-の.み""]",食,밥 식,184,12,kanjidic2,https://www.edrdg.org/kanjidic/kanjidic2.xml.gz,CC BY-SA 4.0,auto,1,Auto draft: KANJIDIC2 readings/radical; Korean meaning draft derived from local Korean word gloss or curated KANJIDIC English fallback.
院,"[""기관"",""원"",""사원""]","[""Inst."",""institution"",""temple"",""mansion"",""school""]","[""イン""]",[],阜,언덕 부,170,10,kanjidic2,https://www.edrdg.org/kanjidic/kanjidic2.xml.gz,CC BY-SA 4.0,auto,1,Auto draft: KANJIDIC2 readings/radical; Korean meaning draft derived from local Korean word gloss or curated KANJIDIC English fallback.
陰,"[""그늘"",""보이지 않는 이면""]","[""shade"",""yin"",""negative"",""sex organs"",""secret"",""shadow""]","[""イン""]","[""かげ"",""かげ.る""]",阜,언덕 부,170,11,kanjidic2,https://www.edrdg.org/kanjidic/kanjidic2.xml.gz,CC BY-SA 4.0,auto,1,Auto draft: KANJIDIC2 readings/radical; Korean meaning draft derived from local Korean word gloss or curated KANJIDIC English fallback.
隠,"[""숨기다""]","[""conceal"",""hide"",""cover""]","[""イン"",""オン""]","[""かく.す"",""かく.し"",""かく.れる"",""よ.る""]",阜,언덕 부,170,14,kanjidic2,https://www.edrdg.org/kanjidic/kanjidic2.xml.gz,CC BY-SA 4.0,auto,1,Auto draft: KANJIDIC2 readings/radical; Korean meaning draft derived from local Korean word gloss or curated KANJIDIC English fallback.
右,"[""오른쪽""]","[""right""]","[""ウ"",""ユウ""]","[""みぎ""]",口,입 구,30,5,kanjidic2,https://www.edrdg.org/kanjidic/kanjidic2.xml.gz,CC BY-SA 4.0,auto,1,Auto draft: KANJIDIC2 readings/radical; Korean meaning draft derived from local Korean word gloss or curated KANJIDIC English fallback.
宇,"[""집"",""하늘"",""처마""]","[""eaves"",""roof"",""house"",""heaven""]","[""ウ""]",[],宀,갓머리 면,40,6,kanjidic2,https://www.edrdg.org/kanjidic/kanjidic2.xml.gz,CC BY-SA 4.0,auto,1,Auto draft: KANJIDIC2 readings/radical; Korean meaning draft derived from local Korean word gloss or curated KANJIDIC English fallback.
雨,"[""비""]","[""rain""]","[""ウ""]","[""あめ"",""あま-"",""-さめ""]",雨,비 우,173,8,kanjidic2,https://www.edrdg.org/kanjidic/kanjidic2.xml.gz,CC BY-SA 4.0,auto,1,Auto draft: KANJIDIC2 readings/radical; Korean meaning draft derived from local Korean word gloss or curated KANJIDIC English fallback.
嘘,"[""거짓말""]","[""lie"",""falsehood""]","[""キョ"",""コ""]","[""うそ"",""ふ.く""]",口,입 구,30,14,kanjidic2,https://www.edrdg.org/kanjidic/kanjidic2.xml.gz,CC BY-SA 4.0,auto,1,Auto draft: KANJIDIC2 readings/radical; Korean meaning draft derived from local Korean word gloss or curated KANJIDIC English fallback.
噂,"[""소문""]","[""rumor"",""gossip"",""hearsay""]","[""ソン""]","[""うわさ""]",口,입 구,30,15,kanjidic2,https://www.edrdg.org/kanjidic/kanjidic2.xml.gz,CC BY-SA 4.0,auto,1,Auto draft: KANJIDIC2 readings/radical; Korean meaning draft derived from local Korean word gloss or curated KANJIDIC English fallback.
云,"[""말하다""]","[""say""]","[""ウン""]","[""い.う"",""ここに""]",二,두 이,7,4,kanjidic2,https://www.edrdg.org/kanjidic/kanjidic2.xml.gz,CC BY-SA 4.0,verified,10,Human-reviewed 2026-08-22: KANJIDIC English + JLPT usage cross-check; semantic-review draft confirmed.
運,"[""운"",""운수""]","[""carry"",""luck"",""destiny"",""fate"",""lot"",""transport"",""progress"",""advance""]","[""ウン""]","[""はこ.ぶ""]",辵,책받침 착,162,12,kanjidic2,https://www.edrdg.org/kanjidic/kanjidic2.xml.gz,CC BY-SA 4.0,auto,1,Auto draft: KANJIDIC2 readings/radical; Korean meaning draft derived from local Korean word gloss or curated KANJIDIC English fallback.
雲,"[""구름""]","[""cloud""]","[""ウン""]","[""くも"",""-ぐも""]",雨,비 우,173,12,kanjidic2,https://www.edrdg.org/kanjidic/kanjidic2.xml.gz,CC BY-SA 4.0,auto,1,Auto draft: KANJIDIC2 readings/radical; Korean meaning draft derived from local Korean word gloss or curated KANJIDIC English fallback.
営,"[""영위하다"",""경영하다""]","[""camp"",""perform"",""build"",""conduct (business)""]","[""エイ""]","[""いとな.む"",""いとな.み""]",口,입 구,30,12,kanjidic2,https://www.edrdg.org/kanjidic/kanjidic2.xml.gz,CC BY-SA 4.0,auto,1,Auto draft: KANJIDIC2 readings/radical; Korean meaning draft derived from local Korean word gloss or curated KANJIDIC English fallback.
影,"[""그림자"",""비친 형상""]","[""shadow"",""silhouette"",""phantom""]","[""エイ""]","[""かげ""]",彡,터럭 삼,59,15,kanjidic2,https://www.edrdg.org/kanjidic/kanjidic2.xml.gz,CC BY-SA 4.0,auto,1,Auto draft: KANJIDIC2 readings/radical; Korean meaning draft derived from local Korean word gloss or curated KANJIDIC English fallback.
映,"[""비치다"",""반사되다"",""찍히다""]","[""reflect"",""reflection"",""projection""]","[""エイ""]","[""うつ.る"",""うつ.す"",""は.える"",""-ば.え""]",日,날 일,72,9,kanjidic2,https://www.edrdg.org/kanjidic/kanjidic2.xml.gz,CC BY-SA 4.0,auto,1,Auto draft: KANJIDIC2 readings/radical; Korean meaning draft derived from local Korean word gloss or curated KANJIDIC English fallback.
栄,"[""번영하다"",""번창하다""]","[""flourish"",""prosperity"",""honor"",""glory"",""splendor""]","[""エイ"",""ヨウ""]","[""さか.える"",""は.え"",""-ば.え"",""は.える"",""え""]",木,나무 목,75,9,kanjidic2,https://www.edrdg.org/kanjidic/kanjidic2.xml.gz,CC BY-SA 4.0,auto,1,Auto draft: KANJIDIC2 readings/radical; Korean meaning draft derived from local Korean word gloss or curated KANJIDIC English fallback.
永,"[""길다"",""영원""]","[""eternity"",""long"",""lengthy""]","[""エイ""]","[""なが.い""]",水,물 수,85,5,kanjidic2,https://www.edrdg.org/kanjidic/kanjidic2.xml.gz,CC BY-SA 4.0,auto,1,Auto draft: KANJIDIC2 readings/radical; Korean meaning draft derived from local Korean word gloss or curated KANJIDIC English fallback.
泳,"[""헤엄치다""]","[""swim""]","[""エイ""]","[""およ.ぐ""]",水,물 수,85,8,kanjidic2,https://www.edrdg.org/kanjidic/kanjidic2.xml.gz,CC BY-SA 4.0,auto,1,Auto draft: KANJIDIC2 readings/radical; Korean meaning draft derived from local Korean word gloss or curated KANJIDIC English fallback.
英,"[""영국"",""영어"",""뛰어나다""]","[""England"",""English"",""hero"",""outstanding"",""calyx""]","[""エイ""]","[""はなぶさ""]",艸,풀 초,140,8,kanjidic2,https://www.edrdg.org/kanjidic/kanjidic2.xml.gz,CC BY-SA 4.0,auto,1,Auto draft: KANJIDIC2 readings/radical; Korean meaning draft derived from local Korean word gloss or curated KANJIDIC English fallback.
衛,"[""지키다"",""방위""]","[""defense"",""protection""]","[""エイ"",""エ""]",[],行,다닐 행,144,16,kanjidic2,https://www.edrdg.org/kanjidic/kanjidic2.xml.gz,CC BY-SA 4.0,auto,1,Auto draft: KANJIDIC2 readings/radical; Korean meaning draft derived from local Korean word gloss or curated KANJIDIC English fallback.
鋭,"[""날카롭다"",""예리하다""]","[""pointed"",""sharpness"",""edge"",""weapon"",""sharp"",""violent""]","[""エイ""]","[""するど.い""]",金,쇠 금,167,15,kanjidic2,https://www.edrdg.org/kanjidic/kanjidic2.xml.gz,CC BY-SA 4.0,verified,10,Human-reviewed 2026-08-22: KANJIDIC English + JLPT usage cross-check; semantic-review draft confirmed.
液,"[""액체"",""액(液)""]","[""fluid"",""liquid"",""juice"",""sap"",""secretion""]","[""エキ""]",[],水,물 수,85,11,kanjidic2,https://www.edrdg.org/kanjidic/kanjidic2.xml.gz,CC BY-SA 4.0,auto,1,Auto draft: KANJIDIC2 readings/radical; Korean meaning draft derived from local Korean word gloss or curated KANJIDIC English fallback.
益,"[""이익"",""보탬""]","[""benefit"",""gain"",""profit"",""advantage""]","[""エキ"",""ヤク""]","[""ま.す""]",皿,그릇 명,108,10,kanjidic2,https://www.edrdg.org/kanjidic/kanjidic2.xml.gz,CC BY-SA 4.0,auto,1,Auto draft: KANJIDIC2 readings/radical; Korean meaning draft derived from local Korean word gloss or curated KANJIDIC English fallback.
駅,"[""역""]","[""station""]","[""エキ""]",[],馬,말 마,187,14,kanjidic2,https://www.edrdg.org/kanjidic/kanjidic2.xml.gz,CC BY-SA 4.0,auto,1,Auto draft: KANJIDIC2 readings/radical; Korean meaning draft derived from local Korean word gloss or curated KANJIDIC English fallback.
越,"[""넘다"",""건너다""]","[""surpass"",""cross over"",""move to"",""exceed"",""Vietnam""]","[""エツ"",""オツ""]","[""こ.す"",""-こ.す"",""-ご.し"",""こ.える"",""-ご.え""]",走,달아날 주,156,12,kanjidic2,https://www.edrdg.org/kanjidic/kanjidic2.xml.gz,CC BY-SA 4.0,auto,1,Auto draft: KANJIDIC2 readings/radical; Korean meaning draft derived from local Korean word gloss or curated KANJIDIC English fallback.
閲,"[""검열"",""열람""]","[""review"",""inspection"",""revision""]","[""エツ""]","[""けみ.する""]",門,문 문,169,15,kanjidic2,https://www.edrdg.org/kanjidic/kanjidic2.xml.gz,CC BY-SA 4.0,auto,1,Auto draft: KANJIDIC2 readings/radical; Korean meaning draft derived from local Korean word gloss or curated KANJIDIC English fallback.
円,"[""원"",""동그라미"",""엔""]","[""circle"",""yen"",""round""]","[""エン""]","[""まる.い"",""まる"",""まど"",""まど.か"",""まろ.やか""]",冂,멀 경,13,4,kanjidic2,https://www.edrdg.org/kanjidic/kanjidic2.xml.gz,CC BY-SA 4.0,auto,1,Auto draft: KANJIDIC2 readings/radical; Korean meaning draft derived from local Korean word gloss or curated KANJIDIC English fallback.
園,"[""공원"",""정원""]","[""park"",""garden"",""yard"",""farm""]","[""エン""]","[""その""]",囗,큰입구 국,31,13,kanjidic2,https://www.edrdg.org/kanjidic/kanjidic2.xml.gz,CC BY-SA 4.0,auto,1,Auto draft: KANJIDIC2 readings/radical; Korean meaning draft derived from local Korean word gloss or curated KANJIDIC English fallback.
宴,"[""연회"",""잔치""]","[""banquet"",""feast"",""party""]","[""エン""]","[""うたげ""]",宀,갓머리 면,40,10,kanjidic2,https://www.edrdg.org/kanjidic/kanjidic2.xml.gz,CC BY-SA 4.0,auto,1,Auto draft: KANJIDIC2 readings/radical; Korean meaning draft derived from local Korean word gloss or curated KANJIDIC English fallback.
延,"[""연인원"",""총계"",""연장""]","[""prolong"",""stretching""]","[""エン""]","[""の.びる"",""の.べる"",""の.べ"",""の.ばす""]",廴,민책받침 인,54,8,kanjidic2,https://www.edrdg.org/kanjidic/kanjidic2.xml.gz,CC BY-SA 4.0,auto,1,Auto draft: KANJIDIC2 readings/radical; Korean meaning draft derived from local Korean word gloss or curated KANJIDIC English fallback.
援,"[""돕다"",""원조하다""]","[""abet"",""help"",""save""]","[""エン""]",[],手,손 수,64,12,kanjidic2,https://www.edrdg.org/kanjidic/kanjidic2.xml.gz,CC BY-SA 4.0,auto,1,Auto draft: KANJIDIC2 readings/radical; Korean meaning draft derived from local Korean word gloss or curated KANJIDIC English fallback.
沿,"[""따르다"",""연하다""]","[""run alongside"",""follow along"",""run along"",""lie along""]","[""エン""]","[""そ.う"",""-ぞ.い""]",水,물 수,85,8,kanjidic2,https://www.edrdg.org/kanjidic/kanjidic2.xml.gz,CC BY-SA 4.0,auto,1,Auto draft: KANJIDIC2 readings/radical; Korean meaning draft derived from local Korean word gloss or curated KANJIDIC English fallback.
演,"[""공연하다"",""연기하다"",""상연하다""]","[""performance"",""act"",""play"",""render"",""stage""]","[""エン""]",[],水,물 수,85,14,kanjidic2,https://www.edrdg.org/kanjidic/kanjidic2.xml.gz,CC BY-SA 4.0,verified,10,Human-reviewed 2026-08-22: KANJIDIC English + JLPT usage cross-check; semantic-review draft confirmed.
煙,"[""연기""]","[""smoke""]","[""エン""]","[""けむ.る"",""けむり"",""けむ.い""]",火,불 화,86,13,kanjidic2,https://www.edrdg.org/kanjidic/kanjidic2.xml.gz,CC BY-SA 4.0,auto,1,Auto draft: KANJIDIC2 readings/radical; Korean meaning draft derived from local Korean word gloss or curated KANJIDIC English fallback.
猿,"[""원숭이""]","[""monkey""]","[""エン""]","[""さる""]",犬,개 견,94,13,kanjidic2,https://www.edrdg.org/kanjidic/kanjidic2.xml.gz,CC BY-SA 4.0,auto,1,Auto draft: KANJIDIC2 readings/radical; Korean meaning draft derived from local Korean word gloss or curated KANJIDIC English fallback.
縁,"[""가장자리""]","[""affinity"",""relation"",""connection"",""edge"",""border"",""verge"",""brink""]","[""エン"",""-ネン""]","[""ふち"",""ふち.どる"",""ゆかり"",""よすが"",""へり"",""えにし""]",糸,실 사,120,15,kanjidic2,https://www.edrdg.org/kanjidic/kanjidic2.xml.gz,CC BY-SA 4.0,auto,1,Auto draft: KANJIDIC2 readings/radical; Korean meaning draft derived from local Korean word gloss or curated KANJIDIC English fallback.
艶,"[""윤기"",""광택""]","[""glossy"",""luster"",""glaze"",""polish"",""charm"",""colorful"",""captivating""]","[""エン""]","[""つや"",""なま.めかしい"",""あで.やか"",""つや.めく"",""なま.めく""]",色,빛 색,139,19,kanjidic2,https://www.edrdg.org/kanjidic/kanjidic2.xml.gz,CC BY-SA 4.0,auto,1,Auto draft: KANJIDIC2 readings/radical; Korean meaning draft derived from local Korean word gloss or curated KANJIDIC English fallback.
遠,"[""멀다""]","[""distant"",""far""]","[""エン"",""オン""]","[""とお.い""]",辵,책받침 착,162,13,kanjidic2,https://www.edrdg.org/kanjidic/kanjidic2.xml.gz,CC BY-SA 4.0,auto,1,Auto draft: KANJIDIC2 readings/radical; Korean meaning draft derived from local Korean word gloss or curated KANJIDIC English fallback.
鉛,"[""납(금속)""]","[""lead""]","[""エン""]","[""なまり""]",金,쇠 금,167,13,kanjidic2,https://www.edrdg.org/kanjidic/kanjidic2.xml.gz,CC BY-SA 4.0,auto,1,Auto draft: KANJIDIC2 readings/radical; Korean meaning draft derived from local Korean word gloss or curated KANJIDIC English fallback.
塩,"[""소금""]","[""salt""]","[""エン""]","[""しお""]",土,흙 토,32,13,kanjidic2,https://www.edrdg.org/kanjidic/kanjidic2.xml.gz,CC BY-SA 4.0,auto,1,Auto draft: KANJIDIC2 readings/radical; Korean meaning draft derived from local Korean word gloss or curated KANJIDIC English fallback.
汚,"[""더럽다"",""지저분하다""]","[""dirty"",""pollute"",""disgrace"",""rape"",""defile""]","[""オ""]","[""けが.す"",""けが.れる"",""けが.らわしい"",""よご.す"",""よご.れる"",""きたな.い""]",水,물 수,85,6,kanjidic2,https://www.edrdg.org/kanjidic/kanjidic2.xml.gz,CC BY-SA 4.0,auto,2,Manual format normalization 2026-08-18: 중복 뜻 제거.
凹,"[""움푹 들어가다"",""기가 죽다""]","[""concave"",""hollow"",""sunken""]","[""オウ""]","[""くぼ.む"",""へこ.む"",""ぼこ""]",凵,위터진입 구,17,5,kanjidic2,https://www.edrdg.org/kanjidic/kanjidic2.xml.gz,CC BY-SA 4.0,auto,1,Auto draft: KANJIDIC2 readings/radical; Korean meaning draft derived from local Korean word gloss or curated KANJIDIC English fallback.
央,"[""가운데"",""중앙""]","[""center"",""middle""]","[""オウ""]",[],大,큰 대,37,5,kanjidic2,https://www.edrdg.org/kanjidic/kanjidic2.xml.gz,CC BY-SA 4.0,auto,1,Auto draft: KANJIDIC2 readings/radical; Korean meaning draft derived from local Korean word gloss or curated KANJIDIC English fallback.
奥,"[""안쪽"",""내부"",""안쪽 부분""]","[""heart"",""interior""]","[""オウ""]","[""おく"",""おく.まる"",""くま""]",大,큰 대,37,12,kanjidic2,https://www.edrdg.org/kanjidic/kanjidic2.xml.gz,CC BY-SA 4.0,auto,1,Auto draft: KANJIDIC2 readings/radical; Korean meaning draft derived from local Korean word gloss or curated KANJIDIC English fallback.
往,"[""가다"",""지난날""]","[""journey"",""travel"",""chase away"",""let go"",""going"",""before"",""formerly""]","[""オウ""]","[""い.く"",""いにしえ"",""さき.に"",""ゆ.く""]",彳,두인변 척,60,8,kanjidic2,https://www.edrdg.org/kanjidic/kanjidic2.xml.gz,CC BY-SA 4.0,auto,1,Auto draft: KANJIDIC2 readings/radical; Korean meaning draft derived from local Korean word gloss or curated KANJIDIC English fallback.
応,"[""응하다"",""대응하다""]","[""apply"",""answer"",""yes"",""OK"",""reply"",""accept""]","[""オウ"",""ヨウ"",""-ノウ""]","[""あた.る"",""まさに"",""こた.える""]",心,마음 심,61,7,kanjidic2,https://www.edrdg.org/kanjidic/kanjidic2.xml.gz,CC BY-SA 4.0,auto,1,Auto draft: KANJIDIC2 readings/radical; Korean meaning draft derived from local Korean word gloss or curated KANJIDIC English fallback.
押,"[""누르다"",""밀다""]","[""push"",""stop"",""check"",""subdue"",""attach"",""seize"",""weight"",""shove"",""press"",""seal"",""do in spite of""]","[""オウ""]","[""お.す"",""お.し-"",""お.っ-"",""お.さえる"",""おさ.える""]",手,손 수,64,8,kanjidic2,https://www.edrdg.org/kanjidic/kanjidic2.xml.gz,CC BY-SA 4.0,auto,2,Manual format normalization 2026-08-18: 중복 뜻 제거.
旺,"[""왕성하다"",""번성하다""]","[""flourishing"",""successful"",""beautiful"",""vigorous""]","[""オウ""]","[""さかん""]",日,날 일,72,8,kanjidic2,https://www.edrdg.org/kanjidic/kanjidic2.xml.gz,CC BY-SA 4.0,auto,2,Auto draft: KANJIDIC2 readings/radical; Korean meaning draft derived from local Korean word gloss or curated KANJIDIC English fallback.
横,"[""옆""]","[""sideways"",""side"",""horizontal"",""width"",""woof"",""unreasonable"",""perverse""]","[""オウ""]","[""よこ""]",木,나무 목,75,15,kanjidic2,https://www.edrdg.org/kanjidic/kanjidic2.xml.gz,CC BY-SA 4.0,auto,1,Auto draft: KANJIDIC2 readings/radical; Korean meaning draft derived from local Korean word gloss or curated KANJIDIC English fallback.
欧,"[""유럽""]","[""Europe""]","[""オウ""]","[""うた.う"",""は.く""]",欠,하품 흠,76,8,kanjidic2,https://www.edrdg.org/kanjidic/kanjidic2.xml.gz,CC BY-SA 4.0,auto,1,Auto draft: KANJIDIC2 readings/radical; Korean meaning draft derived from local Korean word gloss or curated KANJIDIC English fallback.
殴,"[""때리다"",""치다""]","[""assault"",""hit"",""beat"",""thrash""]","[""オウ""]","[""なぐ.る""]",殳,갖은둥글월 문,79,8,kanjidic2,https://www.edrdg.org/kanjidic/kanjidic2.xml.gz,CC BY-SA 4.0,auto,1,Auto draft: KANJIDIC2 readings/radical; Korean meaning draft derived from local Korean word gloss or curated KANJIDIC English fallback.
王,"[""왕""]","[""king"",""rule"",""magnate""]","[""オウ"",""-ノウ""]",[],玉,구슬 옥,96,4,kanjidic2,https://www.edrdg.org/kanjidic/kanjidic2.xml.gz,CC BY-SA 4.0,auto,1,Auto draft: KANJIDIC2 readings/radical; Korean meaning draft derived from local Korean word gloss or curated KANJIDIC English fallback.
襖,"[""맹장지"",""후스마""]","[""opaque sliding door""]","[""オウ""]","[""ふすま"",""あお""]",衣,옷 의,145,17,kanjidic2,https://www.edrdg.org/kanjidic/kanjidic2.xml.gz,CC BY-SA 4.0,auto,1,Auto draft: KANJIDIC2 readings/radical; Korean meaning draft derived from local Korean word gloss or curated KANJIDIC English fallback.
黄,"[""노랑""]","[""yellow""]","[""コウ"",""オウ""]","[""き"",""こ-""]",黃,누를 황,201,11,kanjidic2,https://www.edrdg.org/kanjidic/kanjidic2.xml.gz,CC BY-SA 4.0,auto,1,Auto draft: KANJIDIC2 readings/radical; Korean meaning draft derived from local Korean word gloss or curated KANJIDIC English fallback.
億,"[""억"",""일억""]","[""hundred million"",""10**8""]","[""オク""]",[],人,사람 인,9,15,kanjidic2,https://www.edrdg.org/kanjidic/kanjidic2.xml.gz,CC BY-SA 4.0,auto,2,Auto draft: KANJIDIC2 readings/radical; Korean meaning draft derived from local Korean word gloss or curated KANJIDIC English fallback.
屋,"[""집"",""가게"",""지붕""]","[""roof"",""house"",""shop"",""dealer"",""seller""]","[""オク""]","[""や""]",尸,주검 시,44,9,kanjidic2,https://www.edrdg.org/kanjidic/kanjidic2.xml.gz,CC BY-SA 4.0,auto,1,Auto draft: KANJIDIC2 readings/radical; Korean meaning draft derived from local Korean word gloss or curated KANJIDIC English fallback.
憶,"[""기억하다"",""생각하다""]","[""recollection"",""think"",""remember""]","[""オク""]",[],心,마음 심,61,16,kanjidic2,https://www.edrdg.org/kanjidic/kanjidic2.xml.gz,CC BY-SA 4.0,auto,1,Auto draft: KANJIDIC2 readings/radical; Korean meaning draft derived from local Korean word gloss or curated KANJIDIC English fallback.
臆,"[""겁"",""마음"",""소심함""]","[""timidity"",""heart"",""mind"",""fear"",""cowardly""]","[""オク"",""ヨク""]","[""むね"",""おくする""]",肉,고기 육,130,17,kanjidic2,https://www.edrdg.org/kanjidic/kanjidic2.xml.gz,CC BY-SA 4.0,auto,1,Auto draft: KANJIDIC2 readings/radical; Korean meaning draft derived from local Korean word gloss or curated KANJIDIC English fallback.
乙,"[""을"",""둘째""]","[""the latter"",""duplicate"",""strange"",""witty"",""fishhook radical (no. 5)""]","[""オツ"",""イツ""]","[""おと-"",""きのと""]",乙,새 을,5,1,kanjidic2,https://www.edrdg.org/kanjidic/kanjidic2.xml.gz,CC BY-SA 4.0,auto,1,Auto draft: KANJIDIC2 readings/radical; Korean meaning draft derived from local Korean word gloss or curated KANJIDIC English fallback.
俺,"[""나""]","[""I"",""myself""]","[""エン""]","[""おれ"",""われ""]",人,사람 인,9,10,kanjidic2,https://www.edrdg.org/kanjidic/kanjidic2.xml.gz,CC BY-SA 4.0,auto,1,Auto draft: KANJIDIC2 readings/radical; Korean meaning draft derived from local Korean word gloss or curated KANJIDIC English fallback.
卸,"[""도매하다"",""갈다""]","[""wholesale""]","[""シャ""]","[""おろ.す"",""おろし"",""おろ.し""]",卩,병부 절,26,9,kanjidic2,https://www.edrdg.org/kanjidic/kanjidic2.xml.gz,CC BY-SA 4.0,auto,2,Auto draft: KANJIDIC2 readings/radical; Korean meaning draft derived from local Korean word gloss or curated KANJIDIC English fallback.
恩,"[""은혜""]","[""grace"",""kindness"",""goodness"",""favor"",""mercy"",""blessing"",""benefit""]","[""オン""]",[],心,마음 심,61,10,kanjidic2,https://www.edrdg.org/kanjidic/kanjidic2.xml.gz,CC BY-SA 4.0,auto,1,Auto draft: KANJIDIC2 readings/radical; Korean meaning draft derived from local Korean word gloss or curated KANJIDIC English fallback.
温,"[""미지근하다""]","[""warm""]","[""オン""]","[""あたた.か"",""あたた.かい"",""あたた.まる"",""あたた.める"",""ぬく""]",水,물 수,85,12,kanjidic2,https://www.edrdg.org/kanjidic/kanjidic2.xml.gz,CC BY-SA 4.0,auto,1,Auto draft: KANJIDIC2 readings/radical; Korean meaning draft derived from local Korean word gloss or curated KANJIDIC English fallback.
穏,"[""온화함"",""평온함""]","[""calm"",""quiet"",""moderation""]","[""オン""]","[""おだ.やか""]",禾,벼 화,115,16,kanjidic2,https://www.edrdg.org/kanjidic/kanjidic2.xml.gz,CC BY-SA 4.0,auto,1,Auto draft: KANJIDIC2 readings/radical; Korean meaning draft derived from local Korean word gloss or curated KANJIDIC English fallback.
音,"[""소리""]","[""sound"",""noise""]","[""オン"",""イン"",""-ノン""]","[""おと"",""ね""]",音,소리 음,180,9,kanjidic2,https://www.edrdg.org/kanjidic/kanjidic2.xml.gz,CC BY-SA 4.0,auto,1,Auto draft: KANJIDIC2 readings/radical; Korean meaning draft derived from local Korean word gloss or curated KANJIDIC English fallback.
下,"[""아래"",""밑""]","[""below"",""down"",""descend"",""give"",""low"",""inferior""]","[""カ"",""ゲ""]","[""した"",""しも"",""もと"",""さ.げる"",""さ.がる"",""くだ.る"",""くだ.り"",""くだ.す"",""-くだ.す"",""くだ.さる"",""お.ろす"",""お.りる""]",一,한 일,1,3,kanjidic2,https://www.edrdg.org/kanjidic/kanjidic2.xml.gz,CC BY-SA 4.0,auto,1,Auto draft: KANJIDIC2 readings/radical; Korean meaning draft derived from local Korean word gloss or curated KANJIDIC English fallback.
化,"[""둔갑하다"",""변하다""]","[""change"",""take the form of"",""influence"",""enchant"",""delude"",""-ization""]","[""カ"",""ケ""]","[""ば.ける"",""ば.かす"",""ふ.ける"",""け.する""]",匕,비수 비,21,4,kanjidic2,https://www.edrdg.org/kanjidic/kanjidic2.xml.gz,CC BY-SA 4.0,auto,1,Auto draft: KANJIDIC2 readings/radical; Korean meaning draft derived from local Korean word gloss or curated KANJIDIC English fallback.
仮,"[""임시"",""가짜""]","[""sham"",""temporary"",""interim"",""assumed (name)"",""informal""]","[""カ"",""ケ""]","[""かり"",""かり-""]",人,사람 인,9,6,kanjidic2,https://www.edrdg.org/kanjidic/kanjidic2.xml.gz,CC BY-SA 4.0,auto,1,Auto draft: KANJIDIC2 readings/radical; Korean meaning draft derived from local Korean word gloss or curated KANJIDIC English fallback.
何,"[""그런"",""이러한 그런"",""이러한""]","[""what""]","[""カ""]","[""なに"",""なん"",""なに-"",""なん-""]",人,사람 인,9,7,kanjidic2,https://www.edrdg.org/kanjidic/kanjidic2.xml.gz,CC BY-SA 4.0,auto,1,Auto draft: KANJIDIC2 readings/radical; Korean meaning draft derived from local Korean word gloss or curated KANJIDIC English fallback.
価,"[""값"",""가치""]","[""value"",""price""]","[""カ"",""ケ""]","[""あたい""]",人,사람 인,9,8,kanjidic2,https://www.edrdg.org/kanjidic/kanjidic2.xml.gz,CC BY-SA 4.0,auto,1,Auto draft: KANJIDIC2 readings/radical; Korean meaning draft derived from local Korean word gloss or curated KANJIDIC English fallback.
加,"[""더하다"",""추가하다""]","[""add"",""addition"",""increase"",""join"",""include"",""Canada""]","[""カ""]","[""くわ.える"",""くわ.わる""]",力,힘 력,19,5,kanjidic2,https://www.edrdg.org/kanjidic/kanjidic2.xml.gz,CC BY-SA 4.0,auto,1,Auto draft: KANJIDIC2 readings/radical; Korean meaning draft derived from local Korean word gloss or curated KANJIDIC English fallback.
可,"[""가함"",""가능""]","[""can"",""passable"",""approval""]","[""カ"",""コク""]","[""-べ.き"",""-べ.し""]",口,입 구,30,5,kanjidic2,https://www.edrdg.org/kanjidic/kanjidic2.xml.gz,CC BY-SA 4.0,auto,1,Auto draft: KANJIDIC2 readings/radical; Korean meaning draft derived from local Korean word gloss or curated KANJIDIC English fallback.
夏,"[""여름""]","[""summer""]","[""カ"",""ガ"",""ゲ""]","[""なつ""]",夊,천천히걸을 쇠,35,10,kanjidic2,https://www.edrdg.org/kanjidic/kanjidic2.xml.gz,CC BY-SA 4.0,auto,2,Auto draft: KANJIDIC2 readings/radical; Korean meaning draft derived from local Korean word gloss or curated KANJIDIC English fallback.
嫁,"[""며느리"",""신부""]","[""marry into"",""bride""]","[""カ""]","[""よめ"",""とつ.ぐ"",""い.く"",""ゆ.く""]",女,계집 녀,38,13,kanjidic2,https://www.edrdg.org/kanjidic/kanjidic2.xml.gz,CC BY-SA 4.0,auto,1,Auto draft: KANJIDIC2 readings/radical; Korean meaning draft derived from local Korean word gloss or curated KANJIDIC English fallback.
家,"[""집""]","[""house"",""home"",""family"",""professional"",""expert"",""performer""]","[""カ"",""ケ""]","[""いえ"",""や"",""うち""]",宀,갓머리 면,40,10,kanjidic2,https://www.edrdg.org/kanjidic/kanjidic2.xml.gz,CC BY-SA 4.0,auto,1,Auto draft: KANJIDIC2 readings/radical; Korean meaning draft derived from local Korean word gloss or curated KANJIDIC English fallback.
科,"[""과"",""부문"",""과정""]","[""department"",""course"",""section""]","[""カ""]",[],禾,벼 화,115,9,kanjidic2,https://www.edrdg.org/kanjidic/kanjidic2.xml.gz,CC BY-SA 4.0,auto,1,Auto draft: KANJIDIC2 readings/radical; Korean meaning draft derived from local Korean word gloss or curated KANJIDIC English fallback.
暇,"[""틈"",""짬"",""여가""]","[""spare time"",""rest"",""leisure"",""time"",""leave of absence""]","[""カ""]","[""ひま"",""いとま""]",日,날 일,72,13,kanjidic2,https://www.edrdg.org/kanjidic/kanjidic2.xml.gz,CC BY-SA 4.0,auto,2,Auto draft: KANJIDIC2 readings/radical; Korean meaning draft derived from local Korean word gloss or curated KANJIDIC English fallback.
果,"[""완수하다"",""다하다""]","[""fruit"",""reward"",""carry out"",""achieve"",""complete"",""end"",""finish"",""succeed""]","[""カ""]","[""は.たす"",""はた.す"",""-は.たす"",""は.てる"",""-は.てる"",""は.て""]",木,나무 목,75,8,kanjidic2,https://www.edrdg.org/kanjidic/kanjidic2.xml.gz,CC BY-SA 4.0,auto,1,Auto draft: KANJIDIC2 readings/radical; Korean meaning draft derived from local Korean word gloss or curated KANJIDIC English fallback.
架,"[""걸치다"",""세우다"",""선반""]","[""erect"",""frame"",""mount"",""support"",""shelf"",""construct""]","[""カ""]","[""か.ける"",""か.かる""]",木,나무 목,75,9,kanjidic2,https://www.edrdg.org/kanjidic/kanjidic2.xml.gz,CC BY-SA 4.0,auto,1,Auto draft: KANJIDIC2 readings/radical; Korean meaning draft derived from local Korean word gloss or curated KANJIDIC English fallback.
歌,"[""노래""]","[""song"",""sing""]","[""カ""]","[""うた"",""うた.う""]",欠,하품 흠,76,14,kanjidic2,https://www.edrdg.org/kanjidic/kanjidic2.xml.gz,CC BY-SA 4.0,auto,1,Auto draft: KANJIDIC2 readings/radical; Korean meaning draft derived from local Korean word gloss or curated KANJIDIC English fallback.
河,"[""강""]","[""river""]","[""カ""]","[""かわ""]",水,물 수,85,8,kanjidic2,https://www.edrdg.org/kanjidic/kanjidic2.xml.gz,CC BY-SA 4.0,auto,1,Auto draft: KANJIDIC2 readings/radical; Korean meaning draft derived from local Korean word gloss or curated KANJIDIC English fallback.
火,"[""불""]","[""fire""]","[""カ""]","[""ひ"",""-び"",""ほ-""]",火,불 화,86,4,kanjidic2,https://www.edrdg.org/kanjidic/kanjidic2.xml.gz,CC BY-SA 4.0,auto,1,Auto draft: KANJIDIC2 readings/radical; Korean meaning draft derived from local Korean word gloss or curated KANJIDIC English fallback.
稼,"[""벌다"",""일하다""]","[""earnings"",""work"",""earn money""]","[""カ""]","[""かせ.ぐ""]",禾,벼 화,115,15,kanjidic2,https://www.edrdg.org/kanjidic/kanjidic2.xml.gz,CC BY-SA 4.0,auto,2,Manual format normalization 2026-08-18: 쉼표로 분리된 문맥형 뜻을 기본 의미로 정리.
箇,"[""개"",""물건 세는 단위""]","[""counter for articles""]","[""カ"",""コ""]",[],竹,대 죽,118,14,kanjidic2,https://www.edrdg.org/kanjidic/kanjidic2.xml.gz,CC BY-SA 4.0,auto,1,Auto draft: KANJIDIC2 readings/radical; Korean meaning draft derived from local Korean word gloss or curated KANJIDIC English fallback.
花,"[""꽃""]","[""flower""]","[""カ"",""ケ""]","[""はな""]",艸,풀 초,140,7,kanjidic2,https://www.edrdg.org/kanjidic/kanjidic2.xml.gz,CC BY-SA 4.0,auto,1,Auto draft: KANJIDIC2 readings/radical; Korean meaning draft derived from local Korean word gloss or curated KANJIDIC English fallback.
荷,"[""짐"",""화물""]","[""baggage"",""shoulder-pole load"",""bear (a burden)"",""shoulder (a gun)"",""load"",""cargo"",""freight""]","[""カ""]","[""に""]",艸,풀 초,140,10,kanjidic2,https://www.edrdg.org/kanjidic/kanjidic2.xml.gz,CC BY-SA 4.0,auto,1,Auto draft: KANJIDIC2 readings/radical; Korean meaning draft derived from local Korean word gloss or curated KANJIDIC English fallback.
華,"[""화려한""]","[""splendor"",""flower"",""petal"",""shine"",""luster"",""ostentatious"",""showy"",""gay"",""gorgeous""]","[""カ"",""ケ""]","[""はな""]",艸,풀 초,140,10,kanjidic2,https://www.edrdg.org/kanjidic/kanjidic2.xml.gz,CC BY-SA 4.0,auto,1,Auto draft: KANJIDIC2 readings/radical; Korean meaning draft derived from local Korean word gloss or curated KANJIDIC English fallback.
菓,"[""과자"",""과일""]","[""candy"",""cakes"",""fruit""]","[""カ""]",[],艸,풀 초,140,11,kanjidic2,https://www.edrdg.org/kanjidic/kanjidic2.xml.gz,CC BY-SA 4.0,auto,2,Auto draft: KANJIDIC2 readings/radical; Korean meaning draft derived from local Korean word gloss or curated KANJIDIC English fallback.
課,"[""과"",""부서""]","[""chapter"",""lesson"",""section"",""department"",""division"",""counter for chapters (of a book)""]","[""カ""]",[],言,말씀 언,149,15,kanjidic2,https://www.edrdg.org/kanjidic/kanjidic2.xml.gz,CC BY-SA 4.0,auto,1,Auto draft: KANJIDIC2 readings/radical; Korean meaning draft derived from local Korean word gloss or curated KANJIDIC English fallback.
嘩,"[""시끄럽다"",""떠들다""]","[""noisy""]","[""カ"",""ケ""]","[""かまびす.しい""]",口,입 구,30,13,kanjidic2,https://www.edrdg.org/kanjidic/kanjidic2.xml.gz,CC BY-SA 4.0,auto,2,Auto draft: KANJIDIC2 readings/radical; Korean meaning draft derived from local Korean word gloss or curated KANJIDIC English fallback.
貨,"[""화물"",""재화""]","[""freight"",""goods"",""property""]","[""カ""]","[""たから""]",貝,조개 패,154,11,kanjidic2,https://www.edrdg.org/kanjidic/kanjidic2.xml.gz,CC BY-SA 4.0,auto,1,Auto draft: KANJIDIC2 readings/radical; Korean meaning draft derived from local Korean word gloss or curated KANJIDIC English fallback.
過,"[""잘못"",""실수""]","[""overdo"",""exceed"",""go beyond"",""error""]","[""カ""]","[""す.ぎる"",""す.ごす"",""あやま.ち"",""あやま.つ"",""よぎ.る"",""よ.ぎる""]",辵,책받침 착,162,12,kanjidic2,https://www.edrdg.org/kanjidic/kanjidic2.xml.gz,CC BY-SA 4.0,auto,1,Auto draft: KANJIDIC2 readings/radical; Korean meaning draft derived from local Korean word gloss or curated KANJIDIC English fallback.
蚊,"[""모기""]","[""mosquito""]","[""ブン""]","[""か""]",虫,벌레 충,142,10,kanjidic2,https://www.edrdg.org/kanjidic/kanjidic2.xml.gz,CC BY-SA 4.0,auto,1,Auto draft: KANJIDIC2 readings/radical; Korean meaning draft derived from local Korean word gloss or curated KANJIDIC English fallback.
俄,"[""갑작스러운"",""뜻밖의""]","[""sudden"",""abrupt"",""improvised""]","[""ガ""]","[""にわか""]",人,사람 인,9,9,kanjidic2,https://www.edrdg.org/kanjidic/kanjidic2.xml.gz,CC BY-SA 4.0,auto,1,Auto draft: KANJIDIC2 readings/radical; Korean meaning draft derived from local Korean word gloss or curated KANJIDIC English fallback.
我,"[""나"",""자신""]","[""ego"",""I"",""selfish"",""our"",""oneself""]","[""ガ""]","[""われ"",""わ"",""わ.が-"",""わが-""]",戈,창 과,62,7,kanjidic2,https://www.edrdg.org/kanjidic/kanjidic2.xml.gz,CC BY-SA 4.0,auto,1,Auto draft: KANJIDIC2 readings/radical; Korean meaning draft derived from local Korean word gloss or curated KANJIDIC English fallback.
画,"[""그림"",""획""]","[""brush-stroke"",""picture""]","[""ガ"",""カク"",""エ"",""カイ""]","[""えが.く"",""かく.する"",""かぎ.る"",""はかりごと"",""はか.る""]",田,밭 전,102,8,kanjidic2,https://www.edrdg.org/kanjidic/kanjidic2.xml.gz,CC BY-SA 4.0,auto,1,Auto draft: KANJIDIC2 readings/radical; Korean meaning draft derived from local Korean word gloss or curated KANJIDIC English fallback.
芽,"[""싹"",""새싹""]","[""bud"",""sprout"",""spear"",""germ""]","[""ガ""]","[""め""]",艸,풀 초,140,8,kanjidic2,https://www.edrdg.org/kanjidic/kanjidic2.xml.gz,CC BY-SA 4.0,auto,1,Auto draft: KANJIDIC2 readings/radical; Korean meaning draft derived from local Korean word gloss or curated KANJIDIC English fallback.
賀,"[""축하"",""기쁨""]","[""congratulations"",""joy""]","[""ガ""]",[],貝,조개 패,154,12,kanjidic2,https://www.edrdg.org/kanjidic/kanjidic2.xml.gz,CC BY-SA 4.0,auto,1,Auto draft: KANJIDIC2 readings/radical; Korean meaning draft derived from local Korean word gloss or curated KANJIDIC English fallback.
介,"[""끼이다"",""중개하다""]","[""jammed in"",""shellfish"",""mediate"",""concern oneself with""]","[""カイ""]",[],人,사람 인,9,4,kanjidic2,https://www.edrdg.org/kanjidic/kanjidic2.xml.gz,CC BY-SA 4.0,auto,1,Auto draft: KANJIDIC2 readings/radical; Korean meaning draft derived from local Korean word gloss or curated KANJIDIC English fallback.
会,"[""만나다""]","[""meeting"",""meet"",""party"",""association"",""interview"",""join""]","[""カイ"",""エ""]","[""あ.う"",""あ.わせる"",""あつ.まる""]",人,사람 인,9,6,kanjidic2,https://www.edrdg.org/kanjidic/kanjidic2.xml.gz,CC BY-SA 4.0,auto,1,Auto draft: KANJIDIC2 readings/radical; Korean meaning draft derived from local Korean word gloss or curated KANJIDIC English fallback.
解,"[""풀다"",""끄르다""]","[""unravel"",""notes"",""key"",""explanation"",""understanding"",""untie"",""undo"",""solve"",""answer"",""cancel"",""absolve"",""explain"",""minute""]","[""カイ"",""ゲ""]","[""と.く"",""と.かす"",""と.ける"",""ほど.く"",""ほぐ.す"",""わか.る"",""さと.る""]",角,뿔 각,148,13,kanjidic2,https://www.edrdg.org/kanjidic/kanjidic2.xml.gz,CC BY-SA 4.0,auto,1,Auto draft: KANJIDIC2 readings/radical; Korean meaning draft derived from local Korean word gloss or curated KANJIDIC English fallback.
回,"[""돎"",""차례로 방문함"",""회전""]","[""-times"",""round"",""game"",""revolve"",""counter for occurrences""]","[""カイ"",""エ""]","[""まわ.る"",""-まわ.る"",""-まわ.り"",""まわ.す"",""-まわ.す"",""まわ.し-"",""-まわ.し"",""もとお.る"",""か.える""]",囗,큰입구 국,31,6,kanjidic2,https://www.edrdg.org/kanjidic/kanjidic2.xml.gz,CC BY-SA 4.0,auto,1,Auto draft: KANJIDIC2 readings/radical; Korean meaning draft derived from local Korean word gloss or curated KANJIDIC English fallback.
塊,"[""덩어리""]","[""clod"",""lump"",""chunk"",""clot"",""mass""]","[""カイ"",""ケ""]","[""かたまり"",""つちくれ""]",土,흙 토,32,13,kanjidic2,https://www.edrdg.org/kanjidic/kanjidic2.xml.gz,CC BY-SA 4.0,auto,1,Auto draft: KANJIDIC2 readings/radical; Korean meaning draft derived from local Korean word gloss or curated KANJIDIC English fallback.
壊,"[""부수다"",""망가뜨리다""]","[""demolition"",""break"",""destroy""]","[""カイ"",""エ""]","[""こわ.す"",""こわ.れる"",""やぶ.る""]",土,흙 토,32,16,kanjidic2,https://www.edrdg.org/kanjidic/kanjidic2.xml.gz,CC BY-SA 4.0,auto,1,Auto draft: KANJIDIC2 readings/radical; Korean meaning draft derived from local Korean word gloss or curated KANJIDIC English fallback.
快,"[""기분좋다""]","[""cheerful"",""pleasant"",""agreeable"",""comfortable""]","[""カイ""]","[""こころよ.い""]",心,마음 심,61,7,kanjidic2,https://www.edrdg.org/kanjidic/kanjidic2.xml.gz,CC BY-SA 4.0,auto,1,Auto draft: KANJIDIC2 readings/radical; Korean meaning draft derived from local Korean word gloss or curated KANJIDIC English fallback.
怪,"[""수상하다""]","[""suspicious"",""mystery"",""apparition""]","[""カイ"",""ケ""]","[""あや.しい"",""あや.しむ""]",心,마음 심,61,8,kanjidic2,https://www.edrdg.org/kanjidic/kanjidic2.xml.gz,CC BY-SA 4.0,auto,1,Auto draft: KANJIDIC2 readings/radical; Korean meaning draft derived from local Korean word gloss or curated KANJIDIC English fallback.
悔,"[""분하다"",""억울하다""]","[""repent"",""regret""]","[""カイ""]","[""く.いる"",""く.やむ"",""くや.しい""]",心,마음 심,61,9,kanjidic2,https://www.edrdg.org/kanjidic/kanjidic2.xml.gz,CC BY-SA 4.0,auto,1,Auto draft: KANJIDIC2 readings/radical; Korean meaning draft derived from local Korean word gloss or curated KANJIDIC English fallback.
懐,"[""정들다"",""따르다""]","[""feelings"",""heart"",""yearn"",""miss someone"",""become attached to"",""bosom"",""breast"",""pocket""]","[""カイ"",""エ""]","[""ふところ"",""なつ.かしい"",""なつ.かしむ"",""なつ.く"",""なつ.ける"",""なず.ける"",""いだ.く"",""おも.う""]",心,마음 심,61,16,kanjidic2,https://www.edrdg.org/kanjidic/kanjidic2.xml.gz,CC BY-SA 4.0,auto,1,Auto draft: KANJIDIC2 readings/radical; Korean meaning draft derived from local Korean word gloss or curated KANJIDIC English fallback.
戒,"[""훈계하다"",""경고하다""]","[""commandment""]","[""カイ""]","[""いまし.める""]",戈,창 과,62,7,kanjidic2,https://www.edrdg.org/kanjidic/kanjidic2.xml.gz,CC BY-SA 4.0,auto,1,Auto draft: KANJIDIC2 readings/radical; Korean meaning draft derived from local Korean word gloss or curated KANJIDIC English fallback.
改,"[""다시"",""재차""]","[""reformation"",""change"",""modify"",""mend"",""renew"",""examine"",""inspect"",""search""]","[""カイ""]","[""あらた.める"",""あらた.まる""]",攴,둥글월 문,66,7,kanjidic2,https://www.edrdg.org/kanjidic/kanjidic2.xml.gz,CC BY-SA 4.0,auto,1,Auto draft: KANJIDIC2 readings/radical; Korean meaning draft derived from local Korean word gloss or curated KANJIDIC English fallback.
械,"[""기계"",""도구""]","[""contraption"",""fetter"",""machine"",""instrument""]","[""カイ""]","[""かせ""]",木,나무 목,75,11,kanjidic2,https://www.edrdg.org/kanjidic/kanjidic2.xml.gz,CC BY-SA 4.0,auto,1,Auto draft: KANJIDIC2 readings/radical; Korean meaning draft derived from local Korean word gloss or curated KANJIDIC English fallback.
海,"[""바다""]","[""sea"",""ocean""]","[""カイ""]","[""うみ""]",水,물 수,85,9,kanjidic2,https://www.edrdg.org/kanjidic/kanjidic2.xml.gz,CC BY-SA 4.0,auto,1,Auto draft: KANJIDIC2 readings/radical; Korean meaning draft derived from local Korean word gloss or curated KANJIDIC English fallback.
灰,"[""재""]","[""ashes"",""puckery juice"",""cremate""]","[""カイ""]","[""はい""]",火,불 화,86,6,kanjidic2,https://www.edrdg.org/kanjidic/kanjidic2.xml.gz,CC BY-SA 4.0,auto,1,Auto draft: KANJIDIC2 readings/radical; Korean meaning draft derived from local Korean word gloss or curated KANJIDIC English fallback.
界,"[""세계"",""경계""]","[""world"",""boundary""]","[""カイ""]",[],田,밭 전,102,9,kanjidic2,https://www.edrdg.org/kanjidic/kanjidic2.xml.gz,CC BY-SA 4.0,auto,1,Auto draft: KANJIDIC2 readings/radical; Korean meaning draft derived from local Korean word gloss or curated KANJIDIC English fallback.
皆,"[""모두""]","[""all"",""everything""]","[""カイ""]","[""みな"",""みんな""]",白,흰 백,106,9,kanjidic2,https://www.edrdg.org/kanjidic/kanjidic2.xml.gz,CC BY-SA 4.0,auto,1,Auto draft: KANJIDIC2 readings/radical; Korean meaning draft derived from local Korean word gloss or curated KANJIDIC English fallback.
絵,"[""그림""]","[""picture"",""drawing"",""painting"",""sketch""]","[""カイ"",""エ""]",[],糸,실 사,120,12,kanjidic2,https://www.edrdg.org/kanjidic/kanjidic2.xml.gz,CC BY-SA 4.0,auto,1,Auto draft: KANJIDIC2 readings/radical; Korean meaning draft derived from local Korean word gloss or curated KANJIDIC English fallback.
開,"[""열리다"",""열다""]","[""open"",""unfold"",""unseal""]","[""カイ""]","[""ひら.く"",""ひら.き"",""-びら.き"",""ひら.ける"",""あ.く"",""あ.ける""]",門,문 문,169,12,kanjidic2,https://www.edrdg.org/kanjidic/kanjidic2.xml.gz,CC BY-SA 4.0,auto,1,Auto draft: KANJIDIC2 readings/radical; Korean meaning draft derived from local Korean word gloss or curated KANJIDIC English fallback.
階,"[""층"",""계단""]","[""storey"",""stair"",""counter for storeys of a building""]","[""カイ""]","[""きざはし""]",阜,언덕 부,170,12,kanjidic2,https://www.edrdg.org/kanjidic/kanjidic2.xml.gz,CC BY-SA 4.0,auto,1,Auto draft: KANJIDIC2 readings/radical; Korean meaning draft derived from local Korean word gloss or curated KANJIDIC English fallback.
貝,"[""조개""]","[""shellfish""]","[""バイ""]","[""かい""]",貝,조개 패,154,7,kanjidic2,https://www.edrdg.org/kanjidic/kanjidic2.xml.gz,CC BY-SA 4.0,auto,1,Auto draft: KANJIDIC2 readings/radical; Korean meaning draft derived from local Korean word gloss or curated KANJIDIC English fallback.
外,"[""밖""]","[""outside""]","[""ガイ"",""ゲ""]","[""そと"",""ほか"",""はず.す"",""はず.れる"",""と-""]",夕,저녁 석,36,5,kanjidic2,https://www.edrdg.org/kanjidic/kanjidic2.xml.gz,CC BY-SA 4.0,auto,1,Auto draft: KANJIDIC2 readings/radical; Korean meaning draft derived from local Korean word gloss or curated KANJIDIC English fallback.
咳,"[""기침""]","[""cough"",""clear throat""]","[""カイ"",""ガイ""]","[""せ.く"",""しわぶ.く"",""せき"",""しわぶき""]",口,입 구,30,9,kanjidic2,https://www.edrdg.org/kanjidic/kanjidic2.xml.gz,CC BY-SA 4.0,auto,1,Auto draft: KANJIDIC2 readings/radical; Korean meaning draft derived from local Korean word gloss or curated KANJIDIC English fallback.
害,"[""해치다"",""상하게 하다""]","[""harm"",""injury""]","[""ガイ""]",[],宀,갓머리 면,40,10,kanjidic2,https://www.edrdg.org/kanjidic/kanjidic2.xml.gz,CC BY-SA 4.0,auto,1,Auto draft: KANJIDIC2 readings/radical; Korean meaning draft derived from local Korean word gloss or curated KANJIDIC English fallback.
崖,"[""절벽""]","[""cliff"",""bluff"",""precipice""]","[""ガイ"",""ゲ"",""ギ""]","[""がけ"",""きし"",""はて""]",山,뫼 산,46,11,kanjidic2,https://www.edrdg.org/kanjidic/kanjidic2.xml.gz,CC BY-SA 4.0,auto,1,Auto draft: KANJIDIC2 readings/radical; Korean meaning draft derived from local Korean word gloss or curated KANJIDIC English fallback.
慨,"[""개탄하다"",""한탄하다""]","[""rue"",""be sad"",""sigh"",""lament""]","[""ガイ""]","[""なげ.く""]",心,마음 심,61,13,kanjidic2,https://www.edrdg.org/kanjidic/kanjidic2.xml.gz,CC BY-SA 4.0,auto,1,Auto draft: KANJIDIC2 readings/radical; Korean meaning draft derived from local Korean word gloss or curated KANJIDIC English fallback.
概,"[""대체로"",""대강""]","[""outline"",""condition"",""approximation"",""generally""]","[""ガイ""]","[""おおむ.ね""]",木,나무 목,75,14,kanjidic2,https://www.edrdg.org/kanjidic/kanjidic2.xml.gz,CC BY-SA 4.0,auto,1,Auto draft: KANJIDIC2 readings/radical; Korean meaning draft derived from local Korean word gloss or curated KANJIDIC English fallback.
蓋,"[""뚜껑"",""덮개""]","[""cover"",""lid"",""flap""]","[""ガイ"",""カイ"",""コウ""]","[""ふた"",""けだ.し"",""おお.う"",""かさ"",""かこう""]",艸,풀 초,140,13,kanjidic2,https://www.edrdg.org/kanjidic/kanjidic2.xml.gz,CC BY-SA 4.0,auto,1,Auto draft: KANJIDIC2 readings/radical; Korean meaning draft derived from local Korean word gloss or curated KANJIDIC English fallback.
街,"[""번화가"",""거리""]","[""boulevard"",""street"",""town""]","[""ガイ"",""カイ""]","[""まち""]",行,다닐 행,144,12,kanjidic2,https://www.edrdg.org/kanjidic/kanjidic2.xml.gz,CC BY-SA 4.0,auto,1,Auto draft: KANJIDIC2 readings/radical; Korean meaning draft derived from local Korean word gloss or curated KANJIDIC English fallback.
該,"[""해당"",""그""]","[""above-stated"",""the said"",""that specific""]","[""ガイ""]",[],言,말씀 언,149,13,kanjidic2,https://www.edrdg.org/kanjidic/kanjidic2.xml.gz,CC BY-SA 4.0,auto,1,Auto draft: KANJIDIC2 readings/radical; Korean meaning draft derived from local Korean word gloss or curated KANJIDIC English fallback.
垣,"[""담"",""울타리""]","[""hedge"",""fence"",""wall""]","[""エン""]","[""かき""]",土,흙 토,32,9,kanjidic2,https://www.edrdg.org/kanjidic/kanjidic2.xml.gz,CC BY-SA 4.0,auto,1,Auto draft: KANJIDIC2 readings/radical; Korean meaning draft derived from local Korean word gloss or curated KANJIDIC English fallback.
各,"[""각각""]","[""each"",""every"",""either""]","[""カク""]","[""おのおの""]",口,입 구,30,6,kanjidic2,https://www.edrdg.org/kanjidic/kanjidic2.xml.gz,CC BY-SA 4.0,auto,1,Auto draft: KANJIDIC2 readings/radical; Korean meaning draft derived from local Korean word gloss or curated KANJIDIC English fallback.
拡,"[""넓히다"",""확대하다""]","[""broaden"",""extend"",""expand"",""enlarge""]","[""カク"",""コウ""]","[""ひろ.がる"",""ひろ.げる"",""ひろ.める""]",手,손 수,64,8,kanjidic2,https://www.edrdg.org/kanjidic/kanjidic2.xml.gz,CC BY-SA 4.0,auto,1,Auto draft: KANJIDIC2 readings/radical; Korean meaning draft derived from local Korean word gloss or curated KANJIDIC English fallback.
格,"[""격"",""지위"",""자격""]","[""status"",""rank"",""capacity"",""character"",""case (law, grammar)""]","[""カク"",""コウ"",""キャク"",""ゴウ""]",[],木,나무 목,75,10,kanjidic2,https://www.edrdg.org/kanjidic/kanjidic2.xml.gz,CC BY-SA 4.0,auto,1,Auto draft: KANJIDIC2 readings/radical; Korean meaning draft derived from local Korean word gloss or curated KANJIDIC English fallback.
核,"[""핵""]","[""nucleus"",""core"",""kernel""]","[""カク""]",[],木,나무 목,75,10,kanjidic2,https://www.edrdg.org/kanjidic/kanjidic2.xml.gz,CC BY-SA 4.0,auto,1,Auto draft: KANJIDIC2 readings/radical; Korean meaning draft derived from local Korean word gloss or curated KANJIDIC English fallback.
殻,"[""껍데기"",""껍질""]","[""husk"",""nut shell""]","[""カク"",""コク"",""バイ""]","[""から"",""がら""]",殳,갖은둥글월 문,79,11,kanjidic2,https://www.edrdg.org/kanjidic/kanjidic2.xml.gz,CC BY-SA 4.0,auto,1,Auto draft: KANJIDIC2 readings/radical; Korean meaning draft derived from local Korean word gloss or curated KANJIDIC English fallback.
獲,"[""얻다"",""획득하다""]","[""seize"",""get"",""find"",""earn"",""acquire"",""can"",""may"",""able to""]","[""カク""]","[""え.る""]",犬,개 견,94,16,kanjidic2,https://www.edrdg.org/kanjidic/kanjidic2.xml.gz,CC BY-SA 4.0,auto,1,Auto draft: KANJIDIC2 readings/radical; Korean meaning draft derived from local Korean word gloss or curated KANJIDIC English fallback.
確,"[""확실함"",""분명함"",""아마""]","[""assurance"",""firm"",""tight"",""hard"",""solid"",""confirm"",""clear"",""evident""]","[""カク"",""コウ""]","[""たし.か"",""たし.かめる""]",石,돌 석,112,15,kanjidic2,https://www.edrdg.org/kanjidic/kanjidic2.xml.gz,CC BY-SA 4.0,auto,1,Auto draft: KANJIDIC2 readings/radical; Korean meaning draft derived from local Korean word gloss or curated KANJIDIC English fallback.
穫,"[""거두다"",""수확""]","[""harvest"",""reap""]","[""カク""]",[],禾,벼 화,115,18,kanjidic2,https://www.edrdg.org/kanjidic/kanjidic2.xml.gz,CC BY-SA 4.0,auto,1,Auto draft: KANJIDIC2 readings/radical; Korean meaning draft derived from local Korean word gloss or curated KANJIDIC English fallback.
覚,"[""기억하다"",""외우다"",""깨닫다"",""깨다""]","[""memorize"",""learn"",""remember"",""awake"",""sober up""]","[""カク""]","[""おぼ.える"",""さ.ます"",""さ.める"",""さと.る""]",見,볼 견,147,12,kanjidic2,https://www.edrdg.org/kanjidic/kanjidic2.xml.gz,CC BY-SA 4.0,verified,10,Human-reviewed 2026-08-22: KANJIDIC English + JLPT usage cross-check; semantic-review draft confirmed.
角,"[""모퉁이""]","[""angle"",""corner"",""square"",""horn"",""antlers""]","[""カク""]","[""かど"",""つの""]",角,뿔 각,148,7,kanjidic2,https://www.edrdg.org/kanjidic/kanjidic2.xml.gz,CC BY-SA 4.0,auto,1,Auto draft: KANJIDIC2 readings/radical; Korean meaning draft derived from local Korean word gloss or curated KANJIDIC English fallback.
較,"[""비교하다""]","[""contrast"",""compare""]","[""カク"",""コウ""]","[""くら.べる""]",車,수레 거,159,13,kanjidic2,https://www.edrdg.org/kanjidic/kanjidic2.xml.gz,CC BY-SA 4.0,auto,1,Auto draft: KANJIDIC2 readings/radical; Korean meaning draft derived from local Korean word gloss or curated KANJIDIC English fallback.
閣,"[""누각"",""궁전""]","[""tower"",""tall building"",""palace""]","[""カク""]",[],門,문 문,169,14,kanjidic2,https://www.edrdg.org/kanjidic/kanjidic2.xml.gz,CC BY-SA 4.0,auto,1,Auto draft: KANJIDIC2 readings/radical; Korean meaning draft derived from local Korean word gloss or curated KANJIDIC English fallback.
隔,"[""사이를두다"",""칸을두다""]","[""isolate"",""alternate"",""distance"",""separate"",""gulf""]","[""カク""]","[""へだ.てる"",""へだ.たる""]",阜,언덕 부,170,13,kanjidic2,https://www.edrdg.org/kanjidic/kanjidic2.xml.gz,CC BY-SA 4.0,auto,1,Auto draft: KANJIDIC2 readings/radical; Korean meaning draft derived from local Korean word gloss or curated KANJIDIC English fallback.
革,"[""가죽""]","[""leather"",""skin"",""reform"",""become serious""]","[""カク""]","[""かわ""]",革,가죽 혁,177,9,kanjidic2,https://www.edrdg.org/kanjidic/kanjidic2.xml.gz,CC BY-SA 4.0,auto,1,Auto draft: KANJIDIC2 readings/radical; Korean meaning draft derived from local Korean word gloss or curated KANJIDIC English fallback.
学,"[""학문"",""지식""]","[""study"",""learning"",""science""]","[""ガク""]","[""まな.ぶ""]",子,아들 자,39,8,kanjidic2,https://www.edrdg.org/kanjidic/kanjidic2.xml.gz,CC BY-SA 4.0,auto,1,Auto draft: KANJIDIC2 readings/radical; Korean meaning draft derived from local Korean word gloss or curated KANJIDIC English fallback.
岳,"[""산"",""봉우리""]","[""point"",""peak"",""mountain""]","[""ガク""]","[""たけ""]",山,뫼 산,46,8,kanjidic2,https://www.edrdg.org/kanjidic/kanjidic2.xml.gz,CC BY-SA 4.0,auto,1,Auto draft: KANJIDIC2 readings/radical; Korean meaning draft derived from local Korean word gloss or curated KANJIDIC English fallback.
楽,"[""편함"",""안락""]","[""music"",""comfort"",""ease""]","[""ガク"",""ラク"",""ゴウ""]","[""たの.しい"",""たの.しむ"",""この.む""]",木,나무 목,75,13,kanjidic2,https://www.edrdg.org/kanjidic/kanjidic2.xml.gz,CC BY-SA 4.0,auto,1,Auto draft: KANJIDIC2 readings/radical; Korean meaning draft derived from local Korean word gloss or curated KANJIDIC English fallback.
額,"[""금액"",""액자""]","[""forehead"",""tablet"",""plaque"",""framed picture"",""sum"",""amount"",""volume""]","[""ガク""]","[""ひたい""]",頁,머리 혈,181,18,kanjidic2,https://www.edrdg.org/kanjidic/kanjidic2.xml.gz,CC BY-SA 4.0,auto,1,Auto draft: KANJIDIC2 readings/radical; Korean meaning draft derived from local Korean word gloss or curated KANJIDIC English fallback.
顎,"[""턱""]","[""jaw"",""chin"",""gill""]","[""ガク""]","[""あご"",""あぎと""]",頁,머리 혈,181,18,kanjidic2,https://www.edrdg.org/kanjidic/kanjidic2.xml.gz,CC BY-SA 4.0,auto,1,Auto draft: KANJIDIC2 readings/radical; Korean meaning draft derived from local Korean word gloss or curated KANJIDIC English fallback.
掛,"[""걸다"",""걸리다"",""매달다"",""들이다""]","[""hang"",""suspend"",""depend"",""arrive at"",""tax"",""pour""]","[""カイ"",""ケイ""]","[""か.ける"",""-か.ける"",""か.け"",""-か.け"",""-が.け"",""か.かる"",""-か.かる"",""-が.かる"",""か.かり"",""-が.かり"",""かかり"",""-がかり""]",手,손 수,64,11,kanjidic2,https://www.edrdg.org/kanjidic/kanjidic2.xml.gz,CC BY-SA 4.0,verified,10,Human-reviewed 2026-08-22: KANJIDIC English + JLPT usage cross-check; semantic-review draft confirmed.
割,"[""나누다"",""깨다""]","[""proportion"",""comparatively"",""divide"",""cut"",""separate"",""split""]","[""カツ""]","[""わ.る"",""わり"",""わ.り"",""わ.れる"",""さ.く""]",刀,칼 도,18,12,kanjidic2,https://www.edrdg.org/kanjidic/kanjidic2.xml.gz,CC BY-SA 4.0,auto,1,Auto draft: KANJIDIC2 readings/radical; Korean meaning draft derived from local Korean word gloss or curated KANJIDIC English fallback.
括,"[""묶다"",""괄호"",""총괄""]","[""fasten"",""tie up"",""arrest"",""constrict""]","[""カツ""]","[""くく.る""]",手,손 수,64,9,kanjidic2,https://www.edrdg.org/kanjidic/kanjidic2.xml.gz,CC BY-SA 4.0,auto,1,Auto draft: KANJIDIC2 readings/radical; Korean meaning draft derived from local Korean word gloss or curated KANJIDIC English fallback.
活,"[""살다"",""활발함""]","[""lively"",""resuscitation"",""being helped"",""living""]","[""カツ""]","[""い.きる"",""い.かす"",""い.ける""]",水,물 수,85,9,kanjidic2,https://www.edrdg.org/kanjidic/kanjidic2.xml.gz,CC BY-SA 4.0,auto,1,Auto draft: KANJIDIC2 readings/radical; Korean meaning draft derived from local Korean word gloss or curated KANJIDIC English fallback.
渇,"[""목마르다""]","[""thirst"",""dry up"",""parch""]","[""カツ""]","[""かわ.く""]",水,물 수,85,11,kanjidic2,https://www.edrdg.org/kanjidic/kanjidic2.xml.gz,CC BY-SA 4.0,auto,1,Auto draft: KANJIDIC2 readings/radical; Korean meaning draft derived from local Korean word gloss or curated KANJIDIC English fallback.
滑,"[""미끄러지다""]","[""slippery"",""slide"",""slip"",""fail exam""]","[""カツ"",""コツ""]","[""すべ.る"",""なめ.らか""]",水,물 수,85,13,kanjidic2,https://www.edrdg.org/kanjidic/kanjidic2.xml.gz,CC BY-SA 4.0,auto,1,Auto draft: KANJIDIC2 readings/radical; Korean meaning draft derived from local Korean word gloss or curated KANJIDIC English fallback.
且,"[""또한"",""게다가""]","[""moreover"",""also"",""furthermore""]","[""ショ"",""ソ"",""ショウ""]","[""か.つ""]",一,한 일,1,5,kanjidic2,https://www.edrdg.org/kanjidic/kanjidic2.xml.gz,CC BY-SA 4.0,verified,10,Human-reviewed 2026-08-22: KANJIDIC English + JLPT usage cross-check; semantic-review draft confirmed.
叶,"[""이루어지다""]","[""grant"",""answer""]","[""キョウ""]","[""かな.える"",""かな.う""]",口,입 구,30,5,kanjidic2,https://www.edrdg.org/kanjidic/kanjidic2.xml.gz,CC BY-SA 4.0,auto,1,Auto draft: KANJIDIC2 readings/radical; Korean meaning draft derived from local Korean word gloss or curated KANJIDIC English fallback.
株,"[""주식"",""그루터기""]","[""stocks"",""stump"",""shares"",""stock"",""counter for small plants""]","[""シュ""]","[""かぶ""]",木,나무 목,75,10,kanjidic2,https://www.edrdg.org/kanjidic/kanjidic2.xml.gz,CC BY-SA 4.0,auto,1,Auto draft: KANJIDIC2 readings/radical; Korean meaning draft derived from local Korean word gloss or curated KANJIDIC English fallback.
釜,"[""가마솥"",""솥""]","[""kettle"",""cauldron"",""iron pot""]","[""フ""]","[""かま""]",金,쇠 금,167,10,kanjidic2,https://www.edrdg.org/kanjidic/kanjidic2.xml.gz,CC BY-SA 4.0,auto,1,Auto draft: KANJIDIC2 readings/radical; Korean meaning draft derived from local Korean word gloss or curated KANJIDIC English fallback.
噛,"[""씹다"",""물다""]","[""chew"",""bite"",""gnaw""]","[""コウ"",""ゴウ""]","[""か.む"",""か.じる""]",口,입 구,30,15,kanjidic2,https://www.edrdg.org/kanjidic/kanjidic2.xml.gz,CC BY-SA 4.0,verified,10,Human-reviewed 2026-08-22: KANJIDIC English + JLPT usage cross-check; semantic-review draft confirmed.
粥,"[""죽""]","[""rice gruel""]","[""イク"",""シュク"",""ジュク""]","[""かゆ"",""かい"",""ひさ.ぐ""]",米,쌀 미,119,12,kanjidic2,https://www.edrdg.org/kanjidic/kanjidic2.xml.gz,CC BY-SA 4.0,auto,1,Auto draft: KANJIDIC2 readings/radical; Korean meaning draft derived from local Korean word gloss or curated KANJIDIC English fallback.
刈,"[""베다"",""깎다"",""수확하다""]","[""reap"",""cut"",""clip"",""trim"",""prune""]","[""ガイ"",""カイ""]","[""か.る""]",刀,칼 도,18,4,kanjidic2,https://www.edrdg.org/kanjidic/kanjidic2.xml.gz,CC BY-SA 4.0,auto,2,Auto draft: KANJIDIC2 readings/radical; Korean meaning draft derived from local Korean word gloss or curated KANJIDIC English fallback.
瓦,"[""기와""]","[""tile"",""gram""]","[""ガ""]","[""かわら"",""ぐらむ""]",瓦,기와 와,98,5,kanjidic2,https://www.edrdg.org/kanjidic/kanjidic2.xml.gz,CC BY-SA 4.0,auto,1,Auto draft: KANJIDIC2 readings/radical; Korean meaning draft derived from local Korean word gloss or curated KANJIDIC English fallback.
乾,"[""마르다"",""건조되다""]","[""drought"",""dry"",""desiccate"",""drink up"",""heaven"",""emperor""]","[""カン"",""ケン""]","[""かわ.く"",""かわ.かす"",""ほ.す"",""ひ.る"",""いぬい""]",乙,새 을,5,11,kanjidic2,https://www.edrdg.org/kanjidic/kanjidic2.xml.gz,CC BY-SA 4.0,auto,1,Auto draft: KANJIDIC2 readings/radical; Korean meaning draft derived from local Korean word gloss or curated KANJIDIC English fallback.
冠,"[""관"",""왕관""]","[""crown"",""best"",""peerless""]","[""カン""]","[""かんむり""]",冖,민갓머리 멱,14,9,kanjidic2,https://www.edrdg.org/kanjidic/kanjidic2.xml.gz,CC BY-SA 4.0,auto,1,Auto draft: KANJIDIC2 readings/radical; Korean meaning draft derived from local Korean word gloss or curated KANJIDIC English fallback.
寒,"[""춥다""]","[""cold""]","[""カン""]","[""さむ.い""]",宀,갓머리 면,40,12,kanjidic2,https://www.edrdg.org/kanjidic/kanjidic2.xml.gz,CC BY-SA 4.0,auto,1,Auto draft: KANJIDIC2 readings/radical; Korean meaning draft derived from local Korean word gloss or curated KANJIDIC English fallback.
刊,"[""간행하다"",""새기다""]","[""publish"",""carve"",""engrave""]","[""カン""]",[],刀,칼 도,18,5,kanjidic2,https://www.edrdg.org/kanjidic/kanjidic2.xml.gz,CC BY-SA 4.0,auto,1,Auto draft: KANJIDIC2 readings/radical; Korean meaning draft derived from local Korean word gloss or curated KANJIDIC English fallback.
勘,"[""감"",""직감""]","[""intuition"",""perception"",""check"",""compare"",""sixth sense""]","[""カン""]",[],力,힘 력,19,11,kanjidic2,https://www.edrdg.org/kanjidic/kanjidic2.xml.gz,CC BY-SA 4.0,auto,1,Auto draft: KANJIDIC2 readings/radical; Korean meaning draft derived from local Korean word gloss or curated KANJIDIC English fallback.
勧,"[""추천""]","[""persuade"",""recommend"",""advise"",""encourage"",""offer""]","[""カン"",""ケン""]","[""すす.める""]",力,힘 력,19,13,kanjidic2,https://www.edrdg.org/kanjidic/kanjidic2.xml.gz,CC BY-SA 4.0,auto,1,Auto draft: KANJIDIC2 readings/radical; Korean meaning draft derived from local Korean word gloss or curated KANJIDIC English fallback.
巻,"[""감다"",""말다"",""소용돌이 모양이 되다""]","[""scroll"",""volume"",""book"",""part"",""roll up"",""wind up"",""tie"",""coil"",""counter for texts (or book scrolls)""]","[""カン"",""ケン""]","[""ま.く"",""まき"",""ま.き""]",己,몸 기,49,9,kanjidic2,https://www.edrdg.org/kanjidic/kanjidic2.xml.gz,CC BY-SA 4.0,auto,1,Auto draft: KANJIDIC2 readings/radical; Korean meaning draft derived from local Korean word gloss or curated KANJIDIC English fallback.
堪,"[""견디다"",""참다""]","[""withstand"",""endure"",""support"",""resist""]","[""カン"",""タン""]","[""た.える"",""たま.る"",""こら.える"",""こた.える""]",土,흙 토,32,12,kanjidic2,https://www.edrdg.org/kanjidic/kanjidic2.xml.gz,CC BY-SA 4.0,auto,2,Auto draft: KANJIDIC2 readings/radical; Korean meaning draft derived from local Korean word gloss or curated KANJIDIC English fallback.
完,"[""완벽""]","[""perfect"",""completion"",""end""]","[""カン""]",[],宀,갓머리 면,40,7,kanjidic2,https://www.edrdg.org/kanjidic/kanjidic2.xml.gz,CC BY-SA 4.0,auto,1,Auto draft: KANJIDIC2 readings/radical; Korean meaning draft derived from local Korean word gloss or curated KANJIDIC English fallback.
官,"[""관청"",""관리""]","[""bureaucrat"",""the government"",""organ""]","[""カン""]",[],宀,갓머리 면,40,8,kanjidic2,https://www.edrdg.org/kanjidic/kanjidic2.xml.gz,CC BY-SA 4.0,auto,1,Auto draft: KANJIDIC2 readings/radical; Korean meaning draft derived from local Korean word gloss or curated KANJIDIC English fallback.
寛,"[""느긋이"",""편하게 쉬다""]","[""tolerant"",""leniency"",""generosity"",""relax"",""feel at home"",""be at ease"",""broadminded""]","[""カン""]","[""くつろ.ぐ"",""ひろ.い"",""ゆる.やか""]",宀,갓머리 면,40,13,kanjidic2,https://www.edrdg.org/kanjidic/kanjidic2.xml.gz,CC BY-SA 4.0,auto,1,Auto draft: KANJIDIC2 readings/radical; Korean meaning draft derived from local Korean word gloss or curated KANJIDIC English fallback.
干,"[""말리다"",""건조시키다"",""널다""]","[""dry"",""parch"",""ebb"",""recede"",""interfere"",""intercede""]","[""カン""]","[""ほ.す"",""ほ.し-"",""-ぼ.し"",""ひ.る""]",干,방패 간,51,3,kanjidic2,https://www.edrdg.org/kanjidic/kanjidic2.xml.gz,CC BY-SA 4.0,auto,1,Auto draft: KANJIDIC2 readings/radical; Korean meaning draft derived from local Korean word gloss or curated KANJIDIC English fallback.
幹,"[""줄기"",""몸통(나무)""]","[""tree trunk"",""main part"",""talent"",""capability""]","[""カン""]","[""みき""]",干,방패 간,51,13,kanjidic2,https://www.edrdg.org/kanjidic/kanjidic2.xml.gz,CC BY-SA 4.0,auto,1,Auto draft: KANJIDIC2 readings/radical; Korean meaning draft derived from local Korean word gloss or curated KANJIDIC English fallback.
患,"[""앓다"",""근심""]","[""afflicted"",""disease"",""suffer from"",""be ill""]","[""カン""]","[""わずら.う""]",心,마음 심,61,11,kanjidic2,https://www.edrdg.org/kanjidic/kanjidic2.xml.gz,CC BY-SA 4.0,auto,1,Auto draft: KANJIDIC2 readings/radical; Korean meaning draft derived from local Korean word gloss or curated KANJIDIC English fallback.
感,"[""느낌"",""인상""]","[""emotion"",""feeling"",""sensation""]","[""カン""]",[],心,마음 심,61,13,kanjidic2,https://www.edrdg.org/kanjidic/kanjidic2.xml.gz,CC BY-SA 4.0,auto,1,Auto draft: KANJIDIC2 readings/radical; Korean meaning draft derived from local Korean word gloss or curated KANJIDIC English fallback.
慣,"[""익숙함"",""버릇""]","[""accustomed"",""get used to"",""become experienced""]","[""カン""]","[""な.れる"",""な.らす""]",心,마음 심,61,14,kanjidic2,https://www.edrdg.org/kanjidic/kanjidic2.xml.gz,CC BY-SA 4.0,auto,1,Auto draft: KANJIDIC2 readings/radical; Korean meaning draft derived from local Korean word gloss or curated KANJIDIC English fallback.
憾,"[""한스럽다"",""유감""]","[""remorse"",""regret"",""be sorry""]","[""カン""]","[""うら.む""]",心,마음 심,61,16,kanjidic2,https://www.edrdg.org/kanjidic/kanjidic2.xml.gz,CC BY-SA 4.0,auto,2,Auto draft: KANJIDIC2 readings/radical; Korean meaning draft derived from local Korean word gloss or curated KANJIDIC English fallback.
換,"[""동등한 것으로 교환하다"",""환전하다""]","[""interchange"",""period"",""change"",""convert"",""replace"",""renew""]","[""カン""]","[""か.える"",""-か.える"",""か.わる""]",手,손 수,64,12,kanjidic2,https://www.edrdg.org/kanjidic/kanjidic2.xml.gz,CC BY-SA 4.0,auto,1,Auto draft: KANJIDIC2 readings/radical; Korean meaning draft derived from local Korean word gloss or curated KANJIDIC English fallback.
敢,"[""감히"",""굳이""]","[""daring"",""brave"",""bold"",""sad"",""tragic"",""pitiful""]","[""カン""]","[""あ.えて"",""あ.えない"",""あ.えず""]",攴,둥글월 문,66,12,kanjidic2,https://www.edrdg.org/kanjidic/kanjidic2.xml.gz,CC BY-SA 4.0,auto,1,Auto draft: KANJIDIC2 readings/radical; Korean meaning draft derived from local Korean word gloss or curated KANJIDIC English fallback.
歓,"[""기쁨"",""환영""]","[""delight"",""joy""]","[""カン""]","[""よろこ.ぶ""]",欠,하품 흠,76,15,kanjidic2,https://www.edrdg.org/kanjidic/kanjidic2.xml.gz,CC BY-SA 4.0,auto,1,Auto draft: KANJIDIC2 readings/radical; Korean meaning draft derived from local Korean word gloss or curated KANJIDIC English fallback.
汗,"[""땀""]","[""sweat"",""perspire""]","[""カン""]","[""あせ""]",水,물 수,85,6,kanjidic2,https://www.edrdg.org/kanjidic/kanjidic2.xml.gz,CC BY-SA 4.0,auto,1,Auto draft: KANJIDIC2 readings/radical; Korean meaning draft derived from local Korean word gloss or curated KANJIDIC English fallback.
漢,"[""중국"",""한자""]","[""Sino-"",""China""]","[""カン""]",[],水,물 수,85,13,kanjidic2,https://www.edrdg.org/kanjidic/kanjidic2.xml.gz,CC BY-SA 4.0,auto,1,Auto draft: KANJIDIC2 readings/radical; Korean meaning draft derived from local Korean word gloss or curated KANJIDIC English fallback.
環,"[""고리"",""둘레""]","[""ring"",""circle"",""loop""]","[""カン""]","[""わ""]",玉,구슬 옥,96,17,kanjidic2,https://www.edrdg.org/kanjidic/kanjidic2.xml.gz,CC BY-SA 4.0,auto,1,Auto draft: KANJIDIC2 readings/radical; Korean meaning draft derived from local Korean word gloss or curated KANJIDIC English fallback.
甘,"[""달다"",""엄하지않다""]","[""sweet"",""coax"",""pamper"",""be content"",""sugary""]","[""カン""]","[""あま.い"",""あま.える"",""あま.やかす"",""うま.い""]",甘,달 감,99,5,kanjidic2,https://www.edrdg.org/kanjidic/kanjidic2.xml.gz,CC BY-SA 4.0,auto,1,Auto draft: KANJIDIC2 readings/radical; Korean meaning draft derived from local Korean word gloss or curated KANJIDIC English fallback.
監,"[""감독하다"",""관청""]","[""oversee"",""official"",""govt office"",""rule"",""administer""]","[""カン""]",[],皿,그릇 명,108,15,kanjidic2,https://www.edrdg.org/kanjidic/kanjidic2.xml.gz,CC BY-SA 4.0,auto,1,Auto draft: KANJIDIC2 readings/radical; Korean meaning draft derived from local Korean word gloss or curated KANJIDIC English fallback.
看,"[""보다"",""돌보다""]","[""watch over"",""see""]","[""カン""]","[""み.る""]",目,눈 목,109,9,kanjidic2,https://www.edrdg.org/kanjidic/kanjidic2.xml.gz,CC BY-SA 4.0,auto,1,Auto draft: KANJIDIC2 readings/radical; Korean meaning draft derived from local Korean word gloss or curated KANJIDIC English fallback.
竿,"[""장대(빨랫대)""]","[""pole"",""rod"",""scale beam"",""violin neck""]","[""カン""]","[""さお""]",竹,대 죽,118,9,kanjidic2,https://www.edrdg.org/kanjidic/kanjidic2.xml.gz,CC BY-SA 4.0,auto,1,Auto draft: KANJIDIC2 readings/radical; Korean meaning draft derived from local Korean word gloss or curated KANJIDIC English fallback.
管,"[""파이프"",""관"",""튜브""]","[""pipe"",""tube"",""wind instrument"",""drunken talk"",""control"",""jurisdiction""]","[""カン""]","[""くだ""]",竹,대 죽,118,14,kanjidic2,https://www.edrdg.org/kanjidic/kanjidic2.xml.gz,CC BY-SA 4.0,auto,1,Auto draft: KANJIDIC2 readings/radical; Korean meaning draft derived from local Korean word gloss or curated KANJIDIC English fallback.
簡,"[""간단함"",""간략함""]","[""simplicity"",""brevity""]","[""カン"",""ケン""]","[""えら.ぶ"",""ふだ""]",竹,대 죽,118,18,kanjidic2,https://www.edrdg.org/kanjidic/kanjidic2.xml.gz,CC BY-SA 4.0,auto,1,Auto draft: KANJIDIC2 readings/radical; Korean meaning draft derived from local Korean word gloss or curated KANJIDIC English fallback.
緩,"[""느슨하다"",""완만하다""]","[""slacken"",""loosen"",""relax"",""lessen"",""be moderate"",""ease""]","[""カン""]","[""ゆる.い"",""ゆる.やか"",""ゆる.む"",""ゆる.める""]",糸,실 사,120,15,kanjidic2,https://www.edrdg.org/kanjidic/kanjidic2.xml.gz,CC BY-SA 4.0,auto,2,Manual format normalization 2026-08-18: 중복 제거 및 표현 정리.
缶,"[""캔"",""깡통""]","[""tin can"",""container"",""jar radical (no. 121)""]","[""カン""]","[""かま""]",缶,장군 부,121,6,kanjidic2,https://www.edrdg.org/kanjidic/kanjidic2.xml.gz,CC BY-SA 4.0,auto,1,Auto draft: KANJIDIC2 readings/radical; Korean meaning draft derived from local Korean word gloss or curated KANJIDIC English fallback.
肝,"[""간"",""담력""]","[""liver"",""pluck"",""nerve"",""chutzpah""]","[""カン""]","[""きも""]",肉,고기 육,130,7,kanjidic2,https://www.edrdg.org/kanjidic/kanjidic2.xml.gz,CC BY-SA 4.0,auto,1,Auto draft: KANJIDIC2 readings/radical; Korean meaning draft derived from local Korean word gloss or curated KANJIDIC English fallback.
艦,"[""군함""]","[""warship""]","[""カン""]",[],舟,배 주,137,21,kanjidic2,https://www.edrdg.org/kanjidic/kanjidic2.xml.gz,CC BY-SA 4.0,auto,1,Auto draft: KANJIDIC2 readings/radical; Korean meaning draft derived from local Korean word gloss or curated KANJIDIC English fallback.
観,"[""보다"",""관점"",""모습""]","[""outlook"",""look"",""appearance"",""condition"",""view""]","[""カン""]","[""み.る"",""しめ.す""]",見,볼 견,147,18,kanjidic2,https://www.edrdg.org/kanjidic/kanjidic2.xml.gz,CC BY-SA 4.0,auto,1,Auto draft: KANJIDIC2 readings/radical; Korean meaning draft derived from local Korean word gloss or curated KANJIDIC English fallback.
貫,"[""관철하다""]","[""pierce"",""8 1/3lbs"",""penetrate"",""brace""]","[""カン""]","[""つらぬ.く"",""ぬ.く"",""ぬき""]",貝,조개 패,154,11,kanjidic2,https://www.edrdg.org/kanjidic/kanjidic2.xml.gz,CC BY-SA 4.0,auto,1,Auto draft: KANJIDIC2 readings/radical; Korean meaning draft derived from local Korean word gloss or curated KANJIDIC English fallback.
還,"[""돌아가다"",""돌려보내다""]","[""send back"",""return""]","[""カン""]","[""かえ.る""]",辵,책받침 착,162,16,kanjidic2,https://www.edrdg.org/kanjidic/kanjidic2.xml.gz,CC BY-SA 4.0,auto,1,Auto draft: KANJIDIC2 readings/radical; Korean meaning draft derived from local Korean word gloss or curated KANJIDIC English fallback.
鑑,"[""거울삼다"",""감정하다""]","[""specimen"",""take warning from"",""learn from""]","[""カン""]","[""かんが.みる"",""かがみ""]",金,쇠 금,167,23,kanjidic2,https://www.edrdg.org/kanjidic/kanjidic2.xml.gz,CC BY-SA 4.0,auto,1,Auto draft: KANJIDIC2 readings/radical; Korean meaning draft derived from local Korean word gloss or curated KANJIDIC English fallback.
間,"[""사이"",""간격""]","[""interval"",""space""]","[""カン"",""ケン""]","[""あいだ"",""ま"",""あい""]",門,문 문,169,12,kanjidic2,https://www.edrdg.org/kanjidic/kanjidic2.xml.gz,CC BY-SA 4.0,auto,1,Auto draft: KANJIDIC2 readings/radical; Korean meaning draft derived from local Korean word gloss or curated KANJIDIC English fallback.
閑,"[""한가하다"",""여가""]","[""leisure""]","[""カン""]",[],門,문 문,169,12,kanjidic2,https://www.edrdg.org/kanjidic/kanjidic2.xml.gz,CC BY-SA 4.0,auto,2,Auto draft: KANJIDIC2 readings/radical; Korean meaning draft derived from local Korean word gloss or curated KANJIDIC English fallback.
関,"[""관련되다"",""관여하다""]","[""connection"",""barrier"",""gateway"",""involve"",""concerning""]","[""カン""]","[""せき"",""-ぜき"",""かか.わる"",""からくり"",""かんぬき""]",門,문 문,169,14,kanjidic2,https://www.edrdg.org/kanjidic/kanjidic2.xml.gz,CC BY-SA 4.0,auto,1,Auto draft: KANJIDIC2 readings/radical; Korean meaning draft derived from local Korean word gloss or curated KANJIDIC English fallback.
陥,"[""나쁜상황에빠지다""]","[""collapse"",""fall into"",""cave in"",""fall (castle)"",""slide into""]","[""カン""]","[""おちい.る"",""おとしい.れる""]",阜,언덕 부,170,10,kanjidic2,https://www.edrdg.org/kanjidic/kanjidic2.xml.gz,CC BY-SA 4.0,auto,1,Auto draft: KANJIDIC2 readings/radical; Korean meaning draft derived from local Korean word gloss or curated KANJIDIC English fallback.
館,"[""건물"",""관""]","[""building"",""mansion"",""large building"",""palace""]","[""カン""]","[""やかた"",""たて""]",食,밥 식,184,16,kanjidic2,https://www.edrdg.org/kanjidic/kanjidic2.xml.gz,CC BY-SA 4.0,auto,1,Auto draft: KANJIDIC2 readings/radical; Korean meaning draft derived from local Korean word gloss or curated KANJIDIC English fallback.
丸,"[""동그라미"",""원""]","[""round"",""full (month)"",""perfection"",""-ship"",""pills"",""make round"",""roll up"",""curl up"",""seduce"",""explain away""]","[""ガン""]","[""まる"",""まる.める"",""まる.い""]",丶,점 주,3,3,kanjidic2,https://www.edrdg.org/kanjidic/kanjidic2.xml.gz,CC BY-SA 4.0,auto,1,Auto draft: KANJIDIC2 readings/radical; Korean meaning draft derived from local Korean word gloss or curated KANJIDIC English fallback.
含,"[""포함하다""]","[""contain"",""include"",""hold in the mouth"",""bear in mind"",""understand"",""cherish""]","[""ガン""]","[""ふく.む"",""ふく.める""]",口,입 구,30,7,kanjidic2,https://www.edrdg.org/kanjidic/kanjidic2.xml.gz,CC BY-SA 4.0,auto,1,Auto draft: KANJIDIC2 readings/radical; Korean meaning draft derived from local Korean word gloss or curated KANJIDIC English fallback.
岸,"[""기슭"",""물가"",""해안""]","[""beach""]","[""ガン""]","[""きし""]",山,뫼 산,46,8,kanjidic2,https://www.edrdg.org/kanjidic/kanjidic2.xml.gz,CC BY-SA 4.0,auto,1,Auto draft: KANJIDIC2 readings/radical; Korean meaning draft derived from local Korean word gloss or curated KANJIDIC English fallback.
玩,"[""즐기다"",""희롱하다""]","[""play"",""take pleasure in"",""trifle with"",""make sport of""]","[""ガン""]","[""もちあそ.ぶ"",""もてあそ.ぶ""]",玉,구슬 옥,96,8,kanjidic2,https://www.edrdg.org/kanjidic/kanjidic2.xml.gz,CC BY-SA 4.0,auto,2,Auto draft: KANJIDIC2 readings/radical; Korean meaning draft derived from local Korean word gloss or curated KANJIDIC English fallback.
癌,"[""암""]","[""cancer"",""cancerous evil""]","[""ガン""]",[],疒,병질안 역,104,17,kanjidic2,https://www.edrdg.org/kanjidic/kanjidic2.xml.gz,CC BY-SA 4.0,auto,1,Auto draft: KANJIDIC2 readings/radical; Korean meaning draft derived from local Korean word gloss or curated KANJIDIC English fallback.
眼,"[""눈"",""안목""]","[""eyeball""]","[""ガン"",""ゲン""]","[""まなこ"",""め""]",目,눈 목,109,11,kanjidic2,https://www.edrdg.org/kanjidic/kanjidic2.xml.gz,CC BY-SA 4.0,auto,1,Auto draft: KANJIDIC2 readings/radical; Korean meaning draft derived from local Korean word gloss or curated KANJIDIC English fallback.
岩,"[""바위""]","[""boulder"",""rock"",""cliff""]","[""ガン""]","[""いわ""]",山,뫼 산,46,8,kanjidic2,https://www.edrdg.org/kanjidic/kanjidic2.xml.gz,CC BY-SA 4.0,auto,1,Auto draft: KANJIDIC2 readings/radical; Korean meaning draft derived from local Korean word gloss or curated KANJIDIC English fallback.
頑,"[""완고하다"",""고집스럽다""]","[""stubborn"",""foolish"",""firmly""]","[""ガン""]","[""かたく.な""]",頁,머리 혈,181,13,kanjidic2,https://www.edrdg.org/kanjidic/kanjidic2.xml.gz,CC BY-SA 4.0,auto,1,Auto draft: KANJIDIC2 readings/radical; Korean meaning draft derived from local Korean word gloss or curated KANJIDIC English fallback.
顔,"[""얼굴""]","[""face"",""expression""]","[""ガン""]","[""かお""]",頁,머리 혈,181,18,kanjidic2,https://www.edrdg.org/kanjidic/kanjidic2.xml.gz,CC BY-SA 4.0,auto,1,Auto draft: KANJIDIC2 readings/radical; Korean meaning draft derived from local Korean word gloss or curated KANJIDIC English fallback.
願,"[""바라다"",""원하다""]","[""petition"",""request"",""vow"",""wish"",""hope""]","[""ガン""]","[""ねが.う"",""-ねがい""]",頁,머리 혈,181,19,kanjidic2,https://www.edrdg.org/kanjidic/kanjidic2.xml.gz,CC BY-SA 4.0,auto,1,Auto draft: KANJIDIC2 readings/radical; Korean meaning draft derived from local Korean word gloss or curated KANJIDIC English fallback.
企,"[""꾀하다"",""계획하다""]","[""undertake"",""scheme"",""design"",""attempt"",""plan""]","[""キ""]","[""くわだ.てる"",""たくら.む""]",人,사람 인,9,6,kanjidic2,https://www.edrdg.org/kanjidic/kanjidic2.xml.gz,CC BY-SA 4.0,auto,1,Auto draft: KANJIDIC2 readings/radical; Korean meaning draft derived from local Korean word gloss or curated KANJIDIC English fallback.
危,"[""위험하다""]","[""dangerous"",""fear"",""uneasy""]","[""キ""]","[""あぶ.ない"",""あや.うい"",""あや.ぶむ""]",卩,병부 절,26,6,kanjidic2,https://www.edrdg.org/kanjidic/kanjidic2.xml.gz,CC BY-SA 4.0,auto,1,Auto draft: KANJIDIC2 readings/radical; Korean meaning draft derived from local Korean word gloss or curated KANJIDIC English fallback.
喜,"[""기뻐하다""]","[""rejoice"",""take pleasure in""]","[""キ""]","[""よろこ.ぶ"",""よろこ.ばす""]",口,입 구,30,12,kanjidic2,https://www.edrdg.org/kanjidic/kanjidic2.xml.gz,CC BY-SA 4.0,auto,1,Auto draft: KANJIDIC2 readings/radical; Korean meaning draft derived from local Korean word gloss or curated KANJIDIC English fallback.
器,"[""그릇""]","[""utensil"",""vessel"",""receptacle"",""implement"",""instrument"",""ability"",""container"",""tool"",""set""]","[""キ""]","[""うつわ""]",口,입 구,30,15,kanjidic2,https://www.edrdg.org/kanjidic/kanjidic2.xml.gz,CC BY-SA 4.0,auto,1,Auto draft: KANJIDIC2 readings/radical; Korean meaning draft derived from local Korean word gloss or curated KANJIDIC English fallback.
基,"[""기초"",""근거""]","[""fundamentals"",""radical (chem)"",""counter for machines"",""foundation""]","[""キ""]","[""もと"",""もとい""]",土,흙 토,32,11,kanjidic2,https://www.edrdg.org/kanjidic/kanjidic2.xml.gz,CC BY-SA 4.0,auto,1,Auto draft: KANJIDIC2 readings/radical; Korean meaning draft derived from local Korean word gloss or curated KANJIDIC English fallback.
奇,"[""기이하다"",""이상함""]","[""strange"",""strangeness"",""curiosity""]","[""キ""]","[""く.しき"",""あや.しい"",""くし"",""めずら.しい""]",大,큰 대,37,8,kanjidic2,https://www.edrdg.org/kanjidic/kanjidic2.xml.gz,CC BY-SA 4.0,auto,2,Auto draft: KANJIDIC2 readings/radical; Korean meaning draft derived from local Korean word gloss or curated KANJIDIC English fallback.
寄,"[""들르다""]","[""draw near"",""stop in"",""bring near"",""gather"",""collect"",""send"",""forward""]","[""キ""]","[""よ.る"",""-よ.り"",""よ.せる""]",宀,갓머리 면,40,11,kanjidic2,https://www.edrdg.org/kanjidic/kanjidic2.xml.gz,CC BY-SA 4.0,auto,1,Auto draft: KANJIDIC2 readings/radical; Korean meaning draft derived from local Korean word gloss or curated KANJIDIC English fallback.
岐,"[""갈림길"",""갈라지다""]","[""branch off"",""fork in road"",""scene"",""arena"",""theater""]","[""キ"",""ギ""]",[],山,뫼 산,46,7,kanjidic2,https://www.edrdg.org/kanjidic/kanjidic2.xml.gz,CC BY-SA 4.0,auto,2,Auto draft: KANJIDIC2 readings/radical; Korean meaning draft derived from local Korean word gloss or curated KANJIDIC English fallback.
希,"[""바라다"",""드물다""]","[""hope"",""beg"",""request"",""pray"",""beseech"",""Greece"",""dilute (acid)"",""rare"",""few"",""phenomenal""]","[""キ"",""ケ""]","[""まれ"",""こいねが.う""]",巾,수건 건,50,7,kanjidic2,https://www.edrdg.org/kanjidic/kanjidic2.xml.gz,CC BY-SA 4.0,auto,1,Auto draft: KANJIDIC2 readings/radical; Korean meaning draft derived from local Korean word gloss or curated KANJIDIC English fallback.
幾,"[""몇 개쯤"",""조금""]","[""how many"",""how much"",""how far"",""how long"",""some"",""several""]","[""キ""]","[""いく-"",""いく.つ"",""いく.ら""]",幺,작을 요,52,12,kanjidic2,https://www.edrdg.org/kanjidic/kanjidic2.xml.gz,CC BY-SA 4.0,auto,1,Auto draft: KANJIDIC2 readings/radical; Korean meaning draft derived from local Korean word gloss or curated KANJIDIC English fallback.
揮,"[""휘두르다"",""발휘하다""]","[""brandish"",""wave"",""wag"",""swing"",""shake""]","[""キ""]","[""ふる.う""]",手,손 수,64,12,kanjidic2,https://www.edrdg.org/kanjidic/kanjidic2.xml.gz,CC BY-SA 4.0,auto,1,Auto draft: KANJIDIC2 readings/radical; Korean meaning draft derived from local Korean word gloss or curated KANJIDIC English fallback.
机,"[""책상""]","[""desk"",""table""]","[""キ""]","[""つくえ""]",木,나무 목,75,6,kanjidic2,https://www.edrdg.org/kanjidic/kanjidic2.xml.gz,CC BY-SA 4.0,auto,1,Auto draft: KANJIDIC2 readings/radical; Korean meaning draft derived from local Korean word gloss or curated KANJIDIC English fallback.
旗,"[""깃발""]","[""flag"",""banner"",""standard""]","[""キ""]","[""はた""]",方,모 방,70,14,kanjidic2,https://www.edrdg.org/kanjidic/kanjidic2.xml.gz,CC BY-SA 4.0,verified,10,Human-reviewed 2026-08-22: KANJIDIC English + JLPT usage cross-check; semantic-review draft confirmed.
既,"[""이미(같은 로서)""]","[""previously"",""already"",""long ago""]","[""キ""]","[""すで.に""]",无,이미기 무,71,10,kanjidic2,https://www.edrdg.org/kanjidic/kanjidic2.xml.gz,CC BY-SA 4.0,auto,1,Auto draft: KANJIDIC2 readings/radical; Korean meaning draft derived from local Korean word gloss or curated KANJIDIC English fallback.
期,"[""기간"",""시기""]","[""period"",""time"",""date"",""term""]","[""キ"",""ゴ""]",[],月,달 월,74,12,kanjidic2,https://www.edrdg.org/kanjidic/kanjidic2.xml.gz,CC BY-SA 4.0,auto,1,Auto draft: KANJIDIC2 readings/radical; Korean meaning draft derived from local Korean word gloss or curated KANJIDIC English fallback.
棋,"[""장기"",""바둑돌""]","[""chess piece"",""Japanese chess"",""shogi""]","[""キ""]","[""ご""]",木,나무 목,75,12,kanjidic2,https://www.edrdg.org/kanjidic/kanjidic2.xml.gz,CC BY-SA 4.0,auto,1,Auto draft: KANJIDIC2 readings/radical; Korean meaning draft derived from local Korean word gloss or curated KANJIDIC English fallback.
棄,"[""버리다"",""포기하다""]","[""abandon"",""throw away"",""discard"",""resign"",""reject"",""sacrifice""]","[""キ""]","[""す.てる""]",木,나무 목,75,13,kanjidic2,https://www.edrdg.org/kanjidic/kanjidic2.xml.gz,CC BY-SA 4.0,auto,1,Auto draft: KANJIDIC2 readings/radical; Korean meaning draft derived from local Korean word gloss or curated KANJIDIC English fallback.
機,"[""기계"",""기회"",""기능""]","[""loom"",""mechanism"",""machine"",""airplane"",""opportunity"",""potency"",""efficacy"",""occasion""]","[""キ""]","[""はた""]",木,나무 목,75,16,kanjidic2,https://www.edrdg.org/kanjidic/kanjidic2.xml.gz,CC BY-SA 4.0,auto,1,Auto draft: KANJIDIC2 readings/radical; Korean meaning draft derived from local Korean word gloss or curated KANJIDIC English fallback.
帰,"[""돌아가(오)다""]","[""homecoming"",""arrive at"",""lead to"",""result in""]","[""キ""]","[""かえ.る"",""かえ.す"",""おく.る"",""とつ.ぐ""]",巾,수건 건,50,10,kanjidic2,https://www.edrdg.org/kanjidic/kanjidic2.xml.gz,CC BY-SA 4.0,auto,1,Auto draft: KANJIDIC2 readings/radical; Korean meaning draft derived from local Korean word gloss or curated KANJIDIC English fallback.
気,"[""정신"",""기운"",""기분""]","[""spirit"",""mind"",""air"",""atmosphere"",""mood""]","[""キ"",""ケ""]","[""いき"",""き""]",气,기운 기,84,6,kanjidic2,https://www.edrdg.org/kanjidic/kanjidic2.xml.gz,CC BY-SA 4.0,auto,1,Auto draft: KANJIDIC2 readings/radical; Korean meaning draft derived from local Korean word gloss or curated KANJIDIC English fallback.
汽,"[""증기""]","[""vapor"",""steam""]","[""キ""]",[],水,물 수,85,7,kanjidic2,https://www.edrdg.org/kanjidic/kanjidic2.xml.gz,CC BY-SA 4.0,auto,1,Auto draft: KANJIDIC2 readings/radical; Korean meaning draft derived from local Korean word gloss or curated KANJIDIC English fallback.
祈,"[""빌다"",""기원하다""]","[""pray"",""wish""]","[""キ""]","[""いの.る""]",示,보일 시,113,8,kanjidic2,https://www.edrdg.org/kanjidic/kanjidic2.xml.gz,CC BY-SA 4.0,auto,1,Auto draft: KANJIDIC2 readings/radical; Korean meaning draft derived from local Korean word gloss or curated KANJIDIC English fallback.
季,"[""계절""]","[""seasons""]","[""キ""]",[],子,아들 자,39,8,kanjidic2,https://www.edrdg.org/kanjidic/kanjidic2.xml.gz,CC BY-SA 4.0,auto,1,Auto draft: KANJIDIC2 readings/radical; Korean meaning draft derived from local Korean word gloss or curated KANJIDIC English fallback.
稀,"[""드문"",""좀처럼 ~않다""]","[""rare"",""phenomenal"",""dilute (acid)""]","[""キ"",""ケ""]","[""まれ"",""まばら""]",禾,벼 화,115,12,kanjidic2,https://www.edrdg.org/kanjidic/kanjidic2.xml.gz,CC BY-SA 4.0,auto,1,Auto draft: KANJIDIC2 readings/radical; Korean meaning draft derived from local Korean word gloss or curated KANJIDIC English fallback.
紀,"[""기록"",""역사""]","[""chronicle"",""account"",""narrative"",""history"",""annals"",""geologic period""]","[""キ""]",[],糸,실 사,120,9,kanjidic2,https://www.edrdg.org/kanjidic/kanjidic2.xml.gz,CC BY-SA 4.0,auto,1,Auto draft: KANJIDIC2 readings/radical; Korean meaning draft derived from local Korean word gloss or curated KANJIDIC English fallback.
規,"[""규칙"",""기준""]","[""standard"",""measure""]","[""キ""]",[],見,볼 견,147,11,kanjidic2,https://www.edrdg.org/kanjidic/kanjidic2.xml.gz,CC BY-SA 4.0,auto,1,Auto draft: KANJIDIC2 readings/radical; Korean meaning draft derived from local Korean word gloss or curated KANJIDIC English fallback.
記,"[""메모"",""주석"",""쓰다 아래로""]","[""scribe"",""account"",""narrative""]","[""キ""]","[""しる.す""]",言,말씀 언,149,10,kanjidic2,https://www.edrdg.org/kanjidic/kanjidic2.xml.gz,CC BY-SA 4.0,auto,1,Auto draft: KANJIDIC2 readings/radical; Korean meaning draft derived from local Korean word gloss or curated KANJIDIC English fallback.
貴,"[""귀중한"",""고귀한""]","[""precious"",""value"",""prize"",""esteem"",""honor""]","[""キ""]","[""たっと.い"",""とうと.い"",""たっと.ぶ"",""とうと.ぶ""]",貝,조개 패,154,12,kanjidic2,https://www.edrdg.org/kanjidic/kanjidic2.xml.gz,CC BY-SA 4.0,auto,1,Auto draft: KANJIDIC2 readings/radical; Korean meaning draft derived from local Korean word gloss or curated KANJIDIC English fallback.
起,"[""일어나다""]","[""rouse"",""wake up"",""get up""]","[""キ""]","[""お.きる"",""お.こる"",""お.こす"",""おこ.す"",""た.つ""]",走,달아날 주,156,10,kanjidic2,https://www.edrdg.org/kanjidic/kanjidic2.xml.gz,CC BY-SA 4.0,auto,1,Auto draft: KANJIDIC2 readings/radical; Korean meaning draft derived from local Korean word gloss or curated KANJIDIC English fallback.
軌,"[""궤도"",""본보기""]","[""rut"",""wheel"",""track"",""model"",""way of doing""]","[""キ""]",[],車,수레 거,159,9,kanjidic2,https://www.edrdg.org/kanjidic/kanjidic2.xml.gz,CC BY-SA 4.0,auto,1,Auto draft: KANJIDIC2 readings/radical; Korean meaning draft derived from local Korean word gloss or curated KANJIDIC English fallback.
輝,"[""빛나다"",""반짝이다""]","[""radiance"",""shine"",""sparkle"",""gleam"",""twinkle""]","[""キ""]","[""かがや.く""]",車,수레 거,159,15,kanjidic2,https://www.edrdg.org/kanjidic/kanjidic2.xml.gz,CC BY-SA 4.0,verified,10,Human-reviewed 2026-08-22: KANJIDIC English + JLPT usage cross-check; semantic-review draft confirmed.
飢,"[""굶주리다""]","[""hungry"",""starve""]","[""キ""]","[""う.える""]",食,밥 식,184,10,kanjidic2,https://www.edrdg.org/kanjidic/kanjidic2.xml.gz,CC BY-SA 4.0,auto,1,Auto draft: KANJIDIC2 readings/radical; Korean meaning draft derived from local Korean word gloss or curated KANJIDIC English fallback.
鬼,"[""도깨비"",""악귀"",""술래""]","[""ghost"",""devil""]","[""キ""]","[""おに"",""おに-""]",鬼,귀신 귀,194,10,kanjidic2,https://www.edrdg.org/kanjidic/kanjidic2.xml.gz,CC BY-SA 4.0,auto,1,Auto draft: KANJIDIC2 readings/radical; Korean meaning draft derived from local Korean word gloss or curated KANJIDIC English fallback.
偽,"[""허위""]","[""falsehood"",""lie"",""deceive"",""pretend"",""counterfeit"",""forgery""]","[""ギ"",""カ""]","[""いつわ.る"",""にせ"",""いつわ.り""]",人,사람 인,9,11,kanjidic2,https://www.edrdg.org/kanjidic/kanjidic2.xml.gz,CC BY-SA 4.0,auto,1,Auto draft: KANJIDIC2 readings/radical; Korean meaning draft derived from local Korean word gloss or curated KANJIDIC English fallback.
儀,"[""의식"",""예법""]","[""ceremony"",""rule"",""affair"",""case"",""a matter""]","[""ギ""]",[],人,사람 인,9,15,kanjidic2,https://www.edrdg.org/kanjidic/kanjidic2.xml.gz,CC BY-SA 4.0,auto,1,Auto draft: KANJIDIC2 readings/radical; Korean meaning draft derived from local Korean word gloss or curated KANJIDIC English fallback.
宜,"[""좋다"",""마땅하다""]","[""best regards"",""good""]","[""ギ""]","[""よろ.しい"",""よろ.しく""]",宀,갓머리 면,40,8,kanjidic2,https://www.edrdg.org/kanjidic/kanjidic2.xml.gz,CC BY-SA 4.0,auto,1,Auto draft: KANJIDIC2 readings/radical; Korean meaning draft derived from local Korean word gloss or curated KANJIDIC English fallback.
技,"[""기술"",""재주""]","[""skill"",""art"",""craft"",""ability"",""feat"",""performance"",""vocation"",""arts""]","[""ギ""]","[""わざ""]",手,손 수,64,7,kanjidic2,https://www.edrdg.org/kanjidic/kanjidic2.xml.gz,CC BY-SA 4.0,auto,1,Auto draft: KANJIDIC2 readings/radical; Korean meaning draft derived from local Korean word gloss or curated KANJIDIC English fallback.
欺,"[""속이다""]","[""deceit"",""cheat"",""delude""]","[""ギ""]","[""あざむ.く""]",欠,하품 흠,76,12,kanjidic2,https://www.edrdg.org/kanjidic/kanjidic2.xml.gz,CC BY-SA 4.0,auto,1,Auto draft: KANJIDIC2 readings/radical; Korean meaning draft derived from local Korean word gloss or curated KANJIDIC English fallback.
犠,"[""희생""]","[""sacrifice""]","[""ギ"",""キ""]","[""いけにえ""]",牛,소 우,93,17,kanjidic2,https://www.edrdg.org/kanjidic/kanjidic2.xml.gz,CC BY-SA 4.0,auto,1,Auto draft: KANJIDIC2 readings/radical; Korean meaning draft derived from local Korean word gloss or curated KANJIDIC English fallback.
疑,"[""의심하다""]","[""doubt"",""distrust"",""be suspicious"",""question""]","[""ギ""]","[""うたが.う""]",疋,필 필,103,14,kanjidic2,https://www.edrdg.org/kanjidic/kanjidic2.xml.gz,CC BY-SA 4.0,auto,1,Auto draft: KANJIDIC2 readings/radical; Korean meaning draft derived from local Korean word gloss or curated KANJIDIC English fallback.
義,"[""의리"",""정의"",""뜻""]","[""righteousness"",""justice"",""morality"",""honor"",""loyalty"",""meaning""]","[""ギ""]",[],羊,양 양,123,13,kanjidic2,https://www.edrdg.org/kanjidic/kanjidic2.xml.gz,CC BY-SA 4.0,auto,1,Auto draft: KANJIDIC2 readings/radical; Korean meaning draft derived from local Korean word gloss or curated KANJIDIC English fallback.
議,"[""의논"",""토론""]","[""deliberation"",""consultation"",""debate"",""consideration""]","[""ギ""]",[],言,말씀 언,149,20,kanjidic2,https://www.edrdg.org/kanjidic/kanjidic2.xml.gz,CC BY-SA 4.0,auto,1,Auto draft: KANJIDIC2 readings/radical; Korean meaning draft derived from local Korean word gloss or curated KANJIDIC English fallback.
掬,"[""(액체 등을)뜨다""]","[""scoop up water with the hand""]","[""キク"",""コク""]","[""きく.す"",""むす.ぶ"",""すく.う"",""たなごころ""]",手,손 수,64,11,kanjidic2,https://www.edrdg.org/kanjidic/kanjidic2.xml.gz,CC BY-SA 4.0,auto,2,Auto draft: KANJIDIC2 readings/radical; Korean meaning draft derived from local Korean word gloss or curated KANJIDIC English fallback.
吉,"[""길함"",""행운""]","[""good luck"",""joy"",""congratulations""]","[""キチ"",""キツ""]","[""よし""]",口,입 구,30,6,kanjidic2,https://www.edrdg.org/kanjidic/kanjidic2.xml.gz,CC BY-SA 4.0,auto,2,Auto draft: KANJIDIC2 readings/radical; Korean meaning draft derived from local Korean word gloss or curated KANJIDIC English fallback.
喫,"[""먹다"",""마시다"",""피우다""]","[""consume"",""eat"",""drink"",""smoke"",""receive (a blow)""]","[""キツ""]","[""の.む""]",口,입 구,30,12,kanjidic2,https://www.edrdg.org/kanjidic/kanjidic2.xml.gz,CC BY-SA 4.0,auto,1,Auto draft: KANJIDIC2 readings/radical; Korean meaning draft derived from local Korean word gloss or curated KANJIDIC English fallback.
詰,"[""채우다"",""막히다"",""추궁하다""]","[""packed"",""close"",""pressed"",""reprove"",""rebuke"",""blame""]","[""キツ"",""キチ""]","[""つ.める"",""つ.め"",""-づ.め"",""つ.まる"",""つ.む""]",言,말씀 언,149,13,kanjidic2,https://www.edrdg.org/kanjidic/kanjidic2.xml.gz,CC BY-SA 4.0,verified,2,Manual 2026-08-18: 漢字ペディア의 채우다·막히다·추궁하다 의미와 활성 단어 8개를 대조함.
却,"[""오히려""]","[""instead"",""on the contrary"",""rather"",""step back"",""withdraw"",""retreat""]","[""キャク""]","[""かえ.って"",""しりぞ.く"",""しりぞ.ける""]",卩,병부 절,26,7,kanjidic2,https://www.edrdg.org/kanjidic/kanjidic2.xml.gz,CC BY-SA 4.0,auto,1,Auto draft: KANJIDIC2 readings/radical; Korean meaning draft derived from local Korean word gloss or curated KANJIDIC English fallback.
客,"[""손님"",""고객""]","[""guest"",""visitor"",""customer"",""client""]","[""キャク"",""カク""]",[],宀,갓머리 면,40,9,kanjidic2,https://www.edrdg.org/kanjidic/kanjidic2.xml.gz,CC BY-SA 4.0,auto,1,Auto draft: KANJIDIC2 readings/radical; Korean meaning draft derived from local Korean word gloss or curated KANJIDIC English fallback.
脚,"[""다리"",""기초""]","[""skids"",""leg"",""undercarriage"",""lower part"",""base""]","[""キャク"",""キャ"",""カク""]","[""あし""]",肉,고기 육,130,11,kanjidic2,https://www.edrdg.org/kanjidic/kanjidic2.xml.gz,CC BY-SA 4.0,auto,1,Auto draft: KANJIDIC2 readings/radical; Korean meaning draft derived from local Korean word gloss or curated KANJIDIC English fallback.
逆,"[""반대"",""거꾸로임""]","[""inverted"",""reverse"",""opposite"",""wicked""]","[""ギャク"",""ゲキ""]","[""さか"",""さか.さ"",""さか.らう""]",辵,책받침 착,162,9,kanjidic2,https://www.edrdg.org/kanjidic/kanjidic2.xml.gz,CC BY-SA 4.0,auto,1,Auto draft: KANJIDIC2 readings/radical; Korean meaning draft derived from local Korean word gloss or curated KANJIDIC English fallback.
丘,"[""언덕"",""높이""]","[""hill"",""knoll""]","[""キュウ""]","[""おか""]",一,한 일,1,5,kanjidic2,https://www.edrdg.org/kanjidic/kanjidic2.xml.gz,CC BY-SA 4.0,auto,1,Auto draft: KANJIDIC2 readings/radical; Korean meaning draft derived from local Korean word gloss or curated KANJIDIC English fallback.
久,"[""오래됨"",""오랜 시간""]","[""long time"",""old story""]","[""キュウ"",""ク""]","[""ひさ.しい""]",丿,삐침 별,4,3,kanjidic2,https://www.edrdg.org/kanjidic/kanjidic2.xml.gz,CC BY-SA 4.0,auto,1,Auto draft: KANJIDIC2 readings/radical; Korean meaning draft derived from local Korean word gloss or curated KANJIDIC English fallback.
休,"[""쉬다""]","[""rest"",""day off"",""retire"",""sleep""]","[""キュウ""]","[""やす.む"",""やす.まる"",""やす.める""]",人,사람 인,9,6,kanjidic2,https://www.edrdg.org/kanjidic/kanjidic2.xml.gz,CC BY-SA 4.0,auto,1,Auto draft: KANJIDIC2 readings/radical; Korean meaning draft derived from local Korean word gloss or curated KANJIDIC English fallback.
及,"[""및"",""그리고""]","[""reach out"",""exert"",""exercise"",""cause""]","[""キュウ""]","[""およ.ぶ"",""およ.び"",""および"",""およ.ぼす""]",又,또 우,29,3,kanjidic2,https://www.edrdg.org/kanjidic/kanjidic2.xml.gz,CC BY-SA 4.0,auto,1,Auto draft: KANJIDIC2 readings/radical; Korean meaning draft derived from local Korean word gloss or curated KANJIDIC English fallback.
吸,"[""(담배를) 피우다""]","[""suck"",""imbibe"",""inhale"",""sip""]","[""キュウ""]","[""す.う""]",口,입 구,30,6,kanjidic2,https://www.edrdg.org/kanjidic/kanjidic2.xml.gz,CC BY-SA 4.0,auto,1,Auto draft: KANJIDIC2 readings/radical; Korean meaning draft derived from local Korean word gloss or curated KANJIDIC English fallback.
宮,"[""신사""]","[""Shinto shrine"",""constellations"",""palace"",""princess""]","[""キュウ"",""グウ"",""ク"",""クウ""]","[""みや""]",宀,갓머리 면,40,10,kanjidic2,https://www.edrdg.org/kanjidic/kanjidic2.xml.gz,CC BY-SA 4.0,auto,1,Auto draft: KANJIDIC2 readings/radical; Korean meaning draft derived from local Korean word gloss or curated KANJIDIC English fallback.
弓,"[""활""]","[""bow"",""bow (archery, violin)""]","[""キュウ""]","[""ゆみ""]",弓,활 궁,57,3,kanjidic2,https://www.edrdg.org/kanjidic/kanjidic2.xml.gz,CC BY-SA 4.0,auto,1,Auto draft: KANJIDIC2 readings/radical; Korean meaning draft derived from local Korean word gloss or curated KANJIDIC English fallback.
急,"[""갑자기""]","[""hurry"",""emergency"",""sudden"",""steep""]","[""キュウ""]","[""いそ.ぐ"",""いそ.ぎ"",""せ.く""]",心,마음 심,61,9,kanjidic2,https://www.edrdg.org/kanjidic/kanjidic2.xml.gz,CC BY-SA 4.0,auto,1,Auto draft: KANJIDIC2 readings/radical; Korean meaning draft derived from local Korean word gloss or curated KANJIDIC English fallback.
救,"[""구하다"",""구조하다""]","[""salvation"",""save"",""help"",""rescue"",""reclaim""]","[""キュウ""]","[""すく.う""]",攴,둥글월 문,66,11,kanjidic2,https://www.edrdg.org/kanjidic/kanjidic2.xml.gz,CC BY-SA 4.0,auto,1,Auto draft: KANJIDIC2 readings/radical; Korean meaning draft derived from local Korean word gloss or curated KANJIDIC English fallback.
朽,"[""썩다""]","[""decay"",""rot"",""remain in seclusion""]","[""キュウ""]","[""く.ちる""]",木,나무 목,75,6,kanjidic2,https://www.edrdg.org/kanjidic/kanjidic2.xml.gz,CC BY-SA 4.0,auto,1,Auto draft: KANJIDIC2 readings/radical; Korean meaning draft derived from local Korean word gloss or curated KANJIDIC English fallback.
求,"[""구하다"",""요구하다"",""바라다""]","[""request"",""want"",""wish for"",""require"",""demand""]","[""キュウ"",""グ""]","[""もと.める""]",水,물 수,85,7,kanjidic2,https://www.edrdg.org/kanjidic/kanjidic2.xml.gz,CC BY-SA 4.0,verified,10,Human-reviewed 2026-08-22: KANJIDIC English + JLPT usage cross-check; semantic-review draft confirmed.
泣,"[""울다""]","[""cry"",""weep"",""moan""]","[""キュウ""]","[""な.く""]",水,물 수,85,8,kanjidic2,https://www.edrdg.org/kanjidic/kanjidic2.xml.gz,CC BY-SA 4.0,auto,1,Auto draft: KANJIDIC2 readings/radical; Korean meaning draft derived from local Korean word gloss or curated KANJIDIC English fallback.
球,"[""공"",""구체""]","[""ball"",""sphere""]","[""キュウ""]","[""たま""]",玉,구슬 옥,96,11,kanjidic2,https://www.edrdg.org/kanjidic/kanjidic2.xml.gz,CC BY-SA 4.0,auto,1,Auto draft: KANJIDIC2 readings/radical; Korean meaning draft derived from local Korean word gloss or curated KANJIDIC English fallback.
究,"[""연구하다"",""궁구하다""]","[""research"",""study""]","[""キュウ"",""ク""]","[""きわ.める""]",穴,구멍 혈,116,7,kanjidic2,https://www.edrdg.org/kanjidic/kanjidic2.xml.gz,CC BY-SA 4.0,auto,1,Auto draft: KANJIDIC2 readings/radical; Korean meaning draft derived from local Korean word gloss or curated KANJIDIC English fallback.
窮,"[""궁하다"",""막히다""]","[""hard up"",""destitute"",""suffer"",""perplexed"",""cornered""]","[""キュウ"",""キョウ""]","[""きわ.める"",""きわ.まる"",""きわ.まり"",""きわ.み""]",穴,구멍 혈,116,15,kanjidic2,https://www.edrdg.org/kanjidic/kanjidic2.xml.gz,CC BY-SA 4.0,auto,1,Auto draft: KANJIDIC2 readings/radical; Korean meaning draft derived from local Korean word gloss or curated KANJIDIC English fallback.
級,"[""급"",""등급"",""학년""]","[""class"",""rank"",""grade""]","[""キュウ""]",[],糸,실 사,120,9,kanjidic2,https://www.edrdg.org/kanjidic/kanjidic2.xml.gz,CC BY-SA 4.0,auto,1,Auto draft: KANJIDIC2 readings/radical; Korean meaning draft derived from local Korean word gloss or curated KANJIDIC English fallback.
給,"[""받다"",""허가하다"",""주다""]","[""salary"",""wage"",""gift"",""allow"",""grant"",""bestow on""]","[""キュウ""]","[""たま.う"",""たも.う"",""-たま.え""]",糸,실 사,120,12,kanjidic2,https://www.edrdg.org/kanjidic/kanjidic2.xml.gz,CC BY-SA 4.0,auto,1,Auto draft: KANJIDIC2 readings/radical; Korean meaning draft derived from local Korean word gloss or curated KANJIDIC English fallback.
旧,"[""전-"",""구-""]","[""old times"",""old things"",""old friend"",""former"",""ex-""]","[""キュウ""]","[""ふる.い"",""もと""]",日,날 일,72,5,kanjidic2,https://www.edrdg.org/kanjidic/kanjidic2.xml.gz,CC BY-SA 4.0,auto,1,Auto draft: KANJIDIC2 readings/radical; Korean meaning draft derived from local Korean word gloss or curated KANJIDIC English fallback.
牛,"[""소""]","[""cow""]","[""ギュウ""]","[""うし""]",牛,소 우,93,4,kanjidic2,https://www.edrdg.org/kanjidic/kanjidic2.xml.gz,CC BY-SA 4.0,auto,1,Auto draft: KANJIDIC2 readings/radical; Korean meaning draft derived from local Korean word gloss or curated KANJIDIC English fallback.
去,"[""떠나다"",""때가 지나가다"",""경과하다""]","[""gone"",""past"",""quit"",""leave"",""elapse"",""eliminate"",""divorce""]","[""キョ"",""コ""]","[""さ.る"",""-さ.る""]",厶,사사 사,28,5,kanjidic2,https://www.edrdg.org/kanjidic/kanjidic2.xml.gz,CC BY-SA 4.0,auto,1,Auto draft: KANJIDIC2 readings/radical; Korean meaning draft derived from local Korean word gloss or curated KANJIDIC English fallback.
居,"[""있다""]","[""reside"",""to be"",""exist"",""live with""]","[""キョ"",""コ""]","[""い.る"",""-い"",""お.る""]",尸,주검 시,44,8,kanjidic2,https://www.edrdg.org/kanjidic/kanjidic2.xml.gz,CC BY-SA 4.0,auto,1,Auto draft: KANJIDIC2 readings/radical; Korean meaning draft derived from local Korean word gloss or curated KANJIDIC English fallback.
巨,"[""크다"",""거대함""]","[""gigantic"",""big"",""large"",""great""]","[""キョ""]",[],工,장인 공,48,5,kanjidic2,https://www.edrdg.org/kanjidic/kanjidic2.xml.gz,CC BY-SA 4.0,auto,1,Auto draft: KANJIDIC2 readings/radical; Korean meaning draft derived from local Korean word gloss or curated KANJIDIC English fallback.
拒,"[""거부하다"",""저지하다""]","[""repel"",""refuse"",""reject"",""decline""]","[""キョ"",""ゴ""]","[""こば.む""]",手,손 수,64,8,kanjidic2,https://www.edrdg.org/kanjidic/kanjidic2.xml.gz,CC BY-SA 4.0,auto,1,Auto draft: KANJIDIC2 readings/radical; Korean meaning draft derived from local Korean word gloss or curated KANJIDIC English fallback.
拠,"[""근거"",""의거하다""]","[""foothold"",""based on"",""follow"",""therefore""]","[""キョ"",""コ""]","[""よ.る""]",手,손 수,64,8,kanjidic2,https://www.edrdg.org/kanjidic/kanjidic2.xml.gz,CC BY-SA 4.0,auto,1,Auto draft: KANJIDIC2 readings/radical; Korean meaning draft derived from local Korean word gloss or curated KANJIDIC English fallback.
挙,"[""팔을 쳐들다"",""거행하다""]","[""raise"",""plan"",""project"",""behavior"",""actions""]","[""キョ""]","[""あ.げる"",""あ.がる"",""こぞ.る""]",手,손 수,64,10,kanjidic2,https://www.edrdg.org/kanjidic/kanjidic2.xml.gz,CC BY-SA 4.0,auto,1,Auto draft: KANJIDIC2 readings/radical; Korean meaning draft derived from local Korean word gloss or curated KANJIDIC English fallback.
虚,"[""비다"",""허위""]","[""void"",""emptiness"",""unpreparedness"",""crack"",""fissure"",""untruth""]","[""キョ"",""コ""]","[""むな.しい"",""うつ.ろ""]",虍,범 호,141,11,kanjidic2,https://www.edrdg.org/kanjidic/kanjidic2.xml.gz,CC BY-SA 4.0,auto,1,Auto draft: KANJIDIC2 readings/radical; Korean meaning draft derived from local Korean word gloss or curated KANJIDIC English fallback.
許,"[""허락하다"",""용서하다""]","[""permit"",""approve""]","[""キョ""]","[""ゆる.す"",""もと""]",言,말씀 언,149,11,kanjidic2,https://www.edrdg.org/kanjidic/kanjidic2.xml.gz,CC BY-SA 4.0,auto,1,Auto draft: KANJIDIC2 readings/radical; Korean meaning draft derived from local Korean word gloss or curated KANJIDIC English fallback.
距,"[""거리"",""떨어지다""]","[""long-distance"",""spur"",""fetlock""]","[""キョ""]","[""へだ.たる"",""けづめ""]",足,발 족,157,12,kanjidic2,https://www.edrdg.org/kanjidic/kanjidic2.xml.gz,CC BY-SA 4.0,auto,2,Auto draft: KANJIDIC2 readings/radical; Korean meaning draft derived from local Korean word gloss or curated KANJIDIC English fallback.
漁,"[""고기잡이"",""어업""]","[""fishing"",""fishery""]","[""ギョ"",""リョウ""]","[""あさ.る""]",水,물 수,85,14,kanjidic2,https://www.edrdg.org/kanjidic/kanjidic2.xml.gz,CC BY-SA 4.0,auto,1,Auto draft: KANJIDIC2 readings/radical; Korean meaning draft derived from local Korean word gloss or curated KANJIDIC English fallback.
魚,"[""생선"",""물고기""]","[""fish""]","[""ギョ""]","[""うお"",""さかな"",""-ざかな""]",魚,고기 어,195,11,kanjidic2,https://www.edrdg.org/kanjidic/kanjidic2.xml.gz,CC BY-SA 4.0,auto,1,Auto draft: KANJIDIC2 readings/radical; Korean meaning draft derived from local Korean word gloss or curated KANJIDIC English fallback.
享,"[""누리다"",""받다""]","[""enjoy"",""receive"",""undergo"",""answer (phone)"",""take"",""get"",""catch""]","[""キョウ"",""コウ""]","[""う.ける""]",亠,돼지해머리 두,8,8,kanjidic2,https://www.edrdg.org/kanjidic/kanjidic2.xml.gz,CC BY-SA 4.0,auto,2,Auto draft: KANJIDIC2 readings/radical; Korean meaning draft derived from local Korean word gloss or curated KANJIDIC English fallback.
供,"[""수행"",""동행""]","[""submit"",""offer"",""present"",""serve (meal)"",""accompany""]","[""キョウ"",""ク"",""クウ"",""グ""]","[""そな.える"",""とも"",""-ども""]",人,사람 인,9,8,kanjidic2,https://www.edrdg.org/kanjidic/kanjidic2.xml.gz,CC BY-SA 4.0,auto,1,Auto draft: KANJIDIC2 readings/radical; Korean meaning draft derived from local Korean word gloss or curated KANJIDIC English fallback.
競,"[""경쟁하다""]","[""emulate"",""compete with"",""bid"",""sell at auction"",""bout"",""contest"",""race""]","[""キョウ"",""ケイ""]","[""きそ.う"",""せ.る"",""くら.べる""]",立,설 립,117,20,kanjidic2,https://www.edrdg.org/kanjidic/kanjidic2.xml.gz,CC BY-SA 4.0,auto,1,Auto draft: KANJIDIC2 readings/radical; Korean meaning draft derived from local Korean word gloss or curated KANJIDIC English fallback.
共,"[""함께"",""공동""]","[""together"",""both"",""neither"",""all"",""and"",""alike"",""with""]","[""キョウ""]","[""とも"",""とも.に"",""-ども""]",八,여덟 팔,12,6,kanjidic2,https://www.edrdg.org/kanjidic/kanjidic2.xml.gz,CC BY-SA 4.0,auto,1,Auto draft: KANJIDIC2 readings/radical; Korean meaning draft derived from local Korean word gloss or curated KANJIDIC English fallback.
協,"[""협력""]","[""co-"",""cooperation""]","[""キョウ""]",[],十,열 십,24,8,kanjidic2,https://www.edrdg.org/kanjidic/kanjidic2.xml.gz,CC BY-SA 4.0,auto,1,Auto draft: KANJIDIC2 readings/radical; Korean meaning draft derived from local Korean word gloss or curated KANJIDIC English fallback.
叫,"[""외치다""]","[""shout"",""exclaim"",""yell""]","[""キョウ""]","[""さけ.ぶ""]",口,입 구,30,6,kanjidic2,https://www.edrdg.org/kanjidic/kanjidic2.xml.gz,CC BY-SA 4.0,auto,1,Auto draft: KANJIDIC2 readings/radical; Korean meaning draft derived from local Korean word gloss or curated KANJIDIC English fallback.
境,"[""경계"",""갈림길""]","[""boundary"",""border"",""region""]","[""キョウ"",""ケイ""]","[""さかい""]",土,흙 토,32,14,kanjidic2,https://www.edrdg.org/kanjidic/kanjidic2.xml.gz,CC BY-SA 4.0,auto,1,Auto draft: KANJIDIC2 readings/radical; Korean meaning draft derived from local Korean word gloss or curated KANJIDIC English fallback.
峡,"[""협곡""]","[""gorge"",""ravine""]","[""キョウ"",""コウ""]","[""はざま""]",山,뫼 산,46,9,kanjidic2,https://www.edrdg.org/kanjidic/kanjidic2.xml.gz,CC BY-SA 4.0,auto,1,Auto draft: KANJIDIC2 readings/radical; Korean meaning draft derived from local Korean word gloss or curated KANJIDIC English fallback.
強,"[""강하다"",""세다""]","[""strong""]","[""キョウ"",""ゴウ""]","[""つよ.い"",""つよ.まる"",""つよ.める"",""し.いる"",""こわ.い""]",弓,활 궁,57,11,kanjidic2,https://www.edrdg.org/kanjidic/kanjidic2.xml.gz,CC BY-SA 4.0,auto,1,Auto draft: KANJIDIC2 readings/radical; Korean meaning draft derived from local Korean word gloss or curated KANJIDIC English fallback.
怯,"[""겁먹다"",""두려워하다"",""겁을 내다""]","[""cowardice"",""wince"",""flinch"",""hesitate"",""waver""]","[""キョウ"",""コウ""]","[""ひる.む"",""おびえ.る"",""おじる"",""おび.える"",""おそ.れる""]",心,마음 심,61,8,kanjidic2,https://www.edrdg.org/kanjidic/kanjidic2.xml.gz,CC BY-SA 4.0,auto,1,Auto draft: KANJIDIC2 readings/radical; Korean meaning draft derived from local Korean word gloss or curated KANJIDIC English fallback.
恐,"[""두려움""]","[""fear"",""dread"",""awe""]","[""キョウ""]","[""おそ.れる"",""おそ.る"",""おそ.ろしい"",""こわ.い"",""こわ.がる""]",心,마음 심,61,10,kanjidic2,https://www.edrdg.org/kanjidic/kanjidic2.xml.gz,CC BY-SA 4.0,auto,1,Auto draft: KANJIDIC2 readings/radical; Korean meaning draft derived from local Korean word gloss or curated KANJIDIC English fallback.
挟,"[""잡다"",""들다 사이"",""삽입하다""]","[""pinch"",""between""]","[""キョウ"",""ショウ""]","[""はさ.む"",""はさ.まる"",""わきばさ.む"",""さしはさ.む""]",手,손 수,64,9,kanjidic2,https://www.edrdg.org/kanjidic/kanjidic2.xml.gz,CC BY-SA 4.0,auto,1,Auto draft: KANJIDIC2 readings/radical; Korean meaning draft derived from local Korean word gloss or curated KANJIDIC English fallback.
教,"[""가르침""]","[""teach"",""faith"",""doctrine""]","[""キョウ""]","[""おし.える"",""おそ.わる""]",攴,둥글월 문,66,11,kanjidic2,https://www.edrdg.org/kanjidic/kanjidic2.xml.gz,CC BY-SA 4.0,auto,1,Auto draft: KANJIDIC2 readings/radical; Korean meaning draft derived from local Korean word gloss or curated KANJIDIC English fallback.
橋,"[""다리"",""교량""]","[""bridge""]","[""キョウ""]","[""はし""]",木,나무 목,75,16,kanjidic2,https://www.edrdg.org/kanjidic/kanjidic2.xml.gz,CC BY-SA 4.0,auto,1,Auto draft: KANJIDIC2 readings/radical; Korean meaning draft derived from local Korean word gloss or curated KANJIDIC English fallback.
況,"[""상황"",""형편""]","[""condition"",""situation""]","[""キョウ""]","[""まし.て"",""いわ.んや"",""おもむき""]",水,물 수,85,8,kanjidic2,https://www.edrdg.org/kanjidic/kanjidic2.xml.gz,CC BY-SA 4.0,auto,1,Auto draft: KANJIDIC2 readings/radical; Korean meaning draft derived from local Korean word gloss or curated KANJIDIC English fallback.
狂,"[""미치다"",""어긋나다""]","[""lunatic"",""insane"",""crazy"",""confuse""]","[""キョウ""]","[""くる.う"",""くる.おしい"",""くるお.しい""]",犬,개 견,94,7,kanjidic2,https://www.edrdg.org/kanjidic/kanjidic2.xml.gz,CC BY-SA 4.0,auto,1,Auto draft: KANJIDIC2 readings/radical; Korean meaning draft derived from local Korean word gloss or curated KANJIDIC English fallback.
狭,"[""좁히다""]","[""cramped"",""narrow"",""contract"",""tight""]","[""キョウ"",""コウ""]","[""せま.い"",""せば.める"",""せば.まる"",""さ""]",犬,개 견,94,9,kanjidic2,https://www.edrdg.org/kanjidic/kanjidic2.xml.gz,CC BY-SA 4.0,auto,2,Auto draft: KANJIDIC2 readings/radical; Korean meaning draft derived from local Korean word gloss or curated KANJIDIC English fallback.
胸,"[""가슴""]","[""bosom"",""breast"",""chest"",""heart"",""feelings""]","[""キョウ""]","[""むね"",""むな-""]",肉,고기 육,130,10,kanjidic2,https://www.edrdg.org/kanjidic/kanjidic2.xml.gz,CC BY-SA 4.0,auto,1,Auto draft: KANJIDIC2 readings/radical; Korean meaning draft derived from local Korean word gloss or curated KANJIDIC English fallback.
脅,"[""위협하다""]","[""threaten"",""coerce""]","[""キョウ""]","[""おびや.かす"",""おど.す"",""おど.かす""]",肉,고기 육,130,10,kanjidic2,https://www.edrdg.org/kanjidic/kanjidic2.xml.gz,CC BY-SA 4.0,auto,1,Auto draft: KANJIDIC2 readings/radical; Korean meaning draft derived from local Korean word gloss or curated KANJIDIC English fallback.
興,"[""즐기다"",""흥겨워하다""]","[""entertain"",""revive"",""retrieve"",""interest"",""pleasure""]","[""コウ"",""キョウ""]","[""おこ.る"",""おこ.す""]",臼,절구 구,134,16,kanjidic2,https://www.edrdg.org/kanjidic/kanjidic2.xml.gz,CC BY-SA 4.0,auto,1,Auto draft: KANJIDIC2 readings/radical; Korean meaning draft derived from local Korean word gloss or curated KANJIDIC English fallback.
郷,"[""고향"",""마을""]","[""home town"",""village"",""native place"",""district""]","[""キョウ"",""ゴウ""]","[""さと""]",邑,고을 읍,163,11,kanjidic2,https://www.edrdg.org/kanjidic/kanjidic2.xml.gz,CC BY-SA 4.0,auto,1,Auto draft: KANJIDIC2 readings/radical; Korean meaning draft derived from local Korean word gloss or curated KANJIDIC English fallback.
鏡,"[""거울""]","[""mirror"",""speculum"",""barrel-head"",""round rice-cake offering""]","[""キョウ"",""ケイ""]","[""かがみ""]",金,쇠 금,167,19,kanjidic2,https://www.edrdg.org/kanjidic/kanjidic2.xml.gz,CC BY-SA 4.0,auto,1,Auto draft: KANJIDIC2 readings/radical; Korean meaning draft derived from local Korean word gloss or curated KANJIDIC English fallback.
響,"[""울림"",""여운""]","[""echo"",""sound"",""resound"",""ring"",""vibrate""]","[""キョウ""]","[""ひび.く""]",音,소리 음,180,20,kanjidic2,https://www.edrdg.org/kanjidic/kanjidic2.xml.gz,CC BY-SA 4.0,auto,1,Auto draft: KANJIDIC2 readings/radical; Korean meaning draft derived from local Korean word gloss or curated KANJIDIC English fallback.
驚,"[""놀라다""]","[""wonder"",""be surprised"",""frightened"",""amazed""]","[""キョウ""]","[""おどろ.く"",""おどろ.かす""]",馬,말 마,187,22,kanjidic2,https://www.edrdg.org/kanjidic/kanjidic2.xml.gz,CC BY-SA 4.0,auto,1,Auto draft: KANJIDIC2 readings/radical; Korean meaning draft derived from local Korean word gloss or curated KANJIDIC English fallback.
仰,"[""우러러보다"",""청하다""]","[""face-up"",""look up"",""depend"",""seek"",""respect"",""revere"",""drink"",""take""]","[""ギョウ"",""コウ""]","[""あお.ぐ"",""おお.せ"",""お.っしゃる"",""おっしゃ.る""]",人,사람 인,9,6,kanjidic2,https://www.edrdg.org/kanjidic/kanjidic2.xml.gz,CC BY-SA 4.0,auto,1,Auto draft: KANJIDIC2 readings/radical; Korean meaning draft derived from local Korean word gloss or curated KANJIDIC English fallback.
凝,"[""굳어지다""]","[""congeal"",""freeze"",""stiff"",""be absorbed in""]","[""ギョウ""]","[""こ.る"",""こ.らす"",""こご.らす"",""こご.らせる"",""こご.る""]",冫,이 수,15,16,kanjidic2,https://www.edrdg.org/kanjidic/kanjidic2.xml.gz,CC BY-SA 4.0,auto,1,Auto draft: KANJIDIC2 readings/radical; Korean meaning draft derived from local Korean word gloss or curated KANJIDIC English fallback.
業,"[""일"",""직업"",""업적""]","[""business"",""vocation"",""arts"",""performance""]","[""ギョウ"",""ゴウ""]","[""わざ""]",木,나무 목,75,13,kanjidic2,https://www.edrdg.org/kanjidic/kanjidic2.xml.gz,CC BY-SA 4.0,auto,1,Auto draft: KANJIDIC2 readings/radical; Korean meaning draft derived from local Korean word gloss or curated KANJIDIC English fallback.
局,"[""(방송)국"",""부서""]","[""bureau"",""board"",""office"",""affair"",""conclusion"",""court lady"",""lady-in-waiting"",""her apartment""]","[""キョク""]","[""つぼね""]",尸,주검 시,44,7,kanjidic2,https://www.edrdg.org/kanjidic/kanjidic2.xml.gz,CC BY-SA 4.0,auto,1,Auto draft: KANJIDIC2 readings/radical; Korean meaning draft derived from local Korean word gloss or curated KANJIDIC English fallback.
曲,"[""돌다"",""(방향을) 틀다""]","[""bend"",""music"",""melody"",""composition"",""pleasure"",""injustice"",""fault"",""curve"",""crooked"",""perverse"",""lean""]","[""キョク""]","[""ま.がる"",""ま.げる"",""くま""]",曰,가로 왈,73,6,kanjidic2,https://www.edrdg.org/kanjidic/kanjidic2.xml.gz,CC BY-SA 4.0,auto,1,Auto draft: KANJIDIC2 readings/radical; Korean meaning draft derived from local Korean word gloss or curated KANJIDIC English fallback.
極,"[""꽤"",""상당히"",""매우""]","[""extreme"",""pole"",""extremely"",""very"",""highly"",""most"",""end"",""settlement"",""conclusion"",""highest rank""]","[""キョク"",""ゴク""]","[""きわ.める"",""きわ.まる"",""きわ.まり"",""きわ.み"",""き.める"",""-ぎ.め"",""き.まる""]",木,나무 목,75,12,kanjidic2,https://www.edrdg.org/kanjidic/kanjidic2.xml.gz,CC BY-SA 4.0,auto,1,Auto draft: KANJIDIC2 readings/radical; Korean meaning draft derived from local Korean word gloss or curated KANJIDIC English fallback.
玉,"[""구슬"",""공""]","[""jewel"",""ball""]","[""ギョク""]","[""たま"",""たま-"",""-だま""]",玉,구슬 옥,96,5,kanjidic2,https://www.edrdg.org/kanjidic/kanjidic2.xml.gz,CC BY-SA 4.0,auto,1,Auto draft: KANJIDIC2 readings/radical; Korean meaning draft derived from local Korean word gloss or curated KANJIDIC English fallback.
僅,"[""약간"",""겨우""]","[""a wee bit""]","[""キン"",""ゴン""]","[""わず.か""]",人,사람 인,9,12,kanjidic2,https://www.edrdg.org/kanjidic/kanjidic2.xml.gz,CC BY-SA 4.0,verified,10,Human-reviewed 2026-08-22: KANJIDIC English + JLPT usage cross-check; semantic-review draft confirmed.
勤,"[""근무""]","[""diligence"",""become employed"",""serve""]","[""キン"",""ゴン""]","[""つと.める"",""-づと.め"",""つと.まる"",""いそ.しむ""]",力,힘 력,19,12,kanjidic2,https://www.edrdg.org/kanjidic/kanjidic2.xml.gz,CC BY-SA 4.0,auto,1,Auto draft: KANJIDIC2 readings/radical; Korean meaning draft derived from local Korean word gloss or curated KANJIDIC English fallback.
均,"[""고르다"",""평균""]","[""level"",""average""]","[""キン""]","[""なら.す""]",土,흙 토,32,7,kanjidic2,https://www.edrdg.org/kanjidic/kanjidic2.xml.gz,CC BY-SA 4.0,auto,1,Auto draft: KANJIDIC2 readings/radical; Korean meaning draft derived from local Korean word gloss or curated KANJIDIC English fallback.
巾,"[""수건"",""폭""]","[""towel"",""hanging scroll"",""width"",""cloth radical (no. 50)""]","[""キン"",""フク""]","[""おお.い"",""ちきり"",""きれ""]",巾,수건 건,50,3,kanjidic2,https://www.edrdg.org/kanjidic/kanjidic2.xml.gz,CC BY-SA 4.0,auto,1,Auto draft: KANJIDIC2 readings/radical; Korean meaning draft derived from local Korean word gloss or curated KANJIDIC English fallback.
琴,"[""고토(일본 현악기)""]","[""harp"",""koto""]","[""キン"",""ゴン""]","[""こと""]",玉,구슬 옥,96,12,kanjidic2,https://www.edrdg.org/kanjidic/kanjidic2.xml.gz,CC BY-SA 4.0,auto,1,Auto draft: KANJIDIC2 readings/radical; Korean meaning draft derived from local Korean word gloss or curated KANJIDIC English fallback.
禁,"[""금하다"",""금지하다""]","[""prohibition"",""ban"",""forbid""]","[""キン""]",[],示,보일 시,113,13,kanjidic2,https://www.edrdg.org/kanjidic/kanjidic2.xml.gz,CC BY-SA 4.0,auto,1,Auto draft: KANJIDIC2 readings/radical; Korean meaning draft derived from local Korean word gloss or curated KANJIDIC English fallback.
筋,"[""근육"",""줄거리"",""선""]","[""muscle"",""sinew"",""tendon"",""fiber"",""plot"",""plan"",""descent""]","[""キン""]","[""すじ""]",竹,대 죽,118,12,kanjidic2,https://www.edrdg.org/kanjidic/kanjidic2.xml.gz,CC BY-SA 4.0,auto,1,Auto draft: KANJIDIC2 readings/radical; Korean meaning draft derived from local Korean word gloss or curated KANJIDIC English fallback.
緊,"[""긴장"",""단단함""]","[""tense"",""solid"",""hard"",""reliable"",""tight""]","[""キン""]","[""し.める"",""し.まる""]",糸,실 사,120,15,kanjidic2,https://www.edrdg.org/kanjidic/kanjidic2.xml.gz,CC BY-SA 4.0,auto,1,Auto draft: KANJIDIC2 readings/radical; Korean meaning draft derived from local Korean word gloss or curated KANJIDIC English fallback.
菌,"[""균""]","[""germ"",""fungus"",""bacteria""]","[""キン""]",[],艸,풀 초,140,11,kanjidic2,https://www.edrdg.org/kanjidic/kanjidic2.xml.gz,CC BY-SA 4.0,auto,1,Auto draft: KANJIDIC2 readings/radical; Korean meaning draft derived from local Korean word gloss or curated KANJIDIC English fallback.
襟,"[""옷깃"",""칼라""]","[""collar"",""neck"",""lapel"",""one's inner feelings""]","[""キン""]","[""えり""]",衣,옷 의,145,18,kanjidic2,https://www.edrdg.org/kanjidic/kanjidic2.xml.gz,CC BY-SA 4.0,auto,1,Auto draft: KANJIDIC2 readings/radical; Korean meaning draft derived from local Korean word gloss or curated KANJIDIC English fallback.
近,"[""가깝다""]","[""near"",""early"",""akin"",""tantamount""]","[""キン"",""コン""]","[""ちか.い""]",辵,책받침 착,162,7,kanjidic2,https://www.edrdg.org/kanjidic/kanjidic2.xml.gz,CC BY-SA 4.0,auto,1,Auto draft: KANJIDIC2 readings/radical; Korean meaning draft derived from local Korean word gloss or curated KANJIDIC English fallback.
金,"[""돈"",""금속""]","[""gold""]","[""キン"",""コン"",""ゴン""]","[""かね"",""かな-"",""-がね""]",金,쇠 금,167,8,kanjidic2,https://www.edrdg.org/kanjidic/kanjidic2.xml.gz,CC BY-SA 4.0,auto,1,Auto draft: KANJIDIC2 readings/radical; Korean meaning draft derived from local Korean word gloss or curated KANJIDIC English fallback.
吟,"[""읊다"",""음미하다""]","[""versify"",""singing"",""recital""]","[""ギン""]",[],口,입 구,30,7,kanjidic2,https://www.edrdg.org/kanjidic/kanjidic2.xml.gz,CC BY-SA 4.0,auto,1,Auto draft: KANJIDIC2 readings/radical; Korean meaning draft derived from local Korean word gloss or curated KANJIDIC English fallback.
銀,"[""은""]","[""silver""]","[""ギン""]","[""しろがね""]",金,쇠 금,167,14,kanjidic2,https://www.edrdg.org/kanjidic/kanjidic2.xml.gz,CC BY-SA 4.0,auto,1,Auto draft: KANJIDIC2 readings/radical; Korean meaning draft derived from local Korean word gloss or curated KANJIDIC English fallback.
句,"[""구"",""표현""]","[""phrase"",""clause"",""sentence"",""passage"",""paragraph"",""counter for haiku""]","[""ク""]",[],口,입 구,30,5,kanjidic2,https://www.edrdg.org/kanjidic/kanjidic2.xml.gz,CC BY-SA 4.0,auto,1,Auto draft: KANJIDIC2 readings/radical; Korean meaning draft derived from local Korean word gloss or curated KANJIDIC English fallback.
区,"[""구역"",""구""]","[""ward"",""district""]","[""ク"",""オウ"",""コウ""]",[],匸,감출 혜,23,4,kanjidic2,https://www.edrdg.org/kanjidic/kanjidic2.xml.gz,CC BY-SA 4.0,auto,1,Auto draft: KANJIDIC2 readings/radical; Korean meaning draft derived from local Korean word gloss or curated KANJIDIC English fallback.
苦,"[""고생"",""괴로움""]","[""suffering"",""trial"",""worry"",""hardship"",""feel bitter"",""scowl""]","[""ク""]","[""くる.しい"",""-ぐる.しい"",""くる.しむ"",""くる.しめる"",""にが.い"",""にが.る""]",艸,풀 초,140,8,kanjidic2,https://www.edrdg.org/kanjidic/kanjidic2.xml.gz,CC BY-SA 4.0,auto,1,Auto draft: KANJIDIC2 readings/radical; Korean meaning draft derived from local Korean word gloss or curated KANJIDIC English fallback.
駆,"[""전속력으로달리다"",""뛰다""]","[""drive"",""run"",""gallop"",""advance"",""inspire"",""impel""]","[""ク""]","[""か.ける"",""か.る""]",馬,말 마,187,14,kanjidic2,https://www.edrdg.org/kanjidic/kanjidic2.xml.gz,CC BY-SA 4.0,auto,1,Auto draft: KANJIDIC2 readings/radical; Korean meaning draft derived from local Korean word gloss or curated KANJIDIC English fallback.
具,"[""갖추어지다""]","[""tool"",""utensil"",""means"",""possess"",""ingredients"",""counter for armor, suits, sets of furniture""]","[""グ""]","[""そな.える"",""つぶさ.に""]",八,여덟 팔,12,8,kanjidic2,https://www.edrdg.org/kanjidic/kanjidic2.xml.gz,CC BY-SA 4.0,auto,1,Auto draft: KANJIDIC2 readings/radical; Korean meaning draft derived from local Korean word gloss or curated KANJIDIC English fallback.
愚,"[""어리석은""]","[""foolish"",""folly"",""absurdity"",""stupid""]","[""グ""]","[""おろ.か""]",心,마음 심,61,13,kanjidic2,https://www.edrdg.org/kanjidic/kanjidic2.xml.gz,CC BY-SA 4.0,auto,1,Auto draft: KANJIDIC2 readings/radical; Korean meaning draft derived from local Korean word gloss or curated KANJIDIC English fallback.
空,"[""하늘""]","[""empty"",""sky"",""void"",""vacant"",""vacuum""]","[""クウ""]","[""そら"",""あ.く"",""あ.き"",""あ.ける"",""から"",""す.く"",""す.かす"",""むな.しい""]",穴,구멍 혈,116,8,kanjidic2,https://www.edrdg.org/kanjidic/kanjidic2.xml.gz,CC BY-SA 4.0,auto,1,Auto draft: KANJIDIC2 readings/radical; Korean meaning draft derived from local Korean word gloss or curated KANJIDIC English fallback.
偶,"[""우연히""]","[""accidentally"",""even number"",""couple"",""man & wife"",""same kind""]","[""グウ""]","[""たま""]",人,사람 인,9,11,kanjidic2,https://www.edrdg.org/kanjidic/kanjidic2.xml.gz,CC BY-SA 4.0,auto,1,Auto draft: KANJIDIC2 readings/radical; Korean meaning draft derived from local Korean word gloss or curated KANJIDIC English fallback.
遇,"[""만나다"",""대우하다""]","[""meet"",""encounter"",""interview"",""treat"",""entertain"",""receive"",""deal with""]","[""グウ""]","[""あ.う""]",辵,책받침 착,162,12,kanjidic2,https://www.edrdg.org/kanjidic/kanjidic2.xml.gz,CC BY-SA 4.0,auto,1,Auto draft: KANJIDIC2 readings/radical; Korean meaning draft derived from local Korean word gloss or curated KANJIDIC English fallback.
隅,"[""모서리"",""구석""]","[""corner"",""nook""]","[""グウ""]","[""すみ""]",阜,언덕 부,170,12,kanjidic2,https://www.edrdg.org/kanjidic/kanjidic2.xml.gz,CC BY-SA 4.0,auto,1,Auto draft: KANJIDIC2 readings/radical; Korean meaning draft derived from local Korean word gloss or curated KANJIDIC English fallback.
櫛,"[""빗""]","[""comb""]","[""シツ""]","[""くし"",""くしけず.る""]",木,나무 목,75,17,kanjidic2,https://www.edrdg.org/kanjidic/kanjidic2.xml.gz,CC BY-SA 4.0,auto,1,Auto draft: KANJIDIC2 readings/radical; Korean meaning draft derived from local Korean word gloss or curated KANJIDIC English fallback.
屑,"[""부스러기"",""쓰레기""]","[""rubbish"",""junk"",""trash"",""waste"",""scraps""]","[""セツ""]","[""くず"",""いさぎよ.い""]",尸,주검 시,44,10,kanjidic2,https://www.edrdg.org/kanjidic/kanjidic2.xml.gz,CC BY-SA 4.0,auto,1,Auto draft: KANJIDIC2 readings/radical; Korean meaning draft derived from local Korean word gloss or curated KANJIDIC English fallback.
屈,"[""굽히다"",""굴복하다""]","[""yield"",""bend"",""flinch"",""submit""]","[""クツ""]","[""かが.む"",""かが.める""]",尸,주검 시,44,8,kanjidic2,https://www.edrdg.org/kanjidic/kanjidic2.xml.gz,CC BY-SA 4.0,auto,1,Auto draft: KANJIDIC2 readings/radical; Korean meaning draft derived from local Korean word gloss or curated KANJIDIC English fallback.
掘,"[""파다"",""굴착하다""]","[""dig"",""delve"",""excavate""]","[""クツ""]","[""ほ.る""]",手,손 수,64,11,kanjidic2,https://www.edrdg.org/kanjidic/kanjidic2.xml.gz,CC BY-SA 4.0,auto,1,Auto draft: KANJIDIC2 readings/radical; Korean meaning draft derived from local Korean word gloss or curated KANJIDIC English fallback.
靴,"[""신발""]","[""shoes""]","[""カ""]","[""くつ""]",革,가죽 혁,177,13,kanjidic2,https://www.edrdg.org/kanjidic/kanjidic2.xml.gz,CC BY-SA 4.0,auto,2,Auto draft: KANJIDIC2 readings/radical; Korean meaning draft derived from local Korean word gloss or curated KANJIDIC English fallback.
隈,"[""구석구석까지"",""샅샅이""]","[""corner"",""nook"",""recess""]","[""ワイ"",""エ""]","[""くま"",""すみ""]",阜,언덕 부,170,12,kanjidic2,https://www.edrdg.org/kanjidic/kanjidic2.xml.gz,CC BY-SA 4.0,auto,2,Auto draft: KANJIDIC2 readings/radical; Korean meaning draft derived from local Korean word gloss or curated KANJIDIC English fallback.
繰,"[""감다"",""넘기다""]","[""winding"",""reel"",""spin"",""turn (pages)"",""look up"",""refer to""]","[""ソウ""]","[""く.る""]",糸,실 사,120,19,kanjidic2,https://www.edrdg.org/kanjidic/kanjidic2.xml.gz,CC BY-SA 4.0,auto,1,Auto draft: KANJIDIC2 readings/radical; Korean meaning draft derived from local Korean word gloss or curated KANJIDIC English fallback.
君,"[""너"",""자네""]","[""mister"",""you"",""ruler"",""male name suffix""]","[""クン""]","[""きみ"",""-ぎみ""]",口,입 구,30,7,kanjidic2,https://www.edrdg.org/kanjidic/kanjidic2.xml.gz,CC BY-SA 4.0,auto,1,Auto draft: KANJIDIC2 readings/radical; Korean meaning draft derived from local Korean word gloss or curated KANJIDIC English fallback.
訓,"[""훈독""]","[""instruction"",""Japanese character reading"",""explanation"",""read""]","[""クン"",""キン""]","[""おし.える"",""よ.む"",""くん.ずる""]",言,말씀 언,149,10,kanjidic2,https://www.edrdg.org/kanjidic/kanjidic2.xml.gz,CC BY-SA 4.0,auto,1,Auto draft: KANJIDIC2 readings/radical; Korean meaning draft derived from local Korean word gloss or curated KANJIDIC English fallback.
群,"[""무리"",""떼""]","[""flock"",""group"",""crowd"",""herd"",""swarm"",""cluster""]","[""グン""]","[""む.れる"",""む.れ"",""むら"",""むら.がる""]",羊,양 양,123,13,kanjidic2,https://www.edrdg.org/kanjidic/kanjidic2.xml.gz,CC BY-SA 4.0,auto,1,Auto draft: KANJIDIC2 readings/radical; Korean meaning draft derived from local Korean word gloss or curated KANJIDIC English fallback.
軍,"[""군"",""군대""]","[""army"",""force"",""troops"",""war"",""battle""]","[""グン""]","[""いくさ""]",車,수레 거,159,9,kanjidic2,https://www.edrdg.org/kanjidic/kanjidic2.xml.gz,CC BY-SA 4.0,auto,1,Auto draft: KANJIDIC2 readings/radical; Korean meaning draft derived from local Korean word gloss or curated KANJIDIC English fallback.
郡,"[""군(행정구역)""]","[""county"",""district""]","[""グン""]","[""こおり""]",邑,고을 읍,163,10,kanjidic2,https://www.edrdg.org/kanjidic/kanjidic2.xml.gz,CC BY-SA 4.0,auto,1,Auto draft: KANJIDIC2 readings/radical; Korean meaning draft derived from local Korean word gloss or curated KANJIDIC English fallback.
係,"[""담당자"",""담당""]","[""person in charge"",""connection"",""duty"",""concern oneself""]","[""ケイ""]","[""かか.る"",""かかり"",""-がかり"",""かか.わる""]",人,사람 인,9,9,kanjidic2,https://www.edrdg.org/kanjidic/kanjidic2.xml.gz,CC BY-SA 4.0,auto,1,Auto draft: KANJIDIC2 readings/radical; Korean meaning draft derived from local Korean word gloss or curated KANJIDIC English fallback.
傾,"[""기울다"",""기울이다""]","[""lean"",""incline"",""tilt"",""trend"",""wane"",""sink"",""ruin"",""bias""]","[""ケイ""]","[""かたむ.く"",""かたむ.ける"",""かたぶ.く"",""かた.げる"",""かし.げる""]",人,사람 인,9,13,kanjidic2,https://www.edrdg.org/kanjidic/kanjidic2.xml.gz,CC BY-SA 4.0,auto,2,Manual format normalization 2026-08-18: 쉼표로 분리된 문맥형 뜻을 기본 의미로 정리.
刑,"[""형벌""]","[""punish"",""penalty"",""sentence"",""punishment""]","[""ケイ""]",[],刀,칼 도,18,6,kanjidic2,https://www.edrdg.org/kanjidic/kanjidic2.xml.gz,CC BY-SA 4.0,auto,1,Auto draft: KANJIDIC2 readings/radical; Korean meaning draft derived from local Korean word gloss or curated KANJIDIC English fallback.
兄,"[""오빠"",""형""]","[""elder brother"",""big brother""]","[""ケイ"",""キョウ""]","[""あに""]",儿,어진사람 인,10,5,kanjidic2,https://www.edrdg.org/kanjidic/kanjidic2.xml.gz,CC BY-SA 4.0,auto,2,Auto draft: KANJIDIC2 readings/radical; Korean meaning draft derived from local Korean word gloss or curated KANJIDIC English fallback.
啓,"[""열다"",""아뢰다""]","[""disclose"",""open"",""say""]","[""ケイ""]","[""ひら.く"",""さと.す""]",口,입 구,30,11,kanjidic2,https://www.edrdg.org/kanjidic/kanjidic2.xml.gz,CC BY-SA 4.0,auto,1,Auto draft: KANJIDIC2 readings/radical; Korean meaning draft derived from local Korean word gloss or curated KANJIDIC English fallback.
型,"[""틀"",""유형"",""모델""]","[""mould"",""type"",""model""]","[""ケイ""]","[""かた"",""-がた""]",土,흙 토,32,9,kanjidic2,https://www.edrdg.org/kanjidic/kanjidic2.xml.gz,CC BY-SA 4.0,auto,1,Auto draft: KANJIDIC2 readings/radical; Korean meaning draft derived from local Korean word gloss or curated KANJIDIC English fallback.
契,"[""맹세"",""계약""]","[""pledge"",""promise"",""vow""]","[""ケイ""]","[""ちぎ.る""]",大,큰 대,37,9,kanjidic2,https://www.edrdg.org/kanjidic/kanjidic2.xml.gz,CC BY-SA 4.0,auto,1,Auto draft: KANJIDIC2 readings/radical; Korean meaning draft derived from local Korean word gloss or curated KANJIDIC English fallback.
形,"[""형태"",""모양""]","[""shape"",""form"",""style""]","[""ケイ"",""ギョウ""]","[""かた"",""-がた"",""かたち"",""なり""]",彡,터럭 삼,59,7,kanjidic2,https://www.edrdg.org/kanjidic/kanjidic2.xml.gz,CC BY-SA 4.0,auto,1,Auto draft: KANJIDIC2 readings/radical; Korean meaning draft derived from local Korean word gloss or curated KANJIDIC English fallback.
径,"[""지름"",""길""]","[""diameter"",""path"",""method""]","[""ケイ""]","[""みち"",""こみち"",""さしわたし"",""ただちに""]",彳,두인변 척,60,8,kanjidic2,https://www.edrdg.org/kanjidic/kanjidic2.xml.gz,CC BY-SA 4.0,auto,1,Auto draft: KANJIDIC2 readings/radical; Korean meaning draft derived from local Korean word gloss or curated KANJIDIC English fallback.
恵,"[""은혜"",""베풂""]","[""favor"",""blessing"",""grace"",""kindness""]","[""ケイ"",""エ""]","[""めぐ.む"",""めぐ.み""]",心,마음 심,61,10,kanjidic2,https://www.edrdg.org/kanjidic/kanjidic2.xml.gz,CC BY-SA 4.0,auto,1,Auto draft: KANJIDIC2 readings/radical; Korean meaning draft derived from local Korean word gloss or curated KANJIDIC English fallback.
憩,"[""휴식""]","[""recess"",""rest"",""relax"",""repose""]","[""ケイ""]","[""いこ.い"",""いこ.う""]",心,마음 심,61,16,kanjidic2,https://www.edrdg.org/kanjidic/kanjidic2.xml.gz,CC BY-SA 4.0,auto,1,Auto draft: KANJIDIC2 readings/radical; Korean meaning draft derived from local Korean word gloss or curated KANJIDIC English fallback.
掲,"[""내걸다"",""내세우다""]","[""put up (a notice)"",""put up"",""hoist"",""display"",""hang out"",""publish"",""describe""]","[""ケイ""]","[""かか.げる""]",手,손 수,64,11,kanjidic2,https://www.edrdg.org/kanjidic/kanjidic2.xml.gz,CC BY-SA 4.0,auto,1,Auto draft: KANJIDIC2 readings/radical; Korean meaning draft derived from local Korean word gloss or curated KANJIDIC English fallback.
携,"[""종사하다""]","[""portable"",""carry (in hand)"",""armed with"",""bring along""]","[""ケイ""]","[""たずさ.える"",""たずさ.わる""]",手,손 수,64,13,kanjidic2,https://www.edrdg.org/kanjidic/kanjidic2.xml.gz,CC BY-SA 4.0,auto,1,Auto draft: KANJIDIC2 readings/radical; Korean meaning draft derived from local Korean word gloss or curated KANJIDIC English fallback.
敬,"[""공경하다""]","[""awe"",""respect"",""honor"",""revere""]","[""ケイ"",""キョウ""]","[""うやま.う""]",攴,둥글월 문,66,12,kanjidic2,https://www.edrdg.org/kanjidic/kanjidic2.xml.gz,CC BY-SA 4.0,auto,1,Auto draft: KANJIDIC2 readings/radical; Korean meaning draft derived from local Korean word gloss or curated KANJIDIC English fallback.
景,"[""경치"",""광경""]","[""scenery"",""view""]","[""ケイ""]",[],日,날 일,72,12,kanjidic2,https://www.edrdg.org/kanjidic/kanjidic2.xml.gz,CC BY-SA 4.0,auto,1,Auto draft: KANJIDIC2 readings/radical; Korean meaning draft derived from local Korean word gloss or curated KANJIDIC English fallback.
稽,"[""생각하다"",""익히다""]","[""think"",""consider""]","[""ケイ""]","[""かんが.える"",""とど.める""]",禾,벼 화,115,15,kanjidic2,https://www.edrdg.org/kanjidic/kanjidic2.xml.gz,CC BY-SA 4.0,auto,1,Auto draft: KANJIDIC2 readings/radical; Korean meaning draft derived from local Korean word gloss or curated KANJIDIC English fallback.
系,"[""계통"",""혈통""]","[""lineage"",""system""]","[""ケイ""]",[],糸,실 사,120,7,kanjidic2,https://www.edrdg.org/kanjidic/kanjidic2.xml.gz,CC BY-SA 4.0,auto,1,Auto draft: KANJIDIC2 readings/radical; Korean meaning draft derived from local Korean word gloss or curated KANJIDIC English fallback.
経,"[""지나다"",""경과하다"",""경전"",""날실""]","[""sutra"",""longitude"",""pass thru"",""expire"",""warp""]","[""ケイ"",""キョウ"",""キン""]","[""へ.る"",""た.つ"",""たていと"",""はか.る"",""のり""]",糸,실 사,120,11,kanjidic2,https://www.edrdg.org/kanjidic/kanjidic2.xml.gz,CC BY-SA 4.0,verified,10,Human-reviewed 2026-08-22: KANJIDIC English + JLPT usage cross-check; semantic-review draft confirmed.
継,"[""잇다"",""계승하다""]","[""inherit"",""succeed"",""continue"",""patch"",""graft (tree)""]","[""ケイ""]","[""つ.ぐ"",""まま-""]",糸,실 사,120,13,kanjidic2,https://www.edrdg.org/kanjidic/kanjidic2.xml.gz,CC BY-SA 4.0,auto,1,Auto draft: KANJIDIC2 readings/radical; Korean meaning draft derived from local Korean word gloss or curated KANJIDIC English fallback.
繋,"[""잇다"",""연결하다""]","[""tie"",""fasten"",""chain"",""tether"",""connect""]","[""ケイ""]","[""つな.ぐ"",""かか.る"",""か.ける""]",糸,실 사,120,17,kanjidic2,https://www.edrdg.org/kanjidic/kanjidic2.xml.gz,CC BY-SA 4.0,auto,1,Auto draft: KANJIDIC2 readings/radical; Korean meaning draft derived from local Korean word gloss or curated KANJIDIC English fallback.
茎,"[""줄기""]","[""stalk"",""stem""]","[""ケイ"",""キョウ""]","[""くき""]",艸,풀 초,140,8,kanjidic2,https://www.edrdg.org/kanjidic/kanjidic2.xml.gz,CC BY-SA 4.0,auto,1,Auto draft: KANJIDIC2 readings/radical; Korean meaning draft derived from local Korean word gloss or curated KANJIDIC English fallback.
蛍,"[""반딧불이""]","[""lightning-bug"",""firefly""]","[""ケイ""]","[""ほたる""]",虫,벌레 충,142,11,kanjidic2,https://www.edrdg.org/kanjidic/kanjidic2.xml.gz,CC BY-SA 4.0,auto,1,Auto draft: KANJIDIC2 readings/radical; Korean meaning draft derived from local Korean word gloss or curated KANJIDIC English fallback.
計,"[""합계"",""계획""]","[""plot"",""plan"",""scheme"",""measure""]","[""ケイ""]","[""はか.る"",""はか.らう""]",言,말씀 언,149,9,kanjidic2,https://www.edrdg.org/kanjidic/kanjidic2.xml.gz,CC BY-SA 4.0,auto,1,Auto draft: KANJIDIC2 readings/radical; Korean meaning draft derived from local Korean word gloss or curated KANJIDIC English fallback.
警,"[""경계"",""훈계하다""]","[""admonish"",""commandment""]","[""ケイ""]","[""いまし.める""]",言,말씀 언,149,19,kanjidic2,https://www.edrdg.org/kanjidic/kanjidic2.xml.gz,CC BY-SA 4.0,auto,1,Auto draft: KANJIDIC2 readings/radical; Korean meaning draft derived from local Korean word gloss or curated KANJIDIC English fallback.
軽,"[""가볍다""]","[""lightly"",""trifling"",""unimportant""]","[""ケイ"",""キョウ"",""キン""]","[""かる.い"",""かろ.やか"",""かろ.んじる""]",車,수레 거,159,12,kanjidic2,https://www.edrdg.org/kanjidic/kanjidic2.xml.gz,CC BY-SA 4.0,auto,1,Auto draft: KANJIDIC2 readings/radical; Korean meaning draft derived from local Korean word gloss or curated KANJIDIC English fallback.
鶏,"[""닭""]","[""chicken""]","[""ケイ""]","[""にわとり"",""とり""]",鳥,새 조,196,19,kanjidic2,https://www.edrdg.org/kanjidic/kanjidic2.xml.gz,CC BY-SA 4.0,auto,2,Auto draft: KANJIDIC2 readings/radical; Korean meaning draft derived from local Korean word gloss or curated KANJIDIC English fallback.
芸,"[""재주"",""예(藝)""]","[""technique"",""art"",""craft"",""performance"",""acting"",""trick"",""stunt""]","[""ゲイ"",""ウン""]","[""う.える"",""のり"",""わざ""]",艸,풀 초,140,7,kanjidic2,https://www.edrdg.org/kanjidic/kanjidic2.xml.gz,CC BY-SA 4.0,auto,1,Auto draft: KANJIDIC2 readings/radical; Korean meaning draft derived from local Korean word gloss or curated KANJIDIC English fallback.
迎,"[""마중"",""맞이""]","[""welcome"",""meet"",""greet""]","[""ゲイ""]","[""むか.える""]",辵,책받침 착,162,7,kanjidic2,https://www.edrdg.org/kanjidic/kanjidic2.xml.gz,CC BY-SA 4.0,auto,1,Auto draft: KANJIDIC2 readings/radical; Korean meaning draft derived from local Korean word gloss or curated KANJIDIC English fallback.
鯨,"[""고래""]","[""whale""]","[""ゲイ""]","[""くじら""]",魚,고기 어,195,19,kanjidic2,https://www.edrdg.org/kanjidic/kanjidic2.xml.gz,CC BY-SA 4.0,auto,1,Auto draft: KANJIDIC2 readings/radical; Korean meaning draft derived from local Korean word gloss or curated KANJIDIC English fallback.
劇,"[""연극"",""극""]","[""drama"",""play""]","[""ゲキ""]",[],刀,칼 도,18,15,kanjidic2,https://www.edrdg.org/kanjidic/kanjidic2.xml.gz,CC BY-SA 4.0,auto,1,Auto draft: KANJIDIC2 readings/radical; Korean meaning draft derived from local Korean word gloss or curated KANJIDIC English fallback.
撃,"[""공격하다"",""쏘다"",""촬영하다""]","[""beat"",""attack"",""defeat"",""conquer""]","[""ゲキ""]","[""う.つ""]",手,손 수,64,15,kanjidic2,https://www.edrdg.org/kanjidic/kanjidic2.xml.gz,CC BY-SA 4.0,auto,1,Auto draft: KANJIDIC2 readings/radical; Korean meaning draft derived from local Korean word gloss or curated KANJIDIC English fallback.
激,"[""격하다"",""심하다""]","[""violent"",""get excited"",""enraged"",""chafe"",""incite""]","[""ゲキ""]","[""はげ.しい""]",水,물 수,85,16,kanjidic2,https://www.edrdg.org/kanjidic/kanjidic2.xml.gz,CC BY-SA 4.0,auto,1,Auto draft: KANJIDIC2 readings/radical; Korean meaning draft derived from local Korean word gloss or curated KANJIDIC English fallback.
隙,"[""틈"",""빈틈""]","[""crevice"",""fissure"",""discord"",""opportunity"",""leisure""]","[""ゲキ"",""キャク"",""ケキ""]","[""すき"",""す.く"",""す.かす"",""ひま""]",阜,언덕 부,170,13,kanjidic2,https://www.edrdg.org/kanjidic/kanjidic2.xml.gz,CC BY-SA 4.0,auto,1,Auto draft: KANJIDIC2 readings/radical; Korean meaning draft derived from local Korean word gloss or curated KANJIDIC English fallback.
桁,"[""자릿수""]","[""beam"",""girder"",""spar"",""unit or column (accounting)""]","[""コウ""]","[""けた""]",木,나무 목,75,10,kanjidic2,https://www.edrdg.org/kanjidic/kanjidic2.xml.gz,CC BY-SA 4.0,auto,1,Auto draft: KANJIDIC2 readings/radical; Korean meaning draft derived from local Korean word gloss or curated KANJIDIC English fallback.
傑,"[""뛰어남"",""호걸""]","[""greatness"",""excellence""]","[""ケツ""]","[""すぐ.れる""]",人,사람 인,9,13,kanjidic2,https://www.edrdg.org/kanjidic/kanjidic2.xml.gz,CC BY-SA 4.0,auto,1,Auto draft: KANJIDIC2 readings/radical; Korean meaning draft derived from local Korean word gloss or curated KANJIDIC English fallback.
欠,"[""부족하다"",""없다""]","[""lack"",""gap"",""fail"",""yawning radical (no. 76)""]","[""ケツ"",""ケン""]","[""か.ける"",""か.く""]",欠,하품 흠,76,4,kanjidic2,https://www.edrdg.org/kanjidic/kanjidic2.xml.gz,CC BY-SA 4.0,auto,1,Auto draft: KANJIDIC2 readings/radical; Korean meaning draft derived from local Korean word gloss or curated KANJIDIC English fallback.
決,"[""표결"",""결정""]","[""decide"",""fix"",""agree upon"",""appoint""]","[""ケツ""]","[""き.める"",""-ぎ.め"",""き.まる"",""さ.く""]",水,물 수,85,7,kanjidic2,https://www.edrdg.org/kanjidic/kanjidic2.xml.gz,CC BY-SA 4.0,auto,1,Auto draft: KANJIDIC2 readings/radical; Korean meaning draft derived from local Korean word gloss or curated KANJIDIC English fallback.
潔,"[""깨끗하다"",""후련하다""]","[""undefiled"",""pure"",""clean"",""righteous"",""gallant""]","[""ケツ""]","[""いさぎよ.い""]",水,물 수,85,15,kanjidic2,https://www.edrdg.org/kanjidic/kanjidic2.xml.gz,CC BY-SA 4.0,auto,1,Auto draft: KANJIDIC2 readings/radical; Korean meaning draft derived from local Korean word gloss or curated KANJIDIC English fallback.
穴,"[""구멍""]","[""hole"",""aperture"",""slit"",""cave"",""den""]","[""ケツ""]","[""あな""]",穴,구멍 혈,116,5,kanjidic2,https://www.edrdg.org/kanjidic/kanjidic2.xml.gz,CC BY-SA 4.0,auto,1,Auto draft: KANJIDIC2 readings/radical; Korean meaning draft derived from local Korean word gloss or curated KANJIDIC English fallback.
結,"[""잇다"",""묶다"",""맺다""]","[""tie"",""bind"",""contract"",""join"",""organize"",""do up hair"",""fasten""]","[""ケツ"",""ケチ""]","[""むす.ぶ"",""ゆ.う"",""ゆ.わえる""]",糸,실 사,120,12,kanjidic2,https://www.edrdg.org/kanjidic/kanjidic2.xml.gz,CC BY-SA 4.0,auto,1,Auto draft: KANJIDIC2 readings/radical; Korean meaning draft derived from local Korean word gloss or curated KANJIDIC English fallback.
血,"[""피"",""혈액""]","[""blood""]","[""ケツ""]","[""ち""]",血,피 혈,143,6,kanjidic2,https://www.edrdg.org/kanjidic/kanjidic2.xml.gz,CC BY-SA 4.0,auto,1,Auto draft: KANJIDIC2 readings/radical; Korean meaning draft derived from local Korean word gloss or curated KANJIDIC English fallback.
月,"[""달""]","[""month"",""moon""]","[""ゲツ"",""ガツ""]","[""つき""]",月,달 월,74,4,kanjidic2,https://www.edrdg.org/kanjidic/kanjidic2.xml.gz,CC BY-SA 4.0,auto,1,Auto draft: KANJIDIC2 readings/radical; Korean meaning draft derived from local Korean word gloss or curated KANJIDIC English fallback.
件,"[""건"",""사항""]","[""affair"",""case"",""matter"",""item""]","[""ケン""]","[""くだん""]",人,사람 인,9,6,kanjidic2,https://www.edrdg.org/kanjidic/kanjidic2.xml.gz,CC BY-SA 4.0,auto,1,Auto draft: KANJIDIC2 readings/radical; Korean meaning draft derived from local Korean word gloss or curated KANJIDIC English fallback.
倹,"[""검소함"",""절약""]","[""frugal"",""economy"",""thrifty""]","[""ケン""]","[""つま.しい"",""つづまやか""]",人,사람 인,9,10,kanjidic2,https://www.edrdg.org/kanjidic/kanjidic2.xml.gz,CC BY-SA 4.0,auto,1,Auto draft: KANJIDIC2 readings/radical; Korean meaning draft derived from local Korean word gloss or curated KANJIDIC English fallback.
健,"[""건강함"",""튼튼함""]","[""healthy"",""health"",""strength"",""persistence""]","[""ケン""]","[""すこ.やか""]",人,사람 인,9,11,kanjidic2,https://www.edrdg.org/kanjidic/kanjidic2.xml.gz,CC BY-SA 4.0,auto,1,Auto draft: KANJIDIC2 readings/radical; Korean meaning draft derived from local Korean word gloss or curated KANJIDIC English fallback.
兼,"[""겸하다"",""겸임하다""]","[""concurrently"",""and"",""beforehand"",""in advance""]","[""ケン""]","[""か.ねる"",""-か.ねる""]",八,여덟 팔,12,10,kanjidic2,https://www.edrdg.org/kanjidic/kanjidic2.xml.gz,CC BY-SA 4.0,auto,1,Auto draft: KANJIDIC2 readings/radical; Korean meaning draft derived from local Korean word gloss or curated KANJIDIC English fallback.
券,"[""표"",""증명서""]","[""ticket""]","[""ケン""]",[],刀,칼 도,18,8,kanjidic2,https://www.edrdg.org/kanjidic/kanjidic2.xml.gz,CC BY-SA 4.0,auto,1,Auto draft: KANJIDIC2 readings/radical; Korean meaning draft derived from local Korean word gloss or curated KANJIDIC English fallback.
剣,"[""검"",""칼""]","[""sabre"",""sword"",""blade"",""clock hand""]","[""ケン""]","[""つるぎ""]",刀,칼 도,18,10,kanjidic2,https://www.edrdg.org/kanjidic/kanjidic2.xml.gz,CC BY-SA 4.0,auto,1,Auto draft: KANJIDIC2 readings/radical; Korean meaning draft derived from local Korean word gloss or curated KANJIDIC English fallback.
喧,"[""시끄럽다"",""요란하다""]","[""noisy"",""boisterous""]","[""ケン""]","[""やかま.しい"",""かまびす.しい""]",口,입 구,30,12,kanjidic2,https://www.edrdg.org/kanjidic/kanjidic2.xml.gz,CC BY-SA 4.0,auto,1,Auto draft: KANJIDIC2 readings/radical; Korean meaning draft derived from local Korean word gloss or curated KANJIDIC English fallback.
堅,"[""견고하다"",""확실하고 믿을 만하다""]","[""strict"",""hard"",""solid"",""tough"",""tight"",""reliable""]","[""ケン""]","[""かた.い"",""-がた.い""]",土,흙 토,32,12,kanjidic2,https://www.edrdg.org/kanjidic/kanjidic2.xml.gz,CC BY-SA 4.0,auto,1,Auto draft: KANJIDIC2 readings/radical; Korean meaning draft derived from local Korean word gloss or curated KANJIDIC English fallback.
嫌,"[""싫어함""]","[""dislike"",""detest"",""hate""]","[""ケン"",""ゲン""]","[""きら.う"",""きら.い"",""いや""]",女,계집 녀,38,13,kanjidic2,https://www.edrdg.org/kanjidic/kanjidic2.xml.gz,CC BY-SA 4.0,auto,1,Auto draft: KANJIDIC2 readings/radical; Korean meaning draft derived from local Korean word gloss or curated KANJIDIC English fallback.
建,"[""세워지다"",""지어지다""]","[""build""]","[""ケン"",""コン""]","[""た.てる"",""た.て"",""-だ.て"",""た.つ""]",廴,민책받침 인,54,9,kanjidic2,https://www.edrdg.org/kanjidic/kanjidic2.xml.gz,CC BY-SA 4.0,auto,1,Auto draft: KANJIDIC2 readings/radical; Korean meaning draft derived from local Korean word gloss or curated KANJIDIC English fallback.
憲,"[""헌법"",""법""]","[""constitution"",""law""]","[""ケン""]",[],心,마음 심,61,16,kanjidic2,https://www.edrdg.org/kanjidic/kanjidic2.xml.gz,CC BY-SA 4.0,auto,1,Auto draft: KANJIDIC2 readings/radical; Korean meaning draft derived from local Korean word gloss or curated KANJIDIC English fallback.
懸,"[""걸다"",""매달리다""]","[""state of suspension"",""hang"",""depend"",""consult"",""distant"",""far apart""]","[""ケン"",""ケ""]","[""か.ける"",""か.かる""]",心,마음 심,61,20,kanjidic2,https://www.edrdg.org/kanjidic/kanjidic2.xml.gz,CC BY-SA 4.0,auto,1,Auto draft: KANJIDIC2 readings/radical; Korean meaning draft derived from local Korean word gloss or curated KANJIDIC English fallback.
検,"[""검사"",""조사하다""]","[""examination"",""investigate""]","[""ケン""]","[""しら.べる""]",木,나무 목,75,12,kanjidic2,https://www.edrdg.org/kanjidic/kanjidic2.xml.gz,CC BY-SA 4.0,auto,1,Auto draft: KANJIDIC2 readings/radical; Korean meaning draft derived from local Korean word gloss or curated KANJIDIC English fallback.
権,"[""권리"",""권력""]","[""authority"",""power"",""rights""]","[""ケン"",""ゴン""]","[""おもり"",""かり"",""はか.る""]",木,나무 목,75,15,kanjidic2,https://www.edrdg.org/kanjidic/kanjidic2.xml.gz,CC BY-SA 4.0,auto,1,Auto draft: KANJIDIC2 readings/radical; Korean meaning draft derived from local Korean word gloss or curated KANJIDIC English fallback.
犬,"[""개""]","[""dog""]","[""ケン""]","[""いぬ"",""いぬ-""]",犬,개 견,94,4,kanjidic2,https://www.edrdg.org/kanjidic/kanjidic2.xml.gz,CC BY-SA 4.0,auto,1,Auto draft: KANJIDIC2 readings/radical; Korean meaning draft derived from local Korean word gloss or curated KANJIDIC English fallback.
献,"[""바치다"",""헌상""]","[""offering"",""counter for drinks"",""present"",""offer""]","[""ケン"",""コン""]","[""たてまつ.る""]",犬,개 견,94,13,kanjidic2,https://www.edrdg.org/kanjidic/kanjidic2.xml.gz,CC BY-SA 4.0,auto,1,Auto draft: KANJIDIC2 readings/radical; Korean meaning draft derived from local Korean word gloss or curated KANJIDIC English fallback.
研,"[""갈다"",""닦다""]","[""polish"",""study of"",""sharpen""]","[""ケン""]","[""と.ぐ""]",石,돌 석,112,9,kanjidic2,https://www.edrdg.org/kanjidic/kanjidic2.xml.gz,CC BY-SA 4.0,auto,1,Auto draft: KANJIDIC2 readings/radical; Korean meaning draft derived from local Korean word gloss or curated KANJIDIC English fallback.
絹,"[""비단"",""실크""]","[""silk""]","[""ケン""]","[""きぬ""]",糸,실 사,120,13,kanjidic2,https://www.edrdg.org/kanjidic/kanjidic2.xml.gz,CC BY-SA 4.0,auto,1,Auto draft: KANJIDIC2 readings/radical; Korean meaning draft derived from local Korean word gloss or curated KANJIDIC English fallback.
県,"[""현""]","[""prefecture""]","[""ケン""]","[""か.ける""]",目,눈 목,109,9,kanjidic2,https://www.edrdg.org/kanjidic/kanjidic2.xml.gz,CC BY-SA 4.0,auto,1,Auto draft: KANJIDIC2 readings/radical; Korean meaning draft derived from local Korean word gloss or curated KANJIDIC English fallback.
肩,"[""어깨""]","[""shoulder""]","[""ケン""]","[""かた""]",肉,고기 육,130,8,kanjidic2,https://www.edrdg.org/kanjidic/kanjidic2.xml.gz,CC BY-SA 4.0,auto,1,Auto draft: KANJIDIC2 readings/radical; Korean meaning draft derived from local Korean word gloss or curated KANJIDIC English fallback.
見,"[""보다""]","[""see"",""hopes"",""chances"",""idea"",""opinion"",""look at"",""visible""]","[""ケン""]","[""み.る"",""み.える"",""み.せる""]",見,볼 견,147,7,kanjidic2,https://www.edrdg.org/kanjidic/kanjidic2.xml.gz,CC BY-SA 4.0,auto,1,Auto draft: KANJIDIC2 readings/radical; Korean meaning draft derived from local Korean word gloss or curated KANJIDIC English fallback.
謙,"[""겸손""]","[""self-effacing"",""humble oneself"",""condescend"",""be modest""]","[""ケン""]","[""へりくだ.る""]",言,말씀 언,149,17,kanjidic2,https://www.edrdg.org/kanjidic/kanjidic2.xml.gz,CC BY-SA 4.0,auto,1,Auto draft: KANJIDIC2 readings/radical; Korean meaning draft derived from local Korean word gloss or curated KANJIDIC English fallback.
賢,"[""똑똑하다""]","[""intelligent"",""wise"",""wisdom"",""cleverness""]","[""ケン""]","[""かしこ.い""]",貝,조개 패,154,16,kanjidic2,https://www.edrdg.org/kanjidic/kanjidic2.xml.gz,CC BY-SA 4.0,auto,1,Auto draft: KANJIDIC2 readings/radical; Korean meaning draft derived from local Korean word gloss or curated KANJIDIC English fallback.
軒,"[""처마"",""집 세는 단위""]","[""flats"",""counter for houses"",""eaves""]","[""ケン""]","[""のき""]",車,수레 거,159,10,kanjidic2,https://www.edrdg.org/kanjidic/kanjidic2.xml.gz,CC BY-SA 4.0,auto,1,Auto draft: KANJIDIC2 readings/radical; Korean meaning draft derived from local Korean word gloss or curated KANJIDIC English fallback.
遣,"[""보내다"",""주다""]","[""dispatch"",""despatch"",""send"",""give"",""donate"",""do"",""undertake""]","[""ケン""]","[""つか.う"",""-つか.い"",""-づか.い"",""つか.わす"",""や.る""]",辵,책받침 착,162,13,kanjidic2,https://www.edrdg.org/kanjidic/kanjidic2.xml.gz,CC BY-SA 4.0,auto,1,Auto draft: KANJIDIC2 readings/radical; Korean meaning draft derived from local Korean word gloss or curated KANJIDIC English fallback.
鍵,"[""열쇠""]","[""key""]","[""ケン""]","[""かぎ""]",金,쇠 금,167,17,kanjidic2,https://www.edrdg.org/kanjidic/kanjidic2.xml.gz,CC BY-SA 4.0,auto,2,Auto draft: KANJIDIC2 readings/radical; Korean meaning draft derived from local Korean word gloss or curated KANJIDIC English fallback.
険,"[""험하다""]","[""precipitous"",""inaccessible place"",""impregnable position"",""steep place"",""sharp eyes""]","[""ケン""]","[""けわ.しい""]",阜,언덕 부,170,11,kanjidic2,https://www.edrdg.org/kanjidic/kanjidic2.xml.gz,CC BY-SA 4.0,auto,1,Auto draft: KANJIDIC2 readings/radical; Korean meaning draft derived from local Korean word gloss or curated KANJIDIC English fallback.
顕,"[""나타나다"",""드러남""]","[""appear"",""existing""]","[""ケン""]","[""あきらか"",""あらわ.れる""]",頁,머리 혈,181,18,kanjidic2,https://www.edrdg.org/kanjidic/kanjidic2.xml.gz,CC BY-SA 4.0,auto,1,Auto draft: KANJIDIC2 readings/radical; Korean meaning draft derived from local Korean word gloss or curated KANJIDIC English fallback.
験,"[""시험"",""검증"",""효험""]","[""verification"",""effect"",""testing""]","[""ケン"",""ゲン""]","[""あかし"",""しるし"",""ため.す"",""ためし""]",馬,말 마,187,18,kanjidic2,https://www.edrdg.org/kanjidic/kanjidic2.xml.gz,CC BY-SA 4.0,auto,1,Auto draft: KANJIDIC2 readings/radical; Korean meaning draft derived from local Korean word gloss or curated KANJIDIC English fallback.
元,"[""근원"",""이전"",""전(前)""]","[""beginning"",""former time"",""origin""]","[""ゲン"",""ガン""]","[""もと""]",儿,어진사람 인,10,4,kanjidic2,https://www.edrdg.org/kanjidic/kanjidic2.xml.gz,CC BY-SA 4.0,auto,1,Auto draft: KANJIDIC2 readings/radical; Korean meaning draft derived from local Korean word gloss or curated KANJIDIC English fallback.
原,"[""들판"",""근원"",""원래""]","[""meadow"",""original"",""primitive"",""field"",""plain"",""prairie"",""tundra"",""wilderness""]","[""ゲン""]","[""はら""]",厂,기슭 엄,27,10,kanjidic2,https://www.edrdg.org/kanjidic/kanjidic2.xml.gz,CC BY-SA 4.0,auto,1,Auto draft: KANJIDIC2 readings/radical; Korean meaning draft derived from local Korean word gloss or curated KANJIDIC English fallback.
厳,"[""엄숙함"",""장엄함""]","[""stern"",""strictness"",""severity"",""rigidity""]","[""ゲン"",""ゴン""]","[""おごそ.か"",""きび.しい"",""いか.めしい"",""いつくし""]",厂,기슭 엄,27,17,kanjidic2,https://www.edrdg.org/kanjidic/kanjidic2.xml.gz,CC BY-SA 4.0,auto,1,Auto draft: KANJIDIC2 readings/radical; Korean meaning draft derived from local Korean word gloss or curated KANJIDIC English fallback.
減,"[""줄다"",""감소하다""]","[""dwindle"",""decrease"",""reduce"",""decline"",""curtail"",""get hungry""]","[""ゲン""]","[""へ.る"",""へ.らす""]",水,물 수,85,12,kanjidic2,https://www.edrdg.org/kanjidic/kanjidic2.xml.gz,CC BY-SA 4.0,auto,1,Auto draft: KANJIDIC2 readings/radical; Korean meaning draft derived from local Korean word gloss or curated KANJIDIC English fallback.
源,"[""근원"",""원천""]","[""source"",""origin""]","[""ゲン""]","[""みなもと""]",水,물 수,85,13,kanjidic2,https://www.edrdg.org/kanjidic/kanjidic2.xml.gz,CC BY-SA 4.0,auto,1,Auto draft: KANJIDIC2 readings/radical; Korean meaning draft derived from local Korean word gloss or curated KANJIDIC English fallback.
玄,"[""검다"",""깊고 오묘함""]","[""mysterious"",""occultness"",""black"",""deep"",""profound""]","[""ゲン""]","[""くろ"",""くろ.い""]",玄,검을 현,95,5,kanjidic2,https://www.edrdg.org/kanjidic/kanjidic2.xml.gz,CC BY-SA 4.0,auto,2,Auto draft: KANJIDIC2 readings/radical; Korean meaning draft derived from local Korean word gloss or curated KANJIDIC English fallback.
現,"[""표현"",""표시"",""징후""]","[""present"",""existing"",""actual""]","[""ゲン""]","[""あらわ.れる"",""あらわ.す"",""うつつ"",""うつ.つ""]",玉,구슬 옥,96,11,kanjidic2,https://www.edrdg.org/kanjidic/kanjidic2.xml.gz,CC BY-SA 4.0,auto,1,Auto draft: KANJIDIC2 readings/radical; Korean meaning draft derived from local Korean word gloss or curated KANJIDIC English fallback.
言,"[""말하다""]","[""say"",""word""]","[""ゲン"",""ゴン""]","[""い.う"",""こと""]",言,말씀 언,149,7,kanjidic2,https://www.edrdg.org/kanjidic/kanjidic2.xml.gz,CC BY-SA 4.0,auto,1,Auto draft: KANJIDIC2 readings/radical; Korean meaning draft derived from local Korean word gloss or curated KANJIDIC English fallback.
限,"[""한계"",""제한하다""]","[""limit"",""restrict"",""to best of ability""]","[""ゲン""]","[""かぎ.る"",""かぎ.り"",""-かぎ.り""]",阜,언덕 부,170,9,kanjidic2,https://www.edrdg.org/kanjidic/kanjidic2.xml.gz,CC BY-SA 4.0,verified,10,Human-reviewed 2026-08-22: KANJIDIC English + JLPT usage cross-check; semantic-review draft confirmed.
個,"[""개별"",""개""]","[""individual"",""counter for articles""]","[""コ"",""カ""]",[],人,사람 인,9,10,kanjidic2,https://www.edrdg.org/kanjidic/kanjidic2.xml.gz,CC BY-SA 4.0,auto,1,Auto draft: KANJIDIC2 readings/radical; Korean meaning draft derived from local Korean word gloss or curated KANJIDIC English fallback.
古,"[""오래되다"",""낡다""]","[""old""]","[""コ""]","[""ふる.い"",""ふる-"",""-ふる.す""]",口,입 구,30,5,kanjidic2,https://www.edrdg.org/kanjidic/kanjidic2.xml.gz,CC BY-SA 4.0,auto,1,Auto draft: KANJIDIC2 readings/radical; Korean meaning draft derived from local Korean word gloss or curated KANJIDIC English fallback.
呼,"[""부르다""]","[""call"",""call out to"",""invite""]","[""コ""]","[""よ.ぶ""]",口,입 구,30,8,kanjidic2,https://www.edrdg.org/kanjidic/kanjidic2.xml.gz,CC BY-SA 4.0,auto,1,Auto draft: KANJIDIC2 readings/radical; Korean meaning draft derived from local Korean word gloss or curated KANJIDIC English fallback.
固,"[""굳고 단단하다"",""완고하다""]","[""harden"",""set"",""clot"",""curdle""]","[""コ""]","[""かた.める"",""かた.まる"",""かた.まり"",""かた.い""]",囗,큰입구 국,31,8,kanjidic2,https://www.edrdg.org/kanjidic/kanjidic2.xml.gz,CC BY-SA 4.0,auto,1,Auto draft: KANJIDIC2 readings/radical; Korean meaning draft derived from local Korean word gloss or curated KANJIDIC English fallback.
孤,"[""외롭다"",""고아""]","[""orphan"",""alone""]","[""コ""]",[],子,아들 자,39,9,kanjidic2,https://www.edrdg.org/kanjidic/kanjidic2.xml.gz,CC BY-SA 4.0,auto,1,Auto draft: KANJIDIC2 readings/radical; Korean meaning draft derived from local Korean word gloss or curated KANJIDIC English fallback.
己,"[""자기"",""자신""]","[""self""]","[""コ"",""キ""]","[""おのれ"",""つちのと"",""な""]",己,몸 기,49,3,kanjidic2,https://www.edrdg.org/kanjidic/kanjidic2.xml.gz,CC BY-SA 4.0,verified,2,Human-reviewed 2026-08-19: KANJIDIC meanings and linked release vocabulary cross-checked.
庫,"[""창고""]","[""warehouse"",""storehouse""]","[""コ"",""ク""]","[""くら""]",广,엄호 엄,53,10,kanjidic2,https://www.edrdg.org/kanjidic/kanjidic2.xml.gz,CC BY-SA 4.0,auto,1,Auto draft: KANJIDIC2 readings/radical; Korean meaning draft derived from local Korean word gloss or curated KANJIDIC English fallback.
弧,"[""호"",""활꼴""]","[""arc"",""arch"",""bow""]","[""コ""]",[],弓,활 궁,57,9,kanjidic2,https://www.edrdg.org/kanjidic/kanjidic2.xml.gz,CC BY-SA 4.0,auto,1,Auto draft: KANJIDIC2 readings/radical; Korean meaning draft derived from local Korean word gloss or curated KANJIDIC English fallback.
戸,"[""문"",""집""]","[""door"",""counter for houses"",""door radical (no. 63)""]","[""コ""]","[""と""]",戶,지게 호,63,4,kanjidic2,https://www.edrdg.org/kanjidic/kanjidic2.xml.gz,CC BY-SA 4.0,auto,1,Auto draft: KANJIDIC2 readings/radical; Korean meaning draft derived from local Korean word gloss or curated KANJIDIC English fallback.
故,"[""까닭"",""이유""]","[""happenstance"",""especially"",""intentionally"",""reason"",""cause"",""circumstances"",""the late"",""therefore"",""consequently""]","[""コ""]","[""ゆえ"",""ふる.い"",""もと""]",攴,둥글월 문,66,9,kanjidic2,https://www.edrdg.org/kanjidic/kanjidic2.xml.gz,CC BY-SA 4.0,auto,1,Auto draft: KANJIDIC2 readings/radical; Korean meaning draft derived from local Korean word gloss or curated KANJIDIC English fallback.
枯,"[""시들다""]","[""wither"",""die"",""dry up"",""be seasoned""]","[""コ""]","[""か.れる"",""か.らす""]",木,나무 목,75,9,kanjidic2,https://www.edrdg.org/kanjidic/kanjidic2.xml.gz,CC BY-SA 4.0,auto,1,Auto draft: KANJIDIC2 readings/radical; Korean meaning draft derived from local Korean word gloss or curated KANJIDIC English fallback.
湖,"[""호수""]","[""lake""]","[""コ""]","[""みずうみ""]",水,물 수,85,12,kanjidic2,https://www.edrdg.org/kanjidic/kanjidic2.xml.gz,CC BY-SA 4.0,auto,1,Auto draft: KANJIDIC2 readings/radical; Korean meaning draft derived from local Korean word gloss or curated KANJIDIC English fallback.
糊,"[""풀(접착제)""]","[""paste"",""glue"",""sizing""]","[""コ"",""ゴ"",""コツ""]","[""のり""]",米,쌀 미,119,15,kanjidic2,https://www.edrdg.org/kanjidic/kanjidic2.xml.gz,CC BY-SA 4.0,auto,1,Auto draft: KANJIDIC2 readings/radical; Korean meaning draft derived from local Korean word gloss or curated KANJIDIC English fallback.
股,"[""사타구니"",""허벅지 안쪽""]","[""thigh"",""crotch""]","[""コ""]","[""また"",""もも""]",肉,고기 육,130,8,kanjidic2,https://www.edrdg.org/kanjidic/kanjidic2.xml.gz,CC BY-SA 4.0,auto,1,Auto draft: KANJIDIC2 readings/radical; Korean meaning draft derived from local Korean word gloss or curated KANJIDIC English fallback.
胡,"[""오랑캐"",""외국""]","[""barbarian"",""foreign""]","[""ウ"",""コ"",""ゴ""]","[""なんぞ""]",肉,고기 육,130,9,kanjidic2,https://www.edrdg.org/kanjidic/kanjidic2.xml.gz,CC BY-SA 4.0,auto,2,Auto draft: KANJIDIC2 readings/radical; Korean meaning draft derived from local Korean word gloss or curated KANJIDIC English fallback.
虎,"[""호랑이""]","[""tiger"",""drunkard""]","[""コ""]","[""とら""]",虍,범 호,141,8,kanjidic2,https://www.edrdg.org/kanjidic/kanjidic2.xml.gz,CC BY-SA 4.0,auto,2,Auto draft: KANJIDIC2 readings/radical; Korean meaning draft derived from local Korean word gloss or curated KANJIDIC English fallback.
誇,"[""자랑하다""]","[""boast"",""be proud"",""pride"",""triumphantly""]","[""コ""]","[""ほこ.る""]",言,말씀 언,149,13,kanjidic2,https://www.edrdg.org/kanjidic/kanjidic2.xml.gz,CC BY-SA 4.0,auto,1,Auto draft: KANJIDIC2 readings/radical; Korean meaning draft derived from local Korean word gloss or curated KANJIDIC English fallback.
跨,"[""넘다"",""걸터넘다""]","[""be"",""sit or stand astride"",""extend over"",""straddle""]","[""コ"",""カ""]","[""また.がる"",""またが.る"",""また.ぐ""]",足,발 족,157,13,kanjidic2,https://www.edrdg.org/kanjidic/kanjidic2.xml.gz,CC BY-SA 4.0,auto,1,Auto draft: KANJIDIC2 readings/radical; Korean meaning draft derived from local Korean word gloss or curated KANJIDIC English fallback.
雇,"[""고용하다""]","[""employ"",""hire""]","[""コ""]","[""やと.う""]",隹,새 추,172,12,kanjidic2,https://www.edrdg.org/kanjidic/kanjidic2.xml.gz,CC BY-SA 4.0,auto,1,Auto draft: KANJIDIC2 readings/radical; Korean meaning draft derived from local Korean word gloss or curated KANJIDIC English fallback.
顧,"[""돌아보다"",""회고하다""]","[""look back"",""review"",""examine oneself"",""turn around""]","[""コ""]","[""かえり.みる""]",頁,머리 혈,181,21,kanjidic2,https://www.edrdg.org/kanjidic/kanjidic2.xml.gz,CC BY-SA 4.0,auto,1,Auto draft: KANJIDIC2 readings/radical; Korean meaning draft derived from local Korean word gloss or curated KANJIDIC English fallback.
鼓,"[""북"",""고무하다""]","[""drum"",""beat"",""rouse"",""muster""]","[""コ""]","[""つづみ""]",鼓,북 고,207,13,kanjidic2,https://www.edrdg.org/kanjidic/kanjidic2.xml.gz,CC BY-SA 4.0,auto,1,Auto draft: KANJIDIC2 readings/radical; Korean meaning draft derived from local Korean word gloss or curated KANJIDIC English fallback.
五,"[""다섯"",""다섯 개""]","[""five""]","[""ゴ""]","[""いつ"",""いつ.つ""]",二,두 이,7,4,kanjidic2,https://www.edrdg.org/kanjidic/kanjidic2.xml.gz,CC BY-SA 4.0,auto,1,Auto draft: KANJIDIC2 readings/radical; Korean meaning draft derived from local Korean word gloss or curated KANJIDIC English fallback.
互,"[""서로""]","[""mutually"",""reciprocally"",""together""]","[""ゴ""]","[""たが.い"",""かたみ.に""]",二,두 이,7,4,kanjidic2,https://www.edrdg.org/kanjidic/kanjidic2.xml.gz,CC BY-SA 4.0,auto,1,Auto draft: KANJIDIC2 readings/radical; Korean meaning draft derived from local Korean word gloss or curated KANJIDIC English fallback.
午,"[""낮"",""오시""]","[""noon"",""sign of the horse"",""11AM-1PM"",""seventh sign of Chinese zodiac""]","[""ゴ""]","[""うま""]",十,열 십,24,4,kanjidic2,https://www.edrdg.org/kanjidic/kanjidic2.xml.gz,CC BY-SA 4.0,auto,1,Auto draft: KANJIDIC2 readings/radical; Korean meaning draft derived from local Korean word gloss or curated KANJIDIC English fallback.
娯,"[""오락"",""즐거움""]","[""recreation"",""pleasure""]","[""ゴ""]",[],女,계집 녀,38,10,kanjidic2,https://www.edrdg.org/kanjidic/kanjidic2.xml.gz,CC BY-SA 4.0,auto,1,Auto draft: KANJIDIC2 readings/radical; Korean meaning draft derived from local Korean word gloss or curated KANJIDIC English fallback.
後,"[""뒤"",""나중""]","[""behind"",""back"",""later""]","[""ゴ"",""コウ""]","[""のち"",""うし.ろ"",""うしろ"",""あと"",""おく.れる""]",彳,두인변 척,60,9,kanjidic2,https://www.edrdg.org/kanjidic/kanjidic2.xml.gz,CC BY-SA 4.0,auto,1,Auto draft: KANJIDIC2 readings/radical; Korean meaning draft derived from local Korean word gloss or curated KANJIDIC English fallback.
御,"[""존경"",""다스리다""]","[""honorable"",""manipulate"",""govern""]","[""ギョ"",""ゴ""]","[""おん-"",""お-"",""み-""]",彳,두인변 척,60,12,kanjidic2,https://www.edrdg.org/kanjidic/kanjidic2.xml.gz,CC BY-SA 4.0,auto,1,Auto draft: KANJIDIC2 readings/radical; Korean meaning draft derived from local Korean word gloss or curated KANJIDIC English fallback.
悟,"[""깨닫다""]","[""enlightenment"",""perceive"",""discern"",""realize"",""understand""]","[""ゴ""]","[""さと.る""]",心,마음 심,61,10,kanjidic2,https://www.edrdg.org/kanjidic/kanjidic2.xml.gz,CC BY-SA 4.0,auto,1,Auto draft: KANJIDIC2 readings/radical; Korean meaning draft derived from local Korean word gloss or curated KANJIDIC English fallback.
碁,"[""바둑""]","[""Go""]","[""ゴ""]",[],石,돌 석,112,13,kanjidic2,https://www.edrdg.org/kanjidic/kanjidic2.xml.gz,CC BY-SA 4.0,auto,1,Auto draft: KANJIDIC2 readings/radical; Korean meaning draft derived from local Korean word gloss or curated KANJIDIC English fallback.
語,"[""말하다""]","[""word"",""speech"",""language""]","[""ゴ""]","[""かた.る"",""かた.らう""]",言,말씀 언,149,14,kanjidic2,https://www.edrdg.org/kanjidic/kanjidic2.xml.gz,CC BY-SA 4.0,auto,1,Auto draft: KANJIDIC2 readings/radical; Korean meaning draft derived from local Korean word gloss or curated KANJIDIC English fallback.
誤,"[""잘못"",""실수""]","[""mistake"",""err"",""do wrong"",""mislead""]","[""ゴ""]","[""あやま.る"",""-あやま.る""]",言,말씀 언,149,14,kanjidic2,https://www.edrdg.org/kanjidic/kanjidic2.xml.gz,CC BY-SA 4.0,auto,1,Auto draft: KANJIDIC2 readings/radical; Korean meaning draft derived from local Korean word gloss or curated KANJIDIC English fallback.
護,"[""지키다"",""보호하다""]","[""safeguard"",""protect""]","[""ゴ""]","[""まも.る""]",言,말씀 언,149,20,kanjidic2,https://www.edrdg.org/kanjidic/kanjidic2.xml.gz,CC BY-SA 4.0,auto,1,Auto draft: KANJIDIC2 readings/radical; Korean meaning draft derived from local Korean word gloss or curated KANJIDIC English fallback.
交,"[""교환하다""]","[""mingle"",""mixing"",""association"",""coming & going""]","[""コウ""]","[""まじ.わる"",""まじ.える"",""ま.じる"",""まじ.る"",""ま.ざる"",""ま.ぜる"",""-か.う"",""か.わす"",""かわ.す"",""こもごも""]",亠,돼지해머리 두,8,6,kanjidic2,https://www.edrdg.org/kanjidic/kanjidic2.xml.gz,CC BY-SA 4.0,auto,1,Auto draft: KANJIDIC2 readings/radical; Korean meaning draft derived from local Korean word gloss or curated KANJIDIC English fallback.
候,"[""기후"",""계절"",""기다리다""]","[""climate"",""season"",""weather"",""wait for"",""expect""]","[""コウ""]","[""そうろう""]",人,사람 인,9,10,kanjidic2,https://www.edrdg.org/kanjidic/kanjidic2.xml.gz,CC BY-SA 4.0,auto,1,Auto draft: KANJIDIC2 readings/radical; Korean meaning draft derived from local Korean word gloss or curated KANJIDIC English fallback.
光,"[""빛""]","[""ray"",""light""]","[""コウ""]","[""ひか.る"",""ひかり""]",儿,어진사람 인,10,6,kanjidic2,https://www.edrdg.org/kanjidic/kanjidic2.xml.gz,CC BY-SA 4.0,auto,1,Auto draft: KANJIDIC2 readings/radical; Korean meaning draft derived from local Korean word gloss or curated KANJIDIC English fallback.
公,"[""공(公)"",""공적임""]","[""public"",""prince"",""official"",""governmental""]","[""コウ"",""ク""]","[""おおやけ""]",八,여덟 팔,12,4,kanjidic2,https://www.edrdg.org/kanjidic/kanjidic2.xml.gz,CC BY-SA 4.0,auto,1,Auto draft: KANJIDIC2 readings/radical; Korean meaning draft derived from local Korean word gloss or curated KANJIDIC English fallback.
功,"[""공적"",""성공""]","[""achievement"",""merits"",""success"",""honor"",""credit""]","[""コウ"",""ク""]","[""いさお""]",力,힘 력,19,5,kanjidic2,https://www.edrdg.org/kanjidic/kanjidic2.xml.gz,CC BY-SA 4.0,auto,1,Auto draft: KANJIDIC2 readings/radical; Korean meaning draft derived from local Korean word gloss or curated KANJIDIC English fallback.
効,"[""효과가 있다"",""듣다""]","[""merit"",""efficacy"",""efficiency"",""benefit""]","[""コウ""]","[""き.く"",""ききめ"",""なら.う""]",力,힘 력,19,8,kanjidic2,https://www.edrdg.org/kanjidic/kanjidic2.xml.gz,CC BY-SA 4.0,auto,1,Auto draft: KANJIDIC2 readings/radical; Korean meaning draft derived from local Korean word gloss or curated KANJIDIC English fallback.
厚,"[""두껍다""]","[""thick"",""heavy"",""rich"",""kind"",""cordial"",""brazen"",""shameless""]","[""コウ""]","[""あつ.い"",""あか""]",厂,기슭 엄,27,9,kanjidic2,https://www.edrdg.org/kanjidic/kanjidic2.xml.gz,CC BY-SA 4.0,auto,1,Auto draft: KANJIDIC2 readings/radical; Korean meaning draft derived from local Korean word gloss or curated KANJIDIC English fallback.
口,"[""입""]","[""mouth""]","[""コウ"",""ク""]","[""くち""]",口,입 구,30,3,kanjidic2,https://www.edrdg.org/kanjidic/kanjidic2.xml.gz,CC BY-SA 4.0,auto,1,Auto draft: KANJIDIC2 readings/radical; Korean meaning draft derived from local Korean word gloss or curated KANJIDIC English fallback.
向,"[""향하다"",""마주하다""]","[""yonder"",""facing"",""beyond"",""confront"",""defy"",""tend toward"",""approach""]","[""コウ""]","[""む.く"",""む.い"",""-む.き"",""む.ける"",""-む.け"",""む.かう"",""む.かい"",""む.こう"",""む.こう-"",""むこ"",""むか.い""]",口,입 구,30,6,kanjidic2,https://www.edrdg.org/kanjidic/kanjidic2.xml.gz,CC BY-SA 4.0,verified,10,Human-reviewed 2026-08-22: KANJIDIC English + JLPT usage cross-check; semantic-review draft confirmed.
喉,"[""목(구멍)""]","[""throat"",""voice""]","[""コウ""]","[""のど""]",口,입 구,30,12,kanjidic2,https://www.edrdg.org/kanjidic/kanjidic2.xml.gz,CC BY-SA 4.0,auto,1,Auto draft: KANJIDIC2 readings/radical; Korean meaning draft derived from local Korean word gloss or curated KANJIDIC English fallback.
垢,"[""때"",""오물""]","[""dirt"",""grime"",""earwax""]","[""コウ"",""ク""]","[""あか"",""はじ""]",土,흙 토,32,9,kanjidic2,https://www.edrdg.org/kanjidic/kanjidic2.xml.gz,CC BY-SA 4.0,auto,1,Auto draft: KANJIDIC2 readings/radical; Korean meaning draft derived from local Korean word gloss or curated KANJIDIC English fallback.
好,"[""좋아함""]","[""fond"",""pleasing"",""like something""]","[""コウ""]","[""この.む"",""す.く"",""よ.い"",""い.い""]",女,계집 녀,38,6,kanjidic2,https://www.edrdg.org/kanjidic/kanjidic2.xml.gz,CC BY-SA 4.0,auto,1,Auto draft: KANJIDIC2 readings/radical; Korean meaning draft derived from local Korean word gloss or curated KANJIDIC English fallback.
孝,"[""효도""]","[""filial piety"",""child's respect""]","[""コウ"",""キョウ""]",[],子,아들 자,39,7,kanjidic2,https://www.edrdg.org/kanjidic/kanjidic2.xml.gz,CC BY-SA 4.0,auto,1,Auto draft: KANJIDIC2 readings/radical; Korean meaning draft derived from local Korean word gloss or curated KANJIDIC English fallback.
工,"[""공예"",""공사""]","[""craft"",""construction"",""katakana e radical (no. 48)""]","[""コウ"",""ク"",""グ""]",[],工,장인 공,48,3,kanjidic2,https://www.edrdg.org/kanjidic/kanjidic2.xml.gz,CC BY-SA 4.0,auto,1,Auto draft: KANJIDIC2 readings/radical; Korean meaning draft derived from local Korean word gloss or curated KANJIDIC English fallback.
巧,"[""교묘함"",""솜씨 좋음""]","[""adroit"",""skilled"",""ingenuity""]","[""コウ""]","[""たく.み"",""たく.む"",""うま.い""]",工,장인 공,48,5,kanjidic2,https://www.edrdg.org/kanjidic/kanjidic2.xml.gz,CC BY-SA 4.0,auto,1,Auto draft: KANJIDIC2 readings/radical; Korean meaning draft derived from local Korean word gloss or curated KANJIDIC English fallback.
幸,"[""행복""]","[""happiness"",""blessing"",""fortune""]","[""コウ""]","[""さいわ.い"",""さち"",""しあわ.せ""]",干,방패 간,51,8,kanjidic2,https://www.edrdg.org/kanjidic/kanjidic2.xml.gz,CC BY-SA 4.0,auto,1,Auto draft: KANJIDIC2 readings/radical; Korean meaning draft derived from local Korean word gloss or curated KANJIDIC English fallback.
広,"[""넓다""]","[""wide"",""broad"",""spacious""]","[""コウ""]","[""ひろ.い"",""ひろ.まる"",""ひろ.める"",""ひろ.がる"",""ひろ.げる""]",广,엄호 엄,53,5,kanjidic2,https://www.edrdg.org/kanjidic/kanjidic2.xml.gz,CC BY-SA 4.0,auto,1,Auto draft: KANJIDIC2 readings/radical; Korean meaning draft derived from local Korean word gloss or curated KANJIDIC English fallback.
康,"[""편안함"",""건강""]","[""ease"",""peace""]","[""コウ""]",[],广,엄호 엄,53,11,kanjidic2,https://www.edrdg.org/kanjidic/kanjidic2.xml.gz,CC BY-SA 4.0,auto,1,Auto draft: KANJIDIC2 readings/radical; Korean meaning draft derived from local Korean word gloss or curated KANJIDIC English fallback.
慌,"[""허둥대다""]","[""disconcerted"",""be confused"",""lose one's head""]","[""コウ""]","[""あわ.てる"",""あわ.ただしい""]",心,마음 심,61,12,kanjidic2,https://www.edrdg.org/kanjidic/kanjidic2.xml.gz,CC BY-SA 4.0,auto,1,Auto draft: KANJIDIC2 readings/radical; Korean meaning draft derived from local Korean word gloss or curated KANJIDIC English fallback.
抗,"[""저항하다""]","[""confront"",""resist"",""defy"",""oppose""]","[""コウ""]","[""あらが.う""]",手,손 수,64,7,kanjidic2,https://www.edrdg.org/kanjidic/kanjidic2.xml.gz,CC BY-SA 4.0,auto,1,Auto draft: KANJIDIC2 readings/radical; Korean meaning draft derived from local Korean word gloss or curated KANJIDIC English fallback.
拘,"[""집착하다"",""세세하게신경을쓰다""]","[""arrest"",""seize"",""concerned"",""adhere to"",""despite""]","[""コウ""]","[""かか.わる""]",手,손 수,64,8,kanjidic2,https://www.edrdg.org/kanjidic/kanjidic2.xml.gz,CC BY-SA 4.0,auto,1,Auto draft: KANJIDIC2 readings/radical; Korean meaning draft derived from local Korean word gloss or curated KANJIDIC English fallback.
控,"[""삼가다"",""앞두다"",""기록하다""]","[""withdraw"",""draw in"",""hold back"",""refrain from"",""be moderate""]","[""コウ""]","[""ひか.える"",""ひか.え""]",手,손 수,64,11,kanjidic2,https://www.edrdg.org/kanjidic/kanjidic2.xml.gz,CC BY-SA 4.0,auto,1,Auto draft: KANJIDIC2 readings/radical; Korean meaning draft derived from local Korean word gloss or curated KANJIDIC English fallback.
攻,"[""공격""]","[""aggression"",""attack"",""criticize"",""polish""]","[""コウ""]","[""せ.める""]",攴,둥글월 문,66,7,kanjidic2,https://www.edrdg.org/kanjidic/kanjidic2.xml.gz,CC BY-SA 4.0,auto,1,Auto draft: KANJIDIC2 readings/radical; Korean meaning draft derived from local Korean word gloss or curated KANJIDIC English fallback.
更,"[""더욱"",""게다가""]","[""grow late"",""night watch"",""sit up late"",""of course"",""renew"",""renovate"",""again"",""more and more"",""further""]","[""コウ""]","[""さら"",""さら.に"",""ふ.ける"",""ふ.かす""]",曰,가로 왈,73,7,kanjidic2,https://www.edrdg.org/kanjidic/kanjidic2.xml.gz,CC BY-SA 4.0,auto,1,Auto draft: KANJIDIC2 readings/radical; Korean meaning draft derived from local Korean word gloss or curated KANJIDIC English fallback.
校,"[""학교"",""교정하다""]","[""exam"",""school"",""printing"",""proof"",""correction""]","[""コウ"",""キョウ""]",[],木,나무 목,75,10,kanjidic2,https://www.edrdg.org/kanjidic/kanjidic2.xml.gz,CC BY-SA 4.0,auto,1,Auto draft: KANJIDIC2 readings/radical; Korean meaning draft derived from local Korean word gloss or curated KANJIDIC English fallback.
構,"[""구조"",""세우다"",""자세를 취하다"",""상관하다""]","[""posture"",""stance"",""appearance"",""build"",""set up""]","[""コウ""]","[""かま.える"",""かま.う""]",木,나무 목,75,14,kanjidic2,https://www.edrdg.org/kanjidic/kanjidic2.xml.gz,CC BY-SA 4.0,verified,10,Human-reviewed 2026-08-22: KANJIDIC English + JLPT usage cross-check; semantic-review draft confirmed.
洪,"[""홍수"",""넓다""]","[""deluge"",""flood"",""vast""]","[""コウ""]",[],水,물 수,85,9,kanjidic2,https://www.edrdg.org/kanjidic/kanjidic2.xml.gz,CC BY-SA 4.0,auto,1,Auto draft: KANJIDIC2 readings/radical; Korean meaning draft derived from local Korean word gloss or curated KANJIDIC English fallback.
港,"[""항구""]","[""harbor""]","[""コウ""]","[""みなと""]",水,물 수,85,12,kanjidic2,https://www.edrdg.org/kanjidic/kanjidic2.xml.gz,CC BY-SA 4.0,auto,1,Auto draft: KANJIDIC2 readings/radical; Korean meaning draft derived from local Korean word gloss or curated KANJIDIC English fallback.
溝,"[""도랑"",""홈"",""(관계의) 골""]","[""gutter"",""ditch"",""sewer"",""drain"",""10**32""]","[""コウ""]","[""みぞ""]",水,물 수,85,13,kanjidic2,https://www.edrdg.org/kanjidic/kanjidic2.xml.gz,CC BY-SA 4.0,auto,1,Auto draft: KANJIDIC2 readings/radical; Korean meaning draft derived from local Korean word gloss or curated KANJIDIC English fallback.
甲,"[""갑(첫째)"",""껍데기""]","[""armor"",""high (voice)"",""A grade"",""first class"",""former"",""instep"",""carapace""]","[""コウ"",""カン""]","[""きのえ""]",田,밭 전,102,5,kanjidic2,https://www.edrdg.org/kanjidic/kanjidic2.xml.gz,CC BY-SA 4.0,auto,1,Auto draft: KANJIDIC2 readings/radical; Korean meaning draft derived from local Korean word gloss or curated KANJIDIC English fallback.
皇,"[""임금"",""황제""]","[""emperor""]","[""コウ"",""オウ""]",[],白,흰 백,106,9,kanjidic2,https://www.edrdg.org/kanjidic/kanjidic2.xml.gz,CC BY-SA 4.0,auto,1,Auto draft: KANJIDIC2 readings/radical; Korean meaning draft derived from local Korean word gloss or curated KANJIDIC English fallback.
硬,"[""물질이 딱딱하다"",""표정이 굳다""]","[""stiff"",""hard""]","[""コウ""]","[""かた.い""]",石,돌 석,112,12,kanjidic2,https://www.edrdg.org/kanjidic/kanjidic2.xml.gz,CC BY-SA 4.0,auto,1,Auto draft: KANJIDIC2 readings/radical; Korean meaning draft derived from local Korean word gloss or curated KANJIDIC English fallback.
稿,"[""원고"",""초안""]","[""draft"",""copy"",""manuscript"",""straw""]","[""コウ""]","[""わら"",""したがき""]",禾,벼 화,115,15,kanjidic2,https://www.edrdg.org/kanjidic/kanjidic2.xml.gz,CC BY-SA 4.0,auto,1,Auto draft: KANJIDIC2 readings/radical; Korean meaning draft derived from local Korean word gloss or curated KANJIDIC English fallback.
紅,"[""붉다"",""진홍색""]","[""crimson"",""deep red""]","[""コウ"",""ク""]","[""べに"",""くれない"",""あか.い""]",糸,실 사,120,9,kanjidic2,https://www.edrdg.org/kanjidic/kanjidic2.xml.gz,CC BY-SA 4.0,auto,1,Auto draft: KANJIDIC2 readings/radical; Korean meaning draft derived from local Korean word gloss or curated KANJIDIC English fallback.
絞,"[""짜다"",""조르다"",""좁히다""]","[""strangle"",""constrict"",""wring""]","[""コウ""]","[""しぼ.る"",""し.める"",""し.まる""]",糸,실 사,120,12,kanjidic2,https://www.edrdg.org/kanjidic/kanjidic2.xml.gz,CC BY-SA 4.0,verified,10,Human-reviewed 2026-08-22: KANJIDIC English + JLPT usage cross-check; semantic-review draft confirmed.
綱,"[""밧줄""]","[""hawser"",""class (genus)"",""rope"",""cord"",""cable""]","[""コウ""]","[""つな""]",糸,실 사,120,14,kanjidic2,https://www.edrdg.org/kanjidic/kanjidic2.xml.gz,CC BY-SA 4.0,auto,1,Auto draft: KANJIDIC2 readings/radical; Korean meaning draft derived from local Korean word gloss or curated KANJIDIC English fallback.
耕,"[""갈다"",""경작하다""]","[""till"",""plow"",""cultivate""]","[""コウ""]","[""たがや.す""]",耒,쟁기 뢰,127,10,kanjidic2,https://www.edrdg.org/kanjidic/kanjidic2.xml.gz,CC BY-SA 4.0,auto,1,Auto draft: KANJIDIC2 readings/radical; Korean meaning draft derived from local Korean word gloss or curated KANJIDIC English fallback.
考,"[""생각"",""견해""]","[""consider"",""think over""]","[""コウ""]","[""かんが.える"",""かんが.え""]",老,늙을 로,125,6,kanjidic2,https://www.edrdg.org/kanjidic/kanjidic2.xml.gz,CC BY-SA 4.0,auto,1,Auto draft: KANJIDIC2 readings/radical; Korean meaning draft derived from local Korean word gloss or curated KANJIDIC English fallback.
肯,"[""수긍하다"",""동의""]","[""agreement"",""consent"",""comply with""]","[""コウ""]","[""がえんじ.る""]",肉,고기 육,130,8,kanjidic2,https://www.edrdg.org/kanjidic/kanjidic2.xml.gz,CC BY-SA 4.0,auto,1,Auto draft: KANJIDIC2 readings/radical; Korean meaning draft derived from local Korean word gloss or curated KANJIDIC English fallback.
航,"[""항해하다"",""비행하다""]","[""navigate"",""sail"",""cruise"",""fly""]","[""コウ""]",[],舟,배 주,137,10,kanjidic2,https://www.edrdg.org/kanjidic/kanjidic2.xml.gz,CC BY-SA 4.0,auto,1,Auto draft: KANJIDIC2 readings/radical; Korean meaning draft derived from local Korean word gloss or curated KANJIDIC English fallback.
荒,"[""행동·말투·파도 등이 거칠다""]","[""laid waste"",""rough"",""rude"",""wild""]","[""コウ""]","[""あ.らす"",""あ.れる"",""あら.い"",""すさ.ぶ"",""すさ.む"",""あ.らし""]",艸,풀 초,140,9,kanjidic2,https://www.edrdg.org/kanjidic/kanjidic2.xml.gz,CC BY-SA 4.0,auto,1,Auto draft: KANJIDIC2 readings/radical; Korean meaning draft derived from local Korean word gloss or curated KANJIDIC English fallback.
行,"[""가다""]","[""going"",""journey"",""carry out"",""conduct"",""act"",""line"",""row"",""bank""]","[""コウ"",""ギョウ"",""アン""]","[""い.く"",""ゆ.く"",""-ゆ.き"",""-ゆき"",""-い.き"",""-いき"",""おこな.う"",""おこ.なう""]",行,다닐 행,144,6,kanjidic2,https://www.edrdg.org/kanjidic/kanjidic2.xml.gz,CC BY-SA 4.0,auto,1,Auto draft: KANJIDIC2 readings/radical; Korean meaning draft derived from local Korean word gloss or curated KANJIDIC English fallback.
衡,"[""균형"",""저울""]","[""equilibrium"",""measuring rod"",""scale""]","[""コウ""]",[],行,다닐 행,144,16,kanjidic2,https://www.edrdg.org/kanjidic/kanjidic2.xml.gz,CC BY-SA 4.0,auto,1,Auto draft: KANJIDIC2 readings/radical; Korean meaning draft derived from local Korean word gloss or curated KANJIDIC English fallback.
講,"[""강의"",""강연""]","[""lecture"",""club"",""association""]","[""コウ""]",[],言,말씀 언,149,17,kanjidic2,https://www.edrdg.org/kanjidic/kanjidic2.xml.gz,CC BY-SA 4.0,auto,1,Auto draft: KANJIDIC2 readings/radical; Korean meaning draft derived from local Korean word gloss or curated KANJIDIC English fallback.
貢,"[""바치다"",""공헌하다""]","[""tribute"",""support"",""finance""]","[""コウ"",""ク""]","[""みつ.ぐ""]",貝,조개 패,154,10,kanjidic2,https://www.edrdg.org/kanjidic/kanjidic2.xml.gz,CC BY-SA 4.0,auto,1,Auto draft: KANJIDIC2 readings/radical; Korean meaning draft derived from local Korean word gloss or curated KANJIDIC English fallback.
購,"[""사다"",""구독""]","[""subscription"",""buy""]","[""コウ""]",[],貝,조개 패,154,17,kanjidic2,https://www.edrdg.org/kanjidic/kanjidic2.xml.gz,CC BY-SA 4.0,auto,1,Auto draft: KANJIDIC2 readings/radical; Korean meaning draft derived from local Korean word gloss or curated KANJIDIC English fallback.
郊,"[""교외""]","[""outskirts"",""suburbs"",""rural area""]","[""コウ""]",[],邑,고을 읍,163,9,kanjidic2,https://www.edrdg.org/kanjidic/kanjidic2.xml.gz,CC BY-SA 4.0,auto,1,Auto draft: KANJIDIC2 readings/radical; Korean meaning draft derived from local Korean word gloss or curated KANJIDIC English fallback.
鉱,"[""광물"",""광석""]","[""mineral"",""ore""]","[""コウ""]","[""あらがね""]",金,쇠 금,167,13,kanjidic2,https://www.edrdg.org/kanjidic/kanjidic2.xml.gz,CC BY-SA 4.0,auto,1,Auto draft: KANJIDIC2 readings/radical; Korean meaning draft derived from local Korean word gloss or curated KANJIDIC English fallback.
鋼,"[""강철""]","[""steel""]","[""コウ""]","[""はがね""]",金,쇠 금,167,16,kanjidic2,https://www.edrdg.org/kanjidic/kanjidic2.xml.gz,CC BY-SA 4.0,auto,1,Auto draft: KANJIDIC2 readings/radical; Korean meaning draft derived from local Korean word gloss or curated KANJIDIC English fallback.
降,"[""내리다""]","[""descend"",""precipitate"",""fall"",""surrender""]","[""コウ"",""ゴ""]","[""お.りる"",""お.ろす"",""ふ.る"",""ふ.り"",""くだ.る"",""くだ.す""]",阜,언덕 부,170,10,kanjidic2,https://www.edrdg.org/kanjidic/kanjidic2.xml.gz,CC BY-SA 4.0,auto,1,Auto draft: KANJIDIC2 readings/radical; Korean meaning draft derived from local Korean word gloss or curated KANJIDIC English fallback.
項,"[""항목"",""조항""]","[""paragraph"",""nape of neck"",""clause"",""item"",""term (expression)""]","[""コウ""]","[""うなじ""]",頁,머리 혈,181,12,kanjidic2,https://www.edrdg.org/kanjidic/kanjidic2.xml.gz,CC BY-SA 4.0,auto,1,Auto draft: KANJIDIC2 readings/radical; Korean meaning draft derived from local Korean word gloss or curated KANJIDIC English fallback.
香,"[""향기""]","[""incense"",""smell"",""perfume""]","[""コウ"",""キョウ""]","[""か"",""かお.り"",""かお.る""]",香,향기 향,186,9,kanjidic2,https://www.edrdg.org/kanjidic/kanjidic2.xml.gz,CC BY-SA 4.0,auto,1,Auto draft: KANJIDIC2 readings/radical; Korean meaning draft derived from local Korean word gloss or curated KANJIDIC English fallback.
高,"[""높다"",""비싸다""]","[""tall"",""high"",""expensive""]","[""コウ""]","[""たか.い"",""たか"",""-だか"",""たか.まる"",""たか.める""]",高,높을 고,189,10,kanjidic2,https://www.edrdg.org/kanjidic/kanjidic2.xml.gz,CC BY-SA 4.0,verified,10,Human-reviewed 2026-08-22: KANJIDIC English + JLPT usage cross-check; semantic-review draft confirmed.
劫,"[""오랜 세월"",""위협하다""]","[""threat"",""long ages""]","[""コウ"",""ゴウ"",""キョウ""]","[""おびや.かす""]",力,힘 력,19,7,kanjidic2,https://www.edrdg.org/kanjidic/kanjidic2.xml.gz,CC BY-SA 4.0,auto,2,Auto draft: KANJIDIC2 readings/radical; Korean meaning draft derived from local Korean word gloss or curated KANJIDIC English fallback.
号,"[""번호"",""호칭""]","[""nickname"",""number"",""item"",""title"",""pseudonym"",""name"",""call""]","[""ゴウ""]","[""さけ.ぶ"",""よびな""]",口,입 구,30,5,kanjidic2,https://www.edrdg.org/kanjidic/kanjidic2.xml.gz,CC BY-SA 4.0,auto,1,Auto draft: KANJIDIC2 readings/radical; Korean meaning draft derived from local Korean word gloss or curated KANJIDIC English fallback.
合,"[""맞다"",""어울리다""]","[""fit"",""suit"",""join"",""0.1""]","[""ゴウ"",""ガッ"",""カッ""]","[""あ.う"",""-あ.う"",""あ.い"",""あい-"",""-あ.い"",""-あい"",""あ.わす"",""あ.わせる"",""-あ.わせる""]",口,입 구,30,6,kanjidic2,https://www.edrdg.org/kanjidic/kanjidic2.xml.gz,CC BY-SA 4.0,auto,1,Auto draft: KANJIDIC2 readings/radical; Korean meaning draft derived from local Korean word gloss or curated KANJIDIC English fallback.
豪,"[""호걸"",""강하다""]","[""overpowering"",""great"",""powerful"",""excelling"",""Australia""]","[""ゴウ""]","[""えら.い""]",豕,돼지 시,152,14,kanjidic2,https://www.edrdg.org/kanjidic/kanjidic2.xml.gz,CC BY-SA 4.0,auto,1,Auto draft: KANJIDIC2 readings/radical; Korean meaning draft derived from local Korean word gloss or curated KANJIDIC English fallback.
克,"[""이기다"",""극복하다""]","[""overcome"",""kindly"",""skillfully""]","[""コク""]","[""か.つ""]",儿,어진사람 인,10,7,kanjidic2,https://www.edrdg.org/kanjidic/kanjidic2.xml.gz,CC BY-SA 4.0,auto,1,Auto draft: KANJIDIC2 readings/radical; Korean meaning draft derived from local Korean word gloss or curated KANJIDIC English fallback.
刻,"[""새기다"",""조각하다""]","[""engrave"",""cut fine"",""chop"",""hash"",""mince"",""time"",""carving""]","[""コク""]","[""きざ.む"",""きざ.み""]",刀,칼 도,18,8,kanjidic2,https://www.edrdg.org/kanjidic/kanjidic2.xml.gz,CC BY-SA 4.0,auto,1,Auto draft: KANJIDIC2 readings/radical; Korean meaning draft derived from local Korean word gloss or curated KANJIDIC English fallback.
告,"[""고하다"",""알리다""]","[""revelation"",""tell"",""inform"",""announce""]","[""コク""]","[""つ.げる""]",口,입 구,30,7,kanjidic2,https://www.edrdg.org/kanjidic/kanjidic2.xml.gz,CC BY-SA 4.0,auto,1,Auto draft: KANJIDIC2 readings/radical; Korean meaning draft derived from local Korean word gloss or curated KANJIDIC English fallback.
国,"[""나라""]","[""country""]","[""コク""]","[""くに""]",囗,큰입구 국,31,8,kanjidic2,https://www.edrdg.org/kanjidic/kanjidic2.xml.gz,CC BY-SA 4.0,auto,1,Auto draft: KANJIDIC2 readings/radical; Korean meaning draft derived from local Korean word gloss or curated KANJIDIC English fallback.
酷,"[""끔찍한"",""대단한"",""불공평한""]","[""cruel"",""severe"",""atrocious"",""unjust""]","[""コク""]","[""ひど.い""]",酉,닭 유,164,14,kanjidic2,https://www.edrdg.org/kanjidic/kanjidic2.xml.gz,CC BY-SA 4.0,auto,1,Auto draft: KANJIDIC2 readings/radical; Korean meaning draft derived from local Korean word gloss or curated KANJIDIC English fallback.
黒,"[""검다""]","[""black""]","[""コク""]","[""くろ"",""くろ.ずむ"",""くろ.い""]",黑,검을 흑,203,11,kanjidic2,https://www.edrdg.org/kanjidic/kanjidic2.xml.gz,CC BY-SA 4.0,auto,1,Auto draft: KANJIDIC2 readings/radical; Korean meaning draft derived from local Korean word gloss or curated KANJIDIC English fallback.
獄,"[""감옥""]","[""prison"",""jail""]","[""ゴク""]",[],犬,개 견,94,14,kanjidic2,https://www.edrdg.org/kanjidic/kanjidic2.xml.gz,CC BY-SA 4.0,auto,1,Auto draft: KANJIDIC2 readings/radical; Korean meaning draft derived from local Korean word gloss or curated KANJIDIC English fallback.
腰,"[""허리""]","[""loins"",""hips"",""waist"",""low wainscoting""]","[""ヨウ""]","[""こし""]",肉,고기 육,130,13,kanjidic2,https://www.edrdg.org/kanjidic/kanjidic2.xml.gz,CC BY-SA 4.0,auto,1,Auto draft: KANJIDIC2 readings/radical; Korean meaning draft derived from local Korean word gloss or curated KANJIDIC English fallback.
骨,"[""뼈""]","[""skeleton"",""bone"",""remains"",""frame""]","[""コツ""]","[""ほね""]",骨,뼈 골,188,10,kanjidic2,https://www.edrdg.org/kanjidic/kanjidic2.xml.gz,CC BY-SA 4.0,auto,1,Auto draft: KANJIDIC2 readings/radical; Korean meaning draft derived from local Korean word gloss or curated KANJIDIC English fallback.
込,"[""붐비다"",""혼잡하다""]","[""crowded"",""mixture"",""in bulk"",""included"",""(kokuji)""]",[],"[""-こ.む"",""こ.む"",""こ.み"",""-こ.み"",""こ.める""]",辵,책받침 착,162,5,kanjidic2,https://www.edrdg.org/kanjidic/kanjidic2.xml.gz,CC BY-SA 4.0,auto,1,Auto draft: KANJIDIC2 readings/radical; Korean meaning draft derived from local Korean word gloss or curated KANJIDIC English fallback.
頃,"[""요즘"",""최근"",""요즈음""]","[""time"",""about"",""toward""]","[""ケイ"",""キョウ""]","[""ころ"",""ごろ"",""しばら.く""]",頁,머리 혈,181,11,kanjidic2,https://www.edrdg.org/kanjidic/kanjidic2.xml.gz,CC BY-SA 4.0,auto,1,Auto draft: KANJIDIC2 readings/radical; Korean meaning draft derived from local Korean word gloss or curated KANJIDIC English fallback.
今,"[""지금""]","[""now""]","[""コン"",""キン""]","[""いま""]",人,사람 인,9,4,kanjidic2,https://www.edrdg.org/kanjidic/kanjidic2.xml.gz,CC BY-SA 4.0,auto,1,Auto draft: KANJIDIC2 readings/radical; Korean meaning draft derived from local Korean word gloss or curated KANJIDIC English fallback.
困,"[""곤란하다""]","[""quandary"",""become distressed"",""annoyed""]","[""コン""]","[""こま.る""]",囗,큰입구 국,31,7,kanjidic2,https://www.edrdg.org/kanjidic/kanjidic2.xml.gz,CC BY-SA 4.0,auto,1,Auto draft: KANJIDIC2 readings/radical; Korean meaning draft derived from local Korean word gloss or curated KANJIDIC English fallback.
婚,"[""혼인"",""결혼""]","[""marriage""]","[""コン""]",[],女,계집 녀,38,11,kanjidic2,https://www.edrdg.org/kanjidic/kanjidic2.xml.gz,CC BY-SA 4.0,auto,1,Auto draft: KANJIDIC2 readings/radical; Korean meaning draft derived from local Korean word gloss or curated KANJIDIC English fallback.
恨,"[""원한"",""원망""]","[""regret"",""bear a grudge"",""resentment"",""malice"",""hatred""]","[""コン""]","[""うら.む"",""うら.めしい""]",心,마음 심,61,9,kanjidic2,https://www.edrdg.org/kanjidic/kanjidic2.xml.gz,CC BY-SA 4.0,auto,1,Auto draft: KANJIDIC2 readings/radical; Korean meaning draft derived from local Korean word gloss or curated KANJIDIC English fallback.
昆,"[""자손"",""곤충""]","[""descendants"",""elder brother"",""insect""]","[""コン""]",[],日,날 일,72,8,kanjidic2,https://www.edrdg.org/kanjidic/kanjidic2.xml.gz,CC BY-SA 4.0,auto,1,Auto draft: KANJIDIC2 readings/radical; Korean meaning draft derived from local Korean word gloss or curated KANJIDIC English fallback.
根,"[""뿌리""]","[""root"",""radical"",""head (pimple)""]","[""コン""]","[""ね"",""-ね""]",木,나무 목,75,10,kanjidic2,https://www.edrdg.org/kanjidic/kanjidic2.xml.gz,CC BY-SA 4.0,auto,1,Auto draft: KANJIDIC2 readings/radical; Korean meaning draft derived from local Korean word gloss or curated KANJIDIC English fallback.
混,"[""섞다""]","[""mix"",""blend"",""confuse""]","[""コン""]","[""ま.じる"",""-ま.じり"",""ま.ざる"",""ま.ぜる"",""こ.む""]",水,물 수,85,11,kanjidic2,https://www.edrdg.org/kanjidic/kanjidic2.xml.gz,CC BY-SA 4.0,auto,1,Auto draft: KANJIDIC2 readings/radical; Korean meaning draft derived from local Korean word gloss or curated KANJIDIC English fallback.
紺,"[""남색"",""짙은 파랑""]","[""dark blue"",""navy""]","[""コン""]",[],糸,실 사,120,11,kanjidic2,https://www.edrdg.org/kanjidic/kanjidic2.xml.gz,CC BY-SA 4.0,auto,1,Auto draft: KANJIDIC2 readings/radical; Korean meaning draft derived from local Korean word gloss or curated KANJIDIC English fallback.
魂,"[""영혼""]","[""soul"",""spirit""]","[""コン""]","[""たましい"",""たま""]",鬼,귀신 귀,194,14,kanjidic2,https://www.edrdg.org/kanjidic/kanjidic2.xml.gz,CC BY-SA 4.0,auto,1,Auto draft: KANJIDIC2 readings/radical; Korean meaning draft derived from local Korean word gloss or curated KANJIDIC English fallback.
些,"[""조금"",""약간""]","[""a little bit"",""sometimes""]","[""サ"",""シャ""]","[""ち.と"",""ち.っと"",""いささか""]",二,두 이,7,8,kanjidic2,https://www.edrdg.org/kanjidic/kanjidic2.xml.gz,CC BY-SA 4.0,auto,2,Auto draft: KANJIDIC2 readings/radical; Korean meaning draft derived from local Korean word gloss or curated KANJIDIC English fallback.
左,"[""왼쪽""]","[""left""]","[""サ"",""シャ""]","[""ひだり""]",工,장인 공,48,5,kanjidic2,https://www.edrdg.org/kanjidic/kanjidic2.xml.gz,CC BY-SA 4.0,auto,1,Auto draft: KANJIDIC2 readings/radical; Korean meaning draft derived from local Korean word gloss or curated KANJIDIC English fallback.
差,"[""차이"",""차""]","[""distinction"",""difference"",""variation"",""discrepancy"",""margin"",""balance""]","[""サ""]","[""さ.す"",""さ.し""]",工,장인 공,48,10,kanjidic2,https://www.edrdg.org/kanjidic/kanjidic2.xml.gz,CC BY-SA 4.0,auto,1,Auto draft: KANJIDIC2 readings/radical; Korean meaning draft derived from local Korean word gloss or curated KANJIDIC English fallback.
査,"[""조사""]","[""investigate""]","[""サ""]",[],木,나무 목,75,9,kanjidic2,https://www.edrdg.org/kanjidic/kanjidic2.xml.gz,CC BY-SA 4.0,auto,1,Auto draft: KANJIDIC2 readings/radical; Korean meaning draft derived from local Korean word gloss or curated KANJIDIC English fallback.
沙,"[""모래""]","[""sand""]","[""サ"",""シャ""]","[""すな"",""よなげる""]",水,물 수,85,7,kanjidic2,https://www.edrdg.org/kanjidic/kanjidic2.xml.gz,CC BY-SA 4.0,auto,1,Auto draft: KANJIDIC2 readings/radical; Korean meaning draft derived from local Korean word gloss or curated KANJIDIC English fallback.
砂,"[""모래""]","[""sand""]","[""サ"",""シャ""]","[""すな""]",石,돌 석,112,9,kanjidic2,https://www.edrdg.org/kanjidic/kanjidic2.xml.gz,CC BY-SA 4.0,auto,1,Auto draft: KANJIDIC2 readings/radical; Korean meaning draft derived from local Korean word gloss or curated KANJIDIC English fallback.
詐,"[""속이다"",""거짓""]","[""lie"",""falsehood"",""deceive"",""pretend""]","[""サ""]","[""いつわ.る""]",言,말씀 언,149,12,kanjidic2,https://www.edrdg.org/kanjidic/kanjidic2.xml.gz,CC BY-SA 4.0,auto,1,Auto draft: KANJIDIC2 readings/radical; Korean meaning draft derived from local Korean word gloss or curated KANJIDIC English fallback.
鎖,"[""사슬"",""연쇄""]","[""chain"",""irons"",""connection""]","[""サ""]","[""くさり"",""とざ.す""]",金,쇠 금,167,18,kanjidic2,https://www.edrdg.org/kanjidic/kanjidic2.xml.gz,CC BY-SA 4.0,auto,1,Auto draft: KANJIDIC2 readings/radical; Korean meaning draft derived from local Korean word gloss or curated KANJIDIC English fallback.
座,"[""자리"",""앉다""]","[""squat"",""seat"",""cushion"",""gathering"",""sit""]","[""ザ""]","[""すわ.る""]",广,엄호 엄,53,10,kanjidic2,https://www.edrdg.org/kanjidic/kanjidic2.xml.gz,CC BY-SA 4.0,auto,1,Auto draft: KANJIDIC2 readings/radical; Korean meaning draft derived from local Korean word gloss or curated KANJIDIC English fallback.
債,"[""빚"",""채권""]","[""bond"",""loan"",""debt""]","[""サイ""]",[],人,사람 인,9,13,kanjidic2,https://www.edrdg.org/kanjidic/kanjidic2.xml.gz,CC BY-SA 4.0,auto,1,Auto draft: KANJIDIC2 readings/radical; Korean meaning draft derived from local Korean word gloss or curated KANJIDIC English fallback.
催,"[""행사"",""이벤트""]","[""sponsor"",""hold (a meeting)"",""give (a dinner)""]","[""サイ""]","[""もよう.す"",""もよお.す""]",人,사람 인,9,13,kanjidic2,https://www.edrdg.org/kanjidic/kanjidic2.xml.gz,CC BY-SA 4.0,auto,1,Auto draft: KANJIDIC2 readings/radical; Korean meaning draft derived from local Korean word gloss or curated KANJIDIC English fallback.
再,"[""다시"",""재차""]","[""again"",""twice"",""second time""]","[""サイ"",""サ""]","[""ふたた.び""]",冂,멀 경,13,6,kanjidic2,https://www.edrdg.org/kanjidic/kanjidic2.xml.gz,CC BY-SA 4.0,auto,1,Auto draft: KANJIDIC2 readings/radical; Korean meaning draft derived from local Korean word gloss or curated KANJIDIC English fallback.
最,"[""가장""]","[""utmost"",""most"",""extreme""]","[""サイ"",""シュ""]","[""もっと.も"",""つま""]",曰,가로 왈,73,12,kanjidic2,https://www.edrdg.org/kanjidic/kanjidic2.xml.gz,CC BY-SA 4.0,auto,1,Auto draft: KANJIDIC2 readings/radical; Korean meaning draft derived from local Korean word gloss or curated KANJIDIC English fallback.
塞,"[""막다"",""메우다""]","[""close"",""shut"",""cover"",""block"",""obstruct""]","[""ソク"",""サイ""]","[""ふさ.ぐ"",""とりで"",""み.ちる""]",土,흙 토,32,13,kanjidic2,https://www.edrdg.org/kanjidic/kanjidic2.xml.gz,CC BY-SA 4.0,auto,1,Auto draft: KANJIDIC2 readings/radical; Korean meaning draft derived from local Korean word gloss or curated KANJIDIC English fallback.
妻,"[""아내(겸양)""]","[""wife"",""spouse""]","[""サイ""]","[""つま""]",女,계집 녀,38,8,kanjidic2,https://www.edrdg.org/kanjidic/kanjidic2.xml.gz,CC BY-SA 4.0,auto,1,Auto draft: KANJIDIC2 readings/radical; Korean meaning draft derived from local Korean word gloss or curated KANJIDIC English fallback.
彩,"[""색채"",""채색""]","[""coloring"",""paint"",""makeup""]","[""サイ""]","[""いろど.る""]",彡,터럭 삼,59,11,kanjidic2,https://www.edrdg.org/kanjidic/kanjidic2.xml.gz,CC BY-SA 4.0,auto,1,Auto draft: KANJIDIC2 readings/radical; Korean meaning draft derived from local Korean word gloss or curated KANJIDIC English fallback.
才,"[""재능"",""나이""]","[""genius"",""years old"",""cubic shaku""]","[""サイ""]",[],手,손 수,64,3,kanjidic2,https://www.edrdg.org/kanjidic/kanjidic2.xml.gz,CC BY-SA 4.0,auto,1,Auto draft: KANJIDIC2 readings/radical; Korean meaning draft derived from local Korean word gloss or curated KANJIDIC English fallback.
採,"[""따다"",""채취하다"",""채택하다""]","[""pick"",""take"",""fetch"",""take up""]","[""サイ""]","[""と.る""]",手,손 수,64,11,kanjidic2,https://www.edrdg.org/kanjidic/kanjidic2.xml.gz,CC BY-SA 4.0,verified,10,Human-reviewed 2026-08-22: KANJIDIC English + JLPT usage cross-check; semantic-review draft confirmed.
栽,"[""심다"",""재배""]","[""plantation"",""planting""]","[""サイ""]",[],木,나무 목,75,10,kanjidic2,https://www.edrdg.org/kanjidic/kanjidic2.xml.gz,CC BY-SA 4.0,auto,1,Auto draft: KANJIDIC2 readings/radical; Korean meaning draft derived from local Korean word gloss or curated KANJIDIC English fallback.
歳,"[""해"",""나이""]","[""year-end"",""age"",""occasion"",""opportunity""]","[""サイ"",""セイ""]","[""とし"",""とせ"",""よわい""]",止,그칠 지,77,13,kanjidic2,https://www.edrdg.org/kanjidic/kanjidic2.xml.gz,CC BY-SA 4.0,auto,1,Auto draft: KANJIDIC2 readings/radical; Korean meaning draft derived from local Korean word gloss or curated KANJIDIC English fallback.
済,"[""끝나다"",""마치다"",""해결하다""]","[""settle (debt, etc.)"",""relieve (burden)"",""finish"",""come to an end"",""excusable"",""need not""]","[""サイ"",""セイ""]","[""す.む"",""-ず.み"",""-ずみ"",""す.まない"",""す.ます"",""-す.ます"",""すく.う"",""な.す"",""わたし"",""わた.る""]",水,물 수,85,11,kanjidic2,https://www.edrdg.org/kanjidic/kanjidic2.xml.gz,CC BY-SA 4.0,verified,10,Human-reviewed 2026-08-22: KANJIDIC English + JLPT usage cross-check; semantic-review draft confirmed.
災,"[""재앙"",""재난""]","[""disaster"",""calamity"",""woe"",""curse"",""evil""]","[""サイ""]","[""わざわ.い""]",火,불 화,86,7,kanjidic2,https://www.edrdg.org/kanjidic/kanjidic2.xml.gz,CC BY-SA 4.0,auto,1,Auto draft: KANJIDIC2 readings/radical; Korean meaning draft derived from local Korean word gloss or curated KANJIDIC English fallback.
砕,"[""부수다"",""깨다""]","[""smash"",""break"",""crush"",""familiar"",""popular""]","[""サイ""]","[""くだ.く"",""くだ.ける""]",石,돌 석,112,9,kanjidic2,https://www.edrdg.org/kanjidic/kanjidic2.xml.gz,CC BY-SA 4.0,auto,1,Auto draft: KANJIDIC2 readings/radical; Korean meaning draft derived from local Korean word gloss or curated KANJIDIC English fallback.
祭,"[""제사"",""축제"",""잔치""]","[""ritual"",""offer prayers"",""celebrate"",""deify"",""enshrine"",""worship""]","[""サイ""]","[""まつ.る"",""まつ.り"",""まつり""]",示,보일 시,113,11,kanjidic2,https://www.edrdg.org/kanjidic/kanjidic2.xml.gz,CC BY-SA 4.0,auto,1,Auto draft: KANJIDIC2 readings/radical; Korean meaning draft derived from local Korean word gloss or curated KANJIDIC English fallback.
細,"[""가늘다""]","[""dainty"",""get thin"",""taper"",""slender"",""narrow"",""detailed"",""precise""]","[""サイ""]","[""ほそ.い"",""ほそ.る"",""こま.か"",""こま.かい""]",糸,실 사,120,11,kanjidic2,https://www.edrdg.org/kanjidic/kanjidic2.xml.gz,CC BY-SA 4.0,auto,1,Auto draft: KANJIDIC2 readings/radical; Korean meaning draft derived from local Korean word gloss or curated KANJIDIC English fallback.
菜,"[""채소"",""반찬""]","[""vegetable"",""side dish"",""greens""]","[""サイ""]","[""な""]",艸,풀 초,140,11,kanjidic2,https://www.edrdg.org/kanjidic/kanjidic2.xml.gz,CC BY-SA 4.0,auto,2,Auto draft: KANJIDIC2 readings/radical; Korean meaning draft derived from local Korean word gloss or curated KANJIDIC English fallback.
裁,"[""재단하다"",""판단하다""]","[""tailor"",""judge"",""decision"",""cut out (pattern)""]","[""サイ""]","[""た.つ"",""さば.く""]",衣,옷 의,145,12,kanjidic2,https://www.edrdg.org/kanjidic/kanjidic2.xml.gz,CC BY-SA 4.0,auto,1,Auto draft: KANJIDIC2 readings/radical; Korean meaning draft derived from local Korean word gloss or curated KANJIDIC English fallback.
載,"[""놓이다"",""얹히다"",""실리다""]","[""ride"",""board"",""get on"",""place"",""spread"",""10**44"",""record"",""publish""]","[""サイ""]","[""の.せる"",""の.る""]",車,수레 거,159,13,kanjidic2,https://www.edrdg.org/kanjidic/kanjidic2.xml.gz,CC BY-SA 4.0,auto,1,Auto draft: KANJIDIC2 readings/radical; Korean meaning draft derived from local Korean word gloss or curated KANJIDIC English fallback.
際,"[""때"",""경우"",""상황""]","[""occasion"",""side"",""edge"",""verge"",""dangerous"",""adventurous"",""indecent"",""time"",""when""]","[""サイ""]","[""きわ"",""-ぎわ""]",阜,언덕 부,170,14,kanjidic2,https://www.edrdg.org/kanjidic/kanjidic2.xml.gz,CC BY-SA 4.0,auto,1,Auto draft: KANJIDIC2 readings/radical; Korean meaning draft derived from local Korean word gloss or curated KANJIDIC English fallback.
剤,"[""약제"",""약""]","[""dose"",""medicine"",""drug""]","[""ザイ"",""スイ"",""セイ""]","[""かる"",""けず.る""]",刀,칼 도,18,10,kanjidic2,https://www.edrdg.org/kanjidic/kanjidic2.xml.gz,CC BY-SA 4.0,auto,1,Auto draft: KANJIDIC2 readings/radical; Korean meaning draft derived from local Korean word gloss or curated KANJIDIC English fallback.
在,"[""있다"",""존재하다"",""가지다""]","[""exist"",""outskirts"",""suburbs"",""located in""]","[""ザイ""]","[""あ.る""]",土,흙 토,32,6,kanjidic2,https://www.edrdg.org/kanjidic/kanjidic2.xml.gz,CC BY-SA 4.0,auto,1,Auto draft: KANJIDIC2 readings/radical; Korean meaning draft derived from local Korean word gloss or curated KANJIDIC English fallback.
材,"[""재료"",""목재"",""인재""]","[""lumber"",""log"",""timber"",""wood"",""materials"",""ingredients"",""talent""]","[""ザイ""]",[],木,나무 목,75,7,kanjidic2,https://www.edrdg.org/kanjidic/kanjidic2.xml.gz,CC BY-SA 4.0,auto,1,Auto draft: KANJIDIC2 readings/radical; Korean meaning draft derived from local Korean word gloss or curated KANJIDIC English fallback.
罪,"[""죄""]","[""guilt"",""sin"",""crime"",""fault"",""blame"",""offense""]","[""ザイ""]","[""つみ""]",网,그물 망,122,13,kanjidic2,https://www.edrdg.org/kanjidic/kanjidic2.xml.gz,CC BY-SA 4.0,auto,1,Auto draft: KANJIDIC2 readings/radical; Korean meaning draft derived from local Korean word gloss or curated KANJIDIC English fallback.
財,"[""재물"",""재산""]","[""property"",""money"",""wealth"",""assets""]","[""ザイ"",""サイ"",""ゾク""]","[""たから""]",貝,조개 패,154,10,kanjidic2,https://www.edrdg.org/kanjidic/kanjidic2.xml.gz,CC BY-SA 4.0,auto,1,Auto draft: KANJIDIC2 readings/radical; Korean meaning draft derived from local Korean word gloss or curated KANJIDIC English fallback.
冴,"[""맑다"",""선명하다"",""머리가 잘 돌아가다"",""차갑다""]","[""be clear"",""serene"",""cold"",""skilful""]","[""ゴ"",""コ""]","[""さ.える"",""こお.る"",""ひ.える""]",冫,이 수,15,7,kanjidic2,https://www.edrdg.org/kanjidic/kanjidic2.xml.gz,CC BY-SA 4.0,verified,10,Human-reviewed 2026-08-22: KANJIDIC English + JLPT usage cross-check; semantic-review draft confirmed.
坂,"[""언덕""]","[""slope"",""incline"",""hill""]","[""ハン""]","[""さか""]",土,흙 토,32,7,kanjidic2,https://www.edrdg.org/kanjidic/kanjidic2.xml.gz,CC BY-SA 4.0,auto,1,Auto draft: KANJIDIC2 readings/radical; Korean meaning draft derived from local Korean word gloss or curated KANJIDIC English fallback.
咲,"[""피다""]","[""blossom"",""bloom""]","[""ショウ""]","[""さ.く"",""-ざき""]",口,입 구,30,9,kanjidic2,https://www.edrdg.org/kanjidic/kanjidic2.xml.gz,CC BY-SA 4.0,auto,2,Auto draft: KANJIDIC2 readings/radical; Korean meaning draft derived from local Korean word gloss or curated KANJIDIC English fallback.
作,"[""작품""]","[""make"",""production"",""prepare"",""build""]","[""サク"",""サ""]","[""つく.る"",""つく.り"",""-づく.り""]",人,사람 인,9,7,kanjidic2,https://www.edrdg.org/kanjidic/kanjidic2.xml.gz,CC BY-SA 4.0,auto,1,Auto draft: KANJIDIC2 readings/radical; Korean meaning draft derived from local Korean word gloss or curated KANJIDIC English fallback.
削,"[""깎다"",""줄이다"",""삭감하다""]","[""plane"",""sharpen"",""whittle"",""pare"",""shave""]","[""サク""]","[""けず.る"",""はつ.る"",""そ.ぐ""]",刀,칼 도,18,9,kanjidic2,https://www.edrdg.org/kanjidic/kanjidic2.xml.gz,CC BY-SA 4.0,auto,1,Auto draft: KANJIDIC2 readings/radical; Korean meaning draft derived from local Korean word gloss or curated KANJIDIC English fallback.
昨,"[""지난"",""어제""]","[""yesterday"",""previous""]","[""サク""]",[],日,날 일,72,9,kanjidic2,https://www.edrdg.org/kanjidic/kanjidic2.xml.gz,CC BY-SA 4.0,auto,1,Auto draft: KANJIDIC2 readings/radical; Korean meaning draft derived from local Korean word gloss or curated KANJIDIC English fallback.
策,"[""대책"",""방책""]","[""scheme"",""plan"",""policy"",""step"",""means""]","[""サク""]",[],竹,대 죽,118,12,kanjidic2,https://www.edrdg.org/kanjidic/kanjidic2.xml.gz,CC BY-SA 4.0,auto,1,Auto draft: KANJIDIC2 readings/radical; Korean meaning draft derived from local Korean word gloss or curated KANJIDIC English fallback.
索,"[""찾다"",""줄""]","[""cord"",""rope"",""searching"",""inquiring""]","[""サク""]",[],糸,실 사,120,10,kanjidic2,https://www.edrdg.org/kanjidic/kanjidic2.xml.gz,CC BY-SA 4.0,auto,1,Auto draft: KANJIDIC2 readings/radical; Korean meaning draft derived from local Korean word gloss or curated KANJIDIC English fallback.
錯,"[""섞이다"",""혼란""]","[""confused"",""mix"",""be in disorder""]","[""サク"",""シャク""]",[],金,쇠 금,167,16,kanjidic2,https://www.edrdg.org/kanjidic/kanjidic2.xml.gz,CC BY-SA 4.0,auto,1,Auto draft: KANJIDIC2 readings/radical; Korean meaning draft derived from local Korean word gloss or curated KANJIDIC English fallback.
桜,"[""벚꽃"",""벚나무""]","[""cherry""]","[""オウ"",""ヨウ""]","[""さくら""]",木,나무 목,75,10,kanjidic2,https://www.edrdg.org/kanjidic/kanjidic2.xml.gz,CC BY-SA 4.0,auto,1,Auto draft: KANJIDIC2 readings/radical; Korean meaning draft derived from local Korean word gloss or curated KANJIDIC English fallback.
匙,"[""숟가락""]","[""spoon""]","[""シ""]","[""さじ""]",匕,비수 비,21,11,kanjidic2,https://www.edrdg.org/kanjidic/kanjidic2.xml.gz,CC BY-SA 4.0,auto,1,Auto draft: KANJIDIC2 readings/radical; Korean meaning draft derived from local Korean word gloss or curated KANJIDIC English fallback.
冊,"[""책"",""권"",""책을 세는 단위""]","[""tome"",""counter for books"",""volume""]","[""サツ"",""サク""]","[""ふみ""]",冂,멀 경,13,5,kanjidic2,https://www.edrdg.org/kanjidic/kanjidic2.xml.gz,CC BY-SA 4.0,auto,2,Auto draft: KANJIDIC2 readings/radical; Korean meaning draft derived from local Korean word gloss or curated KANJIDIC English fallback.
刷,"[""인쇄"",""쇄""]","[""printing"",""print"",""brush""]","[""サツ""]","[""す.る"",""-ず.り"",""-ずり"",""は.く""]",刀,칼 도,18,8,kanjidic2,https://www.edrdg.org/kanjidic/kanjidic2.xml.gz,CC BY-SA 4.0,auto,1,Auto draft: KANJIDIC2 readings/radical; Korean meaning draft derived from local Korean word gloss or curated KANJIDIC English fallback.
察,"[""헤아리다""]","[""guess"",""presume"",""surmise"",""judge"",""understand""]","[""サツ""]",[],宀,갓머리 면,40,14,kanjidic2,https://www.edrdg.org/kanjidic/kanjidic2.xml.gz,CC BY-SA 4.0,auto,1,Auto draft: KANJIDIC2 readings/radical; Korean meaning draft derived from local Korean word gloss or curated KANJIDIC English fallback.
撮,"[""찍다"",""촬영""]","[""snapshot"",""take pictures""]","[""サツ""]","[""と.る"",""つま.む"",""-ど.り""]",手,손 수,64,15,kanjidic2,https://www.edrdg.org/kanjidic/kanjidic2.xml.gz,CC BY-SA 4.0,auto,1,Auto draft: KANJIDIC2 readings/radical; Korean meaning draft derived from local Korean word gloss or curated KANJIDIC English fallback.
擦,"[""문지르다"",""비비다""]","[""grate"",""rub"",""scratch"",""scrape"",""chafe"",""scour""]","[""サツ""]","[""す.る"",""す.れる"",""-ず.れ"",""こす.る"",""こす.れる""]",手,손 수,64,17,kanjidic2,https://www.edrdg.org/kanjidic/kanjidic2.xml.gz,CC BY-SA 4.0,auto,1,Auto draft: KANJIDIC2 readings/radical; Korean meaning draft derived from local Korean word gloss or curated KANJIDIC English fallback.
札,"[""표"",""패"",""부적""]","[""tag"",""paper money"",""counter for bonds"",""placard"",""bid""]","[""サツ""]","[""ふだ""]",木,나무 목,75,5,kanjidic2,https://www.edrdg.org/kanjidic/kanjidic2.xml.gz,CC BY-SA 4.0,auto,1,Auto draft: KANJIDIC2 readings/radical; Korean meaning draft derived from local Korean word gloss or curated KANJIDIC English fallback.
殺,"[""죽이다""]","[""kill"",""murder"",""butcher"",""slice off"",""split"",""diminish"",""reduce"",""spoil""]","[""サツ"",""サイ"",""セツ""]","[""ころ.す"",""-ごろ.し"",""そ.ぐ"",""あや.める""]",殳,갖은둥글월 문,79,10,kanjidic2,https://www.edrdg.org/kanjidic/kanjidic2.xml.gz,CC BY-SA 4.0,auto,1,Auto draft: KANJIDIC2 readings/radical; Korean meaning draft derived from local Korean word gloss or curated KANJIDIC English fallback.
雑,"[""조잡함"",""엉성함""]","[""miscellaneous""]","[""ザツ"",""ゾウ""]","[""まじ.える"",""まじ.る""]",隹,새 추,172,14,kanjidic2,https://www.edrdg.org/kanjidic/kanjidic2.xml.gz,CC BY-SA 4.0,auto,1,Auto draft: KANJIDIC2 readings/radical; Korean meaning draft derived from local Korean word gloss or curated KANJIDIC English fallback.
錆,"[""녹(색)""]","[""rust"",""tarnish""]","[""ショウ"",""セイ""]","[""さび"",""くわ.しい""]",金,쇠 금,167,16,kanjidic2,https://www.edrdg.org/kanjidic/kanjidic2.xml.gz,CC BY-SA 4.0,auto,1,Auto draft: KANJIDIC2 readings/radical; Korean meaning draft derived from local Korean word gloss or curated KANJIDIC English fallback.
皿,"[""접시""]","[""dish"",""a helping"",""plate""]","[""ベイ""]","[""さら""]",皿,그릇 명,108,5,kanjidic2,https://www.edrdg.org/kanjidic/kanjidic2.xml.gz,CC BY-SA 4.0,auto,2,Auto draft: KANJIDIC2 readings/radical; Korean meaning draft derived from local Korean word gloss or curated KANJIDIC English fallback.
三,"[""셋""]","[""three""]","[""サン"",""ゾウ""]","[""み"",""み.つ"",""みっ.つ""]",一,한 일,1,3,kanjidic2,https://www.edrdg.org/kanjidic/kanjidic2.xml.gz,CC BY-SA 4.0,auto,1,Auto draft: KANJIDIC2 readings/radical; Korean meaning draft derived from local Korean word gloss or curated KANJIDIC English fallback.
傘,"[""우산""]","[""umbrella""]","[""サン""]","[""かさ""]",人,사람 인,9,12,kanjidic2,https://www.edrdg.org/kanjidic/kanjidic2.xml.gz,CC BY-SA 4.0,auto,1,Auto draft: KANJIDIC2 readings/radical; Korean meaning draft derived from local Korean word gloss or curated KANJIDIC English fallback.
参,"[""'오다"",""가다'의겸양""]","[""nonplussed"",""three (in documents)"",""going"",""coming"",""visiting"",""visit"",""be defeated"",""die"",""be madly in love"",""participate"",""take part in""]","[""サン"",""シン""]","[""まい.る"",""まい-"",""まじわる"",""みつ""]",厶,사사 사,28,8,kanjidic2,https://www.edrdg.org/kanjidic/kanjidic2.xml.gz,CC BY-SA 4.0,auto,1,Auto draft: KANJIDIC2 readings/radical; Korean meaning draft derived from local Korean word gloss or curated KANJIDIC English fallback.
山,"[""산""]","[""mountain""]","[""サン"",""セン""]","[""やま""]",山,뫼 산,46,3,kanjidic2,https://www.edrdg.org/kanjidic/kanjidic2.xml.gz,CC BY-SA 4.0,auto,1,Auto draft: KANJIDIC2 readings/radical; Korean meaning draft derived from local Korean word gloss or curated KANJIDIC English fallback.
散,"[""흩어지다"",""흩뜨리다"",""낭비하다""]","[""scatter"",""disperse"",""spend"",""squander""]","[""サン""]","[""ち.る"",""ち.らす"",""-ち.らす"",""ち.らかす"",""ち.らかる"",""ち.らばる"",""ばら"",""ばら.ける""]",攴,둥글월 문,66,12,kanjidic2,https://www.edrdg.org/kanjidic/kanjidic2.xml.gz,CC BY-SA 4.0,verified,10,Human-reviewed 2026-08-22: KANJIDIC English + JLPT usage cross-check; semantic-review draft confirmed.
桟,"[""잔교"",""틀""]","[""scaffold"",""cleat"",""frame"",""jetty"",""bolt (door)""]","[""サン"",""セン""]","[""かけはし""]",木,나무 목,75,10,kanjidic2,https://www.edrdg.org/kanjidic/kanjidic2.xml.gz,CC BY-SA 4.0,auto,1,Auto draft: KANJIDIC2 readings/radical; Korean meaning draft derived from local Korean word gloss or curated KANJIDIC English fallback.
産,"[""낳다""]","[""products"",""bear"",""give birth"",""yield"",""childbirth"",""native"",""property""]","[""サン""]","[""う.む"",""う.まれる"",""うぶ-"",""む.す""]",生,날 생,100,11,kanjidic2,https://www.edrdg.org/kanjidic/kanjidic2.xml.gz,CC BY-SA 4.0,auto,1,Auto draft: KANJIDIC2 readings/radical; Korean meaning draft derived from local Korean word gloss or curated KANJIDIC English fallback.
算,"[""계산하다"",""수""]","[""calculate"",""divining"",""number"",""abacus"",""probability""]","[""サン""]","[""そろ""]",竹,대 죽,118,14,kanjidic2,https://www.edrdg.org/kanjidic/kanjidic2.xml.gz,CC BY-SA 4.0,auto,1,Auto draft: KANJIDIC2 readings/radical; Korean meaning draft derived from local Korean word gloss or curated KANJIDIC English fallback.
賛,"[""찬성하다"",""칭찬하다""]","[""approve"",""praise"",""title or inscription on picture"",""assist"",""agree with""]","[""サン""]","[""たす.ける"",""たた.える""]",貝,조개 패,154,15,kanjidic2,https://www.edrdg.org/kanjidic/kanjidic2.xml.gz,CC BY-SA 4.0,auto,1,Auto draft: KANJIDIC2 readings/radical; Korean meaning draft derived from local Korean word gloss or curated KANJIDIC English fallback.
酸,"[""산(酸)""]","[""acid"",""bitterness"",""sour"",""tart""]","[""サン""]","[""す.い""]",酉,닭 유,164,14,kanjidic2,https://www.edrdg.org/kanjidic/kanjidic2.xml.gz,CC BY-SA 4.0,auto,1,Auto draft: KANJIDIC2 readings/radical; Korean meaning draft derived from local Korean word gloss or curated KANJIDIC English fallback.
斬,"[""베다"",""참수하다""]","[""beheading"",""kill"",""murder""]","[""ザン"",""サン"",""セン"",""ゼン""]","[""き.る""]",斤,날 근,69,11,kanjidic2,https://www.edrdg.org/kanjidic/kanjidic2.xml.gz,CC BY-SA 4.0,verified,10,Human-reviewed 2026-08-22: KANJIDIC English + JLPT usage cross-check; semantic-review draft confirmed.
暫,"[""잠시""]","[""temporarily"",""a while"",""moment"",""long time""]","[""ザン""]","[""しばら.く""]",日,날 일,72,15,kanjidic2,https://www.edrdg.org/kanjidic/kanjidic2.xml.gz,CC BY-SA 4.0,auto,2,Auto draft: KANJIDIC2 readings/radical; Korean meaning draft derived from local Korean word gloss or curated KANJIDIC English fallback.
残,"[""남다""]","[""remainder"",""leftover"",""balance""]","[""ザン"",""サン""]","[""のこ.る"",""のこ.す"",""そこな.う"",""のこ.り""]",歹,죽을 사,78,10,kanjidic2,https://www.edrdg.org/kanjidic/kanjidic2.xml.gz,CC BY-SA 4.0,auto,1,Auto draft: KANJIDIC2 readings/radical; Korean meaning draft derived from local Korean word gloss or curated KANJIDIC English fallback.
仕,"[""섬기다"",""모시다""]","[""attend"",""doing"",""official"",""serve""]","[""シ"",""ジ""]","[""つか.える""]",人,사람 인,9,5,kanjidic2,https://www.edrdg.org/kanjidic/kanjidic2.xml.gz,CC BY-SA 4.0,auto,1,Auto draft: KANJIDIC2 readings/radical; Korean meaning draft derived from local Korean word gloss or curated KANJIDIC English fallback.
伺,"[""여쭙다"",""찾아뵙다""]","[""pay respects"",""visit"",""ask"",""inquire"",""question"",""implore""]","[""シ""]","[""うかが.う""]",人,사람 인,9,7,kanjidic2,https://www.edrdg.org/kanjidic/kanjidic2.xml.gz,CC BY-SA 4.0,verified,10,Human-reviewed 2026-08-22: KANJIDIC English + JLPT usage cross-check; semantic-review draft confirmed.
使,"[""사용하다""]","[""use"",""send on a mission"",""order"",""messenger"",""envoy"",""ambassador"",""cause""]","[""シ""]","[""つか.う"",""つか.い"",""-つか.い"",""-づか.い""]",人,사람 인,9,8,kanjidic2,https://www.edrdg.org/kanjidic/kanjidic2.xml.gz,CC BY-SA 4.0,auto,1,Auto draft: KANJIDIC2 readings/radical; Korean meaning draft derived from local Korean word gloss or curated KANJIDIC English fallback.
刺,"[""찌르다"",""쏘다""]","[""thorn"",""pierce"",""stab"",""prick"",""sting"",""calling card""]","[""シ""]","[""さ.す"",""さ.さる"",""さ.し"",""さし"",""とげ""]",刀,칼 도,18,8,kanjidic2,https://www.edrdg.org/kanjidic/kanjidic2.xml.gz,CC BY-SA 4.0,auto,1,Auto draft: KANJIDIC2 readings/radical; Korean meaning draft derived from local Korean word gloss or curated KANJIDIC English fallback.
司,"[""맡아 다스리다"",""관장하다""]","[""director"",""official"",""govt office"",""rule"",""administer""]","[""シ""]","[""つかさど.る""]",口,입 구,30,5,kanjidic2,https://www.edrdg.org/kanjidic/kanjidic2.xml.gz,CC BY-SA 4.0,auto,1,Auto draft: KANJIDIC2 readings/radical; Korean meaning draft derived from local Korean word gloss or curated KANJIDIC English fallback.
史,"[""역사"",""기록""]","[""history"",""chronicle""]","[""シ""]",[],口,입 구,30,5,kanjidic2,https://www.edrdg.org/kanjidic/kanjidic2.xml.gz,CC BY-SA 4.0,auto,1,Auto draft: KANJIDIC2 readings/radical; Korean meaning draft derived from local Korean word gloss or curated KANJIDIC English fallback.
四,"[""넷""]","[""four""]","[""シ""]","[""よ"",""よ.つ"",""よっ.つ"",""よん""]",囗,큰입구 국,31,5,kanjidic2,https://www.edrdg.org/kanjidic/kanjidic2.xml.gz,CC BY-SA 4.0,auto,1,Auto draft: KANJIDIC2 readings/radical; Korean meaning draft derived from local Korean word gloss or curated KANJIDIC English fallback.
士,"[""선비"",""무사""]","[""gentleman"",""scholar"",""samurai"",""samurai radical (no. 33)""]","[""シ""]","[""さむらい""]",士,선비 사,33,3,kanjidic2,https://www.edrdg.org/kanjidic/kanjidic2.xml.gz,CC BY-SA 4.0,auto,1,Auto draft: KANJIDIC2 readings/radical; Korean meaning draft derived from local Korean word gloss or curated KANJIDIC English fallback.
始,"[""시작되다""]","[""commence"",""begin""]","[""シ""]","[""はじ.める"",""-はじ.める"",""はじ.まる""]",女,계집 녀,38,8,kanjidic2,https://www.edrdg.org/kanjidic/kanjidic2.xml.gz,CC BY-SA 4.0,auto,1,Auto draft: KANJIDIC2 readings/radical; Korean meaning draft derived from local Korean word gloss or curated KANJIDIC English fallback.
姉,"[""언니"",""누나""]","[""elder sister""]","[""シ""]","[""あね"",""はは""]",女,계집 녀,38,8,kanjidic2,https://www.edrdg.org/kanjidic/kanjidic2.xml.gz,CC BY-SA 4.0,auto,1,Auto draft: KANJIDIC2 readings/radical; Korean meaning draft derived from local Korean word gloss or curated KANJIDIC English fallback.
姿,"[""모습"",""자태""]","[""figure"",""form"",""shape""]","[""シ""]","[""すがた""]",女,계집 녀,38,9,kanjidic2,https://www.edrdg.org/kanjidic/kanjidic2.xml.gz,CC BY-SA 4.0,auto,1,Auto draft: KANJIDIC2 readings/radical; Korean meaning draft derived from local Korean word gloss or curated KANJIDIC English fallback.
子,"[""아이"",""어린이""]","[""child"",""sign of the rat"",""11PM-1AM"",""first sign of Chinese zodiac""]","[""シ"",""ス"",""ツ""]","[""こ"",""-こ"",""ね""]",子,아들 자,39,3,kanjidic2,https://www.edrdg.org/kanjidic/kanjidic2.xml.gz,CC BY-SA 4.0,auto,1,Auto draft: KANJIDIC2 readings/radical; Korean meaning draft derived from local Korean word gloss or curated KANJIDIC English fallback.
市,"[""도시""]","[""market"",""city"",""town""]","[""シ""]","[""いち""]",巾,수건 건,50,5,kanjidic2,https://www.edrdg.org/kanjidic/kanjidic2.xml.gz,CC BY-SA 4.0,auto,1,Auto draft: KANJIDIC2 readings/radical; Korean meaning draft derived from local Korean word gloss or curated KANJIDIC English fallback.
師,"[""스승"",""전문가""]","[""expert"",""teacher"",""master"",""model"",""exemplar"",""army (incl. counter)"",""war""]","[""シ""]","[""いくさ""]",巾,수건 건,50,10,kanjidic2,https://www.edrdg.org/kanjidic/kanjidic2.xml.gz,CC BY-SA 4.0,auto,1,Auto draft: KANJIDIC2 readings/radical; Korean meaning draft derived from local Korean word gloss or curated KANJIDIC English fallback.
志,"[""뜻"",""의지""]","[""intention"",""plan"",""resolve"",""aspire"",""motive"",""hopes"",""shilling""]","[""シ""]","[""シリング"",""こころざ.す"",""こころざし""]",心,마음 심,61,7,kanjidic2,https://www.edrdg.org/kanjidic/kanjidic2.xml.gz,CC BY-SA 4.0,auto,1,Auto draft: KANJIDIC2 readings/radical; Korean meaning draft derived from local Korean word gloss or curated KANJIDIC English fallback.
思,"[""생각하다"",""느끼다""]","[""think""]","[""シ""]","[""おも.う"",""おもえら.く"",""おぼ.す""]",心,마음 심,61,9,kanjidic2,https://www.edrdg.org/kanjidic/kanjidic2.xml.gz,CC BY-SA 4.0,auto,1,Auto draft: KANJIDIC2 readings/radical; Korean meaning draft derived from local Korean word gloss or curated KANJIDIC English fallback.
指,"[""가리키다""]","[""finger"",""point to"",""indicate"",""put into"",""play (chess)"",""measure (ruler)""]","[""シ""]","[""ゆび"",""さ.す"",""-さ.し""]",手,손 수,64,9,kanjidic2,https://www.edrdg.org/kanjidic/kanjidic2.xml.gz,CC BY-SA 4.0,auto,1,Auto draft: KANJIDIC2 readings/radical; Korean meaning draft derived from local Korean word gloss or curated KANJIDIC English fallback.
支,"[""지탱하다"",""떠받치다""]","[""branch"",""support"",""sustain"",""branch radical (no. 65)""]","[""シ""]","[""ささ.える"",""つか.える"",""か.う""]",支,지탱할 지,65,4,kanjidic2,https://www.edrdg.org/kanjidic/kanjidic2.xml.gz,CC BY-SA 4.0,auto,1,Auto draft: KANJIDIC2 readings/radical; Korean meaning draft derived from local Korean word gloss or curated KANJIDIC English fallback.
施,"[""베풀다"",""행하다""]","[""give"",""bestow"",""perform"",""alms""]","[""シ"",""セ""]","[""ほどこ.す""]",方,모 방,70,9,kanjidic2,https://www.edrdg.org/kanjidic/kanjidic2.xml.gz,CC BY-SA 4.0,auto,1,Auto draft: KANJIDIC2 readings/radical; Korean meaning draft derived from local Korean word gloss or curated KANJIDIC English fallback.
旨,"[""뜻"",""맛있음""]","[""delicious"",""relish"",""show a liking for"",""purport"",""will"",""clever"",""expert""]","[""シ""]","[""むね"",""うま.い""]",日,날 일,72,6,kanjidic2,https://www.edrdg.org/kanjidic/kanjidic2.xml.gz,CC BY-SA 4.0,auto,1,Auto draft: KANJIDIC2 readings/radical; Korean meaning draft derived from local Korean word gloss or curated KANJIDIC English fallback.
枝,"[""가지""]","[""bough"",""branch"",""twig"",""limb"",""counter for branches""]","[""シ""]","[""えだ""]",木,나무 목,75,8,kanjidic2,https://www.edrdg.org/kanjidic/kanjidic2.xml.gz,CC BY-SA 4.0,auto,1,Auto draft: KANJIDIC2 readings/radical; Korean meaning draft derived from local Korean word gloss or curated KANJIDIC English fallback.
止,"[""그치다"",""멈추다""]","[""stop"",""halt""]","[""シ""]","[""と.まる"",""-ど.まり"",""と.める"",""-と.める"",""-ど.め"",""とど.める"",""とど.め"",""とど.まる"",""や.める"",""や.む"",""-や.む"",""よ.す"",""-さ.す"",""-さ.し""]",止,그칠 지,77,4,kanjidic2,https://www.edrdg.org/kanjidic/kanjidic2.xml.gz,CC BY-SA 4.0,auto,1,Auto draft: KANJIDIC2 readings/radical; Korean meaning draft derived from local Korean word gloss or curated KANJIDIC English fallback.
死,"[""죽다""]","[""death"",""die""]","[""シ""]","[""し.ぬ"",""し.に-""]",歹,죽을 사,78,6,kanjidic2,https://www.edrdg.org/kanjidic/kanjidic2.xml.gz,CC BY-SA 4.0,auto,1,Auto draft: KANJIDIC2 readings/radical; Korean meaning draft derived from local Korean word gloss or curated KANJIDIC English fallback.
氏,"[""성씨"",""씨""]","[""family name"",""surname"",""clan""]","[""シ""]","[""うじ"",""-うじ""]",氏,각씨 씨,83,4,kanjidic2,https://www.edrdg.org/kanjidic/kanjidic2.xml.gz,CC BY-SA 4.0,auto,1,Auto draft: KANJIDIC2 readings/radical; Korean meaning draft derived from local Korean word gloss or curated KANJIDIC English fallback.
祉,"[""복지"",""행복""]","[""welfare"",""happiness""]","[""シ""]",[],示,보일 시,113,8,kanjidic2,https://www.edrdg.org/kanjidic/kanjidic2.xml.gz,CC BY-SA 4.0,auto,1,Auto draft: KANJIDIC2 readings/radical; Korean meaning draft derived from local Korean word gloss or curated KANJIDIC English fallback.
私,"[""나"",""저""]","[""private"",""I"",""me""]","[""シ""]","[""わたくし"",""わたし""]",禾,벼 화,115,7,kanjidic2,https://www.edrdg.org/kanjidic/kanjidic2.xml.gz,CC BY-SA 4.0,auto,1,Auto draft: KANJIDIC2 readings/radical; Korean meaning draft derived from local Korean word gloss or curated KANJIDIC English fallback.
糸,"[""실""]","[""thread""]","[""シ""]","[""いと""]",糸,실 사,120,6,kanjidic2,https://www.edrdg.org/kanjidic/kanjidic2.xml.gz,CC BY-SA 4.0,auto,1,Auto draft: KANJIDIC2 readings/radical; Korean meaning draft derived from local Korean word gloss or curated KANJIDIC English fallback.
紙,"[""종이""]","[""paper""]","[""シ""]","[""かみ""]",糸,실 사,120,10,kanjidic2,https://www.edrdg.org/kanjidic/kanjidic2.xml.gz,CC BY-SA 4.0,auto,1,Auto draft: KANJIDIC2 readings/radical; Korean meaning draft derived from local Korean word gloss or curated KANJIDIC English fallback.
紫,"[""보라색"",""자주색""]","[""purple"",""violet""]","[""シ""]","[""むらさき""]",糸,실 사,120,12,kanjidic2,https://www.edrdg.org/kanjidic/kanjidic2.xml.gz,CC BY-SA 4.0,auto,1,Auto draft: KANJIDIC2 readings/radical; Korean meaning draft derived from local Korean word gloss or curated KANJIDIC English fallback.
至,"[""이르다""]","[""climax"",""arrive"",""proceed"",""reach"",""attain"",""result in""]","[""シ""]","[""いた.る""]",至,이를 지,133,6,kanjidic2,https://www.edrdg.org/kanjidic/kanjidic2.xml.gz,CC BY-SA 4.0,auto,1,Auto draft: KANJIDIC2 readings/radical; Korean meaning draft derived from local Korean word gloss or curated KANJIDIC English fallback.
視,"[""보다"",""주시""]","[""inspection"",""regard as"",""see"",""look at""]","[""シ""]","[""み.る""]",見,볼 견,147,11,kanjidic2,https://www.edrdg.org/kanjidic/kanjidic2.xml.gz,CC BY-SA 4.0,auto,1,Auto draft: KANJIDIC2 readings/radical; Korean meaning draft derived from local Korean word gloss or curated KANJIDIC English fallback.
詞,"[""말"",""품사""]","[""part of speech"",""words"",""poetry""]","[""シ""]","[""ことば""]",言,말씀 언,149,12,kanjidic2,https://www.edrdg.org/kanjidic/kanjidic2.xml.gz,CC BY-SA 4.0,auto,1,Auto draft: KANJIDIC2 readings/radical; Korean meaning draft derived from local Korean word gloss or curated KANJIDIC English fallback.
詩,"[""시""]","[""poem"",""poetry""]","[""シ""]","[""うた""]",言,말씀 언,149,13,kanjidic2,https://www.edrdg.org/kanjidic/kanjidic2.xml.gz,CC BY-SA 4.0,verified,2,Human-reviewed 2026-08-19: KANJIDIC meanings and linked release vocabulary cross-checked.
試,"[""시험하다"",""시도하다""]","[""test"",""try"",""attempt"",""experiment"",""ordeal""]","[""シ""]","[""こころ.みる"",""ため.す""]",言,말씀 언,149,13,kanjidic2,https://www.edrdg.org/kanjidic/kanjidic2.xml.gz,CC BY-SA 4.0,auto,1,Auto draft: KANJIDIC2 readings/radical; Korean meaning draft derived from local Korean word gloss or curated KANJIDIC English fallback.
誌,"[""기록"",""잡지""]","[""document"",""records""]","[""シ""]",[],言,말씀 언,149,14,kanjidic2,https://www.edrdg.org/kanjidic/kanjidic2.xml.gz,CC BY-SA 4.0,auto,1,Auto draft: KANJIDIC2 readings/radical; Korean meaning draft derived from local Korean word gloss or curated KANJIDIC English fallback.
資,"[""자원"",""자본""]","[""assets"",""resources"",""capital"",""funds"",""data"",""be conducive to"",""contribute to""]","[""シ""]",[],貝,조개 패,154,13,kanjidic2,https://www.edrdg.org/kanjidic/kanjidic2.xml.gz,CC BY-SA 4.0,auto,1,Auto draft: KANJIDIC2 readings/radical; Korean meaning draft derived from local Korean word gloss or curated KANJIDIC English fallback.
賜,"[""허가하다"",""주다""]","[""grant"",""gift"",""boon"",""results""]","[""シ""]","[""たまわ.る"",""たま.う"",""たも.う""]",貝,조개 패,154,15,kanjidic2,https://www.edrdg.org/kanjidic/kanjidic2.xml.gz,CC BY-SA 4.0,auto,1,Auto draft: KANJIDIC2 readings/radical; Korean meaning draft derived from local Korean word gloss or curated KANJIDIC English fallback.
雌,"[""암컷""]","[""feminine"",""female""]","[""シ""]","[""め-"",""めす"",""めん""]",隹,새 추,172,14,kanjidic2,https://www.edrdg.org/kanjidic/kanjidic2.xml.gz,CC BY-SA 4.0,auto,1,Auto draft: KANJIDIC2 readings/radical; Korean meaning draft derived from local Korean word gloss or curated KANJIDIC English fallback.
飼,"[""기르다"",""키우다"",""먹이다""]","[""domesticate"",""raise"",""keep"",""feed""]","[""シ""]","[""か.う""]",食,밥 식,184,13,kanjidic2,https://www.edrdg.org/kanjidic/kanjidic2.xml.gz,CC BY-SA 4.0,auto,1,Auto draft: KANJIDIC2 readings/radical; Korean meaning draft derived from local Korean word gloss or curated KANJIDIC English fallback.
歯,"[""이"",""치아""]","[""tooth"",""cog""]","[""シ""]","[""よわい"",""は"",""よわ.い"",""よわい.する""]",止,그칠 지,77,12,kanjidic2,https://www.edrdg.org/kanjidic/kanjidic2.xml.gz,CC BY-SA 4.0,auto,1,Auto draft: KANJIDIC2 readings/radical; Korean meaning draft derived from local Korean word gloss or curated KANJIDIC English fallback.
事,"[""일"",""것""]","[""matter"",""thing"",""fact"",""business"",""reason"",""possibly""]","[""ジ"",""ズ""]","[""こと"",""つか.う"",""つか.える""]",亅,갈고리 궐,6,8,kanjidic2,https://www.edrdg.org/kanjidic/kanjidic2.xml.gz,CC BY-SA 4.0,auto,1,Auto draft: KANJIDIC2 readings/radical; Korean meaning draft derived from local Korean word gloss or curated KANJIDIC English fallback.
似,"[""닮다"",""비슷하다""]","[""becoming"",""resemble"",""counterfeit"",""imitate"",""suitable""]","[""ジ""]","[""に.る"",""ひ.る""]",人,사람 인,9,7,kanjidic2,https://www.edrdg.org/kanjidic/kanjidic2.xml.gz,CC BY-SA 4.0,auto,1,Auto draft: KANJIDIC2 readings/radical; Korean meaning draft derived from local Korean word gloss or curated KANJIDIC English fallback.
侍,"[""사무라이""]","[""waiter"",""samurai"",""wait upon"",""serve""]","[""ジ"",""シ""]","[""さむらい"",""はべ.る""]",人,사람 인,9,8,kanjidic2,https://www.edrdg.org/kanjidic/kanjidic2.xml.gz,CC BY-SA 4.0,auto,1,Auto draft: KANJIDIC2 readings/radical; Korean meaning draft derived from local Korean word gloss or curated KANJIDIC English fallback.
児,"[""아이"",""어린이""]","[""newborn babe"",""child"",""young of animals""]","[""ジ"",""ニ"",""ゲイ""]","[""こ"",""-こ"",""-っこ""]",儿,어진사람 인,10,7,kanjidic2,https://www.edrdg.org/kanjidic/kanjidic2.xml.gz,CC BY-SA 4.0,auto,1,Auto draft: KANJIDIC2 readings/radical; Korean meaning draft derived from local Korean word gloss or curated KANJIDIC English fallback.
字,"[""글자"",""문자""]","[""character"",""letter"",""word"",""section of village""]","[""ジ""]","[""あざ"",""あざな"",""-な""]",子,아들 자,39,6,kanjidic2,https://www.edrdg.org/kanjidic/kanjidic2.xml.gz,CC BY-SA 4.0,auto,1,Auto draft: KANJIDIC2 readings/radical; Korean meaning draft derived from local Korean word gloss or curated KANJIDIC English fallback.
寺,"[""절"",""사찰""]","[""Buddhist temple""]","[""ジ""]","[""てら""]",寸,마디 촌,41,6,kanjidic2,https://www.edrdg.org/kanjidic/kanjidic2.xml.gz,CC BY-SA 4.0,auto,1,Auto draft: KANJIDIC2 readings/radical; Korean meaning draft derived from local Korean word gloss or curated KANJIDIC English fallback.
持,"[""가지다"",""들다""]","[""hold"",""have""]","[""ジ""]","[""も.つ"",""-も.ち"",""も.てる""]",手,손 수,64,9,kanjidic2,https://www.edrdg.org/kanjidic/kanjidic2.xml.gz,CC BY-SA 4.0,auto,1,Auto draft: KANJIDIC2 readings/radical; Korean meaning draft derived from local Korean word gloss or curated KANJIDIC English fallback.
時,"[""때때로""]","[""time"",""hour""]","[""ジ""]","[""とき"",""-どき""]",日,날 일,72,10,kanjidic2,https://www.edrdg.org/kanjidic/kanjidic2.xml.gz,CC BY-SA 4.0,auto,1,Auto draft: KANJIDIC2 readings/radical; Korean meaning draft derived from local Korean word gloss or curated KANJIDIC English fallback.
次,"[""잇따라""]","[""next"",""order"",""sequence""]","[""ジ"",""シ""]","[""つ.ぐ"",""つぎ""]",欠,하품 흠,76,6,kanjidic2,https://www.edrdg.org/kanjidic/kanjidic2.xml.gz,CC BY-SA 4.0,auto,1,Auto draft: KANJIDIC2 readings/radical; Korean meaning draft derived from local Korean word gloss or curated KANJIDIC English fallback.
治,"[""다스리다"",""낫다"",""고치다"",""진정시키다""]","[""reign"",""be at peace"",""calm down"",""subdue"",""quell"",""govt"",""cure"",""heal"",""rule"",""conserve""]","[""ジ"",""チ""]","[""おさ.める"",""おさ.まる"",""なお.る"",""なお.す""]",水,물 수,85,8,kanjidic2,https://www.edrdg.org/kanjidic/kanjidic2.xml.gz,CC BY-SA 4.0,verified,10,Human-reviewed 2026-08-22: KANJIDIC English + JLPT usage cross-check; semantic-review draft confirmed.
磁,"[""자석"",""자기""]","[""magnet"",""porcelain""]","[""ジ""]",[],石,돌 석,112,14,kanjidic2,https://www.edrdg.org/kanjidic/kanjidic2.xml.gz,CC BY-SA 4.0,auto,1,Auto draft: KANJIDIC2 readings/radical; Korean meaning draft derived from local Korean word gloss or curated KANJIDIC English fallback.
示,"[""나타내다"",""제시하다""]","[""show"",""indicate"",""point out"",""express"",""display""]","[""ジ"",""シ""]","[""しめ.す""]",示,보일 시,113,5,kanjidic2,https://www.edrdg.org/kanjidic/kanjidic2.xml.gz,CC BY-SA 4.0,auto,1,Auto draft: KANJIDIC2 readings/radical; Korean meaning draft derived from local Korean word gloss or curated KANJIDIC English fallback.
耳,"[""귀""]","[""ear""]","[""ジ""]","[""みみ""]",耳,귀 이,128,6,kanjidic2,https://www.edrdg.org/kanjidic/kanjidic2.xml.gz,CC BY-SA 4.0,auto,1,Auto draft: KANJIDIC2 readings/radical; Korean meaning draft derived from local Korean word gloss or curated KANJIDIC English fallback.
自,"[""스스로"",""몸소""]","[""oneself""]","[""ジ"",""シ""]","[""みずか.ら"",""おの.ずから"",""おの.ずと""]",自,스스로 자,132,6,kanjidic2,https://www.edrdg.org/kanjidic/kanjidic2.xml.gz,CC BY-SA 4.0,auto,1,Auto draft: KANJIDIC2 readings/radical; Korean meaning draft derived from local Korean word gloss or curated KANJIDIC English fallback.
辞,"[""그만두다"",""퇴직하다""]","[""resign"",""word"",""term"",""expression""]","[""ジ""]","[""や.める"",""いな.む""]",辛,매울 신,160,13,kanjidic2,https://www.edrdg.org/kanjidic/kanjidic2.xml.gz,CC BY-SA 4.0,auto,1,Auto draft: KANJIDIC2 readings/radical; Korean meaning draft derived from local Korean word gloss or curated KANJIDIC English fallback.
鹿,"[""사슴""]","[""deer""]","[""ロク""]","[""しか"",""か""]",鹿,사슴 록,198,11,kanjidic2,https://www.edrdg.org/kanjidic/kanjidic2.xml.gz,CC BY-SA 4.0,auto,2,Auto draft: KANJIDIC2 readings/radical; Korean meaning draft derived from local Korean word gloss or curated KANJIDIC English fallback.
式,"[""방식"",""의식"",""식""]","[""style"",""ceremony"",""rite"",""function"",""method"",""system"",""form"",""expression""]","[""シキ""]",[],弋,주살 익,56,6,kanjidic2,https://www.edrdg.org/kanjidic/kanjidic2.xml.gz,CC BY-SA 4.0,auto,1,Auto draft: KANJIDIC2 readings/radical; Korean meaning draft derived from local Korean word gloss or curated KANJIDIC English fallback.
識,"[""알다"",""식별""]","[""discriminating"",""know"",""write""]","[""シキ""]","[""し.る"",""しる.す""]",言,말씀 언,149,19,kanjidic2,https://www.edrdg.org/kanjidic/kanjidic2.xml.gz,CC BY-SA 4.0,auto,1,Auto draft: KANJIDIC2 readings/radical; Korean meaning draft derived from local Korean word gloss or curated KANJIDIC English fallback.
軸,"[""축""]","[""axis"",""pivot"",""stem"",""stalk"",""counter for book scrolls""]","[""ジク""]",[],車,수레 거,159,12,kanjidic2,https://www.edrdg.org/kanjidic/kanjidic2.xml.gz,CC BY-SA 4.0,auto,1,Auto draft: KANJIDIC2 readings/radical; Korean meaning draft derived from local Korean word gloss or curated KANJIDIC English fallback.
雫,"[""물방울""]","[""drop"",""trickle"",""dripping"",""(kokuji)""]","[""ダ""]","[""しずく""]",雨,비 우,173,11,kanjidic2,https://www.edrdg.org/kanjidic/kanjidic2.xml.gz,CC BY-SA 4.0,auto,1,Auto draft: KANJIDIC2 readings/radical; Korean meaning draft derived from local Korean word gloss or curated KANJIDIC English fallback.
七,"[""일곱""]","[""seven""]","[""シチ""]","[""なな"",""なな.つ"",""なの""]",一,한 일,1,2,kanjidic2,https://www.edrdg.org/kanjidic/kanjidic2.xml.gz,CC BY-SA 4.0,auto,2,Auto draft: KANJIDIC2 readings/radical; Korean meaning draft derived from local Korean word gloss or curated KANJIDIC English fallback.
叱,"[""꾸짖다""]","[""scold"",""reprove""]","[""シツ"",""シチ"",""カ""]","[""しか.る""]",口,입 구,30,5,kanjidic2,https://www.edrdg.org/kanjidic/kanjidic2.xml.gz,CC BY-SA 4.0,verified,10,Human-reviewed 2026-08-22: KANJIDIC English + JLPT usage cross-check; semantic-review draft confirmed.
執,"[""잡다"",""집착하다""]","[""tenacious"",""take hold"",""grasp"",""take to heart""]","[""シツ"",""シュウ""]","[""と.る""]",土,흙 토,32,11,kanjidic2,https://www.edrdg.org/kanjidic/kanjidic2.xml.gz,CC BY-SA 4.0,auto,1,Auto draft: KANJIDIC2 readings/radical; Korean meaning draft derived from local Korean word gloss or curated KANJIDIC English fallback.
失,"[""잃어버리다"",""놓치다""]","[""lose"",""error"",""fault"",""disadvantage"",""loss""]","[""シツ""]","[""うしな.う"",""う.せる""]",大,큰 대,37,5,kanjidic2,https://www.edrdg.org/kanjidic/kanjidic2.xml.gz,CC BY-SA 4.0,auto,1,Auto draft: KANJIDIC2 readings/radical; Korean meaning draft derived from local Korean word gloss or curated KANJIDIC English fallback.
嫉,"[""질투하다"",""시기하다""]","[""jealous"",""envy""]","[""シツ""]","[""そね.む"",""ねた.む"",""にく.む""]",女,계집 녀,38,13,kanjidic2,https://www.edrdg.org/kanjidic/kanjidic2.xml.gz,CC BY-SA 4.0,verified,10,Human-reviewed 2026-08-22: KANJIDIC English + JLPT usage cross-check; semantic-review draft confirmed.
室,"[""방"",""실""]","[""room"",""apartment"",""chamber"",""greenhouse"",""cellar""]","[""シツ""]","[""むろ""]",宀,갓머리 면,40,9,kanjidic2,https://www.edrdg.org/kanjidic/kanjidic2.xml.gz,CC BY-SA 4.0,auto,1,Auto draft: KANJIDIC2 readings/radical; Korean meaning draft derived from local Korean word gloss or curated KANJIDIC English fallback.
湿,"[""축축해지다"",""습기차다""]","[""damp"",""wet"",""moist""]","[""シツ"",""シュウ""]","[""しめ.る"",""しめ.す"",""うるお.う"",""うるお.す""]",水,물 수,85,12,kanjidic2,https://www.edrdg.org/kanjidic/kanjidic2.xml.gz,CC BY-SA 4.0,auto,1,Auto draft: KANJIDIC2 readings/radical; Korean meaning draft derived from local Korean word gloss or curated KANJIDIC English fallback.
質,"[""질"",""품질""]","[""substance"",""quality"",""matter"",""temperament""]","[""シツ"",""シチ"",""チ""]","[""たち"",""ただ.す"",""もと"",""わりふ""]",貝,조개 패,154,15,kanjidic2,https://www.edrdg.org/kanjidic/kanjidic2.xml.gz,CC BY-SA 4.0,auto,1,Auto draft: KANJIDIC2 readings/radical; Korean meaning draft derived from local Korean word gloss or curated KANJIDIC English fallback.
実,"[""열매"",""실제"",""결실""]","[""reality"",""truth"",""seed"",""fruit"",""nut""]","[""ジツ"",""シツ""]","[""み"",""みの.る"",""まこと"",""みの"",""みち.る""]",宀,갓머리 면,40,8,kanjidic2,https://www.edrdg.org/kanjidic/kanjidic2.xml.gz,CC BY-SA 4.0,auto,1,Auto draft: KANJIDIC2 readings/radical; Korean meaning draft derived from local Korean word gloss or curated KANJIDIC English fallback.
芝,"[""잔디밭""]","[""turf"",""lawn""]","[""シ""]","[""しば""]",艸,풀 초,140,6,kanjidic2,https://www.edrdg.org/kanjidic/kanjidic2.xml.gz,CC BY-SA 4.0,auto,1,Auto draft: KANJIDIC2 readings/radical; Korean meaning draft derived from local Korean word gloss or curated KANJIDIC English fallback.
縞,"[""줄무늬""]","[""stripe""]","[""コウ""]","[""しま"",""しろぎぬ""]",糸,실 사,120,16,kanjidic2,https://www.edrdg.org/kanjidic/kanjidic2.xml.gz,CC BY-SA 4.0,auto,1,Auto draft: KANJIDIC2 readings/radical; Korean meaning draft derived from local Korean word gloss or curated KANJIDIC English fallback.
舎,"[""집"",""숙소""]","[""cottage"",""inn"",""hut"",""house"",""mansion""]","[""シャ"",""セキ""]","[""やど.る""]",人,사람 인,9,8,kanjidic2,https://www.edrdg.org/kanjidic/kanjidic2.xml.gz,CC BY-SA 4.0,auto,1,Auto draft: KANJIDIC2 readings/radical; Korean meaning draft derived from local Korean word gloss or curated KANJIDIC English fallback.
写,"[""베끼다"",""사진을 찍다""]","[""copy"",""be photographed"",""describe""]","[""シャ"",""ジャ""]","[""うつ.す"",""うつ.る"",""うつ-"",""うつ.し""]",冖,민갓머리 멱,14,5,kanjidic2,https://www.edrdg.org/kanjidic/kanjidic2.xml.gz,CC BY-SA 4.0,auto,1,Auto draft: KANJIDIC2 readings/radical; Korean meaning draft derived from local Korean word gloss or curated KANJIDIC English fallback.
射,"[""(빛이) 비치다""]","[""shoot"",""shine into"",""onto"",""archery""]","[""シャ""]","[""い.る"",""さ.す"",""う.つ""]",寸,마디 촌,41,10,kanjidic2,https://www.edrdg.org/kanjidic/kanjidic2.xml.gz,CC BY-SA 4.0,auto,1,Auto draft: KANJIDIC2 readings/radical; Korean meaning draft derived from local Korean word gloss or curated KANJIDIC English fallback.
捨,"[""버리다""]","[""discard"",""throw away"",""abandon"",""resign"",""reject"",""sacrifice""]","[""シャ""]","[""す.てる""]",手,손 수,64,11,kanjidic2,https://www.edrdg.org/kanjidic/kanjidic2.xml.gz,CC BY-SA 4.0,auto,1,Auto draft: KANJIDIC2 readings/radical; Korean meaning draft derived from local Korean word gloss or curated KANJIDIC English fallback.
斜,"[""비스듬함"",""대각선""]","[""diagonal"",""slanting"",""oblique""]","[""シャ""]","[""なな.め"",""はす""]",斗,말 두,68,11,kanjidic2,https://www.edrdg.org/kanjidic/kanjidic2.xml.gz,CC BY-SA 4.0,auto,1,Auto draft: KANJIDIC2 readings/radical; Korean meaning draft derived from local Korean word gloss or curated KANJIDIC English fallback.
煮,"[""끓다"",""끓이다""]","[""boil"",""cook""]","[""シャ""]","[""に.る"",""-に"",""に.える"",""に.やす""]",火,불 화,86,12,kanjidic2,https://www.edrdg.org/kanjidic/kanjidic2.xml.gz,CC BY-SA 4.0,auto,1,Auto draft: KANJIDIC2 readings/radical; Korean meaning draft derived from local Korean word gloss or curated KANJIDIC English fallback.
社,"[""회사"",""사당""]","[""company"",""firm"",""office"",""association"",""shrine""]","[""シャ""]","[""やしろ""]",示,보일 시,113,7,kanjidic2,https://www.edrdg.org/kanjidic/kanjidic2.xml.gz,CC BY-SA 4.0,auto,1,Auto draft: KANJIDIC2 readings/radical; Korean meaning draft derived from local Korean word gloss or curated KANJIDIC English fallback.
者,"[""사람"",""자""]","[""someone"",""person""]","[""シャ""]","[""もの""]",老,늙을 로,125,8,kanjidic2,https://www.edrdg.org/kanjidic/kanjidic2.xml.gz,CC BY-SA 4.0,auto,1,Auto draft: KANJIDIC2 readings/radical; Korean meaning draft derived from local Korean word gloss or curated KANJIDIC English fallback.
謝,"[""사과하다"",""사죄하다""]","[""apologize"",""thank"",""refuse""]","[""シャ""]","[""あやま.る""]",言,말씀 언,149,17,kanjidic2,https://www.edrdg.org/kanjidic/kanjidic2.xml.gz,CC BY-SA 4.0,auto,1,Auto draft: KANJIDIC2 readings/radical; Korean meaning draft derived from local Korean word gloss or curated KANJIDIC English fallback.
車,"[""자동차""]","[""car""]","[""シャ""]","[""くるま""]",車,수레 거,159,7,kanjidic2,https://www.edrdg.org/kanjidic/kanjidic2.xml.gz,CC BY-SA 4.0,auto,1,Auto draft: KANJIDIC2 readings/radical; Korean meaning draft derived from local Korean word gloss or curated KANJIDIC English fallback.
遮,"[""차단하다""]","[""intercept"",""interrupt"",""obstruct""]","[""シャ""]","[""さえぎ.る""]",辵,책받침 착,162,14,kanjidic2,https://www.edrdg.org/kanjidic/kanjidic2.xml.gz,CC BY-SA 4.0,auto,1,Auto draft: KANJIDIC2 readings/radical; Korean meaning draft derived from local Korean word gloss or curated KANJIDIC English fallback.
蛇,"[""뱀""]","[""snake"",""serpent"",""hard drinker""]","[""ジャ"",""ダ"",""イ"",""ヤ""]","[""へび""]",虫,벌레 충,142,11,kanjidic2,https://www.edrdg.org/kanjidic/kanjidic2.xml.gz,CC BY-SA 4.0,auto,1,Auto draft: KANJIDIC2 readings/radical; Korean meaning draft derived from local Korean word gloss or curated KANJIDIC English fallback.
邪,"[""사악함"",""부정""]","[""wicked"",""injustice"",""wrong""]","[""ジャ""]","[""よこし.ま""]",邑,고을 읍,163,8,kanjidic2,https://www.edrdg.org/kanjidic/kanjidic2.xml.gz,CC BY-SA 4.0,auto,1,Auto draft: KANJIDIC2 readings/radical; Korean meaning draft derived from local Korean word gloss or curated KANJIDIC English fallback.
借,"[""빌림"",""또"",""빌린 것""]","[""borrow"",""rent""]","[""シャク""]","[""か.りる""]",人,사람 인,9,10,kanjidic2,https://www.edrdg.org/kanjidic/kanjidic2.xml.gz,CC BY-SA 4.0,auto,1,Auto draft: KANJIDIC2 readings/radical; Korean meaning draft derived from local Korean word gloss or curated KANJIDIC English fallback.
酌,"[""술을 따르다"",""물을 뜨다""]","[""bar-tending"",""serving sake"",""the host"",""draw (water)"",""ladle"",""scoop"",""pump""]","[""シャク""]","[""く.む""]",酉,닭 유,164,10,kanjidic2,https://www.edrdg.org/kanjidic/kanjidic2.xml.gz,CC BY-SA 4.0,verified,10,Human-reviewed 2026-08-22: KANJIDIC English + JLPT usage cross-check; semantic-review draft confirmed.
釈,"[""해석"",""설명""]","[""explanation""]","[""シャク"",""セキ""]","[""とく"",""す.てる"",""ゆる.す""]",釆,분별할 채,165,11,kanjidic2,https://www.edrdg.org/kanjidic/kanjidic2.xml.gz,CC BY-SA 4.0,auto,1,Auto draft: KANJIDIC2 readings/radical; Korean meaning draft derived from local Korean word gloss or curated KANJIDIC English fallback.
若,"[""젋다"",""젊다""]","[""young"",""if"",""perhaps"",""possibly"",""low number"",""immature""]","[""ジャク"",""ニャク"",""ニャ""]","[""わか.い"",""わか-"",""も.しくわ"",""も.し"",""も.しくは"",""ごと.し""]",艸,풀 초,140,8,kanjidic2,https://www.edrdg.org/kanjidic/kanjidic2.xml.gz,CC BY-SA 4.0,auto,1,Auto draft: KANJIDIC2 readings/radical; Korean meaning draft derived from local Korean word gloss or curated KANJIDIC English fallback.
寂,"[""쓸쓸하다"",""외롭다""]","[""loneliness"",""quietly"",""mellow"",""mature"",""death of a priest""]","[""ジャク"",""セキ""]","[""さび"",""さび.しい"",""さび.れる"",""さみ.しい""]",宀,갓머리 면,40,11,kanjidic2,https://www.edrdg.org/kanjidic/kanjidic2.xml.gz,CC BY-SA 4.0,auto,2,Manual format normalization 2026-08-18: 중복 뜻 제거.
弱,"[""약함"",""약""]","[""weak"",""frail""]","[""ジャク""]","[""よわ.い"",""よわ.る"",""よわ.まる"",""よわ.める""]",弓,활 궁,57,10,kanjidic2,https://www.edrdg.org/kanjidic/kanjidic2.xml.gz,CC BY-SA 4.0,auto,1,Auto draft: KANJIDIC2 readings/radical; Korean meaning draft derived from local Korean word gloss or curated KANJIDIC English fallback.
主,"[""주되다""]","[""lord"",""chief"",""master"",""main thing"",""principal""]","[""シュ"",""ス"",""シュウ""]","[""ぬし"",""おも"",""あるじ""]",丶,점 주,3,5,kanjidic2,https://www.edrdg.org/kanjidic/kanjidic2.xml.gz,CC BY-SA 4.0,auto,1,Auto draft: KANJIDIC2 readings/radical; Korean meaning draft derived from local Korean word gloss or curated KANJIDIC English fallback.
取,"[""잡다"",""빼앗다"",""집다""]","[""take"",""fetch"",""take up""]","[""シュ""]","[""と.る"",""と.り"",""と.り-"",""とり"",""-ど.り""]",又,또 우,29,8,kanjidic2,https://www.edrdg.org/kanjidic/kanjidic2.xml.gz,CC BY-SA 4.0,auto,1,Auto draft: KANJIDIC2 readings/radical; Korean meaning draft derived from local Korean word gloss or curated KANJIDIC English fallback.
守,"[""지키다""]","[""guard"",""protect"",""defend"",""obey""]","[""シュ"",""ス""]","[""まも.る"",""まも.り"",""もり"",""-もり"",""かみ""]",宀,갓머리 면,40,6,kanjidic2,https://www.edrdg.org/kanjidic/kanjidic2.xml.gz,CC BY-SA 4.0,auto,1,Auto draft: KANJIDIC2 readings/radical; Korean meaning draft derived from local Korean word gloss or curated KANJIDIC English fallback.
手,"[""손""]","[""hand""]","[""シュ"",""ズ""]","[""て"",""て-"",""-て"",""た-""]",手,손 수,64,4,kanjidic2,https://www.edrdg.org/kanjidic/kanjidic2.xml.gz,CC BY-SA 4.0,auto,1,Auto draft: KANJIDIC2 readings/radical; Korean meaning draft derived from local Korean word gloss or curated KANJIDIC English fallback.
殊,"[""특히""]","[""particularly"",""especially"",""exceptionally""]","[""シュ""]","[""こと""]",歹,죽을 사,78,10,kanjidic2,https://www.edrdg.org/kanjidic/kanjidic2.xml.gz,CC BY-SA 4.0,auto,1,Auto draft: KANJIDIC2 readings/radical; Korean meaning draft derived from local Korean word gloss or curated KANJIDIC English fallback.
珠,"[""구슬"",""보석""]","[""pearl"",""gem"",""jewel""]","[""シュ""]","[""たま""]",玉,구슬 옥,96,10,kanjidic2,https://www.edrdg.org/kanjidic/kanjidic2.xml.gz,CC BY-SA 4.0,auto,1,Auto draft: KANJIDIC2 readings/radical; Korean meaning draft derived from local Korean word gloss or curated KANJIDIC English fallback.
種,"[""씨"",""종자""]","[""species"",""kind"",""class"",""variety"",""seed""]","[""シュ""]","[""たね"",""-ぐさ""]",禾,벼 화,115,14,kanjidic2,https://www.edrdg.org/kanjidic/kanjidic2.xml.gz,CC BY-SA 4.0,auto,1,Auto draft: KANJIDIC2 readings/radical; Korean meaning draft derived from local Korean word gloss or curated KANJIDIC English fallback.
趣,"[""정취"",""멋"",""취지""]","[""purport"",""gist"",""elegance"",""interest"",""proceed to"",""tend"",""become""]","[""シュ""]","[""おもむき"",""おもむ.く""]",走,달아날 주,156,15,kanjidic2,https://www.edrdg.org/kanjidic/kanjidic2.xml.gz,CC BY-SA 4.0,auto,1,Auto draft: KANJIDIC2 readings/radical; Korean meaning draft derived from local Korean word gloss or curated KANJIDIC English fallback.
酒,"[""술"",""사케""]","[""sake"",""alcohol""]","[""シュ""]","[""さけ"",""さか-""]",酉,닭 유,164,10,kanjidic2,https://www.edrdg.org/kanjidic/kanjidic2.xml.gz,CC BY-SA 4.0,auto,1,Auto draft: KANJIDIC2 readings/radical; Korean meaning draft derived from local Korean word gloss or curated KANJIDIC English fallback.
首,"[""목""]","[""neck"",""counter for songs and poems""]","[""シュ""]","[""くび""]",首,머리 수,185,9,kanjidic2,https://www.edrdg.org/kanjidic/kanjidic2.xml.gz,CC BY-SA 4.0,auto,1,Auto draft: KANJIDIC2 readings/radical; Korean meaning draft derived from local Korean word gloss or curated KANJIDIC English fallback.
受,"[""받다"",""받아들이다"",""겪다""]","[""accept"",""undergo"",""answer (phone)"",""take"",""get"",""catch"",""receive""]","[""ジュ""]","[""う.ける"",""-う.け"",""う.かる""]",又,또 우,29,8,kanjidic2,https://www.edrdg.org/kanjidic/kanjidic2.xml.gz,CC BY-SA 4.0,verified,10,Human-reviewed 2026-08-22: KANJIDIC English + JLPT usage cross-check; semantic-review draft confirmed.
寿,"[""장수"",""축하""]","[""longevity"",""congratulations"",""one's natural life""]","[""ジュ"",""ス"",""シュウ""]","[""ことぶき"",""ことぶ.く"",""ことほ.ぐ""]",寸,마디 촌,41,7,kanjidic2,https://www.edrdg.org/kanjidic/kanjidic2.xml.gz,CC BY-SA 4.0,auto,1,Auto draft: KANJIDIC2 readings/radical; Korean meaning draft derived from local Korean word gloss or curated KANJIDIC English fallback.
授,"[""수여하다"",""하사하다""]","[""impart"",""instruct"",""grant"",""confer""]","[""ジュ""]","[""さず.ける"",""さず.かる""]",手,손 수,64,11,kanjidic2,https://www.edrdg.org/kanjidic/kanjidic2.xml.gz,CC BY-SA 4.0,auto,1,Auto draft: KANJIDIC2 readings/radical; Korean meaning draft derived from local Korean word gloss or curated KANJIDIC English fallback.
樹,"[""나무"",""세우다""]","[""timber"",""trees"",""wood"",""establish"",""set up""]","[""ジュ""]","[""き""]",木,나무 목,75,16,kanjidic2,https://www.edrdg.org/kanjidic/kanjidic2.xml.gz,CC BY-SA 4.0,auto,1,Auto draft: KANJIDIC2 readings/radical; Korean meaning draft derived from local Korean word gloss or curated KANJIDIC English fallback.
需,"[""수요"",""필요""]","[""demand"",""request"",""need""]","[""ジュ""]",[],雨,비 우,173,14,kanjidic2,https://www.edrdg.org/kanjidic/kanjidic2.xml.gz,CC BY-SA 4.0,auto,1,Auto draft: KANJIDIC2 readings/radical; Korean meaning draft derived from local Korean word gloss or curated KANJIDIC English fallback.
収,"[""거두다"",""넣다"",""담다""]","[""income"",""obtain"",""reap"",""pay"",""supply"",""store""]","[""シュウ""]","[""おさ.める"",""おさ.まる""]",又,또 우,29,4,kanjidic2,https://www.edrdg.org/kanjidic/kanjidic2.xml.gz,CC BY-SA 4.0,auto,1,Auto draft: KANJIDIC2 readings/radical; Korean meaning draft derived from local Korean word gloss or curated KANJIDIC English fallback.
周,"[""주변""]","[""circumference"",""circuit"",""lap""]","[""シュウ""]","[""まわ.り""]",口,입 구,30,8,kanjidic2,https://www.edrdg.org/kanjidic/kanjidic2.xml.gz,CC BY-SA 4.0,auto,1,Auto draft: KANJIDIC2 readings/radical; Korean meaning draft derived from local Korean word gloss or curated KANJIDIC English fallback.
宗,"[""종교"",""종파"",""근본""]","[""religion"",""sect"",""denomination"",""main point"",""origin"",""essence""]","[""シュウ"",""ソウ""]","[""むね""]",宀,갓머리 면,40,8,kanjidic2,https://www.edrdg.org/kanjidic/kanjidic2.xml.gz,CC BY-SA 4.0,auto,1,Auto draft: KANJIDIC2 readings/radical; Korean meaning draft derived from local Korean word gloss or curated KANJIDIC English fallback.
就,"[""(지위에)오르다"",""취임하다""]","[""concerning"",""settle"",""take position"",""depart"",""study"",""per""]","[""シュウ"",""ジュ""]","[""つ.く"",""つ.ける""]",尢,절름발이 왕,43,12,kanjidic2,https://www.edrdg.org/kanjidic/kanjidic2.xml.gz,CC BY-SA 4.0,auto,1,Auto draft: KANJIDIC2 readings/radical; Korean meaning draft derived from local Korean word gloss or curated KANJIDIC English fallback.
州,"[""주"",""지방""]","[""state"",""province""]","[""シュウ"",""ス""]","[""す""]",巛,개미허리 천,47,6,kanjidic2,https://www.edrdg.org/kanjidic/kanjidic2.xml.gz,CC BY-SA 4.0,auto,1,Auto draft: KANJIDIC2 readings/radical; Korean meaning draft derived from local Korean word gloss or curated KANJIDIC English fallback.
修,"[""닦다"",""수련하다""]","[""discipline"",""conduct oneself well"",""study"",""master""]","[""シュウ"",""シュ""]","[""おさ.める"",""おさ.まる""]",人,사람 인,9,10,kanjidic2,https://www.edrdg.org/kanjidic/kanjidic2.xml.gz,CC BY-SA 4.0,auto,1,Auto draft: KANJIDIC2 readings/radical; Korean meaning draft derived from local Korean word gloss or curated KANJIDIC English fallback.
愁,"[""근심"",""슬퍼하다""]","[""distress"",""grieve"",""lament"",""be anxious""]","[""シュウ""]","[""うれ.える"",""うれ.い""]",心,마음 심,61,13,kanjidic2,https://www.edrdg.org/kanjidic/kanjidic2.xml.gz,CC BY-SA 4.0,auto,2,Auto draft: KANJIDIC2 readings/radical; Korean meaning draft derived from local Korean word gloss or curated KANJIDIC English fallback.
拾,"[""줍다"",""모으다""]","[""pick up"",""gather"",""find"",""go on foot"",""ten""]","[""シュウ"",""ジュウ""]","[""ひろ.う""]",手,손 수,64,9,kanjidic2,https://www.edrdg.org/kanjidic/kanjidic2.xml.gz,CC BY-SA 4.0,verified,10,Human-reviewed 2026-08-22: KANJIDIC English + JLPT usage cross-check; semantic-review draft confirmed.
秀,"[""뛰어나다"",""우수함""]","[""excel"",""excellence"",""beauty"",""surpass""]","[""シュウ""]","[""ひい.でる""]",禾,벼 화,115,7,kanjidic2,https://www.edrdg.org/kanjidic/kanjidic2.xml.gz,CC BY-SA 4.0,auto,1,Auto draft: KANJIDIC2 readings/radical; Korean meaning draft derived from local Korean word gloss or curated KANJIDIC English fallback.
秋,"[""가을""]","[""autumn""]","[""シュウ""]","[""あき"",""とき""]",禾,벼 화,115,9,kanjidic2,https://www.edrdg.org/kanjidic/kanjidic2.xml.gz,CC BY-SA 4.0,auto,1,Auto draft: KANJIDIC2 readings/radical; Korean meaning draft derived from local Korean word gloss or curated KANJIDIC English fallback.
終,"[""끝나다""]","[""end"",""finish""]","[""シュウ""]","[""お.わる"",""-お.わる"",""おわ.る"",""お.える"",""つい"",""つい.に""]",糸,실 사,120,11,kanjidic2,https://www.edrdg.org/kanjidic/kanjidic2.xml.gz,CC BY-SA 4.0,auto,1,Auto draft: KANJIDIC2 readings/radical; Korean meaning draft derived from local Korean word gloss or curated KANJIDIC English fallback.
繍,"[""수놓다"",""무늬 있는 천""]","[""sew"",""figured cloth""]","[""シュウ""]","[""ぬいとり""]",糸,실 사,120,17,kanjidic2,https://www.edrdg.org/kanjidic/kanjidic2.xml.gz,CC BY-SA 4.0,auto,1,Auto draft: KANJIDIC2 readings/radical; Korean meaning draft derived from local Korean word gloss or curated KANJIDIC English fallback.
習,"[""익히다"",""배우다""]","[""learn""]","[""シュウ"",""ジュ""]","[""なら.う"",""なら.い""]",羽,깃 우,124,11,kanjidic2,https://www.edrdg.org/kanjidic/kanjidic2.xml.gz,CC BY-SA 4.0,auto,2,Manual format normalization 2026-08-18: 중복 뜻 제거.
臭,"[""냄새"",""냄새나다"",""수상하다""]","[""stinking"",""ill-smelling"",""suspicious looking"",""odor"",""savor"",""fragrance"",""be fragrant"",""stink"",""glow"",""be bright""]","[""シュウ""]","[""くさ.い"",""-くさ.い"",""にお.う"",""にお.い""]",自,스스로 자,132,9,kanjidic2,https://www.edrdg.org/kanjidic/kanjidic2.xml.gz,CC BY-SA 4.0,verified,10,Human-reviewed 2026-08-22: KANJIDIC English + JLPT usage cross-check; semantic-review draft confirmed.
衆,"[""무리"",""대중""]","[""masses"",""great numbers"",""multitude"",""populace""]","[""シュウ"",""シュ""]","[""おお.い""]",血,피 혈,143,12,kanjidic2,https://www.edrdg.org/kanjidic/kanjidic2.xml.gz,CC BY-SA 4.0,auto,1,Auto draft: KANJIDIC2 readings/radical; Korean meaning draft derived from local Korean word gloss or curated KANJIDIC English fallback.
襲,"[""덮치다"",""습격하다""]","[""attack"",""advance on"",""succeed to"",""pile"",""heap""]","[""シュウ""]","[""おそ.う"",""かさ.ね""]",衣,옷 의,145,22,kanjidic2,https://www.edrdg.org/kanjidic/kanjidic2.xml.gz,CC BY-SA 4.0,auto,1,Auto draft: KANJIDIC2 readings/radical; Korean meaning draft derived from local Korean word gloss or curated KANJIDIC English fallback.
蹴,"[""차다"",""걷어차다"",""거절하다""]","[""kick""]","[""シュク"",""シュウ""]","[""け.る""]",足,발 족,157,19,kanjidic2,https://www.edrdg.org/kanjidic/kanjidic2.xml.gz,CC BY-SA 4.0,auto,2,Auto draft: KANJIDIC2 readings/radical; Korean meaning draft derived from local Korean word gloss or curated KANJIDIC English fallback.
週,"[""주"",""일주일""]","[""week""]","[""シュウ""]",[],辵,책받침 착,162,11,kanjidic2,https://www.edrdg.org/kanjidic/kanjidic2.xml.gz,CC BY-SA 4.0,auto,1,Auto draft: KANJIDIC2 readings/radical; Korean meaning draft derived from local Korean word gloss or curated KANJIDIC English fallback.
酬,"[""보답하다"",""갚다""]","[""repay"",""reward"",""retribution""]","[""シュウ"",""シュ"",""トウ""]","[""むく.いる""]",酉,닭 유,164,13,kanjidic2,https://www.edrdg.org/kanjidic/kanjidic2.xml.gz,CC BY-SA 4.0,auto,1,Auto draft: KANJIDIC2 readings/radical; Korean meaning draft derived from local Korean word gloss or curated KANJIDIC English fallback.
集,"[""모이다""]","[""gather"",""meet"",""congregate"",""swarm"",""flock""]","[""シュウ""]","[""あつ.まる"",""あつ.める"",""つど.う""]",隹,새 추,172,12,kanjidic2,https://www.edrdg.org/kanjidic/kanjidic2.xml.gz,CC BY-SA 4.0,auto,1,Auto draft: KANJIDIC2 readings/radical; Korean meaning draft derived from local Korean word gloss or curated KANJIDIC English fallback.
醜,"[""못생기다"",""추하다""]","[""ugly"",""unclean"",""shame"",""bad looking""]","[""シュウ""]","[""みにく.い"",""しこ""]",酉,닭 유,164,17,kanjidic2,https://www.edrdg.org/kanjidic/kanjidic2.xml.gz,CC BY-SA 4.0,auto,1,Auto draft: KANJIDIC2 readings/radical; Korean meaning draft derived from local Korean word gloss or curated KANJIDIC English fallback.
住,"[""살다"",""주거하다""]","[""dwell"",""reside"",""live"",""inhabit""]","[""ジュウ"",""ヂュウ"",""チュウ""]","[""す.む"",""す.まう"",""-ず.まい""]",人,사람 인,9,7,kanjidic2,https://www.edrdg.org/kanjidic/kanjidic2.xml.gz,CC BY-SA 4.0,auto,1,Auto draft: KANJIDIC2 readings/radical; Korean meaning draft derived from local Korean word gloss or curated KANJIDIC English fallback.
充,"[""채우다"",""충당하다""]","[""allot"",""fill""]","[""ジュウ""]","[""あ.てる"",""み.たす""]",儿,어진사람 인,10,6,kanjidic2,https://www.edrdg.org/kanjidic/kanjidic2.xml.gz,CC BY-SA 4.0,auto,1,Auto draft: KANJIDIC2 readings/radical; Korean meaning draft derived from local Korean word gloss or curated KANJIDIC English fallback.
十,"[""열"",""십""]","[""ten""]","[""ジュウ"",""ジッ"",""ジュッ""]","[""とお"",""と"",""そ""]",十,열 십,24,2,kanjidic2,https://www.edrdg.org/kanjidic/kanjidic2.xml.gz,CC BY-SA 4.0,auto,1,Auto draft: KANJIDIC2 readings/radical; Korean meaning draft derived from local Korean word gloss or curated KANJIDIC English fallback.
従,"[""따르다""]","[""accompany"",""obey"",""submit to"",""comply"",""follow"",""secondary"",""incidental"",""subordinate""]","[""ジュウ"",""ショウ"",""ジュ""]","[""したが.う"",""したが.える"",""より""]",彳,두인변 척,60,10,kanjidic2,https://www.edrdg.org/kanjidic/kanjidic2.xml.gz,CC BY-SA 4.0,auto,1,Auto draft: KANJIDIC2 readings/radical; Korean meaning draft derived from local Korean word gloss or curated KANJIDIC English fallback.
柔,"[""부드럽다"",""온화함""]","[""tender"",""weakness"",""gentleness"",""softness""]","[""ジュウ"",""ニュウ""]","[""やわ.らか"",""やわ.らかい"",""やわ"",""やわ.ら""]",木,나무 목,75,9,kanjidic2,https://www.edrdg.org/kanjidic/kanjidic2.xml.gz,CC BY-SA 4.0,auto,1,Auto draft: KANJIDIC2 readings/radical; Korean meaning draft derived from local Korean word gloss or curated KANJIDIC English fallback.
汁,"[""즙"",""국물""]","[""soup"",""juice"",""broth"",""sap"",""gravy"",""pus""]","[""ジュウ""]","[""しる"",""-しる"",""つゆ""]",水,물 수,85,5,kanjidic2,https://www.edrdg.org/kanjidic/kanjidic2.xml.gz,CC BY-SA 4.0,auto,1,Auto draft: KANJIDIC2 readings/radical; Korean meaning draft derived from local Korean word gloss or curated KANJIDIC English fallback.
渋,"[""떫다"",""주저하다""]","[""astringent"",""hesitate"",""reluctant"",""have diarrhea""]","[""ジュウ"",""シュウ""]","[""しぶ"",""しぶ.い"",""しぶ.る""]",水,물 수,85,11,kanjidic2,https://www.edrdg.org/kanjidic/kanjidic2.xml.gz,CC BY-SA 4.0,auto,1,Auto draft: KANJIDIC2 readings/radical; Korean meaning draft derived from local Korean word gloss or curated KANJIDIC English fallback.
獣,"[""짐승"",""야수""]","[""animal"",""beast""]","[""ジュウ""]","[""けもの"",""けだもの""]",犬,개 견,94,16,kanjidic2,https://www.edrdg.org/kanjidic/kanjidic2.xml.gz,CC BY-SA 4.0,auto,1,Auto draft: KANJIDIC2 readings/radical; Korean meaning draft derived from local Korean word gloss or curated KANJIDIC English fallback.
重,"[""무겁다""]","[""heavy"",""important"",""esteem"",""respect"",""heap up"",""pile up"",""nest of boxes"",""-fold""]","[""ジュウ"",""チョウ""]","[""え"",""おも.い"",""おも.り"",""おも.なう"",""かさ.ねる"",""かさ.なる"",""おも""]",里,마을 리,166,9,kanjidic2,https://www.edrdg.org/kanjidic/kanjidic2.xml.gz,CC BY-SA 4.0,auto,1,Auto draft: KANJIDIC2 readings/radical; Korean meaning draft derived from local Korean word gloss or curated KANJIDIC English fallback.
銃,"[""총""]","[""gun"",""arms""]","[""ジュウ""]","[""つつ""]",金,쇠 금,167,14,kanjidic2,https://www.edrdg.org/kanjidic/kanjidic2.xml.gz,CC BY-SA 4.0,auto,1,Auto draft: KANJIDIC2 readings/radical; Korean meaning draft derived from local Korean word gloss or curated KANJIDIC English fallback.
叔,"[""숙부"",""어리다""]","[""uncle"",""youth""]","[""シュク""]",[],又,또 우,29,8,kanjidic2,https://www.edrdg.org/kanjidic/kanjidic2.xml.gz,CC BY-SA 4.0,auto,1,Auto draft: KANJIDIC2 readings/radical; Korean meaning draft derived from local Korean word gloss or curated KANJIDIC English fallback.
宿,"[""여관"",""숙박""]","[""inn"",""lodging"",""relay station"",""dwell"",""lodge"",""be pregnant"",""home"",""dwelling""]","[""シュク""]","[""やど"",""やど.る"",""やど.す""]",宀,갓머리 면,40,11,kanjidic2,https://www.edrdg.org/kanjidic/kanjidic2.xml.gz,CC BY-SA 4.0,auto,1,Auto draft: KANJIDIC2 readings/radical; Korean meaning draft derived from local Korean word gloss or curated KANJIDIC English fallback.
淑,"[""얌전함"",""정숙함""]","[""graceful"",""gentle"",""pure""]","[""シュク""]","[""しと.やか""]",水,물 수,85,11,kanjidic2,https://www.edrdg.org/kanjidic/kanjidic2.xml.gz,CC BY-SA 4.0,auto,2,Auto draft: KANJIDIC2 readings/radical; Korean meaning draft derived from local Korean word gloss or curated KANJIDIC English fallback.
祝,"[""축하하다""]","[""celebrate"",""congratulate""]","[""シュク"",""シュウ""]","[""いわ.う""]",示,보일 시,113,9,kanjidic2,https://www.edrdg.org/kanjidic/kanjidic2.xml.gz,CC BY-SA 4.0,auto,1,Auto draft: KANJIDIC2 readings/radical; Korean meaning draft derived from local Korean word gloss or curated KANJIDIC English fallback.
縮,"[""줄어들다"",""쪼글쪼글해지다""]","[""shrink"",""contract"",""shrivel"",""wrinkle"",""reduce""]","[""シュク""]","[""ちぢ.む"",""ちぢ.まる"",""ちぢ.める"",""ちぢ.れる"",""ちぢ.らす""]",糸,실 사,120,17,kanjidic2,https://www.edrdg.org/kanjidic/kanjidic2.xml.gz,CC BY-SA 4.0,auto,1,Auto draft: KANJIDIC2 readings/radical; Korean meaning draft derived from local Korean word gloss or curated KANJIDIC English fallback.
粛,"[""엄숙하다"",""삼가다""]","[""solemn"",""quietly"",""softly""]","[""シュク"",""スク""]","[""つつし.む""]",聿,오직 율,129,11,kanjidic2,https://www.edrdg.org/kanjidic/kanjidic2.xml.gz,CC BY-SA 4.0,auto,2,Auto draft: KANJIDIC2 readings/radical; Korean meaning draft derived from local Korean word gloss or curated KANJIDIC English fallback.
塾,"[""학원"",""입시 학원""]","[""cram school"",""private school""]","[""ジュク""]",[],土,흙 토,32,14,kanjidic2,https://www.edrdg.org/kanjidic/kanjidic2.xml.gz,CC BY-SA 4.0,auto,1,Auto draft: KANJIDIC2 readings/radical; Korean meaning draft derived from local Korean word gloss or curated KANJIDIC English fallback.
熟,"[""익다"",""숙달하다""]","[""mellow"",""ripen"",""mature"",""acquire skill""]","[""ジュク""]","[""う.れる""]",火,불 화,86,15,kanjidic2,https://www.edrdg.org/kanjidic/kanjidic2.xml.gz,CC BY-SA 4.0,auto,1,Auto draft: KANJIDIC2 readings/radical; Korean meaning draft derived from local Korean word gloss or curated KANJIDIC English fallback.
出,"[""나가다"",""나오다"",""내다""]","[""exit"",""leave"",""go out"",""come out"",""put out"",""protrude""]","[""シュツ"",""スイ""]","[""で.る"",""-で"",""だ.す"",""-だ.す"",""い.でる"",""い.だす""]",凵,위터진입 구,17,5,kanjidic2,https://www.edrdg.org/kanjidic/kanjidic2.xml.gz,CC BY-SA 4.0,verified,10,Human-reviewed 2026-08-22: KANJIDIC English + JLPT usage cross-check; semantic-review draft confirmed.
術,"[""방법""]","[""art"",""technique"",""skill"",""means"",""trick"",""resources"",""magic""]","[""ジュツ""]","[""すべ""]",行,다닐 행,144,11,kanjidic2,https://www.edrdg.org/kanjidic/kanjidic2.xml.gz,CC BY-SA 4.0,auto,1,Auto draft: KANJIDIC2 readings/radical; Korean meaning draft derived from local Korean word gloss or curated KANJIDIC English fallback.
述,"[""진술하다""]","[""mention"",""state"",""speak"",""relate""]","[""ジュツ""]","[""の.べる""]",辵,책받침 착,162,8,kanjidic2,https://www.edrdg.org/kanjidic/kanjidic2.xml.gz,CC BY-SA 4.0,auto,1,Auto draft: KANJIDIC2 readings/radical; Korean meaning draft derived from local Korean word gloss or curated KANJIDIC English fallback.
春,"[""봄""]","[""springtime"",""spring (season)""]","[""シュン""]","[""はる""]",日,날 일,72,9,kanjidic2,https://www.edrdg.org/kanjidic/kanjidic2.xml.gz,CC BY-SA 4.0,auto,1,Auto draft: KANJIDIC2 readings/radical; Korean meaning draft derived from local Korean word gloss or curated KANJIDIC English fallback.
瞬,"[""깜박임"",""반짝임""]","[""wink"",""blink"",""twinkle""]","[""シュン""]","[""またた.く"",""まじろ.ぐ""]",目,눈 목,109,18,kanjidic2,https://www.edrdg.org/kanjidic/kanjidic2.xml.gz,CC BY-SA 4.0,auto,1,Auto draft: KANJIDIC2 readings/radical; Korean meaning draft derived from local Korean word gloss or curated KANJIDIC English fallback.
循,"[""따르다"",""순환""]","[""sequential"",""follow""]","[""ジュン""]",[],彳,두인변 척,60,12,kanjidic2,https://www.edrdg.org/kanjidic/kanjidic2.xml.gz,CC BY-SA 4.0,auto,1,Auto draft: KANJIDIC2 readings/radical; Korean meaning draft derived from local Korean word gloss or curated KANJIDIC English fallback.
旬,"[""열흘"",""제철""]","[""decameron"",""ten-day period"",""season (for specific products)""]","[""ジュン"",""シュン""]",[],日,날 일,72,6,kanjidic2,https://www.edrdg.org/kanjidic/kanjidic2.xml.gz,CC BY-SA 4.0,auto,1,Auto draft: KANJIDIC2 readings/radical; Korean meaning draft derived from local Korean word gloss or curated KANJIDIC English fallback.
準,"[""준하다"",""따르다""]","[""semi-"",""correspond to"",""proportionate to"",""conform"",""imitate""]","[""ジュン""]","[""じゅん.じる"",""じゅん.ずる"",""なぞら.える"",""のり"",""ひと.しい"",""みずもり""]",水,물 수,85,13,kanjidic2,https://www.edrdg.org/kanjidic/kanjidic2.xml.gz,CC BY-SA 4.0,auto,1,Auto draft: KANJIDIC2 readings/radical; Korean meaning draft derived from local Korean word gloss or curated KANJIDIC English fallback.
潤,"[""축축해지다"",""윤택해지다""]","[""wet"",""be watered"",""profit by"",""receive benefits"",""favor"",""charm"",""steep""]","[""ジュン""]","[""うるお.う"",""うるお.す"",""うる.む""]",水,물 수,85,15,kanjidic2,https://www.edrdg.org/kanjidic/kanjidic2.xml.gz,CC BY-SA 4.0,auto,1,Auto draft: KANJIDIC2 readings/radical; Korean meaning draft derived from local Korean word gloss or curated KANJIDIC English fallback.
盾,"[""방패"",""구실""]","[""shield"",""escutcheon"",""pretext""]","[""ジュン""]","[""たて""]",目,눈 목,109,9,kanjidic2,https://www.edrdg.org/kanjidic/kanjidic2.xml.gz,CC BY-SA 4.0,auto,1,Auto draft: KANJIDIC2 readings/radical; Korean meaning draft derived from local Korean word gloss or curated KANJIDIC English fallback.
純,"[""순수"",""순진""]","[""genuine"",""purity"",""innocence"",""net (profit)""]","[""ジュン""]",[],糸,실 사,120,10,kanjidic2,https://www.edrdg.org/kanjidic/kanjidic2.xml.gz,CC BY-SA 4.0,auto,1,Auto draft: KANJIDIC2 readings/radical; Korean meaning draft derived from local Korean word gloss or curated KANJIDIC English fallback.
巡,"[""돌다"",""순회하다""]","[""patrol"",""go around"",""circumference""]","[""ジュン""]","[""めぐ.る"",""めぐ.り""]",巛,개미허리 천,47,6,kanjidic2,https://www.edrdg.org/kanjidic/kanjidic2.xml.gz,CC BY-SA 4.0,auto,1,Auto draft: KANJIDIC2 readings/radical; Korean meaning draft derived from local Korean word gloss or curated KANJIDIC English fallback.
順,"[""차례차례"",""순서대로""]","[""obey"",""order"",""turn"",""right"",""docility"",""occasion""]","[""ジュン""]",[],頁,머리 혈,181,12,kanjidic2,https://www.edrdg.org/kanjidic/kanjidic2.xml.gz,CC BY-SA 4.0,auto,1,Auto draft: KANJIDIC2 readings/radical; Korean meaning draft derived from local Korean word gloss or curated KANJIDIC English fallback.
処,"[""처리하다"",""장소""]","[""dispose"",""manage"",""deal with"",""sentence"",""condemn"",""act"",""behave"",""place""]","[""ショ""]","[""ところ"",""-こ"",""お.る""]",几,안석 궤,16,5,kanjidic2,https://www.edrdg.org/kanjidic/kanjidic2.xml.gz,CC BY-SA 4.0,auto,1,Auto draft: KANJIDIC2 readings/radical; Korean meaning draft derived from local Korean word gloss or curated KANJIDIC English fallback.
初,"[""처음으로""]","[""first time"",""beginning""]","[""ショ""]","[""はじ.め"",""はじ.めて"",""はつ"",""はつ-"",""うい-"",""-そ.める"",""-ぞ.め""]",刀,칼 도,18,7,kanjidic2,https://www.edrdg.org/kanjidic/kanjidic2.xml.gz,CC BY-SA 4.0,auto,1,Auto draft: KANJIDIC2 readings/radical; Korean meaning draft derived from local Korean word gloss or curated KANJIDIC English fallback.
所,"[""여기저기"",""군데군데""]","[""place"",""extent""]","[""ショ""]","[""ところ"",""-ところ"",""どころ"",""とこ""]",戶,지게 호,63,8,kanjidic2,https://www.edrdg.org/kanjidic/kanjidic2.xml.gz,CC BY-SA 4.0,auto,1,Auto draft: KANJIDIC2 readings/radical; Korean meaning draft derived from local Korean word gloss or curated KANJIDIC English fallback.
暑,"[""덥다""]","[""sultry"",""hot"",""summer heat""]","[""ショ""]","[""あつ.い""]",日,날 일,72,12,kanjidic2,https://www.edrdg.org/kanjidic/kanjidic2.xml.gz,CC BY-SA 4.0,auto,1,Auto draft: KANJIDIC2 readings/radical; Korean meaning draft derived from local Korean word gloss or curated KANJIDIC English fallback.
渚,"[""물가"",""바닷가""]","[""strand"",""beach"",""shore""]","[""ショ""]","[""なぎさ""]",水,물 수,85,11,kanjidic2,https://www.edrdg.org/kanjidic/kanjidic2.xml.gz,CC BY-SA 4.0,auto,1,Auto draft: KANJIDIC2 readings/radical; Korean meaning draft derived from local Korean word gloss or curated KANJIDIC English fallback.
庶,"[""서민"",""여러""]","[""commoner"",""all"",""bastard""]","[""ショ""]",[],广,엄호 엄,53,11,kanjidic2,https://www.edrdg.org/kanjidic/kanjidic2.xml.gz,CC BY-SA 4.0,auto,1,Auto draft: KANJIDIC2 readings/radical; Korean meaning draft derived from local Korean word gloss or curated KANJIDIC English fallback.
緒,"[""실마리"",""처음""]","[""thong"",""beginning"",""inception"",""end"",""cord"",""strap"",""mental or emotional state""]","[""ショ"",""チョ""]","[""お"",""いとぐち""]",糸,실 사,120,14,kanjidic2,https://www.edrdg.org/kanjidic/kanjidic2.xml.gz,CC BY-SA 4.0,auto,1,Auto draft: KANJIDIC2 readings/radical; Korean meaning draft derived from local Korean word gloss or curated KANJIDIC English fallback.
署,"[""서명"",""관서""]","[""signature"",""govt office"",""police station""]","[""ショ""]",[],网,그물 망,122,13,kanjidic2,https://www.edrdg.org/kanjidic/kanjidic2.xml.gz,CC BY-SA 4.0,auto,1,Auto draft: KANJIDIC2 readings/radical; Korean meaning draft derived from local Korean word gloss or curated KANJIDIC English fallback.
書,"[""쓰다"",""적다""]","[""write""]","[""ショ""]","[""か.く"",""-が.き"",""-がき""]",曰,가로 왈,73,10,kanjidic2,https://www.edrdg.org/kanjidic/kanjidic2.xml.gz,CC BY-SA 4.0,auto,1,Auto draft: KANJIDIC2 readings/radical; Korean meaning draft derived from local Korean word gloss or curated KANJIDIC English fallback.
諸,"[""여러"",""많은""]","[""various"",""many"",""several"",""together""]","[""ショ""]","[""もろ""]",言,말씀 언,149,15,kanjidic2,https://www.edrdg.org/kanjidic/kanjidic2.xml.gz,CC BY-SA 4.0,auto,1,Auto draft: KANJIDIC2 readings/radical; Korean meaning draft derived from local Korean word gloss or curated KANJIDIC English fallback.
助,"[""도움"",""지원""]","[""help"",""rescue"",""assist""]","[""ジョ""]","[""たす.ける"",""たす.かる"",""す.ける"",""すけ""]",力,힘 력,19,7,kanjidic2,https://www.edrdg.org/kanjidic/kanjidic2.xml.gz,CC BY-SA 4.0,auto,1,Auto draft: KANJIDIC2 readings/radical; Korean meaning draft derived from local Korean word gloss or curated KANJIDIC English fallback.
女,"[""여자""]","[""woman"",""female""]","[""ジョ"",""ニョ"",""ニョウ""]","[""おんな"",""め""]",女,계집 녀,38,3,kanjidic2,https://www.edrdg.org/kanjidic/kanjidic2.xml.gz,CC BY-SA 4.0,auto,1,Auto draft: KANJIDIC2 readings/radical; Korean meaning draft derived from local Korean word gloss or curated KANJIDIC English fallback.
序,"[""순서"",""서문""]","[""preface"",""beginning"",""order"",""precedence"",""occasion"",""chance"",""incidentally""]","[""ジョ""]","[""つい.で"",""ついで""]",广,엄호 엄,53,7,kanjidic2,https://www.edrdg.org/kanjidic/kanjidic2.xml.gz,CC BY-SA 4.0,auto,1,Auto draft: KANJIDIC2 readings/radical; Korean meaning draft derived from local Korean word gloss or curated KANJIDIC English fallback.
徐,"[""서서히""]","[""gradually"",""slowly"",""deliberately"",""gently""]","[""ジョ""]","[""おもむ.ろに""]",彳,두인변 척,60,10,kanjidic2,https://www.edrdg.org/kanjidic/kanjidic2.xml.gz,CC BY-SA 4.0,auto,1,Auto draft: KANJIDIC2 readings/radical; Korean meaning draft derived from local Korean word gloss or curated KANJIDIC English fallback.
除,"[""제거하다"",""없애다"",""빼다""]","[""exclude"",""division (x/3)"",""remove"",""abolish"",""cancel"",""except""]","[""ジョ"",""ジ""]","[""のぞ.く"",""-よ.け""]",阜,언덕 부,170,10,kanjidic2,https://www.edrdg.org/kanjidic/kanjidic2.xml.gz,CC BY-SA 4.0,auto,1,Auto draft: KANJIDIC2 readings/radical; Korean meaning draft derived from local Korean word gloss or curated KANJIDIC English fallback.
傷,"[""상처""]","[""wound"",""hurt"",""injure"",""impair"",""pain"",""injury"",""cut"",""gash"",""scar"",""weak point""]","[""ショウ""]","[""きず"",""いた.む"",""いた.める""]",人,사람 인,9,13,kanjidic2,https://www.edrdg.org/kanjidic/kanjidic2.xml.gz,CC BY-SA 4.0,auto,1,Auto draft: KANJIDIC2 readings/radical; Korean meaning draft derived from local Korean word gloss or curated KANJIDIC English fallback.
償,"[""보상하다""]","[""reparation"",""make up for"",""recompense"",""redeem""]","[""ショウ""]","[""つぐな.う""]",人,사람 인,9,17,kanjidic2,https://www.edrdg.org/kanjidic/kanjidic2.xml.gz,CC BY-SA 4.0,auto,1,Auto draft: KANJIDIC2 readings/radical; Korean meaning draft derived from local Korean word gloss or curated KANJIDIC English fallback.
勝,"[""이기다""]","[""victory"",""win"",""prevail"",""excel""]","[""ショウ""]","[""か.つ"",""-が.ち"",""まさ.る"",""すぐ.れる"",""かつ""]",力,힘 력,19,12,kanjidic2,https://www.edrdg.org/kanjidic/kanjidic2.xml.gz,CC BY-SA 4.0,auto,1,Auto draft: KANJIDIC2 readings/radical; Korean meaning draft derived from local Korean word gloss or curated KANJIDIC English fallback.
匠,"[""장인"",""기술자""]","[""artisan"",""workman"",""carpenter""]","[""ショウ""]","[""たくみ""]",匚,터진입구 방,22,6,kanjidic2,https://www.edrdg.org/kanjidic/kanjidic2.xml.gz,CC BY-SA 4.0,auto,2,Auto draft: KANJIDIC2 readings/radical; Korean meaning draft derived from local Korean word gloss or curated KANJIDIC English fallback.
召,"[""부르다""]","[""seduce"",""call"",""send for"",""wear"",""put on"",""ride in"",""buy"",""eat"",""drink"",""catch (cold)""]","[""ショウ""]","[""め.す""]",口,입 구,30,5,kanjidic2,https://www.edrdg.org/kanjidic/kanjidic2.xml.gz,CC BY-SA 4.0,verified,2,Human-reviewed 2026-08-19: KANJIDIC meanings and linked release vocabulary cross-checked.
商,"[""장사하다""]","[""make a deal"",""selling"",""dealing in"",""merchant""]","[""ショウ""]","[""あきな.う""]",口,입 구,30,11,kanjidic2,https://www.edrdg.org/kanjidic/kanjidic2.xml.gz,CC BY-SA 4.0,auto,1,Auto draft: KANJIDIC2 readings/radical; Korean meaning draft derived from local Korean word gloss or curated KANJIDIC English fallback.
唱,"[""외치다"",""주장하다""]","[""chant"",""recite"",""call upon"",""yell""]","[""ショウ""]","[""とな.える""]",口,입 구,30,11,kanjidic2,https://www.edrdg.org/kanjidic/kanjidic2.xml.gz,CC BY-SA 4.0,auto,1,Auto draft: KANJIDIC2 readings/radical; Korean meaning draft derived from local Korean word gloss or curated KANJIDIC English fallback.
奨,"[""장려하다"",""권하다""]","[""exhort"",""urge"",""encourage""]","[""ショウ"",""ソウ""]","[""すす.める""]",大,큰 대,37,13,kanjidic2,https://www.edrdg.org/kanjidic/kanjidic2.xml.gz,CC BY-SA 4.0,auto,1,Auto draft: KANJIDIC2 readings/radical; Korean meaning draft derived from local Korean word gloss or curated KANJIDIC English fallback.
将,"[""장수"",""장차""]","[""leader"",""commander"",""general"",""admiral"",""or"",""and again"",""soon"",""from now on"",""just about""]","[""ショウ"",""ソウ""]","[""まさ.に"",""はた"",""まさ"",""ひきい.る"",""もって""]",寸,마디 촌,41,10,kanjidic2,https://www.edrdg.org/kanjidic/kanjidic2.xml.gz,CC BY-SA 4.0,auto,1,Auto draft: KANJIDIC2 readings/radical; Korean meaning draft derived from local Korean word gloss or curated KANJIDIC English fallback.
小,"[""작은""]","[""little"",""small""]","[""ショウ""]","[""ちい.さい"",""こ-"",""お-"",""さ-""]",小,작을 소,42,3,kanjidic2,https://www.edrdg.org/kanjidic/kanjidic2.xml.gz,CC BY-SA 4.0,auto,1,Auto draft: KANJIDIC2 readings/radical; Korean meaning draft derived from local Korean word gloss or curated KANJIDIC English fallback.
少,"[""조금"",""약간""]","[""few"",""little""]","[""ショウ""]","[""すく.ない"",""すこ.し""]",小,작을 소,42,4,kanjidic2,https://www.edrdg.org/kanjidic/kanjidic2.xml.gz,CC BY-SA 4.0,auto,1,Auto draft: KANJIDIC2 readings/radical; Korean meaning draft derived from local Korean word gloss or curated KANJIDIC English fallback.
尚,"[""오히려"",""존중하다""]","[""esteem"",""furthermore"",""still"",""yet""]","[""ショウ""]","[""なお""]",小,작을 소,42,8,kanjidic2,https://www.edrdg.org/kanjidic/kanjidic2.xml.gz,CC BY-SA 4.0,auto,1,Auto draft: KANJIDIC2 readings/radical; Korean meaning draft derived from local Korean word gloss or curated KANJIDIC English fallback.
床,"[""마루""]","[""bed"",""counter for beds"",""floor"",""padding"",""tatami""]","[""ショウ""]","[""とこ"",""ゆか""]",广,엄호 엄,53,7,kanjidic2,https://www.edrdg.org/kanjidic/kanjidic2.xml.gz,CC BY-SA 4.0,auto,1,Auto draft: KANJIDIC2 readings/radical; Korean meaning draft derived from local Korean word gloss or curated KANJIDIC English fallback.
承,"[""삼가듣다"",""받잡다""]","[""acquiesce"",""hear"",""listen to"",""be informed"",""receive""]","[""ショウ"",""ジョウ""]","[""うけたまわ.る"",""う.ける""]",手,손 수,64,8,kanjidic2,https://www.edrdg.org/kanjidic/kanjidic2.xml.gz,CC BY-SA 4.0,auto,1,Auto draft: KANJIDIC2 readings/radical; Korean meaning draft derived from local Korean word gloss or curated KANJIDIC English fallback.
招,"[""초대하다"",""부르다""]","[""beckon"",""invite"",""summon"",""engage""]","[""ショウ""]","[""まね.く""]",手,손 수,64,8,kanjidic2,https://www.edrdg.org/kanjidic/kanjidic2.xml.gz,CC BY-SA 4.0,auto,1,Auto draft: KANJIDIC2 readings/radical; Korean meaning draft derived from local Korean word gloss or curated KANJIDIC English fallback.
掌,"[""손바닥""]","[""palm of hand"",""rule"",""administer"",""conduct""]","[""ショウ""]","[""てのひら"",""たなごころ""]",手,손 수,64,12,kanjidic2,https://www.edrdg.org/kanjidic/kanjidic2.xml.gz,CC BY-SA 4.0,auto,1,Auto draft: KANJIDIC2 readings/radical; Korean meaning draft derived from local Korean word gloss or curated KANJIDIC English fallback.
昇,"[""(해가) 뜨다"",""오르다""]","[""rise up""]","[""ショウ""]","[""のぼ.る""]",日,날 일,72,8,kanjidic2,https://www.edrdg.org/kanjidic/kanjidic2.xml.gz,CC BY-SA 4.0,auto,1,Auto draft: KANJIDIC2 readings/radical; Korean meaning draft derived from local Korean word gloss or curated KANJIDIC English fallback.
晶,"[""맑다"",""수정""]","[""sparkle"",""clear"",""crystal""]","[""ショウ""]",[],日,날 일,72,12,kanjidic2,https://www.edrdg.org/kanjidic/kanjidic2.xml.gz,CC BY-SA 4.0,auto,1,Auto draft: KANJIDIC2 readings/radical; Korean meaning draft derived from local Korean word gloss or curated KANJIDIC English fallback.
梢,"[""나무 꼭대기""]","[""treetops"",""twig""]","[""ショウ""]","[""こずえ"",""くすのき""]",木,나무 목,75,11,kanjidic2,https://www.edrdg.org/kanjidic/kanjidic2.xml.gz,CC BY-SA 4.0,auto,2,Auto draft: KANJIDIC2 readings/radical; Korean meaning draft derived from local Korean word gloss or curated KANJIDIC English fallback.
沼,"[""늪"",""못""]","[""marsh"",""lake"",""bog"",""swamp"",""pond""]","[""ショウ""]","[""ぬま""]",水,물 수,85,8,kanjidic2,https://www.edrdg.org/kanjidic/kanjidic2.xml.gz,CC BY-SA 4.0,auto,1,Auto draft: KANJIDIC2 readings/radical; Korean meaning draft derived from local Korean word gloss or curated KANJIDIC English fallback.
消,"[""사라지다"",""없애다"",""끄다"",""취소하다""]","[""extinguish"",""blow out"",""turn off"",""neutralize"",""cancel""]","[""ショウ""]","[""き.える"",""け.す""]",水,물 수,85,10,kanjidic2,https://www.edrdg.org/kanjidic/kanjidic2.xml.gz,CC BY-SA 4.0,verified,10,Human-reviewed 2026-08-22: KANJIDIC English + JLPT usage cross-check; semantic-review draft confirmed.
渉,"[""건너다"",""관련되다""]","[""ford"",""go cross"",""transit"",""ferry"",""import"",""involve""]","[""ショウ""]","[""わた.る""]",水,물 수,85,11,kanjidic2,https://www.edrdg.org/kanjidic/kanjidic2.xml.gz,CC BY-SA 4.0,auto,1,Auto draft: KANJIDIC2 readings/radical; Korean meaning draft derived from local Korean word gloss or curated KANJIDIC English fallback.
焼,"[""굽다""]","[""bake"",""burning""]","[""ショウ""]","[""や.く"",""や.き"",""や.き-"",""-や.き"",""や.ける""]",火,불 화,86,12,kanjidic2,https://www.edrdg.org/kanjidic/kanjidic2.xml.gz,CC BY-SA 4.0,auto,1,Auto draft: KANJIDIC2 readings/radical; Korean meaning draft derived from local Korean word gloss or curated KANJIDIC English fallback.
焦,"[""초조해하다""]","[""char"",""hurry"",""impatient"",""irritate"",""burn"",""scorch"",""singe""]","[""ショウ""]","[""こ.げる"",""こ.がす"",""こ.がれる"",""あせ.る"",""じ.れる"",""じ.らす""]",火,불 화,86,12,kanjidic2,https://www.edrdg.org/kanjidic/kanjidic2.xml.gz,CC BY-SA 4.0,auto,1,Auto draft: KANJIDIC2 readings/radical; Korean meaning draft derived from local Korean word gloss or curated KANJIDIC English fallback.
照,"[""비추다""]","[""illuminate"",""shine"",""compare"",""bashful""]","[""ショウ""]","[""て.る"",""て.らす"",""て.れる""]",火,불 화,86,13,kanjidic2,https://www.edrdg.org/kanjidic/kanjidic2.xml.gz,CC BY-SA 4.0,auto,1,Auto draft: KANJIDIC2 readings/radical; Korean meaning draft derived from local Korean word gloss or curated KANJIDIC English fallback.
症,"[""증상"",""병""]","[""symptoms"",""illness""]","[""ショウ""]",[],疒,병질안 역,104,10,kanjidic2,https://www.edrdg.org/kanjidic/kanjidic2.xml.gz,CC BY-SA 4.0,auto,1,Auto draft: KANJIDIC2 readings/radical; Korean meaning draft derived from local Korean word gloss or curated KANJIDIC English fallback.
省,"[""생략하다""]","[""government ministry"",""conserve"",""omit""]","[""セイ"",""ショウ""]","[""かえり.みる"",""はぶ.く""]",目,눈 목,109,9,kanjidic2,https://www.edrdg.org/kanjidic/kanjidic2.xml.gz,CC BY-SA 4.0,auto,1,Auto draft: KANJIDIC2 readings/radical; Korean meaning draft derived from local Korean word gloss or curated KANJIDIC English fallback.
称,"[""칭하다"",""자칭하다""]","[""appellation"",""praise"",""admire"",""name"",""title"",""fame""]","[""ショウ""]","[""たた.える"",""とな.える"",""あ.げる"",""かな.う"",""はか.り"",""はか.る"",""ほめ.る""]",禾,벼 화,115,10,kanjidic2,https://www.edrdg.org/kanjidic/kanjidic2.xml.gz,CC BY-SA 4.0,auto,1,Auto draft: KANJIDIC2 readings/radical; Korean meaning draft derived from local Korean word gloss or curated KANJIDIC English fallback.
章,"[""장"",""훈장""]","[""badge"",""chapter"",""composition"",""poem"",""design""]","[""ショウ""]",[],立,설 립,117,11,kanjidic2,https://www.edrdg.org/kanjidic/kanjidic2.xml.gz,CC BY-SA 4.0,auto,1,Auto draft: KANJIDIC2 readings/radical; Korean meaning draft derived from local Korean word gloss or curated KANJIDIC English fallback.
笑,"[""웃다""]","[""laugh""]","[""ショウ""]","[""わら.う"",""え.む""]",竹,대 죽,118,10,kanjidic2,https://www.edrdg.org/kanjidic/kanjidic2.xml.gz,CC BY-SA 4.0,auto,1,Auto draft: KANJIDIC2 readings/radical; Korean meaning draft derived from local Korean word gloss or curated KANJIDIC English fallback.
粧,"[""화장"",""꾸미다""]","[""cosmetics"",""adorn (one's person)""]","[""ショウ""]",[],米,쌀 미,119,12,kanjidic2,https://www.edrdg.org/kanjidic/kanjidic2.xml.gz,CC BY-SA 4.0,auto,1,Auto draft: KANJIDIC2 readings/radical; Korean meaning draft derived from local Korean word gloss or curated KANJIDIC English fallback.
紹,"[""소개하다"",""잇다""]","[""introduce"",""inherit"",""help""]","[""ショウ""]",[],糸,실 사,120,11,kanjidic2,https://www.edrdg.org/kanjidic/kanjidic2.xml.gz,CC BY-SA 4.0,auto,1,Auto draft: KANJIDIC2 readings/radical; Korean meaning draft derived from local Korean word gloss or curated KANJIDIC English fallback.
衝,"[""찌르다"",""충돌""]","[""collide"",""brunt"",""highway"",""opposition (astronomy)"",""thrust"",""pierce"",""stab"",""prick""]","[""ショウ""]","[""つ.く""]",行,다닐 행,144,15,kanjidic2,https://www.edrdg.org/kanjidic/kanjidic2.xml.gz,CC BY-SA 4.0,auto,1,Auto draft: KANJIDIC2 readings/radical; Korean meaning draft derived from local Korean word gloss or curated KANJIDIC English fallback.
訟,"[""소송하다"",""고소하다""]","[""sue"",""accuse""]","[""ショウ""]",[],言,말씀 언,149,11,kanjidic2,https://www.edrdg.org/kanjidic/kanjidic2.xml.gz,CC BY-SA 4.0,auto,1,Auto draft: KANJIDIC2 readings/radical; Korean meaning draft derived from local Korean word gloss or curated KANJIDIC English fallback.
証,"[""증거"",""증명""]","[""evidence"",""proof"",""certificate""]","[""ショウ""]","[""あかし""]",言,말씀 언,149,12,kanjidic2,https://www.edrdg.org/kanjidic/kanjidic2.xml.gz,CC BY-SA 4.0,auto,1,Auto draft: KANJIDIC2 readings/radical; Korean meaning draft derived from local Korean word gloss or curated KANJIDIC English fallback.
詳,"[""자세하다"",""상세하다"",""잘알고있다""]","[""detailed"",""full"",""minute"",""accurate"",""well-informed""]","[""ショウ""]","[""くわ.しい"",""つまび.らか""]",言,말씀 언,149,13,kanjidic2,https://www.edrdg.org/kanjidic/kanjidic2.xml.gz,CC BY-SA 4.0,auto,1,Auto draft: KANJIDIC2 readings/radical; Korean meaning draft derived from local Korean word gloss or curated KANJIDIC English fallback.
象,"[""코끼리""]","[""elephant"",""pattern after"",""imitate"",""image"",""shape"",""sign (of the times)""]","[""ショウ"",""ゾウ""]","[""かたど.る""]",豕,돼지 시,152,12,kanjidic2,https://www.edrdg.org/kanjidic/kanjidic2.xml.gz,CC BY-SA 4.0,auto,1,Auto draft: KANJIDIC2 readings/radical; Korean meaning draft derived from local Korean word gloss or curated KANJIDIC English fallback.
賞,"[""상""]","[""prize"",""reward"",""praise""]","[""ショウ""]","[""ほ.める""]",貝,조개 패,154,15,kanjidic2,https://www.edrdg.org/kanjidic/kanjidic2.xml.gz,CC BY-SA 4.0,auto,1,Auto draft: KANJIDIC2 readings/radical; Korean meaning draft derived from local Korean word gloss or curated KANJIDIC English fallback.
鐘,"[""종"",""종소리""]","[""bell"",""gong"",""chimes""]","[""ショウ""]","[""かね""]",金,쇠 금,167,20,kanjidic2,https://www.edrdg.org/kanjidic/kanjidic2.xml.gz,CC BY-SA 4.0,auto,1,Auto draft: KANJIDIC2 readings/radical; Korean meaning draft derived from local Korean word gloss or curated KANJIDIC English fallback.
障,"[""방해가되다"",""지장이있다""]","[""hinder"",""hurt"",""harm""]","[""ショウ""]","[""さわ.る""]",阜,언덕 부,170,14,kanjidic2,https://www.edrdg.org/kanjidic/kanjidic2.xml.gz,CC BY-SA 4.0,auto,1,Auto draft: KANJIDIC2 readings/radical; Korean meaning draft derived from local Korean word gloss or curated KANJIDIC English fallback.
上,"[""위""]","[""above"",""up""]","[""ジョウ"",""ショウ"",""シャン""]","[""うえ"",""-うえ"",""うわ-"",""かみ"",""あ.げる"",""-あ.げる"",""あ.がる"",""-あ.がる"",""あ.がり"",""-あ.がり"",""のぼ.る"",""のぼ.り"",""のぼ.せる"",""のぼ.す"",""たてまつ.る""]",一,한 일,1,3,kanjidic2,https://www.edrdg.org/kanjidic/kanjidic2.xml.gz,CC BY-SA 4.0,auto,1,Auto draft: KANJIDIC2 readings/radical; Korean meaning draft derived from local Korean word gloss or curated KANJIDIC English fallback.
丈,"[""길이"",""높이""]","[""length"",""ten shaku"",""measure"",""Mr."",""Ms."",""height"",""stature"",""all (one has)"",""only"",""that's all"",""merely""]","[""ジョウ""]","[""たけ"",""だけ""]",一,한 일,1,3,kanjidic2,https://www.edrdg.org/kanjidic/kanjidic2.xml.gz,CC BY-SA 4.0,auto,1,Auto draft: KANJIDIC2 readings/radical; Korean meaning draft derived from local Korean word gloss or curated KANJIDIC English fallback.
乗,"[""타다"",""오르다""]","[""ride"",""power"",""multiplication"",""record"",""counter for vehicles"",""board"",""mount"",""join""]","[""ジョウ"",""ショウ""]","[""の.る"",""-の.り"",""の.せる""]",丿,삐침 별,4,9,kanjidic2,https://www.edrdg.org/kanjidic/kanjidic2.xml.gz,CC BY-SA 4.0,auto,2,Manual format normalization 2026-08-18: 쉼표로 분리된 문맥형 뜻을 기본 의미로 정리.
冗,"[""쓸데없음"",""장황함""]","[""superfluous"",""uselessness""]","[""ジョウ""]",[],冖,민갓머리 멱,14,4,kanjidic2,https://www.edrdg.org/kanjidic/kanjidic2.xml.gz,CC BY-SA 4.0,auto,1,Auto draft: KANJIDIC2 readings/radical; Korean meaning draft derived from local Korean word gloss or curated KANJIDIC English fallback.
剰,"[""남다"",""잉여""]","[""surplus"",""besides""]","[""ジョウ""]","[""あまつさえ"",""あま.り"",""あま.る""]",刀,칼 도,18,11,kanjidic2,https://www.edrdg.org/kanjidic/kanjidic2.xml.gz,CC BY-SA 4.0,auto,1,Auto draft: KANJIDIC2 readings/radical; Korean meaning draft derived from local Korean word gloss or curated KANJIDIC English fallback.
城,"[""성""]","[""castle""]","[""ジョウ"",""セイ""]","[""しろ""]",土,흙 토,32,9,kanjidic2,https://www.edrdg.org/kanjidic/kanjidic2.xml.gz,CC BY-SA 4.0,auto,1,Auto draft: KANJIDIC2 readings/radical; Korean meaning draft derived from local Korean word gloss or curated KANJIDIC English fallback.
場,"[""장소"",""장""]","[""location"",""place""]","[""ジョウ"",""チョウ""]","[""ば""]",土,흙 토,32,12,kanjidic2,https://www.edrdg.org/kanjidic/kanjidic2.xml.gz,CC BY-SA 4.0,auto,1,Auto draft: KANJIDIC2 readings/radical; Korean meaning draft derived from local Korean word gloss or curated KANJIDIC English fallback.
嬢,"[""아가씨"",""딸""]","[""lass"",""girl"",""Miss"",""daughter""]","[""ジョウ""]","[""むすめ""]",女,계집 녀,38,16,kanjidic2,https://www.edrdg.org/kanjidic/kanjidic2.xml.gz,CC BY-SA 4.0,auto,1,Auto draft: KANJIDIC2 readings/radical; Korean meaning draft derived from local Korean word gloss or curated KANJIDIC English fallback.
常,"[""항상"",""언제나""]","[""usual"",""ordinary"",""normal"",""common"",""regular"",""continually"",""always"",""long-lasting""]","[""ジョウ""]","[""つね"",""とこ-""]",巾,수건 건,50,11,kanjidic2,https://www.edrdg.org/kanjidic/kanjidic2.xml.gz,CC BY-SA 4.0,auto,1,Auto draft: KANJIDIC2 readings/radical; Korean meaning draft derived from local Korean word gloss or curated KANJIDIC English fallback.
情,"[""동정"",""공감""]","[""feelings"",""emotion"",""passion"",""sympathy"",""circumstances"",""facts""]","[""ジョウ"",""セイ""]","[""なさ.け""]",心,마음 심,61,11,kanjidic2,https://www.edrdg.org/kanjidic/kanjidic2.xml.gz,CC BY-SA 4.0,auto,1,Auto draft: KANJIDIC2 readings/radical; Korean meaning draft derived from local Korean word gloss or curated KANJIDIC English fallback.
条,"[""조항"",""가지""]","[""article"",""clause"",""counter for articles, clauses, paragraphs, etc."",""twig"",""item"",""stripe"",""streak""]","[""ジョウ"",""チョウ"",""デキ""]","[""えだ"",""すじ""]",木,나무 목,75,7,kanjidic2,https://www.edrdg.org/kanjidic/kanjidic2.xml.gz,CC BY-SA 4.0,auto,1,Auto draft: KANJIDIC2 readings/radical; Korean meaning draft derived from local Korean word gloss or curated KANJIDIC English fallback.
杖,"[""지팡이""]","[""staff"",""cane""]","[""ジョウ""]","[""つえ""]",木,나무 목,75,7,kanjidic2,https://www.edrdg.org/kanjidic/kanjidic2.xml.gz,CC BY-SA 4.0,auto,1,Auto draft: KANJIDIC2 readings/radical; Korean meaning draft derived from local Korean word gloss or curated KANJIDIC English fallback.
状,"[""상태"",""모양""]","[""status quo"",""conditions"",""circumstances"",""form"",""appearance""]","[""ジョウ""]",[],犬,개 견,94,7,kanjidic2,https://www.edrdg.org/kanjidic/kanjidic2.xml.gz,CC BY-SA 4.0,auto,1,Auto draft: KANJIDIC2 readings/radical; Korean meaning draft derived from local Korean word gloss or curated KANJIDIC English fallback.
畳,"[""다다미""]","[""tatami mat"",""counter for tatami mats"",""fold"",""shut up"",""do away with""]","[""ジョウ"",""チョウ""]","[""たた.む"",""たたみ"",""かさ.なる""]",田,밭 전,102,12,kanjidic2,https://www.edrdg.org/kanjidic/kanjidic2.xml.gz,CC BY-SA 4.0,auto,1,Auto draft: KANJIDIC2 readings/radical; Korean meaning draft derived from local Korean word gloss or curated KANJIDIC English fallback.
蒸,"[""찌다"",""무덥다""]","[""steam"",""heat"",""sultry"",""foment"",""get musty""]","[""ジョウ"",""セイ""]","[""む.す"",""む.れる"",""む.らす""]",艸,풀 초,140,13,kanjidic2,https://www.edrdg.org/kanjidic/kanjidic2.xml.gz,CC BY-SA 4.0,auto,1,Auto draft: KANJIDIC2 readings/radical; Korean meaning draft derived from local Korean word gloss or curated KANJIDIC English fallback.
譲,"[""양보하다"",""양도하다""]","[""defer"",""turnover"",""transfer"",""convey""]","[""ジョウ""]","[""ゆず.る""]",言,말씀 언,149,20,kanjidic2,https://www.edrdg.org/kanjidic/kanjidic2.xml.gz,CC BY-SA 4.0,auto,1,Auto draft: KANJIDIC2 readings/radical; Korean meaning draft derived from local Korean word gloss or curated KANJIDIC English fallback.
錠,"[""자물쇠"",""정제""]","[""lock"",""fetters"",""shackles""]","[""ジョウ""]",[],金,쇠 금,167,16,kanjidic2,https://www.edrdg.org/kanjidic/kanjidic2.xml.gz,CC BY-SA 4.0,auto,1,Auto draft: KANJIDIC2 readings/radical; Korean meaning draft derived from local Korean word gloss or curated KANJIDIC English fallback.
飾,"[""장식""]","[""decorate"",""ornament"",""adorn"",""embellish""]","[""ショク""]","[""かざ.る"",""かざ.り""]",食,밥 식,184,13,kanjidic2,https://www.edrdg.org/kanjidic/kanjidic2.xml.gz,CC BY-SA 4.0,auto,1,Auto draft: KANJIDIC2 readings/radical; Korean meaning draft derived from local Korean word gloss or curated KANJIDIC English fallback.
拭,"[""닦다""]","[""wipe"",""mop"",""swab""]","[""ショク"",""シキ""]","[""ぬぐ.う"",""ふ.く""]",手,손 수,64,9,kanjidic2,https://www.edrdg.org/kanjidic/kanjidic2.xml.gz,CC BY-SA 4.0,auto,1,Auto draft: KANJIDIC2 readings/radical; Korean meaning draft derived from local Korean word gloss or curated KANJIDIC English fallback.
植,"[""심다""]","[""plant""]","[""ショク""]","[""う.える"",""う.わる""]",木,나무 목,75,12,kanjidic2,https://www.edrdg.org/kanjidic/kanjidic2.xml.gz,CC BY-SA 4.0,auto,1,Auto draft: KANJIDIC2 readings/radical; Korean meaning draft derived from local Korean word gloss or curated KANJIDIC English fallback.
殖,"[""번식하다"",""늘리다""]","[""augment"",""increase"",""multiply"",""raise""]","[""ショク""]","[""ふ.える"",""ふ.やす""]",歹,죽을 사,78,12,kanjidic2,https://www.edrdg.org/kanjidic/kanjidic2.xml.gz,CC BY-SA 4.0,auto,2,Auto draft: KANJIDIC2 readings/radical; Korean meaning draft derived from local Korean word gloss or curated KANJIDIC English fallback.
織,"[""짜다(직물)""]","[""weave"",""fabric""]","[""ショク"",""シキ""]","[""お.る"",""お.り"",""おり"",""-おり"",""-お.り""]",糸,실 사,120,18,kanjidic2,https://www.edrdg.org/kanjidic/kanjidic2.xml.gz,CC BY-SA 4.0,auto,1,Auto draft: KANJIDIC2 readings/radical; Korean meaning draft derived from local Korean word gloss or curated KANJIDIC English fallback.
職,"[""고용""]","[""post"",""employment"",""work""]","[""ショク"",""ソク""]",[],耳,귀 이,128,18,kanjidic2,https://www.edrdg.org/kanjidic/kanjidic2.xml.gz,CC BY-SA 4.0,auto,1,Auto draft: KANJIDIC2 readings/radical; Korean meaning draft derived from local Korean word gloss or curated KANJIDIC English fallback.
色,"[""색""]","[""color""]","[""ショク"",""シキ""]","[""いろ""]",色,빛 색,139,6,kanjidic2,https://www.edrdg.org/kanjidic/kanjidic2.xml.gz,CC BY-SA 4.0,auto,1,Auto draft: KANJIDIC2 readings/radical; Korean meaning draft derived from local Korean word gloss or curated KANJIDIC English fallback.
触,"[""만지다""]","[""contact"",""touch"",""feel"",""hit"",""proclaim"",""announce"",""conflict""]","[""ショク""]","[""ふ.れる"",""さわ.る"",""さわ""]",角,뿔 각,148,13,kanjidic2,https://www.edrdg.org/kanjidic/kanjidic2.xml.gz,CC BY-SA 4.0,auto,1,Auto draft: KANJIDIC2 readings/radical; Korean meaning draft derived from local Korean word gloss or curated KANJIDIC English fallback.
食,"[""먹다"",""음식""]","[""eat"",""food""]","[""ショク"",""ジキ""]","[""く.う"",""く.らう"",""た.べる"",""は.む""]",食,밥 식,184,9,kanjidic2,https://www.edrdg.org/kanjidic/kanjidic2.xml.gz,CC BY-SA 4.0,auto,2,Manual format normalization 2026-08-18: 단어의 속어 주석을 제거하고 한자 기본 의미로 정리.
辱,"[""욕되게 하다"",""부끄러움""]","[""embarrass"",""humiliate"",""shame""]","[""ジョク""]","[""はずかし.める""]",辰,별 진,161,10,kanjidic2,https://www.edrdg.org/kanjidic/kanjidic2.xml.gz,CC BY-SA 4.0,auto,1,Auto draft: KANJIDIC2 readings/radical; Korean meaning draft derived from local Korean word gloss or curated KANJIDIC English fallback.
尻,"[""엉덩이""]","[""buttocks"",""hips"",""butt"",""rear""]","[""コウ""]","[""しり""]",尸,주검 시,44,5,kanjidic2,https://www.edrdg.org/kanjidic/kanjidic2.xml.gz,CC BY-SA 4.0,auto,1,Auto draft: KANJIDIC2 readings/radical; Korean meaning draft derived from local Korean word gloss or curated KANJIDIC English fallback.
伸,"[""늘다"",""신장하다""]","[""expand"",""stretch"",""extend"",""lengthen"",""increase""]","[""シン""]","[""の.びる"",""の.ばす"",""の.べる"",""の.す""]",人,사람 인,9,7,kanjidic2,https://www.edrdg.org/kanjidic/kanjidic2.xml.gz,CC BY-SA 4.0,auto,2,Auto draft: KANJIDIC2 readings/radical; Korean meaning draft derived from local Korean word gloss or curated KANJIDIC English fallback.
信,"[""믿다""]","[""faith"",""truth"",""fidelity"",""trust""]","[""シン""]",[],人,사람 인,9,9,kanjidic2,https://www.edrdg.org/kanjidic/kanjidic2.xml.gz,CC BY-SA 4.0,auto,1,Auto draft: KANJIDIC2 readings/radical; Korean meaning draft derived from local Korean word gloss or curated KANJIDIC English fallback.
侵,"[""침범하다"",""침해하다""]","[""encroach"",""invade"",""raid"",""trespass"",""violate""]","[""シン""]","[""おか.す""]",人,사람 인,9,9,kanjidic2,https://www.edrdg.org/kanjidic/kanjidic2.xml.gz,CC BY-SA 4.0,auto,1,Auto draft: KANJIDIC2 readings/radical; Korean meaning draft derived from local Korean word gloss or curated KANJIDIC English fallback.
唇,"[""입술""]","[""lips""]","[""シン""]","[""くちびる""]",口,입 구,30,10,kanjidic2,https://www.edrdg.org/kanjidic/kanjidic2.xml.gz,CC BY-SA 4.0,auto,1,Auto draft: KANJIDIC2 readings/radical; Korean meaning draft derived from local Korean word gloss or curated KANJIDIC English fallback.
娠,"[""임신하다"",""아이를 배다""]","[""with child"",""pregnancy""]","[""シン""]",[],女,계집 녀,38,10,kanjidic2,https://www.edrdg.org/kanjidic/kanjidic2.xml.gz,CC BY-SA 4.0,verified,10,Human-reviewed 2026-08-22: KANJIDIC English + JLPT usage cross-check; semantic-review draft confirmed.
寝,"[""자다""]","[""lie down"",""sleep"",""rest"",""bed"",""remain unsold""]","[""シン""]","[""ね.る"",""ね.かす"",""い.ぬ"",""みたまや"",""や.める""]",宀,갓머리 면,40,13,kanjidic2,https://www.edrdg.org/kanjidic/kanjidic2.xml.gz,CC BY-SA 4.0,auto,1,Auto draft: KANJIDIC2 readings/radical; Korean meaning draft derived from local Korean word gloss or curated KANJIDIC English fallback.
審,"[""심사"",""재판""]","[""hearing"",""judge"",""trial""]","[""シン""]","[""つまび.らか"",""つぶさ.に""]",宀,갓머리 면,40,15,kanjidic2,https://www.edrdg.org/kanjidic/kanjidic2.xml.gz,CC BY-SA 4.0,auto,1,Auto draft: KANJIDIC2 readings/radical; Korean meaning draft derived from local Korean word gloss or curated KANJIDIC English fallback.
心,"[""마음"",""정신""]","[""heart"",""mind"",""spirit"",""heart radical (no. 61)""]","[""シン""]","[""こころ"",""-ごころ""]",心,마음 심,61,4,kanjidic2,https://www.edrdg.org/kanjidic/kanjidic2.xml.gz,CC BY-SA 4.0,auto,1,Auto draft: KANJIDIC2 readings/radical; Korean meaning draft derived from local Korean word gloss or curated KANJIDIC English fallback.
慎,"[""삼가다""]","[""humility"",""be careful"",""discreet"",""prudent""]","[""シン""]","[""つつし.む"",""つつ.ましい"",""つつし"",""つつし.み""]",心,마음 심,61,13,kanjidic2,https://www.edrdg.org/kanjidic/kanjidic2.xml.gz,CC BY-SA 4.0,auto,1,Auto draft: KANJIDIC2 readings/radical; Korean meaning draft derived from local Korean word gloss or curated KANJIDIC English fallback.
振,"[""흔들다""]","[""shake"",""wave"",""wag"",""swing""]","[""シン""]","[""ふ.る"",""ふ.れる"",""ふ.るう""]",手,손 수,64,10,kanjidic2,https://www.edrdg.org/kanjidic/kanjidic2.xml.gz,CC BY-SA 4.0,auto,1,Auto draft: KANJIDIC2 readings/radical; Korean meaning draft derived from local Korean word gloss or curated KANJIDIC English fallback.
新,"[""새로운"",""신선한""]","[""new""]","[""シン""]","[""あたら.しい"",""あら.た"",""あら-"",""にい-""]",斤,날 근,69,13,kanjidic2,https://www.edrdg.org/kanjidic/kanjidic2.xml.gz,CC BY-SA 4.0,auto,1,Auto draft: KANJIDIC2 readings/radical; Korean meaning draft derived from local Korean word gloss or curated KANJIDIC English fallback.
森,"[""숲""]","[""forest"",""woods""]","[""シン""]","[""もり""]",木,나무 목,75,12,kanjidic2,https://www.edrdg.org/kanjidic/kanjidic2.xml.gz,CC BY-SA 4.0,auto,1,Auto draft: KANJIDIC2 readings/radical; Korean meaning draft derived from local Korean word gloss or curated KANJIDIC English fallback.
深,"[""깊다""]","[""deep"",""heighten"",""intensify"",""strengthen""]","[""シン""]","[""ふか.い"",""-ぶか.い"",""ふか.まる"",""ふか.める"",""み-""]",水,물 수,85,11,kanjidic2,https://www.edrdg.org/kanjidic/kanjidic2.xml.gz,CC BY-SA 4.0,auto,1,Auto draft: KANJIDIC2 readings/radical; Korean meaning draft derived from local Korean word gloss or curated KANJIDIC English fallback.
申,"[""아뢰다"",""말씀드리다""]","[""have the honor to"",""sign of the monkey"",""3-5PM"",""ninth sign of Chinese zodiac""]","[""シン""]","[""もう.す"",""もう.し-"",""さる""]",田,밭 전,102,5,kanjidic2,https://www.edrdg.org/kanjidic/kanjidic2.xml.gz,CC BY-SA 4.0,verified,10,Human-reviewed 2026-08-22: KANJIDIC English + JLPT usage cross-check; semantic-review draft confirmed.
真,"[""참"",""진실""]","[""true"",""reality"",""Buddhist sect""]","[""シン""]","[""ま"",""ま-"",""まこと""]",目,눈 목,109,10,kanjidic2,https://www.edrdg.org/kanjidic/kanjidic2.xml.gz,CC BY-SA 4.0,auto,1,Auto draft: KANJIDIC2 readings/radical; Korean meaning draft derived from local Korean word gloss or curated KANJIDIC English fallback.
神,"[""신""]","[""gods"",""mind"",""soul""]","[""シン"",""ジン""]","[""かみ"",""かん-"",""こう-""]",示,보일 시,113,9,kanjidic2,https://www.edrdg.org/kanjidic/kanjidic2.xml.gz,CC BY-SA 4.0,auto,1,Auto draft: KANJIDIC2 readings/radical; Korean meaning draft derived from local Korean word gloss or curated KANJIDIC English fallback.
紳,"[""신사""]","[""sire"",""good belt"",""gentleman""]","[""シン""]",[],糸,실 사,120,11,kanjidic2,https://www.edrdg.org/kanjidic/kanjidic2.xml.gz,CC BY-SA 4.0,auto,1,Auto draft: KANJIDIC2 readings/radical; Korean meaning draft derived from local Korean word gloss or curated KANJIDIC English fallback.
臣,"[""신하""]","[""retainer"",""subject""]","[""シン"",""ジン""]",[],臣,신하 신,131,7,kanjidic2,https://www.edrdg.org/kanjidic/kanjidic2.xml.gz,CC BY-SA 4.0,auto,1,Auto draft: KANJIDIC2 readings/radical; Korean meaning draft derived from local Korean word gloss or curated KANJIDIC English fallback.
芯,"[""심"",""심지""]","[""wick""]","[""シン""]",[],艸,풀 초,140,7,kanjidic2,https://www.edrdg.org/kanjidic/kanjidic2.xml.gz,CC BY-SA 4.0,auto,1,Auto draft: KANJIDIC2 readings/radical; Korean meaning draft derived from local Korean word gloss or curated KANJIDIC English fallback.
親,"[""부모""]","[""parent"",""intimacy"",""relative"",""familiarity"",""dealer (cards)""]","[""シン""]","[""おや"",""おや-"",""した.しい"",""した.しむ""]",見,볼 견,147,16,kanjidic2,https://www.edrdg.org/kanjidic/kanjidic2.xml.gz,CC BY-SA 4.0,auto,1,Auto draft: KANJIDIC2 readings/radical; Korean meaning draft derived from local Korean word gloss or curated KANJIDIC English fallback.
診,"[""진찰하다"",""진료하다""]","[""checkup"",""seeing"",""diagnose"",""examine""]","[""シン""]","[""み.る""]",言,말씀 언,149,12,kanjidic2,https://www.edrdg.org/kanjidic/kanjidic2.xml.gz,CC BY-SA 4.0,auto,1,Auto draft: KANJIDIC2 readings/radical; Korean meaning draft derived from local Korean word gloss or curated KANJIDIC English fallback.
身,"[""몸"",""신체""]","[""somebody"",""person"",""one's station in life""]","[""シン""]","[""み""]",身,몸 신,158,7,kanjidic2,https://www.edrdg.org/kanjidic/kanjidic2.xml.gz,CC BY-SA 4.0,auto,1,Auto draft: KANJIDIC2 readings/radical; Korean meaning draft derived from local Korean word gloss or curated KANJIDIC English fallback.
辛,"[""맵다""]","[""spicy"",""bitter"",""hot"",""acrid""]","[""シン""]","[""から.い"",""つら.い"",""-づら.い"",""かのと""]",辛,매울 신,160,7,kanjidic2,https://www.edrdg.org/kanjidic/kanjidic2.xml.gz,CC BY-SA 4.0,auto,1,Auto draft: KANJIDIC2 readings/radical; Korean meaning draft derived from local Korean word gloss or curated KANJIDIC English fallback.
進,"[""나아가다"",""진보하다""]","[""advance"",""proceed"",""progress"",""promote""]","[""シン""]","[""すす.む"",""すす.める""]",辵,책받침 착,162,11,kanjidic2,https://www.edrdg.org/kanjidic/kanjidic2.xml.gz,CC BY-SA 4.0,auto,1,Auto draft: KANJIDIC2 readings/radical; Korean meaning draft derived from local Korean word gloss or curated KANJIDIC English fallback.
針,"[""바늘""]","[""needle"",""pin"",""staple"",""stinger""]","[""シン""]","[""はり""]",金,쇠 금,167,10,kanjidic2,https://www.edrdg.org/kanjidic/kanjidic2.xml.gz,CC BY-SA 4.0,auto,1,Auto draft: KANJIDIC2 readings/radical; Korean meaning draft derived from local Korean word gloss or curated KANJIDIC English fallback.
震,"[""흔들리다"",""진동하다"",""두려움·추위·긴장·병 등으로 떨리다""]","[""quake"",""shake"",""tremble"",""quiver"",""shiver""]","[""シン""]","[""ふる.う"",""ふる.える"",""ふる.わせる"",""ふる.わす""]",雨,비 우,173,15,kanjidic2,https://www.edrdg.org/kanjidic/kanjidic2.xml.gz,CC BY-SA 4.0,auto,1,Auto draft: KANJIDIC2 readings/radical; Korean meaning draft derived from local Korean word gloss or curated KANJIDIC English fallback.
人,"[""사람""]","[""person""]","[""ジン"",""ニン""]","[""ひと"",""-り"",""-と""]",人,사람 인,9,2,kanjidic2,https://www.edrdg.org/kanjidic/kanjidic2.xml.gz,CC BY-SA 4.0,auto,1,Auto draft: KANJIDIC2 readings/radical; Korean meaning draft derived from local Korean word gloss or curated KANJIDIC English fallback.
刃,"[""칼날"",""날""]","[""blade"",""sword"",""edge""]","[""ジン"",""ニン""]","[""は"",""やいば"",""き.る""]",刀,칼 도,18,3,kanjidic2,https://www.edrdg.org/kanjidic/kanjidic2.xml.gz,CC BY-SA 4.0,auto,1,Auto draft: KANJIDIC2 readings/radical; Korean meaning draft derived from local Korean word gloss or curated KANJIDIC English fallback.
塵,"[""먼지""]","[""dust"",""trash"",""garbage""]","[""チン"",""ジン""]","[""ちり"",""ごみ""]",土,흙 토,32,14,kanjidic2,https://www.edrdg.org/kanjidic/kanjidic2.xml.gz,CC BY-SA 4.0,auto,1,Auto draft: KANJIDIC2 readings/radical; Korean meaning draft derived from local Korean word gloss or curated KANJIDIC English fallback.
尋,"[""묻다"",""질문하다""]","[""inquire"",""fathom"",""look for""]","[""ジン""]","[""たず.ねる"",""ひろ""]",寸,마디 촌,41,12,kanjidic2,https://www.edrdg.org/kanjidic/kanjidic2.xml.gz,CC BY-SA 4.0,auto,1,Auto draft: KANJIDIC2 readings/radical; Korean meaning draft derived from local Korean word gloss or curated KANJIDIC English fallback.
甚,"[""심하다"",""매우""]","[""tremendously"",""very"",""great"",""exceedingly""]","[""ジン""]","[""はなは.だ"",""はなは.だしい""]",甘,달 감,99,9,kanjidic2,https://www.edrdg.org/kanjidic/kanjidic2.xml.gz,CC BY-SA 4.0,auto,1,Auto draft: KANJIDIC2 readings/radical; Korean meaning draft derived from local Korean word gloss or curated KANJIDIC English fallback.
尽,"[""다하다"",""떨어지다""]","[""exhaust"",""use up"",""run out of"",""deplete"",""befriend"",""serve""]","[""ジン"",""サン""]","[""つ.きる"",""つ.くす"",""つ.かす"",""-づ.く"",""-ず.く"",""ことごと.く""]",尸,주검 시,44,6,kanjidic2,https://www.edrdg.org/kanjidic/kanjidic2.xml.gz,CC BY-SA 4.0,auto,1,Auto draft: KANJIDIC2 readings/radical; Korean meaning draft derived from local Korean word gloss or curated KANJIDIC English fallback.
迅,"[""빠르다""]","[""swift"",""fast""]","[""ジン""]",[],辵,책받침 착,162,6,kanjidic2,https://www.edrdg.org/kanjidic/kanjidic2.xml.gz,CC BY-SA 4.0,auto,1,Auto draft: KANJIDIC2 readings/radical; Korean meaning draft derived from local Korean word gloss or curated KANJIDIC English fallback.
図,"[""그림"",""도표""]","[""map"",""drawing"",""plan"",""extraordinary"",""audacious""]","[""ズ"",""ト""]","[""え"",""はか.る""]",囗,큰입구 국,31,7,kanjidic2,https://www.edrdg.org/kanjidic/kanjidic2.xml.gz,CC BY-SA 4.0,auto,1,Auto draft: KANJIDIC2 readings/radical; Korean meaning draft derived from local Korean word gloss or curated KANJIDIC English fallback.
吹,"[""불다"",""내뿜다""]","[""blow"",""breathe"",""puff"",""emit"",""smoke""]","[""スイ""]","[""ふ.く""]",口,입 구,30,7,kanjidic2,https://www.edrdg.org/kanjidic/kanjidic2.xml.gz,CC BY-SA 4.0,verified,10,Human-reviewed 2026-08-22: KANJIDIC English + JLPT usage cross-check; semantic-review draft confirmed.
垂,"[""늘어지다"",""떨어지다""]","[""droop"",""suspend"",""hang"",""slouch""]","[""スイ""]","[""た.れる"",""た.らす"",""た.れ"",""-た.れ"",""なんなんと.す""]",土,흙 토,32,8,kanjidic2,https://www.edrdg.org/kanjidic/kanjidic2.xml.gz,CC BY-SA 4.0,auto,1,Auto draft: KANJIDIC2 readings/radical; Korean meaning draft derived from local Korean word gloss or curated KANJIDIC English fallback.
推,"[""추측하다"",""밀다""]","[""conjecture"",""infer"",""guess"",""suppose"",""support"",""push (for)""]","[""スイ""]","[""お.す""]",手,손 수,64,11,kanjidic2,https://www.edrdg.org/kanjidic/kanjidic2.xml.gz,CC BY-SA 4.0,auto,1,Auto draft: KANJIDIC2 readings/radical; Korean meaning draft derived from local Korean word gloss or curated KANJIDIC English fallback.
水,"[""물""]","[""water""]","[""スイ""]","[""みず"",""みず-""]",水,물 수,85,4,kanjidic2,https://www.edrdg.org/kanjidic/kanjidic2.xml.gz,CC BY-SA 4.0,auto,1,Auto draft: KANJIDIC2 readings/radical; Korean meaning draft derived from local Korean word gloss or curated KANJIDIC English fallback.
炊,"[""(밥을) 짓다""]","[""cook"",""boil""]","[""スイ""]","[""た.く"",""-だ.き""]",火,불 화,86,8,kanjidic2,https://www.edrdg.org/kanjidic/kanjidic2.xml.gz,CC BY-SA 4.0,auto,1,Auto draft: KANJIDIC2 readings/radical; Korean meaning draft derived from local Korean word gloss or curated KANJIDIC English fallback.
睡,"[""졸다"",""잠""]","[""drowsy"",""sleep"",""die""]","[""スイ""]","[""ねむ.る"",""ねむ.い""]",目,눈 목,109,13,kanjidic2,https://www.edrdg.org/kanjidic/kanjidic2.xml.gz,CC BY-SA 4.0,auto,1,Auto draft: KANJIDIC2 readings/radical; Korean meaning draft derived from local Korean word gloss or curated KANJIDIC English fallback.
粋,"[""정수"",""세련됨"",""멋""]","[""chic"",""style"",""purity"",""essence"",""pith"",""cream"",""elite"",""choice""]","[""スイ""]","[""いき""]",米,쌀 미,119,10,kanjidic2,https://www.edrdg.org/kanjidic/kanjidic2.xml.gz,CC BY-SA 4.0,auto,1,Auto draft: KANJIDIC2 readings/radical; Korean meaning draft derived from local Korean word gloss or curated KANJIDIC English fallback.
衰,"[""쇠약해지다""]","[""decline"",""wane"",""weaken""]","[""スイ""]","[""おとろ.える""]",衣,옷 의,145,10,kanjidic2,https://www.edrdg.org/kanjidic/kanjidic2.xml.gz,CC BY-SA 4.0,auto,1,Auto draft: KANJIDIC2 readings/radical; Korean meaning draft derived from local Korean word gloss or curated KANJIDIC English fallback.
遂,"[""마침내""]","[""consummate"",""accomplish"",""attain"",""commit (suicide)""]","[""スイ""]","[""と.げる"",""つい.に""]",辵,책받침 착,162,12,kanjidic2,https://www.edrdg.org/kanjidic/kanjidic2.xml.gz,CC BY-SA 4.0,auto,1,Auto draft: KANJIDIC2 readings/radical; Korean meaning draft derived from local Korean word gloss or curated KANJIDIC English fallback.
酔,"[""술에 취하다"",""술기가 돌다"",""멀미하다""]","[""drunk"",""feel sick"",""poisoned"",""elated"",""spellbound""]","[""スイ""]","[""よ.う"",""よ.い"",""よ""]",酉,닭 유,164,11,kanjidic2,https://www.edrdg.org/kanjidic/kanjidic2.xml.gz,CC BY-SA 4.0,auto,1,Auto draft: KANJIDIC2 readings/radical; Korean meaning draft derived from local Korean word gloss or curated KANJIDIC English fallback.
随,"[""따르다"",""맡기다""]","[""follow"",""though"",""notwithstanding"",""while"",""during"",""both"",""all"",""obey"",""submit to"",""comply"",""at the mercy of (the waves)""]","[""ズイ""]","[""まにま.に"",""したが.う""]",阜,언덕 부,170,12,kanjidic2,https://www.edrdg.org/kanjidic/kanjidic2.xml.gz,CC BY-SA 4.0,auto,1,Auto draft: KANJIDIC2 readings/radical; Korean meaning draft derived from local Korean word gloss or curated KANJIDIC English fallback.
崇,"[""숭배하다"",""높이다""]","[""adore"",""respect"",""revere"",""worship""]","[""スウ""]","[""あが.める""]",山,뫼 산,46,11,kanjidic2,https://www.edrdg.org/kanjidic/kanjidic2.xml.gz,CC BY-SA 4.0,auto,1,Auto draft: KANJIDIC2 readings/radical; Korean meaning draft derived from local Korean word gloss or curated KANJIDIC English fallback.
数,"[""수"",""숫자""]","[""number"",""strength"",""fate"",""law"",""figures""]","[""スウ"",""ス"",""サク"",""ソク"",""シュ""]","[""かず"",""かぞ.える"",""しばしば"",""せ.める"",""わずらわ.しい""]",攴,둥글월 문,66,13,kanjidic2,https://www.edrdg.org/kanjidic/kanjidic2.xml.gz,CC BY-SA 4.0,auto,1,Auto draft: KANJIDIC2 readings/radical; Korean meaning draft derived from local Korean word gloss or curated KANJIDIC English fallback.
枢,"[""중심"",""축""]","[""hinge"",""pivot"",""door"",""center of things""]","[""スウ"",""シュ""]","[""とぼそ"",""からくり""]",木,나무 목,75,8,kanjidic2,https://www.edrdg.org/kanjidic/kanjidic2.xml.gz,CC BY-SA 4.0,auto,1,Auto draft: KANJIDIC2 readings/radical; Korean meaning draft derived from local Korean word gloss or curated KANJIDIC English fallback.
杉,"[""삼나무""]","[""cedar"",""cryptomeria""]","[""サン""]","[""すぎ""]",木,나무 목,75,7,kanjidic2,https://www.edrdg.org/kanjidic/kanjidic2.xml.gz,CC BY-SA 4.0,auto,1,Auto draft: KANJIDIC2 readings/radical; Korean meaning draft derived from local Korean word gloss or curated KANJIDIC English fallback.
裾,"[""옷자락"",""밑단""]","[""cuff"",""hem"",""foot of mountain""]","[""キョ"",""コ""]","[""すそ""]",衣,옷 의,145,13,kanjidic2,https://www.edrdg.org/kanjidic/kanjidic2.xml.gz,CC BY-SA 4.0,auto,1,Auto draft: KANJIDIC2 readings/radical; Korean meaning draft derived from local Korean word gloss or curated KANJIDIC English fallback.
澄,"[""분명한"",""맑은(날씨)"",""되다 투명한""]","[""lucidity"",""be clear"",""clear"",""clarify"",""settle"",""strain"",""look grave""]","[""チョウ""]","[""す.む"",""す.ます"",""-す.ます""]",水,물 수,85,15,kanjidic2,https://www.edrdg.org/kanjidic/kanjidic2.xml.gz,CC BY-SA 4.0,auto,1,Auto draft: KANJIDIC2 readings/radical; Korean meaning draft derived from local Korean word gloss or curated KANJIDIC English fallback.
寸,"[""치"",""조금""]","[""measurement"",""tenth of a shaku"",""a little"",""small""]","[""スン""]",[],寸,마디 촌,41,3,kanjidic2,https://www.edrdg.org/kanjidic/kanjidic2.xml.gz,CC BY-SA 4.0,auto,1,Auto draft: KANJIDIC2 readings/radical; Korean meaning draft derived from local Korean word gloss or curated KANJIDIC English fallback.
世,"[""세상"",""세대""]","[""generation"",""world"",""society"",""public""]","[""セイ"",""セ"",""ソウ""]","[""よ""]",一,한 일,1,5,kanjidic2,https://www.edrdg.org/kanjidic/kanjidic2.xml.gz,CC BY-SA 4.0,auto,1,Auto draft: KANJIDIC2 readings/radical; Korean meaning draft derived from local Korean word gloss or curated KANJIDIC English fallback.
瀬,"[""여울"",""급류""]","[""rapids"",""current"",""torrent"",""shallows"",""shoal""]","[""ライ""]","[""せ""]",水,물 수,85,19,kanjidic2,https://www.edrdg.org/kanjidic/kanjidic2.xml.gz,CC BY-SA 4.0,auto,1,Auto draft: KANJIDIC2 readings/radical; Korean meaning draft derived from local Korean word gloss or curated KANJIDIC English fallback.
是,"[""옳다"",""이것""]","[""just so"",""this"",""right"",""justice""]","[""ゼ"",""シ""]","[""これ"",""この"",""ここ""]",日,날 일,72,9,kanjidic2,https://www.edrdg.org/kanjidic/kanjidic2.xml.gz,CC BY-SA 4.0,auto,1,Auto draft: KANJIDIC2 readings/radical; Korean meaning draft derived from local Korean word gloss or curated KANJIDIC English fallback.
凄,"[""훌륭한"",""대단한"",""큰""]","[""uncanny"",""weird"",""threatening"",""horrible""]","[""セイ"",""サイ""]","[""さむ.い"",""すご.い"",""すさ.まじい""]",冫,이 수,15,10,kanjidic2,https://www.edrdg.org/kanjidic/kanjidic2.xml.gz,CC BY-SA 4.0,auto,1,Auto draft: KANJIDIC2 readings/radical; Korean meaning draft derived from local Korean word gloss or curated KANJIDIC English fallback.
制,"[""제압하다"",""제어하다""]","[""system"",""law"",""rule""]","[""セイ""]",[],刀,칼 도,18,8,kanjidic2,https://www.edrdg.org/kanjidic/kanjidic2.xml.gz,CC BY-SA 4.0,auto,1,Auto draft: KANJIDIC2 readings/radical; Korean meaning draft derived from local Korean word gloss or curated KANJIDIC English fallback.
勢,"[""기세"",""기운""]","[""forces"",""energy"",""military strength""]","[""セイ"",""ゼイ""]","[""いきお.い"",""はずみ""]",力,힘 력,19,13,kanjidic2,https://www.edrdg.org/kanjidic/kanjidic2.xml.gz,CC BY-SA 4.0,auto,1,Auto draft: KANJIDIC2 readings/radical; Korean meaning draft derived from local Korean word gloss or curated KANJIDIC English fallback.
征,"[""정복하다""]","[""subjugate"",""attack the rebellious"",""collect taxes""]","[""セイ""]",[],彳,두인변 척,60,8,kanjidic2,https://www.edrdg.org/kanjidic/kanjidic2.xml.gz,CC BY-SA 4.0,auto,1,Auto draft: KANJIDIC2 readings/radical; Korean meaning draft derived from local Korean word gloss or curated KANJIDIC English fallback.
性,"[""성별"",""성""]","[""sex"",""gender"",""nature""]","[""セイ"",""ショウ""]","[""さが""]",心,마음 심,61,8,kanjidic2,https://www.edrdg.org/kanjidic/kanjidic2.xml.gz,CC BY-SA 4.0,auto,1,Auto draft: KANJIDIC2 readings/radical; Korean meaning draft derived from local Korean word gloss or curated KANJIDIC English fallback.
成,"[""되다"",""이루다""]","[""turn into"",""become"",""get"",""grow"",""elapse"",""reach""]","[""セイ"",""ジョウ""]","[""な.る"",""な.す"",""-な.す""]",戈,창 과,62,6,kanjidic2,https://www.edrdg.org/kanjidic/kanjidic2.xml.gz,CC BY-SA 4.0,auto,1,Auto draft: KANJIDIC2 readings/radical; Korean meaning draft derived from local Korean word gloss or curated KANJIDIC English fallback.
政,"[""정치"",""정부""]","[""politics"",""government""]","[""セイ"",""ショウ""]","[""まつりごと"",""まん""]",攴,둥글월 문,66,9,kanjidic2,https://www.edrdg.org/kanjidic/kanjidic2.xml.gz,CC BY-SA 4.0,auto,1,Auto draft: KANJIDIC2 readings/radical; Korean meaning draft derived from local Korean word gloss or curated KANJIDIC English fallback.
整,"[""정돈되다"",""갖추어지다""]","[""organize"",""arranging"",""tune"",""tone"",""meter"",""key (music)""]","[""セイ""]","[""ととの.える"",""ととの.う""]",攴,둥글월 문,66,16,kanjidic2,https://www.edrdg.org/kanjidic/kanjidic2.xml.gz,CC BY-SA 4.0,auto,1,Auto draft: KANJIDIC2 readings/radical; Korean meaning draft derived from local Korean word gloss or curated KANJIDIC English fallback.
星,"[""별""]","[""star"",""spot"",""dot"",""mark""]","[""セイ"",""ショウ""]","[""ほし"",""-ぼし""]",日,날 일,72,9,kanjidic2,https://www.edrdg.org/kanjidic/kanjidic2.xml.gz,CC BY-SA 4.0,auto,1,Auto draft: KANJIDIC2 readings/radical; Korean meaning draft derived from local Korean word gloss or curated KANJIDIC English fallback.
晴,"[""맑다""]","[""clear up""]","[""セイ""]","[""は.れる"",""は.れ"",""は.れ-"",""-ば.れ"",""は.らす""]",日,날 일,72,12,kanjidic2,https://www.edrdg.org/kanjidic/kanjidic2.xml.gz,CC BY-SA 4.0,auto,1,Auto draft: KANJIDIC2 readings/radical; Korean meaning draft derived from local Korean word gloss or curated KANJIDIC English fallback.
正,"[""올바름"",""정(正)""]","[""correct"",""justice"",""righteous"",""10**40""]","[""セイ"",""ショウ""]","[""ただ.しい"",""ただ.す"",""まさ"",""まさ.に""]",止,그칠 지,77,5,kanjidic2,https://www.edrdg.org/kanjidic/kanjidic2.xml.gz,CC BY-SA 4.0,auto,1,Auto draft: KANJIDIC2 readings/radical; Korean meaning draft derived from local Korean word gloss or curated KANJIDIC English fallback.
清,"[""맑다"",""깨끗하다""]","[""pure"",""purify"",""cleanse"",""exorcise"",""Manchu dynasty""]","[""セイ"",""ショウ"",""シン""]","[""きよ.い"",""きよ.まる"",""きよ.める""]",水,물 수,85,11,kanjidic2,https://www.edrdg.org/kanjidic/kanjidic2.xml.gz,CC BY-SA 4.0,auto,1,Auto draft: KANJIDIC2 readings/radical; Korean meaning draft derived from local Korean word gloss or curated KANJIDIC English fallback.
牲,"[""희생 제물""]","[""animal sacrifice"",""offering""]","[""セイ""]",[],牛,소 우,93,9,kanjidic2,https://www.edrdg.org/kanjidic/kanjidic2.xml.gz,CC BY-SA 4.0,auto,1,Auto draft: KANJIDIC2 readings/radical; Korean meaning draft derived from local Korean word gloss or curated KANJIDIC English fallback.
生,"[""삶"",""태어나다"",""살다"",""생 (날것)""]","[""life"",""genuine"",""birth""]","[""セイ"",""ショウ""]","[""い.きる"",""い.かす"",""い.ける"",""う.まれる"",""うま.れる"",""う.まれ"",""うまれ"",""う.む"",""お.う"",""は.える"",""は.やす"",""き"",""なま"",""なま-"",""な.る"",""な.す"",""む.す"",""-う""]",生,날 생,100,5,kanjidic2,https://www.edrdg.org/kanjidic/kanjidic2.xml.gz,CC BY-SA 4.0,verified,10,Human-reviewed 2026-08-22: KANJIDIC English + JLPT usage cross-check; semantic-review draft confirmed.
盛,"[""번성한"",""활발한"",""번성하는""]","[""boom"",""prosper"",""copulate""]","[""セイ"",""ジョウ""]","[""も.る"",""さか.る"",""さか.ん""]",皿,그릇 명,108,11,kanjidic2,https://www.edrdg.org/kanjidic/kanjidic2.xml.gz,CC BY-SA 4.0,auto,1,Auto draft: KANJIDIC2 readings/radical; Korean meaning draft derived from local Korean word gloss or curated KANJIDIC English fallback.
精,"[""기껏해야"",""고작""]","[""refined"",""ghost"",""fairy"",""energy"",""vitality"",""semen"",""excellence"",""purity"",""skill""]","[""セイ"",""ショウ""]","[""しら.げる"",""くわ.しい""]",米,쌀 미,119,14,kanjidic2,https://www.edrdg.org/kanjidic/kanjidic2.xml.gz,CC BY-SA 4.0,auto,1,Auto draft: KANJIDIC2 readings/radical; Korean meaning draft derived from local Korean word gloss or curated KANJIDIC English fallback.
聖,"[""성스러움"",""성인""]","[""holy"",""saint"",""sage"",""master"",""priest""]","[""セイ"",""ショウ""]","[""ひじり""]",耳,귀 이,128,13,kanjidic2,https://www.edrdg.org/kanjidic/kanjidic2.xml.gz,CC BY-SA 4.0,auto,1,Auto draft: KANJIDIC2 readings/radical; Korean meaning draft derived from local Korean word gloss or curated KANJIDIC English fallback.
声,"[""목소리""]","[""voice""]","[""セイ"",""ショウ""]","[""こえ"",""こわ-""]",士,선비 사,33,7,kanjidic2,https://www.edrdg.org/kanjidic/kanjidic2.xml.gz,CC BY-SA 4.0,auto,1,Auto draft: KANJIDIC2 readings/radical; Korean meaning draft derived from local Korean word gloss or curated KANJIDIC English fallback.
製,"[""만들다"",""제조""]","[""made in..."",""manufacture""]","[""セイ""]",[],衣,옷 의,145,14,kanjidic2,https://www.edrdg.org/kanjidic/kanjidic2.xml.gz,CC BY-SA 4.0,auto,1,Auto draft: KANJIDIC2 readings/radical; Korean meaning draft derived from local Korean word gloss or curated KANJIDIC English fallback.
西,"[""서(쪽)""]","[""west"",""Spain""]","[""セイ"",""サイ"",""ス""]","[""にし""]",襾,덮을 아,146,6,kanjidic2,https://www.edrdg.org/kanjidic/kanjidic2.xml.gz,CC BY-SA 4.0,auto,1,Auto draft: KANJIDIC2 readings/radical; Korean meaning draft derived from local Korean word gloss or curated KANJIDIC English fallback.
誠,"[""진실"",""성실""]","[""sincerity"",""admonish"",""warn"",""prohibit"",""truth"",""fidelity""]","[""セイ""]","[""まこと""]",言,말씀 언,149,13,kanjidic2,https://www.edrdg.org/kanjidic/kanjidic2.xml.gz,CC BY-SA 4.0,auto,1,Auto draft: KANJIDIC2 readings/radical; Korean meaning draft derived from local Korean word gloss or curated KANJIDIC English fallback.
誓,"[""맹세하다""]","[""vow"",""swear"",""pledge""]","[""セイ""]","[""ちか.う""]",言,말씀 언,149,14,kanjidic2,https://www.edrdg.org/kanjidic/kanjidic2.xml.gz,CC BY-SA 4.0,auto,1,Auto draft: KANJIDIC2 readings/radical; Korean meaning draft derived from local Korean word gloss or curated KANJIDIC English fallback.
請,"[""청하다"",""요청하다""]","[""solicit"",""invite"",""ask""]","[""セイ"",""シン"",""ショウ""]","[""こ.う"",""う.ける""]",言,말씀 언,149,15,kanjidic2,https://www.edrdg.org/kanjidic/kanjidic2.xml.gz,CC BY-SA 4.0,auto,1,Auto draft: KANJIDIC2 readings/radical; Korean meaning draft derived from local Korean word gloss or curated KANJIDIC English fallback.
青,"[""파랗다""]","[""blue"",""green""]","[""セイ"",""ショウ""]","[""あお"",""あお-"",""あお.い""]",青,푸를 청,174,8,kanjidic2,https://www.edrdg.org/kanjidic/kanjidic2.xml.gz,CC BY-SA 4.0,auto,1,Auto draft: KANJIDIC2 readings/radical; Korean meaning draft derived from local Korean word gloss or curated KANJIDIC English fallback.
静,"[""조용함""]","[""quiet""]","[""セイ"",""ジョウ""]","[""しず-"",""しず.か"",""しず.まる"",""しず.める""]",青,푸를 청,174,14,kanjidic2,https://www.edrdg.org/kanjidic/kanjidic2.xml.gz,CC BY-SA 4.0,auto,1,Auto draft: KANJIDIC2 readings/radical; Korean meaning draft derived from local Korean word gloss or curated KANJIDIC English fallback.
斉,"[""가지런하다"",""같다""]","[""adjusted"",""alike"",""equal"",""similar variety of""]","[""セイ"",""サイ""]","[""そろ.う"",""ひと.しい"",""ひと.しく"",""あたる"",""はやい""]",文,글월 문,67,8,kanjidic2,https://www.edrdg.org/kanjidic/kanjidic2.xml.gz,CC BY-SA 4.0,auto,1,Auto draft: KANJIDIC2 readings/radical; Korean meaning draft derived from local Korean word gloss or curated KANJIDIC English fallback.
税,"[""세금""]","[""tax"",""duty""]","[""ゼイ""]",[],禾,벼 화,115,12,kanjidic2,https://www.edrdg.org/kanjidic/kanjidic2.xml.gz,CC BY-SA 4.0,auto,1,Auto draft: KANJIDIC2 readings/radical; Korean meaning draft derived from local Korean word gloss or curated KANJIDIC English fallback.
脆,"[""무르다"",""약하다"",""깨지기 쉽다""]","[""brittle"",""fragile"",""easy to beat"",""sentimental"",""susceptible""]","[""ゼイ"",""セイ"",""セツ""]","[""もろ.い"",""よわい""]",肉,고기 육,130,10,kanjidic2,https://www.edrdg.org/kanjidic/kanjidic2.xml.gz,CC BY-SA 4.0,auto,2,Auto draft: KANJIDIC2 readings/radical; Korean meaning draft derived from local Korean word gloss or curated KANJIDIC English fallback.
席,"[""좌석""]","[""seat"",""mat"",""occasion"",""place""]","[""セキ""]","[""むしろ""]",巾,수건 건,50,10,kanjidic2,https://www.edrdg.org/kanjidic/kanjidic2.xml.gz,CC BY-SA 4.0,auto,1,Auto draft: KANJIDIC2 readings/radical; Korean meaning draft derived from local Korean word gloss or curated KANJIDIC English fallback.
惜,"[""아깝다"",""애석하다""]","[""pity"",""be sparing of"",""frugal"",""stingy"",""regret""]","[""セキ""]","[""お.しい"",""お.しむ""]",心,마음 심,61,11,kanjidic2,https://www.edrdg.org/kanjidic/kanjidic2.xml.gz,CC BY-SA 4.0,auto,1,Auto draft: KANJIDIC2 readings/radical; Korean meaning draft derived from local Korean word gloss or curated KANJIDIC English fallback.
戚,"[""친척"",""슬퍼하다""]","[""grieve"",""relatives""]","[""ソク"",""セキ""]","[""いた.む"",""うれ.える"",""みうち""]",戈,창 과,62,11,kanjidic2,https://www.edrdg.org/kanjidic/kanjidic2.xml.gz,CC BY-SA 4.0,auto,2,Auto draft: KANJIDIC2 readings/radical; Korean meaning draft derived from local Korean word gloss or curated KANJIDIC English fallback.
昔,"[""옛날"",""과거""]","[""once upon a time"",""antiquity"",""old times""]","[""セキ"",""シャク""]","[""むかし""]",日,날 일,72,8,kanjidic2,https://www.edrdg.org/kanjidic/kanjidic2.xml.gz,CC BY-SA 4.0,auto,1,Auto draft: KANJIDIC2 readings/radical; Korean meaning draft derived from local Korean word gloss or curated KANJIDIC English fallback.
析,"[""분석하다"",""쪼개다""]","[""chop"",""divide"",""tear"",""analyze""]","[""セキ""]",[],木,나무 목,75,8,kanjidic2,https://www.edrdg.org/kanjidic/kanjidic2.xml.gz,CC BY-SA 4.0,auto,1,Auto draft: KANJIDIC2 readings/radical; Korean meaning draft derived from local Korean word gloss or curated KANJIDIC English fallback.
石,"[""돌""]","[""stone""]","[""セキ"",""シャク"",""コク""]","[""いし""]",石,돌 석,112,5,kanjidic2,https://www.edrdg.org/kanjidic/kanjidic2.xml.gz,CC BY-SA 4.0,auto,1,Auto draft: KANJIDIC2 readings/radical; Korean meaning draft derived from local Korean word gloss or curated KANJIDIC English fallback.
積,"[""쌓다""]","[""volume"",""product (x*y)"",""acreage"",""contents"",""pile up"",""stack"",""load"",""amass""]","[""セキ""]","[""つ.む"",""-づ.み"",""つ.もる"",""つ.もり""]",禾,벼 화,115,16,kanjidic2,https://www.edrdg.org/kanjidic/kanjidic2.xml.gz,CC BY-SA 4.0,auto,1,Auto draft: KANJIDIC2 readings/radical; Korean meaning draft derived from local Korean word gloss or curated KANJIDIC English fallback.
籍,"[""호적"",""명부""]","[""enroll"",""domiciliary register"",""membership""]","[""セキ""]",[],竹,대 죽,118,20,kanjidic2,https://www.edrdg.org/kanjidic/kanjidic2.xml.gz,CC BY-SA 4.0,auto,1,Auto draft: KANJIDIC2 readings/radical; Korean meaning draft derived from local Korean word gloss or curated KANJIDIC English fallback.
績,"[""업적"",""공적""]","[""exploits"",""achievements"",""unreeling cocoons""]","[""セキ""]",[],糸,실 사,120,17,kanjidic2,https://www.edrdg.org/kanjidic/kanjidic2.xml.gz,CC BY-SA 4.0,auto,1,Auto draft: KANJIDIC2 readings/radical; Korean meaning draft derived from local Korean word gloss or curated KANJIDIC English fallback.
責,"[""책망하다"",""비난하다""]","[""blame"",""condemn"",""censure""]","[""セキ""]","[""せ.める""]",貝,조개 패,154,11,kanjidic2,https://www.edrdg.org/kanjidic/kanjidic2.xml.gz,CC BY-SA 4.0,auto,1,Auto draft: KANJIDIC2 readings/radical; Korean meaning draft derived from local Korean word gloss or curated KANJIDIC English fallback.
赤,"[""빨갛다"",""붉다""]","[""red""]","[""セキ"",""シャク""]","[""あか"",""あか-"",""あか.い"",""あか.らむ"",""あか.らめる""]",赤,붉을 적,155,7,kanjidic2,https://www.edrdg.org/kanjidic/kanjidic2.xml.gz,CC BY-SA 4.0,auto,1,Auto draft: KANJIDIC2 readings/radical; Korean meaning draft derived from local Korean word gloss or curated KANJIDIC English fallback.
跡,"[""자국"",""흔적""]","[""tracks"",""mark"",""print"",""impression""]","[""セキ""]","[""あと""]",足,발 족,157,13,kanjidic2,https://www.edrdg.org/kanjidic/kanjidic2.xml.gz,CC BY-SA 4.0,auto,1,Auto draft: KANJIDIC2 readings/radical; Korean meaning draft derived from local Korean word gloss or curated KANJIDIC English fallback.
切,"[""자르다""]","[""cut"",""cutoff"",""be sharp""]","[""セツ"",""サイ""]","[""き.る"",""-き.る"",""き.り"",""-き.り"",""-ぎ.り"",""き.れる"",""-き.れる"",""き.れ"",""-き.れ"",""-ぎ.れ""]",刀,칼 도,18,4,kanjidic2,https://www.edrdg.org/kanjidic/kanjidic2.xml.gz,CC BY-SA 4.0,auto,1,Auto draft: KANJIDIC2 readings/radical; Korean meaning draft derived from local Korean word gloss or curated KANJIDIC English fallback.
接,"[""접하다"",""대하다""]","[""touch"",""contact"",""adjoin"",""piece together""]","[""セツ"",""ショウ""]","[""つ.ぐ""]",手,손 수,64,11,kanjidic2,https://www.edrdg.org/kanjidic/kanjidic2.xml.gz,CC BY-SA 4.0,auto,1,Auto draft: KANJIDIC2 readings/radical; Korean meaning draft derived from local Korean word gloss or curated KANJIDIC English fallback.
摂,"[""섭취하다"",""거두다"",""대리하다""]","[""vicarious"",""surrogate"",""act in addition to"",""take in"",""absorb""]","[""セツ"",""ショウ""]","[""おさ.める"",""かね.る"",""と.る""]",手,손 수,64,13,kanjidic2,https://www.edrdg.org/kanjidic/kanjidic2.xml.gz,CC BY-SA 4.0,auto,2,Auto draft: KANJIDIC2 readings/radical; Korean meaning draft derived from local Korean word gloss or curated KANJIDIC English fallback.
折,"[""때"",""기회""]","[""fold"",""break"",""fracture"",""bend"",""yield"",""submit""]","[""セツ"",""シャク""]","[""お.る"",""おり"",""お.り"",""-お.り"",""お.れる""]",手,손 수,64,7,kanjidic2,https://www.edrdg.org/kanjidic/kanjidic2.xml.gz,CC BY-SA 4.0,auto,1,Auto draft: KANJIDIC2 readings/radical; Korean meaning draft derived from local Korean word gloss or curated KANJIDIC English fallback.
設,"[""마련하다"",""설치하다""]","[""establishment"",""provision"",""prepare""]","[""セツ""]","[""もう.ける""]",言,말씀 언,149,11,kanjidic2,https://www.edrdg.org/kanjidic/kanjidic2.xml.gz,CC BY-SA 4.0,auto,1,Auto draft: KANJIDIC2 readings/radical; Korean meaning draft derived from local Korean word gloss or curated KANJIDIC English fallback.
節,"[""마디"",""절"",""시기""]","[""node"",""season"",""period"",""occasion"",""verse"",""clause"",""stanza"",""honor"",""joint"",""knuckle"",""knob"",""knot"",""tune"",""melody""]","[""セツ"",""セチ""]","[""ふし"",""-ぶし"",""のっと""]",竹,대 죽,118,13,kanjidic2,https://www.edrdg.org/kanjidic/kanjidic2.xml.gz,CC BY-SA 4.0,auto,1,Auto draft: KANJIDIC2 readings/radical; Korean meaning draft derived from local Korean word gloss or curated KANJIDIC English fallback.
説,"[""이론""]","[""opinion"",""theory"",""explanation"",""rumor""]","[""セツ"",""ゼイ""]","[""と.く""]",言,말씀 언,149,14,kanjidic2,https://www.edrdg.org/kanjidic/kanjidic2.xml.gz,CC BY-SA 4.0,auto,1,Auto draft: KANJIDIC2 readings/radical; Korean meaning draft derived from local Korean word gloss or curated KANJIDIC English fallback.
雪,"[""눈""]","[""snow""]","[""セツ""]","[""ゆき""]",雨,비 우,173,11,kanjidic2,https://www.edrdg.org/kanjidic/kanjidic2.xml.gz,CC BY-SA 4.0,auto,1,Auto draft: KANJIDIC2 readings/radical; Korean meaning draft derived from local Korean word gloss or curated KANJIDIC English fallback.
絶,"[""끊임없이""]","[""discontinue"",""sever"",""cut off"",""abstain"",""interrupt"",""suppress"",""be beyond"",""without match"",""peerless"",""unparalleled""]","[""ゼツ""]","[""た.える"",""た.やす"",""た.つ""]",糸,실 사,120,12,kanjidic2,https://www.edrdg.org/kanjidic/kanjidic2.xml.gz,CC BY-SA 4.0,auto,1,Auto draft: KANJIDIC2 readings/radical; Korean meaning draft derived from local Korean word gloss or curated KANJIDIC English fallback.
舌,"[""혀""]","[""tongue"",""reed"",""clapper""]","[""ゼツ""]","[""した""]",舌,혀 설,135,6,kanjidic2,https://www.edrdg.org/kanjidic/kanjidic2.xml.gz,CC BY-SA 4.0,auto,1,Auto draft: KANJIDIC2 readings/radical; Korean meaning draft derived from local Korean word gloss or curated KANJIDIC English fallback.
先,"[""앞"",""먼저""]","[""before"",""ahead"",""previous"",""future"",""precedence""]","[""セン""]","[""さき"",""ま.ず""]",儿,어진사람 인,10,6,kanjidic2,https://www.edrdg.org/kanjidic/kanjidic2.xml.gz,CC BY-SA 4.0,auto,1,Auto draft: KANJIDIC2 readings/radical; Korean meaning draft derived from local Korean word gloss or curated KANJIDIC English fallback.
千,"[""천""]","[""thousand""]","[""セン""]","[""ち""]",十,열 십,24,3,kanjidic2,https://www.edrdg.org/kanjidic/kanjidic2.xml.gz,CC BY-SA 4.0,auto,2,Auto draft: KANJIDIC2 readings/radical; Korean meaning draft derived from local Korean word gloss or curated KANJIDIC English fallback.
占,"[""점치다""]","[""fortune-telling"",""divining"",""forecasting"",""occupy"",""hold"",""have"",""get"",""take""]","[""セン""]","[""し.める"",""うらな.う""]",卜,점 복,25,5,kanjidic2,https://www.edrdg.org/kanjidic/kanjidic2.xml.gz,CC BY-SA 4.0,auto,1,Auto draft: KANJIDIC2 readings/radical; Korean meaning draft derived from local Korean word gloss or curated KANJIDIC English fallback.
宣,"[""선언하다"",""알리다""]","[""proclaim"",""say"",""announce""]","[""セン""]","[""のたま.う""]",宀,갓머리 면,40,9,kanjidic2,https://www.edrdg.org/kanjidic/kanjidic2.xml.gz,CC BY-SA 4.0,auto,1,Auto draft: KANJIDIC2 readings/radical; Korean meaning draft derived from local Korean word gloss or curated KANJIDIC English fallback.
専,"[""오로지"",""한결같이""]","[""specialty"",""exclusive"",""mainly"",""solely""]","[""セン""]","[""もっぱ.ら""]",寸,마디 촌,41,9,kanjidic2,https://www.edrdg.org/kanjidic/kanjidic2.xml.gz,CC BY-SA 4.0,auto,2,Manual format normalization 2026-08-18: 중복 뜻 제거.
尖,"[""뾰족해지다"",""날카로워지다""]","[""be pointed"",""sharp"",""taper"",""displeased"",""angry"",""edgy""]","[""セン""]","[""とが.る"",""さき"",""するど.い""]",小,작을 소,42,6,kanjidic2,https://www.edrdg.org/kanjidic/kanjidic2.xml.gz,CC BY-SA 4.0,auto,1,Auto draft: KANJIDIC2 readings/radical; Korean meaning draft derived from local Korean word gloss or curated KANJIDIC English fallback.
川,"[""강""]","[""stream"",""river"",""river or three-stroke river radical (no. 47)""]","[""セン""]","[""かわ""]",巛,개미허리 천,47,3,kanjidic2,https://www.edrdg.org/kanjidic/kanjidic2.xml.gz,CC BY-SA 4.0,auto,1,Auto draft: KANJIDIC2 readings/radical; Korean meaning draft derived from local Korean word gloss or curated KANJIDIC English fallback.
戦,"[""싸움"",""전투""]","[""war"",""battle"",""match""]","[""セン""]","[""いくさ"",""たたか.う"",""おのの.く"",""そよ.ぐ"",""わなな.く""]",戈,창 과,62,13,kanjidic2,https://www.edrdg.org/kanjidic/kanjidic2.xml.gz,CC BY-SA 4.0,auto,1,Auto draft: KANJIDIC2 readings/radical; Korean meaning draft derived from local Korean word gloss or curated KANJIDIC English fallback.
扇,"[""부채질하다""]","[""fan"",""folding fan""]","[""セン""]","[""おうぎ""]",戶,지게 호,63,10,kanjidic2,https://www.edrdg.org/kanjidic/kanjidic2.xml.gz,CC BY-SA 4.0,auto,1,Auto draft: KANJIDIC2 readings/radical; Korean meaning draft derived from local Korean word gloss or curated KANJIDIC English fallback.
栓,"[""마개"",""꼭지""]","[""plug"",""bolt"",""cork"",""bung"",""stopper""]","[""セン""]",[],木,나무 목,75,10,kanjidic2,https://www.edrdg.org/kanjidic/kanjidic2.xml.gz,CC BY-SA 4.0,auto,1,Auto draft: KANJIDIC2 readings/radical; Korean meaning draft derived from local Korean word gloss or curated KANJIDIC English fallback.
泉,"[""샘"",""분수""]","[""spring"",""fountain""]","[""セン""]","[""いずみ""]",水,물 수,85,9,kanjidic2,https://www.edrdg.org/kanjidic/kanjidic2.xml.gz,CC BY-SA 4.0,auto,1,Auto draft: KANJIDIC2 readings/radical; Korean meaning draft derived from local Korean word gloss or curated KANJIDIC English fallback.
浅,"[""얕다""]","[""shallow"",""superficial"",""frivolous"",""wretched"",""shameful""]","[""セン""]","[""あさ.い""]",水,물 수,85,9,kanjidic2,https://www.edrdg.org/kanjidic/kanjidic2.xml.gz,CC BY-SA 4.0,auto,1,Auto draft: KANJIDIC2 readings/radical; Korean meaning draft derived from local Korean word gloss or curated KANJIDIC English fallback.
洗,"[""씻다""]","[""wash"",""inquire into"",""probe""]","[""セン""]","[""あら.う""]",水,물 수,85,9,kanjidic2,https://www.edrdg.org/kanjidic/kanjidic2.xml.gz,CC BY-SA 4.0,auto,1,Auto draft: KANJIDIC2 readings/radical; Korean meaning draft derived from local Korean word gloss or curated KANJIDIC English fallback.
染,"[""얼룩""]","[""dye"",""color"",""paint"",""stain"",""print""]","[""セン""]","[""そ.める"",""そ.まる"",""し.みる"",""し.み""]",木,나무 목,75,9,kanjidic2,https://www.edrdg.org/kanjidic/kanjidic2.xml.gz,CC BY-SA 4.0,auto,1,Auto draft: KANJIDIC2 readings/radical; Korean meaning draft derived from local Korean word gloss or curated KANJIDIC English fallback.
潜,"[""잠수하다""]","[""submerge"",""conceal"",""hide"",""lower (voice)"",""hush""]","[""セン""]","[""ひそ.む"",""もぐ.る"",""かく.れる"",""くぐ.る"",""ひそ.める""]",水,물 수,85,15,kanjidic2,https://www.edrdg.org/kanjidic/kanjidic2.xml.gz,CC BY-SA 4.0,auto,1,Auto draft: KANJIDIC2 readings/radical; Korean meaning draft derived from local Korean word gloss or curated KANJIDIC English fallback.
煎,"[""콩·차 등을 볶다""]","[""broil"",""parch"",""roast"",""boil""]","[""セン""]","[""せん.じる"",""い.る"",""に.る""]",火,불 화,86,13,kanjidic2,https://www.edrdg.org/kanjidic/kanjidic2.xml.gz,CC BY-SA 4.0,auto,1,Auto draft: KANJIDIC2 readings/radical; Korean meaning draft derived from local Korean word gloss or curated KANJIDIC English fallback.
旋,"[""돌다"",""회전""]","[""rotation"",""go around""]","[""セン""]","[""め.ぐる"",""いばり""]",方,모 방,70,11,kanjidic2,https://www.edrdg.org/kanjidic/kanjidic2.xml.gz,CC BY-SA 4.0,auto,1,Auto draft: KANJIDIC2 readings/radical; Korean meaning draft derived from local Korean word gloss or curated KANJIDIC English fallback.
線,"[""선"",""줄"",""철사""]","[""line"",""track""]","[""セン""]","[""すじ""]",糸,실 사,120,15,kanjidic2,https://www.edrdg.org/kanjidic/kanjidic2.xml.gz,CC BY-SA 4.0,auto,1,Auto draft: KANJIDIC2 readings/radical; Korean meaning draft derived from local Korean word gloss or curated KANJIDIC English fallback.
繊,"[""가늘다"",""섬세함""]","[""slender"",""fine"",""thin kimono""]","[""セン""]",[],糸,실 사,120,17,kanjidic2,https://www.edrdg.org/kanjidic/kanjidic2.xml.gz,CC BY-SA 4.0,auto,1,Auto draft: KANJIDIC2 readings/radical; Korean meaning draft derived from local Korean word gloss or curated KANJIDIC English fallback.
羨,"[""부러워하다""]","[""envious"",""be jealous"",""covet""]","[""セン"",""エン""]","[""うらや.む"",""あまり""]",羊,양 양,123,13,kanjidic2,https://www.edrdg.org/kanjidic/kanjidic2.xml.gz,CC BY-SA 4.0,auto,2,Auto draft: KANJIDIC2 readings/radical; Korean meaning draft derived from local Korean word gloss or curated KANJIDIC English fallback.
船,"[""배""]","[""ship"",""boat""]","[""セン""]","[""ふね"",""ふな-""]",舟,배 주,137,11,kanjidic2,https://www.edrdg.org/kanjidic/kanjidic2.xml.gz,CC BY-SA 4.0,auto,1,Auto draft: KANJIDIC2 readings/radical; Korean meaning draft derived from local Korean word gloss or curated KANJIDIC English fallback.
薦,"[""추천하다"",""권하다""]","[""recommend"",""mat"",""advise"",""encourage"",""offer""]","[""セン""]","[""すす.める""]",艸,풀 초,140,16,kanjidic2,https://www.edrdg.org/kanjidic/kanjidic2.xml.gz,CC BY-SA 4.0,auto,1,Auto draft: KANJIDIC2 readings/radical; Korean meaning draft derived from local Korean word gloss or curated KANJIDIC English fallback.
践,"[""밟다"",""실천하다""]","[""tread"",""step on"",""trample"",""practice"",""carry through""]","[""セン""]","[""ふ.む""]",足,발 족,157,13,kanjidic2,https://www.edrdg.org/kanjidic/kanjidic2.xml.gz,CC BY-SA 4.0,auto,1,Auto draft: KANJIDIC2 readings/radical; Korean meaning draft derived from local Korean word gloss or curated KANJIDIC English fallback.
選,"[""고르다"",""선택하다""]","[""elect"",""select"",""choose"",""prefer""]","[""セン""]","[""えら.ぶ"",""え.る"",""よ.る""]",辵,책받침 착,162,15,kanjidic2,https://www.edrdg.org/kanjidic/kanjidic2.xml.gz,CC BY-SA 4.0,auto,1,Auto draft: KANJIDIC2 readings/radical; Korean meaning draft derived from local Korean word gloss or curated KANJIDIC English fallback.
遷,"[""옮기다"",""변천""]","[""transition"",""move"",""change""]","[""セン""]","[""うつ.る"",""うつ.す"",""みやこがえ""]",辵,책받침 착,162,15,kanjidic2,https://www.edrdg.org/kanjidic/kanjidic2.xml.gz,CC BY-SA 4.0,auto,1,Auto draft: KANJIDIC2 readings/radical; Korean meaning draft derived from local Korean word gloss or curated KANJIDIC English fallback.
銭,"[""돈"",""동전""]","[""coin"","".01 yen"",""money""]","[""セン"",""ゼン""]","[""ぜに"",""すき""]",金,쇠 금,167,14,kanjidic2,https://www.edrdg.org/kanjidic/kanjidic2.xml.gz,CC BY-SA 4.0,auto,1,Auto draft: KANJIDIC2 readings/radical; Korean meaning draft derived from local Korean word gloss or curated KANJIDIC English fallback.
鮮,"[""선명함"",""산뜻함""]","[""fresh"",""vivid"",""clear"",""brilliant"",""Korea""]","[""セン""]","[""あざ.やか""]",魚,고기 어,195,17,kanjidic2,https://www.edrdg.org/kanjidic/kanjidic2.xml.gz,CC BY-SA 4.0,auto,1,Auto draft: KANJIDIC2 readings/radical; Korean meaning draft derived from local Korean word gloss or curated KANJIDIC English fallback.
前,"[""앞""]","[""in front"",""before""]","[""ゼン""]","[""まえ"",""-まえ""]",刀,칼 도,18,9,kanjidic2,https://www.edrdg.org/kanjidic/kanjidic2.xml.gz,CC BY-SA 4.0,auto,1,Auto draft: KANJIDIC2 readings/radical; Korean meaning draft derived from local Korean word gloss or curated KANJIDIC English fallback.
善,"[""선"",""착함""]","[""virtuous"",""good"",""goodness""]","[""ゼン""]","[""よ.い"",""い.い"",""よ.く"",""よし.とする""]",口,입 구,30,12,kanjidic2,https://www.edrdg.org/kanjidic/kanjidic2.xml.gz,CC BY-SA 4.0,auto,1,Auto draft: KANJIDIC2 readings/radical; Korean meaning draft derived from local Korean word gloss or curated KANJIDIC English fallback.
然,"[""그러하다""]","[""sort of thing"",""so"",""if so"",""in that case"",""well""]","[""ゼン"",""ネン""]","[""しか"",""しか.り"",""しか.し"",""さ""]",火,불 화,86,12,kanjidic2,https://www.edrdg.org/kanjidic/kanjidic2.xml.gz,CC BY-SA 4.0,auto,1,Auto draft: KANJIDIC2 readings/radical; Korean meaning draft derived from local Korean word gloss or curated KANJIDIC English fallback.
全,"[""전부"",""전체""]","[""whole"",""entire"",""all"",""complete"",""fulfill""]","[""ゼン""]","[""まった.く"",""すべ.て""]",入,들 입,11,6,kanjidic2,https://www.edrdg.org/kanjidic/kanjidic2.xml.gz,CC BY-SA 4.0,auto,1,Auto draft: KANJIDIC2 readings/radical; Korean meaning draft derived from local Korean word gloss or curated KANJIDIC English fallback.
繕,"[""깁다"",""손질하다"",""둘러대다""]","[""darning"",""repair"",""mend"",""trim"",""tidy up"",""adjust""]","[""ゼン""]","[""つくろ.う""]",糸,실 사,120,18,kanjidic2,https://www.edrdg.org/kanjidic/kanjidic2.xml.gz,CC BY-SA 4.0,auto,1,Auto draft: KANJIDIC2 readings/radical; Korean meaning draft derived from local Korean word gloss or curated KANJIDIC English fallback.
噌,"[""떠들썩함""]","[""boisterous""]","[""ソウ"",""ショウ"",""ソ""]","[""かまびす.しい""]",口,입 구,30,14,kanjidic2,https://www.edrdg.org/kanjidic/kanjidic2.xml.gz,CC BY-SA 4.0,auto,1,Auto draft: KANJIDIC2 readings/radical; Korean meaning draft derived from local Korean word gloss or curated KANJIDIC English fallback.
措,"[""두다"",""중지하다""]","[""set aside"",""give up"",""suspend"",""discontinue"",""lay aside"",""except""]","[""ソ""]","[""お.く""]",手,손 수,64,11,kanjidic2,https://www.edrdg.org/kanjidic/kanjidic2.xml.gz,CC BY-SA 4.0,auto,1,Auto draft: KANJIDIC2 readings/radical; Korean meaning draft derived from local Korean word gloss or curated KANJIDIC English fallback.
狙,"[""목표""]","[""aim at"",""sight"",""shadow"",""stalk""]","[""ソ"",""ショ""]","[""ねら.う"",""ねら.い""]",犬,개 견,94,8,kanjidic2,https://www.edrdg.org/kanjidic/kanjidic2.xml.gz,CC BY-SA 4.0,auto,1,Auto draft: KANJIDIC2 readings/radical; Korean meaning draft derived from local Korean word gloss or curated KANJIDIC English fallback.
疎,"[""소홀한""]","[""alienate"",""rough"",""neglect"",""shun"",""sparse"",""penetrate""]","[""ソ"",""ショ""]","[""うと.い"",""うと.む"",""まば.ら""]",疋,필 필,103,12,kanjidic2,https://www.edrdg.org/kanjidic/kanjidic2.xml.gz,CC BY-SA 4.0,auto,1,Auto draft: KANJIDIC2 readings/radical; Korean meaning draft derived from local Korean word gloss or curated KANJIDIC English fallback.
礎,"[""초석"",""기초""]","[""cornerstone"",""foundation stone""]","[""ソ""]","[""いしずえ""]",石,돌 석,112,18,kanjidic2,https://www.edrdg.org/kanjidic/kanjidic2.xml.gz,CC BY-SA 4.0,auto,1,Auto draft: KANJIDIC2 readings/radical; Korean meaning draft derived from local Korean word gloss or curated KANJIDIC English fallback.
祖,"[""조상"",""시조""]","[""ancestor"",""pioneer"",""founder""]","[""ソ""]",[],示,보일 시,113,9,kanjidic2,https://www.edrdg.org/kanjidic/kanjidic2.xml.gz,CC BY-SA 4.0,auto,1,Auto draft: KANJIDIC2 readings/radical; Korean meaning draft derived from local Korean word gloss or curated KANJIDIC English fallback.
粗,"[""입자·짜임이 거칠다"",""성기다""]","[""coarse"",""rough"",""rugged""]","[""ソ""]","[""あら.い"",""あら-""]",米,쌀 미,119,11,kanjidic2,https://www.edrdg.org/kanjidic/kanjidic2.xml.gz,CC BY-SA 4.0,auto,1,Auto draft: KANJIDIC2 readings/radical; Korean meaning draft derived from local Korean word gloss or curated KANJIDIC English fallback.
素,"[""본질"",""바탕""]","[""elementary"",""principle"",""naked"",""uncovered""]","[""ソ"",""ス""]","[""もと""]",糸,실 사,120,10,kanjidic2,https://www.edrdg.org/kanjidic/kanjidic2.xml.gz,CC BY-SA 4.0,auto,1,Auto draft: KANJIDIC2 readings/radical; Korean meaning draft derived from local Korean word gloss or curated KANJIDIC English fallback.
組,"[""조"",""반"",""팀""]","[""association"",""braid"",""plait"",""construct"",""assemble"",""unite"",""cooperate"",""grapple""]","[""ソ""]","[""く.む"",""くみ"",""-ぐみ""]",糸,실 사,120,11,kanjidic2,https://www.edrdg.org/kanjidic/kanjidic2.xml.gz,CC BY-SA 4.0,auto,1,Auto draft: KANJIDIC2 readings/radical; Korean meaning draft derived from local Korean word gloss or curated KANJIDIC English fallback.
蘇,"[""되살아나다"",""부활하다""]","[""be resuscitated"",""revived"",""perilla"",""shiso""]","[""ソ"",""ス""]","[""よみがえ.る""]",艸,풀 초,140,19,kanjidic2,https://www.edrdg.org/kanjidic/kanjidic2.xml.gz,CC BY-SA 4.0,auto,2,Manual format normalization 2026-08-18: 중복 뜻 제거.
訴,"[""고소"",""호소""]","[""accusation"",""sue"",""complain of pain"",""appeal to""]","[""ソ""]","[""うった.える""]",言,말씀 언,149,12,kanjidic2,https://www.edrdg.org/kanjidic/kanjidic2.xml.gz,CC BY-SA 4.0,auto,1,Auto draft: KANJIDIC2 readings/radical; Korean meaning draft derived from local Korean word gloss or curated KANJIDIC English fallback.
阻,"[""저지하다"",""가로막다""]","[""thwart"",""separate from"",""prevent"",""obstruct"",""deter"",""impede""]","[""ソ""]","[""はば.む""]",阜,언덕 부,170,8,kanjidic2,https://www.edrdg.org/kanjidic/kanjidic2.xml.gz,CC BY-SA 4.0,auto,1,Auto draft: KANJIDIC2 readings/radical; Korean meaning draft derived from local Korean word gloss or curated KANJIDIC English fallback.
遡,"[""거슬러 올라가다""]","[""go upstream"",""retrace the past""]","[""ソ"",""サク""]","[""さかのぼ.る""]",辵,책받침 착,162,13,kanjidic2,https://www.edrdg.org/kanjidic/kanjidic2.xml.gz,CC BY-SA 4.0,auto,1,Auto draft: KANJIDIC2 readings/radical; Korean meaning draft derived from local Korean word gloss or curated KANJIDIC English fallback.
鼠,"[""쥐""]","[""rat"",""mouse"",""dark gray""]","[""ソ"",""ショ""]","[""ねずみ"",""ねず""]",鼠,쥐 서,208,13,kanjidic2,https://www.edrdg.org/kanjidic/kanjidic2.xml.gz,CC BY-SA 4.0,auto,2,Auto draft: KANJIDIC2 readings/radical; Korean meaning draft derived from local Korean word gloss or curated KANJIDIC English fallback.
創,"[""창조하다"",""상처""]","[""genesis"",""wound"",""injury"",""hurt"",""start"",""originate""]","[""ソウ"",""ショウ""]","[""つく.る"",""はじ.める"",""きず"",""けず.しける""]",刀,칼 도,18,12,kanjidic2,https://www.edrdg.org/kanjidic/kanjidic2.xml.gz,CC BY-SA 4.0,auto,1,Auto draft: KANJIDIC2 readings/radical; Korean meaning draft derived from local Korean word gloss or curated KANJIDIC English fallback.
倉,"[""창고""]","[""godown"",""warehouse"",""storehouse"",""cellar"",""treasury""]","[""ソウ""]","[""くら""]",人,사람 인,9,10,kanjidic2,https://www.edrdg.org/kanjidic/kanjidic2.xml.gz,CC BY-SA 4.0,verified,10,Human-reviewed 2026-08-22: KANJIDIC English + JLPT usage cross-check; semantic-review draft confirmed.
壮,"[""씩씩하다"",""왕성함""]","[""robust"",""manhood"",""prosperity""]","[""ソウ""]","[""さかん""]",士,선비 사,33,6,kanjidic2,https://www.edrdg.org/kanjidic/kanjidic2.xml.gz,CC BY-SA 4.0,auto,1,Auto draft: KANJIDIC2 readings/radical; Korean meaning draft derived from local Korean word gloss or curated KANJIDIC English fallback.
奏,"[""연주하다"",""아뢰다""]","[""play music"",""speak to a ruler"",""complete""]","[""ソウ""]","[""かな.でる""]",大,큰 대,37,9,kanjidic2,https://www.edrdg.org/kanjidic/kanjidic2.xml.gz,CC BY-SA 4.0,auto,1,Auto draft: KANJIDIC2 readings/radical; Korean meaning draft derived from local Korean word gloss or curated KANJIDIC English fallback.
爽,"[""상쾌한"",""산뜻한""]","[""refreshing"",""bracing"",""resonant"",""sweet"",""clear""]","[""ソウ""]","[""あき.らか"",""さわ.やか"",""たがう""]",爻,점괘 효,89,11,kanjidic2,https://www.edrdg.org/kanjidic/kanjidic2.xml.gz,CC BY-SA 4.0,auto,2,Auto draft: KANJIDIC2 readings/radical; Korean meaning draft derived from local Korean word gloss or curated KANJIDIC English fallback.
層,"[""층"",""계층""]","[""stratum"",""social class"",""layer"",""story"",""floor""]","[""ソウ""]",[],尸,주검 시,44,14,kanjidic2,https://www.edrdg.org/kanjidic/kanjidic2.xml.gz,CC BY-SA 4.0,auto,1,Auto draft: KANJIDIC2 readings/radical; Korean meaning draft derived from local Korean word gloss or curated KANJIDIC English fallback.
想,"[""생각"",""상상""]","[""idea"",""thought"",""conception"",""think""]","[""ソウ"",""ソ""]","[""おも.う""]",心,마음 심,61,13,kanjidic2,https://www.edrdg.org/kanjidic/kanjidic2.xml.gz,CC BY-SA 4.0,auto,1,Auto draft: KANJIDIC2 readings/radical; Korean meaning draft derived from local Korean word gloss or curated KANJIDIC English fallback.
捜,"[""잃은 사람·물건을 수색하다""]","[""search"",""look for"",""locate""]","[""ソウ"",""シュ"",""シュウ""]","[""さが.す""]",手,손 수,64,10,kanjidic2,https://www.edrdg.org/kanjidic/kanjidic2.xml.gz,CC BY-SA 4.0,auto,1,Auto draft: KANJIDIC2 readings/radical; Korean meaning draft derived from local Korean word gloss or curated KANJIDIC English fallback.
掃,"[""쓸다"",""털다"",""칠하다""]","[""sweep"",""brush""]","[""ソウ"",""シュ""]","[""は.く""]",手,손 수,64,11,kanjidic2,https://www.edrdg.org/kanjidic/kanjidic2.xml.gz,CC BY-SA 4.0,auto,1,Auto draft: KANJIDIC2 readings/radical; Korean meaning draft derived from local Korean word gloss or curated KANJIDIC English fallback.
操,"[""조종하다"",""다루다""]","[""maneuver"",""manipulate"",""operate"",""steer"",""chastity"",""virginity"",""fidelity""]","[""ソウ"",""サン""]","[""みさお"",""あやつ.る""]",手,손 수,64,16,kanjidic2,https://www.edrdg.org/kanjidic/kanjidic2.xml.gz,CC BY-SA 4.0,auto,1,Auto draft: KANJIDIC2 readings/radical; Korean meaning draft derived from local Korean word gloss or curated KANJIDIC English fallback.
早,"[""이르다"",""빠르다""]","[""early"",""fast""]","[""ソウ"",""サッ""]","[""はや.い"",""はや"",""はや-"",""はや.まる"",""はや.める"",""さ-""]",日,날 일,72,6,kanjidic2,https://www.edrdg.org/kanjidic/kanjidic2.xml.gz,CC BY-SA 4.0,auto,1,Auto draft: KANJIDIC2 readings/radical; Korean meaning draft derived from local Korean word gloss or curated KANJIDIC English fallback.
燥,"[""마르다"",""건조""]","[""parch"",""dry up""]","[""ソウ""]","[""はしゃ.ぐ""]",火,불 화,86,17,kanjidic2,https://www.edrdg.org/kanjidic/kanjidic2.xml.gz,CC BY-SA 4.0,auto,1,Auto draft: KANJIDIC2 readings/radical; Korean meaning draft derived from local Korean word gloss or curated KANJIDIC English fallback.
争,"[""다투다"",""경쟁하다""]","[""contend"",""dispute"",""argue""]","[""ソウ""]","[""あらそ.う"",""いか.でか""]",亅,갈고리 궐,6,6,kanjidic2,https://www.edrdg.org/kanjidic/kanjidic2.xml.gz,CC BY-SA 4.0,auto,1,Auto draft: KANJIDIC2 readings/radical; Korean meaning draft derived from local Korean word gloss or curated KANJIDIC English fallback.
痩,"[""살이 빠지다""]","[""get thin""]","[""ソウ"",""チュウ"",""シュウ"",""シュ""]","[""や.せる""]",疒,병질안 역,104,12,kanjidic2,https://www.edrdg.org/kanjidic/kanjidic2.xml.gz,CC BY-SA 4.0,auto,1,Auto draft: KANJIDIC2 readings/radical; Korean meaning draft derived from local Korean word gloss or curated KANJIDIC English fallback.
相,"[""서로"",""모습"",""상""]","[""inter-"",""mutual"",""together"",""each other"",""minister of state"",""councillor"",""aspect"",""phase"",""physiognomy""]","[""ソウ"",""ショウ""]","[""あい-""]",目,눈 목,109,9,kanjidic2,https://www.edrdg.org/kanjidic/kanjidic2.xml.gz,CC BY-SA 4.0,auto,1,Auto draft: KANJIDIC2 readings/radical; Korean meaning draft derived from local Korean word gloss or curated KANJIDIC English fallback.
窓,"[""창문""]","[""window"",""pane""]","[""ソウ"",""ス""]","[""まど"",""てんまど"",""けむだし""]",穴,구멍 혈,116,11,kanjidic2,https://www.edrdg.org/kanjidic/kanjidic2.xml.gz,CC BY-SA 4.0,auto,1,Auto draft: KANJIDIC2 readings/radical; Korean meaning draft derived from local Korean word gloss or curated KANJIDIC English fallback.
総,"[""대체로"",""전반적으로""]","[""general"",""whole"",""all"",""full"",""total""]","[""ソウ""]","[""す.べて"",""すべ.て"",""ふさ""]",糸,실 사,120,14,kanjidic2,https://www.edrdg.org/kanjidic/kanjidic2.xml.gz,CC BY-SA 4.0,auto,1,Auto draft: KANJIDIC2 readings/radical; Korean meaning draft derived from local Korean word gloss or curated KANJIDIC English fallback.
草,"[""풀"",""잔디""]","[""grass"",""weeds"",""herbs"",""pasture"",""write"",""draft""]","[""ソウ""]","[""くさ"",""くさ-"",""-ぐさ""]",艸,풀 초,140,9,kanjidic2,https://www.edrdg.org/kanjidic/kanjidic2.xml.gz,CC BY-SA 4.0,auto,1,Auto draft: KANJIDIC2 readings/radical; Korean meaning draft derived from local Korean word gloss or curated KANJIDIC English fallback.
荘,"[""별장"",""엄숙함""]","[""villa"",""inn"",""cottage"",""feudal manor"",""solemn"",""dignified""]","[""ソウ"",""ショウ"",""チャン""]","[""ほうき"",""おごそ.か""]",艸,풀 초,140,9,kanjidic2,https://www.edrdg.org/kanjidic/kanjidic2.xml.gz,CC BY-SA 4.0,auto,1,Auto draft: KANJIDIC2 readings/radical; Korean meaning draft derived from local Korean word gloss or curated KANJIDIC English fallback.
葬,"[""장사 지내다"",""묻다""]","[""interment"",""bury"",""shelve""]","[""ソウ""]","[""ほうむ.る""]",艸,풀 초,140,12,kanjidic2,https://www.edrdg.org/kanjidic/kanjidic2.xml.gz,CC BY-SA 4.0,auto,1,Auto draft: KANJIDIC2 readings/radical; Korean meaning draft derived from local Korean word gloss or curated KANJIDIC English fallback.
装,"[""꾸미다"",""치장하다""]","[""attire"",""dress"",""pretend"",""disguise"",""profess""]","[""ソウ"",""ショウ""]","[""よそお.う"",""よそお.い""]",衣,옷 의,145,12,kanjidic2,https://www.edrdg.org/kanjidic/kanjidic2.xml.gz,CC BY-SA 4.0,auto,1,Auto draft: KANJIDIC2 readings/radical; Korean meaning draft derived from local Korean word gloss or curated KANJIDIC English fallback.
走,"[""달리다""]","[""run""]","[""ソウ""]","[""はし.る""]",走,달아날 주,156,7,kanjidic2,https://www.edrdg.org/kanjidic/kanjidic2.xml.gz,CC BY-SA 4.0,auto,1,Auto draft: KANJIDIC2 readings/radical; Korean meaning draft derived from local Korean word gloss or curated KANJIDIC English fallback.
送,"[""보내다""]","[""escort"",""send""]","[""ソウ""]","[""おく.る""]",辵,책받침 착,162,9,kanjidic2,https://www.edrdg.org/kanjidic/kanjidic2.xml.gz,CC BY-SA 4.0,auto,1,Auto draft: KANJIDIC2 readings/radical; Korean meaning draft derived from local Korean word gloss or curated KANJIDIC English fallback.
遭,"[""마주치다"",""당하다""]","[""encounter"",""meet"",""party"",""association"",""interview"",""join""]","[""ソウ""]","[""あ.う"",""あ.わせる""]",辵,책받침 착,162,14,kanjidic2,https://www.edrdg.org/kanjidic/kanjidic2.xml.gz,CC BY-SA 4.0,auto,1,Auto draft: KANJIDIC2 readings/radical; Korean meaning draft derived from local Korean word gloss or curated KANJIDIC English fallback.
騒,"[""떠들다"",""소란피우다""]","[""boisterous"",""make noise"",""clamor"",""disturb"",""excite""]","[""ソウ""]","[""さわ.ぐ"",""うれい"",""さわ.がしい""]",馬,말 마,187,18,kanjidic2,https://www.edrdg.org/kanjidic/kanjidic2.xml.gz,CC BY-SA 4.0,auto,1,Auto draft: KANJIDIC2 readings/radical; Korean meaning draft derived from local Korean word gloss or curated KANJIDIC English fallback.
像,"[""상"",""이미지""]","[""statue"",""picture"",""image"",""figure"",""portrait""]","[""ゾウ""]",[],人,사람 인,9,14,kanjidic2,https://www.edrdg.org/kanjidic/kanjidic2.xml.gz,CC BY-SA 4.0,auto,1,Auto draft: KANJIDIC2 readings/radical; Korean meaning draft derived from local Korean word gloss or curated KANJIDIC English fallback.
増,"[""늘다"",""증가하다""]","[""increase"",""add"",""augment"",""gain"",""promote""]","[""ゾウ""]","[""ま.す"",""ま.し"",""ふ.える"",""ふ.やす""]",土,흙 토,32,14,kanjidic2,https://www.edrdg.org/kanjidic/kanjidic2.xml.gz,CC BY-SA 4.0,auto,1,Auto draft: KANJIDIC2 readings/radical; Korean meaning draft derived from local Korean word gloss or curated KANJIDIC English fallback.
憎,"[""밉다""]","[""hate"",""detest""]","[""ゾウ""]","[""にく.む"",""にく.い"",""にく.らしい"",""にく.しみ""]",心,마음 심,61,14,kanjidic2,https://www.edrdg.org/kanjidic/kanjidic2.xml.gz,CC BY-SA 4.0,auto,1,Auto draft: KANJIDIC2 readings/radical; Korean meaning draft derived from local Korean word gloss or curated KANJIDIC English fallback.
臓,"[""내장""]","[""entrails"",""viscera"",""bowels""]","[""ゾウ""]","[""はらわた""]",肉,고기 육,130,19,kanjidic2,https://www.edrdg.org/kanjidic/kanjidic2.xml.gz,CC BY-SA 4.0,auto,1,Auto draft: KANJIDIC2 readings/radical; Korean meaning draft derived from local Korean word gloss or curated KANJIDIC English fallback.
蔵,"[""곳간"",""창고""]","[""storehouse"",""hide"",""own"",""have"",""possess""]","[""ゾウ"",""ソウ""]","[""くら"",""おさ.める"",""かく.れる""]",艸,풀 초,140,15,kanjidic2,https://www.edrdg.org/kanjidic/kanjidic2.xml.gz,CC BY-SA 4.0,auto,1,Auto draft: KANJIDIC2 readings/radical; Korean meaning draft derived from local Korean word gloss or curated KANJIDIC English fallback.
贈,"[""선물하다""]","[""presents"",""send"",""give to"",""award to"",""confer on"",""presenting something""]","[""ゾウ"",""ソウ""]","[""おく.る""]",貝,조개 패,154,18,kanjidic2,https://www.edrdg.org/kanjidic/kanjidic2.xml.gz,CC BY-SA 4.0,auto,1,Auto draft: KANJIDIC2 readings/radical; Korean meaning draft derived from local Korean word gloss or curated KANJIDIC English fallback.
造,"[""건축물·제품의 만듦새"",""구조""]","[""create"",""make"",""structure"",""physique""]","[""ゾウ""]","[""つく.る"",""つく.り"",""-づく.り""]",辵,책받침 착,162,10,kanjidic2,https://www.edrdg.org/kanjidic/kanjidic2.xml.gz,CC BY-SA 4.0,auto,1,Auto draft: KANJIDIC2 readings/radical; Korean meaning draft derived from local Korean word gloss or curated KANJIDIC English fallback.
促,"[""촉구하다"",""재촉하다""]","[""stimulate"",""urge"",""press"",""demand"",""incite""]","[""ソク""]","[""うなが.す""]",人,사람 인,9,9,kanjidic2,https://www.edrdg.org/kanjidic/kanjidic2.xml.gz,CC BY-SA 4.0,auto,1,Auto draft: KANJIDIC2 readings/radical; Korean meaning draft derived from local Korean word gloss or curated KANJIDIC English fallback.
側,"[""쪽"",""측면""]","[""side"",""lean"",""oppose"",""regret""]","[""ソク""]","[""かわ"",""がわ"",""そば""]",人,사람 인,9,11,kanjidic2,https://www.edrdg.org/kanjidic/kanjidic2.xml.gz,CC BY-SA 4.0,auto,1,Auto draft: KANJIDIC2 readings/radical; Korean meaning draft derived from local Korean word gloss or curated KANJIDIC English fallback.
則,"[""규칙"",""법칙""]","[""rule"",""law"",""follow"",""based on"",""model after""]","[""ソク""]","[""のっと.る"",""のり"",""すなわち""]",刀,칼 도,18,9,kanjidic2,https://www.edrdg.org/kanjidic/kanjidic2.xml.gz,CC BY-SA 4.0,auto,1,Auto draft: KANJIDIC2 readings/radical; Korean meaning draft derived from local Korean word gloss or curated KANJIDIC English fallback.
即,"[""입각하다"",""부합하다""]","[""instant"",""namely"",""as is"",""conform"",""agree"",""adapt""]","[""ソク""]","[""つ.く"",""つ.ける"",""すなわ.ち""]",卩,병부 절,26,7,kanjidic2,https://www.edrdg.org/kanjidic/kanjidic2.xml.gz,CC BY-SA 4.0,auto,1,Auto draft: KANJIDIC2 readings/radical; Korean meaning draft derived from local Korean word gloss or curated KANJIDIC English fallback.
息,"[""숨"",""호흡""]","[""breath"",""respiration"",""son"",""interest (on money)"",""rest"",""coming to an end""]","[""ソク""]","[""いき""]",心,마음 심,61,10,kanjidic2,https://www.edrdg.org/kanjidic/kanjidic2.xml.gz,CC BY-SA 4.0,auto,1,Auto draft: KANJIDIC2 readings/radical; Korean meaning draft derived from local Korean word gloss or curated KANJIDIC English fallback.
束,"[""다발"",""묶음""]","[""bundle"",""sheaf"",""ream"",""tie in bundles"",""govern"",""manage"",""control""]","[""ソク""]","[""たば"",""たば.ねる"",""つか"",""つか.ねる""]",木,나무 목,75,7,kanjidic2,https://www.edrdg.org/kanjidic/kanjidic2.xml.gz,CC BY-SA 4.0,auto,1,Auto draft: KANJIDIC2 readings/radical; Korean meaning draft derived from local Korean word gloss or curated KANJIDIC English fallback.
測,"[""재다"",""측정하다""]","[""fathom"",""plan"",""scheme"",""measure""]","[""ソク""]","[""はか.る""]",水,물 수,85,12,kanjidic2,https://www.edrdg.org/kanjidic/kanjidic2.xml.gz,CC BY-SA 4.0,auto,2,Manual format normalization 2026-08-18: 쉼표로 분리된 문맥형 뜻을 기본 의미로 정리.
足,"[""발"",""다리""]","[""leg"",""foot"",""be sufficient"",""counter for pairs of footwear""]","[""ソク""]","[""あし"",""た.りる"",""た.る"",""た.す""]",足,발 족,157,7,kanjidic2,https://www.edrdg.org/kanjidic/kanjidic2.xml.gz,CC BY-SA 4.0,auto,1,Auto draft: KANJIDIC2 readings/radical; Korean meaning draft derived from local Korean word gloss or curated KANJIDIC English fallback.
速,"[""빠르다""]","[""quick"",""fast""]","[""ソク""]","[""はや.い"",""はや-"",""はや.める"",""すみ.やか""]",辵,책받침 착,162,10,kanjidic2,https://www.edrdg.org/kanjidic/kanjidic2.xml.gz,CC BY-SA 4.0,auto,1,Auto draft: KANJIDIC2 readings/radical; Korean meaning draft derived from local Korean word gloss or curated KANJIDIC English fallback.
俗,"[""풍속"",""속됨""]","[""vulgar"",""customs"",""manners"",""worldliness"",""mundane things""]","[""ゾク""]",[],人,사람 인,9,9,kanjidic2,https://www.edrdg.org/kanjidic/kanjidic2.xml.gz,CC BY-SA 4.0,auto,1,Auto draft: KANJIDIC2 readings/radical; Korean meaning draft derived from local Korean word gloss or curated KANJIDIC English fallback.
属,"[""속하다""]","[""belong"",""genus"",""subordinate official"",""affiliated""]","[""ゾク"",""ショク""]","[""さかん"",""つく"",""やから""]",尸,주검 시,44,12,kanjidic2,https://www.edrdg.org/kanjidic/kanjidic2.xml.gz,CC BY-SA 4.0,auto,1,Auto draft: KANJIDIC2 readings/radical; Korean meaning draft derived from local Korean word gloss or curated KANJIDIC English fallback.
族,"[""가족"",""족속""]","[""tribe"",""family""]","[""ゾク""]",[],方,모 방,70,11,kanjidic2,https://www.edrdg.org/kanjidic/kanjidic2.xml.gz,CC BY-SA 4.0,auto,1,Auto draft: KANJIDIC2 readings/radical; Korean meaning draft derived from local Korean word gloss or curated KANJIDIC English fallback.
続,"[""계속되다""]","[""continue"",""series"",""sequel""]","[""ゾク"",""ショク"",""コウ"",""キョウ""]","[""つづ.く"",""つづ.ける"",""つぐ.ない""]",糸,실 사,120,13,kanjidic2,https://www.edrdg.org/kanjidic/kanjidic2.xml.gz,CC BY-SA 4.0,auto,1,Auto draft: KANJIDIC2 readings/radical; Korean meaning draft derived from local Korean word gloss or curated KANJIDIC English fallback.
卒,"[""졸업하다"",""병사""]","[""graduate"",""soldier"",""private"",""die""]","[""ソツ"",""シュツ""]","[""そっ.する"",""お.える"",""お.わる"",""ついに"",""にわか""]",十,열 십,24,8,kanjidic2,https://www.edrdg.org/kanjidic/kanjidic2.xml.gz,CC BY-SA 4.0,auto,1,Auto draft: KANJIDIC2 readings/radical; Korean meaning draft derived from local Korean word gloss or curated KANJIDIC English fallback.
袖,"[""소매""]","[""sleeve"",""wing (building)"",""extension"",""give cold shoulder""]","[""シュウ""]","[""そで""]",衣,옷 의,145,10,kanjidic2,https://www.edrdg.org/kanjidic/kanjidic2.xml.gz,CC BY-SA 4.0,auto,1,Auto draft: KANJIDIC2 readings/radical; Korean meaning draft derived from local Korean word gloss or curated KANJIDIC English fallback.
揃,"[""갖추어지다""]","[""be complete"",""uniform"",""all present""]","[""セン""]","[""そろ.える"",""そろ.う"",""そろ.い"",""き.る""]",手,손 수,64,12,kanjidic2,https://www.edrdg.org/kanjidic/kanjidic2.xml.gz,CC BY-SA 4.0,auto,1,Auto draft: KANJIDIC2 readings/radical; Korean meaning draft derived from local Korean word gloss or curated KANJIDIC English fallback.
存,"[""아심"",""알고 계심""]","[""exist"",""suppose"",""be aware of"",""believe"",""feel""]","[""ソン"",""ゾン""]","[""ながら.える"",""あ.る"",""たも.つ"",""と.う""]",子,아들 자,39,6,kanjidic2,https://www.edrdg.org/kanjidic/kanjidic2.xml.gz,CC BY-SA 4.0,auto,1,Auto draft: KANJIDIC2 readings/radical; Korean meaning draft derived from local Korean word gloss or curated KANJIDIC English fallback.
孫,"[""손자""]","[""grandchild"",""descendants""]","[""ソン""]","[""まご""]",子,아들 자,39,10,kanjidic2,https://www.edrdg.org/kanjidic/kanjidic2.xml.gz,CC BY-SA 4.0,auto,1,Auto draft: KANJIDIC2 readings/radical; Korean meaning draft derived from local Korean word gloss or curated KANJIDIC English fallback.
尊,"[""소중하다"",""존귀하다""]","[""revered"",""valuable"",""precious"",""noble"",""exalted""]","[""ソン""]","[""たっと.い"",""とうと.い"",""たっと.ぶ"",""とうと.ぶ""]",寸,마디 촌,41,12,kanjidic2,https://www.edrdg.org/kanjidic/kanjidic2.xml.gz,CC BY-SA 4.0,auto,1,Auto draft: KANJIDIC2 readings/radical; Korean meaning draft derived from local Korean word gloss or curated KANJIDIC English fallback.
損,"[""손해""]","[""damage"",""loss"",""disadvantage"",""hurt"",""injure""]","[""ソン""]","[""そこ.なう"",""そこな.う"",""-そこ.なう"",""そこ.ねる"",""-そこ.ねる""]",手,손 수,64,13,kanjidic2,https://www.edrdg.org/kanjidic/kanjidic2.xml.gz,CC BY-SA 4.0,auto,1,Auto draft: KANJIDIC2 readings/radical; Korean meaning draft derived from local Korean word gloss or curated KANJIDIC English fallback.
村,"[""마을""]","[""village"",""town""]","[""ソン""]","[""むら""]",木,나무 목,75,7,kanjidic2,https://www.edrdg.org/kanjidic/kanjidic2.xml.gz,CC BY-SA 4.0,auto,1,Auto draft: KANJIDIC2 readings/radical; Korean meaning draft derived from local Korean word gloss or curated KANJIDIC English fallback.
遜,"[""겸손""]","[""humble"",""modest""]","[""ソン""]","[""したが.う"",""へりくだ.る"",""ゆず.る""]",辵,책받침 착,162,13,kanjidic2,https://www.edrdg.org/kanjidic/kanjidic2.xml.gz,CC BY-SA 4.0,auto,1,Auto draft: KANJIDIC2 readings/radical; Korean meaning draft derived from local Korean word gloss or curated KANJIDIC English fallback.
他,"[""그 외"",""그 밖""]","[""other"",""another"",""the others""]","[""タ""]","[""ほか""]",人,사람 인,9,5,kanjidic2,https://www.edrdg.org/kanjidic/kanjidic2.xml.gz,CC BY-SA 4.0,auto,1,Auto draft: KANJIDIC2 readings/radical; Korean meaning draft derived from local Korean word gloss or curated KANJIDIC English fallback.
多,"[""많다""]","[""many"",""frequent"",""much""]","[""タ""]","[""おお.い"",""まさ.に"",""まさ.る""]",夕,저녁 석,36,6,kanjidic2,https://www.edrdg.org/kanjidic/kanjidic2.xml.gz,CC BY-SA 4.0,auto,1,Auto draft: KANJIDIC2 readings/radical; Korean meaning draft derived from local Korean word gloss or curated KANJIDIC English fallback.
太,"[""뚱뚱해지다""]","[""plump"",""thick"",""big around""]","[""タイ"",""タ""]","[""ふと.い"",""ふと.る""]",大,큰 대,37,4,kanjidic2,https://www.edrdg.org/kanjidic/kanjidic2.xml.gz,CC BY-SA 4.0,auto,1,Auto draft: KANJIDIC2 readings/radical; Korean meaning draft derived from local Korean word gloss or curated KANJIDIC English fallback.
汰,"[""걸러내다"",""사치""]","[""washing"",""sieving"",""filtering"",""weeding out"",""luxury""]","[""タ"",""タイ""]","[""おご.る"",""にご.る"",""よな.げる""]",水,물 수,85,7,kanjidic2,https://www.edrdg.org/kanjidic/kanjidic2.xml.gz,CC BY-SA 4.0,auto,1,Auto draft: KANJIDIC2 readings/radical; Korean meaning draft derived from local Korean word gloss or curated KANJIDIC English fallback.
唾,"[""침""]","[""saliva"",""sputum""]","[""ダ"",""タ""]","[""つば"",""つばき""]",口,입 구,30,11,kanjidic2,https://www.edrdg.org/kanjidic/kanjidic2.xml.gz,CC BY-SA 4.0,auto,1,Auto draft: KANJIDIC2 readings/radical; Korean meaning draft derived from local Korean word gloss or curated KANJIDIC English fallback.
妥,"[""온당함"",""타당함""]","[""gentle"",""peace"",""satisfactory"",""appropriate""]","[""ダ""]",[],女,계집 녀,38,7,kanjidic2,https://www.edrdg.org/kanjidic/kanjidic2.xml.gz,CC BY-SA 4.0,auto,1,Auto draft: KANJIDIC2 readings/radical; Korean meaning draft derived from local Korean word gloss or curated KANJIDIC English fallback.
打,"[""치다""]","[""strike"",""hit"",""knock"",""pound"",""dozen""]","[""ダ"",""ダース""]","[""う.つ"",""う.ち-"",""ぶ.つ""]",手,손 수,64,5,kanjidic2,https://www.edrdg.org/kanjidic/kanjidic2.xml.gz,CC BY-SA 4.0,auto,1,Auto draft: KANJIDIC2 readings/radical; Korean meaning draft derived from local Korean word gloss or curated KANJIDIC English fallback.
楕,"[""타원""]","[""ellipse""]","[""ダ"",""タ""]",[],木,나무 목,75,13,kanjidic2,https://www.edrdg.org/kanjidic/kanjidic2.xml.gz,CC BY-SA 4.0,auto,1,Auto draft: KANJIDIC2 readings/radical; Korean meaning draft derived from local Korean word gloss or curated KANJIDIC English fallback.
駄,"[""하찮음"",""짐말""]","[""burdensome"",""pack horse"",""horse load"",""send by horse"",""trivial"",""worthless""]","[""ダ"",""タ""]",[],馬,말 마,187,14,kanjidic2,https://www.edrdg.org/kanjidic/kanjidic2.xml.gz,CC BY-SA 4.0,auto,1,Auto draft: KANJIDIC2 readings/radical; Korean meaning draft derived from local Korean word gloss or curated KANJIDIC English fallback.
体,"[""몸""]","[""body"",""substance"",""object"",""reality"",""counter for images""]","[""タイ"",""テイ""]","[""からだ"",""かたち""]",人,사람 인,9,7,kanjidic2,https://www.edrdg.org/kanjidic/kanjidic2.xml.gz,CC BY-SA 4.0,auto,1,Auto draft: KANJIDIC2 readings/radical; Korean meaning draft derived from local Korean word gloss or curated KANJIDIC English fallback.
対,"[""쌍"",""짝""]","[""vis-a-vis"",""opposite"",""even"",""equal"",""versus"",""anti-"",""compare""]","[""タイ"",""ツイ""]","[""あいて"",""こた.える"",""そろ.い"",""つれあ.い"",""なら.ぶ"",""むか.う""]",寸,마디 촌,41,7,kanjidic2,https://www.edrdg.org/kanjidic/kanjidic2.xml.gz,CC BY-SA 4.0,auto,1,Auto draft: KANJIDIC2 readings/radical; Korean meaning draft derived from local Korean word gloss or curated KANJIDIC English fallback.
耐,"[""참다"",""인내하다""]","[""-proof"",""enduring""]","[""タイ""]","[""た.える""]",而,말이을 이,126,9,kanjidic2,https://www.edrdg.org/kanjidic/kanjidic2.xml.gz,CC BY-SA 4.0,auto,1,Auto draft: KANJIDIC2 readings/radical; Korean meaning draft derived from local Korean word gloss or curated KANJIDIC English fallback.
帯,"[""띠"",""악단""]","[""sash"",""belt"",""obi"",""zone"",""region""]","[""タイ""]","[""お.びる"",""おび""]",巾,수건 건,50,10,kanjidic2,https://www.edrdg.org/kanjidic/kanjidic2.xml.gz,CC BY-SA 4.0,auto,1,Auto draft: KANJIDIC2 readings/radical; Korean meaning draft derived from local Korean word gloss or curated KANJIDIC English fallback.
待,"[""기다리다""]","[""wait"",""depend on""]","[""タイ""]","[""ま.つ"",""-ま.ち""]",彳,두인변 척,60,9,kanjidic2,https://www.edrdg.org/kanjidic/kanjidic2.xml.gz,CC BY-SA 4.0,auto,1,Auto draft: KANJIDIC2 readings/radical; Korean meaning draft derived from local Korean word gloss or curated KANJIDIC English fallback.
怠,"[""게을리하다"",""소홀히하다""]","[""neglect"",""laziness""]","[""タイ""]","[""おこた.る"",""なま.ける""]",心,마음 심,61,9,kanjidic2,https://www.edrdg.org/kanjidic/kanjidic2.xml.gz,CC BY-SA 4.0,auto,1,Auto draft: KANJIDIC2 readings/radical; Korean meaning draft derived from local Korean word gloss or curated KANJIDIC English fallback.
態,"[""태도"",""상태""]","[""attitude"",""condition"",""figure"",""appearance"",""voice (of verbs)""]","[""タイ""]","[""わざ.と""]",心,마음 심,61,14,kanjidic2,https://www.edrdg.org/kanjidic/kanjidic2.xml.gz,CC BY-SA 4.0,auto,1,Auto draft: KANJIDIC2 readings/radical; Korean meaning draft derived from local Korean word gloss or curated KANJIDIC English fallback.
替,"[""새것으로 바꾸다"",""교체하다""]","[""exchange"",""spare"",""substitute"",""per-""]","[""タイ""]","[""か.える"",""か.え-"",""か.わる""]",曰,가로 왈,73,12,kanjidic2,https://www.edrdg.org/kanjidic/kanjidic2.xml.gz,CC BY-SA 4.0,auto,1,Auto draft: KANJIDIC2 readings/radical; Korean meaning draft derived from local Korean word gloss or curated KANJIDIC English fallback.
滞,"[""막히다"",""밀리다""]","[""stagnate"",""be delayed"",""overdue"",""arrears""]","[""タイ"",""テイ""]","[""とどこお.る""]",水,물 수,85,13,kanjidic2,https://www.edrdg.org/kanjidic/kanjidic2.xml.gz,CC BY-SA 4.0,auto,1,Auto draft: KANJIDIC2 readings/radical; Korean meaning draft derived from local Korean word gloss or curated KANJIDIC English fallback.
腿,"[""허벅지"",""넓적다리""]","[""thigh"",""femur""]","[""タイ""]","[""もも""]",肉,고기 육,130,13,kanjidic2,https://www.edrdg.org/kanjidic/kanjidic2.xml.gz,CC BY-SA 4.0,auto,1,Auto draft: KANJIDIC2 readings/radical; Korean meaning draft derived from local Korean word gloss or curated KANJIDIC English fallback.
苔,"[""이끼""]","[""moss"",""lichen""]","[""タイ""]","[""こけ"",""こけら""]",艸,풀 초,140,8,kanjidic2,https://www.edrdg.org/kanjidic/kanjidic2.xml.gz,CC BY-SA 4.0,verified,2,Human-reviewed 2026-08-19: KANJIDIC meanings and linked release vocabulary cross-checked.
袋,"[""주머니"",""봉지""]","[""sack"",""bag"",""pouch""]","[""タイ"",""ダイ""]","[""ふくろ""]",衣,옷 의,145,11,kanjidic2,https://www.edrdg.org/kanjidic/kanjidic2.xml.gz,CC BY-SA 4.0,auto,1,Auto draft: KANJIDIC2 readings/radical; Korean meaning draft derived from local Korean word gloss or curated KANJIDIC English fallback.
貸,"[""빌려주다""]","[""lend""]","[""タイ""]","[""か.す"",""か.し-"",""かし-""]",貝,조개 패,154,12,kanjidic2,https://www.edrdg.org/kanjidic/kanjidic2.xml.gz,CC BY-SA 4.0,auto,1,Auto draft: KANJIDIC2 readings/radical; Korean meaning draft derived from local Korean word gloss or curated KANJIDIC English fallback.
退,"[""물러나다"",""후퇴하다""]","[""retreat"",""withdraw"",""retire"",""resign"",""repel"",""expel"",""reject""]","[""タイ""]","[""しりぞ.く"",""しりぞ.ける"",""ひ.く"",""の.く"",""の.ける"",""ど.く""]",辵,책받침 착,162,9,kanjidic2,https://www.edrdg.org/kanjidic/kanjidic2.xml.gz,CC BY-SA 4.0,auto,1,Auto draft: KANJIDIC2 readings/radical; Korean meaning draft derived from local Korean word gloss or curated KANJIDIC English fallback.
逮,"[""붙잡다"",""체포""]","[""apprehend"",""chase""]","[""タイ""]",[],辵,책받침 착,162,11,kanjidic2,https://www.edrdg.org/kanjidic/kanjidic2.xml.gz,CC BY-SA 4.0,auto,1,Auto draft: KANJIDIC2 readings/radical; Korean meaning draft derived from local Korean word gloss or curated KANJIDIC English fallback.
隊,"[""부대"",""무리""]","[""regiment"",""party"",""company"",""squad""]","[""タイ""]",[],阜,언덕 부,170,12,kanjidic2,https://www.edrdg.org/kanjidic/kanjidic2.xml.gz,CC BY-SA 4.0,auto,1,Auto draft: KANJIDIC2 readings/radical; Korean meaning draft derived from local Korean word gloss or curated KANJIDIC English fallback.
代,"[""대신하다"",""교대하다""]","[""substitute"",""change"",""convert"",""replace"",""period"",""age"",""counter for decades of ages, eras, etc."",""generation"",""charge"",""rate"",""fee""]","[""ダイ"",""タイ""]","[""か.わる"",""かわ.る"",""かわ.り"",""か.わり"",""-がわ.り"",""-が.わり"",""か.える"",""よ"",""しろ""]",人,사람 인,9,5,kanjidic2,https://www.edrdg.org/kanjidic/kanjidic2.xml.gz,CC BY-SA 4.0,auto,1,Auto draft: KANJIDIC2 readings/radical; Korean meaning draft derived from local Korean word gloss or curated KANJIDIC English fallback.
台,"[""대"",""받침""]","[""pedestal"",""a stand"",""counter for machines and vehicles""]","[""ダイ"",""タイ""]","[""うてな"",""われ"",""つかさ""]",口,입 구,30,5,kanjidic2,https://www.edrdg.org/kanjidic/kanjidic2.xml.gz,CC BY-SA 4.0,auto,1,Auto draft: KANJIDIC2 readings/radical; Korean meaning draft derived from local Korean word gloss or curated KANJIDIC English fallback.
大,"[""크다""]","[""large"",""big""]","[""ダイ"",""タイ""]","[""おお-"",""おお.きい"",""-おお.いに""]",大,큰 대,37,3,kanjidic2,https://www.edrdg.org/kanjidic/kanjidic2.xml.gz,CC BY-SA 4.0,auto,1,Auto draft: KANJIDIC2 readings/radical; Korean meaning draft derived from local Korean word gloss or curated KANJIDIC English fallback.
第,"[""제"",""순서""]","[""No."",""residence""]","[""ダイ"",""テイ""]",[],竹,대 죽,118,11,kanjidic2,https://www.edrdg.org/kanjidic/kanjidic2.xml.gz,CC BY-SA 4.0,auto,1,Auto draft: KANJIDIC2 readings/radical; Korean meaning draft derived from local Korean word gloss or curated KANJIDIC English fallback.
題,"[""제목"",""문제""]","[""topic"",""subject""]","[""ダイ""]",[],頁,머리 혈,181,18,kanjidic2,https://www.edrdg.org/kanjidic/kanjidic2.xml.gz,CC BY-SA 4.0,auto,1,Auto draft: KANJIDIC2 readings/radical; Korean meaning draft derived from local Korean word gloss or curated KANJIDIC English fallback.
滝,"[""폭포""]","[""waterfall"",""rapids"",""cascade""]","[""ロウ"",""ソウ""]","[""たき""]",水,물 수,85,13,kanjidic2,https://www.edrdg.org/kanjidic/kanjidic2.xml.gz,CC BY-SA 4.0,auto,1,Auto draft: KANJIDIC2 readings/radical; Korean meaning draft derived from local Korean word gloss or curated KANJIDIC English fallback.
卓,"[""뛰어남"",""탁자""]","[""eminent"",""table"",""desk"",""high""]","[""タク""]",[],十,열 십,24,8,kanjidic2,https://www.edrdg.org/kanjidic/kanjidic2.xml.gz,CC BY-SA 4.0,auto,1,Auto draft: KANJIDIC2 readings/radical; Korean meaning draft derived from local Korean word gloss or curated KANJIDIC English fallback.
宅,"[""집"",""댁""]","[""home"",""house"",""residence"",""our house"",""my husband""]","[""タク""]",[],宀,갓머리 면,40,6,kanjidic2,https://www.edrdg.org/kanjidic/kanjidic2.xml.gz,CC BY-SA 4.0,auto,1,Auto draft: KANJIDIC2 readings/radical; Korean meaning draft derived from local Korean word gloss or curated KANJIDIC English fallback.
択,"[""고르다"",""선택""]","[""choose"",""select"",""elect"",""prefer""]","[""タク""]","[""えら.ぶ""]",手,손 수,64,7,kanjidic2,https://www.edrdg.org/kanjidic/kanjidic2.xml.gz,CC BY-SA 4.0,auto,1,Auto draft: KANJIDIC2 readings/radical; Korean meaning draft derived from local Korean word gloss or curated KANJIDIC English fallback.
拓,"[""개척하다""]","[""clear (the land)"",""open"",""break up (land)""]","[""タク""]","[""ひら.く""]",手,손 수,64,8,kanjidic2,https://www.edrdg.org/kanjidic/kanjidic2.xml.gz,CC BY-SA 4.0,auto,1,Auto draft: KANJIDIC2 readings/radical; Korean meaning draft derived from local Korean word gloss or curated KANJIDIC English fallback.
沢,"[""못"",""윤택함""]","[""swamp"",""marsh"",""brilliance"",""grace""]","[""タク""]","[""さわ"",""うるお.い"",""うるお.す"",""つや""]",水,물 수,85,7,kanjidic2,https://www.edrdg.org/kanjidic/kanjidic2.xml.gz,CC BY-SA 4.0,auto,1,Auto draft: KANJIDIC2 readings/radical; Korean meaning draft derived from local Korean word gloss or curated KANJIDIC English fallback.
濯,"[""헹구다"",""씻어내다""]","[""laundry"",""wash"",""pour on"",""rinse""]","[""タク""]","[""すす.ぐ"",""ゆす.ぐ""]",水,물 수,85,17,kanjidic2,https://www.edrdg.org/kanjidic/kanjidic2.xml.gz,CC BY-SA 4.0,auto,1,Auto draft: KANJIDIC2 readings/radical; Korean meaning draft derived from local Korean word gloss or curated KANJIDIC English fallback.
託,"[""맡기다"",""부탁하다""]","[""consign"",""requesting"",""entrusting with"",""pretend"",""hint""]","[""タク""]","[""かこつ.ける"",""かこ.つ"",""かこ.つける""]",言,말씀 언,149,10,kanjidic2,https://www.edrdg.org/kanjidic/kanjidic2.xml.gz,CC BY-SA 4.0,auto,1,Auto draft: KANJIDIC2 readings/radical; Korean meaning draft derived from local Korean word gloss or curated KANJIDIC English fallback.
濁,"[""흐려지다"",""탁해지다""]","[""voiced"",""uncleanness"",""wrong"",""nigori"",""impurity""]","[""ダク"",""ジョク""]","[""にご.る"",""にご.す""]",水,물 수,85,16,kanjidic2,https://www.edrdg.org/kanjidic/kanjidic2.xml.gz,CC BY-SA 4.0,auto,1,Auto draft: KANJIDIC2 readings/radical; Korean meaning draft derived from local Korean word gloss or curated KANJIDIC English fallback.
諾,"[""승낙""]","[""consent"",""assent"",""agreement""]","[""ダク""]",[],言,말씀 언,149,15,kanjidic2,https://www.edrdg.org/kanjidic/kanjidic2.xml.gz,CC BY-SA 4.0,auto,1,Auto draft: KANJIDIC2 readings/radical; Korean meaning draft derived from local Korean word gloss or curated KANJIDIC English fallback.
只,"[""공짜"",""무료""]","[""only"",""free"",""in addition""]","[""シ""]","[""ただ""]",口,입 구,30,5,kanjidic2,https://www.edrdg.org/kanjidic/kanjidic2.xml.gz,CC BY-SA 4.0,auto,2,Auto draft: KANJIDIC2 readings/radical; Korean meaning draft derived from local Korean word gloss or curated KANJIDIC English fallback.
叩,"[""치다"",""계속해 쳐서 소리를 내다"",""두드리다""]","[""strike"",""beat"",""kow tow"",""hit"",""thrash"",""criticize""]","[""コウ""]","[""たた.く"",""はた.く"",""すぎ""]",口,입 구,30,5,kanjidic2,https://www.edrdg.org/kanjidic/kanjidic2.xml.gz,CC BY-SA 4.0,auto,2,Auto draft: KANJIDIC2 readings/radical; Korean meaning draft derived from local Korean word gloss or curated KANJIDIC English fallback.
但,"[""다만"",""그러나""]","[""however"",""but""]","[""タン""]","[""ただ.し""]",人,사람 인,9,7,kanjidic2,https://www.edrdg.org/kanjidic/kanjidic2.xml.gz,CC BY-SA 4.0,verified,10,Human-reviewed 2026-08-22: KANJIDIC English + JLPT usage cross-check; semantic-review draft confirmed.
達,"[""달하다""]","[""accomplished"",""reach"",""arrive"",""attain""]","[""タツ"",""ダ""]","[""-たち""]",辵,책받침 착,162,12,kanjidic2,https://www.edrdg.org/kanjidic/kanjidic2.xml.gz,CC BY-SA 4.0,auto,1,Auto draft: KANJIDIC2 readings/radical; Korean meaning draft derived from local Korean word gloss or curated KANJIDIC English fallback.
奪,"[""빼앗다""]","[""rob"",""take by force"",""snatch away"",""dispossess"",""plunder"",""usurp""]","[""ダツ""]","[""うば.う""]",大,큰 대,37,14,kanjidic2,https://www.edrdg.org/kanjidic/kanjidic2.xml.gz,CC BY-SA 4.0,verified,10,Human-reviewed 2026-08-22: KANJIDIC English + JLPT usage cross-check; semantic-review draft confirmed.
脱,"[""벗어나다"",""탈출하다""]","[""undress"",""removing"",""escape from"",""get rid of"",""be left out"",""take off""]","[""ダツ""]","[""ぬ.ぐ"",""ぬ.げる""]",肉,고기 육,130,11,kanjidic2,https://www.edrdg.org/kanjidic/kanjidic2.xml.gz,CC BY-SA 4.0,auto,1,Auto draft: KANJIDIC2 readings/radical; Korean meaning draft derived from local Korean word gloss or curated KANJIDIC English fallback.
辿,"[""더듬어 가다"",""따라가다""]","[""follow (road)"",""pursue""]","[""テン""]","[""たど.る"",""たどり""]",辵,책받침 착,162,6,kanjidic2,https://www.edrdg.org/kanjidic/kanjidic2.xml.gz,CC BY-SA 4.0,auto,1,Auto draft: KANJIDIC2 readings/radical; Korean meaning draft derived from local Korean word gloss or curated KANJIDIC English fallback.
棚,"[""선반""]","[""shelf"",""ledge"",""rack"",""mount"",""mantle"",""trellis""]","[""ホウ""]","[""たな"",""-だな""]",木,나무 목,75,12,kanjidic2,https://www.edrdg.org/kanjidic/kanjidic2.xml.gz,CC BY-SA 4.0,auto,1,Auto draft: KANJIDIC2 readings/radical; Korean meaning draft derived from local Korean word gloss or curated KANJIDIC English fallback.
谷,"[""골짜기"",""계곡""]","[""valley""]","[""コク""]","[""たに"",""きわ.まる""]",谷,골 곡,150,7,kanjidic2,https://www.edrdg.org/kanjidic/kanjidic2.xml.gz,CC BY-SA 4.0,auto,1,Auto draft: KANJIDIC2 readings/radical; Korean meaning draft derived from local Korean word gloss or curated KANJIDIC English fallback.
丹,"[""붉다"",""정성""]","[""rust-colored"",""red"",""red lead"",""pills"",""sincerity""]","[""タン""]","[""に""]",丶,점 주,3,4,kanjidic2,https://www.edrdg.org/kanjidic/kanjidic2.xml.gz,CC BY-SA 4.0,auto,2,Auto draft: KANJIDIC2 readings/radical; Korean meaning draft derived from local Korean word gloss or curated KANJIDIC English fallback.
単,"[""단지""]","[""simple"",""one"",""single"",""merely""]","[""タン""]","[""ひとえ""]",十,열 십,24,9,kanjidic2,https://www.edrdg.org/kanjidic/kanjidic2.xml.gz,CC BY-SA 4.0,auto,1,Auto draft: KANJIDIC2 readings/radical; Korean meaning draft derived from local Korean word gloss or curated KANJIDIC English fallback.
嘆,"[""한탄하다""]","[""sigh"",""lament"",""moan"",""grieve"",""sigh of admiration""]","[""タン""]","[""なげ.く"",""なげ.かわしい""]",口,입 구,30,13,kanjidic2,https://www.edrdg.org/kanjidic/kanjidic2.xml.gz,CC BY-SA 4.0,auto,1,Auto draft: KANJIDIC2 readings/radical; Korean meaning draft derived from local Korean word gloss or curated KANJIDIC English fallback.
担,"[""메다"",""짊어지다""]","[""shouldering"",""carry"",""raise"",""bear""]","[""タン""]","[""かつ.ぐ"",""にな.う""]",手,손 수,64,8,kanjidic2,https://www.edrdg.org/kanjidic/kanjidic2.xml.gz,CC BY-SA 4.0,auto,1,Auto draft: KANJIDIC2 readings/radical; Korean meaning draft derived from local Korean word gloss or curated KANJIDIC English fallback.
探,"[""원하는 사람·물건을 찾다""]","[""grope"",""search"",""look for""]","[""タン""]","[""さぐ.る"",""さが.す""]",手,손 수,64,11,kanjidic2,https://www.edrdg.org/kanjidic/kanjidic2.xml.gz,CC BY-SA 4.0,auto,1,Auto draft: KANJIDIC2 readings/radical; Korean meaning draft derived from local Korean word gloss or curated KANJIDIC English fallback.
旦,"[""새벽"",""아침""]","[""daybreak"",""dawn"",""morning""]","[""タン"",""ダン""]","[""あき.らか"",""あきら"",""ただし"",""あさ"",""あした""]",日,날 일,72,5,kanjidic2,https://www.edrdg.org/kanjidic/kanjidic2.xml.gz,CC BY-SA 4.0,auto,1,Auto draft: KANJIDIC2 readings/radical; Korean meaning draft derived from local Korean word gloss or curated KANJIDIC English fallback.
淡,"[""연하다"",""흐리다""]","[""thin"",""faint"",""pale"",""fleeting""]","[""タン""]","[""あわ.い""]",水,물 수,85,11,kanjidic2,https://www.edrdg.org/kanjidic/kanjidic2.xml.gz,CC BY-SA 4.0,auto,1,Auto draft: KANJIDIC2 readings/radical; Korean meaning draft derived from local Korean word gloss or curated KANJIDIC English fallback.
炭,"[""숯"",""석탄""]","[""charcoal"",""coal""]","[""タン""]","[""すみ""]",火,불 화,86,9,kanjidic2,https://www.edrdg.org/kanjidic/kanjidic2.xml.gz,CC BY-SA 4.0,auto,1,Auto draft: KANJIDIC2 readings/radical; Korean meaning draft derived from local Korean word gloss or curated KANJIDIC English fallback.
短,"[""짧다""]","[""short"",""brevity"",""fault"",""defect"",""weak point""]","[""タン""]","[""みじか.い""]",矢,화살 시,111,12,kanjidic2,https://www.edrdg.org/kanjidic/kanjidic2.xml.gz,CC BY-SA 4.0,auto,1,Auto draft: KANJIDIC2 readings/radical; Korean meaning draft derived from local Korean word gloss or curated KANJIDIC English fallback.
端,"[""끝"",""가장자리""]","[""edge"",""origin"",""end"",""point"",""border"",""verge"",""cape""]","[""タン""]","[""はし"",""は"",""はた"",""-ばた"",""はな""]",立,설 립,117,14,kanjidic2,https://www.edrdg.org/kanjidic/kanjidic2.xml.gz,CC BY-SA 4.0,auto,1,Auto draft: KANJIDIC2 readings/radical; Korean meaning draft derived from local Korean word gloss or curated KANJIDIC English fallback.
胆,"[""담력"",""쓸개""]","[""gall bladder"",""courage"",""pluck"",""nerve""]","[""タン""]","[""きも""]",肉,고기 육,130,9,kanjidic2,https://www.edrdg.org/kanjidic/kanjidic2.xml.gz,CC BY-SA 4.0,auto,1,Auto draft: KANJIDIC2 readings/radical; Korean meaning draft derived from local Korean word gloss or curated KANJIDIC English fallback.
誕,"[""태어나다"",""거짓""]","[""nativity"",""be born"",""declension"",""lie"",""be arbitrary""]","[""タン""]",[],言,말씀 언,149,15,kanjidic2,https://www.edrdg.org/kanjidic/kanjidic2.xml.gz,CC BY-SA 4.0,auto,1,Auto draft: KANJIDIC2 readings/radical; Korean meaning draft derived from local Korean word gloss or curated KANJIDIC English fallback.
鍛,"[""단련하다""]","[""forge"",""discipline"",""train""]","[""タン""]","[""きた.える""]",金,쇠 금,167,17,kanjidic2,https://www.edrdg.org/kanjidic/kanjidic2.xml.gz,CC BY-SA 4.0,auto,1,Auto draft: KANJIDIC2 readings/radical; Korean meaning draft derived from local Korean word gloss or curated KANJIDIC English fallback.
団,"[""단체"",""무리""]","[""group"",""association""]","[""ダン"",""トン""]","[""かたまり"",""まる.い""]",囗,큰입구 국,31,6,kanjidic2,https://www.edrdg.org/kanjidic/kanjidic2.xml.gz,CC BY-SA 4.0,auto,1,Auto draft: KANJIDIC2 readings/radical; Korean meaning draft derived from local Korean word gloss or curated KANJIDIC English fallback.
弾,"[""총알"",""탄환""]","[""bullet"",""twang"",""flip"",""snap""]","[""ダン"",""タン""]","[""ひ.く"",""-ひ.き"",""はず.む"",""たま"",""はじ.く"",""はじ.ける"",""ただ.す"",""はじ.きゆみ""]",弓,활 궁,57,12,kanjidic2,https://www.edrdg.org/kanjidic/kanjidic2.xml.gz,CC BY-SA 4.0,auto,1,Auto draft: KANJIDIC2 readings/radical; Korean meaning draft derived from local Korean word gloss or curated KANJIDIC English fallback.
断,"[""거절하다""]","[""severance"",""decline"",""refuse"",""apologize"",""warn"",""dismiss"",""prohibit"",""decision"",""judgement"",""cutting""]","[""ダン""]","[""た.つ"",""ことわ.る"",""さだ.める""]",斤,날 근,69,11,kanjidic2,https://www.edrdg.org/kanjidic/kanjidic2.xml.gz,CC BY-SA 4.0,auto,1,Auto draft: KANJIDIC2 readings/radical; Korean meaning draft derived from local Korean word gloss or curated KANJIDIC English fallback.
暖,"[""따뜻하다""]","[""warmth""]","[""ダン"",""ノン""]","[""あたた.か"",""あたた.かい"",""あたた.まる"",""あたた.める""]",日,날 일,72,13,kanjidic2,https://www.edrdg.org/kanjidic/kanjidic2.xml.gz,CC BY-SA 4.0,auto,1,Auto draft: KANJIDIC2 readings/radical; Korean meaning draft derived from local Korean word gloss or curated KANJIDIC English fallback.
段,"[""단"",""계단""]","[""grade"",""steps"",""stairs""]","[""ダン"",""タン""]",[],殳,갖은둥글월 문,79,9,kanjidic2,https://www.edrdg.org/kanjidic/kanjidic2.xml.gz,CC BY-SA 4.0,auto,1,Auto draft: KANJIDIC2 readings/radical; Korean meaning draft derived from local Korean word gloss or curated KANJIDIC English fallback.
男,"[""남자""]","[""male""]","[""ダン"",""ナン""]","[""おとこ"",""お""]",田,밭 전,102,7,kanjidic2,https://www.edrdg.org/kanjidic/kanjidic2.xml.gz,CC BY-SA 4.0,auto,1,Auto draft: KANJIDIC2 readings/radical; Korean meaning draft derived from local Korean word gloss or curated KANJIDIC English fallback.
談,"[""이야기하다"",""상담""]","[""discuss"",""talk""]","[""ダン""]",[],言,말씀 언,149,15,kanjidic2,https://www.edrdg.org/kanjidic/kanjidic2.xml.gz,CC BY-SA 4.0,auto,1,Auto draft: KANJIDIC2 readings/radical; Korean meaning draft derived from local Korean word gloss or curated KANJIDIC English fallback.
値,"[""값"",""가치""]","[""price"",""cost"",""value""]","[""チ""]","[""ね"",""あたい""]",人,사람 인,9,10,kanjidic2,https://www.edrdg.org/kanjidic/kanjidic2.xml.gz,CC BY-SA 4.0,auto,1,Auto draft: KANJIDIC2 readings/radical; Korean meaning draft derived from local Korean word gloss or curated KANJIDIC English fallback.
知,"[""알다""]","[""know"",""wisdom""]","[""チ""]","[""し.る"",""し.らせる""]",矢,화살 시,111,8,kanjidic2,https://www.edrdg.org/kanjidic/kanjidic2.xml.gz,CC BY-SA 4.0,auto,1,Auto draft: KANJIDIC2 readings/radical; Korean meaning draft derived from local Korean word gloss or curated KANJIDIC English fallback.
地,"[""땅"",""지면""]","[""ground"",""earth""]","[""チ"",""ジ""]",[],土,흙 토,32,6,kanjidic2,https://www.edrdg.org/kanjidic/kanjidic2.xml.gz,CC BY-SA 4.0,auto,1,Auto draft: KANJIDIC2 readings/radical; Korean meaning draft derived from local Korean word gloss or curated KANJIDIC English fallback.
恥,"[""수치"",""부끄러움""]","[""shame"",""dishonor""]","[""チ""]","[""は.じる"",""はじ"",""は.じらう"",""は.ずかしい""]",心,마음 심,61,10,kanjidic2,https://www.edrdg.org/kanjidic/kanjidic2.xml.gz,CC BY-SA 4.0,auto,1,Auto draft: KANJIDIC2 readings/radical; Korean meaning draft derived from local Korean word gloss or curated KANJIDIC English fallback.
池,"[""연못""]","[""pond"",""cistern"",""pool"",""reservoir""]","[""チ""]","[""いけ""]",水,물 수,85,6,kanjidic2,https://www.edrdg.org/kanjidic/kanjidic2.xml.gz,CC BY-SA 4.0,auto,1,Auto draft: KANJIDIC2 readings/radical; Korean meaning draft derived from local Korean word gloss or curated KANJIDIC English fallback.
痴,"[""어리석음""]","[""stupid"",""foolish""]","[""チ""]","[""し.れる"",""おろか""]",疒,병질안 역,104,13,kanjidic2,https://www.edrdg.org/kanjidic/kanjidic2.xml.gz,CC BY-SA 4.0,auto,1,Auto draft: KANJIDIC2 readings/radical; Korean meaning draft derived from local Korean word gloss or curated KANJIDIC English fallback.
稚,"[""어리다"",""미숙함""]","[""immature"",""young""]","[""チ"",""ジ""]","[""いとけない"",""おさない"",""おくて"",""おでる""]",禾,벼 화,115,13,kanjidic2,https://www.edrdg.org/kanjidic/kanjidic2.xml.gz,CC BY-SA 4.0,auto,1,Auto draft: KANJIDIC2 readings/radical; Korean meaning draft derived from local Korean word gloss or curated KANJIDIC English fallback.
置,"[""놓다"",""두다""]","[""placement"",""put"",""set"",""deposit"",""leave behind"",""keep"",""employ"",""pawn""]","[""チ""]","[""お.く"",""-お.き""]",网,그물 망,122,13,kanjidic2,https://www.edrdg.org/kanjidic/kanjidic2.xml.gz,CC BY-SA 4.0,auto,1,Auto draft: KANJIDIC2 readings/radical; Korean meaning draft derived from local Korean word gloss or curated KANJIDIC English fallback.
致,"[""이르게 하다"",""보내다"",""초래하다"",""다하다""]","[""doth"",""do"",""send"",""forward"",""cause"",""exert"",""incur"",""engage""]","[""チ""]","[""いた.す""]",至,이를 지,133,10,kanjidic2,https://www.edrdg.org/kanjidic/kanjidic2.xml.gz,CC BY-SA 4.0,verified,10,Human-reviewed 2026-08-22: KANJIDIC English + JLPT usage cross-check; semantic-review draft confirmed.
遅,"[""느리다"",""늦다""]","[""slow"",""late"",""back"",""later""]","[""チ""]","[""おく.れる"",""おく.らす"",""おそ.い""]",辵,책받침 착,162,12,kanjidic2,https://www.edrdg.org/kanjidic/kanjidic2.xml.gz,CC BY-SA 4.0,auto,1,Auto draft: KANJIDIC2 readings/radical; Korean meaning draft derived from local Korean word gloss or curated KANJIDIC English fallback.
馳,"[""달리다"",""질주하다""]","[""run"",""gallop"",""sail"",""drive (a wagon)"",""win (fame)"",""despatch""]","[""チ"",""ジ""]","[""は.せる""]",馬,말 마,187,13,kanjidic2,https://www.edrdg.org/kanjidic/kanjidic2.xml.gz,CC BY-SA 4.0,auto,2,Auto draft: KANJIDIC2 readings/radical; Korean meaning draft derived from local Korean word gloss or curated KANJIDIC English fallback.
築,"[""쌓다"",""구축하다""]","[""fabricate"",""build"",""construct""]","[""チク""]","[""きず.く""]",竹,대 죽,118,16,kanjidic2,https://www.edrdg.org/kanjidic/kanjidic2.xml.gz,CC BY-SA 4.0,auto,1,Auto draft: KANJIDIC2 readings/radical; Korean meaning draft derived from local Korean word gloss or curated KANJIDIC English fallback.
畜,"[""가축""]","[""livestock"",""domestic fowl and animals""]","[""チク""]",[],田,밭 전,102,10,kanjidic2,https://www.edrdg.org/kanjidic/kanjidic2.xml.gz,CC BY-SA 4.0,auto,1,Auto draft: KANJIDIC2 readings/radical; Korean meaning draft derived from local Korean word gloss or curated KANJIDIC English fallback.
竹,"[""대나무""]","[""bamboo""]","[""チク""]","[""たけ""]",竹,대 죽,118,6,kanjidic2,https://www.edrdg.org/kanjidic/kanjidic2.xml.gz,CC BY-SA 4.0,auto,1,Auto draft: KANJIDIC2 readings/radical; Korean meaning draft derived from local Korean word gloss or curated KANJIDIC English fallback.
蓄,"[""저축하다"",""비축하다""]","[""amass"",""raise"",""hoard"",""store""]","[""チク""]","[""たくわ.える""]",艸,풀 초,140,13,kanjidic2,https://www.edrdg.org/kanjidic/kanjidic2.xml.gz,CC BY-SA 4.0,auto,1,Auto draft: KANJIDIC2 readings/radical; Korean meaning draft derived from local Korean word gloss or curated KANJIDIC English fallback.
秩,"[""질서"",""봉급""]","[""regularity"",""salary"",""order""]","[""チツ""]",[],禾,벼 화,115,10,kanjidic2,https://www.edrdg.org/kanjidic/kanjidic2.xml.gz,CC BY-SA 4.0,auto,1,Auto draft: KANJIDIC2 readings/radical; Korean meaning draft derived from local Korean word gloss or curated KANJIDIC English fallback.
窒,"[""막히다"",""질식""]","[""plug up"",""obstruct""]","[""チツ""]",[],穴,구멍 혈,116,11,kanjidic2,https://www.edrdg.org/kanjidic/kanjidic2.xml.gz,CC BY-SA 4.0,auto,1,Auto draft: KANJIDIC2 readings/radical; Korean meaning draft derived from local Korean word gloss or curated KANJIDIC English fallback.
茶,"[""차""]","[""tea""]","[""チャ"",""サ""]",[],艸,풀 초,140,9,kanjidic2,https://www.edrdg.org/kanjidic/kanjidic2.xml.gz,CC BY-SA 4.0,auto,1,Auto draft: KANJIDIC2 readings/radical; Korean meaning draft derived from local Korean word gloss or curated KANJIDIC English fallback.
着,"[""입다"",""붙다"",""도착하다""]","[""don"",""arrive"",""wear"",""counter for suits of clothing""]","[""チャク"",""ジャク""]","[""き.る"",""き.せる"",""つ.く"",""つ.ける""]",目,눈 목,109,12,kanjidic2,https://www.edrdg.org/kanjidic/kanjidic2.xml.gz,CC BY-SA 4.0,verified,10,Human-reviewed 2026-08-22: KANJIDIC English + JLPT usage cross-check; semantic-review draft confirmed.
中,"[""안"",""속""]","[""in"",""inside"",""middle"",""mean"",""center""]","[""チュウ""]","[""なか"",""うち"",""あた.る""]",丨,뚫을 곤,2,4,kanjidic2,https://www.edrdg.org/kanjidic/kanjidic2.xml.gz,CC BY-SA 4.0,auto,1,Auto draft: KANJIDIC2 readings/radical; Korean meaning draft derived from local Korean word gloss or curated KANJIDIC English fallback.
仲,"[""사이"",""관계""]","[""go-between"",""relationship""]","[""チュウ""]","[""なか""]",人,사람 인,9,6,kanjidic2,https://www.edrdg.org/kanjidic/kanjidic2.xml.gz,CC BY-SA 4.0,auto,1,Auto draft: KANJIDIC2 readings/radical; Korean meaning draft derived from local Korean word gloss or curated KANJIDIC English fallback.
宙,"[""공중"",""하늘""]","[""mid-air"",""air"",""space"",""sky"",""memorization"",""interval of time""]","[""チュウ""]",[],宀,갓머리 면,40,8,kanjidic2,https://www.edrdg.org/kanjidic/kanjidic2.xml.gz,CC BY-SA 4.0,auto,1,Auto draft: KANJIDIC2 readings/radical; Korean meaning draft derived from local Korean word gloss or curated KANJIDIC English fallback.
忠,"[""충성""]","[""loyalty"",""fidelity"",""faithfulness""]","[""チュウ""]",[],心,마음 심,61,8,kanjidic2,https://www.edrdg.org/kanjidic/kanjidic2.xml.gz,CC BY-SA 4.0,auto,1,Auto draft: KANJIDIC2 readings/radical; Korean meaning draft derived from local Korean word gloss or curated KANJIDIC English fallback.
抽,"[""뽑다"",""추출하다""]","[""pluck"",""pull"",""extract"",""excel""]","[""チュウ""]","[""ひき-""]",手,손 수,64,8,kanjidic2,https://www.edrdg.org/kanjidic/kanjidic2.xml.gz,CC BY-SA 4.0,auto,1,Auto draft: KANJIDIC2 readings/radical; Korean meaning draft derived from local Korean word gloss or curated KANJIDIC English fallback.
昼,"[""점심"",""낮""]","[""daytime"",""noon""]","[""チュウ""]","[""ひる""]",日,날 일,72,9,kanjidic2,https://www.edrdg.org/kanjidic/kanjidic2.xml.gz,CC BY-SA 4.0,auto,1,Auto draft: KANJIDIC2 readings/radical; Korean meaning draft derived from local Korean word gloss or curated KANJIDIC English fallback.
柱,"[""기둥""]","[""pillar"",""post"",""cylinder"",""support""]","[""チュウ""]","[""はしら""]",木,나무 목,75,9,kanjidic2,https://www.edrdg.org/kanjidic/kanjidic2.xml.gz,CC BY-SA 4.0,auto,1,Auto draft: KANJIDIC2 readings/radical; Korean meaning draft derived from local Korean word gloss or curated KANJIDIC English fallback.
注,"[""붓다"",""따르다""]","[""pour"",""irrigate"",""shed (tears)"",""flow into"",""concentrate on"",""notes"",""comment"",""annotate""]","[""チュウ""]","[""そそ.ぐ"",""さ.す"",""つ.ぐ""]",水,물 수,85,8,kanjidic2,https://www.edrdg.org/kanjidic/kanjidic2.xml.gz,CC BY-SA 4.0,auto,1,Auto draft: KANJIDIC2 readings/radical; Korean meaning draft derived from local Korean word gloss or curated KANJIDIC English fallback.
虫,"[""벌레""]","[""insect"",""bug"",""temper""]","[""チュウ"",""キ""]","[""むし""]",虫,벌레 충,142,6,kanjidic2,https://www.edrdg.org/kanjidic/kanjidic2.xml.gz,CC BY-SA 4.0,auto,1,Auto draft: KANJIDIC2 readings/radical; Korean meaning draft derived from local Korean word gloss or curated KANJIDIC English fallback.
駐,"[""머무르다"",""주재하다""]","[""stop-over"",""reside in"",""resident""]","[""チュウ""]",[],馬,말 마,187,15,kanjidic2,https://www.edrdg.org/kanjidic/kanjidic2.xml.gz,CC BY-SA 4.0,auto,1,Auto draft: KANJIDIC2 readings/radical; Korean meaning draft derived from local Korean word gloss or curated KANJIDIC English fallback.
著,"[""현저하다"",""두드러지다""]","[""renowned"",""publish"",""write"",""remarkable"",""phenomenal"",""put on"",""don"",""wear"",""arrival"",""finish (race)"",""counter for suits of clothing"",""literary work""]","[""チョ"",""チャク""]","[""あらわ.す"",""いちじる.しい""]",艸,풀 초,140,11,kanjidic2,https://www.edrdg.org/kanjidic/kanjidic2.xml.gz,CC BY-SA 4.0,auto,1,Auto draft: KANJIDIC2 readings/radical; Korean meaning draft derived from local Korean word gloss or curated KANJIDIC English fallback.
貯,"[""모으다"",""담다""]","[""savings"",""store"",""lay in"",""keep"",""wear mustache""]","[""チョ""]","[""た.める"",""たくわ.える""]",貝,조개 패,154,12,kanjidic2,https://www.edrdg.org/kanjidic/kanjidic2.xml.gz,CC BY-SA 4.0,auto,1,Auto draft: KANJIDIC2 readings/radical; Korean meaning draft derived from local Korean word gloss or curated KANJIDIC English fallback.
丁,"[""거리"",""짝수"",""단위""]","[""street"",""ward"",""town"",""counter for guns, tools, leaves or cakes of something"",""even number"",""4th calendar sign""]","[""チョウ"",""テイ"",""チン"",""トウ"",""チ""]","[""ひのと""]",一,한 일,1,2,kanjidic2,https://www.edrdg.org/kanjidic/kanjidic2.xml.gz,CC BY-SA 4.0,auto,1,Auto draft: KANJIDIC2 readings/radical; Korean meaning draft derived from local Korean word gloss or curated KANJIDIC English fallback.
兆,"[""조짐"",""징조"",""조""]","[""portent"",""10**12"",""trillion"",""sign"",""omen"",""symptoms""]","[""チョウ""]","[""きざ.す"",""きざ.し""]",儿,어진사람 인,10,6,kanjidic2,https://www.edrdg.org/kanjidic/kanjidic2.xml.gz,CC BY-SA 4.0,verified,10,Human-reviewed 2026-08-22: KANJIDIC English + JLPT usage cross-check; semantic-review draft confirmed.
帳,"[""장부"",""수첩"",""막""]","[""notebook"",""account book"",""album"",""curtain"",""veil"",""net"",""tent""]","[""チョウ""]","[""とばり""]",巾,수건 건,50,11,kanjidic2,https://www.edrdg.org/kanjidic/kanjidic2.xml.gz,CC BY-SA 4.0,auto,1,Auto draft: KANJIDIC2 readings/radical; Korean meaning draft derived from local Korean word gloss or curated KANJIDIC English fallback.
庁,"[""관청""]","[""government office""]","[""チョウ"",""テイ""]","[""やくしょ""]",广,엄호 엄,53,5,kanjidic2,https://www.edrdg.org/kanjidic/kanjidic2.xml.gz,CC BY-SA 4.0,auto,1,Auto draft: KANJIDIC2 readings/radical; Korean meaning draft derived from local Korean word gloss or curated KANJIDIC English fallback.
張,"[""펴다"",""치다""]","[""counter for bows & stringed instruments"",""stretch"",""spread"",""put up (tent)""]","[""チョウ""]","[""は.る"",""-は.り"",""-ば.り""]",弓,활 궁,57,11,kanjidic2,https://www.edrdg.org/kanjidic/kanjidic2.xml.gz,CC BY-SA 4.0,auto,1,Auto draft: KANJIDIC2 readings/radical; Korean meaning draft derived from local Korean word gloss or curated KANJIDIC English fallback.
彫,"[""새기다"",""조각하다""]","[""carve"",""engrave"",""chisel""]","[""チョウ""]","[""ほ.る"",""-ぼ.り""]",彡,터럭 삼,59,11,kanjidic2,https://www.edrdg.org/kanjidic/kanjidic2.xml.gz,CC BY-SA 4.0,auto,1,Auto draft: KANJIDIC2 readings/radical; Korean meaning draft derived from local Korean word gloss or curated KANJIDIC English fallback.
徴,"[""징조"",""거두다""]","[""indications"",""sign"",""omen"",""symptom"",""collect"",""seek"",""refer to"",""question""]","[""チョウ"",""チ""]","[""しるし""]",彳,두인변 척,60,14,kanjidic2,https://www.edrdg.org/kanjidic/kanjidic2.xml.gz,CC BY-SA 4.0,auto,1,Auto draft: KANJIDIC2 readings/radical; Korean meaning draft derived from local Korean word gloss or curated KANJIDIC English fallback.
懲,"[""혼나다"",""넌더리나다""]","[""penal"",""chastise"",""punish"",""discipline""]","[""チョウ""]","[""こ.りる"",""こ.らす"",""こ.らしめる""]",心,마음 심,61,18,kanjidic2,https://www.edrdg.org/kanjidic/kanjidic2.xml.gz,CC BY-SA 4.0,auto,1,Auto draft: KANJIDIC2 readings/radical; Korean meaning draft derived from local Korean word gloss or curated KANJIDIC English fallback.
挑,"[""도전하다""]","[""challenge"",""contend for"",""make love to""]","[""チョウ""]","[""いど.む""]",手,손 수,64,9,kanjidic2,https://www.edrdg.org/kanjidic/kanjidic2.xml.gz,CC BY-SA 4.0,auto,1,Auto draft: KANJIDIC2 readings/radical; Korean meaning draft derived from local Korean word gloss or curated KANJIDIC English fallback.
朝,"[""아침""]","[""morning"",""dynasty"",""regime"",""epoch"",""period"",""(North) Korea""]","[""チョウ""]","[""あさ""]",月,달 월,74,12,kanjidic2,https://www.edrdg.org/kanjidic/kanjidic2.xml.gz,CC BY-SA 4.0,auto,1,Auto draft: KANJIDIC2 readings/radical; Korean meaning draft derived from local Korean word gloss or curated KANJIDIC English fallback.
潮,"[""조수"",""밀물 썰물""]","[""tide"",""salt water"",""opportunity""]","[""チョウ""]","[""しお"",""うしお""]",水,물 수,85,15,kanjidic2,https://www.edrdg.org/kanjidic/kanjidic2.xml.gz,CC BY-SA 4.0,auto,1,Auto draft: KANJIDIC2 readings/radical; Korean meaning draft derived from local Korean word gloss or curated KANJIDIC English fallback.
町,"[""마을"",""동네"",""도시""]","[""town"",""village"",""block"",""street""]","[""チョウ""]","[""まち""]",田,밭 전,102,7,kanjidic2,https://www.edrdg.org/kanjidic/kanjidic2.xml.gz,CC BY-SA 4.0,auto,1,Auto draft: KANJIDIC2 readings/radical; Korean meaning draft derived from local Korean word gloss or curated KANJIDIC English fallback.
眺,"[""바라보다"",""조망하다""]","[""stare"",""watch"",""look at"",""see"",""scrutinize""]","[""チョウ""]","[""なが.める""]",目,눈 목,109,11,kanjidic2,https://www.edrdg.org/kanjidic/kanjidic2.xml.gz,CC BY-SA 4.0,auto,1,Auto draft: KANJIDIC2 readings/radical; Korean meaning draft derived from local Korean word gloss or curated KANJIDIC English fallback.
聴,"[""듣다""]","[""listen"",""headstrong"",""naughty"",""careful inquiry""]","[""チョウ"",""テイ""]","[""き.く"",""ゆる.す""]",耳,귀 이,128,17,kanjidic2,https://www.edrdg.org/kanjidic/kanjidic2.xml.gz,CC BY-SA 4.0,auto,1,Auto draft: KANJIDIC2 readings/radical; Korean meaning draft derived from local Korean word gloss or curated KANJIDIC English fallback.
腸,"[""장"",""창자""]","[""intestines"",""guts"",""bowels"",""viscera""]","[""チョウ""]","[""はらわた"",""わた""]",肉,고기 육,130,13,kanjidic2,https://www.edrdg.org/kanjidic/kanjidic2.xml.gz,CC BY-SA 4.0,auto,1,Auto draft: KANJIDIC2 readings/radical; Korean meaning draft derived from local Korean word gloss or curated KANJIDIC English fallback.
蝶,"[""나비""]","[""butterfly""]","[""チョウ""]",[],虫,벌레 충,142,15,kanjidic2,https://www.edrdg.org/kanjidic/kanjidic2.xml.gz,CC BY-SA 4.0,auto,1,Auto draft: KANJIDIC2 readings/radical; Korean meaning draft derived from local Korean word gloss or curated KANJIDIC English fallback.
調,"[""조사"",""검사"",""점검""]","[""tune"",""tone"",""meter"",""key (music)"",""writing style"",""prepare"",""exorcise"",""investigate"",""harmonize"",""mediate""]","[""チョウ""]","[""しら.べる"",""しら.べ"",""ととの.う"",""ととの.える""]",言,말씀 언,149,15,kanjidic2,https://www.edrdg.org/kanjidic/kanjidic2.xml.gz,CC BY-SA 4.0,auto,1,Auto draft: KANJIDIC2 readings/radical; Korean meaning draft derived from local Korean word gloss or curated KANJIDIC English fallback.
超,"[""초~"",""초월""]","[""transcend"",""super-"",""ultra-""]","[""チョウ""]","[""こ.える"",""こ.す""]",走,달아날 주,156,12,kanjidic2,https://www.edrdg.org/kanjidic/kanjidic2.xml.gz,CC BY-SA 4.0,auto,1,Auto draft: KANJIDIC2 readings/radical; Korean meaning draft derived from local Korean word gloss or curated KANJIDIC English fallback.
跳,"[""뛰어오르다"",""튀다""]","[""hop"",""leap up"",""spring"",""jerk"",""prance"",""buck"",""splash"",""sputter"",""snap""]","[""チョウ""]","[""は.ねる"",""と.ぶ"",""-と.び""]",足,발 족,157,13,kanjidic2,https://www.edrdg.org/kanjidic/kanjidic2.xml.gz,CC BY-SA 4.0,auto,1,Auto draft: KANJIDIC2 readings/radical; Korean meaning draft derived from local Korean word gloss or curated KANJIDIC English fallback.
長,"[""길다""]","[""long"",""leader"",""superior"",""senior""]","[""チョウ""]","[""なが.い"",""おさ""]",長,길 장,168,8,kanjidic2,https://www.edrdg.org/kanjidic/kanjidic2.xml.gz,CC BY-SA 4.0,auto,1,Auto draft: KANJIDIC2 readings/radical; Korean meaning draft derived from local Korean word gloss or curated KANJIDIC English fallback.
頂,"[""꼭대기"",""받다"",""머리에 이다""]","[""place on the head"",""receive"",""top of head"",""top"",""summit"",""peak""]","[""チョウ""]","[""いただ.く"",""いただき""]",頁,머리 혈,181,11,kanjidic2,https://www.edrdg.org/kanjidic/kanjidic2.xml.gz,CC BY-SA 4.0,verified,10,Human-reviewed 2026-08-22: KANJIDIC English + JLPT usage cross-check; semantic-review draft confirmed.
鳥,"[""새""]","[""bird"",""chicken""]","[""チョウ""]","[""とり""]",鳥,새 조,196,11,kanjidic2,https://www.edrdg.org/kanjidic/kanjidic2.xml.gz,CC BY-SA 4.0,auto,1,Auto draft: KANJIDIC2 readings/radical; Korean meaning draft derived from local Korean word gloss or curated KANJIDIC English fallback.
捗,"[""진척되다""]","[""make progress""]","[""チョク"",""ホ""]","[""はかど.る""]",手,손 수,64,10,kanjidic2,https://www.edrdg.org/kanjidic/kanjidic2.xml.gz,CC BY-SA 4.0,auto,1,Auto draft: KANJIDIC2 readings/radical; Korean meaning draft derived from local Korean word gloss or curated KANJIDIC English fallback.
直,"[""곧"",""바로""]","[""straightaway"",""honesty"",""frankness"",""fix"",""repair""]","[""チョク"",""ジキ"",""ジカ""]","[""ただ.ちに"",""なお.す"",""-なお.す"",""なお.る"",""なお.き"",""す.ぐ""]",目,눈 목,109,8,kanjidic2,https://www.edrdg.org/kanjidic/kanjidic2.xml.gz,CC BY-SA 4.0,auto,1,Auto draft: KANJIDIC2 readings/radical; Korean meaning draft derived from local Korean word gloss or curated KANJIDIC English fallback.
沈,"[""가라앉다""]","[""sink"",""be submerged"",""subside"",""be depressed"",""aloes""]","[""チン"",""ジン""]","[""しず.む"",""しず.める""]",水,물 수,85,7,kanjidic2,https://www.edrdg.org/kanjidic/kanjidic2.xml.gz,CC BY-SA 4.0,auto,1,Auto draft: KANJIDIC2 readings/radical; Korean meaning draft derived from local Korean word gloss or curated KANJIDIC English fallback.
珍,"[""흔치않다""]","[""rare"",""curious"",""strange""]","[""チン""]","[""めずら.しい"",""たから""]",玉,구슬 옥,96,9,kanjidic2,https://www.edrdg.org/kanjidic/kanjidic2.xml.gz,CC BY-SA 4.0,auto,1,Auto draft: KANJIDIC2 readings/radical; Korean meaning draft derived from local Korean word gloss or curated KANJIDIC English fallback.
賃,"[""임금"",""요금""]","[""fare"",""fee"",""hire"",""rent"",""wages"",""charge""]","[""チン""]",[],貝,조개 패,154,13,kanjidic2,https://www.edrdg.org/kanjidic/kanjidic2.xml.gz,CC BY-SA 4.0,auto,1,Auto draft: KANJIDIC2 readings/radical; Korean meaning draft derived from local Korean word gloss or curated KANJIDIC English fallback.
陳,"[""늘어놓다"",""말하다""]","[""exhibit"",""state"",""relate"",""explain""]","[""チン""]","[""ひ.ねる""]",阜,언덕 부,170,11,kanjidic2,https://www.edrdg.org/kanjidic/kanjidic2.xml.gz,CC BY-SA 4.0,auto,1,Auto draft: KANJIDIC2 readings/radical; Korean meaning draft derived from local Korean word gloss or curated KANJIDIC English fallback.
津,"[""나루"",""항구""]","[""haven"",""port"",""harbor"",""ferry""]","[""シン""]","[""つ""]",水,물 수,85,9,kanjidic2,https://www.edrdg.org/kanjidic/kanjidic2.xml.gz,CC BY-SA 4.0,auto,1,Auto draft: KANJIDIC2 readings/radical; Korean meaning draft derived from local Korean word gloss or curated KANJIDIC English fallback.
墜,"[""떨어지다"",""추락""]","[""crash"",""fall (down)""]","[""ツイ""]","[""お.ちる"",""お.つ""]",土,흙 토,32,15,kanjidic2,https://www.edrdg.org/kanjidic/kanjidic2.xml.gz,CC BY-SA 4.0,auto,1,Auto draft: KANJIDIC2 readings/radical; Korean meaning draft derived from local Korean word gloss or curated KANJIDIC English fallback.
追,"[""좇다""]","[""chase"",""drive away"",""follow"",""pursue"",""meanwhile""]","[""ツイ""]","[""お.う""]",辵,책받침 착,162,9,kanjidic2,https://www.edrdg.org/kanjidic/kanjidic2.xml.gz,CC BY-SA 4.0,auto,1,Auto draft: KANJIDIC2 readings/radical; Korean meaning draft derived from local Korean word gloss or curated KANJIDIC English fallback.
痛,"[""아프다""]","[""pain"",""hurt"",""damage"",""bruise""]","[""ツウ""]","[""いた.い"",""いた.む"",""いた.ましい"",""いた.める""]",疒,병질안 역,104,12,kanjidic2,https://www.edrdg.org/kanjidic/kanjidic2.xml.gz,CC BY-SA 4.0,auto,1,Auto draft: KANJIDIC2 readings/radical; Korean meaning draft derived from local Korean word gloss or curated KANJIDIC English fallback.
通,"[""통하다"",""지나다"",""다니다"",""통 (조수사)""]","[""traffic"",""pass through"",""avenue"",""commute"",""counter for letters, notes, documents, etc.""]","[""ツウ"",""ツ""]","[""とお.る"",""とお.り"",""-とお.り"",""-どお.り"",""とお.す"",""とお.し"",""-どお.し"",""かよ.う""]",辵,책받침 착,162,10,kanjidic2,https://www.edrdg.org/kanjidic/kanjidic2.xml.gz,CC BY-SA 4.0,verified,10,Human-reviewed 2026-08-22: KANJIDIC English + JLPT usage cross-check; semantic-review draft confirmed.
掴,"[""붙잡다"",""움켜쥐다""]","[""catch"",""seize"",""grasp"",""hold"",""arrest"",""capture""]","[""カク""]","[""つか.む"",""つか.まえる"",""つか.まる""]",手,손 수,64,11,kanjidic2,https://www.edrdg.org/kanjidic/kanjidic2.xml.gz,CC BY-SA 4.0,verified,10,Human-reviewed 2026-08-22: KANJIDIC English + JLPT usage cross-check; semantic-review draft confirmed.
漬,"[""담그다"",""적시다"",""절이다""]","[""pickling"",""soak"",""moisten"",""steep""]","[""シ""]","[""つ.ける"",""つ.かる"",""-づ.け"",""-づけ""]",水,물 수,85,14,kanjidic2,https://www.edrdg.org/kanjidic/kanjidic2.xml.gz,CC BY-SA 4.0,auto,1,Auto draft: KANJIDIC2 readings/radical; Korean meaning draft derived from local Korean word gloss or curated KANJIDIC English fallback.
潰,"[""찌그러뜨리다"",""(시간을) 때우다""]","[""crush"",""smash"",""break"",""dissipate""]","[""カイ"",""エ""]","[""つぶ.す"",""つぶ.れる"",""つい.える""]",水,물 수,85,15,kanjidic2,https://www.edrdg.org/kanjidic/kanjidic2.xml.gz,CC BY-SA 4.0,auto,1,Auto draft: KANJIDIC2 readings/radical; Korean meaning draft derived from local Korean word gloss or curated KANJIDIC English fallback.
壷,"[""항아리"",""단지""]","[""jar"",""pot"",""hinge knuckle"",""one's aim""]","[""コ""]","[""つぼ""]",士,선비 사,33,11,kanjidic2,https://www.edrdg.org/kanjidic/kanjidic2.xml.gz,CC BY-SA 4.0,auto,2,Auto draft: KANJIDIC2 readings/radical; Korean meaning draft derived from local Korean word gloss or curated KANJIDIC English fallback.
爪,"[""손톱"",""발톱""]","[""claw"",""nail"",""talon""]","[""ソウ""]","[""つめ"",""つま-""]",爪,손톱 조,87,4,kanjidic2,https://www.edrdg.org/kanjidic/kanjidic2.xml.gz,CC BY-SA 4.0,auto,1,Auto draft: KANJIDIC2 readings/radical; Korean meaning draft derived from local Korean word gloss or curated KANJIDIC English fallback.
吊,"[""매달다"",""걸다""]","[""suspend"",""hang"",""wear (sword)""]","[""チョウ""]","[""つ.る"",""つる.す""]",口,입 구,30,6,kanjidic2,https://www.edrdg.org/kanjidic/kanjidic2.xml.gz,CC BY-SA 4.0,auto,1,Auto draft: KANJIDIC2 readings/radical; Korean meaning draft derived from local Korean word gloss or curated KANJIDIC English fallback.
釣,"[""낚다"",""낚시하다""]","[""angling"",""fish"",""catch"",""allure"",""ensnare""]","[""チョウ""]","[""つ.る"",""つ.り"",""つ.り-""]",金,쇠 금,167,11,kanjidic2,https://www.edrdg.org/kanjidic/kanjidic2.xml.gz,CC BY-SA 4.0,auto,1,Auto draft: KANJIDIC2 readings/radical; Korean meaning draft derived from local Korean word gloss or curated KANJIDIC English fallback.
低,"[""낮다""]","[""lower"",""short"",""humble""]","[""テイ""]","[""ひく.い"",""ひく.める"",""ひく.まる""]",人,사람 인,9,7,kanjidic2,https://www.edrdg.org/kanjidic/kanjidic2.xml.gz,CC BY-SA 4.0,auto,1,Auto draft: KANJIDIC2 readings/radical; Korean meaning draft derived from local Korean word gloss or curated KANJIDIC English fallback.
停,"[""버스 정류장""]","[""halt"",""stopping""]","[""テイ""]","[""と.める"",""と.まる""]",人,사람 인,9,11,kanjidic2,https://www.edrdg.org/kanjidic/kanjidic2.xml.gz,CC BY-SA 4.0,auto,1,Auto draft: KANJIDIC2 readings/radical; Korean meaning draft derived from local Korean word gloss or curated KANJIDIC English fallback.
剃,"[""깎다"",""면도하다""]","[""shave""]","[""テイ""]","[""まい"",""そ.る"",""す.る""]",刀,칼 도,18,9,kanjidic2,https://www.edrdg.org/kanjidic/kanjidic2.xml.gz,CC BY-SA 4.0,auto,1,Auto draft: KANJIDIC2 readings/radical; Korean meaning draft derived from local Korean word gloss or curated KANJIDIC English fallback.
呈,"[""드러내다"",""제출하다""]","[""display"",""offer"",""present"",""send"",""exhibit""]","[""テイ""]",[],口,입 구,30,7,kanjidic2,https://www.edrdg.org/kanjidic/kanjidic2.xml.gz,CC BY-SA 4.0,auto,1,Auto draft: KANJIDIC2 readings/radical; Korean meaning draft derived from local Korean word gloss or curated KANJIDIC English fallback.
堤,"[""둑"",""제방""]","[""dike"",""bank"",""embankment""]","[""テイ""]","[""つつみ""]",土,흙 토,32,12,kanjidic2,https://www.edrdg.org/kanjidic/kanjidic2.xml.gz,CC BY-SA 4.0,verified,10,Human-reviewed 2026-08-22: KANJIDIC English + JLPT usage cross-check; semantic-review draft confirmed.
定,"[""결정하다""]","[""determine"",""fix"",""establish"",""decide""]","[""テイ"",""ジョウ""]","[""さだ.める"",""さだ.まる"",""さだ.か""]",宀,갓머리 면,40,8,kanjidic2,https://www.edrdg.org/kanjidic/kanjidic2.xml.gz,CC BY-SA 4.0,auto,1,Auto draft: KANJIDIC2 readings/radical; Korean meaning draft derived from local Korean word gloss or curated KANJIDIC English fallback.
底,"[""바닥""]","[""bottom"",""sole"",""depth"",""bottom price"",""base"",""kind"",""sort""]","[""テイ""]","[""そこ""]",广,엄호 엄,53,8,kanjidic2,https://www.edrdg.org/kanjidic/kanjidic2.xml.gz,CC BY-SA 4.0,auto,1,Auto draft: KANJIDIC2 readings/radical; Korean meaning draft derived from local Korean word gloss or curated KANJIDIC English fallback.
庭,"[""뜰"",""정원""]","[""courtyard"",""garden"",""yard""]","[""テイ""]","[""にわ""]",广,엄호 엄,53,10,kanjidic2,https://www.edrdg.org/kanjidic/kanjidic2.xml.gz,CC BY-SA 4.0,auto,1,Auto draft: KANJIDIC2 readings/radical; Korean meaning draft derived from local Korean word gloss or curated KANJIDIC English fallback.
廷,"[""조정"",""관청""]","[""courts"",""imperial court"",""government office""]","[""テイ""]",[],廴,민책받침 인,54,7,kanjidic2,https://www.edrdg.org/kanjidic/kanjidic2.xml.gz,CC BY-SA 4.0,auto,1,Auto draft: KANJIDIC2 readings/radical; Korean meaning draft derived from local Korean word gloss or curated KANJIDIC English fallback.
弟,"[""남동생""]","[""younger brother"",""faithful service to elders""]","[""テイ"",""ダイ"",""デ""]","[""おとうと""]",弓,활 궁,57,7,kanjidic2,https://www.edrdg.org/kanjidic/kanjidic2.xml.gz,CC BY-SA 4.0,auto,1,Auto draft: KANJIDIC2 readings/radical; Korean meaning draft derived from local Korean word gloss or curated KANJIDIC English fallback.
抵,"[""저항하다"",""닿다""]","[""resist"",""reach"",""touch""]","[""テイ""]",[],手,손 수,64,8,kanjidic2,https://www.edrdg.org/kanjidic/kanjidic2.xml.gz,CC BY-SA 4.0,auto,1,Auto draft: KANJIDIC2 readings/radical; Korean meaning draft derived from local Korean word gloss or curated KANJIDIC English fallback.
提,"[""제안하다"",""들다""]","[""propose"",""take along"",""carry in hand""]","[""テイ"",""チョウ"",""ダイ""]","[""さ.げる""]",手,손 수,64,12,kanjidic2,https://www.edrdg.org/kanjidic/kanjidic2.xml.gz,CC BY-SA 4.0,auto,1,Auto draft: KANJIDIC2 readings/radical; Korean meaning draft derived from local Korean word gloss or curated KANJIDIC English fallback.
梯,"[""사다리"",""계단""]","[""ladder"",""stairs"",""insatiable drinking""]","[""テイ"",""タイ""]","[""はしご""]",木,나무 목,75,11,kanjidic2,https://www.edrdg.org/kanjidic/kanjidic2.xml.gz,CC BY-SA 4.0,auto,1,Auto draft: KANJIDIC2 readings/radical; Korean meaning draft derived from local Korean word gloss or curated KANJIDIC English fallback.
程,"[""정도"",""만큼""]","[""extent"",""degree"",""law"",""formula"",""distance"",""limits"",""amount""]","[""テイ""]","[""ほど"",""-ほど""]",禾,벼 화,115,12,kanjidic2,https://www.edrdg.org/kanjidic/kanjidic2.xml.gz,CC BY-SA 4.0,auto,1,Auto draft: KANJIDIC2 readings/radical; Korean meaning draft derived from local Korean word gloss or curated KANJIDIC English fallback.
締,"[""바싹졸라메다""]","[""tighten"",""tie"",""shut"",""lock"",""fasten""]","[""テイ""]","[""し.まる"",""し.まり"",""し.める"",""-し.め"",""-じ.め""]",糸,실 사,120,15,kanjidic2,https://www.edrdg.org/kanjidic/kanjidic2.xml.gz,CC BY-SA 4.0,auto,1,Auto draft: KANJIDIC2 readings/radical; Korean meaning draft derived from local Korean word gloss or curated KANJIDIC English fallback.
訂,"[""고치다"",""정정""]","[""revise"",""correct"",""decide""]","[""テイ""]","[""ただ.す""]",言,말씀 언,149,9,kanjidic2,https://www.edrdg.org/kanjidic/kanjidic2.xml.gz,CC BY-SA 4.0,auto,1,Auto draft: KANJIDIC2 readings/radical; Korean meaning draft derived from local Korean word gloss or curated KANJIDIC English fallback.
諦,"[""포기하다""]","[""truth"",""clarity"",""abandon"",""give up""]","[""テイ"",""タイ""]","[""あきら.める"",""つまびらか"",""まこと""]",言,말씀 언,149,16,kanjidic2,https://www.edrdg.org/kanjidic/kanjidic2.xml.gz,CC BY-SA 4.0,auto,2,Auto draft: KANJIDIC2 readings/radical; Korean meaning draft derived from local Korean word gloss or curated KANJIDIC English fallback.
邸,"[""저택""]","[""residence"",""mansion""]","[""テイ""]","[""やしき""]",邑,고을 읍,163,8,kanjidic2,https://www.edrdg.org/kanjidic/kanjidic2.xml.gz,CC BY-SA 4.0,auto,2,Auto draft: KANJIDIC2 readings/radical; Korean meaning draft derived from local Korean word gloss or curated KANJIDIC English fallback.
釘,"[""못""]","[""nail"",""tack"",""peg""]","[""テイ"",""チョウ""]","[""くぎ""]",金,쇠 금,167,10,kanjidic2,https://www.edrdg.org/kanjidic/kanjidic2.xml.gz,CC BY-SA 4.0,auto,1,Auto draft: KANJIDIC2 readings/radical; Korean meaning draft derived from local Korean word gloss or curated KANJIDIC English fallback.
泥,"[""진흙""]","[""mud"",""mire"",""adhere to"",""be attached to""]","[""デイ"",""ナイ"",""デ"",""ニ""]","[""どろ"",""なず.む""]",水,물 수,85,8,kanjidic2,https://www.edrdg.org/kanjidic/kanjidic2.xml.gz,CC BY-SA 4.0,auto,1,Auto draft: KANJIDIC2 readings/radical; Korean meaning draft derived from local Korean word gloss or curated KANJIDIC English fallback.
摘,"[""따다"",""요약하다""]","[""pinch"",""pick"",""pluck"",""trim"",""clip"",""summarize""]","[""テキ""]","[""つ.む""]",手,손 수,64,14,kanjidic2,https://www.edrdg.org/kanjidic/kanjidic2.xml.gz,CC BY-SA 4.0,auto,1,Auto draft: KANJIDIC2 readings/radical; Korean meaning draft derived from local Korean word gloss or curated KANJIDIC English fallback.
敵,"[""적""]","[""enemy"",""foe"",""opponent""]","[""テキ""]","[""かたき"",""あだ"",""かな.う""]",攴,둥글월 문,66,15,kanjidic2,https://www.edrdg.org/kanjidic/kanjidic2.xml.gz,CC BY-SA 4.0,auto,1,Auto draft: KANJIDIC2 readings/radical; Korean meaning draft derived from local Korean word gloss or curated KANJIDIC English fallback.
滴,"[""물방울""]","[""drip"",""drop""]","[""テキ""]","[""しずく"",""したた.る""]",水,물 수,85,14,kanjidic2,https://www.edrdg.org/kanjidic/kanjidic2.xml.gz,CC BY-SA 4.0,auto,1,Auto draft: KANJIDIC2 readings/radical; Korean meaning draft derived from local Korean word gloss or curated KANJIDIC English fallback.
的,"[""표적"",""목적""]","[""bull's eye"",""mark"",""target"",""object"",""adjective ending""]","[""テキ""]","[""まと""]",白,흰 백,106,8,kanjidic2,https://www.edrdg.org/kanjidic/kanjidic2.xml.gz,CC BY-SA 4.0,auto,1,Auto draft: KANJIDIC2 readings/radical; Korean meaning draft derived from local Korean word gloss or curated KANJIDIC English fallback.
適,"[""적합하다""]","[""suitable"",""occasional"",""rare"",""qualified"",""capable""]","[""テキ""]","[""かな.う""]",辵,책받침 착,162,14,kanjidic2,https://www.edrdg.org/kanjidic/kanjidic2.xml.gz,CC BY-SA 4.0,auto,1,Auto draft: KANJIDIC2 readings/radical; Korean meaning draft derived from local Korean word gloss or curated KANJIDIC English fallback.
溺,"[""물에 빠지다""]","[""drown"",""indulge""]","[""デキ"",""ジョウ"",""ニョウ""]","[""いばり"",""おぼ.れる""]",水,물 수,85,13,kanjidic2,https://www.edrdg.org/kanjidic/kanjidic2.xml.gz,CC BY-SA 4.0,auto,2,Auto draft: KANJIDIC2 readings/radical; Korean meaning draft derived from local Korean word gloss or curated KANJIDIC English fallback.
哲,"[""철학"",""밝음""]","[""philosophy"",""clear""]","[""テツ""]","[""さとい"",""あきらか""]",口,입 구,30,10,kanjidic2,https://www.edrdg.org/kanjidic/kanjidic2.xml.gz,CC BY-SA 4.0,auto,1,Auto draft: KANJIDIC2 readings/radical; Korean meaning draft derived from local Korean word gloss or curated KANJIDIC English fallback.
徹,"[""철저히 하다"",""일관하다""]","[""penetrate"",""clear"",""pierce"",""strike home"",""sit up (all night)""]","[""テツ""]",[],彳,두인변 척,60,15,kanjidic2,https://www.edrdg.org/kanjidic/kanjidic2.xml.gz,CC BY-SA 4.0,auto,1,Auto draft: KANJIDIC2 readings/radical; Korean meaning draft derived from local Korean word gloss or curated KANJIDIC English fallback.
撤,"[""철수하다"",""거두다""]","[""remove"",""withdraw"",""disarm"",""dismantle"",""reject"",""exclude""]","[""テツ""]",[],手,손 수,64,15,kanjidic2,https://www.edrdg.org/kanjidic/kanjidic2.xml.gz,CC BY-SA 4.0,auto,2,Auto draft: KANJIDIC2 readings/radical; Korean meaning draft derived from local Korean word gloss or curated KANJIDIC English fallback.
鉄,"[""철""]","[""iron""]","[""テツ""]","[""くろがね""]",金,쇠 금,167,13,kanjidic2,https://www.edrdg.org/kanjidic/kanjidic2.xml.gz,CC BY-SA 4.0,auto,1,Auto draft: KANJIDIC2 readings/radical; Korean meaning draft derived from local Korean word gloss or curated KANJIDIC English fallback.
典,"[""법전"",""의식""]","[""code"",""ceremony"",""law"",""rule""]","[""テン"",""デン""]","[""ふみ"",""のり""]",八,여덟 팔,12,8,kanjidic2,https://www.edrdg.org/kanjidic/kanjidic2.xml.gz,CC BY-SA 4.0,auto,1,Auto draft: KANJIDIC2 readings/radical; Korean meaning draft derived from local Korean word gloss or curated KANJIDIC English fallback.
天,"[""하늘"",""천국""]","[""heavens"",""sky"",""imperial""]","[""テン""]","[""あまつ"",""あめ"",""あま-""]",大,큰 대,37,4,kanjidic2,https://www.edrdg.org/kanjidic/kanjidic2.xml.gz,CC BY-SA 4.0,auto,1,Auto draft: KANJIDIC2 readings/radical; Korean meaning draft derived from local Korean word gloss or curated KANJIDIC English fallback.
展,"[""펼치다"",""전개""]","[""unfold"",""expand""]","[""テン""]",[],尸,주검 시,44,10,kanjidic2,https://www.edrdg.org/kanjidic/kanjidic2.xml.gz,CC BY-SA 4.0,auto,1,Auto draft: KANJIDIC2 readings/radical; Korean meaning draft derived from local Korean word gloss or curated KANJIDIC English fallback.
店,"[""가게""]","[""store"",""shop""]","[""テン""]","[""みせ"",""たな""]",广,엄호 엄,53,8,kanjidic2,https://www.edrdg.org/kanjidic/kanjidic2.xml.gz,CC BY-SA 4.0,auto,1,Auto draft: KANJIDIC2 readings/radical; Korean meaning draft derived from local Korean word gloss or curated KANJIDIC English fallback.
添,"[""첨부하다"",""덧붙이다""]","[""annexed"",""accompany"",""marry"",""suit"",""meet"",""satisfy"",""attach"",""append"",""garnish"",""imitate""]","[""テン""]","[""そ.える"",""そ.う""]",水,물 수,85,11,kanjidic2,https://www.edrdg.org/kanjidic/kanjidic2.xml.gz,CC BY-SA 4.0,auto,1,Auto draft: KANJIDIC2 readings/radical; Korean meaning draft derived from local Korean word gloss or curated KANJIDIC English fallback.
纏,"[""뿔뿔이 된 것이 하나로 정리되다"",""하나로 뭉치다"",""바람직한 상태로 정리되다""]","[""wear"",""wrap"",""tie"",""follow around"",""collect""]","[""テン"",""デン""]","[""まつ.わる"",""まと.う"",""まと.める"",""まと.まる"",""まと.い""]",糸,실 사,120,21,kanjidic2,https://www.edrdg.org/kanjidic/kanjidic2.xml.gz,CC BY-SA 4.0,auto,2,Auto draft: KANJIDIC2 readings/radical; Korean meaning draft derived from local Korean word gloss or curated KANJIDIC English fallback.
貼,"[""붙이다""]","[""stick"",""paste"",""apply""]","[""テン"",""チョウ""]","[""は.る"",""つ.く""]",貝,조개 패,154,12,kanjidic2,https://www.edrdg.org/kanjidic/kanjidic2.xml.gz,CC BY-SA 4.0,auto,2,Auto draft: KANJIDIC2 readings/radical; Korean meaning draft derived from local Korean word gloss or curated KANJIDIC English fallback.
転,"[""구르다"",""넘어지다""]","[""revolve"",""turn around"",""change""]","[""テン""]","[""ころ.がる"",""ころ.げる"",""ころ.がす"",""ころ.ぶ"",""まろ.ぶ"",""うたた"",""うつ.る"",""くる.めく""]",車,수레 거,159,11,kanjidic2,https://www.edrdg.org/kanjidic/kanjidic2.xml.gz,CC BY-SA 4.0,auto,1,Auto draft: KANJIDIC2 readings/radical; Korean meaning draft derived from local Korean word gloss or curated KANJIDIC English fallback.
点,"[""점"",""점수"",""표시""]","[""spot"",""point"",""mark"",""speck"",""decimal point""]","[""テン""]","[""つ.ける"",""つ.く"",""た.てる"",""さ.す"",""とぼ.す"",""とも.す"",""ぼち""]",火,불 화,86,9,kanjidic2,https://www.edrdg.org/kanjidic/kanjidic2.xml.gz,CC BY-SA 4.0,auto,1,Auto draft: KANJIDIC2 readings/radical; Korean meaning draft derived from local Korean word gloss or curated KANJIDIC English fallback.
伝,"[""전하다"",""전달하다""]","[""transmit"",""go along"",""walk along"",""follow"",""report"",""communicate"",""legend"",""tradition""]","[""デン"",""テン""]","[""つた.わる"",""つた.える"",""つた.う"",""つだ.う"",""-づた.い"",""つて""]",人,사람 인,9,6,kanjidic2,https://www.edrdg.org/kanjidic/kanjidic2.xml.gz,CC BY-SA 4.0,auto,1,Auto draft: KANJIDIC2 readings/radical; Korean meaning draft derived from local Korean word gloss or curated KANJIDIC English fallback.
殿,"[""귀하"",""님""]","[""Mr."",""hall"",""mansion"",""palace"",""temple"",""lord""]","[""デン"",""テン""]","[""との"",""-どの""]",殳,갖은둥글월 문,79,13,kanjidic2,https://www.edrdg.org/kanjidic/kanjidic2.xml.gz,CC BY-SA 4.0,auto,1,Auto draft: KANJIDIC2 readings/radical; Korean meaning draft derived from local Korean word gloss or curated KANJIDIC English fallback.
田,"[""논""]","[""rice field"",""rice paddy""]","[""デン""]","[""た""]",田,밭 전,102,5,kanjidic2,https://www.edrdg.org/kanjidic/kanjidic2.xml.gz,CC BY-SA 4.0,auto,1,Auto draft: KANJIDIC2 readings/radical; Korean meaning draft derived from local Korean word gloss or curated KANJIDIC English fallback.
電,"[""전기""]","[""electricity""]","[""デン""]",[],雨,비 우,173,13,kanjidic2,https://www.edrdg.org/kanjidic/kanjidic2.xml.gz,CC BY-SA 4.0,auto,1,Auto draft: KANJIDIC2 readings/radical; Korean meaning draft derived from local Korean word gloss or curated KANJIDIC English fallback.
兎,"[""토끼""]","[""rabbit"",""hare""]","[""ト"",""ツ""]","[""うさぎ""]",儿,어진사람 인,10,8,kanjidic2,https://www.edrdg.org/kanjidic/kanjidic2.xml.gz,CC BY-SA 4.0,auto,1,Auto draft: KANJIDIC2 readings/radical; Korean meaning draft derived from local Korean word gloss or curated KANJIDIC English fallback.
吐,"[""토하다"",""말하다""]","[""spit"",""vomit"",""belch"",""confess"",""tell (lies)""]","[""ト""]","[""は.く"",""つ.く""]",口,입 구,30,6,kanjidic2,https://www.edrdg.org/kanjidic/kanjidic2.xml.gz,CC BY-SA 4.0,auto,1,Auto draft: KANJIDIC2 readings/radical; Korean meaning draft derived from local Korean word gloss or curated KANJIDIC English fallback.
堵,"[""담"",""울타리""]","[""fence"",""railing"",""enclosure""]","[""ト""]","[""かき""]",土,흙 토,32,11,kanjidic2,https://www.edrdg.org/kanjidic/kanjidic2.xml.gz,CC BY-SA 4.0,auto,2,Auto draft: KANJIDIC2 readings/radical; Korean meaning draft derived from local Korean word gloss or curated KANJIDIC English fallback.
塗,"[""칠하다"",""바르다""]","[""paint"",""plaster"",""daub"",""smear"",""coating""]","[""ト""]","[""ぬ.る"",""ぬ.り"",""まみ.れる""]",土,흙 토,32,13,kanjidic2,https://www.edrdg.org/kanjidic/kanjidic2.xml.gz,CC BY-SA 4.0,verified,10,Human-reviewed 2026-08-22: KANJIDIC English + JLPT usage cross-check; semantic-review draft confirmed.
妬,"[""질투하다"",""시기하다""]","[""jealous"",""envy""]","[""ト"",""ツ""]","[""ねた.む"",""そね.む"",""つも.る"",""ふさ.ぐ""]",女,계집 녀,38,8,kanjidic2,https://www.edrdg.org/kanjidic/kanjidic2.xml.gz,CC BY-SA 4.0,auto,1,Auto draft: KANJIDIC2 readings/radical; Korean meaning draft derived from local Korean word gloss or curated KANJIDIC English fallback.
徒,"[""무리"",""헛됨"",""도보""]","[""on foot"",""junior"",""emptiness"",""vanity"",""futility"",""uselessness"",""ephemeral thing"",""gang"",""set"",""party"",""people""]","[""ト""]","[""いたずら"",""あだ""]",彳,두인변 척,60,10,kanjidic2,https://www.edrdg.org/kanjidic/kanjidic2.xml.gz,CC BY-SA 4.0,auto,1,Auto draft: KANJIDIC2 readings/radical; Korean meaning draft derived from local Korean word gloss or curated KANJIDIC English fallback.
渡,"[""건네다""]","[""transit"",""ford"",""ferry"",""cross"",""import"",""deliver"",""diameter"",""migrate""]","[""ト""]","[""わた.る"",""-わた.る"",""わた.す""]",水,물 수,85,12,kanjidic2,https://www.edrdg.org/kanjidic/kanjidic2.xml.gz,CC BY-SA 4.0,auto,1,Auto draft: KANJIDIC2 readings/radical; Korean meaning draft derived from local Korean word gloss or curated KANJIDIC English fallback.
登,"[""(산을) 오르다""]","[""ascend"",""climb up""]","[""トウ"",""ト"",""ドウ"",""ショウ"",""チョウ""]","[""のぼ.る"",""あ.がる""]",癶,필 발,105,12,kanjidic2,https://www.edrdg.org/kanjidic/kanjidic2.xml.gz,CC BY-SA 4.0,auto,1,Auto draft: KANJIDIC2 readings/radical; Korean meaning draft derived from local Korean word gloss or curated KANJIDIC English fallback.
賭,"[""내기"",""도박""]","[""gamble"",""wager"",""bet""]","[""ト""]","[""か.ける"",""かけ""]",貝,조개 패,154,15,kanjidic2,https://www.edrdg.org/kanjidic/kanjidic2.xml.gz,CC BY-SA 4.0,auto,1,Auto draft: KANJIDIC2 readings/radical; Korean meaning draft derived from local Korean word gloss or curated KANJIDIC English fallback.
途,"[""길"",""도중""]","[""route"",""way"",""road""]","[""ト""]","[""みち""]",辵,책받침 착,162,10,kanjidic2,https://www.edrdg.org/kanjidic/kanjidic2.xml.gz,CC BY-SA 4.0,auto,1,Auto draft: KANJIDIC2 readings/radical; Korean meaning draft derived from local Korean word gloss or curated KANJIDIC English fallback.
都,"[""수도의"",""대도시의""]","[""metropolis"",""capital"",""all"",""everything""]","[""ト"",""ツ""]","[""みやこ""]",邑,고을 읍,163,11,kanjidic2,https://www.edrdg.org/kanjidic/kanjidic2.xml.gz,CC BY-SA 4.0,auto,1,Auto draft: KANJIDIC2 readings/radical; Korean meaning draft derived from local Korean word gloss or curated KANJIDIC English fallback.
努,"[""힘쓰다"",""노력하다""]","[""toil"",""diligent"",""as much as possible""]","[""ド""]","[""つと.める""]",力,힘 력,19,7,kanjidic2,https://www.edrdg.org/kanjidic/kanjidic2.xml.gz,CC BY-SA 4.0,auto,1,Auto draft: KANJIDIC2 readings/radical; Korean meaning draft derived from local Korean word gloss or curated KANJIDIC English fallback.
度,"[""자주"",""여러 번""]","[""degrees"",""occurrence"",""time"",""counter for occurrences"",""consider"",""attitude""]","[""ド"",""ト"",""タク""]","[""たび"",""-た.い""]",广,엄호 엄,53,9,kanjidic2,https://www.edrdg.org/kanjidic/kanjidic2.xml.gz,CC BY-SA 4.0,auto,1,Auto draft: KANJIDIC2 readings/radical; Korean meaning draft derived from local Korean word gloss or curated KANJIDIC English fallback.
土,"[""흙""]","[""soil"",""earth"",""ground"",""Turkey""]","[""ド"",""ト""]","[""つち""]",土,흙 토,32,3,kanjidic2,https://www.edrdg.org/kanjidic/kanjidic2.xml.gz,CC BY-SA 4.0,auto,1,Auto draft: KANJIDIC2 readings/radical; Korean meaning draft derived from local Korean word gloss or curated KANJIDIC English fallback.
奴,"[""놈"",""녀석""]","[""guy"",""slave"",""manservant"",""fellow""]","[""ド""]","[""やつ"",""やっこ""]",女,계집 녀,38,5,kanjidic2,https://www.edrdg.org/kanjidic/kanjidic2.xml.gz,CC BY-SA 4.0,auto,1,Auto draft: KANJIDIC2 readings/radical; Korean meaning draft derived from local Korean word gloss or curated KANJIDIC English fallback.
怒,"[""화나다"",""화내며 꾸짖다""]","[""angry"",""be offended""]","[""ド"",""ヌ""]","[""いか.る"",""おこ.る""]",心,마음 심,61,9,kanjidic2,https://www.edrdg.org/kanjidic/kanjidic2.xml.gz,CC BY-SA 4.0,auto,1,Auto draft: KANJIDIC2 readings/radical; Korean meaning draft derived from local Korean word gloss or curated KANJIDIC English fallback.
倒,"[""쓰러뜨리다""]","[""overthrow"",""fall"",""collapse"",""drop"",""break down""]","[""トウ""]","[""たお.れる"",""-だお.れ"",""たお.す"",""さかさま"",""さかさ"",""さかしま""]",人,사람 인,9,10,kanjidic2,https://www.edrdg.org/kanjidic/kanjidic2.xml.gz,CC BY-SA 4.0,auto,1,Auto draft: KANJIDIC2 readings/radical; Korean meaning draft derived from local Korean word gloss or curated KANJIDIC English fallback.
党,"[""당"",""파벌""]","[""party"",""faction"",""clique""]","[""トウ""]","[""なかま"",""むら""]",儿,어진사람 인,10,10,kanjidic2,https://www.edrdg.org/kanjidic/kanjidic2.xml.gz,CC BY-SA 4.0,auto,1,Auto draft: KANJIDIC2 readings/radical; Korean meaning draft derived from local Korean word gloss or curated KANJIDIC English fallback.
冬,"[""겨울""]","[""winter""]","[""トウ""]","[""ふゆ""]",冫,이 수,15,5,kanjidic2,https://www.edrdg.org/kanjidic/kanjidic2.xml.gz,CC BY-SA 4.0,auto,1,Auto draft: KANJIDIC2 readings/radical; Korean meaning draft derived from local Korean word gloss or curated KANJIDIC English fallback.
凍,"[""얼다""]","[""frozen"",""congeal"",""refrigerate""]","[""トウ""]","[""こお.る"",""こご.える"",""こご.る"",""い.てる"",""し.みる""]",冫,이 수,15,10,kanjidic2,https://www.edrdg.org/kanjidic/kanjidic2.xml.gz,CC BY-SA 4.0,auto,1,Auto draft: KANJIDIC2 readings/radical; Korean meaning draft derived from local Korean word gloss or curated KANJIDIC English fallback.
刀,"[""검""]","[""sword"",""saber"",""knife""]","[""トウ""]","[""かたな"",""そり""]",刀,칼 도,18,2,kanjidic2,https://www.edrdg.org/kanjidic/kanjidic2.xml.gz,CC BY-SA 4.0,auto,1,Auto draft: KANJIDIC2 readings/radical; Korean meaning draft derived from local Korean word gloss or curated KANJIDIC English fallback.
島,"[""섬""]","[""island""]","[""トウ""]","[""しま""]",山,뫼 산,46,10,kanjidic2,https://www.edrdg.org/kanjidic/kanjidic2.xml.gz,CC BY-SA 4.0,auto,1,Auto draft: KANJIDIC2 readings/radical; Korean meaning draft derived from local Korean word gloss or curated KANJIDIC English fallback.
投,"[""던지다""]","[""throw"",""discard"",""abandon"",""launch into"",""join"",""invest in"",""hurl"",""give up"",""sell at a loss""]","[""トウ""]","[""な.げる"",""-な.げ""]",手,손 수,64,7,kanjidic2,https://www.edrdg.org/kanjidic/kanjidic2.xml.gz,CC BY-SA 4.0,auto,1,Auto draft: KANJIDIC2 readings/radical; Korean meaning draft derived from local Korean word gloss or curated KANJIDIC English fallback.
搭,"[""타다"",""싣다""]","[""board"",""load (a vehicle)"",""ride""]","[""トウ""]",[],手,손 수,64,12,kanjidic2,https://www.edrdg.org/kanjidic/kanjidic2.xml.gz,CC BY-SA 4.0,verified,2,Human-reviewed 2026-08-19: KANJIDIC meanings and linked release vocabulary cross-checked.
東,"[""동쪽""]","[""east""]","[""トウ""]","[""ひがし""]",木,나무 목,75,8,kanjidic2,https://www.edrdg.org/kanjidic/kanjidic2.xml.gz,CC BY-SA 4.0,auto,1,Auto draft: KANJIDIC2 readings/radical; Korean meaning draft derived from local Korean word gloss or curated KANJIDIC English fallback.
盗,"[""훔치다"",""강탈하다""]","[""steal"",""rob"",""pilfer""]","[""トウ""]","[""ぬす.む"",""ぬす.み""]",皿,그릇 명,108,11,kanjidic2,https://www.edrdg.org/kanjidic/kanjidic2.xml.gz,CC BY-SA 4.0,auto,1,Auto draft: KANJIDIC2 readings/radical; Korean meaning draft derived from local Korean word gloss or curated KANJIDIC English fallback.
湯,"[""뜨거운 물"",""목욕물""]","[""hot water"",""bath"",""hot spring""]","[""トウ""]","[""ゆ""]",水,물 수,85,12,kanjidic2,https://www.edrdg.org/kanjidic/kanjidic2.xml.gz,CC BY-SA 4.0,auto,1,Auto draft: KANJIDIC2 readings/radical; Korean meaning draft derived from local Korean word gloss or curated KANJIDIC English fallback.
灯,"[""등불""]","[""lamp"",""a light"",""light"",""counter for lights""]","[""トウ""]","[""ひ"",""ほ-"",""ともしび"",""とも.す"",""あかり""]",火,불 화,86,6,kanjidic2,https://www.edrdg.org/kanjidic/kanjidic2.xml.gz,CC BY-SA 4.0,auto,1,Auto draft: KANJIDIC2 readings/radical; Korean meaning draft derived from local Korean word gloss or curated KANJIDIC English fallback.
当,"[""기대"",""목표"",""의지할 곳""]","[""hit"",""right"",""appropriate"",""himself""]","[""トウ""]","[""あ.たる"",""あ.たり"",""あ.てる"",""あ.て"",""まさ.に"",""まさ.にべし""]",彐,터진가로 왈,58,6,kanjidic2,https://www.edrdg.org/kanjidic/kanjidic2.xml.gz,CC BY-SA 4.0,auto,1,Auto draft: KANJIDIC2 readings/radical; Korean meaning draft derived from local Korean word gloss or curated KANJIDIC English fallback.
等,"[""같다"",""등급""]","[""etc."",""and so forth"",""class (first)"",""quality"",""equal"",""similar""]","[""トウ""]","[""ひと.しい"",""など"",""-ら""]",竹,대 죽,118,12,kanjidic2,https://www.edrdg.org/kanjidic/kanjidic2.xml.gz,CC BY-SA 4.0,auto,1,Auto draft: KANJIDIC2 readings/radical; Korean meaning draft derived from local Korean word gloss or curated KANJIDIC English fallback.
答,"[""답"",""대답""]","[""solution"",""answer""]","[""トウ""]","[""こた.える"",""こた.え""]",竹,대 죽,118,12,kanjidic2,https://www.edrdg.org/kanjidic/kanjidic2.xml.gz,CC BY-SA 4.0,auto,1,Auto draft: KANJIDIC2 readings/radical; Korean meaning draft derived from local Korean word gloss or curated KANJIDIC English fallback.
筒,"[""통"",""대롱""]","[""cylinder"",""pipe"",""tube"",""gun barrel"",""sleeve""]","[""トウ""]","[""つつ""]",竹,대 죽,118,12,kanjidic2,https://www.edrdg.org/kanjidic/kanjidic2.xml.gz,CC BY-SA 4.0,auto,1,Auto draft: KANJIDIC2 readings/radical; Korean meaning draft derived from local Korean word gloss or curated KANJIDIC English fallback.
糖,"[""설탕"",""당""]","[""sugar""]","[""トウ""]",[],米,쌀 미,119,16,kanjidic2,https://www.edrdg.org/kanjidic/kanjidic2.xml.gz,CC BY-SA 4.0,auto,1,Auto draft: KANJIDIC2 readings/radical; Korean meaning draft derived from local Korean word gloss or curated KANJIDIC English fallback.
統,"[""통솔하다"",""전체""]","[""overall"",""relationship"",""ruling"",""governing""]","[""トウ""]","[""す.べる""]",糸,실 사,120,12,kanjidic2,https://www.edrdg.org/kanjidic/kanjidic2.xml.gz,CC BY-SA 4.0,auto,1,Auto draft: KANJIDIC2 readings/radical; Korean meaning draft derived from local Korean word gloss or curated KANJIDIC English fallback.
到,"[""이르다"",""도달""]","[""arrival"",""proceed"",""reach"",""attain"",""result in""]","[""トウ""]","[""いた.る""]",刀,칼 도,18,8,kanjidic2,https://www.edrdg.org/kanjidic/kanjidic2.xml.gz,CC BY-SA 4.0,auto,1,Auto draft: KANJIDIC2 readings/radical; Korean meaning draft derived from local Korean word gloss or curated KANJIDIC English fallback.
董,"[""바로잡다""]","[""correct""]","[""トウ""]","[""ただ.す""]",艸,풀 초,140,12,kanjidic2,https://www.edrdg.org/kanjidic/kanjidic2.xml.gz,CC BY-SA 4.0,auto,1,Auto draft: KANJIDIC2 readings/radical; Korean meaning draft derived from local Korean word gloss or curated KANJIDIC English fallback.
討,"[""공격하다""]","[""chastise"",""attack"",""defeat"",""destroy"",""conquer""]","[""トウ""]","[""う.つ""]",言,말씀 언,149,10,kanjidic2,https://www.edrdg.org/kanjidic/kanjidic2.xml.gz,CC BY-SA 4.0,auto,1,Auto draft: KANJIDIC2 readings/radical; Korean meaning draft derived from local Korean word gloss or curated KANJIDIC English fallback.
豆,"[""콩""]","[""beans"",""pea"",""midget""]","[""トウ"",""ズ""]","[""まめ"",""まめ-""]",豆,콩 두,151,7,kanjidic2,https://www.edrdg.org/kanjidic/kanjidic2.xml.gz,CC BY-SA 4.0,auto,1,Auto draft: KANJIDIC2 readings/radical; Korean meaning draft derived from local Korean word gloss or curated KANJIDIC English fallback.
踏,"[""밟다""]","[""step"",""trample"",""carry through"",""appraise"",""evade payment""]","[""トウ""]","[""ふ.む"",""ふ.まえる""]",足,발 족,157,15,kanjidic2,https://www.edrdg.org/kanjidic/kanjidic2.xml.gz,CC BY-SA 4.0,auto,1,Auto draft: KANJIDIC2 readings/radical; Korean meaning draft derived from local Korean word gloss or curated KANJIDIC English fallback.
逃,"[""놓치다""]","[""escape"",""flee"",""shirk"",""evade"",""set free""]","[""トウ""]","[""に.げる"",""に.がす"",""のが.す"",""のが.れる""]",辵,책받침 착,162,9,kanjidic2,https://www.edrdg.org/kanjidic/kanjidic2.xml.gz,CC BY-SA 4.0,auto,1,Auto draft: KANJIDIC2 readings/radical; Korean meaning draft derived from local Korean word gloss or curated KANJIDIC English fallback.
透,"[""비쳐보이다"",""들여다보이다""]","[""transparent"",""permeate"",""filter"",""penetrate""]","[""トウ""]","[""す.く"",""す.かす"",""す.ける"",""とう.る"",""とう.す""]",辵,책받침 착,162,10,kanjidic2,https://www.edrdg.org/kanjidic/kanjidic2.xml.gz,CC BY-SA 4.0,auto,1,Auto draft: KANJIDIC2 readings/radical; Korean meaning draft derived from local Korean word gloss or curated KANJIDIC English fallback.
陶,"[""도기"",""도자기""]","[""pottery"",""porcelain""]","[""トウ""]","[""すえ""]",阜,언덕 부,170,11,kanjidic2,https://www.edrdg.org/kanjidic/kanjidic2.xml.gz,CC BY-SA 4.0,auto,1,Auto draft: KANJIDIC2 readings/radical; Korean meaning draft derived from local Korean word gloss or curated KANJIDIC English fallback.
頭,"[""머리""]","[""head"",""counter for large animals""]","[""トウ"",""ズ"",""ト""]","[""あたま"",""かしら"",""-がしら"",""かぶり""]",頁,머리 혈,181,16,kanjidic2,https://www.edrdg.org/kanjidic/kanjidic2.xml.gz,CC BY-SA 4.0,auto,1,Auto draft: KANJIDIC2 readings/radical; Korean meaning draft derived from local Korean word gloss or curated KANJIDIC English fallback.
騰,"[""오르다"",""뛰어오르다""]","[""leaping up"",""jumping up"",""rising"",""advancing"",""going""]","[""トウ""]","[""あが.る"",""のぼ.る""]",馬,말 마,187,20,kanjidic2,https://www.edrdg.org/kanjidic/kanjidic2.xml.gz,CC BY-SA 4.0,auto,1,Auto draft: KANJIDIC2 readings/radical; Korean meaning draft derived from local Korean word gloss or curated KANJIDIC English fallback.
闘,"[""싸우다""]","[""fight"",""war""]","[""トウ""]","[""たたか.う"",""あらそ.う""]",門,문 문,169,18,kanjidic2,https://www.edrdg.org/kanjidic/kanjidic2.xml.gz,CC BY-SA 4.0,auto,1,Auto draft: KANJIDIC2 readings/radical; Korean meaning draft derived from local Korean word gloss or curated KANJIDIC English fallback.
働,"[""일하다""]","[""work"",""(kokuji)""]","[""ドウ""]","[""はたら.く""]",人,사람 인,9,13,kanjidic2,https://www.edrdg.org/kanjidic/kanjidic2.xml.gz,CC BY-SA 4.0,auto,1,Auto draft: KANJIDIC2 readings/radical; Korean meaning draft derived from local Korean word gloss or curated KANJIDIC English fallback.
動,"[""움직이다"",""작동하다""]","[""move"",""motion"",""change"",""confusion"",""shift"",""shake""]","[""ドウ""]","[""うご.く"",""うご.かす""]",力,힘 력,19,11,kanjidic2,https://www.edrdg.org/kanjidic/kanjidic2.xml.gz,CC BY-SA 4.0,auto,1,Auto draft: KANJIDIC2 readings/radical; Korean meaning draft derived from local Korean word gloss or curated KANJIDIC English fallback.
同,"[""같음"",""동일함""]","[""same"",""agree"",""equal""]","[""ドウ""]","[""おな.じ""]",口,입 구,30,6,kanjidic2,https://www.edrdg.org/kanjidic/kanjidic2.xml.gz,CC BY-SA 4.0,auto,1,Auto draft: KANJIDIC2 readings/radical; Korean meaning draft derived from local Korean word gloss or curated KANJIDIC English fallback.
堂,"[""훌륭한"",""웅장한""]","[""public chamber"",""hall""]","[""ドウ""]",[],土,흙 토,32,11,kanjidic2,https://www.edrdg.org/kanjidic/kanjidic2.xml.gz,CC BY-SA 4.0,auto,1,Auto draft: KANJIDIC2 readings/radical; Korean meaning draft derived from local Korean word gloss or curated KANJIDIC English fallback.
導,"[""이끌다"",""인도하다""]","[""guidance"",""leading"",""conduct"",""usher""]","[""ドウ""]","[""みちび.く""]",寸,마디 촌,41,15,kanjidic2,https://www.edrdg.org/kanjidic/kanjidic2.xml.gz,CC BY-SA 4.0,auto,1,Auto draft: KANJIDIC2 readings/radical; Korean meaning draft derived from local Korean word gloss or curated KANJIDIC English fallback.
憧,"[""동경"",""그리움""]","[""yearn after"",""long for"",""aspire to"",""admire"",""adore""]","[""ショウ"",""トウ"",""ドウ""]","[""あこが.れる""]",心,마음 심,61,15,kanjidic2,https://www.edrdg.org/kanjidic/kanjidic2.xml.gz,CC BY-SA 4.0,auto,1,Auto draft: KANJIDIC2 readings/radical; Korean meaning draft derived from local Korean word gloss or curated KANJIDIC English fallback.
瞳,"[""눈동자"",""동공""]","[""pupil (of eye)""]","[""ドウ"",""トウ""]","[""ひとみ""]",目,눈 목,109,17,kanjidic2,https://www.edrdg.org/kanjidic/kanjidic2.xml.gz,CC BY-SA 4.0,auto,1,Auto draft: KANJIDIC2 readings/radical; Korean meaning draft derived from local Korean word gloss or curated KANJIDIC English fallback.
童,"[""아이""]","[""juvenile"",""child""]","[""ドウ""]","[""わらべ""]",立,설 립,117,12,kanjidic2,https://www.edrdg.org/kanjidic/kanjidic2.xml.gz,CC BY-SA 4.0,auto,1,Auto draft: KANJIDIC2 readings/radical; Korean meaning draft derived from local Korean word gloss or curated KANJIDIC English fallback.
胴,"[""몸통"",""동체""]","[""trunk"",""torso"",""hull (ship)"",""hub of wheel""]","[""ドウ""]",[],肉,고기 육,130,10,kanjidic2,https://www.edrdg.org/kanjidic/kanjidic2.xml.gz,CC BY-SA 4.0,auto,2,Auto draft: KANJIDIC2 readings/radical; Korean meaning draft derived from local Korean word gloss or curated KANJIDIC English fallback.
道,"[""길""]","[""road-way"",""street"",""district"",""journey"",""course"",""moral"",""teachings""]","[""ドウ"",""トウ""]","[""みち"",""いう""]",辵,책받침 착,162,12,kanjidic2,https://www.edrdg.org/kanjidic/kanjidic2.xml.gz,CC BY-SA 4.0,auto,1,Auto draft: KANJIDIC2 readings/radical; Korean meaning draft derived from local Korean word gloss or curated KANJIDIC English fallback.
銅,"[""구리"",""동""]","[""copper""]","[""ドウ""]","[""あかがね""]",金,쇠 금,167,14,kanjidic2,https://www.edrdg.org/kanjidic/kanjidic2.xml.gz,CC BY-SA 4.0,auto,1,Auto draft: KANJIDIC2 readings/radical; Korean meaning draft derived from local Korean word gloss or curated KANJIDIC English fallback.
峠,"[""고개"",""산길""]","[""mountain peak"",""mountain pass"",""climax"",""crest"",""(kokuji)""]",[],"[""とうげ""]",山,뫼 산,46,9,kanjidic2,https://www.edrdg.org/kanjidic/kanjidic2.xml.gz,CC BY-SA 4.0,auto,1,Auto draft: KANJIDIC2 readings/radical; Korean meaning draft derived from local Korean word gloss or curated KANJIDIC English fallback.
匿,"[""숨기다"",""감추다""]","[""hide"",""shelter"",""shield""]","[""トク""]","[""かくま.う""]",匸,감출 혜,23,10,kanjidic2,https://www.edrdg.org/kanjidic/kanjidic2.xml.gz,CC BY-SA 4.0,verified,2,Human-reviewed 2026-08-19: KANJIDIC meanings and linked release vocabulary cross-checked.
得,"[""얻다"",""획득하다""]","[""gain"",""get"",""find"",""earn"",""acquire"",""can"",""may"",""able to"",""profit"",""advantage"",""benefit""]","[""トク""]","[""え.る"",""う.る""]",彳,두인변 척,60,11,kanjidic2,https://www.edrdg.org/kanjidic/kanjidic2.xml.gz,CC BY-SA 4.0,auto,1,Auto draft: KANJIDIC2 readings/radical; Korean meaning draft derived from local Korean word gloss or curated KANJIDIC English fallback.
特,"[""특히""]","[""special""]","[""トク""]",[],牛,소 우,93,10,kanjidic2,https://www.edrdg.org/kanjidic/kanjidic2.xml.gz,CC BY-SA 4.0,auto,1,Auto draft: KANJIDIC2 readings/radical; Korean meaning draft derived from local Korean word gloss or curated KANJIDIC English fallback.
督,"[""감독하다"",""재촉하다""]","[""coach"",""command"",""urge"",""lead"",""supervise""]","[""トク""]",[],目,눈 목,109,13,kanjidic2,https://www.edrdg.org/kanjidic/kanjidic2.xml.gz,CC BY-SA 4.0,auto,1,Auto draft: KANJIDIC2 readings/radical; Korean meaning draft derived from local Korean word gloss or curated KANJIDIC English fallback.
毒,"[""독"",""독극물""]","[""poison"",""virus"",""venom"",""germ"",""harm"",""injury"",""spite""]","[""ドク""]",[],毋,말 무,80,8,kanjidic2,https://www.edrdg.org/kanjidic/kanjidic2.xml.gz,CC BY-SA 4.0,auto,1,Auto draft: KANJIDIC2 readings/radical; Korean meaning draft derived from local Korean word gloss or curated KANJIDIC English fallback.
独,"[""홀로"",""독일""]","[""single"",""alone"",""spontaneously"",""Germany""]","[""ドク"",""トク""]","[""ひと.り""]",犬,개 견,94,9,kanjidic2,https://www.edrdg.org/kanjidic/kanjidic2.xml.gz,CC BY-SA 4.0,auto,1,Auto draft: KANJIDIC2 readings/radical; Korean meaning draft derived from local Korean word gloss or curated KANJIDIC English fallback.
読,"[""읽다""]","[""read""]","[""ドク"",""トク"",""トウ""]","[""よ.む"",""-よ.み""]",言,말씀 언,149,14,kanjidic2,https://www.edrdg.org/kanjidic/kanjidic2.xml.gz,CC BY-SA 4.0,auto,1,Auto draft: KANJIDIC2 readings/radical; Korean meaning draft derived from local Korean word gloss or curated KANJIDIC English fallback.
凸,"[""볼록함""]","[""convex"",""beetle brow"",""uneven""]","[""トツ""]","[""でこ""]",凵,위터진입 구,17,5,kanjidic2,https://www.edrdg.org/kanjidic/kanjidic2.xml.gz,CC BY-SA 4.0,auto,1,Auto draft: KANJIDIC2 readings/radical; Korean meaning draft derived from local Korean word gloss or curated KANJIDIC English fallback.
突,"[""찌르다"",""쿡쿡 찌르다""]","[""stab"",""protruding"",""thrust"",""pierce"",""prick"",""collision"",""sudden""]","[""トツ"",""カ""]","[""つ.く""]",穴,구멍 혈,116,8,kanjidic2,https://www.edrdg.org/kanjidic/kanjidic2.xml.gz,CC BY-SA 4.0,auto,1,Auto draft: KANJIDIC2 readings/radical; Korean meaning draft derived from local Korean word gloss or curated KANJIDIC English fallback.
届,"[""신고(서)""]","[""deliver"",""reach"",""arrive"",""report"",""notify"",""forward""]","[""カイ""]","[""とど.ける"",""-とど.け"",""とど.く""]",尸,주검 시,44,8,kanjidic2,https://www.edrdg.org/kanjidic/kanjidic2.xml.gz,CC BY-SA 4.0,auto,1,Auto draft: KANJIDIC2 readings/radical; Korean meaning draft derived from local Korean word gloss or curated KANJIDIC English fallback.
呑,"[""마시다"",""삼키다""]","[""drink""]","[""トン"",""ドン""]","[""の.む""]",口,입 구,30,7,kanjidic2,https://www.edrdg.org/kanjidic/kanjidic2.xml.gz,CC BY-SA 4.0,auto,1,Auto draft: KANJIDIC2 readings/radical; Korean meaning draft derived from local Korean word gloss or curated KANJIDIC English fallback.
曇,"[""흐림""]","[""cloudy weather"",""cloud up""]","[""ドン""]","[""くも.る""]",日,날 일,72,16,kanjidic2,https://www.edrdg.org/kanjidic/kanjidic2.xml.gz,CC BY-SA 4.0,auto,2,Auto draft: KANJIDIC2 readings/radical; Korean meaning draft derived from local Korean word gloss or curated KANJIDIC English fallback.
鈍,"[""둔하다"",""무디다"",""느리다""]","[""dull"",""slow"",""foolish"",""blunt""]","[""ドン""]","[""にぶ.い"",""にぶ.る"",""にぶ-"",""なま.る"",""なまく.ら""]",金,쇠 금,167,12,kanjidic2,https://www.edrdg.org/kanjidic/kanjidic2.xml.gz,CC BY-SA 4.0,auto,1,Auto draft: KANJIDIC2 readings/radical; Korean meaning draft derived from local Korean word gloss or curated KANJIDIC English fallback.
那,"[""무엇"",""어찌""]","[""what?""]","[""ナ"",""ダ""]","[""なに"",""なんぞ"",""いかん""]",邑,고을 읍,163,7,kanjidic2,https://www.edrdg.org/kanjidic/kanjidic2.xml.gz,CC BY-SA 4.0,auto,1,Auto draft: KANJIDIC2 readings/radical; Korean meaning draft derived from local Korean word gloss or curated KANJIDIC English fallback.
内,"[""~이내"",""안쪽""]","[""inside"",""within"",""between"",""among"",""house"",""home""]","[""ナイ"",""ダイ""]","[""うち""]",冂,멀 경,13,4,kanjidic2,https://www.edrdg.org/kanjidic/kanjidic2.xml.gz,CC BY-SA 4.0,auto,1,Auto draft: KANJIDIC2 readings/radical; Korean meaning draft derived from local Korean word gloss or curated KANJIDIC English fallback.
謎,"[""수수께끼"",""불가사의""]","[""riddle"",""puzzle"",""enigma"",""hint"",""tip""]","[""メイ"",""ベイ""]","[""なぞ""]",言,말씀 언,149,16,kanjidic2,https://www.edrdg.org/kanjidic/kanjidic2.xml.gz,CC BY-SA 4.0,verified,10,Human-reviewed 2026-08-22: KANJIDIC English + JLPT usage cross-check; semantic-review draft confirmed.
馴,"[""익숙해지다"",""길들다""]","[""get used to"",""experienced"",""tamed""]","[""ジュン"",""シュン"",""クン""]","[""な.れる"",""な.らす"",""したが.う""]",馬,말 마,187,13,kanjidic2,https://www.edrdg.org/kanjidic/kanjidic2.xml.gz,CC BY-SA 4.0,auto,2,Auto draft: KANJIDIC2 readings/radical; Korean meaning draft derived from local Korean word gloss or curated KANJIDIC English fallback.
南,"[""남(쪽)""]","[""south""]","[""ナン"",""ナ""]","[""みなみ""]",十,열 십,24,9,kanjidic2,https://www.edrdg.org/kanjidic/kanjidic2.xml.gz,CC BY-SA 4.0,auto,1,Auto draft: KANJIDIC2 readings/radical; Korean meaning draft derived from local Korean word gloss or curated KANJIDIC English fallback.
軟,"[""부드럽다""]","[""soft""]","[""ナン""]","[""やわ.らか"",""やわ.らかい""]",車,수레 거,159,11,kanjidic2,https://www.edrdg.org/kanjidic/kanjidic2.xml.gz,CC BY-SA 4.0,auto,1,Auto draft: KANJIDIC2 readings/radical; Korean meaning draft derived from local Korean word gloss or curated KANJIDIC English fallback.
難,"[""어렵다"",""재난""]","[""difficult"",""impossible"",""trouble"",""accident"",""defect""]","[""ナン""]","[""かた.い"",""-がた.い"",""むずか.しい"",""むづか.しい"",""むつか.しい"",""-にく.い""]",隹,새 추,172,18,kanjidic2,https://www.edrdg.org/kanjidic/kanjidic2.xml.gz,CC BY-SA 4.0,auto,1,Auto draft: KANJIDIC2 readings/radical; Korean meaning draft derived from local Korean word gloss or curated KANJIDIC English fallback.
二,"[""둘""]","[""two"",""two radical (no. 7)""]","[""ニ"",""ジ""]","[""ふた"",""ふた.つ"",""ふたたび""]",二,두 이,7,2,kanjidic2,https://www.edrdg.org/kanjidic/kanjidic2.xml.gz,CC BY-SA 4.0,verified,10,Human-reviewed 2026-08-22: KANJIDIC English + JLPT usage cross-check; semantic-review draft confirmed.
匂,"[""냄새""]","[""fragrant"",""stink"",""glow"",""insinuate"",""(kokuji)""]",[],"[""にお.う"",""にお.い"",""にお.わせる""]",勹,쌀 포,20,4,kanjidic2,https://www.edrdg.org/kanjidic/kanjidic2.xml.gz,CC BY-SA 4.0,auto,1,Auto draft: KANJIDIC2 readings/radical; Korean meaning draft derived from local Korean word gloss or curated KANJIDIC English fallback.
賑,"[""번화하다""]","[""flourish"",""be bustling"",""prosperity""]","[""シン""]","[""にぎ.わい"",""にぎ.やか"",""にぎ.わす"",""にぎ.わう""]",貝,조개 패,154,14,kanjidic2,https://www.edrdg.org/kanjidic/kanjidic2.xml.gz,CC BY-SA 4.0,auto,1,Auto draft: KANJIDIC2 readings/radical; Korean meaning draft derived from local Korean word gloss or curated KANJIDIC English fallback.
肉,"[""고기"",""살""]","[""meat""]","[""ニク""]","[""しし""]",肉,고기 육,130,6,kanjidic2,https://www.edrdg.org/kanjidic/kanjidic2.xml.gz,CC BY-SA 4.0,auto,1,Auto draft: KANJIDIC2 readings/radical; Korean meaning draft derived from local Korean word gloss or curated KANJIDIC English fallback.
虹,"[""무지개""]","[""rainbow""]","[""コウ""]","[""にじ""]",虫,벌레 충,142,9,kanjidic2,https://www.edrdg.org/kanjidic/kanjidic2.xml.gz,CC BY-SA 4.0,auto,1,Auto draft: KANJIDIC2 readings/radical; Korean meaning draft derived from local Korean word gloss or curated KANJIDIC English fallback.
日,"[""태양"",""햇빛"",""날""]","[""day"",""sun"",""Japan"",""counter for days""]","[""ニチ"",""ジツ""]","[""ひ"",""-び"",""-か""]",日,날 일,72,4,kanjidic2,https://www.edrdg.org/kanjidic/kanjidic2.xml.gz,CC BY-SA 4.0,auto,1,Auto draft: KANJIDIC2 readings/radical; Korean meaning draft derived from local Korean word gloss or curated KANJIDIC English fallback.
乳,"[""젖"",""유방""]","[""milk"",""breasts""]","[""ニュウ""]","[""ちち"",""ち""]",乙,새 을,5,8,kanjidic2,https://www.edrdg.org/kanjidic/kanjidic2.xml.gz,CC BY-SA 4.0,auto,1,Auto draft: KANJIDIC2 readings/radical; Korean meaning draft derived from local Korean word gloss or curated KANJIDIC English fallback.
入,"[""들어가다"",""넣다""]","[""enter"",""insert""]","[""ニュウ"",""ジュ""]","[""い.る"",""-い.る"",""-い.り"",""い.れる"",""-い.れ"",""はい.る""]",入,들 입,11,2,kanjidic2,https://www.edrdg.org/kanjidic/kanjidic2.xml.gz,CC BY-SA 4.0,verified,10,Human-reviewed 2026-08-22: KANJIDIC English + JLPT usage cross-check; semantic-review draft confirmed.
如,"[""같다"",""만약""]","[""likeness"",""like"",""such as"",""as if"",""better"",""best"",""equal""]","[""ジョ"",""ニョ""]","[""ごと.し""]",女,계집 녀,38,6,kanjidic2,https://www.edrdg.org/kanjidic/kanjidic2.xml.gz,CC BY-SA 4.0,auto,1,Auto draft: KANJIDIC2 readings/radical; Korean meaning draft derived from local Korean word gloss or curated KANJIDIC English fallback.
尿,"[""소변""]","[""urine""]","[""ニョウ""]","[""ゆばり"",""いばり"",""しと""]",尸,주검 시,44,7,kanjidic2,https://www.edrdg.org/kanjidic/kanjidic2.xml.gz,CC BY-SA 4.0,auto,1,Auto draft: KANJIDIC2 readings/radical; Korean meaning draft derived from local Korean word gloss or curated KANJIDIC English fallback.
任,"[""맡기다""]","[""responsibility"",""duty"",""term"",""entrust to"",""appoint""]","[""ニン""]","[""まか.せる"",""まか.す""]",人,사람 인,9,6,kanjidic2,https://www.edrdg.org/kanjidic/kanjidic2.xml.gz,CC BY-SA 4.0,auto,1,Auto draft: KANJIDIC2 readings/radical; Korean meaning draft derived from local Korean word gloss or curated KANJIDIC English fallback.
妊,"[""임신하다"",""아이를 배다""]","[""pregnancy""]","[""ニン"",""ジン""]","[""はら.む"",""みごも.る""]",女,계집 녀,38,7,kanjidic2,https://www.edrdg.org/kanjidic/kanjidic2.xml.gz,CC BY-SA 4.0,verified,10,Human-reviewed 2026-08-22: KANJIDIC English + JLPT usage cross-check; semantic-review draft confirmed.
忍,"[""숨다"",""견디다""]","[""endure"",""bear"",""put up with"",""conceal"",""secrete"",""spy"",""sneak""]","[""ニン""]","[""しの.ぶ"",""しの.ばせる""]",心,마음 심,61,7,kanjidic2,https://www.edrdg.org/kanjidic/kanjidic2.xml.gz,CC BY-SA 4.0,auto,2,Auto draft: KANJIDIC2 readings/radical; Korean meaning draft derived from local Korean word gloss or curated KANJIDIC English fallback.
認,"[""인정하다"",""알아차리다""]","[""acknowledge"",""witness"",""discern"",""recognize"",""appreciate"",""believe""]","[""ニン""]","[""みと.める"",""したた.める""]",言,말씀 언,149,14,kanjidic2,https://www.edrdg.org/kanjidic/kanjidic2.xml.gz,CC BY-SA 4.0,auto,1,Auto draft: KANJIDIC2 readings/radical; Korean meaning draft derived from local Korean word gloss or curated KANJIDIC English fallback.
濡,"[""젖다""]","[""get wet"",""damp"",""make love""]","[""ジュ"",""ニュ""]","[""ぬれ.る"",""ぬら.す"",""ぬ.れる"",""ぬ.らす"",""うるお.い"",""うるお.う"",""うるお.す""]",水,물 수,85,17,kanjidic2,https://www.edrdg.org/kanjidic/kanjidic2.xml.gz,CC BY-SA 4.0,auto,1,Auto draft: KANJIDIC2 readings/radical; Korean meaning draft derived from local Korean word gloss or curated KANJIDIC English fallback.
寧,"[""오히려"",""꽤"",""더 나은""]","[""rather"",""preferably"",""peaceful"",""quiet"",""tranquility""]","[""ネイ""]","[""むし.ろ""]",宀,갓머리 면,40,14,kanjidic2,https://www.edrdg.org/kanjidic/kanjidic2.xml.gz,CC BY-SA 4.0,auto,1,Auto draft: KANJIDIC2 readings/radical; Korean meaning draft derived from local Korean word gloss or curated KANJIDIC English fallback.
猫,"[""고양이""]","[""cat""]","[""ビョウ""]","[""ねこ""]",犬,개 견,94,11,kanjidic2,https://www.edrdg.org/kanjidic/kanjidic2.xml.gz,CC BY-SA 4.0,auto,1,Auto draft: KANJIDIC2 readings/radical; Korean meaning draft derived from local Korean word gloss or curated KANJIDIC English fallback.
熱,"[""열""]","[""heat"",""temperature"",""fever"",""mania"",""passion""]","[""ネツ""]","[""あつ.い""]",火,불 화,86,15,kanjidic2,https://www.edrdg.org/kanjidic/kanjidic2.xml.gz,CC BY-SA 4.0,auto,1,Auto draft: KANJIDIC2 readings/radical; Korean meaning draft derived from local Korean word gloss or curated KANJIDIC English fallback.
年,"[""해"",""나이""]","[""year"",""counter for years""]","[""ネン""]","[""とし""]",干,방패 간,51,6,kanjidic2,https://www.edrdg.org/kanjidic/kanjidic2.xml.gz,CC BY-SA 4.0,auto,1,Auto draft: KANJIDIC2 readings/radical; Korean meaning draft derived from local Korean word gloss or curated KANJIDIC English fallback.
念,"[""생각"",""마음"",""주의""]","[""wish"",""sense"",""idea"",""thought"",""feeling"",""desire"",""attention""]","[""ネン""]",[],心,마음 심,61,8,kanjidic2,https://www.edrdg.org/kanjidic/kanjidic2.xml.gz,CC BY-SA 4.0,auto,1,Auto draft: KANJIDIC2 readings/radical; Korean meaning draft derived from local Korean word gloss or curated KANJIDIC English fallback.
燃,"[""타다""]","[""burn"",""blaze"",""glow""]","[""ネン""]","[""も.える"",""も.やす"",""も.す""]",火,불 화,86,16,kanjidic2,https://www.edrdg.org/kanjidic/kanjidic2.xml.gz,CC BY-SA 4.0,auto,1,Auto draft: KANJIDIC2 readings/radical; Korean meaning draft derived from local Korean word gloss or curated KANJIDIC English fallback.
粘,"[""끈기"",""점성""]","[""sticky"",""glutinous"",""greasy"",""persevere""]","[""ネン""]","[""ねば.る""]",米,쌀 미,119,11,kanjidic2,https://www.edrdg.org/kanjidic/kanjidic2.xml.gz,CC BY-SA 4.0,auto,1,Auto draft: KANJIDIC2 readings/radical; Korean meaning draft derived from local Korean word gloss or curated KANJIDIC English fallback.
乃,"[""이에"",""곧"",""의""]","[""from"",""possessive particle"",""whereupon"",""accordingly""]","[""ナイ"",""ダイ"",""ノ"",""アイ""]","[""の"",""すなわ.ち"",""なんじ""]",丿,삐침 별,4,2,kanjidic2,https://www.edrdg.org/kanjidic/kanjidic2.xml.gz,CC BY-SA 4.0,verified,10,Human-reviewed 2026-08-22: KANJIDIC English + JLPT usage cross-check; semantic-review draft confirmed.
悩,"[""고민하다""]","[""trouble"",""worry"",""in pain"",""distress"",""illness""]","[""ノウ""]","[""なや.む"",""なや.ます"",""なや.ましい"",""なやみ""]",心,마음 심,61,10,kanjidic2,https://www.edrdg.org/kanjidic/kanjidic2.xml.gz,CC BY-SA 4.0,auto,1,Auto draft: KANJIDIC2 readings/radical; Korean meaning draft derived from local Korean word gloss or curated KANJIDIC English fallback.
濃,"[""짙다"",""진하다"",""농도가 높다""]","[""concentrated"",""thick"",""dark"",""undiluted""]","[""ノウ""]","[""こ.い""]",水,물 수,85,16,kanjidic2,https://www.edrdg.org/kanjidic/kanjidic2.xml.gz,CC BY-SA 4.0,auto,1,Auto draft: KANJIDIC2 readings/radical; Korean meaning draft derived from local Korean word gloss or curated KANJIDIC English fallback.
納,"[""납입하다""]","[""settlement"",""obtain"",""reap"",""pay"",""supply"",""store""]","[""ノウ"",""ナッ"",""ナ"",""ナン"",""トウ""]","[""おさ.める"",""-おさ.める"",""おさ.まる""]",糸,실 사,120,10,kanjidic2,https://www.edrdg.org/kanjidic/kanjidic2.xml.gz,CC BY-SA 4.0,auto,1,Auto draft: KANJIDIC2 readings/radical; Korean meaning draft derived from local Korean word gloss or curated KANJIDIC English fallback.
能,"[""능력"",""재능""]","[""ability"",""talent"",""skill"",""capacity""]","[""ノウ""]","[""よ.く"",""あた.う""]",肉,고기 육,130,10,kanjidic2,https://www.edrdg.org/kanjidic/kanjidic2.xml.gz,CC BY-SA 4.0,auto,1,Auto draft: KANJIDIC2 readings/radical; Korean meaning draft derived from local Korean word gloss or curated KANJIDIC English fallback.
脳,"[""뇌"",""기억""]","[""brain"",""memory""]","[""ノウ"",""ドウ""]","[""のうずる""]",肉,고기 육,130,11,kanjidic2,https://www.edrdg.org/kanjidic/kanjidic2.xml.gz,CC BY-SA 4.0,auto,1,Auto draft: KANJIDIC2 readings/radical; Korean meaning draft derived from local Korean word gloss or curated KANJIDIC English fallback.
農,"[""농업"",""농부""]","[""agriculture"",""farmers""]","[""ノウ""]",[],辰,별 진,161,13,kanjidic2,https://www.edrdg.org/kanjidic/kanjidic2.xml.gz,CC BY-SA 4.0,auto,1,Auto draft: KANJIDIC2 readings/radical; Korean meaning draft derived from local Korean word gloss or curated KANJIDIC English fallback.
把,"[""잡다"",""묶음""]","[""grasp"",""faggot"",""bunch"",""counter for bundles""]","[""ハ"",""ワ""]",[],手,손 수,64,7,kanjidic2,https://www.edrdg.org/kanjidic/kanjidic2.xml.gz,CC BY-SA 4.0,auto,1,Auto draft: KANJIDIC2 readings/radical; Korean meaning draft derived from local Korean word gloss or curated KANJIDIC English fallback.
波,"[""파도""]","[""waves"",""billows"",""Poland""]","[""ハ""]","[""なみ""]",水,물 수,85,8,kanjidic2,https://www.edrdg.org/kanjidic/kanjidic2.xml.gz,CC BY-SA 4.0,auto,1,Auto draft: KANJIDIC2 readings/radical; Korean meaning draft derived from local Korean word gloss or curated KANJIDIC English fallback.
派,"[""파"",""파벌""]","[""faction"",""group"",""party"",""clique"",""sect"",""school""]","[""ハ""]",[],水,물 수,85,9,kanjidic2,https://www.edrdg.org/kanjidic/kanjidic2.xml.gz,CC BY-SA 4.0,auto,1,Auto draft: KANJIDIC2 readings/radical; Korean meaning draft derived from local Korean word gloss or curated KANJIDIC English fallback.
破,"[""깨다"",""찢다"",""어기다""]","[""rend"",""rip"",""tear"",""break"",""destroy"",""defeat"",""frustrate""]","[""ハ""]","[""やぶ.る"",""やぶ.れる"",""わ.れる""]",石,돌 석,112,10,kanjidic2,https://www.edrdg.org/kanjidic/kanjidic2.xml.gz,CC BY-SA 4.0,auto,1,Auto draft: KANJIDIC2 readings/radical; Korean meaning draft derived from local Korean word gloss or curated KANJIDIC English fallback.
罵,"[""욕하다"",""매도하다""]","[""abuse"",""insult""]","[""バ""]","[""ののし.る""]",网,그물 망,122,15,kanjidic2,https://www.edrdg.org/kanjidic/kanjidic2.xml.gz,CC BY-SA 4.0,auto,1,Auto draft: KANJIDIC2 readings/radical; Korean meaning draft derived from local Korean word gloss or curated KANJIDIC English fallback.
馬,"[""말""]","[""horse""]","[""バ""]","[""うま"",""うま-"",""ま""]",馬,말 마,187,10,kanjidic2,https://www.edrdg.org/kanjidic/kanjidic2.xml.gz,CC BY-SA 4.0,auto,1,Auto draft: KANJIDIC2 readings/radical; Korean meaning draft derived from local Korean word gloss or curated KANJIDIC English fallback.
俳,"[""배우"",""하이쿠""]","[""haiku"",""actor""]","[""ハイ""]",[],人,사람 인,9,10,kanjidic2,https://www.edrdg.org/kanjidic/kanjidic2.xml.gz,CC BY-SA 4.0,auto,1,Auto draft: KANJIDIC2 readings/radical; Korean meaning draft derived from local Korean word gloss or curated KANJIDIC English fallback.
廃,"[""쇠퇴하다""]","[""abolish"",""obsolete"",""cessation"",""discarding"",""abandon""]","[""ハイ""]","[""すた.れる"",""すた.る""]",广,엄호 엄,53,12,kanjidic2,https://www.edrdg.org/kanjidic/kanjidic2.xml.gz,CC BY-SA 4.0,auto,1,Auto draft: KANJIDIC2 readings/radical; Korean meaning draft derived from local Korean word gloss or curated KANJIDIC English fallback.
拝,"[""절하다"",""경배하다""]","[""worship"",""adore"",""pray to""]","[""ハイ""]","[""おが.む"",""おろが.む""]",手,손 수,64,8,kanjidic2,https://www.edrdg.org/kanjidic/kanjidic2.xml.gz,CC BY-SA 4.0,auto,1,Auto draft: KANJIDIC2 readings/radical; Korean meaning draft derived from local Korean word gloss or curated KANJIDIC English fallback.
排,"[""배척하다"",""줄 세우다""]","[""repudiate"",""exclude"",""expel"",""reject"",""line up"",""arrange""]","[""ハイ""]",[],手,손 수,64,11,kanjidic2,https://www.edrdg.org/kanjidic/kanjidic2.xml.gz,CC BY-SA 4.0,auto,1,Auto draft: KANJIDIC2 readings/radical; Korean meaning draft derived from local Korean word gloss or curated KANJIDIC English fallback.
敗,"[""패배"",""실패""]","[""failure"",""defeat"",""reversal""]","[""ハイ""]","[""やぶ.れる""]",攴,둥글월 문,66,11,kanjidic2,https://www.edrdg.org/kanjidic/kanjidic2.xml.gz,CC BY-SA 4.0,auto,1,Auto draft: KANJIDIC2 readings/radical; Korean meaning draft derived from local Korean word gloss or curated KANJIDIC English fallback.
杯,"[""술잔"",""잔""]","[""counter for cupfuls"",""wine glass"",""glass"",""toast""]","[""ハイ""]","[""さかずき""]",木,나무 목,75,8,kanjidic2,https://www.edrdg.org/kanjidic/kanjidic2.xml.gz,CC BY-SA 4.0,auto,1,Auto draft: KANJIDIC2 readings/radical; Korean meaning draft derived from local Korean word gloss or curated KANJIDIC English fallback.
背,"[""등지다"",""어기다""]","[""stature"",""height"",""back"",""behind"",""disobey"",""defy"",""go back on"",""rebel""]","[""ハイ""]","[""せ"",""せい"",""そむ.く"",""そむ.ける""]",肉,고기 육,130,9,kanjidic2,https://www.edrdg.org/kanjidic/kanjidic2.xml.gz,CC BY-SA 4.0,auto,1,Auto draft: KANJIDIC2 readings/radical; Korean meaning draft derived from local Korean word gloss or curated KANJIDIC English fallback.
輩,"[""무리"",""동료""]","[""comrade"",""fellow"",""people"",""companions""]","[""ハイ""]","[""-ばら"",""やから"",""やかい"",""ともがら""]",車,수레 거,159,15,kanjidic2,https://www.edrdg.org/kanjidic/kanjidic2.xml.gz,CC BY-SA 4.0,auto,1,Auto draft: KANJIDIC2 readings/radical; Korean meaning draft derived from local Korean word gloss or curated KANJIDIC English fallback.
配,"[""나눠주다""]","[""distribute"",""spouse"",""exile"",""rationing""]","[""ハイ""]","[""くば.る""]",酉,닭 유,164,10,kanjidic2,https://www.edrdg.org/kanjidic/kanjidic2.xml.gz,CC BY-SA 4.0,auto,1,Auto draft: KANJIDIC2 readings/radical; Korean meaning draft derived from local Korean word gloss or curated KANJIDIC English fallback.
倍,"[""두 배""]","[""double"",""twice"",""times"",""fold""]","[""バイ""]",[],人,사람 인,9,10,kanjidic2,https://www.edrdg.org/kanjidic/kanjidic2.xml.gz,CC BY-SA 4.0,auto,1,Auto draft: KANJIDIC2 readings/radical; Korean meaning draft derived from local Korean word gloss or curated KANJIDIC English fallback.
培,"[""기르다"",""배양하다""]","[""cultivate"",""foster""]","[""バイ""]","[""つちか.う""]",土,흙 토,32,11,kanjidic2,https://www.edrdg.org/kanjidic/kanjidic2.xml.gz,CC BY-SA 4.0,auto,1,Auto draft: KANJIDIC2 readings/radical; Korean meaning draft derived from local Korean word gloss or curated KANJIDIC English fallback.
梅,"[""매실"",""매화"",""하급""]","[""plum""]","[""バイ""]","[""うめ""]",木,나무 목,75,10,kanjidic2,https://www.edrdg.org/kanjidic/kanjidic2.xml.gz,CC BY-SA 4.0,auto,1,Auto draft: KANJIDIC2 readings/radical; Korean meaning draft derived from local Korean word gloss or curated KANJIDIC English fallback.
買,"[""사다"",""구입하다""]","[""buy""]","[""バイ""]","[""か.う""]",貝,조개 패,154,12,kanjidic2,https://www.edrdg.org/kanjidic/kanjidic2.xml.gz,CC BY-SA 4.0,auto,1,Auto draft: KANJIDIC2 readings/radical; Korean meaning draft derived from local Korean word gloss or curated KANJIDIC English fallback.
売,"[""팔다""]","[""sell""]","[""バイ""]","[""う.る"",""う.れる""]",士,선비 사,33,7,kanjidic2,https://www.edrdg.org/kanjidic/kanjidic2.xml.gz,CC BY-SA 4.0,auto,1,Auto draft: KANJIDIC2 readings/radical; Korean meaning draft derived from local Korean word gloss or curated KANJIDIC English fallback.
賠,"[""배상하다""]","[""compensation"",""indemnify""]","[""バイ""]",[],貝,조개 패,154,15,kanjidic2,https://www.edrdg.org/kanjidic/kanjidic2.xml.gz,CC BY-SA 4.0,auto,1,Auto draft: KANJIDIC2 readings/radical; Korean meaning draft derived from local Korean word gloss or curated KANJIDIC English fallback.
這,"[""기다"",""기어가다""]","[""crawl"",""creep"",""grovel"",""trail (vines)""]","[""シャ"",""ゲン""]","[""は.う"",""は.い"",""むか.える"",""この""]",辵,책받침 착,162,10,kanjidic2,https://www.edrdg.org/kanjidic/kanjidic2.xml.gz,CC BY-SA 4.0,auto,1,Auto draft: KANJIDIC2 readings/radical; Korean meaning draft derived from local Korean word gloss or curated KANJIDIC English fallback.
秤,"[""저울""]","[""balances"",""scales"",""steelyard""]","[""ショウ"",""ヒン"",""ビン""]","[""はかり""]",禾,벼 화,115,10,kanjidic2,https://www.edrdg.org/kanjidic/kanjidic2.xml.gz,CC BY-SA 4.0,auto,1,Auto draft: KANJIDIC2 readings/radical; Korean meaning draft derived from local Korean word gloss or curated KANJIDIC English fallback.
伯,"[""백작"",""숙부""]","[""chief"",""count"",""earl"",""uncle"",""Brazil""]","[""ハク""]",[],人,사람 인,9,7,kanjidic2,https://www.edrdg.org/kanjidic/kanjidic2.xml.gz,CC BY-SA 4.0,auto,1,Auto draft: KANJIDIC2 readings/radical; Korean meaning draft derived from local Korean word gloss or curated KANJIDIC English fallback.
剥,"[""(껍질을) 벗기다""]","[""come off"",""peel"",""fade"",""discolor""]","[""ハク"",""ホク""]","[""へ.ぐ"",""へず.る"",""む.く"",""む.ける"",""は.がれる"",""は.ぐ"",""は.げる"",""は.がす""]",刀,칼 도,18,10,kanjidic2,https://www.edrdg.org/kanjidic/kanjidic2.xml.gz,CC BY-SA 4.0,auto,1,Auto draft: KANJIDIC2 readings/radical; Korean meaning draft derived from local Korean word gloss or curated KANJIDIC English fallback.
博,"[""넓다"",""박식하다""]","[""Dr."",""command"",""esteem"",""win acclaim"",""Ph.D."",""exposition"",""fair""]","[""ハク"",""バク""]",[],十,열 십,24,12,kanjidic2,https://www.edrdg.org/kanjidic/kanjidic2.xml.gz,CC BY-SA 4.0,verified,2,Human-reviewed 2026-08-19: KANJIDIC meanings and linked release vocabulary cross-checked.
拍,"[""박수"",""박자""]","[""clap"",""beat (music)""]","[""ハク"",""ヒョウ""]",[],手,손 수,64,8,kanjidic2,https://www.edrdg.org/kanjidic/kanjidic2.xml.gz,CC BY-SA 4.0,auto,1,Auto draft: KANJIDIC2 readings/radical; Korean meaning draft derived from local Korean word gloss or curated KANJIDIC English fallback.
泊,"[""묵다"",""숙박하다""]","[""overnight stay"",""put up at"",""ride at anchor""]","[""ハク""]","[""と.まる"",""と.める""]",水,물 수,85,8,kanjidic2,https://www.edrdg.org/kanjidic/kanjidic2.xml.gz,CC BY-SA 4.0,auto,1,Auto draft: KANJIDIC2 readings/radical; Korean meaning draft derived from local Korean word gloss or curated KANJIDIC English fallback.
白,"[""흰색"",""하양""]","[""white""]","[""ハク"",""ビャク""]","[""しろ"",""しら-"",""しろ.い""]",白,흰 백,106,5,kanjidic2,https://www.edrdg.org/kanjidic/kanjidic2.xml.gz,CC BY-SA 4.0,auto,1,Auto draft: KANJIDIC2 readings/radical; Korean meaning draft derived from local Korean word gloss or curated KANJIDIC English fallback.
舶,"[""배"",""선박""]","[""liner"",""ship""]","[""ハク""]",[],舟,배 주,137,11,kanjidic2,https://www.edrdg.org/kanjidic/kanjidic2.xml.gz,CC BY-SA 4.0,auto,2,Auto draft: KANJIDIC2 readings/radical; Korean meaning draft derived from local Korean word gloss or curated KANJIDIC English fallback.
薄,"[""얇다"",""엷다""]","[""dilute"",""thin"",""weak (tea)"",""pampas grass""]","[""ハク""]","[""うす.い"",""うす-"",""-うす"",""うす.める"",""うす.まる"",""うす.らぐ"",""うす.ら-"",""うす.れる"",""すすき""]",艸,풀 초,140,16,kanjidic2,https://www.edrdg.org/kanjidic/kanjidic2.xml.gz,CC BY-SA 4.0,auto,1,Auto draft: KANJIDIC2 readings/radical; Korean meaning draft derived from local Korean word gloss or curated KANJIDIC English fallback.
迫,"[""육박하다"",""다가오다""]","[""urge"",""force"",""imminent"",""spur on""]","[""ハク""]","[""せま.る""]",辵,책받침 착,162,8,kanjidic2,https://www.edrdg.org/kanjidic/kanjidic2.xml.gz,CC BY-SA 4.0,auto,1,Auto draft: KANJIDIC2 readings/radical; Korean meaning draft derived from local Korean word gloss or curated KANJIDIC English fallback.
漠,"[""막연함"",""사막""]","[""vague"",""obscure"",""desert"",""wide""]","[""バク""]",[],水,물 수,85,13,kanjidic2,https://www.edrdg.org/kanjidic/kanjidic2.xml.gz,CC BY-SA 4.0,auto,1,Auto draft: KANJIDIC2 readings/radical; Korean meaning draft derived from local Korean word gloss or curated KANJIDIC English fallback.
爆,"[""폭발하다""]","[""bomb"",""burst open"",""pop"",""split""]","[""バク""]","[""は.ぜる""]",火,불 화,86,19,kanjidic2,https://www.edrdg.org/kanjidic/kanjidic2.xml.gz,CC BY-SA 4.0,auto,1,Auto draft: KANJIDIC2 readings/radical; Korean meaning draft derived from local Korean word gloss or curated KANJIDIC English fallback.
縛,"[""묶다"",""속박하다""]","[""truss"",""arrest"",""bind"",""tie"",""restrain""]","[""バク""]","[""しば.る""]",糸,실 사,120,16,kanjidic2,https://www.edrdg.org/kanjidic/kanjidic2.xml.gz,CC BY-SA 4.0,verified,10,Human-reviewed 2026-08-22: KANJIDIC English + JLPT usage cross-check; semantic-review draft confirmed.
麦,"[""보리"",""밀""]","[""barley"",""wheat""]","[""バク""]","[""むぎ""]",麥,보리 맥,199,7,kanjidic2,https://www.edrdg.org/kanjidic/kanjidic2.xml.gz,CC BY-SA 4.0,auto,1,Auto draft: KANJIDIC2 readings/radical; Korean meaning draft derived from local Korean word gloss or curated KANJIDIC English fallback.
箸,"[""젓가락""]","[""chopsticks""]","[""チョ"",""チャク""]","[""はし""]",竹,대 죽,118,15,kanjidic2,https://www.edrdg.org/kanjidic/kanjidic2.xml.gz,CC BY-SA 4.0,auto,2,Auto draft: KANJIDIC2 readings/radical; Korean meaning draft derived from local Korean word gloss or curated KANJIDIC English fallback.
筈,"[""~일 것이다"",""~해야 한다""]","[""notch of an arrow"",""ought"",""must"",""should be"",""expected""]","[""カツ""]","[""はず"",""やはず""]",竹,대 죽,118,12,kanjidic2,https://www.edrdg.org/kanjidic/kanjidic2.xml.gz,CC BY-SA 4.0,auto,1,Auto draft: KANJIDIC2 readings/radical; Korean meaning draft derived from local Korean word gloss or curated KANJIDIC English fallback.
肌,"[""피부""]","[""texture"",""skin"",""body"",""grain""]","[""キ""]","[""はだ""]",肉,고기 육,130,6,kanjidic2,https://www.edrdg.org/kanjidic/kanjidic2.xml.gz,CC BY-SA 4.0,auto,1,Auto draft: KANJIDIC2 readings/radical; Korean meaning draft derived from local Korean word gloss or curated KANJIDIC English fallback.
畑,"[""밭""]","[""farm"",""field"",""garden"",""one's specialty"",""(kokuji)""]",[],"[""はた"",""はたけ"",""-ばたけ""]",田,밭 전,102,9,kanjidic2,https://www.edrdg.org/kanjidic/kanjidic2.xml.gz,CC BY-SA 4.0,auto,2,Auto draft: KANJIDIC2 readings/radical; Korean meaning draft derived from local Korean word gloss or curated KANJIDIC English fallback.
八,"[""여덟""]","[""eight"",""eight radical (no. 12)""]","[""ハチ"",""ハツ""]","[""や"",""や.つ"",""やっ.つ"",""よう""]",八,여덟 팔,12,2,kanjidic2,https://www.edrdg.org/kanjidic/kanjidic2.xml.gz,CC BY-SA 4.0,auto,2,Auto draft: KANJIDIC2 readings/radical; Korean meaning draft derived from local Korean word gloss or curated KANJIDIC English fallback.
鉢,"[""화분"",""큰 그릇""]","[""bowl"",""rice tub"",""pot"",""crown""]","[""ハチ"",""ハツ""]",[],金,쇠 금,167,13,kanjidic2,https://www.edrdg.org/kanjidic/kanjidic2.xml.gz,CC BY-SA 4.0,auto,1,Auto draft: KANJIDIC2 readings/radical; Korean meaning draft derived from local Korean word gloss or curated KANJIDIC English fallback.
発,"[""출발""]","[""departure"",""discharge"",""publish"",""emit"",""start from"",""disclose"",""counter for gunshots""]","[""ハツ"",""ホツ""]","[""た.つ"",""あば.く"",""おこ.る"",""つか.わす"",""はな.つ""]",癶,필 발,105,9,kanjidic2,https://www.edrdg.org/kanjidic/kanjidic2.xml.gz,CC BY-SA 4.0,auto,1,Auto draft: KANJIDIC2 readings/radical; Korean meaning draft derived from local Korean word gloss or curated KANJIDIC English fallback.
髪,"[""머리카락""]","[""hair of the head""]","[""ハツ""]","[""かみ""]",髟,터럭발 표,190,14,kanjidic2,https://www.edrdg.org/kanjidic/kanjidic2.xml.gz,CC BY-SA 4.0,auto,1,Auto draft: KANJIDIC2 readings/radical; Korean meaning draft derived from local Korean word gloss or curated KANJIDIC English fallback.
罰,"[""벌"",""처벌""]","[""penalty"",""punishment""]","[""バツ"",""バチ"",""ハツ""]","[""ばっ.する""]",网,그물 망,122,14,kanjidic2,https://www.edrdg.org/kanjidic/kanjidic2.xml.gz,CC BY-SA 4.0,auto,1,Auto draft: KANJIDIC2 readings/radical; Korean meaning draft derived from local Korean word gloss or curated KANJIDIC English fallback.
抜,"[""뽑다"",""빼다""]","[""slip out"",""extract"",""pull out"",""pilfer"",""quote"",""remove"",""omit""]","[""バツ"",""ハツ"",""ハイ""]","[""ぬ.く"",""-ぬ.く"",""ぬ.き"",""ぬ.ける"",""ぬ.かす"",""ぬ.かる""]",手,손 수,64,7,kanjidic2,https://www.edrdg.org/kanjidic/kanjidic2.xml.gz,CC BY-SA 4.0,auto,1,Auto draft: KANJIDIC2 readings/radical; Korean meaning draft derived from local Korean word gloss or curated KANJIDIC English fallback.
伴,"[""동반하다""]","[""consort"",""accompany"",""bring with"",""companion""]","[""ハン"",""バン""]","[""ともな.う""]",人,사람 인,9,7,kanjidic2,https://www.edrdg.org/kanjidic/kanjidic2.xml.gz,CC BY-SA 4.0,auto,1,Auto draft: KANJIDIC2 readings/radical; Korean meaning draft derived from local Korean word gloss or curated KANJIDIC English fallback.
判,"[""판단"",""도장""]","[""judgement"",""judgment"",""signature"",""stamp"",""seal""]","[""ハン"",""バン""]","[""わか.る""]",刀,칼 도,18,7,kanjidic2,https://www.edrdg.org/kanjidic/kanjidic2.xml.gz,CC BY-SA 4.0,auto,1,Auto draft: KANJIDIC2 readings/radical; Korean meaning draft derived from local Korean word gloss or curated KANJIDIC English fallback.
半,"[""반"",""절반""]","[""half"",""middle"",""odd number"",""semi-"",""part-""]","[""ハン""]","[""なか.ば""]",十,열 십,24,5,kanjidic2,https://www.edrdg.org/kanjidic/kanjidic2.xml.gz,CC BY-SA 4.0,auto,1,Auto draft: KANJIDIC2 readings/radical; Korean meaning draft derived from local Korean word gloss or curated KANJIDIC English fallback.
反,"[""휘다"",""뒤틀리다""]","[""anti-""]","[""ハン"",""ホン"",""タン"",""ホ""]","[""そ.る"",""そ.らす"",""かえ.す"",""かえ.る"",""-かえ.る""]",又,또 우,29,4,kanjidic2,https://www.edrdg.org/kanjidic/kanjidic2.xml.gz,CC BY-SA 4.0,auto,1,Auto draft: KANJIDIC2 readings/radical; Korean meaning draft derived from local Korean word gloss or curated KANJIDIC English fallback.
搬,"[""운반하다""]","[""conveyor"",""carry"",""transport""]","[""ハン""]",[],手,손 수,64,13,kanjidic2,https://www.edrdg.org/kanjidic/kanjidic2.xml.gz,CC BY-SA 4.0,auto,1,Auto draft: KANJIDIC2 readings/radical; Korean meaning draft derived from local Korean word gloss or curated KANJIDIC English fallback.
斑,"[""얼룩"",""고르지 못함""]","[""spot"",""blemish"",""speck"",""patches""]","[""ハン""]","[""ふ"",""まだら""]",文,글월 문,67,12,kanjidic2,https://www.edrdg.org/kanjidic/kanjidic2.xml.gz,CC BY-SA 4.0,auto,2,Auto draft: KANJIDIC2 readings/radical; Korean meaning draft derived from local Korean word gloss or curated KANJIDIC English fallback.
板,"[""판자"",""널빤지""]","[""plank"",""board"",""plate"",""stage""]","[""ハン"",""バン""]","[""いた""]",木,나무 목,75,8,kanjidic2,https://www.edrdg.org/kanjidic/kanjidic2.xml.gz,CC BY-SA 4.0,auto,1,Auto draft: KANJIDIC2 readings/radical; Korean meaning draft derived from local Korean word gloss or curated KANJIDIC English fallback.
版,"[""판"",""인쇄판""]","[""printing block"",""printing plate"",""edition"",""impression"",""label""]","[""ハン""]",[],片,조각 편,91,8,kanjidic2,https://www.edrdg.org/kanjidic/kanjidic2.xml.gz,CC BY-SA 4.0,auto,1,Auto draft: KANJIDIC2 readings/radical; Korean meaning draft derived from local Korean word gloss or curated KANJIDIC English fallback.
犯,"[""(죄를)범하다"",""(법을)어기다""]","[""crime"",""sin"",""offense""]","[""ハン"",""ボン""]","[""おか.す""]",犬,개 견,94,5,kanjidic2,https://www.edrdg.org/kanjidic/kanjidic2.xml.gz,CC BY-SA 4.0,auto,1,Auto draft: KANJIDIC2 readings/radical; Korean meaning draft derived from local Korean word gloss or curated KANJIDIC English fallback.
繁,"[""번성하다"",""복잡함""]","[""luxuriant"",""thick"",""overgrown"",""frequency"",""complexity"",""trouble""]","[""ハン""]","[""しげ.る"",""しげ.く""]",糸,실 사,120,16,kanjidic2,https://www.edrdg.org/kanjidic/kanjidic2.xml.gz,CC BY-SA 4.0,auto,1,Auto draft: KANJIDIC2 readings/radical; Korean meaning draft derived from local Korean word gloss or curated KANJIDIC English fallback.
般,"[""일반"",""종류""]","[""carrier"",""carry"",""all"",""general"",""sort"",""kind""]","[""ハン""]",[],舟,배 주,137,10,kanjidic2,https://www.edrdg.org/kanjidic/kanjidic2.xml.gz,CC BY-SA 4.0,auto,1,Auto draft: KANJIDIC2 readings/radical; Korean meaning draft derived from local Korean word gloss or curated KANJIDIC English fallback.
販,"[""팔다"",""판매""]","[""marketing"",""sell"",""trade""]","[""ハン""]",[],貝,조개 패,154,11,kanjidic2,https://www.edrdg.org/kanjidic/kanjidic2.xml.gz,CC BY-SA 4.0,auto,1,Auto draft: KANJIDIC2 readings/radical; Korean meaning draft derived from local Korean word gloss or curated KANJIDIC English fallback.
範,"[""본보기"",""범위""]","[""pattern"",""example"",""model""]","[""ハン""]",[],竹,대 죽,118,15,kanjidic2,https://www.edrdg.org/kanjidic/kanjidic2.xml.gz,CC BY-SA 4.0,auto,1,Auto draft: KANJIDIC2 readings/radical; Korean meaning draft derived from local Korean word gloss or curated KANJIDIC English fallback.
煩,"[""번거롭다"",""걱정""]","[""anxiety"",""trouble"",""worry"",""pain"",""ill"",""annoy"",""nuisance"",""irksome""]","[""ハン"",""ボン""]","[""わずら.う"",""わずら.わす"",""うるさ.がる"",""うるさ.い""]",火,불 화,86,13,kanjidic2,https://www.edrdg.org/kanjidic/kanjidic2.xml.gz,CC BY-SA 4.0,auto,1,Auto draft: KANJIDIC2 readings/radical; Korean meaning draft derived from local Korean word gloss or curated KANJIDIC English fallback.
飯,"[""식사"",""음식""]","[""meal"",""boiled rice""]","[""ハン""]","[""めし""]",食,밥 식,184,12,kanjidic2,https://www.edrdg.org/kanjidic/kanjidic2.xml.gz,CC BY-SA 4.0,auto,1,Auto draft: KANJIDIC2 readings/radical; Korean meaning draft derived from local Korean word gloss or curated KANJIDIC English fallback.
晩,"[""밤"",""저녁""]","[""nightfall"",""night""]","[""バン""]",[],日,날 일,72,12,kanjidic2,https://www.edrdg.org/kanjidic/kanjidic2.xml.gz,CC BY-SA 4.0,auto,2,Auto draft: KANJIDIC2 readings/radical; Korean meaning draft derived from local Korean word gloss or curated KANJIDIC English fallback.
番,"[""차례"",""번호""]","[""turn"",""number in a series""]","[""バン""]","[""つが.い""]",田,밭 전,102,12,kanjidic2,https://www.edrdg.org/kanjidic/kanjidic2.xml.gz,CC BY-SA 4.0,auto,1,Auto draft: KANJIDIC2 readings/radical; Korean meaning draft derived from local Korean word gloss or curated KANJIDIC English fallback.
盤,"[""판"",""쟁반""]","[""tray"",""shallow bowl"",""platter"",""tub"",""board"",""phonograph record""]","[""バン""]",[],皿,그릇 명,108,15,kanjidic2,https://www.edrdg.org/kanjidic/kanjidic2.xml.gz,CC BY-SA 4.0,auto,1,Auto draft: KANJIDIC2 readings/radical; Korean meaning draft derived from local Korean word gloss or curated KANJIDIC English fallback.
卑,"[""저속한""]","[""lowly"",""base"",""vile"",""vulgar"",""despise""]","[""ヒ""]","[""いや.しい"",""いや.しむ"",""いや.しめる""]",十,열 십,24,9,kanjidic2,https://www.edrdg.org/kanjidic/kanjidic2.xml.gz,CC BY-SA 4.0,auto,1,Auto draft: KANJIDIC2 readings/radical; Korean meaning draft derived from local Korean word gloss or curated KANJIDIC English fallback.
否,"[""부정하다"",""거부하다""]","[""negate"",""no"",""noes"",""refuse"",""decline"",""deny""]","[""ヒ""]","[""いな"",""いや""]",口,입 구,30,7,kanjidic2,https://www.edrdg.org/kanjidic/kanjidic2.xml.gz,CC BY-SA 4.0,auto,1,Auto draft: KANJIDIC2 readings/radical; Korean meaning draft derived from local Korean word gloss or curated KANJIDIC English fallback.
庇,"[""감싸다"",""비호하다"",""두둔하다""]","[""protect"",""shield"",""defend"",""eaves"",""canopy"",""penthouse"",""visor""]","[""ヒ""]","[""ひさし"",""おお.う"",""かば.う""]",广,엄호 엄,53,7,kanjidic2,https://www.edrdg.org/kanjidic/kanjidic2.xml.gz,CC BY-SA 4.0,auto,1,Auto draft: KANJIDIC2 readings/radical; Korean meaning draft derived from local Korean word gloss or curated KANJIDIC English fallback.
彼,"[""그"",""남자친구""]","[""he"",""that"",""the""]","[""ヒ""]","[""かれ"",""かの"",""か.の""]",彳,두인변 척,60,8,kanjidic2,https://www.edrdg.org/kanjidic/kanjidic2.xml.gz,CC BY-SA 4.0,auto,1,Auto draft: KANJIDIC2 readings/radical; Korean meaning draft derived from local Korean word gloss or curated KANJIDIC English fallback.
悲,"[""슬프다""]","[""grieve"",""sad"",""deplore"",""regret""]","[""ヒ""]","[""かな.しい"",""かな.しむ""]",心,마음 심,61,12,kanjidic2,https://www.edrdg.org/kanjidic/kanjidic2.xml.gz,CC BY-SA 4.0,auto,1,Auto draft: KANJIDIC2 readings/radical; Korean meaning draft derived from local Korean word gloss or curated KANJIDIC English fallback.
扉,"[""문"",""문짝""]","[""front door"",""title page"",""front page""]","[""ヒ""]","[""とびら""]",戶,지게 호,63,12,kanjidic2,https://www.edrdg.org/kanjidic/kanjidic2.xml.gz,CC BY-SA 4.0,auto,1,Auto draft: KANJIDIC2 readings/radical; Korean meaning draft derived from local Korean word gloss or curated KANJIDIC English fallback.
批,"[""비평"",""치다""]","[""criticism"",""strike""]","[""ヒ""]",[],手,손 수,64,7,kanjidic2,https://www.edrdg.org/kanjidic/kanjidic2.xml.gz,CC BY-SA 4.0,auto,1,Auto draft: KANJIDIC2 readings/radical; Korean meaning draft derived from local Korean word gloss or curated KANJIDIC English fallback.
披,"[""펼치다"",""드러내다""]","[""expose"",""open""]","[""ヒ""]",[],手,손 수,64,8,kanjidic2,https://www.edrdg.org/kanjidic/kanjidic2.xml.gz,CC BY-SA 4.0,auto,2,Auto draft: KANJIDIC2 readings/radical; Korean meaning draft derived from local Korean word gloss or curated KANJIDIC English fallback.
比,"[""비교하다""]","[""compare"",""race"",""ratio"",""Philippines""]","[""ヒ""]","[""くら.べる""]",比,견줄 비,81,4,kanjidic2,https://www.edrdg.org/kanjidic/kanjidic2.xml.gz,CC BY-SA 4.0,auto,1,Auto draft: KANJIDIC2 readings/radical; Korean meaning draft derived from local Korean word gloss or curated KANJIDIC English fallback.
疲,"[""피로""]","[""exhausted"",""tire"",""weary""]","[""ヒ""]","[""つか.れる"",""-づか.れ"",""つか.らす""]",疒,병질안 역,104,10,kanjidic2,https://www.edrdg.org/kanjidic/kanjidic2.xml.gz,CC BY-SA 4.0,auto,1,Auto draft: KANJIDIC2 readings/radical; Korean meaning draft derived from local Korean word gloss or curated KANJIDIC English fallback.
皮,"[""껍질"",""가죽""]","[""pelt"",""skin"",""hide"",""leather"",""skin radical (no. 107)""]","[""ヒ""]","[""かわ""]",皮,가죽 피,107,5,kanjidic2,https://www.edrdg.org/kanjidic/kanjidic2.xml.gz,CC BY-SA 4.0,auto,1,Auto draft: KANJIDIC2 readings/radical; Korean meaning draft derived from local Korean word gloss or curated KANJIDIC English fallback.
秘,"[""숨기다"",""감추다""]","[""secret"",""conceal""]","[""ヒ""]","[""ひ.める"",""ひそ.か"",""かく.す""]",禾,벼 화,115,10,kanjidic2,https://www.edrdg.org/kanjidic/kanjidic2.xml.gz,CC BY-SA 4.0,auto,1,Auto draft: KANJIDIC2 readings/radical; Korean meaning draft derived from local Korean word gloss or curated KANJIDIC English fallback.
被,"[""쓰다"",""뒤집어쓰다"",""덮이다""]","[""incur"",""cover"",""veil"",""brood over"",""shelter"",""wear"",""put on"",""be exposed (film)"",""receiving""]","[""ヒ""]","[""こうむ.る"",""おお.う"",""かぶ.る"",""かぶ.せる""]",衣,옷 의,145,10,kanjidic2,https://www.edrdg.org/kanjidic/kanjidic2.xml.gz,CC BY-SA 4.0,auto,1,Auto draft: KANJIDIC2 readings/radical; Korean meaning draft derived from local Korean word gloss or curated KANJIDIC English fallback.
費,"[""다소비하다""]","[""expense"",""cost"",""spend"",""consume"",""waste""]","[""ヒ""]","[""つい.やす"",""つい.える""]",貝,조개 패,154,12,kanjidic2,https://www.edrdg.org/kanjidic/kanjidic2.xml.gz,CC BY-SA 4.0,auto,1,Auto draft: KANJIDIC2 readings/radical; Korean meaning draft derived from local Korean word gloss or curated KANJIDIC English fallback.
避,"[""피하다"",""꺼리다""]","[""evade"",""avoid"",""avert"",""ward off"",""shirk"",""shun""]","[""ヒ""]","[""さ.ける"",""よ.ける""]",辵,책받침 착,162,16,kanjidic2,https://www.edrdg.org/kanjidic/kanjidic2.xml.gz,CC BY-SA 4.0,auto,1,Auto draft: KANJIDIC2 readings/radical; Korean meaning draft derived from local Korean word gloss or curated KANJIDIC English fallback.
非,"[""비"",""잘못"",""부정""]","[""un-"",""mistake"",""negative"",""injustice"",""non-""]","[""ヒ""]","[""あら.ず""]",非,아닐 비,175,8,kanjidic2,https://www.edrdg.org/kanjidic/kanjidic2.xml.gz,CC BY-SA 4.0,auto,1,Auto draft: KANJIDIC2 readings/radical; Korean meaning draft derived from local Korean word gloss or curated KANJIDIC English fallback.
飛,"[""날다""]","[""fly"",""skip (pages)"",""scatter""]","[""ヒ""]","[""と.ぶ"",""と.ばす"",""-と.ばす""]",飛,날 비,183,9,kanjidic2,https://www.edrdg.org/kanjidic/kanjidic2.xml.gz,CC BY-SA 4.0,auto,1,Auto draft: KANJIDIC2 readings/radical; Korean meaning draft derived from local Korean word gloss or curated KANJIDIC English fallback.
備,"[""준비하다"",""구비하다""]","[""equip"",""provision"",""preparation""]","[""ビ""]","[""そな.える"",""そな.わる"",""つぶさ.に""]",人,사람 인,9,12,kanjidic2,https://www.edrdg.org/kanjidic/kanjidic2.xml.gz,CC BY-SA 4.0,auto,1,Auto draft: KANJIDIC2 readings/radical; Korean meaning draft derived from local Korean word gloss or curated KANJIDIC English fallback.
尾,"[""꼬리""]","[""tail"",""end"",""counter for fish"",""lower slope of mountain""]","[""ビ""]","[""お""]",尸,주검 시,44,7,kanjidic2,https://www.edrdg.org/kanjidic/kanjidic2.xml.gz,CC BY-SA 4.0,auto,1,Auto draft: KANJIDIC2 readings/radical; Korean meaning draft derived from local Korean word gloss or curated KANJIDIC English fallback.
微,"[""희미함"",""어렴풋함""]","[""delicate"",""minuteness"",""insignificance""]","[""ビ""]","[""かす.か""]",彳,두인변 척,60,13,kanjidic2,https://www.edrdg.org/kanjidic/kanjidic2.xml.gz,CC BY-SA 4.0,auto,1,Auto draft: KANJIDIC2 readings/radical; Korean meaning draft derived from local Korean word gloss or curated KANJIDIC English fallback.
眉,"[""눈썹""]","[""eyebrow""]","[""ビ"",""ミ""]","[""まゆ""]",目,눈 목,109,9,kanjidic2,https://www.edrdg.org/kanjidic/kanjidic2.xml.gz,CC BY-SA 4.0,auto,1,Auto draft: KANJIDIC2 readings/radical; Korean meaning draft derived from local Korean word gloss or curated KANJIDIC English fallback.
美,"[""아름답다""]","[""beauty"",""beautiful""]","[""ビ"",""ミ""]","[""うつく.しい""]",羊,양 양,123,9,kanjidic2,https://www.edrdg.org/kanjidic/kanjidic2.xml.gz,CC BY-SA 4.0,auto,1,Auto draft: KANJIDIC2 readings/radical; Korean meaning draft derived from local Korean word gloss or curated KANJIDIC English fallback.
鼻,"[""코""]","[""nose"",""snout""]","[""ビ""]","[""はな""]",鼻,코 비,209,14,kanjidic2,https://www.edrdg.org/kanjidic/kanjidic2.xml.gz,CC BY-SA 4.0,auto,2,Auto draft: KANJIDIC2 readings/radical; Korean meaning draft derived from local Korean word gloss or curated KANJIDIC English fallback.
匹,"[""짝"",""작은 동물을 세는 단위""]","[""equal"",""head"",""counter for small animals"",""roll of cloth""]","[""ヒツ""]","[""ひき""]",匸,감출 혜,23,4,kanjidic2,https://www.edrdg.org/kanjidic/kanjidic2.xml.gz,CC BY-SA 4.0,auto,2,Auto draft: KANJIDIC2 readings/radical; Korean meaning draft derived from local Korean word gloss or curated KANJIDIC English fallback.
肘,"[""팔꿈치""]","[""elbow"",""arm""]","[""チュウ""]","[""ひじ""]",肉,고기 육,130,7,kanjidic2,https://www.edrdg.org/kanjidic/kanjidic2.xml.gz,CC BY-SA 4.0,auto,1,Auto draft: KANJIDIC2 readings/radical; Korean meaning draft derived from local Korean word gloss or curated KANJIDIC English fallback.
必,"[""반드시""]","[""invariably"",""certain"",""inevitable""]","[""ヒツ""]","[""かなら.ず""]",心,마음 심,61,5,kanjidic2,https://www.edrdg.org/kanjidic/kanjidic2.xml.gz,CC BY-SA 4.0,auto,1,Auto draft: KANJIDIC2 readings/radical; Korean meaning draft derived from local Korean word gloss or curated KANJIDIC English fallback.
筆,"[""붓""]","[""writing brush"",""writing"",""painting brush"",""handwriting""]","[""ヒツ""]","[""ふで""]",竹,대 죽,118,12,kanjidic2,https://www.edrdg.org/kanjidic/kanjidic2.xml.gz,CC BY-SA 4.0,auto,1,Auto draft: KANJIDIC2 readings/radical; Korean meaning draft derived from local Korean word gloss or curated KANJIDIC English fallback.
紐,"[""끈""]","[""string"",""cord"",""braid"",""lace"",""tape"",""strap"",""ribbon""]","[""チュウ"",""ジュウ""]","[""ひも""]",糸,실 사,120,10,kanjidic2,https://www.edrdg.org/kanjidic/kanjidic2.xml.gz,CC BY-SA 4.0,auto,2,Auto draft: KANJIDIC2 readings/radical; Korean meaning draft derived from local Korean word gloss or curated KANJIDIC English fallback.
百,"[""백""]","[""hundred""]","[""ヒャク"",""ビャク""]","[""もも""]",白,흰 백,106,6,kanjidic2,https://www.edrdg.org/kanjidic/kanjidic2.xml.gz,CC BY-SA 4.0,auto,1,Auto draft: KANJIDIC2 readings/radical; Korean meaning draft derived from local Korean word gloss or curated KANJIDIC English fallback.
俵,"[""가마니"",""포대""]","[""bag"",""bale"",""sack"",""counter for bags""]","[""ヒョウ""]","[""たわら""]",人,사람 인,9,10,kanjidic2,https://www.edrdg.org/kanjidic/kanjidic2.xml.gz,CC BY-SA 4.0,auto,1,Auto draft: KANJIDIC2 readings/radical; Korean meaning draft derived from local Korean word gloss or curated KANJIDIC English fallback.
標,"[""표시"",""목표""]","[""signpost"",""seal"",""mark"",""stamp"",""imprint"",""symbol"",""emblem"",""trademark"",""evidence"",""souvenir"",""target""]","[""ヒョウ""]","[""しるべ"",""しるし""]",木,나무 목,75,15,kanjidic2,https://www.edrdg.org/kanjidic/kanjidic2.xml.gz,CC BY-SA 4.0,auto,1,Auto draft: KANJIDIC2 readings/radical; Korean meaning draft derived from local Korean word gloss or curated KANJIDIC English fallback.
氷,"[""얼음""]","[""icicle"",""ice"",""hail"",""freeze"",""congeal""]","[""ヒョウ""]","[""こおり"",""ひ"",""こお.る""]",水,물 수,85,5,kanjidic2,https://www.edrdg.org/kanjidic/kanjidic2.xml.gz,CC BY-SA 4.0,auto,1,Auto draft: KANJIDIC2 readings/radical; Korean meaning draft derived from local Korean word gloss or curated KANJIDIC English fallback.
漂,"[""떠돌다"",""감돌다""]","[""drift"",""float (on liquid)""]","[""ヒョウ""]","[""ただよ.う""]",水,물 수,85,14,kanjidic2,https://www.edrdg.org/kanjidic/kanjidic2.xml.gz,CC BY-SA 4.0,auto,1,Auto draft: KANJIDIC2 readings/radical; Korean meaning draft derived from local Korean word gloss or curated KANJIDIC English fallback.
票,"[""표"",""표결""]","[""ballot"",""label"",""ticket"",""sign""]","[""ヒョウ""]",[],示,보일 시,113,11,kanjidic2,https://www.edrdg.org/kanjidic/kanjidic2.xml.gz,CC BY-SA 4.0,verified,10,Human-reviewed 2026-08-22: KANJIDIC English + JLPT usage cross-check; semantic-review draft confirmed.
表,"[""표면"",""앞"",""밖""]","[""surface"",""table"",""chart"",""diagram""]","[""ヒョウ""]","[""おもて"",""-おもて"",""あらわ.す"",""あらわ.れる"",""あら.わす""]",衣,옷 의,145,8,kanjidic2,https://www.edrdg.org/kanjidic/kanjidic2.xml.gz,CC BY-SA 4.0,auto,1,Auto draft: KANJIDIC2 readings/radical; Korean meaning draft derived from local Korean word gloss or curated KANJIDIC English fallback.
評,"[""평가"",""비평""]","[""evaluate"",""criticism"",""comment""]","[""ヒョウ""]",[],言,말씀 언,149,12,kanjidic2,https://www.edrdg.org/kanjidic/kanjidic2.xml.gz,CC BY-SA 4.0,auto,1,Auto draft: KANJIDIC2 readings/radical; Korean meaning draft derived from local Korean word gloss or curated KANJIDIC English fallback.
描,"[""그리다"",""묘사하다""]","[""sketch"",""compose"",""write"",""draw"",""paint""]","[""ビョウ""]","[""えが.く"",""か.く""]",手,손 수,64,11,kanjidic2,https://www.edrdg.org/kanjidic/kanjidic2.xml.gz,CC BY-SA 4.0,auto,1,Auto draft: KANJIDIC2 readings/radical; Korean meaning draft derived from local Korean word gloss or curated KANJIDIC English fallback.
病,"[""병들다"",""앓다""]","[""ill"",""sick""]","[""ビョウ"",""ヘイ""]","[""や.む"",""-や.み"",""やまい""]",疒,병질안 역,104,10,kanjidic2,https://www.edrdg.org/kanjidic/kanjidic2.xml.gz,CC BY-SA 4.0,auto,1,Auto draft: KANJIDIC2 readings/radical; Korean meaning draft derived from local Korean word gloss or curated KANJIDIC English fallback.
秒,"[""초(시간)""]","[""second (1/60 minute)""]","[""ビョウ""]",[],禾,벼 화,115,9,kanjidic2,https://www.edrdg.org/kanjidic/kanjidic2.xml.gz,CC BY-SA 4.0,auto,2,Auto draft: KANJIDIC2 readings/radical; Korean meaning draft derived from local Korean word gloss or curated KANJIDIC English fallback.
苗,"[""모"",""모종""]","[""seedling"",""sapling"",""shoot""]","[""ビョウ"",""ミョウ""]","[""なえ"",""なわ-""]",艸,풀 초,140,8,kanjidic2,https://www.edrdg.org/kanjidic/kanjidic2.xml.gz,CC BY-SA 4.0,auto,1,Auto draft: KANJIDIC2 readings/radical; Korean meaning draft derived from local Korean word gloss or curated KANJIDIC English fallback.
品,"[""물건"",""물품"",""품목""]","[""goods"",""refinement"",""dignity"",""article"",""counter for meal courses""]","[""ヒン"",""ホン""]","[""しな""]",口,입 구,30,9,kanjidic2,https://www.edrdg.org/kanjidic/kanjidic2.xml.gz,CC BY-SA 4.0,auto,1,Auto draft: KANJIDIC2 readings/radical; Korean meaning draft derived from local Korean word gloss or curated KANJIDIC English fallback.
貧,"[""가난하다""]","[""poverty"",""poor""]","[""ヒン"",""ビン""]","[""まず.しい""]",貝,조개 패,154,11,kanjidic2,https://www.edrdg.org/kanjidic/kanjidic2.xml.gz,CC BY-SA 4.0,auto,1,Auto draft: KANJIDIC2 readings/radical; Korean meaning draft derived from local Korean word gloss or curated KANJIDIC English fallback.
頻,"[""자꾸"",""연달아""]","[""repeatedly"",""recur""]","[""ヒン""]","[""しき.りに""]",頁,머리 혈,181,17,kanjidic2,https://www.edrdg.org/kanjidic/kanjidic2.xml.gz,CC BY-SA 4.0,auto,1,Auto draft: KANJIDIC2 readings/radical; Korean meaning draft derived from local Korean word gloss or curated KANJIDIC English fallback.
敏,"[""민첩함"",""영리함""]","[""cleverness"",""agile"",""alert""]","[""ビン""]","[""さとい""]",攴,둥글월 문,66,10,kanjidic2,https://www.edrdg.org/kanjidic/kanjidic2.xml.gz,CC BY-SA 4.0,auto,1,Auto draft: KANJIDIC2 readings/radical; Korean meaning draft derived from local Korean word gloss or curated KANJIDIC English fallback.
瓶,"[""병"",""항아리""]","[""bottle"",""vial"",""jar"",""jug"",""vat"",""urn""]","[""ビン"",""ヘイ""]","[""かめ""]",瓦,기와 와,98,11,kanjidic2,https://www.edrdg.org/kanjidic/kanjidic2.xml.gz,CC BY-SA 4.0,auto,1,Auto draft: KANJIDIC2 readings/radical; Korean meaning draft derived from local Korean word gloss or curated KANJIDIC English fallback.
不,"[""아니다"",""부정"",""나쁨""]","[""negative"",""non-"",""bad"",""ugly"",""clumsy""]","[""フ"",""ブ""]",[],一,한 일,1,4,kanjidic2,https://www.edrdg.org/kanjidic/kanjidic2.xml.gz,CC BY-SA 4.0,auto,1,Auto draft: KANJIDIC2 readings/radical; Korean meaning draft derived from local Korean word gloss or curated KANJIDIC English fallback.
付,"[""붙다"",""달리다""]","[""adhere"",""attach"",""refer to"",""append""]","[""フ""]","[""つ.ける"",""-つ.ける"",""-づ.ける"",""つ.け"",""つ.け-"",""-つ.け"",""-づ.け"",""-づけ"",""つ.く"",""-づ.く"",""つ.き"",""-つ.き"",""-つき"",""-づ.き"",""-づき""]",人,사람 인,9,5,kanjidic2,https://www.edrdg.org/kanjidic/kanjidic2.xml.gz,CC BY-SA 4.0,auto,1,Auto draft: KANJIDIC2 readings/radical; Korean meaning draft derived from local Korean word gloss or curated KANJIDIC English fallback.
夫,"[""남편""]","[""husband"",""man""]","[""フ"",""フウ"",""ブ""]","[""おっと"",""それ""]",大,큰 대,37,4,kanjidic2,https://www.edrdg.org/kanjidic/kanjidic2.xml.gz,CC BY-SA 4.0,auto,1,Auto draft: KANJIDIC2 readings/radical; Korean meaning draft derived from local Korean word gloss or curated KANJIDIC English fallback.
婦,"[""여자"",""아내""]","[""lady"",""woman"",""wife"",""bride""]","[""フ""]","[""よめ""]",女,계집 녀,38,11,kanjidic2,https://www.edrdg.org/kanjidic/kanjidic2.xml.gz,CC BY-SA 4.0,auto,1,Auto draft: KANJIDIC2 readings/radical; Korean meaning draft derived from local Korean word gloss or curated KANJIDIC English fallback.
富,"[""부"",""재산""]","[""wealth"",""enrich"",""abundant""]","[""フ"",""フウ""]","[""と.む"",""とみ""]",宀,갓머리 면,40,12,kanjidic2,https://www.edrdg.org/kanjidic/kanjidic2.xml.gz,CC BY-SA 4.0,auto,1,Auto draft: KANJIDIC2 readings/radical; Korean meaning draft derived from local Korean word gloss or curated KANJIDIC English fallback.
布,"[""천""]","[""linen"",""cloth"",""spread"",""distribute""]","[""フ"",""ホ""]","[""ぬの"",""し.く"",""きれ""]",巾,수건 건,50,5,kanjidic2,https://www.edrdg.org/kanjidic/kanjidic2.xml.gz,CC BY-SA 4.0,auto,1,Auto draft: KANJIDIC2 readings/radical; Korean meaning draft derived from local Korean word gloss or curated KANJIDIC English fallback.
府,"[""부"",""관청""]","[""borough"",""urban prefecture"",""govt office"",""representative body"",""storehouse""]","[""フ""]",[],广,엄호 엄,53,8,kanjidic2,https://www.edrdg.org/kanjidic/kanjidic2.xml.gz,CC BY-SA 4.0,auto,1,Auto draft: KANJIDIC2 readings/radical; Korean meaning draft derived from local Korean word gloss or curated KANJIDIC English fallback.
怖,"[""무섭다""]","[""dreadful"",""be frightened"",""fearful""]","[""フ"",""ホ""]","[""こわ.い"",""こわ.がる"",""お.じる"",""おそ.れる""]",心,마음 심,61,8,kanjidic2,https://www.edrdg.org/kanjidic/kanjidic2.xml.gz,CC BY-SA 4.0,auto,1,Auto draft: KANJIDIC2 readings/radical; Korean meaning draft derived from local Korean word gloss or curated KANJIDIC English fallback.
扶,"[""돕다""]","[""aid"",""help"",""assist""]","[""フ""]","[""たす.ける""]",手,손 수,64,7,kanjidic2,https://www.edrdg.org/kanjidic/kanjidic2.xml.gz,CC BY-SA 4.0,auto,2,Auto draft: KANJIDIC2 readings/radical; Korean meaning draft derived from local Korean word gloss or curated KANJIDIC English fallback.
敷,"[""깔다"",""펼치다""]","[""spread"",""pave"",""sit"",""promulgate""]","[""フ""]","[""し.く"",""-し.き""]",攴,둥글월 문,66,15,kanjidic2,https://www.edrdg.org/kanjidic/kanjidic2.xml.gz,CC BY-SA 4.0,auto,1,Auto draft: KANJIDIC2 readings/radical; Korean meaning draft derived from local Korean word gloss or curated KANJIDIC English fallback.
普,"[""널리"",""보편""]","[""universal"",""wide(ly)"",""generally"",""Prussia""]","[""フ""]","[""あまね.く"",""あまねし""]",日,날 일,72,12,kanjidic2,https://www.edrdg.org/kanjidic/kanjidic2.xml.gz,CC BY-SA 4.0,auto,1,Auto draft: KANJIDIC2 readings/radical; Korean meaning draft derived from local Korean word gloss or curated KANJIDIC English fallback.
浮,"[""뜨다""]","[""floating"",""float"",""rise to surface""]","[""フ""]","[""う.く"",""う.かれる"",""う.かぶ"",""う.かべる""]",水,물 수,85,10,kanjidic2,https://www.edrdg.org/kanjidic/kanjidic2.xml.gz,CC BY-SA 4.0,auto,1,Auto draft: KANJIDIC2 readings/radical; Korean meaning draft derived from local Korean word gloss or curated KANJIDIC English fallback.
父,"[""아빠"",""아버지""]","[""father""]","[""フ""]","[""ちち""]",父,아비 부,88,4,kanjidic2,https://www.edrdg.org/kanjidic/kanjidic2.xml.gz,CC BY-SA 4.0,auto,1,Auto draft: KANJIDIC2 readings/radical; Korean meaning draft derived from local Korean word gloss or curated KANJIDIC English fallback.
符,"[""표식"",""부적""]","[""token"",""sign"",""mark"",""tally"",""charm""]","[""フ""]",[],竹,대 죽,118,11,kanjidic2,https://www.edrdg.org/kanjidic/kanjidic2.xml.gz,CC BY-SA 4.0,auto,1,Auto draft: KANJIDIC2 readings/radical; Korean meaning draft derived from local Korean word gloss or curated KANJIDIC English fallback.
腐,"[""썩다"",""상하다"",""부패하다""]","[""rot"",""decay"",""sour""]","[""フ""]","[""くさ.る"",""-くさ.る"",""くさ.れる"",""くさ.れ"",""くさ.らす"",""くさ.す""]",肉,고기 육,130,14,kanjidic2,https://www.edrdg.org/kanjidic/kanjidic2.xml.gz,CC BY-SA 4.0,auto,1,Auto draft: KANJIDIC2 readings/radical; Korean meaning draft derived from local Korean word gloss or curated KANJIDIC English fallback.
膚,"[""피부"",""살결""]","[""skin"",""body"",""grain"",""texture"",""disposition""]","[""フ""]","[""はだ""]",肉,고기 육,130,15,kanjidic2,https://www.edrdg.org/kanjidic/kanjidic2.xml.gz,CC BY-SA 4.0,auto,1,Auto draft: KANJIDIC2 readings/radical; Korean meaning draft derived from local Korean word gloss or curated KANJIDIC English fallback.
譜,"[""악보"",""계보""]","[""musical score"",""music"",""note"",""staff"",""table"",""genealogy""]","[""フ""]",[],言,말씀 언,149,19,kanjidic2,https://www.edrdg.org/kanjidic/kanjidic2.xml.gz,CC BY-SA 4.0,auto,1,Auto draft: KANJIDIC2 readings/radical; Korean meaning draft derived from local Korean word gloss or curated KANJIDIC English fallback.
負,"[""패배""]","[""defeat"",""negative"",""-"",""minus"",""bear"",""owe"",""assume a responsibility""]","[""フ""]","[""ま.ける"",""ま.かす"",""お.う""]",貝,조개 패,154,9,kanjidic2,https://www.edrdg.org/kanjidic/kanjidic2.xml.gz,CC BY-SA 4.0,auto,1,Auto draft: KANJIDIC2 readings/radical; Korean meaning draft derived from local Korean word gloss or curated KANJIDIC English fallback.
賦,"[""부과하다"",""시""]","[""levy"",""ode"",""prose"",""poem"",""tribute"",""installment""]","[""フ"",""ブ""]",[],貝,조개 패,154,15,kanjidic2,https://www.edrdg.org/kanjidic/kanjidic2.xml.gz,CC BY-SA 4.0,auto,1,Auto draft: KANJIDIC2 readings/radical; Korean meaning draft derived from local Korean word gloss or curated KANJIDIC English fallback.
赴,"[""가다"",""진행하다"",""나아가다""]","[""proceed"",""get"",""become"",""tend""]","[""フ""]","[""おもむ.く""]",走,달아날 주,156,9,kanjidic2,https://www.edrdg.org/kanjidic/kanjidic2.xml.gz,CC BY-SA 4.0,auto,1,Auto draft: KANJIDIC2 readings/radical; Korean meaning draft derived from local Korean word gloss or curated KANJIDIC English fallback.
侮,"[""무시하다""]","[""scorn"",""despise"",""make light of"",""contempt""]","[""ブ""]","[""あなど.る"",""あなず.る""]",人,사람 인,9,8,kanjidic2,https://www.edrdg.org/kanjidic/kanjidic2.xml.gz,CC BY-SA 4.0,auto,1,Auto draft: KANJIDIC2 readings/radical; Korean meaning draft derived from local Korean word gloss or curated KANJIDIC English fallback.
撫,"[""쓰다듬다""]","[""stroke"",""pat"",""smooth down""]","[""ブ"",""フ""]","[""な.でる""]",手,손 수,64,15,kanjidic2,https://www.edrdg.org/kanjidic/kanjidic2.xml.gz,CC BY-SA 4.0,auto,1,Auto draft: KANJIDIC2 readings/radical; Korean meaning draft derived from local Korean word gloss or curated KANJIDIC English fallback.
武,"[""무사"",""군사""]","[""warrior"",""military"",""chivalry"",""arms""]","[""ブ"",""ム""]","[""たけ"",""たけ.し""]",止,그칠 지,77,8,kanjidic2,https://www.edrdg.org/kanjidic/kanjidic2.xml.gz,CC BY-SA 4.0,auto,1,Auto draft: KANJIDIC2 readings/radical; Korean meaning draft derived from local Korean word gloss or curated KANJIDIC English fallback.
舞,"[""춤추다"",""흩날리다""]","[""dance"",""flit"",""circle"",""wheel""]","[""ブ""]","[""ま.う"",""-ま.う"",""まい""]",舛,어길 천,136,15,kanjidic2,https://www.edrdg.org/kanjidic/kanjidic2.xml.gz,CC BY-SA 4.0,auto,1,Auto draft: KANJIDIC2 readings/radical; Korean meaning draft derived from local Korean word gloss or curated KANJIDIC English fallback.
部,"[""부분"",""부서""]","[""section"",""bureau"",""dept"",""class"",""copy"",""part"",""portion"",""counter for copies of a newspaper or magazine""]","[""ブ""]","[""-べ""]",邑,고을 읍,163,11,kanjidic2,https://www.edrdg.org/kanjidic/kanjidic2.xml.gz,CC BY-SA 4.0,auto,1,Auto draft: KANJIDIC2 readings/radical; Korean meaning draft derived from local Korean word gloss or curated KANJIDIC English fallback.
封,"[""봉(封)"",""봉함""]","[""seal"",""closing""]","[""フウ"",""ホウ""]",[],寸,마디 촌,41,9,kanjidic2,https://www.edrdg.org/kanjidic/kanjidic2.xml.gz,CC BY-SA 4.0,auto,1,Auto draft: KANJIDIC2 readings/radical; Korean meaning draft derived from local Korean word gloss or curated KANJIDIC English fallback.
風,"[""바람""]","[""wind"",""air"",""style"",""manner""]","[""フウ"",""フ""]","[""かぜ"",""かざ-""]",風,바람 풍,182,9,kanjidic2,https://www.edrdg.org/kanjidic/kanjidic2.xml.gz,CC BY-SA 4.0,auto,1,Auto draft: KANJIDIC2 readings/radical; Korean meaning draft derived from local Korean word gloss or curated KANJIDIC English fallback.
伏,"[""엎드리다"",""복종하다""]","[""prostrated"",""bend down"",""bow"",""cover"",""lay (pipes)""]","[""フク""]","[""ふ.せる"",""ふ.す""]",人,사람 인,9,6,kanjidic2,https://www.edrdg.org/kanjidic/kanjidic2.xml.gz,CC BY-SA 4.0,auto,1,Auto draft: KANJIDIC2 readings/radical; Korean meaning draft derived from local Korean word gloss or curated KANJIDIC English fallback.
副,"[""특히"",""유난히""]","[""vice-"",""assistant"",""aide"",""duplicate"",""copy""]","[""フク""]",[],刀,칼 도,18,11,kanjidic2,https://www.edrdg.org/kanjidic/kanjidic2.xml.gz,CC BY-SA 4.0,auto,1,Auto draft: KANJIDIC2 readings/radical; Korean meaning draft derived from local Korean word gloss or curated KANJIDIC English fallback.
復,"[""돌아가다"",""회복""]","[""restore"",""return to"",""revert"",""resume""]","[""フク""]","[""また""]",彳,두인변 척,60,12,kanjidic2,https://www.edrdg.org/kanjidic/kanjidic2.xml.gz,CC BY-SA 4.0,auto,1,Auto draft: KANJIDIC2 readings/radical; Korean meaning draft derived from local Korean word gloss or curated KANJIDIC English fallback.
幅,"[""폭""]","[""hanging scroll"",""width""]","[""フク""]","[""はば""]",巾,수건 건,50,12,kanjidic2,https://www.edrdg.org/kanjidic/kanjidic2.xml.gz,CC BY-SA 4.0,auto,1,Auto draft: KANJIDIC2 readings/radical; Korean meaning draft derived from local Korean word gloss or curated KANJIDIC English fallback.
服,"[""옷""]","[""clothing"",""admit"",""obey"",""discharge""]","[""フク""]",[],月,달 월,74,8,kanjidic2,https://www.edrdg.org/kanjidic/kanjidic2.xml.gz,CC BY-SA 4.0,auto,1,Auto draft: KANJIDIC2 readings/radical; Korean meaning draft derived from local Korean word gloss or curated KANJIDIC English fallback.
福,"[""복"",""행운""]","[""blessing"",""fortune"",""luck"",""wealth""]","[""フク""]",[],示,보일 시,113,13,kanjidic2,https://www.edrdg.org/kanjidic/kanjidic2.xml.gz,CC BY-SA 4.0,auto,1,Auto draft: KANJIDIC2 readings/radical; Korean meaning draft derived from local Korean word gloss or curated KANJIDIC English fallback.
腹,"[""배"",""복부""]","[""abdomen"",""belly"",""stomach""]","[""フク""]","[""はら""]",肉,고기 육,130,13,kanjidic2,https://www.edrdg.org/kanjidic/kanjidic2.xml.gz,CC BY-SA 4.0,auto,1,Auto draft: KANJIDIC2 readings/radical; Korean meaning draft derived from local Korean word gloss or curated KANJIDIC English fallback.
複,"[""겹치다"",""복합""]","[""duplicate"",""double"",""compound"",""multiple""]","[""フク""]",[],衣,옷 의,145,14,kanjidic2,https://www.edrdg.org/kanjidic/kanjidic2.xml.gz,CC BY-SA 4.0,auto,1,Auto draft: KANJIDIC2 readings/radical; Korean meaning draft derived from local Korean word gloss or curated KANJIDIC English fallback.
覆,"[""덮다"",""씌우다"",""가리다""]","[""capsize"",""cover"",""shade"",""mantle"",""be ruined""]","[""フク""]","[""おお.う"",""くつがえ.す"",""くつがえ.る""]",襾,덮을 아,146,18,kanjidic2,https://www.edrdg.org/kanjidic/kanjidic2.xml.gz,CC BY-SA 4.0,auto,1,Auto draft: KANJIDIC2 readings/radical; Korean meaning draft derived from local Korean word gloss or curated KANJIDIC English fallback.
払,"[""지불하다""]","[""pay"",""clear out"",""prune"",""banish"",""dispose of""]","[""フツ"",""ヒツ"",""ホツ""]","[""はら.う"",""-はら.い"",""-ばら.い""]",手,손 수,64,5,kanjidic2,https://www.edrdg.org/kanjidic/kanjidic2.xml.gz,CC BY-SA 4.0,auto,1,Auto draft: KANJIDIC2 readings/radical; Korean meaning draft derived from local Korean word gloss or curated KANJIDIC English fallback.
沸,"[""끓다""]","[""seethe"",""boil"",""ferment"",""uproar"",""breed""]","[""フツ""]","[""わ.く"",""わ.かす""]",水,물 수,85,8,kanjidic2,https://www.edrdg.org/kanjidic/kanjidic2.xml.gz,CC BY-SA 4.0,auto,1,Auto draft: KANJIDIC2 readings/radical; Korean meaning draft derived from local Korean word gloss or curated KANJIDIC English fallback.
仏,"[""부처"",""프랑스""]","[""Buddha"",""the dead"",""France""]","[""ブツ"",""フツ""]","[""ほとけ""]",人,사람 인,9,4,kanjidic2,https://www.edrdg.org/kanjidic/kanjidic2.xml.gz,CC BY-SA 4.0,auto,1,Auto draft: KANJIDIC2 readings/radical; Korean meaning draft derived from local Korean word gloss or curated KANJIDIC English fallback.
物,"[""물건"",""것""]","[""thing"",""object"",""matter""]","[""ブツ"",""モツ""]","[""もの"",""もの-""]",牛,소 우,93,8,kanjidic2,https://www.edrdg.org/kanjidic/kanjidic2.xml.gz,CC BY-SA 4.0,auto,1,Auto draft: KANJIDIC2 readings/radical; Korean meaning draft derived from local Korean word gloss or curated KANJIDIC English fallback.
分,"[""알다"",""이해하다""]","[""part"",""minute of time"",""segment"",""share"",""degree"",""one's lot"",""duty"",""understand"",""know"",""rate"",""1%"",""chances"",""shaku/100""]","[""ブン"",""フン"",""ブ""]","[""わ.ける"",""わ.け"",""わ.かれる"",""わ.かる"",""わ.かつ""]",刀,칼 도,18,4,kanjidic2,https://www.edrdg.org/kanjidic/kanjidic2.xml.gz,CC BY-SA 4.0,auto,1,Auto draft: KANJIDIC2 readings/radical; Korean meaning draft derived from local Korean word gloss or curated KANJIDIC English fallback.
噴,"[""뿜다"",""분출""]","[""erupt"",""spout"",""emit"",""flush out""]","[""フン""]","[""ふ.く""]",口,입 구,30,15,kanjidic2,https://www.edrdg.org/kanjidic/kanjidic2.xml.gz,CC BY-SA 4.0,auto,1,Auto draft: KANJIDIC2 readings/radical; Korean meaning draft derived from local Korean word gloss or curated KANJIDIC English fallback.
憤,"[""분노""]","[""aroused"",""resent"",""be indignant"",""anger""]","[""フン""]","[""いきどお.る""]",心,마음 심,61,15,kanjidic2,https://www.edrdg.org/kanjidic/kanjidic2.xml.gz,CC BY-SA 4.0,auto,1,Auto draft: KANJIDIC2 readings/radical; Korean meaning draft derived from local Korean word gloss or curated KANJIDIC English fallback.
焚,"[""불태우다"",""끓이다""]","[""burn"",""kindle"",""build a fire"",""boil"",""cook""]","[""フン"",""ホン"",""ハン""]","[""た.く"",""や.く"",""やきがり""]",火,불 화,86,12,kanjidic2,https://www.edrdg.org/kanjidic/kanjidic2.xml.gz,CC BY-SA 4.0,auto,1,Auto draft: KANJIDIC2 readings/radical; Korean meaning draft derived from local Korean word gloss or curated KANJIDIC English fallback.
奮,"[""분발하다"",""떨치다""]","[""stirred up"",""be invigorated"",""flourish""]","[""フン""]","[""ふる.う""]",大,큰 대,37,16,kanjidic2,https://www.edrdg.org/kanjidic/kanjidic2.xml.gz,CC BY-SA 4.0,auto,1,Auto draft: KANJIDIC2 readings/radical; Korean meaning draft derived from local Korean word gloss or curated KANJIDIC English fallback.
粉,"[""가루""]","[""flour"",""powder"",""dust""]","[""フン""]","[""デシメートル"",""こ"",""こな""]",米,쌀 미,119,10,kanjidic2,https://www.edrdg.org/kanjidic/kanjidic2.xml.gz,CC BY-SA 4.0,auto,1,Auto draft: KANJIDIC2 readings/radical; Korean meaning draft derived from local Korean word gloss or curated KANJIDIC English fallback.
紛,"[""뒤섞이다""]","[""distract"",""be mistaken for"",""go astray"",""divert""]","[""フン""]","[""まぎ.れる"",""-まぎ.れ"",""まぎ.らす"",""まぎ.らわす"",""まぎ.らわしい""]",糸,실 사,120,10,kanjidic2,https://www.edrdg.org/kanjidic/kanjidic2.xml.gz,CC BY-SA 4.0,auto,1,Auto draft: KANJIDIC2 readings/radical; Korean meaning draft derived from local Korean word gloss or curated KANJIDIC English fallback.
雰,"[""분위기""]","[""atmosphere"",""fog""]","[""フン""]",[],雨,비 우,173,12,kanjidic2,https://www.edrdg.org/kanjidic/kanjidic2.xml.gz,CC BY-SA 4.0,verified,2,Human-reviewed 2026-08-19: KANJIDIC meanings and linked release vocabulary cross-checked.
文,"[""글"",""문장"",""문화""]","[""sentence"",""literature"",""style"",""art"",""decoration"",""figures"",""plan"",""literary radical (no. 67)""]","[""ブン"",""モン""]","[""ふみ"",""あや""]",文,글월 문,67,4,kanjidic2,https://www.edrdg.org/kanjidic/kanjidic2.xml.gz,CC BY-SA 4.0,auto,1,Auto draft: KANJIDIC2 readings/radical; Korean meaning draft derived from local Korean word gloss or curated KANJIDIC English fallback.
聞,"[""듣다""]","[""hear"",""ask"",""listen""]","[""ブン"",""モン""]","[""き.く"",""き.こえる""]",耳,귀 이,128,14,kanjidic2,https://www.edrdg.org/kanjidic/kanjidic2.xml.gz,CC BY-SA 4.0,auto,1,Auto draft: KANJIDIC2 readings/radical; Korean meaning draft derived from local Korean word gloss or curated KANJIDIC English fallback.
併,"[""아우르다"",""합치다""]","[""join"",""get together"",""unite"",""collective""]","[""ヘイ""]","[""あわ.せる""]",人,사람 인,9,8,kanjidic2,https://www.edrdg.org/kanjidic/kanjidic2.xml.gz,CC BY-SA 4.0,auto,1,Auto draft: KANJIDIC2 readings/radical; Korean meaning draft derived from local Korean word gloss or curated KANJIDIC English fallback.
兵,"[""병사"",""군대""]","[""soldier"",""private"",""troops"",""army"",""warfare"",""strategy"",""tactics""]","[""ヘイ"",""ヒョウ""]","[""つわもの""]",八,여덟 팔,12,7,kanjidic2,https://www.edrdg.org/kanjidic/kanjidic2.xml.gz,CC BY-SA 4.0,auto,1,Auto draft: KANJIDIC2 readings/radical; Korean meaning draft derived from local Korean word gloss or curated KANJIDIC English fallback.
幣,"[""화폐"",""폐단""]","[""cash"",""bad habit"",""humble prefix"",""gift"",""Shinto offerings of cloth"",""rope"",""cut paper""]","[""ヘイ""]","[""ぬさ""]",巾,수건 건,50,15,kanjidic2,https://www.edrdg.org/kanjidic/kanjidic2.xml.gz,CC BY-SA 4.0,auto,1,Auto draft: KANJIDIC2 readings/radical; Korean meaning draft derived from local Korean word gloss or curated KANJIDIC English fallback.
平,"[""평평한""]","[""even"",""flat"",""peace""]","[""ヘイ"",""ビョウ"",""ヒョウ""]","[""たい.ら"",""たい.らげる"",""ひら""]",干,방패 간,51,5,kanjidic2,https://www.edrdg.org/kanjidic/kanjidic2.xml.gz,CC BY-SA 4.0,auto,1,Auto draft: KANJIDIC2 readings/radical; Korean meaning draft derived from local Korean word gloss or curated KANJIDIC English fallback.
弊,"[""폐단"",""해악""]","[""abuse"",""evil"",""vice"",""breakage""]","[""ヘイ""]",[],廾,밑스물입 공,55,15,kanjidic2,https://www.edrdg.org/kanjidic/kanjidic2.xml.gz,CC BY-SA 4.0,auto,2,Auto draft: KANJIDIC2 readings/radical; Korean meaning draft derived from local Korean word gloss or curated KANJIDIC English fallback.
柄,"[""손잡이"",""자루""]","[""design"",""pattern"",""build"",""nature"",""character"",""handle"",""crank"",""grip"",""knob"",""shaft""]","[""ヘイ""]","[""がら"",""え"",""つか""]",木,나무 목,75,9,kanjidic2,https://www.edrdg.org/kanjidic/kanjidic2.xml.gz,CC BY-SA 4.0,auto,1,Auto draft: KANJIDIC2 readings/radical; Korean meaning draft derived from local Korean word gloss or curated KANJIDIC English fallback.
並,"[""한줄로서다"",""늘어서다""]","[""row"",""and"",""besides"",""as well as"",""line up"",""rank with"",""rival"",""equal""]","[""ヘイ"",""ホウ""]","[""な.み"",""なみ"",""なら.べる"",""なら.ぶ"",""なら.びに""]",一,한 일,1,8,kanjidic2,https://www.edrdg.org/kanjidic/kanjidic2.xml.gz,CC BY-SA 4.0,auto,1,Auto draft: KANJIDIC2 readings/radical; Korean meaning draft derived from local Korean word gloss or curated KANJIDIC English fallback.
閉,"[""(문 따위를) 닫다"",""(문을) 닫다""]","[""closed"",""shut""]","[""ヘイ""]","[""と.じる"",""と.ざす"",""し.める"",""し.まる"",""た.てる""]",門,문 문,169,11,kanjidic2,https://www.edrdg.org/kanjidic/kanjidic2.xml.gz,CC BY-SA 4.0,auto,1,Auto draft: KANJIDIC2 readings/radical; Korean meaning draft derived from local Korean word gloss or curated KANJIDIC English fallback.
米,"[""쌀""]","[""rice"",""USA"",""metre""]","[""ベイ"",""マイ"",""メエトル""]","[""こめ"",""よね""]",米,쌀 미,119,6,kanjidic2,https://www.edrdg.org/kanjidic/kanjidic2.xml.gz,CC BY-SA 4.0,auto,1,Auto draft: KANJIDIC2 readings/radical; Korean meaning draft derived from local Korean word gloss or curated KANJIDIC English fallback.
壁,"[""벽""]","[""wall"",""lining (stomach)"",""fence""]","[""ヘキ""]","[""かべ""]",土,흙 토,32,16,kanjidic2,https://www.edrdg.org/kanjidic/kanjidic2.xml.gz,CC BY-SA 4.0,auto,1,Auto draft: KANJIDIC2 readings/radical; Korean meaning draft derived from local Korean word gloss or curated KANJIDIC English fallback.
癖,"[""버릇"",""습관""]","[""mannerism"",""habit"",""vice"",""trait"",""fault"",""kink""]","[""ヘキ""]","[""くせ"",""くせ.に""]",疒,병질안 역,104,18,kanjidic2,https://www.edrdg.org/kanjidic/kanjidic2.xml.gz,CC BY-SA 4.0,auto,1,Auto draft: KANJIDIC2 readings/radical; Korean meaning draft derived from local Korean word gloss or curated KANJIDIC English fallback.
別,"[""구별"",""다른""]","[""separate"",""branch off"",""diverge"",""fork"",""another"",""extra"",""specially""]","[""ベツ""]","[""わか.れる"",""わ.ける""]",刀,칼 도,18,7,kanjidic2,https://www.edrdg.org/kanjidic/kanjidic2.xml.gz,CC BY-SA 4.0,auto,1,Auto draft: KANJIDIC2 readings/radical; Korean meaning draft derived from local Korean word gloss or curated KANJIDIC English fallback.
蔑,"[""업신여기다"",""무시하다""]","[""ignore"",""despise"",""neglect"",""ridicule""]","[""ベツ""]","[""ないがしろ"",""なみ.する"",""くらい"",""さげす.む""]",艸,풀 초,140,14,kanjidic2,https://www.edrdg.org/kanjidic/kanjidic2.xml.gz,CC BY-SA 4.0,auto,1,Auto draft: KANJIDIC2 readings/radical; Korean meaning draft derived from local Korean word gloss or curated KANJIDIC English fallback.
偏,"[""기울다"",""치우치다(편중)""]","[""partial"",""side"",""left-side radical"",""inclining"",""biased""]","[""ヘン""]","[""かたよ.る""]",人,사람 인,9,11,kanjidic2,https://www.edrdg.org/kanjidic/kanjidic2.xml.gz,CC BY-SA 4.0,auto,1,Auto draft: KANJIDIC2 readings/radical; Korean meaning draft derived from local Korean word gloss or curated KANJIDIC English fallback.
変,"[""이상한""]","[""unusual"",""change"",""strange""]","[""ヘン""]","[""か.わる"",""か.わり"",""か.える""]",夂,뒤져올 치,34,9,kanjidic2,https://www.edrdg.org/kanjidic/kanjidic2.xml.gz,CC BY-SA 4.0,auto,1,Auto draft: KANJIDIC2 readings/radical; Korean meaning draft derived from local Korean word gloss or curated KANJIDIC English fallback.
片,"[""조각"",""한쪽""]","[""one-sided"",""leaf"",""sheet"",""right-side kata radical (no. 91)""]","[""ヘン""]","[""かた-"",""かた""]",片,조각 편,91,4,kanjidic2,https://www.edrdg.org/kanjidic/kanjidic2.xml.gz,CC BY-SA 4.0,auto,1,Auto draft: KANJIDIC2 readings/radical; Korean meaning draft derived from local Korean word gloss or curated KANJIDIC English fallback.
編,"[""엮다"",""짜다"",""편집하다""]","[""compilation"",""knit"",""plait"",""braid"",""twist"",""editing"",""completed poem"",""part of a book""]","[""ヘン""]","[""あ.む"",""-あ.み""]",糸,실 사,120,15,kanjidic2,https://www.edrdg.org/kanjidic/kanjidic2.xml.gz,CC BY-SA 4.0,verified,10,Human-reviewed 2026-08-22: KANJIDIC English + JLPT usage cross-check; semantic-review draft confirmed.
辺,"[""근처"",""근처의""]","[""environs"",""boundary"",""border"",""vicinity""]","[""ヘン""]","[""あた.り"",""ほと.り"",""-べ""]",辵,책받침 착,162,5,kanjidic2,https://www.edrdg.org/kanjidic/kanjidic2.xml.gz,CC BY-SA 4.0,auto,1,Auto draft: KANJIDIC2 readings/radical; Korean meaning draft derived from local Korean word gloss or curated KANJIDIC English fallback.
返,"[""되돌려주다""]","[""return"",""answer"",""fade"",""repay""]","[""ヘン""]","[""かえ.す"",""-かえ.す"",""かえ.る"",""-かえ.る""]",辵,책받침 착,162,7,kanjidic2,https://www.edrdg.org/kanjidic/kanjidic2.xml.gz,CC BY-SA 4.0,auto,1,Auto draft: KANJIDIC2 readings/radical; Korean meaning draft derived from local Korean word gloss or curated KANJIDIC English fallback.
遍,"[""두루"",""널리""]","[""everywhere"",""times"",""widely"",""generally""]","[""ヘン""]","[""あまね.く""]",辵,책받침 착,162,12,kanjidic2,https://www.edrdg.org/kanjidic/kanjidic2.xml.gz,CC BY-SA 4.0,auto,1,Auto draft: KANJIDIC2 readings/radical; Korean meaning draft derived from local Korean word gloss or curated KANJIDIC English fallback.
便,"[""소식"",""편지""]","[""convenience"",""facility"",""excrement"",""feces"",""letter"",""chance""]","[""ベン"",""ビン""]","[""たよ.り""]",人,사람 인,9,9,kanjidic2,https://www.edrdg.org/kanjidic/kanjidic2.xml.gz,CC BY-SA 4.0,auto,1,Auto draft: KANJIDIC2 readings/radical; Korean meaning draft derived from local Korean word gloss or curated KANJIDIC English fallback.
勉,"[""힘쓰다"",""노력""]","[""exertion"",""endeavour"",""encourage"",""strive"",""make effort"",""diligent""]","[""ベン""]","[""つと.める""]",力,힘 력,19,10,kanjidic2,https://www.edrdg.org/kanjidic/kanjidic2.xml.gz,CC BY-SA 4.0,auto,1,Auto draft: KANJIDIC2 readings/radical; Korean meaning draft derived from local Korean word gloss or curated KANJIDIC English fallback.
弁,"[""말"",""구별하다"",""판막""]","[""valve"",""petal"",""braid"",""speech"",""dialect"",""discrimination"",""dispose of"",""distinguish"",""conical cap""]","[""ベン"",""ヘン""]","[""かんむり"",""わきま.える"",""わ.ける"",""はなびら"",""あらそ.う""]",廾,밑스물입 공,55,5,kanjidic2,https://www.edrdg.org/kanjidic/kanjidic2.xml.gz,CC BY-SA 4.0,auto,1,Auto draft: KANJIDIC2 readings/radical; Korean meaning draft derived from local Korean word gloss or curated KANJIDIC English fallback.
保,"[""유지하다"",""보존하다""]","[""protect"",""guarantee"",""keep"",""preserve"",""sustain"",""support""]","[""ホ"",""ホウ""]","[""たも.つ""]",人,사람 인,9,9,kanjidic2,https://www.edrdg.org/kanjidic/kanjidic2.xml.gz,CC BY-SA 4.0,auto,1,Auto draft: KANJIDIC2 readings/radical; Korean meaning draft derived from local Korean word gloss or curated KANJIDIC English fallback.
舗,"[""가게"",""포장하다""]","[""shop"",""store"",""pave""]","[""ホ""]",[],人,사람 인,9,15,kanjidic2,https://www.edrdg.org/kanjidic/kanjidic2.xml.gz,CC BY-SA 4.0,auto,2,Auto draft: KANJIDIC2 readings/radical; Korean meaning draft derived from local Korean word gloss or curated KANJIDIC English fallback.
捕,"[""붙잡다"",""포획하다""]","[""catch"",""capture""]","[""ホ""]","[""と.らえる"",""と.らわれる"",""と.る"",""とら.える"",""とら.われる"",""つか.まえる"",""つか.まる""]",手,손 수,64,10,kanjidic2,https://www.edrdg.org/kanjidic/kanjidic2.xml.gz,CC BY-SA 4.0,verified,10,Human-reviewed 2026-08-22: KANJIDIC English + JLPT usage cross-check; semantic-review draft confirmed.
歩,"[""걷다""]","[""walk"",""counter for steps""]","[""ホ"",""ブ"",""フ""]","[""ある.く"",""あゆ.む""]",止,그칠 지,77,8,kanjidic2,https://www.edrdg.org/kanjidic/kanjidic2.xml.gz,CC BY-SA 4.0,auto,1,Auto draft: KANJIDIC2 readings/radical; Korean meaning draft derived from local Korean word gloss or curated KANJIDIC English fallback.
補,"[""보충하다"",""메우다""]","[""supplement"",""supply"",""make good"",""offset"",""compensate"",""assistant"",""learner""]","[""ホ""]","[""おぎな.う""]",衣,옷 의,145,12,kanjidic2,https://www.edrdg.org/kanjidic/kanjidic2.xml.gz,CC BY-SA 4.0,auto,1,Auto draft: KANJIDIC2 readings/radical; Korean meaning draft derived from local Korean word gloss or curated KANJIDIC English fallback.
穂,"[""이삭""]","[""ear"",""ear (grain)"",""head"",""crest (wave)""]","[""スイ""]","[""ほ""]",禾,벼 화,115,15,kanjidic2,https://www.edrdg.org/kanjidic/kanjidic2.xml.gz,CC BY-SA 4.0,auto,1,Auto draft: KANJIDIC2 readings/radical; Korean meaning draft derived from local Korean word gloss or curated KANJIDIC English fallback.
募,"[""모집하다"",""모으다"",""거세지다""]","[""recruit"",""campaign"",""gather (contributions)"",""enlist"",""grow violent""]","[""ボ""]","[""つの.る""]",力,힘 력,19,12,kanjidic2,https://www.edrdg.org/kanjidic/kanjidic2.xml.gz,CC BY-SA 4.0,verified,10,Human-reviewed 2026-08-22: KANJIDIC English + JLPT usage cross-check; semantic-review draft confirmed.
墓,"[""무덤""]","[""grave"",""tomb""]","[""ボ""]","[""はか""]",土,흙 토,32,13,kanjidic2,https://www.edrdg.org/kanjidic/kanjidic2.xml.gz,CC BY-SA 4.0,auto,1,Auto draft: KANJIDIC2 readings/radical; Korean meaning draft derived from local Korean word gloss or curated KANJIDIC English fallback.
慕,"[""사모하다"",""추앙하다""]","[""pining"",""yearn for"",""love dearly"",""adore""]","[""ボ""]","[""した.う""]",心,마음 심,61,14,kanjidic2,https://www.edrdg.org/kanjidic/kanjidic2.xml.gz,CC BY-SA 4.0,auto,1,Auto draft: KANJIDIC2 readings/radical; Korean meaning draft derived from local Korean word gloss or curated KANJIDIC English fallback.
暮,"[""저물다"",""살아가다"",""생활""]","[""evening"",""twilight"",""season's end"",""livelihood"",""make a living"",""spend time""]","[""ボ""]","[""く.れる"",""く.らす""]",日,날 일,72,14,kanjidic2,https://www.edrdg.org/kanjidic/kanjidic2.xml.gz,CC BY-SA 4.0,verified,10,Human-reviewed 2026-08-22: KANJIDIC English + JLPT usage cross-check; semantic-review draft confirmed.
母,"[""엄마""]","[""mother""]","[""ボ""]","[""はは"",""も""]",毋,말 무,80,5,kanjidic2,https://www.edrdg.org/kanjidic/kanjidic2.xml.gz,CC BY-SA 4.0,auto,1,Auto draft: KANJIDIC2 readings/radical; Korean meaning draft derived from local Korean word gloss or curated KANJIDIC English fallback.
簿,"[""장부"",""명부""]","[""register"",""record book""]","[""ボ""]",[],竹,대 죽,118,19,kanjidic2,https://www.edrdg.org/kanjidic/kanjidic2.xml.gz,CC BY-SA 4.0,auto,1,Auto draft: KANJIDIC2 readings/radical; Korean meaning draft derived from local Korean word gloss or curated KANJIDIC English fallback.
倣,"[""본받다"",""모방하다""]","[""emulate"",""imitate""]","[""ホウ""]","[""なら.う""]",人,사람 인,9,10,kanjidic2,https://www.edrdg.org/kanjidic/kanjidic2.xml.gz,CC BY-SA 4.0,auto,1,Auto draft: KANJIDIC2 readings/radical; Korean meaning draft derived from local Korean word gloss or curated KANJIDIC English fallback.
包,"[""싸다"",""포장하다""]","[""wrap"",""pack up"",""cover"",""conceal""]","[""ホウ""]","[""つつ.む"",""くる.む""]",勹,쌀 포,20,5,kanjidic2,https://www.edrdg.org/kanjidic/kanjidic2.xml.gz,CC BY-SA 4.0,auto,1,Auto draft: KANJIDIC2 readings/radical; Korean meaning draft derived from local Korean word gloss or curated KANJIDIC English fallback.
呆,"[""어이없어하다"",""멍하다"",""어리석다""]","[""be amazed"",""disgusted"",""shocked""]","[""ホウ""]","[""ほけ.る"",""ぼ.ける"",""あき.れる"",""おろか""]",口,입 구,30,7,kanjidic2,https://www.edrdg.org/kanjidic/kanjidic2.xml.gz,CC BY-SA 4.0,verified,10,Human-reviewed 2026-08-22: KANJIDIC English + JLPT usage cross-check; semantic-review draft confirmed.
報,"[""알리다"",""보도하다""]","[""report"",""news"",""reward"",""retribution""]","[""ホウ""]","[""むく.いる""]",土,흙 토,32,12,kanjidic2,https://www.edrdg.org/kanjidic/kanjidic2.xml.gz,CC BY-SA 4.0,auto,1,Auto draft: KANJIDIC2 readings/radical; Korean meaning draft derived from local Korean word gloss or curated KANJIDIC English fallback.
奉,"[""바치다"",""받들다""]","[""observance"",""offer"",""present"",""dedicate""]","[""ホウ"",""ブ""]","[""たてまつ.る"",""まつ.る"",""ほう.ずる""]",大,큰 대,37,8,kanjidic2,https://www.edrdg.org/kanjidic/kanjidic2.xml.gz,CC BY-SA 4.0,auto,1,Auto draft: KANJIDIC2 readings/radical; Korean meaning draft derived from local Korean word gloss or curated KANJIDIC English fallback.
宝,"[""보물""]","[""treasure"",""wealth"",""valuables""]","[""ホウ""]","[""たから""]",宀,갓머리 면,40,8,kanjidic2,https://www.edrdg.org/kanjidic/kanjidic2.xml.gz,CC BY-SA 4.0,auto,1,Auto draft: KANJIDIC2 readings/radical; Korean meaning draft derived from local Korean word gloss or curated KANJIDIC English fallback.
峰,"[""봉우리"",""산등성이""]","[""summit"",""peak""]","[""ホウ""]","[""みね"",""ね""]",山,뫼 산,46,10,kanjidic2,https://www.edrdg.org/kanjidic/kanjidic2.xml.gz,CC BY-SA 4.0,auto,1,Auto draft: KANJIDIC2 readings/radical; Korean meaning draft derived from local Korean word gloss or curated KANJIDIC English fallback.
崩,"[""무너뜨리다"",""흩뜨리다""]","[""crumble"",""die"",""demolish"",""level""]","[""ホウ""]","[""くず.れる"",""-くず.れ"",""くず.す""]",山,뫼 산,46,11,kanjidic2,https://www.edrdg.org/kanjidic/kanjidic2.xml.gz,CC BY-SA 4.0,auto,1,Auto draft: KANJIDIC2 readings/radical; Korean meaning draft derived from local Korean word gloss or curated KANJIDIC English fallback.
抱,"[""안다"",""전하여"",""마음속에 품다""]","[""embrace"",""hug"",""hold in arms""]","[""ホウ""]","[""だ.く"",""いだ.く"",""かか.える""]",手,손 수,64,8,kanjidic2,https://www.edrdg.org/kanjidic/kanjidic2.xml.gz,CC BY-SA 4.0,auto,1,Auto draft: KANJIDIC2 readings/radical; Korean meaning draft derived from local Korean word gloss or curated KANJIDIC English fallback.
捧,"[""바치다"",""받들다""]","[""lift up"",""give"",""offer"",""consecrate"",""sacrifice"",""dedicate""]","[""ホウ""]","[""ささ.げる""]",手,손 수,64,11,kanjidic2,https://www.edrdg.org/kanjidic/kanjidic2.xml.gz,CC BY-SA 4.0,auto,1,Auto draft: KANJIDIC2 readings/radical; Korean meaning draft derived from local Korean word gloss or curated KANJIDIC English fallback.
放,"[""내던지다"",""내버려 두다""]","[""set free"",""release"",""fire"",""shoot"",""emit"",""banish"",""liberate""]","[""ホウ""]","[""はな.す"",""-っぱな.し"",""はな.つ"",""はな.れる"",""こ.く"",""ほう.る""]",攴,둥글월 문,66,8,kanjidic2,https://www.edrdg.org/kanjidic/kanjidic2.xml.gz,CC BY-SA 4.0,auto,1,Auto draft: KANJIDIC2 readings/radical; Korean meaning draft derived from local Korean word gloss or curated KANJIDIC English fallback.
方,"[""분"",""방향"",""방법""]","[""direction"",""person"",""alternative""]","[""ホウ""]","[""かた"",""-かた"",""-がた""]",方,모 방,70,4,kanjidic2,https://www.edrdg.org/kanjidic/kanjidic2.xml.gz,CC BY-SA 4.0,auto,1,Auto draft: KANJIDIC2 readings/radical; Korean meaning draft derived from local Korean word gloss or curated KANJIDIC English fallback.
法,"[""법"",""방법""]","[""method"",""law"",""rule"",""principle"",""model"",""system""]","[""ホウ"",""ハッ"",""ホッ"",""フラン""]","[""のり""]",水,물 수,85,8,kanjidic2,https://www.edrdg.org/kanjidic/kanjidic2.xml.gz,CC BY-SA 4.0,auto,1,Auto draft: KANJIDIC2 readings/radical; Korean meaning draft derived from local Korean word gloss or curated KANJIDIC English fallback.
泡,"[""거품""]","[""bubbles"",""foam"",""suds"",""froth""]","[""ホウ""]","[""あわ""]",水,물 수,85,8,kanjidic2,https://www.edrdg.org/kanjidic/kanjidic2.xml.gz,CC BY-SA 4.0,auto,1,Auto draft: KANJIDIC2 readings/radical; Korean meaning draft derived from local Korean word gloss or curated KANJIDIC English fallback.
砲,"[""포"",""대포""]","[""cannon"",""gun""]","[""ホウ""]",[],石,돌 석,112,10,kanjidic2,https://www.edrdg.org/kanjidic/kanjidic2.xml.gz,CC BY-SA 4.0,auto,1,Auto draft: KANJIDIC2 readings/radical; Korean meaning draft derived from local Korean word gloss or curated KANJIDIC English fallback.
縫,"[""꿰매다"",""바느질하다""]","[""sew"",""stitch"",""embroider""]","[""ホウ""]","[""ぬ.う""]",糸,실 사,120,16,kanjidic2,https://www.edrdg.org/kanjidic/kanjidic2.xml.gz,CC BY-SA 4.0,auto,1,Auto draft: KANJIDIC2 readings/radical; Korean meaning draft derived from local Korean word gloss or curated KANJIDIC English fallback.
胞,"[""세포"",""주머니""]","[""placenta"",""sac"",""sheath""]","[""ホウ""]",[],肉,고기 육,130,9,kanjidic2,https://www.edrdg.org/kanjidic/kanjidic2.xml.gz,CC BY-SA 4.0,auto,1,Auto draft: KANJIDIC2 readings/radical; Korean meaning draft derived from local Korean word gloss or curated KANJIDIC English fallback.
蜂,"[""벌""]","[""bee"",""wasp"",""hornet""]","[""ホウ""]","[""はち""]",虫,벌레 충,142,13,kanjidic2,https://www.edrdg.org/kanjidic/kanjidic2.xml.gz,CC BY-SA 4.0,auto,1,Auto draft: KANJIDIC2 readings/radical; Korean meaning draft derived from local Korean word gloss or curated KANJIDIC English fallback.
褒,"[""칭찬하다""]","[""praise"",""extol""]","[""ホウ""]","[""ほ.める""]",衣,옷 의,145,15,kanjidic2,https://www.edrdg.org/kanjidic/kanjidic2.xml.gz,CC BY-SA 4.0,auto,1,Auto draft: KANJIDIC2 readings/radical; Korean meaning draft derived from local Korean word gloss or curated KANJIDIC English fallback.
訪,"[""방문하다"",""찾아가다""]","[""call on"",""visit"",""look up"",""offer sympathy""]","[""ホウ""]","[""おとず.れる"",""たず.ねる"",""と.う""]",言,말씀 언,149,11,kanjidic2,https://www.edrdg.org/kanjidic/kanjidic2.xml.gz,CC BY-SA 4.0,auto,1,Auto draft: KANJIDIC2 readings/radical; Korean meaning draft derived from local Korean word gloss or curated KANJIDIC English fallback.
豊,"[""풍부하다"",""넉넉하다""]","[""bountiful"",""excellent"",""rich""]","[""ホウ"",""ブ""]","[""ゆた.か"",""とよ""]",豆,콩 두,151,13,kanjidic2,https://www.edrdg.org/kanjidic/kanjidic2.xml.gz,CC BY-SA 4.0,auto,1,Auto draft: KANJIDIC2 readings/radical; Korean meaning draft derived from local Korean word gloss or curated KANJIDIC English fallback.
邦,"[""나라"",""고국""]","[""home country"",""country"",""Japan""]","[""ホウ""]","[""くに""]",邑,고을 읍,163,7,kanjidic2,https://www.edrdg.org/kanjidic/kanjidic2.xml.gz,CC BY-SA 4.0,auto,1,Auto draft: KANJIDIC2 readings/radical; Korean meaning draft derived from local Korean word gloss or curated KANJIDIC English fallback.
飽,"[""질리다"",""싫증나다""]","[""sated"",""tired of"",""bored"",""satiate""]","[""ホウ""]","[""あ.きる"",""あ.かす"",""あ.く""]",食,밥 식,184,13,kanjidic2,https://www.edrdg.org/kanjidic/kanjidic2.xml.gz,CC BY-SA 4.0,auto,2,Manual format normalization 2026-08-18: 중복 뜻 제거.
乏,"[""빈곤하다""]","[""destitution"",""scarce"",""limited""]","[""ボウ""]","[""とぼ.しい"",""とも.しい""]",丿,삐침 별,4,4,kanjidic2,https://www.edrdg.org/kanjidic/kanjidic2.xml.gz,CC BY-SA 4.0,auto,1,Auto draft: KANJIDIC2 readings/radical; Korean meaning draft derived from local Korean word gloss or curated KANJIDIC English fallback.
亡,"[""잃다"",""여의다"",""사별하다""]","[""deceased"",""the late"",""dying"",""perish""]","[""ボウ"",""モウ""]","[""な.い"",""な.き-"",""ほろ.びる"",""ほろ.ぶ"",""ほろ.ぼす""]",亠,돼지해머리 두,8,3,kanjidic2,https://www.edrdg.org/kanjidic/kanjidic2.xml.gz,CC BY-SA 4.0,auto,1,Auto draft: KANJIDIC2 readings/radical; Korean meaning draft derived from local Korean word gloss or curated KANJIDIC English fallback.
傍,"[""곁"",""옆"",""한편""]","[""bystander"",""side"",""besides"",""while"",""nearby"",""third person""]","[""ボウ""]","[""かたわ.ら"",""わき"",""おか-"",""はた"",""そば""]",人,사람 인,9,12,kanjidic2,https://www.edrdg.org/kanjidic/kanjidic2.xml.gz,CC BY-SA 4.0,verified,10,Human-reviewed 2026-08-22: KANJIDIC English + JLPT usage cross-check; semantic-review draft confirmed.
剖,"[""가르다"",""해부하다""]","[""divide""]","[""ボウ""]",[],刀,칼 도,18,10,kanjidic2,https://www.edrdg.org/kanjidic/kanjidic2.xml.gz,CC BY-SA 4.0,auto,1,Auto draft: KANJIDIC2 readings/radical; Korean meaning draft derived from local Korean word gloss or curated KANJIDIC English fallback.
坊,"[""소년"",""남자아이""]","[""boy"",""priest's residence"",""priest""]","[""ボウ"",""ボッ""]",[],土,흙 토,32,7,kanjidic2,https://www.edrdg.org/kanjidic/kanjidic2.xml.gz,CC BY-SA 4.0,auto,1,Auto draft: KANJIDIC2 readings/radical; Korean meaning draft derived from local Korean word gloss or curated KANJIDIC English fallback.
妨,"[""방해하다""]","[""disturb"",""prevent"",""hamper"",""obstruct""]","[""ボウ""]","[""さまた.げる""]",女,계집 녀,38,7,kanjidic2,https://www.edrdg.org/kanjidic/kanjidic2.xml.gz,CC BY-SA 4.0,auto,1,Auto draft: KANJIDIC2 readings/radical; Korean meaning draft derived from local Korean word gloss or curated KANJIDIC English fallback.
帽,"[""모자"",""머리에 쓰는 것""]","[""cap"",""headgear""]","[""ボウ"",""モウ""]","[""ずきん"",""おお.う""]",巾,수건 건,50,12,kanjidic2,https://www.edrdg.org/kanjidic/kanjidic2.xml.gz,CC BY-SA 4.0,auto,2,Auto draft: KANJIDIC2 readings/radical; Korean meaning draft derived from local Korean word gloss or curated KANJIDIC English fallback.
忘,"[""잊다"",""잊어버리다""]","[""forget""]","[""ボウ""]","[""わす.れる""]",心,마음 심,61,7,kanjidic2,https://www.edrdg.org/kanjidic/kanjidic2.xml.gz,CC BY-SA 4.0,auto,1,Auto draft: KANJIDIC2 readings/radical; Korean meaning draft derived from local Korean word gloss or curated KANJIDIC English fallback.
忙,"[""바쁘다""]","[""busy"",""occupied"",""restless""]","[""ボウ"",""モウ""]","[""いそが.しい"",""せわ.しい"",""おそ.れる"",""うれえるさま""]",心,마음 심,61,6,kanjidic2,https://www.edrdg.org/kanjidic/kanjidic2.xml.gz,CC BY-SA 4.0,auto,1,Auto draft: KANJIDIC2 readings/radical; Korean meaning draft derived from local Korean word gloss or curated KANJIDIC English fallback.
房,"[""방"",""다발""]","[""tassel"",""tuft"",""fringe"",""bunch"",""lock (hair)"",""segment (orange)"",""house"",""room""]","[""ボウ""]","[""ふさ""]",戶,지게 호,63,8,kanjidic2,https://www.edrdg.org/kanjidic/kanjidic2.xml.gz,CC BY-SA 4.0,auto,1,Auto draft: KANJIDIC2 readings/radical; Korean meaning draft derived from local Korean word gloss or curated KANJIDIC English fallback.
暴,"[""난폭하게굴다"",""날뛰다""]","[""outburst"",""rave"",""fret"",""force"",""violence"",""cruelty"",""outrage""]","[""ボウ"",""バク""]","[""あば.く"",""あば.れる""]",日,날 일,72,15,kanjidic2,https://www.edrdg.org/kanjidic/kanjidic2.xml.gz,CC BY-SA 4.0,auto,1,Auto draft: KANJIDIC2 readings/radical; Korean meaning draft derived from local Korean word gloss or curated KANJIDIC English fallback.
望,"[""바라다"",""희망""]","[""ambition"",""full moon"",""hope"",""desire"",""aspire to"",""expect""]","[""ボウ"",""モウ""]","[""のぞ.む"",""もち""]",月,달 월,74,11,kanjidic2,https://www.edrdg.org/kanjidic/kanjidic2.xml.gz,CC BY-SA 4.0,auto,1,Auto draft: KANJIDIC2 readings/radical; Korean meaning draft derived from local Korean word gloss or curated KANJIDIC English fallback.
棒,"[""막대기""]","[""rod"",""stick"",""cane"",""pole"",""club"",""line""]","[""ボウ""]",[],木,나무 목,75,12,kanjidic2,https://www.edrdg.org/kanjidic/kanjidic2.xml.gz,CC BY-SA 4.0,auto,1,Auto draft: KANJIDIC2 readings/radical; Korean meaning draft derived from local Korean word gloss or curated KANJIDIC English fallback.
冒,"[""무릅쓰다"",""범하다""]","[""risk"",""face"",""defy"",""dare"",""damage"",""assume (a name)""]","[""ボウ""]","[""おか.す""]",冂,멀 경,13,9,kanjidic2,https://www.edrdg.org/kanjidic/kanjidic2.xml.gz,CC BY-SA 4.0,auto,1,Auto draft: KANJIDIC2 readings/radical; Korean meaning draft derived from local Korean word gloss or curated KANJIDIC English fallback.
紡,"[""잣다""]","[""spinning""]","[""ボウ""]","[""つむ.ぐ""]",糸,실 사,120,10,kanjidic2,https://www.edrdg.org/kanjidic/kanjidic2.xml.gz,CC BY-SA 4.0,auto,2,Auto draft: KANJIDIC2 readings/radical; Korean meaning draft derived from local Korean word gloss or curated KANJIDIC English fallback.
膨,"[""부풀다"",""부풀리다""]","[""swell"",""get fat"",""thick""]","[""ボウ""]","[""ふく.らむ"",""ふく.れる""]",肉,고기 육,130,16,kanjidic2,https://www.edrdg.org/kanjidic/kanjidic2.xml.gz,CC BY-SA 4.0,auto,2,Manual format normalization 2026-08-18: 쉼표로 분리된 문맥형 뜻을 기본 의미로 정리.
謀,"[""꾀하다"",""계략""]","[""conspire"",""cheat"",""impose on"",""plan"",""devise"",""scheme"",""have in mind"",""deceive""]","[""ボウ"",""ム""]","[""はか.る"",""たばか.る"",""はかりごと""]",言,말씀 언,149,16,kanjidic2,https://www.edrdg.org/kanjidic/kanjidic2.xml.gz,CC BY-SA 4.0,auto,2,Auto draft: KANJIDIC2 readings/radical; Korean meaning draft derived from local Korean word gloss or curated KANJIDIC English fallback.
貿,"[""무역""]","[""trade"",""exchange""]","[""ボウ""]",[],貝,조개 패,154,12,kanjidic2,https://www.edrdg.org/kanjidic/kanjidic2.xml.gz,CC BY-SA 4.0,auto,1,Auto draft: KANJIDIC2 readings/radical; Korean meaning draft derived from local Korean word gloss or curated KANJIDIC English fallback.
防,"[""막다"",""방어하다"",""지키다""]","[""ward off"",""defend"",""protect"",""resist""]","[""ボウ""]","[""ふせ.ぐ""]",阜,언덕 부,170,7,kanjidic2,https://www.edrdg.org/kanjidic/kanjidic2.xml.gz,CC BY-SA 4.0,verified,10,Human-reviewed 2026-08-22: KANJIDIC English + JLPT usage cross-check; semantic-review draft confirmed.
北,"[""북(쪽)""]","[""north""]","[""ホク""]","[""きた""]",匕,비수 비,21,5,kanjidic2,https://www.edrdg.org/kanjidic/kanjidic2.xml.gz,CC BY-SA 4.0,auto,1,Auto draft: KANJIDIC2 readings/radical; Korean meaning draft derived from local Korean word gloss or curated KANJIDIC English fallback.
僕,"[""나"",""저""]","[""me"",""I (male)"",""servant"",""manservant""]","[""ボク""]","[""しもべ""]",人,사람 인,9,14,kanjidic2,https://www.edrdg.org/kanjidic/kanjidic2.xml.gz,CC BY-SA 4.0,auto,1,Auto draft: KANJIDIC2 readings/radical; Korean meaning draft derived from local Korean word gloss or curated KANJIDIC English fallback.
撲,"[""치다"",""때리다""]","[""slap"",""strike"",""hit"",""beat"",""tell"",""speak""]","[""ボク""]",[],手,손 수,64,15,kanjidic2,https://www.edrdg.org/kanjidic/kanjidic2.xml.gz,CC BY-SA 4.0,auto,1,Auto draft: KANJIDIC2 readings/radical; Korean meaning draft derived from local Korean word gloss or curated KANJIDIC English fallback.
朴,"[""소박함"",""순박함""]","[""crude"",""simple"",""plain"",""docile""]","[""ボク""]","[""ほう"",""ほお"",""えのき""]",木,나무 목,75,6,kanjidic2,https://www.edrdg.org/kanjidic/kanjidic2.xml.gz,CC BY-SA 4.0,auto,1,Auto draft: KANJIDIC2 readings/radical; Korean meaning draft derived from local Korean word gloss or curated KANJIDIC English fallback.
牧,"[""목장"",""기르다""]","[""breed"",""care for"",""shepherd"",""feed"",""pasture""]","[""ボク""]","[""まき""]",牛,소 우,93,8,kanjidic2,https://www.edrdg.org/kanjidic/kanjidic2.xml.gz,CC BY-SA 4.0,auto,1,Auto draft: KANJIDIC2 readings/radical; Korean meaning draft derived from local Korean word gloss or curated KANJIDIC English fallback.
没,"[""가라앉다"",""사라지다""]","[""drown"",""sink"",""hide"",""fall into"",""disappear"",""die""]","[""ボツ"",""モツ""]","[""おぼ.れる"",""しず.む"",""ない""]",水,물 수,85,7,kanjidic2,https://www.edrdg.org/kanjidic/kanjidic2.xml.gz,CC BY-SA 4.0,auto,1,Auto draft: KANJIDIC2 readings/radical; Korean meaning draft derived from local Korean word gloss or curated KANJIDIC English fallback.
殆,"[""대부분"",""거의""]","[""almost"",""quite"",""really""]","[""タイ"",""サイ""]","[""ほとほと"",""ほとん.ど"",""あやうい""]",歹,죽을 사,78,9,kanjidic2,https://www.edrdg.org/kanjidic/kanjidic2.xml.gz,CC BY-SA 4.0,auto,2,Auto draft: KANJIDIC2 readings/radical; Korean meaning draft derived from local Korean word gloss or curated KANJIDIC English fallback.
奔,"[""달리다"",""분주하다""]","[""run"",""bustle""]","[""ホン""]","[""はし.る""]",大,큰 대,37,8,kanjidic2,https://www.edrdg.org/kanjidic/kanjidic2.xml.gz,CC BY-SA 4.0,auto,2,Auto draft: KANJIDIC2 readings/radical; Korean meaning draft derived from local Korean word gloss or curated KANJIDIC English fallback.
本,"[""책""]","[""book"",""present"",""main"",""origin"",""true"",""real"",""counter for long cylindrical things""]","[""ホン""]","[""もと""]",木,나무 목,75,5,kanjidic2,https://www.edrdg.org/kanjidic/kanjidic2.xml.gz,CC BY-SA 4.0,auto,1,Auto draft: KANJIDIC2 readings/radical; Korean meaning draft derived from local Korean word gloss or curated KANJIDIC English fallback.
翻,"[""뒤집다"",""번복하다""]","[""flip"",""turn over"",""wave"",""flutter"",""change (mind)""]","[""ホン"",""ハン""]","[""ひるがえ.る"",""ひるがえ.す""]",羽,깃 우,124,18,kanjidic2,https://www.edrdg.org/kanjidic/kanjidic2.xml.gz,CC BY-SA 4.0,auto,1,Auto draft: KANJIDIC2 readings/radical; Korean meaning draft derived from local Korean word gloss or curated KANJIDIC English fallback.
凡,"[""대강"",""대충"",""무릇""]","[""commonplace"",""ordinary"",""mediocre""]","[""ボン"",""ハン""]","[""およ.そ"",""おうよ.そ"",""すべ.て""]",几,안석 궤,16,3,kanjidic2,https://www.edrdg.org/kanjidic/kanjidic2.xml.gz,CC BY-SA 4.0,auto,1,Auto draft: KANJIDIC2 readings/radical; Korean meaning draft derived from local Korean word gloss or curated KANJIDIC English fallback.
盆,"[""오봉"",""쟁반""]","[""basin"",""lantern festival"",""tray""]","[""ボン""]",[],皿,그릇 명,108,9,kanjidic2,https://www.edrdg.org/kanjidic/kanjidic2.xml.gz,CC BY-SA 4.0,auto,1,Auto draft: KANJIDIC2 readings/radical; Korean meaning draft derived from local Korean word gloss or curated KANJIDIC English fallback.
摩,"[""문지르다"",""쓰다듬다""]","[""chafe"",""rub"",""polish"",""grind"",""scrape""]","[""マ""]","[""ま.する"",""さす.る"",""す.る""]",手,손 수,64,15,kanjidic2,https://www.edrdg.org/kanjidic/kanjidic2.xml.gz,CC BY-SA 4.0,auto,1,Auto draft: KANJIDIC2 readings/radical; Korean meaning draft derived from local Korean word gloss or curated KANJIDIC English fallback.
磨,"[""닦다"",""연마하다"",""(이를) 닦다""]","[""grind"",""polish"",""scour"",""improve"",""brush (teeth)""]","[""マ""]","[""みが.く"",""す.る""]",石,돌 석,112,16,kanjidic2,https://www.edrdg.org/kanjidic/kanjidic2.xml.gz,CC BY-SA 4.0,auto,1,Auto draft: KANJIDIC2 readings/radical; Korean meaning draft derived from local Korean word gloss or curated KANJIDIC English fallback.
魔,"[""마귀"",""마법""]","[""witch"",""demon"",""evil spirit""]","[""マ""]",[],鬼,귀신 귀,194,21,kanjidic2,https://www.edrdg.org/kanjidic/kanjidic2.xml.gz,CC BY-SA 4.0,auto,1,Auto draft: KANJIDIC2 readings/radical; Korean meaning draft derived from local Korean word gloss or curated KANJIDIC English fallback.
麻,"[""삼"",""마""]","[""hemp"",""flax"",""numb""]","[""マ"",""マア""]","[""あさ""]",麻,삼 마,200,11,kanjidic2,https://www.edrdg.org/kanjidic/kanjidic2.xml.gz,CC BY-SA 4.0,auto,1,Auto draft: KANJIDIC2 readings/radical; Korean meaning draft derived from local Korean word gloss or curated KANJIDIC English fallback.
埋,"[""묻다"",""메우다"",""채우다""]","[""bury"",""be filled up"",""embedded""]","[""マイ""]","[""う.める"",""う.まる"",""う.もれる"",""うず.める"",""うず.まる"",""い.ける""]",土,흙 토,32,10,kanjidic2,https://www.edrdg.org/kanjidic/kanjidic2.xml.gz,CC BY-SA 4.0,auto,1,Auto draft: KANJIDIC2 readings/radical; Korean meaning draft derived from local Korean word gloss or curated KANJIDIC English fallback.
妹,"[""여동생""]","[""younger sister""]","[""マイ""]","[""いもうと""]",女,계집 녀,38,8,kanjidic2,https://www.edrdg.org/kanjidic/kanjidic2.xml.gz,CC BY-SA 4.0,auto,1,Auto draft: KANJIDIC2 readings/radical; Korean meaning draft derived from local Korean word gloss or curated KANJIDIC English fallback.
昧,"[""어둡다"",""어리석다""]","[""dark"",""foolish""]","[""マイ"",""バイ""]","[""くら.い"",""むさぼ.る""]",日,날 일,72,9,kanjidic2,https://www.edrdg.org/kanjidic/kanjidic2.xml.gz,CC BY-SA 4.0,auto,2,Auto draft: KANJIDIC2 readings/radical; Korean meaning draft derived from local Korean word gloss or curated KANJIDIC English fallback.
枚,"[""장"",""얇고 평평한 것을 세는 단위""]","[""sheet of..."",""counter for flat thin objects or sheets""]","[""マイ"",""バイ""]",[],木,나무 목,75,8,kanjidic2,https://www.edrdg.org/kanjidic/kanjidic2.xml.gz,CC BY-SA 4.0,verified,10,Human-reviewed 2026-08-22: KANJIDIC English + JLPT usage cross-check; semantic-review draft confirmed.
毎,"[""매번"",""마다""]","[""every""]","[""マイ""]","[""ごと"",""-ごと.に""]",毋,말 무,80,6,kanjidic2,https://www.edrdg.org/kanjidic/kanjidic2.xml.gz,CC BY-SA 4.0,auto,1,Auto draft: KANJIDIC2 readings/radical; Korean meaning draft derived from local Korean word gloss or curated KANJIDIC English fallback.
膜,"[""막"",""피막""]","[""membrane""]","[""マク""]",[],肉,고기 육,130,14,kanjidic2,https://www.edrdg.org/kanjidic/kanjidic2.xml.gz,CC BY-SA 4.0,auto,2,Auto draft: KANJIDIC2 readings/radical; Korean meaning draft derived from local Korean word gloss or curated KANJIDIC English fallback.
枕,"[""베개""]","[""pillow""]","[""チン"",""シン""]","[""まくら""]",木,나무 목,75,8,kanjidic2,https://www.edrdg.org/kanjidic/kanjidic2.xml.gz,CC BY-SA 4.0,auto,1,Auto draft: KANJIDIC2 readings/radical; Korean meaning draft derived from local Korean word gloss or curated KANJIDIC English fallback.
又,"[""또는""]","[""or again"",""furthermore"",""on the other hand""]","[""ユウ""]","[""また"",""また-"",""また.の-""]",又,또 우,29,2,kanjidic2,https://www.edrdg.org/kanjidic/kanjidic2.xml.gz,CC BY-SA 4.0,auto,2,Auto draft: KANJIDIC2 readings/radical; Korean meaning draft derived from local Korean word gloss or curated KANJIDIC English fallback.
末,"[""끝"",""말""]","[""end"",""close"",""tip"",""powder"",""posterity""]","[""マツ"",""バツ""]","[""すえ"",""うら"",""うれ""]",木,나무 목,75,5,kanjidic2,https://www.edrdg.org/kanjidic/kanjidic2.xml.gz,CC BY-SA 4.0,auto,1,Auto draft: KANJIDIC2 readings/radical; Korean meaning draft derived from local Korean word gloss or curated KANJIDIC English fallback.
万,"[""만"",""매우 많음""]","[""ten thousand"",""10,000""]","[""マン"",""バン""]","[""よろず""]",一,한 일,1,3,kanjidic2,https://www.edrdg.org/kanjidic/kanjidic2.xml.gz,CC BY-SA 4.0,auto,1,Auto draft: KANJIDIC2 readings/radical; Korean meaning draft derived from local Korean word gloss or curated KANJIDIC English fallback.
慢,"[""게으름"",""업신여김""]","[""ridicule"",""laziness""]","[""マン""]",[],心,마음 심,61,14,kanjidic2,https://www.edrdg.org/kanjidic/kanjidic2.xml.gz,CC BY-SA 4.0,auto,1,Auto draft: KANJIDIC2 readings/radical; Korean meaning draft derived from local Korean word gloss or curated KANJIDIC English fallback.
満,"[""가득 차다"",""성숙하다""]","[""full"",""fullness"",""enough"",""satisfy""]","[""マン"",""バン""]","[""み.ちる"",""み.つ"",""み.たす""]",水,물 수,85,12,kanjidic2,https://www.edrdg.org/kanjidic/kanjidic2.xml.gz,CC BY-SA 4.0,auto,1,Auto draft: KANJIDIC2 readings/radical; Korean meaning draft derived from local Korean word gloss or curated KANJIDIC English fallback.
漫,"[""만화"",""제멋대로""]","[""cartoon"",""involuntarily"",""unrestrained"",""in spite of oneself"",""corrupt""]","[""マン""]","[""みだり.に"",""そぞ.ろ""]",水,물 수,85,14,kanjidic2,https://www.edrdg.org/kanjidic/kanjidic2.xml.gz,CC BY-SA 4.0,auto,1,Auto draft: KANJIDIC2 readings/radical; Korean meaning draft derived from local Korean word gloss or curated KANJIDIC English fallback.
味,"[""맛""]","[""flavor"",""taste""]","[""ミ""]","[""あじ"",""あじ.わう""]",口,입 구,30,8,kanjidic2,https://www.edrdg.org/kanjidic/kanjidic2.xml.gz,CC BY-SA 4.0,auto,1,Auto draft: KANJIDIC2 readings/radical; Korean meaning draft derived from local Korean word gloss or curated KANJIDIC English fallback.
未,"[""아직"",""그러나"",""여전히""]","[""un-"",""not yet"",""hitherto"",""still"",""even now"",""sign of the ram"",""1-3PM"",""eighth sign of Chinese zodiac""]","[""ミ"",""ビ""]","[""いま.だ"",""ま.だ"",""ひつじ""]",木,나무 목,75,5,kanjidic2,https://www.edrdg.org/kanjidic/kanjidic2.xml.gz,CC BY-SA 4.0,auto,1,Auto draft: KANJIDIC2 readings/radical; Korean meaning draft derived from local Korean word gloss or curated KANJIDIC English fallback.
魅,"[""매력"",""홀리다""]","[""fascination"",""charm"",""bewitch""]","[""ミ""]",[],鬼,귀신 귀,194,15,kanjidic2,https://www.edrdg.org/kanjidic/kanjidic2.xml.gz,CC BY-SA 4.0,auto,1,Auto draft: KANJIDIC2 readings/radical; Korean meaning draft derived from local Korean word gloss or curated KANJIDIC English fallback.
岬,"[""곶"",""갑""]","[""headland"",""cape"",""spit"",""promontory""]","[""コウ""]","[""みさき""]",山,뫼 산,46,8,kanjidic2,https://www.edrdg.org/kanjidic/kanjidic2.xml.gz,CC BY-SA 4.0,auto,1,Auto draft: KANJIDIC2 readings/radical; Korean meaning draft derived from local Korean word gloss or curated KANJIDIC English fallback.
密,"[""은밀한""]","[""secrecy"",""density (pop)"",""minuteness"",""carefulness""]","[""ミツ""]","[""ひそ.か""]",宀,갓머리 면,40,11,kanjidic2,https://www.edrdg.org/kanjidic/kanjidic2.xml.gz,CC BY-SA 4.0,auto,1,Auto draft: KANJIDIC2 readings/radical; Korean meaning draft derived from local Korean word gloss or curated KANJIDIC English fallback.
蜜,"[""꿀""]","[""honey"",""nectar"",""molasses""]","[""ミツ"",""ビツ""]",[],虫,벌레 충,142,14,kanjidic2,https://www.edrdg.org/kanjidic/kanjidic2.xml.gz,CC BY-SA 4.0,auto,1,Auto draft: KANJIDIC2 readings/radical; Korean meaning draft derived from local Korean word gloss or curated KANJIDIC English fallback.
脈,"[""맥"",""맥박""]","[""vein"",""pulse"",""hope""]","[""ミャク""]","[""すじ""]",肉,고기 육,130,10,kanjidic2,https://www.edrdg.org/kanjidic/kanjidic2.xml.gz,CC BY-SA 4.0,auto,1,Auto draft: KANJIDIC2 readings/radical; Korean meaning draft derived from local Korean word gloss or curated KANJIDIC English fallback.
妙,"[""묘함"",""이상함""]","[""exquisite"",""strange"",""queer"",""mystery"",""miracle"",""excellent"",""delicate"",""charming""]","[""ミョウ"",""ビョウ""]","[""たえ""]",女,계집 녀,38,7,kanjidic2,https://www.edrdg.org/kanjidic/kanjidic2.xml.gz,CC BY-SA 4.0,auto,1,Auto draft: KANJIDIC2 readings/radical; Korean meaning draft derived from local Korean word gloss or curated KANJIDIC English fallback.
民,"[""백성"",""국민""]","[""people"",""nation"",""subjects""]","[""ミン""]","[""たみ""]",氏,각씨 씨,83,5,kanjidic2,https://www.edrdg.org/kanjidic/kanjidic2.xml.gz,CC BY-SA 4.0,auto,1,Auto draft: KANJIDIC2 readings/radical; Korean meaning draft derived from local Korean word gloss or curated KANJIDIC English fallback.
眠,"[""잠들다"",""자다""]","[""sleep"",""die"",""sleepy""]","[""ミン""]","[""ねむ.る"",""ねむ.い""]",目,눈 목,109,10,kanjidic2,https://www.edrdg.org/kanjidic/kanjidic2.xml.gz,CC BY-SA 4.0,auto,1,Auto draft: KANJIDIC2 readings/radical; Korean meaning draft derived from local Korean word gloss or curated KANJIDIC English fallback.
務,"[""임무"",""직무""]","[""task"",""duties""]","[""ム""]","[""つと.める""]",力,힘 력,19,11,kanjidic2,https://www.edrdg.org/kanjidic/kanjidic2.xml.gz,CC BY-SA 4.0,auto,1,Auto draft: KANJIDIC2 readings/radical; Korean meaning draft derived from local Korean word gloss or curated KANJIDIC English fallback.
夢,"[""꿈""]","[""dream"",""vision"",""illusion""]","[""ム"",""ボウ""]","[""ゆめ"",""ゆめ.みる"",""くら.い""]",夕,저녁 석,36,13,kanjidic2,https://www.edrdg.org/kanjidic/kanjidic2.xml.gz,CC BY-SA 4.0,auto,1,Auto draft: KANJIDIC2 readings/radical; Korean meaning draft derived from local Korean word gloss or curated KANJIDIC English fallback.
無,"[""없음"",""무(無)""]","[""nothingness"",""none"",""ain't"",""nothing"",""nil"",""not""]","[""ム"",""ブ""]","[""な.い""]",火,불 화,86,12,kanjidic2,https://www.edrdg.org/kanjidic/kanjidic2.xml.gz,CC BY-SA 4.0,auto,1,Auto draft: KANJIDIC2 readings/radical; Korean meaning draft derived from local Korean word gloss or curated KANJIDIC English fallback.
矛,"[""창"",""무기""]","[""halberd"",""arms"",""festival float""]","[""ム"",""ボウ""]","[""ほこ""]",矛,창 모,110,5,kanjidic2,https://www.edrdg.org/kanjidic/kanjidic2.xml.gz,CC BY-SA 4.0,auto,1,Auto draft: KANJIDIC2 readings/radical; Korean meaning draft derived from local Korean word gloss or curated KANJIDIC English fallback.
霧,"[""안개""]","[""fog"",""mist""]","[""ム"",""ボウ"",""ブ""]","[""きり""]",雨,비 우,173,19,kanjidic2,https://www.edrdg.org/kanjidic/kanjidic2.xml.gz,CC BY-SA 4.0,auto,1,Auto draft: KANJIDIC2 readings/radical; Korean meaning draft derived from local Korean word gloss or curated KANJIDIC English fallback.
婿,"[""사위""]","[""bridegroom"",""son-in-law""]","[""セイ""]","[""むこ""]",女,계집 녀,38,12,kanjidic2,https://www.edrdg.org/kanjidic/kanjidic2.xml.gz,CC BY-SA 4.0,auto,1,Auto draft: KANJIDIC2 readings/radical; Korean meaning draft derived from local Korean word gloss or curated KANJIDIC English fallback.
娘,"[""딸"",""아가씨""]","[""daughter"",""girl""]","[""ジョウ""]","[""むすめ"",""こ""]",女,계집 녀,38,10,kanjidic2,https://www.edrdg.org/kanjidic/kanjidic2.xml.gz,CC BY-SA 4.0,auto,2,Auto draft: KANJIDIC2 readings/radical; Korean meaning draft derived from local Korean word gloss or curated KANJIDIC English fallback.
名,"[""이름"",""명성""]","[""name"",""noted"",""distinguished"",""reputation""]","[""メイ"",""ミョウ""]","[""な"",""-な""]",口,입 구,30,6,kanjidic2,https://www.edrdg.org/kanjidic/kanjidic2.xml.gz,CC BY-SA 4.0,auto,1,Auto draft: KANJIDIC2 readings/radical; Korean meaning draft derived from local Korean word gloss or curated KANJIDIC English fallback.
命,"[""생명"",""삶""]","[""fate"",""command"",""decree"",""destiny"",""life"",""appoint""]","[""メイ"",""ミョウ""]","[""いのち""]",口,입 구,30,8,kanjidic2,https://www.edrdg.org/kanjidic/kanjidic2.xml.gz,CC BY-SA 4.0,auto,1,Auto draft: KANJIDIC2 readings/radical; Korean meaning draft derived from local Korean word gloss or curated KANJIDIC English fallback.
明,"[""밝다""]","[""bright"",""light""]","[""メイ"",""ミョウ"",""ミン""]","[""あ.かり"",""あか.るい"",""あか.るむ"",""あか.らむ"",""あき.らか"",""あ.ける"",""-あ.け"",""あ.く"",""あ.くる"",""あ.かす""]",日,날 일,72,8,kanjidic2,https://www.edrdg.org/kanjidic/kanjidic2.xml.gz,CC BY-SA 4.0,auto,1,Auto draft: KANJIDIC2 readings/radical; Korean meaning draft derived from local Korean word gloss or curated KANJIDIC English fallback.
盟,"[""맹세"",""동맹""]","[""alliance"",""oath""]","[""メイ""]",[],皿,그릇 명,108,13,kanjidic2,https://www.edrdg.org/kanjidic/kanjidic2.xml.gz,CC BY-SA 4.0,auto,1,Auto draft: KANJIDIC2 readings/radical; Korean meaning draft derived from local Korean word gloss or curated KANJIDIC English fallback.
迷,"[""망설이다"",""헤매다""]","[""astray"",""be perplexed"",""in doubt"",""lost"",""err"",""illusion""]","[""メイ""]","[""まよ.う""]",辵,책받침 착,162,9,kanjidic2,https://www.edrdg.org/kanjidic/kanjidic2.xml.gz,CC BY-SA 4.0,auto,1,Auto draft: KANJIDIC2 readings/radical; Korean meaning draft derived from local Korean word gloss or curated KANJIDIC English fallback.
銘,"[""각자"",""각각""]","[""inscription"",""signature (of artisan)""]","[""メイ""]",[],金,쇠 금,167,14,kanjidic2,https://www.edrdg.org/kanjidic/kanjidic2.xml.gz,CC BY-SA 4.0,auto,1,Auto draft: KANJIDIC2 readings/radical; Korean meaning draft derived from local Korean word gloss or curated KANJIDIC English fallback.
鳴,"[""울리다""]","[""chirp"",""cry"",""bark"",""sound"",""ring"",""echo"",""honk""]","[""メイ""]","[""な.く"",""な.る"",""な.らす""]",鳥,새 조,196,14,kanjidic2,https://www.edrdg.org/kanjidic/kanjidic2.xml.gz,CC BY-SA 4.0,auto,1,Auto draft: KANJIDIC2 readings/radical; Korean meaning draft derived from local Korean word gloss or curated KANJIDIC English fallback.
姪,"[""조카딸""]","[""niece""]","[""テツ"",""チツ"",""ジチ"",""イツ"",""イチ""]","[""めい"",""おい""]",女,계집 녀,38,9,kanjidic2,https://www.edrdg.org/kanjidic/kanjidic2.xml.gz,CC BY-SA 4.0,auto,1,Auto draft: KANJIDIC2 readings/radical; Korean meaning draft derived from local Korean word gloss or curated KANJIDIC English fallback.
滅,"[""멸망하다"",""없애다"",""사라지다""]","[""destroy"",""ruin"",""overthrow"",""perish""]","[""メツ""]","[""ほろ.びる"",""ほろ.ぶ"",""ほろ.ぼす""]",水,물 수,85,13,kanjidic2,https://www.edrdg.org/kanjidic/kanjidic2.xml.gz,CC BY-SA 4.0,verified,2,Manual 2026-08-18: 漢字ペディア의 멸망·소멸 의미와 활성 단어 5개를 대조함.
免,"[""면하다"",""모면하다""]","[""excuse"",""dismissal""]","[""メン""]","[""まぬか.れる"",""まぬが.れる""]",儿,어진사람 인,10,8,kanjidic2,https://www.edrdg.org/kanjidic/kanjidic2.xml.gz,CC BY-SA 4.0,auto,1,Auto draft: KANJIDIC2 readings/radical; Korean meaning draft derived from local Korean word gloss or curated KANJIDIC English fallback.
綿,"[""솜"",""면""]","[""cotton""]","[""メン""]","[""わた""]",糸,실 사,120,14,kanjidic2,https://www.edrdg.org/kanjidic/kanjidic2.xml.gz,CC BY-SA 4.0,auto,1,Auto draft: KANJIDIC2 readings/radical; Korean meaning draft derived from local Korean word gloss or curated KANJIDIC English fallback.
面,"[""얼굴"",""표면"",""면""]","[""mask"",""face"",""features"",""surface""]","[""メン"",""ベン""]","[""おも"",""おもて"",""つら""]",面,낯 면,176,9,kanjidic2,https://www.edrdg.org/kanjidic/kanjidic2.xml.gz,CC BY-SA 4.0,auto,1,Auto draft: KANJIDIC2 readings/radical; Korean meaning draft derived from local Korean word gloss or curated KANJIDIC English fallback.
模,"[""모방"",""본뜨다""]","[""imitation"",""copy"",""mock""]","[""モ"",""ボ""]",[],木,나무 목,75,14,kanjidic2,https://www.edrdg.org/kanjidic/kanjidic2.xml.gz,CC BY-SA 4.0,auto,1,Auto draft: KANJIDIC2 readings/radical; Korean meaning draft derived from local Korean word gloss or curated KANJIDIC English fallback.
茂,"[""우거지다"",""무성하다""]","[""overgrown"",""grow thick"",""be luxuriant""]","[""モ""]","[""しげ.る""]",艸,풀 초,140,8,kanjidic2,https://www.edrdg.org/kanjidic/kanjidic2.xml.gz,CC BY-SA 4.0,auto,1,Auto draft: KANJIDIC2 readings/radical; Korean meaning draft derived from local Korean word gloss or curated KANJIDIC English fallback.
毛,"[""머리카락"",""털""]","[""fur"",""hair"",""feather"",""down""]","[""モウ""]","[""け""]",毛,터럭 모,82,4,kanjidic2,https://www.edrdg.org/kanjidic/kanjidic2.xml.gz,CC BY-SA 4.0,auto,1,Auto draft: KANJIDIC2 readings/radical; Korean meaning draft derived from local Korean word gloss or curated KANJIDIC English fallback.
猛,"[""사납다"",""맹렬함""]","[""fierce"",""rave"",""rush"",""become furious"",""wildness"",""strength""]","[""モウ""]",[],犬,개 견,94,11,kanjidic2,https://www.edrdg.org/kanjidic/kanjidic2.xml.gz,CC BY-SA 4.0,auto,1,Auto draft: KANJIDIC2 readings/radical; Korean meaning draft derived from local Korean word gloss or curated KANJIDIC English fallback.
盲,"[""눈멀다"",""무지""]","[""blind"",""blind man"",""ignoramus""]","[""モウ""]","[""めくら""]",目,눈 목,109,8,kanjidic2,https://www.edrdg.org/kanjidic/kanjidic2.xml.gz,CC BY-SA 4.0,auto,2,Auto draft: KANJIDIC2 readings/radical; Korean meaning draft derived from local Korean word gloss or curated KANJIDIC English fallback.
網,"[""그물"",""망""]","[""netting"",""network""]","[""モウ""]","[""あみ""]",糸,실 사,120,14,kanjidic2,https://www.edrdg.org/kanjidic/kanjidic2.xml.gz,CC BY-SA 4.0,auto,1,Auto draft: KANJIDIC2 readings/radical; Korean meaning draft derived from local Korean word gloss or curated KANJIDIC English fallback.
耗,"[""줄다"",""소모""]","[""decrease""]","[""モウ"",""コウ""]",[],耒,쟁기 뢰,127,10,kanjidic2,https://www.edrdg.org/kanjidic/kanjidic2.xml.gz,CC BY-SA 4.0,auto,1,Auto draft: KANJIDIC2 readings/radical; Korean meaning draft derived from local Korean word gloss or curated KANJIDIC English fallback.
儲,"[""이익이 나다"",""돈벌이가 되다""]","[""be profitable"",""yield profit""]","[""チョ""]","[""もう.ける"",""もう.かる"",""もうけ"",""たくわ.える""]",人,사람 인,9,17,kanjidic2,https://www.edrdg.org/kanjidic/kanjidic2.xml.gz,CC BY-SA 4.0,auto,1,Auto draft: KANJIDIC2 readings/radical; Korean meaning draft derived from local Korean word gloss or curated KANJIDIC English fallback.
木,"[""나무""]","[""tree"",""wood""]","[""ボク"",""モク""]","[""き"",""こ-""]",木,나무 목,75,4,kanjidic2,https://www.edrdg.org/kanjidic/kanjidic2.xml.gz,CC BY-SA 4.0,auto,1,Auto draft: KANJIDIC2 readings/radical; Korean meaning draft derived from local Korean word gloss or curated KANJIDIC English fallback.
黙,"[""입다물다""]","[""silence"",""become silent"",""stop speaking"",""leave as is""]","[""モク"",""ボク""]","[""だま.る"",""もだ.す""]",黑,검을 흑,203,15,kanjidic2,https://www.edrdg.org/kanjidic/kanjidic2.xml.gz,CC BY-SA 4.0,auto,1,Auto draft: KANJIDIC2 readings/radical; Korean meaning draft derived from local Korean word gloss or curated KANJIDIC English fallback.
目,"[""눈""]","[""eye"",""class"",""look"",""insight"",""experience"",""care"",""favor""]","[""モク"",""ボク""]","[""め"",""-め"",""ま-""]",目,눈 목,109,5,kanjidic2,https://www.edrdg.org/kanjidic/kanjidic2.xml.gz,CC BY-SA 4.0,auto,1,Auto draft: KANJIDIC2 readings/radical; Korean meaning draft derived from local Korean word gloss or curated KANJIDIC English fallback.
餅,"[""떡""]","[""mochi rice cake""]","[""ヘイ"",""ヒョウ""]","[""もち"",""もちい""]",食,밥 식,184,14,kanjidic2,https://www.edrdg.org/kanjidic/kanjidic2.xml.gz,CC BY-SA 4.0,auto,1,Auto draft: KANJIDIC2 readings/radical; Korean meaning draft derived from local Korean word gloss or curated KANJIDIC English fallback.
尤,"[""지당함"",""당연함""]","[""reasonable"",""just"",""natural"",""superb"",""outstanding"",""plausible""]","[""ユウ""]","[""もっと.も"",""とが.める""]",尢,절름발이 왕,43,4,kanjidic2,https://www.edrdg.org/kanjidic/kanjidic2.xml.gz,CC BY-SA 4.0,auto,1,Auto draft: KANJIDIC2 readings/radical; Korean meaning draft derived from local Korean word gloss or curated KANJIDIC English fallback.
戻,"[""돌아오다"",""되돌아가다""]","[""re-"",""return"",""revert"",""resume"",""restore"",""go backwards""]","[""レイ""]","[""もど.す"",""もど.る""]",戶,지게 호,63,7,kanjidic2,https://www.edrdg.org/kanjidic/kanjidic2.xml.gz,CC BY-SA 4.0,auto,1,Auto draft: KANJIDIC2 readings/radical; Korean meaning draft derived from local Korean word gloss or curated KANJIDIC English fallback.
貰,"[""받다""]","[""get"",""have"",""obtain""]","[""セイ"",""シャ""]","[""もら.う""]",貝,조개 패,154,12,kanjidic2,https://www.edrdg.org/kanjidic/kanjidic2.xml.gz,CC BY-SA 4.0,auto,2,Auto draft: KANJIDIC2 readings/radical; Korean meaning draft derived from local Korean word gloss or curated KANJIDIC English fallback.
問,"[""묻다"",""문제""]","[""question"",""ask"",""problem""]","[""モン""]","[""と.う"",""と.い"",""とん""]",口,입 구,30,11,kanjidic2,https://www.edrdg.org/kanjidic/kanjidic2.xml.gz,CC BY-SA 4.0,auto,1,Auto draft: KANJIDIC2 readings/radical; Korean meaning draft derived from local Korean word gloss or curated KANJIDIC English fallback.
門,"[""문"",""문파""]","[""gate"",""counter for cannons""]","[""モン""]","[""かど"",""と""]",門,문 문,169,8,kanjidic2,https://www.edrdg.org/kanjidic/kanjidic2.xml.gz,CC BY-SA 4.0,auto,1,Auto draft: KANJIDIC2 readings/radical; Korean meaning draft derived from local Korean word gloss or curated KANJIDIC English fallback.
夜,"[""밤""]","[""night"",""evening""]","[""ヤ""]","[""よ"",""よる""]",夕,저녁 석,36,8,kanjidic2,https://www.edrdg.org/kanjidic/kanjidic2.xml.gz,CC BY-SA 4.0,auto,1,Auto draft: KANJIDIC2 readings/radical; Korean meaning draft derived from local Korean word gloss or curated KANJIDIC English fallback.
耶,"[""의문"",""어조사""]","[""question mark""]","[""ヤ"",""ジャ""]","[""か""]",耳,귀 이,128,9,kanjidic2,https://www.edrdg.org/kanjidic/kanjidic2.xml.gz,CC BY-SA 4.0,auto,2,Auto draft: KANJIDIC2 readings/radical; Korean meaning draft derived from local Korean word gloss or curated KANJIDIC English fallback.
野,"[""들"",""야외""]","[""plains"",""field"",""rustic"",""civilian life""]","[""ヤ"",""ショ""]","[""の"",""の-""]",里,마을 리,166,11,kanjidic2,https://www.edrdg.org/kanjidic/kanjidic2.xml.gz,CC BY-SA 4.0,auto,1,Auto draft: KANJIDIC2 readings/radical; Korean meaning draft derived from local Korean word gloss or curated KANJIDIC English fallback.
矢,"[""화살""]","[""dart"",""arrow""]","[""シ""]","[""や""]",矢,화살 시,111,5,kanjidic2,https://www.edrdg.org/kanjidic/kanjidic2.xml.gz,CC BY-SA 4.0,auto,1,Auto draft: KANJIDIC2 readings/radical; Korean meaning draft derived from local Korean word gloss or curated KANJIDIC English fallback.
役,"[""역할"",""배역""]","[""duty"",""war"",""campaign"",""drafted labor"",""office"",""service"",""role""]","[""ヤク"",""エキ""]",[],彳,두인변 척,60,7,kanjidic2,https://www.edrdg.org/kanjidic/kanjidic2.xml.gz,CC BY-SA 4.0,auto,1,Auto draft: KANJIDIC2 readings/radical; Korean meaning draft derived from local Korean word gloss or curated KANJIDIC English fallback.
約,"[""약""]","[""promise"",""approximately"",""shrink""]","[""ヤク""]","[""つづ.まる"",""つづ.める"",""つづま.やか""]",糸,실 사,120,9,kanjidic2,https://www.edrdg.org/kanjidic/kanjidic2.xml.gz,CC BY-SA 4.0,auto,1,Auto draft: KANJIDIC2 readings/radical; Korean meaning draft derived from local Korean word gloss or curated KANJIDIC English fallback.
薬,"[""약""]","[""medicine"",""chemical"",""enamel"",""gunpowder"",""benefit""]","[""ヤク""]","[""くすり""]",艸,풀 초,140,16,kanjidic2,https://www.edrdg.org/kanjidic/kanjidic2.xml.gz,CC BY-SA 4.0,auto,1,Auto draft: KANJIDIC2 readings/radical; Korean meaning draft derived from local Korean word gloss or curated KANJIDIC English fallback.
訳,"[""이유""]","[""translate"",""reason"",""circumstance"",""case""]","[""ヤク""]","[""わけ""]",言,말씀 언,149,11,kanjidic2,https://www.edrdg.org/kanjidic/kanjidic2.xml.gz,CC BY-SA 4.0,auto,1,Auto draft: KANJIDIC2 readings/radical; Korean meaning draft derived from local Korean word gloss or curated KANJIDIC English fallback.
躍,"[""뛰다"",""약동""]","[""leap"",""dance"",""skip""]","[""ヤク""]","[""おど.る""]",足,발 족,157,21,kanjidic2,https://www.edrdg.org/kanjidic/kanjidic2.xml.gz,CC BY-SA 4.0,auto,1,Auto draft: KANJIDIC2 readings/radical; Korean meaning draft derived from local Korean word gloss or curated KANJIDIC English fallback.
愉,"[""즐거움""]","[""pleasure"",""happy"",""rejoice""]","[""ユ""]","[""たの.しい"",""たの.しむ""]",心,마음 심,61,12,kanjidic2,https://www.edrdg.org/kanjidic/kanjidic2.xml.gz,CC BY-SA 4.0,auto,1,Auto draft: KANJIDIC2 readings/radical; Korean meaning draft derived from local Korean word gloss or curated KANJIDIC English fallback.
油,"[""기름""]","[""oil"",""fat""]","[""ユ"",""ユウ""]","[""あぶら""]",水,물 수,85,8,kanjidic2,https://www.edrdg.org/kanjidic/kanjidic2.xml.gz,CC BY-SA 4.0,auto,1,Auto draft: KANJIDIC2 readings/radical; Korean meaning draft derived from local Korean word gloss or curated KANJIDIC English fallback.
癒,"[""치유하다"",""낫다""]","[""healing"",""cure"",""quench (thirst)"",""wreak""]","[""ユ""]","[""い.える"",""いや.す"",""い.やす""]",疒,병질안 역,104,18,kanjidic2,https://www.edrdg.org/kanjidic/kanjidic2.xml.gz,CC BY-SA 4.0,auto,2,Auto draft: KANJIDIC2 readings/radical; Korean meaning draft derived from local Korean word gloss or curated KANJIDIC English fallback.
諭,"[""타이르다"",""훈계하다""]","[""rebuke"",""admonish"",""charge"",""warn"",""persuade""]","[""ユ""]","[""さと.す""]",言,말씀 언,149,16,kanjidic2,https://www.edrdg.org/kanjidic/kanjidic2.xml.gz,CC BY-SA 4.0,verified,10,Human-reviewed 2026-08-22: KANJIDIC English + JLPT usage cross-check; semantic-review draft confirmed.
輸,"[""나르다"",""수송""]","[""transport"",""send"",""be inferior""]","[""ユ"",""シュ""]",[],車,수레 거,159,16,kanjidic2,https://www.edrdg.org/kanjidic/kanjidic2.xml.gz,CC BY-SA 4.0,auto,1,Auto draft: KANJIDIC2 readings/radical; Korean meaning draft derived from local Korean word gloss or curated KANJIDIC English fallback.
唯,"[""오직""]","[""solely"",""only"",""merely"",""simply""]","[""ユイ"",""イ""]","[""ただ""]",口,입 구,30,11,kanjidic2,https://www.edrdg.org/kanjidic/kanjidic2.xml.gz,CC BY-SA 4.0,auto,1,Auto draft: KANJIDIC2 readings/radical; Korean meaning draft derived from local Korean word gloss or curated KANJIDIC English fallback.
優,"[""상냥하다""]","[""tenderness"",""excel"",""surpass"",""actor"",""superiority"",""gentleness""]","[""ユウ"",""ウ""]","[""やさ.しい"",""すぐ.れる"",""まさ.る""]",人,사람 인,9,17,kanjidic2,https://www.edrdg.org/kanjidic/kanjidic2.xml.gz,CC BY-SA 4.0,auto,1,Auto draft: KANJIDIC2 readings/radical; Korean meaning draft derived from local Korean word gloss or curated KANJIDIC English fallback.
勇,"[""용기""]","[""courage"",""cheer up"",""be in high spirits"",""bravery"",""heroism""]","[""ユウ""]","[""いさ.む""]",力,힘 력,19,9,kanjidic2,https://www.edrdg.org/kanjidic/kanjidic2.xml.gz,CC BY-SA 4.0,auto,1,Auto draft: KANJIDIC2 readings/radical; Korean meaning draft derived from local Korean word gloss or curated KANJIDIC English fallback.
友,"[""친구""]","[""friend""]","[""ユウ""]","[""とも""]",又,또 우,29,4,kanjidic2,https://www.edrdg.org/kanjidic/kanjidic2.xml.gz,CC BY-SA 4.0,auto,1,Auto draft: KANJIDIC2 readings/radical; Korean meaning draft derived from local Korean word gloss or curated KANJIDIC English fallback.
宥,"[""달래다""]","[""soothe"",""calm"",""pacify""]","[""ユウ""]","[""なだ.める"",""ゆる.す""]",宀,갓머리 면,40,9,kanjidic2,https://www.edrdg.org/kanjidic/kanjidic2.xml.gz,CC BY-SA 4.0,auto,2,Auto draft: KANJIDIC2 readings/radical; Korean meaning draft derived from local Korean word gloss or curated KANJIDIC English fallback.
幽,"[""깊다"",""그윽함""]","[""seclude"",""confine to a room"",""deep"",""profound"",""secluded"",""faint"",""dark"",""tranquil"",""calm""]","[""ユウ""]","[""ふか.い"",""かす.か"",""くら.い"",""しろ.い""]",幺,작을 요,52,9,kanjidic2,https://www.edrdg.org/kanjidic/kanjidic2.xml.gz,CC BY-SA 4.0,auto,1,Auto draft: KANJIDIC2 readings/radical; Korean meaning draft derived from local Korean word gloss or curated KANJIDIC English fallback.
悠,"[""유유히"",""여유롭게""]","[""permanence"",""distant"",""long time"",""leisure""]","[""ユウ""]",[],心,마음 심,61,11,kanjidic2,https://www.edrdg.org/kanjidic/kanjidic2.xml.gz,CC BY-SA 4.0,auto,1,Auto draft: KANJIDIC2 readings/radical; Korean meaning draft derived from local Korean word gloss or curated KANJIDIC English fallback.
憂,"[""근심"",""슬픔""]","[""melancholy"",""grieve"",""lament"",""be anxious"",""sad"",""unhappy""]","[""ユウ""]","[""うれ.える"",""うれ.い"",""う.い"",""う.き""]",心,마음 심,61,15,kanjidic2,https://www.edrdg.org/kanjidic/kanjidic2.xml.gz,CC BY-SA 4.0,auto,1,Auto draft: KANJIDIC2 readings/radical; Korean meaning draft derived from local Korean word gloss or curated KANJIDIC English fallback.
有,"[""가지다"",""보유하다""]","[""possess"",""have"",""exist"",""happen"",""occur"",""approx""]","[""ユウ"",""ウ""]","[""あ.る""]",月,달 월,74,6,kanjidic2,https://www.edrdg.org/kanjidic/kanjidic2.xml.gz,CC BY-SA 4.0,auto,1,Auto draft: KANJIDIC2 readings/radical; Korean meaning draft derived from local Korean word gloss or curated KANJIDIC English fallback.
湧,"[""솟아나다"",""생겨나다""]","[""boil"",""ferment"",""seethe"",""uproar"",""breed""]","[""ユウ"",""ヨウ"",""ユ""]","[""わ.く""]",水,물 수,85,12,kanjidic2,https://www.edrdg.org/kanjidic/kanjidic2.xml.gz,CC BY-SA 4.0,auto,1,Auto draft: KANJIDIC2 readings/radical; Korean meaning draft derived from local Korean word gloss or curated KANJIDIC English fallback.
由,"[""이유"",""유래""]","[""wherefore"",""a reason""]","[""ユ"",""ユウ"",""ユイ""]","[""よし"",""よ.る""]",田,밭 전,102,5,kanjidic2,https://www.edrdg.org/kanjidic/kanjidic2.xml.gz,CC BY-SA 4.0,auto,1,Auto draft: KANJIDIC2 readings/radical; Korean meaning draft derived from local Korean word gloss or curated KANJIDIC English fallback.
裕,"[""넉넉함""]","[""abundant"",""rich"",""fertile""]","[""ユウ""]",[],衣,옷 의,145,12,kanjidic2,https://www.edrdg.org/kanjidic/kanjidic2.xml.gz,CC BY-SA 4.0,auto,1,Auto draft: KANJIDIC2 readings/radical; Korean meaning draft derived from local Korean word gloss or curated KANJIDIC English fallback.
誘,"[""권유하다""]","[""entice"",""lead"",""tempt"",""invite"",""ask"",""call for"",""seduce"",""allure""]","[""ユウ""]","[""さそ.う"",""いざな.う""]",言,말씀 언,149,14,kanjidic2,https://www.edrdg.org/kanjidic/kanjidic2.xml.gz,CC BY-SA 4.0,auto,1,Auto draft: KANJIDIC2 readings/radical; Korean meaning draft derived from local Korean word gloss or curated KANJIDIC English fallback.
遊,"[""놀다""]","[""play""]","[""ユウ"",""ユ""]","[""あそ.ぶ"",""あそ.ばす""]",辵,책받침 착,162,12,kanjidic2,https://www.edrdg.org/kanjidic/kanjidic2.xml.gz,CC BY-SA 4.0,auto,1,Auto draft: KANJIDIC2 readings/radical; Korean meaning draft derived from local Korean word gloss or curated KANJIDIC English fallback.
郵,"[""우편""]","[""mail"",""stagecoach stop""]","[""ユウ""]",[],邑,고을 읍,163,11,kanjidic2,https://www.edrdg.org/kanjidic/kanjidic2.xml.gz,CC BY-SA 4.0,auto,1,Auto draft: KANJIDIC2 readings/radical; Korean meaning draft derived from local Korean word gloss or curated KANJIDIC English fallback.
雄,"[""수컷""]","[""masculine"",""male"",""hero"",""leader"",""superiority"",""excellence""]","[""ユウ""]","[""お-"",""おす"",""おん""]",隹,새 추,172,12,kanjidic2,https://www.edrdg.org/kanjidic/kanjidic2.xml.gz,CC BY-SA 4.0,auto,1,Auto draft: KANJIDIC2 readings/radical; Korean meaning draft derived from local Korean word gloss or curated KANJIDIC English fallback.
融,"[""녹다"",""융합""]","[""dissolve"",""melt""]","[""ユウ""]","[""と.ける"",""と.かす""]",虫,벌레 충,142,16,kanjidic2,https://www.edrdg.org/kanjidic/kanjidic2.xml.gz,CC BY-SA 4.0,auto,1,Auto draft: KANJIDIC2 readings/radical; Korean meaning draft derived from local Korean word gloss or curated KANJIDIC English fallback.
夕,"[""저녁""]","[""evening""]","[""セキ""]","[""ゆう""]",夕,저녁 석,36,3,kanjidic2,https://www.edrdg.org/kanjidic/kanjidic2.xml.gz,CC BY-SA 4.0,auto,1,Auto draft: KANJIDIC2 readings/radical; Korean meaning draft derived from local Korean word gloss or curated KANJIDIC English fallback.
予,"[""미리""]","[""beforehand"",""previous"",""myself"",""I""]","[""ヨ"",""シャ""]","[""あらかじ.め""]",亅,갈고리 궐,6,4,kanjidic2,https://www.edrdg.org/kanjidic/kanjidic2.xml.gz,CC BY-SA 4.0,auto,1,Auto draft: KANJIDIC2 readings/radical; Korean meaning draft derived from local Korean word gloss or curated KANJIDIC English fallback.
余,"[""남다"",""나머지"",""여분""]","[""too much"",""myself"",""surplus"",""other"",""remainder""]","[""ヨ""]","[""あま.る"",""あま.り"",""あま.す"",""あんま.り""]",人,사람 인,9,7,kanjidic2,https://www.edrdg.org/kanjidic/kanjidic2.xml.gz,CC BY-SA 4.0,verified,10,Human-reviewed 2026-08-22: KANJIDIC English + JLPT usage cross-check; semantic-review draft confirmed.
与,"[""주다"",""수여하다""]","[""bestow"",""participate in"",""give"",""award"",""impart"",""provide"",""cause"",""gift"",""godsend""]","[""ヨ""]","[""あた.える"",""あずか.る"",""くみ.する"",""ともに""]",一,한 일,1,3,kanjidic2,https://www.edrdg.org/kanjidic/kanjidic2.xml.gz,CC BY-SA 4.0,auto,1,Auto draft: KANJIDIC2 readings/radical; Korean meaning draft derived from local Korean word gloss or curated KANJIDIC English fallback.
誉,"[""명예"",""칭찬""]","[""reputation"",""praise"",""honor"",""glory""]","[""ヨ""]","[""ほま.れ"",""ほ.める""]",言,말씀 언,149,13,kanjidic2,https://www.edrdg.org/kanjidic/kanjidic2.xml.gz,CC BY-SA 4.0,auto,1,Auto draft: KANJIDIC2 readings/radical; Korean meaning draft derived from local Korean word gloss or curated KANJIDIC English fallback.
預,"[""맡기다""]","[""deposit"",""custody"",""leave with"",""entrust to""]","[""ヨ""]","[""あず.ける"",""あず.かる""]",頁,머리 혈,181,13,kanjidic2,https://www.edrdg.org/kanjidic/kanjidic2.xml.gz,CC BY-SA 4.0,auto,1,Auto draft: KANJIDIC2 readings/radical; Korean meaning draft derived from local Korean word gloss or curated KANJIDIC English fallback.
幼,"[""어리다""]","[""infancy"",""childhood""]","[""ヨウ""]","[""おさな.い""]",幺,작을 요,52,5,kanjidic2,https://www.edrdg.org/kanjidic/kanjidic2.xml.gz,CC BY-SA 4.0,auto,1,Auto draft: KANJIDIC2 readings/radical; Korean meaning draft derived from local Korean word gloss or curated KANJIDIC English fallback.
容,"[""담다"",""모습""]","[""contain"",""form"",""looks""]","[""ヨウ""]","[""い.れる""]",宀,갓머리 면,40,10,kanjidic2,https://www.edrdg.org/kanjidic/kanjidic2.xml.gz,CC BY-SA 4.0,auto,1,Auto draft: KANJIDIC2 readings/radical; Korean meaning draft derived from local Korean word gloss or curated KANJIDIC English fallback.
揺,"[""흔들리다""]","[""swing"",""shake"",""sway"",""rock"",""tremble"",""vibrate""]","[""ヨウ""]","[""ゆ.れる"",""ゆ.る"",""ゆ.らぐ"",""ゆ.るぐ"",""ゆ.する"",""ゆ.さぶる"",""ゆ.すぶる"",""うご.く""]",手,손 수,64,12,kanjidic2,https://www.edrdg.org/kanjidic/kanjidic2.xml.gz,CC BY-SA 4.0,auto,1,Auto draft: KANJIDIC2 readings/radical; Korean meaning draft derived from local Korean word gloss or curated KANJIDIC English fallback.
曜,"[""요일""]","[""weekday""]","[""ヨウ""]",[],日,날 일,72,18,kanjidic2,https://www.edrdg.org/kanjidic/kanjidic2.xml.gz,CC BY-SA 4.0,auto,1,Auto draft: KANJIDIC2 readings/radical; Korean meaning draft derived from local Korean word gloss or curated KANJIDIC English fallback.
様,"[""모습"",""양"",""~님""]","[""Esq."",""way"",""manner"",""situation"",""polite suffix""]","[""ヨウ"",""ショウ""]","[""さま"",""さん""]",木,나무 목,75,14,kanjidic2,https://www.edrdg.org/kanjidic/kanjidic2.xml.gz,CC BY-SA 4.0,auto,1,Auto draft: KANJIDIC2 readings/radical; Korean meaning draft derived from local Korean word gloss or curated KANJIDIC English fallback.
洋,"[""바다"",""서양""]","[""ocean"",""sea"",""foreign"",""Western style""]","[""ヨウ""]",[],水,물 수,85,9,kanjidic2,https://www.edrdg.org/kanjidic/kanjidic2.xml.gz,CC BY-SA 4.0,auto,1,Auto draft: KANJIDIC2 readings/radical; Korean meaning draft derived from local Korean word gloss or curated KANJIDIC English fallback.
溶,"[""풀다"",""개다""]","[""melt"",""dissolve"",""thaw""]","[""ヨウ""]","[""と.ける"",""と.かす"",""と.く""]",水,물 수,85,13,kanjidic2,https://www.edrdg.org/kanjidic/kanjidic2.xml.gz,CC BY-SA 4.0,auto,1,Auto draft: KANJIDIC2 readings/radical; Korean meaning draft derived from local Korean word gloss or curated KANJIDIC English fallback.
用,"[""용무"",""볼일""]","[""utilize"",""business"",""service"",""use"",""employ""]","[""ヨウ""]","[""もち.いる""]",用,쓸 용,101,5,kanjidic2,https://www.edrdg.org/kanjidic/kanjidic2.xml.gz,CC BY-SA 4.0,auto,1,Auto draft: KANJIDIC2 readings/radical; Korean meaning draft derived from local Korean word gloss or curated KANJIDIC English fallback.
羊,"[""양""]","[""sheep""]","[""ヨウ""]","[""ひつじ""]",羊,양 양,123,6,kanjidic2,https://www.edrdg.org/kanjidic/kanjidic2.xml.gz,CC BY-SA 4.0,auto,1,Auto draft: KANJIDIC2 readings/radical; Korean meaning draft derived from local Korean word gloss or curated KANJIDIC English fallback.
葉,"[""잎""]","[""leaf"",""plane"",""lobe"",""needle"",""blade"",""spear"",""counter for flat things"",""fragment"",""piece""]","[""ヨウ""]","[""は""]",艸,풀 초,140,12,kanjidic2,https://www.edrdg.org/kanjidic/kanjidic2.xml.gz,CC BY-SA 4.0,auto,1,Auto draft: KANJIDIC2 readings/radical; Korean meaning draft derived from local Korean word gloss or curated KANJIDIC English fallback.
要,"[""필요하다""]","[""need"",""main point"",""essence"",""pivot"",""key to""]","[""ヨウ""]","[""い.る"",""かなめ""]",襾,덮을 아,146,9,kanjidic2,https://www.edrdg.org/kanjidic/kanjidic2.xml.gz,CC BY-SA 4.0,auto,1,Auto draft: KANJIDIC2 readings/radical; Korean meaning draft derived from local Korean word gloss or curated KANJIDIC English fallback.
謡,"[""노래""]","[""song"",""sing"",""ballad"",""noh chanting""]","[""ヨウ""]","[""うた.い"",""うた.う""]",言,말씀 언,149,16,kanjidic2,https://www.edrdg.org/kanjidic/kanjidic2.xml.gz,CC BY-SA 4.0,auto,1,Auto draft: KANJIDIC2 readings/radical; Korean meaning draft derived from local Korean word gloss or curated KANJIDIC English fallback.
踊,"[""춤""]","[""jump"",""dance"",""leap"",""skip""]","[""ヨウ""]","[""おど.る""]",足,발 족,157,14,kanjidic2,https://www.edrdg.org/kanjidic/kanjidic2.xml.gz,CC BY-SA 4.0,auto,1,Auto draft: KANJIDIC2 readings/radical; Korean meaning draft derived from local Korean word gloss or curated KANJIDIC English fallback.
陽,"[""햇빛"",""양""]","[""sunshine"",""yang principle"",""positive"",""male"",""heaven"",""daytime""]","[""ヨウ""]","[""ひ""]",阜,언덕 부,170,12,kanjidic2,https://www.edrdg.org/kanjidic/kanjidic2.xml.gz,CC BY-SA 4.0,auto,1,Auto draft: KANJIDIC2 readings/radical; Korean meaning draft derived from local Korean word gloss or curated KANJIDIC English fallback.
養,"[""기르다"",""양육하다""]","[""foster"",""bring up"",""rear"",""develop"",""nurture""]","[""ヨウ"",""リョウ""]","[""やしな.う""]",食,밥 식,184,15,kanjidic2,https://www.edrdg.org/kanjidic/kanjidic2.xml.gz,CC BY-SA 4.0,auto,1,Auto draft: KANJIDIC2 readings/radical; Korean meaning draft derived from local Korean word gloss or curated KANJIDIC English fallback.
抑,"[""억누르다"",""줄이다""]","[""repress"",""well"",""now"",""in the first place"",""push"",""shove"",""press"",""seal"",""do in spite of""]","[""ヨク""]","[""おさ.える""]",手,손 수,64,7,kanjidic2,https://www.edrdg.org/kanjidic/kanjidic2.xml.gz,CC BY-SA 4.0,auto,2,Manual format normalization 2026-08-18: 쉼표로 분리된 문맥형 뜻을 기본 의미로 정리.
欲,"[""욕심"",""욕망""]","[""longing"",""covetousness"",""greed"",""passion"",""desire"",""craving""]","[""ヨク""]","[""ほっ.する"",""ほ.しい""]",欠,하품 흠,76,11,kanjidic2,https://www.edrdg.org/kanjidic/kanjidic2.xml.gz,CC BY-SA 4.0,auto,1,Auto draft: KANJIDIC2 readings/radical; Korean meaning draft derived from local Korean word gloss or curated KANJIDIC English fallback.
浴,"[""목욕하다"",""샤워하다""]","[""bathe"",""be favored with"",""bask in""]","[""ヨク""]","[""あ.びる"",""あ.びせる""]",水,물 수,85,10,kanjidic2,https://www.edrdg.org/kanjidic/kanjidic2.xml.gz,CC BY-SA 4.0,auto,1,Auto draft: KANJIDIC2 readings/radical; Korean meaning draft derived from local Korean word gloss or curated KANJIDIC English fallback.
翼,"[""날개""]","[""wing"",""plane"",""flank""]","[""ヨク""]","[""つばさ""]",羽,깃 우,124,17,kanjidic2,https://www.edrdg.org/kanjidic/kanjidic2.xml.gz,CC BY-SA 4.0,auto,1,Auto draft: KANJIDIC2 readings/radical; Korean meaning draft derived from local Korean word gloss or curated KANJIDIC English fallback.
羅,"[""늘어놓다"",""망라하다"",""얇은 비단""]","[""gauze"",""thin silk"",""Rome"",""arrange"",""spread out""]","[""ラ""]","[""うすもの""]",网,그물 망,122,19,kanjidic2,https://www.edrdg.org/kanjidic/kanjidic2.xml.gz,CC BY-SA 4.0,auto,2,Auto draft: KANJIDIC2 readings/radical; Korean meaning draft derived from local Korean word gloss or curated KANJIDIC English fallback.
裸,"[""벌거벗다""]","[""naked"",""nude"",""uncovered"",""partially clothed""]","[""ラ""]","[""はだか""]",衣,옷 의,145,13,kanjidic2,https://www.edrdg.org/kanjidic/kanjidic2.xml.gz,CC BY-SA 4.0,auto,1,Auto draft: KANJIDIC2 readings/radical; Korean meaning draft derived from local Korean word gloss or curated KANJIDIC English fallback.
来,"[""오다""]","[""come"",""due"",""next"",""cause"",""become""]","[""ライ"",""タイ""]","[""く.る"",""きた.る"",""きた.す"",""き.たす"",""き.たる"",""き"",""こ""]",木,나무 목,75,7,kanjidic2,https://www.edrdg.org/kanjidic/kanjidic2.xml.gz,CC BY-SA 4.0,auto,1,Auto draft: KANJIDIC2 readings/radical; Korean meaning draft derived from local Korean word gloss or curated KANJIDIC English fallback.
頼,"[""부탁하다""]","[""trust"",""request""]","[""ライ""]","[""たの.む"",""たの.もしい"",""たよ.る""]",頁,머리 혈,181,16,kanjidic2,https://www.edrdg.org/kanjidic/kanjidic2.xml.gz,CC BY-SA 4.0,auto,1,Auto draft: KANJIDIC2 readings/radical; Korean meaning draft derived from local Korean word gloss or curated KANJIDIC English fallback.
雷,"[""천둥""]","[""thunder"",""lightning bolt""]","[""ライ""]","[""かみなり"",""いかずち"",""いかづち""]",雨,비 우,173,13,kanjidic2,https://www.edrdg.org/kanjidic/kanjidic2.xml.gz,CC BY-SA 4.0,auto,1,Auto draft: KANJIDIC2 readings/radical; Korean meaning draft derived from local Korean word gloss or curated KANJIDIC English fallback.
絡,"[""휘감기다"",""관련되다""]","[""entwine"",""coil around"",""get caught in""]","[""ラク""]","[""から.む"",""から.まる""]",糸,실 사,120,12,kanjidic2,https://www.edrdg.org/kanjidic/kanjidic2.xml.gz,CC BY-SA 4.0,auto,1,Auto draft: KANJIDIC2 readings/radical; Korean meaning draft derived from local Korean word gloss or curated KANJIDIC English fallback.
落,"[""떨어지다"",""떨어뜨리다""]","[""fall"",""drop"",""come down"",""village"",""hamlet""]","[""ラク""]","[""お.ちる"",""お.ち"",""お.とす""]",艸,풀 초,140,12,kanjidic2,https://www.edrdg.org/kanjidic/kanjidic2.xml.gz,CC BY-SA 4.0,auto,1,Auto draft: KANJIDIC2 readings/radical; Korean meaning draft derived from local Korean word gloss or curated KANJIDIC English fallback.
酪,"[""유제품""]","[""dairy products"",""whey"",""broth"",""fruit juice""]","[""ラク""]",[],酉,닭 유,164,13,kanjidic2,https://www.edrdg.org/kanjidic/kanjidic2.xml.gz,CC BY-SA 4.0,auto,1,Auto draft: KANJIDIC2 readings/radical; Korean meaning draft derived from local Korean word gloss or curated KANJIDIC English fallback.
乱,"[""어지럽히다"",""흐트러뜨리다""]","[""riot"",""war"",""disorder"",""disturb""]","[""ラン"",""ロン""]","[""みだ.れる"",""みだ.る"",""みだ.す"",""みだ"",""おさ.める"",""わた.る""]",乙,새 을,5,7,kanjidic2,https://www.edrdg.org/kanjidic/kanjidic2.xml.gz,CC BY-SA 4.0,auto,1,Auto draft: KANJIDIC2 readings/radical; Korean meaning draft derived from local Korean word gloss or curated KANJIDIC English fallback.
嵐,"[""폭풍""]","[""storm"",""tempest""]","[""ラン""]","[""あらし""]",山,뫼 산,46,12,kanjidic2,https://www.edrdg.org/kanjidic/kanjidic2.xml.gz,CC BY-SA 4.0,auto,1,Auto draft: KANJIDIC2 readings/radical; Korean meaning draft derived from local Korean word gloss or curated KANJIDIC English fallback.
欄,"[""난"",""칸""]","[""column"",""handrail"",""blank"",""space""]","[""ラン""]","[""てすり""]",木,나무 목,75,20,kanjidic2,https://www.edrdg.org/kanjidic/kanjidic2.xml.gz,CC BY-SA 4.0,auto,1,Auto draft: KANJIDIC2 readings/radical; Korean meaning draft derived from local Korean word gloss or curated KANJIDIC English fallback.
覧,"[""보다"",""살펴보다""]","[""perusal"",""see""]","[""ラン""]","[""み.る""]",見,볼 견,147,17,kanjidic2,https://www.edrdg.org/kanjidic/kanjidic2.xml.gz,CC BY-SA 4.0,verified,10,Human-reviewed 2026-08-22: KANJIDIC English + JLPT usage cross-check; semantic-review draft confirmed.
利,"[""이익"",""유리함""]","[""profit"",""advantage"",""benefit""]","[""リ""]","[""き.く""]",刀,칼 도,18,7,kanjidic2,https://www.edrdg.org/kanjidic/kanjidic2.xml.gz,CC BY-SA 4.0,auto,1,Auto draft: KANJIDIC2 readings/radical; Korean meaning draft derived from local Korean word gloss or curated KANJIDIC English fallback.
履,"[""(바지를) 입다"",""(신발·양말을) 신다""]","[""perform"",""complete"",""footgear"",""shoes"",""boots"",""put on (the feet)""]","[""リ""]","[""は.く""]",尸,주검 시,44,15,kanjidic2,https://www.edrdg.org/kanjidic/kanjidic2.xml.gz,CC BY-SA 4.0,auto,1,Auto draft: KANJIDIC2 readings/radical; Korean meaning draft derived from local Korean word gloss or curated KANJIDIC English fallback.
理,"[""이치"",""논리"",""이유""]","[""logic"",""arrangement"",""reason"",""justice"",""truth""]","[""リ""]","[""ことわり""]",玉,구슬 옥,96,11,kanjidic2,https://www.edrdg.org/kanjidic/kanjidic2.xml.gz,CC BY-SA 4.0,auto,1,Auto draft: KANJIDIC2 readings/radical; Korean meaning draft derived from local Korean word gloss or curated KANJIDIC English fallback.
痢,"[""설사""]","[""diarrhea""]","[""リ""]",[],疒,병질안 역,104,12,kanjidic2,https://www.edrdg.org/kanjidic/kanjidic2.xml.gz,CC BY-SA 4.0,auto,1,Auto draft: KANJIDIC2 readings/radical; Korean meaning draft derived from local Korean word gloss or curated KANJIDIC English fallback.
裏,"[""뒷면"",""뒤""]","[""back"",""amidst"",""in"",""reverse"",""inside"",""palm"",""sole"",""rear"",""lining"",""wrong side""]","[""リ""]","[""うら""]",衣,옷 의,145,13,kanjidic2,https://www.edrdg.org/kanjidic/kanjidic2.xml.gz,CC BY-SA 4.0,auto,1,Auto draft: KANJIDIC2 readings/radical; Korean meaning draft derived from local Korean word gloss or curated KANJIDIC English fallback.
里,"[""마을"",""고향""]","[""ri"",""village"",""parent's home"",""league""]","[""リ""]","[""さと""]",里,마을 리,166,7,kanjidic2,https://www.edrdg.org/kanjidic/kanjidic2.xml.gz,CC BY-SA 4.0,auto,1,Auto draft: KANJIDIC2 readings/radical; Korean meaning draft derived from local Korean word gloss or curated KANJIDIC English fallback.
離,"[""떼다"",""놓치다""]","[""detach"",""separation"",""disjoin"",""digress""]","[""リ""]","[""はな.れる"",""はな.す""]",隹,새 추,172,19,kanjidic2,https://www.edrdg.org/kanjidic/kanjidic2.xml.gz,CC BY-SA 4.0,auto,1,Auto draft: KANJIDIC2 readings/radical; Korean meaning draft derived from local Korean word gloss or curated KANJIDIC English fallback.
陸,"[""육지""]","[""land"",""six""]","[""リク"",""ロク""]","[""おか""]",阜,언덕 부,170,11,kanjidic2,https://www.edrdg.org/kanjidic/kanjidic2.xml.gz,CC BY-SA 4.0,auto,1,Auto draft: KANJIDIC2 readings/radical; Korean meaning draft derived from local Korean word gloss or curated KANJIDIC English fallback.
律,"[""법률"",""리듬""]","[""rhythm"",""law"",""regulation"",""gauge"",""control""]","[""リツ"",""リチ"",""レツ""]",[],彳,두인변 척,60,9,kanjidic2,https://www.edrdg.org/kanjidic/kanjidic2.xml.gz,CC BY-SA 4.0,auto,1,Auto draft: KANJIDIC2 readings/radical; Korean meaning draft derived from local Korean word gloss or curated KANJIDIC English fallback.
率,"[""비율""]","[""ratio"",""rate"",""proportion"",""%"",""factor"",""lead"",""spearhead"",""command""]","[""ソツ"",""リツ"",""シュツ""]","[""ひき.いる""]",玄,검을 현,95,11,kanjidic2,https://www.edrdg.org/kanjidic/kanjidic2.xml.gz,CC BY-SA 4.0,auto,1,Auto draft: KANJIDIC2 readings/radical; Korean meaning draft derived from local Korean word gloss or curated KANJIDIC English fallback.
立,"[""세우다""]","[""stand up"",""rise"",""set up"",""erect""]","[""リツ"",""リュウ"",""リットル""]","[""た.つ"",""-た.つ"",""た.ち-"",""た.てる"",""-た.てる"",""た.て-"",""たて-"",""-た.て"",""-だ.て"",""-だ.てる""]",立,설 립,117,5,kanjidic2,https://www.edrdg.org/kanjidic/kanjidic2.xml.gz,CC BY-SA 4.0,auto,1,Auto draft: KANJIDIC2 readings/radical; Korean meaning draft derived from local Korean word gloss or curated KANJIDIC English fallback.
略,"[""생략하다"",""줄이다""]","[""abbreviation"",""omission"",""outline"",""shorten"",""capture"",""plunder""]","[""リャク""]","[""ほぼ"",""はぶ.く"",""おか.す"",""おさ.める"",""はかりごと"",""はか.る""]",田,밭 전,102,11,kanjidic2,https://www.edrdg.org/kanjidic/kanjidic2.xml.gz,CC BY-SA 4.0,auto,1,Auto draft: KANJIDIC2 readings/radical; Korean meaning draft derived from local Korean word gloss or curated KANJIDIC English fallback.
流,"[""흘리다"",""틀다""]","[""current"",""a sink"",""flow"",""forfeit""]","[""リュウ"",""ル""]","[""なが.れる"",""なが.れ"",""なが.す"",""-なが.す""]",水,물 수,85,10,kanjidic2,https://www.edrdg.org/kanjidic/kanjidic2.xml.gz,CC BY-SA 4.0,auto,1,Auto draft: KANJIDIC2 readings/radical; Korean meaning draft derived from local Korean word gloss or curated KANJIDIC English fallback.
溜,"[""모아 둠"",""그 장소"",""江戸 시대에 병든 죄수를 수용하던 감옥""]","[""collect"",""gather"",""be in arrears""]","[""リュウ""]","[""た.まる"",""たま.る"",""た.める"",""したた.る"",""たまり"",""ため""]",水,물 수,85,13,kanjidic2,https://www.edrdg.org/kanjidic/kanjidic2.xml.gz,CC BY-SA 4.0,auto,1,Auto draft: KANJIDIC2 readings/radical; Korean meaning draft derived from local Korean word gloss or curated KANJIDIC English fallback.
留,"[""머무르다"",""그치다""]","[""detain"",""fasten"",""halt"",""stop""]","[""リュウ"",""ル""]","[""と.める"",""と.まる"",""とど.める"",""とど.まる"",""るうぶる""]",田,밭 전,102,10,kanjidic2,https://www.edrdg.org/kanjidic/kanjidic2.xml.gz,CC BY-SA 4.0,auto,1,Auto draft: KANJIDIC2 readings/radical; Korean meaning draft derived from local Korean word gloss or curated KANJIDIC English fallback.
粒,"[""알갱이"",""낟알""]","[""grains"",""drop"",""counter for tiny particles""]","[""リュウ""]","[""つぶ""]",米,쌀 미,119,11,kanjidic2,https://www.edrdg.org/kanjidic/kanjidic2.xml.gz,CC BY-SA 4.0,auto,1,Auto draft: KANJIDIC2 readings/radical; Korean meaning draft derived from local Korean word gloss or curated KANJIDIC English fallback.
慮,"[""생각"",""염려""]","[""prudence"",""thought"",""concern"",""consider"",""deliberate"",""fear""]","[""リョ""]","[""おもんぱく.る"",""おもんぱか.る""]",心,마음 심,61,15,kanjidic2,https://www.edrdg.org/kanjidic/kanjidic2.xml.gz,CC BY-SA 4.0,auto,1,Auto draft: KANJIDIC2 readings/radical; Korean meaning draft derived from local Korean word gloss or curated KANJIDIC English fallback.
旅,"[""여행""]","[""trip"",""travel""]","[""リョ""]","[""たび""]",方,모 방,70,10,kanjidic2,https://www.edrdg.org/kanjidic/kanjidic2.xml.gz,CC BY-SA 4.0,auto,1,Auto draft: KANJIDIC2 readings/radical; Korean meaning draft derived from local Korean word gloss or curated KANJIDIC English fallback.
虜,"[""포로""]","[""captive"",""barbarian"",""low epithet for the enemy""]","[""リョ"",""ロ""]","[""とりこ"",""とりく""]",虍,범 호,141,13,kanjidic2,https://www.edrdg.org/kanjidic/kanjidic2.xml.gz,CC BY-SA 4.0,auto,1,Auto draft: KANJIDIC2 readings/radical; Korean meaning draft derived from local Korean word gloss or curated KANJIDIC English fallback.
了,"[""마치다"",""완료""]","[""complete"",""finish""]","[""リョウ""]",[],亅,갈고리 궐,6,2,kanjidic2,https://www.edrdg.org/kanjidic/kanjidic2.xml.gz,CC BY-SA 4.0,auto,1,Auto draft: KANJIDIC2 readings/radical; Korean meaning draft derived from local Korean word gloss or curated KANJIDIC English fallback.
僚,"[""동료"",""관료""]","[""colleague"",""official"",""companion""]","[""リョウ""]",[],人,사람 인,9,14,kanjidic2,https://www.edrdg.org/kanjidic/kanjidic2.xml.gz,CC BY-SA 4.0,auto,1,Auto draft: KANJIDIC2 readings/radical; Korean meaning draft derived from local Korean word gloss or curated KANJIDIC English fallback.
両,"[""둘"",""양쪽""]","[""both"",""old Japanese coin"",""counter for carriages (e.g., in a train)"",""two""]","[""リョウ""]","[""てる"",""ふたつ""]",一,한 일,1,6,kanjidic2,https://www.edrdg.org/kanjidic/kanjidic2.xml.gz,CC BY-SA 4.0,auto,1,Auto draft: KANJIDIC2 readings/radical; Korean meaning draft derived from local Korean word gloss or curated KANJIDIC English fallback.
寮,"[""기숙사""]","[""dormitory"",""hostel"",""villa"",""tea pavillion""]","[""リョウ""]",[],宀,갓머리 면,40,15,kanjidic2,https://www.edrdg.org/kanjidic/kanjidic2.xml.gz,CC BY-SA 4.0,auto,1,Auto draft: KANJIDIC2 readings/radical; Korean meaning draft derived from local Korean word gloss or curated KANJIDIC English fallback.
料,"[""요금"",""재료""]","[""fee"",""materials""]","[""リョウ""]",[],斗,말 두,68,10,kanjidic2,https://www.edrdg.org/kanjidic/kanjidic2.xml.gz,CC BY-SA 4.0,auto,1,Auto draft: KANJIDIC2 readings/radical; Korean meaning draft derived from local Korean word gloss or curated KANJIDIC English fallback.
療,"[""치료하다""]","[""heal"",""cure""]","[""リョウ""]",[],疒,병질안 역,104,17,kanjidic2,https://www.edrdg.org/kanjidic/kanjidic2.xml.gz,CC BY-SA 4.0,auto,1,Auto draft: KANJIDIC2 readings/radical; Korean meaning draft derived from local Korean word gloss or curated KANJIDIC English fallback.
瞭,"[""분명함""]","[""clear""]","[""リョウ""]","[""あきらか""]",目,눈 목,109,17,kanjidic2,https://www.edrdg.org/kanjidic/kanjidic2.xml.gz,CC BY-SA 4.0,auto,1,Auto draft: KANJIDIC2 readings/radical; Korean meaning draft derived from local Korean word gloss or curated KANJIDIC English fallback.
良,"[""좋음"",""좋다""]","[""good"",""pleasing"",""skilled""]","[""リョウ""]","[""よ.い"",""-よ.い"",""い.い"",""-い.い""]",艮,머무를 간,138,7,kanjidic2,https://www.edrdg.org/kanjidic/kanjidic2.xml.gz,CC BY-SA 4.0,auto,1,Auto draft: KANJIDIC2 readings/radical; Korean meaning draft derived from local Korean word gloss or curated KANJIDIC English fallback.
量,"[""양""]","[""quantity"",""measure"",""weight"",""amount"",""consider"",""estimate"",""surmise""]","[""リョウ""]","[""はか.る""]",里,마을 리,166,12,kanjidic2,https://www.edrdg.org/kanjidic/kanjidic2.xml.gz,CC BY-SA 4.0,auto,1,Auto draft: KANJIDIC2 readings/radical; Korean meaning draft derived from local Korean word gloss or curated KANJIDIC English fallback.
陵,"[""언덕"",""능묘""]","[""mausoleum"",""imperial tomb"",""mound"",""hill""]","[""リョウ""]","[""みささぎ""]",阜,언덕 부,170,11,kanjidic2,https://www.edrdg.org/kanjidic/kanjidic2.xml.gz,CC BY-SA 4.0,auto,2,Auto draft: KANJIDIC2 readings/radical; Korean meaning draft derived from local Korean word gloss or curated KANJIDIC English fallback.
領,"[""영토"",""다스리다""]","[""jurisdiction"",""dominion"",""territory"",""fief"",""reign""]","[""リョウ""]","[""えり""]",頁,머리 혈,181,14,kanjidic2,https://www.edrdg.org/kanjidic/kanjidic2.xml.gz,CC BY-SA 4.0,auto,1,Auto draft: KANJIDIC2 readings/radical; Korean meaning draft derived from local Korean word gloss or curated KANJIDIC English fallback.
力,"[""힘""]","[""power"",""strength"",""strong"",""strain"",""bear up"",""exert""]","[""リョク"",""リキ"",""リイ""]","[""ちから""]",力,힘 력,19,2,kanjidic2,https://www.edrdg.org/kanjidic/kanjidic2.xml.gz,CC BY-SA 4.0,auto,1,Auto draft: KANJIDIC2 readings/radical; Korean meaning draft derived from local Korean word gloss or curated KANJIDIC English fallback.
緑,"[""녹색"",""초록""]","[""green""]","[""リョク"",""ロク""]","[""みどり""]",糸,실 사,120,14,kanjidic2,https://www.edrdg.org/kanjidic/kanjidic2.xml.gz,CC BY-SA 4.0,auto,2,Auto draft: KANJIDIC2 readings/radical; Korean meaning draft derived from local Korean word gloss or curated KANJIDIC English fallback.
林,"[""수풀"",""숲""]","[""grove"",""forest""]","[""リン""]","[""はやし""]",木,나무 목,75,8,kanjidic2,https://www.edrdg.org/kanjidic/kanjidic2.xml.gz,CC BY-SA 4.0,auto,1,Auto draft: KANJIDIC2 readings/radical; Korean meaning draft derived from local Korean word gloss or curated KANJIDIC English fallback.
臨,"[""임하다"",""상황에직면하다""]","[""look to"",""face"",""meet"",""confront"",""attend"",""call on""]","[""リン""]","[""のぞ.む""]",臣,신하 신,131,18,kanjidic2,https://www.edrdg.org/kanjidic/kanjidic2.xml.gz,CC BY-SA 4.0,auto,1,Auto draft: KANJIDIC2 readings/radical; Korean meaning draft derived from local Korean word gloss or curated KANJIDIC English fallback.
輪,"[""고리"",""바퀴""]","[""wheel"",""ring"",""circle"",""link"",""loop"",""counter for wheels and flowers""]","[""リン""]","[""わ""]",車,수레 거,159,15,kanjidic2,https://www.edrdg.org/kanjidic/kanjidic2.xml.gz,CC BY-SA 4.0,auto,1,Auto draft: KANJIDIC2 readings/radical; Korean meaning draft derived from local Korean word gloss or curated KANJIDIC English fallback.
隣,"[""이웃"",""인접하다""]","[""neighboring""]","[""リン""]","[""とな.る"",""となり""]",阜,언덕 부,170,16,kanjidic2,https://www.edrdg.org/kanjidic/kanjidic2.xml.gz,CC BY-SA 4.0,auto,2,Auto draft: KANJIDIC2 readings/radical; Korean meaning draft derived from local Korean word gloss or curated KANJIDIC English fallback.
涙,"[""눈물""]","[""tears"",""sympathy""]","[""ルイ"",""レイ""]","[""なみだ""]",水,물 수,85,10,kanjidic2,https://www.edrdg.org/kanjidic/kanjidic2.xml.gz,CC BY-SA 4.0,auto,1,Auto draft: KANJIDIC2 readings/radical; Korean meaning draft derived from local Korean word gloss or curated KANJIDIC English fallback.
類,"[""종류"",""부류""]","[""sort"",""kind"",""variety"",""class"",""genus""]","[""ルイ""]","[""たぐ.い""]",頁,머리 혈,181,18,kanjidic2,https://www.edrdg.org/kanjidic/kanjidic2.xml.gz,CC BY-SA 4.0,auto,1,Auto draft: KANJIDIC2 readings/radical; Korean meaning draft derived from local Korean word gloss or curated KANJIDIC English fallback.
令,"[""명령"",""법령""]","[""orders"",""laws"",""command"",""decree"",""good""]","[""レイ""]",[],人,사람 인,9,5,kanjidic2,https://www.edrdg.org/kanjidic/kanjidic2.xml.gz,CC BY-SA 4.0,auto,1,Auto draft: KANJIDIC2 readings/radical; Korean meaning draft derived from local Korean word gloss or curated KANJIDIC English fallback.
例,"[""예"",""보기""]","[""example"",""custom"",""usage"",""precedent""]","[""レイ""]","[""たと.える""]",人,사람 인,9,8,kanjidic2,https://www.edrdg.org/kanjidic/kanjidic2.xml.gz,CC BY-SA 4.0,auto,1,Auto draft: KANJIDIC2 readings/radical; Korean meaning draft derived from local Korean word gloss or curated KANJIDIC English fallback.
冷,"[""차갑다""]","[""cool"",""cold (beer, person)"",""chill""]","[""レイ""]","[""つめ.たい"",""ひ.える"",""ひ.や"",""ひ.ややか"",""ひ.やす"",""ひ.やかす"",""さ.める"",""さ.ます""]",冫,이 수,15,7,kanjidic2,https://www.edrdg.org/kanjidic/kanjidic2.xml.gz,CC BY-SA 4.0,auto,1,Auto draft: KANJIDIC2 readings/radical; Korean meaning draft derived from local Korean word gloss or curated KANJIDIC English fallback.
励,"[""힘쓰다""]","[""encourage"",""be diligent"",""inspire""]","[""レイ""]","[""はげ.む"",""はげ.ます""]",力,힘 력,19,7,kanjidic2,https://www.edrdg.org/kanjidic/kanjidic2.xml.gz,CC BY-SA 4.0,auto,1,Auto draft: KANJIDIC2 readings/radical; Korean meaning draft derived from local Korean word gloss or curated KANJIDIC English fallback.
礼,"[""예의"",""감사""]","[""salute"",""bow"",""ceremony"",""thanks"",""remuneration""]","[""レイ"",""ライ""]",[],示,보일 시,113,5,kanjidic2,https://www.edrdg.org/kanjidic/kanjidic2.xml.gz,CC BY-SA 4.0,auto,1,Auto draft: KANJIDIC2 readings/radical; Korean meaning draft derived from local Korean word gloss or curated KANJIDIC English fallback.
鈴,"[""종"",""벨""]","[""small bell"",""buzzer""]","[""レイ"",""リン""]","[""すず""]",金,쇠 금,167,13,kanjidic2,https://www.edrdg.org/kanjidic/kanjidic2.xml.gz,CC BY-SA 4.0,auto,1,Auto draft: KANJIDIC2 readings/radical; Korean meaning draft derived from local Korean word gloss or curated KANJIDIC English fallback.
零,"[""넘치다"",""넘쳐흐르다"",""흘러나오다""]","[""zero"",""spill"",""overflow"",""nothing"",""cipher""]","[""レイ""]","[""ぜろ"",""こぼ.す"",""こぼ.れる""]",雨,비 우,173,13,kanjidic2,https://www.edrdg.org/kanjidic/kanjidic2.xml.gz,CC BY-SA 4.0,auto,1,Auto draft: KANJIDIC2 readings/radical; Korean meaning draft derived from local Korean word gloss or curated KANJIDIC English fallback.
霊,"[""영혼""]","[""spirits"",""soul""]","[""レイ"",""リョウ""]","[""たま""]",雨,비 우,173,15,kanjidic2,https://www.edrdg.org/kanjidic/kanjidic2.xml.gz,CC BY-SA 4.0,auto,1,Auto draft: KANJIDIC2 readings/radical; Korean meaning draft derived from local Korean word gloss or curated KANJIDIC English fallback.
麗,"[""아름답다""]","[""lovely"",""beautiful"",""graceful"",""resplendent""]","[""レイ""]","[""うるわ.しい"",""うら.らか""]",鹿,사슴 록,198,19,kanjidic2,https://www.edrdg.org/kanjidic/kanjidic2.xml.gz,CC BY-SA 4.0,auto,2,Auto draft: KANJIDIC2 readings/radical; Korean meaning draft derived from local Korean word gloss or curated KANJIDIC English fallback.
齢,"[""나이""]","[""age""]","[""レイ""]","[""よわい"",""とし""]",齒,이 치,211,17,kanjidic2,https://www.edrdg.org/kanjidic/kanjidic2.xml.gz,CC BY-SA 4.0,verified,2,Human-reviewed 2026-08-19: KANJIDIC meanings and linked release vocabulary cross-checked.
暦,"[""달력""]","[""calendar"",""almanac""]","[""レキ"",""リャク""]","[""こよみ""]",日,날 일,72,14,kanjidic2,https://www.edrdg.org/kanjidic/kanjidic2.xml.gz,CC BY-SA 4.0,auto,1,Auto draft: KANJIDIC2 readings/radical; Korean meaning draft derived from local Korean word gloss or curated KANJIDIC English fallback.
歴,"[""역사"",""경력""]","[""curriculum"",""continuation"",""passage of time""]","[""レキ"",""レッキ""]",[],止,그칠 지,77,14,kanjidic2,https://www.edrdg.org/kanjidic/kanjidic2.xml.gz,CC BY-SA 4.0,auto,1,Auto draft: KANJIDIC2 readings/radical; Korean meaning draft derived from local Korean word gloss or curated KANJIDIC English fallback.
列,"[""열"",""줄""]","[""file"",""row"",""rank"",""tier"",""column""]","[""レツ"",""レ""]",[],刀,칼 도,18,6,kanjidic2,https://www.edrdg.org/kanjidic/kanjidic2.xml.gz,CC BY-SA 4.0,auto,1,Auto draft: KANJIDIC2 readings/radical; Korean meaning draft derived from local Korean word gloss or curated KANJIDIC English fallback.
劣,"[""열등하다"",""뒤떨어지다""]","[""inferiority"",""be inferior to"",""be worse""]","[""レツ""]","[""おと.る""]",力,힘 력,19,6,kanjidic2,https://www.edrdg.org/kanjidic/kanjidic2.xml.gz,CC BY-SA 4.0,verified,10,Human-reviewed 2026-08-22: KANJIDIC English + JLPT usage cross-check; semantic-review draft confirmed.
烈,"[""맹렬함"",""격렬함""]","[""ardent"",""violent"",""vehement"",""furious"",""severe"",""extreme""]","[""レツ""]","[""はげ.しい""]",火,불 화,86,10,kanjidic2,https://www.edrdg.org/kanjidic/kanjidic2.xml.gz,CC BY-SA 4.0,auto,1,Auto draft: KANJIDIC2 readings/radical; Korean meaning draft derived from local Korean word gloss or curated KANJIDIC English fallback.
裂,"[""찢다"",""갈라지다""]","[""split"",""rend"",""tear""]","[""レツ""]","[""さ.く"",""さ.ける"",""-ぎ.れ""]",衣,옷 의,145,12,kanjidic2,https://www.edrdg.org/kanjidic/kanjidic2.xml.gz,CC BY-SA 4.0,auto,2,KANJIDIC2 readings/radical; Korean meanings manually curated for 分裂.
恋,"[""사랑"",""연애""]","[""romance"",""in love"",""yearn for"",""miss"",""darling""]","[""レン""]","[""こ.う"",""こい"",""こい.しい""]",心,마음 심,61,10,kanjidic2,https://www.edrdg.org/kanjidic/kanjidic2.xml.gz,CC BY-SA 4.0,auto,1,Auto draft: KANJIDIC2 readings/radical; Korean meaning draft derived from local Korean word gloss or curated KANJIDIC English fallback.
煉,"[""단련하다"",""정제하다""]","[""refine metals"",""kneading over fire""]","[""レン""]","[""ね.る""]",火,불 화,86,12,kanjidic2,https://www.edrdg.org/kanjidic/kanjidic2.xml.gz,CC BY-SA 4.0,auto,1,Auto draft: KANJIDIC2 readings/radical; Korean meaning draft derived from local Korean word gloss or curated KANJIDIC English fallback.
練,"[""연습하다"",""단련하다"",""다듬다""]","[""practice"",""gloss"",""train"",""drill"",""polish"",""refine""]","[""レン""]","[""ね.る"",""ね.り""]",糸,실 사,120,14,kanjidic2,https://www.edrdg.org/kanjidic/kanjidic2.xml.gz,CC BY-SA 4.0,auto,2,Manual format normalization 2026-08-18: 쉼표로 분리된 문맥형 뜻을 기본 의미로 정리.
連,"[""일행"",""동행""]","[""take along"",""lead"",""join"",""connect"",""party"",""gang"",""clique""]","[""レン""]","[""つら.なる"",""つら.ねる"",""つ.れる"",""-づ.れ""]",辵,책받침 착,162,10,kanjidic2,https://www.edrdg.org/kanjidic/kanjidic2.xml.gz,CC BY-SA 4.0,auto,1,Auto draft: KANJIDIC2 readings/radical; Korean meaning draft derived from local Korean word gloss or curated KANJIDIC English fallback.
呂,"[""등뼈""]","[""spine"",""backbone""]","[""ロ"",""リョ""]","[""せぼね""]",口,입 구,30,7,kanjidic2,https://www.edrdg.org/kanjidic/kanjidic2.xml.gz,CC BY-SA 4.0,auto,1,Auto draft: KANJIDIC2 readings/radical; Korean meaning draft derived from local Korean word gloss or curated KANJIDIC English fallback.
路,"[""길""]","[""path"",""route"",""road"",""distance""]","[""ロ"",""ル""]","[""-じ"",""みち""]",足,발 족,157,13,kanjidic2,https://www.edrdg.org/kanjidic/kanjidic2.xml.gz,CC BY-SA 4.0,auto,1,Auto draft: KANJIDIC2 readings/radical; Korean meaning draft derived from local Korean word gloss or curated KANJIDIC English fallback.
露,"[""이슬"",""드러내다""]","[""dew"",""tears"",""expose"",""Russia""]","[""ロ"",""ロウ""]","[""つゆ""]",雨,비 우,173,21,kanjidic2,https://www.edrdg.org/kanjidic/kanjidic2.xml.gz,CC BY-SA 4.0,auto,1,Auto draft: KANJIDIC2 readings/radical; Korean meaning draft derived from local Korean word gloss or curated KANJIDIC English fallback.
労,"[""위로하다"",""노고를치하하다""]","[""labor"",""thank for"",""reward for"",""toil"",""trouble""]","[""ロウ""]","[""ろう.する"",""いたわ.る"",""いた.ずき"",""ねぎら"",""つか.れる"",""ねぎら.う""]",力,힘 력,19,7,kanjidic2,https://www.edrdg.org/kanjidic/kanjidic2.xml.gz,CC BY-SA 4.0,auto,1,Auto draft: KANJIDIC2 readings/radical; Korean meaning draft derived from local Korean word gloss or curated KANJIDIC English fallback.
朗,"[""밝은"",""명랑한""]","[""melodious"",""clear"",""bright"",""serene"",""cheerful""]","[""ロウ""]","[""ほが.らか"",""あき.らか""]",月,달 월,74,10,kanjidic2,https://www.edrdg.org/kanjidic/kanjidic2.xml.gz,CC BY-SA 4.0,auto,1,Auto draft: KANJIDIC2 readings/radical; Korean meaning draft derived from local Korean word gloss or curated KANJIDIC English fallback.
浪,"[""물결"",""방랑""]","[""wandering"",""waves"",""billows"",""reckless"",""unrestrained""]","[""ロウ""]",[],水,물 수,85,10,kanjidic2,https://www.edrdg.org/kanjidic/kanjidic2.xml.gz,CC BY-SA 4.0,auto,1,Auto draft: KANJIDIC2 readings/radical; Korean meaning draft derived from local Korean word gloss or curated KANJIDIC English fallback.
漏,"[""새다"",""누설하다"",""빠뜨리다""]","[""leak"",""escape"",""time""]","[""ロウ""]","[""も.る"",""も.れる"",""も.らす""]",水,물 수,85,14,kanjidic2,https://www.edrdg.org/kanjidic/kanjidic2.xml.gz,CC BY-SA 4.0,verified,10,Human-reviewed 2026-08-22: KANJIDIC English + JLPT usage cross-check; semantic-review draft confirmed.
老,"[""늙다"",""나이를 먹다""]","[""old man"",""old age"",""grow old""]","[""ロウ""]","[""お.いる"",""ふ.ける""]",老,늙을 로,125,6,kanjidic2,https://www.edrdg.org/kanjidic/kanjidic2.xml.gz,CC BY-SA 4.0,auto,1,Auto draft: KANJIDIC2 readings/radical; Korean meaning draft derived from local Korean word gloss or curated KANJIDIC English fallback.
六,"[""여섯""]","[""six""]","[""ロク"",""リク""]","[""む"",""む.つ"",""むっ.つ"",""むい""]",八,여덟 팔,12,4,kanjidic2,https://www.edrdg.org/kanjidic/kanjidic2.xml.gz,CC BY-SA 4.0,auto,2,Auto draft: KANJIDIC2 readings/radical; Korean meaning draft derived from local Korean word gloss or curated KANJIDIC English fallback.
麓,"[""산기슭""]","[""foot of a mountain""]","[""ロク""]","[""ふもと""]",鹿,사슴 록,198,19,kanjidic2,https://www.edrdg.org/kanjidic/kanjidic2.xml.gz,CC BY-SA 4.0,auto,1,Auto draft: KANJIDIC2 readings/radical; Korean meaning draft derived from local Korean word gloss or curated KANJIDIC English fallback.
録,"[""기록""]","[""record""]","[""ロク""]","[""しる.す"",""と.る""]",金,쇠 금,167,16,kanjidic2,https://www.edrdg.org/kanjidic/kanjidic2.xml.gz,CC BY-SA 4.0,auto,1,Auto draft: KANJIDIC2 readings/radical; Korean meaning draft derived from local Korean word gloss or curated KANJIDIC English fallback.
論,"[""논하다"",""토론하다""]","[""argument"",""discourse""]","[""ロン""]","[""あげつら.う""]",言,말씀 언,149,15,kanjidic2,https://www.edrdg.org/kanjidic/kanjidic2.xml.gz,CC BY-SA 4.0,auto,1,Auto draft: KANJIDIC2 readings/radical; Korean meaning draft derived from local Korean word gloss or curated KANJIDIC English fallback.
和,"[""화기애애함"",""부드러움""]","[""harmony"",""Japanese style"",""peace"",""soften"",""Japan""]","[""ワ"",""オ"",""カ""]","[""やわ.らぐ"",""やわ.らげる"",""なご.む"",""なご.やか"",""あ.える""]",口,입 구,30,8,kanjidic2,https://www.edrdg.org/kanjidic/kanjidic2.xml.gz,CC BY-SA 4.0,auto,1,Auto draft: KANJIDIC2 readings/radical; Korean meaning draft derived from local Korean word gloss or curated KANJIDIC English fallback.
話,"[""이야기하다""]","[""tale"",""talk""]","[""ワ""]","[""はな.す"",""はなし""]",言,말씀 언,149,13,kanjidic2,https://www.edrdg.org/kanjidic/kanjidic2.xml.gz,CC BY-SA 4.0,auto,1,Auto draft: KANJIDIC2 readings/radical; Korean meaning draft derived from local Korean word gloss or curated KANJIDIC English fallback.
歪,"[""일그러지다"",""뒤틀리다""]","[""warp"",""bend"",""strained"",""distort""]","[""ワイ"",""エ""]","[""いが.む"",""いびつ"",""ひず.む"",""ゆが.む""]",止,그칠 지,77,9,kanjidic2,https://www.edrdg.org/kanjidic/kanjidic2.xml.gz,CC BY-SA 4.0,auto,2,Auto draft: KANJIDIC2 readings/radical; Korean meaning draft derived from local Korean word gloss or curated KANJIDIC English fallback.
賄,"[""조달하다"",""공급하다"",""식사를 제공하다"",""뇌물을 주다""]","[""bribe"",""board"",""supply"",""finance""]","[""ワイ""]","[""まかな.う""]",貝,조개 패,154,13,kanjidic2,https://www.edrdg.org/kanjidic/kanjidic2.xml.gz,CC BY-SA 4.0,verified,10,Human-reviewed 2026-08-22: KANJIDIC English + JLPT usage cross-check; semantic-review draft confirmed.
惑,"[""현혹시키다"",""유혹하다""]","[""beguile"",""delusion"",""perplexity""]","[""ワク""]","[""まど.う""]",心,마음 심,61,12,kanjidic2,https://www.edrdg.org/kanjidic/kanjidic2.xml.gz,CC BY-SA 4.0,auto,1,Auto draft: KANJIDIC2 readings/radical; Korean meaning draft derived from local Korean word gloss or curated KANJIDIC English fallback.
枠,"[""틀"",""테두리""]","[""frame"",""framework"",""spindle"",""spool"",""bounding-box"",""(kokuji)""]",[],"[""わく""]",木,나무 목,75,8,kanjidic2,https://www.edrdg.org/kanjidic/kanjidic2.xml.gz,CC BY-SA 4.0,auto,2,Auto draft: KANJIDIC2 readings/radical; Korean meaning draft derived from local Korean word gloss or curated KANJIDIC English fallback.
詫,"[""사과"",""사죄""]","[""apologize""]","[""タ""]","[""わび"",""わび.しい"",""かこつ"",""わ.びる"",""わび.る""]",言,말씀 언,149,13,kanjidic2,https://www.edrdg.org/kanjidic/kanjidic2.xml.gz,CC BY-SA 4.0,auto,1,Auto draft: KANJIDIC2 readings/radical; Korean meaning draft derived from local Korean word gloss or curated KANJIDIC English fallback.
藁,"[""짚""]","[""straw""]","[""コウ""]","[""わら""]",艸,풀 초,140,17,kanjidic2,https://www.edrdg.org/kanjidic/kanjidic2.xml.gz,CC BY-SA 4.0,auto,1,Auto draft: KANJIDIC2 readings/radical; Korean meaning draft derived from local Korean word gloss or curated KANJIDIC English fallback.
湾,"[""만""]","[""gulf"",""bay"",""inlet""]","[""ワン""]","[""いりえ""]",水,물 수,85,12,kanjidic2,https://www.edrdg.org/kanjidic/kanjidic2.xml.gz,CC BY-SA 4.0,auto,1,Auto draft: KANJIDIC2 readings/radical; Korean meaning draft derived from local Korean word gloss or curated KANJIDIC English fallback.
腕,"[""팔""]","[""arm"",""ability"",""talent""]","[""ワン""]","[""うで""]",肉,고기 육,130,12,kanjidic2,https://www.edrdg.org/kanjidic/kanjidic2.xml.gz,CC BY-SA 4.0,auto,1,Auto draft: KANJIDIC2 readings/radical; Korean meaning draft derived from local Korean word gloss or curated KANJIDIC English fallback.
丼,"[""덮밥 그릇"",""덮밥""]","[""bowl"",""bowl of food""]","[""トン"",""タン"",""ショウ"",""セイ""]","[""どんぶり""]",丶,점 주,3,5,kanjidic2,https://www.edrdg.org/kanjidic/kanjidic2.xml.gz,CC BY-SA 4.0,auto,1,Auto draft: KANJIDIC2 readings/radical; Korean meaning draft derived from local Korean word gloss or curated KANJIDIC English fallback.
呟,"[""중얼거리다""]","[""mutter"",""grumble"",""murmur""]","[""ゲン""]","[""つぶや.く""]",口,입 구,30,8,kanjidic2,https://www.edrdg.org/kanjidic/kanjidic2.xml.gz,CC BY-SA 4.0,verified,10,Human-reviewed 2026-08-22: KANJIDIC English + JLPT usage cross-check; semantic-review draft confirmed.
咄,"[""꾸짖다"",""놀람의 소리""]","[""exclamation of surprise"",""cry out (in anger)"",""scold"",""talk"",""chat""]","[""トツ""]","[""はなし"",""しか.る""]",口,입 구,30,8,kanjidic2,https://www.edrdg.org/kanjidic/kanjidic2.xml.gz,CC BY-SA 4.0,auto,2,Auto draft: KANJIDIC2 readings/radical; Korean meaning draft derived from local Korean word gloss or curated KANJIDIC English fallback.
咥,"[""입에 물다""]","[""laugh"",""chew"",""eat""]","[""テツ"",""キ""]","[""か.む"",""くわ.える""]",口,입 구,30,9,kanjidic2,https://www.edrdg.org/kanjidic/kanjidic2.xml.gz,CC BY-SA 4.0,auto,2,Auto draft: KANJIDIC2 readings/radical; Korean meaning draft derived from local Korean word gloss or curated KANJIDIC English fallback.
唸,"[""신음하다""]","[""groan"",""roar""]","[""テン""]","[""うな.る"",""うなり""]",口,입 구,30,11,kanjidic2,https://www.edrdg.org/kanjidic/kanjidic2.xml.gz,CC BY-SA 4.0,auto,2,Auto draft: KANJIDIC2 readings/radical; Korean meaning draft derived from local Korean word gloss or curated KANJIDIC English fallback.
嗟,"[""탄식하다"",""한숨 쉬다""]","[""lament"",""grieve"",""sigh"",""alas"",""ah""]","[""サ"",""シャ""]","[""あ"",""ああ"",""なげ.く""]",口,입 구,30,13,kanjidic2,https://www.edrdg.org/kanjidic/kanjidic2.xml.gz,CC BY-SA 4.0,auto,2,Auto draft: KANJIDIC2 readings/radical; Korean meaning draft derived from local Korean word gloss or curated KANJIDIC English fallback.
嗜,"[""즐기다"",""취향""]","[""like"",""taste"",""modest""]","[""シ""]","[""たしな.む"",""たしな.み"",""この.む"",""この.み""]",口,입 구,30,13,kanjidic2,https://www.edrdg.org/kanjidic/kanjidic2.xml.gz,CC BY-SA 4.0,auto,1,Auto draft: KANJIDIC2 readings/radical; Korean meaning draft derived from local Korean word gloss or curated KANJIDIC English fallback.
囁,"[""속삭이다""]","[""whisper"",""murmur""]","[""ショウ""]","[""ささや.く""]",口,입 구,30,21,kanjidic2,https://www.edrdg.org/kanjidic/kanjidic2.xml.gz,CC BY-SA 4.0,verified,10,Human-reviewed 2026-08-22: KANJIDIC English + JLPT usage cross-check; semantic-review draft confirmed.
埃,"[""먼지""]","[""dust""]","[""アイ""]","[""ほこり"",""ちり""]",土,흙 토,32,10,kanjidic2,https://www.edrdg.org/kanjidic/kanjidic2.xml.gz,CC BY-SA 4.0,auto,2,Auto draft: KANJIDIC2 readings/radical; Korean meaning draft derived from local Korean word gloss or curated KANJIDIC English fallback.
夥,"[""엄청나다"",""수량이 매우 많다""]","[""immense"",""tremendous""]","[""カ"",""ワ""]","[""おびただ.しい""]",夕,저녁 석,36,14,kanjidic2,https://www.edrdg.org/kanjidic/kanjidic2.xml.gz,CC BY-SA 4.0,auto,2,Auto draft: KANJIDIC2 readings/radical; Korean meaning draft derived from local Korean word gloss or curated KANJIDIC English fallback.
奢,"[""사치하다"",""한턱내다""]","[""extravagance"",""luxury""]","[""シャ""]","[""おご.る"",""おご.り""]",大,큰 대,37,12,kanjidic2,https://www.edrdg.org/kanjidic/kanjidic2.xml.gz,CC BY-SA 4.0,auto,2,Auto draft: KANJIDIC2 readings/radical; Korean meaning draft derived from local Korean word gloss or curated KANJIDIC English fallback.
婉,"[""우아함""]","[""graceful""]","[""エン""]","[""うつく.しい"",""したが.う""]",女,계집 녀,38,11,kanjidic2,https://www.edrdg.org/kanjidic/kanjidic2.xml.gz,CC BY-SA 4.0,auto,1,Auto draft: KANJIDIC2 readings/radical; Korean meaning draft derived from local Korean word gloss or curated KANJIDIC English fallback.
彙,"[""같은 종류"",""모으다""]","[""same kind"",""collect"",""classify"",""category"",""hedgehog""]","[""イ""]","[""はりねずみ""]",彐,터진가로 왈,58,13,kanjidic2,https://www.edrdg.org/kanjidic/kanjidic2.xml.gz,CC BY-SA 4.0,auto,1,Auto draft: KANJIDIC2 readings/radical; Korean meaning draft derived from local Korean word gloss or curated KANJIDIC English fallback.
拗,"[""꼬이다"",""비뚤어지다""]","[""crooked"",""twisted"",""distorted"",""perverted"",""cross""]","[""オウ"",""ヨウ"",""イク"",""ユウ""]","[""ねじ.れる"",""こじ.れる"",""す.ねる"",""ねじ.ける""]",手,손 수,64,8,kanjidic2,https://www.edrdg.org/kanjidic/kanjidic2.xml.gz,CC BY-SA 4.0,auto,2,Manual format normalization 2026-08-18: 번호·쉼표로 분리된 단어 문맥을 한자 기본 의미로 정리.
拵,"[""만들다"",""제조하다""]","[""make"",""prepare"",""arrange""]","[""ソン""]","[""こしら.える""]",手,손 수,64,9,kanjidic2,https://www.edrdg.org/kanjidic/kanjidic2.xml.gz,CC BY-SA 4.0,auto,2,Auto draft: KANJIDIC2 readings/radical; Korean meaning draft derived from local Korean word gloss or curated KANJIDIC English fallback.
揉,"[""주무르다"",""비비다""]","[""rub"",""massage"",""shampoo"",""debate vigorously"",""train"",""coach"",""worry"",""get in trouble""]","[""ジュウ""]","[""も.む"",""も.める""]",手,손 수,64,12,kanjidic2,https://www.edrdg.org/kanjidic/kanjidic2.xml.gz,CC BY-SA 4.0,auto,1,Auto draft: KANJIDIC2 readings/radical; Korean meaning draft derived from local Korean word gloss or curated KANJIDIC English fallback.
暈,"[""흐리다"",""현기증""]","[""halo"",""corona"",""fade""]","[""ウン""]","[""ぼか.す"",""ぼけ.る"",""かさ"",""くま"",""ぼかし"",""めまい""]",日,날 일,72,13,kanjidic2,https://www.edrdg.org/kanjidic/kanjidic2.xml.gz,CC BY-SA 4.0,verified,2,Human-reviewed 2026-08-19: KANJIDIC meanings and linked release vocabulary cross-checked.
曖,"[""흐릿하다"",""불분명하다""]","[""dark"",""not clear""]","[""アイ""]","[""くら.い""]",日,날 일,72,17,kanjidic2,https://www.edrdg.org/kanjidic/kanjidic2.xml.gz,CC BY-SA 4.0,auto,2,Auto draft: KANJIDIC2 readings/radical; Korean meaning draft derived from local Korean word gloss or curated KANJIDIC English fallback.
椒,"[""산초"",""후추나무""]","[""Japanese pepper tree""]","[""ショウ""]","[""はじかみ""]",木,나무 목,75,12,kanjidic2,https://www.edrdg.org/kanjidic/kanjidic2.xml.gz,CC BY-SA 4.0,auto,2,Auto draft: KANJIDIC2 readings/radical; Korean meaning draft derived from local Korean word gloss or curated KANJIDIC English fallback.
檻,"[""우리"",""감옥""]","[""pen"",""corral"",""cell"",""jail""]","[""カン""]","[""おり"",""おばしま"",""てすり""]",木,나무 목,75,19,kanjidic2,https://www.edrdg.org/kanjidic/kanjidic2.xml.gz,CC BY-SA 4.0,auto,1,Auto draft: KANJIDIC2 readings/radical; Korean meaning draft derived from local Korean word gloss or curated KANJIDIC English fallback.
鬱,"[""우울"",""울창함""]","[""gloom"",""depression"",""melancholy"",""luxuriant""]","[""ウツ""]","[""うっ.する"",""ふさ.ぐ"",""しげ.る""]",鬯,술 창,192,29,kanjidic2,https://www.edrdg.org/kanjidic/kanjidic2.xml.gz,CC BY-SA 4.0,auto,1,Auto draft: KANJIDIC2 readings/radical; Korean meaning draft derived from local Korean word gloss or curated KANJIDIC English fallback.
毟,"[""쥐어뜯다"",""잡아 뽑다""]","[""pluck"",""pick"",""tear"",""(kokuji)""]",[],"[""むし.る""]",毛,터럭 모,82,8,kanjidic2,https://www.edrdg.org/kanjidic/kanjidic2.xml.gz,CC BY-SA 4.0,auto,2,Auto draft: KANJIDIC2 readings/radical; Korean meaning draft derived from local Korean word gloss or curated KANJIDIC English fallback.
洒,"[""씻다"",""뿌리다""]","[""wash"",""sprinkle""]","[""シャ"",""ソン"",""サイ"",""セン"",""セイ""]","[""すす.ぐ"",""あら.う""]",水,물 수,85,9,kanjidic2,https://www.edrdg.org/kanjidic/kanjidic2.xml.gz,CC BY-SA 4.0,auto,1,Auto draft: KANJIDIC2 readings/radical; Korean meaning draft derived from local Korean word gloss or curated KANJIDIC English fallback.
漑,"[""물을 대다""]","[""pour""]","[""ガイ"",""カイ""]","[""そそ.ぐ""]",水,물 수,85,15,kanjidic2,https://www.edrdg.org/kanjidic/kanjidic2.xml.gz,CC BY-SA 4.0,auto,2,Auto draft: KANJIDIC2 readings/radical; Korean meaning draft derived from local Korean word gloss or curated KANJIDIC English fallback.
灌,"[""물을 붓다""]","[""pour""]","[""カン""]","[""そそ.ぐ""]",水,물 수,85,20,kanjidic2,https://www.edrdg.org/kanjidic/kanjidic2.xml.gz,CC BY-SA 4.0,auto,2,Auto draft: KANJIDIC2 readings/radical; Korean meaning draft derived from local Korean word gloss or curated KANJIDIC English fallback.
滲,"[""번지다"",""스미다""]","[""imbued with""]","[""シン""]","[""し.みる"",""にじ.む""]",水,물 수,85,14,kanjidic2,https://www.edrdg.org/kanjidic/kanjidic2.xml.gz,CC BY-SA 4.0,auto,2,Manual format normalization 2026-08-18: 중복 뜻 제거.
炒,"[""재료를 불에 볶다""]","[""broil"",""parch"",""roast"",""fry""]","[""ソウ"",""ショウ""]","[""い.る"",""いた.める""]",火,불 화,86,8,kanjidic2,https://www.edrdg.org/kanjidic/kanjidic2.xml.gz,CC BY-SA 4.0,auto,1,Auto draft: KANJIDIC2 readings/radical; Korean meaning draft derived from local Korean word gloss or curated KANJIDIC English fallback.
炬,"[""횃불"",""화톳불""]","[""torch"",""signal fire""]","[""コ"",""キョ""]",[],火,불 화,86,9,kanjidic2,https://www.edrdg.org/kanjidic/kanjidic2.xml.gz,CC BY-SA 4.0,auto,2,Auto draft: KANJIDIC2 readings/radical; Korean meaning draft derived from local Korean word gloss or curated KANJIDIC English fallback.
煌,"[""환한"",""밝은""]","[""glitter"",""gleam"",""twinkle""]","[""コウ""]","[""きらめ.く"",""きら.めく"",""かがや.く""]",火,불 화,86,13,kanjidic2,https://www.edrdg.org/kanjidic/kanjidic2.xml.gz,CC BY-SA 4.0,auto,1,Auto draft: KANJIDIC2 readings/radical; Korean meaning draft derived from local Korean word gloss or curated KANJIDIC English fallback.
燵,"[""난방 기구"",""고타쓰에 쓰이는 글자""]","[""foot warmer"",""(kokuji)""]","[""タツ""]",[],火,불 화,86,17,kanjidic2,https://www.edrdg.org/kanjidic/kanjidic2.xml.gz,CC BY-SA 4.0,auto,2,Auto draft: KANJIDIC2 readings/radical; Korean meaning draft derived from local Korean word gloss or curated KANJIDIC English fallback.
璧,"[""구슬"",""옥""]","[""sphere"",""ball""]","[""ヘキ""]","[""たま""]",玉,구슬 옥,96,18,kanjidic2,https://www.edrdg.org/kanjidic/kanjidic2.xml.gz,CC BY-SA 4.0,auto,2,Auto draft: KANJIDIC2 readings/radical; Korean meaning draft derived from local Korean word gloss or curated KANJIDIC English fallback.
痺,"[""마비"",""저리다""]","[""palsy"",""become numb"",""paralysed""]","[""ヒ""]","[""しび.れる""]",疒,병질안 역,104,13,kanjidic2,https://www.edrdg.org/kanjidic/kanjidic2.xml.gz,CC BY-SA 4.0,auto,1,Auto draft: KANJIDIC2 readings/radical; Korean meaning draft derived from local Korean word gloss or curated KANJIDIC English fallback.
眩,"[""눈부시다""]","[""faint"",""dizzy""]","[""ゲン"",""カン""]","[""げん.す"",""くるめ.く"",""まぶ.しい"",""くら.む"",""まど.う"",""めま.い"",""まばゆ.い"",""くれ.る"",""ま.う""]",目,눈 목,109,10,kanjidic2,https://www.edrdg.org/kanjidic/kanjidic2.xml.gz,CC BY-SA 4.0,auto,2,Auto draft: KANJIDIC2 readings/radical; Korean meaning draft derived from local Korean word gloss or curated KANJIDIC English fallback.
睨,"[""노려보다"",""주시하다""]","[""glaring at"",""authority"",""power"",""scowl at""]","[""ゲイ""]","[""にら.む"",""にら.み""]",目,눈 목,109,13,kanjidic2,https://www.edrdg.org/kanjidic/kanjidic2.xml.gz,CC BY-SA 4.0,auto,1,Auto draft: KANJIDIC2 readings/radical; Korean meaning draft derived from local Korean word gloss or curated KANJIDIC English fallback.
箋,"[""쪽지"",""편지지""]","[""paper"",""label"",""letter"",""composition""]","[""セン""]","[""ふだ""]",竹,대 죽,118,14,kanjidic2,https://www.edrdg.org/kanjidic/kanjidic2.xml.gz,CC BY-SA 4.0,auto,1,Auto draft: KANJIDIC2 readings/radical; Korean meaning draft derived from local Korean word gloss or curated KANJIDIC English fallback.
箒,"[""빗자루""]","[""broom""]","[""ソウ"",""シュウ""]","[""ほうき""]",竹,대 죽,118,14,kanjidic2,https://www.edrdg.org/kanjidic/kanjidic2.xml.gz,CC BY-SA 4.0,auto,1,Auto draft: KANJIDIC2 readings/radical; Korean meaning draft derived from local Korean word gloss or curated KANJIDIC English fallback.
籠,"[""틀어박히다"",""가득 차다""]","[""basket"",""devote oneself"",""seclude oneself"",""cage"",""coop"",""implied""]","[""ロウ"",""ル""]","[""かご"",""こ.める"",""こも.る"",""こ.む""]",竹,대 죽,118,22,kanjidic2,https://www.edrdg.org/kanjidic/kanjidic2.xml.gz,CC BY-SA 4.0,auto,1,Auto draft: KANJIDIC2 readings/radical; Korean meaning draft derived from local Korean word gloss or curated KANJIDIC English fallback.
綺,"[""아름답다"",""무늬 있는 비단""]","[""figured cloth"",""beautiful""]","[""キ""]","[""あや""]",糸,실 사,120,14,kanjidic2,https://www.edrdg.org/kanjidic/kanjidic2.xml.gz,CC BY-SA 4.0,auto,2,Auto draft: KANJIDIC2 readings/radical; Korean meaning draft derived from local Korean word gloss or curated KANJIDIC English fallback.
舐,"[""핥다"",""깔보다""]","[""lick"",""lap up"",""burn up"",""taste"",""undergo"",""underrate"",""despise""]","[""シ""]","[""ねぶ.る"",""な.める""]",舌,혀 설,135,10,kanjidic2,https://www.edrdg.org/kanjidic/kanjidic2.xml.gz,CC BY-SA 4.0,auto,2,Auto draft: KANJIDIC2 readings/radical; Korean meaning draft derived from local Korean word gloss or curated KANJIDIC English fallback.
茹,"[""삶다""]","[""boil"",""seethe""]","[""ジョ"",""ニョ""]","[""ゆ.でる"",""う.でる""]",艸,풀 초,140,9,kanjidic2,https://www.edrdg.org/kanjidic/kanjidic2.xml.gz,CC BY-SA 4.0,auto,2,Auto draft: KANJIDIC2 readings/radical; Korean meaning draft derived from local Korean word gloss or curated KANJIDIC English fallback.
蕾,"[""꽃봉오리""]","[""bud (plants, mushrooms not yet opened)""]","[""ライ""]","[""つぼみ""]",艸,풀 초,140,16,kanjidic2,https://www.edrdg.org/kanjidic/kanjidic2.xml.gz,CC BY-SA 4.0,auto,1,Auto draft: KANJIDIC2 readings/radical; Korean meaning draft derived from local Korean word gloss or curated KANJIDIC English fallback.
誂,"[""주문하다"",""맞추다""]","[""order""]","[""チョウ""]","[""あつら.える"",""いど.む""]",言,말씀 언,149,13,kanjidic2,https://www.edrdg.org/kanjidic/kanjidic2.xml.gz,CC BY-SA 4.0,auto,2,Auto draft: KANJIDIC2 readings/radical; Korean meaning draft derived from local Korean word gloss or curated KANJIDIC English fallback.
貶,"[""비난하다"",""깎아내리다""]","[""degrade"",""disparage"",""belittle"",""demote""]","[""ヘン""]","[""けな.す"",""おとし.める"",""おと.す""]",貝,조개 패,154,11,kanjidic2,https://www.edrdg.org/kanjidic/kanjidic2.xml.gz,CC BY-SA 4.0,auto,2,Auto draft: KANJIDIC2 readings/radical; Korean meaning draft derived from local Korean word gloss or curated KANJIDIC English fallback.
贅,"[""사치""]","[""luxury""]","[""ゼイ"",""セイ""]","[""いぼ""]",貝,조개 패,154,18,kanjidic2,https://www.edrdg.org/kanjidic/kanjidic2.xml.gz,CC BY-SA 4.0,auto,2,Auto draft: KANJIDIC2 readings/radical; Korean meaning draft derived from local Korean word gloss or curated KANJIDIC English fallback.
躇,"[""머뭇거리다"",""주저하다""]","[""hesitate""]","[""チョ"",""チャク""]","[""ためら.う""]",足,발 족,157,19,kanjidic2,https://www.edrdg.org/kanjidic/kanjidic2.xml.gz,CC BY-SA 4.0,auto,2,Auto draft: KANJIDIC2 readings/radical; Korean meaning draft derived from local Korean word gloss or curated KANJIDIC English fallback.
躊,"[""머뭇거리다"",""주저하다""]","[""hesitate""]","[""チュウ"",""チュ"",""シュウ"",""ジュ""]","[""ためら.う""]",足,발 족,157,21,kanjidic2,https://www.edrdg.org/kanjidic/kanjidic2.xml.gz,CC BY-SA 4.0,auto,2,Auto draft: KANJIDIC2 readings/radical; Korean meaning draft derived from local Korean word gloss or curated KANJIDIC English fallback.
躓,"[""발이 걸려 넘어지다""]","[""stumble""]","[""チ""]","[""つまず.く""]",足,발 족,157,22,kanjidic2,https://www.edrdg.org/kanjidic/kanjidic2.xml.gz,CC BY-SA 4.0,auto,1,Auto draft: KANJIDIC2 readings/radical; Korean meaning draft derived from local Korean word gloss or curated KANJIDIC English fallback.
遽,"[""갑자기"",""서두르다"",""당황하다""]","[""fear"",""agitation"",""confusion"",""hurry""]","[""キョ""]","[""あわ.てる"",""あわただ.しい"",""すみやか"",""にわか""]",辵,책받침 착,162,17,kanjidic2,https://www.edrdg.org/kanjidic/kanjidic2.xml.gz,CC BY-SA 4.0,auto,2,Auto draft: KANJIDIC2 readings/radical; Korean meaning draft derived from local Korean word gloss or curated KANJIDIC English fallback.
頷,"[""끄덕이다""]","[""nod approval""]","[""ガン"",""カン""]","[""うなず.く"",""あご""]",頁,머리 혈,181,16,kanjidic2,https://www.edrdg.org/kanjidic/kanjidic2.xml.gz,CC BY-SA 4.0,auto,2,Auto draft: KANJIDIC2 readings/radical; Korean meaning draft derived from local Korean word gloss or curated KANJIDIC English fallback.
饉,"[""기근"",""굶주림""]","[""hunger""]","[""キン""]","[""う.える""]",食,밥 식,184,20,kanjidic2,https://www.edrdg.org/kanjidic/kanjidic2.xml.gz,CC BY-SA 4.0,auto,1,Auto draft: KANJIDIC2 readings/radical; Korean meaning draft derived from local Korean word gloss or curated KANJIDIC English fallback.
騙,"[""속이다""]","[""deceive""]","[""ヘン""]","[""かた.る"",""だま.す""]",馬,말 마,187,19,kanjidic2,https://www.edrdg.org/kanjidic/kanjidic2.xml.gz,CC BY-SA 4.0,auto,1,Auto draft: KANJIDIC2 readings/radical; Korean meaning draft derived from local Korean word gloss or curated KANJIDIC English fallback.
